ANNO_ACCADEMICO;COD_ATENEO;NOME_ATENEO;CODICE_INTERVENTO;DESCRIZIONE_INTERVENTO;INTERVENTI_LAUREA;INTERVENTI_LAUREA_EXTRA_UE;INTERVENTI_DOTTORATO;INTERVENTI_SPECIALIZZAZIONE;INTERVENTI_MASTER
2023-2024;00101;Torino - Università degli studi;030   ;Borse di studio - N. borse di studio concesse con fondi dell'ATENEO/MIUR;235;6;0;0;1
2023-2024;00101;Torino - Università degli studi;061   ;Mobilità internazionale - N. iscritti nell'ateneo in mobilità internazionale (studenti in uscita);1884;97;43;1;0
2023-2024;00101;Torino - Università degli studi;061c  ;Mobilità internazionale - N. iscritti nell'ateneo in mobilità internazionale (studenti in uscita)- di cui studenti SENZA borsa;107;2;42;0;0
2023-2024;00101;Torino - Università degli studi;061m  ;Mobilità internazionale - N. iscritti nell'ateneo in mobilità internazionale (studenti in uscita)- di cui studenti in mobilità extraeuropea;108;6;10;0;0
2023-2024;00101;Torino - Università degli studi;061p  ;Mobilità internazionale - N. iscritti nell'ateneo in mobilità internazionale (studenti in uscita)- di cui dottorandi percettori di borsa che usufruiscono della maggiorazione del 50%;;;0;;
2023-2024;00101;Torino - Università degli studi;063   ;Mobilità internazionale - N. iscritti in atenei esteri in mobilità internazionale presso l'ateneo italiano (studenti in entrata);1300;312;0;0;0
2023-2024;00101;Torino - Università degli studi;063c  ;Mobilità internazionale - N. iscritti in atenei esteri in mobilità internazionale presso l'ateneo italiano (studenti in entrata) - di cui studenti con borsa dell'Ateneo italiano;0;0;0;0;0
2023-2024;00101;Torino - Università degli studi;064   ;Mobilità internazionale - N. iscritti in atenei esteri in mobilità internazionale presso l'ateneo italiano (studenti in entrata)- di cui studenti provenienti da Paesi extraeuropei;160;154;0;0;0
2023-2024;00101;Torino - Università degli studi;073   ;Interventi a favore di studenti in situazione di disabilità - N. contributi finanziari;20;0;0;N;0
2023-2024;00101;Torino - Università degli studi;074   ;Interventi a favore di studenti in situazione di disabilità - N. interventi non finanziari;1285;0;0;0;0
2023-2024;00101;Torino - Università degli studi;081   ;Attività di collaborazione a tempo parziale - N. collaborazioni;545;24;0;2;1
2023-2024;00101;Torino - Università degli studi;091   ;Posti alloggio e contributi-alloggio - N. domande posti alloggio;0;0;0;0;0
2023-2024;00101;Torino - Università degli studi;092   ;Posti alloggio e contributi-alloggio - N. posti alloggio assegnati;0;0;0;0;0
2023-2024;00101;Torino - Università degli studi;092c  ;Posti alloggio e contributi-alloggio - N. posti alloggio assegnati - di cui assegnati in strutture convenzionate o private;0;0;0;0;0
2023-2024;00101;Torino - Università degli studi;093   ;Posti alloggio e contributi-alloggio - N. domande contributi-alloggio;1145;70;16;7;2
2023-2024;00101;Torino - Università degli studi;094   ;Posti alloggio e contributi-alloggio - N. contributi-alloggio assegnati;620;47;2;2;2
2023-2024;00101;Torino - Università degli studi;101   ;Altri interventi di tipo finanziario - N. prestiti agevolati concessi da istituti di credito convenzionati;0;0;0;0;0
2023-2024;00101;Torino - Università degli studi;101a  ;Altri interventi di tipo finanziario - N. prestiti agevolati concessi da istituti di credito convenzionati - di cui con contributo in conto interesse e/o in conto capitale a carico dell'Ateneo;0;0;0;0;0
2023-2024;00101;Torino - Università degli studi;104   ;Altri interventi di tipo finanziario - N. altri sussidi erogati;5174;819;1;18;2
2023-2024;00101;Torino - Università degli studi;111a  ;Borse di studio post-lauream - N. borse finanziate con fondi MIUR;;;101;0;0
2023-2024;00101;Torino - Università degli studi;111b  ;Borse di studio post-lauream - N. borse finanziate da altri Ministeri;;;1;0;0
2023-2024;00101;Torino - Università degli studi;112   ;Borse di studio post-lauream - N. borse finanziate dall'Ateneo con fondi propri;;;418;0;0
2023-2024;00101;Torino - Università degli studi;113   ;Borse di studio post-lauream - N. borse finanziate mediante convenzione con altri Atenei;;;14;0;0
2023-2024;00101;Torino - Università degli studi;114   ;Borse di studio post-lauream - N. borse finanziate con fondi UE;;;386;0;0
2023-2024;00101;Torino - Università degli studi;115   ;Borse di studio post-lauream - N. borse finanziate mediante convenzione con altri enti pubblici;;;38;0;0
2023-2024;00101;Torino - Università degli studi;116   ;Borse di studio post-lauream - N. borse finanziate mediante convenzione con enti privati;;;101;0;0
2023-2024;00102;Torino - Politecnico;030   ;Borse di studio - N. borse di studio concesse con fondi dell'ATENEO/MIUR;0;0;0;0;0
2023-2024;00102;Torino - Politecnico;061   ;Mobilità internazionale - N. iscritti nell'ateneo in mobilità internazionale (studenti in uscita);938;37;915;0;0
2023-2024;00102;Torino - Politecnico;061c  ;Mobilità internazionale - N. iscritti nell'ateneo in mobilità internazionale (studenti in uscita)- di cui studenti SENZA borsa;273;17;915;0;0
2023-2024;00102;Torino - Politecnico;061m  ;Mobilità internazionale - N. iscritti nell'ateneo in mobilità internazionale (studenti in uscita)- di cui studenti in mobilità extraeuropea;157;11;214;0;0
2023-2024;00102;Torino - Politecnico;061p  ;Mobilità internazionale - N. iscritti nell'ateneo in mobilità internazionale (studenti in uscita)- di cui dottorandi percettori di borsa che usufruiscono della maggiorazione del 50%;;;0;;
2023-2024;00102;Torino - Politecnico;063   ;Mobilità internazionale - N. iscritti in atenei esteri in mobilità internazionale presso l'ateneo italiano (studenti in entrata);1168;473;0;0;0
2023-2024;00102;Torino - Politecnico;063c  ;Mobilità internazionale - N. iscritti in atenei esteri in mobilità internazionale presso l'ateneo italiano (studenti in entrata) - di cui studenti con borsa dell'Ateneo italiano;50;50;0;0;0
2023-2024;00102;Torino - Politecnico;064   ;Mobilità internazionale - N. iscritti in atenei esteri in mobilità internazionale presso l'ateneo italiano (studenti in entrata)- di cui studenti provenienti da Paesi extraeuropei;0;0;0;0;0
2023-2024;00102;Torino - Politecnico;073   ;Interventi a favore di studenti in situazione di disabilità - N. contributi finanziari;0;0;0;0;0
2023-2024;00102;Torino - Politecnico;074   ;Interventi a favore di studenti in situazione di disabilità - N. interventi non finanziari;64;5;0;0;0
2023-2024;00102;Torino - Politecnico;081   ;Attività di collaborazione a tempo parziale - N. collaborazioni;0;0;0;0;0
2023-2024;00102;Torino - Politecnico;091   ;Posti alloggio e contributi-alloggio - N. domande posti alloggio;0;0;0;0;0
2023-2024;00102;Torino - Politecnico;092   ;Posti alloggio e contributi-alloggio - N. posti alloggio assegnati;0;0;0;0;0
2023-2024;00102;Torino - Politecnico;092c  ;Posti alloggio e contributi-alloggio - N. posti alloggio assegnati - di cui assegnati in strutture convenzionate o private;0;0;0;0;0
2023-2024;00102;Torino - Politecnico;093   ;Posti alloggio e contributi-alloggio - N. domande contributi-alloggio;1424;781;125;0;0
2023-2024;00102;Torino - Politecnico;094   ;Posti alloggio e contributi-alloggio - N. contributi-alloggio assegnati;0;0;0;0;0
2023-2024;00102;Torino - Politecnico;101   ;Altri interventi di tipo finanziario - N. prestiti agevolati concessi da istituti di credito convenzionati;0;0;0;0;0
2023-2024;00102;Torino - Politecnico;101a  ;Altri interventi di tipo finanziario - N. prestiti agevolati concessi da istituti di credito convenzionati - di cui con contributo in conto interesse e/o in conto capitale a carico dell'Ateneo;0;0;0;0;0
2023-2024;00102;Torino - Politecnico;104   ;Altri interventi di tipo finanziario - N. altri sussidi erogati;0;0;0;0;0
2023-2024;00102;Torino - Politecnico;111a  ;Borse di studio post-lauream - N. borse finanziate con fondi MIUR;;;228;0;0
2023-2024;00102;Torino - Politecnico;111b  ;Borse di studio post-lauream - N. borse finanziate da altri Ministeri;;;6,67;0;0
2023-2024;00102;Torino - Politecnico;112   ;Borse di studio post-lauream - N. borse finanziate dall'Ateneo con fondi propri;;;423,17;3;0
2023-2024;00102;Torino - Politecnico;113   ;Borse di studio post-lauream - N. borse finanziate mediante convenzione con altri Atenei;;;0;0;0
2023-2024;00102;Torino - Politecnico;114   ;Borse di studio post-lauream - N. borse finanziate con fondi UE;;;71,83;0;0
2023-2024;00102;Torino - Politecnico;115   ;Borse di studio post-lauream - N. borse finanziate mediante convenzione con altri enti pubblici;;;1,67;0;0
2023-2024;00102;Torino - Politecnico;116   ;Borse di studio post-lauream - N. borse finanziate mediante convenzione con enti privati;;;497,66;0;0
2023-2024;00201;"Vercelli - Università degli studi del Piemonte orientale ""A. Avogadro""";030   ;Borse di studio - N. borse di studio concesse con fondi dell'ATENEO/MIUR;168;7;80;0;0
2023-2024;00201;"Vercelli - Università degli studi del Piemonte orientale ""A. Avogadro""";061   ;Mobilità internazionale - N. iscritti nell'ateneo in mobilità internazionale (studenti in uscita);334;25;36;1;0
2023-2024;00201;"Vercelli - Università degli studi del Piemonte orientale ""A. Avogadro""";061c  ;Mobilità internazionale - N. iscritti nell'ateneo in mobilità internazionale (studenti in uscita)- di cui studenti SENZA borsa;10;0;0;1;0
2023-2024;00201;"Vercelli - Università degli studi del Piemonte orientale ""A. Avogadro""";061m  ;Mobilità internazionale - N. iscritti nell'ateneo in mobilità internazionale (studenti in uscita)- di cui studenti in mobilità extraeuropea;54;5;8;0;0
2023-2024;00201;"Vercelli - Università degli studi del Piemonte orientale ""A. Avogadro""";061p  ;Mobilità internazionale - N. iscritti nell'ateneo in mobilità internazionale (studenti in uscita)- di cui dottorandi percettori di borsa che usufruiscono della maggiorazione del 50%;;;35;;
2023-2024;00201;"Vercelli - Università degli studi del Piemonte orientale ""A. Avogadro""";063   ;Mobilità internazionale - N. iscritti in atenei esteri in mobilità internazionale presso l'ateneo italiano (studenti in entrata);23;3;0;0;0
2023-2024;00201;"Vercelli - Università degli studi del Piemonte orientale ""A. Avogadro""";063c  ;Mobilità internazionale - N. iscritti in atenei esteri in mobilità internazionale presso l'ateneo italiano (studenti in entrata) - di cui studenti con borsa dell'Ateneo italiano;0;0;0;0;0
2023-2024;00201;"Vercelli - Università degli studi del Piemonte orientale ""A. Avogadro""";064   ;Mobilità internazionale - N. iscritti in atenei esteri in mobilità internazionale presso l'ateneo italiano (studenti in entrata)- di cui studenti provenienti da Paesi extraeuropei;0;0;0;0;0
2023-2024;00201;"Vercelli - Università degli studi del Piemonte orientale ""A. Avogadro""";073   ;Interventi a favore di studenti in situazione di disabilità - N. contributi finanziari;0;0;0;0;0
2023-2024;00201;"Vercelli - Università degli studi del Piemonte orientale ""A. Avogadro""";074   ;Interventi a favore di studenti in situazione di disabilità - N. interventi non finanziari;0;0;0;0;0
2023-2024;00201;"Vercelli - Università degli studi del Piemonte orientale ""A. Avogadro""";081   ;Attività di collaborazione a tempo parziale - N. collaborazioni;237;25;0;0;0
2023-2024;00201;"Vercelli - Università degli studi del Piemonte orientale ""A. Avogadro""";091   ;Posti alloggio e contributi-alloggio - N. domande posti alloggio;0;0;0;0;0
2023-2024;00201;"Vercelli - Università degli studi del Piemonte orientale ""A. Avogadro""";092   ;Posti alloggio e contributi-alloggio - N. posti alloggio assegnati;0;0;0;0;0
2023-2024;00201;"Vercelli - Università degli studi del Piemonte orientale ""A. Avogadro""";092c  ;Posti alloggio e contributi-alloggio - N. posti alloggio assegnati - di cui assegnati in strutture convenzionate o private;0;0;0;0;0
2023-2024;00201;"Vercelli - Università degli studi del Piemonte orientale ""A. Avogadro""";093   ;Posti alloggio e contributi-alloggio - N. domande contributi-alloggio;0;0;0;0;0
2023-2024;00201;"Vercelli - Università degli studi del Piemonte orientale ""A. Avogadro""";094   ;Posti alloggio e contributi-alloggio - N. contributi-alloggio assegnati;0;0;0;0;0
2023-2024;00201;"Vercelli - Università degli studi del Piemonte orientale ""A. Avogadro""";101   ;Altri interventi di tipo finanziario - N. prestiti agevolati concessi da istituti di credito convenzionati;0;0;0;0;0
2023-2024;00201;"Vercelli - Università degli studi del Piemonte orientale ""A. Avogadro""";101a  ;Altri interventi di tipo finanziario - N. prestiti agevolati concessi da istituti di credito convenzionati - di cui con contributo in conto interesse e/o in conto capitale a carico dell'Ateneo;0;0;0;0;0
2023-2024;00201;"Vercelli - Università degli studi del Piemonte orientale ""A. Avogadro""";104   ;Altri interventi di tipo finanziario - N. altri sussidi erogati;0;0;54;0;67
2023-2024;00201;"Vercelli - Università degli studi del Piemonte orientale ""A. Avogadro""";111a  ;Borse di studio post-lauream - N. borse finanziate con fondi MIUR;;;44;0;0
2023-2024;00201;"Vercelli - Università degli studi del Piemonte orientale ""A. Avogadro""";111b  ;Borse di studio post-lauream - N. borse finanziate da altri Ministeri;;;0;0;0
2023-2024;00201;"Vercelli - Università degli studi del Piemonte orientale ""A. Avogadro""";112   ;Borse di studio post-lauream - N. borse finanziate dall'Ateneo con fondi propri;;;24;0;0
2023-2024;00201;"Vercelli - Università degli studi del Piemonte orientale ""A. Avogadro""";113   ;Borse di studio post-lauream - N. borse finanziate mediante convenzione con altri Atenei;;;26;0;0
2023-2024;00201;"Vercelli - Università degli studi del Piemonte orientale ""A. Avogadro""";114   ;Borse di studio post-lauream - N. borse finanziate con fondi UE;;;68;0;0
2023-2024;00201;"Vercelli - Università degli studi del Piemonte orientale ""A. Avogadro""";115   ;Borse di studio post-lauream - N. borse finanziate mediante convenzione con altri enti pubblici;;;2;0;0
2023-2024;00201;"Vercelli - Università degli studi del Piemonte orientale ""A. Avogadro""";116   ;Borse di studio post-lauream - N. borse finanziate mediante convenzione con enti privati;;;52;0;0
2023-2024;00401;Bra (CN) - Università di Scienze Gastronomiche;030   ;Borse di studio - N. borse di studio concesse con fondi dell'ATENEO/MIUR;0;0;0;0;0
2023-2024;00401;Bra (CN) - Università di Scienze Gastronomiche;061   ;Mobilità internazionale - N. iscritti nell'ateneo in mobilità internazionale (studenti in uscita);0;0;0;0;0
2023-2024;00401;Bra (CN) - Università di Scienze Gastronomiche;061c  ;Mobilità internazionale - N. iscritti nell'ateneo in mobilità internazionale (studenti in uscita)- di cui studenti SENZA borsa;0;0;0;0;0
2023-2024;00401;Bra (CN) - Università di Scienze Gastronomiche;061m  ;Mobilità internazionale - N. iscritti nell'ateneo in mobilità internazionale (studenti in uscita)- di cui studenti in mobilità extraeuropea;0;0;0;0;0
2023-2024;00401;Bra (CN) - Università di Scienze Gastronomiche;061p  ;Mobilità internazionale - N. iscritti nell'ateneo in mobilità internazionale (studenti in uscita)- di cui dottorandi percettori di borsa che usufruiscono della maggiorazione del 50%;;;0;;
2023-2024;00401;Bra (CN) - Università di Scienze Gastronomiche;063   ;Mobilità internazionale - N. iscritti in atenei esteri in mobilità internazionale presso l'ateneo italiano (studenti in entrata);0;0;0;0;0
2023-2024;00401;Bra (CN) - Università di Scienze Gastronomiche;063c  ;Mobilità internazionale - N. iscritti in atenei esteri in mobilità internazionale presso l'ateneo italiano (studenti in entrata) - di cui studenti con borsa dell'Ateneo italiano;0;0;0;0;0
2023-2024;00401;Bra (CN) - Università di Scienze Gastronomiche;064   ;Mobilità internazionale - N. iscritti in atenei esteri in mobilità internazionale presso l'ateneo italiano (studenti in entrata)- di cui studenti provenienti da Paesi extraeuropei;0;0;0;0;0
2023-2024;00401;Bra (CN) - Università di Scienze Gastronomiche;073   ;Interventi a favore di studenti in situazione di disabilità - N. contributi finanziari;0;0;0;0;0
2023-2024;00401;Bra (CN) - Università di Scienze Gastronomiche;074   ;Interventi a favore di studenti in situazione di disabilità - N. interventi non finanziari;0;0;0;0;0
2023-2024;00401;Bra (CN) - Università di Scienze Gastronomiche;081   ;Attività di collaborazione a tempo parziale - N. collaborazioni;0;0;0;0;0
2023-2024;00401;Bra (CN) - Università di Scienze Gastronomiche;091   ;Posti alloggio e contributi-alloggio - N. domande posti alloggio;10;8;0;0;6
2023-2024;00401;Bra (CN) - Università di Scienze Gastronomiche;092   ;Posti alloggio e contributi-alloggio - N. posti alloggio assegnati;10;8;0;0;6
2023-2024;00401;Bra (CN) - Università di Scienze Gastronomiche;092c  ;Posti alloggio e contributi-alloggio - N. posti alloggio assegnati - di cui assegnati in strutture convenzionate o private;0;0;0;0;0
2023-2024;00401;Bra (CN) - Università di Scienze Gastronomiche;093   ;Posti alloggio e contributi-alloggio - N. domande contributi-alloggio;0;0;0;0;0
2023-2024;00401;Bra (CN) - Università di Scienze Gastronomiche;094   ;Posti alloggio e contributi-alloggio - N. contributi-alloggio assegnati;0;0;0;0;0
2023-2024;00401;Bra (CN) - Università di Scienze Gastronomiche;101   ;Altri interventi di tipo finanziario - N. prestiti agevolati concessi da istituti di credito convenzionati;0;0;0;0;0
2023-2024;00401;Bra (CN) - Università di Scienze Gastronomiche;101a  ;Altri interventi di tipo finanziario - N. prestiti agevolati concessi da istituti di credito convenzionati - di cui con contributo in conto interesse e/o in conto capitale a carico dell'Ateneo;0;0;0;0;0
2023-2024;00401;Bra (CN) - Università di Scienze Gastronomiche;104   ;Altri interventi di tipo finanziario - N. altri sussidi erogati;0;0;0;0;0
2023-2024;00401;Bra (CN) - Università di Scienze Gastronomiche;111a  ;Borse di studio post-lauream - N. borse finanziate con fondi MIUR;;;0;0;0
2023-2024;00401;Bra (CN) - Università di Scienze Gastronomiche;111b  ;Borse di studio post-lauream - N. borse finanziate da altri Ministeri;;;0;0;0
2023-2024;00401;Bra (CN) - Università di Scienze Gastronomiche;112   ;Borse di studio post-lauream - N. borse finanziate dall'Ateneo con fondi propri;;;4;0;0
2023-2024;00401;Bra (CN) - Università di Scienze Gastronomiche;113   ;Borse di studio post-lauream - N. borse finanziate mediante convenzione con altri Atenei;;;8;0;0
2023-2024;00401;Bra (CN) - Università di Scienze Gastronomiche;114   ;Borse di studio post-lauream - N. borse finanziate con fondi UE;;;0;0;0
2023-2024;00401;Bra (CN) - Università di Scienze Gastronomiche;115   ;Borse di studio post-lauream - N. borse finanziate mediante convenzione con altri enti pubblici;;;0;0;0
2023-2024;00401;Bra (CN) - Università di Scienze Gastronomiche;116   ;Borse di studio post-lauream - N. borse finanziate mediante convenzione con enti privati;;;0;0;0
2023-2024;00701;Aosta - Università degli studi;030   ;Borse di studio - N. borse di studio concesse con fondi dell'ATENEO/MIUR;9;0;0;0;0
2023-2024;00701;Aosta - Università degli studi;061   ;Mobilità internazionale - N. iscritti nell'ateneo in mobilità internazionale (studenti in uscita);139;7;0;0;0
2023-2024;00701;Aosta - Università degli studi;061c  ;Mobilità internazionale - N. iscritti nell'ateneo in mobilità internazionale (studenti in uscita)- di cui studenti SENZA borsa;62;4;0;0;0
2023-2024;00701;Aosta - Università degli studi;061m  ;Mobilità internazionale - N. iscritti nell'ateneo in mobilità internazionale (studenti in uscita)- di cui studenti in mobilità extraeuropea;16;0;0;0;0
2023-2024;00701;Aosta - Università degli studi;061p  ;Mobilità internazionale - N. iscritti nell'ateneo in mobilità internazionale (studenti in uscita)- di cui dottorandi percettori di borsa che usufruiscono della maggiorazione del 50%;;;0;;
2023-2024;00701;Aosta - Università degli studi;063   ;Mobilità internazionale - N. iscritti in atenei esteri in mobilità internazionale presso l'ateneo italiano (studenti in entrata);5;0;0;0;0
2023-2024;00701;Aosta - Università degli studi;063c  ;Mobilità internazionale - N. iscritti in atenei esteri in mobilità internazionale presso l'ateneo italiano (studenti in entrata) - di cui studenti con borsa dell'Ateneo italiano;0;0;0;0;0
2023-2024;00701;Aosta - Università degli studi;064   ;Mobilità internazionale - N. iscritti in atenei esteri in mobilità internazionale presso l'ateneo italiano (studenti in entrata)- di cui studenti provenienti da Paesi extraeuropei;0;0;0;0;0
2023-2024;00701;Aosta - Università degli studi;073   ;Interventi a favore di studenti in situazione di disabilità - N. contributi finanziari;0;0;0;0;0
2023-2024;00701;Aosta - Università degli studi;074   ;Interventi a favore di studenti in situazione di disabilità - N. interventi non finanziari;N;0;0;0;0
2023-2024;00701;Aosta - Università degli studi;081   ;Attività di collaborazione a tempo parziale - N. collaborazioni;26;0;0;0;0
2023-2024;00701;Aosta - Università degli studi;091   ;Posti alloggio e contributi-alloggio - N. domande posti alloggio;0;0;0;0;0
2023-2024;00701;Aosta - Università degli studi;092   ;Posti alloggio e contributi-alloggio - N. posti alloggio assegnati;0;0;0;0;0
2023-2024;00701;Aosta - Università degli studi;092c  ;Posti alloggio e contributi-alloggio - N. posti alloggio assegnati - di cui assegnati in strutture convenzionate o private;0;0;0;0;0
2023-2024;00701;Aosta - Università degli studi;093   ;Posti alloggio e contributi-alloggio - N. domande contributi-alloggio;0;0;0;0;0
2023-2024;00701;Aosta - Università degli studi;094   ;Posti alloggio e contributi-alloggio - N. contributi-alloggio assegnati;0;0;0;0;0
2023-2024;00701;Aosta - Università degli studi;101   ;Altri interventi di tipo finanziario - N. prestiti agevolati concessi da istituti di credito convenzionati;0;0;0;0;0
2023-2024;00701;Aosta - Università degli studi;101a  ;Altri interventi di tipo finanziario - N. prestiti agevolati concessi da istituti di credito convenzionati - di cui con contributo in conto interesse e/o in conto capitale a carico dell'Ateneo;0;0;0;0;0
2023-2024;00701;Aosta - Università degli studi;104   ;Altri interventi di tipo finanziario - N. altri sussidi erogati;0;0;0;0;0
2023-2024;00701;Aosta - Università degli studi;111a  ;Borse di studio post-lauream - N. borse finanziate con fondi MIUR;;;0;0;0
2023-2024;00701;Aosta - Università degli studi;111b  ;Borse di studio post-lauream - N. borse finanziate da altri Ministeri;;;0;0;0
2023-2024;00701;Aosta - Università degli studi;112   ;Borse di studio post-lauream - N. borse finanziate dall'Ateneo con fondi propri;;;0;0;0
2023-2024;00701;Aosta - Università degli studi;113   ;Borse di studio post-lauream - N. borse finanziate mediante convenzione con altri Atenei;;;0;0;0
2023-2024;00701;Aosta - Università degli studi;114   ;Borse di studio post-lauream - N. borse finanziate con fondi UE;;;0;0;0
2023-2024;00701;Aosta - Università degli studi;115   ;Borse di studio post-lauream - N. borse finanziate mediante convenzione con altri enti pubblici;;;0;0;0
2023-2024;00701;Aosta - Università degli studi;116   ;Borse di studio post-lauream - N. borse finanziate mediante convenzione con enti privati;;;0;0;0
2023-2024;01001;Genova - Università degli studi;030   ;Borse di studio - N. borse di studio concesse con fondi dell'ATENEO/MIUR;682;40;11;0;0
2023-2024;01001;Genova - Università degli studi;061   ;Mobilità internazionale - N. iscritti nell'ateneo in mobilità internazionale (studenti in uscita);738;99;212;3;0
2023-2024;01001;Genova - Università degli studi;061c  ;Mobilità internazionale - N. iscritti nell'ateneo in mobilità internazionale (studenti in uscita)- di cui studenti SENZA borsa;96;61;0;0;0
2023-2024;01001;Genova - Università degli studi;061m  ;Mobilità internazionale - N. iscritti nell'ateneo in mobilità internazionale (studenti in uscita)- di cui studenti in mobilità extraeuropea;53;15;39;0;0
2023-2024;01001;Genova - Università degli studi;061p  ;Mobilità internazionale - N. iscritti nell'ateneo in mobilità internazionale (studenti in uscita)- di cui dottorandi percettori di borsa che usufruiscono della maggiorazione del 50%;;;202;;
2023-2024;01001;Genova - Università degli studi;063   ;Mobilità internazionale - N. iscritti in atenei esteri in mobilità internazionale presso l'ateneo italiano (studenti in entrata);643;88;0;0;0
2023-2024;01001;Genova - Università degli studi;063c  ;Mobilità internazionale - N. iscritti in atenei esteri in mobilità internazionale presso l'ateneo italiano (studenti in entrata) - di cui studenti con borsa dell'Ateneo italiano;0;0;0;0;0
2023-2024;01001;Genova - Università degli studi;064   ;Mobilità internazionale - N. iscritti in atenei esteri in mobilità internazionale presso l'ateneo italiano (studenti in entrata)- di cui studenti provenienti da Paesi extraeuropei;49;46;0;0;0
2023-2024;01001;Genova - Università degli studi;073   ;Interventi a favore di studenti in situazione di disabilità - N. contributi finanziari;0;0;0;0;0
2023-2024;01001;Genova - Università degli studi;074   ;Interventi a favore di studenti in situazione di disabilità - N. interventi non finanziari;727;32;0;0;0
2023-2024;01001;Genova - Università degli studi;081   ;Attività di collaborazione a tempo parziale - N. collaborazioni;172;3;0;0;0
2023-2024;01001;Genova - Università degli studi;091   ;Posti alloggio e contributi-alloggio - N. domande posti alloggio;0;0;0;0;0
2023-2024;01001;Genova - Università degli studi;092   ;Posti alloggio e contributi-alloggio - N. posti alloggio assegnati;0;0;0;0;0
2023-2024;01001;Genova - Università degli studi;092c  ;Posti alloggio e contributi-alloggio - N. posti alloggio assegnati - di cui assegnati in strutture convenzionate o private;0;0;0;0;0
2023-2024;01001;Genova - Università degli studi;093   ;Posti alloggio e contributi-alloggio - N. domande contributi-alloggio;0;0;0;0;0
2023-2024;01001;Genova - Università degli studi;094   ;Posti alloggio e contributi-alloggio - N. contributi-alloggio assegnati;0;0;0;0;0
2023-2024;01001;Genova - Università degli studi;101   ;Altri interventi di tipo finanziario - N. prestiti agevolati concessi da istituti di credito convenzionati;0;0;0;0;0
2023-2024;01001;Genova - Università degli studi;101a  ;Altri interventi di tipo finanziario - N. prestiti agevolati concessi da istituti di credito convenzionati - di cui con contributo in conto interesse e/o in conto capitale a carico dell'Ateneo;0;0;0;0;0
2023-2024;01001;Genova - Università degli studi;104   ;Altri interventi di tipo finanziario - N. altri sussidi erogati;2809;12;17;0;0
2023-2024;01001;Genova - Università degli studi;111a  ;Borse di studio post-lauream - N. borse finanziate con fondi MIUR;;;503;0;0
2023-2024;01001;Genova - Università degli studi;111b  ;Borse di studio post-lauream - N. borse finanziate da altri Ministeri;;;0;0;0
2023-2024;01001;Genova - Università degli studi;112   ;Borse di studio post-lauream - N. borse finanziate dall'Ateneo con fondi propri;;;68;10;0
2023-2024;01001;Genova - Università degli studi;113   ;Borse di studio post-lauream - N. borse finanziate mediante convenzione con altri Atenei;;;27;0;0
2023-2024;01001;Genova - Università degli studi;114   ;Borse di studio post-lauream - N. borse finanziate con fondi UE;;;378;0;0
2023-2024;01001;Genova - Università degli studi;115   ;Borse di studio post-lauream - N. borse finanziate mediante convenzione con altri enti pubblici;;;0;3;5
2023-2024;01001;Genova - Università degli studi;116   ;Borse di studio post-lauream - N. borse finanziate mediante convenzione con enti privati;;;205;0;0
2023-2024;01201;"Castellanza - Università ""Carlo Cattaneo""";030   ;Borse di studio - N. borse di studio concesse con fondi dell'ATENEO/MIUR;86;1;0;0;0
2023-2024;01201;"Castellanza - Università ""Carlo Cattaneo""";061   ;Mobilità internazionale - N. iscritti nell'ateneo in mobilità internazionale (studenti in uscita);287;0;11;0;0
2023-2024;01201;"Castellanza - Università ""Carlo Cattaneo""";061c  ;Mobilità internazionale - N. iscritti nell'ateneo in mobilità internazionale (studenti in uscita)- di cui studenti SENZA borsa;46;0;11;0;0
2023-2024;01201;"Castellanza - Università ""Carlo Cattaneo""";061m  ;Mobilità internazionale - N. iscritti nell'ateneo in mobilità internazionale (studenti in uscita)- di cui studenti in mobilità extraeuropea;56;0;1;0;0
2023-2024;01201;"Castellanza - Università ""Carlo Cattaneo""";061p  ;Mobilità internazionale - N. iscritti nell'ateneo in mobilità internazionale (studenti in uscita)- di cui dottorandi percettori di borsa che usufruiscono della maggiorazione del 50%;;;0;;
2023-2024;01201;"Castellanza - Università ""Carlo Cattaneo""";063   ;Mobilità internazionale - N. iscritti in atenei esteri in mobilità internazionale presso l'ateneo italiano (studenti in entrata);276;95;0;0;0
2023-2024;01201;"Castellanza - Università ""Carlo Cattaneo""";063c  ;Mobilità internazionale - N. iscritti in atenei esteri in mobilità internazionale presso l'ateneo italiano (studenti in entrata) - di cui studenti con borsa dell'Ateneo italiano;0;0;0;0;0
2023-2024;01201;"Castellanza - Università ""Carlo Cattaneo""";064   ;Mobilità internazionale - N. iscritti in atenei esteri in mobilità internazionale presso l'ateneo italiano (studenti in entrata)- di cui studenti provenienti da Paesi extraeuropei;60;58;0;0;0
2023-2024;01201;"Castellanza - Università ""Carlo Cattaneo""";073   ;Interventi a favore di studenti in situazione di disabilità - N. contributi finanziari;0;0;0;0;0
2023-2024;01201;"Castellanza - Università ""Carlo Cattaneo""";074   ;Interventi a favore di studenti in situazione di disabilità - N. interventi non finanziari;0;0;0;0;0
2023-2024;01201;"Castellanza - Università ""Carlo Cattaneo""";081   ;Attività di collaborazione a tempo parziale - N. collaborazioni;40;1;0;0;0
2023-2024;01201;"Castellanza - Università ""Carlo Cattaneo""";091   ;Posti alloggio e contributi-alloggio - N. domande posti alloggio;251;2;0;0;0
2023-2024;01201;"Castellanza - Università ""Carlo Cattaneo""";092   ;Posti alloggio e contributi-alloggio - N. posti alloggio assegnati;251;2;0;0;0
2023-2024;01201;"Castellanza - Università ""Carlo Cattaneo""";092c  ;Posti alloggio e contributi-alloggio - N. posti alloggio assegnati - di cui assegnati in strutture convenzionate o private;251;2;0;0;0
2023-2024;01201;"Castellanza - Università ""Carlo Cattaneo""";093   ;Posti alloggio e contributi-alloggio - N. domande contributi-alloggio;0;0;0;0;0
2023-2024;01201;"Castellanza - Università ""Carlo Cattaneo""";094   ;Posti alloggio e contributi-alloggio - N. contributi-alloggio assegnati;0;0;0;0;0
2023-2024;01201;"Castellanza - Università ""Carlo Cattaneo""";101   ;Altri interventi di tipo finanziario - N. prestiti agevolati concessi da istituti di credito convenzionati;0;0;0;0;0
2023-2024;01201;"Castellanza - Università ""Carlo Cattaneo""";101a  ;Altri interventi di tipo finanziario - N. prestiti agevolati concessi da istituti di credito convenzionati - di cui con contributo in conto interesse e/o in conto capitale a carico dell'Ateneo;0;0;0;0;0
2023-2024;01201;"Castellanza - Università ""Carlo Cattaneo""";104   ;Altri interventi di tipo finanziario - N. altri sussidi erogati;98;0;0;0;0
2023-2024;01201;"Castellanza - Università ""Carlo Cattaneo""";111a  ;Borse di studio post-lauream - N. borse finanziate con fondi MIUR;;;6;0;0
2023-2024;01201;"Castellanza - Università ""Carlo Cattaneo""";111b  ;Borse di studio post-lauream - N. borse finanziate da altri Ministeri;;;0;0;0
2023-2024;01201;"Castellanza - Università ""Carlo Cattaneo""";112   ;Borse di studio post-lauream - N. borse finanziate dall'Ateneo con fondi propri;;;11;0;0
2023-2024;01201;"Castellanza - Università ""Carlo Cattaneo""";113   ;Borse di studio post-lauream - N. borse finanziate mediante convenzione con altri Atenei;;;0;0;0
2023-2024;01201;"Castellanza - Università ""Carlo Cattaneo""";114   ;Borse di studio post-lauream - N. borse finanziate con fondi UE;;;4,5;0;0
2023-2024;01201;"Castellanza - Università ""Carlo Cattaneo""";115   ;Borse di studio post-lauream - N. borse finanziate mediante convenzione con altri enti pubblici;;;0,5;0;0
2023-2024;01201;"Castellanza - Università ""Carlo Cattaneo""";116   ;Borse di studio post-lauream - N. borse finanziate mediante convenzione con enti privati;;;2;0;0
2023-2024;01202;Varese - Università dell' Insubria;030   ;Borse di studio - N. borse di studio concesse con fondi dell'ATENEO/MIUR;636;18;77;3;0
2023-2024;01202;Varese - Università dell' Insubria;061   ;Mobilità internazionale - N. iscritti nell'ateneo in mobilità internazionale (studenti in uscita);236;14;47;0;0
2023-2024;01202;Varese - Università dell' Insubria;061c  ;Mobilità internazionale - N. iscritti nell'ateneo in mobilità internazionale (studenti in uscita)- di cui studenti SENZA borsa;16;0;2;0;0
2023-2024;01202;Varese - Università dell' Insubria;061m  ;Mobilità internazionale - N. iscritti nell'ateneo in mobilità internazionale (studenti in uscita)- di cui studenti in mobilità extraeuropea;0;0;9;0;0
2023-2024;01202;Varese - Università dell' Insubria;061p  ;Mobilità internazionale - N. iscritti nell'ateneo in mobilità internazionale (studenti in uscita)- di cui dottorandi percettori di borsa che usufruiscono della maggiorazione del 50%;;;44;;
2023-2024;01202;Varese - Università dell' Insubria;063   ;Mobilità internazionale - N. iscritti in atenei esteri in mobilità internazionale presso l'ateneo italiano (studenti in entrata);156;16;0;0;0
2023-2024;01202;Varese - Università dell' Insubria;063c  ;Mobilità internazionale - N. iscritti in atenei esteri in mobilità internazionale presso l'ateneo italiano (studenti in entrata) - di cui studenti con borsa dell'Ateneo italiano;0;0;0;0;0
2023-2024;01202;Varese - Università dell' Insubria;064   ;Mobilità internazionale - N. iscritti in atenei esteri in mobilità internazionale presso l'ateneo italiano (studenti in entrata)- di cui studenti provenienti da Paesi extraeuropei;0;0;0;0;0
2023-2024;01202;Varese - Università dell' Insubria;073   ;Interventi a favore di studenti in situazione di disabilità - N. contributi finanziari;0;0;0;0;0
2023-2024;01202;Varese - Università dell' Insubria;074   ;Interventi a favore di studenti in situazione di disabilità - N. interventi non finanziari;30;0;0;0;0
2023-2024;01202;Varese - Università dell' Insubria;081   ;Attività di collaborazione a tempo parziale - N. collaborazioni;83;10;0;0;0
2023-2024;01202;Varese - Università dell' Insubria;091   ;Posti alloggio e contributi-alloggio - N. domande posti alloggio;529;220;21;1;0
2023-2024;01202;Varese - Università dell' Insubria;092   ;Posti alloggio e contributi-alloggio - N. posti alloggio assegnati;135;47;21;1;0
2023-2024;01202;Varese - Università dell' Insubria;092c  ;Posti alloggio e contributi-alloggio - N. posti alloggio assegnati - di cui assegnati in strutture convenzionate o private;0;0;0;0;0
2023-2024;01202;Varese - Università dell' Insubria;093   ;Posti alloggio e contributi-alloggio - N. domande contributi-alloggio;0;0;0;0;0
2023-2024;01202;Varese - Università dell' Insubria;094   ;Posti alloggio e contributi-alloggio - N. contributi-alloggio assegnati;0;0;0;0;0
2023-2024;01202;Varese - Università dell' Insubria;101   ;Altri interventi di tipo finanziario - N. prestiti agevolati concessi da istituti di credito convenzionati;0;0;0;0;0
2023-2024;01202;Varese - Università dell' Insubria;101a  ;Altri interventi di tipo finanziario - N. prestiti agevolati concessi da istituti di credito convenzionati - di cui con contributo in conto interesse e/o in conto capitale a carico dell'Ateneo;0;0;0;0;0
2023-2024;01202;Varese - Università dell' Insubria;104   ;Altri interventi di tipo finanziario - N. altri sussidi erogati;676;12;151;0;0
2023-2024;01202;Varese - Università dell' Insubria;111a  ;Borse di studio post-lauream - N. borse finanziate con fondi MIUR;;;26,5;0;0
2023-2024;01202;Varese - Università dell' Insubria;111b  ;Borse di studio post-lauream - N. borse finanziate da altri Ministeri;;;0;0;0
2023-2024;01202;Varese - Università dell' Insubria;112   ;Borse di studio post-lauream - N. borse finanziate dall'Ateneo con fondi propri;;;140;0;0
2023-2024;01202;Varese - Università dell' Insubria;113   ;Borse di studio post-lauream - N. borse finanziate mediante convenzione con altri Atenei;;;0;0;0
2023-2024;01202;Varese - Università dell' Insubria;114   ;Borse di studio post-lauream - N. borse finanziate con fondi UE;;;27;0;0
2023-2024;01202;Varese - Università dell' Insubria;115   ;Borse di studio post-lauream - N. borse finanziate mediante convenzione con altri enti pubblici;;;7;0;0
2023-2024;01202;Varese - Università dell' Insubria;116   ;Borse di studio post-lauream - N. borse finanziate mediante convenzione con enti privati;;;3,5;0;0
2023-2024;01301;"Novedrate (CO) - Università telematica ""e-Campus""";030   ;Borse di studio - N. borse di studio concesse con fondi dell'ATENEO/MIUR;0;0;0;0;0
2023-2024;01301;"Novedrate (CO) - Università telematica ""e-Campus""";061   ;Mobilità internazionale - N. iscritti nell'ateneo in mobilità internazionale (studenti in uscita);9;0;6;0;0
2023-2024;01301;"Novedrate (CO) - Università telematica ""e-Campus""";061c  ;Mobilità internazionale - N. iscritti nell'ateneo in mobilità internazionale (studenti in uscita)- di cui studenti SENZA borsa;9;0;6;0;0
2023-2024;01301;"Novedrate (CO) - Università telematica ""e-Campus""";061m  ;Mobilità internazionale - N. iscritti nell'ateneo in mobilità internazionale (studenti in uscita)- di cui studenti in mobilità extraeuropea;0;0;1;0;0
2023-2024;01301;"Novedrate (CO) - Università telematica ""e-Campus""";061p  ;Mobilità internazionale - N. iscritti nell'ateneo in mobilità internazionale (studenti in uscita)- di cui dottorandi percettori di borsa che usufruiscono della maggiorazione del 50%;;;0;;
2023-2024;01301;"Novedrate (CO) - Università telematica ""e-Campus""";063   ;Mobilità internazionale - N. iscritti in atenei esteri in mobilità internazionale presso l'ateneo italiano (studenti in entrata);0;0;9;0;0
2023-2024;01301;"Novedrate (CO) - Università telematica ""e-Campus""";063c  ;Mobilità internazionale - N. iscritti in atenei esteri in mobilità internazionale presso l'ateneo italiano (studenti in entrata) - di cui studenti con borsa dell'Ateneo italiano;0;0;0;0;0
2023-2024;01301;"Novedrate (CO) - Università telematica ""e-Campus""";064   ;Mobilità internazionale - N. iscritti in atenei esteri in mobilità internazionale presso l'ateneo italiano (studenti in entrata)- di cui studenti provenienti da Paesi extraeuropei;0;0;0;0;0
2023-2024;01301;"Novedrate (CO) - Università telematica ""e-Campus""";073   ;Interventi a favore di studenti in situazione di disabilità - N. contributi finanziari;0;0;0;0;0
2023-2024;01301;"Novedrate (CO) - Università telematica ""e-Campus""";074   ;Interventi a favore di studenti in situazione di disabilità - N. interventi non finanziari;0;0;0;0;0
2023-2024;01301;"Novedrate (CO) - Università telematica ""e-Campus""";081   ;Attività di collaborazione a tempo parziale - N. collaborazioni;0;0;0;0;0
2023-2024;01301;"Novedrate (CO) - Università telematica ""e-Campus""";091   ;Posti alloggio e contributi-alloggio - N. domande posti alloggio;0;0;0;0;0
2023-2024;01301;"Novedrate (CO) - Università telematica ""e-Campus""";092   ;Posti alloggio e contributi-alloggio - N. posti alloggio assegnati;0;0;0;0;0
2023-2024;01301;"Novedrate (CO) - Università telematica ""e-Campus""";092c  ;Posti alloggio e contributi-alloggio - N. posti alloggio assegnati - di cui assegnati in strutture convenzionate o private;0;0;0;0;0
2023-2024;01301;"Novedrate (CO) - Università telematica ""e-Campus""";093   ;Posti alloggio e contributi-alloggio - N. domande contributi-alloggio;0;0;0;0;0
2023-2024;01301;"Novedrate (CO) - Università telematica ""e-Campus""";094   ;Posti alloggio e contributi-alloggio - N. contributi-alloggio assegnati;0;0;0;0;0
2023-2024;01301;"Novedrate (CO) - Università telematica ""e-Campus""";101   ;Altri interventi di tipo finanziario - N. prestiti agevolati concessi da istituti di credito convenzionati;0;0;0;0;0
2023-2024;01301;"Novedrate (CO) - Università telematica ""e-Campus""";101a  ;Altri interventi di tipo finanziario - N. prestiti agevolati concessi da istituti di credito convenzionati - di cui con contributo in conto interesse e/o in conto capitale a carico dell'Ateneo;0;0;0;0;0
2023-2024;01301;"Novedrate (CO) - Università telematica ""e-Campus""";104   ;Altri interventi di tipo finanziario - N. altri sussidi erogati;0;0;0;0;0
2023-2024;01301;"Novedrate (CO) - Università telematica ""e-Campus""";111a  ;Borse di studio post-lauream - N. borse finanziate con fondi MIUR;;;0;0;0
2023-2024;01301;"Novedrate (CO) - Università telematica ""e-Campus""";111b  ;Borse di studio post-lauream - N. borse finanziate da altri Ministeri;;;0;0;0
2023-2024;01301;"Novedrate (CO) - Università telematica ""e-Campus""";112   ;Borse di studio post-lauream - N. borse finanziate dall'Ateneo con fondi propri;;;30;0;0
2023-2024;01301;"Novedrate (CO) - Università telematica ""e-Campus""";113   ;Borse di studio post-lauream - N. borse finanziate mediante convenzione con altri Atenei;;;0;0;0
2023-2024;01301;"Novedrate (CO) - Università telematica ""e-Campus""";114   ;Borse di studio post-lauream - N. borse finanziate con fondi UE;;;0;0;0
2023-2024;01301;"Novedrate (CO) - Università telematica ""e-Campus""";115   ;Borse di studio post-lauream - N. borse finanziate mediante convenzione con altri enti pubblici;;;0;0;0
2023-2024;01301;"Novedrate (CO) - Università telematica ""e-Campus""";116   ;Borse di studio post-lauream - N. borse finanziate mediante convenzione con enti privati;;;0;0;0
2023-2024;01501;Milano - Università degli studi;030   ;Borse di studio - N. borse di studio concesse con fondi dell'ATENEO/MIUR;1068;9;394;0;0
2023-2024;01501;Milano - Università degli studi;061   ;Mobilità internazionale - N. iscritti nell'ateneo in mobilità internazionale (studenti in uscita);1608;143;1089;140;0
2023-2024;01501;Milano - Università degli studi;061c  ;Mobilità internazionale - N. iscritti nell'ateneo in mobilità internazionale (studenti in uscita)- di cui studenti SENZA borsa;50;27;561;0;0
2023-2024;01501;Milano - Università degli studi;061m  ;Mobilità internazionale - N. iscritti nell'ateneo in mobilità internazionale (studenti in uscita)- di cui studenti in mobilità extraeuropea;61;7;144;0;0
2023-2024;01501;Milano - Università degli studi;061p  ;Mobilità internazionale - N. iscritti nell'ateneo in mobilità internazionale (studenti in uscita)- di cui dottorandi percettori di borsa che usufruiscono della maggiorazione del 50%;;;345;;
2023-2024;01501;Milano - Università degli studi;063   ;Mobilità internazionale - N. iscritti in atenei esteri in mobilità internazionale presso l'ateneo italiano (studenti in entrata);972;163;0;0;0
2023-2024;01501;Milano - Università degli studi;063c  ;Mobilità internazionale - N. iscritti in atenei esteri in mobilità internazionale presso l'ateneo italiano (studenti in entrata) - di cui studenti con borsa dell'Ateneo italiano;0;0;0;0;0
2023-2024;01501;Milano - Università degli studi;064   ;Mobilità internazionale - N. iscritti in atenei esteri in mobilità internazionale presso l'ateneo italiano (studenti in entrata)- di cui studenti provenienti da Paesi extraeuropei;55;55;0;0;0
2023-2024;01501;Milano - Università degli studi;073   ;Interventi a favore di studenti in situazione di disabilità - N. contributi finanziari;0;0;0;0;0
2023-2024;01501;Milano - Università degli studi;074   ;Interventi a favore di studenti in situazione di disabilità - N. interventi non finanziari;2883;46;3;N;7
2023-2024;01501;Milano - Università degli studi;081   ;Attività di collaborazione a tempo parziale - N. collaborazioni;311;25;0;0;0
2023-2024;01501;Milano - Università degli studi;091   ;Posti alloggio e contributi-alloggio - N. domande posti alloggio;0;0;0;0;0
2023-2024;01501;Milano - Università degli studi;092   ;Posti alloggio e contributi-alloggio - N. posti alloggio assegnati;0;0;0;0;0
2023-2024;01501;Milano - Università degli studi;092c  ;Posti alloggio e contributi-alloggio - N. posti alloggio assegnati - di cui assegnati in strutture convenzionate o private;0;0;0;0;0
2023-2024;01501;Milano - Università degli studi;093   ;Posti alloggio e contributi-alloggio - N. domande contributi-alloggio;0;0;0;0;0
2023-2024;01501;Milano - Università degli studi;094   ;Posti alloggio e contributi-alloggio - N. contributi-alloggio assegnati;0;0;0;0;0
2023-2024;01501;Milano - Università degli studi;101   ;Altri interventi di tipo finanziario - N. prestiti agevolati concessi da istituti di credito convenzionati;0;0;0;0;0
2023-2024;01501;Milano - Università degli studi;101a  ;Altri interventi di tipo finanziario - N. prestiti agevolati concessi da istituti di credito convenzionati - di cui con contributo in conto interesse e/o in conto capitale a carico dell'Ateneo;0;0;0;0;0
2023-2024;01501;Milano - Università degli studi;104   ;Altri interventi di tipo finanziario - N. altri sussidi erogati;0;0;0;0;0
2023-2024;01501;Milano - Università degli studi;111a  ;Borse di studio post-lauream - N. borse finanziate con fondi MIUR;;;305;0;0
2023-2024;01501;Milano - Università degli studi;111b  ;Borse di studio post-lauream - N. borse finanziate da altri Ministeri;;;2;0;0
2023-2024;01501;Milano - Università degli studi;112   ;Borse di studio post-lauream - N. borse finanziate dall'Ateneo con fondi propri;;;354;0;0
2023-2024;01501;Milano - Università degli studi;113   ;Borse di studio post-lauream - N. borse finanziate mediante convenzione con altri Atenei;;;53;0;0
2023-2024;01501;Milano - Università degli studi;114   ;Borse di studio post-lauream - N. borse finanziate con fondi UE;;;281,5;0;0
2023-2024;01501;Milano - Università degli studi;115   ;Borse di studio post-lauream - N. borse finanziate mediante convenzione con altri enti pubblici;;;61,5;0;0
2023-2024;01501;Milano - Università degli studi;116   ;Borse di studio post-lauream - N. borse finanziate mediante convenzione con enti privati;;;244;0;0
2023-2024;01502;Milano - Politecnico;030   ;Borse di studio - N. borse di studio concesse con fondi dell'ATENEO/MIUR;2508;162;128;0;0
2023-2024;01502;Milano - Politecnico;061   ;Mobilità internazionale - N. iscritti nell'ateneo in mobilità internazionale (studenti in uscita);2385;197;2190;0;0
2023-2024;01502;Milano - Politecnico;061c  ;Mobilità internazionale - N. iscritti nell'ateneo in mobilità internazionale (studenti in uscita)- di cui studenti SENZA borsa;10;2;2187;0;0
2023-2024;01502;Milano - Politecnico;061m  ;Mobilità internazionale - N. iscritti nell'ateneo in mobilità internazionale (studenti in uscita)- di cui studenti in mobilità extraeuropea;369;33;475;0;0
2023-2024;01502;Milano - Politecnico;061p  ;Mobilità internazionale - N. iscritti nell'ateneo in mobilità internazionale (studenti in uscita)- di cui dottorandi percettori di borsa che usufruiscono della maggiorazione del 50%;;;0;;
2023-2024;01502;Milano - Politecnico;063   ;Mobilità internazionale - N. iscritti in atenei esteri in mobilità internazionale presso l'ateneo italiano (studenti in entrata);1922;571;0;0;0
2023-2024;01502;Milano - Politecnico;063c  ;Mobilità internazionale - N. iscritti in atenei esteri in mobilità internazionale presso l'ateneo italiano (studenti in entrata) - di cui studenti con borsa dell'Ateneo italiano;0;0;0;0;0
2023-2024;01502;Milano - Politecnico;064   ;Mobilità internazionale - N. iscritti in atenei esteri in mobilità internazionale presso l'ateneo italiano (studenti in entrata)- di cui studenti provenienti da Paesi extraeuropei;0;0;0;0;0
2023-2024;01502;Milano - Politecnico;073   ;Interventi a favore di studenti in situazione di disabilità - N. contributi finanziari;213;14;0;0;0
2023-2024;01502;Milano - Politecnico;074   ;Interventi a favore di studenti in situazione di disabilità - N. interventi non finanziari;721;20;N;0;0
2023-2024;01502;Milano - Politecnico;081   ;Attività di collaborazione a tempo parziale - N. collaborazioni;1000;56;0;0;0
2023-2024;01502;Milano - Politecnico;091   ;Posti alloggio e contributi-alloggio - N. domande posti alloggio;664;45;143;0;0
2023-2024;01502;Milano - Politecnico;092   ;Posti alloggio e contributi-alloggio - N. posti alloggio assegnati;474;45;143;0;0
2023-2024;01502;Milano - Politecnico;092c  ;Posti alloggio e contributi-alloggio - N. posti alloggio assegnati - di cui assegnati in strutture convenzionate o private;170;0;143;0;0
2023-2024;01502;Milano - Politecnico;093   ;Posti alloggio e contributi-alloggio - N. domande contributi-alloggio;108;48;0;0;0
2023-2024;01502;Milano - Politecnico;094   ;Posti alloggio e contributi-alloggio - N. contributi-alloggio assegnati;108;48;0;0;0
2023-2024;01502;Milano - Politecnico;101   ;Altri interventi di tipo finanziario - N. prestiti agevolati concessi da istituti di credito convenzionati;88;31;1;0;54
2023-2024;01502;Milano - Politecnico;101a  ;Altri interventi di tipo finanziario - N. prestiti agevolati concessi da istituti di credito convenzionati - di cui con contributo in conto interesse e/o in conto capitale a carico dell'Ateneo;0;0;0;0;0
2023-2024;01502;Milano - Politecnico;104   ;Altri interventi di tipo finanziario - N. altri sussidi erogati;213;10;0;0;0
2023-2024;01502;Milano - Politecnico;111a  ;Borse di studio post-lauream - N. borse finanziate con fondi MIUR;;;228;0;0
2023-2024;01502;Milano - Politecnico;111b  ;Borse di studio post-lauream - N. borse finanziate da altri Ministeri;;;0,5;0;0
2023-2024;01502;Milano - Politecnico;112   ;Borse di studio post-lauream - N. borse finanziate dall'Ateneo con fondi propri;;;639,33;0;0
2023-2024;01502;Milano - Politecnico;113   ;Borse di studio post-lauream - N. borse finanziate mediante convenzione con altri Atenei;;;1;0;0
2023-2024;01502;Milano - Politecnico;114   ;Borse di studio post-lauream - N. borse finanziate con fondi UE;;;414,33;0;0
2023-2024;01502;Milano - Politecnico;115   ;Borse di studio post-lauream - N. borse finanziate mediante convenzione con altri enti pubblici;;;105,33;0;0
2023-2024;01502;Milano - Politecnico;116   ;Borse di studio post-lauream - N. borse finanziate mediante convenzione con enti privati;;;242,5;0;0
2023-2024;01503;"Milano - Università commerciale ""Luigi Bocconi""";030   ;Borse di studio - N. borse di studio concesse con fondi dell'ATENEO/MIUR;58;5;0;0;0
2023-2024;01503;"Milano - Università commerciale ""Luigi Bocconi""";061   ;Mobilità internazionale - N. iscritti nell'ateneo in mobilità internazionale (studenti in uscita);2406;138;35;0;0
2023-2024;01503;"Milano - Università commerciale ""Luigi Bocconi""";061c  ;Mobilità internazionale - N. iscritti nell'ateneo in mobilità internazionale (studenti in uscita)- di cui studenti SENZA borsa;1144;78;1;0;0
2023-2024;01503;"Milano - Università commerciale ""Luigi Bocconi""";061m  ;Mobilità internazionale - N. iscritti nell'ateneo in mobilità internazionale (studenti in uscita)- di cui studenti in mobilità extraeuropea;1089;77;21;0;0
2023-2024;01503;"Milano - Università commerciale ""Luigi Bocconi""";061p  ;Mobilità internazionale - N. iscritti nell'ateneo in mobilità internazionale (studenti in uscita)- di cui dottorandi percettori di borsa che usufruiscono della maggiorazione del 50%;;;31;;
2023-2024;01503;"Milano - Università commerciale ""Luigi Bocconi""";063   ;Mobilità internazionale - N. iscritti in atenei esteri in mobilità internazionale presso l'ateneo italiano (studenti in entrata);1822;1030;0;0;0
2023-2024;01503;"Milano - Università commerciale ""Luigi Bocconi""";063c  ;Mobilità internazionale - N. iscritti in atenei esteri in mobilità internazionale presso l'ateneo italiano (studenti in entrata) - di cui studenti con borsa dell'Ateneo italiano;0;0;0;0;0
2023-2024;01503;"Milano - Università commerciale ""Luigi Bocconi""";064   ;Mobilità internazionale - N. iscritti in atenei esteri in mobilità internazionale presso l'ateneo italiano (studenti in entrata)- di cui studenti provenienti da Paesi extraeuropei;841;808;0;0;0
2023-2024;01503;"Milano - Università commerciale ""Luigi Bocconi""";073   ;Interventi a favore di studenti in situazione di disabilità - N. contributi finanziari;0;0;0;0;0
2023-2024;01503;"Milano - Università commerciale ""Luigi Bocconi""";074   ;Interventi a favore di studenti in situazione di disabilità - N. interventi non finanziari;0;0;0;0;0
2023-2024;01503;"Milano - Università commerciale ""Luigi Bocconi""";081   ;Attività di collaborazione a tempo parziale - N. collaborazioni;16;2;0;0;0
2023-2024;01503;"Milano - Università commerciale ""Luigi Bocconi""";091   ;Posti alloggio e contributi-alloggio - N. domande posti alloggio;4248;906;35;0;48
2023-2024;01503;"Milano - Università commerciale ""Luigi Bocconi""";092   ;Posti alloggio e contributi-alloggio - N. posti alloggio assegnati;1550;236;6;0;9
2023-2024;01503;"Milano - Università commerciale ""Luigi Bocconi""";092c  ;Posti alloggio e contributi-alloggio - N. posti alloggio assegnati - di cui assegnati in strutture convenzionate o private;149;67;0;0;1
2023-2024;01503;"Milano - Università commerciale ""Luigi Bocconi""";093   ;Posti alloggio e contributi-alloggio - N. domande contributi-alloggio;0;0;0;0;0
2023-2024;01503;"Milano - Università commerciale ""Luigi Bocconi""";094   ;Posti alloggio e contributi-alloggio - N. contributi-alloggio assegnati;0;0;0;0;0
2023-2024;01503;"Milano - Università commerciale ""Luigi Bocconi""";101   ;Altri interventi di tipo finanziario - N. prestiti agevolati concessi da istituti di credito convenzionati;208;8;0;0;47
2023-2024;01503;"Milano - Università commerciale ""Luigi Bocconi""";101a  ;Altri interventi di tipo finanziario - N. prestiti agevolati concessi da istituti di credito convenzionati - di cui con contributo in conto interesse e/o in conto capitale a carico dell'Ateneo;0;0;0;0;0
2023-2024;01503;"Milano - Università commerciale ""Luigi Bocconi""";104   ;Altri interventi di tipo finanziario - N. altri sussidi erogati;0;0;0;0;0
2023-2024;01503;"Milano - Università commerciale ""Luigi Bocconi""";111a  ;Borse di studio post-lauream - N. borse finanziate con fondi MIUR;;;0;0;0
2023-2024;01503;"Milano - Università commerciale ""Luigi Bocconi""";111b  ;Borse di studio post-lauream - N. borse finanziate da altri Ministeri;;;0;0;0
2023-2024;01503;"Milano - Università commerciale ""Luigi Bocconi""";112   ;Borse di studio post-lauream - N. borse finanziate dall'Ateneo con fondi propri;;;170;0;0
2023-2024;01503;"Milano - Università commerciale ""Luigi Bocconi""";113   ;Borse di studio post-lauream - N. borse finanziate mediante convenzione con altri Atenei;;;0;0;0
2023-2024;01503;"Milano - Università commerciale ""Luigi Bocconi""";114   ;Borse di studio post-lauream - N. borse finanziate con fondi UE;;;0;0;0
2023-2024;01503;"Milano - Università commerciale ""Luigi Bocconi""";115   ;Borse di studio post-lauream - N. borse finanziate mediante convenzione con altri enti pubblici;;;0;0;0
2023-2024;01503;"Milano - Università commerciale ""Luigi Bocconi""";116   ;Borse di studio post-lauream - N. borse finanziate mediante convenzione con enti privati;;;0;0;0
2023-2024;01504;"Milano - Università Cattolica del ""Sacro Cuore""";030   ;Borse di studio - N. borse di studio concesse con fondi dell'ATENEO/MIUR;1117;111;0;0;0
2023-2024;01504;"Milano - Università Cattolica del ""Sacro Cuore""";061   ;Mobilità internazionale - N. iscritti nell'ateneo in mobilità internazionale (studenti in uscita);2334;118;177;0;0
2023-2024;01504;"Milano - Università Cattolica del ""Sacro Cuore""";061c  ;Mobilità internazionale - N. iscritti nell'ateneo in mobilità internazionale (studenti in uscita)- di cui studenti SENZA borsa;931;64;4;0;0
2023-2024;01504;"Milano - Università Cattolica del ""Sacro Cuore""";061m  ;Mobilità internazionale - N. iscritti nell'ateneo in mobilità internazionale (studenti in uscita)- di cui studenti in mobilità extraeuropea;882;79;39;0;0
2023-2024;01504;"Milano - Università Cattolica del ""Sacro Cuore""";061p  ;Mobilità internazionale - N. iscritti nell'ateneo in mobilità internazionale (studenti in uscita)- di cui dottorandi percettori di borsa che usufruiscono della maggiorazione del 50%;;;159;;
2023-2024;01504;"Milano - Università Cattolica del ""Sacro Cuore""";063   ;Mobilità internazionale - N. iscritti in atenei esteri in mobilità internazionale presso l'ateneo italiano (studenti in entrata);1909;1394;0;0;0
2023-2024;01504;"Milano - Università Cattolica del ""Sacro Cuore""";063c  ;Mobilità internazionale - N. iscritti in atenei esteri in mobilità internazionale presso l'ateneo italiano (studenti in entrata) - di cui studenti con borsa dell'Ateneo italiano;0;0;0;0;0
2023-2024;01504;"Milano - Università Cattolica del ""Sacro Cuore""";064   ;Mobilità internazionale - N. iscritti in atenei esteri in mobilità internazionale presso l'ateneo italiano (studenti in entrata)- di cui studenti provenienti da Paesi extraeuropei;1306;1268;0;0;0
2023-2024;01504;"Milano - Università Cattolica del ""Sacro Cuore""";073   ;Interventi a favore di studenti in situazione di disabilità - N. contributi finanziari;0;0;0;0;0
2023-2024;01504;"Milano - Università Cattolica del ""Sacro Cuore""";074   ;Interventi a favore di studenti in situazione di disabilità - N. interventi non finanziari;2692;0;5;6;28
2023-2024;01504;"Milano - Università Cattolica del ""Sacro Cuore""";081   ;Attività di collaborazione a tempo parziale - N. collaborazioni;130;1;0;0;0
2023-2024;01504;"Milano - Università Cattolica del ""Sacro Cuore""";091   ;Posti alloggio e contributi-alloggio - N. domande posti alloggio;0;0;0;0;0
2023-2024;01504;"Milano - Università Cattolica del ""Sacro Cuore""";092   ;Posti alloggio e contributi-alloggio - N. posti alloggio assegnati;0;0;0;0;0
2023-2024;01504;"Milano - Università Cattolica del ""Sacro Cuore""";092c  ;Posti alloggio e contributi-alloggio - N. posti alloggio assegnati - di cui assegnati in strutture convenzionate o private;0;0;0;0;0
2023-2024;01504;"Milano - Università Cattolica del ""Sacro Cuore""";093   ;Posti alloggio e contributi-alloggio - N. domande contributi-alloggio;0;0;0;0;0
2023-2024;01504;"Milano - Università Cattolica del ""Sacro Cuore""";094   ;Posti alloggio e contributi-alloggio - N. contributi-alloggio assegnati;0;0;0;0;0
2023-2024;01504;"Milano - Università Cattolica del ""Sacro Cuore""";101   ;Altri interventi di tipo finanziario - N. prestiti agevolati concessi da istituti di credito convenzionati;135;2;1;1;29
2023-2024;01504;"Milano - Università Cattolica del ""Sacro Cuore""";101a  ;Altri interventi di tipo finanziario - N. prestiti agevolati concessi da istituti di credito convenzionati - di cui con contributo in conto interesse e/o in conto capitale a carico dell'Ateneo;0;0;0;0;0
2023-2024;01504;"Milano - Università Cattolica del ""Sacro Cuore""";104   ;Altri interventi di tipo finanziario - N. altri sussidi erogati;0;0;0;0;0
2023-2024;01504;"Milano - Università Cattolica del ""Sacro Cuore""";111a  ;Borse di studio post-lauream - N. borse finanziate con fondi MIUR;;;129,42;0;0
2023-2024;01504;"Milano - Università Cattolica del ""Sacro Cuore""";111b  ;Borse di studio post-lauream - N. borse finanziate da altri Ministeri;;;0;0;0
2023-2024;01504;"Milano - Università Cattolica del ""Sacro Cuore""";112   ;Borse di studio post-lauream - N. borse finanziate dall'Ateneo con fondi propri;;;210,25;8;129
2023-2024;01504;"Milano - Università Cattolica del ""Sacro Cuore""";113   ;Borse di studio post-lauream - N. borse finanziate mediante convenzione con altri Atenei;;;0;0;0
2023-2024;01504;"Milano - Università Cattolica del ""Sacro Cuore""";114   ;Borse di studio post-lauream - N. borse finanziate con fondi UE;;;62,25;0;0
2023-2024;01504;"Milano - Università Cattolica del ""Sacro Cuore""";115   ;Borse di studio post-lauream - N. borse finanziate mediante convenzione con altri enti pubblici;;;5,5;0;57
2023-2024;01504;"Milano - Università Cattolica del ""Sacro Cuore""";116   ;Borse di studio post-lauream - N. borse finanziate mediante convenzione con enti privati;;;84,58;4;105
2023-2024;01505;Milano - Libera Università di Lingue e Comunicazione (IULM);030   ;Borse di studio - N. borse di studio concesse con fondi dell'ATENEO/MIUR;267;9;0;0;0
2023-2024;01505;Milano - Libera Università di Lingue e Comunicazione (IULM);061   ;Mobilità internazionale - N. iscritti nell'ateneo in mobilità internazionale (studenti in uscita);360;8;8;0;0
2023-2024;01505;Milano - Libera Università di Lingue e Comunicazione (IULM);061c  ;Mobilità internazionale - N. iscritti nell'ateneo in mobilità internazionale (studenti in uscita)- di cui studenti SENZA borsa;64;0;8;0;0
2023-2024;01505;Milano - Libera Università di Lingue e Comunicazione (IULM);061m  ;Mobilità internazionale - N. iscritti nell'ateneo in mobilità internazionale (studenti in uscita)- di cui studenti in mobilità extraeuropea;35;1;1;0;0
2023-2024;01505;Milano - Libera Università di Lingue e Comunicazione (IULM);061p  ;Mobilità internazionale - N. iscritti nell'ateneo in mobilità internazionale (studenti in uscita)- di cui dottorandi percettori di borsa che usufruiscono della maggiorazione del 50%;;;0;;
2023-2024;01505;Milano - Libera Università di Lingue e Comunicazione (IULM);063   ;Mobilità internazionale - N. iscritti in atenei esteri in mobilità internazionale presso l'ateneo italiano (studenti in entrata);337;62;0;0;0
2023-2024;01505;Milano - Libera Università di Lingue e Comunicazione (IULM);063c  ;Mobilità internazionale - N. iscritti in atenei esteri in mobilità internazionale presso l'ateneo italiano (studenti in entrata) - di cui studenti con borsa dell'Ateneo italiano;0;0;0;0;0
2023-2024;01505;Milano - Libera Università di Lingue e Comunicazione (IULM);064   ;Mobilità internazionale - N. iscritti in atenei esteri in mobilità internazionale presso l'ateneo italiano (studenti in entrata)- di cui studenti provenienti da Paesi extraeuropei;40;36;0;0;0
2023-2024;01505;Milano - Libera Università di Lingue e Comunicazione (IULM);073   ;Interventi a favore di studenti in situazione di disabilità - N. contributi finanziari;0;0;0;0;0
2023-2024;01505;Milano - Libera Università di Lingue e Comunicazione (IULM);074   ;Interventi a favore di studenti in situazione di disabilità - N. interventi non finanziari;53;N;0;0;0
2023-2024;01505;Milano - Libera Università di Lingue e Comunicazione (IULM);081   ;Attività di collaborazione a tempo parziale - N. collaborazioni;190;5;0;0;0
2023-2024;01505;Milano - Libera Università di Lingue e Comunicazione (IULM);091   ;Posti alloggio e contributi-alloggio - N. domande posti alloggio;0;0;0;0;0
2023-2024;01505;Milano - Libera Università di Lingue e Comunicazione (IULM);092   ;Posti alloggio e contributi-alloggio - N. posti alloggio assegnati;0;0;0;0;0
2023-2024;01505;Milano - Libera Università di Lingue e Comunicazione (IULM);092c  ;Posti alloggio e contributi-alloggio - N. posti alloggio assegnati - di cui assegnati in strutture convenzionate o private;0;0;0;0;0
2023-2024;01505;Milano - Libera Università di Lingue e Comunicazione (IULM);093   ;Posti alloggio e contributi-alloggio - N. domande contributi-alloggio;0;0;0;0;0
2023-2024;01505;Milano - Libera Università di Lingue e Comunicazione (IULM);094   ;Posti alloggio e contributi-alloggio - N. contributi-alloggio assegnati;0;0;0;0;0
2023-2024;01505;Milano - Libera Università di Lingue e Comunicazione (IULM);101   ;Altri interventi di tipo finanziario - N. prestiti agevolati concessi da istituti di credito convenzionati;16;1;0;0;5
2023-2024;01505;Milano - Libera Università di Lingue e Comunicazione (IULM);101a  ;Altri interventi di tipo finanziario - N. prestiti agevolati concessi da istituti di credito convenzionati - di cui con contributo in conto interesse e/o in conto capitale a carico dell'Ateneo;0;0;0;0;0
2023-2024;01505;Milano - Libera Università di Lingue e Comunicazione (IULM);104   ;Altri interventi di tipo finanziario - N. altri sussidi erogati;0;0;0;0;12
2023-2024;01505;Milano - Libera Università di Lingue e Comunicazione (IULM);111a  ;Borse di studio post-lauream - N. borse finanziate con fondi MIUR;;;0;0;0
2023-2024;01505;Milano - Libera Università di Lingue e Comunicazione (IULM);111b  ;Borse di studio post-lauream - N. borse finanziate da altri Ministeri;;;0;0;0
2023-2024;01505;Milano - Libera Università di Lingue e Comunicazione (IULM);112   ;Borse di studio post-lauream - N. borse finanziate dall'Ateneo con fondi propri;;;35;0;0
2023-2024;01505;Milano - Libera Università di Lingue e Comunicazione (IULM);113   ;Borse di studio post-lauream - N. borse finanziate mediante convenzione con altri Atenei;;;0;0;0
2023-2024;01505;Milano - Libera Università di Lingue e Comunicazione (IULM);114   ;Borse di studio post-lauream - N. borse finanziate con fondi UE;;;16;0;0
2023-2024;01505;Milano - Libera Università di Lingue e Comunicazione (IULM);115   ;Borse di studio post-lauream - N. borse finanziate mediante convenzione con altri enti pubblici;;;0;0;0
2023-2024;01505;Milano - Libera Università di Lingue e Comunicazione (IULM);116   ;Borse di studio post-lauream - N. borse finanziate mediante convenzione con enti privati;;;1;0;0
2023-2024;01508;Milano - Università Vita-Salute San Raffaele;030   ;Borse di studio - N. borse di studio concesse con fondi dell'ATENEO/MIUR;40;5;0;0;0
2023-2024;01508;Milano - Università Vita-Salute San Raffaele;061   ;Mobilità internazionale - N. iscritti nell'ateneo in mobilità internazionale (studenti in uscita);217;70;26;14;0
2023-2024;01508;Milano - Università Vita-Salute San Raffaele;061c  ;Mobilità internazionale - N. iscritti nell'ateneo in mobilità internazionale (studenti in uscita)- di cui studenti SENZA borsa;134;62;3;0;0
2023-2024;01508;Milano - Università Vita-Salute San Raffaele;061m  ;Mobilità internazionale - N. iscritti nell'ateneo in mobilità internazionale (studenti in uscita)- di cui studenti in mobilità extraeuropea;59;23;5;0;0
2023-2024;01508;Milano - Università Vita-Salute San Raffaele;061p  ;Mobilità internazionale - N. iscritti nell'ateneo in mobilità internazionale (studenti in uscita)- di cui dottorandi percettori di borsa che usufruiscono della maggiorazione del 50%;;;24;;
2023-2024;01508;Milano - Università Vita-Salute San Raffaele;063   ;Mobilità internazionale - N. iscritti in atenei esteri in mobilità internazionale presso l'ateneo italiano (studenti in entrata);114;20;0;0;0
2023-2024;01508;Milano - Università Vita-Salute San Raffaele;063c  ;Mobilità internazionale - N. iscritti in atenei esteri in mobilità internazionale presso l'ateneo italiano (studenti in entrata) - di cui studenti con borsa dell'Ateneo italiano;0;0;0;0;0
2023-2024;01508;Milano - Università Vita-Salute San Raffaele;064   ;Mobilità internazionale - N. iscritti in atenei esteri in mobilità internazionale presso l'ateneo italiano (studenti in entrata)- di cui studenti provenienti da Paesi extraeuropei;3;3;0;0;0
2023-2024;01508;Milano - Università Vita-Salute San Raffaele;073   ;Interventi a favore di studenti in situazione di disabilità - N. contributi finanziari;0;0;0;0;0
2023-2024;01508;Milano - Università Vita-Salute San Raffaele;074   ;Interventi a favore di studenti in situazione di disabilità - N. interventi non finanziari;3;0;0;0;0
2023-2024;01508;Milano - Università Vita-Salute San Raffaele;081   ;Attività di collaborazione a tempo parziale - N. collaborazioni;21;5;0;0;0
2023-2024;01508;Milano - Università Vita-Salute San Raffaele;091   ;Posti alloggio e contributi-alloggio - N. domande posti alloggio;361;75;0;0;0
2023-2024;01508;Milano - Università Vita-Salute San Raffaele;092   ;Posti alloggio e contributi-alloggio - N. posti alloggio assegnati;146;43;0;0;0
2023-2024;01508;Milano - Università Vita-Salute San Raffaele;092c  ;Posti alloggio e contributi-alloggio - N. posti alloggio assegnati - di cui assegnati in strutture convenzionate o private;0;0;0;0;0
2023-2024;01508;Milano - Università Vita-Salute San Raffaele;093   ;Posti alloggio e contributi-alloggio - N. domande contributi-alloggio;0;0;0;0;0
2023-2024;01508;Milano - Università Vita-Salute San Raffaele;094   ;Posti alloggio e contributi-alloggio - N. contributi-alloggio assegnati;0;0;0;0;0
2023-2024;01508;Milano - Università Vita-Salute San Raffaele;101   ;Altri interventi di tipo finanziario - N. prestiti agevolati concessi da istituti di credito convenzionati;201;1;0;0;0
2023-2024;01508;Milano - Università Vita-Salute San Raffaele;101a  ;Altri interventi di tipo finanziario - N. prestiti agevolati concessi da istituti di credito convenzionati - di cui con contributo in conto interesse e/o in conto capitale a carico dell'Ateneo;0;0;0;0;0
2023-2024;01508;Milano - Università Vita-Salute San Raffaele;104   ;Altri interventi di tipo finanziario - N. altri sussidi erogati;41;3;0;0;0
2023-2024;01508;Milano - Università Vita-Salute San Raffaele;111a  ;Borse di studio post-lauream - N. borse finanziate con fondi MIUR;;;0;0;0
2023-2024;01508;Milano - Università Vita-Salute San Raffaele;111b  ;Borse di studio post-lauream - N. borse finanziate da altri Ministeri;;;0;0;0
2023-2024;01508;Milano - Università Vita-Salute San Raffaele;112   ;Borse di studio post-lauream - N. borse finanziate dall'Ateneo con fondi propri;;;76,5;0;0
2023-2024;01508;Milano - Università Vita-Salute San Raffaele;113   ;Borse di studio post-lauream - N. borse finanziate mediante convenzione con altri Atenei;;;0;0;0
2023-2024;01508;Milano - Università Vita-Salute San Raffaele;114   ;Borse di studio post-lauream - N. borse finanziate con fondi UE;;;42;0;0
2023-2024;01508;Milano - Università Vita-Salute San Raffaele;115   ;Borse di studio post-lauream - N. borse finanziate mediante convenzione con altri enti pubblici;;;0;0;0
2023-2024;01508;Milano - Università Vita-Salute San Raffaele;116   ;Borse di studio post-lauream - N. borse finanziate mediante convenzione con enti privati;;;31,5;0;0
2023-2024;01509;Milano-Bicocca - Università degli studi;030   ;Borse di studio - N. borse di studio concesse con fondi dell'ATENEO/MIUR;1825;23;275;0;0
2023-2024;01509;Milano-Bicocca - Università degli studi;061   ;Mobilità internazionale - N. iscritti nell'ateneo in mobilità internazionale (studenti in uscita);960;49;201;3;0
2023-2024;01509;Milano-Bicocca - Università degli studi;061c  ;Mobilità internazionale - N. iscritti nell'ateneo in mobilità internazionale (studenti in uscita)- di cui studenti SENZA borsa;19;3;7;0;0
2023-2024;01509;Milano-Bicocca - Università degli studi;061m  ;Mobilità internazionale - N. iscritti nell'ateneo in mobilità internazionale (studenti in uscita)- di cui studenti in mobilità extraeuropea;108;7;50;0;0
2023-2024;01509;Milano-Bicocca - Università degli studi;061p  ;Mobilità internazionale - N. iscritti nell'ateneo in mobilità internazionale (studenti in uscita)- di cui dottorandi percettori di borsa che usufruiscono della maggiorazione del 50%;;;196;;
2023-2024;01509;Milano-Bicocca - Università degli studi;063   ;Mobilità internazionale - N. iscritti in atenei esteri in mobilità internazionale presso l'ateneo italiano (studenti in entrata);478;60;0;0;0
2023-2024;01509;Milano-Bicocca - Università degli studi;063c  ;Mobilità internazionale - N. iscritti in atenei esteri in mobilità internazionale presso l'ateneo italiano (studenti in entrata) - di cui studenti con borsa dell'Ateneo italiano;0;0;0;0;0
2023-2024;01509;Milano-Bicocca - Università degli studi;064   ;Mobilità internazionale - N. iscritti in atenei esteri in mobilità internazionale presso l'ateneo italiano (studenti in entrata)- di cui studenti provenienti da Paesi extraeuropei;8;7;0;0;0
2023-2024;01509;Milano-Bicocca - Università degli studi;073   ;Interventi a favore di studenti in situazione di disabilità - N. contributi finanziari;0;0;0;0;0
2023-2024;01509;Milano-Bicocca - Università degli studi;074   ;Interventi a favore di studenti in situazione di disabilità - N. interventi non finanziari;366;0;3;15;7
2023-2024;01509;Milano-Bicocca - Università degli studi;081   ;Attività di collaborazione a tempo parziale - N. collaborazioni;427;44;0;0;0
2023-2024;01509;Milano-Bicocca - Università degli studi;091   ;Posti alloggio e contributi-alloggio - N. domande posti alloggio;0;0;0;0;0
2023-2024;01509;Milano-Bicocca - Università degli studi;092   ;Posti alloggio e contributi-alloggio - N. posti alloggio assegnati;0;0;0;0;0
2023-2024;01509;Milano-Bicocca - Università degli studi;092c  ;Posti alloggio e contributi-alloggio - N. posti alloggio assegnati - di cui assegnati in strutture convenzionate o private;0;0;0;0;0
2023-2024;01509;Milano-Bicocca - Università degli studi;093   ;Posti alloggio e contributi-alloggio - N. domande contributi-alloggio;0;0;0;0;0
2023-2024;01509;Milano-Bicocca - Università degli studi;094   ;Posti alloggio e contributi-alloggio - N. contributi-alloggio assegnati;0;0;0;0;0
2023-2024;01509;Milano-Bicocca - Università degli studi;101   ;Altri interventi di tipo finanziario - N. prestiti agevolati concessi da istituti di credito convenzionati;0;0;0;0;0
2023-2024;01509;Milano-Bicocca - Università degli studi;101a  ;Altri interventi di tipo finanziario - N. prestiti agevolati concessi da istituti di credito convenzionati - di cui con contributo in conto interesse e/o in conto capitale a carico dell'Ateneo;0;0;0;0;0
2023-2024;01509;Milano-Bicocca - Università degli studi;104   ;Altri interventi di tipo finanziario - N. altri sussidi erogati;0;0;0;0;0
2023-2024;01509;Milano-Bicocca - Università degli studi;111a  ;Borse di studio post-lauream - N. borse finanziate con fondi MIUR;;;0;0;0
2023-2024;01509;Milano-Bicocca - Università degli studi;111b  ;Borse di studio post-lauream - N. borse finanziate da altri Ministeri;;;0;0;0
2023-2024;01509;Milano-Bicocca - Università degli studi;112   ;Borse di studio post-lauream - N. borse finanziate dall'Ateneo con fondi propri;;;446,34;21;3
2023-2024;01509;Milano-Bicocca - Università degli studi;113   ;Borse di studio post-lauream - N. borse finanziate mediante convenzione con altri Atenei;;;0;0;0
2023-2024;01509;Milano-Bicocca - Università degli studi;114   ;Borse di studio post-lauream - N. borse finanziate con fondi UE;;;84,33;0;26
2023-2024;01509;Milano-Bicocca - Università degli studi;115   ;Borse di studio post-lauream - N. borse finanziate mediante convenzione con altri enti pubblici;;;40;0;12
2023-2024;01509;Milano-Bicocca - Università degli studi;116   ;Borse di studio post-lauream - N. borse finanziate mediante convenzione con enti privati;;;113,33;6;17
2023-2024;01510;Rozzano (MI) - Humanitas University;030   ;Borse di studio - N. borse di studio concesse con fondi dell'ATENEO/MIUR;131;27;0;0;0
2023-2024;01510;Rozzano (MI) - Humanitas University;061   ;Mobilità internazionale - N. iscritti nell'ateneo in mobilità internazionale (studenti in uscita);5;1;10;1;0
2023-2024;01510;Rozzano (MI) - Humanitas University;061c  ;Mobilità internazionale - N. iscritti nell'ateneo in mobilità internazionale (studenti in uscita)- di cui studenti SENZA borsa;4;1;10;0;0
2023-2024;01510;Rozzano (MI) - Humanitas University;061m  ;Mobilità internazionale - N. iscritti nell'ateneo in mobilità internazionale (studenti in uscita)- di cui studenti in mobilità extraeuropea;0;0;1;0;0
2023-2024;01510;Rozzano (MI) - Humanitas University;061p  ;Mobilità internazionale - N. iscritti nell'ateneo in mobilità internazionale (studenti in uscita)- di cui dottorandi percettori di borsa che usufruiscono della maggiorazione del 50%;;;0;;
2023-2024;01510;Rozzano (MI) - Humanitas University;063   ;Mobilità internazionale - N. iscritti in atenei esteri in mobilità internazionale presso l'ateneo italiano (studenti in entrata);5;1;0;0;0
2023-2024;01510;Rozzano (MI) - Humanitas University;063c  ;Mobilità internazionale - N. iscritti in atenei esteri in mobilità internazionale presso l'ateneo italiano (studenti in entrata) - di cui studenti con borsa dell'Ateneo italiano;0;0;0;0;0
2023-2024;01510;Rozzano (MI) - Humanitas University;064   ;Mobilità internazionale - N. iscritti in atenei esteri in mobilità internazionale presso l'ateneo italiano (studenti in entrata)- di cui studenti provenienti da Paesi extraeuropei;0;0;0;0;0
2023-2024;01510;Rozzano (MI) - Humanitas University;073   ;Interventi a favore di studenti in situazione di disabilità - N. contributi finanziari;N;0;0;0;0
2023-2024;01510;Rozzano (MI) - Humanitas University;074   ;Interventi a favore di studenti in situazione di disabilità - N. interventi non finanziari;0;0;0;0;0
2023-2024;01510;Rozzano (MI) - Humanitas University;081   ;Attività di collaborazione a tempo parziale - N. collaborazioni;24;5;0;0;0
2023-2024;01510;Rozzano (MI) - Humanitas University;091   ;Posti alloggio e contributi-alloggio - N. domande posti alloggio;184;60;0;0;0
2023-2024;01510;Rozzano (MI) - Humanitas University;092   ;Posti alloggio e contributi-alloggio - N. posti alloggio assegnati;184;60;0;0;0
2023-2024;01510;Rozzano (MI) - Humanitas University;092c  ;Posti alloggio e contributi-alloggio - N. posti alloggio assegnati - di cui assegnati in strutture convenzionate o private;184;60;0;0;0
2023-2024;01510;Rozzano (MI) - Humanitas University;093   ;Posti alloggio e contributi-alloggio - N. domande contributi-alloggio;0;0;0;0;0
2023-2024;01510;Rozzano (MI) - Humanitas University;094   ;Posti alloggio e contributi-alloggio - N. contributi-alloggio assegnati;0;0;0;0;0
2023-2024;01510;Rozzano (MI) - Humanitas University;101   ;Altri interventi di tipo finanziario - N. prestiti agevolati concessi da istituti di credito convenzionati;19;0;0;0;0
2023-2024;01510;Rozzano (MI) - Humanitas University;101a  ;Altri interventi di tipo finanziario - N. prestiti agevolati concessi da istituti di credito convenzionati - di cui con contributo in conto interesse e/o in conto capitale a carico dell'Ateneo;0;0;0;0;0
2023-2024;01510;Rozzano (MI) - Humanitas University;104   ;Altri interventi di tipo finanziario - N. altri sussidi erogati;0;0;0;0;0
2023-2024;01510;Rozzano (MI) - Humanitas University;111a  ;Borse di studio post-lauream - N. borse finanziate con fondi MIUR;;;2;0;0
2023-2024;01510;Rozzano (MI) - Humanitas University;111b  ;Borse di studio post-lauream - N. borse finanziate da altri Ministeri;;;0;0;0
2023-2024;01510;Rozzano (MI) - Humanitas University;112   ;Borse di studio post-lauream - N. borse finanziate dall'Ateneo con fondi propri;;;9;0;0
2023-2024;01510;Rozzano (MI) - Humanitas University;113   ;Borse di studio post-lauream - N. borse finanziate mediante convenzione con altri Atenei;;;0;0;0
2023-2024;01510;Rozzano (MI) - Humanitas University;114   ;Borse di studio post-lauream - N. borse finanziate con fondi UE;;;36,5;0;0
2023-2024;01510;Rozzano (MI) - Humanitas University;115   ;Borse di studio post-lauream - N. borse finanziate mediante convenzione con altri enti pubblici;;;1;0;0
2023-2024;01510;Rozzano (MI) - Humanitas University;116   ;Borse di studio post-lauream - N. borse finanziate mediante convenzione con enti privati;;;10,5;0;0
2023-2024;01601;Bergamo - Università degli studi;030   ;Borse di studio - N. borse di studio concesse con fondi dell'ATENEO/MIUR;67;1;75;0;0
2023-2024;01601;Bergamo - Università degli studi;061   ;Mobilità internazionale - N. iscritti nell'ateneo in mobilità internazionale (studenti in uscita);544;46;44;0;0
2023-2024;01601;Bergamo - Università degli studi;061c  ;Mobilità internazionale - N. iscritti nell'ateneo in mobilità internazionale (studenti in uscita)- di cui studenti SENZA borsa;40;6;44;0;0
2023-2024;01601;Bergamo - Università degli studi;061m  ;Mobilità internazionale - N. iscritti nell'ateneo in mobilità internazionale (studenti in uscita)- di cui studenti in mobilità extraeuropea;69;6;5;0;0
2023-2024;01601;Bergamo - Università degli studi;061p  ;Mobilità internazionale - N. iscritti nell'ateneo in mobilità internazionale (studenti in uscita)- di cui dottorandi percettori di borsa che usufruiscono della maggiorazione del 50%;;;0;;
2023-2024;01601;Bergamo - Università degli studi;063   ;Mobilità internazionale - N. iscritti in atenei esteri in mobilità internazionale presso l'ateneo italiano (studenti in entrata);235;60;0;0;0
2023-2024;01601;Bergamo - Università degli studi;063c  ;Mobilità internazionale - N. iscritti in atenei esteri in mobilità internazionale presso l'ateneo italiano (studenti in entrata) - di cui studenti con borsa dell'Ateneo italiano;0;0;0;0;0
2023-2024;01601;Bergamo - Università degli studi;064   ;Mobilità internazionale - N. iscritti in atenei esteri in mobilità internazionale presso l'ateneo italiano (studenti in entrata)- di cui studenti provenienti da Paesi extraeuropei;29;29;0;0;0
2023-2024;01601;Bergamo - Università degli studi;073   ;Interventi a favore di studenti in situazione di disabilità - N. contributi finanziari;0;0;0;0;0
2023-2024;01601;Bergamo - Università degli studi;074   ;Interventi a favore di studenti in situazione di disabilità - N. interventi non finanziari;890;7;0;0;0
2023-2024;01601;Bergamo - Università degli studi;081   ;Attività di collaborazione a tempo parziale - N. collaborazioni;77;15;0;0;0
2023-2024;01601;Bergamo - Università degli studi;091   ;Posti alloggio e contributi-alloggio - N. domande posti alloggio;0;0;0;0;0
2023-2024;01601;Bergamo - Università degli studi;092   ;Posti alloggio e contributi-alloggio - N. posti alloggio assegnati;0;0;0;0;0
2023-2024;01601;Bergamo - Università degli studi;092c  ;Posti alloggio e contributi-alloggio - N. posti alloggio assegnati - di cui assegnati in strutture convenzionate o private;0;0;0;0;0
2023-2024;01601;Bergamo - Università degli studi;093   ;Posti alloggio e contributi-alloggio - N. domande contributi-alloggio;64;40;0;0;0
2023-2024;01601;Bergamo - Università degli studi;094   ;Posti alloggio e contributi-alloggio - N. contributi-alloggio assegnati;29;11;0;0;0
2023-2024;01601;Bergamo - Università degli studi;101   ;Altri interventi di tipo finanziario - N. prestiti agevolati concessi da istituti di credito convenzionati;0;0;0;0;0
2023-2024;01601;Bergamo - Università degli studi;101a  ;Altri interventi di tipo finanziario - N. prestiti agevolati concessi da istituti di credito convenzionati - di cui con contributo in conto interesse e/o in conto capitale a carico dell'Ateneo;0;0;0;0;0
2023-2024;01601;Bergamo - Università degli studi;104   ;Altri interventi di tipo finanziario - N. altri sussidi erogati;0;0;0;0;0
2023-2024;01601;Bergamo - Università degli studi;111a  ;Borse di studio post-lauream - N. borse finanziate con fondi MIUR;;;48;0;0
2023-2024;01601;Bergamo - Università degli studi;111b  ;Borse di studio post-lauream - N. borse finanziate da altri Ministeri;;;2;0;0
2023-2024;01601;Bergamo - Università degli studi;112   ;Borse di studio post-lauream - N. borse finanziate dall'Ateneo con fondi propri;;;42,67;0;0
2023-2024;01601;Bergamo - Università degli studi;113   ;Borse di studio post-lauream - N. borse finanziate mediante convenzione con altri Atenei;;;15;0;0
2023-2024;01601;Bergamo - Università degli studi;114   ;Borse di studio post-lauream - N. borse finanziate con fondi UE;;;71,66;0;0
2023-2024;01601;Bergamo - Università degli studi;115   ;Borse di studio post-lauream - N. borse finanziate mediante convenzione con altri enti pubblici;;;2,5;0;0
2023-2024;01601;Bergamo - Università degli studi;116   ;Borse di studio post-lauream - N. borse finanziate mediante convenzione con enti privati;;;4,17;0;0
2023-2024;01701;Brescia - Università degli studi;030   ;Borse di studio - N. borse di studio concesse con fondi dell'ATENEO/MIUR;375;64;120;2;0
2023-2024;01701;Brescia - Università degli studi;061   ;Mobilità internazionale - N. iscritti nell'ateneo in mobilità internazionale (studenti in uscita);319;39;168;7;0
2023-2024;01701;Brescia - Università degli studi;061c  ;Mobilità internazionale - N. iscritti nell'ateneo in mobilità internazionale (studenti in uscita)- di cui studenti SENZA borsa;26;3;46;0;0
2023-2024;01701;Brescia - Università degli studi;061m  ;Mobilità internazionale - N. iscritti nell'ateneo in mobilità internazionale (studenti in uscita)- di cui studenti in mobilità extraeuropea;18;2;31;0;0
2023-2024;01701;Brescia - Università degli studi;061p  ;Mobilità internazionale - N. iscritti nell'ateneo in mobilità internazionale (studenti in uscita)- di cui dottorandi percettori di borsa che usufruiscono della maggiorazione del 50%;;;93;;
2023-2024;01701;Brescia - Università degli studi;063   ;Mobilità internazionale - N. iscritti in atenei esteri in mobilità internazionale presso l'ateneo italiano (studenti in entrata);119;18;0;0;0
2023-2024;01701;Brescia - Università degli studi;063c  ;Mobilità internazionale - N. iscritti in atenei esteri in mobilità internazionale presso l'ateneo italiano (studenti in entrata) - di cui studenti con borsa dell'Ateneo italiano;0;0;0;0;0
2023-2024;01701;Brescia - Università degli studi;064   ;Mobilità internazionale - N. iscritti in atenei esteri in mobilità internazionale presso l'ateneo italiano (studenti in entrata)- di cui studenti provenienti da Paesi extraeuropei;3;3;0;0;0
2023-2024;01701;Brescia - Università degli studi;073   ;Interventi a favore di studenti in situazione di disabilità - N. contributi finanziari;413;26;0;N;0
2023-2024;01701;Brescia - Università degli studi;074   ;Interventi a favore di studenti in situazione di disabilità - N. interventi non finanziari;341;11;0;N;0
2023-2024;01701;Brescia - Università degli studi;081   ;Attività di collaborazione a tempo parziale - N. collaborazioni;376;42;0;0;0
2023-2024;01701;Brescia - Università degli studi;091   ;Posti alloggio e contributi-alloggio - N. domande posti alloggio;0;0;0;0;0
2023-2024;01701;Brescia - Università degli studi;092   ;Posti alloggio e contributi-alloggio - N. posti alloggio assegnati;0;0;0;0;0
2023-2024;01701;Brescia - Università degli studi;092c  ;Posti alloggio e contributi-alloggio - N. posti alloggio assegnati - di cui assegnati in strutture convenzionate o private;0;0;0;0;0
2023-2024;01701;Brescia - Università degli studi;093   ;Posti alloggio e contributi-alloggio - N. domande contributi-alloggio;49;19;1;0;0
2023-2024;01701;Brescia - Università degli studi;094   ;Posti alloggio e contributi-alloggio - N. contributi-alloggio assegnati;33;17;0;0;0
2023-2024;01701;Brescia - Università degli studi;101   ;Altri interventi di tipo finanziario - N. prestiti agevolati concessi da istituti di credito convenzionati;1;0;0;1;0
2023-2024;01701;Brescia - Università degli studi;101a  ;Altri interventi di tipo finanziario - N. prestiti agevolati concessi da istituti di credito convenzionati - di cui con contributo in conto interesse e/o in conto capitale a carico dell'Ateneo;0;0;0;0;0
2023-2024;01701;Brescia - Università degli studi;104   ;Altri interventi di tipo finanziario - N. altri sussidi erogati;3500;231;55;95;0
2023-2024;01701;Brescia - Università degli studi;111a  ;Borse di studio post-lauream - N. borse finanziate con fondi MIUR;;;112;0;0
2023-2024;01701;Brescia - Università degli studi;111b  ;Borse di studio post-lauream - N. borse finanziate da altri Ministeri;;;0;0;0
2023-2024;01701;Brescia - Università degli studi;112   ;Borse di studio post-lauream - N. borse finanziate dall'Ateneo con fondi propri;;;59,5;0;0
2023-2024;01701;Brescia - Università degli studi;113   ;Borse di studio post-lauream - N. borse finanziate mediante convenzione con altri Atenei;;;0;0;0
2023-2024;01701;Brescia - Università degli studi;114   ;Borse di studio post-lauream - N. borse finanziate con fondi UE;;;55,5;0;0
2023-2024;01701;Brescia - Università degli studi;115   ;Borse di studio post-lauream - N. borse finanziate mediante convenzione con altri enti pubblici;;;4,5;0;0
2023-2024;01701;Brescia - Università degli studi;116   ;Borse di studio post-lauream - N. borse finanziate mediante convenzione con enti privati;;;25,5;0;0
2023-2024;01801;Pavia - Università degli studi;030   ;Borse di studio - N. borse di studio concesse con fondi dell'ATENEO/MIUR;552;37;200;3;5
2023-2024;01801;Pavia - Università degli studi;061   ;Mobilità internazionale - N. iscritti nell'ateneo in mobilità internazionale (studenti in uscita);725;118;62;0;0
2023-2024;01801;Pavia - Università degli studi;061c  ;Mobilità internazionale - N. iscritti nell'ateneo in mobilità internazionale (studenti in uscita)- di cui studenti SENZA borsa;658;86;0;0;0
2023-2024;01801;Pavia - Università degli studi;061m  ;Mobilità internazionale - N. iscritti nell'ateneo in mobilità internazionale (studenti in uscita)- di cui studenti in mobilità extraeuropea;57;17;8;0;0
2023-2024;01801;Pavia - Università degli studi;061p  ;Mobilità internazionale - N. iscritti nell'ateneo in mobilità internazionale (studenti in uscita)- di cui dottorandi percettori di borsa che usufruiscono della maggiorazione del 50%;;;43;;
2023-2024;01801;Pavia - Università degli studi;063   ;Mobilità internazionale - N. iscritti in atenei esteri in mobilità internazionale presso l'ateneo italiano (studenti in entrata);562;116;0;0;0
2023-2024;01801;Pavia - Università degli studi;063c  ;Mobilità internazionale - N. iscritti in atenei esteri in mobilità internazionale presso l'ateneo italiano (studenti in entrata) - di cui studenti con borsa dell'Ateneo italiano;0;0;0;0;0
2023-2024;01801;Pavia - Università degli studi;064   ;Mobilità internazionale - N. iscritti in atenei esteri in mobilità internazionale presso l'ateneo italiano (studenti in entrata)- di cui studenti provenienti da Paesi extraeuropei;53;53;0;0;0
2023-2024;01801;Pavia - Università degli studi;073   ;Interventi a favore di studenti in situazione di disabilità - N. contributi finanziari;0;0;0;0;0
2023-2024;01801;Pavia - Università degli studi;074   ;Interventi a favore di studenti in situazione di disabilità - N. interventi non finanziari;963;0;0;0;0
2023-2024;01801;Pavia - Università degli studi;081   ;Attività di collaborazione a tempo parziale - N. collaborazioni;450;30;0;0;0
2023-2024;01801;Pavia - Università degli studi;091   ;Posti alloggio e contributi-alloggio - N. domande posti alloggio;0;0;0;0;0
2023-2024;01801;Pavia - Università degli studi;092   ;Posti alloggio e contributi-alloggio - N. posti alloggio assegnati;0;0;0;0;0
2023-2024;01801;Pavia - Università degli studi;092c  ;Posti alloggio e contributi-alloggio - N. posti alloggio assegnati - di cui assegnati in strutture convenzionate o private;0;0;0;0;0
2023-2024;01801;Pavia - Università degli studi;093   ;Posti alloggio e contributi-alloggio - N. domande contributi-alloggio;0;0;0;0;0
2023-2024;01801;Pavia - Università degli studi;094   ;Posti alloggio e contributi-alloggio - N. contributi-alloggio assegnati;0;0;0;0;0
2023-2024;01801;Pavia - Università degli studi;101   ;Altri interventi di tipo finanziario - N. prestiti agevolati concessi da istituti di credito convenzionati;0;0;0;0;0
2023-2024;01801;Pavia - Università degli studi;101a  ;Altri interventi di tipo finanziario - N. prestiti agevolati concessi da istituti di credito convenzionati - di cui con contributo in conto interesse e/o in conto capitale a carico dell'Ateneo;0;0;0;0;0
2023-2024;01801;Pavia - Università degli studi;104   ;Altri interventi di tipo finanziario - N. altri sussidi erogati;10915;1483;194;61;95
2023-2024;01801;Pavia - Università degli studi;111a  ;Borse di studio post-lauream - N. borse finanziate con fondi MIUR;;;264;0;0
2023-2024;01801;Pavia - Università degli studi;111b  ;Borse di studio post-lauream - N. borse finanziate da altri Ministeri;;;0;0;0
2023-2024;01801;Pavia - Università degli studi;112   ;Borse di studio post-lauream - N. borse finanziate dall'Ateneo con fondi propri;;;87;0;0
2023-2024;01801;Pavia - Università degli studi;113   ;Borse di studio post-lauream - N. borse finanziate mediante convenzione con altri Atenei;;;55;0;0
2023-2024;01801;Pavia - Università degli studi;114   ;Borse di studio post-lauream - N. borse finanziate con fondi UE;;;216,5;0;0
2023-2024;01801;Pavia - Università degli studi;115   ;Borse di studio post-lauream - N. borse finanziate mediante convenzione con altri enti pubblici;;;8;0;0
2023-2024;01801;Pavia - Università degli studi;116   ;Borse di studio post-lauream - N. borse finanziate mediante convenzione con enti privati;;;97,5;0;0
2023-2024;01802;Pavia - Istituto universitario di studi superiori;030   ;Borse di studio - N. borse di studio concesse con fondi dell'ATENEO/MIUR;0;0;6;0;0
2023-2024;01802;Pavia - Istituto universitario di studi superiori;061   ;Mobilità internazionale - N. iscritti nell'ateneo in mobilità internazionale (studenti in uscita);14;0;144;0;0
2023-2024;01802;Pavia - Istituto universitario di studi superiori;061c  ;Mobilità internazionale - N. iscritti nell'ateneo in mobilità internazionale (studenti in uscita)- di cui studenti SENZA borsa;0;0;5;0;0
2023-2024;01802;Pavia - Istituto universitario di studi superiori;061m  ;Mobilità internazionale - N. iscritti nell'ateneo in mobilità internazionale (studenti in uscita)- di cui studenti in mobilità extraeuropea;3;0;21;0;0
2023-2024;01802;Pavia - Istituto universitario di studi superiori;061p  ;Mobilità internazionale - N. iscritti nell'ateneo in mobilità internazionale (studenti in uscita)- di cui dottorandi percettori di borsa che usufruiscono della maggiorazione del 50%;;;137;;
2023-2024;01802;Pavia - Istituto universitario di studi superiori;063   ;Mobilità internazionale - N. iscritti in atenei esteri in mobilità internazionale presso l'ateneo italiano (studenti in entrata);0;0;0;0;0
2023-2024;01802;Pavia - Istituto universitario di studi superiori;063c  ;Mobilità internazionale - N. iscritti in atenei esteri in mobilità internazionale presso l'ateneo italiano (studenti in entrata) - di cui studenti con borsa dell'Ateneo italiano;0;0;0;0;0
2023-2024;01802;Pavia - Istituto universitario di studi superiori;064   ;Mobilità internazionale - N. iscritti in atenei esteri in mobilità internazionale presso l'ateneo italiano (studenti in entrata)- di cui studenti provenienti da Paesi extraeuropei;0;0;0;0;0
2023-2024;01802;Pavia - Istituto universitario di studi superiori;073   ;Interventi a favore di studenti in situazione di disabilità - N. contributi finanziari;0;0;0;0;0
2023-2024;01802;Pavia - Istituto universitario di studi superiori;074   ;Interventi a favore di studenti in situazione di disabilità - N. interventi non finanziari;0;0;0;0;0
2023-2024;01802;Pavia - Istituto universitario di studi superiori;081   ;Attività di collaborazione a tempo parziale - N. collaborazioni;0;0;0;0;0
2023-2024;01802;Pavia - Istituto universitario di studi superiori;091   ;Posti alloggio e contributi-alloggio - N. domande posti alloggio;0;0;0;0;0
2023-2024;01802;Pavia - Istituto universitario di studi superiori;092   ;Posti alloggio e contributi-alloggio - N. posti alloggio assegnati;0;0;0;0;0
2023-2024;01802;Pavia - Istituto universitario di studi superiori;092c  ;Posti alloggio e contributi-alloggio - N. posti alloggio assegnati - di cui assegnati in strutture convenzionate o private;0;0;0;0;0
2023-2024;01802;Pavia - Istituto universitario di studi superiori;093   ;Posti alloggio e contributi-alloggio - N. domande contributi-alloggio;0;0;0;0;0
2023-2024;01802;Pavia - Istituto universitario di studi superiori;094   ;Posti alloggio e contributi-alloggio - N. contributi-alloggio assegnati;0;0;0;0;0
2023-2024;01802;Pavia - Istituto universitario di studi superiori;101   ;Altri interventi di tipo finanziario - N. prestiti agevolati concessi da istituti di credito convenzionati;0;0;0;0;0
2023-2024;01802;Pavia - Istituto universitario di studi superiori;101a  ;Altri interventi di tipo finanziario - N. prestiti agevolati concessi da istituti di credito convenzionati - di cui con contributo in conto interesse e/o in conto capitale a carico dell'Ateneo;0;0;0;0;0
2023-2024;01802;Pavia - Istituto universitario di studi superiori;104   ;Altri interventi di tipo finanziario - N. altri sussidi erogati;0;0;0;0;0
2023-2024;01802;Pavia - Istituto universitario di studi superiori;111a  ;Borse di studio post-lauream - N. borse finanziate con fondi MIUR;;;77;0;0
2023-2024;01802;Pavia - Istituto universitario di studi superiori;111b  ;Borse di studio post-lauream - N. borse finanziate da altri Ministeri;;;0;0;0
2023-2024;01802;Pavia - Istituto universitario di studi superiori;112   ;Borse di studio post-lauream - N. borse finanziate dall'Ateneo con fondi propri;;;8,5;0;0
2023-2024;01802;Pavia - Istituto universitario di studi superiori;113   ;Borse di studio post-lauream - N. borse finanziate mediante convenzione con altri Atenei;;;171;0;0
2023-2024;01802;Pavia - Istituto universitario di studi superiori;114   ;Borse di studio post-lauream - N. borse finanziate con fondi UE;;;113,5;0;0
2023-2024;01802;Pavia - Istituto universitario di studi superiori;115   ;Borse di studio post-lauream - N. borse finanziate mediante convenzione con altri enti pubblici;;;5;0;0
2023-2024;01802;Pavia - Istituto universitario di studi superiori;116   ;Borse di studio post-lauream - N. borse finanziate mediante convenzione con enti privati;;;24;0;0
2023-2024;02101;Bolzano - Libera Università;030   ;Borse di studio - N. borse di studio concesse con fondi dell'ATENEO/MIUR;0;0;0;0;0
2023-2024;02101;Bolzano - Libera Università;061   ;Mobilità internazionale - N. iscritti nell'ateneo in mobilità internazionale (studenti in uscita);129;3;92;0;0
2023-2024;02101;Bolzano - Libera Università;061c  ;Mobilità internazionale - N. iscritti nell'ateneo in mobilità internazionale (studenti in uscita)- di cui studenti SENZA borsa;9;1;92;0;0
2023-2024;02101;Bolzano - Libera Università;061m  ;Mobilità internazionale - N. iscritti nell'ateneo in mobilità internazionale (studenti in uscita)- di cui studenti in mobilità extraeuropea;1;1;15;0;0
2023-2024;02101;Bolzano - Libera Università;061p  ;Mobilità internazionale - N. iscritti nell'ateneo in mobilità internazionale (studenti in uscita)- di cui dottorandi percettori di borsa che usufruiscono della maggiorazione del 50%;;;0;;
2023-2024;02101;Bolzano - Libera Università;063   ;Mobilità internazionale - N. iscritti in atenei esteri in mobilità internazionale presso l'ateneo italiano (studenti in entrata);60;15;0;0;0
2023-2024;02101;Bolzano - Libera Università;063c  ;Mobilità internazionale - N. iscritti in atenei esteri in mobilità internazionale presso l'ateneo italiano (studenti in entrata) - di cui studenti con borsa dell'Ateneo italiano;0;0;0;0;0
2023-2024;02101;Bolzano - Libera Università;064   ;Mobilità internazionale - N. iscritti in atenei esteri in mobilità internazionale presso l'ateneo italiano (studenti in entrata)- di cui studenti provenienti da Paesi extraeuropei;4;4;0;0;0
2023-2024;02101;Bolzano - Libera Università;073   ;Interventi a favore di studenti in situazione di disabilità - N. contributi finanziari;9;0;N;0;0
2023-2024;02101;Bolzano - Libera Università;074   ;Interventi a favore di studenti in situazione di disabilità - N. interventi non finanziari;293;4;N;0;0
2023-2024;02101;Bolzano - Libera Università;081   ;Attività di collaborazione a tempo parziale - N. collaborazioni;289;26;0;0;0
2023-2024;02101;Bolzano - Libera Università;091   ;Posti alloggio e contributi-alloggio - N. domande posti alloggio;0;0;0;0;0
2023-2024;02101;Bolzano - Libera Università;092   ;Posti alloggio e contributi-alloggio - N. posti alloggio assegnati;0;0;0;0;0
2023-2024;02101;Bolzano - Libera Università;092c  ;Posti alloggio e contributi-alloggio - N. posti alloggio assegnati - di cui assegnati in strutture convenzionate o private;0;0;0;0;0
2023-2024;02101;Bolzano - Libera Università;093   ;Posti alloggio e contributi-alloggio - N. domande contributi-alloggio;0;0;0;0;0
2023-2024;02101;Bolzano - Libera Università;094   ;Posti alloggio e contributi-alloggio - N. contributi-alloggio assegnati;0;0;0;0;0
2023-2024;02101;Bolzano - Libera Università;101   ;Altri interventi di tipo finanziario - N. prestiti agevolati concessi da istituti di credito convenzionati;0;0;0;0;0
2023-2024;02101;Bolzano - Libera Università;101a  ;Altri interventi di tipo finanziario - N. prestiti agevolati concessi da istituti di credito convenzionati - di cui con contributo in conto interesse e/o in conto capitale a carico dell'Ateneo;0;0;0;0;0
2023-2024;02101;Bolzano - Libera Università;104   ;Altri interventi di tipo finanziario - N. altri sussidi erogati;0;0;0;0;0
2023-2024;02101;Bolzano - Libera Università;111a  ;Borse di studio post-lauream - N. borse finanziate con fondi MIUR;;;0;0;0
2023-2024;02101;Bolzano - Libera Università;111b  ;Borse di studio post-lauream - N. borse finanziate da altri Ministeri;;;0;0;0
2023-2024;02101;Bolzano - Libera Università;112   ;Borse di studio post-lauream - N. borse finanziate dall'Ateneo con fondi propri;;;134;0;0
2023-2024;02101;Bolzano - Libera Università;113   ;Borse di studio post-lauream - N. borse finanziate mediante convenzione con altri Atenei;;;2;0;0
2023-2024;02101;Bolzano - Libera Università;114   ;Borse di studio post-lauream - N. borse finanziate con fondi UE;;;41;0;0
2023-2024;02101;Bolzano - Libera Università;115   ;Borse di studio post-lauream - N. borse finanziate mediante convenzione con altri enti pubblici;;;9,33;0;0
2023-2024;02101;Bolzano - Libera Università;116   ;Borse di studio post-lauream - N. borse finanziate mediante convenzione con enti privati;;;28,67;0;0
2023-2024;02201;Trento - Università degli studi;030   ;Borse di studio - N. borse di studio concesse con fondi dell'ATENEO/MIUR;519;251;209;0;0
2023-2024;02201;Trento - Università degli studi;061   ;Mobilità internazionale - N. iscritti nell'ateneo in mobilità internazionale (studenti in uscita);1180;96;254;0;0
2023-2024;02201;Trento - Università degli studi;061c  ;Mobilità internazionale - N. iscritti nell'ateneo in mobilità internazionale (studenti in uscita)- di cui studenti SENZA borsa;84;22;174;0;0
2023-2024;02201;Trento - Università degli studi;061m  ;Mobilità internazionale - N. iscritti nell'ateneo in mobilità internazionale (studenti in uscita)- di cui studenti in mobilità extraeuropea;113;6;39;0;0
2023-2024;02201;Trento - Università degli studi;061p  ;Mobilità internazionale - N. iscritti nell'ateneo in mobilità internazionale (studenti in uscita)- di cui dottorandi percettori di borsa che usufruiscono della maggiorazione del 50%;;;62;;
2023-2024;02201;Trento - Università degli studi;063   ;Mobilità internazionale - N. iscritti in atenei esteri in mobilità internazionale presso l'ateneo italiano (studenti in entrata);844;296;81;0;0
2023-2024;02201;Trento - Università degli studi;063c  ;Mobilità internazionale - N. iscritti in atenei esteri in mobilità internazionale presso l'ateneo italiano (studenti in entrata) - di cui studenti con borsa dell'Ateneo italiano;0;0;0;0;0
2023-2024;02201;Trento - Università degli studi;064   ;Mobilità internazionale - N. iscritti in atenei esteri in mobilità internazionale presso l'ateneo italiano (studenti in entrata)- di cui studenti provenienti da Paesi extraeuropei;149;146;40;0;0
2023-2024;02201;Trento - Università degli studi;073   ;Interventi a favore di studenti in situazione di disabilità - N. contributi finanziari;0;0;0;0;0
2023-2024;02201;Trento - Università degli studi;074   ;Interventi a favore di studenti in situazione di disabilità - N. interventi non finanziari;0;0;0;0;0
2023-2024;02201;Trento - Università degli studi;081   ;Attività di collaborazione a tempo parziale - N. collaborazioni;425;12;0;0;0
2023-2024;02201;Trento - Università degli studi;091   ;Posti alloggio e contributi-alloggio - N. domande posti alloggio;231;29;0;0;0
2023-2024;02201;Trento - Università degli studi;092   ;Posti alloggio e contributi-alloggio - N. posti alloggio assegnati;73;1;0;0;0
2023-2024;02201;Trento - Università degli studi;092c  ;Posti alloggio e contributi-alloggio - N. posti alloggio assegnati - di cui assegnati in strutture convenzionate o private;0;0;0;0;0
2023-2024;02201;Trento - Università degli studi;093   ;Posti alloggio e contributi-alloggio - N. domande contributi-alloggio;0;0;0;0;0
2023-2024;02201;Trento - Università degli studi;094   ;Posti alloggio e contributi-alloggio - N. contributi-alloggio assegnati;0;0;0;0;0
2023-2024;02201;Trento - Università degli studi;101   ;Altri interventi di tipo finanziario - N. prestiti agevolati concessi da istituti di credito convenzionati;0;0;0;0;0
2023-2024;02201;Trento - Università degli studi;101a  ;Altri interventi di tipo finanziario - N. prestiti agevolati concessi da istituti di credito convenzionati - di cui con contributo in conto interesse e/o in conto capitale a carico dell'Ateneo;0;0;0;0;0
2023-2024;02201;Trento - Università degli studi;104   ;Altri interventi di tipo finanziario - N. altri sussidi erogati;0;0;0;0;0
2023-2024;02201;Trento - Università degli studi;111a  ;Borse di studio post-lauream - N. borse finanziate con fondi MIUR;;;42;0;0
2023-2024;02201;Trento - Università degli studi;111b  ;Borse di studio post-lauream - N. borse finanziate da altri Ministeri;;;0;0;0
2023-2024;02201;Trento - Università degli studi;112   ;Borse di studio post-lauream - N. borse finanziate dall'Ateneo con fondi propri;;;395,5;0;0
2023-2024;02201;Trento - Università degli studi;113   ;Borse di studio post-lauream - N. borse finanziate mediante convenzione con altri Atenei;;;36;0;0
2023-2024;02201;Trento - Università degli studi;114   ;Borse di studio post-lauream - N. borse finanziate con fondi UE;;;125;0;0
2023-2024;02201;Trento - Università degli studi;115   ;Borse di studio post-lauream - N. borse finanziate mediante convenzione con altri enti pubblici;;;114;0;0
2023-2024;02201;Trento - Università degli studi;116   ;Borse di studio post-lauream - N. borse finanziate mediante convenzione con enti privati;;;35,5;0;0
2023-2024;02301;Verona - Università degli studi;030   ;Borse di studio - N. borse di studio concesse con fondi dell'ATENEO/MIUR;304;8;197;0;0
2023-2024;02301;Verona - Università degli studi;061   ;Mobilità internazionale - N. iscritti nell'ateneo in mobilità internazionale (studenti in uscita);782;28;140;0;0
2023-2024;02301;Verona - Università degli studi;061c  ;Mobilità internazionale - N. iscritti nell'ateneo in mobilità internazionale (studenti in uscita)- di cui studenti SENZA borsa;35;2;1;0;0
2023-2024;02301;Verona - Università degli studi;061m  ;Mobilità internazionale - N. iscritti nell'ateneo in mobilità internazionale (studenti in uscita)- di cui studenti in mobilità extraeuropea;13;0;20;0;0
2023-2024;02301;Verona - Università degli studi;061p  ;Mobilità internazionale - N. iscritti nell'ateneo in mobilità internazionale (studenti in uscita)- di cui dottorandi percettori di borsa che usufruiscono della maggiorazione del 50%;;;124;;
2023-2024;02301;Verona - Università degli studi;063   ;Mobilità internazionale - N. iscritti in atenei esteri in mobilità internazionale presso l'ateneo italiano (studenti in entrata);421;91;0;0;0
2023-2024;02301;Verona - Università degli studi;063c  ;Mobilità internazionale - N. iscritti in atenei esteri in mobilità internazionale presso l'ateneo italiano (studenti in entrata) - di cui studenti con borsa dell'Ateneo italiano;0;0;0;0;0
2023-2024;02301;Verona - Università degli studi;064   ;Mobilità internazionale - N. iscritti in atenei esteri in mobilità internazionale presso l'ateneo italiano (studenti in entrata)- di cui studenti provenienti da Paesi extraeuropei;45;43;0;0;0
2023-2024;02301;Verona - Università degli studi;073   ;Interventi a favore di studenti in situazione di disabilità - N. contributi finanziari;0;0;0;0;0
2023-2024;02301;Verona - Università degli studi;074   ;Interventi a favore di studenti in situazione di disabilità - N. interventi non finanziari;429;0;3;0;0
2023-2024;02301;Verona - Università degli studi;081   ;Attività di collaborazione a tempo parziale - N. collaborazioni;533;30;0;0;0
2023-2024;02301;Verona - Università degli studi;091   ;Posti alloggio e contributi-alloggio - N. domande posti alloggio;0;0;0;0;0
2023-2024;02301;Verona - Università degli studi;092   ;Posti alloggio e contributi-alloggio - N. posti alloggio assegnati;0;0;0;0;0
2023-2024;02301;Verona - Università degli studi;092c  ;Posti alloggio e contributi-alloggio - N. posti alloggio assegnati - di cui assegnati in strutture convenzionate o private;0;0;0;0;0
2023-2024;02301;Verona - Università degli studi;093   ;Posti alloggio e contributi-alloggio - N. domande contributi-alloggio;0;0;0;0;0
2023-2024;02301;Verona - Università degli studi;094   ;Posti alloggio e contributi-alloggio - N. contributi-alloggio assegnati;0;0;0;0;0
2023-2024;02301;Verona - Università degli studi;101   ;Altri interventi di tipo finanziario - N. prestiti agevolati concessi da istituti di credito convenzionati;0;0;0;0;0
2023-2024;02301;Verona - Università degli studi;101a  ;Altri interventi di tipo finanziario - N. prestiti agevolati concessi da istituti di credito convenzionati - di cui con contributo in conto interesse e/o in conto capitale a carico dell'Ateneo;0;0;0;0;0
2023-2024;02301;Verona - Università degli studi;104   ;Altri interventi di tipo finanziario - N. altri sussidi erogati;1;0;0;0;0
2023-2024;02301;Verona - Università degli studi;111a  ;Borse di studio post-lauream - N. borse finanziate con fondi MIUR;;;111;0;0
2023-2024;02301;Verona - Università degli studi;111b  ;Borse di studio post-lauream - N. borse finanziate da altri Ministeri;;;2;0;0
2023-2024;02301;Verona - Università degli studi;112   ;Borse di studio post-lauream - N. borse finanziate dall'Ateneo con fondi propri;;;202;0;75
2023-2024;02301;Verona - Università degli studi;113   ;Borse di studio post-lauream - N. borse finanziate mediante convenzione con altri Atenei;;;23,5;0;0
2023-2024;02301;Verona - Università degli studi;114   ;Borse di studio post-lauream - N. borse finanziate con fondi UE;;;109;0;0
2023-2024;02301;Verona - Università degli studi;115   ;Borse di studio post-lauream - N. borse finanziate mediante convenzione con altri enti pubblici;;;3;0;23
2023-2024;02301;Verona - Università degli studi;116   ;Borse di studio post-lauream - N. borse finanziate mediante convenzione con enti privati;;;32,5;0;32
2023-2024;02701;Venezia - Università Ca' Foscari Venezia;030   ;Borse di studio - N. borse di studio concesse con fondi dell'ATENEO/MIUR;209;8;119;0;0
2023-2024;02701;Venezia - Università Ca' Foscari Venezia;061   ;Mobilità internazionale - N. iscritti nell'ateneo in mobilità internazionale (studenti in uscita);1125;73;6;0;0
2023-2024;02701;Venezia - Università Ca' Foscari Venezia;061c  ;Mobilità internazionale - N. iscritti nell'ateneo in mobilità internazionale (studenti in uscita)- di cui studenti SENZA borsa;72;4;3;0;0
2023-2024;02701;Venezia - Università Ca' Foscari Venezia;061m  ;Mobilità internazionale - N. iscritti nell'ateneo in mobilità internazionale (studenti in uscita)- di cui studenti in mobilità extraeuropea;446;14;3;0;0
2023-2024;02701;Venezia - Università Ca' Foscari Venezia;061p  ;Mobilità internazionale - N. iscritti nell'ateneo in mobilità internazionale (studenti in uscita)- di cui dottorandi percettori di borsa che usufruiscono della maggiorazione del 50%;;;0;;
2023-2024;02701;Venezia - Università Ca' Foscari Venezia;063   ;Mobilità internazionale - N. iscritti in atenei esteri in mobilità internazionale presso l'ateneo italiano (studenti in entrata);735;457;0;0;0
2023-2024;02701;Venezia - Università Ca' Foscari Venezia;063c  ;Mobilità internazionale - N. iscritti in atenei esteri in mobilità internazionale presso l'ateneo italiano (studenti in entrata) - di cui studenti con borsa dell'Ateneo italiano;0;0;0;0;0
2023-2024;02701;Venezia - Università Ca' Foscari Venezia;064   ;Mobilità internazionale - N. iscritti in atenei esteri in mobilità internazionale presso l'ateneo italiano (studenti in entrata)- di cui studenti provenienti da Paesi extraeuropei;294;291;0;0;0
2023-2024;02701;Venezia - Università Ca' Foscari Venezia;073   ;Interventi a favore di studenti in situazione di disabilità - N. contributi finanziari;0;0;0;0;0
2023-2024;02701;Venezia - Università Ca' Foscari Venezia;074   ;Interventi a favore di studenti in situazione di disabilità - N. interventi non finanziari;132;0;0;0;N
2023-2024;02701;Venezia - Università Ca' Foscari Venezia;081   ;Attività di collaborazione a tempo parziale - N. collaborazioni;251;15;1;0;0
2023-2024;02701;Venezia - Università Ca' Foscari Venezia;091   ;Posti alloggio e contributi-alloggio - N. domande posti alloggio;949;236;28;0;0
2023-2024;02701;Venezia - Università Ca' Foscari Venezia;092   ;Posti alloggio e contributi-alloggio - N. posti alloggio assegnati;949;236;28;0;0
2023-2024;02701;Venezia - Università Ca' Foscari Venezia;092c  ;Posti alloggio e contributi-alloggio - N. posti alloggio assegnati - di cui assegnati in strutture convenzionate o private;949;236;28;0;0
2023-2024;02701;Venezia - Università Ca' Foscari Venezia;093   ;Posti alloggio e contributi-alloggio - N. domande contributi-alloggio;26;2;1;0;0
2023-2024;02701;Venezia - Università Ca' Foscari Venezia;094   ;Posti alloggio e contributi-alloggio - N. contributi-alloggio assegnati;26;2;1;0;0
2023-2024;02701;Venezia - Università Ca' Foscari Venezia;101   ;Altri interventi di tipo finanziario - N. prestiti agevolati concessi da istituti di credito convenzionati;29;4;3;0;6
2023-2024;02701;Venezia - Università Ca' Foscari Venezia;101a  ;Altri interventi di tipo finanziario - N. prestiti agevolati concessi da istituti di credito convenzionati - di cui con contributo in conto interesse e/o in conto capitale a carico dell'Ateneo;0;0;0;0;0
2023-2024;02701;Venezia - Università Ca' Foscari Venezia;104   ;Altri interventi di tipo finanziario - N. altri sussidi erogati;57;0;0;0;0
2023-2024;02701;Venezia - Università Ca' Foscari Venezia;111a  ;Borse di studio post-lauream - N. borse finanziate con fondi MIUR;;;107,33;0;0
2023-2024;02701;Venezia - Università Ca' Foscari Venezia;111b  ;Borse di studio post-lauream - N. borse finanziate da altri Ministeri;;;0;0;0
2023-2024;02701;Venezia - Università Ca' Foscari Venezia;112   ;Borse di studio post-lauream - N. borse finanziate dall'Ateneo con fondi propri;;;142,17;0;0
2023-2024;02701;Venezia - Università Ca' Foscari Venezia;113   ;Borse di studio post-lauream - N. borse finanziate mediante convenzione con altri Atenei;;;31,5;0;0
2023-2024;02701;Venezia - Università Ca' Foscari Venezia;114   ;Borse di studio post-lauream - N. borse finanziate con fondi UE;;;55,17;0;0
2023-2024;02701;Venezia - Università Ca' Foscari Venezia;115   ;Borse di studio post-lauream - N. borse finanziate mediante convenzione con altri enti pubblici;;;30;0;0
2023-2024;02701;Venezia - Università Ca' Foscari Venezia;116   ;Borse di studio post-lauream - N. borse finanziate mediante convenzione con enti privati;;;12,83;0;0
2023-2024;02702;Venezia - Università IUAV;030   ;Borse di studio - N. borse di studio concesse con fondi dell'ATENEO/MIUR;296;64;17;0;0
2023-2024;02702;Venezia - Università IUAV;061   ;Mobilità internazionale - N. iscritti nell'ateneo in mobilità internazionale (studenti in uscita);235;16;111;0;6
2023-2024;02702;Venezia - Università IUAV;061c  ;Mobilità internazionale - N. iscritti nell'ateneo in mobilità internazionale (studenti in uscita)- di cui studenti SENZA borsa;12;1;51;0;0
2023-2024;02702;Venezia - Università IUAV;061m  ;Mobilità internazionale - N. iscritti nell'ateneo in mobilità internazionale (studenti in uscita)- di cui studenti in mobilità extraeuropea;22;6;13;0;0
2023-2024;02702;Venezia - Università IUAV;061p  ;Mobilità internazionale - N. iscritti nell'ateneo in mobilità internazionale (studenti in uscita)- di cui dottorandi percettori di borsa che usufruiscono della maggiorazione del 50%;;;37;;
2023-2024;02702;Venezia - Università IUAV;063   ;Mobilità internazionale - N. iscritti in atenei esteri in mobilità internazionale presso l'ateneo italiano (studenti in entrata);209;97;13;0;0
2023-2024;02702;Venezia - Università IUAV;063c  ;Mobilità internazionale - N. iscritti in atenei esteri in mobilità internazionale presso l'ateneo italiano (studenti in entrata) - di cui studenti con borsa dell'Ateneo italiano;0;0;0;0;0
2023-2024;02702;Venezia - Università IUAV;064   ;Mobilità internazionale - N. iscritti in atenei esteri in mobilità internazionale presso l'ateneo italiano (studenti in entrata)- di cui studenti provenienti da Paesi extraeuropei;78;77;4;0;0
2023-2024;02702;Venezia - Università IUAV;073   ;Interventi a favore di studenti in situazione di disabilità - N. contributi finanziari;0;0;0;0;0
2023-2024;02702;Venezia - Università IUAV;074   ;Interventi a favore di studenti in situazione di disabilità - N. interventi non finanziari;7;0;0;0;0
2023-2024;02702;Venezia - Università IUAV;081   ;Attività di collaborazione a tempo parziale - N. collaborazioni;46;15;0;0;0
2023-2024;02702;Venezia - Università IUAV;091   ;Posti alloggio e contributi-alloggio - N. domande posti alloggio;0;0;0;0;0
2023-2024;02702;Venezia - Università IUAV;092   ;Posti alloggio e contributi-alloggio - N. posti alloggio assegnati;0;0;0;0;0
2023-2024;02702;Venezia - Università IUAV;092c  ;Posti alloggio e contributi-alloggio - N. posti alloggio assegnati - di cui assegnati in strutture convenzionate o private;0;0;0;0;0
2023-2024;02702;Venezia - Università IUAV;093   ;Posti alloggio e contributi-alloggio - N. domande contributi-alloggio;16;1;0;0;0
2023-2024;02702;Venezia - Università IUAV;094   ;Posti alloggio e contributi-alloggio - N. contributi-alloggio assegnati;9;0;0;0;0
2023-2024;02702;Venezia - Università IUAV;101   ;Altri interventi di tipo finanziario - N. prestiti agevolati concessi da istituti di credito convenzionati;8;2;0;0;3
2023-2024;02702;Venezia - Università IUAV;101a  ;Altri interventi di tipo finanziario - N. prestiti agevolati concessi da istituti di credito convenzionati - di cui con contributo in conto interesse e/o in conto capitale a carico dell'Ateneo;0;0;0;0;0
2023-2024;02702;Venezia - Università IUAV;104   ;Altri interventi di tipo finanziario - N. altri sussidi erogati;0;0;0;0;0
2023-2024;02702;Venezia - Università IUAV;111a  ;Borse di studio post-lauream - N. borse finanziate con fondi MIUR;;;42;0;0
2023-2024;02702;Venezia - Università IUAV;111b  ;Borse di studio post-lauream - N. borse finanziate da altri Ministeri;;;0;0;0
2023-2024;02702;Venezia - Università IUAV;112   ;Borse di studio post-lauream - N. borse finanziate dall'Ateneo con fondi propri;;;25;4;0
2023-2024;02702;Venezia - Università IUAV;113   ;Borse di studio post-lauream - N. borse finanziate mediante convenzione con altri Atenei;;;0;0;0
2023-2024;02702;Venezia - Università IUAV;114   ;Borse di studio post-lauream - N. borse finanziate con fondi UE;;;28,5;0;0
2023-2024;02702;Venezia - Università IUAV;115   ;Borse di studio post-lauream - N. borse finanziate mediante convenzione con altri enti pubblici;;;1;0;0
2023-2024;02702;Venezia - Università IUAV;116   ;Borse di studio post-lauream - N. borse finanziate mediante convenzione con enti privati;;;5,5;0;0
2023-2024;02801;Padova - Università degli studi;030   ;Borse di studio - N. borse di studio concesse con fondi dell'ATENEO/MIUR;1909;630;232;11;0
2023-2024;02801;Padova - Università degli studi;061   ;Mobilità internazionale - N. iscritti nell'ateneo in mobilità internazionale (studenti in uscita);2822;524;597;0;0
2023-2024;02801;Padova - Università degli studi;061c  ;Mobilità internazionale - N. iscritti nell'ateneo in mobilità internazionale (studenti in uscita)- di cui studenti SENZA borsa;723;221;63;0;0
2023-2024;02801;Padova - Università degli studi;061m  ;Mobilità internazionale - N. iscritti nell'ateneo in mobilità internazionale (studenti in uscita)- di cui studenti in mobilità extraeuropea;209;60;144;0;0
2023-2024;02801;Padova - Università degli studi;061p  ;Mobilità internazionale - N. iscritti nell'ateneo in mobilità internazionale (studenti in uscita)- di cui dottorandi percettori di borsa che usufruiscono della maggiorazione del 50%;;;497;;
2023-2024;02801;Padova - Università degli studi;063   ;Mobilità internazionale - N. iscritti in atenei esteri in mobilità internazionale presso l'ateneo italiano (studenti in entrata);2089;538;0;0;0
2023-2024;02801;Padova - Università degli studi;063c  ;Mobilità internazionale - N. iscritti in atenei esteri in mobilità internazionale presso l'ateneo italiano (studenti in entrata) - di cui studenti con borsa dell'Ateneo italiano;0;0;0;0;0
2023-2024;02801;Padova - Università degli studi;064   ;Mobilità internazionale - N. iscritti in atenei esteri in mobilità internazionale presso l'ateneo italiano (studenti in entrata)- di cui studenti provenienti da Paesi extraeuropei;225;222;0;0;0
2023-2024;02801;Padova - Università degli studi;073   ;Interventi a favore di studenti in situazione di disabilità - N. contributi finanziari;13;N;0;0;0
2023-2024;02801;Padova - Università degli studi;074   ;Interventi a favore di studenti in situazione di disabilità - N. interventi non finanziari;316;6;0;0;0
2023-2024;02801;Padova - Università degli studi;081   ;Attività di collaborazione a tempo parziale - N. collaborazioni;474;23;0;0;0
2023-2024;02801;Padova - Università degli studi;091   ;Posti alloggio e contributi-alloggio - N. domande posti alloggio;131;69;0;0;0
2023-2024;02801;Padova - Università degli studi;092   ;Posti alloggio e contributi-alloggio - N. posti alloggio assegnati;92;23;0;0;0
2023-2024;02801;Padova - Università degli studi;092c  ;Posti alloggio e contributi-alloggio - N. posti alloggio assegnati - di cui assegnati in strutture convenzionate o private;92;23;0;0;0
2023-2024;02801;Padova - Università degli studi;093   ;Posti alloggio e contributi-alloggio - N. domande contributi-alloggio;285;99;4;1;0
2023-2024;02801;Padova - Università degli studi;094   ;Posti alloggio e contributi-alloggio - N. contributi-alloggio assegnati;279;96;4;1;0
2023-2024;02801;Padova - Università degli studi;101   ;Altri interventi di tipo finanziario - N. prestiti agevolati concessi da istituti di credito convenzionati;16;0;0;0;5
2023-2024;02801;Padova - Università degli studi;101a  ;Altri interventi di tipo finanziario - N. prestiti agevolati concessi da istituti di credito convenzionati - di cui con contributo in conto interesse e/o in conto capitale a carico dell'Ateneo;0;0;0;0;0
2023-2024;02801;Padova - Università degli studi;104   ;Altri interventi di tipo finanziario - N. altri sussidi erogati;223;12;1;0;0
2023-2024;02801;Padova - Università degli studi;111a  ;Borse di studio post-lauream - N. borse finanziate con fondi MIUR;;;343;0;0
2023-2024;02801;Padova - Università degli studi;111b  ;Borse di studio post-lauream - N. borse finanziate da altri Ministeri;;;31,5;0;0
2023-2024;02801;Padova - Università degli studi;112   ;Borse di studio post-lauream - N. borse finanziate dall'Ateneo con fondi propri;;;396;55;0
2023-2024;02801;Padova - Università degli studi;113   ;Borse di studio post-lauream - N. borse finanziate mediante convenzione con altri Atenei;;;34;0;0
2023-2024;02801;Padova - Università degli studi;114   ;Borse di studio post-lauream - N. borse finanziate con fondi UE;;;606;0;0
2023-2024;02801;Padova - Università degli studi;115   ;Borse di studio post-lauream - N. borse finanziate mediante convenzione con altri enti pubblici;;;81,5;25;0
2023-2024;02801;Padova - Università degli studi;116   ;Borse di studio post-lauream - N. borse finanziate mediante convenzione con enti privati;;;297;0;0
2023-2024;03001;Udine - Università degli studi;030   ;Borse di studio - N. borse di studio concesse con fondi dell'ATENEO/MIUR;189;7;18;0;0
2023-2024;03001;Udine - Università degli studi;061   ;Mobilità internazionale - N. iscritti nell'ateneo in mobilità internazionale (studenti in uscita);622;11;79;2;4
2023-2024;03001;Udine - Università degli studi;061c  ;Mobilità internazionale - N. iscritti nell'ateneo in mobilità internazionale (studenti in uscita)- di cui studenti SENZA borsa;36;0;1;0;0
2023-2024;03001;Udine - Università degli studi;061m  ;Mobilità internazionale - N. iscritti nell'ateneo in mobilità internazionale (studenti in uscita)- di cui studenti in mobilità extraeuropea;72;0;17;0;0
2023-2024;03001;Udine - Università degli studi;061p  ;Mobilità internazionale - N. iscritti nell'ateneo in mobilità internazionale (studenti in uscita)- di cui dottorandi percettori di borsa che usufruiscono della maggiorazione del 50%;;;72;;
2023-2024;03001;Udine - Università degli studi;063   ;Mobilità internazionale - N. iscritti in atenei esteri in mobilità internazionale presso l'ateneo italiano (studenti in entrata);177;29;1;0;3
2023-2024;03001;Udine - Università degli studi;063c  ;Mobilità internazionale - N. iscritti in atenei esteri in mobilità internazionale presso l'ateneo italiano (studenti in entrata) - di cui studenti con borsa dell'Ateneo italiano;0;0;0;0;0
2023-2024;03001;Udine - Università degli studi;064   ;Mobilità internazionale - N. iscritti in atenei esteri in mobilità internazionale presso l'ateneo italiano (studenti in entrata)- di cui studenti provenienti da Paesi extraeuropei;8;8;0;0;0
2023-2024;03001;Udine - Università degli studi;073   ;Interventi a favore di studenti in situazione di disabilità - N. contributi finanziari;0;0;0;0;0
2023-2024;03001;Udine - Università degli studi;074   ;Interventi a favore di studenti in situazione di disabilità - N. interventi non finanziari;313;0;0;0;0
2023-2024;03001;Udine - Università degli studi;081   ;Attività di collaborazione a tempo parziale - N. collaborazioni;142;12;0;0;0
2023-2024;03001;Udine - Università degli studi;091   ;Posti alloggio e contributi-alloggio - N. domande posti alloggio;80;0;0;0;0
2023-2024;03001;Udine - Università degli studi;092   ;Posti alloggio e contributi-alloggio - N. posti alloggio assegnati;80;0;0;0;0
2023-2024;03001;Udine - Università degli studi;092c  ;Posti alloggio e contributi-alloggio - N. posti alloggio assegnati - di cui assegnati in strutture convenzionate o private;0;0;0;0;0
2023-2024;03001;Udine - Università degli studi;093   ;Posti alloggio e contributi-alloggio - N. domande contributi-alloggio;53;9;10;2;0
2023-2024;03001;Udine - Università degli studi;094   ;Posti alloggio e contributi-alloggio - N. contributi-alloggio assegnati;31;2;5;2;0
2023-2024;03001;Udine - Università degli studi;101   ;Altri interventi di tipo finanziario - N. prestiti agevolati concessi da istituti di credito convenzionati;0;0;0;0;0
2023-2024;03001;Udine - Università degli studi;101a  ;Altri interventi di tipo finanziario - N. prestiti agevolati concessi da istituti di credito convenzionati - di cui con contributo in conto interesse e/o in conto capitale a carico dell'Ateneo;0;0;0;0;0
2023-2024;03001;Udine - Università degli studi;104   ;Altri interventi di tipo finanziario - N. altri sussidi erogati;41;7;0;0;0
2023-2024;03001;Udine - Università degli studi;111a  ;Borse di studio post-lauream - N. borse finanziate con fondi MIUR;;;1;0;0
2023-2024;03001;Udine - Università degli studi;111b  ;Borse di studio post-lauream - N. borse finanziate da altri Ministeri;;;3;0;0
2023-2024;03001;Udine - Università degli studi;112   ;Borse di studio post-lauream - N. borse finanziate dall'Ateneo con fondi propri;;;178,5;0;0
2023-2024;03001;Udine - Università degli studi;113   ;Borse di studio post-lauream - N. borse finanziate mediante convenzione con altri Atenei;;;28;0;0
2023-2024;03001;Udine - Università degli studi;114   ;Borse di studio post-lauream - N. borse finanziate con fondi UE;;;35,5;0;0
2023-2024;03001;Udine - Università degli studi;115   ;Borse di studio post-lauream - N. borse finanziate mediante convenzione con altri enti pubblici;;;17;0;0
2023-2024;03001;Udine - Università degli studi;116   ;Borse di studio post-lauream - N. borse finanziate mediante convenzione con enti privati;;;23;0;0
2023-2024;03201;Trieste - Università degli studi;030   ;Borse di studio - N. borse di studio concesse con fondi dell'ATENEO/MIUR;23;1;32;0;0
2023-2024;03201;Trieste - Università degli studi;061   ;Mobilità internazionale - N. iscritti nell'ateneo in mobilità internazionale (studenti in uscita);400;9;3;0;0
2023-2024;03201;Trieste - Università degli studi;061c  ;Mobilità internazionale - N. iscritti nell'ateneo in mobilità internazionale (studenti in uscita)- di cui studenti SENZA borsa;12;0;2;0;0
2023-2024;03201;Trieste - Università degli studi;061m  ;Mobilità internazionale - N. iscritti nell'ateneo in mobilità internazionale (studenti in uscita)- di cui studenti in mobilità extraeuropea;6;0;1;0;0
2023-2024;03201;Trieste - Università degli studi;061p  ;Mobilità internazionale - N. iscritti nell'ateneo in mobilità internazionale (studenti in uscita)- di cui dottorandi percettori di borsa che usufruiscono della maggiorazione del 50%;;;0;;
2023-2024;03201;Trieste - Università degli studi;063   ;Mobilità internazionale - N. iscritti in atenei esteri in mobilità internazionale presso l'ateneo italiano (studenti in entrata);230;12;0;0;0
2023-2024;03201;Trieste - Università degli studi;063c  ;Mobilità internazionale - N. iscritti in atenei esteri in mobilità internazionale presso l'ateneo italiano (studenti in entrata) - di cui studenti con borsa dell'Ateneo italiano;0;0;0;0;0
2023-2024;03201;Trieste - Università degli studi;064   ;Mobilità internazionale - N. iscritti in atenei esteri in mobilità internazionale presso l'ateneo italiano (studenti in entrata)- di cui studenti provenienti da Paesi extraeuropei;1;1;0;0;0
2023-2024;03201;Trieste - Università degli studi;073   ;Interventi a favore di studenti in situazione di disabilità - N. contributi finanziari;0;0;0;0;0
2023-2024;03201;Trieste - Università degli studi;074   ;Interventi a favore di studenti in situazione di disabilità - N. interventi non finanziari;19;0;0;0;0
2023-2024;03201;Trieste - Università degli studi;081   ;Attività di collaborazione a tempo parziale - N. collaborazioni;49;2;0;0;0
2023-2024;03201;Trieste - Università degli studi;091   ;Posti alloggio e contributi-alloggio - N. domande posti alloggio;11;2;0;0;0
2023-2024;03201;Trieste - Università degli studi;092   ;Posti alloggio e contributi-alloggio - N. posti alloggio assegnati;0;0;0;0;0
2023-2024;03201;Trieste - Università degli studi;092c  ;Posti alloggio e contributi-alloggio - N. posti alloggio assegnati - di cui assegnati in strutture convenzionate o private;0;0;0;0;0
2023-2024;03201;Trieste - Università degli studi;093   ;Posti alloggio e contributi-alloggio - N. domande contributi-alloggio;0;0;0;0;0
2023-2024;03201;Trieste - Università degli studi;094   ;Posti alloggio e contributi-alloggio - N. contributi-alloggio assegnati;0;0;0;0;0
2023-2024;03201;Trieste - Università degli studi;101   ;Altri interventi di tipo finanziario - N. prestiti agevolati concessi da istituti di credito convenzionati;0;0;0;0;0
2023-2024;03201;Trieste - Università degli studi;101a  ;Altri interventi di tipo finanziario - N. prestiti agevolati concessi da istituti di credito convenzionati - di cui con contributo in conto interesse e/o in conto capitale a carico dell'Ateneo;0;0;0;0;0
2023-2024;03201;Trieste - Università degli studi;104   ;Altri interventi di tipo finanziario - N. altri sussidi erogati;49;4;0;0;0
2023-2024;03201;Trieste - Università degli studi;111a  ;Borse di studio post-lauream - N. borse finanziate con fondi MIUR;;;175,66;0;0
2023-2024;03201;Trieste - Università degli studi;111b  ;Borse di studio post-lauream - N. borse finanziate da altri Ministeri;;;0,5;0;0
2023-2024;03201;Trieste - Università degli studi;112   ;Borse di studio post-lauream - N. borse finanziate dall'Ateneo con fondi propri;;;13,17;0;0
2023-2024;03201;Trieste - Università degli studi;113   ;Borse di studio post-lauream - N. borse finanziate mediante convenzione con altri Atenei;;;31,33;0;0
2023-2024;03201;Trieste - Università degli studi;114   ;Borse di studio post-lauream - N. borse finanziate con fondi UE;;;138,5;0;0
2023-2024;03201;Trieste - Università degli studi;115   ;Borse di studio post-lauream - N. borse finanziate mediante convenzione con altri enti pubblici;;;51,17;0;0
2023-2024;03201;Trieste - Università degli studi;116   ;Borse di studio post-lauream - N. borse finanziate mediante convenzione con enti privati;;;55,67;0;5
2023-2024;03202;Trieste - Scuola internazionale superiore di studi avanzati;030   ;Borse di studio - N. borse di studio concesse con fondi dell'ATENEO/MIUR;0;0;0;0;0
2023-2024;03202;Trieste - Scuola internazionale superiore di studi avanzati;061   ;Mobilità internazionale - N. iscritti nell'ateneo in mobilità internazionale (studenti in uscita);0;0;351;0;0
2023-2024;03202;Trieste - Scuola internazionale superiore di studi avanzati;061c  ;Mobilità internazionale - N. iscritti nell'ateneo in mobilità internazionale (studenti in uscita)- di cui studenti SENZA borsa;0;0;9;0;0
2023-2024;03202;Trieste - Scuola internazionale superiore di studi avanzati;061m  ;Mobilità internazionale - N. iscritti nell'ateneo in mobilità internazionale (studenti in uscita)- di cui studenti in mobilità extraeuropea;0;0;49;0;0
2023-2024;03202;Trieste - Scuola internazionale superiore di studi avanzati;061p  ;Mobilità internazionale - N. iscritti nell'ateneo in mobilità internazionale (studenti in uscita)- di cui dottorandi percettori di borsa che usufruiscono della maggiorazione del 50%;;;37;;
2023-2024;03202;Trieste - Scuola internazionale superiore di studi avanzati;063   ;Mobilità internazionale - N. iscritti in atenei esteri in mobilità internazionale presso l'ateneo italiano (studenti in entrata);23;12;2;0;0
2023-2024;03202;Trieste - Scuola internazionale superiore di studi avanzati;063c  ;Mobilità internazionale - N. iscritti in atenei esteri in mobilità internazionale presso l'ateneo italiano (studenti in entrata) - di cui studenti con borsa dell'Ateneo italiano;0;0;0;0;0
2023-2024;03202;Trieste - Scuola internazionale superiore di studi avanzati;064   ;Mobilità internazionale - N. iscritti in atenei esteri in mobilità internazionale presso l'ateneo italiano (studenti in entrata)- di cui studenti provenienti da Paesi extraeuropei;7;6;0;0;0
2023-2024;03202;Trieste - Scuola internazionale superiore di studi avanzati;073   ;Interventi a favore di studenti in situazione di disabilità - N. contributi finanziari;0;0;0;0;0
2023-2024;03202;Trieste - Scuola internazionale superiore di studi avanzati;074   ;Interventi a favore di studenti in situazione di disabilità - N. interventi non finanziari;0;0;0;0;0
2023-2024;03202;Trieste - Scuola internazionale superiore di studi avanzati;081   ;Attività di collaborazione a tempo parziale - N. collaborazioni;0;0;79;0;0
2023-2024;03202;Trieste - Scuola internazionale superiore di studi avanzati;091   ;Posti alloggio e contributi-alloggio - N. domande posti alloggio;0;0;0;0;0
2023-2024;03202;Trieste - Scuola internazionale superiore di studi avanzati;092   ;Posti alloggio e contributi-alloggio - N. posti alloggio assegnati;0;0;0;0;0
2023-2024;03202;Trieste - Scuola internazionale superiore di studi avanzati;092c  ;Posti alloggio e contributi-alloggio - N. posti alloggio assegnati - di cui assegnati in strutture convenzionate o private;0;0;0;0;0
2023-2024;03202;Trieste - Scuola internazionale superiore di studi avanzati;093   ;Posti alloggio e contributi-alloggio - N. domande contributi-alloggio;0;0;0;0;0
2023-2024;03202;Trieste - Scuola internazionale superiore di studi avanzati;094   ;Posti alloggio e contributi-alloggio - N. contributi-alloggio assegnati;0;0;333;0;0
2023-2024;03202;Trieste - Scuola internazionale superiore di studi avanzati;101   ;Altri interventi di tipo finanziario - N. prestiti agevolati concessi da istituti di credito convenzionati;0;0;0;0;0
2023-2024;03202;Trieste - Scuola internazionale superiore di studi avanzati;101a  ;Altri interventi di tipo finanziario - N. prestiti agevolati concessi da istituti di credito convenzionati - di cui con contributo in conto interesse e/o in conto capitale a carico dell'Ateneo;0;0;0;0;0
2023-2024;03202;Trieste - Scuola internazionale superiore di studi avanzati;104   ;Altri interventi di tipo finanziario - N. altri sussidi erogati;0;0;130;0;0
2023-2024;03202;Trieste - Scuola internazionale superiore di studi avanzati;111a  ;Borse di studio post-lauream - N. borse finanziate con fondi MIUR;;;14;0;0
2023-2024;03202;Trieste - Scuola internazionale superiore di studi avanzati;111b  ;Borse di studio post-lauream - N. borse finanziate da altri Ministeri;;;0;0;0
2023-2024;03202;Trieste - Scuola internazionale superiore di studi avanzati;112   ;Borse di studio post-lauream - N. borse finanziate dall'Ateneo con fondi propri;;;217;0;0
2023-2024;03202;Trieste - Scuola internazionale superiore di studi avanzati;113   ;Borse di studio post-lauream - N. borse finanziate mediante convenzione con altri Atenei;;;1;0;0
2023-2024;03202;Trieste - Scuola internazionale superiore di studi avanzati;114   ;Borse di studio post-lauream - N. borse finanziate con fondi UE;;;31,5;0;0
2023-2024;03202;Trieste - Scuola internazionale superiore di studi avanzati;115   ;Borse di studio post-lauream - N. borse finanziate mediante convenzione con altri enti pubblici;;;3,5;0;0
2023-2024;03202;Trieste - Scuola internazionale superiore di studi avanzati;116   ;Borse di studio post-lauream - N. borse finanziate mediante convenzione con enti privati;;;7;0;0
2023-2024;03401;Parma - Università degli studi;030   ;Borse di studio - N. borse di studio concesse con fondi dell'ATENEO/MIUR;222;7;83;0;0
2023-2024;03401;Parma - Università degli studi;061   ;Mobilità internazionale - N. iscritti nell'ateneo in mobilità internazionale (studenti in uscita);476;36;160;15;0
2023-2024;03401;Parma - Università degli studi;061c  ;Mobilità internazionale - N. iscritti nell'ateneo in mobilità internazionale (studenti in uscita)- di cui studenti SENZA borsa;5;0;8;1;0
2023-2024;03401;Parma - Università degli studi;061m  ;Mobilità internazionale - N. iscritti nell'ateneo in mobilità internazionale (studenti in uscita)- di cui studenti in mobilità extraeuropea;69;7;32;0;0
2023-2024;03401;Parma - Università degli studi;061p  ;Mobilità internazionale - N. iscritti nell'ateneo in mobilità internazionale (studenti in uscita)- di cui dottorandi percettori di borsa che usufruiscono della maggiorazione del 50%;;;148;;
2023-2024;03401;Parma - Università degli studi;063   ;Mobilità internazionale - N. iscritti in atenei esteri in mobilità internazionale presso l'ateneo italiano (studenti in entrata);501;149;0;0;0
2023-2024;03401;Parma - Università degli studi;063c  ;Mobilità internazionale - N. iscritti in atenei esteri in mobilità internazionale presso l'ateneo italiano (studenti in entrata) - di cui studenti con borsa dell'Ateneo italiano;0;0;0;0;0
2023-2024;03401;Parma - Università degli studi;064   ;Mobilità internazionale - N. iscritti in atenei esteri in mobilità internazionale presso l'ateneo italiano (studenti in entrata)- di cui studenti provenienti da Paesi extraeuropei;52;39;0;0;0
2023-2024;03401;Parma - Università degli studi;073   ;Interventi a favore di studenti in situazione di disabilità - N. contributi finanziari;0;0;0;0;0
2023-2024;03401;Parma - Università degli studi;074   ;Interventi a favore di studenti in situazione di disabilità - N. interventi non finanziari;3984;0;0;0;0
2023-2024;03401;Parma - Università degli studi;081   ;Attività di collaborazione a tempo parziale - N. collaborazioni;143;25;2;0;0
2023-2024;03401;Parma - Università degli studi;091   ;Posti alloggio e contributi-alloggio - N. domande posti alloggio;0;0;0;0;0
2023-2024;03401;Parma - Università degli studi;092   ;Posti alloggio e contributi-alloggio - N. posti alloggio assegnati;0;0;0;0;0
2023-2024;03401;Parma - Università degli studi;092c  ;Posti alloggio e contributi-alloggio - N. posti alloggio assegnati - di cui assegnati in strutture convenzionate o private;0;0;0;0;0
2023-2024;03401;Parma - Università degli studi;093   ;Posti alloggio e contributi-alloggio - N. domande contributi-alloggio;190;50;10;0;0
2023-2024;03401;Parma - Università degli studi;094   ;Posti alloggio e contributi-alloggio - N. contributi-alloggio assegnati;176;42;10;0;0
2023-2024;03401;Parma - Università degli studi;101   ;Altri interventi di tipo finanziario - N. prestiti agevolati concessi da istituti di credito convenzionati;0;0;0;0;0
2023-2024;03401;Parma - Università degli studi;101a  ;Altri interventi di tipo finanziario - N. prestiti agevolati concessi da istituti di credito convenzionati - di cui con contributo in conto interesse e/o in conto capitale a carico dell'Ateneo;0;0;0;0;0
2023-2024;03401;Parma - Università degli studi;104   ;Altri interventi di tipo finanziario - N. altri sussidi erogati;0;0;3;0;0
2023-2024;03401;Parma - Università degli studi;111a  ;Borse di studio post-lauream - N. borse finanziate con fondi MIUR;;;149,5;0;0
2023-2024;03401;Parma - Università degli studi;111b  ;Borse di studio post-lauream - N. borse finanziate da altri Ministeri;;;0;0;0
2023-2024;03401;Parma - Università degli studi;112   ;Borse di studio post-lauream - N. borse finanziate dall'Ateneo con fondi propri;;;125,5;0;0
2023-2024;03401;Parma - Università degli studi;113   ;Borse di studio post-lauream - N. borse finanziate mediante convenzione con altri Atenei;;;21,5;0;0
2023-2024;03401;Parma - Università degli studi;114   ;Borse di studio post-lauream - N. borse finanziate con fondi UE;;;173;0;0
2023-2024;03401;Parma - Università degli studi;115   ;Borse di studio post-lauream - N. borse finanziate mediante convenzione con altri enti pubblici;;;14,5;0;0
2023-2024;03401;Parma - Università degli studi;116   ;Borse di studio post-lauream - N. borse finanziate mediante convenzione con enti privati;;;59;0;0
2023-2024;03601;Modena e Reggio Emilia - Università degli studi;030   ;Borse di studio - N. borse di studio concesse con fondi dell'ATENEO/MIUR;186;19;45;0;0
2023-2024;03601;Modena e Reggio Emilia - Università degli studi;061   ;Mobilità internazionale - N. iscritti nell'ateneo in mobilità internazionale (studenti in uscita);713;18;465;0;0
2023-2024;03601;Modena e Reggio Emilia - Università degli studi;061c  ;Mobilità internazionale - N. iscritti nell'ateneo in mobilità internazionale (studenti in uscita)- di cui studenti SENZA borsa;0;0;4;0;0
2023-2024;03601;Modena e Reggio Emilia - Università degli studi;061m  ;Mobilità internazionale - N. iscritti nell'ateneo in mobilità internazionale (studenti in uscita)- di cui studenti in mobilità extraeuropea;27;1;81;0;0
2023-2024;03601;Modena e Reggio Emilia - Università degli studi;061p  ;Mobilità internazionale - N. iscritti nell'ateneo in mobilità internazionale (studenti in uscita)- di cui dottorandi percettori di borsa che usufruiscono della maggiorazione del 50%;;;149;;
2023-2024;03601;Modena e Reggio Emilia - Università degli studi;063   ;Mobilità internazionale - N. iscritti in atenei esteri in mobilità internazionale presso l'ateneo italiano (studenti in entrata);378;57;0;0;0
2023-2024;03601;Modena e Reggio Emilia - Università degli studi;063c  ;Mobilità internazionale - N. iscritti in atenei esteri in mobilità internazionale presso l'ateneo italiano (studenti in entrata) - di cui studenti con borsa dell'Ateneo italiano;0;0;0;0;0
2023-2024;03601;Modena e Reggio Emilia - Università degli studi;064   ;Mobilità internazionale - N. iscritti in atenei esteri in mobilità internazionale presso l'ateneo italiano (studenti in entrata)- di cui studenti provenienti da Paesi extraeuropei;13;12;0;0;0
2023-2024;03601;Modena e Reggio Emilia - Università degli studi;073   ;Interventi a favore di studenti in situazione di disabilità - N. contributi finanziari;224;0;0;3;0
2023-2024;03601;Modena e Reggio Emilia - Università degli studi;074   ;Interventi a favore di studenti in situazione di disabilità - N. interventi non finanziari;100;9;0;0;0
2023-2024;03601;Modena e Reggio Emilia - Università degli studi;081   ;Attività di collaborazione a tempo parziale - N. collaborazioni;134;30;0;0;0
2023-2024;03601;Modena e Reggio Emilia - Università degli studi;091   ;Posti alloggio e contributi-alloggio - N. domande posti alloggio;36;8;28;0;0
2023-2024;03601;Modena e Reggio Emilia - Università degli studi;092   ;Posti alloggio e contributi-alloggio - N. posti alloggio assegnati;28;4;13;0;0
2023-2024;03601;Modena e Reggio Emilia - Università degli studi;092c  ;Posti alloggio e contributi-alloggio - N. posti alloggio assegnati - di cui assegnati in strutture convenzionate o private;0;0;0;0;0
2023-2024;03601;Modena e Reggio Emilia - Università degli studi;093   ;Posti alloggio e contributi-alloggio - N. domande contributi-alloggio;53;7;3;0;0
2023-2024;03601;Modena e Reggio Emilia - Università degli studi;094   ;Posti alloggio e contributi-alloggio - N. contributi-alloggio assegnati;53;7;3;0;0
2023-2024;03601;Modena e Reggio Emilia - Università degli studi;101   ;Altri interventi di tipo finanziario - N. prestiti agevolati concessi da istituti di credito convenzionati;0;0;0;0;0
2023-2024;03601;Modena e Reggio Emilia - Università degli studi;101a  ;Altri interventi di tipo finanziario - N. prestiti agevolati concessi da istituti di credito convenzionati - di cui con contributo in conto interesse e/o in conto capitale a carico dell'Ateneo;0;0;0;0;0
2023-2024;03601;Modena e Reggio Emilia - Università degli studi;104   ;Altri interventi di tipo finanziario - N. altri sussidi erogati;2211;181;24;40;0
2023-2024;03601;Modena e Reggio Emilia - Università degli studi;111a  ;Borse di studio post-lauream - N. borse finanziate con fondi MIUR;;;153;0;0
2023-2024;03601;Modena e Reggio Emilia - Università degli studi;111b  ;Borse di studio post-lauream - N. borse finanziate da altri Ministeri;;;0;0;0
2023-2024;03601;Modena e Reggio Emilia - Università degli studi;112   ;Borse di studio post-lauream - N. borse finanziate dall'Ateneo con fondi propri;;;33;0;0
2023-2024;03601;Modena e Reggio Emilia - Università degli studi;113   ;Borse di studio post-lauream - N. borse finanziate mediante convenzione con altri Atenei;;;23;0;0
2023-2024;03601;Modena e Reggio Emilia - Università degli studi;114   ;Borse di studio post-lauream - N. borse finanziate con fondi UE;;;200;0;0
2023-2024;03601;Modena e Reggio Emilia - Università degli studi;115   ;Borse di studio post-lauream - N. borse finanziate mediante convenzione con altri enti pubblici;;;30;0;0
2023-2024;03601;Modena e Reggio Emilia - Università degli studi;116   ;Borse di studio post-lauream - N. borse finanziate mediante convenzione con enti privati;;;96;0;0
2023-2024;03701;Bologna - Università degli studi;030   ;Borse di studio - N. borse di studio concesse con fondi dell'ATENEO/MIUR;955;131;7;0;0
2023-2024;03701;Bologna - Università degli studi;061   ;Mobilità internazionale - N. iscritti nell'ateneo in mobilità internazionale (studenti in uscita);3825;334;2255;0;0
2023-2024;03701;Bologna - Università degli studi;061c  ;Mobilità internazionale - N. iscritti nell'ateneo in mobilità internazionale (studenti in uscita)- di cui studenti SENZA borsa;89;7;23;0;0
2023-2024;03701;Bologna - Università degli studi;061m  ;Mobilità internazionale - N. iscritti nell'ateneo in mobilità internazionale (studenti in uscita)- di cui studenti in mobilità extraeuropea;404;31;378;0;0
2023-2024;03701;Bologna - Università degli studi;061p  ;Mobilità internazionale - N. iscritti nell'ateneo in mobilità internazionale (studenti in uscita)- di cui dottorandi percettori di borsa che usufruiscono della maggiorazione del 50%;;;672;;
2023-2024;03701;Bologna - Università degli studi;063   ;Mobilità internazionale - N. iscritti in atenei esteri in mobilità internazionale presso l'ateneo italiano (studenti in entrata);3929;1137;416;0;0
2023-2024;03701;Bologna - Università degli studi;063c  ;Mobilità internazionale - N. iscritti in atenei esteri in mobilità internazionale presso l'ateneo italiano (studenti in entrata) - di cui studenti con borsa dell'Ateneo italiano;0;0;0;0;0
2023-2024;03701;Bologna - Università degli studi;064   ;Mobilità internazionale - N. iscritti in atenei esteri in mobilità internazionale presso l'ateneo italiano (studenti in entrata)- di cui studenti provenienti da Paesi extraeuropei;743;658;110;0;0
2023-2024;03701;Bologna - Università degli studi;073   ;Interventi a favore di studenti in situazione di disabilità - N. contributi finanziari;190;5;0;0;0
2023-2024;03701;Bologna - Università degli studi;074   ;Interventi a favore di studenti in situazione di disabilità - N. interventi non finanziari;961;25;0;26;26
2023-2024;03701;Bologna - Università degli studi;081   ;Attività di collaborazione a tempo parziale - N. collaborazioni;1674;0;0;0;0
2023-2024;03701;Bologna - Università degli studi;091   ;Posti alloggio e contributi-alloggio - N. domande posti alloggio;0;0;0;0;0
2023-2024;03701;Bologna - Università degli studi;092   ;Posti alloggio e contributi-alloggio - N. posti alloggio assegnati;0;0;0;0;0
2023-2024;03701;Bologna - Università degli studi;092c  ;Posti alloggio e contributi-alloggio - N. posti alloggio assegnati - di cui assegnati in strutture convenzionate o private;0;0;0;0;0
2023-2024;03701;Bologna - Università degli studi;093   ;Posti alloggio e contributi-alloggio - N. domande contributi-alloggio;2298;74;0;0;0
2023-2024;03701;Bologna - Università degli studi;094   ;Posti alloggio e contributi-alloggio - N. contributi-alloggio assegnati;626;74;0;0;0
2023-2024;03701;Bologna - Università degli studi;101   ;Altri interventi di tipo finanziario - N. prestiti agevolati concessi da istituti di credito convenzionati;1;0;0;0;0
2023-2024;03701;Bologna - Università degli studi;101a  ;Altri interventi di tipo finanziario - N. prestiti agevolati concessi da istituti di credito convenzionati - di cui con contributo in conto interesse e/o in conto capitale a carico dell'Ateneo;0;0;0;0;0
2023-2024;03701;Bologna - Università degli studi;104   ;Altri interventi di tipo finanziario - N. altri sussidi erogati;0;0;0;0;0
2023-2024;03701;Bologna - Università degli studi;111a  ;Borse di studio post-lauream - N. borse finanziate con fondi MIUR;;;408,5;44;0
2023-2024;03701;Bologna - Università degli studi;111b  ;Borse di studio post-lauream - N. borse finanziate da altri Ministeri;;;0;0;18
2023-2024;03701;Bologna - Università degli studi;112   ;Borse di studio post-lauream - N. borse finanziate dall'Ateneo con fondi propri;;;580,5;5;0
2023-2024;03701;Bologna - Università degli studi;113   ;Borse di studio post-lauream - N. borse finanziate mediante convenzione con altri Atenei;;;20;1;0
2023-2024;03701;Bologna - Università degli studi;114   ;Borse di studio post-lauream - N. borse finanziate con fondi UE;;;582;0;0
2023-2024;03701;Bologna - Università degli studi;115   ;Borse di studio post-lauream - N. borse finanziate mediante convenzione con altri enti pubblici;;;213,5;16;6
2023-2024;03701;Bologna - Università degli studi;116   ;Borse di studio post-lauream - N. borse finanziate mediante convenzione con enti privati;;;218,5;0;0
2023-2024;03801;Ferrara - Università degli studi;030   ;Borse di studio - N. borse di studio concesse con fondi dell'ATENEO/MIUR;199;2;149;0;0
2023-2024;03801;Ferrara - Università degli studi;061   ;Mobilità internazionale - N. iscritti nell'ateneo in mobilità internazionale (studenti in uscita);380;10;172;0;5
2023-2024;03801;Ferrara - Università degli studi;061c  ;Mobilità internazionale - N. iscritti nell'ateneo in mobilità internazionale (studenti in uscita)- di cui studenti SENZA borsa;2;0;24;0;0
2023-2024;03801;Ferrara - Università degli studi;061m  ;Mobilità internazionale - N. iscritti nell'ateneo in mobilità internazionale (studenti in uscita)- di cui studenti in mobilità extraeuropea;2;0;30;0;0
2023-2024;03801;Ferrara - Università degli studi;061p  ;Mobilità internazionale - N. iscritti nell'ateneo in mobilità internazionale (studenti in uscita)- di cui dottorandi percettori di borsa che usufruiscono della maggiorazione del 50%;;;115;;
2023-2024;03801;Ferrara - Università degli studi;063   ;Mobilità internazionale - N. iscritti in atenei esteri in mobilità internazionale presso l'ateneo italiano (studenti in entrata);207;43;0;0;0
2023-2024;03801;Ferrara - Università degli studi;063c  ;Mobilità internazionale - N. iscritti in atenei esteri in mobilità internazionale presso l'ateneo italiano (studenti in entrata) - di cui studenti con borsa dell'Ateneo italiano;0;0;0;0;0
2023-2024;03801;Ferrara - Università degli studi;064   ;Mobilità internazionale - N. iscritti in atenei esteri in mobilità internazionale presso l'ateneo italiano (studenti in entrata)- di cui studenti provenienti da Paesi extraeuropei;23;23;0;0;0
2023-2024;03801;Ferrara - Università degli studi;073   ;Interventi a favore di studenti in situazione di disabilità - N. contributi finanziari;0;0;0;0;0
2023-2024;03801;Ferrara - Università degli studi;074   ;Interventi a favore di studenti in situazione di disabilità - N. interventi non finanziari;0;0;0;0;0
2023-2024;03801;Ferrara - Università degli studi;081   ;Attività di collaborazione a tempo parziale - N. collaborazioni;228;14;0;0;0
2023-2024;03801;Ferrara - Università degli studi;091   ;Posti alloggio e contributi-alloggio - N. domande posti alloggio;0;0;0;0;0
2023-2024;03801;Ferrara - Università degli studi;092   ;Posti alloggio e contributi-alloggio - N. posti alloggio assegnati;0;0;0;0;0
2023-2024;03801;Ferrara - Università degli studi;092c  ;Posti alloggio e contributi-alloggio - N. posti alloggio assegnati - di cui assegnati in strutture convenzionate o private;0;0;0;0;0
2023-2024;03801;Ferrara - Università degli studi;093   ;Posti alloggio e contributi-alloggio - N. domande contributi-alloggio;0;0;0;0;0
2023-2024;03801;Ferrara - Università degli studi;094   ;Posti alloggio e contributi-alloggio - N. contributi-alloggio assegnati;0;0;0;0;0
2023-2024;03801;Ferrara - Università degli studi;101   ;Altri interventi di tipo finanziario - N. prestiti agevolati concessi da istituti di credito convenzionati;0;0;0;0;0
2023-2024;03801;Ferrara - Università degli studi;101a  ;Altri interventi di tipo finanziario - N. prestiti agevolati concessi da istituti di credito convenzionati - di cui con contributo in conto interesse e/o in conto capitale a carico dell'Ateneo;0;0;0;0;0
2023-2024;03801;Ferrara - Università degli studi;104   ;Altri interventi di tipo finanziario - N. altri sussidi erogati;1237;36;0;0;0
2023-2024;03801;Ferrara - Università degli studi;111a  ;Borse di studio post-lauream - N. borse finanziate con fondi MIUR;;;74,33;0;0
2023-2024;03801;Ferrara - Università degli studi;111b  ;Borse di studio post-lauream - N. borse finanziate da altri Ministeri;;;0,33;0;0
2023-2024;03801;Ferrara - Università degli studi;112   ;Borse di studio post-lauream - N. borse finanziate dall'Ateneo con fondi propri;;;140,5;0;0
2023-2024;03801;Ferrara - Università degli studi;113   ;Borse di studio post-lauream - N. borse finanziate mediante convenzione con altri Atenei;;;14;0;0
2023-2024;03801;Ferrara - Università degli studi;114   ;Borse di studio post-lauream - N. borse finanziate con fondi UE;;;89,84;0;0
2023-2024;03801;Ferrara - Università degli studi;115   ;Borse di studio post-lauream - N. borse finanziate mediante convenzione con altri enti pubblici;;;49;0;0
2023-2024;03801;Ferrara - Università degli studi;116   ;Borse di studio post-lauream - N. borse finanziate mediante convenzione con enti privati;;;38;0;0
2023-2024;04101;"Urbino - Università degli studi ""Carlo Bo""";030   ;Borse di studio - N. borse di studio concesse con fondi dell'ATENEO/MIUR;86;4;3;0;0
2023-2024;04101;"Urbino - Università degli studi ""Carlo Bo""";061   ;Mobilità internazionale - N. iscritti nell'ateneo in mobilità internazionale (studenti in uscita);325;7;54;0;0
2023-2024;04101;"Urbino - Università degli studi ""Carlo Bo""";061c  ;Mobilità internazionale - N. iscritti nell'ateneo in mobilità internazionale (studenti in uscita)- di cui studenti SENZA borsa;1;0;4;0;0
2023-2024;04101;"Urbino - Università degli studi ""Carlo Bo""";061m  ;Mobilità internazionale - N. iscritti nell'ateneo in mobilità internazionale (studenti in uscita)- di cui studenti in mobilità extraeuropea;0;0;8;0;0
2023-2024;04101;"Urbino - Università degli studi ""Carlo Bo""";061p  ;Mobilità internazionale - N. iscritti nell'ateneo in mobilità internazionale (studenti in uscita)- di cui dottorandi percettori di borsa che usufruiscono della maggiorazione del 50%;;;47;;
2023-2024;04101;"Urbino - Università degli studi ""Carlo Bo""";063   ;Mobilità internazionale - N. iscritti in atenei esteri in mobilità internazionale presso l'ateneo italiano (studenti in entrata);90;13;0;0;0
2023-2024;04101;"Urbino - Università degli studi ""Carlo Bo""";063c  ;Mobilità internazionale - N. iscritti in atenei esteri in mobilità internazionale presso l'ateneo italiano (studenti in entrata) - di cui studenti con borsa dell'Ateneo italiano;0;0;0;0;0
2023-2024;04101;"Urbino - Università degli studi ""Carlo Bo""";064   ;Mobilità internazionale - N. iscritti in atenei esteri in mobilità internazionale presso l'ateneo italiano (studenti in entrata)- di cui studenti provenienti da Paesi extraeuropei;2;2;0;0;0
2023-2024;04101;"Urbino - Università degli studi ""Carlo Bo""";073   ;Interventi a favore di studenti in situazione di disabilità - N. contributi finanziari;0;0;0;0;0
2023-2024;04101;"Urbino - Università degli studi ""Carlo Bo""";074   ;Interventi a favore di studenti in situazione di disabilità - N. interventi non finanziari;0;0;0;0;0
2023-2024;04101;"Urbino - Università degli studi ""Carlo Bo""";081   ;Attività di collaborazione a tempo parziale - N. collaborazioni;0;0;0;0;0
2023-2024;04101;"Urbino - Università degli studi ""Carlo Bo""";091   ;Posti alloggio e contributi-alloggio - N. domande posti alloggio;0;0;0;0;0
2023-2024;04101;"Urbino - Università degli studi ""Carlo Bo""";092   ;Posti alloggio e contributi-alloggio - N. posti alloggio assegnati;0;0;0;0;0
2023-2024;04101;"Urbino - Università degli studi ""Carlo Bo""";092c  ;Posti alloggio e contributi-alloggio - N. posti alloggio assegnati - di cui assegnati in strutture convenzionate o private;0;0;0;0;0
2023-2024;04101;"Urbino - Università degli studi ""Carlo Bo""";093   ;Posti alloggio e contributi-alloggio - N. domande contributi-alloggio;370;9;0;0;0
2023-2024;04101;"Urbino - Università degli studi ""Carlo Bo""";094   ;Posti alloggio e contributi-alloggio - N. contributi-alloggio assegnati;201;9;0;0;0
2023-2024;04101;"Urbino - Università degli studi ""Carlo Bo""";101   ;Altri interventi di tipo finanziario - N. prestiti agevolati concessi da istituti di credito convenzionati;0;0;0;0;0
2023-2024;04101;"Urbino - Università degli studi ""Carlo Bo""";101a  ;Altri interventi di tipo finanziario - N. prestiti agevolati concessi da istituti di credito convenzionati - di cui con contributo in conto interesse e/o in conto capitale a carico dell'Ateneo;0;0;0;0;0
2023-2024;04101;"Urbino - Università degli studi ""Carlo Bo""";104   ;Altri interventi di tipo finanziario - N. altri sussidi erogati;0;0;0;0;0
2023-2024;04101;"Urbino - Università degli studi ""Carlo Bo""";111a  ;Borse di studio post-lauream - N. borse finanziate con fondi MIUR;;;81;0;0
2023-2024;04101;"Urbino - Università degli studi ""Carlo Bo""";111b  ;Borse di studio post-lauream - N. borse finanziate da altri Ministeri;;;0;0;0
2023-2024;04101;"Urbino - Università degli studi ""Carlo Bo""";112   ;Borse di studio post-lauream - N. borse finanziate dall'Ateneo con fondi propri;;;0;0;0
2023-2024;04101;"Urbino - Università degli studi ""Carlo Bo""";113   ;Borse di studio post-lauream - N. borse finanziate mediante convenzione con altri Atenei;;;0;0;0
2023-2024;04101;"Urbino - Università degli studi ""Carlo Bo""";114   ;Borse di studio post-lauream - N. borse finanziate con fondi UE;;;47;0;0
2023-2024;04101;"Urbino - Università degli studi ""Carlo Bo""";115   ;Borse di studio post-lauream - N. borse finanziate mediante convenzione con altri enti pubblici;;;1;0;0
2023-2024;04101;"Urbino - Università degli studi ""Carlo Bo""";116   ;Borse di studio post-lauream - N. borse finanziate mediante convenzione con enti privati;;;2;0;0
2023-2024;04201;Ancona - Università Politecnica delle Marche;030   ;Borse di studio - N. borse di studio concesse con fondi dell'ATENEO/MIUR;321;51;90;9;0
2023-2024;04201;Ancona - Università Politecnica delle Marche;061   ;Mobilità internazionale - N. iscritti nell'ateneo in mobilità internazionale (studenti in uscita);310;33;72;0;0
2023-2024;04201;Ancona - Università Politecnica delle Marche;061c  ;Mobilità internazionale - N. iscritti nell'ateneo in mobilità internazionale (studenti in uscita)- di cui studenti SENZA borsa;2;1;2;0;0
2023-2024;04201;Ancona - Università Politecnica delle Marche;061m  ;Mobilità internazionale - N. iscritti nell'ateneo in mobilità internazionale (studenti in uscita)- di cui studenti in mobilità extraeuropea;9;0;5;0;0
2023-2024;04201;Ancona - Università Politecnica delle Marche;061p  ;Mobilità internazionale - N. iscritti nell'ateneo in mobilità internazionale (studenti in uscita)- di cui dottorandi percettori di borsa che usufruiscono della maggiorazione del 50%;;;71;;
2023-2024;04201;Ancona - Università Politecnica delle Marche;063   ;Mobilità internazionale - N. iscritti in atenei esteri in mobilità internazionale presso l'ateneo italiano (studenti in entrata);199;28;0;0;0
2023-2024;04201;Ancona - Università Politecnica delle Marche;063c  ;Mobilità internazionale - N. iscritti in atenei esteri in mobilità internazionale presso l'ateneo italiano (studenti in entrata) - di cui studenti con borsa dell'Ateneo italiano;0;0;0;0;0
2023-2024;04201;Ancona - Università Politecnica delle Marche;064   ;Mobilità internazionale - N. iscritti in atenei esteri in mobilità internazionale presso l'ateneo italiano (studenti in entrata)- di cui studenti provenienti da Paesi extraeuropei;9;2;0;0;0
2023-2024;04201;Ancona - Università Politecnica delle Marche;073   ;Interventi a favore di studenti in situazione di disabilità - N. contributi finanziari;N;0;0;0;0
2023-2024;04201;Ancona - Università Politecnica delle Marche;074   ;Interventi a favore di studenti in situazione di disabilità - N. interventi non finanziari;91;0;0;0;0
2023-2024;04201;Ancona - Università Politecnica delle Marche;081   ;Attività di collaborazione a tempo parziale - N. collaborazioni;399;38;0;1;0
2023-2024;04201;Ancona - Università Politecnica delle Marche;091   ;Posti alloggio e contributi-alloggio - N. domande posti alloggio;0;0;0;0;0
2023-2024;04201;Ancona - Università Politecnica delle Marche;092   ;Posti alloggio e contributi-alloggio - N. posti alloggio assegnati;0;0;0;0;0
2023-2024;04201;Ancona - Università Politecnica delle Marche;092c  ;Posti alloggio e contributi-alloggio - N. posti alloggio assegnati - di cui assegnati in strutture convenzionate o private;0;0;0;0;0
2023-2024;04201;Ancona - Università Politecnica delle Marche;093   ;Posti alloggio e contributi-alloggio - N. domande contributi-alloggio;460;83;18;0;0
2023-2024;04201;Ancona - Università Politecnica delle Marche;094   ;Posti alloggio e contributi-alloggio - N. contributi-alloggio assegnati;460;83;18;0;0
2023-2024;04201;Ancona - Università Politecnica delle Marche;101   ;Altri interventi di tipo finanziario - N. prestiti agevolati concessi da istituti di credito convenzionati;2;0;1;1;1
2023-2024;04201;Ancona - Università Politecnica delle Marche;101a  ;Altri interventi di tipo finanziario - N. prestiti agevolati concessi da istituti di credito convenzionati - di cui con contributo in conto interesse e/o in conto capitale a carico dell'Ateneo;0;0;0;0;0
2023-2024;04201;Ancona - Università Politecnica delle Marche;104   ;Altri interventi di tipo finanziario - N. altri sussidi erogati;3797;210;98;5;0
2023-2024;04201;Ancona - Università Politecnica delle Marche;111a  ;Borse di studio post-lauream - N. borse finanziate con fondi MIUR;;;15;0;0
2023-2024;04201;Ancona - Università Politecnica delle Marche;111b  ;Borse di studio post-lauream - N. borse finanziate da altri Ministeri;;;0;0;0
2023-2024;04201;Ancona - Università Politecnica delle Marche;112   ;Borse di studio post-lauream - N. borse finanziate dall'Ateneo con fondi propri;;;161,16;0;0
2023-2024;04201;Ancona - Università Politecnica delle Marche;113   ;Borse di studio post-lauream - N. borse finanziate mediante convenzione con altri Atenei;;;0;0;0
2023-2024;04201;Ancona - Università Politecnica delle Marche;114   ;Borse di studio post-lauream - N. borse finanziate con fondi UE;;;64,67;0;0
2023-2024;04201;Ancona - Università Politecnica delle Marche;115   ;Borse di studio post-lauream - N. borse finanziate mediante convenzione con altri enti pubblici;;;4,5;0;0
2023-2024;04201;Ancona - Università Politecnica delle Marche;116   ;Borse di studio post-lauream - N. borse finanziate mediante convenzione con enti privati;;;15,67;0;0
2023-2024;04301;Macerata - Università degli studi;030   ;Borse di studio - N. borse di studio concesse con fondi dell'ATENEO/MIUR;74;6;4;0;0
2023-2024;04301;Macerata - Università degli studi;061   ;Mobilità internazionale - N. iscritti nell'ateneo in mobilità internazionale (studenti in uscita);218;10;108;0;0
2023-2024;04301;Macerata - Università degli studi;061c  ;Mobilità internazionale - N. iscritti nell'ateneo in mobilità internazionale (studenti in uscita)- di cui studenti SENZA borsa;0;0;9;0;0
2023-2024;04301;Macerata - Università degli studi;061m  ;Mobilità internazionale - N. iscritti nell'ateneo in mobilità internazionale (studenti in uscita)- di cui studenti in mobilità extraeuropea;11;0;19;0;0
2023-2024;04301;Macerata - Università degli studi;061p  ;Mobilità internazionale - N. iscritti nell'ateneo in mobilità internazionale (studenti in uscita)- di cui dottorandi percettori di borsa che usufruiscono della maggiorazione del 50%;;;48;;
2023-2024;04301;Macerata - Università degli studi;063   ;Mobilità internazionale - N. iscritti in atenei esteri in mobilità internazionale presso l'ateneo italiano (studenti in entrata);98;21;0;0;0
2023-2024;04301;Macerata - Università degli studi;063c  ;Mobilità internazionale - N. iscritti in atenei esteri in mobilità internazionale presso l'ateneo italiano (studenti in entrata) - di cui studenti con borsa dell'Ateneo italiano;0;0;0;0;0
2023-2024;04301;Macerata - Università degli studi;064   ;Mobilità internazionale - N. iscritti in atenei esteri in mobilità internazionale presso l'ateneo italiano (studenti in entrata)- di cui studenti provenienti da Paesi extraeuropei;18;16;0;0;0
2023-2024;04301;Macerata - Università degli studi;073   ;Interventi a favore di studenti in situazione di disabilità - N. contributi finanziari;0;0;0;0;0
2023-2024;04301;Macerata - Università degli studi;074   ;Interventi a favore di studenti in situazione di disabilità - N. interventi non finanziari;310;0;0;0;0
2023-2024;04301;Macerata - Università degli studi;081   ;Attività di collaborazione a tempo parziale - N. collaborazioni;131;4;0;0;0
2023-2024;04301;Macerata - Università degli studi;091   ;Posti alloggio e contributi-alloggio - N. domande posti alloggio;340;121;14;0;0
2023-2024;04301;Macerata - Università degli studi;092   ;Posti alloggio e contributi-alloggio - N. posti alloggio assegnati;107;13;1;0;0
2023-2024;04301;Macerata - Università degli studi;092c  ;Posti alloggio e contributi-alloggio - N. posti alloggio assegnati - di cui assegnati in strutture convenzionate o private;107;13;1;0;0
2023-2024;04301;Macerata - Università degli studi;093   ;Posti alloggio e contributi-alloggio - N. domande contributi-alloggio;0;0;0;0;0
2023-2024;04301;Macerata - Università degli studi;094   ;Posti alloggio e contributi-alloggio - N. contributi-alloggio assegnati;0;0;0;0;0
2023-2024;04301;Macerata - Università degli studi;101   ;Altri interventi di tipo finanziario - N. prestiti agevolati concessi da istituti di credito convenzionati;0;0;0;0;0
2023-2024;04301;Macerata - Università degli studi;101a  ;Altri interventi di tipo finanziario - N. prestiti agevolati concessi da istituti di credito convenzionati - di cui con contributo in conto interesse e/o in conto capitale a carico dell'Ateneo;0;0;0;0;0
2023-2024;04301;Macerata - Università degli studi;104   ;Altri interventi di tipo finanziario - N. altri sussidi erogati;0;0;0;0;0
2023-2024;04301;Macerata - Università degli studi;111a  ;Borse di studio post-lauream - N. borse finanziate con fondi MIUR;;;1;0;0
2023-2024;04301;Macerata - Università degli studi;111b  ;Borse di studio post-lauream - N. borse finanziate da altri Ministeri;;;0,5;0;0
2023-2024;04301;Macerata - Università degli studi;112   ;Borse di studio post-lauream - N. borse finanziate dall'Ateneo con fondi propri;;;76;0;0
2023-2024;04301;Macerata - Università degli studi;113   ;Borse di studio post-lauream - N. borse finanziate mediante convenzione con altri Atenei;;;24;0;0
2023-2024;04301;Macerata - Università degli studi;114   ;Borse di studio post-lauream - N. borse finanziate con fondi UE;;;46,5;0;0
2023-2024;04301;Macerata - Università degli studi;115   ;Borse di studio post-lauream - N. borse finanziate mediante convenzione con altri enti pubblici;;;2;0;0
2023-2024;04301;Macerata - Università degli studi;116   ;Borse di studio post-lauream - N. borse finanziate mediante convenzione con enti privati;;;11;0;0
2023-2024;04302;Camerino - Università degli studi;030   ;Borse di studio - N. borse di studio concesse con fondi dell'ATENEO/MIUR;581;8;28;0;0
2023-2024;04302;Camerino - Università degli studi;061   ;Mobilità internazionale - N. iscritti nell'ateneo in mobilità internazionale (studenti in uscita);124;29;138;0;0
2023-2024;04302;Camerino - Università degli studi;061c  ;Mobilità internazionale - N. iscritti nell'ateneo in mobilità internazionale (studenti in uscita)- di cui studenti SENZA borsa;19;1;128;0;0
2023-2024;04302;Camerino - Università degli studi;061m  ;Mobilità internazionale - N. iscritti nell'ateneo in mobilità internazionale (studenti in uscita)- di cui studenti in mobilità extraeuropea;7;2;37;0;0
2023-2024;04302;Camerino - Università degli studi;061p  ;Mobilità internazionale - N. iscritti nell'ateneo in mobilità internazionale (studenti in uscita)- di cui dottorandi percettori di borsa che usufruiscono della maggiorazione del 50%;;;0;;
2023-2024;04302;Camerino - Università degli studi;063   ;Mobilità internazionale - N. iscritti in atenei esteri in mobilità internazionale presso l'ateneo italiano (studenti in entrata);96;42;0;0;0
2023-2024;04302;Camerino - Università degli studi;063c  ;Mobilità internazionale - N. iscritti in atenei esteri in mobilità internazionale presso l'ateneo italiano (studenti in entrata) - di cui studenti con borsa dell'Ateneo italiano;0;0;0;0;0
2023-2024;04302;Camerino - Università degli studi;064   ;Mobilità internazionale - N. iscritti in atenei esteri in mobilità internazionale presso l'ateneo italiano (studenti in entrata)- di cui studenti provenienti da Paesi extraeuropei;34;33;0;0;0
2023-2024;04302;Camerino - Università degli studi;073   ;Interventi a favore di studenti in situazione di disabilità - N. contributi finanziari;126;0;0;N;7
2023-2024;04302;Camerino - Università degli studi;074   ;Interventi a favore di studenti in situazione di disabilità - N. interventi non finanziari;1050;N;0;0;0
2023-2024;04302;Camerino - Università degli studi;081   ;Attività di collaborazione a tempo parziale - N. collaborazioni;160;7;0;0;0
2023-2024;04302;Camerino - Università degli studi;091   ;Posti alloggio e contributi-alloggio - N. domande posti alloggio;0;0;0;0;0
2023-2024;04302;Camerino - Università degli studi;092   ;Posti alloggio e contributi-alloggio - N. posti alloggio assegnati;0;0;0;0;0
2023-2024;04302;Camerino - Università degli studi;092c  ;Posti alloggio e contributi-alloggio - N. posti alloggio assegnati - di cui assegnati in strutture convenzionate o private;0;0;0;0;0
2023-2024;04302;Camerino - Università degli studi;093   ;Posti alloggio e contributi-alloggio - N. domande contributi-alloggio;11;0;0;0;0
2023-2024;04302;Camerino - Università degli studi;094   ;Posti alloggio e contributi-alloggio - N. contributi-alloggio assegnati;11;0;0;0;0
2023-2024;04302;Camerino - Università degli studi;101   ;Altri interventi di tipo finanziario - N. prestiti agevolati concessi da istituti di credito convenzionati;0;0;0;0;0
2023-2024;04302;Camerino - Università degli studi;101a  ;Altri interventi di tipo finanziario - N. prestiti agevolati concessi da istituti di credito convenzionati - di cui con contributo in conto interesse e/o in conto capitale a carico dell'Ateneo;0;0;0;0;0
2023-2024;04302;Camerino - Università degli studi;104   ;Altri interventi di tipo finanziario - N. altri sussidi erogati;39;0;0;0;0
2023-2024;04302;Camerino - Università degli studi;111a  ;Borse di studio post-lauream - N. borse finanziate con fondi MIUR;;;26;0;0
2023-2024;04302;Camerino - Università degli studi;111b  ;Borse di studio post-lauream - N. borse finanziate da altri Ministeri;;;0;0;0
2023-2024;04302;Camerino - Università degli studi;112   ;Borse di studio post-lauream - N. borse finanziate dall'Ateneo con fondi propri;;;51,5;0;0
2023-2024;04302;Camerino - Università degli studi;113   ;Borse di studio post-lauream - N. borse finanziate mediante convenzione con altri Atenei;;;8;0;0
2023-2024;04302;Camerino - Università degli studi;114   ;Borse di studio post-lauream - N. borse finanziate con fondi UE;;;152,5;0;0
2023-2024;04302;Camerino - Università degli studi;115   ;Borse di studio post-lauream - N. borse finanziate mediante convenzione con altri enti pubblici;;;10,5;0;0
2023-2024;04302;Camerino - Università degli studi;116   ;Borse di studio post-lauream - N. borse finanziate mediante convenzione con enti privati;;;22,5;0;0
2023-2024;04601;Lucca - Scuola IMT Alti Studi;030   ;Borse di studio - N. borse di studio concesse con fondi dell'ATENEO/MIUR;0;0;0;0;0
2023-2024;04601;Lucca - Scuola IMT Alti Studi;061   ;Mobilità internazionale - N. iscritti nell'ateneo in mobilità internazionale (studenti in uscita);0;0;45;0;0
2023-2024;04601;Lucca - Scuola IMT Alti Studi;061c  ;Mobilità internazionale - N. iscritti nell'ateneo in mobilità internazionale (studenti in uscita)- di cui studenti SENZA borsa;0;0;0;0;0
2023-2024;04601;Lucca - Scuola IMT Alti Studi;061m  ;Mobilità internazionale - N. iscritti nell'ateneo in mobilità internazionale (studenti in uscita)- di cui studenti in mobilità extraeuropea;0;0;7;0;0
2023-2024;04601;Lucca - Scuola IMT Alti Studi;061p  ;Mobilità internazionale - N. iscritti nell'ateneo in mobilità internazionale (studenti in uscita)- di cui dottorandi percettori di borsa che usufruiscono della maggiorazione del 50%;;;43;;
2023-2024;04601;Lucca - Scuola IMT Alti Studi;063   ;Mobilità internazionale - N. iscritti in atenei esteri in mobilità internazionale presso l'ateneo italiano (studenti in entrata);0;0;0;0;0
2023-2024;04601;Lucca - Scuola IMT Alti Studi;063c  ;Mobilità internazionale - N. iscritti in atenei esteri in mobilità internazionale presso l'ateneo italiano (studenti in entrata) - di cui studenti con borsa dell'Ateneo italiano;0;0;0;0;0
2023-2024;04601;Lucca - Scuola IMT Alti Studi;064   ;Mobilità internazionale - N. iscritti in atenei esteri in mobilità internazionale presso l'ateneo italiano (studenti in entrata)- di cui studenti provenienti da Paesi extraeuropei;0;0;0;0;0
2023-2024;04601;Lucca - Scuola IMT Alti Studi;073   ;Interventi a favore di studenti in situazione di disabilità - N. contributi finanziari;0;0;0;0;0
2023-2024;04601;Lucca - Scuola IMT Alti Studi;074   ;Interventi a favore di studenti in situazione di disabilità - N. interventi non finanziari;0;0;0;0;0
2023-2024;04601;Lucca - Scuola IMT Alti Studi;081   ;Attività di collaborazione a tempo parziale - N. collaborazioni;0;0;0;0;0
2023-2024;04601;Lucca - Scuola IMT Alti Studi;091   ;Posti alloggio e contributi-alloggio - N. domande posti alloggio;0;0;130;0;0
2023-2024;04601;Lucca - Scuola IMT Alti Studi;092   ;Posti alloggio e contributi-alloggio - N. posti alloggio assegnati;0;0;130;0;0
2023-2024;04601;Lucca - Scuola IMT Alti Studi;092c  ;Posti alloggio e contributi-alloggio - N. posti alloggio assegnati - di cui assegnati in strutture convenzionate o private;0;0;0;0;0
2023-2024;04601;Lucca - Scuola IMT Alti Studi;093   ;Posti alloggio e contributi-alloggio - N. domande contributi-alloggio;0;0;0;0;0
2023-2024;04601;Lucca - Scuola IMT Alti Studi;094   ;Posti alloggio e contributi-alloggio - N. contributi-alloggio assegnati;0;0;0;0;0
2023-2024;04601;Lucca - Scuola IMT Alti Studi;101   ;Altri interventi di tipo finanziario - N. prestiti agevolati concessi da istituti di credito convenzionati;0;0;0;0;0
2023-2024;04601;Lucca - Scuola IMT Alti Studi;101a  ;Altri interventi di tipo finanziario - N. prestiti agevolati concessi da istituti di credito convenzionati - di cui con contributo in conto interesse e/o in conto capitale a carico dell'Ateneo;0;0;0;0;0
2023-2024;04601;Lucca - Scuola IMT Alti Studi;104   ;Altri interventi di tipo finanziario - N. altri sussidi erogati;0;0;0;0;0
2023-2024;04601;Lucca - Scuola IMT Alti Studi;111a  ;Borse di studio post-lauream - N. borse finanziate con fondi MIUR;;;0;0;0
2023-2024;04601;Lucca - Scuola IMT Alti Studi;111b  ;Borse di studio post-lauream - N. borse finanziate da altri Ministeri;;;0;0;0
2023-2024;04601;Lucca - Scuola IMT Alti Studi;112   ;Borse di studio post-lauream - N. borse finanziate dall'Ateneo con fondi propri;;;35,5;0;0
2023-2024;04601;Lucca - Scuola IMT Alti Studi;113   ;Borse di studio post-lauream - N. borse finanziate mediante convenzione con altri Atenei;;;19,5;0;0
2023-2024;04601;Lucca - Scuola IMT Alti Studi;114   ;Borse di studio post-lauream - N. borse finanziate con fondi UE;;;19;0;0
2023-2024;04601;Lucca - Scuola IMT Alti Studi;115   ;Borse di studio post-lauream - N. borse finanziate mediante convenzione con altri enti pubblici;;;8;0;0
2023-2024;04601;Lucca - Scuola IMT Alti Studi;116   ;Borse di studio post-lauream - N. borse finanziate mediante convenzione con enti privati;;;2;0;0
2023-2024;04801;Firenze - Università degli studi;030   ;Borse di studio - N. borse di studio concesse con fondi dell'ATENEO/MIUR;1510;31;36;0;0
2023-2024;04801;Firenze - Università degli studi;061   ;Mobilità internazionale - N. iscritti nell'ateneo in mobilità internazionale (studenti in uscita);1003;48;444;5;0
2023-2024;04801;Firenze - Università degli studi;061c  ;Mobilità internazionale - N. iscritti nell'ateneo in mobilità internazionale (studenti in uscita)- di cui studenti SENZA borsa;5;1;61;0;0
2023-2024;04801;Firenze - Università degli studi;061m  ;Mobilità internazionale - N. iscritti nell'ateneo in mobilità internazionale (studenti in uscita)- di cui studenti in mobilità extraeuropea;57;4;64;0;0
2023-2024;04801;Firenze - Università degli studi;061p  ;Mobilità internazionale - N. iscritti nell'ateneo in mobilità internazionale (studenti in uscita)- di cui dottorandi percettori di borsa che usufruiscono della maggiorazione del 50%;;;307;;
2023-2024;04801;Firenze - Università degli studi;063   ;Mobilità internazionale - N. iscritti in atenei esteri in mobilità internazionale presso l'ateneo italiano (studenti in entrata);1302;158;0;0;0
2023-2024;04801;Firenze - Università degli studi;063c  ;Mobilità internazionale - N. iscritti in atenei esteri in mobilità internazionale presso l'ateneo italiano (studenti in entrata) - di cui studenti con borsa dell'Ateneo italiano;0;0;0;0;0
2023-2024;04801;Firenze - Università degli studi;064   ;Mobilità internazionale - N. iscritti in atenei esteri in mobilità internazionale presso l'ateneo italiano (studenti in entrata)- di cui studenti provenienti da Paesi extraeuropei;19;19;0;0;0
2023-2024;04801;Firenze - Università degli studi;073   ;Interventi a favore di studenti in situazione di disabilità - N. contributi finanziari;77;0;0;0;0
2023-2024;04801;Firenze - Università degli studi;074   ;Interventi a favore di studenti in situazione di disabilità - N. interventi non finanziari;315;0;0;N;0
2023-2024;04801;Firenze - Università degli studi;081   ;Attività di collaborazione a tempo parziale - N. collaborazioni;258;20;0;0;0
2023-2024;04801;Firenze - Università degli studi;091   ;Posti alloggio e contributi-alloggio - N. domande posti alloggio;0;0;0;0;0
2023-2024;04801;Firenze - Università degli studi;092   ;Posti alloggio e contributi-alloggio - N. posti alloggio assegnati;0;0;0;0;0
2023-2024;04801;Firenze - Università degli studi;092c  ;Posti alloggio e contributi-alloggio - N. posti alloggio assegnati - di cui assegnati in strutture convenzionate o private;0;0;0;0;0
2023-2024;04801;Firenze - Università degli studi;093   ;Posti alloggio e contributi-alloggio - N. domande contributi-alloggio;157;16;0;0;0
2023-2024;04801;Firenze - Università degli studi;094   ;Posti alloggio e contributi-alloggio - N. contributi-alloggio assegnati;129;14;0;0;0
2023-2024;04801;Firenze - Università degli studi;101   ;Altri interventi di tipo finanziario - N. prestiti agevolati concessi da istituti di credito convenzionati;5;2;0;0;0
2023-2024;04801;Firenze - Università degli studi;101a  ;Altri interventi di tipo finanziario - N. prestiti agevolati concessi da istituti di credito convenzionati - di cui con contributo in conto interesse e/o in conto capitale a carico dell'Ateneo;0;0;0;0;0
2023-2024;04801;Firenze - Università degli studi;104   ;Altri interventi di tipo finanziario - N. altri sussidi erogati;17234;1582;0;0;0
2023-2024;04801;Firenze - Università degli studi;111a  ;Borse di studio post-lauream - N. borse finanziate con fondi MIUR;;;44,5;0;0
2023-2024;04801;Firenze - Università degli studi;111b  ;Borse di studio post-lauream - N. borse finanziate da altri Ministeri;;;0;0;0
2023-2024;04801;Firenze - Università degli studi;112   ;Borse di studio post-lauream - N. borse finanziate dall'Ateneo con fondi propri;;;468,5;0;68
2023-2024;04801;Firenze - Università degli studi;113   ;Borse di studio post-lauream - N. borse finanziate mediante convenzione con altri Atenei;;;82;0;0
2023-2024;04801;Firenze - Università degli studi;114   ;Borse di studio post-lauream - N. borse finanziate con fondi UE;;;255;0;0
2023-2024;04801;Firenze - Università degli studi;115   ;Borse di studio post-lauream - N. borse finanziate mediante convenzione con altri enti pubblici;;;55;0;0
2023-2024;04801;Firenze - Università degli studi;116   ;Borse di studio post-lauream - N. borse finanziate mediante convenzione con enti privati;;;42;0;5
2023-2024;04804;"Firenze - Università telematica ""Italian University line""";030   ;Borse di studio - N. borse di studio concesse con fondi dell'ATENEO/MIUR;0;0;0;0;0
2023-2024;04804;"Firenze - Università telematica ""Italian University line""";061   ;Mobilità internazionale - N. iscritti nell'ateneo in mobilità internazionale (studenti in uscita);0;0;0;0;0
2023-2024;04804;"Firenze - Università telematica ""Italian University line""";061c  ;Mobilità internazionale - N. iscritti nell'ateneo in mobilità internazionale (studenti in uscita)- di cui studenti SENZA borsa;0;0;0;0;0
2023-2024;04804;"Firenze - Università telematica ""Italian University line""";061m  ;Mobilità internazionale - N. iscritti nell'ateneo in mobilità internazionale (studenti in uscita)- di cui studenti in mobilità extraeuropea;0;0;0;0;0
2023-2024;04804;"Firenze - Università telematica ""Italian University line""";061p  ;Mobilità internazionale - N. iscritti nell'ateneo in mobilità internazionale (studenti in uscita)- di cui dottorandi percettori di borsa che usufruiscono della maggiorazione del 50%;;;0;;
2023-2024;04804;"Firenze - Università telematica ""Italian University line""";063   ;Mobilità internazionale - N. iscritti in atenei esteri in mobilità internazionale presso l'ateneo italiano (studenti in entrata);0;0;0;0;0
2023-2024;04804;"Firenze - Università telematica ""Italian University line""";063c  ;Mobilità internazionale - N. iscritti in atenei esteri in mobilità internazionale presso l'ateneo italiano (studenti in entrata) - di cui studenti con borsa dell'Ateneo italiano;0;0;0;0;0
2023-2024;04804;"Firenze - Università telematica ""Italian University line""";064   ;Mobilità internazionale - N. iscritti in atenei esteri in mobilità internazionale presso l'ateneo italiano (studenti in entrata)- di cui studenti provenienti da Paesi extraeuropei;0;0;0;0;0
2023-2024;04804;"Firenze - Università telematica ""Italian University line""";073   ;Interventi a favore di studenti in situazione di disabilità - N. contributi finanziari;0;0;0;0;0
2023-2024;04804;"Firenze - Università telematica ""Italian University line""";074   ;Interventi a favore di studenti in situazione di disabilità - N. interventi non finanziari;0;0;0;0;0
2023-2024;04804;"Firenze - Università telematica ""Italian University line""";081   ;Attività di collaborazione a tempo parziale - N. collaborazioni;0;0;0;0;0
2023-2024;04804;"Firenze - Università telematica ""Italian University line""";091   ;Posti alloggio e contributi-alloggio - N. domande posti alloggio;0;0;0;0;0
2023-2024;04804;"Firenze - Università telematica ""Italian University line""";092   ;Posti alloggio e contributi-alloggio - N. posti alloggio assegnati;0;0;0;0;0
2023-2024;04804;"Firenze - Università telematica ""Italian University line""";092c  ;Posti alloggio e contributi-alloggio - N. posti alloggio assegnati - di cui assegnati in strutture convenzionate o private;0;0;0;0;0
2023-2024;04804;"Firenze - Università telematica ""Italian University line""";093   ;Posti alloggio e contributi-alloggio - N. domande contributi-alloggio;0;0;0;0;0
2023-2024;04804;"Firenze - Università telematica ""Italian University line""";094   ;Posti alloggio e contributi-alloggio - N. contributi-alloggio assegnati;0;0;0;0;0
2023-2024;04804;"Firenze - Università telematica ""Italian University line""";101   ;Altri interventi di tipo finanziario - N. prestiti agevolati concessi da istituti di credito convenzionati;0;0;0;0;0
2023-2024;04804;"Firenze - Università telematica ""Italian University line""";101a  ;Altri interventi di tipo finanziario - N. prestiti agevolati concessi da istituti di credito convenzionati - di cui con contributo in conto interesse e/o in conto capitale a carico dell'Ateneo;0;0;0;0;0
2023-2024;04804;"Firenze - Università telematica ""Italian University line""";104   ;Altri interventi di tipo finanziario - N. altri sussidi erogati;0;0;0;0;0
2023-2024;04804;"Firenze - Università telematica ""Italian University line""";111a  ;Borse di studio post-lauream - N. borse finanziate con fondi MIUR;;;0;0;0
2023-2024;04804;"Firenze - Università telematica ""Italian University line""";111b  ;Borse di studio post-lauream - N. borse finanziate da altri Ministeri;;;0;0;0
2023-2024;04804;"Firenze - Università telematica ""Italian University line""";112   ;Borse di studio post-lauream - N. borse finanziate dall'Ateneo con fondi propri;;;0;0;0
2023-2024;04804;"Firenze - Università telematica ""Italian University line""";113   ;Borse di studio post-lauream - N. borse finanziate mediante convenzione con altri Atenei;;;0;0;0
2023-2024;04804;"Firenze - Università telematica ""Italian University line""";114   ;Borse di studio post-lauream - N. borse finanziate con fondi UE;;;0;0;0
2023-2024;04804;"Firenze - Università telematica ""Italian University line""";115   ;Borse di studio post-lauream - N. borse finanziate mediante convenzione con altri enti pubblici;;;0;0;0
2023-2024;04804;"Firenze - Università telematica ""Italian University line""";116   ;Borse di studio post-lauream - N. borse finanziate mediante convenzione con enti privati;;;0;0;81
2023-2024;05001;Pisa - Università;030   ;Borse di studio - N. borse di studio concesse con fondi dell'ATENEO/MIUR;73;23;39;0;0
2023-2024;05001;Pisa - Università;061   ;Mobilità internazionale - N. iscritti nell'ateneo in mobilità internazionale (studenti in uscita);638;25;268;2;2
2023-2024;05001;Pisa - Università;061c  ;Mobilità internazionale - N. iscritti nell'ateneo in mobilità internazionale (studenti in uscita)- di cui studenti SENZA borsa;27;2;37;0;0
2023-2024;05001;Pisa - Università;061m  ;Mobilità internazionale - N. iscritti nell'ateneo in mobilità internazionale (studenti in uscita)- di cui studenti in mobilità extraeuropea;16;0;32;0;0
2023-2024;05001;Pisa - Università;061p  ;Mobilità internazionale - N. iscritti nell'ateneo in mobilità internazionale (studenti in uscita)- di cui dottorandi percettori di borsa che usufruiscono della maggiorazione del 50%;;;240;;
2023-2024;05001;Pisa - Università;063   ;Mobilità internazionale - N. iscritti in atenei esteri in mobilità internazionale presso l'ateneo italiano (studenti in entrata);780;176;0;0;0
2023-2024;05001;Pisa - Università;063c  ;Mobilità internazionale - N. iscritti in atenei esteri in mobilità internazionale presso l'ateneo italiano (studenti in entrata) - di cui studenti con borsa dell'Ateneo italiano;0;0;0;0;0
2023-2024;05001;Pisa - Università;064   ;Mobilità internazionale - N. iscritti in atenei esteri in mobilità internazionale presso l'ateneo italiano (studenti in entrata)- di cui studenti provenienti da Paesi extraeuropei;0;0;0;0;0
2023-2024;05001;Pisa - Università;073   ;Interventi a favore di studenti in situazione di disabilità - N. contributi finanziari;0;0;0;0;0
2023-2024;05001;Pisa - Università;074   ;Interventi a favore di studenti in situazione di disabilità - N. interventi non finanziari;417;10;0;0;0
2023-2024;05001;Pisa - Università;081   ;Attività di collaborazione a tempo parziale - N. collaborazioni;249;9;0;0;0
2023-2024;05001;Pisa - Università;091   ;Posti alloggio e contributi-alloggio - N. domande posti alloggio;0;0;0;0;0
2023-2024;05001;Pisa - Università;092   ;Posti alloggio e contributi-alloggio - N. posti alloggio assegnati;0;0;0;0;0
2023-2024;05001;Pisa - Università;092c  ;Posti alloggio e contributi-alloggio - N. posti alloggio assegnati - di cui assegnati in strutture convenzionate o private;0;0;0;0;0
2023-2024;05001;Pisa - Università;093   ;Posti alloggio e contributi-alloggio - N. domande contributi-alloggio;223;25;6;1;0
2023-2024;05001;Pisa - Università;094   ;Posti alloggio e contributi-alloggio - N. contributi-alloggio assegnati;223;25;6;1;0
2023-2024;05001;Pisa - Università;101   ;Altri interventi di tipo finanziario - N. prestiti agevolati concessi da istituti di credito convenzionati;0;0;0;0;0
2023-2024;05001;Pisa - Università;101a  ;Altri interventi di tipo finanziario - N. prestiti agevolati concessi da istituti di credito convenzionati - di cui con contributo in conto interesse e/o in conto capitale a carico dell'Ateneo;0;0;0;0;0
2023-2024;05001;Pisa - Università;104   ;Altri interventi di tipo finanziario - N. altri sussidi erogati;2437;94;23;5;17
2023-2024;05001;Pisa - Università;111a  ;Borse di studio post-lauream - N. borse finanziate con fondi MIUR;;;207,33;0;0
2023-2024;05001;Pisa - Università;111b  ;Borse di studio post-lauream - N. borse finanziate da altri Ministeri;;;0;0;0
2023-2024;05001;Pisa - Università;112   ;Borse di studio post-lauream - N. borse finanziate dall'Ateneo con fondi propri;;;300,5;0;0
2023-2024;05001;Pisa - Università;113   ;Borse di studio post-lauream - N. borse finanziate mediante convenzione con altri Atenei;;;74,17;0;0
2023-2024;05001;Pisa - Università;114   ;Borse di studio post-lauream - N. borse finanziate con fondi UE;;;214,17;0;0
2023-2024;05001;Pisa - Università;115   ;Borse di studio post-lauream - N. borse finanziate mediante convenzione con altri enti pubblici;;;67,83;0;0
2023-2024;05001;Pisa - Università;116   ;Borse di studio post-lauream - N. borse finanziate mediante convenzione con enti privati;;;69;0;0
2023-2024;05002;Pisa - Scuola normale superiore;061   ;Mobilità internazionale - N. iscritti nell'ateneo in mobilità internazionale (studenti in uscita);80;0;300;0;0
2023-2024;05002;Pisa - Scuola normale superiore;061c  ;Mobilità internazionale - N. iscritti nell'ateneo in mobilità internazionale (studenti in uscita)- di cui studenti SENZA borsa;1;0;0;0;0
2023-2024;05002;Pisa - Scuola normale superiore;061m  ;Mobilità internazionale - N. iscritti nell'ateneo in mobilità internazionale (studenti in uscita)- di cui studenti in mobilità extraeuropea;12;0;45;0;0
2023-2024;05002;Pisa - Scuola normale superiore;061p  ;Mobilità internazionale - N. iscritti nell'ateneo in mobilità internazionale (studenti in uscita)- di cui dottorandi percettori di borsa che usufruiscono della maggiorazione del 50%;;;33;;
2023-2024;05002;Pisa - Scuola normale superiore;063   ;Mobilità internazionale - N. iscritti in atenei esteri in mobilità internazionale presso l'ateneo italiano (studenti in entrata);36;1;29;0;0
2023-2024;05002;Pisa - Scuola normale superiore;063c  ;Mobilità internazionale - N. iscritti in atenei esteri in mobilità internazionale presso l'ateneo italiano (studenti in entrata) - di cui studenti con borsa dell'Ateneo italiano;0;0;0;0;0
2023-2024;05002;Pisa - Scuola normale superiore;064   ;Mobilità internazionale - N. iscritti in atenei esteri in mobilità internazionale presso l'ateneo italiano (studenti in entrata)- di cui studenti provenienti da Paesi extraeuropei;1;0;9;0;0
2023-2024;05002;Pisa - Scuola normale superiore;094   ;Posti alloggio e contributi-alloggio - N. contributi-alloggio assegnati;0;0;0;0;0
2023-2024;05002;Pisa - Scuola normale superiore;101   ;Altri interventi di tipo finanziario - N. prestiti agevolati concessi da istituti di credito convenzionati;0;0;0;0;0
2023-2024;05002;Pisa - Scuola normale superiore;104   ;Altri interventi di tipo finanziario - N. altri sussidi erogati;297;0;9;0;0
2023-2024;05002;Pisa - Scuola normale superiore;111a  ;Borse di studio post-lauream - N. borse finanziate con fondi MIUR;;;108;0;0
2023-2024;05002;Pisa - Scuola normale superiore;111b  ;Borse di studio post-lauream - N. borse finanziate da altri Ministeri;;;0;0;0
2023-2024;05002;Pisa - Scuola normale superiore;112   ;Borse di studio post-lauream - N. borse finanziate dall'Ateneo con fondi propri;;;165,17;0;0
2023-2024;05002;Pisa - Scuola normale superiore;113   ;Borse di studio post-lauream - N. borse finanziate mediante convenzione con altri Atenei;;;20,83;0;0
2023-2024;05002;Pisa - Scuola normale superiore;114   ;Borse di studio post-lauream - N. borse finanziate con fondi UE;;;24,67;0;0
2023-2024;05002;Pisa - Scuola normale superiore;115   ;Borse di studio post-lauream - N. borse finanziate mediante convenzione con altri enti pubblici;;;7,5;0;0
2023-2024;05002;Pisa - Scuola normale superiore;116   ;Borse di studio post-lauream - N. borse finanziate mediante convenzione con enti privati;;;5,83;0;0
2023-2024;05003;"Pisa - Scuola superiore studi universitari e perfezionamento ""S. Anna""";061   ;Mobilità internazionale - N. iscritti nell'ateneo in mobilità internazionale (studenti in uscita);0;0;84;0;0
2023-2024;05003;"Pisa - Scuola superiore studi universitari e perfezionamento ""S. Anna""";061c  ;Mobilità internazionale - N. iscritti nell'ateneo in mobilità internazionale (studenti in uscita)- di cui studenti SENZA borsa;0;0;7;0;0
2023-2024;05003;"Pisa - Scuola superiore studi universitari e perfezionamento ""S. Anna""";061m  ;Mobilità internazionale - N. iscritti nell'ateneo in mobilità internazionale (studenti in uscita)- di cui studenti in mobilità extraeuropea;0;0;28;0;0
2023-2024;05003;"Pisa - Scuola superiore studi universitari e perfezionamento ""S. Anna""";061p  ;Mobilità internazionale - N. iscritti nell'ateneo in mobilità internazionale (studenti in uscita)- di cui dottorandi percettori di borsa che usufruiscono della maggiorazione del 50%;;;82;;
2023-2024;05003;"Pisa - Scuola superiore studi universitari e perfezionamento ""S. Anna""";063   ;Mobilità internazionale - N. iscritti in atenei esteri in mobilità internazionale presso l'ateneo italiano (studenti in entrata);0;0;0;0;0
2023-2024;05003;"Pisa - Scuola superiore studi universitari e perfezionamento ""S. Anna""";063c  ;Mobilità internazionale - N. iscritti in atenei esteri in mobilità internazionale presso l'ateneo italiano (studenti in entrata) - di cui studenti con borsa dell'Ateneo italiano;189;1;76;0;0
2023-2024;05003;"Pisa - Scuola superiore studi universitari e perfezionamento ""S. Anna""";064   ;Mobilità internazionale - N. iscritti in atenei esteri in mobilità internazionale presso l'ateneo italiano (studenti in entrata)- di cui studenti provenienti da Paesi extraeuropei;0;0;0;0;0
2023-2024;05003;"Pisa - Scuola superiore studi universitari e perfezionamento ""S. Anna""";094   ;Posti alloggio e contributi-alloggio - N. contributi-alloggio assegnati;0;0;139;0;0
2023-2024;05003;"Pisa - Scuola superiore studi universitari e perfezionamento ""S. Anna""";101   ;Altri interventi di tipo finanziario - N. prestiti agevolati concessi da istituti di credito convenzionati;0;0;0;0;0
2023-2024;05003;"Pisa - Scuola superiore studi universitari e perfezionamento ""S. Anna""";104   ;Altri interventi di tipo finanziario - N. altri sussidi erogati;296;3;344;0;0
2023-2024;05003;"Pisa - Scuola superiore studi universitari e perfezionamento ""S. Anna""";111a  ;Borse di studio post-lauream - N. borse finanziate con fondi MIUR;;;95;0;0
2023-2024;05003;"Pisa - Scuola superiore studi universitari e perfezionamento ""S. Anna""";111b  ;Borse di studio post-lauream - N. borse finanziate da altri Ministeri;;;2;0;0
2023-2024;05003;"Pisa - Scuola superiore studi universitari e perfezionamento ""S. Anna""";112   ;Borse di studio post-lauream - N. borse finanziate dall'Ateneo con fondi propri;;;78;0;0
2023-2024;05003;"Pisa - Scuola superiore studi universitari e perfezionamento ""S. Anna""";113   ;Borse di studio post-lauream - N. borse finanziate mediante convenzione con altri Atenei;;;2;0;0
2023-2024;05003;"Pisa - Scuola superiore studi universitari e perfezionamento ""S. Anna""";114   ;Borse di studio post-lauream - N. borse finanziate con fondi UE;;;95,5;0;0
2023-2024;05003;"Pisa - Scuola superiore studi universitari e perfezionamento ""S. Anna""";115   ;Borse di studio post-lauream - N. borse finanziate mediante convenzione con altri enti pubblici;;;19,17;0;0
2023-2024;05003;"Pisa - Scuola superiore studi universitari e perfezionamento ""S. Anna""";116   ;Borse di studio post-lauream - N. borse finanziate mediante convenzione con enti privati;;;24,33;0;0
2023-2024;05201;Siena - Università degli studi;030   ;Borse di studio - N. borse di studio concesse con fondi dell'ATENEO/MIUR;431;71;62;0;0
2023-2024;05201;Siena - Università degli studi;061   ;Mobilità internazionale - N. iscritti nell'ateneo in mobilità internazionale (studenti in uscita);332;57;118;5;1
2023-2024;05201;Siena - Università degli studi;061c  ;Mobilità internazionale - N. iscritti nell'ateneo in mobilità internazionale (studenti in uscita)- di cui studenti SENZA borsa;6;2;5;1;1
2023-2024;05201;Siena - Università degli studi;061m  ;Mobilità internazionale - N. iscritti nell'ateneo in mobilità internazionale (studenti in uscita)- di cui studenti in mobilità extraeuropea;18;14;15;0;0
2023-2024;05201;Siena - Università degli studi;061p  ;Mobilità internazionale - N. iscritti nell'ateneo in mobilità internazionale (studenti in uscita)- di cui dottorandi percettori di borsa che usufruiscono della maggiorazione del 50%;;;104;;
2023-2024;05201;Siena - Università degli studi;063   ;Mobilità internazionale - N. iscritti in atenei esteri in mobilità internazionale presso l'ateneo italiano (studenti in entrata);588;131;0;0;0
2023-2024;05201;Siena - Università degli studi;063c  ;Mobilità internazionale - N. iscritti in atenei esteri in mobilità internazionale presso l'ateneo italiano (studenti in entrata) - di cui studenti con borsa dell'Ateneo italiano;0;0;0;0;0
2023-2024;05201;Siena - Università degli studi;064   ;Mobilità internazionale - N. iscritti in atenei esteri in mobilità internazionale presso l'ateneo italiano (studenti in entrata)- di cui studenti provenienti da Paesi extraeuropei;75;69;0;0;0
2023-2024;05201;Siena - Università degli studi;073   ;Interventi a favore di studenti in situazione di disabilità - N. contributi finanziari;0;0;0;0;0
2023-2024;05201;Siena - Università degli studi;074   ;Interventi a favore di studenti in situazione di disabilità - N. interventi non finanziari;143;N;0;0;N
2023-2024;05201;Siena - Università degli studi;081   ;Attività di collaborazione a tempo parziale - N. collaborazioni;146;8;0;0;0
2023-2024;05201;Siena - Università degli studi;091   ;Posti alloggio e contributi-alloggio - N. domande posti alloggio;28;27;4;0;9
2023-2024;05201;Siena - Università degli studi;092   ;Posti alloggio e contributi-alloggio - N. posti alloggio assegnati;9;8;4;0;9
2023-2024;05201;Siena - Università degli studi;092c  ;Posti alloggio e contributi-alloggio - N. posti alloggio assegnati - di cui assegnati in strutture convenzionate o private;8;8;0;0;0
2023-2024;05201;Siena - Università degli studi;093   ;Posti alloggio e contributi-alloggio - N. domande contributi-alloggio;157;43;0;0;0
2023-2024;05201;Siena - Università degli studi;094   ;Posti alloggio e contributi-alloggio - N. contributi-alloggio assegnati;107;9;0;0;0
2023-2024;05201;Siena - Università degli studi;101   ;Altri interventi di tipo finanziario - N. prestiti agevolati concessi da istituti di credito convenzionati;0;0;0;0;0
2023-2024;05201;Siena - Università degli studi;101a  ;Altri interventi di tipo finanziario - N. prestiti agevolati concessi da istituti di credito convenzionati - di cui con contributo in conto interesse e/o in conto capitale a carico dell'Ateneo;0;0;0;0;0
2023-2024;05201;Siena - Università degli studi;104   ;Altri interventi di tipo finanziario - N. altri sussidi erogati;277;101;31;12;0
2023-2024;05201;Siena - Università degli studi;111a  ;Borse di studio post-lauream - N. borse finanziate con fondi MIUR;;;44,5;0;0
2023-2024;05201;Siena - Università degli studi;111b  ;Borse di studio post-lauream - N. borse finanziate da altri Ministeri;;;0;0;0
2023-2024;05201;Siena - Università degli studi;112   ;Borse di studio post-lauream - N. borse finanziate dall'Ateneo con fondi propri;;;200;0;0
2023-2024;05201;Siena - Università degli studi;113   ;Borse di studio post-lauream - N. borse finanziate mediante convenzione con altri Atenei;;;29,5;0;0
2023-2024;05201;Siena - Università degli studi;114   ;Borse di studio post-lauream - N. borse finanziate con fondi UE;;;151,5;0;0
2023-2024;05201;Siena - Università degli studi;115   ;Borse di studio post-lauream - N. borse finanziate mediante convenzione con altri enti pubblici;;;30;0;0
2023-2024;05201;Siena - Università degli studi;116   ;Borse di studio post-lauream - N. borse finanziate mediante convenzione con enti privati;;;50,5;0;0
2023-2024;05202;Siena - Università per stranieri;030   ;Borse di studio - N. borse di studio concesse con fondi dell'ATENEO/MIUR;27;0;0;0;0
2023-2024;05202;Siena - Università per stranieri;061   ;Mobilità internazionale - N. iscritti nell'ateneo in mobilità internazionale (studenti in uscita);196;3;6;0;0
2023-2024;05202;Siena - Università per stranieri;061c  ;Mobilità internazionale - N. iscritti nell'ateneo in mobilità internazionale (studenti in uscita)- di cui studenti SENZA borsa;1;0;5;0;0
2023-2024;05202;Siena - Università per stranieri;061m  ;Mobilità internazionale - N. iscritti nell'ateneo in mobilità internazionale (studenti in uscita)- di cui studenti in mobilità extraeuropea;67;0;0;0;0
2023-2024;05202;Siena - Università per stranieri;061p  ;Mobilità internazionale - N. iscritti nell'ateneo in mobilità internazionale (studenti in uscita)- di cui dottorandi percettori di borsa che usufruiscono della maggiorazione del 50%;;;6;;
2023-2024;05202;Siena - Università per stranieri;063   ;Mobilità internazionale - N. iscritti in atenei esteri in mobilità internazionale presso l'ateneo italiano (studenti in entrata);96;66;0;0;0
2023-2024;05202;Siena - Università per stranieri;063c  ;Mobilità internazionale - N. iscritti in atenei esteri in mobilità internazionale presso l'ateneo italiano (studenti in entrata) - di cui studenti con borsa dell'Ateneo italiano;0;0;0;0;0
2023-2024;05202;Siena - Università per stranieri;064   ;Mobilità internazionale - N. iscritti in atenei esteri in mobilità internazionale presso l'ateneo italiano (studenti in entrata)- di cui studenti provenienti da Paesi extraeuropei;43;41;0;0;0
2023-2024;05202;Siena - Università per stranieri;073   ;Interventi a favore di studenti in situazione di disabilità - N. contributi finanziari;0;0;0;0;0
2023-2024;05202;Siena - Università per stranieri;074   ;Interventi a favore di studenti in situazione di disabilità - N. interventi non finanziari;15;0;0;0;0
2023-2024;05202;Siena - Università per stranieri;081   ;Attività di collaborazione a tempo parziale - N. collaborazioni;0;0;0;0;0
2023-2024;05202;Siena - Università per stranieri;091   ;Posti alloggio e contributi-alloggio - N. domande posti alloggio;47;4;0;0;0
2023-2024;05202;Siena - Università per stranieri;092   ;Posti alloggio e contributi-alloggio - N. posti alloggio assegnati;47;4;0;0;0
2023-2024;05202;Siena - Università per stranieri;092c  ;Posti alloggio e contributi-alloggio - N. posti alloggio assegnati - di cui assegnati in strutture convenzionate o private;47;4;0;0;0
2023-2024;05202;Siena - Università per stranieri;093   ;Posti alloggio e contributi-alloggio - N. domande contributi-alloggio;68;9;1;0;0
2023-2024;05202;Siena - Università per stranieri;094   ;Posti alloggio e contributi-alloggio - N. contributi-alloggio assegnati;56;9;1;0;0
2023-2024;05202;Siena - Università per stranieri;101   ;Altri interventi di tipo finanziario - N. prestiti agevolati concessi da istituti di credito convenzionati;0;0;0;0;0
2023-2024;05202;Siena - Università per stranieri;101a  ;Altri interventi di tipo finanziario - N. prestiti agevolati concessi da istituti di credito convenzionati - di cui con contributo in conto interesse e/o in conto capitale a carico dell'Ateneo;0;0;0;0;0
2023-2024;05202;Siena - Università per stranieri;104   ;Altri interventi di tipo finanziario - N. altri sussidi erogati;0;0;0;0;0
2023-2024;05202;Siena - Università per stranieri;111a  ;Borse di studio post-lauream - N. borse finanziate con fondi MIUR;;;7;0;0
2023-2024;05202;Siena - Università per stranieri;111b  ;Borse di studio post-lauream - N. borse finanziate da altri Ministeri;;;0;0;0
2023-2024;05202;Siena - Università per stranieri;112   ;Borse di studio post-lauream - N. borse finanziate dall'Ateneo con fondi propri;;;11;0;0
2023-2024;05202;Siena - Università per stranieri;113   ;Borse di studio post-lauream - N. borse finanziate mediante convenzione con altri Atenei;;;2;0;0
2023-2024;05202;Siena - Università per stranieri;114   ;Borse di studio post-lauream - N. borse finanziate con fondi UE;;;14;0;0
2023-2024;05202;Siena - Università per stranieri;115   ;Borse di studio post-lauream - N. borse finanziate mediante convenzione con altri enti pubblici;;;0;0;0
2023-2024;05202;Siena - Università per stranieri;116   ;Borse di studio post-lauream - N. borse finanziate mediante convenzione con enti privati;;;0;0;0
2023-2024;05401;Perugia - Università degli studi;030   ;Borse di studio - N. borse di studio concesse con fondi dell'ATENEO/MIUR;636;17;4;0;0
2023-2024;05401;Perugia - Università degli studi;061   ;Mobilità internazionale - N. iscritti nell'ateneo in mobilità internazionale (studenti in uscita);521;27;165;3;0
2023-2024;05401;Perugia - Università degli studi;061c  ;Mobilità internazionale - N. iscritti nell'ateneo in mobilità internazionale (studenti in uscita)- di cui studenti SENZA borsa;1;0;1;0;0
2023-2024;05401;Perugia - Università degli studi;061m  ;Mobilità internazionale - N. iscritti nell'ateneo in mobilità internazionale (studenti in uscita)- di cui studenti in mobilità extraeuropea;28;1;27;0;0
2023-2024;05401;Perugia - Università degli studi;061p  ;Mobilità internazionale - N. iscritti nell'ateneo in mobilità internazionale (studenti in uscita)- di cui dottorandi percettori di borsa che usufruiscono della maggiorazione del 50%;;;31;;
2023-2024;05401;Perugia - Università degli studi;063   ;Mobilità internazionale - N. iscritti in atenei esteri in mobilità internazionale presso l'ateneo italiano (studenti in entrata);646;135;0;0;0
2023-2024;05401;Perugia - Università degli studi;063c  ;Mobilità internazionale - N. iscritti in atenei esteri in mobilità internazionale presso l'ateneo italiano (studenti in entrata) - di cui studenti con borsa dell'Ateneo italiano;12;12;0;0;0
2023-2024;05401;Perugia - Università degli studi;064   ;Mobilità internazionale - N. iscritti in atenei esteri in mobilità internazionale presso l'ateneo italiano (studenti in entrata)- di cui studenti provenienti da Paesi extraeuropei;9;6;0;0;0
2023-2024;05401;Perugia - Università degli studi;073   ;Interventi a favore di studenti in situazione di disabilità - N. contributi finanziari;0;0;0;0;0
2023-2024;05401;Perugia - Università degli studi;074   ;Interventi a favore di studenti in situazione di disabilità - N. interventi non finanziari;133;0;0;0;0
2023-2024;05401;Perugia - Università degli studi;081   ;Attività di collaborazione a tempo parziale - N. collaborazioni;588;29;0;0;0
2023-2024;05401;Perugia - Università degli studi;091   ;Posti alloggio e contributi-alloggio - N. domande posti alloggio;0;0;0;0;0
2023-2024;05401;Perugia - Università degli studi;092   ;Posti alloggio e contributi-alloggio - N. posti alloggio assegnati;0;0;0;0;0
2023-2024;05401;Perugia - Università degli studi;092c  ;Posti alloggio e contributi-alloggio - N. posti alloggio assegnati - di cui assegnati in strutture convenzionate o private;0;0;0;0;0
2023-2024;05401;Perugia - Università degli studi;093   ;Posti alloggio e contributi-alloggio - N. domande contributi-alloggio;0;0;0;0;0
2023-2024;05401;Perugia - Università degli studi;094   ;Posti alloggio e contributi-alloggio - N. contributi-alloggio assegnati;0;0;0;0;0
2023-2024;05401;Perugia - Università degli studi;101   ;Altri interventi di tipo finanziario - N. prestiti agevolati concessi da istituti di credito convenzionati;0;0;0;0;0
2023-2024;05401;Perugia - Università degli studi;101a  ;Altri interventi di tipo finanziario - N. prestiti agevolati concessi da istituti di credito convenzionati - di cui con contributo in conto interesse e/o in conto capitale a carico dell'Ateneo;0;0;0;0;0
2023-2024;05401;Perugia - Università degli studi;104   ;Altri interventi di tipo finanziario - N. altri sussidi erogati;0;0;0;0;0
2023-2024;05401;Perugia - Università degli studi;111a  ;Borse di studio post-lauream - N. borse finanziate con fondi MIUR;;;94;0;0
2023-2024;05401;Perugia - Università degli studi;111b  ;Borse di studio post-lauream - N. borse finanziate da altri Ministeri;;;1;0;0
2023-2024;05401;Perugia - Università degli studi;112   ;Borse di studio post-lauream - N. borse finanziate dall'Ateneo con fondi propri;;;98;0;0
2023-2024;05401;Perugia - Università degli studi;113   ;Borse di studio post-lauream - N. borse finanziate mediante convenzione con altri Atenei;;;8;0;0
2023-2024;05401;Perugia - Università degli studi;114   ;Borse di studio post-lauream - N. borse finanziate con fondi UE;;;152;0;0
2023-2024;05401;Perugia - Università degli studi;115   ;Borse di studio post-lauream - N. borse finanziate mediante convenzione con altri enti pubblici;;;24;0;0
2023-2024;05401;Perugia - Università degli studi;116   ;Borse di studio post-lauream - N. borse finanziate mediante convenzione con enti privati;;;54;0;0
2023-2024;05403;Perugia - Università per stranieri;030   ;Borse di studio - N. borse di studio concesse con fondi dell'ATENEO/MIUR;110;91;4;0;0
2023-2024;05403;Perugia - Università per stranieri;061   ;Mobilità internazionale - N. iscritti nell'ateneo in mobilità internazionale (studenti in uscita);44;7;9;0;0
2023-2024;05403;Perugia - Università per stranieri;061c  ;Mobilità internazionale - N. iscritti nell'ateneo in mobilità internazionale (studenti in uscita)- di cui studenti SENZA borsa;0;0;0;0;0
2023-2024;05403;Perugia - Università per stranieri;061m  ;Mobilità internazionale - N. iscritti nell'ateneo in mobilità internazionale (studenti in uscita)- di cui studenti in mobilità extraeuropea;5;0;2;0;0
2023-2024;05403;Perugia - Università per stranieri;061p  ;Mobilità internazionale - N. iscritti nell'ateneo in mobilità internazionale (studenti in uscita)- di cui dottorandi percettori di borsa che usufruiscono della maggiorazione del 50%;;;9;;
2023-2024;05403;Perugia - Università per stranieri;063   ;Mobilità internazionale - N. iscritti in atenei esteri in mobilità internazionale presso l'ateneo italiano (studenti in entrata);48;7;0;0;0
2023-2024;05403;Perugia - Università per stranieri;063c  ;Mobilità internazionale - N. iscritti in atenei esteri in mobilità internazionale presso l'ateneo italiano (studenti in entrata) - di cui studenti con borsa dell'Ateneo italiano;0;0;0;0;0
2023-2024;05403;Perugia - Università per stranieri;064   ;Mobilità internazionale - N. iscritti in atenei esteri in mobilità internazionale presso l'ateneo italiano (studenti in entrata)- di cui studenti provenienti da Paesi extraeuropei;0;0;0;0;0
2023-2024;05403;Perugia - Università per stranieri;073   ;Interventi a favore di studenti in situazione di disabilità - N. contributi finanziari;0;0;0;0;0
2023-2024;05403;Perugia - Università per stranieri;074   ;Interventi a favore di studenti in situazione di disabilità - N. interventi non finanziari;31;N;0;0;0
2023-2024;05403;Perugia - Università per stranieri;081   ;Attività di collaborazione a tempo parziale - N. collaborazioni;0;0;0;0;0
2023-2024;05403;Perugia - Università per stranieri;091   ;Posti alloggio e contributi-alloggio - N. domande posti alloggio;0;0;0;0;0
2023-2024;05403;Perugia - Università per stranieri;092   ;Posti alloggio e contributi-alloggio - N. posti alloggio assegnati;0;0;0;0;0
2023-2024;05403;Perugia - Università per stranieri;092c  ;Posti alloggio e contributi-alloggio - N. posti alloggio assegnati - di cui assegnati in strutture convenzionate o private;0;0;0;0;0
2023-2024;05403;Perugia - Università per stranieri;093   ;Posti alloggio e contributi-alloggio - N. domande contributi-alloggio;0;0;0;0;0
2023-2024;05403;Perugia - Università per stranieri;094   ;Posti alloggio e contributi-alloggio - N. contributi-alloggio assegnati;0;0;0;0;0
2023-2024;05403;Perugia - Università per stranieri;101   ;Altri interventi di tipo finanziario - N. prestiti agevolati concessi da istituti di credito convenzionati;0;0;0;0;0
2023-2024;05403;Perugia - Università per stranieri;101a  ;Altri interventi di tipo finanziario - N. prestiti agevolati concessi da istituti di credito convenzionati - di cui con contributo in conto interesse e/o in conto capitale a carico dell'Ateneo;0;0;0;0;0
2023-2024;05403;Perugia - Università per stranieri;104   ;Altri interventi di tipo finanziario - N. altri sussidi erogati;101;53;0;0;0
2023-2024;05403;Perugia - Università per stranieri;111a  ;Borse di studio post-lauream - N. borse finanziate con fondi MIUR;;;0;0;0
2023-2024;05403;Perugia - Università per stranieri;111b  ;Borse di studio post-lauream - N. borse finanziate da altri Ministeri;;;0;0;0
2023-2024;05403;Perugia - Università per stranieri;112   ;Borse di studio post-lauream - N. borse finanziate dall'Ateneo con fondi propri;;;18;0;0
2023-2024;05403;Perugia - Università per stranieri;113   ;Borse di studio post-lauream - N. borse finanziate mediante convenzione con altri Atenei;;;0;0;0
2023-2024;05403;Perugia - Università per stranieri;114   ;Borse di studio post-lauream - N. borse finanziate con fondi UE;;;10;0;0
2023-2024;05403;Perugia - Università per stranieri;115   ;Borse di studio post-lauream - N. borse finanziate mediante convenzione con altri enti pubblici;;;0;0;0
2023-2024;05403;Perugia - Università per stranieri;116   ;Borse di studio post-lauream - N. borse finanziate mediante convenzione con enti privati;;;0;0;0
2023-2024;05601;Viterbo - Università della Tuscia;030   ;Borse di studio - N. borse di studio concesse con fondi dell'ATENEO/MIUR;98;11;9;0;0
2023-2024;05601;Viterbo - Università della Tuscia;061   ;Mobilità internazionale - N. iscritti nell'ateneo in mobilità internazionale (studenti in uscita);120;24;3;0;0
2023-2024;05601;Viterbo - Università della Tuscia;061c  ;Mobilità internazionale - N. iscritti nell'ateneo in mobilità internazionale (studenti in uscita)- di cui studenti SENZA borsa;14;7;0;0;0
2023-2024;05601;Viterbo - Università della Tuscia;061m  ;Mobilità internazionale - N. iscritti nell'ateneo in mobilità internazionale (studenti in uscita)- di cui studenti in mobilità extraeuropea;1;1;0;0;0
2023-2024;05601;Viterbo - Università della Tuscia;061p  ;Mobilità internazionale - N. iscritti nell'ateneo in mobilità internazionale (studenti in uscita)- di cui dottorandi percettori di borsa che usufruiscono della maggiorazione del 50%;;;0;;
2023-2024;05601;Viterbo - Università della Tuscia;063   ;Mobilità internazionale - N. iscritti in atenei esteri in mobilità internazionale presso l'ateneo italiano (studenti in entrata);72;47;0;0;0
2023-2024;05601;Viterbo - Università della Tuscia;063c  ;Mobilità internazionale - N. iscritti in atenei esteri in mobilità internazionale presso l'ateneo italiano (studenti in entrata) - di cui studenti con borsa dell'Ateneo italiano;0;0;0;0;0
2023-2024;05601;Viterbo - Università della Tuscia;064   ;Mobilità internazionale - N. iscritti in atenei esteri in mobilità internazionale presso l'ateneo italiano (studenti in entrata)- di cui studenti provenienti da Paesi extraeuropei;8;7;0;0;0
2023-2024;05601;Viterbo - Università della Tuscia;073   ;Interventi a favore di studenti in situazione di disabilità - N. contributi finanziari;0;0;0;0;0
2023-2024;05601;Viterbo - Università della Tuscia;074   ;Interventi a favore di studenti in situazione di disabilità - N. interventi non finanziari;0;0;0;0;0
2023-2024;05601;Viterbo - Università della Tuscia;081   ;Attività di collaborazione a tempo parziale - N. collaborazioni;41;5;0;0;0
2023-2024;05601;Viterbo - Università della Tuscia;091   ;Posti alloggio e contributi-alloggio - N. domande posti alloggio;48;47;2;0;0
2023-2024;05601;Viterbo - Università della Tuscia;092   ;Posti alloggio e contributi-alloggio - N. posti alloggio assegnati;48;47;2;0;0
2023-2024;05601;Viterbo - Università della Tuscia;092c  ;Posti alloggio e contributi-alloggio - N. posti alloggio assegnati - di cui assegnati in strutture convenzionate o private;48;47;2;0;0
2023-2024;05601;Viterbo - Università della Tuscia;093   ;Posti alloggio e contributi-alloggio - N. domande contributi-alloggio;26;2;3;0;0
2023-2024;05601;Viterbo - Università della Tuscia;094   ;Posti alloggio e contributi-alloggio - N. contributi-alloggio assegnati;26;2;3;0;0
2023-2024;05601;Viterbo - Università della Tuscia;101   ;Altri interventi di tipo finanziario - N. prestiti agevolati concessi da istituti di credito convenzionati;0;0;0;0;0
2023-2024;05601;Viterbo - Università della Tuscia;101a  ;Altri interventi di tipo finanziario - N. prestiti agevolati concessi da istituti di credito convenzionati - di cui con contributo in conto interesse e/o in conto capitale a carico dell'Ateneo;0;0;0;0;0
2023-2024;05601;Viterbo - Università della Tuscia;104   ;Altri interventi di tipo finanziario - N. altri sussidi erogati;2;0;0;0;0
2023-2024;05601;Viterbo - Università della Tuscia;111a  ;Borse di studio post-lauream - N. borse finanziate con fondi MIUR;;;66,84;0;0
2023-2024;05601;Viterbo - Università della Tuscia;111b  ;Borse di studio post-lauream - N. borse finanziate da altri Ministeri;;;3,5;0;0
2023-2024;05601;Viterbo - Università della Tuscia;112   ;Borse di studio post-lauream - N. borse finanziate dall'Ateneo con fondi propri;;;4,5;0;0
2023-2024;05601;Viterbo - Università della Tuscia;113   ;Borse di studio post-lauream - N. borse finanziate mediante convenzione con altri Atenei;;;0;0;0
2023-2024;05601;Viterbo - Università della Tuscia;114   ;Borse di studio post-lauream - N. borse finanziate con fondi UE;;;78,5;0;0
2023-2024;05601;Viterbo - Università della Tuscia;115   ;Borse di studio post-lauream - N. borse finanziate mediante convenzione con altri enti pubblici;;;31,83;0;0
2023-2024;05601;Viterbo - Università della Tuscia;116   ;Borse di studio post-lauream - N. borse finanziate mediante convenzione con enti privati;;;39,83;0;0
2023-2024;05801;"Roma - Università degli studi ""La Sapienza""";030   ;Borse di studio - N. borse di studio concesse con fondi dell'ATENEO/MIUR;1908;24;247;0;0
2023-2024;05801;"Roma - Università degli studi ""La Sapienza""";061   ;Mobilità internazionale - N. iscritti nell'ateneo in mobilità internazionale (studenti in uscita);1482;111;1221;0;0
2023-2024;05801;"Roma - Università degli studi ""La Sapienza""";061c  ;Mobilità internazionale - N. iscritti nell'ateneo in mobilità internazionale (studenti in uscita)- di cui studenti SENZA borsa;73;5;735;0;0
2023-2024;05801;"Roma - Università degli studi ""La Sapienza""";061m  ;Mobilità internazionale - N. iscritti nell'ateneo in mobilità internazionale (studenti in uscita)- di cui studenti in mobilità extraeuropea;234;14;251;0;0
2023-2024;05801;"Roma - Università degli studi ""La Sapienza""";061p  ;Mobilità internazionale - N. iscritti nell'ateneo in mobilità internazionale (studenti in uscita)- di cui dottorandi percettori di borsa che usufruiscono della maggiorazione del 50%;;;435;;
2023-2024;05801;"Roma - Università degli studi ""La Sapienza""";063   ;Mobilità internazionale - N. iscritti in atenei esteri in mobilità internazionale presso l'ateneo italiano (studenti in entrata);3215;1044;0;0;0
2023-2024;05801;"Roma - Università degli studi ""La Sapienza""";063c  ;Mobilità internazionale - N. iscritti in atenei esteri in mobilità internazionale presso l'ateneo italiano (studenti in entrata) - di cui studenti con borsa dell'Ateneo italiano;42;42;0;0;0
2023-2024;05801;"Roma - Università degli studi ""La Sapienza""";064   ;Mobilità internazionale - N. iscritti in atenei esteri in mobilità internazionale presso l'ateneo italiano (studenti in entrata)- di cui studenti provenienti da Paesi extraeuropei;643;643;0;0;0
2023-2024;05801;"Roma - Università degli studi ""La Sapienza""";073   ;Interventi a favore di studenti in situazione di disabilità - N. contributi finanziari;27;0;0;0;0
2023-2024;05801;"Roma - Università degli studi ""La Sapienza""";074   ;Interventi a favore di studenti in situazione di disabilità - N. interventi non finanziari;525;0;0;20;40
2023-2024;05801;"Roma - Università degli studi ""La Sapienza""";081   ;Attività di collaborazione a tempo parziale - N. collaborazioni;1846;9;0;0;0
2023-2024;05801;"Roma - Università degli studi ""La Sapienza""";091   ;Posti alloggio e contributi-alloggio - N. domande posti alloggio;653;1;4;0;0
2023-2024;05801;"Roma - Università degli studi ""La Sapienza""";092   ;Posti alloggio e contributi-alloggio - N. posti alloggio assegnati;653;1;4;0;0
2023-2024;05801;"Roma - Università degli studi ""La Sapienza""";092c  ;Posti alloggio e contributi-alloggio - N. posti alloggio assegnati - di cui assegnati in strutture convenzionate o private;543;0;0;0;0
2023-2024;05801;"Roma - Università degli studi ""La Sapienza""";093   ;Posti alloggio e contributi-alloggio - N. domande contributi-alloggio;232;9;2;0;1
2023-2024;05801;"Roma - Università degli studi ""La Sapienza""";094   ;Posti alloggio e contributi-alloggio - N. contributi-alloggio assegnati;232;9;2;0;1
2023-2024;05801;"Roma - Università degli studi ""La Sapienza""";101   ;Altri interventi di tipo finanziario - N. prestiti agevolati concessi da istituti di credito convenzionati;0;0;0;0;0
2023-2024;05801;"Roma - Università degli studi ""La Sapienza""";101a  ;Altri interventi di tipo finanziario - N. prestiti agevolati concessi da istituti di credito convenzionati - di cui con contributo in conto interesse e/o in conto capitale a carico dell'Ateneo;0;0;0;0;0
2023-2024;05801;"Roma - Università degli studi ""La Sapienza""";104   ;Altri interventi di tipo finanziario - N. altri sussidi erogati;0;0;0;0;0
2023-2024;05801;"Roma - Università degli studi ""La Sapienza""";111a  ;Borse di studio post-lauream - N. borse finanziate con fondi MIUR;;;0;0;0
2023-2024;05801;"Roma - Università degli studi ""La Sapienza""";111b  ;Borse di studio post-lauream - N. borse finanziate da altri Ministeri;;;0;0;0
2023-2024;05801;"Roma - Università degli studi ""La Sapienza""";112   ;Borse di studio post-lauream - N. borse finanziate dall'Ateneo con fondi propri;;;1824;0;0
2023-2024;05801;"Roma - Università degli studi ""La Sapienza""";113   ;Borse di studio post-lauream - N. borse finanziate mediante convenzione con altri Atenei;;;276,5;0;0
2023-2024;05801;"Roma - Università degli studi ""La Sapienza""";114   ;Borse di studio post-lauream - N. borse finanziate con fondi UE;;;462,5;0;0
2023-2024;05801;"Roma - Università degli studi ""La Sapienza""";115   ;Borse di studio post-lauream - N. borse finanziate mediante convenzione con altri enti pubblici;;;186;0;0
2023-2024;05801;"Roma - Università degli studi ""La Sapienza""";116   ;Borse di studio post-lauream - N. borse finanziate mediante convenzione con enti privati;;;32;0;0
2023-2024;05802;"Roma - Università degli studi di ""Tor Vergata""";030   ;Borse di studio - N. borse di studio concesse con fondi dell'ATENEO/MIUR;237;3;86;0;0
2023-2024;05802;"Roma - Università degli studi di ""Tor Vergata""";061   ;Mobilità internazionale - N. iscritti nell'ateneo in mobilità internazionale (studenti in uscita);719;78;405;0;0
2023-2024;05802;"Roma - Università degli studi di ""Tor Vergata""";061c  ;Mobilità internazionale - N. iscritti nell'ateneo in mobilità internazionale (studenti in uscita)- di cui studenti SENZA borsa;4;0;351;0;0
2023-2024;05802;"Roma - Università degli studi di ""Tor Vergata""";061m  ;Mobilità internazionale - N. iscritti nell'ateneo in mobilità internazionale (studenti in uscita)- di cui studenti in mobilità extraeuropea;49;10;45;0;0
2023-2024;05802;"Roma - Università degli studi di ""Tor Vergata""";061p  ;Mobilità internazionale - N. iscritti nell'ateneo in mobilità internazionale (studenti in uscita)- di cui dottorandi percettori di borsa che usufruiscono della maggiorazione del 50%;;;65;;
2023-2024;05802;"Roma - Università degli studi di ""Tor Vergata""";063   ;Mobilità internazionale - N. iscritti in atenei esteri in mobilità internazionale presso l'ateneo italiano (studenti in entrata);765;208;0;0;0
2023-2024;05802;"Roma - Università degli studi di ""Tor Vergata""";063c  ;Mobilità internazionale - N. iscritti in atenei esteri in mobilità internazionale presso l'ateneo italiano (studenti in entrata) - di cui studenti con borsa dell'Ateneo italiano;585;0;0;0;0
2023-2024;05802;"Roma - Università degli studi di ""Tor Vergata""";064   ;Mobilità internazionale - N. iscritti in atenei esteri in mobilità internazionale presso l'ateneo italiano (studenti in entrata)- di cui studenti provenienti da Paesi extraeuropei;64;64;0;0;0
2023-2024;05802;"Roma - Università degli studi di ""Tor Vergata""";073   ;Interventi a favore di studenti in situazione di disabilità - N. contributi finanziari;159;0;0;0;0
2023-2024;05802;"Roma - Università degli studi di ""Tor Vergata""";074   ;Interventi a favore di studenti in situazione di disabilità - N. interventi non finanziari;4177;0;0;0;0
2023-2024;05802;"Roma - Università degli studi di ""Tor Vergata""";081   ;Attività di collaborazione a tempo parziale - N. collaborazioni;523;24;0;0;0
2023-2024;05802;"Roma - Università degli studi di ""Tor Vergata""";091   ;Posti alloggio e contributi-alloggio - N. domande posti alloggio;0;0;0;0;0
2023-2024;05802;"Roma - Università degli studi di ""Tor Vergata""";092   ;Posti alloggio e contributi-alloggio - N. posti alloggio assegnati;0;0;0;0;0
2023-2024;05802;"Roma - Università degli studi di ""Tor Vergata""";092c  ;Posti alloggio e contributi-alloggio - N. posti alloggio assegnati - di cui assegnati in strutture convenzionate o private;0;0;0;0;0
2023-2024;05802;"Roma - Università degli studi di ""Tor Vergata""";093   ;Posti alloggio e contributi-alloggio - N. domande contributi-alloggio;0;0;0;0;0
2023-2024;05802;"Roma - Università degli studi di ""Tor Vergata""";094   ;Posti alloggio e contributi-alloggio - N. contributi-alloggio assegnati;0;0;0;0;0
2023-2024;05802;"Roma - Università degli studi di ""Tor Vergata""";101   ;Altri interventi di tipo finanziario - N. prestiti agevolati concessi da istituti di credito convenzionati;0;0;0;0;0
2023-2024;05802;"Roma - Università degli studi di ""Tor Vergata""";101a  ;Altri interventi di tipo finanziario - N. prestiti agevolati concessi da istituti di credito convenzionati - di cui con contributo in conto interesse e/o in conto capitale a carico dell'Ateneo;0;0;0;0;0
2023-2024;05802;"Roma - Università degli studi di ""Tor Vergata""";104   ;Altri interventi di tipo finanziario - N. altri sussidi erogati;0;0;0;0;0
2023-2024;05802;"Roma - Università degli studi di ""Tor Vergata""";111a  ;Borse di studio post-lauream - N. borse finanziate con fondi MIUR;;;482;0;0
2023-2024;05802;"Roma - Università degli studi di ""Tor Vergata""";111b  ;Borse di studio post-lauream - N. borse finanziate da altri Ministeri;;;0;0;0
2023-2024;05802;"Roma - Università degli studi di ""Tor Vergata""";112   ;Borse di studio post-lauream - N. borse finanziate dall'Ateneo con fondi propri;;;17;0;0
2023-2024;05802;"Roma - Università degli studi di ""Tor Vergata""";113   ;Borse di studio post-lauream - N. borse finanziate mediante convenzione con altri Atenei;;;5;0;0
2023-2024;05802;"Roma - Università degli studi di ""Tor Vergata""";114   ;Borse di studio post-lauream - N. borse finanziate con fondi UE;;;222;0;0
2023-2024;05802;"Roma - Università degli studi di ""Tor Vergata""";115   ;Borse di studio post-lauream - N. borse finanziate mediante convenzione con altri enti pubblici;;;72;0;0
2023-2024;05802;"Roma - Università degli studi di ""Tor Vergata""";116   ;Borse di studio post-lauream - N. borse finanziate mediante convenzione con enti privati;;;41;0;0
2023-2024;05803;Roma - Libera Università Maria SS.Assunta (LUMSA);030   ;Borse di studio - N. borse di studio concesse con fondi dell'ATENEO/MIUR;0;0;0;0;0
2023-2024;05803;Roma - Libera Università Maria SS.Assunta (LUMSA);061   ;Mobilità internazionale - N. iscritti nell'ateneo in mobilità internazionale (studenti in uscita);253;7;3;0;0
2023-2024;05803;Roma - Libera Università Maria SS.Assunta (LUMSA);061c  ;Mobilità internazionale - N. iscritti nell'ateneo in mobilità internazionale (studenti in uscita)- di cui studenti SENZA borsa;3;1;2;0;0
2023-2024;05803;Roma - Libera Università Maria SS.Assunta (LUMSA);061m  ;Mobilità internazionale - N. iscritti nell'ateneo in mobilità internazionale (studenti in uscita)- di cui studenti in mobilità extraeuropea;0;0;0;0;0
2023-2024;05803;Roma - Libera Università Maria SS.Assunta (LUMSA);061p  ;Mobilità internazionale - N. iscritti nell'ateneo in mobilità internazionale (studenti in uscita)- di cui dottorandi percettori di borsa che usufruiscono della maggiorazione del 50%;;;0;;
2023-2024;05803;Roma - Libera Università Maria SS.Assunta (LUMSA);063   ;Mobilità internazionale - N. iscritti in atenei esteri in mobilità internazionale presso l'ateneo italiano (studenti in entrata);521;59;0;0;0
2023-2024;05803;Roma - Libera Università Maria SS.Assunta (LUMSA);063c  ;Mobilità internazionale - N. iscritti in atenei esteri in mobilità internazionale presso l'ateneo italiano (studenti in entrata) - di cui studenti con borsa dell'Ateneo italiano;0;0;0;0;0
2023-2024;05803;Roma - Libera Università Maria SS.Assunta (LUMSA);064   ;Mobilità internazionale - N. iscritti in atenei esteri in mobilità internazionale presso l'ateneo italiano (studenti in entrata)- di cui studenti provenienti da Paesi extraeuropei;11;11;0;0;0
2023-2024;05803;Roma - Libera Università Maria SS.Assunta (LUMSA);073   ;Interventi a favore di studenti in situazione di disabilità - N. contributi finanziari;0;0;0;0;0
2023-2024;05803;Roma - Libera Università Maria SS.Assunta (LUMSA);074   ;Interventi a favore di studenti in situazione di disabilità - N. interventi non finanziari;0;0;0;0;0
2023-2024;05803;Roma - Libera Università Maria SS.Assunta (LUMSA);081   ;Attività di collaborazione a tempo parziale - N. collaborazioni;0;0;0;0;0
2023-2024;05803;Roma - Libera Università Maria SS.Assunta (LUMSA);091   ;Posti alloggio e contributi-alloggio - N. domande posti alloggio;105;6;0;0;0
2023-2024;05803;Roma - Libera Università Maria SS.Assunta (LUMSA);092   ;Posti alloggio e contributi-alloggio - N. posti alloggio assegnati;70;1;0;0;0
2023-2024;05803;Roma - Libera Università Maria SS.Assunta (LUMSA);092c  ;Posti alloggio e contributi-alloggio - N. posti alloggio assegnati - di cui assegnati in strutture convenzionate o private;20;1;0;0;0
2023-2024;05803;Roma - Libera Università Maria SS.Assunta (LUMSA);093   ;Posti alloggio e contributi-alloggio - N. domande contributi-alloggio;160;56;0;0;0
2023-2024;05803;Roma - Libera Università Maria SS.Assunta (LUMSA);094   ;Posti alloggio e contributi-alloggio - N. contributi-alloggio assegnati;0;0;0;0;0
2023-2024;05803;Roma - Libera Università Maria SS.Assunta (LUMSA);101   ;Altri interventi di tipo finanziario - N. prestiti agevolati concessi da istituti di credito convenzionati;0;0;0;0;0
2023-2024;05803;Roma - Libera Università Maria SS.Assunta (LUMSA);101a  ;Altri interventi di tipo finanziario - N. prestiti agevolati concessi da istituti di credito convenzionati - di cui con contributo in conto interesse e/o in conto capitale a carico dell'Ateneo;0;0;0;0;0
2023-2024;05803;Roma - Libera Università Maria SS.Assunta (LUMSA);104   ;Altri interventi di tipo finanziario - N. altri sussidi erogati;2180;148;5;1;0
2023-2024;05803;Roma - Libera Università Maria SS.Assunta (LUMSA);111a  ;Borse di studio post-lauream - N. borse finanziate con fondi MIUR;;;0;0;0
2023-2024;05803;Roma - Libera Università Maria SS.Assunta (LUMSA);111b  ;Borse di studio post-lauream - N. borse finanziate da altri Ministeri;;;0;0;0
2023-2024;05803;Roma - Libera Università Maria SS.Assunta (LUMSA);112   ;Borse di studio post-lauream - N. borse finanziate dall'Ateneo con fondi propri;;;33;0;92
2023-2024;05803;Roma - Libera Università Maria SS.Assunta (LUMSA);113   ;Borse di studio post-lauream - N. borse finanziate mediante convenzione con altri Atenei;;;0;0;0
2023-2024;05803;Roma - Libera Università Maria SS.Assunta (LUMSA);114   ;Borse di studio post-lauream - N. borse finanziate con fondi UE;;;35;0;0
2023-2024;05803;Roma - Libera Università Maria SS.Assunta (LUMSA);115   ;Borse di studio post-lauream - N. borse finanziate mediante convenzione con altri enti pubblici;;;7;0;435
2023-2024;05803;Roma - Libera Università Maria SS.Assunta (LUMSA);116   ;Borse di studio post-lauream - N. borse finanziate mediante convenzione con enti privati;;;1;0;83
2023-2024;05805;Roma - Luiss Libera Università internazionale degli studi sociali Guido Carli;030   ;Borse di studio - N. borse di studio concesse con fondi dell'ATENEO/MIUR;8;8;0;0;0
2023-2024;05805;Roma - Luiss Libera Università internazionale degli studi sociali Guido Carli;061   ;Mobilità internazionale - N. iscritti nell'ateneo in mobilità internazionale (studenti in uscita);1478;77;25;0;45
2023-2024;05805;Roma - Luiss Libera Università internazionale degli studi sociali Guido Carli;061c  ;Mobilità internazionale - N. iscritti nell'ateneo in mobilità internazionale (studenti in uscita)- di cui studenti SENZA borsa;314;55;3;0;45
2023-2024;05805;Roma - Luiss Libera Università internazionale degli studi sociali Guido Carli;061m  ;Mobilità internazionale - N. iscritti nell'ateneo in mobilità internazionale (studenti in uscita)- di cui studenti in mobilità extraeuropea;287;28;6;0;6
2023-2024;05805;Roma - Luiss Libera Università internazionale degli studi sociali Guido Carli;061p  ;Mobilità internazionale - N. iscritti nell'ateneo in mobilità internazionale (studenti in uscita)- di cui dottorandi percettori di borsa che usufruiscono della maggiorazione del 50%;;;17;;
2023-2024;05805;Roma - Luiss Libera Università internazionale degli studi sociali Guido Carli;063   ;Mobilità internazionale - N. iscritti in atenei esteri in mobilità internazionale presso l'ateneo italiano (studenti in entrata);1087;334;0;0;0
2023-2024;05805;Roma - Luiss Libera Università internazionale degli studi sociali Guido Carli;063c  ;Mobilità internazionale - N. iscritti in atenei esteri in mobilità internazionale presso l'ateneo italiano (studenti in entrata) - di cui studenti con borsa dell'Ateneo italiano;0;0;0;0;0
2023-2024;05805;Roma - Luiss Libera Università internazionale degli studi sociali Guido Carli;064   ;Mobilità internazionale - N. iscritti in atenei esteri in mobilità internazionale presso l'ateneo italiano (studenti in entrata)- di cui studenti provenienti da Paesi extraeuropei;156;141;0;0;0
2023-2024;05805;Roma - Luiss Libera Università internazionale degli studi sociali Guido Carli;073   ;Interventi a favore di studenti in situazione di disabilità - N. contributi finanziari;0;0;0;0;0
2023-2024;05805;Roma - Luiss Libera Università internazionale degli studi sociali Guido Carli;074   ;Interventi a favore di studenti in situazione di disabilità - N. interventi non finanziari;0;0;0;0;0
2023-2024;05805;Roma - Luiss Libera Università internazionale degli studi sociali Guido Carli;081   ;Attività di collaborazione a tempo parziale - N. collaborazioni;80;3;0;0;0
2023-2024;05805;Roma - Luiss Libera Università internazionale degli studi sociali Guido Carli;091   ;Posti alloggio e contributi-alloggio - N. domande posti alloggio;598;170;0;0;3
2023-2024;05805;Roma - Luiss Libera Università internazionale degli studi sociali Guido Carli;092   ;Posti alloggio e contributi-alloggio - N. posti alloggio assegnati;429;158;0;0;3
2023-2024;05805;Roma - Luiss Libera Università internazionale degli studi sociali Guido Carli;092c  ;Posti alloggio e contributi-alloggio - N. posti alloggio assegnati - di cui assegnati in strutture convenzionate o private;133;22;0;0;1
2023-2024;05805;Roma - Luiss Libera Università internazionale degli studi sociali Guido Carli;093   ;Posti alloggio e contributi-alloggio - N. domande contributi-alloggio;0;0;0;0;0
2023-2024;05805;Roma - Luiss Libera Università internazionale degli studi sociali Guido Carli;094   ;Posti alloggio e contributi-alloggio - N. contributi-alloggio assegnati;0;0;0;0;0
2023-2024;05805;Roma - Luiss Libera Università internazionale degli studi sociali Guido Carli;101   ;Altri interventi di tipo finanziario - N. prestiti agevolati concessi da istituti di credito convenzionati;626;4;1;0;96
2023-2024;05805;Roma - Luiss Libera Università internazionale degli studi sociali Guido Carli;101a  ;Altri interventi di tipo finanziario - N. prestiti agevolati concessi da istituti di credito convenzionati - di cui con contributo in conto interesse e/o in conto capitale a carico dell'Ateneo;0;0;0;0;0
2023-2024;05805;Roma - Luiss Libera Università internazionale degli studi sociali Guido Carli;104   ;Altri interventi di tipo finanziario - N. altri sussidi erogati;0;0;0;0;0
2023-2024;05805;Roma - Luiss Libera Università internazionale degli studi sociali Guido Carli;111a  ;Borse di studio post-lauream - N. borse finanziate con fondi MIUR;;;46;0;0
2023-2024;05805;Roma - Luiss Libera Università internazionale degli studi sociali Guido Carli;111b  ;Borse di studio post-lauream - N. borse finanziate da altri Ministeri;;;0;0;23
2023-2024;05805;Roma - Luiss Libera Università internazionale degli studi sociali Guido Carli;112   ;Borse di studio post-lauream - N. borse finanziate dall'Ateneo con fondi propri;;;37;0;137
2023-2024;05805;Roma - Luiss Libera Università internazionale degli studi sociali Guido Carli;113   ;Borse di studio post-lauream - N. borse finanziate mediante convenzione con altri Atenei;;;1;0;0
2023-2024;05805;Roma - Luiss Libera Università internazionale degli studi sociali Guido Carli;114   ;Borse di studio post-lauream - N. borse finanziate con fondi UE;;;14,5;0;0
2023-2024;05805;Roma - Luiss Libera Università internazionale degli studi sociali Guido Carli;115   ;Borse di studio post-lauream - N. borse finanziate mediante convenzione con altri enti pubblici;;;5,5;0;65
2023-2024;05805;Roma - Luiss Libera Università internazionale degli studi sociali Guido Carli;116   ;Borse di studio post-lauream - N. borse finanziate mediante convenzione con enti privati;;;4;0;8
2023-2024;05806;"Roma - Università degli studi del ""Foro Italico""";030   ;Borse di studio - N. borse di studio concesse con fondi dell'ATENEO/MIUR;10;0;3;0;0
2023-2024;05806;"Roma - Università degli studi del ""Foro Italico""";061   ;Mobilità internazionale - N. iscritti nell'ateneo in mobilità internazionale (studenti in uscita);70;0;7;0;0
2023-2024;05806;"Roma - Università degli studi del ""Foro Italico""";061c  ;Mobilità internazionale - N. iscritti nell'ateneo in mobilità internazionale (studenti in uscita)- di cui studenti SENZA borsa;1;0;3;0;0
2023-2024;05806;"Roma - Università degli studi del ""Foro Italico""";061m  ;Mobilità internazionale - N. iscritti nell'ateneo in mobilità internazionale (studenti in uscita)- di cui studenti in mobilità extraeuropea;1;0;0;0;0
2023-2024;05806;"Roma - Università degli studi del ""Foro Italico""";061p  ;Mobilità internazionale - N. iscritti nell'ateneo in mobilità internazionale (studenti in uscita)- di cui dottorandi percettori di borsa che usufruiscono della maggiorazione del 50%;;;4;;
2023-2024;05806;"Roma - Università degli studi del ""Foro Italico""";063   ;Mobilità internazionale - N. iscritti in atenei esteri in mobilità internazionale presso l'ateneo italiano (studenti in entrata);86;8;6;0;0
2023-2024;05806;"Roma - Università degli studi del ""Foro Italico""";063c  ;Mobilità internazionale - N. iscritti in atenei esteri in mobilità internazionale presso l'ateneo italiano (studenti in entrata) - di cui studenti con borsa dell'Ateneo italiano;0;0;0;0;0
2023-2024;05806;"Roma - Università degli studi del ""Foro Italico""";064   ;Mobilità internazionale - N. iscritti in atenei esteri in mobilità internazionale presso l'ateneo italiano (studenti in entrata)- di cui studenti provenienti da Paesi extraeuropei;3;3;0;0;0
2023-2024;05806;"Roma - Università degli studi del ""Foro Italico""";073   ;Interventi a favore di studenti in situazione di disabilità - N. contributi finanziari;0;0;0;0;0
2023-2024;05806;"Roma - Università degli studi del ""Foro Italico""";074   ;Interventi a favore di studenti in situazione di disabilità - N. interventi non finanziari;162;0;N;0;0
2023-2024;05806;"Roma - Università degli studi del ""Foro Italico""";081   ;Attività di collaborazione a tempo parziale - N. collaborazioni;32;1;0;0;0
2023-2024;05806;"Roma - Università degli studi del ""Foro Italico""";091   ;Posti alloggio e contributi-alloggio - N. domande posti alloggio;0;0;0;0;0
2023-2024;05806;"Roma - Università degli studi del ""Foro Italico""";092   ;Posti alloggio e contributi-alloggio - N. posti alloggio assegnati;0;0;0;0;0
2023-2024;05806;"Roma - Università degli studi del ""Foro Italico""";092c  ;Posti alloggio e contributi-alloggio - N. posti alloggio assegnati - di cui assegnati in strutture convenzionate o private;0;0;0;0;0
2023-2024;05806;"Roma - Università degli studi del ""Foro Italico""";093   ;Posti alloggio e contributi-alloggio - N. domande contributi-alloggio;0;0;0;0;0
2023-2024;05806;"Roma - Università degli studi del ""Foro Italico""";094   ;Posti alloggio e contributi-alloggio - N. contributi-alloggio assegnati;0;0;0;0;0
2023-2024;05806;"Roma - Università degli studi del ""Foro Italico""";101   ;Altri interventi di tipo finanziario - N. prestiti agevolati concessi da istituti di credito convenzionati;0;0;0;0;0
2023-2024;05806;"Roma - Università degli studi del ""Foro Italico""";101a  ;Altri interventi di tipo finanziario - N. prestiti agevolati concessi da istituti di credito convenzionati - di cui con contributo in conto interesse e/o in conto capitale a carico dell'Ateneo;0;0;0;0;0
2023-2024;05806;"Roma - Università degli studi del ""Foro Italico""";104   ;Altri interventi di tipo finanziario - N. altri sussidi erogati;0;0;0;0;0
2023-2024;05806;"Roma - Università degli studi del ""Foro Italico""";111a  ;Borse di studio post-lauream - N. borse finanziate con fondi MIUR;;;0;0;0
2023-2024;05806;"Roma - Università degli studi del ""Foro Italico""";111b  ;Borse di studio post-lauream - N. borse finanziate da altri Ministeri;;;0;0;0
2023-2024;05806;"Roma - Università degli studi del ""Foro Italico""";112   ;Borse di studio post-lauream - N. borse finanziate dall'Ateneo con fondi propri;;;23;0;0
2023-2024;05806;"Roma - Università degli studi del ""Foro Italico""";113   ;Borse di studio post-lauream - N. borse finanziate mediante convenzione con altri Atenei;;;0;0;0
2023-2024;05806;"Roma - Università degli studi del ""Foro Italico""";114   ;Borse di studio post-lauream - N. borse finanziate con fondi UE;;;11;0;0
2023-2024;05806;"Roma - Università degli studi del ""Foro Italico""";115   ;Borse di studio post-lauream - N. borse finanziate mediante convenzione con altri enti pubblici;;;1;0;0
2023-2024;05806;"Roma - Università degli studi del ""Foro Italico""";116   ;Borse di studio post-lauream - N. borse finanziate mediante convenzione con enti privati;;;3;0;0
2023-2024;05807;Roma - III Università degli studi;030   ;Borse di studio - N. borse di studio concesse con fondi dell'ATENEO/MIUR;0;0;60;0;0
2023-2024;05807;Roma - III Università degli studi;061   ;Mobilità internazionale - N. iscritti nell'ateneo in mobilità internazionale (studenti in uscita);593;16;0;0;0
2023-2024;05807;Roma - III Università degli studi;061c  ;Mobilità internazionale - N. iscritti nell'ateneo in mobilità internazionale (studenti in uscita)- di cui studenti SENZA borsa;593;16;0;0;0
2023-2024;05807;Roma - III Università degli studi;061m  ;Mobilità internazionale - N. iscritti nell'ateneo in mobilità internazionale (studenti in uscita)- di cui studenti in mobilità extraeuropea;5;0;0;0;0
2023-2024;05807;Roma - III Università degli studi;061p  ;Mobilità internazionale - N. iscritti nell'ateneo in mobilità internazionale (studenti in uscita)- di cui dottorandi percettori di borsa che usufruiscono della maggiorazione del 50%;;;0;;
2023-2024;05807;Roma - III Università degli studi;063   ;Mobilità internazionale - N. iscritti in atenei esteri in mobilità internazionale presso l'ateneo italiano (studenti in entrata);766;506;0;0;0
2023-2024;05807;Roma - III Università degli studi;063c  ;Mobilità internazionale - N. iscritti in atenei esteri in mobilità internazionale presso l'ateneo italiano (studenti in entrata) - di cui studenti con borsa dell'Ateneo italiano;0;0;0;0;0
2023-2024;05807;Roma - III Università degli studi;064   ;Mobilità internazionale - N. iscritti in atenei esteri in mobilità internazionale presso l'ateneo italiano (studenti in entrata)- di cui studenti provenienti da Paesi extraeuropei;37;36;0;0;0
2023-2024;05807;Roma - III Università degli studi;073   ;Interventi a favore di studenti in situazione di disabilità - N. contributi finanziari;0;0;0;0;0
2023-2024;05807;Roma - III Università degli studi;074   ;Interventi a favore di studenti in situazione di disabilità - N. interventi non finanziari;151;0;0;0;N
2023-2024;05807;Roma - III Università degli studi;081   ;Attività di collaborazione a tempo parziale - N. collaborazioni;0;0;0;0;0
2023-2024;05807;Roma - III Università degli studi;091   ;Posti alloggio e contributi-alloggio - N. domande posti alloggio;0;0;0;0;0
2023-2024;05807;Roma - III Università degli studi;092   ;Posti alloggio e contributi-alloggio - N. posti alloggio assegnati;0;0;0;0;0
2023-2024;05807;Roma - III Università degli studi;092c  ;Posti alloggio e contributi-alloggio - N. posti alloggio assegnati - di cui assegnati in strutture convenzionate o private;0;0;0;0;0
2023-2024;05807;Roma - III Università degli studi;093   ;Posti alloggio e contributi-alloggio - N. domande contributi-alloggio;0;0;0;0;0
2023-2024;05807;Roma - III Università degli studi;094   ;Posti alloggio e contributi-alloggio - N. contributi-alloggio assegnati;0;0;0;0;0
2023-2024;05807;Roma - III Università degli studi;101   ;Altri interventi di tipo finanziario - N. prestiti agevolati concessi da istituti di credito convenzionati;0;0;0;0;0
2023-2024;05807;Roma - III Università degli studi;101a  ;Altri interventi di tipo finanziario - N. prestiti agevolati concessi da istituti di credito convenzionati - di cui con contributo in conto interesse e/o in conto capitale a carico dell'Ateneo;0;0;0;0;0
2023-2024;05807;Roma - III Università degli studi;104   ;Altri interventi di tipo finanziario - N. altri sussidi erogati;0;0;0;0;0
2023-2024;05807;Roma - III Università degli studi;111a  ;Borse di studio post-lauream - N. borse finanziate con fondi MIUR;;;130;0;0
2023-2024;05807;Roma - III Università degli studi;111b  ;Borse di studio post-lauream - N. borse finanziate da altri Ministeri;;;0;0;0
2023-2024;05807;Roma - III Università degli studi;112   ;Borse di studio post-lauream - N. borse finanziate dall'Ateneo con fondi propri;;;194;0;0
2023-2024;05807;Roma - III Università degli studi;113   ;Borse di studio post-lauream - N. borse finanziate mediante convenzione con altri Atenei;;;0;0;0
2023-2024;05807;Roma - III Università degli studi;114   ;Borse di studio post-lauream - N. borse finanziate con fondi UE;;;168;0;0
2023-2024;05807;Roma - III Università degli studi;115   ;Borse di studio post-lauream - N. borse finanziate mediante convenzione con altri enti pubblici;;;0;0;0
2023-2024;05807;Roma - III Università degli studi;116   ;Borse di studio post-lauream - N. borse finanziate mediante convenzione con enti privati;;;0;0;0
2023-2024;05808;"Roma - Università ""Campus Bio-Medico""";030   ;Borse di studio - N. borse di studio concesse con fondi dell'ATENEO/MIUR;12;0;0;0;0
2023-2024;05808;"Roma - Università ""Campus Bio-Medico""";061   ;Mobilità internazionale - N. iscritti nell'ateneo in mobilità internazionale (studenti in uscita);42;0;49;0;0
2023-2024;05808;"Roma - Università ""Campus Bio-Medico""";061c  ;Mobilità internazionale - N. iscritti nell'ateneo in mobilità internazionale (studenti in uscita)- di cui studenti SENZA borsa;5;0;0;0;0
2023-2024;05808;"Roma - Università ""Campus Bio-Medico""";061m  ;Mobilità internazionale - N. iscritti nell'ateneo in mobilità internazionale (studenti in uscita)- di cui studenti in mobilità extraeuropea;6;0;14;0;0
2023-2024;05808;"Roma - Università ""Campus Bio-Medico""";061p  ;Mobilità internazionale - N. iscritti nell'ateneo in mobilità internazionale (studenti in uscita)- di cui dottorandi percettori di borsa che usufruiscono della maggiorazione del 50%;;;48;;
2023-2024;05808;"Roma - Università ""Campus Bio-Medico""";063   ;Mobilità internazionale - N. iscritti in atenei esteri in mobilità internazionale presso l'ateneo italiano (studenti in entrata);45;9;0;0;0
2023-2024;05808;"Roma - Università ""Campus Bio-Medico""";063c  ;Mobilità internazionale - N. iscritti in atenei esteri in mobilità internazionale presso l'ateneo italiano (studenti in entrata) - di cui studenti con borsa dell'Ateneo italiano;0;0;0;0;0
2023-2024;05808;"Roma - Università ""Campus Bio-Medico""";064   ;Mobilità internazionale - N. iscritti in atenei esteri in mobilità internazionale presso l'ateneo italiano (studenti in entrata)- di cui studenti provenienti da Paesi extraeuropei;0;0;0;0;0
2023-2024;05808;"Roma - Università ""Campus Bio-Medico""";073   ;Interventi a favore di studenti in situazione di disabilità - N. contributi finanziari;0;0;0;0;0
2023-2024;05808;"Roma - Università ""Campus Bio-Medico""";074   ;Interventi a favore di studenti in situazione di disabilità - N. interventi non finanziari;9;0;0;0;0
2023-2024;05808;"Roma - Università ""Campus Bio-Medico""";081   ;Attività di collaborazione a tempo parziale - N. collaborazioni;36;0;0;0;0
2023-2024;05808;"Roma - Università ""Campus Bio-Medico""";091   ;Posti alloggio e contributi-alloggio - N. domande posti alloggio;21;5;0;0;0
2023-2024;05808;"Roma - Università ""Campus Bio-Medico""";092   ;Posti alloggio e contributi-alloggio - N. posti alloggio assegnati;21;5;0;0;0
2023-2024;05808;"Roma - Università ""Campus Bio-Medico""";092c  ;Posti alloggio e contributi-alloggio - N. posti alloggio assegnati - di cui assegnati in strutture convenzionate o private;21;5;0;0;0
2023-2024;05808;"Roma - Università ""Campus Bio-Medico""";093   ;Posti alloggio e contributi-alloggio - N. domande contributi-alloggio;34;6;0;0;0
2023-2024;05808;"Roma - Università ""Campus Bio-Medico""";094   ;Posti alloggio e contributi-alloggio - N. contributi-alloggio assegnati;34;6;0;0;0
2023-2024;05808;"Roma - Università ""Campus Bio-Medico""";101   ;Altri interventi di tipo finanziario - N. prestiti agevolati concessi da istituti di credito convenzionati;190;2;0;0;0
2023-2024;05808;"Roma - Università ""Campus Bio-Medico""";101a  ;Altri interventi di tipo finanziario - N. prestiti agevolati concessi da istituti di credito convenzionati - di cui con contributo in conto interesse e/o in conto capitale a carico dell'Ateneo;0;0;0;0;0
2023-2024;05808;"Roma - Università ""Campus Bio-Medico""";104   ;Altri interventi di tipo finanziario - N. altri sussidi erogati;0;0;0;0;0
2023-2024;05808;"Roma - Università ""Campus Bio-Medico""";111a  ;Borse di studio post-lauream - N. borse finanziate con fondi MIUR;;;31;0;0
2023-2024;05808;"Roma - Università ""Campus Bio-Medico""";111b  ;Borse di studio post-lauream - N. borse finanziate da altri Ministeri;;;0;0;0
2023-2024;05808;"Roma - Università ""Campus Bio-Medico""";112   ;Borse di studio post-lauream - N. borse finanziate dall'Ateneo con fondi propri;;;15,5;0;0
2023-2024;05808;"Roma - Università ""Campus Bio-Medico""";113   ;Borse di studio post-lauream - N. borse finanziate mediante convenzione con altri Atenei;;;21;0;0
2023-2024;05808;"Roma - Università ""Campus Bio-Medico""";114   ;Borse di studio post-lauream - N. borse finanziate con fondi UE;;;60,67;0;0
2023-2024;05808;"Roma - Università ""Campus Bio-Medico""";115   ;Borse di studio post-lauream - N. borse finanziate mediante convenzione con altri enti pubblici;;;27,33;0;0
2023-2024;05808;"Roma - Università ""Campus Bio-Medico""";116   ;Borse di studio post-lauream - N. borse finanziate mediante convenzione con enti privati;;;32,5;0;0
2023-2024;05809;Roma - Università degli Studi Internazionali – UNINT;030   ;Borse di studio - N. borse di studio concesse con fondi dell'ATENEO/MIUR;0;0;0;0;0
2023-2024;05809;Roma - Università degli Studi Internazionali – UNINT;061   ;Mobilità internazionale - N. iscritti nell'ateneo in mobilità internazionale (studenti in uscita);128;2;0;0;0
2023-2024;05809;Roma - Università degli Studi Internazionali – UNINT;061c  ;Mobilità internazionale - N. iscritti nell'ateneo in mobilità internazionale (studenti in uscita)- di cui studenti SENZA borsa;11;0;0;0;0
2023-2024;05809;Roma - Università degli Studi Internazionali – UNINT;061m  ;Mobilità internazionale - N. iscritti nell'ateneo in mobilità internazionale (studenti in uscita)- di cui studenti in mobilità extraeuropea;25;1;0;0;0
2023-2024;05809;Roma - Università degli Studi Internazionali – UNINT;061p  ;Mobilità internazionale - N. iscritti nell'ateneo in mobilità internazionale (studenti in uscita)- di cui dottorandi percettori di borsa che usufruiscono della maggiorazione del 50%;;;0;;
2023-2024;05809;Roma - Università degli Studi Internazionali – UNINT;063   ;Mobilità internazionale - N. iscritti in atenei esteri in mobilità internazionale presso l'ateneo italiano (studenti in entrata);122;36;0;0;0
2023-2024;05809;Roma - Università degli Studi Internazionali – UNINT;063c  ;Mobilità internazionale - N. iscritti in atenei esteri in mobilità internazionale presso l'ateneo italiano (studenti in entrata) - di cui studenti con borsa dell'Ateneo italiano;0;0;0;0;0
2023-2024;05809;Roma - Università degli Studi Internazionali – UNINT;064   ;Mobilità internazionale - N. iscritti in atenei esteri in mobilità internazionale presso l'ateneo italiano (studenti in entrata)- di cui studenti provenienti da Paesi extraeuropei;15;15;0;0;0
2023-2024;05809;Roma - Università degli Studi Internazionali – UNINT;073   ;Interventi a favore di studenti in situazione di disabilità - N. contributi finanziari;0;0;0;0;0
2023-2024;05809;Roma - Università degli Studi Internazionali – UNINT;074   ;Interventi a favore di studenti in situazione di disabilità - N. interventi non finanziari;0;0;0;0;0
2023-2024;05809;Roma - Università degli Studi Internazionali – UNINT;081   ;Attività di collaborazione a tempo parziale - N. collaborazioni;0;0;0;0;0
2023-2024;05809;Roma - Università degli Studi Internazionali – UNINT;091   ;Posti alloggio e contributi-alloggio - N. domande posti alloggio;11;0;0;0;0
2023-2024;05809;Roma - Università degli Studi Internazionali – UNINT;092   ;Posti alloggio e contributi-alloggio - N. posti alloggio assegnati;0;0;0;0;0
2023-2024;05809;Roma - Università degli Studi Internazionali – UNINT;092c  ;Posti alloggio e contributi-alloggio - N. posti alloggio assegnati - di cui assegnati in strutture convenzionate o private;0;0;0;0;0
2023-2024;05809;Roma - Università degli Studi Internazionali – UNINT;093   ;Posti alloggio e contributi-alloggio - N. domande contributi-alloggio;11;0;0;0;0
2023-2024;05809;Roma - Università degli Studi Internazionali – UNINT;094   ;Posti alloggio e contributi-alloggio - N. contributi-alloggio assegnati;0;0;0;0;0
2023-2024;05809;Roma - Università degli Studi Internazionali – UNINT;101   ;Altri interventi di tipo finanziario - N. prestiti agevolati concessi da istituti di credito convenzionati;20;0;0;0;0
2023-2024;05809;Roma - Università degli Studi Internazionali – UNINT;101a  ;Altri interventi di tipo finanziario - N. prestiti agevolati concessi da istituti di credito convenzionati - di cui con contributo in conto interesse e/o in conto capitale a carico dell'Ateneo;0;0;0;0;0
2023-2024;05809;Roma - Università degli Studi Internazionali – UNINT;104   ;Altri interventi di tipo finanziario - N. altri sussidi erogati;0;0;0;0;0
2023-2024;05809;Roma - Università degli Studi Internazionali – UNINT;111a  ;Borse di studio post-lauream - N. borse finanziate con fondi MIUR;;;0;0;0
2023-2024;05809;Roma - Università degli Studi Internazionali – UNINT;111b  ;Borse di studio post-lauream - N. borse finanziate da altri Ministeri;;;0;0;0
2023-2024;05809;Roma - Università degli Studi Internazionali – UNINT;112   ;Borse di studio post-lauream - N. borse finanziate dall'Ateneo con fondi propri;;;8;0;0
2023-2024;05809;Roma - Università degli Studi Internazionali – UNINT;113   ;Borse di studio post-lauream - N. borse finanziate mediante convenzione con altri Atenei;;;0;0;0
2023-2024;05809;Roma - Università degli Studi Internazionali – UNINT;114   ;Borse di studio post-lauream - N. borse finanziate con fondi UE;;;13;0;0
2023-2024;05809;Roma - Università degli Studi Internazionali – UNINT;115   ;Borse di studio post-lauream - N. borse finanziate mediante convenzione con altri enti pubblici;;;0;0;0
2023-2024;05809;Roma - Università degli Studi Internazionali – UNINT;116   ;Borse di studio post-lauream - N. borse finanziate mediante convenzione con enti privati;;;0;0;0
2023-2024;05810;"Roma - Università telematica ""Guglielmo Marconi""";030   ;Borse di studio - N. borse di studio concesse con fondi dell'ATENEO/MIUR;20;1;0;0;0
2023-2024;05810;"Roma - Università telematica ""Guglielmo Marconi""";061   ;Mobilità internazionale - N. iscritti nell'ateneo in mobilità internazionale (studenti in uscita);21;0;0;0;0
2023-2024;05810;"Roma - Università telematica ""Guglielmo Marconi""";061c  ;Mobilità internazionale - N. iscritti nell'ateneo in mobilità internazionale (studenti in uscita)- di cui studenti SENZA borsa;21;0;0;0;0
2023-2024;05810;"Roma - Università telematica ""Guglielmo Marconi""";061m  ;Mobilità internazionale - N. iscritti nell'ateneo in mobilità internazionale (studenti in uscita)- di cui studenti in mobilità extraeuropea;0;0;0;0;0
2023-2024;05810;"Roma - Università telematica ""Guglielmo Marconi""";061p  ;Mobilità internazionale - N. iscritti nell'ateneo in mobilità internazionale (studenti in uscita)- di cui dottorandi percettori di borsa che usufruiscono della maggiorazione del 50%;;;0;;
2023-2024;05810;"Roma - Università telematica ""Guglielmo Marconi""";063   ;Mobilità internazionale - N. iscritti in atenei esteri in mobilità internazionale presso l'ateneo italiano (studenti in entrata);0;0;0;0;0
2023-2024;05810;"Roma - Università telematica ""Guglielmo Marconi""";063c  ;Mobilità internazionale - N. iscritti in atenei esteri in mobilità internazionale presso l'ateneo italiano (studenti in entrata) - di cui studenti con borsa dell'Ateneo italiano;0;0;0;0;0
2023-2024;05810;"Roma - Università telematica ""Guglielmo Marconi""";064   ;Mobilità internazionale - N. iscritti in atenei esteri in mobilità internazionale presso l'ateneo italiano (studenti in entrata)- di cui studenti provenienti da Paesi extraeuropei;0;0;0;0;0
2023-2024;05810;"Roma - Università telematica ""Guglielmo Marconi""";073   ;Interventi a favore di studenti in situazione di disabilità - N. contributi finanziari;11;0;0;0;0
2023-2024;05810;"Roma - Università telematica ""Guglielmo Marconi""";074   ;Interventi a favore di studenti in situazione di disabilità - N. interventi non finanziari;104;0;0;0;0
2023-2024;05810;"Roma - Università telematica ""Guglielmo Marconi""";081   ;Attività di collaborazione a tempo parziale - N. collaborazioni;0;0;0;0;0
2023-2024;05810;"Roma - Università telematica ""Guglielmo Marconi""";091   ;Posti alloggio e contributi-alloggio - N. domande posti alloggio;0;0;0;0;0
2023-2024;05810;"Roma - Università telematica ""Guglielmo Marconi""";092   ;Posti alloggio e contributi-alloggio - N. posti alloggio assegnati;0;0;0;0;0
2023-2024;05810;"Roma - Università telematica ""Guglielmo Marconi""";092c  ;Posti alloggio e contributi-alloggio - N. posti alloggio assegnati - di cui assegnati in strutture convenzionate o private;0;0;0;0;0
2023-2024;05810;"Roma - Università telematica ""Guglielmo Marconi""";093   ;Posti alloggio e contributi-alloggio - N. domande contributi-alloggio;0;0;0;0;0
2023-2024;05810;"Roma - Università telematica ""Guglielmo Marconi""";094   ;Posti alloggio e contributi-alloggio - N. contributi-alloggio assegnati;0;0;0;0;0
2023-2024;05810;"Roma - Università telematica ""Guglielmo Marconi""";101   ;Altri interventi di tipo finanziario - N. prestiti agevolati concessi da istituti di credito convenzionati;0;0;0;0;0
2023-2024;05810;"Roma - Università telematica ""Guglielmo Marconi""";101a  ;Altri interventi di tipo finanziario - N. prestiti agevolati concessi da istituti di credito convenzionati - di cui con contributo in conto interesse e/o in conto capitale a carico dell'Ateneo;0;0;0;0;0
2023-2024;05810;"Roma - Università telematica ""Guglielmo Marconi""";104   ;Altri interventi di tipo finanziario - N. altri sussidi erogati;0;0;0;0;0
2023-2024;05810;"Roma - Università telematica ""Guglielmo Marconi""";111a  ;Borse di studio post-lauream - N. borse finanziate con fondi MIUR;;;0;0;0
2023-2024;05810;"Roma - Università telematica ""Guglielmo Marconi""";111b  ;Borse di studio post-lauream - N. borse finanziate da altri Ministeri;;;0;0;0
2023-2024;05810;"Roma - Università telematica ""Guglielmo Marconi""";112   ;Borse di studio post-lauream - N. borse finanziate dall'Ateneo con fondi propri;;;9;0;0
2023-2024;05810;"Roma - Università telematica ""Guglielmo Marconi""";113   ;Borse di studio post-lauream - N. borse finanziate mediante convenzione con altri Atenei;;;0;0;0
2023-2024;05810;"Roma - Università telematica ""Guglielmo Marconi""";114   ;Borse di studio post-lauream - N. borse finanziate con fondi UE;;;7;0;0
2023-2024;05810;"Roma - Università telematica ""Guglielmo Marconi""";115   ;Borse di studio post-lauream - N. borse finanziate mediante convenzione con altri enti pubblici;;;0;0;0
2023-2024;05810;"Roma - Università telematica ""Guglielmo Marconi""";116   ;Borse di studio post-lauream - N. borse finanziate mediante convenzione con enti privati;;;0;0;0
2023-2024;05811;"Roma - Università telematica ""Unitelma Sapienza""";030   ;Borse di studio - N. borse di studio concesse con fondi dell'ATENEO/MIUR;0;0;0;0;0
2023-2024;05811;"Roma - Università telematica ""Unitelma Sapienza""";061   ;Mobilità internazionale - N. iscritti nell'ateneo in mobilità internazionale (studenti in uscita);0;0;0;0;0
2023-2024;05811;"Roma - Università telematica ""Unitelma Sapienza""";061c  ;Mobilità internazionale - N. iscritti nell'ateneo in mobilità internazionale (studenti in uscita)- di cui studenti SENZA borsa;0;0;0;0;0
2023-2024;05811;"Roma - Università telematica ""Unitelma Sapienza""";061m  ;Mobilità internazionale - N. iscritti nell'ateneo in mobilità internazionale (studenti in uscita)- di cui studenti in mobilità extraeuropea;0;0;0;0;0
2023-2024;05811;"Roma - Università telematica ""Unitelma Sapienza""";061p  ;Mobilità internazionale - N. iscritti nell'ateneo in mobilità internazionale (studenti in uscita)- di cui dottorandi percettori di borsa che usufruiscono della maggiorazione del 50%;;;0;;
2023-2024;05811;"Roma - Università telematica ""Unitelma Sapienza""";063   ;Mobilità internazionale - N. iscritti in atenei esteri in mobilità internazionale presso l'ateneo italiano (studenti in entrata);7;3;0;0;0
2023-2024;05811;"Roma - Università telematica ""Unitelma Sapienza""";063c  ;Mobilità internazionale - N. iscritti in atenei esteri in mobilità internazionale presso l'ateneo italiano (studenti in entrata) - di cui studenti con borsa dell'Ateneo italiano;0;0;0;0;0
2023-2024;05811;"Roma - Università telematica ""Unitelma Sapienza""";064   ;Mobilità internazionale - N. iscritti in atenei esteri in mobilità internazionale presso l'ateneo italiano (studenti in entrata)- di cui studenti provenienti da Paesi extraeuropei;0;0;0;0;0
2023-2024;05811;"Roma - Università telematica ""Unitelma Sapienza""";073   ;Interventi a favore di studenti in situazione di disabilità - N. contributi finanziari;0;0;0;0;0
2023-2024;05811;"Roma - Università telematica ""Unitelma Sapienza""";074   ;Interventi a favore di studenti in situazione di disabilità - N. interventi non finanziari;0;0;0;0;0
2023-2024;05811;"Roma - Università telematica ""Unitelma Sapienza""";081   ;Attività di collaborazione a tempo parziale - N. collaborazioni;0;0;0;0;0
2023-2024;05811;"Roma - Università telematica ""Unitelma Sapienza""";091   ;Posti alloggio e contributi-alloggio - N. domande posti alloggio;0;0;0;0;0
2023-2024;05811;"Roma - Università telematica ""Unitelma Sapienza""";092   ;Posti alloggio e contributi-alloggio - N. posti alloggio assegnati;0;0;0;0;0
2023-2024;05811;"Roma - Università telematica ""Unitelma Sapienza""";092c  ;Posti alloggio e contributi-alloggio - N. posti alloggio assegnati - di cui assegnati in strutture convenzionate o private;0;0;0;0;0
2023-2024;05811;"Roma - Università telematica ""Unitelma Sapienza""";093   ;Posti alloggio e contributi-alloggio - N. domande contributi-alloggio;0;0;0;0;0
2023-2024;05811;"Roma - Università telematica ""Unitelma Sapienza""";094   ;Posti alloggio e contributi-alloggio - N. contributi-alloggio assegnati;0;0;0;0;0
2023-2024;05811;"Roma - Università telematica ""Unitelma Sapienza""";101   ;Altri interventi di tipo finanziario - N. prestiti agevolati concessi da istituti di credito convenzionati;0;0;0;0;0
2023-2024;05811;"Roma - Università telematica ""Unitelma Sapienza""";101a  ;Altri interventi di tipo finanziario - N. prestiti agevolati concessi da istituti di credito convenzionati - di cui con contributo in conto interesse e/o in conto capitale a carico dell'Ateneo;0;0;0;0;0
2023-2024;05811;"Roma - Università telematica ""Unitelma Sapienza""";104   ;Altri interventi di tipo finanziario - N. altri sussidi erogati;0;0;0;0;0
2023-2024;05811;"Roma - Università telematica ""Unitelma Sapienza""";111a  ;Borse di studio post-lauream - N. borse finanziate con fondi MIUR;;;0;0;0
2023-2024;05811;"Roma - Università telematica ""Unitelma Sapienza""";111b  ;Borse di studio post-lauream - N. borse finanziate da altri Ministeri;;;0;0;0
2023-2024;05811;"Roma - Università telematica ""Unitelma Sapienza""";112   ;Borse di studio post-lauream - N. borse finanziate dall'Ateneo con fondi propri;;;0;0;0
2023-2024;05811;"Roma - Università telematica ""Unitelma Sapienza""";113   ;Borse di studio post-lauream - N. borse finanziate mediante convenzione con altri Atenei;;;0;0;0
2023-2024;05811;"Roma - Università telematica ""Unitelma Sapienza""";114   ;Borse di studio post-lauream - N. borse finanziate con fondi UE;;;0;0;0
2023-2024;05811;"Roma - Università telematica ""Unitelma Sapienza""";115   ;Borse di studio post-lauream - N. borse finanziate mediante convenzione con altri enti pubblici;;;0;0;0
2023-2024;05811;"Roma - Università telematica ""Unitelma Sapienza""";116   ;Borse di studio post-lauream - N. borse finanziate mediante convenzione con enti privati;;;0;0;0
2023-2024;05812;Roma - Università Europea;030   ;Borse di studio - N. borse di studio concesse con fondi dell'ATENEO/MIUR;0;0;0;0;0
2023-2024;05812;Roma - Università Europea;061   ;Mobilità internazionale - N. iscritti nell'ateneo in mobilità internazionale (studenti in uscita);44;1;0;0;0
2023-2024;05812;Roma - Università Europea;061c  ;Mobilità internazionale - N. iscritti nell'ateneo in mobilità internazionale (studenti in uscita)- di cui studenti SENZA borsa;0;0;0;0;0
2023-2024;05812;Roma - Università Europea;061m  ;Mobilità internazionale - N. iscritti nell'ateneo in mobilità internazionale (studenti in uscita)- di cui studenti in mobilità extraeuropea;0;0;0;0;0
2023-2024;05812;Roma - Università Europea;061p  ;Mobilità internazionale - N. iscritti nell'ateneo in mobilità internazionale (studenti in uscita)- di cui dottorandi percettori di borsa che usufruiscono della maggiorazione del 50%;;;0;;
2023-2024;05812;Roma - Università Europea;063   ;Mobilità internazionale - N. iscritti in atenei esteri in mobilità internazionale presso l'ateneo italiano (studenti in entrata);0;0;0;0;0
2023-2024;05812;Roma - Università Europea;063c  ;Mobilità internazionale - N. iscritti in atenei esteri in mobilità internazionale presso l'ateneo italiano (studenti in entrata) - di cui studenti con borsa dell'Ateneo italiano;0;0;0;0;0
2023-2024;05812;Roma - Università Europea;064   ;Mobilità internazionale - N. iscritti in atenei esteri in mobilità internazionale presso l'ateneo italiano (studenti in entrata)- di cui studenti provenienti da Paesi extraeuropei;0;0;0;0;0
2023-2024;05812;Roma - Università Europea;073   ;Interventi a favore di studenti in situazione di disabilità - N. contributi finanziari;0;0;0;0;0
2023-2024;05812;Roma - Università Europea;074   ;Interventi a favore di studenti in situazione di disabilità - N. interventi non finanziari;0;0;0;0;0
2023-2024;05812;Roma - Università Europea;081   ;Attività di collaborazione a tempo parziale - N. collaborazioni;0;0;0;0;0
2023-2024;05812;Roma - Università Europea;091   ;Posti alloggio e contributi-alloggio - N. domande posti alloggio;114;11;0;0;0
2023-2024;05812;Roma - Università Europea;092   ;Posti alloggio e contributi-alloggio - N. posti alloggio assegnati;86;4;0;0;0
2023-2024;05812;Roma - Università Europea;092c  ;Posti alloggio e contributi-alloggio - N. posti alloggio assegnati - di cui assegnati in strutture convenzionate o private;0;0;0;0;0
2023-2024;05812;Roma - Università Europea;093   ;Posti alloggio e contributi-alloggio - N. domande contributi-alloggio;0;0;0;0;0
2023-2024;05812;Roma - Università Europea;094   ;Posti alloggio e contributi-alloggio - N. contributi-alloggio assegnati;0;0;0;0;0
2023-2024;05812;Roma - Università Europea;101   ;Altri interventi di tipo finanziario - N. prestiti agevolati concessi da istituti di credito convenzionati;0;0;0;0;0
2023-2024;05812;Roma - Università Europea;101a  ;Altri interventi di tipo finanziario - N. prestiti agevolati concessi da istituti di credito convenzionati - di cui con contributo in conto interesse e/o in conto capitale a carico dell'Ateneo;0;0;0;0;0
2023-2024;05812;Roma - Università Europea;104   ;Altri interventi di tipo finanziario - N. altri sussidi erogati;0;0;0;0;0
2023-2024;05812;Roma - Università Europea;111a  ;Borse di studio post-lauream - N. borse finanziate con fondi MIUR;;;0;0;0
2023-2024;05812;Roma - Università Europea;111b  ;Borse di studio post-lauream - N. borse finanziate da altri Ministeri;;;0;0;0
2023-2024;05812;Roma - Università Europea;112   ;Borse di studio post-lauream - N. borse finanziate dall'Ateneo con fondi propri;;;7;0;0
2023-2024;05812;Roma - Università Europea;113   ;Borse di studio post-lauream - N. borse finanziate mediante convenzione con altri Atenei;;;0;0;0
2023-2024;05812;Roma - Università Europea;114   ;Borse di studio post-lauream - N. borse finanziate con fondi UE;;;10;0;0
2023-2024;05812;Roma - Università Europea;115   ;Borse di studio post-lauream - N. borse finanziate mediante convenzione con altri enti pubblici;;;0;0;0
2023-2024;05812;Roma - Università Europea;116   ;Borse di studio post-lauream - N. borse finanziate mediante convenzione con enti privati;;;0;0;0
2023-2024;05813;"Roma - Università telematica internazionale ""UNINETTUNO""";030   ;Borse di studio - N. borse di studio concesse con fondi dell'ATENEO/MIUR;0;0;0;0;0
2023-2024;05813;"Roma - Università telematica internazionale ""UNINETTUNO""";061   ;Mobilità internazionale - N. iscritti nell'ateneo in mobilità internazionale (studenti in uscita);4;0;1;0;0
2023-2024;05813;"Roma - Università telematica internazionale ""UNINETTUNO""";061c  ;Mobilità internazionale - N. iscritti nell'ateneo in mobilità internazionale (studenti in uscita)- di cui studenti SENZA borsa;0;0;0;0;0
2023-2024;05813;"Roma - Università telematica internazionale ""UNINETTUNO""";061m  ;Mobilità internazionale - N. iscritti nell'ateneo in mobilità internazionale (studenti in uscita)- di cui studenti in mobilità extraeuropea;0;0;0;0;0
2023-2024;05813;"Roma - Università telematica internazionale ""UNINETTUNO""";061p  ;Mobilità internazionale - N. iscritti nell'ateneo in mobilità internazionale (studenti in uscita)- di cui dottorandi percettori di borsa che usufruiscono della maggiorazione del 50%;;;1;;
2023-2024;05813;"Roma - Università telematica internazionale ""UNINETTUNO""";063   ;Mobilità internazionale - N. iscritti in atenei esteri in mobilità internazionale presso l'ateneo italiano (studenti in entrata);3;3;0;0;0
2023-2024;05813;"Roma - Università telematica internazionale ""UNINETTUNO""";063c  ;Mobilità internazionale - N. iscritti in atenei esteri in mobilità internazionale presso l'ateneo italiano (studenti in entrata) - di cui studenti con borsa dell'Ateneo italiano;0;0;0;0;0
2023-2024;05813;"Roma - Università telematica internazionale ""UNINETTUNO""";064   ;Mobilità internazionale - N. iscritti in atenei esteri in mobilità internazionale presso l'ateneo italiano (studenti in entrata)- di cui studenti provenienti da Paesi extraeuropei;2;2;0;0;0
2023-2024;05813;"Roma - Università telematica internazionale ""UNINETTUNO""";073   ;Interventi a favore di studenti in situazione di disabilità - N. contributi finanziari;0;0;0;0;0
2023-2024;05813;"Roma - Università telematica internazionale ""UNINETTUNO""";074   ;Interventi a favore di studenti in situazione di disabilità - N. interventi non finanziari;896;0;N;0;14
2023-2024;05813;"Roma - Università telematica internazionale ""UNINETTUNO""";081   ;Attività di collaborazione a tempo parziale - N. collaborazioni;0;0;0;0;0
2023-2024;05813;"Roma - Università telematica internazionale ""UNINETTUNO""";091   ;Posti alloggio e contributi-alloggio - N. domande posti alloggio;0;0;0;0;0
2023-2024;05813;"Roma - Università telematica internazionale ""UNINETTUNO""";092   ;Posti alloggio e contributi-alloggio - N. posti alloggio assegnati;0;0;0;0;0
2023-2024;05813;"Roma - Università telematica internazionale ""UNINETTUNO""";092c  ;Posti alloggio e contributi-alloggio - N. posti alloggio assegnati - di cui assegnati in strutture convenzionate o private;0;0;0;0;0
2023-2024;05813;"Roma - Università telematica internazionale ""UNINETTUNO""";093   ;Posti alloggio e contributi-alloggio - N. domande contributi-alloggio;0;0;0;0;0
2023-2024;05813;"Roma - Università telematica internazionale ""UNINETTUNO""";094   ;Posti alloggio e contributi-alloggio - N. contributi-alloggio assegnati;0;0;0;0;0
2023-2024;05813;"Roma - Università telematica internazionale ""UNINETTUNO""";101   ;Altri interventi di tipo finanziario - N. prestiti agevolati concessi da istituti di credito convenzionati;0;0;0;0;0
2023-2024;05813;"Roma - Università telematica internazionale ""UNINETTUNO""";101a  ;Altri interventi di tipo finanziario - N. prestiti agevolati concessi da istituti di credito convenzionati - di cui con contributo in conto interesse e/o in conto capitale a carico dell'Ateneo;0;0;0;0;0
2023-2024;05813;"Roma - Università telematica internazionale ""UNINETTUNO""";104   ;Altri interventi di tipo finanziario - N. altri sussidi erogati;0;0;0;0;0
2023-2024;05813;"Roma - Università telematica internazionale ""UNINETTUNO""";111a  ;Borse di studio post-lauream - N. borse finanziate con fondi MIUR;;;0;0;0
2023-2024;05813;"Roma - Università telematica internazionale ""UNINETTUNO""";111b  ;Borse di studio post-lauream - N. borse finanziate da altri Ministeri;;;0;0;0
2023-2024;05813;"Roma - Università telematica internazionale ""UNINETTUNO""";112   ;Borse di studio post-lauream - N. borse finanziate dall'Ateneo con fondi propri;;;6;0;0
2023-2024;05813;"Roma - Università telematica internazionale ""UNINETTUNO""";113   ;Borse di studio post-lauream - N. borse finanziate mediante convenzione con altri Atenei;;;0;0;0
2023-2024;05813;"Roma - Università telematica internazionale ""UNINETTUNO""";114   ;Borse di studio post-lauream - N. borse finanziate con fondi UE;;;8;0;0
2023-2024;05813;"Roma - Università telematica internazionale ""UNINETTUNO""";115   ;Borse di studio post-lauream - N. borse finanziate mediante convenzione con altri enti pubblici;;;1;0;0
2023-2024;05813;"Roma - Università telematica internazionale ""UNINETTUNO""";116   ;Borse di studio post-lauream - N. borse finanziate mediante convenzione con enti privati;;;0;0;0
2023-2024;05814;Roma - Universitas telematica Mercatorum;030   ;Borse di studio - N. borse di studio concesse con fondi dell'ATENEO/MIUR;0;0;0;0;0
2023-2024;05814;Roma - Universitas telematica Mercatorum;061   ;Mobilità internazionale - N. iscritti nell'ateneo in mobilità internazionale (studenti in uscita);0;0;0;0;0
2023-2024;05814;Roma - Universitas telematica Mercatorum;061c  ;Mobilità internazionale - N. iscritti nell'ateneo in mobilità internazionale (studenti in uscita)- di cui studenti SENZA borsa;0;0;0;0;0
2023-2024;05814;Roma - Universitas telematica Mercatorum;061m  ;Mobilità internazionale - N. iscritti nell'ateneo in mobilità internazionale (studenti in uscita)- di cui studenti in mobilità extraeuropea;0;0;0;0;0
2023-2024;05814;Roma - Universitas telematica Mercatorum;061p  ;Mobilità internazionale - N. iscritti nell'ateneo in mobilità internazionale (studenti in uscita)- di cui dottorandi percettori di borsa che usufruiscono della maggiorazione del 50%;;;0;;
2023-2024;05814;Roma - Universitas telematica Mercatorum;063   ;Mobilità internazionale - N. iscritti in atenei esteri in mobilità internazionale presso l'ateneo italiano (studenti in entrata);0;0;0;0;0
2023-2024;05814;Roma - Universitas telematica Mercatorum;063c  ;Mobilità internazionale - N. iscritti in atenei esteri in mobilità internazionale presso l'ateneo italiano (studenti in entrata) - di cui studenti con borsa dell'Ateneo italiano;0;0;0;0;0
2023-2024;05814;Roma - Universitas telematica Mercatorum;064   ;Mobilità internazionale - N. iscritti in atenei esteri in mobilità internazionale presso l'ateneo italiano (studenti in entrata)- di cui studenti provenienti da Paesi extraeuropei;0;0;0;0;0
2023-2024;05814;Roma - Universitas telematica Mercatorum;073   ;Interventi a favore di studenti in situazione di disabilità - N. contributi finanziari;0;0;0;0;0
2023-2024;05814;Roma - Universitas telematica Mercatorum;074   ;Interventi a favore di studenti in situazione di disabilità - N. interventi non finanziari;0;0;0;0;0
2023-2024;05814;Roma - Universitas telematica Mercatorum;081   ;Attività di collaborazione a tempo parziale - N. collaborazioni;0;0;0;0;0
2023-2024;05814;Roma - Universitas telematica Mercatorum;091   ;Posti alloggio e contributi-alloggio - N. domande posti alloggio;0;0;0;0;0
2023-2024;05814;Roma - Universitas telematica Mercatorum;092   ;Posti alloggio e contributi-alloggio - N. posti alloggio assegnati;0;0;0;0;0
2023-2024;05814;Roma - Universitas telematica Mercatorum;092c  ;Posti alloggio e contributi-alloggio - N. posti alloggio assegnati - di cui assegnati in strutture convenzionate o private;0;0;0;0;0
2023-2024;05814;Roma - Universitas telematica Mercatorum;093   ;Posti alloggio e contributi-alloggio - N. domande contributi-alloggio;0;0;0;0;0
2023-2024;05814;Roma - Universitas telematica Mercatorum;094   ;Posti alloggio e contributi-alloggio - N. contributi-alloggio assegnati;0;0;0;0;0
2023-2024;05814;Roma - Universitas telematica Mercatorum;101   ;Altri interventi di tipo finanziario - N. prestiti agevolati concessi da istituti di credito convenzionati;0;0;0;0;0
2023-2024;05814;Roma - Universitas telematica Mercatorum;101a  ;Altri interventi di tipo finanziario - N. prestiti agevolati concessi da istituti di credito convenzionati - di cui con contributo in conto interesse e/o in conto capitale a carico dell'Ateneo;0;0;0;0;0
2023-2024;05814;Roma - Universitas telematica Mercatorum;104   ;Altri interventi di tipo finanziario - N. altri sussidi erogati;0;0;0;0;0
2023-2024;05814;Roma - Universitas telematica Mercatorum;111a  ;Borse di studio post-lauream - N. borse finanziate con fondi MIUR;;;0;0;0
2023-2024;05814;Roma - Universitas telematica Mercatorum;111b  ;Borse di studio post-lauream - N. borse finanziate da altri Ministeri;;;0;0;0
2023-2024;05814;Roma - Universitas telematica Mercatorum;112   ;Borse di studio post-lauream - N. borse finanziate dall'Ateneo con fondi propri;;;0;0;0
2023-2024;05814;Roma - Universitas telematica Mercatorum;113   ;Borse di studio post-lauream - N. borse finanziate mediante convenzione con altri Atenei;;;0;0;0
2023-2024;05814;Roma - Universitas telematica Mercatorum;114   ;Borse di studio post-lauream - N. borse finanziate con fondi UE;;;37;0;0
2023-2024;05814;Roma - Universitas telematica Mercatorum;115   ;Borse di studio post-lauream - N. borse finanziate mediante convenzione con altri enti pubblici;;;0;0;0
2023-2024;05814;Roma - Universitas telematica Mercatorum;116   ;Borse di studio post-lauream - N. borse finanziate mediante convenzione con enti privati;;;0;0;0
2023-2024;05815;Roma - Università telematica Niccolò Cusano (già UNISU);030   ;Borse di studio - N. borse di studio concesse con fondi dell'ATENEO/MIUR;0;0;0;0;0
2023-2024;05815;Roma - Università telematica Niccolò Cusano (già UNISU);061   ;Mobilità internazionale - N. iscritti nell'ateneo in mobilità internazionale (studenti in uscita);0;0;0;0;0
2023-2024;05815;Roma - Università telematica Niccolò Cusano (già UNISU);061c  ;Mobilità internazionale - N. iscritti nell'ateneo in mobilità internazionale (studenti in uscita)- di cui studenti SENZA borsa;0;0;0;0;0
2023-2024;05815;Roma - Università telematica Niccolò Cusano (già UNISU);061m  ;Mobilità internazionale - N. iscritti nell'ateneo in mobilità internazionale (studenti in uscita)- di cui studenti in mobilità extraeuropea;0;0;0;0;0
2023-2024;05815;Roma - Università telematica Niccolò Cusano (già UNISU);061p  ;Mobilità internazionale - N. iscritti nell'ateneo in mobilità internazionale (studenti in uscita)- di cui dottorandi percettori di borsa che usufruiscono della maggiorazione del 50%;;;0;;
2023-2024;05815;Roma - Università telematica Niccolò Cusano (già UNISU);063   ;Mobilità internazionale - N. iscritti in atenei esteri in mobilità internazionale presso l'ateneo italiano (studenti in entrata);0;0;0;0;0
2023-2024;05815;Roma - Università telematica Niccolò Cusano (già UNISU);063c  ;Mobilità internazionale - N. iscritti in atenei esteri in mobilità internazionale presso l'ateneo italiano (studenti in entrata) - di cui studenti con borsa dell'Ateneo italiano;0;0;0;0;0
2023-2024;05815;Roma - Università telematica Niccolò Cusano (già UNISU);064   ;Mobilità internazionale - N. iscritti in atenei esteri in mobilità internazionale presso l'ateneo italiano (studenti in entrata)- di cui studenti provenienti da Paesi extraeuropei;0;0;0;0;0
2023-2024;05815;Roma - Università telematica Niccolò Cusano (già UNISU);073   ;Interventi a favore di studenti in situazione di disabilità - N. contributi finanziari;0;0;0;0;0
2023-2024;05815;Roma - Università telematica Niccolò Cusano (già UNISU);074   ;Interventi a favore di studenti in situazione di disabilità - N. interventi non finanziari;0;0;0;0;0
2023-2024;05815;Roma - Università telematica Niccolò Cusano (già UNISU);081   ;Attività di collaborazione a tempo parziale - N. collaborazioni;0;0;0;0;0
2023-2024;05815;Roma - Università telematica Niccolò Cusano (già UNISU);091   ;Posti alloggio e contributi-alloggio - N. domande posti alloggio;0;0;0;0;0
2023-2024;05815;Roma - Università telematica Niccolò Cusano (già UNISU);092   ;Posti alloggio e contributi-alloggio - N. posti alloggio assegnati;0;0;0;0;0
2023-2024;05815;Roma - Università telematica Niccolò Cusano (già UNISU);092c  ;Posti alloggio e contributi-alloggio - N. posti alloggio assegnati - di cui assegnati in strutture convenzionate o private;0;0;0;0;0
2023-2024;05815;Roma - Università telematica Niccolò Cusano (già UNISU);093   ;Posti alloggio e contributi-alloggio - N. domande contributi-alloggio;0;0;0;0;0
2023-2024;05815;Roma - Università telematica Niccolò Cusano (già UNISU);094   ;Posti alloggio e contributi-alloggio - N. contributi-alloggio assegnati;0;0;0;0;0
2023-2024;05815;Roma - Università telematica Niccolò Cusano (già UNISU);101   ;Altri interventi di tipo finanziario - N. prestiti agevolati concessi da istituti di credito convenzionati;0;0;0;0;0
2023-2024;05815;Roma - Università telematica Niccolò Cusano (già UNISU);101a  ;Altri interventi di tipo finanziario - N. prestiti agevolati concessi da istituti di credito convenzionati - di cui con contributo in conto interesse e/o in conto capitale a carico dell'Ateneo;0;0;0;0;0
2023-2024;05815;Roma - Università telematica Niccolò Cusano (già UNISU);104   ;Altri interventi di tipo finanziario - N. altri sussidi erogati;0;0;0;0;0
2023-2024;05815;Roma - Università telematica Niccolò Cusano (già UNISU);111a  ;Borse di studio post-lauream - N. borse finanziate con fondi MIUR;;;0;0;0
2023-2024;05815;Roma - Università telematica Niccolò Cusano (già UNISU);111b  ;Borse di studio post-lauream - N. borse finanziate da altri Ministeri;;;0;0;0
2023-2024;05815;Roma - Università telematica Niccolò Cusano (già UNISU);112   ;Borse di studio post-lauream - N. borse finanziate dall'Ateneo con fondi propri;;;6;0;0
2023-2024;05815;Roma - Università telematica Niccolò Cusano (già UNISU);113   ;Borse di studio post-lauream - N. borse finanziate mediante convenzione con altri Atenei;;;0;0;0
2023-2024;05815;Roma - Università telematica Niccolò Cusano (già UNISU);114   ;Borse di studio post-lauream - N. borse finanziate con fondi UE;;;15;0;0
2023-2024;05815;Roma - Università telematica Niccolò Cusano (già UNISU);115   ;Borse di studio post-lauream - N. borse finanziate mediante convenzione con altri enti pubblici;;;0;0;0
2023-2024;05815;Roma - Università telematica Niccolò Cusano (già UNISU);116   ;Borse di studio post-lauream - N. borse finanziate mediante convenzione con enti privati;;;0;0;0
2023-2024;05816;"Roma - Università telematica ""San Raffaele"" - già ""UNITEL""";030   ;Borse di studio - N. borse di studio concesse con fondi dell'ATENEO/MIUR;0;0;0;0;0
2023-2024;05816;"Roma - Università telematica ""San Raffaele"" - già ""UNITEL""";061   ;Mobilità internazionale - N. iscritti nell'ateneo in mobilità internazionale (studenti in uscita);0;0;0;0;0
2023-2024;05816;"Roma - Università telematica ""San Raffaele"" - già ""UNITEL""";061c  ;Mobilità internazionale - N. iscritti nell'ateneo in mobilità internazionale (studenti in uscita)- di cui studenti SENZA borsa;0;0;0;0;0
2023-2024;05816;"Roma - Università telematica ""San Raffaele"" - già ""UNITEL""";061m  ;Mobilità internazionale - N. iscritti nell'ateneo in mobilità internazionale (studenti in uscita)- di cui studenti in mobilità extraeuropea;0;0;0;0;0
2023-2024;05816;"Roma - Università telematica ""San Raffaele"" - già ""UNITEL""";061p  ;Mobilità internazionale - N. iscritti nell'ateneo in mobilità internazionale (studenti in uscita)- di cui dottorandi percettori di borsa che usufruiscono della maggiorazione del 50%;;;0;;
2023-2024;05816;"Roma - Università telematica ""San Raffaele"" - già ""UNITEL""";063   ;Mobilità internazionale - N. iscritti in atenei esteri in mobilità internazionale presso l'ateneo italiano (studenti in entrata);0;0;0;0;0
2023-2024;05816;"Roma - Università telematica ""San Raffaele"" - già ""UNITEL""";063c  ;Mobilità internazionale - N. iscritti in atenei esteri in mobilità internazionale presso l'ateneo italiano (studenti in entrata) - di cui studenti con borsa dell'Ateneo italiano;0;0;0;0;0
2023-2024;05816;"Roma - Università telematica ""San Raffaele"" - già ""UNITEL""";064   ;Mobilità internazionale - N. iscritti in atenei esteri in mobilità internazionale presso l'ateneo italiano (studenti in entrata)- di cui studenti provenienti da Paesi extraeuropei;0;0;0;0;0
2023-2024;05816;"Roma - Università telematica ""San Raffaele"" - già ""UNITEL""";073   ;Interventi a favore di studenti in situazione di disabilità - N. contributi finanziari;0;0;0;0;0
2023-2024;05816;"Roma - Università telematica ""San Raffaele"" - già ""UNITEL""";074   ;Interventi a favore di studenti in situazione di disabilità - N. interventi non finanziari;0;0;0;0;0
2023-2024;05816;"Roma - Università telematica ""San Raffaele"" - già ""UNITEL""";081   ;Attività di collaborazione a tempo parziale - N. collaborazioni;0;0;0;0;0
2023-2024;05816;"Roma - Università telematica ""San Raffaele"" - già ""UNITEL""";091   ;Posti alloggio e contributi-alloggio - N. domande posti alloggio;0;0;0;0;0
2023-2024;05816;"Roma - Università telematica ""San Raffaele"" - già ""UNITEL""";092   ;Posti alloggio e contributi-alloggio - N. posti alloggio assegnati;0;0;0;0;0
2023-2024;05816;"Roma - Università telematica ""San Raffaele"" - già ""UNITEL""";092c  ;Posti alloggio e contributi-alloggio - N. posti alloggio assegnati - di cui assegnati in strutture convenzionate o private;0;0;0;0;0
2023-2024;05816;"Roma - Università telematica ""San Raffaele"" - già ""UNITEL""";093   ;Posti alloggio e contributi-alloggio - N. domande contributi-alloggio;0;0;0;0;0
2023-2024;05816;"Roma - Università telematica ""San Raffaele"" - già ""UNITEL""";094   ;Posti alloggio e contributi-alloggio - N. contributi-alloggio assegnati;0;0;0;0;0
2023-2024;05816;"Roma - Università telematica ""San Raffaele"" - già ""UNITEL""";101   ;Altri interventi di tipo finanziario - N. prestiti agevolati concessi da istituti di credito convenzionati;0;0;0;0;0
2023-2024;05816;"Roma - Università telematica ""San Raffaele"" - già ""UNITEL""";101a  ;Altri interventi di tipo finanziario - N. prestiti agevolati concessi da istituti di credito convenzionati - di cui con contributo in conto interesse e/o in conto capitale a carico dell'Ateneo;0;0;0;0;0
2023-2024;05816;"Roma - Università telematica ""San Raffaele"" - già ""UNITEL""";104   ;Altri interventi di tipo finanziario - N. altri sussidi erogati;0;0;0;0;0
2023-2024;05816;"Roma - Università telematica ""San Raffaele"" - già ""UNITEL""";111a  ;Borse di studio post-lauream - N. borse finanziate con fondi MIUR;;;0;0;0
2023-2024;05816;"Roma - Università telematica ""San Raffaele"" - già ""UNITEL""";111b  ;Borse di studio post-lauream - N. borse finanziate da altri Ministeri;;;0;0;0
2023-2024;05816;"Roma - Università telematica ""San Raffaele"" - già ""UNITEL""";112   ;Borse di studio post-lauream - N. borse finanziate dall'Ateneo con fondi propri;;;0;0;0
2023-2024;05816;"Roma - Università telematica ""San Raffaele"" - già ""UNITEL""";113   ;Borse di studio post-lauream - N. borse finanziate mediante convenzione con altri Atenei;;;0;0;0
2023-2024;05816;"Roma - Università telematica ""San Raffaele"" - già ""UNITEL""";114   ;Borse di studio post-lauream - N. borse finanziate con fondi UE;;;11;0;0
2023-2024;05816;"Roma - Università telematica ""San Raffaele"" - già ""UNITEL""";115   ;Borse di studio post-lauream - N. borse finanziate mediante convenzione con altri enti pubblici;;;0;0;0
2023-2024;05816;"Roma - Università telematica ""San Raffaele"" - già ""UNITEL""";116   ;Borse di studio post-lauream - N. borse finanziate mediante convenzione con enti privati;;;0;0;0
2023-2024;05817;Roma - Link Campus University;030   ;Borse di studio - N. borse di studio concesse con fondi dell'ATENEO/MIUR;0;0;0;0;0
2023-2024;05817;Roma - Link Campus University;061   ;Mobilità internazionale - N. iscritti nell'ateneo in mobilità internazionale (studenti in uscita);0;0;0;0;0
2023-2024;05817;Roma - Link Campus University;061c  ;Mobilità internazionale - N. iscritti nell'ateneo in mobilità internazionale (studenti in uscita)- di cui studenti SENZA borsa;0;0;0;0;0
2023-2024;05817;Roma - Link Campus University;061m  ;Mobilità internazionale - N. iscritti nell'ateneo in mobilità internazionale (studenti in uscita)- di cui studenti in mobilità extraeuropea;0;0;0;0;0
2023-2024;05817;Roma - Link Campus University;061p  ;Mobilità internazionale - N. iscritti nell'ateneo in mobilità internazionale (studenti in uscita)- di cui dottorandi percettori di borsa che usufruiscono della maggiorazione del 50%;;;0;;
2023-2024;05817;Roma - Link Campus University;063   ;Mobilità internazionale - N. iscritti in atenei esteri in mobilità internazionale presso l'ateneo italiano (studenti in entrata);31;6;0;0;0
2023-2024;05817;Roma - Link Campus University;063c  ;Mobilità internazionale - N. iscritti in atenei esteri in mobilità internazionale presso l'ateneo italiano (studenti in entrata) - di cui studenti con borsa dell'Ateneo italiano;0;0;0;0;0
2023-2024;05817;Roma - Link Campus University;064   ;Mobilità internazionale - N. iscritti in atenei esteri in mobilità internazionale presso l'ateneo italiano (studenti in entrata)- di cui studenti provenienti da Paesi extraeuropei;0;0;0;0;0
2023-2024;05817;Roma - Link Campus University;073   ;Interventi a favore di studenti in situazione di disabilità - N. contributi finanziari;N;0;0;0;0
2023-2024;05817;Roma - Link Campus University;074   ;Interventi a favore di studenti in situazione di disabilità - N. interventi non finanziari;0;0;0;0;0
2023-2024;05817;Roma - Link Campus University;081   ;Attività di collaborazione a tempo parziale - N. collaborazioni;0;0;0;0;0
2023-2024;05817;Roma - Link Campus University;091   ;Posti alloggio e contributi-alloggio - N. domande posti alloggio;0;0;0;0;0
2023-2024;05817;Roma - Link Campus University;092   ;Posti alloggio e contributi-alloggio - N. posti alloggio assegnati;0;0;0;0;0
2023-2024;05817;Roma - Link Campus University;092c  ;Posti alloggio e contributi-alloggio - N. posti alloggio assegnati - di cui assegnati in strutture convenzionate o private;0;0;0;0;0
2023-2024;05817;Roma - Link Campus University;093   ;Posti alloggio e contributi-alloggio - N. domande contributi-alloggio;0;0;0;0;0
2023-2024;05817;Roma - Link Campus University;094   ;Posti alloggio e contributi-alloggio - N. contributi-alloggio assegnati;0;0;0;0;0
2023-2024;05817;Roma - Link Campus University;101   ;Altri interventi di tipo finanziario - N. prestiti agevolati concessi da istituti di credito convenzionati;0;0;0;0;0
2023-2024;05817;Roma - Link Campus University;101a  ;Altri interventi di tipo finanziario - N. prestiti agevolati concessi da istituti di credito convenzionati - di cui con contributo in conto interesse e/o in conto capitale a carico dell'Ateneo;0;0;0;0;0
2023-2024;05817;Roma - Link Campus University;104   ;Altri interventi di tipo finanziario - N. altri sussidi erogati;0;0;0;0;0
2023-2024;05817;Roma - Link Campus University;111a  ;Borse di studio post-lauream - N. borse finanziate con fondi MIUR;;;0;0;0
2023-2024;05817;Roma - Link Campus University;111b  ;Borse di studio post-lauream - N. borse finanziate da altri Ministeri;;;0;0;0
2023-2024;05817;Roma - Link Campus University;112   ;Borse di studio post-lauream - N. borse finanziate dall'Ateneo con fondi propri;;;3,5;0;0
2023-2024;05817;Roma - Link Campus University;113   ;Borse di studio post-lauream - N. borse finanziate mediante convenzione con altri Atenei;;;0;0;0
2023-2024;05817;Roma - Link Campus University;114   ;Borse di studio post-lauream - N. borse finanziate con fondi UE;;;9,5;0;0
2023-2024;05817;Roma - Link Campus University;115   ;Borse di studio post-lauream - N. borse finanziate mediante convenzione con altri enti pubblici;;;0;0;21
2023-2024;05817;Roma - Link Campus University;116   ;Borse di studio post-lauream - N. borse finanziate mediante convenzione con enti privati;;;3;0;0
2023-2024;05818;Roma - Saint Camillus International;030   ;Borse di studio - N. borse di studio concesse con fondi dell'ATENEO/MIUR;0;0;0;0;0
2023-2024;05818;Roma - Saint Camillus International;061   ;Mobilità internazionale - N. iscritti nell'ateneo in mobilità internazionale (studenti in uscita);26;0;0;0;0
2023-2024;05818;Roma - Saint Camillus International;061c  ;Mobilità internazionale - N. iscritti nell'ateneo in mobilità internazionale (studenti in uscita)- di cui studenti SENZA borsa;8;0;0;0;0
2023-2024;05818;Roma - Saint Camillus International;061m  ;Mobilità internazionale - N. iscritti nell'ateneo in mobilità internazionale (studenti in uscita)- di cui studenti in mobilità extraeuropea;0;0;0;0;0
2023-2024;05818;Roma - Saint Camillus International;061p  ;Mobilità internazionale - N. iscritti nell'ateneo in mobilità internazionale (studenti in uscita)- di cui dottorandi percettori di borsa che usufruiscono della maggiorazione del 50%;;;0;;
2023-2024;05818;Roma - Saint Camillus International;063   ;Mobilità internazionale - N. iscritti in atenei esteri in mobilità internazionale presso l'ateneo italiano (studenti in entrata);0;0;0;0;0
2023-2024;05818;Roma - Saint Camillus International;063c  ;Mobilità internazionale - N. iscritti in atenei esteri in mobilità internazionale presso l'ateneo italiano (studenti in entrata) - di cui studenti con borsa dell'Ateneo italiano;0;0;0;0;0
2023-2024;05818;Roma - Saint Camillus International;064   ;Mobilità internazionale - N. iscritti in atenei esteri in mobilità internazionale presso l'ateneo italiano (studenti in entrata)- di cui studenti provenienti da Paesi extraeuropei;0;0;0;0;0
2023-2024;05818;Roma - Saint Camillus International;073   ;Interventi a favore di studenti in situazione di disabilità - N. contributi finanziari;0;0;0;0;0
2023-2024;05818;Roma - Saint Camillus International;074   ;Interventi a favore di studenti in situazione di disabilità - N. interventi non finanziari;0;0;0;0;0
2023-2024;05818;Roma - Saint Camillus International;081   ;Attività di collaborazione a tempo parziale - N. collaborazioni;0;0;0;0;0
2023-2024;05818;Roma - Saint Camillus International;091   ;Posti alloggio e contributi-alloggio - N. domande posti alloggio;0;0;0;0;0
2023-2024;05818;Roma - Saint Camillus International;092   ;Posti alloggio e contributi-alloggio - N. posti alloggio assegnati;0;0;0;0;0
2023-2024;05818;Roma - Saint Camillus International;092c  ;Posti alloggio e contributi-alloggio - N. posti alloggio assegnati - di cui assegnati in strutture convenzionate o private;0;0;0;0;0
2023-2024;05818;Roma - Saint Camillus International;093   ;Posti alloggio e contributi-alloggio - N. domande contributi-alloggio;0;0;0;0;0
2023-2024;05818;Roma - Saint Camillus International;094   ;Posti alloggio e contributi-alloggio - N. contributi-alloggio assegnati;0;0;0;0;0
2023-2024;05818;Roma - Saint Camillus International;101   ;Altri interventi di tipo finanziario - N. prestiti agevolati concessi da istituti di credito convenzionati;0;0;0;0;0
2023-2024;05818;Roma - Saint Camillus International;101a  ;Altri interventi di tipo finanziario - N. prestiti agevolati concessi da istituti di credito convenzionati - di cui con contributo in conto interesse e/o in conto capitale a carico dell'Ateneo;0;0;0;0;0
2023-2024;05818;Roma - Saint Camillus International;104   ;Altri interventi di tipo finanziario - N. altri sussidi erogati;0;0;0;0;0
2023-2024;05818;Roma - Saint Camillus International;111a  ;Borse di studio post-lauream - N. borse finanziate con fondi MIUR;;;0;0;0
2023-2024;05818;Roma - Saint Camillus International;111b  ;Borse di studio post-lauream - N. borse finanziate da altri Ministeri;;;0;0;0
2023-2024;05818;Roma - Saint Camillus International;112   ;Borse di studio post-lauream - N. borse finanziate dall'Ateneo con fondi propri;;;0;0;0
2023-2024;05818;Roma - Saint Camillus International;113   ;Borse di studio post-lauream - N. borse finanziate mediante convenzione con altri Atenei;;;0;0;0
2023-2024;05818;Roma - Saint Camillus International;114   ;Borse di studio post-lauream - N. borse finanziate con fondi UE;;;0;0;0
2023-2024;05818;Roma - Saint Camillus International;115   ;Borse di studio post-lauream - N. borse finanziate mediante convenzione con altri enti pubblici;;;0;0;0
2023-2024;05818;Roma - Saint Camillus International;116   ;Borse di studio post-lauream - N. borse finanziate mediante convenzione con enti privati;;;0;0;0
2023-2024;05819;Roma - CASD - Centro Alti Studi per la Difesa;030   ;Borse di studio - N. borse di studio concesse con fondi dell'ATENEO/MIUR;0;0;0;0;0
2023-2024;05819;Roma - CASD - Centro Alti Studi per la Difesa;061   ;Mobilità internazionale - N. iscritti nell'ateneo in mobilità internazionale (studenti in uscita);0;0;7;0;0
2023-2024;05819;Roma - CASD - Centro Alti Studi per la Difesa;061c  ;Mobilità internazionale - N. iscritti nell'ateneo in mobilità internazionale (studenti in uscita)- di cui studenti SENZA borsa;0;0;0;0;0
2023-2024;05819;Roma - CASD - Centro Alti Studi per la Difesa;061m  ;Mobilità internazionale - N. iscritti nell'ateneo in mobilità internazionale (studenti in uscita)- di cui studenti in mobilità extraeuropea;0;0;1;0;0
2023-2024;05819;Roma - CASD - Centro Alti Studi per la Difesa;061p  ;Mobilità internazionale - N. iscritti nell'ateneo in mobilità internazionale (studenti in uscita)- di cui dottorandi percettori di borsa che usufruiscono della maggiorazione del 50%;;;7;;
2023-2024;05819;Roma - CASD - Centro Alti Studi per la Difesa;063   ;Mobilità internazionale - N. iscritti in atenei esteri in mobilità internazionale presso l'ateneo italiano (studenti in entrata);0;0;0;0;0
2023-2024;05819;Roma - CASD - Centro Alti Studi per la Difesa;063c  ;Mobilità internazionale - N. iscritti in atenei esteri in mobilità internazionale presso l'ateneo italiano (studenti in entrata) - di cui studenti con borsa dell'Ateneo italiano;0;0;0;0;0
2023-2024;05819;Roma - CASD - Centro Alti Studi per la Difesa;064   ;Mobilità internazionale - N. iscritti in atenei esteri in mobilità internazionale presso l'ateneo italiano (studenti in entrata)- di cui studenti provenienti da Paesi extraeuropei;0;0;0;0;0
2023-2024;05819;Roma - CASD - Centro Alti Studi per la Difesa;073   ;Interventi a favore di studenti in situazione di disabilità - N. contributi finanziari;0;0;0;0;0
2023-2024;05819;Roma - CASD - Centro Alti Studi per la Difesa;074   ;Interventi a favore di studenti in situazione di disabilità - N. interventi non finanziari;0;0;0;0;0
2023-2024;05819;Roma - CASD - Centro Alti Studi per la Difesa;081   ;Attività di collaborazione a tempo parziale - N. collaborazioni;0;0;0;0;0
2023-2024;05819;Roma - CASD - Centro Alti Studi per la Difesa;091   ;Posti alloggio e contributi-alloggio - N. domande posti alloggio;0;0;0;0;0
2023-2024;05819;Roma - CASD - Centro Alti Studi per la Difesa;092   ;Posti alloggio e contributi-alloggio - N. posti alloggio assegnati;0;0;0;0;0
2023-2024;05819;Roma - CASD - Centro Alti Studi per la Difesa;092c  ;Posti alloggio e contributi-alloggio - N. posti alloggio assegnati - di cui assegnati in strutture convenzionate o private;0;0;0;0;0
2023-2024;05819;Roma - CASD - Centro Alti Studi per la Difesa;093   ;Posti alloggio e contributi-alloggio - N. domande contributi-alloggio;0;0;0;0;0
2023-2024;05819;Roma - CASD - Centro Alti Studi per la Difesa;094   ;Posti alloggio e contributi-alloggio - N. contributi-alloggio assegnati;0;0;0;0;0
2023-2024;05819;Roma - CASD - Centro Alti Studi per la Difesa;101   ;Altri interventi di tipo finanziario - N. prestiti agevolati concessi da istituti di credito convenzionati;0;0;0;0;0
2023-2024;05819;Roma - CASD - Centro Alti Studi per la Difesa;101a  ;Altri interventi di tipo finanziario - N. prestiti agevolati concessi da istituti di credito convenzionati - di cui con contributo in conto interesse e/o in conto capitale a carico dell'Ateneo;0;0;0;0;0
2023-2024;05819;Roma - CASD - Centro Alti Studi per la Difesa;104   ;Altri interventi di tipo finanziario - N. altri sussidi erogati;0;0;0;0;0
2023-2024;05819;Roma - CASD - Centro Alti Studi per la Difesa;111a  ;Borse di studio post-lauream - N. borse finanziate con fondi MIUR;;;0;0;0
2023-2024;05819;Roma - CASD - Centro Alti Studi per la Difesa;111b  ;Borse di studio post-lauream - N. borse finanziate da altri Ministeri;;;12;0;0
2023-2024;05819;Roma - CASD - Centro Alti Studi per la Difesa;112   ;Borse di studio post-lauream - N. borse finanziate dall'Ateneo con fondi propri;;;0;0;0
2023-2024;05819;Roma - CASD - Centro Alti Studi per la Difesa;113   ;Borse di studio post-lauream - N. borse finanziate mediante convenzione con altri Atenei;;;0;0;0
2023-2024;05819;Roma - CASD - Centro Alti Studi per la Difesa;114   ;Borse di studio post-lauream - N. borse finanziate con fondi UE;;;0;0;0
2023-2024;05819;Roma - CASD - Centro Alti Studi per la Difesa;115   ;Borse di studio post-lauream - N. borse finanziate mediante convenzione con altri enti pubblici;;;0;0;0
2023-2024;05819;Roma - CASD - Centro Alti Studi per la Difesa;116   ;Borse di studio post-lauream - N. borse finanziate mediante convenzione con enti privati;;;0;0;0
2023-2024;06001;Cassino - Università degli Studi di Cassino e del Lazio Meridionale;030   ;Borse di studio - N. borse di studio concesse con fondi dell'ATENEO/MIUR;158;5;0;0;0
2023-2024;06001;Cassino - Università degli Studi di Cassino e del Lazio Meridionale;061   ;Mobilità internazionale - N. iscritti nell'ateneo in mobilità internazionale (studenti in uscita);182;104;31;0;0
2023-2024;06001;Cassino - Università degli Studi di Cassino e del Lazio Meridionale;061c  ;Mobilità internazionale - N. iscritti nell'ateneo in mobilità internazionale (studenti in uscita)- di cui studenti SENZA borsa;0;0;1;0;0
2023-2024;06001;Cassino - Università degli Studi di Cassino e del Lazio Meridionale;061m  ;Mobilità internazionale - N. iscritti nell'ateneo in mobilità internazionale (studenti in uscita)- di cui studenti in mobilità extraeuropea;1;0;5;0;0
2023-2024;06001;Cassino - Università degli Studi di Cassino e del Lazio Meridionale;061p  ;Mobilità internazionale - N. iscritti nell'ateneo in mobilità internazionale (studenti in uscita)- di cui dottorandi percettori di borsa che usufruiscono della maggiorazione del 50%;;;30;;
2023-2024;06001;Cassino - Università degli Studi di Cassino e del Lazio Meridionale;063   ;Mobilità internazionale - N. iscritti in atenei esteri in mobilità internazionale presso l'ateneo italiano (studenti in entrata);49;33;0;0;0
2023-2024;06001;Cassino - Università degli Studi di Cassino e del Lazio Meridionale;063c  ;Mobilità internazionale - N. iscritti in atenei esteri in mobilità internazionale presso l'ateneo italiano (studenti in entrata) - di cui studenti con borsa dell'Ateneo italiano;0;0;0;0;0
2023-2024;06001;Cassino - Università degli Studi di Cassino e del Lazio Meridionale;064   ;Mobilità internazionale - N. iscritti in atenei esteri in mobilità internazionale presso l'ateneo italiano (studenti in entrata)- di cui studenti provenienti da Paesi extraeuropei;0;0;0;0;0
2023-2024;06001;Cassino - Università degli Studi di Cassino e del Lazio Meridionale;073   ;Interventi a favore di studenti in situazione di disabilità - N. contributi finanziari;0;0;0;0;0
2023-2024;06001;Cassino - Università degli Studi di Cassino e del Lazio Meridionale;074   ;Interventi a favore di studenti in situazione di disabilità - N. interventi non finanziari;125;0;N;0;N
2023-2024;06001;Cassino - Università degli Studi di Cassino e del Lazio Meridionale;081   ;Attività di collaborazione a tempo parziale - N. collaborazioni;0;0;0;0;0
2023-2024;06001;Cassino - Università degli Studi di Cassino e del Lazio Meridionale;091   ;Posti alloggio e contributi-alloggio - N. domande posti alloggio;92;86;2;0;0
2023-2024;06001;Cassino - Università degli Studi di Cassino e del Lazio Meridionale;092   ;Posti alloggio e contributi-alloggio - N. posti alloggio assegnati;18;17;2;0;0
2023-2024;06001;Cassino - Università degli Studi di Cassino e del Lazio Meridionale;092c  ;Posti alloggio e contributi-alloggio - N. posti alloggio assegnati - di cui assegnati in strutture convenzionate o private;18;17;2;0;0
2023-2024;06001;Cassino - Università degli Studi di Cassino e del Lazio Meridionale;093   ;Posti alloggio e contributi-alloggio - N. domande contributi-alloggio;16;16;0;0;0
2023-2024;06001;Cassino - Università degli Studi di Cassino e del Lazio Meridionale;094   ;Posti alloggio e contributi-alloggio - N. contributi-alloggio assegnati;10;10;0;0;0
2023-2024;06001;Cassino - Università degli Studi di Cassino e del Lazio Meridionale;101   ;Altri interventi di tipo finanziario - N. prestiti agevolati concessi da istituti di credito convenzionati;215;24;0;0;49
2023-2024;06001;Cassino - Università degli Studi di Cassino e del Lazio Meridionale;101a  ;Altri interventi di tipo finanziario - N. prestiti agevolati concessi da istituti di credito convenzionati - di cui con contributo in conto interesse e/o in conto capitale a carico dell'Ateneo;0;0;0;0;0
2023-2024;06001;Cassino - Università degli Studi di Cassino e del Lazio Meridionale;104   ;Altri interventi di tipo finanziario - N. altri sussidi erogati;0;0;0;0;0
2023-2024;06001;Cassino - Università degli Studi di Cassino e del Lazio Meridionale;111a  ;Borse di studio post-lauream - N. borse finanziate con fondi MIUR;;;22;0;0
2023-2024;06001;Cassino - Università degli Studi di Cassino e del Lazio Meridionale;111b  ;Borse di studio post-lauream - N. borse finanziate da altri Ministeri;;;0;0;0
2023-2024;06001;Cassino - Università degli Studi di Cassino e del Lazio Meridionale;112   ;Borse di studio post-lauream - N. borse finanziate dall'Ateneo con fondi propri;;;14,17;0;0
2023-2024;06001;Cassino - Università degli Studi di Cassino e del Lazio Meridionale;113   ;Borse di studio post-lauream - N. borse finanziate mediante convenzione con altri Atenei;;;0,5;0;0
2023-2024;06001;Cassino - Università degli Studi di Cassino e del Lazio Meridionale;114   ;Borse di studio post-lauream - N. borse finanziate con fondi UE;;;62,67;0;0
2023-2024;06001;Cassino - Università degli Studi di Cassino e del Lazio Meridionale;115   ;Borse di studio post-lauream - N. borse finanziate mediante convenzione con altri enti pubblici;;;8,66;0;86
2023-2024;06001;Cassino - Università degli Studi di Cassino e del Lazio Meridionale;116   ;Borse di studio post-lauream - N. borse finanziate mediante convenzione con enti privati;;;11;0;14
2023-2024;06201;Benevento - Università degli studi del Sannio;030   ;Borse di studio - N. borse di studio concesse con fondi dell'ATENEO/MIUR;10;6;4;0;0
2023-2024;06201;Benevento - Università degli studi del Sannio;061   ;Mobilità internazionale - N. iscritti nell'ateneo in mobilità internazionale (studenti in uscita);37;0;19;0;0
2023-2024;06201;Benevento - Università degli studi del Sannio;061c  ;Mobilità internazionale - N. iscritti nell'ateneo in mobilità internazionale (studenti in uscita)- di cui studenti SENZA borsa;1;0;3;0;0
2023-2024;06201;Benevento - Università degli studi del Sannio;061m  ;Mobilità internazionale - N. iscritti nell'ateneo in mobilità internazionale (studenti in uscita)- di cui studenti in mobilità extraeuropea;1;0;3;0;0
2023-2024;06201;Benevento - Università degli studi del Sannio;061p  ;Mobilità internazionale - N. iscritti nell'ateneo in mobilità internazionale (studenti in uscita)- di cui dottorandi percettori di borsa che usufruiscono della maggiorazione del 50%;;;18;;
2023-2024;06201;Benevento - Università degli studi del Sannio;063   ;Mobilità internazionale - N. iscritti in atenei esteri in mobilità internazionale presso l'ateneo italiano (studenti in entrata);93;59;0;0;0
2023-2024;06201;Benevento - Università degli studi del Sannio;063c  ;Mobilità internazionale - N. iscritti in atenei esteri in mobilità internazionale presso l'ateneo italiano (studenti in entrata) - di cui studenti con borsa dell'Ateneo italiano;0;0;0;0;0
2023-2024;06201;Benevento - Università degli studi del Sannio;064   ;Mobilità internazionale - N. iscritti in atenei esteri in mobilità internazionale presso l'ateneo italiano (studenti in entrata)- di cui studenti provenienti da Paesi extraeuropei;31;31;0;0;0
2023-2024;06201;Benevento - Università degli studi del Sannio;073   ;Interventi a favore di studenti in situazione di disabilità - N. contributi finanziari;0;0;0;0;0
2023-2024;06201;Benevento - Università degli studi del Sannio;074   ;Interventi a favore di studenti in situazione di disabilità - N. interventi non finanziari;0;0;0;0;0
2023-2024;06201;Benevento - Università degli studi del Sannio;081   ;Attività di collaborazione a tempo parziale - N. collaborazioni;65;1;0;0;0
2023-2024;06201;Benevento - Università degli studi del Sannio;091   ;Posti alloggio e contributi-alloggio - N. domande posti alloggio;26;0;2;0;0
2023-2024;06201;Benevento - Università degli studi del Sannio;092   ;Posti alloggio e contributi-alloggio - N. posti alloggio assegnati;26;0;2;0;0
2023-2024;06201;Benevento - Università degli studi del Sannio;092c  ;Posti alloggio e contributi-alloggio - N. posti alloggio assegnati - di cui assegnati in strutture convenzionate o private;26;0;2;0;0
2023-2024;06201;Benevento - Università degli studi del Sannio;093   ;Posti alloggio e contributi-alloggio - N. domande contributi-alloggio;26;0;2;0;0
2023-2024;06201;Benevento - Università degli studi del Sannio;094   ;Posti alloggio e contributi-alloggio - N. contributi-alloggio assegnati;26;0;2;0;0
2023-2024;06201;Benevento - Università degli studi del Sannio;101   ;Altri interventi di tipo finanziario - N. prestiti agevolati concessi da istituti di credito convenzionati;0;0;0;0;0
2023-2024;06201;Benevento - Università degli studi del Sannio;101a  ;Altri interventi di tipo finanziario - N. prestiti agevolati concessi da istituti di credito convenzionati - di cui con contributo in conto interesse e/o in conto capitale a carico dell'Ateneo;0;0;0;0;0
2023-2024;06201;Benevento - Università degli studi del Sannio;104   ;Altri interventi di tipo finanziario - N. altri sussidi erogati;958;9;0;0;0
2023-2024;06201;Benevento - Università degli studi del Sannio;111a  ;Borse di studio post-lauream - N. borse finanziate con fondi MIUR;;;26;0;0
2023-2024;06201;Benevento - Università degli studi del Sannio;111b  ;Borse di studio post-lauream - N. borse finanziate da altri Ministeri;;;0;0;0
2023-2024;06201;Benevento - Università degli studi del Sannio;112   ;Borse di studio post-lauream - N. borse finanziate dall'Ateneo con fondi propri;;;7;0;0
2023-2024;06201;Benevento - Università degli studi del Sannio;113   ;Borse di studio post-lauream - N. borse finanziate mediante convenzione con altri Atenei;;;0;0;0
2023-2024;06201;Benevento - Università degli studi del Sannio;114   ;Borse di studio post-lauream - N. borse finanziate con fondi UE;;;49;0;0
2023-2024;06201;Benevento - Università degli studi del Sannio;115   ;Borse di studio post-lauream - N. borse finanziate mediante convenzione con altri enti pubblici;;;2;0;0
2023-2024;06201;Benevento - Università degli studi del Sannio;116   ;Borse di studio post-lauream - N. borse finanziate mediante convenzione con enti privati;;;4;0;0
2023-2024;06202;"Benevento - Università telematica ""Giustino Fortunato""";030   ;Borse di studio - N. borse di studio concesse con fondi dell'ATENEO/MIUR;0;0;0;0;0
2023-2024;06202;"Benevento - Università telematica ""Giustino Fortunato""";061   ;Mobilità internazionale - N. iscritti nell'ateneo in mobilità internazionale (studenti in uscita);8;0;0;0;0
2023-2024;06202;"Benevento - Università telematica ""Giustino Fortunato""";061c  ;Mobilità internazionale - N. iscritti nell'ateneo in mobilità internazionale (studenti in uscita)- di cui studenti SENZA borsa;8;0;0;0;0
2023-2024;06202;"Benevento - Università telematica ""Giustino Fortunato""";061m  ;Mobilità internazionale - N. iscritti nell'ateneo in mobilità internazionale (studenti in uscita)- di cui studenti in mobilità extraeuropea;0;0;0;0;0
2023-2024;06202;"Benevento - Università telematica ""Giustino Fortunato""";061p  ;Mobilità internazionale - N. iscritti nell'ateneo in mobilità internazionale (studenti in uscita)- di cui dottorandi percettori di borsa che usufruiscono della maggiorazione del 50%;;;0;;
2023-2024;06202;"Benevento - Università telematica ""Giustino Fortunato""";063   ;Mobilità internazionale - N. iscritti in atenei esteri in mobilità internazionale presso l'ateneo italiano (studenti in entrata);4;2;0;0;0
2023-2024;06202;"Benevento - Università telematica ""Giustino Fortunato""";063c  ;Mobilità internazionale - N. iscritti in atenei esteri in mobilità internazionale presso l'ateneo italiano (studenti in entrata) - di cui studenti con borsa dell'Ateneo italiano;0;0;0;0;0
2023-2024;06202;"Benevento - Università telematica ""Giustino Fortunato""";064   ;Mobilità internazionale - N. iscritti in atenei esteri in mobilità internazionale presso l'ateneo italiano (studenti in entrata)- di cui studenti provenienti da Paesi extraeuropei;0;0;0;0;0
2023-2024;06202;"Benevento - Università telematica ""Giustino Fortunato""";073   ;Interventi a favore di studenti in situazione di disabilità - N. contributi finanziari;0;0;0;0;0
2023-2024;06202;"Benevento - Università telematica ""Giustino Fortunato""";074   ;Interventi a favore di studenti in situazione di disabilità - N. interventi non finanziari;0;0;0;0;0
2023-2024;06202;"Benevento - Università telematica ""Giustino Fortunato""";081   ;Attività di collaborazione a tempo parziale - N. collaborazioni;0;0;0;0;0
2023-2024;06202;"Benevento - Università telematica ""Giustino Fortunato""";091   ;Posti alloggio e contributi-alloggio - N. domande posti alloggio;0;0;0;0;0
2023-2024;06202;"Benevento - Università telematica ""Giustino Fortunato""";092   ;Posti alloggio e contributi-alloggio - N. posti alloggio assegnati;0;0;0;0;0
2023-2024;06202;"Benevento - Università telematica ""Giustino Fortunato""";092c  ;Posti alloggio e contributi-alloggio - N. posti alloggio assegnati - di cui assegnati in strutture convenzionate o private;0;0;0;0;0
2023-2024;06202;"Benevento - Università telematica ""Giustino Fortunato""";093   ;Posti alloggio e contributi-alloggio - N. domande contributi-alloggio;0;0;0;0;0
2023-2024;06202;"Benevento - Università telematica ""Giustino Fortunato""";094   ;Posti alloggio e contributi-alloggio - N. contributi-alloggio assegnati;0;0;0;0;0
2023-2024;06202;"Benevento - Università telematica ""Giustino Fortunato""";101   ;Altri interventi di tipo finanziario - N. prestiti agevolati concessi da istituti di credito convenzionati;0;0;0;0;0
2023-2024;06202;"Benevento - Università telematica ""Giustino Fortunato""";101a  ;Altri interventi di tipo finanziario - N. prestiti agevolati concessi da istituti di credito convenzionati - di cui con contributo in conto interesse e/o in conto capitale a carico dell'Ateneo;0;0;0;0;0
2023-2024;06202;"Benevento - Università telematica ""Giustino Fortunato""";104   ;Altri interventi di tipo finanziario - N. altri sussidi erogati;0;0;0;0;0
2023-2024;06202;"Benevento - Università telematica ""Giustino Fortunato""";111a  ;Borse di studio post-lauream - N. borse finanziate con fondi MIUR;;;0;0;0
2023-2024;06202;"Benevento - Università telematica ""Giustino Fortunato""";111b  ;Borse di studio post-lauream - N. borse finanziate da altri Ministeri;;;0;0;0
2023-2024;06202;"Benevento - Università telematica ""Giustino Fortunato""";112   ;Borse di studio post-lauream - N. borse finanziate dall'Ateneo con fondi propri;;;0;0;0
2023-2024;06202;"Benevento - Università telematica ""Giustino Fortunato""";113   ;Borse di studio post-lauream - N. borse finanziate mediante convenzione con altri Atenei;;;0;0;0
2023-2024;06202;"Benevento - Università telematica ""Giustino Fortunato""";114   ;Borse di studio post-lauream - N. borse finanziate con fondi UE;;;0;0;0
2023-2024;06202;"Benevento - Università telematica ""Giustino Fortunato""";115   ;Borse di studio post-lauream - N. borse finanziate mediante convenzione con altri enti pubblici;;;0;0;0
2023-2024;06202;"Benevento - Università telematica ""Giustino Fortunato""";116   ;Borse di studio post-lauream - N. borse finanziate mediante convenzione con enti privati;;;0;0;0
2023-2024;06301;"Napoli - Università degli studi ""Federico II""";030   ;Borse di studio - N. borse di studio concesse con fondi dell'ATENEO/MIUR;233;3;109;0;0
2023-2024;06301;"Napoli - Università degli studi ""Federico II""";061   ;Mobilità internazionale - N. iscritti nell'ateneo in mobilità internazionale (studenti in uscita);980;9;437;0;0
2023-2024;06301;"Napoli - Università degli studi ""Federico II""";061c  ;Mobilità internazionale - N. iscritti nell'ateneo in mobilità internazionale (studenti in uscita)- di cui studenti SENZA borsa;3;0;0;0;0
2023-2024;06301;"Napoli - Università degli studi ""Federico II""";061m  ;Mobilità internazionale - N. iscritti nell'ateneo in mobilità internazionale (studenti in uscita)- di cui studenti in mobilità extraeuropea;0;0;72;0;0
2023-2024;06301;"Napoli - Università degli studi ""Federico II""";061p  ;Mobilità internazionale - N. iscritti nell'ateneo in mobilità internazionale (studenti in uscita)- di cui dottorandi percettori di borsa che usufruiscono della maggiorazione del 50%;;;435;;
2023-2024;06301;"Napoli - Università degli studi ""Federico II""";063   ;Mobilità internazionale - N. iscritti in atenei esteri in mobilità internazionale presso l'ateneo italiano (studenti in entrata);673;105;0;0;0
2023-2024;06301;"Napoli - Università degli studi ""Federico II""";063c  ;Mobilità internazionale - N. iscritti in atenei esteri in mobilità internazionale presso l'ateneo italiano (studenti in entrata) - di cui studenti con borsa dell'Ateneo italiano;15;15;0;0;0
2023-2024;06301;"Napoli - Università degli studi ""Federico II""";064   ;Mobilità internazionale - N. iscritti in atenei esteri in mobilità internazionale presso l'ateneo italiano (studenti in entrata)- di cui studenti provenienti da Paesi extraeuropei;0;0;0;0;0
2023-2024;06301;"Napoli - Università degli studi ""Federico II""";073   ;Interventi a favore di studenti in situazione di disabilità - N. contributi finanziari;0;0;0;0;0
2023-2024;06301;"Napoli - Università degli studi ""Federico II""";074   ;Interventi a favore di studenti in situazione di disabilità - N. interventi non finanziari;799;36;11;0;8
2023-2024;06301;"Napoli - Università degli studi ""Federico II""";081   ;Attività di collaborazione a tempo parziale - N. collaborazioni;576;2;0;0;0
2023-2024;06301;"Napoli - Università degli studi ""Federico II""";091   ;Posti alloggio e contributi-alloggio - N. domande posti alloggio;0;0;0;0;0
2023-2024;06301;"Napoli - Università degli studi ""Federico II""";092   ;Posti alloggio e contributi-alloggio - N. posti alloggio assegnati;0;0;0;0;0
2023-2024;06301;"Napoli - Università degli studi ""Federico II""";092c  ;Posti alloggio e contributi-alloggio - N. posti alloggio assegnati - di cui assegnati in strutture convenzionate o private;0;0;0;0;0
2023-2024;06301;"Napoli - Università degli studi ""Federico II""";093   ;Posti alloggio e contributi-alloggio - N. domande contributi-alloggio;0;0;0;0;0
2023-2024;06301;"Napoli - Università degli studi ""Federico II""";094   ;Posti alloggio e contributi-alloggio - N. contributi-alloggio assegnati;0;0;0;0;0
2023-2024;06301;"Napoli - Università degli studi ""Federico II""";101   ;Altri interventi di tipo finanziario - N. prestiti agevolati concessi da istituti di credito convenzionati;0;0;0;0;0
2023-2024;06301;"Napoli - Università degli studi ""Federico II""";101a  ;Altri interventi di tipo finanziario - N. prestiti agevolati concessi da istituti di credito convenzionati - di cui con contributo in conto interesse e/o in conto capitale a carico dell'Ateneo;0;0;0;0;0
2023-2024;06301;"Napoli - Università degli studi ""Federico II""";104   ;Altri interventi di tipo finanziario - N. altri sussidi erogati;0;0;0;0;0
2023-2024;06301;"Napoli - Università degli studi ""Federico II""";111a  ;Borse di studio post-lauream - N. borse finanziate con fondi MIUR;;;408,5;0;0
2023-2024;06301;"Napoli - Università degli studi ""Federico II""";111b  ;Borse di studio post-lauream - N. borse finanziate da altri Ministeri;;;0;0;0
2023-2024;06301;"Napoli - Università degli studi ""Federico II""";112   ;Borse di studio post-lauream - N. borse finanziate dall'Ateneo con fondi propri;;;399;0;0
2023-2024;06301;"Napoli - Università degli studi ""Federico II""";113   ;Borse di studio post-lauream - N. borse finanziate mediante convenzione con altri Atenei;;;2;0;0
2023-2024;06301;"Napoli - Università degli studi ""Federico II""";114   ;Borse di studio post-lauream - N. borse finanziate con fondi UE;;;745;0;0
2023-2024;06301;"Napoli - Università degli studi ""Federico II""";115   ;Borse di studio post-lauream - N. borse finanziate mediante convenzione con altri enti pubblici;;;98;0;0
2023-2024;06301;"Napoli - Università degli studi ""Federico II""";116   ;Borse di studio post-lauream - N. borse finanziate mediante convenzione con enti privati;;;56,5;0;0
2023-2024;06302;"Napoli - Università degli studi ""Parthenope""";030   ;Borse di studio - N. borse di studio concesse con fondi dell'ATENEO/MIUR;208;1;0;0;0
2023-2024;06302;"Napoli - Università degli studi ""Parthenope""";061   ;Mobilità internazionale - N. iscritti nell'ateneo in mobilità internazionale (studenti in uscita);174;3;89;0;0
2023-2024;06302;"Napoli - Università degli studi ""Parthenope""";061c  ;Mobilità internazionale - N. iscritti nell'ateneo in mobilità internazionale (studenti in uscita)- di cui studenti SENZA borsa;17;0;11;0;0
2023-2024;06302;"Napoli - Università degli studi ""Parthenope""";061m  ;Mobilità internazionale - N. iscritti nell'ateneo in mobilità internazionale (studenti in uscita)- di cui studenti in mobilità extraeuropea;0;0;13;0;0
2023-2024;06302;"Napoli - Università degli studi ""Parthenope""";061p  ;Mobilità internazionale - N. iscritti nell'ateneo in mobilità internazionale (studenti in uscita)- di cui dottorandi percettori di borsa che usufruiscono della maggiorazione del 50%;;;77;;
2023-2024;06302;"Napoli - Università degli studi ""Parthenope""";063   ;Mobilità internazionale - N. iscritti in atenei esteri in mobilità internazionale presso l'ateneo italiano (studenti in entrata);142;18;0;0;0
2023-2024;06302;"Napoli - Università degli studi ""Parthenope""";063c  ;Mobilità internazionale - N. iscritti in atenei esteri in mobilità internazionale presso l'ateneo italiano (studenti in entrata) - di cui studenti con borsa dell'Ateneo italiano;0;0;0;0;0
2023-2024;06302;"Napoli - Università degli studi ""Parthenope""";064   ;Mobilità internazionale - N. iscritti in atenei esteri in mobilità internazionale presso l'ateneo italiano (studenti in entrata)- di cui studenti provenienti da Paesi extraeuropei;0;0;0;0;0
2023-2024;06302;"Napoli - Università degli studi ""Parthenope""";073   ;Interventi a favore di studenti in situazione di disabilità - N. contributi finanziari;0;0;0;0;0
2023-2024;06302;"Napoli - Università degli studi ""Parthenope""";074   ;Interventi a favore di studenti in situazione di disabilità - N. interventi non finanziari;0;0;0;0;0
2023-2024;06302;"Napoli - Università degli studi ""Parthenope""";081   ;Attività di collaborazione a tempo parziale - N. collaborazioni;114;3;0;0;0
2023-2024;06302;"Napoli - Università degli studi ""Parthenope""";091   ;Posti alloggio e contributi-alloggio - N. domande posti alloggio;0;0;0;0;0
2023-2024;06302;"Napoli - Università degli studi ""Parthenope""";092   ;Posti alloggio e contributi-alloggio - N. posti alloggio assegnati;0;0;0;0;0
2023-2024;06302;"Napoli - Università degli studi ""Parthenope""";092c  ;Posti alloggio e contributi-alloggio - N. posti alloggio assegnati - di cui assegnati in strutture convenzionate o private;0;0;0;0;0
2023-2024;06302;"Napoli - Università degli studi ""Parthenope""";093   ;Posti alloggio e contributi-alloggio - N. domande contributi-alloggio;0;0;0;0;0
2023-2024;06302;"Napoli - Università degli studi ""Parthenope""";094   ;Posti alloggio e contributi-alloggio - N. contributi-alloggio assegnati;0;0;0;0;0
2023-2024;06302;"Napoli - Università degli studi ""Parthenope""";101   ;Altri interventi di tipo finanziario - N. prestiti agevolati concessi da istituti di credito convenzionati;0;0;0;0;0
2023-2024;06302;"Napoli - Università degli studi ""Parthenope""";101a  ;Altri interventi di tipo finanziario - N. prestiti agevolati concessi da istituti di credito convenzionati - di cui con contributo in conto interesse e/o in conto capitale a carico dell'Ateneo;0;0;0;0;0
2023-2024;06302;"Napoli - Università degli studi ""Parthenope""";104   ;Altri interventi di tipo finanziario - N. altri sussidi erogati;0;0;0;0;0
2023-2024;06302;"Napoli - Università degli studi ""Parthenope""";111a  ;Borse di studio post-lauream - N. borse finanziate con fondi MIUR;;;109;0;0
2023-2024;06302;"Napoli - Università degli studi ""Parthenope""";111b  ;Borse di studio post-lauream - N. borse finanziate da altri Ministeri;;;0;0;0
2023-2024;06302;"Napoli - Università degli studi ""Parthenope""";112   ;Borse di studio post-lauream - N. borse finanziate dall'Ateneo con fondi propri;;;2;0;0
2023-2024;06302;"Napoli - Università degli studi ""Parthenope""";113   ;Borse di studio post-lauream - N. borse finanziate mediante convenzione con altri Atenei;;;5;0;0
2023-2024;06302;"Napoli - Università degli studi ""Parthenope""";114   ;Borse di studio post-lauream - N. borse finanziate con fondi UE;;;64;0;0
2023-2024;06302;"Napoli - Università degli studi ""Parthenope""";115   ;Borse di studio post-lauream - N. borse finanziate mediante convenzione con altri enti pubblici;;;19;0;0
2023-2024;06302;"Napoli - Università degli studi ""Parthenope""";116   ;Borse di studio post-lauream - N. borse finanziate mediante convenzione con enti privati;;;5;0;0
2023-2024;06303;"Napoli - Università degli studi ""L' Orientale""";030   ;Borse di studio - N. borse di studio concesse con fondi dell'ATENEO/MIUR;64;5;0;0;0
2023-2024;06303;"Napoli - Università degli studi ""L' Orientale""";061   ;Mobilità internazionale - N. iscritti nell'ateneo in mobilità internazionale (studenti in uscita);258;3;17;0;0
2023-2024;06303;"Napoli - Università degli studi ""L' Orientale""";061c  ;Mobilità internazionale - N. iscritti nell'ateneo in mobilità internazionale (studenti in uscita)- di cui studenti SENZA borsa;6;0;17;0;0
2023-2024;06303;"Napoli - Università degli studi ""L' Orientale""";061m  ;Mobilità internazionale - N. iscritti nell'ateneo in mobilità internazionale (studenti in uscita)- di cui studenti in mobilità extraeuropea;54;1;10;0;0
2023-2024;06303;"Napoli - Università degli studi ""L' Orientale""";061p  ;Mobilità internazionale - N. iscritti nell'ateneo in mobilità internazionale (studenti in uscita)- di cui dottorandi percettori di borsa che usufruiscono della maggiorazione del 50%;;;0;;
2023-2024;06303;"Napoli - Università degli studi ""L' Orientale""";063   ;Mobilità internazionale - N. iscritti in atenei esteri in mobilità internazionale presso l'ateneo italiano (studenti in entrata);107;39;0;0;0
2023-2024;06303;"Napoli - Università degli studi ""L' Orientale""";063c  ;Mobilità internazionale - N. iscritti in atenei esteri in mobilità internazionale presso l'ateneo italiano (studenti in entrata) - di cui studenti con borsa dell'Ateneo italiano;0;0;0;0;0
2023-2024;06303;"Napoli - Università degli studi ""L' Orientale""";064   ;Mobilità internazionale - N. iscritti in atenei esteri in mobilità internazionale presso l'ateneo italiano (studenti in entrata)- di cui studenti provenienti da Paesi extraeuropei;21;15;0;0;0
2023-2024;06303;"Napoli - Università degli studi ""L' Orientale""";073   ;Interventi a favore di studenti in situazione di disabilità - N. contributi finanziari;45;0;0;0;0
2023-2024;06303;"Napoli - Università degli studi ""L' Orientale""";074   ;Interventi a favore di studenti in situazione di disabilità - N. interventi non finanziari;862;0;0;0;0
2023-2024;06303;"Napoli - Università degli studi ""L' Orientale""";081   ;Attività di collaborazione a tempo parziale - N. collaborazioni;41;0;0;0;0
2023-2024;06303;"Napoli - Università degli studi ""L' Orientale""";091   ;Posti alloggio e contributi-alloggio - N. domande posti alloggio;0;0;0;0;0
2023-2024;06303;"Napoli - Università degli studi ""L' Orientale""";092   ;Posti alloggio e contributi-alloggio - N. posti alloggio assegnati;0;0;0;0;0
2023-2024;06303;"Napoli - Università degli studi ""L' Orientale""";092c  ;Posti alloggio e contributi-alloggio - N. posti alloggio assegnati - di cui assegnati in strutture convenzionate o private;0;0;0;0;0
2023-2024;06303;"Napoli - Università degli studi ""L' Orientale""";093   ;Posti alloggio e contributi-alloggio - N. domande contributi-alloggio;0;0;0;0;0
2023-2024;06303;"Napoli - Università degli studi ""L' Orientale""";094   ;Posti alloggio e contributi-alloggio - N. contributi-alloggio assegnati;0;0;0;0;0
2023-2024;06303;"Napoli - Università degli studi ""L' Orientale""";101   ;Altri interventi di tipo finanziario - N. prestiti agevolati concessi da istituti di credito convenzionati;0;0;0;0;0
2023-2024;06303;"Napoli - Università degli studi ""L' Orientale""";101a  ;Altri interventi di tipo finanziario - N. prestiti agevolati concessi da istituti di credito convenzionati - di cui con contributo in conto interesse e/o in conto capitale a carico dell'Ateneo;0;0;0;0;0
2023-2024;06303;"Napoli - Università degli studi ""L' Orientale""";104   ;Altri interventi di tipo finanziario - N. altri sussidi erogati;0;0;0;0;0
2023-2024;06303;"Napoli - Università degli studi ""L' Orientale""";111a  ;Borse di studio post-lauream - N. borse finanziate con fondi MIUR;;;6;0;0
2023-2024;06303;"Napoli - Università degli studi ""L' Orientale""";111b  ;Borse di studio post-lauream - N. borse finanziate da altri Ministeri;;;0;0;0
2023-2024;06303;"Napoli - Università degli studi ""L' Orientale""";112   ;Borse di studio post-lauream - N. borse finanziate dall'Ateneo con fondi propri;;;68;0;0
2023-2024;06303;"Napoli - Università degli studi ""L' Orientale""";113   ;Borse di studio post-lauream - N. borse finanziate mediante convenzione con altri Atenei;;;4;0;0
2023-2024;06303;"Napoli - Università degli studi ""L' Orientale""";114   ;Borse di studio post-lauream - N. borse finanziate con fondi UE;;;30;0;0
2023-2024;06303;"Napoli - Università degli studi ""L' Orientale""";115   ;Borse di studio post-lauream - N. borse finanziate mediante convenzione con altri enti pubblici;;;0;0;0
2023-2024;06303;"Napoli - Università degli studi ""L' Orientale""";116   ;Borse di studio post-lauream - N. borse finanziate mediante convenzione con enti privati;;;0;0;0
2023-2024;06304;"Napoli - Università degli studi ""Suor Orsola Benincasa""";030   ;Borse di studio - N. borse di studio concesse con fondi dell'ATENEO/MIUR;0;0;0;0;0
2023-2024;06304;"Napoli - Università degli studi ""Suor Orsola Benincasa""";061   ;Mobilità internazionale - N. iscritti nell'ateneo in mobilità internazionale (studenti in uscita);117;1;0;0;0
2023-2024;06304;"Napoli - Università degli studi ""Suor Orsola Benincasa""";061c  ;Mobilità internazionale - N. iscritti nell'ateneo in mobilità internazionale (studenti in uscita)- di cui studenti SENZA borsa;0;0;0;0;0
2023-2024;06304;"Napoli - Università degli studi ""Suor Orsola Benincasa""";061m  ;Mobilità internazionale - N. iscritti nell'ateneo in mobilità internazionale (studenti in uscita)- di cui studenti in mobilità extraeuropea;0;0;0;0;0
2023-2024;06304;"Napoli - Università degli studi ""Suor Orsola Benincasa""";061p  ;Mobilità internazionale - N. iscritti nell'ateneo in mobilità internazionale (studenti in uscita)- di cui dottorandi percettori di borsa che usufruiscono della maggiorazione del 50%;;;0;;
2023-2024;06304;"Napoli - Università degli studi ""Suor Orsola Benincasa""";063   ;Mobilità internazionale - N. iscritti in atenei esteri in mobilità internazionale presso l'ateneo italiano (studenti in entrata);118;86;0;0;0
2023-2024;06304;"Napoli - Università degli studi ""Suor Orsola Benincasa""";063c  ;Mobilità internazionale - N. iscritti in atenei esteri in mobilità internazionale presso l'ateneo italiano (studenti in entrata) - di cui studenti con borsa dell'Ateneo italiano;0;0;0;0;0
2023-2024;06304;"Napoli - Università degli studi ""Suor Orsola Benincasa""";064   ;Mobilità internazionale - N. iscritti in atenei esteri in mobilità internazionale presso l'ateneo italiano (studenti in entrata)- di cui studenti provenienti da Paesi extraeuropei;0;0;0;0;0
2023-2024;06304;"Napoli - Università degli studi ""Suor Orsola Benincasa""";073   ;Interventi a favore di studenti in situazione di disabilità - N. contributi finanziari;120;0;0;0;0
2023-2024;06304;"Napoli - Università degli studi ""Suor Orsola Benincasa""";074   ;Interventi a favore di studenti in situazione di disabilità - N. interventi non finanziari;135;0;0;56;0
2023-2024;06304;"Napoli - Università degli studi ""Suor Orsola Benincasa""";081   ;Attività di collaborazione a tempo parziale - N. collaborazioni;0;0;0;0;0
2023-2024;06304;"Napoli - Università degli studi ""Suor Orsola Benincasa""";091   ;Posti alloggio e contributi-alloggio - N. domande posti alloggio;12;0;0;0;0
2023-2024;06304;"Napoli - Università degli studi ""Suor Orsola Benincasa""";092   ;Posti alloggio e contributi-alloggio - N. posti alloggio assegnati;12;0;0;0;0
2023-2024;06304;"Napoli - Università degli studi ""Suor Orsola Benincasa""";092c  ;Posti alloggio e contributi-alloggio - N. posti alloggio assegnati - di cui assegnati in strutture convenzionate o private;0;0;0;0;0
2023-2024;06304;"Napoli - Università degli studi ""Suor Orsola Benincasa""";093   ;Posti alloggio e contributi-alloggio - N. domande contributi-alloggio;0;0;0;0;0
2023-2024;06304;"Napoli - Università degli studi ""Suor Orsola Benincasa""";094   ;Posti alloggio e contributi-alloggio - N. contributi-alloggio assegnati;0;0;0;0;0
2023-2024;06304;"Napoli - Università degli studi ""Suor Orsola Benincasa""";101   ;Altri interventi di tipo finanziario - N. prestiti agevolati concessi da istituti di credito convenzionati;9;0;0;0;3
2023-2024;06304;"Napoli - Università degli studi ""Suor Orsola Benincasa""";101a  ;Altri interventi di tipo finanziario - N. prestiti agevolati concessi da istituti di credito convenzionati - di cui con contributo in conto interesse e/o in conto capitale a carico dell'Ateneo;0;0;0;0;0
2023-2024;06304;"Napoli - Università degli studi ""Suor Orsola Benincasa""";104   ;Altri interventi di tipo finanziario - N. altri sussidi erogati;0;0;0;0;0
2023-2024;06304;"Napoli - Università degli studi ""Suor Orsola Benincasa""";111a  ;Borse di studio post-lauream - N. borse finanziate con fondi MIUR;;;0;0;0
2023-2024;06304;"Napoli - Università degli studi ""Suor Orsola Benincasa""";111b  ;Borse di studio post-lauream - N. borse finanziate da altri Ministeri;;;0;0;0
2023-2024;06304;"Napoli - Università degli studi ""Suor Orsola Benincasa""";112   ;Borse di studio post-lauream - N. borse finanziate dall'Ateneo con fondi propri;;;3;0;0
2023-2024;06304;"Napoli - Università degli studi ""Suor Orsola Benincasa""";113   ;Borse di studio post-lauream - N. borse finanziate mediante convenzione con altri Atenei;;;0;0;0
2023-2024;06304;"Napoli - Università degli studi ""Suor Orsola Benincasa""";114   ;Borse di studio post-lauream - N. borse finanziate con fondi UE;;;21;0;0
2023-2024;06304;"Napoli - Università degli studi ""Suor Orsola Benincasa""";115   ;Borse di studio post-lauream - N. borse finanziate mediante convenzione con altri enti pubblici;;;0;0;0
2023-2024;06304;"Napoli - Università degli studi ""Suor Orsola Benincasa""";116   ;Borse di studio post-lauream - N. borse finanziate mediante convenzione con enti privati;;;2;0;0
2023-2024;06306;"Napoli - Università degli studi della Campania ""Luigi Vanvitelli""";030   ;Borse di studio - N. borse di studio concesse con fondi dell'ATENEO/MIUR;53;0;58;0;0
2023-2024;06306;"Napoli - Università degli studi della Campania ""Luigi Vanvitelli""";061   ;Mobilità internazionale - N. iscritti nell'ateneo in mobilità internazionale (studenti in uscita);206;7;113;0;0
2023-2024;06306;"Napoli - Università degli studi della Campania ""Luigi Vanvitelli""";061c  ;Mobilità internazionale - N. iscritti nell'ateneo in mobilità internazionale (studenti in uscita)- di cui studenti SENZA borsa;0;0;22;0;0
2023-2024;06306;"Napoli - Università degli studi della Campania ""Luigi Vanvitelli""";061m  ;Mobilità internazionale - N. iscritti nell'ateneo in mobilità internazionale (studenti in uscita)- di cui studenti in mobilità extraeuropea;3;0;18;0;0
2023-2024;06306;"Napoli - Università degli studi della Campania ""Luigi Vanvitelli""";061p  ;Mobilità internazionale - N. iscritti nell'ateneo in mobilità internazionale (studenti in uscita)- di cui dottorandi percettori di borsa che usufruiscono della maggiorazione del 50%;;;85;;
2023-2024;06306;"Napoli - Università degli studi della Campania ""Luigi Vanvitelli""";063   ;Mobilità internazionale - N. iscritti in atenei esteri in mobilità internazionale presso l'ateneo italiano (studenti in entrata);220;56;1;0;0
2023-2024;06306;"Napoli - Università degli studi della Campania ""Luigi Vanvitelli""";063c  ;Mobilità internazionale - N. iscritti in atenei esteri in mobilità internazionale presso l'ateneo italiano (studenti in entrata) - di cui studenti con borsa dell'Ateneo italiano;0;0;0;0;0
2023-2024;06306;"Napoli - Università degli studi della Campania ""Luigi Vanvitelli""";064   ;Mobilità internazionale - N. iscritti in atenei esteri in mobilità internazionale presso l'ateneo italiano (studenti in entrata)- di cui studenti provenienti da Paesi extraeuropei;0;0;0;0;0
2023-2024;06306;"Napoli - Università degli studi della Campania ""Luigi Vanvitelli""";073   ;Interventi a favore di studenti in situazione di disabilità - N. contributi finanziari;0;0;0;0;0
2023-2024;06306;"Napoli - Università degli studi della Campania ""Luigi Vanvitelli""";074   ;Interventi a favore di studenti in situazione di disabilità - N. interventi non finanziari;247;6;0;0;0
2023-2024;06306;"Napoli - Università degli studi della Campania ""Luigi Vanvitelli""";081   ;Attività di collaborazione a tempo parziale - N. collaborazioni;327;16;0;0;0
2023-2024;06306;"Napoli - Università degli studi della Campania ""Luigi Vanvitelli""";091   ;Posti alloggio e contributi-alloggio - N. domande posti alloggio;0;0;0;0;0
2023-2024;06306;"Napoli - Università degli studi della Campania ""Luigi Vanvitelli""";092   ;Posti alloggio e contributi-alloggio - N. posti alloggio assegnati;0;0;0;0;0
2023-2024;06306;"Napoli - Università degli studi della Campania ""Luigi Vanvitelli""";092c  ;Posti alloggio e contributi-alloggio - N. posti alloggio assegnati - di cui assegnati in strutture convenzionate o private;0;0;0;0;0
2023-2024;06306;"Napoli - Università degli studi della Campania ""Luigi Vanvitelli""";093   ;Posti alloggio e contributi-alloggio - N. domande contributi-alloggio;68;14;86;0;0
2023-2024;06306;"Napoli - Università degli studi della Campania ""Luigi Vanvitelli""";094   ;Posti alloggio e contributi-alloggio - N. contributi-alloggio assegnati;68;14;80;0;0
2023-2024;06306;"Napoli - Università degli studi della Campania ""Luigi Vanvitelli""";101   ;Altri interventi di tipo finanziario - N. prestiti agevolati concessi da istituti di credito convenzionati;32;21;0;0;0
2023-2024;06306;"Napoli - Università degli studi della Campania ""Luigi Vanvitelli""";101a  ;Altri interventi di tipo finanziario - N. prestiti agevolati concessi da istituti di credito convenzionati - di cui con contributo in conto interesse e/o in conto capitale a carico dell'Ateneo;0;0;0;0;0
2023-2024;06306;"Napoli - Università degli studi della Campania ""Luigi Vanvitelli""";104   ;Altri interventi di tipo finanziario - N. altri sussidi erogati;0;0;0;2;38
2023-2024;06306;"Napoli - Università degli studi della Campania ""Luigi Vanvitelli""";111a  ;Borse di studio post-lauream - N. borse finanziate con fondi MIUR;;;83,5;0;0
2023-2024;06306;"Napoli - Università degli studi della Campania ""Luigi Vanvitelli""";111b  ;Borse di studio post-lauream - N. borse finanziate da altri Ministeri;;;0;0;0
2023-2024;06306;"Napoli - Università degli studi della Campania ""Luigi Vanvitelli""";112   ;Borse di studio post-lauream - N. borse finanziate dall'Ateneo con fondi propri;;;207;0;0
2023-2024;06306;"Napoli - Università degli studi della Campania ""Luigi Vanvitelli""";113   ;Borse di studio post-lauream - N. borse finanziate mediante convenzione con altri Atenei;;;11;0;0
2023-2024;06306;"Napoli - Università degli studi della Campania ""Luigi Vanvitelli""";114   ;Borse di studio post-lauream - N. borse finanziate con fondi UE;;;321;0;0
2023-2024;06306;"Napoli - Università degli studi della Campania ""Luigi Vanvitelli""";115   ;Borse di studio post-lauream - N. borse finanziate mediante convenzione con altri enti pubblici;;;7;0;0
2023-2024;06306;"Napoli - Università degli studi della Campania ""Luigi Vanvitelli""";116   ;Borse di studio post-lauream - N. borse finanziate mediante convenzione con enti privati;;;0,5;0;0
2023-2024;06307;"Napoli - Università telematica ""Pegaso""";030   ;Borse di studio - N. borse di studio concesse con fondi dell'ATENEO/MIUR;0;0;0;0;0
2023-2024;06307;"Napoli - Università telematica ""Pegaso""";061   ;Mobilità internazionale - N. iscritti nell'ateneo in mobilità internazionale (studenti in uscita);0;0;0;0;0
2023-2024;06307;"Napoli - Università telematica ""Pegaso""";061c  ;Mobilità internazionale - N. iscritti nell'ateneo in mobilità internazionale (studenti in uscita)- di cui studenti SENZA borsa;0;0;0;0;0
2023-2024;06307;"Napoli - Università telematica ""Pegaso""";061m  ;Mobilità internazionale - N. iscritti nell'ateneo in mobilità internazionale (studenti in uscita)- di cui studenti in mobilità extraeuropea;0;0;0;0;0
2023-2024;06307;"Napoli - Università telematica ""Pegaso""";061p  ;Mobilità internazionale - N. iscritti nell'ateneo in mobilità internazionale (studenti in uscita)- di cui dottorandi percettori di borsa che usufruiscono della maggiorazione del 50%;;;0;;
2023-2024;06307;"Napoli - Università telematica ""Pegaso""";063   ;Mobilità internazionale - N. iscritti in atenei esteri in mobilità internazionale presso l'ateneo italiano (studenti in entrata);0;0;0;0;0
2023-2024;06307;"Napoli - Università telematica ""Pegaso""";063c  ;Mobilità internazionale - N. iscritti in atenei esteri in mobilità internazionale presso l'ateneo italiano (studenti in entrata) - di cui studenti con borsa dell'Ateneo italiano;0;0;0;0;0
2023-2024;06307;"Napoli - Università telematica ""Pegaso""";064   ;Mobilità internazionale - N. iscritti in atenei esteri in mobilità internazionale presso l'ateneo italiano (studenti in entrata)- di cui studenti provenienti da Paesi extraeuropei;0;0;0;0;0
2023-2024;06307;"Napoli - Università telematica ""Pegaso""";073   ;Interventi a favore di studenti in situazione di disabilità - N. contributi finanziari;0;0;0;0;0
2023-2024;06307;"Napoli - Università telematica ""Pegaso""";074   ;Interventi a favore di studenti in situazione di disabilità - N. interventi non finanziari;0;0;0;0;0
2023-2024;06307;"Napoli - Università telematica ""Pegaso""";081   ;Attività di collaborazione a tempo parziale - N. collaborazioni;0;0;0;0;0
2023-2024;06307;"Napoli - Università telematica ""Pegaso""";091   ;Posti alloggio e contributi-alloggio - N. domande posti alloggio;0;0;0;0;0
2023-2024;06307;"Napoli - Università telematica ""Pegaso""";092   ;Posti alloggio e contributi-alloggio - N. posti alloggio assegnati;0;0;0;0;0
2023-2024;06307;"Napoli - Università telematica ""Pegaso""";092c  ;Posti alloggio e contributi-alloggio - N. posti alloggio assegnati - di cui assegnati in strutture convenzionate o private;0;0;0;0;0
2023-2024;06307;"Napoli - Università telematica ""Pegaso""";093   ;Posti alloggio e contributi-alloggio - N. domande contributi-alloggio;0;0;0;0;0
2023-2024;06307;"Napoli - Università telematica ""Pegaso""";094   ;Posti alloggio e contributi-alloggio - N. contributi-alloggio assegnati;0;0;0;0;0
2023-2024;06307;"Napoli - Università telematica ""Pegaso""";101   ;Altri interventi di tipo finanziario - N. prestiti agevolati concessi da istituti di credito convenzionati;0;0;0;0;0
2023-2024;06307;"Napoli - Università telematica ""Pegaso""";101a  ;Altri interventi di tipo finanziario - N. prestiti agevolati concessi da istituti di credito convenzionati - di cui con contributo in conto interesse e/o in conto capitale a carico dell'Ateneo;0;0;0;0;0
2023-2024;06307;"Napoli - Università telematica ""Pegaso""";104   ;Altri interventi di tipo finanziario - N. altri sussidi erogati;0;0;0;0;0
2023-2024;06307;"Napoli - Università telematica ""Pegaso""";111a  ;Borse di studio post-lauream - N. borse finanziate con fondi MIUR;;;0;0;0
2023-2024;06307;"Napoli - Università telematica ""Pegaso""";111b  ;Borse di studio post-lauream - N. borse finanziate da altri Ministeri;;;0;0;0
2023-2024;06307;"Napoli - Università telematica ""Pegaso""";112   ;Borse di studio post-lauream - N. borse finanziate dall'Ateneo con fondi propri;;;0;0;0
2023-2024;06307;"Napoli - Università telematica ""Pegaso""";113   ;Borse di studio post-lauream - N. borse finanziate mediante convenzione con altri Atenei;;;0;0;0
2023-2024;06307;"Napoli - Università telematica ""Pegaso""";114   ;Borse di studio post-lauream - N. borse finanziate con fondi UE;;;0;0;0
2023-2024;06307;"Napoli - Università telematica ""Pegaso""";115   ;Borse di studio post-lauream - N. borse finanziate mediante convenzione con altri enti pubblici;;;0;0;0
2023-2024;06307;"Napoli - Università telematica ""Pegaso""";116   ;Borse di studio post-lauream - N. borse finanziate mediante convenzione con enti privati;;;0;0;0
2023-2024;06308;Napoli - Scuola Superiore Meridionale;030   ;Borse di studio - N. borse di studio concesse con fondi dell'ATENEO/MIUR;126;0;0;0;0
2023-2024;06308;Napoli - Scuola Superiore Meridionale;061   ;Mobilità internazionale - N. iscritti nell'ateneo in mobilità internazionale (studenti in uscita);0;0;0;0;0
2023-2024;06308;Napoli - Scuola Superiore Meridionale;061c  ;Mobilità internazionale - N. iscritti nell'ateneo in mobilità internazionale (studenti in uscita)- di cui studenti SENZA borsa;0;0;0;0;0
2023-2024;06308;Napoli - Scuola Superiore Meridionale;061m  ;Mobilità internazionale - N. iscritti nell'ateneo in mobilità internazionale (studenti in uscita)- di cui studenti in mobilità extraeuropea;0;0;0;0;0
2023-2024;06308;Napoli - Scuola Superiore Meridionale;061p  ;Mobilità internazionale - N. iscritti nell'ateneo in mobilità internazionale (studenti in uscita)- di cui dottorandi percettori di borsa che usufruiscono della maggiorazione del 50%;;;0;;
2023-2024;06308;Napoli - Scuola Superiore Meridionale;063   ;Mobilità internazionale - N. iscritti in atenei esteri in mobilità internazionale presso l'ateneo italiano (studenti in entrata);0;0;0;0;0
2023-2024;06308;Napoli - Scuola Superiore Meridionale;063c  ;Mobilità internazionale - N. iscritti in atenei esteri in mobilità internazionale presso l'ateneo italiano (studenti in entrata) - di cui studenti con borsa dell'Ateneo italiano;0;0;0;0;0
2023-2024;06308;Napoli - Scuola Superiore Meridionale;064   ;Mobilità internazionale - N. iscritti in atenei esteri in mobilità internazionale presso l'ateneo italiano (studenti in entrata)- di cui studenti provenienti da Paesi extraeuropei;0;0;0;0;0
2023-2024;06308;Napoli - Scuola Superiore Meridionale;073   ;Interventi a favore di studenti in situazione di disabilità - N. contributi finanziari;0;0;0;0;0
2023-2024;06308;Napoli - Scuola Superiore Meridionale;074   ;Interventi a favore di studenti in situazione di disabilità - N. interventi non finanziari;0;0;0;0;0
2023-2024;06308;Napoli - Scuola Superiore Meridionale;081   ;Attività di collaborazione a tempo parziale - N. collaborazioni;0;0;0;0;0
2023-2024;06308;Napoli - Scuola Superiore Meridionale;091   ;Posti alloggio e contributi-alloggio - N. domande posti alloggio;126;0;0;0;0
2023-2024;06308;Napoli - Scuola Superiore Meridionale;092   ;Posti alloggio e contributi-alloggio - N. posti alloggio assegnati;126;0;0;0;0
2023-2024;06308;Napoli - Scuola Superiore Meridionale;092c  ;Posti alloggio e contributi-alloggio - N. posti alloggio assegnati - di cui assegnati in strutture convenzionate o private;126;0;0;0;0
2023-2024;06308;Napoli - Scuola Superiore Meridionale;093   ;Posti alloggio e contributi-alloggio - N. domande contributi-alloggio;0;0;0;0;0
2023-2024;06308;Napoli - Scuola Superiore Meridionale;094   ;Posti alloggio e contributi-alloggio - N. contributi-alloggio assegnati;0;0;0;0;0
2023-2024;06308;Napoli - Scuola Superiore Meridionale;101   ;Altri interventi di tipo finanziario - N. prestiti agevolati concessi da istituti di credito convenzionati;0;0;0;0;0
2023-2024;06308;Napoli - Scuola Superiore Meridionale;101a  ;Altri interventi di tipo finanziario - N. prestiti agevolati concessi da istituti di credito convenzionati - di cui con contributo in conto interesse e/o in conto capitale a carico dell'Ateneo;0;0;0;0;0
2023-2024;06308;Napoli - Scuola Superiore Meridionale;104   ;Altri interventi di tipo finanziario - N. altri sussidi erogati;0;0;0;0;0
2023-2024;06308;Napoli - Scuola Superiore Meridionale;111a  ;Borse di studio post-lauream - N. borse finanziate con fondi MIUR;;;20,5;0;0
2023-2024;06308;Napoli - Scuola Superiore Meridionale;111b  ;Borse di studio post-lauream - N. borse finanziate da altri Ministeri;;;0;0;0
2023-2024;06308;Napoli - Scuola Superiore Meridionale;112   ;Borse di studio post-lauream - N. borse finanziate dall'Ateneo con fondi propri;;;22,84;0;0
2023-2024;06308;Napoli - Scuola Superiore Meridionale;113   ;Borse di studio post-lauream - N. borse finanziate mediante convenzione con altri Atenei;;;10;0;0
2023-2024;06308;Napoli - Scuola Superiore Meridionale;114   ;Borse di studio post-lauream - N. borse finanziate con fondi UE;;;29,83;0;0
2023-2024;06308;Napoli - Scuola Superiore Meridionale;115   ;Borse di studio post-lauream - N. borse finanziate mediante convenzione con altri enti pubblici;;;1;0;0
2023-2024;06308;Napoli - Scuola Superiore Meridionale;116   ;Borse di studio post-lauream - N. borse finanziate mediante convenzione con enti privati;;;0,83;0;0
2023-2024;06501;Salerno - Università degli studi;030   ;Borse di studio - N. borse di studio concesse con fondi dell'ATENEO/MIUR;153;1;114;0;0
2023-2024;06501;Salerno - Università degli studi;061   ;Mobilità internazionale - N. iscritti nell'ateneo in mobilità internazionale (studenti in uscita);370;21;185;1;0
2023-2024;06501;Salerno - Università degli studi;061c  ;Mobilità internazionale - N. iscritti nell'ateneo in mobilità internazionale (studenti in uscita)- di cui studenti SENZA borsa;7;1;11;0;0
2023-2024;06501;Salerno - Università degli studi;061m  ;Mobilità internazionale - N. iscritti nell'ateneo in mobilità internazionale (studenti in uscita)- di cui studenti in mobilità extraeuropea;1;0;23;0;0
2023-2024;06501;Salerno - Università degli studi;061p  ;Mobilità internazionale - N. iscritti nell'ateneo in mobilità internazionale (studenti in uscita)- di cui dottorandi percettori di borsa che usufruiscono della maggiorazione del 50%;;;170;;
2023-2024;06501;Salerno - Università degli studi;063   ;Mobilità internazionale - N. iscritti in atenei esteri in mobilità internazionale presso l'ateneo italiano (studenti in entrata);477;68;0;0;0
2023-2024;06501;Salerno - Università degli studi;063c  ;Mobilità internazionale - N. iscritti in atenei esteri in mobilità internazionale presso l'ateneo italiano (studenti in entrata) - di cui studenti con borsa dell'Ateneo italiano;0;0;0;0;0
2023-2024;06501;Salerno - Università degli studi;064   ;Mobilità internazionale - N. iscritti in atenei esteri in mobilità internazionale presso l'ateneo italiano (studenti in entrata)- di cui studenti provenienti da Paesi extraeuropei;11;11;0;0;0
2023-2024;06501;Salerno - Università degli studi;073   ;Interventi a favore di studenti in situazione di disabilità - N. contributi finanziari;0;0;0;0;0
2023-2024;06501;Salerno - Università degli studi;074   ;Interventi a favore di studenti in situazione di disabilità - N. interventi non finanziari;1514;0;0;0;0
2023-2024;06501;Salerno - Università degli studi;081   ;Attività di collaborazione a tempo parziale - N. collaborazioni;0;0;0;0;0
2023-2024;06501;Salerno - Università degli studi;091   ;Posti alloggio e contributi-alloggio - N. domande posti alloggio;41;41;47;0;0
2023-2024;06501;Salerno - Università degli studi;092   ;Posti alloggio e contributi-alloggio - N. posti alloggio assegnati;41;41;47;0;0
2023-2024;06501;Salerno - Università degli studi;092c  ;Posti alloggio e contributi-alloggio - N. posti alloggio assegnati - di cui assegnati in strutture convenzionate o private;41;41;47;0;0
2023-2024;06501;Salerno - Università degli studi;093   ;Posti alloggio e contributi-alloggio - N. domande contributi-alloggio;244;16;4;0;0
2023-2024;06501;Salerno - Università degli studi;094   ;Posti alloggio e contributi-alloggio - N. contributi-alloggio assegnati;198;6;4;0;0
2023-2024;06501;Salerno - Università degli studi;101   ;Altri interventi di tipo finanziario - N. prestiti agevolati concessi da istituti di credito convenzionati;0;0;0;0;0
2023-2024;06501;Salerno - Università degli studi;101a  ;Altri interventi di tipo finanziario - N. prestiti agevolati concessi da istituti di credito convenzionati - di cui con contributo in conto interesse e/o in conto capitale a carico dell'Ateneo;0;0;0;0;0
2023-2024;06501;Salerno - Università degli studi;104   ;Altri interventi di tipo finanziario - N. altri sussidi erogati;0;0;0;0;0
2023-2024;06501;Salerno - Università degli studi;111a  ;Borse di studio post-lauream - N. borse finanziate con fondi MIUR;;;0;0;0
2023-2024;06501;Salerno - Università degli studi;111b  ;Borse di studio post-lauream - N. borse finanziate da altri Ministeri;;;0;0;0
2023-2024;06501;Salerno - Università degli studi;112   ;Borse di studio post-lauream - N. borse finanziate dall'Ateneo con fondi propri;;;249;0;3
2023-2024;06501;Salerno - Università degli studi;113   ;Borse di studio post-lauream - N. borse finanziate mediante convenzione con altri Atenei;;;3;0;0
2023-2024;06501;Salerno - Università degli studi;114   ;Borse di studio post-lauream - N. borse finanziate con fondi UE;;;281,5;0;0
2023-2024;06501;Salerno - Università degli studi;115   ;Borse di studio post-lauream - N. borse finanziate mediante convenzione con altri enti pubblici;;;14;0;11
2023-2024;06501;Salerno - Università degli studi;116   ;Borse di studio post-lauream - N. borse finanziate mediante convenzione con enti privati;;;29,5;0;14
2023-2024;06601;L'Aquila - Università degli studi;030   ;Borse di studio - N. borse di studio concesse con fondi dell'ATENEO/MIUR;29;0;6;0;0
2023-2024;06601;L'Aquila - Università degli studi;061   ;Mobilità internazionale - N. iscritti nell'ateneo in mobilità internazionale (studenti in uscita);200;97;65;0;0
2023-2024;06601;L'Aquila - Università degli studi;061c  ;Mobilità internazionale - N. iscritti nell'ateneo in mobilità internazionale (studenti in uscita)- di cui studenti SENZA borsa;0;0;4;0;0
2023-2024;06601;L'Aquila - Università degli studi;061m  ;Mobilità internazionale - N. iscritti nell'ateneo in mobilità internazionale (studenti in uscita)- di cui studenti in mobilità extraeuropea;18;5;20;0;0
2023-2024;06601;L'Aquila - Università degli studi;061p  ;Mobilità internazionale - N. iscritti nell'ateneo in mobilità internazionale (studenti in uscita)- di cui dottorandi percettori di borsa che usufruiscono della maggiorazione del 50%;;;59;;
2023-2024;06601;L'Aquila - Università degli studi;063   ;Mobilità internazionale - N. iscritti in atenei esteri in mobilità internazionale presso l'ateneo italiano (studenti in entrata);200;77;7;0;0
2023-2024;06601;L'Aquila - Università degli studi;063c  ;Mobilità internazionale - N. iscritti in atenei esteri in mobilità internazionale presso l'ateneo italiano (studenti in entrata) - di cui studenti con borsa dell'Ateneo italiano;125;31;5;0;0
2023-2024;06601;L'Aquila - Università degli studi;064   ;Mobilità internazionale - N. iscritti in atenei esteri in mobilità internazionale presso l'ateneo italiano (studenti in entrata)- di cui studenti provenienti da Paesi extraeuropei;51;51;0;0;0
2023-2024;06601;L'Aquila - Università degli studi;073   ;Interventi a favore di studenti in situazione di disabilità - N. contributi finanziari;0;0;0;0;0
2023-2024;06601;L'Aquila - Università degli studi;074   ;Interventi a favore di studenti in situazione di disabilità - N. interventi non finanziari;118;0;0;0;0
2023-2024;06601;L'Aquila - Università degli studi;081   ;Attività di collaborazione a tempo parziale - N. collaborazioni;328;18;0;0;0
2023-2024;06601;L'Aquila - Università degli studi;091   ;Posti alloggio e contributi-alloggio - N. domande posti alloggio;0;0;0;0;0
2023-2024;06601;L'Aquila - Università degli studi;092   ;Posti alloggio e contributi-alloggio - N. posti alloggio assegnati;0;0;0;0;0
2023-2024;06601;L'Aquila - Università degli studi;092c  ;Posti alloggio e contributi-alloggio - N. posti alloggio assegnati - di cui assegnati in strutture convenzionate o private;0;0;0;0;0
2023-2024;06601;L'Aquila - Università degli studi;093   ;Posti alloggio e contributi-alloggio - N. domande contributi-alloggio;0;0;0;0;0
2023-2024;06601;L'Aquila - Università degli studi;094   ;Posti alloggio e contributi-alloggio - N. contributi-alloggio assegnati;0;0;0;0;0
2023-2024;06601;L'Aquila - Università degli studi;101   ;Altri interventi di tipo finanziario - N. prestiti agevolati concessi da istituti di credito convenzionati;0;0;0;0;0
2023-2024;06601;L'Aquila - Università degli studi;101a  ;Altri interventi di tipo finanziario - N. prestiti agevolati concessi da istituti di credito convenzionati - di cui con contributo in conto interesse e/o in conto capitale a carico dell'Ateneo;0;0;0;0;0
2023-2024;06601;L'Aquila - Università degli studi;104   ;Altri interventi di tipo finanziario - N. altri sussidi erogati;218;0;0;0;0
2023-2024;06601;L'Aquila - Università degli studi;111a  ;Borse di studio post-lauream - N. borse finanziate con fondi MIUR;;;46,5;0;0
2023-2024;06601;L'Aquila - Università degli studi;111b  ;Borse di studio post-lauream - N. borse finanziate da altri Ministeri;;;2,5;0;0
2023-2024;06601;L'Aquila - Università degli studi;112   ;Borse di studio post-lauream - N. borse finanziate dall'Ateneo con fondi propri;;;98;0;0
2023-2024;06601;L'Aquila - Università degli studi;113   ;Borse di studio post-lauream - N. borse finanziate mediante convenzione con altri Atenei;;;0,5;0;0
2023-2024;06601;L'Aquila - Università degli studi;114   ;Borse di studio post-lauream - N. borse finanziate con fondi UE;;;98;0;0
2023-2024;06601;L'Aquila - Università degli studi;115   ;Borse di studio post-lauream - N. borse finanziate mediante convenzione con altri enti pubblici;;;5;0;0
2023-2024;06601;L'Aquila - Università degli studi;116   ;Borse di studio post-lauream - N. borse finanziate mediante convenzione con enti privati;;;14,5;0;0
2023-2024;06603;L'Aquila - Gran Sasso Science Institute;030   ;Borse di studio - N. borse di studio concesse con fondi dell'ATENEO/MIUR;0;0;0;0;0
2023-2024;06603;L'Aquila - Gran Sasso Science Institute;061   ;Mobilità internazionale - N. iscritti nell'ateneo in mobilità internazionale (studenti in uscita);0;0;118;0;0
2023-2024;06603;L'Aquila - Gran Sasso Science Institute;061c  ;Mobilità internazionale - N. iscritti nell'ateneo in mobilità internazionale (studenti in uscita)- di cui studenti SENZA borsa;0;0;0;0;0
2023-2024;06603;L'Aquila - Gran Sasso Science Institute;061m  ;Mobilità internazionale - N. iscritti nell'ateneo in mobilità internazionale (studenti in uscita)- di cui studenti in mobilità extraeuropea;0;0;21;0;0
2023-2024;06603;L'Aquila - Gran Sasso Science Institute;061p  ;Mobilità internazionale - N. iscritti nell'ateneo in mobilità internazionale (studenti in uscita)- di cui dottorandi percettori di borsa che usufruiscono della maggiorazione del 50%;;;34;;
2023-2024;06603;L'Aquila - Gran Sasso Science Institute;063   ;Mobilità internazionale - N. iscritti in atenei esteri in mobilità internazionale presso l'ateneo italiano (studenti in entrata);0;0;0;0;0
2023-2024;06603;L'Aquila - Gran Sasso Science Institute;063c  ;Mobilità internazionale - N. iscritti in atenei esteri in mobilità internazionale presso l'ateneo italiano (studenti in entrata) - di cui studenti con borsa dell'Ateneo italiano;0;0;0;0;0
2023-2024;06603;L'Aquila - Gran Sasso Science Institute;064   ;Mobilità internazionale - N. iscritti in atenei esteri in mobilità internazionale presso l'ateneo italiano (studenti in entrata)- di cui studenti provenienti da Paesi extraeuropei;0;0;0;0;0
2023-2024;06603;L'Aquila - Gran Sasso Science Institute;073   ;Interventi a favore di studenti in situazione di disabilità - N. contributi finanziari;0;0;0;0;0
2023-2024;06603;L'Aquila - Gran Sasso Science Institute;074   ;Interventi a favore di studenti in situazione di disabilità - N. interventi non finanziari;0;0;0;0;0
2023-2024;06603;L'Aquila - Gran Sasso Science Institute;081   ;Attività di collaborazione a tempo parziale - N. collaborazioni;0;0;0;0;0
2023-2024;06603;L'Aquila - Gran Sasso Science Institute;091   ;Posti alloggio e contributi-alloggio - N. domande posti alloggio;0;0;28;0;0
2023-2024;06603;L'Aquila - Gran Sasso Science Institute;092   ;Posti alloggio e contributi-alloggio - N. posti alloggio assegnati;0;0;28;0;0
2023-2024;06603;L'Aquila - Gran Sasso Science Institute;092c  ;Posti alloggio e contributi-alloggio - N. posti alloggio assegnati - di cui assegnati in strutture convenzionate o private;0;0;28;0;0
2023-2024;06603;L'Aquila - Gran Sasso Science Institute;093   ;Posti alloggio e contributi-alloggio - N. domande contributi-alloggio;0;0;115;0;0
2023-2024;06603;L'Aquila - Gran Sasso Science Institute;094   ;Posti alloggio e contributi-alloggio - N. contributi-alloggio assegnati;0;0;115;0;0
2023-2024;06603;L'Aquila - Gran Sasso Science Institute;101   ;Altri interventi di tipo finanziario - N. prestiti agevolati concessi da istituti di credito convenzionati;0;0;0;0;0
2023-2024;06603;L'Aquila - Gran Sasso Science Institute;101a  ;Altri interventi di tipo finanziario - N. prestiti agevolati concessi da istituti di credito convenzionati - di cui con contributo in conto interesse e/o in conto capitale a carico dell'Ateneo;0;0;0;0;0
2023-2024;06603;L'Aquila - Gran Sasso Science Institute;104   ;Altri interventi di tipo finanziario - N. altri sussidi erogati;0;0;184;0;0
2023-2024;06603;L'Aquila - Gran Sasso Science Institute;111a  ;Borse di studio post-lauream - N. borse finanziate con fondi MIUR;;;0;0;0
2023-2024;06603;L'Aquila - Gran Sasso Science Institute;111b  ;Borse di studio post-lauream - N. borse finanziate da altri Ministeri;;;1;0;0
2023-2024;06603;L'Aquila - Gran Sasso Science Institute;112   ;Borse di studio post-lauream - N. borse finanziate dall'Ateneo con fondi propri;;;106;0;0
2023-2024;06603;L'Aquila - Gran Sasso Science Institute;113   ;Borse di studio post-lauream - N. borse finanziate mediante convenzione con altri Atenei;;;0;0;0
2023-2024;06603;L'Aquila - Gran Sasso Science Institute;114   ;Borse di studio post-lauream - N. borse finanziate con fondi UE;;;30;0;0
2023-2024;06603;L'Aquila - Gran Sasso Science Institute;115   ;Borse di studio post-lauream - N. borse finanziate mediante convenzione con altri enti pubblici;;;5;0;0
2023-2024;06603;L'Aquila - Gran Sasso Science Institute;116   ;Borse di studio post-lauream - N. borse finanziate mediante convenzione con enti privati;;;3;0;0
2023-2024;06701;Teramo - Università degli studi;030   ;Borse di studio - N. borse di studio concesse con fondi dell'ATENEO/MIUR;36;0;18;1;0
2023-2024;06701;Teramo - Università degli studi;061   ;Mobilità internazionale - N. iscritti nell'ateneo in mobilità internazionale (studenti in uscita);136;6;36;0;0
2023-2024;06701;Teramo - Università degli studi;061c  ;Mobilità internazionale - N. iscritti nell'ateneo in mobilità internazionale (studenti in uscita)- di cui studenti SENZA borsa;0;0;24;0;0
2023-2024;06701;Teramo - Università degli studi;061m  ;Mobilità internazionale - N. iscritti nell'ateneo in mobilità internazionale (studenti in uscita)- di cui studenti in mobilità extraeuropea;6;1;6;0;0
2023-2024;06701;Teramo - Università degli studi;061p  ;Mobilità internazionale - N. iscritti nell'ateneo in mobilità internazionale (studenti in uscita)- di cui dottorandi percettori di borsa che usufruiscono della maggiorazione del 50%;;;3;;
2023-2024;06701;Teramo - Università degli studi;063   ;Mobilità internazionale - N. iscritti in atenei esteri in mobilità internazionale presso l'ateneo italiano (studenti in entrata);57;5;0;0;0
2023-2024;06701;Teramo - Università degli studi;063c  ;Mobilità internazionale - N. iscritti in atenei esteri in mobilità internazionale presso l'ateneo italiano (studenti in entrata) - di cui studenti con borsa dell'Ateneo italiano;0;0;0;0;0
2023-2024;06701;Teramo - Università degli studi;064   ;Mobilità internazionale - N. iscritti in atenei esteri in mobilità internazionale presso l'ateneo italiano (studenti in entrata)- di cui studenti provenienti da Paesi extraeuropei;1;1;0;0;0
2023-2024;06701;Teramo - Università degli studi;073   ;Interventi a favore di studenti in situazione di disabilità - N. contributi finanziari;0;0;0;0;0
2023-2024;06701;Teramo - Università degli studi;074   ;Interventi a favore di studenti in situazione di disabilità - N. interventi non finanziari;0;0;0;0;0
2023-2024;06701;Teramo - Università degli studi;081   ;Attività di collaborazione a tempo parziale - N. collaborazioni;123;2;0;0;0
2023-2024;06701;Teramo - Università degli studi;091   ;Posti alloggio e contributi-alloggio - N. domande posti alloggio;0;0;0;0;0
2023-2024;06701;Teramo - Università degli studi;092   ;Posti alloggio e contributi-alloggio - N. posti alloggio assegnati;0;0;0;0;0
2023-2024;06701;Teramo - Università degli studi;092c  ;Posti alloggio e contributi-alloggio - N. posti alloggio assegnati - di cui assegnati in strutture convenzionate o private;0;0;0;0;0
2023-2024;06701;Teramo - Università degli studi;093   ;Posti alloggio e contributi-alloggio - N. domande contributi-alloggio;0;0;0;0;0
2023-2024;06701;Teramo - Università degli studi;094   ;Posti alloggio e contributi-alloggio - N. contributi-alloggio assegnati;0;0;0;0;0
2023-2024;06701;Teramo - Università degli studi;101   ;Altri interventi di tipo finanziario - N. prestiti agevolati concessi da istituti di credito convenzionati;0;0;0;0;0
2023-2024;06701;Teramo - Università degli studi;101a  ;Altri interventi di tipo finanziario - N. prestiti agevolati concessi da istituti di credito convenzionati - di cui con contributo in conto interesse e/o in conto capitale a carico dell'Ateneo;0;0;0;0;0
2023-2024;06701;Teramo - Università degli studi;104   ;Altri interventi di tipo finanziario - N. altri sussidi erogati;26;0;0;0;0
2023-2024;06701;Teramo - Università degli studi;111a  ;Borse di studio post-lauream - N. borse finanziate con fondi MIUR;;;2;0;0
2023-2024;06701;Teramo - Università degli studi;111b  ;Borse di studio post-lauream - N. borse finanziate da altri Ministeri;;;3;0;0
2023-2024;06701;Teramo - Università degli studi;112   ;Borse di studio post-lauream - N. borse finanziate dall'Ateneo con fondi propri;;;55;0;0
2023-2024;06701;Teramo - Università degli studi;113   ;Borse di studio post-lauream - N. borse finanziate mediante convenzione con altri Atenei;;;14,5;0;0
2023-2024;06701;Teramo - Università degli studi;114   ;Borse di studio post-lauream - N. borse finanziate con fondi UE;;;37,5;0;0
2023-2024;06701;Teramo - Università degli studi;115   ;Borse di studio post-lauream - N. borse finanziate mediante convenzione con altri enti pubblici;;;7;0;0
2023-2024;06701;Teramo - Università degli studi;116   ;Borse di studio post-lauream - N. borse finanziate mediante convenzione con enti privati;;;3;0;0
2023-2024;06901;Chieti e Pescara - Università degli studi Gabriele D'Annunzio;030   ;Borse di studio - N. borse di studio concesse con fondi dell'ATENEO/MIUR;67;2;8;0;0
2023-2024;06901;Chieti e Pescara - Università degli studi Gabriele D'Annunzio;061   ;Mobilità internazionale - N. iscritti nell'ateneo in mobilità internazionale (studenti in uscita);488;13;77;0;0
2023-2024;06901;Chieti e Pescara - Università degli studi Gabriele D'Annunzio;061c  ;Mobilità internazionale - N. iscritti nell'ateneo in mobilità internazionale (studenti in uscita)- di cui studenti SENZA borsa;20;0;4;0;0
2023-2024;06901;Chieti e Pescara - Università degli studi Gabriele D'Annunzio;061m  ;Mobilità internazionale - N. iscritti nell'ateneo in mobilità internazionale (studenti in uscita)- di cui studenti in mobilità extraeuropea;33;2;10;0;0
2023-2024;06901;Chieti e Pescara - Università degli studi Gabriele D'Annunzio;061p  ;Mobilità internazionale - N. iscritti nell'ateneo in mobilità internazionale (studenti in uscita)- di cui dottorandi percettori di borsa che usufruiscono della maggiorazione del 50%;;;70;;
2023-2024;06901;Chieti e Pescara - Università degli studi Gabriele D'Annunzio;063   ;Mobilità internazionale - N. iscritti in atenei esteri in mobilità internazionale presso l'ateneo italiano (studenti in entrata);226;70;0;0;0
2023-2024;06901;Chieti e Pescara - Università degli studi Gabriele D'Annunzio;063c  ;Mobilità internazionale - N. iscritti in atenei esteri in mobilità internazionale presso l'ateneo italiano (studenti in entrata) - di cui studenti con borsa dell'Ateneo italiano;0;0;0;0;0
2023-2024;06901;Chieti e Pescara - Università degli studi Gabriele D'Annunzio;064   ;Mobilità internazionale - N. iscritti in atenei esteri in mobilità internazionale presso l'ateneo italiano (studenti in entrata)- di cui studenti provenienti da Paesi extraeuropei;11;11;0;0;0
2023-2024;06901;Chieti e Pescara - Università degli studi Gabriele D'Annunzio;073   ;Interventi a favore di studenti in situazione di disabilità - N. contributi finanziari;0;0;0;0;0
2023-2024;06901;Chieti e Pescara - Università degli studi Gabriele D'Annunzio;074   ;Interventi a favore di studenti in situazione di disabilità - N. interventi non finanziari;0;0;0;0;0
2023-2024;06901;Chieti e Pescara - Università degli studi Gabriele D'Annunzio;081   ;Attività di collaborazione a tempo parziale - N. collaborazioni;192;3;0;0;0
2023-2024;06901;Chieti e Pescara - Università degli studi Gabriele D'Annunzio;091   ;Posti alloggio e contributi-alloggio - N. domande posti alloggio;0;0;0;0;0
2023-2024;06901;Chieti e Pescara - Università degli studi Gabriele D'Annunzio;092   ;Posti alloggio e contributi-alloggio - N. posti alloggio assegnati;0;0;0;0;0
2023-2024;06901;Chieti e Pescara - Università degli studi Gabriele D'Annunzio;092c  ;Posti alloggio e contributi-alloggio - N. posti alloggio assegnati - di cui assegnati in strutture convenzionate o private;0;0;0;0;0
2023-2024;06901;Chieti e Pescara - Università degli studi Gabriele D'Annunzio;093   ;Posti alloggio e contributi-alloggio - N. domande contributi-alloggio;0;0;0;0;0
2023-2024;06901;Chieti e Pescara - Università degli studi Gabriele D'Annunzio;094   ;Posti alloggio e contributi-alloggio - N. contributi-alloggio assegnati;0;0;0;0;0
2023-2024;06901;Chieti e Pescara - Università degli studi Gabriele D'Annunzio;101   ;Altri interventi di tipo finanziario - N. prestiti agevolati concessi da istituti di credito convenzionati;0;0;0;0;0
2023-2024;06901;Chieti e Pescara - Università degli studi Gabriele D'Annunzio;101a  ;Altri interventi di tipo finanziario - N. prestiti agevolati concessi da istituti di credito convenzionati - di cui con contributo in conto interesse e/o in conto capitale a carico dell'Ateneo;0;0;0;0;0
2023-2024;06901;Chieti e Pescara - Università degli studi Gabriele D'Annunzio;104   ;Altri interventi di tipo finanziario - N. altri sussidi erogati;2;0;0;0;0
2023-2024;06901;Chieti e Pescara - Università degli studi Gabriele D'Annunzio;111a  ;Borse di studio post-lauream - N. borse finanziate con fondi MIUR;;;27;0;0
2023-2024;06901;Chieti e Pescara - Università degli studi Gabriele D'Annunzio;111b  ;Borse di studio post-lauream - N. borse finanziate da altri Ministeri;;;0;0;0
2023-2024;06901;Chieti e Pescara - Università degli studi Gabriele D'Annunzio;112   ;Borse di studio post-lauream - N. borse finanziate dall'Ateneo con fondi propri;;;168;0;0
2023-2024;06901;Chieti e Pescara - Università degli studi Gabriele D'Annunzio;113   ;Borse di studio post-lauream - N. borse finanziate mediante convenzione con altri Atenei;;;0;0;0
2023-2024;06901;Chieti e Pescara - Università degli studi Gabriele D'Annunzio;114   ;Borse di studio post-lauream - N. borse finanziate con fondi UE;;;111;0;0
2023-2024;06901;Chieti e Pescara - Università degli studi Gabriele D'Annunzio;115   ;Borse di studio post-lauream - N. borse finanziate mediante convenzione con altri enti pubblici;;;12;0;0
2023-2024;06901;Chieti e Pescara - Università degli studi Gabriele D'Annunzio;116   ;Borse di studio post-lauream - N. borse finanziate mediante convenzione con enti privati;;;19;0;0
2023-2024;06902;"Torrevecchia Teatina (CH) - Università telematica ""Leonardo da Vinci""";030   ;Borse di studio - N. borse di studio concesse con fondi dell'ATENEO/MIUR;0;0;0;0;0
2023-2024;06902;"Torrevecchia Teatina (CH) - Università telematica ""Leonardo da Vinci""";061   ;Mobilità internazionale - N. iscritti nell'ateneo in mobilità internazionale (studenti in uscita);0;0;0;0;0
2023-2024;06902;"Torrevecchia Teatina (CH) - Università telematica ""Leonardo da Vinci""";061c  ;Mobilità internazionale - N. iscritti nell'ateneo in mobilità internazionale (studenti in uscita)- di cui studenti SENZA borsa;0;0;0;0;0
2023-2024;06902;"Torrevecchia Teatina (CH) - Università telematica ""Leonardo da Vinci""";061m  ;Mobilità internazionale - N. iscritti nell'ateneo in mobilità internazionale (studenti in uscita)- di cui studenti in mobilità extraeuropea;0;0;0;0;0
2023-2024;06902;"Torrevecchia Teatina (CH) - Università telematica ""Leonardo da Vinci""";061p  ;Mobilità internazionale - N. iscritti nell'ateneo in mobilità internazionale (studenti in uscita)- di cui dottorandi percettori di borsa che usufruiscono della maggiorazione del 50%;;;0;;
2023-2024;06902;"Torrevecchia Teatina (CH) - Università telematica ""Leonardo da Vinci""";063   ;Mobilità internazionale - N. iscritti in atenei esteri in mobilità internazionale presso l'ateneo italiano (studenti in entrata);0;0;0;0;0
2023-2024;06902;"Torrevecchia Teatina (CH) - Università telematica ""Leonardo da Vinci""";063c  ;Mobilità internazionale - N. iscritti in atenei esteri in mobilità internazionale presso l'ateneo italiano (studenti in entrata) - di cui studenti con borsa dell'Ateneo italiano;0;0;0;0;0
2023-2024;06902;"Torrevecchia Teatina (CH) - Università telematica ""Leonardo da Vinci""";064   ;Mobilità internazionale - N. iscritti in atenei esteri in mobilità internazionale presso l'ateneo italiano (studenti in entrata)- di cui studenti provenienti da Paesi extraeuropei;0;0;0;0;0
2023-2024;06902;"Torrevecchia Teatina (CH) - Università telematica ""Leonardo da Vinci""";073   ;Interventi a favore di studenti in situazione di disabilità - N. contributi finanziari;0;0;0;0;0
2023-2024;06902;"Torrevecchia Teatina (CH) - Università telematica ""Leonardo da Vinci""";074   ;Interventi a favore di studenti in situazione di disabilità - N. interventi non finanziari;0;0;0;0;0
2023-2024;06902;"Torrevecchia Teatina (CH) - Università telematica ""Leonardo da Vinci""";081   ;Attività di collaborazione a tempo parziale - N. collaborazioni;0;0;0;0;0
2023-2024;06902;"Torrevecchia Teatina (CH) - Università telematica ""Leonardo da Vinci""";091   ;Posti alloggio e contributi-alloggio - N. domande posti alloggio;0;0;0;0;0
2023-2024;06902;"Torrevecchia Teatina (CH) - Università telematica ""Leonardo da Vinci""";092   ;Posti alloggio e contributi-alloggio - N. posti alloggio assegnati;0;0;0;0;0
2023-2024;06902;"Torrevecchia Teatina (CH) - Università telematica ""Leonardo da Vinci""";092c  ;Posti alloggio e contributi-alloggio - N. posti alloggio assegnati - di cui assegnati in strutture convenzionate o private;0;0;0;0;0
2023-2024;06902;"Torrevecchia Teatina (CH) - Università telematica ""Leonardo da Vinci""";093   ;Posti alloggio e contributi-alloggio - N. domande contributi-alloggio;0;0;0;0;0
2023-2024;06902;"Torrevecchia Teatina (CH) - Università telematica ""Leonardo da Vinci""";094   ;Posti alloggio e contributi-alloggio - N. contributi-alloggio assegnati;0;0;0;0;0
2023-2024;06902;"Torrevecchia Teatina (CH) - Università telematica ""Leonardo da Vinci""";101   ;Altri interventi di tipo finanziario - N. prestiti agevolati concessi da istituti di credito convenzionati;0;0;0;0;0
2023-2024;06902;"Torrevecchia Teatina (CH) - Università telematica ""Leonardo da Vinci""";101a  ;Altri interventi di tipo finanziario - N. prestiti agevolati concessi da istituti di credito convenzionati - di cui con contributo in conto interesse e/o in conto capitale a carico dell'Ateneo;0;0;0;0;0
2023-2024;06902;"Torrevecchia Teatina (CH) - Università telematica ""Leonardo da Vinci""";104   ;Altri interventi di tipo finanziario - N. altri sussidi erogati;0;0;0;0;0
2023-2024;06902;"Torrevecchia Teatina (CH) - Università telematica ""Leonardo da Vinci""";111a  ;Borse di studio post-lauream - N. borse finanziate con fondi MIUR;;;0;0;0
2023-2024;06902;"Torrevecchia Teatina (CH) - Università telematica ""Leonardo da Vinci""";111b  ;Borse di studio post-lauream - N. borse finanziate da altri Ministeri;;;0;0;0
2023-2024;06902;"Torrevecchia Teatina (CH) - Università telematica ""Leonardo da Vinci""";112   ;Borse di studio post-lauream - N. borse finanziate dall'Ateneo con fondi propri;;;0;0;0
2023-2024;06902;"Torrevecchia Teatina (CH) - Università telematica ""Leonardo da Vinci""";113   ;Borse di studio post-lauream - N. borse finanziate mediante convenzione con altri Atenei;;;4;0;0
2023-2024;06902;"Torrevecchia Teatina (CH) - Università telematica ""Leonardo da Vinci""";114   ;Borse di studio post-lauream - N. borse finanziate con fondi UE;;;8,5;0;0
2023-2024;06902;"Torrevecchia Teatina (CH) - Università telematica ""Leonardo da Vinci""";115   ;Borse di studio post-lauream - N. borse finanziate mediante convenzione con altri enti pubblici;;;0;0;0
2023-2024;06902;"Torrevecchia Teatina (CH) - Università telematica ""Leonardo da Vinci""";116   ;Borse di studio post-lauream - N. borse finanziate mediante convenzione con enti privati;;;0,5;0;0
2023-2024;07001;Campobasso - Università degli studi del Molise;030   ;Borse di studio - N. borse di studio concesse con fondi dell'ATENEO/MIUR;59;0;0;0;0
2023-2024;07001;Campobasso - Università degli studi del Molise;061   ;Mobilità internazionale - N. iscritti nell'ateneo in mobilità internazionale (studenti in uscita);0;0;2;0;0
2023-2024;07001;Campobasso - Università degli studi del Molise;061c  ;Mobilità internazionale - N. iscritti nell'ateneo in mobilità internazionale (studenti in uscita)- di cui studenti SENZA borsa;0;0;2;0;0
2023-2024;07001;Campobasso - Università degli studi del Molise;061m  ;Mobilità internazionale - N. iscritti nell'ateneo in mobilità internazionale (studenti in uscita)- di cui studenti in mobilità extraeuropea;0;0;0;0;0
2023-2024;07001;Campobasso - Università degli studi del Molise;061p  ;Mobilità internazionale - N. iscritti nell'ateneo in mobilità internazionale (studenti in uscita)- di cui dottorandi percettori di borsa che usufruiscono della maggiorazione del 50%;;;0;;
2023-2024;07001;Campobasso - Università degli studi del Molise;063   ;Mobilità internazionale - N. iscritti in atenei esteri in mobilità internazionale presso l'ateneo italiano (studenti in entrata);69;9;0;0;0
2023-2024;07001;Campobasso - Università degli studi del Molise;063c  ;Mobilità internazionale - N. iscritti in atenei esteri in mobilità internazionale presso l'ateneo italiano (studenti in entrata) - di cui studenti con borsa dell'Ateneo italiano;68;0;0;0;0
2023-2024;07001;Campobasso - Università degli studi del Molise;064   ;Mobilità internazionale - N. iscritti in atenei esteri in mobilità internazionale presso l'ateneo italiano (studenti in entrata)- di cui studenti provenienti da Paesi extraeuropei;0;0;0;0;0
2023-2024;07001;Campobasso - Università degli studi del Molise;073   ;Interventi a favore di studenti in situazione di disabilità - N. contributi finanziari;0;0;0;0;0
2023-2024;07001;Campobasso - Università degli studi del Molise;074   ;Interventi a favore di studenti in situazione di disabilità - N. interventi non finanziari;38;0;0;0;0
2023-2024;07001;Campobasso - Università degli studi del Molise;081   ;Attività di collaborazione a tempo parziale - N. collaborazioni;0;0;0;0;0
2023-2024;07001;Campobasso - Università degli studi del Molise;091   ;Posti alloggio e contributi-alloggio - N. domande posti alloggio;215;5;2;0;0
2023-2024;07001;Campobasso - Università degli studi del Molise;092   ;Posti alloggio e contributi-alloggio - N. posti alloggio assegnati;149;5;2;0;0
2023-2024;07001;Campobasso - Università degli studi del Molise;092c  ;Posti alloggio e contributi-alloggio - N. posti alloggio assegnati - di cui assegnati in strutture convenzionate o private;0;0;0;0;0
2023-2024;07001;Campobasso - Università degli studi del Molise;093   ;Posti alloggio e contributi-alloggio - N. domande contributi-alloggio;217;3;3;0;0
2023-2024;07001;Campobasso - Università degli studi del Molise;094   ;Posti alloggio e contributi-alloggio - N. contributi-alloggio assegnati;0;0;0;0;0
2023-2024;07001;Campobasso - Università degli studi del Molise;101   ;Altri interventi di tipo finanziario - N. prestiti agevolati concessi da istituti di credito convenzionati;0;0;0;0;0
2023-2024;07001;Campobasso - Università degli studi del Molise;101a  ;Altri interventi di tipo finanziario - N. prestiti agevolati concessi da istituti di credito convenzionati - di cui con contributo in conto interesse e/o in conto capitale a carico dell'Ateneo;0;0;0;0;0
2023-2024;07001;Campobasso - Università degli studi del Molise;104   ;Altri interventi di tipo finanziario - N. altri sussidi erogati;1223;21;27;0;0
2023-2024;07001;Campobasso - Università degli studi del Molise;111a  ;Borse di studio post-lauream - N. borse finanziate con fondi MIUR;;;0;0;0
2023-2024;07001;Campobasso - Università degli studi del Molise;111b  ;Borse di studio post-lauream - N. borse finanziate da altri Ministeri;;;11;0;104
2023-2024;07001;Campobasso - Università degli studi del Molise;112   ;Borse di studio post-lauream - N. borse finanziate dall'Ateneo con fondi propri;;;71,84;0;0
2023-2024;07001;Campobasso - Università degli studi del Molise;113   ;Borse di studio post-lauream - N. borse finanziate mediante convenzione con altri Atenei;;;0;0;0
2023-2024;07001;Campobasso - Università degli studi del Molise;114   ;Borse di studio post-lauream - N. borse finanziate con fondi UE;;;30,33;0;0
2023-2024;07001;Campobasso - Università degli studi del Molise;115   ;Borse di studio post-lauream - N. borse finanziate mediante convenzione con altri enti pubblici;;;3,5;0;0
2023-2024;07001;Campobasso - Università degli studi del Molise;116   ;Borse di studio post-lauream - N. borse finanziate mediante convenzione con enti privati;;;5,33;0;0
2023-2024;07101;Foggia - Università degli studi;030   ;Borse di studio - N. borse di studio concesse con fondi dell'ATENEO/MIUR;40;0;12;0;0
2023-2024;07101;Foggia - Università degli studi;061   ;Mobilità internazionale - N. iscritti nell'ateneo in mobilità internazionale (studenti in uscita);305;2;43;1;0
2023-2024;07101;Foggia - Università degli studi;061c  ;Mobilità internazionale - N. iscritti nell'ateneo in mobilità internazionale (studenti in uscita)- di cui studenti SENZA borsa;2;0;43;0;0
2023-2024;07101;Foggia - Università degli studi;061m  ;Mobilità internazionale - N. iscritti nell'ateneo in mobilità internazionale (studenti in uscita)- di cui studenti in mobilità extraeuropea;0;0;3;0;0
2023-2024;07101;Foggia - Università degli studi;061p  ;Mobilità internazionale - N. iscritti nell'ateneo in mobilità internazionale (studenti in uscita)- di cui dottorandi percettori di borsa che usufruiscono della maggiorazione del 50%;;;0;;
2023-2024;07101;Foggia - Università degli studi;063   ;Mobilità internazionale - N. iscritti in atenei esteri in mobilità internazionale presso l'ateneo italiano (studenti in entrata);522;235;0;0;0
2023-2024;07101;Foggia - Università degli studi;063c  ;Mobilità internazionale - N. iscritti in atenei esteri in mobilità internazionale presso l'ateneo italiano (studenti in entrata) - di cui studenti con borsa dell'Ateneo italiano;0;0;0;0;0
2023-2024;07101;Foggia - Università degli studi;064   ;Mobilità internazionale - N. iscritti in atenei esteri in mobilità internazionale presso l'ateneo italiano (studenti in entrata)- di cui studenti provenienti da Paesi extraeuropei;0;0;0;0;0
2023-2024;07101;Foggia - Università degli studi;073   ;Interventi a favore di studenti in situazione di disabilità - N. contributi finanziari;5;0;0;0;0
2023-2024;07101;Foggia - Università degli studi;074   ;Interventi a favore di studenti in situazione di disabilità - N. interventi non finanziari;3;0;0;0;0
2023-2024;07101;Foggia - Università degli studi;081   ;Attività di collaborazione a tempo parziale - N. collaborazioni;0;0;0;0;0
2023-2024;07101;Foggia - Università degli studi;091   ;Posti alloggio e contributi-alloggio - N. domande posti alloggio;0;0;0;0;0
2023-2024;07101;Foggia - Università degli studi;092   ;Posti alloggio e contributi-alloggio - N. posti alloggio assegnati;0;0;0;0;0
2023-2024;07101;Foggia - Università degli studi;092c  ;Posti alloggio e contributi-alloggio - N. posti alloggio assegnati - di cui assegnati in strutture convenzionate o private;0;0;0;0;0
2023-2024;07101;Foggia - Università degli studi;093   ;Posti alloggio e contributi-alloggio - N. domande contributi-alloggio;0;0;0;0;0
2023-2024;07101;Foggia - Università degli studi;094   ;Posti alloggio e contributi-alloggio - N. contributi-alloggio assegnati;0;0;0;0;0
2023-2024;07101;Foggia - Università degli studi;101   ;Altri interventi di tipo finanziario - N. prestiti agevolati concessi da istituti di credito convenzionati;0;0;0;0;0
2023-2024;07101;Foggia - Università degli studi;101a  ;Altri interventi di tipo finanziario - N. prestiti agevolati concessi da istituti di credito convenzionati - di cui con contributo in conto interesse e/o in conto capitale a carico dell'Ateneo;0;0;0;0;0
2023-2024;07101;Foggia - Università degli studi;104   ;Altri interventi di tipo finanziario - N. altri sussidi erogati;0;0;0;0;0
2023-2024;07101;Foggia - Università degli studi;111a  ;Borse di studio post-lauream - N. borse finanziate con fondi MIUR;;;0;0;0
2023-2024;07101;Foggia - Università degli studi;111b  ;Borse di studio post-lauream - N. borse finanziate da altri Ministeri;;;2;0;0
2023-2024;07101;Foggia - Università degli studi;112   ;Borse di studio post-lauream - N. borse finanziate dall'Ateneo con fondi propri;;;57;0;0
2023-2024;07101;Foggia - Università degli studi;113   ;Borse di studio post-lauream - N. borse finanziate mediante convenzione con altri Atenei;;;10;0;0
2023-2024;07101;Foggia - Università degli studi;114   ;Borse di studio post-lauream - N. borse finanziate con fondi UE;;;122;0;0
2023-2024;07101;Foggia - Università degli studi;115   ;Borse di studio post-lauream - N. borse finanziate mediante convenzione con altri enti pubblici;;;10;0;0
2023-2024;07101;Foggia - Università degli studi;116   ;Borse di studio post-lauream - N. borse finanziate mediante convenzione con enti privati;;;13;0;0
2023-2024;07201;Bari - Università degli studi;030   ;Borse di studio - N. borse di studio concesse con fondi dell'ATENEO/MIUR;1064;10;17;1;0
2023-2024;07201;Bari - Università degli studi;061   ;Mobilità internazionale - N. iscritti nell'ateneo in mobilità internazionale (studenti in uscita);315;6;185;0;1
2023-2024;07201;Bari - Università degli studi;061c  ;Mobilità internazionale - N. iscritti nell'ateneo in mobilità internazionale (studenti in uscita)- di cui studenti SENZA borsa;0;0;3;0;0
2023-2024;07201;Bari - Università degli studi;061m  ;Mobilità internazionale - N. iscritti nell'ateneo in mobilità internazionale (studenti in uscita)- di cui studenti in mobilità extraeuropea;1;0;28;0;0
2023-2024;07201;Bari - Università degli studi;061p  ;Mobilità internazionale - N. iscritti nell'ateneo in mobilità internazionale (studenti in uscita)- di cui dottorandi percettori di borsa che usufruiscono della maggiorazione del 50%;;;168;;
2023-2024;07201;Bari - Università degli studi;063   ;Mobilità internazionale - N. iscritti in atenei esteri in mobilità internazionale presso l'ateneo italiano (studenti in entrata);368;16;0;0;0
2023-2024;07201;Bari - Università degli studi;063c  ;Mobilità internazionale - N. iscritti in atenei esteri in mobilità internazionale presso l'ateneo italiano (studenti in entrata) - di cui studenti con borsa dell'Ateneo italiano;0;0;0;0;0
2023-2024;07201;Bari - Università degli studi;064   ;Mobilità internazionale - N. iscritti in atenei esteri in mobilità internazionale presso l'ateneo italiano (studenti in entrata)- di cui studenti provenienti da Paesi extraeuropei;0;0;0;0;0
2023-2024;07201;Bari - Università degli studi;073   ;Interventi a favore di studenti in situazione di disabilità - N. contributi finanziari;0;0;0;0;0
2023-2024;07201;Bari - Università degli studi;074   ;Interventi a favore di studenti in situazione di disabilità - N. interventi non finanziari;122;0;0;0;0
2023-2024;07201;Bari - Università degli studi;081   ;Attività di collaborazione a tempo parziale - N. collaborazioni;152;3;0;0;0
2023-2024;07201;Bari - Università degli studi;091   ;Posti alloggio e contributi-alloggio - N. domande posti alloggio;0;0;0;0;0
2023-2024;07201;Bari - Università degli studi;092   ;Posti alloggio e contributi-alloggio - N. posti alloggio assegnati;0;0;0;0;0
2023-2024;07201;Bari - Università degli studi;092c  ;Posti alloggio e contributi-alloggio - N. posti alloggio assegnati - di cui assegnati in strutture convenzionate o private;0;0;0;0;0
2023-2024;07201;Bari - Università degli studi;093   ;Posti alloggio e contributi-alloggio - N. domande contributi-alloggio;791;42;5;15;3
2023-2024;07201;Bari - Università degli studi;094   ;Posti alloggio e contributi-alloggio - N. contributi-alloggio assegnati;528;18;4;11;0
2023-2024;07201;Bari - Università degli studi;101   ;Altri interventi di tipo finanziario - N. prestiti agevolati concessi da istituti di credito convenzionati;0;0;0;0;0
2023-2024;07201;Bari - Università degli studi;101a  ;Altri interventi di tipo finanziario - N. prestiti agevolati concessi da istituti di credito convenzionati - di cui con contributo in conto interesse e/o in conto capitale a carico dell'Ateneo;0;0;0;0;0
2023-2024;07201;Bari - Università degli studi;104   ;Altri interventi di tipo finanziario - N. altri sussidi erogati;618;17;0;2;0
2023-2024;07201;Bari - Università degli studi;111a  ;Borse di studio post-lauream - N. borse finanziate con fondi MIUR;;;101,17;0;0
2023-2024;07201;Bari - Università degli studi;111b  ;Borse di studio post-lauream - N. borse finanziate da altri Ministeri;;;0;0;0
2023-2024;07201;Bari - Università degli studi;112   ;Borse di studio post-lauream - N. borse finanziate dall'Ateneo con fondi propri;;;286,83;0;0
2023-2024;07201;Bari - Università degli studi;113   ;Borse di studio post-lauream - N. borse finanziate mediante convenzione con altri Atenei;;;32;0;0
2023-2024;07201;Bari - Università degli studi;114   ;Borse di studio post-lauream - N. borse finanziate con fondi UE;;;292,67;0;0
2023-2024;07201;Bari - Università degli studi;115   ;Borse di studio post-lauream - N. borse finanziate mediante convenzione con altri enti pubblici;;;33,83;0;10
2023-2024;07201;Bari - Università degli studi;116   ;Borse di studio post-lauream - N. borse finanziate mediante convenzione con enti privati;;;41,5;0;5
2023-2024;07202;Bari - Politecnico;030   ;Borse di studio - N. borse di studio concesse con fondi dell'ATENEO/MIUR;1579;5;33;0;0
2023-2024;07202;Bari - Politecnico;061   ;Mobilità internazionale - N. iscritti nell'ateneo in mobilità internazionale (studenti in uscita);189;1;3;0;0
2023-2024;07202;Bari - Politecnico;061c  ;Mobilità internazionale - N. iscritti nell'ateneo in mobilità internazionale (studenti in uscita)- di cui studenti SENZA borsa;0;0;0;0;0
2023-2024;07202;Bari - Politecnico;061m  ;Mobilità internazionale - N. iscritti nell'ateneo in mobilità internazionale (studenti in uscita)- di cui studenti in mobilità extraeuropea;0;0;0;0;0
2023-2024;07202;Bari - Politecnico;061p  ;Mobilità internazionale - N. iscritti nell'ateneo in mobilità internazionale (studenti in uscita)- di cui dottorandi percettori di borsa che usufruiscono della maggiorazione del 50%;;;0;;
2023-2024;07202;Bari - Politecnico;063   ;Mobilità internazionale - N. iscritti in atenei esteri in mobilità internazionale presso l'ateneo italiano (studenti in entrata);188;44;4;0;0
2023-2024;07202;Bari - Politecnico;063c  ;Mobilità internazionale - N. iscritti in atenei esteri in mobilità internazionale presso l'ateneo italiano (studenti in entrata) - di cui studenti con borsa dell'Ateneo italiano;15;11;4;0;0
2023-2024;07202;Bari - Politecnico;064   ;Mobilità internazionale - N. iscritti in atenei esteri in mobilità internazionale presso l'ateneo italiano (studenti in entrata)- di cui studenti provenienti da Paesi extraeuropei;5;5;0;0;0
2023-2024;07202;Bari - Politecnico;073   ;Interventi a favore di studenti in situazione di disabilità - N. contributi finanziari;0;0;0;0;0
2023-2024;07202;Bari - Politecnico;074   ;Interventi a favore di studenti in situazione di disabilità - N. interventi non finanziari;9;0;0;0;0
2023-2024;07202;Bari - Politecnico;081   ;Attività di collaborazione a tempo parziale - N. collaborazioni;61;0;0;0;0
2023-2024;07202;Bari - Politecnico;091   ;Posti alloggio e contributi-alloggio - N. domande posti alloggio;0;0;0;0;0
2023-2024;07202;Bari - Politecnico;092   ;Posti alloggio e contributi-alloggio - N. posti alloggio assegnati;0;0;0;0;0
2023-2024;07202;Bari - Politecnico;092c  ;Posti alloggio e contributi-alloggio - N. posti alloggio assegnati - di cui assegnati in strutture convenzionate o private;0;0;0;0;0
2023-2024;07202;Bari - Politecnico;093   ;Posti alloggio e contributi-alloggio - N. domande contributi-alloggio;232;5;0;0;0
2023-2024;07202;Bari - Politecnico;094   ;Posti alloggio e contributi-alloggio - N. contributi-alloggio assegnati;121;5;0;0;0
2023-2024;07202;Bari - Politecnico;101   ;Altri interventi di tipo finanziario - N. prestiti agevolati concessi da istituti di credito convenzionati;8;0;2;0;0
2023-2024;07202;Bari - Politecnico;101a  ;Altri interventi di tipo finanziario - N. prestiti agevolati concessi da istituti di credito convenzionati - di cui con contributo in conto interesse e/o in conto capitale a carico dell'Ateneo;0;0;0;0;0
2023-2024;07202;Bari - Politecnico;104   ;Altri interventi di tipo finanziario - N. altri sussidi erogati;0;0;0;0;0
2023-2024;07202;Bari - Politecnico;111a  ;Borse di studio post-lauream - N. borse finanziate con fondi MIUR;;;74,33;0;0
2023-2024;07202;Bari - Politecnico;111b  ;Borse di studio post-lauream - N. borse finanziate da altri Ministeri;;;0;0;0
2023-2024;07202;Bari - Politecnico;112   ;Borse di studio post-lauream - N. borse finanziate dall'Ateneo con fondi propri;;;107,67;0;0
2023-2024;07202;Bari - Politecnico;113   ;Borse di studio post-lauream - N. borse finanziate mediante convenzione con altri Atenei;;;29,83;0;0
2023-2024;07202;Bari - Politecnico;114   ;Borse di studio post-lauream - N. borse finanziate con fondi UE;;;39;0;0
2023-2024;07202;Bari - Politecnico;115   ;Borse di studio post-lauream - N. borse finanziate mediante convenzione con altri enti pubblici;;;16,5;0;0
2023-2024;07202;Bari - Politecnico;116   ;Borse di studio post-lauream - N. borse finanziate mediante convenzione con enti privati;;;28,67;0;0
2023-2024;07203;"Casamassima - Libera Università Mediterranea ""Giuseppe Degennaro""";030   ;Borse di studio - N. borse di studio concesse con fondi dell'ATENEO/MIUR;0;0;0;0;0
2023-2024;07203;"Casamassima - Libera Università Mediterranea ""Giuseppe Degennaro""";061   ;Mobilità internazionale - N. iscritti nell'ateneo in mobilità internazionale (studenti in uscita);68;0;0;0;0
2023-2024;07203;"Casamassima - Libera Università Mediterranea ""Giuseppe Degennaro""";061c  ;Mobilità internazionale - N. iscritti nell'ateneo in mobilità internazionale (studenti in uscita)- di cui studenti SENZA borsa;40;0;0;0;0
2023-2024;07203;"Casamassima - Libera Università Mediterranea ""Giuseppe Degennaro""";061m  ;Mobilità internazionale - N. iscritti nell'ateneo in mobilità internazionale (studenti in uscita)- di cui studenti in mobilità extraeuropea;0;0;0;0;0
2023-2024;07203;"Casamassima - Libera Università Mediterranea ""Giuseppe Degennaro""";061p  ;Mobilità internazionale - N. iscritti nell'ateneo in mobilità internazionale (studenti in uscita)- di cui dottorandi percettori di borsa che usufruiscono della maggiorazione del 50%;;;0;;
2023-2024;07203;"Casamassima - Libera Università Mediterranea ""Giuseppe Degennaro""";063   ;Mobilità internazionale - N. iscritti in atenei esteri in mobilità internazionale presso l'ateneo italiano (studenti in entrata);37;7;0;0;0
2023-2024;07203;"Casamassima - Libera Università Mediterranea ""Giuseppe Degennaro""";063c  ;Mobilità internazionale - N. iscritti in atenei esteri in mobilità internazionale presso l'ateneo italiano (studenti in entrata) - di cui studenti con borsa dell'Ateneo italiano;0;0;0;0;0
2023-2024;07203;"Casamassima - Libera Università Mediterranea ""Giuseppe Degennaro""";064   ;Mobilità internazionale - N. iscritti in atenei esteri in mobilità internazionale presso l'ateneo italiano (studenti in entrata)- di cui studenti provenienti da Paesi extraeuropei;1;1;0;0;0
2023-2024;07203;"Casamassima - Libera Università Mediterranea ""Giuseppe Degennaro""";073   ;Interventi a favore di studenti in situazione di disabilità - N. contributi finanziari;0;0;0;0;0
2023-2024;07203;"Casamassima - Libera Università Mediterranea ""Giuseppe Degennaro""";074   ;Interventi a favore di studenti in situazione di disabilità - N. interventi non finanziari;0;0;0;0;0
2023-2024;07203;"Casamassima - Libera Università Mediterranea ""Giuseppe Degennaro""";081   ;Attività di collaborazione a tempo parziale - N. collaborazioni;0;0;0;0;0
2023-2024;07203;"Casamassima - Libera Università Mediterranea ""Giuseppe Degennaro""";091   ;Posti alloggio e contributi-alloggio - N. domande posti alloggio;0;0;0;0;0
2023-2024;07203;"Casamassima - Libera Università Mediterranea ""Giuseppe Degennaro""";092   ;Posti alloggio e contributi-alloggio - N. posti alloggio assegnati;0;0;0;0;0
2023-2024;07203;"Casamassima - Libera Università Mediterranea ""Giuseppe Degennaro""";092c  ;Posti alloggio e contributi-alloggio - N. posti alloggio assegnati - di cui assegnati in strutture convenzionate o private;0;0;0;0;0
2023-2024;07203;"Casamassima - Libera Università Mediterranea ""Giuseppe Degennaro""";093   ;Posti alloggio e contributi-alloggio - N. domande contributi-alloggio;0;0;0;0;0
2023-2024;07203;"Casamassima - Libera Università Mediterranea ""Giuseppe Degennaro""";094   ;Posti alloggio e contributi-alloggio - N. contributi-alloggio assegnati;0;0;0;0;0
2023-2024;07203;"Casamassima - Libera Università Mediterranea ""Giuseppe Degennaro""";101   ;Altri interventi di tipo finanziario - N. prestiti agevolati concessi da istituti di credito convenzionati;44;0;0;0;0
2023-2024;07203;"Casamassima - Libera Università Mediterranea ""Giuseppe Degennaro""";101a  ;Altri interventi di tipo finanziario - N. prestiti agevolati concessi da istituti di credito convenzionati - di cui con contributo in conto interesse e/o in conto capitale a carico dell'Ateneo;0;0;0;0;0
2023-2024;07203;"Casamassima - Libera Università Mediterranea ""Giuseppe Degennaro""";104   ;Altri interventi di tipo finanziario - N. altri sussidi erogati;0;0;0;0;0
2023-2024;07203;"Casamassima - Libera Università Mediterranea ""Giuseppe Degennaro""";111a  ;Borse di studio post-lauream - N. borse finanziate con fondi MIUR;;;0;0;0
2023-2024;07203;"Casamassima - Libera Università Mediterranea ""Giuseppe Degennaro""";111b  ;Borse di studio post-lauream - N. borse finanziate da altri Ministeri;;;0;0;0
2023-2024;07203;"Casamassima - Libera Università Mediterranea ""Giuseppe Degennaro""";112   ;Borse di studio post-lauream - N. borse finanziate dall'Ateneo con fondi propri;;;20,5;0;0
2023-2024;07203;"Casamassima - Libera Università Mediterranea ""Giuseppe Degennaro""";113   ;Borse di studio post-lauream - N. borse finanziate mediante convenzione con altri Atenei;;;0;0;0
2023-2024;07203;"Casamassima - Libera Università Mediterranea ""Giuseppe Degennaro""";114   ;Borse di studio post-lauream - N. borse finanziate con fondi UE;;;6;0;59
2023-2024;07203;"Casamassima - Libera Università Mediterranea ""Giuseppe Degennaro""";115   ;Borse di studio post-lauream - N. borse finanziate mediante convenzione con altri enti pubblici;;;0;0;70
2023-2024;07203;"Casamassima - Libera Università Mediterranea ""Giuseppe Degennaro""";116   ;Borse di studio post-lauream - N. borse finanziate mediante convenzione con enti privati;;;0,5;0;0
2023-2024;07501;Lecce - Università del Salento;030   ;Borse di studio - N. borse di studio concesse con fondi dell'ATENEO/MIUR;143;1;0;0;0
2023-2024;07501;Lecce - Università del Salento;061   ;Mobilità internazionale - N. iscritti nell'ateneo in mobilità internazionale (studenti in uscita);274;8;101;0;0
2023-2024;07501;Lecce - Università del Salento;061c  ;Mobilità internazionale - N. iscritti nell'ateneo in mobilità internazionale (studenti in uscita)- di cui studenti SENZA borsa;10;1;98;0;0
2023-2024;07501;Lecce - Università del Salento;061m  ;Mobilità internazionale - N. iscritti nell'ateneo in mobilità internazionale (studenti in uscita)- di cui studenti in mobilità extraeuropea;0;0;12;0;0
2023-2024;07501;Lecce - Università del Salento;061p  ;Mobilità internazionale - N. iscritti nell'ateneo in mobilità internazionale (studenti in uscita)- di cui dottorandi percettori di borsa che usufruiscono della maggiorazione del 50%;;;92;;
2023-2024;07501;Lecce - Università del Salento;063   ;Mobilità internazionale - N. iscritti in atenei esteri in mobilità internazionale presso l'ateneo italiano (studenti in entrata);165;35;0;0;0
2023-2024;07501;Lecce - Università del Salento;063c  ;Mobilità internazionale - N. iscritti in atenei esteri in mobilità internazionale presso l'ateneo italiano (studenti in entrata) - di cui studenti con borsa dell'Ateneo italiano;0;0;0;0;0
2023-2024;07501;Lecce - Università del Salento;064   ;Mobilità internazionale - N. iscritti in atenei esteri in mobilità internazionale presso l'ateneo italiano (studenti in entrata)- di cui studenti provenienti da Paesi extraeuropei;13;12;0;0;0
2023-2024;07501;Lecce - Università del Salento;073   ;Interventi a favore di studenti in situazione di disabilità - N. contributi finanziari;0;0;0;0;0
2023-2024;07501;Lecce - Università del Salento;074   ;Interventi a favore di studenti in situazione di disabilità - N. interventi non finanziari;0;0;0;0;0
2023-2024;07501;Lecce - Università del Salento;081   ;Attività di collaborazione a tempo parziale - N. collaborazioni;33;0;0;0;0
2023-2024;07501;Lecce - Università del Salento;091   ;Posti alloggio e contributi-alloggio - N. domande posti alloggio;136;1;0;0;0
2023-2024;07501;Lecce - Università del Salento;092   ;Posti alloggio e contributi-alloggio - N. posti alloggio assegnati;136;1;0;0;0
2023-2024;07501;Lecce - Università del Salento;092c  ;Posti alloggio e contributi-alloggio - N. posti alloggio assegnati - di cui assegnati in strutture convenzionate o private;0;0;0;0;0
2023-2024;07501;Lecce - Università del Salento;093   ;Posti alloggio e contributi-alloggio - N. domande contributi-alloggio;506;10;32;0;0
2023-2024;07501;Lecce - Università del Salento;094   ;Posti alloggio e contributi-alloggio - N. contributi-alloggio assegnati;454;7;26;0;0
2023-2024;07501;Lecce - Università del Salento;101   ;Altri interventi di tipo finanziario - N. prestiti agevolati concessi da istituti di credito convenzionati;0;0;0;0;0
2023-2024;07501;Lecce - Università del Salento;101a  ;Altri interventi di tipo finanziario - N. prestiti agevolati concessi da istituti di credito convenzionati - di cui con contributo in conto interesse e/o in conto capitale a carico dell'Ateneo;0;0;0;0;0
2023-2024;07501;Lecce - Università del Salento;104   ;Altri interventi di tipo finanziario - N. altri sussidi erogati;0;0;0;0;0
2023-2024;07501;Lecce - Università del Salento;111a  ;Borse di studio post-lauream - N. borse finanziate con fondi MIUR;;;28,5;0;0
2023-2024;07501;Lecce - Università del Salento;111b  ;Borse di studio post-lauream - N. borse finanziate da altri Ministeri;;;0;0;0
2023-2024;07501;Lecce - Università del Salento;112   ;Borse di studio post-lauream - N. borse finanziate dall'Ateneo con fondi propri;;;49,5;6;0
2023-2024;07501;Lecce - Università del Salento;113   ;Borse di studio post-lauream - N. borse finanziate mediante convenzione con altri Atenei;;;6;0;0
2023-2024;07501;Lecce - Università del Salento;114   ;Borse di studio post-lauream - N. borse finanziate con fondi UE;;;218;0;0
2023-2024;07501;Lecce - Università del Salento;115   ;Borse di studio post-lauream - N. borse finanziate mediante convenzione con altri enti pubblici;;;22,5;0;0
2023-2024;07501;Lecce - Università del Salento;116   ;Borse di studio post-lauream - N. borse finanziate mediante convenzione con enti privati;;;53,5;0;0
2023-2024;07601;Potenza - Università degli studi della Basilicata;030   ;Borse di studio - N. borse di studio concesse con fondi dell'ATENEO/MIUR;0;0;0;0;0
2023-2024;07601;Potenza - Università degli studi della Basilicata;061   ;Mobilità internazionale - N. iscritti nell'ateneo in mobilità internazionale (studenti in uscita);42;0;24;0;0
2023-2024;07601;Potenza - Università degli studi della Basilicata;061c  ;Mobilità internazionale - N. iscritti nell'ateneo in mobilità internazionale (studenti in uscita)- di cui studenti SENZA borsa;36;0;9;0;0
2023-2024;07601;Potenza - Università degli studi della Basilicata;061m  ;Mobilità internazionale - N. iscritti nell'ateneo in mobilità internazionale (studenti in uscita)- di cui studenti in mobilità extraeuropea;0;0;2;0;0
2023-2024;07601;Potenza - Università degli studi della Basilicata;061p  ;Mobilità internazionale - N. iscritti nell'ateneo in mobilità internazionale (studenti in uscita)- di cui dottorandi percettori di borsa che usufruiscono della maggiorazione del 50%;;;13;;
2023-2024;07601;Potenza - Università degli studi della Basilicata;063   ;Mobilità internazionale - N. iscritti in atenei esteri in mobilità internazionale presso l'ateneo italiano (studenti in entrata);22;3;0;0;0
2023-2024;07601;Potenza - Università degli studi della Basilicata;063c  ;Mobilità internazionale - N. iscritti in atenei esteri in mobilità internazionale presso l'ateneo italiano (studenti in entrata) - di cui studenti con borsa dell'Ateneo italiano;0;0;0;0;0
2023-2024;07601;Potenza - Università degli studi della Basilicata;064   ;Mobilità internazionale - N. iscritti in atenei esteri in mobilità internazionale presso l'ateneo italiano (studenti in entrata)- di cui studenti provenienti da Paesi extraeuropei;0;0;0;0;0
2023-2024;07601;Potenza - Università degli studi della Basilicata;073   ;Interventi a favore di studenti in situazione di disabilità - N. contributi finanziari;0;0;0;0;0
2023-2024;07601;Potenza - Università degli studi della Basilicata;074   ;Interventi a favore di studenti in situazione di disabilità - N. interventi non finanziari;0;0;0;0;0
2023-2024;07601;Potenza - Università degli studi della Basilicata;081   ;Attività di collaborazione a tempo parziale - N. collaborazioni;0;0;0;0;0
2023-2024;07601;Potenza - Università degli studi della Basilicata;091   ;Posti alloggio e contributi-alloggio - N. domande posti alloggio;0;0;0;0;0
2023-2024;07601;Potenza - Università degli studi della Basilicata;092   ;Posti alloggio e contributi-alloggio - N. posti alloggio assegnati;0;0;0;0;0
2023-2024;07601;Potenza - Università degli studi della Basilicata;092c  ;Posti alloggio e contributi-alloggio - N. posti alloggio assegnati - di cui assegnati in strutture convenzionate o private;0;0;0;0;0
2023-2024;07601;Potenza - Università degli studi della Basilicata;093   ;Posti alloggio e contributi-alloggio - N. domande contributi-alloggio;0;0;0;0;0
2023-2024;07601;Potenza - Università degli studi della Basilicata;094   ;Posti alloggio e contributi-alloggio - N. contributi-alloggio assegnati;0;0;0;0;0
2023-2024;07601;Potenza - Università degli studi della Basilicata;101   ;Altri interventi di tipo finanziario - N. prestiti agevolati concessi da istituti di credito convenzionati;0;0;0;0;0
2023-2024;07601;Potenza - Università degli studi della Basilicata;101a  ;Altri interventi di tipo finanziario - N. prestiti agevolati concessi da istituti di credito convenzionati - di cui con contributo in conto interesse e/o in conto capitale a carico dell'Ateneo;0;0;0;0;0
2023-2024;07601;Potenza - Università degli studi della Basilicata;104   ;Altri interventi di tipo finanziario - N. altri sussidi erogati;0;0;0;0;0
2023-2024;07601;Potenza - Università degli studi della Basilicata;111a  ;Borse di studio post-lauream - N. borse finanziate con fondi MIUR;;;10;0;10
2023-2024;07601;Potenza - Università degli studi della Basilicata;111b  ;Borse di studio post-lauream - N. borse finanziate da altri Ministeri;;;0;0;0
2023-2024;07601;Potenza - Università degli studi della Basilicata;112   ;Borse di studio post-lauream - N. borse finanziate dall'Ateneo con fondi propri;;;3;0;0
2023-2024;07601;Potenza - Università degli studi della Basilicata;113   ;Borse di studio post-lauream - N. borse finanziate mediante convenzione con altri Atenei;;;0;0;0
2023-2024;07601;Potenza - Università degli studi della Basilicata;114   ;Borse di studio post-lauream - N. borse finanziate con fondi UE;;;98;0;0
2023-2024;07601;Potenza - Università degli studi della Basilicata;115   ;Borse di studio post-lauream - N. borse finanziate mediante convenzione con altri enti pubblici;;;21;0;0
2023-2024;07601;Potenza - Università degli studi della Basilicata;116   ;Borse di studio post-lauream - N. borse finanziate mediante convenzione con enti privati;;;5;0;0
2023-2024;07801;Arcavacata di Rende - Università della Calabria;030   ;Borse di studio - N. borse di studio concesse con fondi dell'ATENEO/MIUR;87;1;47;3;0
2023-2024;07801;Arcavacata di Rende - Università della Calabria;061   ;Mobilità internazionale - N. iscritti nell'ateneo in mobilità internazionale (studenti in uscita);326;61;107;0;0
2023-2024;07801;Arcavacata di Rende - Università della Calabria;061c  ;Mobilità internazionale - N. iscritti nell'ateneo in mobilità internazionale (studenti in uscita)- di cui studenti SENZA borsa;26;3;0;0;0
2023-2024;07801;Arcavacata di Rende - Università della Calabria;061m  ;Mobilità internazionale - N. iscritti nell'ateneo in mobilità internazionale (studenti in uscita)- di cui studenti in mobilità extraeuropea;92;19;18;0;0
2023-2024;07801;Arcavacata di Rende - Università della Calabria;061p  ;Mobilità internazionale - N. iscritti nell'ateneo in mobilità internazionale (studenti in uscita)- di cui dottorandi percettori di borsa che usufruiscono della maggiorazione del 50%;;;107;;
2023-2024;07801;Arcavacata di Rende - Università della Calabria;063   ;Mobilità internazionale - N. iscritti in atenei esteri in mobilità internazionale presso l'ateneo italiano (studenti in entrata);133;42;0;0;0
2023-2024;07801;Arcavacata di Rende - Università della Calabria;063c  ;Mobilità internazionale - N. iscritti in atenei esteri in mobilità internazionale presso l'ateneo italiano (studenti in entrata) - di cui studenti con borsa dell'Ateneo italiano;0;0;0;0;0
2023-2024;07801;Arcavacata di Rende - Università della Calabria;064   ;Mobilità internazionale - N. iscritti in atenei esteri in mobilità internazionale presso l'ateneo italiano (studenti in entrata)- di cui studenti provenienti da Paesi extraeuropei;5;5;0;0;0
2023-2024;07801;Arcavacata di Rende - Università della Calabria;073   ;Interventi a favore di studenti in situazione di disabilità - N. contributi finanziari;0;0;0;0;0
2023-2024;07801;Arcavacata di Rende - Università della Calabria;074   ;Interventi a favore di studenti in situazione di disabilità - N. interventi non finanziari;1548;0;0;0;0
2023-2024;07801;Arcavacata di Rende - Università della Calabria;081   ;Attività di collaborazione a tempo parziale - N. collaborazioni;114;10;0;0;0
2023-2024;07801;Arcavacata di Rende - Università della Calabria;091   ;Posti alloggio e contributi-alloggio - N. domande posti alloggio;30;23;0;0;0
2023-2024;07801;Arcavacata di Rende - Università della Calabria;092   ;Posti alloggio e contributi-alloggio - N. posti alloggio assegnati;30;23;0;0;0
2023-2024;07801;Arcavacata di Rende - Università della Calabria;092c  ;Posti alloggio e contributi-alloggio - N. posti alloggio assegnati - di cui assegnati in strutture convenzionate o private;0;0;0;0;0
2023-2024;07801;Arcavacata di Rende - Università della Calabria;093   ;Posti alloggio e contributi-alloggio - N. domande contributi-alloggio;2063;69;17;0;0
2023-2024;07801;Arcavacata di Rende - Università della Calabria;094   ;Posti alloggio e contributi-alloggio - N. contributi-alloggio assegnati;1863;64;17;0;0
2023-2024;07801;Arcavacata di Rende - Università della Calabria;101   ;Altri interventi di tipo finanziario - N. prestiti agevolati concessi da istituti di credito convenzionati;0;0;0;0;0
2023-2024;07801;Arcavacata di Rende - Università della Calabria;101a  ;Altri interventi di tipo finanziario - N. prestiti agevolati concessi da istituti di credito convenzionati - di cui con contributo in conto interesse e/o in conto capitale a carico dell'Ateneo;0;0;0;0;0
2023-2024;07801;Arcavacata di Rende - Università della Calabria;104   ;Altri interventi di tipo finanziario - N. altri sussidi erogati;329;18;0;0;0
2023-2024;07801;Arcavacata di Rende - Università della Calabria;111a  ;Borse di studio post-lauream - N. borse finanziate con fondi MIUR;;;54;0;120
2023-2024;07801;Arcavacata di Rende - Università della Calabria;111b  ;Borse di studio post-lauream - N. borse finanziate da altri Ministeri;;;0;0;0
2023-2024;07801;Arcavacata di Rende - Università della Calabria;112   ;Borse di studio post-lauream - N. borse finanziate dall'Ateneo con fondi propri;;;35,5;0;0
2023-2024;07801;Arcavacata di Rende - Università della Calabria;113   ;Borse di studio post-lauream - N. borse finanziate mediante convenzione con altri Atenei;;;0;0;0
2023-2024;07801;Arcavacata di Rende - Università della Calabria;114   ;Borse di studio post-lauream - N. borse finanziate con fondi UE;;;221;0;0
2023-2024;07801;Arcavacata di Rende - Università della Calabria;115   ;Borse di studio post-lauream - N. borse finanziate mediante convenzione con altri enti pubblici;;;32;0;0
2023-2024;07801;Arcavacata di Rende - Università della Calabria;116   ;Borse di studio post-lauream - N. borse finanziate mediante convenzione con enti privati;;;1,5;0;0
2023-2024;07901;"Catanzaro - Università degli studi ""Magna Grecia""";030   ;Borse di studio - N. borse di studio concesse con fondi dell'ATENEO/MIUR;0;0;0;0;0
2023-2024;07901;"Catanzaro - Università degli studi ""Magna Grecia""";061   ;Mobilità internazionale - N. iscritti nell'ateneo in mobilità internazionale (studenti in uscita);74;3;49;0;0
2023-2024;07901;"Catanzaro - Università degli studi ""Magna Grecia""";061c  ;Mobilità internazionale - N. iscritti nell'ateneo in mobilità internazionale (studenti in uscita)- di cui studenti SENZA borsa;5;0;47;0;0
2023-2024;07901;"Catanzaro - Università degli studi ""Magna Grecia""";061m  ;Mobilità internazionale - N. iscritti nell'ateneo in mobilità internazionale (studenti in uscita)- di cui studenti in mobilità extraeuropea;0;0;2;0;0
2023-2024;07901;"Catanzaro - Università degli studi ""Magna Grecia""";061p  ;Mobilità internazionale - N. iscritti nell'ateneo in mobilità internazionale (studenti in uscita)- di cui dottorandi percettori di borsa che usufruiscono della maggiorazione del 50%;;;0;;
2023-2024;07901;"Catanzaro - Università degli studi ""Magna Grecia""";063   ;Mobilità internazionale - N. iscritti in atenei esteri in mobilità internazionale presso l'ateneo italiano (studenti in entrata);30;15;0;0;0
2023-2024;07901;"Catanzaro - Università degli studi ""Magna Grecia""";063c  ;Mobilità internazionale - N. iscritti in atenei esteri in mobilità internazionale presso l'ateneo italiano (studenti in entrata) - di cui studenti con borsa dell'Ateneo italiano;7;0;0;0;0
2023-2024;07901;"Catanzaro - Università degli studi ""Magna Grecia""";064   ;Mobilità internazionale - N. iscritti in atenei esteri in mobilità internazionale presso l'ateneo italiano (studenti in entrata)- di cui studenti provenienti da Paesi extraeuropei;2;2;0;0;0
2023-2024;07901;"Catanzaro - Università degli studi ""Magna Grecia""";073   ;Interventi a favore di studenti in situazione di disabilità - N. contributi finanziari;0;0;0;0;0
2023-2024;07901;"Catanzaro - Università degli studi ""Magna Grecia""";074   ;Interventi a favore di studenti in situazione di disabilità - N. interventi non finanziari;0;0;0;0;0
2023-2024;07901;"Catanzaro - Università degli studi ""Magna Grecia""";081   ;Attività di collaborazione a tempo parziale - N. collaborazioni;76;3;0;0;0
2023-2024;07901;"Catanzaro - Università degli studi ""Magna Grecia""";091   ;Posti alloggio e contributi-alloggio - N. domande posti alloggio;0;0;0;0;0
2023-2024;07901;"Catanzaro - Università degli studi ""Magna Grecia""";092   ;Posti alloggio e contributi-alloggio - N. posti alloggio assegnati;0;0;0;0;0
2023-2024;07901;"Catanzaro - Università degli studi ""Magna Grecia""";092c  ;Posti alloggio e contributi-alloggio - N. posti alloggio assegnati - di cui assegnati in strutture convenzionate o private;0;0;0;0;0
2023-2024;07901;"Catanzaro - Università degli studi ""Magna Grecia""";093   ;Posti alloggio e contributi-alloggio - N. domande contributi-alloggio;0;0;0;0;0
2023-2024;07901;"Catanzaro - Università degli studi ""Magna Grecia""";094   ;Posti alloggio e contributi-alloggio - N. contributi-alloggio assegnati;0;0;0;0;0
2023-2024;07901;"Catanzaro - Università degli studi ""Magna Grecia""";101   ;Altri interventi di tipo finanziario - N. prestiti agevolati concessi da istituti di credito convenzionati;0;0;0;0;0
2023-2024;07901;"Catanzaro - Università degli studi ""Magna Grecia""";101a  ;Altri interventi di tipo finanziario - N. prestiti agevolati concessi da istituti di credito convenzionati - di cui con contributo in conto interesse e/o in conto capitale a carico dell'Ateneo;0;0;0;0;0
2023-2024;07901;"Catanzaro - Università degli studi ""Magna Grecia""";104   ;Altri interventi di tipo finanziario - N. altri sussidi erogati;0;0;0;0;0
2023-2024;07901;"Catanzaro - Università degli studi ""Magna Grecia""";111a  ;Borse di studio post-lauream - N. borse finanziate con fondi MIUR;;;2;0;0
2023-2024;07901;"Catanzaro - Università degli studi ""Magna Grecia""";111b  ;Borse di studio post-lauream - N. borse finanziate da altri Ministeri;;;0;0;0
2023-2024;07901;"Catanzaro - Università degli studi ""Magna Grecia""";112   ;Borse di studio post-lauream - N. borse finanziate dall'Ateneo con fondi propri;;;117,5;0;0
2023-2024;07901;"Catanzaro - Università degli studi ""Magna Grecia""";113   ;Borse di studio post-lauream - N. borse finanziate mediante convenzione con altri Atenei;;;7,5;0;0
2023-2024;07901;"Catanzaro - Università degli studi ""Magna Grecia""";114   ;Borse di studio post-lauream - N. borse finanziate con fondi UE;;;84;0;0
2023-2024;07901;"Catanzaro - Università degli studi ""Magna Grecia""";115   ;Borse di studio post-lauream - N. borse finanziate mediante convenzione con altri enti pubblici;;;0;60;0
2023-2024;07901;"Catanzaro - Università degli studi ""Magna Grecia""";116   ;Borse di studio post-lauream - N. borse finanziate mediante convenzione con enti privati;;;1;0;0
2023-2024;08001;Reggio Calabria - Università degli studi Mediterranea;030   ;Borse di studio - N. borse di studio concesse con fondi dell'ATENEO/MIUR;4;0;3;0;0
2023-2024;08001;Reggio Calabria - Università degli studi Mediterranea;061   ;Mobilità internazionale - N. iscritti nell'ateneo in mobilità internazionale (studenti in uscita);191;2;9;0;0
2023-2024;08001;Reggio Calabria - Università degli studi Mediterranea;061c  ;Mobilità internazionale - N. iscritti nell'ateneo in mobilità internazionale (studenti in uscita)- di cui studenti SENZA borsa;49;0;0;0;0
2023-2024;08001;Reggio Calabria - Università degli studi Mediterranea;061m  ;Mobilità internazionale - N. iscritti nell'ateneo in mobilità internazionale (studenti in uscita)- di cui studenti in mobilità extraeuropea;0;0;0;0;0
2023-2024;08001;Reggio Calabria - Università degli studi Mediterranea;061p  ;Mobilità internazionale - N. iscritti nell'ateneo in mobilità internazionale (studenti in uscita)- di cui dottorandi percettori di borsa che usufruiscono della maggiorazione del 50%;;;8;;
2023-2024;08001;Reggio Calabria - Università degli studi Mediterranea;063   ;Mobilità internazionale - N. iscritti in atenei esteri in mobilità internazionale presso l'ateneo italiano (studenti in entrata);131;49;0;0;0
2023-2024;08001;Reggio Calabria - Università degli studi Mediterranea;063c  ;Mobilità internazionale - N. iscritti in atenei esteri in mobilità internazionale presso l'ateneo italiano (studenti in entrata) - di cui studenti con borsa dell'Ateneo italiano;0;0;0;0;0
2023-2024;08001;Reggio Calabria - Università degli studi Mediterranea;064   ;Mobilità internazionale - N. iscritti in atenei esteri in mobilità internazionale presso l'ateneo italiano (studenti in entrata)- di cui studenti provenienti da Paesi extraeuropei;17;17;0;0;0
2023-2024;08001;Reggio Calabria - Università degli studi Mediterranea;073   ;Interventi a favore di studenti in situazione di disabilità - N. contributi finanziari;0;0;0;0;0
2023-2024;08001;Reggio Calabria - Università degli studi Mediterranea;074   ;Interventi a favore di studenti in situazione di disabilità - N. interventi non finanziari;0;0;0;0;0
2023-2024;08001;Reggio Calabria - Università degli studi Mediterranea;081   ;Attività di collaborazione a tempo parziale - N. collaborazioni;10;1;0;0;0
2023-2024;08001;Reggio Calabria - Università degli studi Mediterranea;091   ;Posti alloggio e contributi-alloggio - N. domande posti alloggio;1;0;0;0;0
2023-2024;08001;Reggio Calabria - Università degli studi Mediterranea;092   ;Posti alloggio e contributi-alloggio - N. posti alloggio assegnati;1;0;0;0;0
2023-2024;08001;Reggio Calabria - Università degli studi Mediterranea;092c  ;Posti alloggio e contributi-alloggio - N. posti alloggio assegnati - di cui assegnati in strutture convenzionate o private;0;0;0;0;0
2023-2024;08001;Reggio Calabria - Università degli studi Mediterranea;093   ;Posti alloggio e contributi-alloggio - N. domande contributi-alloggio;0;0;0;0;0
2023-2024;08001;Reggio Calabria - Università degli studi Mediterranea;094   ;Posti alloggio e contributi-alloggio - N. contributi-alloggio assegnati;0;0;0;0;0
2023-2024;08001;Reggio Calabria - Università degli studi Mediterranea;101   ;Altri interventi di tipo finanziario - N. prestiti agevolati concessi da istituti di credito convenzionati;0;0;0;0;0
2023-2024;08001;Reggio Calabria - Università degli studi Mediterranea;101a  ;Altri interventi di tipo finanziario - N. prestiti agevolati concessi da istituti di credito convenzionati - di cui con contributo in conto interesse e/o in conto capitale a carico dell'Ateneo;0;0;0;0;0
2023-2024;08001;Reggio Calabria - Università degli studi Mediterranea;104   ;Altri interventi di tipo finanziario - N. altri sussidi erogati;0;0;0;0;0
2023-2024;08001;Reggio Calabria - Università degli studi Mediterranea;111a  ;Borse di studio post-lauream - N. borse finanziate con fondi MIUR;;;60,5;0;0
2023-2024;08001;Reggio Calabria - Università degli studi Mediterranea;111b  ;Borse di studio post-lauream - N. borse finanziate da altri Ministeri;;;0;0;0
2023-2024;08001;Reggio Calabria - Università degli studi Mediterranea;112   ;Borse di studio post-lauream - N. borse finanziate dall'Ateneo con fondi propri;;;2;0;0
2023-2024;08001;Reggio Calabria - Università degli studi Mediterranea;113   ;Borse di studio post-lauream - N. borse finanziate mediante convenzione con altri Atenei;;;0;0;0
2023-2024;08001;Reggio Calabria - Università degli studi Mediterranea;114   ;Borse di studio post-lauream - N. borse finanziate con fondi UE;;;24,5;0;0
2023-2024;08001;Reggio Calabria - Università degli studi Mediterranea;115   ;Borse di studio post-lauream - N. borse finanziate mediante convenzione con altri enti pubblici;;;0;0;0
2023-2024;08001;Reggio Calabria - Università degli studi Mediterranea;116   ;Borse di studio post-lauream - N. borse finanziate mediante convenzione con enti privati;;;0;0;0
2023-2024;08003;Reggio Calabria - Università per Stranieri;030   ;Borse di studio - N. borse di studio concesse con fondi dell'ATENEO/MIUR;11;1;0;0;0
2023-2024;08003;Reggio Calabria - Università per Stranieri;061   ;Mobilità internazionale - N. iscritti nell'ateneo in mobilità internazionale (studenti in uscita);0;0;0;0;0
2023-2024;08003;Reggio Calabria - Università per Stranieri;061c  ;Mobilità internazionale - N. iscritti nell'ateneo in mobilità internazionale (studenti in uscita)- di cui studenti SENZA borsa;0;0;0;0;0
2023-2024;08003;Reggio Calabria - Università per Stranieri;061m  ;Mobilità internazionale - N. iscritti nell'ateneo in mobilità internazionale (studenti in uscita)- di cui studenti in mobilità extraeuropea;0;0;0;0;0
2023-2024;08003;Reggio Calabria - Università per Stranieri;061p  ;Mobilità internazionale - N. iscritti nell'ateneo in mobilità internazionale (studenti in uscita)- di cui dottorandi percettori di borsa che usufruiscono della maggiorazione del 50%;;;0;;
2023-2024;08003;Reggio Calabria - Università per Stranieri;063   ;Mobilità internazionale - N. iscritti in atenei esteri in mobilità internazionale presso l'ateneo italiano (studenti in entrata);6;0;0;0;0
2023-2024;08003;Reggio Calabria - Università per Stranieri;063c  ;Mobilità internazionale - N. iscritti in atenei esteri in mobilità internazionale presso l'ateneo italiano (studenti in entrata) - di cui studenti con borsa dell'Ateneo italiano;0;0;0;0;0
2023-2024;08003;Reggio Calabria - Università per Stranieri;064   ;Mobilità internazionale - N. iscritti in atenei esteri in mobilità internazionale presso l'ateneo italiano (studenti in entrata)- di cui studenti provenienti da Paesi extraeuropei;0;0;0;0;0
2023-2024;08003;Reggio Calabria - Università per Stranieri;073   ;Interventi a favore di studenti in situazione di disabilità - N. contributi finanziari;0;0;0;0;0
2023-2024;08003;Reggio Calabria - Università per Stranieri;074   ;Interventi a favore di studenti in situazione di disabilità - N. interventi non finanziari;0;0;0;0;0
2023-2024;08003;Reggio Calabria - Università per Stranieri;081   ;Attività di collaborazione a tempo parziale - N. collaborazioni;0;0;0;0;0
2023-2024;08003;Reggio Calabria - Università per Stranieri;091   ;Posti alloggio e contributi-alloggio - N. domande posti alloggio;0;0;0;0;0
2023-2024;08003;Reggio Calabria - Università per Stranieri;092   ;Posti alloggio e contributi-alloggio - N. posti alloggio assegnati;0;0;0;0;0
2023-2024;08003;Reggio Calabria - Università per Stranieri;092c  ;Posti alloggio e contributi-alloggio - N. posti alloggio assegnati - di cui assegnati in strutture convenzionate o private;0;0;0;0;0
2023-2024;08003;Reggio Calabria - Università per Stranieri;093   ;Posti alloggio e contributi-alloggio - N. domande contributi-alloggio;0;0;0;0;0
2023-2024;08003;Reggio Calabria - Università per Stranieri;094   ;Posti alloggio e contributi-alloggio - N. contributi-alloggio assegnati;0;0;0;0;0
2023-2024;08003;Reggio Calabria - Università per Stranieri;101   ;Altri interventi di tipo finanziario - N. prestiti agevolati concessi da istituti di credito convenzionati;0;0;0;0;0
2023-2024;08003;Reggio Calabria - Università per Stranieri;101a  ;Altri interventi di tipo finanziario - N. prestiti agevolati concessi da istituti di credito convenzionati - di cui con contributo in conto interesse e/o in conto capitale a carico dell'Ateneo;0;0;0;0;0
2023-2024;08003;Reggio Calabria - Università per Stranieri;104   ;Altri interventi di tipo finanziario - N. altri sussidi erogati;0;0;0;0;0
2023-2024;08003;Reggio Calabria - Università per Stranieri;111a  ;Borse di studio post-lauream - N. borse finanziate con fondi MIUR;;;0;0;0
2023-2024;08003;Reggio Calabria - Università per Stranieri;111b  ;Borse di studio post-lauream - N. borse finanziate da altri Ministeri;;;0;0;0
2023-2024;08003;Reggio Calabria - Università per Stranieri;112   ;Borse di studio post-lauream - N. borse finanziate dall'Ateneo con fondi propri;;;0;0;0
2023-2024;08003;Reggio Calabria - Università per Stranieri;113   ;Borse di studio post-lauream - N. borse finanziate mediante convenzione con altri Atenei;;;0;0;0
2023-2024;08003;Reggio Calabria - Università per Stranieri;114   ;Borse di studio post-lauream - N. borse finanziate con fondi UE;;;0;0;0
2023-2024;08003;Reggio Calabria - Università per Stranieri;115   ;Borse di studio post-lauream - N. borse finanziate mediante convenzione con altri enti pubblici;;;0;0;0
2023-2024;08003;Reggio Calabria - Università per Stranieri;116   ;Borse di studio post-lauream - N. borse finanziate mediante convenzione con enti privati;;;0;0;0
2023-2024;08201;Palermo - Università degli studi;030   ;Borse di studio - N. borse di studio concesse con fondi dell'ATENEO/MIUR;465;19;61;0;0
2023-2024;08201;Palermo - Università degli studi;061   ;Mobilità internazionale - N. iscritti nell'ateneo in mobilità internazionale (studenti in uscita);892;22;331;0;0
2023-2024;08201;Palermo - Università degli studi;061c  ;Mobilità internazionale - N. iscritti nell'ateneo in mobilità internazionale (studenti in uscita)- di cui studenti SENZA borsa;0;0;10;0;0
2023-2024;08201;Palermo - Università degli studi;061m  ;Mobilità internazionale - N. iscritti nell'ateneo in mobilità internazionale (studenti in uscita)- di cui studenti in mobilità extraeuropea;30;0;45;0;0
2023-2024;08201;Palermo - Università degli studi;061p  ;Mobilità internazionale - N. iscritti nell'ateneo in mobilità internazionale (studenti in uscita)- di cui dottorandi percettori di borsa che usufruiscono della maggiorazione del 50%;;;303;;
2023-2024;08201;Palermo - Università degli studi;063   ;Mobilità internazionale - N. iscritti in atenei esteri in mobilità internazionale presso l'ateneo italiano (studenti in entrata);598;124;0;0;0
2023-2024;08201;Palermo - Università degli studi;063c  ;Mobilità internazionale - N. iscritti in atenei esteri in mobilità internazionale presso l'ateneo italiano (studenti in entrata) - di cui studenti con borsa dell'Ateneo italiano;0;0;0;0;0
2023-2024;08201;Palermo - Università degli studi;064   ;Mobilità internazionale - N. iscritti in atenei esteri in mobilità internazionale presso l'ateneo italiano (studenti in entrata)- di cui studenti provenienti da Paesi extraeuropei;26;26;0;0;0
2023-2024;08201;Palermo - Università degli studi;073   ;Interventi a favore di studenti in situazione di disabilità - N. contributi finanziari;0;0;0;0;0
2023-2024;08201;Palermo - Università degli studi;074   ;Interventi a favore di studenti in situazione di disabilità - N. interventi non finanziari;250;0;0;0;0
2023-2024;08201;Palermo - Università degli studi;081   ;Attività di collaborazione a tempo parziale - N. collaborazioni;157;0;0;0;0
2023-2024;08201;Palermo - Università degli studi;091   ;Posti alloggio e contributi-alloggio - N. domande posti alloggio;112;0;0;0;0
2023-2024;08201;Palermo - Università degli studi;092   ;Posti alloggio e contributi-alloggio - N. posti alloggio assegnati;112;0;0;0;0
2023-2024;08201;Palermo - Università degli studi;092c  ;Posti alloggio e contributi-alloggio - N. posti alloggio assegnati - di cui assegnati in strutture convenzionate o private;112;0;0;0;0
2023-2024;08201;Palermo - Università degli studi;093   ;Posti alloggio e contributi-alloggio - N. domande contributi-alloggio;615;80;25;0;0
2023-2024;08201;Palermo - Università degli studi;094   ;Posti alloggio e contributi-alloggio - N. contributi-alloggio assegnati;615;80;25;0;0
2023-2024;08201;Palermo - Università degli studi;101   ;Altri interventi di tipo finanziario - N. prestiti agevolati concessi da istituti di credito convenzionati;0;0;0;0;0
2023-2024;08201;Palermo - Università degli studi;101a  ;Altri interventi di tipo finanziario - N. prestiti agevolati concessi da istituti di credito convenzionati - di cui con contributo in conto interesse e/o in conto capitale a carico dell'Ateneo;0;0;0;0;0
2023-2024;08201;Palermo - Università degli studi;104   ;Altri interventi di tipo finanziario - N. altri sussidi erogati;4;0;0;2;0
2023-2024;08201;Palermo - Università degli studi;111a  ;Borse di studio post-lauream - N. borse finanziate con fondi MIUR;;;59;0;0
2023-2024;08201;Palermo - Università degli studi;111b  ;Borse di studio post-lauream - N. borse finanziate da altri Ministeri;;;0;0;0
2023-2024;08201;Palermo - Università degli studi;112   ;Borse di studio post-lauream - N. borse finanziate dall'Ateneo con fondi propri;;;371,5;0;12
2023-2024;08201;Palermo - Università degli studi;113   ;Borse di studio post-lauream - N. borse finanziate mediante convenzione con altri Atenei;;;44,5;0;0
2023-2024;08201;Palermo - Università degli studi;114   ;Borse di studio post-lauream - N. borse finanziate con fondi UE;;;403;0;0
2023-2024;08201;Palermo - Università degli studi;115   ;Borse di studio post-lauream - N. borse finanziate mediante convenzione con altri enti pubblici;;;56;0;27
2023-2024;08201;Palermo - Università degli studi;116   ;Borse di studio post-lauream - N. borse finanziate mediante convenzione con enti privati;;;15;0;19
2023-2024;08301;Messina - Università degli studi;030   ;Borse di studio - N. borse di studio concesse con fondi dell'ATENEO/MIUR;592;47;68;0;0
2023-2024;08301;Messina - Università degli studi;061   ;Mobilità internazionale - N. iscritti nell'ateneo in mobilità internazionale (studenti in uscita);405;106;125;0;0
2023-2024;08301;Messina - Università degli studi;061c  ;Mobilità internazionale - N. iscritti nell'ateneo in mobilità internazionale (studenti in uscita)- di cui studenti SENZA borsa;206;65;1;0;0
2023-2024;08301;Messina - Università degli studi;061m  ;Mobilità internazionale - N. iscritti nell'ateneo in mobilità internazionale (studenti in uscita)- di cui studenti in mobilità extraeuropea;8;2;11;0;0
2023-2024;08301;Messina - Università degli studi;061p  ;Mobilità internazionale - N. iscritti nell'ateneo in mobilità internazionale (studenti in uscita)- di cui dottorandi percettori di borsa che usufruiscono della maggiorazione del 50%;;;58;;
2023-2024;08301;Messina - Università degli studi;063   ;Mobilità internazionale - N. iscritti in atenei esteri in mobilità internazionale presso l'ateneo italiano (studenti in entrata);164;61;0;0;0
2023-2024;08301;Messina - Università degli studi;063c  ;Mobilità internazionale - N. iscritti in atenei esteri in mobilità internazionale presso l'ateneo italiano (studenti in entrata) - di cui studenti con borsa dell'Ateneo italiano;0;0;0;0;0
2023-2024;08301;Messina - Università degli studi;064   ;Mobilità internazionale - N. iscritti in atenei esteri in mobilità internazionale presso l'ateneo italiano (studenti in entrata)- di cui studenti provenienti da Paesi extraeuropei;37;36;0;0;0
2023-2024;08301;Messina - Università degli studi;073   ;Interventi a favore di studenti in situazione di disabilità - N. contributi finanziari;0;0;0;0;0
2023-2024;08301;Messina - Università degli studi;074   ;Interventi a favore di studenti in situazione di disabilità - N. interventi non finanziari;116;0;0;0;0
2023-2024;08301;Messina - Università degli studi;081   ;Attività di collaborazione a tempo parziale - N. collaborazioni;124;5;0;0;0
2023-2024;08301;Messina - Università degli studi;091   ;Posti alloggio e contributi-alloggio - N. domande posti alloggio;246;186;4;0;0
2023-2024;08301;Messina - Università degli studi;092   ;Posti alloggio e contributi-alloggio - N. posti alloggio assegnati;198;186;4;0;0
2023-2024;08301;Messina - Università degli studi;092c  ;Posti alloggio e contributi-alloggio - N. posti alloggio assegnati - di cui assegnati in strutture convenzionate o private;136;136;0;0;0
2023-2024;08301;Messina - Università degli studi;093   ;Posti alloggio e contributi-alloggio - N. domande contributi-alloggio;482;61;0;0;0
2023-2024;08301;Messina - Università degli studi;094   ;Posti alloggio e contributi-alloggio - N. contributi-alloggio assegnati;313;61;0;0;0
2023-2024;08301;Messina - Università degli studi;101   ;Altri interventi di tipo finanziario - N. prestiti agevolati concessi da istituti di credito convenzionati;0;0;0;0;0
2023-2024;08301;Messina - Università degli studi;101a  ;Altri interventi di tipo finanziario - N. prestiti agevolati concessi da istituti di credito convenzionati - di cui con contributo in conto interesse e/o in conto capitale a carico dell'Ateneo;0;0;0;0;0
2023-2024;08301;Messina - Università degli studi;104   ;Altri interventi di tipo finanziario - N. altri sussidi erogati;6221;906;386;77;1
2023-2024;08301;Messina - Università degli studi;111a  ;Borse di studio post-lauream - N. borse finanziate con fondi MIUR;;;123;0;0
2023-2024;08301;Messina - Università degli studi;111b  ;Borse di studio post-lauream - N. borse finanziate da altri Ministeri;;;2;0;0
2023-2024;08301;Messina - Università degli studi;112   ;Borse di studio post-lauream - N. borse finanziate dall'Ateneo con fondi propri;;;0;0;0
2023-2024;08301;Messina - Università degli studi;113   ;Borse di studio post-lauream - N. borse finanziate mediante convenzione con altri Atenei;;;7;0;0
2023-2024;08301;Messina - Università degli studi;114   ;Borse di studio post-lauream - N. borse finanziate con fondi UE;;;223;0;0
2023-2024;08301;Messina - Università degli studi;115   ;Borse di studio post-lauream - N. borse finanziate mediante convenzione con altri enti pubblici;;;4;0;0
2023-2024;08301;Messina - Università degli studi;116   ;Borse di studio post-lauream - N. borse finanziate mediante convenzione con enti privati;;;27;0;0
2023-2024;08601;"Enna - Libera Università della Sicilia Centrale ""KORE""";030   ;Borse di studio - N. borse di studio concesse con fondi dell'ATENEO/MIUR;0;0;0;0;0
2023-2024;08601;"Enna - Libera Università della Sicilia Centrale ""KORE""";061   ;Mobilità internazionale - N. iscritti nell'ateneo in mobilità internazionale (studenti in uscita);44;0;11;0;0
2023-2024;08601;"Enna - Libera Università della Sicilia Centrale ""KORE""";061c  ;Mobilità internazionale - N. iscritti nell'ateneo in mobilità internazionale (studenti in uscita)- di cui studenti SENZA borsa;0;0;0;0;0
2023-2024;08601;"Enna - Libera Università della Sicilia Centrale ""KORE""";061m  ;Mobilità internazionale - N. iscritti nell'ateneo in mobilità internazionale (studenti in uscita)- di cui studenti in mobilità extraeuropea;0;0;1;0;0
2023-2024;08601;"Enna - Libera Università della Sicilia Centrale ""KORE""";061p  ;Mobilità internazionale - N. iscritti nell'ateneo in mobilità internazionale (studenti in uscita)- di cui dottorandi percettori di borsa che usufruiscono della maggiorazione del 50%;;;11;;
2023-2024;08601;"Enna - Libera Università della Sicilia Centrale ""KORE""";063   ;Mobilità internazionale - N. iscritti in atenei esteri in mobilità internazionale presso l'ateneo italiano (studenti in entrata);42;6;0;0;0
2023-2024;08601;"Enna - Libera Università della Sicilia Centrale ""KORE""";063c  ;Mobilità internazionale - N. iscritti in atenei esteri in mobilità internazionale presso l'ateneo italiano (studenti in entrata) - di cui studenti con borsa dell'Ateneo italiano;0;0;0;0;0
2023-2024;08601;"Enna - Libera Università della Sicilia Centrale ""KORE""";064   ;Mobilità internazionale - N. iscritti in atenei esteri in mobilità internazionale presso l'ateneo italiano (studenti in entrata)- di cui studenti provenienti da Paesi extraeuropei;0;0;0;0;0
2023-2024;08601;"Enna - Libera Università della Sicilia Centrale ""KORE""";073   ;Interventi a favore di studenti in situazione di disabilità - N. contributi finanziari;0;0;0;0;0
2023-2024;08601;"Enna - Libera Università della Sicilia Centrale ""KORE""";074   ;Interventi a favore di studenti in situazione di disabilità - N. interventi non finanziari;0;0;0;0;0
2023-2024;08601;"Enna - Libera Università della Sicilia Centrale ""KORE""";081   ;Attività di collaborazione a tempo parziale - N. collaborazioni;62;0;0;0;0
2023-2024;08601;"Enna - Libera Università della Sicilia Centrale ""KORE""";091   ;Posti alloggio e contributi-alloggio - N. domande posti alloggio;46;0;0;0;0
2023-2024;08601;"Enna - Libera Università della Sicilia Centrale ""KORE""";092   ;Posti alloggio e contributi-alloggio - N. posti alloggio assegnati;45;0;0;0;0
2023-2024;08601;"Enna - Libera Università della Sicilia Centrale ""KORE""";092c  ;Posti alloggio e contributi-alloggio - N. posti alloggio assegnati - di cui assegnati in strutture convenzionate o private;0;0;0;0;0
2023-2024;08601;"Enna - Libera Università della Sicilia Centrale ""KORE""";093   ;Posti alloggio e contributi-alloggio - N. domande contributi-alloggio;0;0;0;0;0
2023-2024;08601;"Enna - Libera Università della Sicilia Centrale ""KORE""";094   ;Posti alloggio e contributi-alloggio - N. contributi-alloggio assegnati;0;0;0;0;0
2023-2024;08601;"Enna - Libera Università della Sicilia Centrale ""KORE""";101   ;Altri interventi di tipo finanziario - N. prestiti agevolati concessi da istituti di credito convenzionati;412;1;2;0;0
2023-2024;08601;"Enna - Libera Università della Sicilia Centrale ""KORE""";101a  ;Altri interventi di tipo finanziario - N. prestiti agevolati concessi da istituti di credito convenzionati - di cui con contributo in conto interesse e/o in conto capitale a carico dell'Ateneo;412;1;2;0;0
2023-2024;08601;"Enna - Libera Università della Sicilia Centrale ""KORE""";104   ;Altri interventi di tipo finanziario - N. altri sussidi erogati;0;0;0;0;0
2023-2024;08601;"Enna - Libera Università della Sicilia Centrale ""KORE""";111a  ;Borse di studio post-lauream - N. borse finanziate con fondi MIUR;;;4;0;0
2023-2024;08601;"Enna - Libera Università della Sicilia Centrale ""KORE""";111b  ;Borse di studio post-lauream - N. borse finanziate da altri Ministeri;;;0;0;0
2023-2024;08601;"Enna - Libera Università della Sicilia Centrale ""KORE""";112   ;Borse di studio post-lauream - N. borse finanziate dall'Ateneo con fondi propri;;;34;0;0
2023-2024;08601;"Enna - Libera Università della Sicilia Centrale ""KORE""";113   ;Borse di studio post-lauream - N. borse finanziate mediante convenzione con altri Atenei;;;0;0;0
2023-2024;08601;"Enna - Libera Università della Sicilia Centrale ""KORE""";114   ;Borse di studio post-lauream - N. borse finanziate con fondi UE;;;25;0;0
2023-2024;08601;"Enna - Libera Università della Sicilia Centrale ""KORE""";115   ;Borse di studio post-lauream - N. borse finanziate mediante convenzione con altri enti pubblici;;;7;0;0
2023-2024;08601;"Enna - Libera Università della Sicilia Centrale ""KORE""";116   ;Borse di studio post-lauream - N. borse finanziate mediante convenzione con enti privati;;;0;0;0
2023-2024;08701;Catania - Università degli studi;030   ;Borse di studio - N. borse di studio concesse con fondi dell'ATENEO/MIUR;0;0;0;0;0
2023-2024;08701;Catania - Università degli studi;061   ;Mobilità internazionale - N. iscritti nell'ateneo in mobilità internazionale (studenti in uscita);435;10;133;0;0
2023-2024;08701;Catania - Università degli studi;061c  ;Mobilità internazionale - N. iscritti nell'ateneo in mobilità internazionale (studenti in uscita)- di cui studenti SENZA borsa;25;3;57;0;0
2023-2024;08701;Catania - Università degli studi;061m  ;Mobilità internazionale - N. iscritti nell'ateneo in mobilità internazionale (studenti in uscita)- di cui studenti in mobilità extraeuropea;5;0;17;0;0
2023-2024;08701;Catania - Università degli studi;061p  ;Mobilità internazionale - N. iscritti nell'ateneo in mobilità internazionale (studenti in uscita)- di cui dottorandi percettori di borsa che usufruiscono della maggiorazione del 50%;;;54;;
2023-2024;08701;Catania - Università degli studi;063   ;Mobilità internazionale - N. iscritti in atenei esteri in mobilità internazionale presso l'ateneo italiano (studenti in entrata);189;36;0;0;0
2023-2024;08701;Catania - Università degli studi;063c  ;Mobilità internazionale - N. iscritti in atenei esteri in mobilità internazionale presso l'ateneo italiano (studenti in entrata) - di cui studenti con borsa dell'Ateneo italiano;0;0;0;0;0
2023-2024;08701;Catania - Università degli studi;064   ;Mobilità internazionale - N. iscritti in atenei esteri in mobilità internazionale presso l'ateneo italiano (studenti in entrata)- di cui studenti provenienti da Paesi extraeuropei;1;1;0;0;0
2023-2024;08701;Catania - Università degli studi;073   ;Interventi a favore di studenti in situazione di disabilità - N. contributi finanziari;110;0;0;0;0
2023-2024;08701;Catania - Università degli studi;074   ;Interventi a favore di studenti in situazione di disabilità - N. interventi non finanziari;3418;0;0;0;0
2023-2024;08701;Catania - Università degli studi;081   ;Attività di collaborazione a tempo parziale - N. collaborazioni;289;1;0;0;0
2023-2024;08701;Catania - Università degli studi;091   ;Posti alloggio e contributi-alloggio - N. domande posti alloggio;84;0;0;0;0
2023-2024;08701;Catania - Università degli studi;092   ;Posti alloggio e contributi-alloggio - N. posti alloggio assegnati;84;0;0;0;0
2023-2024;08701;Catania - Università degli studi;092c  ;Posti alloggio e contributi-alloggio - N. posti alloggio assegnati - di cui assegnati in strutture convenzionate o private;0;0;0;0;0
2023-2024;08701;Catania - Università degli studi;093   ;Posti alloggio e contributi-alloggio - N. domande contributi-alloggio;753;10;2;0;0
2023-2024;08701;Catania - Università degli studi;094   ;Posti alloggio e contributi-alloggio - N. contributi-alloggio assegnati;623;7;1;0;0
2023-2024;08701;Catania - Università degli studi;101   ;Altri interventi di tipo finanziario - N. prestiti agevolati concessi da istituti di credito convenzionati;0;0;0;0;0
2023-2024;08701;Catania - Università degli studi;101a  ;Altri interventi di tipo finanziario - N. prestiti agevolati concessi da istituti di credito convenzionati - di cui con contributo in conto interesse e/o in conto capitale a carico dell'Ateneo;0;0;0;0;0
2023-2024;08701;Catania - Università degli studi;104   ;Altri interventi di tipo finanziario - N. altri sussidi erogati;23747;269;188;32;16
2023-2024;08701;Catania - Università degli studi;111a  ;Borse di studio post-lauream - N. borse finanziate con fondi MIUR;;;1;0;0
2023-2024;08701;Catania - Università degli studi;111b  ;Borse di studio post-lauream - N. borse finanziate da altri Ministeri;;;0;0;0
2023-2024;08701;Catania - Università degli studi;112   ;Borse di studio post-lauream - N. borse finanziate dall'Ateneo con fondi propri;;;125;0;0
2023-2024;08701;Catania - Università degli studi;113   ;Borse di studio post-lauream - N. borse finanziate mediante convenzione con altri Atenei;;;2;0;0
2023-2024;08701;Catania - Università degli studi;114   ;Borse di studio post-lauream - N. borse finanziate con fondi UE;;;453;0;0
2023-2024;08701;Catania - Università degli studi;115   ;Borse di studio post-lauream - N. borse finanziate mediante convenzione con altri enti pubblici;;;39;0;3
2023-2024;08701;Catania - Università degli studi;116   ;Borse di studio post-lauream - N. borse finanziate mediante convenzione con enti privati;;;14;0;0
2023-2024;09001;Sassari - Università degli studi;030   ;Borse di studio - N. borse di studio concesse con fondi dell'ATENEO/MIUR;0;0;0;0;0
2023-2024;09001;Sassari - Università degli studi;061   ;Mobilità internazionale - N. iscritti nell'ateneo in mobilità internazionale (studenti in uscita);348;15;92;6;0
2023-2024;09001;Sassari - Università degli studi;061c  ;Mobilità internazionale - N. iscritti nell'ateneo in mobilità internazionale (studenti in uscita)- di cui studenti SENZA borsa;3;0;51;3;0
2023-2024;09001;Sassari - Università degli studi;061m  ;Mobilità internazionale - N. iscritti nell'ateneo in mobilità internazionale (studenti in uscita)- di cui studenti in mobilità extraeuropea;13;2;24;0;0
2023-2024;09001;Sassari - Università degli studi;061p  ;Mobilità internazionale - N. iscritti nell'ateneo in mobilità internazionale (studenti in uscita)- di cui dottorandi percettori di borsa che usufruiscono della maggiorazione del 50%;;;0;;
2023-2024;09001;Sassari - Università degli studi;063   ;Mobilità internazionale - N. iscritti in atenei esteri in mobilità internazionale presso l'ateneo italiano (studenti in entrata);294;55;0;0;0
2023-2024;09001;Sassari - Università degli studi;063c  ;Mobilità internazionale - N. iscritti in atenei esteri in mobilità internazionale presso l'ateneo italiano (studenti in entrata) - di cui studenti con borsa dell'Ateneo italiano;0;0;0;0;0
2023-2024;09001;Sassari - Università degli studi;064   ;Mobilità internazionale - N. iscritti in atenei esteri in mobilità internazionale presso l'ateneo italiano (studenti in entrata)- di cui studenti provenienti da Paesi extraeuropei;18;18;0;0;0
2023-2024;09001;Sassari - Università degli studi;073   ;Interventi a favore di studenti in situazione di disabilità - N. contributi finanziari;39;N;0;0;0
2023-2024;09001;Sassari - Università degli studi;074   ;Interventi a favore di studenti in situazione di disabilità - N. interventi non finanziari;114;0;0;0;0
2023-2024;09001;Sassari - Università degli studi;081   ;Attività di collaborazione a tempo parziale - N. collaborazioni;114;3;0;0;0
2023-2024;09001;Sassari - Università degli studi;091   ;Posti alloggio e contributi-alloggio - N. domande posti alloggio;0;0;0;0;0
2023-2024;09001;Sassari - Università degli studi;092   ;Posti alloggio e contributi-alloggio - N. posti alloggio assegnati;0;0;0;0;0
2023-2024;09001;Sassari - Università degli studi;092c  ;Posti alloggio e contributi-alloggio - N. posti alloggio assegnati - di cui assegnati in strutture convenzionate o private;0;0;0;0;0
2023-2024;09001;Sassari - Università degli studi;093   ;Posti alloggio e contributi-alloggio - N. domande contributi-alloggio;0;0;0;0;0
2023-2024;09001;Sassari - Università degli studi;094   ;Posti alloggio e contributi-alloggio - N. contributi-alloggio assegnati;0;0;0;0;0
2023-2024;09001;Sassari - Università degli studi;101   ;Altri interventi di tipo finanziario - N. prestiti agevolati concessi da istituti di credito convenzionati;0;0;0;0;0
2023-2024;09001;Sassari - Università degli studi;101a  ;Altri interventi di tipo finanziario - N. prestiti agevolati concessi da istituti di credito convenzionati - di cui con contributo in conto interesse e/o in conto capitale a carico dell'Ateneo;0;0;0;0;0
2023-2024;09001;Sassari - Università degli studi;104   ;Altri interventi di tipo finanziario - N. altri sussidi erogati;0;0;0;0;0
2023-2024;09001;Sassari - Università degli studi;111a  ;Borse di studio post-lauream - N. borse finanziate con fondi MIUR;;;3;0;0
2023-2024;09001;Sassari - Università degli studi;111b  ;Borse di studio post-lauream - N. borse finanziate da altri Ministeri;;;1;0;0
2023-2024;09001;Sassari - Università degli studi;112   ;Borse di studio post-lauream - N. borse finanziate dall'Ateneo con fondi propri;;;70;0;0
2023-2024;09001;Sassari - Università degli studi;113   ;Borse di studio post-lauream - N. borse finanziate mediante convenzione con altri Atenei;;;0;0;0
2023-2024;09001;Sassari - Università degli studi;114   ;Borse di studio post-lauream - N. borse finanziate con fondi UE;;;124;0;0
2023-2024;09001;Sassari - Università degli studi;115   ;Borse di studio post-lauream - N. borse finanziate mediante convenzione con altri enti pubblici;;;5;0;0
2023-2024;09001;Sassari - Università degli studi;116   ;Borse di studio post-lauream - N. borse finanziate mediante convenzione con enti privati;;;4;0;0
2023-2024;09201;Cagliari - Università degli studi;030   ;Borse di studio - N. borse di studio concesse con fondi dell'ATENEO/MIUR;81;1;21;3;0
2023-2024;09201;Cagliari - Università degli studi;061   ;Mobilità internazionale - N. iscritti nell'ateneo in mobilità internazionale (studenti in uscita);464;9;91;0;0
2023-2024;09201;Cagliari - Università degli studi;061c  ;Mobilità internazionale - N. iscritti nell'ateneo in mobilità internazionale (studenti in uscita)- di cui studenti SENZA borsa;7;0;28;0;0
2023-2024;09201;Cagliari - Università degli studi;061m  ;Mobilità internazionale - N. iscritti nell'ateneo in mobilità internazionale (studenti in uscita)- di cui studenti in mobilità extraeuropea;0;0;11;0;0
2023-2024;09201;Cagliari - Università degli studi;061p  ;Mobilità internazionale - N. iscritti nell'ateneo in mobilità internazionale (studenti in uscita)- di cui dottorandi percettori di borsa che usufruiscono della maggiorazione del 50%;;;55;;
2023-2024;09201;Cagliari - Università degli studi;063   ;Mobilità internazionale - N. iscritti in atenei esteri in mobilità internazionale presso l'ateneo italiano (studenti in entrata);480;64;0;0;0
2023-2024;09201;Cagliari - Università degli studi;063c  ;Mobilità internazionale - N. iscritti in atenei esteri in mobilità internazionale presso l'ateneo italiano (studenti in entrata) - di cui studenti con borsa dell'Ateneo italiano;0;0;0;0;0
2023-2024;09201;Cagliari - Università degli studi;064   ;Mobilità internazionale - N. iscritti in atenei esteri in mobilità internazionale presso l'ateneo italiano (studenti in entrata)- di cui studenti provenienti da Paesi extraeuropei;0;0;0;0;0
2023-2024;09201;Cagliari - Università degli studi;073   ;Interventi a favore di studenti in situazione di disabilità - N. contributi finanziari;0;0;0;0;0
2023-2024;09201;Cagliari - Università degli studi;074   ;Interventi a favore di studenti in situazione di disabilità - N. interventi non finanziari;3489;9;6;6;0
2023-2024;09201;Cagliari - Università degli studi;081   ;Attività di collaborazione a tempo parziale - N. collaborazioni;0;0;0;0;0
2023-2024;09201;Cagliari - Università degli studi;091   ;Posti alloggio e contributi-alloggio - N. domande posti alloggio;0;0;0;0;0
2023-2024;09201;Cagliari - Università degli studi;092   ;Posti alloggio e contributi-alloggio - N. posti alloggio assegnati;0;0;0;0;0
2023-2024;09201;Cagliari - Università degli studi;092c  ;Posti alloggio e contributi-alloggio - N. posti alloggio assegnati - di cui assegnati in strutture convenzionate o private;0;0;0;0;0
2023-2024;09201;Cagliari - Università degli studi;093   ;Posti alloggio e contributi-alloggio - N. domande contributi-alloggio;19;0;0;0;0
2023-2024;09201;Cagliari - Università degli studi;094   ;Posti alloggio e contributi-alloggio - N. contributi-alloggio assegnati;0;0;0;0;0
2023-2024;09201;Cagliari - Università degli studi;101   ;Altri interventi di tipo finanziario - N. prestiti agevolati concessi da istituti di credito convenzionati;0;0;0;0;0
2023-2024;09201;Cagliari - Università degli studi;101a  ;Altri interventi di tipo finanziario - N. prestiti agevolati concessi da istituti di credito convenzionati - di cui con contributo in conto interesse e/o in conto capitale a carico dell'Ateneo;0;0;0;0;0
2023-2024;09201;Cagliari - Università degli studi;104   ;Altri interventi di tipo finanziario - N. altri sussidi erogati;83;1;0;0;0
2023-2024;09201;Cagliari - Università degli studi;111a  ;Borse di studio post-lauream - N. borse finanziate con fondi MIUR;;;94;0;0
2023-2024;09201;Cagliari - Università degli studi;111b  ;Borse di studio post-lauream - N. borse finanziate da altri Ministeri;;;0;0;0
2023-2024;09201;Cagliari - Università degli studi;112   ;Borse di studio post-lauream - N. borse finanziate dall'Ateneo con fondi propri;;;53;0;0
2023-2024;09201;Cagliari - Università degli studi;113   ;Borse di studio post-lauream - N. borse finanziate mediante convenzione con altri Atenei;;;7;0;0
2023-2024;09201;Cagliari - Università degli studi;114   ;Borse di studio post-lauream - N. borse finanziate con fondi UE;;;136;0;0
2023-2024;09201;Cagliari - Università degli studi;115   ;Borse di studio post-lauream - N. borse finanziate mediante convenzione con altri enti pubblici;;;17,5;0;0
2023-2024;09201;Cagliari - Università degli studi;116   ;Borse di studio post-lauream - N. borse finanziate mediante convenzione con enti privati;;;15,5;0;0
