codice_ente,anno,importo_euro,codice_regione,codice_provincia,codice_comune,denominazione,mese
41456,2024,9292.64,11.0,53.0,N.A.,ISTITUTO ISTRUZIONE SUPERIORE LEOPOLDO II DI LORENA,2
41456,2025,793609.31,11.0,53.0,N.A.,ISTITUTO ISTRUZIONE SUPERIORE LEOPOLDO II DI LORENA,12
96977,2024,90219.69,3.0,6.0,N.A.,ISTITUTO TECNICO INDUSTRIALE STATALE ALESSANDRO VOLTA,3
96977,2025,572975.34,3.0,6.0,N.A.,ISTITUTO TECNICO INDUSTRIALE STATALE ALESSANDRO VOLTA,12
110953,2025,225432.24,21.0,25.0,N.A.,ISTITUTO DI ISTRUZIONE SUPERIORE PROFESSIONALE ANTONIO DELLA LUCIA,3
700107,2025,164707.36,6.0,25.0,N.A.,ISTITUTO DI ISTRUZIONE SUPERIORE SEGATO,8
702169,2025,332169.49,44.0,41.0,N.A.,ISTITUTO PROFESSIONALE DI STATO PER L'INDUSTRIA E L'ARTIGIANATO G. BENELLI,9
702315,2024,120182.63,21.0,81.0,N.A.,"ISTITUTO ISTRUZIONE SECONDARIA SUPERIORE """"L. DA VINCI"""" TRAPANI",8
702315,2025,404407.15,21.0,81.0,N.A.,"ISTITUTO ISTRUZIONE SECONDARIA SUPERIORE """"L. DA VINCI"""" TRAPANI",12
702480,2024,12371.82,32.0,33.0,N.A.,ISTITUTO SUPERIORE G. RAINERI,2
702480,2025,395713.57,32.0,33.0,N.A.,ISTITUTO SUPERIORE G. RAINERI,12
706408,2024,70144.78,60.0,28.0,N.A.,ISTITUTO TECNICO INDUSTRIALE ITI MARCONI PADOVA,6
706408,2025,352251.18,60.0,28.0,N.A.,ISTITUTO TECNICO INDUSTRIALE ITI MARCONI PADOVA,12
706971,2024,46624.42,86.0,26.0,N.A.,LICEO ARTISTICO STATALE DI TREVISO,9
706971,2025,346232.14,86.0,26.0,N.A.,LICEO ARTISTICO STATALE DI TREVISO,12
707695,2024,58811.149999999994,34.0,42.0,N.A.,ISTITUTO DI ISTRUZIONE SUPERIORE LAENG - MEUCCI,1
707695,2025,379463.07,34.0,42.0,N.A.,ISTITUTO DI ISTRUZIONE SUPERIORE LAENG - MEUCCI,12
707932,2025,49100.41,60.0,28.0,N.A.,ISTITUTO PROFESSIONALE INDUSTRIA E ARTIGIANATO E. BERNARDI,5
709369,2024,386672.55,205.0,22.0,N.A.,ISTITUTO TECNICO ECONOMICO A. TAMBOSI,12
709369,2025,530844.27,205.0,22.0,N.A.,ISTITUTO TECNICO ECONOMICO A. TAMBOSI,12
709420,2024,641770.72,30.0,20.0,N.A.,ISTITUTO SUPERIORE ENRICO FERMI,10
709420,2025,623785.33,30.0,20.0,N.A.,ISTITUTO SUPERIORE ENRICO FERMI,12
711168,2025,199067.97,21.0,63.0,N.A.,ISTITUTO COMPRENSIVO NICOLA ROMEO,10
711482,2025,633665.65,24.0,16.0,N.A.,ISTITUTO TECNICO INDUSTRIALE STATALE PIETRO PALEOCAPA,11
712216,2024,251115.99,24.0,16.0,N.A.,ISTITUTO STATALE D'ISTRUZIONE SUPERIORE GIULIO NATTA,6
712216,2025,706115.86,24.0,16.0,N.A.,ISTITUTO STATALE D'ISTRUZIONE SUPERIORE GIULIO NATTA,12
713119,2024,36977.11,25.0,10.0,N.A.,LICEO ARTISTICO STATALE LAS PAUL KLEE - NICOLO' BARABINO,3
713119,2025,693210.71,25.0,10.0,N.A.,LICEO ARTISTICO STATALE LAS PAUL KLEE - NICOLO' BARABINO,12
713200,2025,192724.24,25.0,10.0,N.A.,ISTITUTO PROFESSIONALE STATALE PER L'ENOGASTRONOMIA E L'OSPITALITA' ALBERGHIERA M. POLO,8
715634,2024,23881.510000000002,91.0,58.0,N.A.,ISTITUTO TECNICO INDUSTRIALE STATALE E. FERMI,2
715634,2025,209207.18,91.0,58.0,N.A.,ISTITUTO TECNICO INDUSTRIALE STATALE E. FERMI,12
717661,2024,368378.01,22.0,22.0,N.A.,ISTITUTO DI ISTRUZIONE ALCIDE DEGASPERI,12
717661,2025,725521.53,22.0,22.0,N.A.,ISTITUTO DI ISTRUZIONE ALCIDE DEGASPERI,12
717731,2025,656096.87,17.0,69.0,N.A.,ISTITUTO DI ISTRUZIONE SUPERIORE STATALE ALGERI MARINO,11
718138,2024,313446.94,28.0,17.0,N.A.,ISTITUTO DI ISTRUZIONE SUPERIORE F. TASSARA - G. GHISLANDI,12
718138,2025,653454.9400000001,28.0,17.0,N.A.,ISTITUTO DI ISTRUZIONE SUPERIORE F. TASSARA - G. GHISLANDI,12
719730,2024,452372.92,4.0,96.0,N.A.,ISTITUTO TECNICO INDUSTRIALE QUINTINO SELLA,12
719730,2025,817869.1799999999,4.0,96.0,N.A.,ISTITUTO TECNICO INDUSTRIALE QUINTINO SELLA,12
720822,2024,259992.96,31.0,75.0,N.A.,ISTITUTO ISTRUZIONE SECONDARIA SUPERIORE AMERIGO VESPUCCI,12
720822,2025,239182.33,31.0,75.0,N.A.,ISTITUTO ISTRUZIONE SECONDARIA SUPERIORE AMERIGO VESPUCCI,12
722345,2025,537553.04,29.0,9.0,N.A.,NUOVO POLO SCOLASTICO DI FINALE LIGURE,11
724236,2024,100254.5,100.0,24.0,N.A.,ISTITUTO TECNICO INDUSTRIALE SILVIO DE PRETTO,7
724236,2025,417783.93,100.0,24.0,N.A.,ISTITUTO TECNICO INDUSTRIALE SILVIO DE PRETTO,12
724348,2025,79926.15,33.0,84.0,N.A.,ISTITUTO DI ISTRUZIONE SUPERIORE FRANCESCO CRISPI,1
725065,2025,172294.92,19.0,108.0,N.A.,ISTITUTO DI ISTRUZIONE SUPERIORE ETTORE MAJORANA,10
728541,2025,160169.86000000002,74.0,17.0,N.A.,IPSEOA CATERINA DE' MEDICI,11
743927,2024,346134.02,41.0,84.0,N.A.,ISTRUZIONE SECONDARIA SUPERIORE - I.I.S.S. 'CALOGERO AMATO VETRANO',12
743927,2025,658292.85,41.0,84.0,N.A.,ISTRUZIONE SECONDARIA SUPERIORE - I.I.S.S. 'CALOGERO AMATO VETRANO',11
7504350,2024,190831.14,61.0,14.0,N.A.,ISTITUTO TECNICO TECNOLOGICO ENEA MATTEI,10
7504350,2025,425356.72,61.0,14.0,N.A.,ISTITUTO TECNICO TECNOLOGICO ENEA MATTEI,12
7504551,2025,288780.38,14.0,77.0,N.A.,LICEO STATALE TOMMASO STIGLIANI,7
7504628,2025,99391.35,11.0,53.0,N.A.,ISTITUTO DI ISTRUZIONE SUPERIORE POLO BIANCIARDI,3
7504668,2025,170608.78,59.0,70.0,N.A.,ISTITUTO COMPRENSIVO DANTE ALIGHIERI,9
7504745,2025,67405.37,11.0,53.0,N.A.,ISTITUTO COMPRENSIVO GROSSETO 6,2
7504781,2024,41272.43,6.0,70.0,N.A.,LICEO STATALE GIUSEPPE MARIA GALANTI,3
7504781,2025,391008.74,6.0,70.0,N.A.,LICEO STATALE GIUSEPPE MARIA GALANTI,12
7504860,2024,67052.23,11.0,53.0,N.A.,LICEO STATALE ANTONIO ROSMINI,5
7504860,2025,460084.74,11.0,53.0,N.A.,LICEO STATALE ANTONIO ROSMINI,12
7504893,2024,14564.01,11.0,53.0,N.A.,ISTITUTO COMPRENSIVO GROSSETO 5,2
7504893,2025,213401.1,11.0,53.0,N.A.,ISTITUTO COMPRENSIVO GROSSETO 5,12
7505122,2025,83759.95999999999,6.0,70.0,N.A.,ISTITUTO COMPRENSIVO ALIGHIERI - F. JOVINE,10
7505323,2024,31960.29,81.0,70.0,N.A.,ISTITUTO OMNICOMPRENSIVO STATALE NICOLA SCARANO,7
7505323,2025,84002.99,81.0,70.0,N.A.,ISTITUTO OMNICOMPRENSIVO STATALE NICOLA SCARANO,12
7505401,2025,199371.53,11.0,53.0,N.A.,ISTITUTO COMPRENSIVO GROSSETO 2,9
7505608,2024,169205.86000000002,22.0,69.0,N.A.,LICEO STATALE ISABELLA GONZAGA,3
7505608,2025,319047.33,22.0,69.0,N.A.,LICEO STATALE ISABELLA GONZAGA,12
7505677,2025,28561.11,14.0,77.0,N.A.,ISTITUTO DI ISTRUZIONE SUPERIORE G. B. PENTASUGLIA,1
7506102,2024,368607.94,15.0,11.0,N.A.,"ISTRUZIONE SECONDARIA SUPERIORE """"G. CAPELLINI - N. SAURO",9
7506102,2025,623787.26,15.0,11.0,N.A.,"ISTRUZIONE SECONDARIA SUPERIORE """"G. CAPELLINI - N. SAURO",12
7506339,2024,220059.91,11.0,67.0,N.A.,ISTITUTO COMPRENSIVO M.HACK DI CASTELLALTO - CELLINO,12
7506339,2025,312387.44,11.0,67.0,N.A.,ISTITUTO COMPRENSIVO M.HACK DI CASTELLALTO - CELLINO,12
7506446,2025,548093.75,9.0,88.0,N.A.,ISTITUTO DI ISTRUZIONE SUPERIORE GALILEO FERRARIS,12
7506558,2025,102638.01,6.0,118.0,N.A.,LICEO CLASSICO GIOVANNI SIOTTO PINTOR,2
7506572,2024,70061.38,36.0,19.0,N.A.,ISTITUTO DI ISTRUZIONE SUPERIORE LUIGI EINAUDI,3
7506572,2025,262133.85,36.0,19.0,N.A.,ISTITUTO DI ISTRUZIONE SUPERIORE LUIGI EINAUDI,12
7506652,2024,201534.07,15.0,9.0,N.A.,ISTITUTO DI ISTRUZIONE SUPERIORE FEDERICO PATETTA,10
7506652,2025,418844.82,15.0,9.0,N.A.,ISTITUTO DI ISTRUZIONE SUPERIORE FEDERICO PATETTA,12
7506746,2024,125537.24,23.0,79.0,N.A.,"IS """"FERMI"""" CATANZARO",7
7506746,2025,562872.65,23.0,79.0,N.A.,"IS """"FERMI"""" CATANZARO",12
7506951,2025,236995.63,45.0,112.0,N.A.,ISTITUTO DI ISTRUZIONE SUPERIORE M. PAGLIETTI,6
7507052,2024,15991.8,71.0,25.0,N.A.,ISTITUTO COMPRENSIVO DI LONGARONE,2
7507052,2025,149375.25,71.0,25.0,N.A.,ISTITUTO COMPRENSIVO DI LONGARONE,12
7507228,2025,26922.61,63.0,76.0,N.A.,LICEO SCIENTIFICO STATALE GALILEO GALILEI,1
7507255,2025,167415.32,32.0,55.0,N.A.,ISTITUTO COMPRENSIVO BENEDETTO BRIN,7
7507303,2024,166258.74,3.0,6.0,N.A.,ISTITUTO DI ISTRUZIONE SUPERIORE VINCI NERVI FERMI,11
7507303,2025,337428.44,3.0,6.0,N.A.,ISTITUTO DI ISTRUZIONE SUPERIORE VINCI NERVI FERMI,12
7507392,2024,69646.57,32.0,55.0,N.A.,ISTITUTO COMPRENSIVO TERNI GIOVANNI XXIII,10
7507392,2025,111240.43,32.0,55.0,N.A.,ISTITUTO COMPRENSIVO TERNI GIOVANNI XXIII,12
7507448,2025,43183.64,44.0,41.0,N.A.,ISTITUTO COMPRENSIVO STATALE G. LEOPARDI,3
7507526,2025,304192.91,11.0,79.0,N.A.,ISTITUTO COMPRENSIVO G. SABATINI,9
7507587,2024,80863.32,32.0,55.0,N.A.,ISTITUTO COMPRENSIVO TERNI G. MARCONI,7
7507587,2025,363662.45,32.0,55.0,N.A.,ISTITUTO COMPRENSIVO TERNI G. MARCONI,12
7507765,2025,298532.57,36.0,19.0,N.A.,ISTITUTO DI ISTRUZIONE SUPERIORE ANTONIO STRADIVARI,8
7507841,2024,315324.94,36.0,19.0,N.A.,LICEO DELLE SCIENZE UMANE ED ECONOMICO SOCIALE S. ANGUISSOLA,11
7507841,2025,295323.26,36.0,19.0,N.A.,LICEO DELLE SCIENZE UMANE ED ECONOMICO SOCIALE S. ANGUISSOLA,12
7508018,2025,95173.55,63.0,76.0,N.A.,LICEO STATALE W. GROPIUS,1
7508223,2025,107150.64,53.0,76.0,N.A.,ISTITUTO COMPRENSIVO JOSEPH STELLA,8
7508277,2025,106134.72,7.0,31.0,N.A.,ISTITUTO STATALE DI ISTRUZIONE SUPERIORE IVAN CANKAR,10
7508305,2025,93296.49,26.0,78.0,N.A.,ISTITUTO COMPRENSIVO DIPIGNANO-CAROLEI S. VALENTINI,8
7508392,2025,31527.83,95.0,66.0,N.A.,ISTITUTO COMPRENSIVO COMENIO,3
7508560,2024,141040.7,5.0,5.0,N.A.,ISTITUTO SUPERIORE G.A. GIOBERT DI ASTI,6
7508560,2025,304233.33,5.0,5.0,N.A.,ISTITUTO SUPERIORE G.A. GIOBERT DI ASTI,12
7508732,2024,84573.41,26.0,50.0,N.A.,ISTITUTO COMPRENSIVO STATALE L.FIBONACCI,12
7508732,2025,225252.94,26.0,50.0,N.A.,ISTITUTO COMPRENSIVO STATALE L.FIBONACCI,12
7508819,2025,207783.8,6.0,118.0,N.A.,ISTITUTO DI ISTRUZIONE SUPERIORE DOMENICO ALBERTO AZUNI,11
7508956,2025,93198.08,74.0,25.0,N.A.,ISTITUTO COMPRENSIVO STATALE MARCO DA MELO MEL,9
7508993,2024,109226.08,27.0,68.0,N.A.,ISTITUTO TECNICO COMMERCIALE STATALE GUGLIELMO MARCONI,6
7508993,2025,435208.05,27.0,68.0,N.A.,ISTITUTO TECNICO COMMERCIALE STATALE GUGLIELMO MARCONI,12
7509427,2025,32250.96,56.0,76.0,N.A.,ISTITUTO COMPRENSIVO OPPIDO - TOLVE - PIETRAGALLA,1
7509523,2024,35188.09,9.0,86.0,N.A.,ISTITUTO PROFESSIONALE STATALE FEDERICO II - ENNA,3
7509523,2025,355665.97,9.0,86.0,N.A.,ISTITUTO PROFESSIONALE STATALE FEDERICO II - ENNA,12
7509686,2024,35123.62,6.0,49.0,N.A.,ISTITUTO COMPRENSIVO G. BORSI,6
7509686,2025,188161.28,6.0,49.0,N.A.,ISTITUTO COMPRENSIVO G. BORSI,12
7510477,2025,471666.87999999995,28.0,68.0,N.A.,LICEO STATALE G. MARCONI,9
7510691,2025,185676.39,14.0,47.0,N.A.,ISTITUTO TECNICO TECNOLOGICO STATALE SILVANO FEDI - ENRICO FERMI,9
7510902,2024,72878.95,30.0,68.0,N.A.,"ISTITUTO COMPRENSIVO """"PAPA GIOVANI XXIII"""" - PIANELLA",8
7510902,2025,188485.72,30.0,68.0,N.A.,"ISTITUTO COMPRENSIVO """"PAPA GIOVANI XXIII"""" - PIANELLA",12
7510914,2024,20832.98,6.0,47.0,N.A.,ISTITUTO COMPRENSIVO STATALE FRANCESCO FERRUCCI,5
7510914,2025,141590.5,6.0,47.0,N.A.,ISTITUTO COMPRENSIVO STATALE FRANCESCO FERRUCCI,12
7511282,2024,56687.7,25.0,43.0,N.A.,"ISTITUTO COMPRENSIVO """"GIOVANNI XXIII"""" MOGLIANO",8
7511282,2025,120692.28,25.0,43.0,N.A.,"ISTITUTO COMPRENSIVO """"GIOVANNI XXIII"""" MOGLIANO",12
7511387,2024,45690.65,27.0,33.0,N.A.,ISTITUTO COMPRENSIVO DI MONTICELLI D'ONGINA,12
7511387,2025,131857.75,27.0,33.0,N.A.,ISTITUTO COMPRENSIVO DI MONTICELLI D'ONGINA,12
7511468,2025,116710.45,17.0,52.0,N.A.,ISTITUTO COMPRENSIVO RENATO FUCINI,8
7511820,2024,337746.83999999997,8.0,38.0,N.A.,"IST. ISTRUZIONE SUPERIORE """"G. CARDUCCI",12
7511820,2025,576752.98,8.0,38.0,N.A.,"IST. ISTRUZIONE SUPERIORE """"G. CARDUCCI",12
7512037,2025,177234.65,26.0,50.0,N.A.,ISTITUTO COMPRENSIVO NICCOLO' PISANO,11
7512060,2025,397012.74,15.0,87.0,N.A.,ISTITUTO DI ISTRUZIONE SUPERIORE G. B. VACCARINI,12
7512340,2024,98778.93999999999,32.0,33.0,N.A.,SCUOLA MEDIA STATALE DANTE - CARDUCCI,2
7512340,2025,122801.35,32.0,33.0,N.A.,SCUOLA MEDIA STATALE DANTE - CARDUCCI,11
7512374,2024,180510.34,38.0,33.0,N.A.,ISTITUTO COMPRENSIVO DI RIVERGARO,12
7512374,2025,249659.25,38.0,33.0,N.A.,ISTITUTO COMPRENSIVO DI RIVERGARO,12
7512416,2025,308235.96,78.0,4.0,N.A.,LICEO SCIENTIFICO E CLASSICO G.PEANO - S.PELLICO,5
7512529,2024,241420.3,27.0,34.0,N.A.,LICEO DELLE SCIENZE UMANE ALBERTINA SANVITALE,6
7512529,2025,642828.8,27.0,34.0,N.A.,LICEO DELLE SCIENZE UMANE ALBERTINA SANVITALE,12
7512552,2024,33881.35,35.0,75.0,N.A.,ISTITUTO SECONDARIO DI I GRADO QUINTO ENNIO DI LECCE,6
7512722,2024,351311.29,133.0,12.0,N.A.,ISTITUTO DI ISTRUZIONE SUPERIORE ISAAC NEWTON,12
7512722,2025,541984.51,133.0,12.0,N.A.,ISTITUTO DI ISTRUZIONE SUPERIORE ISAAC NEWTON,12
7512843,2024,429813.46,133.0,12.0,N.A.,"LICEO STATALE """"A. MANZONI"""" - VARESE",12
7512843,2025,569549.48,133.0,12.0,N.A.,"LICEO STATALE """"A. MANZONI"""" - VARESE",12
7512957,2024,40053.38,12.0,34.0,N.A.,ISTITUTO COMPRENSIVO CORNIGLIO,9
7512957,2025,118431.03,12.0,34.0,N.A.,ISTITUTO COMPRENSIVO CORNIGLIO,12
7512980,2025,3869.63,129.0,30.0,N.A.,ITG GIAN GIACOMO MARINONI,1
7513009,2025,261899.57,6.0,75.0,N.A.,ISTITUTO COMPRENSIVO EZIO BOSSO,11
7513111,2024,87092.43000000001,75.0,28.0,N.A.,ISTITUTO COMPRENSIVO SAN GIORGIO DELLE PERTICHE - SANTA GIUSTINA IN COLLE,12
7513111,2025,234309.74,75.0,28.0,N.A.,ISTITUTO COMPRENSIVO SAN GIORGIO DELLE PERTICHE - SANTA GIUSTINA IN COLLE,12
7513121,2024,124142.1,19.0,28.0,N.A.,ISTITUTO COMPRENSIVO STATALE G.PARINI,12
7513121,2025,178192.89,19.0,28.0,N.A.,ISTITUTO COMPRENSIVO STATALE G.PARINI,12
7513187,2025,349990.43,27.0,34.0,N.A.,ISTITUTO TECNICO ECONOMICO STATALE MACEDONIO MELLONI,12
7513284,2024,14279.83,95.0,26.0,N.A.,ISTITUTO COMPRENSIVO STATALE DI ZERO BRANCO,3
7513284,2025,228307.95,95.0,26.0,N.A.,ISTITUTO COMPRENSIVO STATALE DI ZERO BRANCO,12
7513302,2025,478103.18,8.0,64.0,N.A.,LICEO STATALE PAOLO EMILIO IMBRIANI,10
7513374,2024,10020.09,13.0,33.0,N.A.,ISTITUTO COMPRENSIVO A. CASAROLI,2
7513374,2025,460894.7,13.0,33.0,N.A.,ISTITUTO COMPRENSIVO A. CASAROLI,12
7513451,2025,129506.28,86.0,26.0,N.A.,LICEO STATALE DUCA DEGLI ABRUZZI,3
7513498,2024,31942.69,91.0,23.0,N.A.,ISTITUTO TECNICO STATALE SUPERIORE CANGRANDE DELLA SCALA,1
7513498,2025,683132.07,91.0,23.0,N.A.,ISTITUTO TECNICO STATALE SUPERIORE CANGRANDE DELLA SCALA,12
7513502,2025,31405.83,10.0,34.0,N.A.,ISTITUTO COMPRENSIVO PIER LUIGI BELLONI,2
7513601,2025,53912.670000000006,32.0,33.0,N.A.,ISTITUTO SUPERIORE TRAMELLO - CASSINARI,2
7513620,2025,29706.58,53.0,23.0,N.A.,ISTITUTO COMPRENSIVO NOGARA,2
7513676,2025,262300.11,27.0,73.0,N.A.,LICEO SCIENTIFICO G. BATTAGLINI,9
7513678,2024,45496.96,43.0,3.0,N.A.,ISTITUTO COMPRENSIVO STATALE S. BELFANTI,11
7513678,2025,54250.83,43.0,3.0,N.A.,ISTITUTO COMPRENSIVO STATALE S. BELFANTI,12
7513699,2024,64763.0,86.0,26.0,N.A.,ISTITUTO DI ISTRUZIONE SECONDARIA SUPERIORE A. PALLADIO,7
7513699,2025,466258.71,86.0,26.0,N.A.,ISTITUTO DI ISTRUZIONE SECONDARIA SUPERIORE A. PALLADIO,12
7513841,2024,16273.46,27.0,34.0,N.A.,ISTITUTO STATALE DI ISTRUZIONE SECONDARIA SUPERIORE PIETRO GIORDANI,2
7513841,2025,617200.76,27.0,34.0,N.A.,ISTITUTO STATALE DI ISTRUZIONE SECONDARIA SUPERIORE PIETRO GIORDANI,12
7513882,2024,81873.66,51.0,34.0,N.A.,ISTITUTO COMPRENSIVO DI SORBOLO,6
7513882,2025,204772.04,51.0,34.0,N.A.,ISTITUTO COMPRENSIVO DI SORBOLO,12
7514065,2024,5146.1,15.0,87.0,N.A.,ISTITUTO SECONDARIO DI I GRADO - SMS QUIRINO MAIORANA - CATANIA,3
7514065,2025,294372.3,15.0,87.0,N.A.,ISTITUTO SECONDARIO DI I GRADO - SMS QUIRINO MAIORANA - CATANIA,12
7514083,2024,136998.42,5.0,33.0,N.A.,ISTITUTO OMNICOMPRENSIVO DI BOBBIO,12
7514083,2025,267943.18,5.0,33.0,N.A.,ISTITUTO OMNICOMPRENSIVO DI BOBBIO,12
7514302,2025,170449.81,6.0,87.0,N.A.,ISTITUTO COMPRENSIVO G. GUZZARDI,8
7514327,2024,300699.82,232.0,13.0,N.A.,ISTITUTO COMPRENSIVO VALMOREA,10
7514327,2025,262609.95,232.0,13.0,N.A.,ISTITUTO COMPRENSIVO VALMOREA,12
7514328,2025,433244.85,96.0,23.0,N.A.,ISTITUTO STATALE SUPERIORE CARLO ANTI,6
7514343,2024,139702.98,33.0,35.0,N.A.,ISTITUTO DI ISTRUZIONE SUPERIORE ANGELO MOTTI,9
7514343,2025,412229.46,33.0,35.0,N.A.,ISTITUTO DI ISTRUZIONE SUPERIORE ANGELO MOTTI,12
7514353,2024,637930.1,205.0,22.0,N.A.,LICEO DELLE ARTI - TRENTO,12
7514353,2025,1314444.33,205.0,22.0,N.A.,LICEO DELLE ARTI - TRENTO,12
7514380,2024,29850.25,14.0,42.0,N.A.,ISTITUTO COMPRENSIVO RITA LEVI MONTALCINI,3
7514380,2025,234308.06,14.0,42.0,N.A.,ISTITUTO COMPRENSIVO RITA LEVI MONTALCINI,12
7514391,2025,731898.27,53.0,82.0,N.A.,ISTITUTO TECNICO ECONOMICO PER IL TURISMO MARCO POLO,12
7514527,2025,21961.89,2.0,42.0,N.A.,ISTITUTO COMPRENSIVO POSATORA PIANO ARCHI,3
7514538,2024,291826.16,33.0,35.0,N.A.,LICEO ARTISTICO G. CHIERICI,11
7514538,2025,552153.0,33.0,35.0,N.A.,LICEO ARTISTICO G. CHIERICI,12
7514598,2024,468986.75,205.0,22.0,N.A.,ISTITUTO COMPRENSIVO DI SCUOLA PRIMARIA E SECONDARIA DI PRIMO GRADO TRENTO 3,12
7514598,2025,1063913.77,205.0,22.0,N.A.,ISTITUTO COMPRENSIVO DI SCUOLA PRIMARIA E SECONDARIA DI PRIMO GRADO TRENTO 3,12
7514716,2025,181090.78,33.0,28.0,N.A.,ISTITUTO COMPRENSIVO DI CODEVIGO,12
7514986,2024,2779.43,18.0,33.0,N.A.,ISTITUTO COMPRENSIVO DI CORTEMAGGIORE,2
7514986,2025,225510.29,18.0,33.0,N.A.,ISTITUTO COMPRENSIVO DI CORTEMAGGIORE,12
7515004,2024,11896.3,45.0,35.0,N.A.,ISTITUTO COMPRENSIVO DI VILLA MINOZZO,3
7515004,2025,113580.55,45.0,35.0,N.A.,ISTITUTO COMPRENSIVO DI VILLA MINOZZO,12
7515027,2024,118438.73999999999,10.0,13.0,N.A.,ISTITUTO COMPRENSIVO APPIANO GENTILE,12
7515027,2025,222227.76,10.0,13.0,N.A.,ISTITUTO COMPRENSIVO APPIANO GENTILE,12
7515085,2025,97471.72,21.0,56.0,N.A.,ISTITUTO COMPRENSIVO XXV APRILE,10
7515093,2025,63348.079999999994,33.0,35.0,N.A.,ISTITUTO COMPRENSIVO GALILEO GALILEI,2
7515102,2024,100388.16,33.0,35.0,N.A.,ISTITUTO PROFESSIONALE STATALE PER I SERVIZI COMMERCIALI FILIPPO RE,11
7515102,2025,277028.05,33.0,35.0,N.A.,ISTITUTO PROFESSIONALE STATALE PER I SERVIZI COMMERCIALI FILIPPO RE,12
7515178,2024,220888.00999999998,56.0,9.0,N.A.,LICEO GIULIANO DELLA ROVERE,12
7515178,2025,746423.69,56.0,9.0,N.A.,LICEO GIULIANO DELLA ROVERE,12
7515270,2024,139893.73,64.0,28.0,N.A.,ISTITUTO COMPRENSIVO DI PIOMBINO DESE,11
7515270,2025,202801.03,64.0,28.0,N.A.,ISTITUTO COMPRENSIVO DI PIOMBINO DESE,12
7515274,2024,38242.59,53.0,82.0,N.A.,LICEO SCIENTIFICO STATALE S. CANNIZZARO,3
7515274,2025,433983.45,53.0,82.0,N.A.,LICEO SCIENTIFICO STATALE S. CANNIZZARO,12
7515438,2024,76846.01000000001,127.0,12.0,N.A.,ISTITUTO COMPRENSIVO TRADATE GALILEO GALILEI,12
7515438,2025,292925.4,127.0,12.0,N.A.,ISTITUTO COMPRENSIVO TRADATE GALILEO GALILEI,12
7515474,2024,48360.76,18.0,9.0,N.A.,ISTITUTO COMPRENSIVO STATALE DI CARCARE,5
7515474,2025,264668.04,18.0,9.0,N.A.,ISTITUTO COMPRENSIVO STATALE DI CARCARE,12
7515513,2025,64923.28,2.0,68.0,N.A.,ISTITUTO OMNICOMPRENSIVO ALANNO,3
7515540,2024,133065.44999999998,116.0,24.0,N.A.,ISTITUTO COMPRENSIVO 1 VICENZA - BURCI,9
7515540,2025,218977.92,116.0,24.0,N.A.,ISTITUTO COMPRENSIVO 1 VICENZA - BURCI,12
7515603,2025,64855.93,116.0,24.0,N.A.,LICEO CLASSICO ANTONIO PIGAFETTA,3
7515672,2024,37235.05,18.0,9.0,N.A.,LICEO STATALE SAN GIUSEPPE CALASANZIO DI CARCARE,2
7515672,2025,172188.61000000002,18.0,9.0,N.A.,LICEO STATALE SAN GIUSEPPE CALASANZIO DI CARCARE,12
7515698,2025,435178.27999999997,53.0,82.0,N.A.,ISTITUTO SUPERIORE MAJORANA,12
7515726,2025,143220.26,12.0,35.0,N.A.,ISTITUTO COMPRENSIVO CASALGRANDE,6
7515730,2024,100209.51000000001,100.0,13.0,N.A.,ISTITUTO COMPRENSIVO DI FENEGRO',12
7515730,2025,154168.01,100.0,13.0,N.A.,ISTITUTO COMPRENSIVO DI FENEGRO',12
7515784,2024,17650.420000000002,16.0,35.0,N.A.,ISTITUTO COMPRENSIVO DI CASTELNOVO NE' MONTI,3
7515784,2025,201448.25,16.0,35.0,N.A.,ISTITUTO COMPRENSIVO DI CASTELNOVO NE' MONTI,12
7515794,2025,141280.92,35.0,24.0,N.A.,ISTITUTO COMPRENSIVO UNGARETTI,8
7515879,2024,70785.04,51.0,24.0,N.A.,ISTITUTO COMPRENSIVO B. BIZIO DI LONGARE,12
7515879,2025,236482.06,51.0,24.0,N.A.,ISTITUTO COMPRENSIVO B. BIZIO DI LONGARE,12
7515889,2025,100038.36,3.0,35.0,N.A.,ISTITUTO COMPRENSIVO G. B. TOSCHI,9
7515915,2025,31526.14,116.0,24.0,N.A.,ISTITUTO COMPRENSIVO VICENZA 8,3
7516034,2024,55932.12,116.0,24.0,N.A.,ISTITUTO COMPRENSIVO VICENZA 5,6
7516034,2025,265428.37,116.0,24.0,N.A.,ISTITUTO COMPRENSIVO VICENZA 5,12
7516071,2025,58179.869999999995,52.0,56.0,N.A.,ISTITUTO COMPRENSIVO STATALE ILDOVALDO RIDOLFI,11
7516080,2025,24464.77,46.0,35.0,N.A.,ISTITUTO COMPRENSIVO L. ARIOSTO,2
7516116,2025,279969.39,52.0,24.0,N.A.,ISTITUTO COMPRENSIVO CARLO RIDOLFI,10
7516135,2024,27288.03,106.0,28.0,N.A.,ISTITUTO COMPRENSIVO CARRARESE EUGANEO,6
7516135,2025,193757.91,106.0,28.0,N.A.,ISTITUTO COMPRENSIVO CARRARESE EUGANEO,12
7516207,2025,11501.88,1.0,28.0,N.A.,ISTITUTO DI ISTRUZIONE SUPERIORE L. B. ALBERTI,1
7516223,2024,37637.15,63.0,28.0,N.A.,ISTITUTO COMPRENSIVO LUCA BELLUDI DI PIAZZOLA SUL BRENTA,9
7516223,2025,233422.51,63.0,28.0,N.A.,ISTITUTO COMPRENSIVO LUCA BELLUDI DI PIAZZOLA SUL BRENTA,12
7516245,2024,16154.79,116.0,24.0,N.A.,ISTITUTO COMPRENSIVO VICENZA 2 E 4,9
7516245,2025,292156.08,116.0,24.0,N.A.,ISTITUTO COMPRENSIVO VICENZA 2 E 4,12
7516294,2024,18445.2,116.0,24.0,N.A.,ISTITUTO COMPRENSIVO 6 - 7 DI VICENZA,2
7516294,2025,357984.17,116.0,24.0,N.A.,ISTITUTO COMPRENSIVO 6 - 7 DI VICENZA,12
7516465,2025,226711.55,53.0,82.0,N.A.,ISTITUTO MAGISTRALE STATALE CAMILLO FINOCCHIARO APRILE,7
7516477,2025,252502.87,53.0,82.0,N.A.,ISTITUTO DI ISTRUZIONE SUPERIORE VINCENZO RAGUSA E OTAMA KIYOHARA FILIPPO PARLATORE,6
7516493,2024,8664.54,98.0,24.0,N.A.,ISTITUTO COMPRENSIVO STATALE FRANCESCO MUTTONI,3
7516493,2025,171376.54,98.0,24.0,N.A.,ISTITUTO COMPRENSIVO STATALE FRANCESCO MUTTONI,12
7516506,2024,201227.75,33.0,35.0,N.A.,ISTITUTO SUPERIORE LICEALE MATILDE DI CANOSSA,12
7516506,2025,536878.71,33.0,35.0,N.A.,ISTITUTO SUPERIORE LICEALE MATILDE DI CANOSSA,12
7516511,2025,481737.85000000003,133.0,12.0,N.A.,LICEO SCIENTIFICO G. FERRARIS,10
7516522,2024,45065.1,116.0,24.0,N.A.,ISTITUTO COMPRENSIVO 10 VICENZA,6
7516522,2025,148237.94,116.0,24.0,N.A.,ISTITUTO COMPRENSIVO 10 VICENZA,12
7516547,2024,37308.76,83.0,12.0,N.A.,ISTITUTO COMPRENSIVO PASSERINI DI INDUNO OLONA,8
7516547,2025,185090.98,83.0,12.0,N.A.,ISTITUTO COMPRENSIVO PASSERINI DI INDUNO OLONA,12
7516557,2024,135636.66,38.0,42.0,N.A.,"ISTITUTO COMPRENSIVO """"MATTEO RICCI",9
7516557,2025,116728.43000000001,38.0,42.0,N.A.,"ISTITUTO COMPRENSIVO """"MATTEO RICCI",11
7516561,2024,53391.67,6.0,32.0,N.A.,LICEO STATALE ANTON MARTIN SLOMSEK - LINGUA D'INSEGNAMENTO SLOVENA,3
7516561,2025,148268.78,6.0,32.0,N.A.,LICEO STATALE ANTON MARTIN SLOMSEK - LINGUA D'INSEGNAMENTO SLOVENA,12
7516564,2024,36572.85,38.0,24.0,N.A.,ISTITUTO COMPRENSIVO STATALE RONCALLI DI DUEVILLE,1
7516564,2025,381447.05,38.0,24.0,N.A.,ISTITUTO COMPRENSIVO STATALE RONCALLI DI DUEVILLE,12
7516578,2024,180168.68,133.0,12.0,N.A.,ISTITUTO COMPRENSIVO VARESE 3 VIDOLETTI,12
7516578,2025,138378.99,133.0,12.0,N.A.,ISTITUTO COMPRENSIVO VARESE 3 VIDOLETTI,12
7516619,2024,2934.5299999999997,4.0,24.0,N.A.,ISTITUTO COMPRENSIVO MARCONI DI ALTAVILLA VICENTINA,1
7516619,2025,179225.0,4.0,24.0,N.A.,ISTITUTO COMPRENSIVO MARCONI DI ALTAVILLA VICENTINA,12
7516671,2025,52169.72,6.0,32.0,N.A.,ISTITUTO COMPRENSIVO ITALO SVEVO,3
7516746,2024,31951.4,46.0,12.0,N.A.,ISTITUTO COMPRENSIVO CARDINAL BRANDA CASTIGLIONI,11
7516746,2025,163047.14,46.0,12.0,N.A.,ISTITUTO COMPRENSIVO CARDINAL BRANDA CASTIGLIONI,12
7516750,2024,11089.08,53.0,82.0,N.A.,ISTITUTO COMPRENSIVO I. FLORIO - SAN LORENZO,4
7516750,2025,350795.58999999997,53.0,82.0,N.A.,ISTITUTO COMPRENSIVO I. FLORIO - SAN LORENZO,12
7516757,2024,95614.12,18.0,24.0,N.A.,ISTITUTO COMPRENSIVO DANTE ALIGHIERI DI CALDOGNO,11
7516757,2025,87025.61,18.0,24.0,N.A.,ISTITUTO COMPRENSIVO DANTE ALIGHIERI DI CALDOGNO,12
7516771,2025,135587.41999999998,86.0,26.0,N.A.,ISTITUTO DI ISTRUZIONE SUPERIORE FABIO BESTA,3
7516840,2025,213973.44,159.0,13.0,N.A.,ISTITUTO COMPRENSIVO MOZZATE,7
7516846,2024,45501.94,102.0,24.0,N.A.,ISTITUTO COMPRENSIVO VAL LIONA,9
7516846,2025,187596.45,102.0,24.0,N.A.,ISTITUTO COMPRENSIVO VAL LIONA,12
7516858,2024,74286.09,15.0,23.0,N.A.,ISTITUTO COMPRENSIVO STATALE DI BUSSOLENGO,6
7516858,2025,245951.48,15.0,23.0,N.A.,ISTITUTO COMPRENSIVO STATALE DI BUSSOLENGO,12
7516978,2024,80260.0,75.0,13.0,N.A.,LICEO TERESA CICERI,9
7516978,2025,428284.33,75.0,13.0,N.A.,LICEO TERESA CICERI,12
7517084,2024,23654.13,254.0,13.0,N.A.,ISTITUTO COMPRENSIVO MAGISTRI INTELVESI,9
7517084,2025,206314.95,254.0,13.0,N.A.,ISTITUTO COMPRENSIVO MAGISTRI INTELVESI,12
7517104,2024,10949.53,53.0,82.0,N.A.,ISTITUTO DI ISTRUZIONE SUPERIORE STATALE E. ASCIONE,2
7517104,2025,616684.98,53.0,82.0,N.A.,ISTITUTO DI ISTRUZIONE SUPERIORE STATALE E. ASCIONE,12
7517300,2024,30747.71,1.0,32.0,N.A.,ISTITUTO COMPRENSIVO RAINER MARIA RILKE,7
7517300,2025,129102.01999999999,1.0,32.0,N.A.,ISTITUTO COMPRENSIVO RAINER MARIA RILKE,12
7517387,2024,98273.35,6.0,32.0,N.A.,ISTITUTO COMPRENSIVO VLADIMIR BARTOL,11
7517387,2025,81494.91,6.0,32.0,N.A.,ISTITUTO COMPRENSIVO VLADIMIR BARTOL,11
7517409,2024,4590.05,67.0,24.0,N.A.,ISTITUTO COMPRENSIVO STATALE DON BOSCO,2
7517409,2025,110708.13,67.0,24.0,N.A.,ISTITUTO COMPRENSIVO STATALE DON BOSCO,12
7517472,2024,194171.34,245.0,13.0,N.A.,ISTITUTO COMPRENSIVO VILLA GUARDIA,12
7517472,2025,255925.52,245.0,13.0,N.A.,ISTITUTO COMPRENSIVO VILLA GUARDIA,12
7517502,2025,222336.86000000002,72.0,28.0,N.A.,ISTITUTO COMPRENSIVO M. BUONARROTI,9
7517728,2025,39189.67,40.0,23.0,N.A.,ISTITUTO DI ISTRUZIONE SUPERIORE ETTORE BOLISANI,1
7517755,2025,446050.37,75.0,13.0,N.A.,ISTITUTO STATALE DI ISTRUZIONE SECONDARIA SUPERIORE PAOLO CARCANO,9
7517883,2024,7794.49,75.0,13.0,N.A.,ISTITUTO COMPRENSIVO COMO PRESTINO - BRECCIA,7
7517883,2025,196760.91999999998,75.0,13.0,N.A.,ISTITUTO COMPRENSIVO COMO PRESTINO - BRECCIA,12
7517917,2025,283940.27999999997,49.0,63.0,N.A.,ISTITUTO STATALE ISTRUZIONE SUPERIORE DE NICOLA,8
7517975,2024,78951.34,21.0,24.0,N.A.,ISTITUTO COMPRENSIVO DI CAMISANO VICENTINO,11
7517975,2025,314708.07,21.0,24.0,N.A.,ISTITUTO COMPRENSIVO DI CAMISANO VICENTINO,12
7518027,2025,652363.62,74.0,24.0,N.A.,ISTITUTO DI ISTRUZIONE SUPERIORE UMBERTO MASOTTO,10
7518072,2024,48824.32000000001,53.0,82.0,N.A.,ISTITUTO COMPRENSIVO ANTONIO UGO,6
7518072,2025,215170.92,53.0,82.0,N.A.,ISTITUTO COMPRENSIVO ANTONIO UGO,12
7518277,2024,151818.56,48.0,24.0,N.A.,ISTITUTO COMPRENSIVO GALILEO GALILEI,12
7518277,2025,103512.22,48.0,24.0,N.A.,ISTITUTO COMPRENSIVO GALILEO GALILEI,12
7518320,2024,106171.33,76.0,23.0,N.A.,ISTITUTO COMPRENSIVO CARLOTTA ASCHIERI DI S. PIETRO IN CARIANO,12
7518320,2025,130095.3,76.0,23.0,N.A.,ISTITUTO COMPRENSIVO CARLOTTA ASCHIERI DI S. PIETRO IN CARIANO,12
7518453,2025,229523.98,116.0,65.0,N.A.,LICEO STATALE ALFANO I,2
7518512,2025,484859.56,116.0,65.0,N.A.,LICEO CLASSICO T. TASSO,9
7518637,2024,49537.340000000004,5.0,82.0,N.A.,ISTITUTO COMPRENSIVO EMANUELE ARMAFORTE,12
7518637,2025,294219.9,5.0,82.0,N.A.,ISTITUTO COMPRENSIVO EMANUELE ARMAFORTE,12
7518670,2024,28224.899999999998,53.0,82.0,N.A.,ISTITUTO COMPRENSIVO STATALE RAPISARDI - GARIBALDI,3
7518670,2025,244172.83,53.0,82.0,N.A.,ISTITUTO COMPRENSIVO STATALE RAPISARDI - GARIBALDI,12
7518881,2024,116624.6,124.0,24.0,N.A.,ISTITUTO COMPRENSIVO RAMIRO FABIANI,11
7518881,2025,218859.85,124.0,24.0,N.A.,ISTITUTO COMPRENSIVO RAMIRO FABIANI,12
7518953,2024,237054.5,97.0,23.0,N.A.,ISTITUTO COMPRENSIVO DI ZEVIO,12
7518953,2025,183659.77,97.0,23.0,N.A.,ISTITUTO COMPRENSIVO DI ZEVIO,12
7518996,2025,25155.15,49.0,63.0,N.A.,ISTITUTO TECNICO TECNOLOGICO STATALE GIORDANI - STRIANO,2
7519018,2024,86915.70000000001,54.0,82.0,N.A.,ISTITUTO DI ISTRUZIONE SUPERIORE DANILO DOLCI,5
7519018,2025,500020.74,54.0,82.0,N.A.,ISTITUTO DI ISTRUZIONE SUPERIORE DANILO DOLCI,11
7519128,2025,19175.15,16.0,28.0,N.A.,ISTITUTO COMPRENSIVO DI CADONEGHE,2
7519359,2025,303099.27999999997,116.0,65.0,N.A.,ISTITUTO STATALE DI ISTRUZIONE SUPERIORE GIOVANNI XXIII,9
7519509,2025,71938.19,49.0,63.0,N.A.,SCUOLA SECONDARIA DI 1 GRADO A. BELVEDERE,6
7519603,2025,29321.53,89.0,28.0,N.A.,ISTITUTO COMPRENSIVO STATALE FRANCESCA LAZZARINI,5
7519676,2024,54580.05,83.0,23.0,N.A.,ISTITUTO COMPRENSIVO STATALE DI SONA,10
7519676,2025,152311.08000000002,83.0,23.0,N.A.,ISTITUTO COMPRENSIVO STATALE DI SONA,12
7519761,2025,233983.12,49.0,63.0,N.A.,ISTITUTO TECNICO INDUSTRIALE A. RIGHI,10
7519813,2024,174449.03,59.0,23.0,N.A.,ISTITUTO COMPRENSIVO CHARLIE FELICE,11
7519813,2025,173829.84,59.0,23.0,N.A.,ISTITUTO COMPRENSIVO CHARLIE FELICE,12
7519815,2024,75596.12,99.0,13.0,N.A.,ISTITUTO COMPRENSIVO DI FALOPPIO,11
7519815,2025,110495.69,99.0,13.0,N.A.,ISTITUTO COMPRENSIVO DI FALOPPIO,12
7519937,2025,165238.26,49.0,63.0,N.A.,ISTITUTO STATALE DI ISTRUZIONE SUPERIORE ANTONIO SERRA,9
7520079,2024,141716.09,108.0,24.0,N.A.,ISTITUTO COMPRENSIVO DI TORRI DI QUARTESOLO,11
7520079,2025,352137.78,108.0,24.0,N.A.,ISTITUTO COMPRENSIVO DI TORRI DI QUARTESOLO,12
7520087,2024,52804.73,24.0,16.0,N.A.,ISTITUTO TECNICO STATALE G. QUARENGHI,2
7520087,2025,403073.58,24.0,16.0,N.A.,ISTITUTO TECNICO STATALE G. QUARENGHI,12
7520126,2024,256019.32,24.0,16.0,N.A.,ISTITUTO STATALE ISTRUZIONE SUPERIORE GUIDO GALLI,11
7520126,2025,525619.58,24.0,16.0,N.A.,ISTITUTO STATALE ISTRUZIONE SUPERIORE GUIDO GALLI,12
7520170,2024,3017.3,239.0,16.0,N.A.,ISTITUTO COMPRENSIVO VILLA D'ALME,2
7520170,2025,123814.81,239.0,16.0,N.A.,ISTITUTO COMPRENSIVO VILLA D'ALME,12
7520183,2024,28138.47,41.0,48.0,N.A.,ISTITUTO COMPRENSIVO STATALE ALTIERO SPINELLI,7
7520183,2025,150607.25,41.0,48.0,N.A.,ISTITUTO COMPRENSIVO STATALE ALTIERO SPINELLI,12
7520216,2024,54316.71,99.0,28.0,N.A.,ISTITUTO COMPRENSIVO STATALE DI VIGODARZERE,12
7520216,2025,215725.63999999998,99.0,28.0,N.A.,ISTITUTO COMPRENSIVO STATALE DI VIGODARZERE,12
7520481,2025,299422.2,24.0,71.0,N.A.,ISTITUTO COMPRENSIVO FOSCOLO - GABELLI,10
7521212,2024,88864.31,68.0,41.0,N.A.,ISTITUTO COMPRENSIVO GIOVANNI PAOLO II DI VALLEFOGLIA,12
7521212,2025,308809.08,68.0,41.0,N.A.,ISTITUTO COMPRENSIVO GIOVANNI PAOLO II DI VALLEFOGLIA,12
7521403,2024,40217.14,41.0,48.0,N.A.,ISTITUTO COMPRENSIVO VASCO PRATOLINI,6
7521403,2025,283323.8,41.0,48.0,N.A.,ISTITUTO COMPRENSIVO VASCO PRATOLINI,12
7521697,2025,195591.53,49.0,63.0,N.A.,ISTITUTO COMPRENSIVO STATALE G. PASCOLI 2 - CARO BERLINGIERI,10
7521822,2025,133305.3,49.0,63.0,N.A.,ISTITUTO COMPRENSIVO MINUCCI,9
7521894,2024,56864.6,28.0,28.0,N.A.,ISTITUTO COMPRENSIVO CASALSERUGO,8
7522907,2025,172819.62,25.0,10.0,N.A.,ISTITUTO COMPRENSIVO CERTOSA,10
7523013,2024,85801.49,43.0,17.0,N.A.,ISTITUTO COMPRENSIVO LEONARDO DA VINCI CASTENEDOLO,9
7523013,2025,205460.36000000002,43.0,17.0,N.A.,ISTITUTO COMPRENSIVO LEONARDO DA VINCI CASTENEDOLO,12
7523029,2024,31585.409999999996,25.0,10.0,N.A.,ISTITUTO COMPRENSIVO LAGACCIO,3
7523029,2025,178960.42,25.0,10.0,N.A.,ISTITUTO COMPRENSIVO LAGACCIO,12
7523030,2025,589636.63,29.0,17.0,N.A.,ISTITUTO DI ISTRUZIONE SUPERIORE BENEDETTO CASTELLI,11
7523077,2024,31929.2,25.0,10.0,N.A.,ISTITUTO COMPRENSIVO CASTELLETTO,6
7523077,2025,184279.31,25.0,10.0,N.A.,ISTITUTO COMPRENSIVO CASTELLETTO,12
7523078,2024,311697.21,29.0,17.0,N.A.,ISTITUTO DI ISTRUZIONE SUPERIORE PIERO SRAFFA DI BRESCIA,12
7523078,2025,274363.11,29.0,17.0,N.A.,ISTITUTO DI ISTRUZIONE SUPERIORE PIERO SRAFFA DI BRESCIA,12
7523136,2024,64682.329999999994,9.0,10.0,N.A.,ISTITUTO COMPRENSIVO CAMPOMORONE CERANESI,10
7523136,2025,194645.72,9.0,10.0,N.A.,ISTITUTO COMPRENSIVO CAMPOMORONE CERANESI,12
7523141,2024,58665.13,25.0,10.0,N.A.,LICEO SCIENTIFICO G.D.CASSINI,6
7523141,2025,442804.74,25.0,10.0,N.A.,LICEO SCIENTIFICO G.D.CASSINI,12
7523145,2024,125885.64,29.0,17.0,N.A.,ISTITUTO COMPRENSIVO A.FRANCHI - SUD 2 BRESCIA,11
7523145,2025,205213.5,29.0,17.0,N.A.,ISTITUTO COMPRENSIVO A.FRANCHI - SUD 2 BRESCIA,12
7523153,2025,106479.69,25.0,10.0,N.A.,LICEO CLASSICO E LINGUISTICO G. MAZZINI,8
7523159,2024,146721.91,29.0,17.0,N.A.,LICEO VERONICA GAMBARA,11
7523159,2025,435989.07,29.0,17.0,N.A.,LICEO VERONICA GAMBARA,12
7523227,2025,144253.27,49.0,63.0,N.A.,ISTITUTO COMPRENSIVO STATALE D'AOSTA - SCURA,9
7523367,2024,78823.67,166.0,17.0,N.A.,"ISTITUTO COMPRENSIVO """"DON MILANI"""" ROVATO",9
7523367,2025,266926.99,166.0,17.0,N.A.,"ISTITUTO COMPRENSIVO """"DON MILANI"""" ROVATO",12
7523690,2025,6480.549999999999,55.0,23.0,N.A.,ISTITUTO COMPRENSIVO OPPEANO,1
7523901,2025,21089.22,49.0,63.0,N.A.,LICEO CLASSICO STATALE ADOLFO PANSINI,2
7523952,2025,2097882.39,49.0,63.0,N.A.,ISTITUTO TECNICO INDUSTRIALE GALILEO FERRARIS,12
7524482,2025,15830.83,23.0,17.0,N.A.,ISTITUTO COMPRENSIVO BOTTICINO,2
7524980,2025,73331.51,49.0,63.0,N.A.,SCUOLA SECONDARIA DI PRIMO GRADO GIOVANNI VERGA,6
7525161,2025,272130.96,37.0,37.0,N.A.,ISTITUTO COMPRENSIVO STATALE DI MEDICINA,8
7525169,2024,236996.46,62.0,37.0,N.A.,I.I.S. MARIA MONTESSORI - L. DA VINCI,12
7525169,2025,332574.33,62.0,37.0,N.A.,I.I.S. MARIA MONTESSORI - L. DA VINCI,12
7525201,2025,301786.35,39.0,37.0,N.A.,ISTITUTO COMPRENSIVO DI MOLINELLA,8
7525263,2025,215178.92,61.0,37.0,N.A.,ISTITUTO COMPRENSIVO BAZZANO - MONTEVEGLIO,9
7525327,2024,3963.84,24.0,37.0,N.A.,ISTITUTO COMPRENSIVO DI CREVALCORE,3
7525327,2025,256696.69,24.0,37.0,N.A.,ISTITUTO COMPRENSIVO DI CREVALCORE,12
7525365,2025,19608.93,44.0,37.0,N.A.,ISTITUTO COMPRENSIVO DI VADO - MONZUNO,2
7525424,2024,119271.32,25.0,37.0,N.A.,ISTITUTO COMPRENSIVO DOZZA IMOLESE - CASTEL GUELFO,11
7525424,2025,169959.27,25.0,37.0,N.A.,ISTITUTO COMPRENSIVO DOZZA IMOLESE - CASTEL GUELFO,12
7525434,2025,86848.55,53.0,37.0,N.A.,ISTITUTO DI ISTRUZIONE SUPERIORE ARCHIMEDE,2
7525494,2025,137784.28,6.0,37.0,N.A.,ISTITUTO COMPRENSIVO N. 16 BOLOGNA VICOLO BOLOGNETTI,11
7525599,2024,66969.65000000001,59.0,37.0,N.A.,ISTITUTO DI ISTRUZIONE SECONDARIA SUPERIORE - I.I.S. LUIGI FANTINI,7
7525599,2025,334904.02,59.0,37.0,N.A.,ISTITUTO DI ISTRUZIONE SECONDARIA SUPERIORE - I.I.S. LUIGI FANTINI,12
7527406,2024,186008.72,272.0,1.0,N.A.,LICEO SCIENTIFICO STATALE PIERO GOBETTI,12
7527406,2025,257366.81,272.0,1.0,N.A.,LICEO SCIENTIFICO STATALE PIERO GOBETTI,12
7527453,2024,285647.97,272.0,1.0,N.A.,LICEO CLASSICO E LINGUISTICO VINCENZO GIOBERTI,11
7527453,2025,441730.22000000003,272.0,1.0,N.A.,LICEO CLASSICO E LINGUISTICO VINCENZO GIOBERTI,12
7528024,2025,41770.72,89.0,12.0,N.A.,ISTITUTO COMPRENSIVO S. D'ACQUISTO,2
7528026,2025,220010.73,60.0,63.0,N.A.,ISTITUTO TECNICO STATALE ECONOMICO E TECNOLOGICO V. PARETO,9
7528169,2024,27345.129999999997,133.0,12.0,N.A.,ISTITUTO COMPRENSIVO VARESE 1 DON RIMOLDI,2
7528169,2025,64009.81,133.0,12.0,N.A.,ISTITUTO COMPRENSIVO VARESE 1 DON RIMOLDI,12
7528204,2024,123107.06999999999,41.0,34.0,N.A.,ISTITUTO COMPRENSIVO DI TORRILE,12
7528204,2025,241168.16,41.0,34.0,N.A.,ISTITUTO COMPRENSIVO DI TORRILE,12
7528213,2025,424111.21,27.0,34.0,N.A.,ISTITUTO COMPRENSIVO ALBERTELLI - NEWTON,11
7528364,2024,33226.67,17.0,63.0,N.A.,ISTITUTO COMPRENSIVO CASALNUOVO - ALDO MORO,6
7528364,2025,296406.76,17.0,63.0,N.A.,ISTITUTO COMPRENSIVO CASALNUOVO - ALDO MORO,12
7529450,2024,275664.27,146.0,15.0,N.A.,ISTITUTO COMPRENSIVO STATALE PAOLO E LARISSA PINI,10
7529450,2025,405897.04,146.0,15.0,N.A.,ISTITUTO COMPRENSIVO STATALE PAOLO E LARISSA PINI,12
7529459,2024,157627.43,157.0,15.0,N.A.,ISTITUTO COMPRENSIVO GIOVANNI TESTORI,11
7529459,2025,218713.81,157.0,15.0,N.A.,ISTITUTO COMPRENSIVO GIOVANNI TESTORI,12
7530685,2024,111519.89,146.0,15.0,N.A.,ISTITUTO COMPRENSIVO STATALE GINO CAPPONI,9
7530685,2025,497441.99,146.0,15.0,N.A.,ISTITUTO COMPRENSIVO STATALE GINO CAPPONI,12
7535931,2024,143684.75,91.0,58.0,N.A.,LICEO CLASSICO FRANCESCO VIVONA,12
7535931,2025,337281.77,91.0,58.0,N.A.,LICEO CLASSICO FRANCESCO VIVONA,12
7536162,2024,22792.13,91.0,58.0,N.A.,ISTITUTO COMPRENSIVO GUIDO MILANESI,11
7536271,2024,87391.23,91.0,58.0,N.A.,ISTITUTO COMPRENSIVO TACITO - GUARESCHI,10
7536314,2024,41073.11,91.0,58.0,N.A.,ISTITUTO COMPRENSIVO FONTANILE ANAGNINO,9
7536314,2025,262589.51,91.0,58.0,N.A.,ISTITUTO COMPRENSIVO FONTANILE ANAGNINO,12
7536625,2024,261253.88,65.0,58.0,N.A.,LICEO SCIENTIFICO G. PEANO,11
7536625,2025,484522.89999999997,65.0,58.0,N.A.,LICEO SCIENTIFICO G. PEANO,12
7542630,2025,94331.71,27.0,84.0,N.A.,ISTITUTO COMPRENSIVO PROVENZANI,12
7542732,2024,33823.14,33.0,68.0,N.A.,ISTITUTO OMNICOMPRENSIVO POPOLI,4
7542732,2025,126116.38,33.0,68.0,N.A.,ISTITUTO OMNICOMPRENSIVO POPOLI,12
7542798,2024,319647.54000000004,11.0,11.0,N.A.,ISTITUTO COMPRENSIVO ISA 17 DI CASTELNUOVO MAGRA,8
7542946,2024,97379.65,4.0,81.0,N.A.,ISTITUTO COMPRENSIVO PIRANDELLO - S. G. BOSCO,6
7542946,2025,346630.09,4.0,81.0,N.A.,ISTITUTO COMPRENSIVO PIRANDELLO - S. G. BOSCO,12
7542963,2024,16630.5,5.0,24.0,N.A.,ISTITUTO COMPRENSIVO GIUSEPPE UNGARETTI,12
7542963,2025,108422.86,5.0,24.0,N.A.,ISTITUTO COMPRENSIVO GIUSEPPE UNGARETTI,12
7543047,2024,145429.89,5.0,36.0,N.A.,ISTITUTO DI ISTRUZIONE SUPERIORE ANTONIO MEUCCI,6
7543047,2025,496647.25,5.0,36.0,N.A.,ISTITUTO DI ISTRUZIONE SUPERIORE ANTONIO MEUCCI,12
7543072,2025,22415.79,61.0,24.0,N.A.,ISTITUTO COMPRENSIVO MONTECCHIO M. 2 ALTE CECCATO,1
7543160,2024,444462.3,4.0,38.0,N.A.,ISTITUTO STATALE DI ISTRUZIONE TECNICA BASSI BURGATTI,12
7543160,2025,656680.84,4.0,38.0,N.A.,ISTITUTO STATALE DI ISTRUZIONE TECNICA BASSI BURGATTI,12
7543205,2024,85968.63,4.0,38.0,N.A.,LICEO GINNASIO STATALE GIUSEPPE CEVOLANI,6
7543205,2025,467822.92,4.0,38.0,N.A.,LICEO GINNASIO STATALE GIUSEPPE CEVOLANI,12
7543260,2024,117103.25,46.0,69.0,N.A.,ISTITUTO DI ISTRUZIONE SECONDARIA SUPERIORE V. EMANUELE II LANCIANO,6
7543260,2025,402208.14,46.0,69.0,N.A.,ISTITUTO DI ISTRUZIONE SECONDARIA SUPERIORE V. EMANUELE II LANCIANO,12
7543523,2025,29358.23,10.0,39.0,N.A.,ISTITUTO DI ISTRUZIONE SUPERIORE TECNICA INDUSTRIALE E PROFESSIONALE LUIGI BUCCI,2
7543570,2024,177055.83000000002,16.0,77.0,N.A.,ISTITUTO DI ISTRUZIONE SECONDARIA SUPERIORE PITAGORA,8
7543742,2024,65959.73,18.0,14.0,N.A.,ISTITUTO COMPRENSIVO BERTACCHI - CHIAVENNA,10
7543742,2025,157583.6,18.0,14.0,N.A.,ISTITUTO COMPRENSIVO BERTACCHI - CHIAVENNA,12
7543747,2024,111865.03,12.0,49.0,N.A.,ISTITUTO DI ISTRUZIONE SUPERIORE VAL DI CORNIA,5
7543747,2025,368645.14,12.0,49.0,N.A.,ISTITUTO DI ISTRUZIONE SUPERIORE VAL DI CORNIA,12
7543766,2024,58640.229999999996,38.0,68.0,N.A.,ISTITUTO COMPRENSIVO SAN VALENTINO - SCAFA,9
7543766,2025,187510.25,38.0,68.0,N.A.,ISTITUTO COMPRENSIVO SAN VALENTINO - SCAFA,11
7543782,2025,17827.26,6.0,23.0,N.A.,ISTITUTO COMPRENSIVO BARDOLINO,3
7543819,2024,98502.39,21.0,19.0,N.A.,ISTITUTO COMPRENSIVO G. DIOTTI DI CASALMAGGIORE,12
7543819,2025,278712.91,21.0,19.0,N.A.,ISTITUTO COMPRENSIVO G. DIOTTI DI CASALMAGGIORE,12
7543895,2025,21135.2,89.0,26.0,N.A.,ISTITUTO COMPRENSIVO VEDELAGO,1
7543960,2025,131491.54,26.0,35.0,N.A.,ISTITUTO COMPRENSIVO DI LUZZARA,10
7544015,2024,27646.25,60.0,69.0,N.A.,ISTITUTO COMPRENSIVO PALENA - TORRICELLA PELIGNA,12
7544015,2025,90787.09,60.0,69.0,N.A.,ISTITUTO COMPRENSIVO PALENA - TORRICELLA PELIGNA,12
7544038,2025,283872.71,16.0,25.0,N.A.,ISTITUTO OMNICOMPRENSIVO AMPEZZO E CADORE,10
7544140,2024,59684.63,17.0,42.0,N.A.,ISTITUTO DI ISTRUZIONE SUPERIORE MOREA - VIVARELLI,3
7544140,2025,512045.23,17.0,42.0,N.A.,ISTITUTO DI ISTRUZIONE SUPERIORE MOREA - VIVARELLI,12
7544187,2024,21378.9,36.0,26.0,N.A.,ISTITUTO COMPRENSIVO DI LORIA E CASTELLO DI GODEGO,5
7544187,2025,166425.21,36.0,26.0,N.A.,ISTITUTO COMPRENSIVO DI LORIA E CASTELLO DI GODEGO,12
7544210,2024,11225.26,13.0,54.0,N.A.,ISTITUTO COMPRENSIVO TRESTINA,6
7544210,2025,61068.719999999994,13.0,54.0,N.A.,ISTITUTO COMPRENSIVO TRESTINA,12
7544234,2024,324914.04000000004,104.0,22.0,N.A.,ISTITUTO COMPRENSIVO - 'LEVICO TERME',12
7544234,2025,591167.21,104.0,22.0,N.A.,ISTITUTO COMPRENSIVO - 'LEVICO TERME',12
7544310,2024,46024.0,26.0,11.0,N.A.,ISTITUTO COMPRENSIVO FABRIZIO DE ANDRE',10
7544334,2024,183604.99,128.0,16.0,N.A.,ISTITUTO SUPERIORE STATALE IVAN PIANA,12
7544334,2025,376964.04,128.0,16.0,N.A.,ISTITUTO SUPERIORE STATALE IVAN PIANA,12
7544390,2024,227531.78,9.0,53.0,N.A.,ISTITUTO STATALE DI ISTRUZIONE SUPERIORE FOLLONICA,12
7544390,2025,457490.38,9.0,53.0,N.A.,ISTITUTO STATALE DI ISTRUZIONE SUPERIORE FOLLONICA,12
7544435,2025,28551.839999999997,2.0,49.0,N.A.,ISTITUTO COMPRENSIVO GUGLIELMO MARCONI,2
7544663,2025,142477.23,41.0,13.0,N.A.,ISTITUTO COMPRENSIVO CANTU' 1,9
7544674,2024,85192.65,10.0,39.0,N.A.,ISTITUTO TECNICO STATALE ECONOMICO E TECNOLOGICO A. ORIANI,4
7544674,2025,814596.75,10.0,39.0,N.A.,ISTITUTO TECNICO STATALE ECONOMICO E TECNOLOGICO A. ORIANI,12
7544679,2024,181059.63,118.0,13.0,N.A.,ISTITUTO COMPRENSIVO DI INVERIGO,12
7544679,2025,353562.89,118.0,13.0,N.A.,ISTITUTO COMPRENSIVO DI INVERIGO,12
7544736,2024,31496.23,34.0,87.0,N.A.,ISTITUTO COMPRENSIVO STATALE S.CASELLA DI PEDARA,4
7544736,2025,342522.23,34.0,87.0,N.A.,ISTITUTO COMPRENSIVO STATALE S.CASELLA DI PEDARA,12
7544737,2024,97588.76000000001,41.0,13.0,N.A.,ISTITUTO COMPRENSIVO CANTU' 2,10
7544737,2025,230933.68,41.0,13.0,N.A.,ISTITUTO COMPRENSIVO CANTU' 2,12
7544878,2025,122692.31,5.0,36.0,N.A.,ISTITUO TECNICO INDUSTRIALE LEONARDO DA VINCI,2
7544944,2025,27790.91,3.0,42.0,N.A.,ISTITUTO COMPRENSIVO DI ARCEVIA,3
7545081,2024,33720.770000000004,10.0,101.0,N.A.,LICEO STATALE GIAN VINCENZO GRAVINA - CROTONE,6
7545081,2025,425711.43,10.0,101.0,N.A.,LICEO STATALE GIAN VINCENZO GRAVINA - CROTONE,12
7545087,2024,23465.29,10.0,101.0,N.A.,LICEO CLASSICO STATALE PITAGORA,2
7545087,2025,433996.64999999997,10.0,101.0,N.A.,LICEO CLASSICO STATALE PITAGORA,12
7545092,2024,32341.33,211.0,16.0,N.A.,ISTITUTO COMPRENSIVO DI TAVERNOLA BERGAMASCA,12
7545092,2025,170659.94,211.0,16.0,N.A.,ISTITUTO COMPRENSIVO DI TAVERNOLA BERGAMASCA,12
7545093,2024,29614.510000000002,17.0,109.0,N.A.,ISTITUTO COMPRENSIVO G. CESTONI,6
7545093,2025,334944.52,17.0,109.0,N.A.,ISTITUTO COMPRENSIVO G. CESTONI,12
7545183,2024,165924.5,10.0,101.0,N.A.,ISTITUTO DI ISTRUZIONE SUPERIORE FILOLAO,12
7545183,2025,565702.71,10.0,101.0,N.A.,ISTITUTO DI ISTRUZIONE SUPERIORE FILOLAO,12
7545219,2024,82924.5,2.0,9.0,N.A.,LICEO STATALE GIORDANO BRUNO,6
7545219,2025,542233.75,2.0,9.0,N.A.,LICEO STATALE GIORDANO BRUNO,12
7545230,2024,3224.54,25.0,101.0,N.A.,ISTITUTO OMNICOMPRENSIVO STRONGOLI,1
7545230,2025,184343.47,25.0,101.0,N.A.,ISTITUTO OMNICOMPRENSIVO STRONGOLI,11
7545329,2024,204804.38,4.0,87.0,N.A.,ISTITUTO D'ISTRUZIONE SUPERIORE FILIPPO BRUNELLESCHI,12
7545329,2025,313697.79,4.0,87.0,N.A.,ISTITUTO D'ISTRUZIONE SUPERIORE FILIPPO BRUNELLESCHI,12
7545434,2025,119561.42,5.0,109.0,N.A.,ISTITUTO COMPRENSIVO FALERONE,9
7545474,2025,4968.34,53.0,66.0,N.A.,ISTITUTO COMPRENSIVO GIUSEPPE DI GIROLAMO,1
7545529,2024,105597.42,99.0,66.0,N.A.,ISTITUTO ONNICOMPRENSIVO STATALE A. ARGOLI,5
7545529,2025,251075.11000000002,99.0,66.0,N.A.,ISTITUTO ONNICOMPRENSIVO STATALE A. ARGOLI,12
7545650,2024,0.0,10.0,101.0,N.A.,ISTITUTO DI ISTRUZIONE SUPERIORE PERTINI - SANTONI,1
7545650,2025,511548.70999999996,10.0,101.0,N.A.,ISTITUTO DI ISTRUZIONE SUPERIORE PERTINI - SANTONI,12
7545653,2024,54053.94,143.0,13.0,N.A.,"ISTITUTO COMPRENSIVO """"DON MILANI"""" DI MARIANO COMENSE",8
7545653,2025,117574.05,143.0,13.0,N.A.,"ISTITUTO COMPRENSIVO """"DON MILANI"""" DI MARIANO COMENSE",12
7545695,2024,208030.29,7.0,40.0,N.A.,ISTITUTO TECNICO COMMERCIALE R. SERRA,5
7545695,2025,413013.51,7.0,40.0,N.A.,ISTITUTO TECNICO COMMERCIALE R. SERRA,12
7545780,2025,344802.41,42.0,12.0,N.A.,ISTITUTO STATALE DI ISTRUZIONE SUPERIORE C. FACCHINETTI,10
7545814,2025,72890.33,26.0,12.0,N.A.,LICEO SCIENTIFICO STATALE ARTURO TOSI,2
7545828,2024,1048061.27,26.0,12.0,N.A.,ISTITUTO TECNICO ECONOMICO ENRICO TOSI,12
7545828,2025,1755621.93,26.0,12.0,N.A.,ISTITUTO TECNICO ECONOMICO ENRICO TOSI,12
7545836,2024,74672.97,26.0,12.0,N.A.,"ISTITUTO COMPRENSIVO. """"GALILEI",12
7545836,2025,79591.58,26.0,12.0,N.A.,"ISTITUTO COMPRENSIVO. """"GALILEI",12
7545846,2024,6861.7,79.0,12.0,N.A.,ISTITUTO COMPRENSIVO G. PARINI,2
7545846,2025,145427.17,79.0,12.0,N.A.,ISTITUTO COMPRENSIVO G. PARINI,12
7545858,2024,13953.77,67.0,12.0,N.A.,ISTITUTO COMPRENSIVO DI FAGNANO OLONA - E. FERMI,3
7545858,2025,229463.35,67.0,12.0,N.A.,ISTITUTO COMPRENSIVO DI FAGNANO OLONA - E. FERMI,12
7545996,2024,269503.03,34.0,109.0,N.A.,ISTITUTO ISTRUZIONE SECONDARIA SUPERIORE CARLO URBANI,7
7545996,2025,956821.9299999999,34.0,109.0,N.A.,ISTITUTO ISTRUZIONE SECONDARIA SUPERIORE CARLO URBANI,12
7546329,2024,1160.79,85.0,76.0,N.A.,ISTITUTO COMPRENSIVO NICOLA SOLE - SENISE,1
7546329,2025,258489.98,85.0,76.0,N.A.,ISTITUTO COMPRENSIVO NICOLA SOLE - SENISE,10
7546874,2025,239522.9,28.0,71.0,N.A.,ISTITUTO TECNICO ECONOMICO TECNOLOGICO VITTORIO EMANUELE III,9
7546912,2025,14482.119999999999,2.0,17.0,N.A.,ISTITUTO COMPRENSIVO STATALE DI ADRO,2
7546942,2025,132353.29,27.0,80.0,N.A.,ISTITUTO COMPRENSIVO FRANCESCO DELLA SCALA,9
7546984,2024,160255.4,15.0,78.0,N.A.,ISTITUTO MAGISTRALE LICEI T.CAMPANELLA - BELVEDERE MARITTIMO,9
7546984,2025,147517.79,15.0,78.0,N.A.,ISTITUTO MAGISTRALE LICEI T.CAMPANELLA - BELVEDERE MARITTIMO,12
7547016,2024,21133.19,19.0,23.0,N.A.,ISTITUTO COMPRENSIVO DI CASALEONE,12
7547159,2024,29520.739999999998,18.0,54.0,N.A.,ISTITUTO COMPRENSIVO STATALE FOLIGNO 5,2
7547159,2025,143838.86,18.0,54.0,N.A.,ISTITUTO COMPRENSIVO STATALE FOLIGNO 5,12
7547219,2024,317213.19,52.0,17.0,N.A.,ISTITUTO D'ISTRUZIONE SUPERIORE LUIGI EINAUDI,12
7547219,2025,800743.98,52.0,17.0,N.A.,ISTITUTO D'ISTRUZIONE SUPERIORE LUIGI EINAUDI,12
7547270,2024,359578.27,18.0,54.0,N.A.,LICEO CLASSICO FEDERICO FREZZI - BEATA ANGELA,12
7547270,2025,919675.63,18.0,54.0,N.A.,LICEO CLASSICO FEDERICO FREZZI - BEATA ANGELA,12
7547317,2024,53039.24,18.0,54.0,N.A.,ISTITUTO COMPRENSIVO FOLIGNO 4,12
7547317,2025,379625.63,18.0,54.0,N.A.,ISTITUTO COMPRENSIVO FOLIGNO 4,12
7547407,2024,25583.77,26.0,97.0,N.A.,ISTITUTO COMPRENSIVO DI COSTA MASNAGA,7
7547407,2025,181459.41,26.0,97.0,N.A.,ISTITUTO COMPRENSIVO DI COSTA MASNAGA,12
7547465,2024,5199.94,36.0,25.0,N.A.,ISTITUTO COMPRENSIVO F. BERTON,2
7547465,2025,152261.9,36.0,25.0,N.A.,ISTITUTO COMPRENSIVO F. BERTON,11
7547475,2024,101450.47,72.0,23.0,N.A.,ISTITUTO COMPRENSIVO STATALE SANGUINETTO E CASALEONE,12
7547475,2025,271151.86,72.0,23.0,N.A.,ISTITUTO COMPRENSIVO STATALE SANGUINETTO E CASALEONE,12
7547483,2024,13263.98,7.0,34.0,N.A.,ISTITUTO COMPRENSIVO DI BUSSETO,2
7547483,2025,184211.15,7.0,34.0,N.A.,ISTITUTO COMPRENSIVO DI BUSSETO,11
7547518,2024,111842.19,26.0,14.0,N.A.,ISTITUTO COMPRENSIVO DI DELEBIO,11
7547518,2025,216028.43,26.0,14.0,N.A.,ISTITUTO COMPRENSIVO DI DELEBIO,12
7547721,2024,13297.83,95.0,13.0,N.A.,LICEO SCIENTIFICO STATALE GALILEO GALILEI,1
7547721,2025,281442.15,95.0,13.0,N.A.,LICEO SCIENTIFICO STATALE GALILEO GALILEI,12
7547750,2025,182254.24,28.0,87.0,N.A.,ISTITUTO COMPRENSIVO E. DE AMICIS,10
7547754,2025,260832.88,7.0,85.0,N.A.,ISTITUTO COMPRENSIVO STATALE SAN FRANCESCO - L. CAPUANA,8
7547770,2024,91925.81,193.0,13.0,N.A.,ISTITUTO COMPRENSIVO A. ROSMINI,9
7547770,2025,151471.02,193.0,13.0,N.A.,ISTITUTO COMPRENSIVO A. ROSMINI,12
7547896,2024,7181.4,22.0,36.0,N.A.,ISTITUTO DI ISTRUZIONE SUPERIORE GIUSEPPE LUOSI,1
7547896,2025,334645.12,22.0,36.0,N.A.,ISTITUTO DI ISTRUZIONE SUPERIORE GIUSEPPE LUOSI,12
7547985,2025,140728.45,45.0,44.0,N.A.,ISTITUTO COMPRENSIVO MONTEPRANDONE ISC,12
7548003,2024,32117.58,44.0,23.0,N.A.,"I.S.I.S.S. """"M. MINGHETTI",6
7548003,2025,301246.7,44.0,23.0,N.A.,"I.S.I.S.S. """"M. MINGHETTI",12
7548094,2025,123453.98,16.0,53.0,N.A.,ISTITUTO SUPERIORE R. DEL ROSSO - G. DA VERRAZZANO,3
7548133,2024,48358.76,125.0,24.0,N.A.,ISTITUTO COMPRENSIVO UDINO BOMBIERI,6
7548133,2025,140358.26,125.0,24.0,N.A.,ISTITUTO COMPRENSIVO UDINO BOMBIERI,12
7548162,2024,110644.53,48.0,25.0,N.A.,ISTITUTO COMPRENSIVO G. RODARI SANTA GIUSTINA,9
7548162,2025,181344.43,48.0,25.0,N.A.,ISTITUTO COMPRENSIVO G. RODARI SANTA GIUSTINA,12
7548225,2024,68353.5,88.0,24.0,N.A.,ISTITUTO COMPRENSIVO G.RODARI - ROSSANO VENETO,9
7548225,2025,200631.48,88.0,24.0,N.A.,ISTITUTO COMPRENSIVO G.RODARI - ROSSANO VENETO,12
7548285,2025,73472.63,75.0,26.0,N.A.,ISTITUTO COMPRENSIVO SANTA LUCIA DI PIAVE,3
7548350,2025,278413.39,41.0,17.0,N.A.,ISTITUTO COMPRENSIVO CASTELCOVATI,10
7548372,2025,85311.59,72.0,26.0,N.A.,ISTITUTO COMPRENSIVO SAN FIOR,7
7548441,2024,96964.32,20.0,37.0,N.A.,ISTITUTO COMPRENSIVO DI CASTEL SAN PIETRO TERME,11
7548441,2025,188913.09,20.0,37.0,N.A.,ISTITUTO COMPRENSIVO DI CASTEL SAN PIETRO TERME,12
7548445,2024,131244.38,56.0,17.0,N.A.,ISTITUTO COMPRENSIVO STATALE DI COCCAGLIO,12
7548445,2025,192687.56,56.0,17.0,N.A.,ISTITUTO COMPRENSIVO STATALE DI COCCAGLIO,12
7548449,2024,88113.31,20.0,37.0,N.A.,DIREZIONE DIDATTICA STATALE DI CASTEL SAN PIETRO TERME,12
7548449,2025,139181.23,20.0,37.0,N.A.,DIREZIONE DIDATTICA STATALE DI CASTEL SAN PIETRO TERME,11
7548469,2024,114351.33,32.0,37.0,N.A.,ISTITUTO COMPRENSIVO N.7 VIA VIVALDI IMOLA,12
7548469,2025,366023.64,32.0,37.0,N.A.,ISTITUTO COMPRENSIVO N.7 VIA VIVALDI IMOLA,12
7548474,2024,71495.14,176.0,16.0,N.A.,ISTITUTO SUPERIORE STATALE MAIRONI DA PONTE,5
7548474,2025,621593.0,176.0,16.0,N.A.,ISTITUTO SUPERIORE STATALE MAIRONI DA PONTE,12
7548501,2024,14669.25,32.0,37.0,N.A.,ISTITUTO COMPRENSIVO N. 2 - IMOLA,3
7548501,2025,281913.9,32.0,37.0,N.A.,ISTITUTO COMPRENSIVO N. 2 - IMOLA,12
7548549,2024,72178.84,32.0,37.0,N.A.,ISTITUTO COMPRENSIVO N.4 VIA GUICCIARDINI - IMOLA,8
7548549,2025,455837.1,32.0,37.0,N.A.,ISTITUTO COMPRENSIVO N.4 VIA GUICCIARDINI - IMOLA,12
7548577,2025,118095.01,19.0,26.0,N.A.,ISTITUTO COMPRENSIVO STATALE DI CODOGNE' E GAIARINE,8
7548608,2025,132641.02,22.0,25.0,N.A.,ISTITUTO COMPRENSIVO DI FONZASO E LAMON,10
7548763,2024,250503.91999999998,95.0,13.0,N.A.,LICEO STATALE CARLO PORTA DI ERBA,12
7548763,2025,255491.94,95.0,13.0,N.A.,LICEO STATALE CARLO PORTA DI ERBA,12
7548794,2025,48656.15,46.0,16.0,N.A.,ISTITUTO COMPRENSIVO DI CALUSCO D'ADDA,9
7548815,2024,35728.479999999996,10.0,70.0,N.A.,ISTITUTO OMNICOMPRENSIVO ICS - CAMPOMARINO,8
7548815,2025,343470.34,10.0,70.0,N.A.,ISTITUTO OMNICOMPRENSIVO ICS - CAMPOMARINO,12
7548854,2024,37573.38,51.0,70.0,N.A.,"ISTITUTO COMPRENSIVO """"V. CUOCO",6
7548854,2025,164009.26,51.0,70.0,N.A.,"ISTITUTO COMPRENSIVO """"V. CUOCO",12
7548857,2024,89528.29999999999,109.0,19.0,N.A.,ISTITUTO COMPRENSIVO TRESCORE CREMASCO,8
7548857,2025,242292.9,109.0,19.0,N.A.,ISTITUTO COMPRENSIVO TRESCORE CREMASCO,12
7548904,2024,81715.79000000001,42.0,27.0,N.A.,ISTITUTO TECNICO STATALE CARLO ZUCCANTE,6
7548904,2025,227121.0,42.0,27.0,N.A.,ISTITUTO TECNICO STATALE CARLO ZUCCANTE,12
7549178,2024,138735.78,160.0,79.0,N.A.,ISTITUTO COMPRENSIVO LAMEZIA BORRELLO-FIORENTINO,6
7549178,2025,289140.85,160.0,79.0,N.A.,ISTITUTO COMPRENSIVO LAMEZIA BORRELLO-FIORENTINO,12
7549179,2024,5459.63,11.0,81.0,N.A.,ISTITUTO COMPRENSIVO STEFANO PELLEGRINO,3
7549179,2025,258683.89,11.0,81.0,N.A.,ISTITUTO COMPRENSIVO STEFANO PELLEGRINO,12
7549214,2024,107640.88,160.0,79.0,N.A.,ISTITUTO TECNICO ECONOMICO VALENTINO DE FAZIO,11
7549252,2024,51474.68,160.0,79.0,N.A.,"LICEO STATALE """"TOMMASO CAMPANELLA"""" - LAMEZIA TERME",12
7549258,2024,203902.68,160.0,79.0,N.A.,ISTITUTO COMPRENSIVO ARDITO - DON BOSCO,12
7549258,2025,256639.89,160.0,79.0,N.A.,ISTITUTO COMPRENSIVO ARDITO - DON BOSCO,12
7549282,2024,68877.9,83.0,63.0,N.A.,ISTITUTO DI ISTRUZIONE SUPERIORE G. MARCONI,4
7549282,2025,909575.0499999999,83.0,63.0,N.A.,ISTITUTO DI ISTRUZIONE SUPERIORE G. MARCONI,12
7549308,2024,23416.94,32.0,34.0,N.A.,ISTITUTO COMPRENSIVO SALSOMAGGIORE,3
7549308,2025,262252.29,32.0,34.0,N.A.,ISTITUTO COMPRENSIVO SALSOMAGGIORE,12
7549335,2024,14218.77,57.0,41.0,N.A.,ISTITUTO COMPRENSIVO S.ANGELO IN VADO - MERCATELLO SUL METAURO - BORGO PACE,7
7549335,2025,70940.26,57.0,41.0,N.A.,ISTITUTO COMPRENSIVO S.ANGELO IN VADO - MERCATELLO SUL METAURO - BORGO PACE,11
7549351,2025,231137.9,62.0,19.0,N.A.,ISTITUTO COMPRENSIVO GIOVANNI FALCONE E PAOLO BORSELLINO,11
7549442,2025,401146.01999999996,24.0,63.0,N.A.,LICEO CLASSICO STATALE PLINIO SENIORE,9
7549503,2025,76326.61,46.0,63.0,N.A.,LICEO CLASSICO - LINGUISTICO E SCIENZE UMANE PUBLIO VIRGILIO MARONE,3
7549581,2025,154712.91,83.0,63.0,N.A.,LICEO ARTISTICO E DELLE SCIENZE UMANE GIORGIO DE CHIRICO,7
7549667,2024,61508.39,40.0,12.0,N.A.,ISTITUTO COMPRENSIVO STATALE DANTE ALIGHIERI,11
7549667,2025,341745.18,40.0,12.0,N.A.,ISTITUTO COMPRENSIVO STATALE DANTE ALIGHIERI,12
7549688,2024,53493.29,55.0,63.0,N.A.,ISTITUTO COMPRENSIVO STATALE E. DE FILIPPO POGGIOMARINO,6
7549688,2025,238071.61,55.0,63.0,N.A.,ISTITUTO COMPRENSIVO STATALE E. DE FILIPPO POGGIOMARINO,11
7549731,2025,249675.6,58.0,63.0,N.A.,LICEO SCIENTIFICO E. PASCAL,2
7549782,2025,806702.66,80.0,63.0,N.A.,LICEO SCIENTIFICO GAETANO SALVEMINI,10
7549863,2025,113479.9,42.0,27.0,N.A.,ISTITUTO COMPRENSIVO STATALE DON LORENZO MILANI,8
7549866,2024,49771.76,28.0,27.0,N.A.,ISTITUTO COMPRENSIVO GIOVANNI XXIII,11
7549866,2025,192142.68,28.0,27.0,N.A.,ISTITUTO COMPRENSIVO GIOVANNI XXIII,12
7550157,2024,73379.04,106.0,12.0,N.A.,ISTITUTO COMPRENSIVO MORNAGO - G.PASCOLI,12
7550157,2025,288853.7,106.0,12.0,N.A.,ISTITUTO COMPRENSIVO MORNAGO - G.PASCOLI,12
7550384,2024,19244.05,30.0,36.0,N.A.,ISTRUZIONE SECONDARIA SUPERIORE G.A. CAVAZZI,5
7550384,2025,599112.05,30.0,36.0,N.A.,ISTRUZIONE SECONDARIA SUPERIORE G.A. CAVAZZI,12
7550778,2025,101243.41,16.0,89.0,N.A.,ISTITUTO DI ISTRUZIONE SECONDARIA SUPERIORE ARCHIMEDE,4
7550804,2024,52964.76,39.0,75.0,N.A.,ISTITUTO ISTRUZIONE SECONDARIA SUPERIORE EGIDIO LANOCE,4
7550804,2025,470051.27,39.0,75.0,N.A.,ISTITUTO ISTRUZIONE SECONDARIA SUPERIORE EGIDIO LANOCE,12
7550818,2024,9728.880000000001,41.0,84.0,N.A.,ISTITUTO COMPRENSIVO STATALE MARIANO ROSSI,4
7550818,2025,118689.08,41.0,84.0,N.A.,ISTITUTO COMPRENSIVO STATALE MARIANO ROSSI,12
7550987,2025,89876.41,75.0,17.0,N.A.,ISTITUTO COMPRENSIVO STATALE DI GARDONE VAL TROMPIA,8
7550995,2025,54578.17,75.0,66.0,N.A.,ISTITUTO COMPRENSIVO G.TEDESCHI,8
7550996,2024,92322.98,104.0,17.0,N.A.,ISTITUTO COMPRENSIVO DI MARCHENO,11
7550996,2025,208473.24,104.0,17.0,N.A.,ISTITUTO COMPRENSIVO DI MARCHENO,12
7551174,2025,166476.13999999998,106.0,83.0,N.A.,ISTITUTO COMPRENSIVO TERME VIGLIATORE,9
7551231,2024,60896.7,65.0,14.0,N.A.,ISTITUTO COMPRENSIVO DI TEGLIO,12
7551231,2025,81849.57,65.0,14.0,N.A.,ISTITUTO COMPRENSIVO DI TEGLIO,12
7551270,2024,75558.31,5.0,25.0,N.A.,ISTITUTO COMPRENSIVO AURONZO DI CADORE,11
7551270,2025,78210.55,5.0,25.0,N.A.,ISTITUTO COMPRENSIVO AURONZO DI CADORE,12
7551317,2025,3272.4,142.0,16.0,N.A.,ISTITUTO COMPRENSIVO LEONARDO DA VINCI,1
7551392,2024,25662.11,100.0,24.0,N.A.,"ISTITUTO COMPRENSIVO """"DON AGOSTINO BATTISTELLA"""" SCHIO",8
7551392,2025,217365.96,100.0,24.0,N.A.,"ISTITUTO COMPRENSIVO """"DON AGOSTINO BATTISTELLA"""" SCHIO",12
7551592,2025,7441.74,7.0,24.0,N.A.,ISTITUTO COMPRENSIVO P. MAROCCO,2
7551632,2024,5440.43,100.0,24.0,N.A.,ISTITUTO COMPRENSIVO 3 SCHIO IL TESSITORE,2
7551632,2025,162757.11,100.0,24.0,N.A.,ISTITUTO COMPRENSIVO 3 SCHIO IL TESSITORE,12
7551665,2024,91219.87,50.0,25.0,N.A.,ISTITUTO COMPRENSIVO DI SANTO STEFANO DI CADORE E COMELICO SUPERIORE,12
7551665,2025,140576.88,50.0,25.0,N.A.,ISTITUTO COMPRENSIVO DI SANTO STEFANO DI CADORE E COMELICO SUPERIORE,12
7551780,2024,115706.66,81.0,6.0,N.A.,ISTITUTO COMPRENSIVO CORNELIO DE SIMONI DI GAVI,12
7551780,2025,135658.65,81.0,6.0,N.A.,ISTITUTO COMPRENSIVO CORNELIO DE SIMONI DI GAVI,11
7551782,2024,89948.28,29.0,58.0,N.A.,ISTITUTO COMPRENSIVO CENA,7
7551782,2025,157604.25,29.0,58.0,N.A.,ISTITUTO COMPRENSIVO CENA,12
7551792,2024,24069.93,100.0,24.0,N.A.,ISTITUTO COMPRENSIVO ARNALDO FUSINATO DI SCHIO E SANTORSO,7
7551792,2025,269997.38,100.0,24.0,N.A.,ISTITUTO COMPRENSIVO ARNALDO FUSINATO DI SCHIO E SANTORSO,12
7551817,2024,103164.98,55.0,24.0,N.A.,ISTITUTO COMPRENSIVO G. CISCATO MALO,6
7551817,2025,378185.73,55.0,24.0,N.A.,ISTITUTO COMPRENSIVO G. CISCATO MALO,12
7551968,2024,104670.17,37.0,14.0,N.A.,ISTITUTO COMPRENSIVO LUIGI CREDARO DI LIVIGNO,11
7551968,2025,167651.4,37.0,14.0,N.A.,ISTITUTO COMPRENSIVO LUIGI CREDARO DI LIVIGNO,12
7551991,2024,46955.729999999996,29.0,72.0,N.A.,LICEO STATALE VITO FORNARI,4
7551991,2025,303458.93,29.0,72.0,N.A.,LICEO STATALE VITO FORNARI,12
7552081,2024,215316.2,42.0,97.0,N.A.,LICEO CLASSICO ALESSANDRO MANZONI,12
7552081,2025,264806.82,42.0,97.0,N.A.,LICEO CLASSICO ALESSANDRO MANZONI,12
7552113,2024,8961.41,74.0,12.0,N.A.,ISTITUTO COMPRENSIVO STATALE E. CURTI DI GEMONIO,2
7552113,2025,114755.97,74.0,12.0,N.A.,ISTITUTO COMPRENSIVO STATALE E. CURTI DI GEMONIO,12
7552117,2024,3246.4,62.0,12.0,N.A.,ISTITUTO COMPRENSIVO STATALE DANTE ALIGHIERI,2
7552117,2025,94014.95,62.0,12.0,N.A.,ISTITUTO COMPRENSIVO STATALE DANTE ALIGHIERI,12
7552122,2024,71325.63,31.0,12.0,N.A.,"ISTITUTO COMPRENSIVO """"G. E A. FRATTINI",12
7552122,2025,182777.8,31.0,12.0,N.A.,"ISTITUTO COMPRENSIVO """"G. E A. FRATTINI",12
7552176,2024,135309.32,87.0,12.0,N.A.,ISTITUTO COMPRENSIVO MONTEGGIA,12
7552176,2025,144739.24,87.0,12.0,N.A.,ISTITUTO COMPRENSIVO MONTEGGIA,12
7552182,2025,28637.719999999998,9.0,27.0,N.A.,ISTITUTO COMPRENSIVO IPPOLITO NIEVO,3
7552195,2024,38013.76,85.0,26.0,N.A.,ISTITUTO COMPRENSIVO STATALE G. FALCONE E P.BORSELLINO DI TREVIGNANO,6
7552195,2025,206159.94,85.0,26.0,N.A.,ISTITUTO COMPRENSIVO STATALE G. FALCONE E P.BORSELLINO DI TREVIGNANO,12
7552215,2025,280719.58,46.0,26.0,N.A.,LICEO ANGELA VERONESE,7
7552310,2025,11960.019999999999,83.0,97.0,N.A.,ISTITUTO COMPRENSIVO STATALE VALMADRERA,2
7552312,2024,163667.15000000002,128.0,12.0,N.A.,ISTITUTO COMPRENSIVO G.LEVA DI TRAVEDONA - MONATE,6
7552312,2025,235687.64,128.0,12.0,N.A.,ISTITUTO COMPRENSIVO G.LEVA DI TRAVEDONA - MONATE,12
7552341,2024,49025.36,29.0,97.0,N.A.,"ISTITUTO COMPRENSIVO """"S. GIOV. BOSCO"""" CREMENO",8
7552341,2025,214106.77,29.0,97.0,N.A.,"ISTITUTO COMPRENSIVO """"S. GIOV. BOSCO"""" CREMENO",12
7552349,2025,83679.37,23.0,97.0,N.A.,ISTITUTO COMPRENSIVO STATALE GALILEO GALILEI,10
7552358,2024,394829.52,30.0,108.0,N.A.,ISTITUTO P.S.S.C.T.S. L. MILANI,12
7552358,2025,475066.68,30.0,108.0,N.A.,ISTITUTO P.S.S.C.T.S. L. MILANI,12
7552360,2024,111482.81,8.0,97.0,N.A.,ISTITUTO COMPRENSIVO MONS. LUIGI VITALI DI BELLANO,10
7552360,2025,199546.74,8.0,97.0,N.A.,ISTITUTO COMPRENSIVO MONS. LUIGI VITALI DI BELLANO,12
7552394,2024,80947.8,59.0,97.0,N.A.,"ISTITUTO COMPRENSIVO """"G.CARDUCCI"""" OLGINATE",12
7552394,2025,96182.06,59.0,97.0,N.A.,"ISTITUTO COMPRENSIVO """"G.CARDUCCI"""" OLGINATE",11
7552429,2024,81059.08,30.0,108.0,N.A.,ISTITUTO COMPRENSIVO VIA CIALDINI DI MEDA,12
7552429,2025,186586.21,30.0,108.0,N.A.,ISTITUTO COMPRENSIVO VIA CIALDINI DI MEDA,12
7552470,2024,21039.96,40.0,108.0,N.A.,ISTITUTO COMPRENSIVO VIA ADUA - SEVESO,8
7552470,2025,203058.54,40.0,108.0,N.A.,ISTITUTO COMPRENSIVO VIA ADUA - SEVESO,12
7552477,2025,44341.81,3.0,108.0,N.A.,ISTITUTO COMPRENSIVO ALBIATE E TRIUGGIO,1
7552497,2025,243070.68,24.0,108.0,N.A.,ISTITUTO COMPRENSIVO GABRIO PIOLA,10
7552743,2024,52807.49,60.0,15.0,N.A.,ISTITUTO COMPRENSIVO CASSINA DE' PECCHI,3
7552743,2025,271808.44,60.0,15.0,N.A.,ISTITUTO COMPRENSIVO CASSINA DE' PECCHI,12
7552988,2024,13372.07,92.0,26.0,N.A.,ISTITUTO COMPRENSIVO VITTORIO VENETO 1 DA PONTE,2
7552988,2025,167628.11,92.0,26.0,N.A.,ISTITUTO COMPRENSIVO VITTORIO VENETO 1 DA PONTE,12
7553064,2024,292617.98,92.0,17.0,N.A.,ISTITUTO DI ISTRUZIONE SUPERIORE L. CEREBOTANI,10
7553064,2025,832226.33,92.0,17.0,N.A.,ISTITUTO DI ISTRUZIONE SUPERIORE L. CEREBOTANI,11
7553088,2025,24366.6,95.0,6.0,N.A.,ISTITUTO COMPRENSIVO STATALE DI MOLARE,3
7553107,2024,124712.84,121.0,6.0,N.A.,ISTITUTO COMPRENSIVO SANDRO PERTINI OVADA,12
7553107,2025,166107.49,121.0,6.0,N.A.,ISTITUTO COMPRENSIVO SANDRO PERTINI OVADA,12
7553177,2025,131496.9,252.0,13.0,N.A.,ISTITUTO COMPRENSIVO DELLA TREMEZZINA,8
7553205,2024,21241.81,90.0,13.0,N.A.,ISTITUTO COMPRENSIVO DONGO,9
7553213,2024,10905.34,145.0,13.0,N.A.,ISTITUTO COMPRENSIVO MENAGGIO,2
7553213,2025,103027.94,145.0,13.0,N.A.,ISTITUTO COMPRENSIVO MENAGGIO,11
7553231,2024,97623.38,10.0,54.0,N.A.,ISTITUTO OMNICOMPRENSIVO G. PONTANO CERRETO DI SPOLETO - SELLANO,9
7553231,2025,349741.73,10.0,54.0,N.A.,ISTITUTO OMNICOMPRENSIVO G. PONTANO CERRETO DI SPOLETO - SELLANO,12
7553280,2025,26849.22,76.0,12.0,N.A.,ISTITUTO COMPRENSIVO GERMIGNAGA,2
7553285,2024,21190.09,102.0,12.0,N.A.,ISTITUTO COMPRENSIVO STATALE DOMENICO ZURETTI,11
7553285,2025,34850.95,102.0,12.0,N.A.,ISTITUTO COMPRENSIVO STATALE DOMENICO ZURETTI,11
7553287,2025,6910.1900000000005,86.0,58.0,N.A.,ISTITUTO COMPRENSIVO LEONIDA MONTANARI,2
7553304,2025,126183.44,149.0,65.0,N.A.,ISTITUTO OMNICOMPRENSIVO DI TORRE ORSAIA AUTONOMIA 168,8
7553323,2024,129128.95999999999,189.0,13.0,N.A.,ISTITUTO COMPRENSIVO DI PORLEZZA,12
7553323,2025,201424.51,189.0,13.0,N.A.,ISTITUTO COMPRENSIVO DI PORLEZZA,12
7553353,2024,67327.43,250.0,13.0,N.A.,ISTITUTO COMPRENSIVO DI BELLAGIO,11
7553353,2025,105994.47,250.0,13.0,N.A.,ISTITUTO COMPRENSIVO DI BELLAGIO,11
7553433,2024,355091.51,153.0,22.0,N.A.,"ISTITUTO COMPRENSIVO RIVA 2 """"LUIGI PIZZINI",12
7553433,2025,876629.9500000001,153.0,22.0,N.A.,"ISTITUTO COMPRENSIVO RIVA 2 """"LUIGI PIZZINI",12
7553443,2024,204493.8,153.0,22.0,N.A.,"ISTITUTO TECNICO ECONOMICO E TECNOLOGICO """"GIACOMO FLORIANI",12
7553443,2025,699224.97,153.0,22.0,N.A.,"ISTITUTO TECNICO ECONOMICO E TECNOLOGICO """"GIACOMO FLORIANI",12
7553447,2024,143775.41,3.0,30.0,N.A.,ISTITUTO COMPRENSIVO VAL TAGLIAMENTO - AMPEZZO,12
7553447,2025,208853.1,3.0,30.0,N.A.,ISTITUTO COMPRENSIVO VAL TAGLIAMENTO - AMPEZZO,12
7553469,2024,36793.8,19.0,27.0,N.A.,ISTITUTO COMPRENSIVO G. D'ANNUNZIO,9
7553469,2025,233317.6,19.0,27.0,N.A.,ISTITUTO COMPRENSIVO G. D'ANNUNZIO,12
7553475,2024,12883.16,118.0,15.0,N.A.,ISTITUTO COMPRENSIVO ALESSANDRO MANZONI - LEGNANO,5
7553475,2025,116037.22,118.0,15.0,N.A.,ISTITUTO COMPRENSIVO ALESSANDRO MANZONI - LEGNANO,12
7553486,2025,55490.409999999996,118.0,15.0,N.A.,ISTITUTO COMPRENSIVO VIA DEI SALICI,4
7553607,2025,188467.91999999998,108.0,83.0,N.A.,ISTITUTO COMPRENSIVO TORRENOVA,10
7553640,2024,121517.86,145.0,13.0,N.A.,ISTITUTO DI ISTRUZIONE SUPERIORE STATALE EZIO VANONI,10
7553640,2025,275650.66000000003,145.0,13.0,N.A.,ISTITUTO DI ISTRUZIONE SUPERIORE STATALE EZIO VANONI,12
7553770,2024,8495.71,118.0,24.0,N.A.,ISTITUTO COMPRENSIVO CARLO GOLDONI DI VILLAVERLA,1
7553770,2025,204012.78,118.0,24.0,N.A.,ISTITUTO COMPRENSIVO CARLO GOLDONI DI VILLAVERLA,12
7553830,2024,26847.769999999997,97.0,24.0,N.A.,ISTITUTO COMPRENSIVO SARCEDO T. VECELLIO,6
7553830,2025,257208.46,97.0,24.0,N.A.,ISTITUTO COMPRENSIVO SARCEDO T. VECELLIO,12
7553869,2024,46861.33,56.0,24.0,N.A.,ISTITUTO COMPRENSIVO MARANO VICENTINO,9
7553869,2025,112182.98,56.0,24.0,N.A.,ISTITUTO COMPRENSIVO MARANO VICENTINO,12
7553900,2024,81942.28,77.0,103.0,N.A.,ISTITUTO COMPRENSIVO STATALE VALTOCE,12
7553900,2025,214128.98,77.0,103.0,N.A.,ISTITUTO COMPRENSIVO STATALE VALTOCE,11
7553929,2025,318804.44,130.0,4.0,N.A.,ISTITUTO DI ISTRUZIONE SUPERIORE GIOLITTI - BELLISARIO,9
7553995,2025,283989.65,5.0,100.0,N.A.,ISTITUTO PROFESSIONALE STATALE GUGLIELMO MARCONI,7
7554096,2024,159526.79,31.0,98.0,N.A.,ISTITUTO COMPRENSIVO LODI V.F. CAZZULANI,12
7554096,2025,257995.23,31.0,98.0,N.A.,ISTITUTO COMPRENSIVO LODI V.F. CAZZULANI,12
7554141,2024,128254.81,169.0,15.0,N.A.,ISTITUTO COMPRENSIVO EUGENIO CURIEL,10
7554141,2025,243416.47,169.0,15.0,N.A.,ISTITUTO COMPRENSIVO EUGENIO CURIEL,12
7554305,2025,222644.68,29.0,79.0,N.A.,ISTITUTO DI ISTRUZIONE SUPERIORE ENZO FERRARI,9
7554342,2025,166281.66999999998,48.0,76.0,N.A.,ISTITUTO COMPRENSIVO STATALE BERARDI - NITTI,8
7554376,2024,5596.87,111.0,24.0,N.A.,ISTITUTO DI ISTRUZIONE SUPERIORE G. G. TRISSINO,1
7554376,2025,200777.03,111.0,24.0,N.A.,ISTITUTO DI ISTRUZIONE SUPERIORE G. G. TRISSINO,12
7554377,2024,55555.380000000005,48.0,76.0,N.A.,ISTITUTO DI ISTRUZIONE SUPERIORE FEDERICO II DI SVEVIA,6
7554377,2025,496520.07999999996,48.0,76.0,N.A.,ISTITUTO DI ISTRUZIONE SUPERIORE FEDERICO II DI SVEVIA,12
7554378,2024,300142.69,119.0,12.0,N.A.,ISTITUTO TECNICO INDUSTRIALE STATALE GIULIO RIVA,12
7554378,2025,343236.64,119.0,12.0,N.A.,ISTITUTO TECNICO INDUSTRIALE STATALE GIULIO RIVA,12
7554402,2024,159042.2,113.0,17.0,N.A.,ISTITUTO COMPRENSIVO STATALE 2 RITA LEVI MONTALCINI,7
7554402,2025,267500.85,113.0,17.0,N.A.,ISTITUTO COMPRENSIVO STATALE 2 RITA LEVI MONTALCINI,12
7554403,2025,180132.08,111.0,24.0,N.A.,ISTITUTO COMPRENSIVO 2 VALDAGNO,11
7554415,2024,2150.35,28.0,24.0,N.A.,ISTITUTO COMPRENSIVO E. FERMI DI CASTELGOMBERTO,2
7554415,2025,96633.9,28.0,24.0,N.A.,ISTITUTO COMPRENSIVO E. FERMI DI CASTELGOMBERTO,12
7554424,2025,78477.85,34.0,24.0,N.A.,ISTITUTO COMPRENSIVO A. CROSARA,9
7554458,2025,159896.16,113.0,17.0,N.A.,ISTITUTO DI ISTRUZIONE SUPERIORE DON MILANI,5
7554561,2024,435278.67,119.0,12.0,N.A.,LICEO CLASSICO S.M. LEGNANI,11
7554561,2025,630186.18,119.0,12.0,N.A.,LICEO CLASSICO S.M. LEGNANI,12
7554699,2024,424039.37,161.0,22.0,N.A.,ISTITUTO TECNICO ECONOMICO E TECNOLOGICO FELICE E GREGORIO FONTANA,12
7554699,2025,696276.7,161.0,22.0,N.A.,ISTITUTO TECNICO ECONOMICO E TECNOLOGICO FELICE E GREGORIO FONTANA,12
7554726,2024,120747.98,53.0,6.0,N.A.,ISTITUTO COMPRENSIVO BASSA VALLE SCRIVIA,12
7554726,2025,201772.09,53.0,6.0,N.A.,ISTITUTO COMPRENSIVO BASSA VALLE SCRIVIA,12
7554791,2024,613880.16,161.0,22.0,N.A.,"ISTITUTO TECNICO TECNOLOGICO """"GUGLIELMO MARCONI",12
7554791,2025,1106450.48,161.0,22.0,N.A.,"ISTITUTO TECNICO TECNOLOGICO """"GUGLIELMO MARCONI",12
7554838,2024,499594.53,161.0,22.0,N.A.,LICEO FABIO FILZI DI ROVERETO,12
7554838,2025,530599.66,161.0,22.0,N.A.,LICEO FABIO FILZI DI ROVERETO,12
7554900,2024,293808.43,161.0,22.0,N.A.,ISTITUTO COMPRENSIVO ROVERETO NORD,12
7554900,2025,546542.72,161.0,22.0,N.A.,ISTITUTO COMPRENSIVO ROVERETO NORD,12
7554932,2024,240245.22,77.0,15.0,N.A.,ISTITUTO COMPRENSIVO BALILLA PAGANELLI,9
7554932,2025,186742.48,77.0,15.0,N.A.,ISTITUTO COMPRENSIVO BALILLA PAGANELLI,12
7554968,2024,443816.51,33.0,108.0,N.A.,LICEO ARTISTICO STATALE DELLA VILLA REALE DI MONZA NANNI VALENTINI,11
7554968,2025,356449.56,33.0,108.0,N.A.,LICEO ARTISTICO STATALE DELLA VILLA REALE DI MONZA NANNI VALENTINI,12
7554984,2024,33935.04,29.0,108.0,N.A.,ISTITUTO COMPRENSIVO G.RODARI - MACHERIO,12
7554984,2025,129974.91,29.0,108.0,N.A.,ISTITUTO COMPRENSIVO G.RODARI - MACHERIO,11
7555152,2024,67786.51,9.0,108.0,N.A.,ISTITUTO COMPRENSIVO S. ANDREA - BIASSONO,12
7555152,2025,179413.84,9.0,108.0,N.A.,ISTITUTO COMPRENSIVO S. ANDREA - BIASSONO,12
7555162,2024,152861.19999999998,242.0,15.0,N.A.,ISTITUTO COMPRENSIVO CLAUDIO ABBADO,12
7555162,2025,299980.77999999997,242.0,15.0,N.A.,ISTITUTO COMPRENSIVO CLAUDIO ABBADO,12
7555165,2024,173222.61000000002,209.0,15.0,N.A.,ISTITUTO COMPRENSIVO STATALE GIUSEPPE ROVANI,12
7555165,2025,215873.68,209.0,15.0,N.A.,ISTITUTO COMPRENSIVO STATALE GIUSEPPE ROVANI,12
7555182,2025,311338.59,33.0,108.0,N.A.,ISTITUTO COMPRENSIVO SALVO D'ACQUISTO,10
7555673,2024,226787.68000000002,125.0,17.0,N.A.,ISTITUTO COMPRENSIVO DI ORZINUOVI,11
7555673,2025,268686.45,125.0,17.0,N.A.,ISTITUTO COMPRENSIVO DI ORZINUOVI,12
7555685,2024,9883.39,122.0,78.0,N.A.,ISTITUTO COMPRENSIVO SAN LUCIDO,1
7555685,2025,120046.79000000001,122.0,78.0,N.A.,ISTITUTO COMPRENSIVO SAN LUCIDO,12
7555729,2024,456684.38,177.0,6.0,N.A.,ISTITUTO DI ISTRUZIONE SUPERIORE BENVENUTO CELLINI,12
7555729,2025,408547.71,177.0,6.0,N.A.,ISTITUTO DI ISTRUZIONE SUPERIORE BENVENUTO CELLINI,12
7555901,2024,726219.68,199.0,22.0,N.A.,ISTITUTO DI ISTRUZIONE LORENZO GUETTI,12
7555901,2025,1240911.22,199.0,22.0,N.A.,ISTITUTO DI ISTRUZIONE LORENZO GUETTI,12
7555919,2024,107152.45,59.0,4.0,N.A.,ISTITUTO COMPRENSIVO DI CAVALLERMAGGIORE,12
7555919,2025,160833.74,59.0,4.0,N.A.,ISTITUTO COMPRENSIVO DI CAVALLERMAGGIORE,12
7556009,2024,135482.92,47.0,58.0,N.A.,ISTITUTO COMPRENSIVO EDUARDO DE FILIPPO - VILLANOVA,12
7556009,2025,305631.99,47.0,58.0,N.A.,ISTITUTO COMPRENSIVO EDUARDO DE FILIPPO - VILLANOVA,12
7556402,2025,546.22,105.0,15.0,N.A.,ISTITUTO COMPRENSIVO STATALE FUTURA,1
7556487,2024,41730.149999999994,73.0,82.0,N.A.,ISTITUTO COMPRENSIVO STATALE GIOVANNI XXIII,4
7556487,2025,234191.43,73.0,82.0,N.A.,ISTITUTO COMPRENSIVO STATALE GIOVANNI XXIII,12
7556540,2025,179719.66999999998,170.0,17.0,N.A.,ISTITUTO TECNICO STATALE CESARE BATTISTI,9
7556664,2024,143703.54,204.0,17.0,N.A.,ISTITUTO COMPRENSIVO DI VOBARNO,12
7556664,2025,188856.05,204.0,17.0,N.A.,ISTITUTO COMPRENSIVO DI VOBARNO,12
7556679,2024,25751.02,44.0,108.0,N.A.,ISTITUTO COMPRENSIVO LINA MANDELLI - USMATE VELATE,2
7556679,2025,129739.2,44.0,108.0,N.A.,ISTITUTO COMPRENSIVO LINA MANDELLI - USMATE VELATE,12
7556721,2025,225182.55,155.0,17.0,N.A.,ISTITUTO COMPRENSIVO DI PREVALLE,10
7556768,2024,26948.95,195.0,17.0,N.A.,ISTITUTO COMPRENSIVO STATALE DI VEROLANUOVA,12
7556768,2025,256536.84,195.0,17.0,N.A.,ISTITUTO COMPRENSIVO STATALE DI VEROLANUOVA,12
7556773,2024,58807.53,80.0,17.0,N.A.,ISTITUTO COMPRENSIVO GOTTOLENGO,9
7556773,2025,312001.09,80.0,17.0,N.A.,ISTITUTO COMPRENSIVO GOTTOLENGO,12
7556789,2024,23818.75,66.0,17.0,N.A.,ISTITUTO COMPRENSIVO AGOSTI,12
7556789,2025,142349.36000000002,66.0,17.0,N.A.,ISTITUTO COMPRENSIVO AGOSTI,12
7557094,2024,67790.81999999999,77.0,16.0,N.A.,ISTITUTO DI ISTRUZIONE SUPERIORE ANDREA FANTONI,6
7557094,2025,312879.44,77.0,16.0,N.A.,ISTITUTO DI ISTRUZIONE SUPERIORE ANDREA FANTONI,12
7557465,2024,299106.83,111.0,16.0,N.A.,ISTITUTO STATALE DI ISTRUZIONE SECONDARIA SUPERIORE VALLE SERIANA,10
7557465,2025,619257.75,111.0,16.0,N.A.,ISTITUTO STATALE DI ISTRUZIONE SECONDARIA SUPERIORE VALLE SERIANA,12
7557595,2025,343893.23,15.0,39.0,N.A.,ISTITUTO PROFESSIONALE ALBERGHIERO P. ARTUSI,9
7557675,2024,84222.08,61.0,24.0,N.A.,ISTITUTO COMPRENSIVO 1 A.FRANK,12
7557675,2025,165866.36,61.0,24.0,N.A.,ISTITUTO COMPRENSIVO 1 A.FRANK,12
7558060,2025,237071.04,3.0,87.0,N.A.,ISTITUTO COMPRENSIVO SEBASTIANO SCANDURA,9
7558633,2025,166966.93,12.0,31.0,N.A.,ISTITUTO DI ISTRUZIONE SUPERIORE SANDRO PERTINI,7
7558726,2025,220301.59,35.0,63.0,N.A.,ISTITUTO DI ISTRUZIONE SUPERIORE DON LORENZO MILANI - GRAGNANO,4
7559153,2024,124063.96,27.0,59.0,N.A.,ISTITUTO COMPRENSIVO DONNA LEILA CAETANI,12
7559153,2025,224806.74,27.0,59.0,N.A.,ISTITUTO COMPRENSIVO DONNA LEILA CAETANI,12
7559563,2025,147175.17,27.0,108.0,N.A.,ISTITUTO DI ISTRUZIONE SUPERIORE LUIGI CASTIGLIONI,6
7559622,2025,332412.86,23.0,44.0,N.A.,ISTITUTO DI ISTRUZIONE SUPERIORE FAZZINI - MERCANTINI,8
7559826,2024,66573.94,12.0,101.0,N.A.,ISTITUTO COMPRENSIVO A. F. DI BONA,2
7559826,2025,351173.36,12.0,101.0,N.A.,ISTITUTO COMPRENSIVO A. F. DI BONA,12
7560013,2024,436684.29,120.0,12.0,N.A.,ISTITUTO ISTRUZIONE SECONDARIA SUPERIORE CARLO ALBERTO DALLA CHIESA,12
7560013,2025,692110.24,120.0,12.0,N.A.,ISTITUTO ISTRUZIONE SECONDARIA SUPERIORE CARLO ALBERTO DALLA CHIESA,12
7560051,2024,42008.58,16.0,116.0,N.A.,ISTITUTO COMPRENSIVO TERTENIA,1
7560051,2025,103093.98,16.0,116.0,N.A.,ISTITUTO COMPRENSIVO TERTENIA,12
7560274,2024,34641.65,66.0,41.0,N.A.,ISTITUTO OMNICOMPRENSIVO STATALE DELLA ROVERE,3
7560274,2025,460699.95,66.0,41.0,N.A.,ISTITUTO OMNICOMPRENSIVO STATALE DELLA ROVERE,11
7560780,2025,296481.32,67.0,41.0,N.A.,ISTITUTO TECNICO INDUSTRIALE STATALE E. MATTEI,8
7561024,2024,30298.68,14.0,34.0,N.A.,DIREZIONE DIDATTICA FIDENZA ILARIA ALPI,3
7561024,2025,173728.44,14.0,34.0,N.A.,DIREZIONE DIDATTICA FIDENZA ILARIA ALPI,12
7561811,2024,419846.35,66.0,14.0,N.A.,ISTITUTO DI ISTRUZIONE SUPERIORE BALILLA PINCHETTI,12
7561811,2025,319498.36,66.0,14.0,N.A.,ISTITUTO DI ISTRUZIONE SUPERIORE BALILLA PINCHETTI,12
7561833,2024,69395.05,72.0,12.0,N.A.,ISTITUTO DI ISTRUZIONE SUPERIORE E. STEIN,3
7561833,2025,765598.51,72.0,12.0,N.A.,ISTITUTO DI ISTRUZIONE SUPERIORE E. STEIN,12
7562386,2025,194929.37,160.0,79.0,N.A.,ISTITUTO COMPRENSIVO GATTI - MANZONI - AUGRUSO,10
7562710,2025,108346.06,20.0,44.0,N.A.,ISTITUTO COMPRENSIVO STATALE FOLIGNANO - MALTIGNANO,8
7562861,2025,532339.63,54.0,37.0,N.A.,ISTITUTO DI ISTRUZIONE SUPERIORE ENRICO MATTEI,8
7563110,2024,458120.3,62.0,22.0,N.A.,"ISTITUTO TECNICO ECONOMICO E TECNOLOGICO """"CARLO ANTONIO PILATI",11
7563110,2025,474276.54,62.0,22.0,N.A.,"ISTITUTO TECNICO ECONOMICO E TECNOLOGICO """"CARLO ANTONIO PILATI",12
7563337,2025,256145.52,57.0,97.0,N.A.,ISTITUTO DI ISTRUZIONE SUPERIORE STATALE VITTORIO BACHELET,7
7563348,2024,187940.3,9.0,37.0,N.A.,ISTITUTO COMPRENSIVO DI CALDERARA DI RENO,12
7563348,2025,286714.96,9.0,37.0,N.A.,ISTITUTO COMPRENSIVO DI CALDERARA DI RENO,11
7563686,2025,94591.76,38.0,118.0,N.A.,ISTITUTO DI ISTRUZIONE SUPERIORE PRIMO LEVI,7
7564086,2025,150888.02,27.0,34.0,N.A.,ISTITUTO COMPRENSIVO GIACOMO PUCCINI,6
7564254,2025,111609.5,25.0,10.0,N.A.,ISTITUTO COMPRENSIVO SAN GIOVANNI BATTISTA,9
7564343,2024,232123.04,33.0,34.0,N.A.,ISTITUTO SUPERIORE GALILEI - BOCCHIALINI,9
7564343,2025,891601.87,33.0,34.0,N.A.,ISTITUTO SUPERIORE GALILEI - BOCCHIALINI,12
7564684,2025,383078.44,54.0,37.0,N.A.,ISTITUTO D'ISTRUZIONE SUPERIORE ETTORE MAIORANA,9
7564937,2024,108485.35,61.0,98.0,N.A.,ISTITUTO COMPRENSIVO DI ZELO BUON PERSICO,11
7564937,2025,138181.64,61.0,98.0,N.A.,ISTITUTO COMPRENSIVO DI ZELO BUON PERSICO,12
7565276,2024,154606.15,62.0,15.0,N.A.,ISTITUTO DI ISTRUZIONE SUPERIORE GIUSEPPE TORNO,6
7565276,2025,639019.52,62.0,15.0,N.A.,ISTITUTO DI ISTRUZIONE SUPERIORE GIUSEPPE TORNO,12
7565360,2024,10398.119999999999,24.0,24.0,N.A.,ISTITUTO COMPRENSIVO N. REZZARA,3
7565360,2025,151680.05,24.0,24.0,N.A.,ISTITUTO COMPRENSIVO N. REZZARA,12
7566068,2025,470918.74,2.0,63.0,N.A.,ISTITUTO SUPERIORE S. PERTINI,9
7566106,2025,482018.48000000004,92.0,26.0,N.A.,I.P.S.S.E.O.A. ISTITUTO PROFESSIONALE STATALE SERVIZI DI ENOGASTRONOMIA E OSPITALITA' ALBERGHIERA ALFREDO BELTRAME,10
7566243,2024,5223.17,1.0,84.0,N.A.,ISTITUTO TECNICO ECONOMICO E TECNOLOGICO LEONARDO SCIASCIA,1
7566243,2025,761441.28,1.0,84.0,N.A.,ISTITUTO TECNICO ECONOMICO E TECNOLOGICO LEONARDO SCIASCIA,12
7566404,2024,45060.44,36.0,19.0,N.A.,ISTITUTO ISTRUZIONE SUPERIORE ARCANGELO GHILSERI,2
7566404,2025,391990.56,36.0,19.0,N.A.,ISTITUTO ISTRUZIONE SUPERIORE ARCANGELO GHILSERI,12
7566512,2025,14155.47,82.0,61.0,N.A.,ISTITUTO DI ISTRUZIONE SUPERIORE MAJORANA - BACHELET,1
7566770,2025,85310.61,17.0,114.0,N.A.,ISTITUTO COMPRENSIVO CARMINE SORO - DELITALA,11
7567776,2024,199294.61,182.0,15.0,N.A.,LICEO STATALE CLEMENTE REBORA,9
7567776,2025,301167.67,182.0,15.0,N.A.,LICEO STATALE CLEMENTE REBORA,12
7567869,2024,35695.29,108.0,65.0,N.A.,LICEO SCIENTIFICO B. RESCIGNO,4
7567869,2025,703992.59,108.0,65.0,N.A.,LICEO SCIENTIFICO B. RESCIGNO,11
7567950,2024,151873.61000000002,91.0,26.0,N.A.,ISTITUTO TECNICO INDUSTRIALE STATALE MAX PLANCK,7
7567950,2025,712923.89,91.0,26.0,N.A.,ISTITUTO TECNICO INDUSTRIALE STATALE MAX PLANCK,12
7568137,2024,104209.21,174.0,6.0,N.A.,ISTITUTO D'ISTRUZIONE SUPERIORE G. MARCONI,12
7568137,2025,388502.36,174.0,6.0,N.A.,ISTITUTO D'ISTRUZIONE SUPERIORE G. MARCONI,12
7568231,2025,91936.08,86.0,26.0,N.A.,ISTITUTO TECNICO STATALE GIUSEPPE MAZZOTTI,3
7569036,2025,321402.95,164.0,1.0,N.A.,ISTITUTO DI ISTRUZIONE SUPERIORE ERASMO DA ROTTERDAM,7
7569625,2024,100970.94,84.0,63.0,N.A.,ISTITUTO COMPRENSIVO ANGIOLETTI - TORRE DEL GRECO,6
7569625,2025,232082.53,84.0,63.0,N.A.,ISTITUTO COMPRENSIVO ANGIOLETTI - TORRE DEL GRECO,12
7571024,2025,237208.02,65.0,13.0,N.A.,ISTITUTO COMPRENSIVO DI CERNOBBIO,11
7571198,2025,65664.52,215.0,4.0,N.A.,ISTITUTO DI ISTRUZIONE SUPERIORE AIMONE CRAVETTA - GUGLIEMO MARCONI,7
7571285,2024,509949.32,127.0,12.0,N.A.,ISTITUTO DI ISTRUZIONE SUPERIORE DON MILANI,12
7571285,2025,982646.15,127.0,12.0,N.A.,ISTITUTO DI ISTRUZIONE SUPERIORE DON MILANI,12
7571396,2025,146903.2,73.0,12.0,N.A.,ISTITUTO STATALE DI ISTRUZIONE SUPERIORE JOHN MAYNARD KEYNES,6
7571733,2024,285047.09,218.0,16.0,N.A.,"ISTITUTO SUPERIORE """"LORENZO LOTTO",12
7571733,2025,668265.08,218.0,16.0,N.A.,"ISTITUTO SUPERIORE """"LORENZO LOTTO",12
7571742,2024,45749.28,25.0,10.0,N.A.,ISTITUTO COMPRENSIVO OREGINA,12
7571742,2025,133062.51,25.0,10.0,N.A.,ISTITUTO COMPRENSIVO OREGINA,12
7571823,2025,171960.99,116.0,24.0,N.A.,ISTITUTO COMPRENSIVO VICENZA 9,10
7575811,2025,190755.47,70.0,82.0,N.A.,ISTITUTO DI ISTRUZIONE SECONDARIA SUPERIORE STENIO,9
7576222,2024,551594.72,139.0,22.0,N.A.,ISTITUTO DI ISTRUZIONE MARIE CURIE - PERGINE VALSUGANA TN,12
7576222,2025,786632.52,139.0,22.0,N.A.,ISTITUTO DI ISTRUZIONE MARIE CURIE - PERGINE VALSUGANA TN,12
7579732,2024,567613.59,91.0,58.0,N.A.,LICEO GINNASIO STATALE EUGENIO MONTALE,12
7579732,2025,757609.38,91.0,58.0,N.A.,LICEO GINNASIO STATALE EUGENIO MONTALE,12
7579938,2025,24607.28,91.0,58.0,N.A.,ISTITUTO COMPRENSIVO GIANNI RODARI,2
7580516,2025,69500.56999999999,91.0,58.0,N.A.,ISTITUTO COMPRENSIVO ANGELICA BALABANOFF,6
7581710,2024,429540.92,85.0,17.0,N.A.,"ISTITUTO D'ISTRUZIONE SUPERIORE """"G. ANTONIETTI",12
7581710,2025,822557.67,85.0,17.0,N.A.,"ISTITUTO D'ISTRUZIONE SUPERIORE """"G. ANTONIETTI",12
8206811,2024,25623.670000000002,116.0,24.0,N.A.,LICEO DON GIUSEPPE FOGAZZARO,2
8206811,2025,649124.53,116.0,24.0,N.A.,LICEO DON GIUSEPPE FOGAZZARO,12
9145324,2024,102431.67,116.0,24.0,N.A.,ISTITUTO ISTRUZIONE SUPERIORE ALMERICO DA SCHIO,2
9145324,2025,535409.35,116.0,24.0,N.A.,ISTITUTO ISTRUZIONE SUPERIORE ALMERICO DA SCHIO,12
9145786,2024,22939.58,116.0,24.0,N.A.,ISTITUTO TECNICO COMMERCIALE G. PIOVENE,3
9145786,2025,534630.03,116.0,24.0,N.A.,ISTITUTO TECNICO COMMERCIALE G. PIOVENE,11
9145984,2025,40450.880000000005,116.0,24.0,N.A.,ISTITUTO TECNICO ECONOMICO A. FUSINIERI,2
9173581,2024,461354.57,100.0,24.0,N.A.,"ISTITUTO PROFESSIONALE INDUSTRIA E ARTIGIANATO """"G. B. GARBIN",8
9173581,2025,516157.26,100.0,24.0,N.A.,"ISTITUTO PROFESSIONALE INDUSTRIA E ARTIGIANATO """"G. B. GARBIN",12
9181012,2025,200218.98,67.0,41.0,N.A.,LICEO ARTISTICO SCUOLA DEL LIBRO,8
9197659,2024,187466.8,88.0,17.0,N.A.,ISTITUTO D'ISTRUZIONE SECONDARIA SUPERIORE V. CAPIROLA,7
9197659,2025,946052.39,88.0,17.0,N.A.,ISTITUTO D'ISTRUZIONE SECONDARIA SUPERIORE V. CAPIROLA,12
10736473,2024,433731.78,205.0,22.0,N.A.,LICEO ANTONIO ROSMINI TRENTO,12
10736473,2025,975421.65,205.0,22.0,N.A.,LICEO ANTONIO ROSMINI TRENTO,12
10858879,2025,90419.45999999999,12.0,24.0,N.A.,ISTITUTO DI ISTRUZIONE SUPERIORE ALBERTO PAROLINI,3
11094757,2025,112630.4,14.0,39.0,N.A.,LICEO CLASSICO DANTE ALIGHIERI,3
11094825,2025,62684.530000000006,36.0,24.0,N.A.,ISTITUTO COMPRENSIVO ALESSANDRO MANZONI,3
11094828,2025,205902.5,59.0,56.0,N.A.,ISTITUTO COMPRENSIVO ELLERA,11
11094834,2024,32447.120000000003,13.0,24.0,N.A.,ISTITUTO COMPRENSIVO STATALE GIACOMO ZANELLA,7
11094834,2025,188101.2,13.0,24.0,N.A.,ISTITUTO COMPRENSIVO STATALE GIACOMO ZANELLA,12
11094901,2025,627118.0,146.0,15.0,N.A.,ISTITUTO COMPRENSIVO VIA MANIAGO,12
11095118,2024,362665.12,43.0,71.0,N.A.,ISTITUTO DI ISTRUZIONE SUPERIORE MAURO DEL GIUDICE,12
11095399,2024,69951.52,272.0,1.0,N.A.,LICEO SCIENTIFICO STATALE GIORDANO BRUNO,1
11095399,2025,514206.04000000004,272.0,1.0,N.A.,LICEO SCIENTIFICO STATALE GIORDANO BRUNO,12
11096798,2025,10797.810000000001,52.0,14.0,N.A.,ISTITUTO COMPRENSIVO PONTE IN VALTELLINA,2
11096815,2024,13833.25,17.0,70.0,N.A.,ISTITUTO COMPRENSIVO ALESSANDRO MANZONI,12
11096815,2025,104114.45999999999,17.0,70.0,N.A.,ISTITUTO COMPRENSIVO ALESSANDRO MANZONI,12
11096821,2024,71588.22,25.0,51.0,N.A.,ISTITUTO COMPRENSIVO MONTE SAN SAVINO,8
11096821,2025,207201.62,25.0,51.0,N.A.,ISTITUTO COMPRENSIVO MONTE SAN SAVINO,12
11096877,2024,74301.23,36.0,19.0,N.A.,ISTITUTO COMPRENSIVO CREMONA DUE,9
11096877,2025,69629.15,36.0,19.0,N.A.,ISTITUTO COMPRENSIVO CREMONA DUE,12
11096901,2024,8942.08,36.0,19.0,N.A.,ISTITUTO COMPRENSIVO CREMONA TRE,3
11096901,2025,267781.26,36.0,19.0,N.A.,ISTITUTO COMPRENSIVO CREMONA TRE,12
11096997,2025,9782.23,21.0,59.0,N.A.,ISTITUTO COMPRENSIVO ROCCAGORGA - MAENZA,2
11097021,2024,141727.28,6.0,33.0,N.A.,ISTITUTO COMPRENSIVO BORGONOVO VAL TIDONE,12
11097021,2025,254620.68,6.0,33.0,N.A.,ISTITUTO COMPRENSIVO BORGONOVO VAL TIDONE,12
11097046,2024,75655.65000000001,32.0,3.0,N.A.,ISTITUTO COMPRENSIVO FRANCESCO TADINI,12
11097046,2025,229278.38999999998,32.0,3.0,N.A.,ISTITUTO COMPRENSIVO FRANCESCO TADINI,12
11097052,2024,86280.95,154.0,3.0,N.A.,ISTITUTO COMPRENSIVO ANDREA CAMILLERI - VARALLO POMBIA,12
11097052,2025,90623.37,154.0,3.0,N.A.,ISTITUTO COMPRENSIVO ANDREA CAMILLERI - VARALLO POMBIA,12
11097061,2025,71815.04,16.0,52.0,N.A.,ISTITUTO COMPRENSIVO DI MONTERIGGIONI,3
11097115,2024,109800.16,106.0,3.0,N.A.,"LICEO DELLE SCIENZE UMANE """" CONTESSA TORNIELLI BELLINI",8
11097115,2025,223980.81,106.0,3.0,N.A.,"LICEO DELLE SCIENZE UMANE """" CONTESSA TORNIELLI BELLINI",12
11097118,2024,194080.68,116.0,24.0,N.A.,ISTITUTO ISTRUZIONE SUPERIORE ANTONIO CANOVA,10
11097118,2025,418830.01,116.0,24.0,N.A.,ISTITUTO ISTRUZIONE SUPERIORE ANTONIO CANOVA,12
11097151,2025,55428.21,42.0,87.0,N.A.,ISTITUTO COMPRENSIVO STATALE SAN DOMENICO SAVIO,3
11097318,2025,156434.66,21.0,19.0,N.A.,ISTITUTO COMPRENSIVO G. MARCONI,11
11097329,2024,117843.19,46.0,14.0,N.A.,ISTITUTO COMPRENSIVO DI NOVATE MEZZOLA,12
11097329,2025,88001.55,46.0,14.0,N.A.,ISTITUTO COMPRENSIVO DI NOVATE MEZZOLA,12
11097388,2024,42430.549999999996,46.0,40.0,N.A.,ISTITUTO COMPRENSIVO SOGLIANO AL RUBICONE,7
11097388,2025,162413.4,46.0,40.0,N.A.,ISTITUTO COMPRENSIVO SOGLIANO AL RUBICONE,11
11097399,2024,262247.04,9.0,116.0,N.A.,ISTITUTO COMPRENSIVO JERZU,12
11097425,2024,82446.12,5.0,14.0,N.A.,ISTITUTO COMPRENSIVO VANONI DI ARDENNO,12
11097425,2025,128542.3,5.0,14.0,N.A.,ISTITUTO COMPRENSIVO VANONI DI ARDENNO,12
11097440,2024,36652.9,4.0,29.0,N.A.,ISTITUTO COMPRENSIVO BADIA POLESINE - TRECENTA,5
11097440,2025,343531.0,4.0,29.0,N.A.,ISTITUTO COMPRENSIVO BADIA POLESINE - TRECENTA,12
11097451,2024,22418.62,69.0,14.0,N.A.,ISTITUTO COMPRENSIVO DI TRAONA,12
11097451,2025,82594.51,69.0,14.0,N.A.,ISTITUTO COMPRENSIVO DI TRAONA,12
11097558,2024,74845.55,9.0,6.0,N.A.,ISTITUTO COMPRENSIVO ARQUATA SCRIVIA - VIGNOLE BORBERA,12
11097558,2025,176610.92,9.0,6.0,N.A.,ISTITUTO COMPRENSIVO ARQUATA SCRIVIA - VIGNOLE BORBERA,12
11097582,2025,243007.07,44.0,76.0,N.A.,ISTITUTO COMPRENSIVO STATALE C. GENNARI,10
11097611,2024,22291.43,68.0,18.0,N.A.,ISTITUTO COMPRENSIVO GIULIO E GIUSEPPE ROBECCHI,5
11097611,2025,329088.5,68.0,18.0,N.A.,ISTITUTO COMPRENSIVO GIULIO E GIUSEPPE ROBECCHI,12
11097636,2025,175278.33000000002,13.0,78.0,N.A.,ISTITUTO COMPRENSIVO BELMONTE CALABRO,9
11097694,2024,67422.07,69.0,70.0,N.A.,ISTITUTO COMPRENSIVO JOHN DEWEY,7
11097694,2025,165045.16999999998,69.0,70.0,N.A.,ISTITUTO COMPRENSIVO JOHN DEWEY,12
11097739,2024,98830.22,8.0,40.0,N.A.,ISTITUTO STATALE DI ISTRUZIONE SUPERIORE LEONARDO DA VINCI,6
11097739,2025,641673.49,8.0,40.0,N.A.,ISTITUTO STATALE DI ISTRUZIONE SUPERIORE LEONARDO DA VINCI,12
11097843,2025,234758.22,48.0,37.0,N.A.,ISTITUTO COMPRENSIVO DI PIEVE DI CENTO,9
11097920,2024,118963.97,27.0,37.0,N.A.,ISTITUTO COMPRENSIVO SALVO D'ACQUISTO,11
11097920,2025,226839.29,27.0,37.0,N.A.,ISTITUTO COMPRENSIVO SALVO D'ACQUISTO,12
11097932,2024,97872.90000000001,4.0,98.0,N.A.,ISTITUTO COMPRENSIVO DUCA DEGLI ABRUZZI DI BORGHETTO LODIGIANO,11
11097932,2025,287222.75,4.0,98.0,N.A.,ISTITUTO COMPRENSIVO DUCA DEGLI ABRUZZI DI BORGHETTO LODIGIANO,12
11097963,2024,33215.38,53.0,114.0,N.A.,ISTITUTO COMPRENSIVO STATALE E.D'ARBOREA - TORPE,11
11097963,2025,122927.77,53.0,114.0,N.A.,ISTITUTO COMPRENSIVO STATALE E.D'ARBOREA - TORPE,12
11097965,2025,181159.27,9.0,113.0,N.A.,ISTITUTO COMPRENSIVO STATALE BUDONI - SAN TEODORO,11
11098085,2024,38157.97,81.0,15.0,N.A.,ISTITUTO STATALE COMPRENSIVO AD ORDINAMENTO MUSICALE,9
11098085,2025,101524.84,81.0,15.0,N.A.,ISTITUTO STATALE COMPRENSIVO AD ORDINAMENTO MUSICALE,12
11098239,2024,1942.44,146.0,15.0,N.A.,ISTITUTO COMPRENSIVO VIA SCIALOIA,1
11098239,2025,279191.19,146.0,15.0,N.A.,ISTITUTO COMPRENSIVO VIA SCIALOIA,12
11099225,2024,22538.71,70.0,17.0,N.A.,ISTITUTO COMPRENSIVO ESINE,3
11099225,2025,148836.37,70.0,17.0,N.A.,ISTITUTO COMPRENSIVO ESINE,12
11099259,2024,13841.58,27.0,108.0,N.A.,ISTITUTO COMPRENSIVO VIA PACE,3
11099259,2025,221421.04,27.0,108.0,N.A.,ISTITUTO COMPRENSIVO VIA PACE,12
11099268,2024,171160.01,27.0,34.0,N.A.,ISTITUTO COMPRENSIVO G. MICHELI,6
11099268,2025,336164.24,27.0,34.0,N.A.,ISTITUTO COMPRENSIVO G. MICHELI,12
11099317,2024,23412.5,30.0,36.0,N.A.,ISTITUTO SECONDARIO DI I GRADO MONTECUCCOLI,5
11099317,2025,291301.93,30.0,36.0,N.A.,ISTITUTO SECONDARIO DI I GRADO MONTECUCCOLI,12
11099339,2024,3009.15,3.0,31.0,N.A.,ISTITUTO COMPRENSIVO DOBERDO' IN LINGUA SLOVENA,2
11099339,2025,128887.3,3.0,31.0,N.A.,ISTITUTO COMPRENSIVO DOBERDO' IN LINGUA SLOVENA,12
11100490,2025,323885.2,32.0,59.0,N.A.,ISTITUTO COMPRENSIVO MILANI,8
11100665,2025,99225.45,77.0,28.0,N.A.,ISTITUTO COMPRENSIVO DI SAN MARTINO DI LUPARI,5
11100670,2025,40363.76,32.0,28.0,N.A.,ISTITUTO TECNICO ECONOMICO TECNOLOGICO GIACINTO GIRARDI,3
11100677,2025,175605.85,18.0,54.0,N.A.,ISTITUTO PROFESSIONALE E. ORFINI,6
11100688,2024,12200.95,3.0,34.0,N.A.,ISTITUTO COMPRENSIVO DI BEDONIA,12
11100688,2025,73657.68000000001,3.0,34.0,N.A.,ISTITUTO COMPRENSIVO DI BEDONIA,12
11100689,2025,84388.59,26.0,33.0,N.A.,ISTITUTO COMPRENSIVO STATALE DI LUGAGNANO VAL D'ARDA,10
11137987,2024,517484.16,205.0,22.0,N.A.,LICEO SCIENTIFICO GALILEO GALILEI DI TRENTO,12
11137987,2025,874971.64,205.0,22.0,N.A.,LICEO SCIENTIFICO GALILEO GALILEI DI TRENTO,12
11138356,2024,487777.20999999996,205.0,22.0,N.A.,LICEO SCIENTIFICO L. DA VINCI - TRENTO,12
11138356,2025,1387658.73,205.0,22.0,N.A.,LICEO SCIENTIFICO L. DA VINCI - TRENTO,12
11141382,2025,150463.67,11.0,84.0,N.A.,ISTITUTO DI ISTRUZIONE SECONDARIA SUPERIORE UGO FOSCOLO,3
11142239,2024,39848.28,41.0,84.0,N.A.,ISTITUTO DI ISTRUZIONE SECONDARIA SUPERIORE T. FAZELLO,5
11142239,2025,345867.89,41.0,84.0,N.A.,ISTITUTO DI ISTRUZIONE SECONDARIA SUPERIORE T. FAZELLO,12
11303762,2024,201755.34,205.0,22.0,N.A.,LICEO CLASSICO GIOVANNI PRATI,12
11303762,2025,286236.14,205.0,22.0,N.A.,LICEO CLASSICO GIOVANNI PRATI,12
12503900,2024,109867.88,11.0,53.0,N.A.,ISTITUTO COMPRENSIVO GROSSETO 4,12
12503900,2025,243639.58,11.0,53.0,N.A.,ISTITUTO COMPRENSIVO GROSSETO 4,12
12503963,2025,803444.34,8.0,62.0,N.A.,LICEO SCIENTIFICO G. RUMMO,10
12503970,2024,160660.91999999998,10.0,45.0,N.A.,ISTITUTO DI ISTRUZIONE SUPERIORE P.ROSSI,12
12503970,2025,241319.52,10.0,45.0,N.A.,ISTITUTO DI ISTRUZIONE SUPERIORE P.ROSSI,12
12504000,2025,18537.11,2.0,51.0,N.A.,LICEO GINNASIO STATALE FRANCESCO PETRARCA,2
12504038,2024,11423.68,10.0,45.0,N.A.,ISTITUTO COMPRENSIVO MASSA 6 LOC. ROMAGNANO,6
12504038,2025,88189.41,10.0,45.0,N.A.,ISTITUTO COMPRENSIVO MASSA 6 LOC. ROMAGNANO,12
12504086,2024,35750.12,36.0,19.0,N.A.,LICEO CLASSICO DANIELE MANIN,6
12504086,2025,393517.68,36.0,19.0,N.A.,LICEO CLASSICO DANIELE MANIN,12
12504092,2025,90590.73,11.0,53.0,N.A.,ISTITUTO COMPRENSIVO GROSSETO 3,7
12504107,2024,45694.21,11.0,53.0,N.A.,ISTITUTO COMPRENSIVO GROSSETO 1 ALBERTO MANZI,6
12504107,2025,154791.23,11.0,53.0,N.A.,ISTITUTO COMPRENSIVO GROSSETO 1 ALBERTO MANZI,12
12504136,2025,107690.95,14.0,77.0,N.A.,LICEO SCIENTIFICO STATLE DANTE ALIGHIERI,3
12504207,2024,58978.36,3.0,6.0,N.A.,LICEO SCIENTIFICO GALILEO GALILEI,6
12504207,2025,474985.96,3.0,6.0,N.A.,LICEO SCIENTIFICO GALILEO GALILEI,12
12504297,2024,56689.32,27.0,72.0,N.A.,"DIREZIONE DIDATTICA - 1 CIRCOLO DIDATTICO """"DE AMICIS"""" MODUGNO",8
12504357,2025,287605.31,9.0,49.0,N.A.,LICEO SCIENTIFICO STATALE FEDERIGO ENRIQUES,8
12504614,2024,135726.67,6.0,70.0,N.A.,ISTITUTO D'ISTRUZIONE SUPERIORE MARIO PAGANO,9
12504614,2025,258504.76,6.0,70.0,N.A.,ISTITUTO D'ISTRUZIONE SUPERIORE MARIO PAGANO,12
12504947,2024,327299.15,27.0,34.0,N.A.,LICEO SCIENTIFICO STATALE G. MARCONI,6
12504947,2025,953026.47,27.0,34.0,N.A.,LICEO SCIENTIFICO STATALE G. MARCONI,12
12504976,2024,154665.85,15.0,11.0,N.A.,LICEO SCIENTIFICO STATALE ANTONIO PACINOTTI,12
12504976,2025,518869.61,15.0,11.0,N.A.,LICEO SCIENTIFICO STATALE ANTONIO PACINOTTI,12
12504984,2025,895039.7000000001,32.0,33.0,N.A.,LICEO STATALE MELCHIORRE GIOIA,11
12504990,2024,130675.54000000001,32.0,33.0,N.A.,4 CIRCOLO DIDATTICO STATALE DI PIACENZA,12
12504990,2025,230399.30000000002,32.0,33.0,N.A.,4 CIRCOLO DIDATTICO STATALE DI PIACENZA,12
12505086,2024,10198.02,32.0,33.0,N.A.,CD QUINTO CIRCOLO,6
12505086,2025,174670.06,32.0,33.0,N.A.,CD QUINTO CIRCOLO,12
12505125,2025,43886.090000000004,3.0,60.0,N.A.,ISTITUTO COMPRENSIVO 2 ALATRI SACCHETTI SASSETTI,3
12505148,2025,36.75,32.0,33.0,N.A.,OTTAVO CIRCOLO DIDATTICO DI PIACENZA,1
12505185,2024,123347.96,27.0,34.0,N.A.,ISTITUTO COMPRENSIVO PARMA CENTRO,12
12505185,2025,300776.06,27.0,34.0,N.A.,ISTITUTO COMPRENSIVO PARMA CENTRO,12
12505207,2024,68901.82,15.0,87.0,N.A.,"LICEO SCIENTIFICO STATALE """"E. BOGGIO LERA",6
12505207,2025,943459.32,15.0,87.0,N.A.,"LICEO SCIENTIFICO STATALE """"E. BOGGIO LERA",12
12505222,2025,38151.77,6.0,72.0,N.A.,LICEO CLASSICO STATALE SOCRATE,3
12505287,2024,116282.76000000001,15.0,36.0,N.A.,DIREZIONE DIDATTICA FORMIGINE 2,11
12505287,2025,133692.39,15.0,36.0,N.A.,DIREZIONE DIDATTICA FORMIGINE 2,12
12505318,2024,9328.29,15.0,87.0,N.A.,ISTITUTO COMPRENSIVO XX SETTEMBRE DI CATANIA,2
12505318,2025,169205.75,15.0,87.0,N.A.,ISTITUTO COMPRENSIVO XX SETTEMBRE DI CATANIA,12
12505378,2024,150770.56,2.0,42.0,N.A.,LICEO SCIENTIFICO STATALE G. GALILEI,3
12505378,2025,771008.57,2.0,42.0,N.A.,LICEO SCIENTIFICO STATALE G. GALILEI,12
12505414,2024,131927.95,27.0,34.0,N.A.,LICEO CLASSICO E LINGUISTICO G.D. ROMAGNOSI,11
12505414,2025,623133.1,27.0,34.0,N.A.,LICEO CLASSICO E LINGUISTICO G.D. ROMAGNOSI,12
12505418,2025,93691.27,15.0,87.0,N.A.,LICEO GINNASIO STATALE MARIO CUTELLI E CARMELO SALANITRO,3
12505548,2025,78274.42,6.0,118.0,N.A.,LICEO CLASSICO STATALE G. M. DETTORI,2
12505672,2024,273512.24,60.0,28.0,N.A.,LICEO SCIENTIFICO CURIEL - PADOVA,9
12505672,2025,479159.11,60.0,28.0,N.A.,LICEO SCIENTIFICO CURIEL - PADOVA,12
12505710,2025,18024.95,133.0,12.0,N.A.,ISTITUTO COMPRENSIVO VARESE 4 A. FRANK,7
12505752,2024,121230.64,116.0,24.0,N.A.,LICEO SCIENTIFICO PAOLO LIOY,7
12505752,2025,386620.77,116.0,24.0,N.A.,LICEO SCIENTIFICO PAOLO LIOY,12
12505817,2024,45423.83,20.0,35.0,N.A.,LICEO STATALE RINALDO CORSO,3
12505817,2025,326373.38,20.0,35.0,N.A.,LICEO STATALE RINALDO CORSO,12
12505889,2024,91021.33,33.0,35.0,N.A.,LICEO SCIENTIFICO STATALE ALDO MORO,6
12505889,2025,723860.22,33.0,35.0,N.A.,LICEO SCIENTIFICO STATALE ALDO MORO,12
12505949,2024,230415.48,33.0,35.0,N.A.,LICEO CLASSICO SCIENTIFICO ARIOSTO SPALLANZANI,12
12505949,2025,509831.38,33.0,35.0,N.A.,LICEO CLASSICO SCIENTIFICO ARIOSTO SPALLANZANI,12
12506020,2024,49838.92,8.0,64.0,N.A.,"ISTITUTO COMPRENSIVO """"LUIGI PERNA - DANTE ALIGHIERI",12
12506020,2025,163225.6,8.0,64.0,N.A.,"ISTITUTO COMPRENSIVO """"LUIGI PERNA - DANTE ALIGHIERI",11
12506104,2024,123272.79000000001,53.0,82.0,N.A.,"LICEO SCIENTIFICO """"ERNESTO BASILE",12
12506104,2025,307503.79,53.0,82.0,N.A.,"LICEO SCIENTIFICO """"ERNESTO BASILE",12
12506300,2025,228514.09,30.0,20.0,N.A.,LICEO SCIENTIFICO BELFIORE,9
12506305,2024,170200.34,30.0,20.0,N.A.,LICEO CLASSICO STATALE VIRGILIO,12
12506305,2025,451155.53,30.0,20.0,N.A.,LICEO CLASSICO STATALE VIRGILIO,12
12506392,2025,51120.37,13.0,33.0,N.A.,ISTITUTO DI ISTRUZIONE SUPERIORE ALESSANDRO VOLTA,2
12506582,2025,72860.04,79.0,63.0,N.A.,DIREZIONE DIDATTICA 2 CIRCOLO DON MINZONI,10
12507329,2025,157542.99,49.0,63.0,N.A.,ISTITUTO COMPRENSIVO STATALE 28 GIOVANNI XXIII - ALIOTTA,7
12508468,2024,151251.45,29.0,17.0,N.A.,ISTITUTO COMPRENSIVO RINALDINI SUD 3,12
12508468,2025,153732.09,29.0,17.0,N.A.,ISTITUTO COMPRENSIVO RINALDINI SUD 3,12
12508531,2025,112157.65,59.0,63.0,N.A.,ISTITUTO COMPRENSIVO PORTICI 3,9
12508857,2024,4415.07,6.0,37.0,N.A.,ISTITUTO COMPRENSIVO N. 18 BOLOGNA,1
12508857,2025,200316.06,6.0,37.0,N.A.,ISTITUTO COMPRENSIVO N. 18 BOLOGNA,11
12509078,2024,72854.15000000001,6.0,37.0,N.A.,ISTITUTO COMPRENSIVO N.15,12
12509078,2025,169964.24,6.0,37.0,N.A.,ISTITUTO COMPRENSIVO N.15,12
12509120,2024,461089.70999999996,6.0,37.0,N.A.,LICEO SCIENTIFICO STATALE AUGUSTO RIGHI,12
12509120,2025,671639.84,6.0,37.0,N.A.,LICEO SCIENTIFICO STATALE AUGUSTO RIGHI,12
12509129,2025,42487.94,6.0,37.0,N.A.,LICEO SCIENTIFICO STATALE NICCOLO' COPERNICO,2
12509147,2024,18935.78,6.0,37.0,N.A.,LICEO MARCO MINGHETTI,2
12509147,2025,447974.49,6.0,37.0,N.A.,LICEO MARCO MINGHETTI,12
12509719,2025,528377.0,52.0,61.0,N.A.,LICEO SCIENTIFICO STATALE GALILEO GALILEI,12
12511684,2025,793856.78,91.0,58.0,N.A.,LICEO ARTISTICO ENZO ROSSI,6
12511717,2024,277466.11,91.0,58.0,N.A.,LICEO SCIENTIFICO STATALE FRANCESCO D'ASSISI,5
12511717,2025,874016.03,91.0,58.0,N.A.,LICEO SCIENTIFICO STATALE FRANCESCO D'ASSISI,12
12511814,2024,130261.98,13.0,58.0,N.A.,LICEO SCIENTIFICO STATALE IGNAZIO VIAN,5
12511814,2025,629039.92,13.0,58.0,N.A.,LICEO SCIENTIFICO STATALE IGNAZIO VIAN,12
12511895,2024,197070.46,91.0,58.0,N.A.,LICEO CLASSICO STATALE SPERIMENTALE BERTRAND RUSSELL,3
12511895,2025,668530.35,91.0,58.0,N.A.,LICEO CLASSICO STATALE SPERIMENTALE BERTRAND RUSSELL,12
12512262,2024,21168.6,91.0,58.0,N.A.,ISTITUTO COMPRENSIVO M.CALDERINI - G. TUCCIMEI,6
12512262,2025,268173.19,91.0,58.0,N.A.,ISTITUTO COMPRENSIVO M.CALDERINI - G. TUCCIMEI,12
12512293,2024,204894.09,120.0,58.0,N.A.,ISTITUTO COMPRENSIVO LIDO DEL FARO,10
12512293,2025,130788.16,120.0,58.0,N.A.,ISTITUTO COMPRENSIVO LIDO DEL FARO,12
12512390,2024,16482.52,91.0,58.0,N.A.,LICEO CLASSICO STATALE ENNIO QUIRINO VISCONTI,5
12512390,2025,500540.83,91.0,58.0,N.A.,LICEO CLASSICO STATALE ENNIO QUIRINO VISCONTI,12
12512466,2024,85180.64,91.0,58.0,N.A.,LICEO GINNASIO STATALE LUCIANO MANARA,12
12512466,2025,477586.78,91.0,58.0,N.A.,LICEO GINNASIO STATALE LUCIANO MANARA,12
12512671,2025,317146.38,91.0,58.0,N.A.,LICEO SCIENTIFICO STATALE C. CAVOUR,11
12512768,2024,313497.56,91.0,58.0,N.A.,LICEO CLASSICO GINNASIO STATALE ORAZIO,8
12512768,2025,502753.39999999997,91.0,58.0,N.A.,LICEO CLASSICO GINNASIO STATALE ORAZIO,12
12514695,2024,62882.840000000004,56.0,54.0,N.A.,DIREZIONE DIDATTICA 1 CIRCOLO - UMBERTIDE,12
12514695,2025,155102.74,56.0,54.0,N.A.,DIREZIONE DIDATTICA 1 CIRCOLO - UMBERTIDE,12
12514703,2025,68610.72,17.0,42.0,N.A.,LICEO CLASSICO STATALE FRANCESCO STELLUTI,6
12514711,2024,248193.75,21.0,19.0,N.A.,ISTITUTO DI ISTRUZIONE SUPERIORE G.ROMANI,12
12514711,2025,350844.04,21.0,19.0,N.A.,ISTITUTO DI ISTRUZIONE SUPERIORE G.ROMANI,12
12514753,2024,362121.55,17.0,42.0,N.A.,LICEO SCIENTIFICO STATALE VITO VOLTERRA,12
12514753,2025,233639.77,17.0,42.0,N.A.,LICEO SCIENTIFICO STATALE VITO VOLTERRA,12
12514809,2024,54098.08,13.0,54.0,N.A.,DIREZIONE DIDATTICA S. FILIPPO - PRIMO CIRCOLO C. CASTELLO,8
12514809,2025,164123.41,13.0,54.0,N.A.,DIREZIONE DIDATTICA S. FILIPPO - PRIMO CIRCOLO C. CASTELLO,11
12514822,2025,127052.14,13.0,41.0,N.A.,LICEO SCIENTIFICO TORELLI,3
12514837,2025,57391.630000000005,19.0,60.0,N.A.,LICEO SCIENTIFICO STATALE GIOACCHINO PELLECCHIA,2
12514867,2025,132998.64,6.0,66.0,N.A.,LICEO SCIENTIFICO STATALE MARCO VITRUVIO POLLIONE,5
12515107,2024,69839.18,7.0,40.0,N.A.,LICEO SCIENTIFICO STATALE A.RIGHI,2
12515107,2025,596938.43,7.0,40.0,N.A.,LICEO SCIENTIFICO STATALE A.RIGHI,12
12515111,2024,143424.25,7.0,40.0,N.A.,LICEO GINNASIO STATALE VINCENZO MONTI,11
12515111,2025,477064.37000000005,7.0,40.0,N.A.,LICEO GINNASIO STATALE VINCENZO MONTI,12
12515151,2025,4091.42,26.0,12.0,N.A.,ISTITUTO COMPRENSIVO E. CRESPI,1
12515305,2024,48321.39,26.0,12.0,N.A.,ISTITUTO COMPRENSIVO BERTACCHI,10
12515305,2025,113747.64,26.0,12.0,N.A.,ISTITUTO COMPRENSIVO BERTACCHI,12
12515504,2024,295990.46,21.0,42.0,N.A.,LS LEONARDO DA VINCI,12
12515504,2025,616682.98,21.0,42.0,N.A.,LS LEONARDO DA VINCI,12
12515626,2025,161284.78999999998,12.0,36.0,N.A.,LICEO SCIENTIFICO MORANDO MORANDI,6
12515682,2024,141556.72,41.0,72.0,N.A.,"1 C.D. """"HERO PARADISO",12
12515700,2024,13625.0,32.0,37.0,N.A.,ISTITUTO COMPRENSIVO N.6 VIA VILLA CLELIA - IMOLA,2
12515700,2025,242888.05,32.0,37.0,N.A.,ISTITUTO COMPRENSIVO N.6 VIA VILLA CLELIA - IMOLA,12
12515727,2024,43708.219999999994,57.0,26.0,N.A.,ISTITUTO COMPRENSIVO G. TONIOLO DI PIEVE DI SOLIGO,4
12515727,2025,113704.36,57.0,26.0,N.A.,ISTITUTO COMPRENSIVO G. TONIOLO DI PIEVE DI SOLIGO,12
12515796,2025,30280.68,21.0,25.0,N.A.,LICEO SCIENTIFICO STATALE GIORGIO DAL PIAZ,3
12515935,2024,13883.95,24.0,63.0,N.A.,ISTITUTO COMPRENSIVO C.MMARE I.C. 2 PANZINI,6
12515935,2025,228852.36,24.0,63.0,N.A.,ISTITUTO COMPRENSIVO C.MMARE I.C. 2 PANZINI,12
12516191,2025,58409.229999999996,31.0,36.0,N.A.,ISTITUTO COMPRENSIVO PIEVEPELAGO,11
12516258,2025,35750.17,33.0,84.0,N.A.,ISTITUTO COMPRENSIVO DON BOSCO,3
12516268,2024,36825.86,102.0,18.0,N.A.,ISTITUTO DI ISTRUZIONE SUPERIORE A. OMODEO,4
12516268,2025,491864.3,102.0,18.0,N.A.,ISTITUTO DI ISTRUZIONE SUPERIORE A. OMODEO,12
12516369,2024,20439.510000000002,45.0,42.0,N.A.,ISTITUTO COMPRENSIVO MARIO GIACOMELLI,2
12516369,2025,320438.32,45.0,42.0,N.A.,ISTITUTO COMPRENSIVO MARIO GIACOMELLI,12
12516393,2024,167768.15,45.0,42.0,N.A.,LICEO STATALE ENRICO MEDI,6
12516393,2025,697446.72,45.0,42.0,N.A.,LICEO STATALE ENRICO MEDI,12
12516529,2024,146443.1,39.0,108.0,N.A.,ISTITUTO COMPRENSIVO GIANNI RODARI,11
12516529,2025,225581.38,39.0,108.0,N.A.,ISTITUTO COMPRENSIVO GIANNI RODARI,12
12516584,2024,722065.24,46.0,58.0,N.A.,LICEO SCIENTIFICO BRUNO TOUSCHEK,12
12516584,2025,426002.63,46.0,58.0,N.A.,LICEO SCIENTIFICO BRUNO TOUSCHEK,12
12516594,2024,372448.29000000004,67.0,17.0,N.A.,LICEO DI STATO G. BAGATTA DI DESENZANO DEL GARDA,12
12516594,2025,527402.31,67.0,17.0,N.A.,LICEO DI STATO G. BAGATTA DI DESENZANO DEL GARDA,12
12516689,2025,65846.78,67.0,17.0,N.A.,ISTITUTO COMPRENSIVO 1 - DESENZANO DEL GARDA,3
12516766,2024,110965.06,105.0,24.0,N.A.,ISTITUTO COMPRENSIVO DI THIENE,12
12516766,2025,274948.63,105.0,24.0,N.A.,ISTITUTO COMPRENSIVO DI THIENE,12
12516907,2024,103409.25,119.0,12.0,N.A.,ISTITUTO COMPRENSIVO STATALE IGNOTO MILITI,12
12516907,2025,133522.02,119.0,12.0,N.A.,ISTITUTO COMPRENSIVO STATALE IGNOTO MILITI,11
12516976,2025,24445.95,174.0,6.0,N.A.,LICEO SCIENTIFICO STATALE GIUSEPPE PEANO,2
12517321,2024,150669.63,177.0,6.0,N.A.,DIREZIONE DIDATTICA VALENZA,12
12517321,2025,146398.98,177.0,6.0,N.A.,DIREZIONE DIDATTICA VALENZA,12
12517564,2024,34400.24,40.0,12.0,N.A.,ISTITUTO COMPRENSIVO STATALE CASSANO MAGNAGO II,9
12517564,2025,131273.30000000002,40.0,12.0,N.A.,ISTITUTO COMPRENSIVO STATALE CASSANO MAGNAGO II,11
12518915,2024,163698.53,116.0,58.0,N.A.,LICEO SCIENTIFICO STATALE SANDRO PERTINI,11
12518915,2025,298403.04,116.0,58.0,N.A.,LICEO SCIENTIFICO STATALE SANDRO PERTINI,12
12519454,2024,25271.809999999998,39.0,25.0,N.A.,ISTITUTO D'ISTRUZIONE SUPERIORE ENRICO FERMI,3
12519454,2025,270457.07,39.0,25.0,N.A.,ISTITUTO D'ISTRUZIONE SUPERIORE ENRICO FERMI,12
12519666,2024,429522.5,9.0,14.0,N.A.,ISTITUTO DI ISTRUZIONE SUPERIORE ALBERTI,12
12519666,2025,406679.5,9.0,14.0,N.A.,ISTITUTO DI ISTRUZIONE SUPERIORE ALBERTI,12
12519739,2025,155911.95,43.0,63.0,N.A.,ISTITUTO COMPRENSIVO A. PACINOTTI,7
12519799,2024,67163.5,11.0,53.0,N.A.,ISTITUTO STATALE D'ISTRUZIONE SECONDARIA SUPERIORE PIETRO ALDI,7
12519799,2025,685645.24,11.0,53.0,N.A.,ISTITUTO STATALE D'ISTRUZIONE SECONDARIA SUPERIORE PIETRO ALDI,12
12520070,2024,398886.57,11.0,37.0,N.A.,LICEO LEONARDO DA VINCI,12
12520070,2025,871775.56,11.0,37.0,N.A.,LICEO LEONARDO DA VINCI,12
12520781,2024,159004.35,130.0,15.0,N.A.,LICEO STATALE SALVATORE QUASIMODO,12
12520781,2025,569312.1,130.0,15.0,N.A.,LICEO STATALE SALVATORE QUASIMODO,12
12521493,2024,280281.31,10.0,72.0,N.A.,LICEO E. AMALDI,11
12521493,2025,463764.82,10.0,72.0,N.A.,LICEO E. AMALDI,12
12522422,2025,215860.65,34.0,63.0,N.A.,DIREZIONE DIDATTICA IV CIRCOLO DON GIUSEPPE DIANA,11
12522919,2024,585879.13,24.0,16.0,N.A.,LICEO SCIENTIFICO STATALE LORENZO MASCHERONI,12
12522919,2025,665738.22,24.0,16.0,N.A.,LICEO SCIENTIFICO STATALE LORENZO MASCHERONI,12
12526895,2025,315380.15,91.0,58.0,N.A.,ISTITUTO DI ISTRUZIONE SUPERIORE LUCIO ANNEO SENECA,7
12527031,2025,188194.75,91.0,58.0,N.A.,ISTITUTO ISTRUZIONE SUPERIORE E. AMALDI,2
12529988,2024,135003.87,39.0,54.0,N.A.,DIREZIONE DIDATTICA COMPAROZZI 2 CIRCOLO,11
12529988,2025,231621.14,39.0,54.0,N.A.,DIREZIONE DIDATTICA COMPAROZZI 2 CIRCOLO,12
12530005,2024,101080.14,36.0,19.0,N.A.,LICEO SCIENTIFICO GASPARE ASELLI,5
12530005,2025,422262.06,36.0,19.0,N.A.,LICEO SCIENTIFICO GASPARE ASELLI,12
12530042,2025,98368.53,119.0,78.0,N.A.,ISTITUTO COMPRENSIVO ALIGHIERI - BANDIERA,7
12530064,2024,29181.98,36.0,19.0,N.A.,ISTITUTO COMPRENSIVO CREMONA QUATTRO,2
12530064,2025,320898.09,36.0,19.0,N.A.,ISTITUTO COMPRENSIVO CREMONA QUATTRO,11
12530090,2025,3926.24,63.0,76.0,N.A.,ISTITUTO COMPRENSIVO STATALE DON MILANI - LEOPARDI,1
12530123,2024,22322.55,32.0,33.0,N.A.,DIREZIONE DIDATTICA SETTIMO CIRCOLO,7
12530123,2025,144090.84,32.0,33.0,N.A.,DIREZIONE DIDATTICA SETTIMO CIRCOLO,11
12530137,2024,110413.65,32.0,33.0,N.A.,DIREZIONE DIDATTICA 3 CIRCOLO DI PIACENZA,12
12530137,2025,205776.16,32.0,33.0,N.A.,DIREZIONE DIDATTICA 3 CIRCOLO DI PIACENZA,12
12530146,2024,139395.59999999998,32.0,33.0,N.A.,DIREZIONE DIDATTICA SECONDO CIRCOLO DI PIACENZA,12
12530146,2025,205566.88999999998,32.0,33.0,N.A.,DIREZIONE DIDATTICA SECONDO CIRCOLO DI PIACENZA,12
12530168,2024,74061.19,29.0,75.0,N.A.,ISTITUTO COMPRENSIVO STATALE GALATINA POLO 1,5
12530168,2025,196729.91999999998,29.0,75.0,N.A.,ISTITUTO COMPRENSIVO STATALE GALATINA POLO 1,12
12530195,2024,97174.9,53.0,82.0,N.A.,LICEO SCIENTIFICO STATALE ALBERT EINSTEIN,3
12530195,2025,237262.30000000002,53.0,82.0,N.A.,LICEO SCIENTIFICO STATALE ALBERT EINSTEIN,12
12530261,2024,13297.75,49.0,63.0,N.A.,21 CIRCOLO DIDATTICO STATALE MAMELI ZUPPETTA,4
12530261,2025,89720.33,49.0,63.0,N.A.,21 CIRCOLO DIDATTICO STATALE MAMELI ZUPPETTA,12
12530336,2024,21976.38,29.0,17.0,N.A.,ISTITUTO COMPRENSIVO CENTRO 3 BRESCIA,2
12530336,2025,267748.87,29.0,17.0,N.A.,ISTITUTO COMPRENSIVO CENTRO 3 BRESCIA,12
12530585,2025,70713.19,7.0,40.0,N.A.,CIRCOLO DIDATTICO CESENA 2,3
12530609,2024,107306.5,27.0,82.0,N.A.,ISTITUTO COMPRENSIVO NICOLA BOTTA,4
12530609,2025,197679.31,27.0,82.0,N.A.,ISTITUTO COMPRENSIVO NICOLA BOTTA,12
12530754,2024,349733.34,153.0,22.0,N.A.,LICEO ANDREA MAFFEI,12
12530754,2025,749591.6900000001,153.0,22.0,N.A.,LICEO ANDREA MAFFEI,12
12530788,2024,671215.47,161.0,22.0,N.A.,"LICEO """"ANTONIO ROSMINI"""" - ROVERETO",12
12530788,2025,954660.33,161.0,22.0,N.A.,"LICEO """"ANTONIO ROSMINI"""" - ROVERETO",12
12530792,2024,31962.44,177.0,18.0,N.A.,LICEO CLASSICO BENEDETTO CAIROLI - VIGEVANO,5
12530792,2025,535507.64,177.0,18.0,N.A.,LICEO CLASSICO BENEDETTO CAIROLI - VIGEVANO,12
12530851,2025,275619.23,50.0,56.0,N.A.,ISTITUTO D'ISTRUZIONE SUPERIORE VINCENZO CARDARELLI,10
12531145,2024,2676.52,17.0,87.0,N.A.,ISTITUTO COMPRENSIVO SAN GIOVANNI BOSCO,1
12531145,2025,180537.98,17.0,87.0,N.A.,ISTITUTO COMPRENSIVO SAN GIOVANNI BOSCO,12
12531347,2024,11726.14,6.0,72.0,N.A.,27 CIRCOLO DIDATTICO BARI - PALESE,2
12531347,2025,92152.9,6.0,72.0,N.A.,27 CIRCOLO DIDATTICO BARI - PALESE,12
12531402,2025,126344.64,44.0,87.0,N.A.,ISTITUTO COMPRENSIVO STATALE ELIO VITTORINI,9
12537807,2024,83402.15000000001,128.0,16.0,N.A.,ISTITUTO DI ISTRUZIONE SUPERIORE DECIO CELERI,2
12537807,2025,466405.83,128.0,16.0,N.A.,ISTITUTO DI ISTRUZIONE SUPERIORE DECIO CELERI,12
12538449,2025,511376.19,5.0,100.0,N.A.,LICEO SCIENTIFICO STATALE NICCOLO' COPERNICO,9
12538679,2024,49231.81,23.0,31.0,N.A.,ISTITUTO COMPRENSIVO DANTE ALIGHIERI,8
12538679,2025,112543.94,23.0,31.0,N.A.,ISTITUTO COMPRENSIVO DANTE ALIGHIERI,12
12538680,2025,82735.68,16.0,31.0,N.A.,ISTITUTO COMPRENSIVO LEONARDO DA VINCI,6
12538713,2025,481432.42,59.0,8.0,N.A.,ISTITUTO DI ISTRUZIONE SUPERIORE E. RUFFINI - D. AICARDI,8
12538844,2025,404204.08,32.0,59.0,N.A.,ISTITUTO COMPRENSIVO MARIA MONTESSORI,10
12538848,2024,94567.10999999999,11.0,59.0,N.A.,LICEO STATALE ALESSANDRO MANZONI,6
12538848,2025,352584.09,11.0,59.0,N.A.,LICEO STATALE ALESSANDRO MANZONI,12
12538941,2024,126029.59,17.0,20.0,N.A.,ISTITUTO COMPRENSIVO 2 DI CASTIGLIONE STIVIERE,10
12538941,2025,121768.34999999999,17.0,20.0,N.A.,ISTITUTO COMPRENSIVO 2 DI CASTIGLIONE STIVIERE,12
12539058,2024,188423.44,146.0,15.0,N.A.,ISTITUTO TECNICO PER LE ATTIVITA' SOCIALI GIULIO NATTA,4
12539058,2025,453829.5,146.0,15.0,N.A.,ISTITUTO TECNICO PER LE ATTIVITA' SOCIALI GIULIO NATTA,12
12539220,2025,391602.58999999997,146.0,15.0,N.A.,ISTITUTO DI ISTRUZIONE SUPERIORE G. GIORGI,9
12539273,2024,88918.34,168.0,15.0,N.A.,ISTITUTO TECNICO ECONOMICO E TECNOLOGICO STATALE G. MAGGIOLINI,11
12539273,2025,329682.11,168.0,15.0,N.A.,ISTITUTO TECNICO ECONOMICO E TECNOLOGICO STATALE G. MAGGIOLINI,12
12539297,2025,46050.07,192.0,15.0,N.A.,ISTITUTO SUPERIORE STATALE PIERO DELLA FRANCESCA,2
12539339,2024,48922.3,93.0,15.0,N.A.,ISTITUTO COMPRENSIVO STATALE COPERNICO,12
12539339,2025,173925.95,93.0,15.0,N.A.,ISTITUTO COMPRENSIVO STATALE COPERNICO,12
12539341,2025,226150.0,146.0,15.0,N.A.,ISTITUTO COMPRENSIVO FRANCESCHI,9
12539349,2024,44285.68,220.0,15.0,N.A.,ISTITUTO COMPRENSIVO R. FRANCESCHI,5
12539349,2025,243388.24,220.0,15.0,N.A.,ISTITUTO COMPRENSIVO R. FRANCESCHI,12
12539363,2024,85023.4,76.0,15.0,N.A.,ISTITUTO COMPRENSIVO GIOVANNI XXIII,10
12539363,2025,176266.23,76.0,15.0,N.A.,ISTITUTO COMPRENSIVO GIOVANNI XXIII,12
12539368,2024,48331.659999999996,93.0,15.0,N.A.,ISTITUTO COMPRENSIVO GALILEO GALILEI - CORSICO,6
12539368,2025,161346.72999999998,93.0,15.0,N.A.,ISTITUTO COMPRENSIVO GALILEO GALILEI - CORSICO,12
12539391,2024,200407.63999999998,146.0,15.0,N.A.,ISTITUTO COMPRENSIVO ITALO CALVINO,12
12539391,2025,354350.52,146.0,15.0,N.A.,ISTITUTO COMPRENSIVO ITALO CALVINO,12
12539395,2024,155793.04,146.0,15.0,N.A.,SCUOLA MEDIA STATALE PER CIECHI,12
12539395,2025,213117.93,146.0,15.0,N.A.,SCUOLA MEDIA STATALE PER CIECHI,12
12539398,2024,143824.49,146.0,15.0,N.A.,ISTITUTO COMPRENSIVO FRANCESCO CAPPELLI,10
12539398,2025,596866.26,146.0,15.0,N.A.,ISTITUTO COMPRENSIVO FRANCESCO CAPPELLI,12
12539469,2024,98416.12,201.0,15.0,N.A.,ISTITUTO COMPRENSIVO STATALE G. CARDUCCI,12
12539469,2025,96696.39,201.0,15.0,N.A.,ISTITUTO COMPRENSIVO STATALE G. CARDUCCI,12
12539472,2024,100025.32,146.0,15.0,N.A.,ISTITUTO COMPRENSIVO VIA GATTAMELATA 35,9
12539472,2025,335345.85000000003,146.0,15.0,N.A.,ISTITUTO COMPRENSIVO VIA GATTAMELATA 35,12
12539473,2024,26.4,25.0,108.0,N.A.,ISTITUTO COMPRENSIVO A. VOLTA,1
12539473,2025,272144.08,25.0,108.0,N.A.,ISTITUTO COMPRENSIVO A. VOLTA,12
12539557,2025,434221.27,146.0,15.0,N.A.,ISTITUTO COMPRENSIVO P.THOUAR E L.GONZAGA,11
12539711,2025,130361.9,146.0,15.0,N.A.,ISTITUTO COMPRENSIVO STATALE E. MOROSINI E B. SAVOIA,3
12539724,2024,90635.18000000001,173.0,15.0,N.A.,ISTITUTO COMPRENSIVO STATALE DI VIA DELLE BETULLE,12
12539763,2025,17923.01,206.0,15.0,N.A.,ISTITUTO COMPRENSIVO MARCO POLO,1
12539920,2024,55322.840000000004,82.0,63.0,N.A.,ISTITUTO COMPRENSIVO TERZIGNO GIUSTI,9
12539920,2025,139969.31,82.0,63.0,N.A.,ISTITUTO COMPRENSIVO TERZIGNO GIUSTI,12
12540193,2024,107906.25,8.0,63.0,N.A.,ISTITUTO COMPRENSIVO 1 CANGEMI BOSCOREALE,11
12540193,2025,141293.57,8.0,63.0,N.A.,ISTITUTO COMPRENSIVO 1 CANGEMI BOSCOREALE,12
12540201,2025,171000.86,48.0,63.0,N.A.,1 CIRCOLO DIDATTICO G. SEQUINO,10
12540502,2024,44307.36,43.0,68.0,N.A.,ISTITUTO COMPRENSIVO ALBERTO MANZI,7
12540502,2025,205846.99,43.0,68.0,N.A.,ISTITUTO COMPRENSIVO ALBERTO MANZI,12
12540636,2025,112089.85,12.0,39.0,N.A.,ISTITUTO COMPRENSIVO LUGO 1 F. BARACCA,7
12541490,2024,514637.19,117.0,22.0,N.A.,"ISTITUTO DI ISTRUZIONE """"MARTINO MARTINI",12
12541490,2025,1069041.34,117.0,22.0,N.A.,"ISTITUTO DI ISTRUZIONE """"MARTINO MARTINI",12
12541491,2024,84582.19,229.0,22.0,N.A.,ISTITUTO COMPRENSIVO VALLE DI LEDRO,12
12541491,2025,225041.99,229.0,22.0,N.A.,ISTITUTO COMPRENSIVO VALLE DI LEDRO,12
12541505,2024,346204.41,21.0,26.0,N.A.,"ISTITUTO DI ISTRUZIONE SECONDARIA SUPERIORE """"MARCO FANNO",12
12541505,2025,306655.89,21.0,26.0,N.A.,"ISTITUTO DI ISTRUZIONE SECONDARIA SUPERIORE """"MARCO FANNO",12
12541629,2024,15715.76,14.0,24.0,N.A.,ISTITUTO COMPRENSIVO LAVERDA - DON MILANI,5
12541629,2025,114403.41,14.0,24.0,N.A.,ISTITUTO COMPRENSIVO LAVERDA - DON MILANI,12
12541631,2024,52358.54,84.0,24.0,N.A.,"ISTITUTO COMPRENSIVO RECOARO TERME """"FLORIANI",7
12542835,2024,48464.15,179.0,6.0,N.A.,ISTITUTO COMPRENSIVO OZZANO - VIGNALE MONFERRATO,11
12542835,2025,246486.44,179.0,6.0,N.A.,ISTITUTO COMPRENSIVO OZZANO - VIGNALE MONFERRATO,12
12543139,2024,5436.43,2.0,109.0,N.A.,ISTITUTO OMNICOMPRENSIVO TEC.COMM. AMANDOLA,2
12543139,2025,258826.92,2.0,109.0,N.A.,ISTITUTO OMNICOMPRENSIVO TEC.COMM. AMANDOLA,12
12547092,2024,34559.09,4.0,87.0,N.A.,ISTITUTO ISTRUZIONE SUPERIORE STATALE GALILEO FERRARIS,3
12547092,2025,557500.33,4.0,87.0,N.A.,ISTITUTO ISTRUZIONE SUPERIORE STATALE GALILEO FERRARIS,12
12547556,2024,134000.31,69.0,79.0,N.A.,ISTITUTO COMPRENSIVO STATALE MAIDA,11
12547556,2025,153251.45,69.0,79.0,N.A.,ISTITUTO COMPRENSIVO STATALE MAIDA,11
12547851,2024,20910.8,42.0,97.0,N.A.,ISTITUTO SUPERIORE P. A. FIOCCHI,5
12547851,2025,258676.39,42.0,97.0,N.A.,ISTITUTO SUPERIORE P. A. FIOCCHI,12
12548000,2025,208374.97,95.0,13.0,N.A.,ISTITUTO STATALE DI ISTRUZIONE SUPERIORE G. D. ROMAGNOSI,8
12548389,2025,56588.5,35.0,19.0,N.A.,ISTITUTO COMPRENSIVO CREMA TRE - NELSON MANDELA,3
12548446,2024,324303.24,3.0,4.0,N.A.,ISTITUTO DI ISTRUZIONE SUPERIORE G. GOVONE,11
12548446,2025,443287.07,3.0,4.0,N.A.,ISTITUTO DI ISTRUZIONE SUPERIORE G. GOVONE,12
12548490,2025,166554.74,3.0,4.0,N.A.,ISTITUTO DI ISTRUZIONE SECONDARIA SUPERIORE PIERA CILLARIO FERRERO,3
12553324,2024,206465.28,146.0,15.0,N.A.,ISTITUTO STATALE DI ISTRUZIONE SECONDARIA PAOLO FRISI,10
12553324,2025,532117.92,146.0,15.0,N.A.,ISTITUTO STATALE DI ISTRUZIONE SECONDARIA PAOLO FRISI,12
12555541,2024,44897.47,31.0,98.0,N.A.,ISTITUTO PROFESSIONALE PER I SERVIZI COMERCIALI E TURISTICI - IPSCT LUIGI EINAUDI,12
12555541,2025,299459.03,31.0,98.0,N.A.,ISTITUTO PROFESSIONALE PER I SERVIZI COMERCIALI E TURISTICI - IPSCT LUIGI EINAUDI,12
12556764,2024,70146.65,15.0,36.0,N.A.,SCUOLA SECONDARIA DI I GRADO AMEDEO FIORI,7
12556764,2025,186970.3,15.0,36.0,N.A.,SCUOLA SECONDARIA DI I GRADO AMEDEO FIORI,12
12558894,2024,60554.9,76.0,28.0,N.A.,ISTITUTO COMPRENSIVO DI SAN GIORGIO IN BOSCO,10
12558894,2025,94358.19,76.0,28.0,N.A.,ISTITUTO COMPRENSIVO DI SAN GIORGIO IN BOSCO,11
12565981,2024,275875.67,18.0,14.0,N.A.,ISTITUTO DI ISTRUZIONE SUPERIORE LEONARDO DA VINCI,10
12565981,2025,319734.93,18.0,14.0,N.A.,ISTITUTO DI ISTRUZIONE SUPERIORE LEONARDO DA VINCI,12
12565991,2024,24681.31,7.0,14.0,N.A.,ISTITUTO COMPRENSIVO G. FUMASONI,12
12565991,2025,84782.36,7.0,14.0,N.A.,ISTITUTO COMPRENSIVO G. FUMASONI,12
12569231,2024,4473.110000000001,42.0,27.0,N.A.,ISTITUTO COMPRENSIVO UGO FOSCOLO DI MURANO - BURANO - VENEZIA,3
12569231,2025,55032.53,42.0,27.0,N.A.,ISTITUTO COMPRENSIVO UGO FOSCOLO DI MURANO - BURANO - VENEZIA,12
12572010,2025,171031.91999999998,17.0,42.0,N.A.,ISTITUTO COMPRENSIVO IMONDI ROMAGNOLI,9
12574453,2024,85041.6,243.0,16.0,N.A.,ISTITUTO COMPRENSIVO DI VILMINORE DI SCALVE,12
12574453,2025,68670.2,243.0,16.0,N.A.,ISTITUTO COMPRENSIVO DI VILMINORE DI SCALVE,12
12574863,2024,41300.67,1.0,37.0,N.A.,ISTITUTO COMPRENSIVO E. DE AMICIS,9
12574863,2025,142549.04,1.0,37.0,N.A.,ISTITUTO COMPRENSIVO E. DE AMICIS,12
12590752,2025,16328.32,49.0,63.0,N.A.,SCUOLA MEDIA STATALE VIALE DELLE ACACIE,3
12594724,2025,115022.67,12.0,33.0,N.A.,ISTITUTO COMPRENSIVO CASTELL'ARQUATO,10
12594739,2024,125163.11,11.0,33.0,N.A.,ISTITUTO COMPRENSIVO DI CARPANETO PIACENTINO,12
12594739,2025,166646.56,11.0,33.0,N.A.,ISTITUTO COMPRENSIVO DI CARPANETO PIACENTINO,12
12748747,2024,162743.15,81.0,17.0,N.A.,ISTITUTO COMPRENSIVO DI GUSSAGO,12
12748747,2025,139078.87,81.0,17.0,N.A.,ISTITUTO COMPRENSIVO DI GUSSAGO,10
12970374,2025,121510.70000000001,15.0,61.0,N.A.,ISTITUTO MAGISTRALE SALVATORE PIZZI,7
15314507,2025,27132.05,50.0,96.0,N.A.,ISTITUTO COMPRENSIVO DI PRAY,9
15316542,2024,107863.43,89.0,4.0,N.A.,ISTRUZIONE SECONDARIA SUPERIORE FOSSANO - G. VALLAURI,6
15316542,2025,805215.3,89.0,4.0,N.A.,ISTRUZIONE SECONDARIA SUPERIORE FOSSANO - G. VALLAURI,12
15459845,2024,149526.85,108.0,12.0,N.A.,ISTITUTO COMPRENSIVO BEATO CONTARDO FERRINI - OLGIATE,12
15459845,2025,138788.68,108.0,12.0,N.A.,ISTITUTO COMPRENSIVO BEATO CONTARDO FERRINI - OLGIATE,12
15735784,2024,415448.41,205.0,22.0,N.A.,ISTITUTO COMPRENSIVO TRENTO 5,12
15735784,2025,876203.87,205.0,22.0,N.A.,ISTITUTO COMPRENSIVO TRENTO 5,12
15736032,2024,290290.7,205.0,22.0,N.A.,ISTITUTO COMPRENSIVO DI SCUOLA PRIMARIA E SECONDARIA DI PRIMO GRADO TRENTO 4,12
15736032,2025,492870.67,205.0,22.0,N.A.,ISTITUTO COMPRENSIVO DI SCUOLA PRIMARIA E SECONDARIA DI PRIMO GRADO TRENTO 4,12
15736221,2024,459566.41000000003,205.0,22.0,N.A.,ISTITUTO COMPRENSIVO DI SCUOLA PRIMARIA E SECONDARIA DI PRIMO GRADO TRENTO 7,12
15736221,2025,634286.09,205.0,22.0,N.A.,ISTITUTO COMPRENSIVO DI SCUOLA PRIMARIA E SECONDARIA DI PRIMO GRADO TRENTO 7,12
15736489,2024,91849.06,236.0,22.0,N.A.,ISTITUTO COMPRENSIVO DI SCUOLA PRIMARIA E SECONDARIA DI PRIMO GRADO - VIGOLO VATTARO,12
15736489,2025,215880.51,236.0,22.0,N.A.,ISTITUTO COMPRENSIVO DI SCUOLA PRIMARIA E SECONDARIA DI PRIMO GRADO - VIGOLO VATTARO,12
15742702,2024,25967.61,148.0,17.0,N.A.,ISTITUTO COMPRENSIVO DON GIOVANNI ANTONIOLI,6
15742702,2025,112977.62,148.0,17.0,N.A.,ISTITUTO COMPRENSIVO DON GIOVANNI ANTONIOLI,12
15744384,2025,174111.16,59.0,17.0,N.A.,ISTITUTO COMPRENSIVO MONTE ORFANO,11
15744643,2024,80314.02,52.0,17.0,N.A.,ISTITUTO COMPRENSIVO CITTA' DI CHIARI,8
15744643,2025,267705.5,52.0,17.0,N.A.,ISTITUTO COMPRENSIVO CITTA' DI CHIARI,12
15749590,2024,200185.47,161.0,22.0,N.A.,ISTITUTO COMPRENSIVO DI SCUOLA PRIMARIA E SECONDARIA DI PRIMO GRADO ROVERETO - SUD,12
15749590,2025,592373.71,161.0,22.0,N.A.,ISTITUTO COMPRENSIVO DI SCUOLA PRIMARIA E SECONDARIA DI PRIMO GRADO ROVERETO - SUD,12
15751011,2024,212074.35,170.0,17.0,N.A.,LICEO SCIENTIFICO ENRICO FERMI DI SALO',12
15751011,2025,472180.4,170.0,17.0,N.A.,LICEO SCIENTIFICO ENRICO FERMI DI SALO',12
15751024,2025,27700.0,10.0,17.0,N.A.,ISTITUTO COMPRENSIVO DI BAGOLINO,7
15751375,2024,21559.93,88.0,17.0,N.A.,ISTITUTO COMPRENSIVO DI LENO,2
15751375,2025,336249.75,88.0,17.0,N.A.,ISTITUTO COMPRENSIVO DI LENO,12
15897076,2024,17657.42,93.0,28.0,N.A.,"ISTITUTO COMPRENSIVO STATALE """" G. PONTI",5
15897076,2025,169608.13,93.0,28.0,N.A.,"ISTITUTO COMPRENSIVO STATALE """" G. PONTI",12
16049410,2025,22407.039999999997,56.0,37.0,N.A.,ISTITUTO COMPRENSIVO DI SANT'AGATA BOLOGNESE,2
16368748,2024,49019.16,91.0,58.0,N.A.,ISTITUTO COMPRENSIVO VILLAGGIO PRENESTINO,6
16368748,2025,228917.48,91.0,58.0,N.A.,ISTITUTO COMPRENSIVO VILLAGGIO PRENESTINO,12
16368801,2024,14581.529999999999,79.0,58.0,N.A.,ISTITUTO COMPRENSIVO ORAZIO,4
16368801,2025,299823.32,79.0,58.0,N.A.,ISTITUTO COMPRENSIVO ORAZIO,12
16553117,2025,68809.82,49.0,63.0,N.A.,LICEO SCIENTIFICO GIUSEPPE MERCALLI,3
16553560,2025,310189.77,116.0,65.0,N.A.,LICEO CLASSICO E SCIENTIFICO STATALE FRANCESCO DE SANCTIS,9
16554175,2025,152810.33,116.0,65.0,N.A.,LICEO SCIENTIFICO FRANCESCO SEVERI,3
16554276,2025,331379.42,99.0,65.0,N.A.,ISTITUTO COMPRENSIVO AMEDEO MOSCATI,7
16554655,2025,397516.73,32.0,63.0,N.A.,LICEO CLASSICO E DELLE SCIENZE UMANE FRANCESCO DURANTE,10
16564192,2025,130322.4,134.0,65.0,N.A.,ISTITUTO COMPRENSIVO SANTA CROCE,7
16567761,2024,151633.62,5.0,61.0,N.A.,ISTITUTO PROFESSIONALE PER I SERVIZI PER L'ENOGASTRONOMIA E L'OSITALITA' RAINULFO DRENGOT,8
16567761,2025,420232.89,5.0,61.0,N.A.,ISTITUTO PROFESSIONALE PER I SERVIZI PER L'ENOGASTRONOMIA E L'OSITALITA' RAINULFO DRENGOT,12
16756170,2025,229820.19,57.0,70.0,N.A.,ISTITUTO OMNICOMPRENSIVO DEL FORTORE RICCIA - S. ELIA,9
16762848,2025,204929.14,7.0,71.0,N.A.,ISTITUTO OMNICOMPRENSIVO DEI MONTI DAUNI - BOVINO,11
17025362,2025,193618.47,53.0,82.0,N.A.,ISTITUTO COMPRENSIVO STATALE RITA LEVI MONTALCINI,8
17026281,2024,20670.989999999998,53.0,82.0,N.A.,ISTITUTO COMPRENSIVO STATALE GIUSEPPE SCELSA,4
17026281,2025,250006.5,53.0,82.0,N.A.,ISTITUTO COMPRENSIVO STATALE GIUSEPPE SCELSA,12
17029245,2025,21314.89,103.0,78.0,N.A.,ISTITUTO COMPRENSIVO FEDERICO II,1
17030065,2025,87063.36,17.0,82.0,N.A.,ISTITUTO COMPRENSIVO CAMPOFELICE DI ROCCELLA,8
17040610,2025,100839.12,22.0,82.0,N.A.,ISTITUTO DI ISTRUZIONE SUPERIORE LUIGI FAILLA TEDALDI,9
17089155,2024,9506.75,138.0,79.0,N.A.,ISTITUTO COMPRENSIVO G. RODARI DI SOVERIA MANNELLI,3
17089155,2025,156946.49,138.0,79.0,N.A.,ISTITUTO COMPRENSIVO G. RODARI DI SOVERIA MANNELLI,12
17175666,2025,2878.4100000000003,18.0,119.0,N.A.,ISTITUTO COMPRENSIVO SANTADI NARCAO,2
17357290,2024,47120.49,146.0,15.0,N.A.,ISTITUTO COMPRENSIVO CAVALIERI,7
17357290,2025,383847.83999999997,146.0,15.0,N.A.,ISTITUTO COMPRENSIVO CAVALIERI,12
17384804,2024,114997.14,87.0,22.0,N.A.,ISTITUTO COMPRENSIVO FOLGARIA LAVARONE LUSERNA,12
17384804,2025,147870.74,87.0,22.0,N.A.,ISTITUTO COMPRENSIVO FOLGARIA LAVARONE LUSERNA,12
17428477,2024,200893.01,32.0,33.0,N.A.,SCUOLA SECONDARIA DI PRIMO GRADO ITALO CALVINO,12
17428477,2025,421778.6,32.0,33.0,N.A.,SCUOLA SECONDARIA DI PRIMO GRADO ITALO CALVINO,12
17444782,2025,360841.28,6.0,37.0,N.A.,IPSAS ALDROVANDI - RUBBIANI,12
17460003,2024,58533.83,19.0,41.0,N.A.,"ISTITUTO COMPRENSIVO """"G. LANFRANCO",10
17460003,2025,257941.19,19.0,41.0,N.A.,"ISTITUTO COMPRENSIVO """"G. LANFRANCO",12
17807119,2024,38673.58,30.0,12.0,N.A.,ISTITUTO COMPRENSIVO CANTELLO GIOVANNI XXIII,9
17807119,2025,108655.4,30.0,12.0,N.A.,ISTITUTO COMPRENSIVO CANTELLO GIOVANNI XXIII,12
17913601,2025,139952.37,57.0,56.0,N.A.,ISTITUTO COMPRENSIVO STATALE ANDREA SCRIATTOLI,7
17935805,2025,184191.56,24.0,63.0,N.A.,ISTITUTO PROFESSIONALE STATALE PER I SERVIZI ENOGASTRONOMICI E L'OSPITALITA' ALBERGHIERA RAFFAELE VIVIANI,9
18501988,2024,266733.08,29.0,17.0,N.A.,ITCS ABBA - BALLINI DI BRESCIA,12
18501988,2025,419143.24,29.0,17.0,N.A.,ITCS ABBA - BALLINI DI BRESCIA,12
18520029,2024,359785.83,50.0,22.0,N.A.,ISTITUTO DI ISTRUZIONE LA ROSA BIANCA WEISSE ROSE DI CAVALESE,12
18520029,2025,875524.98,50.0,22.0,N.A.,ISTITUTO DI ISTRUZIONE LA ROSA BIANCA WEISSE ROSE DI CAVALESE,12
18527530,2024,40606.69,45.0,23.0,N.A.,ISTITUTO COMPRENSIVO MALCESINE,3
18527530,2025,161553.63,45.0,23.0,N.A.,ISTITUTO COMPRENSIVO MALCESINE,12
18534901,2024,66858.27,95.0,24.0,N.A.,"ISTITUTO COMPRENSIVO SANTORSO """" G.B. CIPANI",8
18535337,2025,70328.51,128.0,24.0,N.A.,ISTITUTO COMPRENSIVO DI SOVIZZO,10
18544198,2025,17792.29,87.0,26.0,N.A.,ISTITUTO DI ISTRUZIONE SECONDARIA SUPERIORE VERDI,2
18544557,2025,337000.41,49.0,26.0,N.A.,ISTITUTO SUPERIORE ANTONIO SCARPA,7
18566891,2024,68384.27,69.0,30.0,N.A.,ISTITUTO COMPRENSIVO C. CAVOUR - PALAZZOLO,9
18567168,2024,6202.16,103.0,30.0,N.A.,ISTITUTO COMPRENSIVO DI SAN PIETRO AL NATISONE,12
18568555,2024,12049.14,2.0,31.0,N.A.,ISTITUTO COMPRENSIVO GIOVANNI PASCOLI,2
18568555,2025,175043.1,2.0,31.0,N.A.,ISTITUTO COMPRENSIVO GIOVANNI PASCOLI,12
18568567,2024,200980.59999999998,7.0,31.0,N.A.,ISTITUTO STATALE DI ISTRUZIONE SUPERIORE COSSAR - LEONARDO DA VINCI,11
18568567,2025,226282.15,7.0,31.0,N.A.,ISTITUTO STATALE DI ISTRUZIONE SUPERIORE COSSAR - LEONARDO DA VINCI,12
18568569,2024,51968.15,7.0,31.0,N.A.,ISTITUTO SUPERIORE STATALE SIMON GREGORCIC (L.SLOVENA),6
18568569,2025,148698.4,7.0,31.0,N.A.,ISTITUTO SUPERIORE STATALE SIMON GREGORCIC (L.SLOVENA),12
18572849,2024,142980.16,33.0,33.0,N.A.,ISTITUTO COMPRENSIVO E. CARELLA,12
18572849,2025,232935.71,33.0,33.0,N.A.,ISTITUTO COMPRENSIVO E. CARELLA,12
18600991,2024,124063.34000000001,45.0,40.0,N.A.,ISTITUTO DI ISTRUZIONE SECONDARIA SUPERIORE - MARIE CURIE,7
18600991,2025,497352.72,45.0,40.0,N.A.,ISTITUTO DI ISTRUZIONE SECONDARIA SUPERIORE - MARIE CURIE,12
18632488,2025,1461.3899999999999,15.0,48.0,N.A.,ISTITUTO COMPRENSIVO ERNESTO BALDUCCI,1
18647939,2025,420584.95,11.0,53.0,N.A.,POLO TECNOLOGICO MANETTI - PORCIATTI,11
18734806,2025,90689.71,31.0,67.0,N.A.,ISTITUTO COMPRENSIVO NERETO - S.OMERO,4
18734950,2025,79604.71,13.0,67.0,N.A.,ISTITUTO COMPRENSIVO STATALE VALLE DEL FINO,10
18890131,2025,102066.23,146.0,15.0,N.A.,ISTITUTO COMPRENSIVO A. SCARPA,5
18907365,2025,268233.24,195.0,15.0,N.A.,ISTITUTO COMPRENSIVO G.CAVALCANTI,9
18911610,2024,43987.909999999996,27.0,15.0,N.A.,ISTITUTO COMPRENSIVO MARIA MONTESSORI BOLLATE,6
18911610,2025,205442.22,27.0,15.0,N.A.,ISTITUTO COMPRENSIVO MARIA MONTESSORI BOLLATE,12
18911760,2024,465650.97,139.0,22.0,N.A.,ISTITUTO COMPRENSIVO DI SCUOLA PRIMARIA E SECONDARIA DI PRIMO GRADO DI PERGINE 2,12
18911760,2025,395050.02,139.0,22.0,N.A.,ISTITUTO COMPRENSIVO DI SCUOLA PRIMARIA E SECONDARIA DI PRIMO GRADO DI PERGINE 2,12
18911761,2024,193532.4,205.0,22.0,N.A.,ISTITUTO COMPRENSIVO DI SCUOLA PRIMARIA E SECONDARIA DI PRIMO GRADO TRENTO 1 MARGHERITA HACK,12
18911761,2025,468105.65,205.0,22.0,N.A.,ISTITUTO COMPRENSIVO DI SCUOLA PRIMARIA E SECONDARIA DI PRIMO GRADO TRENTO 1 MARGHERITA HACK,12
18911763,2024,281820.32,103.0,22.0,N.A.,ISTITUTO COMPRENSIVO DI SCUOLA PRIMARIA E SECONDARIA DI PRIMO GRADO - LAVIS,12
18911763,2025,566372.72,103.0,22.0,N.A.,ISTITUTO COMPRENSIVO DI SCUOLA PRIMARIA E SECONDARIA DI PRIMO GRADO - LAVIS,12
18912108,2024,47256.4,180.0,4.0,N.A.,ISTITUTO COMPRENSIVO REVELLO,7
18912108,2025,33198.5,180.0,4.0,N.A.,ISTITUTO COMPRENSIVO REVELLO,12
18912125,2024,124582.66,6.0,108.0,N.A.,ISTITUTO COMPRENSIVO DI BELLUSCO E MEZZAGO,11
18912125,2025,254209.49,6.0,108.0,N.A.,ISTITUTO COMPRENSIVO DI BELLUSCO E MEZZAGO,12
18912155,2024,198545.83,58.0,97.0,N.A.,ISTITUTO COMPRENSIVO DI OLGIATE MOLGORA,10
18912155,2025,150355.81,58.0,97.0,N.A.,ISTITUTO COMPRENSIVO DI OLGIATE MOLGORA,12
18912644,2024,237238.04,71.0,20.0,N.A.,ISTITUTO COMPRENSIVO DI BORGOVIRGILIO,12
18912644,2025,219244.18,71.0,20.0,N.A.,ISTITUTO COMPRENSIVO DI BORGOVIRGILIO,12
18912648,2024,117772.35,52.0,20.0,N.A.,ISTITUTO COMPRENSIVO DI RONCOFERRARO,12
18912648,2025,227299.93,52.0,20.0,N.A.,ISTITUTO COMPRENSIVO DI RONCOFERRARO,12
18912775,2024,84200.06,49.0,66.0,N.A.,ISTITUTO DI ISTRUZIONE SUPERIORE LEONARDO DA VINCI - OTTAVIO COLECCHI,2
18912775,2025,299390.26,49.0,66.0,N.A.,ISTITUTO DI ISTRUZIONE SUPERIORE LEONARDO DA VINCI - OTTAVIO COLECCHI,12
18913998,2024,225829.16,252.0,22.0,N.A.,ISTITUTO COMPRENSIVO FONDO-REVO,12
18913998,2025,598722.67,252.0,22.0,N.A.,ISTITUTO COMPRENSIVO FONDO-REVO,12
18914024,2024,120805.22,49.0,83.0,N.A.,ISTITUTO TECNICO TECNOLOGICO STATALE E. MAJORANA,5
18914024,2025,852308.52,49.0,83.0,N.A.,ISTITUTO TECNICO TECNOLOGICO STATALE E. MAJORANA,12
18914191,2025,100385.97,221.0,15.0,N.A.,ISTITUTO COMPRENSIVO AI NOSTRI CADUTI,2
18914739,2024,2915.43,19.0,101.0,N.A.,ISTITUTO COMPRENSIVO ROCCA DI NETO,2
18914739,2025,218934.09,19.0,101.0,N.A.,ISTITUTO COMPRENSIVO ROCCA DI NETO,12
18919588,2024,75488.57,134.0,12.0,N.A.,ISTITUTO COMPRENSIVO SILVIO PELLICO - VEDANO OLONA,12
18919588,2025,187446.77,134.0,12.0,N.A.,ISTITUTO COMPRENSIVO SILVIO PELLICO - VEDANO OLONA,12
18924097,2024,125211.68000000001,78.0,70.0,N.A.,ISTITUTO PROFESSIONALE PER I SERVIZI ALBERGHIERI E RISTORAZIONE I.P.S.S.A.R. - I.P.S.A.A. F. DI SVEVIA,7
18924097,2025,281591.51,78.0,70.0,N.A.,ISTITUTO PROFESSIONALE PER I SERVIZI ALBERGHIERI E RISTORAZIONE I.P.S.S.A.R. - I.P.S.A.A. F. DI SVEVIA,12
18928798,2024,51563.97,55.0,17.0,N.A.,ISTITUTO COMPRENSIVO CIVIDATE CAMUNO,8
18928798,2025,135615.73,55.0,17.0,N.A.,ISTITUTO COMPRENSIVO CIVIDATE CAMUNO,11
18928803,2024,87197.94,28.0,17.0,N.A.,ISTITUTO COMPRENSIVO FRANCO TONOLINI,12
18928803,2025,160035.16,28.0,17.0,N.A.,ISTITUTO COMPRENSIVO FRANCO TONOLINI,12
18929016,2024,150231.82,17.0,20.0,N.A.,ISTITUTO COMPRENSIVO CASTIGLIONE STIVIERE 1,6
18929016,2025,343212.66,17.0,20.0,N.A.,ISTITUTO COMPRENSIVO CASTIGLIONE STIVIERE 1,12
18929028,2024,0.0,31.0,70.0,N.A.,ISTITUTO OMNICOMPRENSIVO MAGLIANO,1
18929028,2025,446230.69,31.0,70.0,N.A.,ISTITUTO OMNICOMPRENSIVO MAGLIANO,12
18929441,2024,88753.19,77.0,16.0,N.A.,ISTITUTO COMPRENSIVO CLUSONE,12
18929441,2025,169367.98,77.0,16.0,N.A.,ISTITUTO COMPRENSIVO CLUSONE,12
18930195,2025,94912.61,53.0,56.0,N.A.,ISTITUTO COMPRENSIVO PAOLO RUFFINI,9
18932716,2024,30572.07,47.0,37.0,N.A.,ISTITUTO COMPRENSIVO DI RASTIGNANO,11
18932716,2025,64658.85,47.0,37.0,N.A.,ISTITUTO COMPRENSIVO DI RASTIGNANO,12
18932721,2024,100217.44,59.0,37.0,N.A.,ISTITUTO COMPRENSIVO DI VERGATO E GRIZZANA - MORANDI,8
18932721,2025,107100.7,59.0,37.0,N.A.,ISTITUTO COMPRENSIVO DI VERGATO E GRIZZANA - MORANDI,12
18933849,2025,137222.35,16.0,20.0,N.A.,ISTITUTO COMPRENSIVO DI CASTELLUCCHIO,10
18937002,2024,312623.86,2.0,20.0,N.A.,ISTITUTO COMPRENSIVO COMPLETO DI ASOLA,12
18937002,2025,443529.71,2.0,20.0,N.A.,ISTITUTO COMPRENSIVO COMPLETO DI ASOLA,12
18940172,2025,126230.11,75.0,78.0,N.A.,ISTITUTO COMPRENSIVO MANGONE - GRIMALDI,5
18940814,2024,192520.77,91.0,58.0,N.A.,ISTITUTO COMPRENSIVO STATALE LA GIUSTINIANA,12
18940814,2025,205532.69,91.0,58.0,N.A.,ISTITUTO COMPRENSIVO STATALE LA GIUSTINIANA,12
18940817,2024,153319.82,91.0,58.0,N.A.,ISTITUTO D'ISTRUZIONE SUPERIORE STATALE LEON BATTISTA ALBERTI,12
18940817,2025,286461.05,91.0,58.0,N.A.,ISTITUTO D'ISTRUZIONE SUPERIORE STATALE LEON BATTISTA ALBERTI,12
18940824,2025,863413.28,91.0,58.0,N.A.,LICEO STATALE VITTORIO GASSMAN,11
18941099,2024,396029.51,205.0,22.0,N.A.,ISTITUTO COMPRENSIVO DI SCUOLA PRIMARIA E SECONDARIA DI PRIMO GRADO TRENTO 6,12
18941099,2025,740344.35,205.0,22.0,N.A.,ISTITUTO COMPRENSIVO DI SCUOLA PRIMARIA E SECONDARIA DI PRIMO GRADO TRENTO 6,12
18941108,2024,232949.94999999998,205.0,22.0,N.A.,ISTITUTO COMPRENSIVO DI SCUOLA PRIMARIA E SECONDARIA DI PRIMO GRADO TRENTO 2,12
18941108,2025,442013.55,205.0,22.0,N.A.,ISTITUTO COMPRENSIVO DI SCUOLA PRIMARIA E SECONDARIA DI PRIMO GRADO TRENTO 2,12
18941110,2024,210619.45,74.0,22.0,N.A.,ISTITUTO COMPRENSIVO BASSA ANAUNIA-TUENNO,12
18941110,2025,364162.14,74.0,22.0,N.A.,ISTITUTO COMPRENSIVO BASSA ANAUNIA-TUENNO,12
18941112,2024,324700.22,117.0,22.0,N.A.,ISTITUTO COMPRENSIVO MEZZOLOMBARDO - PAGANELLA,12
18941112,2025,645078.27,117.0,22.0,N.A.,ISTITUTO COMPRENSIVO MEZZOLOMBARDO - PAGANELLA,12
18941188,2024,36019.98,256.0,1.0,N.A.,ISTITUTO COMPRENSIVO CENTOPASSI DI SANT' ANTONINO DI SUSA,6
18941188,2025,216198.26,256.0,1.0,N.A.,ISTITUTO COMPRENSIVO CENTOPASSI DI SANT' ANTONINO DI SUSA,12
18941725,2025,54782.42,49.0,63.0,N.A.,LICEO STATALE ELSA MORANTE,2
18942202,2024,180753.38999999998,103.0,58.0,N.A.,I.I.S. BRASCHI - QUARENGHI,6
18942202,2025,380419.68,103.0,58.0,N.A.,I.I.S. BRASCHI - QUARENGHI,12
18942382,2025,5979.23,119.0,12.0,N.A.,ISTITUTO COMPRENSIVO LEONARDO DA VINCI,2
18942383,2024,84769.02,75.0,12.0,N.A.,ISTITUTO COMPRENSIVO G.P.CLERICI,9
18942383,2025,196843.86000000002,75.0,12.0,N.A.,ISTITUTO COMPRENSIVO G.P.CLERICI,12
18943195,2025,7121.43,26.0,50.0,N.A.,ISTITUTO COMPRENSIVO VINCENZO GALILEI,2
18944440,2024,21009.54,204.0,15.0,N.A.,ISTITUTO COMPRENSIVO VIA MATTEOTTI,3
18944440,2025,176281.82,204.0,15.0,N.A.,ISTITUTO COMPRENSIVO VIA MATTEOTTI,12
18944549,2024,495916.12999999995,75.0,17.0,N.A.,ISTITUTO DI ISTRUZIONE SUPERIORE CARLO BERETTA,12
18944549,2025,459598.19,75.0,17.0,N.A.,ISTITUTO DI ISTRUZIONE SUPERIORE CARLO BERETTA,12
18944552,2024,11478.17,199.0,17.0,N.A.,"ISTITUTO COMPRENSIVO """"T. OLIVELLI"""" VILLA CARCINA",6
18944552,2025,132362.79,199.0,17.0,N.A.,"ISTITUTO COMPRENSIVO """"T. OLIVELLI"""" VILLA CARCINA",12
18944639,2024,192309.6,30.0,37.0,N.A.,ISTITUTO COMPRENSIVO GRANAROLO DELL'EMILIA,9
18944639,2025,215853.19,30.0,37.0,N.A.,ISTITUTO COMPRENSIVO GRANAROLO DELL'EMILIA,12
18944684,2024,58968.29,27.0,35.0,N.A.,ISTITUTO COMPRENSIVO MONTECCHIO,6
18944684,2025,343420.01,27.0,35.0,N.A.,ISTITUTO COMPRENSIVO MONTECCHIO,12
18944685,2025,122226.53,14.0,35.0,N.A.,ISTITUTO COMPRENSIVO CASTELLARANO,9
18945352,2025,29688.1,21.0,42.0,N.A.,ISTITUTO STATALE COMPRENSIVO FEDERICO II,3
18945444,2025,38818.7,15.0,117.0,N.A.,ISTITUTO COMPRENSIVO SANLURI,6
18945490,2025,95056.26,97.0,75.0,N.A.,ISTITUTO COMPRENSIVO STATALE PORTO CESAREO,7
18945823,2024,146447.41,9.0,116.0,N.A.,ISTITUTO GLOBALE JERZU,12
18945823,2025,428796.69,9.0,116.0,N.A.,ISTITUTO GLOBALE JERZU,12
18946485,2024,12557.619999999999,43.0,16.0,N.A.,ISTITUTO COMPRENSIVO ALDO MORO DI CALCINATE,3
18946485,2025,408096.54,43.0,16.0,N.A.,ISTITUTO COMPRENSIVO ALDO MORO DI CALCINATE,12
18951803,2025,44171.17,32.0,37.0,N.A.,ISTITUTO DI ISTRUZIONE SUPERIORE FRANCESCO ALBERGHETTI,2
18962115,2025,232098.32,38.0,15.0,N.A.,ISTITUTO OMNICOMPRENSIVO EUROPEO DI ARCONATE E BUSCATE,6
18963079,2024,61421.36,62.0,16.0,N.A.,ISTITUTO COMPRENSIVO FRA AMBROGIO DA CALEPIO,12
18963079,2025,235856.56,62.0,16.0,N.A.,ISTITUTO COMPRENSIVO FRA AMBROGIO DA CALEPIO,12
18963080,2024,140441.57,114.0,16.0,N.A.,ISTITUTO COMPRENSIVO ALDO MORO DI GORLAGO,12
18963080,2025,197522.3,114.0,16.0,N.A.,ISTITUTO COMPRENSIVO ALDO MORO DI GORLAGO,12
18972834,2024,83031.25,29.0,17.0,N.A.,ISTITUTO COMPRENSIVO S.MARIA BAMBINA EST 1 BRESCIA,12
18972834,2025,164713.01,29.0,17.0,N.A.,ISTITUTO COMPRENSIVO S.MARIA BAMBINA EST 1 BRESCIA,12
18972835,2025,105723.56,143.0,17.0,N.A.,ISTITUTO COMPRENSIVO TEN. PELLEGRINI PISOGNE,9
18972995,2025,451899.22,91.0,58.0,N.A.,ISTITUTO COMPRENSIVO STATALE GIUSEPPE MONTEZEMOLO,8
18973182,2024,79363.36,204.0,16.0,N.A.,ISTITUTO COMPRENSIVO DANIELE SPADA,12
18973182,2025,165998.27,204.0,16.0,N.A.,ISTITUTO COMPRENSIVO DANIELE SPADA,12
18973351,2025,122216.72,41.0,63.0,N.A.,LICEO SCIENTIFICO STATALE EMILIO SEGRE',8
18973496,2024,500295.29,161.0,22.0,N.A.,ISTITUTO ISTRUZIONE SUPERIORE DON MILANI TRENTO,12
18973496,2025,973928.16,161.0,22.0,N.A.,ISTITUTO ISTRUZIONE SUPERIORE DON MILANI TRENTO,12
18973497,2024,328363.82,161.0,22.0,N.A.,ISTITUTO COMPRENSIVO DI SCUOLA PRIMARIA E SECONDARIA DI PRIMO GRADO DI ISERA-ROVERETO,12
18973497,2025,488725.37,161.0,22.0,N.A.,ISTITUTO COMPRENSIVO DI SCUOLA PRIMARIA E SECONDARIA DI PRIMO GRADO DI ISERA-ROVERETO,12
18973498,2024,130342.40000000001,222.0,22.0,N.A.,ISTITUTO COMPRENSIVO DI SCUOLA PRIMARIA E SECONDARIA DI PRIMO GRADO DI VILLA LAGARINA,12
18973498,2025,361476.01,222.0,22.0,N.A.,ISTITUTO COMPRENSIVO DI SCUOLA PRIMARIA E SECONDARIA DI PRIMO GRADO DI VILLA LAGARINA,12
18973500,2024,220552.5,1.0,22.0,N.A.,"ISTITUTO COMPRENSIVO DI ALA """"BRESCIANI",12
18973500,2025,236376.38,1.0,22.0,N.A.,"ISTITUTO COMPRENSIVO DI ALA """"BRESCIANI",12
18973752,2024,155505.84,6.0,22.0,N.A.,ISTITUTO COMPRENSIVO DI SCUOLA PRIMARIA E SECONDARIA DI PRIMO GRADO DI ARCO,12
18973752,2025,523172.46,6.0,22.0,N.A.,ISTITUTO COMPRENSIVO DI SCUOLA PRIMARIA E SECONDARIA DI PRIMO GRADO DI ARCO,12
18973756,2024,214506.15,153.0,22.0,N.A.,ISTITUTO COMPRENSIVO DI SCUOLA PRIMARIA E SECONDARIA DI PRIMO GRADO RIVA 1,12
18973756,2025,433531.71,153.0,22.0,N.A.,ISTITUTO COMPRENSIVO DI SCUOLA PRIMARIA E SECONDARIA DI PRIMO GRADO RIVA 1,12
18973993,2025,109165.43000000001,2.0,88.0,N.A.,ISTITUTO COMPRENSIVO SERAFINO AMABILE GUASTELLA,9
18974084,2024,175960.73,1.0,38.0,N.A.,ISTITUTO DI ISTRUZIONE SUPERIORE RITA LEVI MONTALCINI,12
18974084,2025,182157.63,1.0,38.0,N.A.,ISTITUTO DI ISTRUZIONE SUPERIORE RITA LEVI MONTALCINI,12
18974569,2025,209247.41,14.0,34.0,N.A.,ISTITUTO DI ISTRUZIONE SUPERIORE PACIOLO - D'ANNUNZIO,10
18974686,2025,19475.44,8.0,117.0,N.A.,ISTITUTO COMPRENSIVO E. FERMI - L. DA VINCI,3
18980250,2025,10334.92,37.0,16.0,N.A.,ISTITUTO COMPRENSIVO BREMBATE SOTTO,2
18990138,2024,10526.67,91.0,58.0,N.A.,ISTITUTO COMPRENSIVO MARIA CAPOZZI,6
18990138,2025,199789.84,91.0,58.0,N.A.,ISTITUTO COMPRENSIVO MARIA CAPOZZI,12
18990403,2024,233373.47999999998,9.0,22.0,N.A.,"ISTITUTO COMPRENSIVO """"ALTOPIANO DI PINE'",12
18990403,2025,201323.95,9.0,22.0,N.A.,"ISTITUTO COMPRENSIVO """"ALTOPIANO DI PINE'",12
18990409,2024,612134.58,248.0,22.0,N.A.,ISTITUTO COMPRENSIVO VALLE DEI LAGHI - DRO,12
18990409,2025,635716.5,248.0,22.0,N.A.,ISTITUTO COMPRENSIVO VALLE DEI LAGHI - DRO,12
18990732,2024,158471.1,120.0,16.0,N.A.,ISTITUTO COMPRENSIVO STATALE DI GRUMELLO DEL MONTE,12
18990732,2025,185390.46,120.0,16.0,N.A.,ISTITUTO COMPRENSIVO STATALE DI GRUMELLO DEL MONTE,12
18990740,2024,118591.95,18.0,16.0,N.A.,ISTITUTO COMPRENSIVO DI BAGNATICA,10
18990740,2025,282909.11,18.0,16.0,N.A.,ISTITUTO COMPRENSIVO DI BAGNATICA,11
18991606,2025,119245.35999999999,9.0,4.0,N.A.,ISTITUTO COMPRENSIVO BEPPE FENOGLIO,11
18991709,2025,35492.25,229.0,15.0,N.A.,ISTITUTO COMPRENSIVO STATALE PAOLO NEGLIA,2
18992058,2025,48780.63,65.0,75.0,N.A.,ISTITUTO COMPRENSIVO SALICE SALENTINO,6
18992274,2025,157198.82,38.0,20.0,N.A.,ISTITUTO COMPRENSIVO OSTIGLIA,9
18992366,2024,343653.95,103.0,17.0,N.A.,ISTITUTO SUPERIORE PASCAL - MAZZOLARI,12
18992366,2025,670299.49,103.0,17.0,N.A.,ISTITUTO SUPERIORE PASCAL - MAZZOLARI,12
18993949,2025,125589.46,23.0,60.0,N.A.,ISTITUTO COMPRENSIVO CASTRO DEI VOLSCI,9
18994346,2025,115403.98,15.0,42.0,N.A.,ISTITUTO COMPRENSIVO CORINALDO,8
18994615,2025,12161.79,73.0,16.0,N.A.,ISTITUTO COMPRENSIVO CHIUDUNO,2
18994677,2025,203758.34,6.0,37.0,N.A.,ISTITUTO COMPRENSIVO N.8 VIA CA' SELVATICA,9
18994680,2024,43733.53,8.0,37.0,N.A.,ISTITUTO COMPRENSIVO DI BUDRIO,5
18994680,2025,174001.35,8.0,37.0,N.A.,ISTITUTO COMPRENSIVO DI BUDRIO,12
18994685,2025,164227.51,47.0,37.0,N.A.,ISTITUTO COMPRENSIVO DI PIANORO,10
18994691,2024,208158.85,6.0,37.0,N.A.,ISTITUTO COMPRENSIVO N.12 BOLOGNA,11
18994691,2025,543512.15,6.0,37.0,N.A.,ISTITUTO COMPRENSIVO N.12 BOLOGNA,12
19000150,2024,165127.3,245.0,16.0,N.A.,ISTITUTO COMPRENSIVO DI ZANICA,12
19000150,2025,284689.21,245.0,16.0,N.A.,ISTITUTO COMPRENSIVO DI ZANICA,12
19000480,2024,53758.4,32.0,40.0,N.A.,ISTITUTO COMPRENSIVO PREDAPPIO,8
19000480,2025,103754.15,32.0,40.0,N.A.,ISTITUTO COMPRENSIVO PREDAPPIO,12
19006075,2025,13418.109999999999,32.0,16.0,N.A.,ISTITUTO COMPRENSIVO STATALE GIOVANNI XXIII,2
19012837,2024,290108.2,29.0,17.0,N.A.,LICEO SCIENTIFICO STATALE LEONARDO,12
19012837,2025,743935.26,29.0,17.0,N.A.,LICEO SCIENTIFICO STATALE LEONARDO,12
19012838,2024,127521.61,61.0,17.0,N.A.,ISTITUTO COMPRENSIVO DI CONCESIO,12
19012838,2025,269892.99,61.0,17.0,N.A.,ISTITUTO COMPRENSIVO DI CONCESIO,12
19013051,2025,153521.52,53.0,82.0,N.A.,ISTITUTO COMPRENSIVO STATALE SFERRACAVALLO - ONORATO,9
19013249,2024,194220.3,86.0,16.0,N.A.,ISTITUTO COMPRENSIVO FRATELLI D'ITALIA,12
19013249,2025,89396.96,86.0,16.0,N.A.,ISTITUTO COMPRENSIVO FRATELLI D'ITALIA,12
19013742,2025,560918.61,15.0,87.0,N.A.,ISTITUTO PROFESSIONALE DI STATO PER I SERVIZI ENOGASTRONOMICI E DELL'OSPITALITA' ALBERGHIERA KAROL WOJTYLA,11
19014491,2025,9097.96,43.0,118.0,N.A.,ISTITUTO COMPRENSIVO EDMONDO DE MAGISTRIS,2
19014775,2024,40776.65,2.0,64.0,N.A.,ISTITUTO COMPRENSIVO COSIMO CARUSO,9
19014775,2025,61083.490000000005,2.0,64.0,N.A.,ISTITUTO COMPRENSIVO COSIMO CARUSO,12
19014781,2024,67131.67,9.0,40.0,N.A.,ISTITUTO COMPRENSIVO CIVITELLA DI ROMAGNA,9
19014781,2025,108680.35,9.0,40.0,N.A.,ISTITUTO COMPRENSIVO CIVITELLA DI ROMAGNA,12
19015206,2024,370193.14,230.0,22.0,N.A.,ISTITUTO COMPRENSIVO SCUOLA ELEMENTARE MEDIA DI TAIO,12
19015206,2025,315876.87,230.0,22.0,N.A.,ISTITUTO COMPRENSIVO SCUOLA ELEMENTARE MEDIA DI TAIO,12
19015220,2024,7690.49,39.0,79.0,N.A.,ISTITUTO COMPRENSIVO CURINGA,6
19015220,2025,85093.28,39.0,79.0,N.A.,ISTITUTO COMPRENSIVO CURINGA,12
19015304,2025,4122.06,97.0,65.0,N.A.,ISTITUTO OMNICOMPRENSIVO DI POLLA,1
19015307,2024,151618.33000000002,98.0,19.0,N.A.,ISTITUTO COMPRENSIVO G. BERTESI,12
19015307,2025,121511.01,98.0,19.0,N.A.,ISTITUTO COMPRENSIVO G. BERTESI,12
19015804,2024,21591.82,27.0,101.0,N.A.,ISTITUTO COMPRENSIVO VERZINO - MELISSA,6
19015804,2025,97018.95,27.0,101.0,N.A.,ISTITUTO COMPRENSIVO VERZINO - MELISSA,12
19015827,2024,125323.91,223.0,4.0,N.A.,ISTITUTO COMPRENSIVO DI SOMMARIVA PERNO,11
19015827,2025,100246.25,223.0,4.0,N.A.,ISTITUTO COMPRENSIVO DI SOMMARIVA PERNO,12
19015917,2025,102433.51,29.0,42.0,N.A.,ISTITUTO COMPRENSIVO BENIAMINO GIGLI,9
19015923,2024,38239.82,16.0,42.0,N.A.,ISTITUTO COMPRENSIVO DON COSTANTINI - LUIGI BARTOLINI,9
19015923,2025,120902.7,16.0,42.0,N.A.,ISTITUTO COMPRENSIVO DON COSTANTINI - LUIGI BARTOLINI,12
19016016,2025,89979.56,11.0,87.0,N.A.,ISTITUTO DI ISTRUZIONE SUPERIORE CUCUZZA - EUCLIDE,3
19016061,2024,442069.01,133.0,17.0,N.A.,ISTITUTO D'ISTRUZIONE SUPERIORE CRISTOFORO MARZOLI,12
19016061,2025,611663.26,133.0,17.0,N.A.,ISTITUTO D'ISTRUZIONE SUPERIORE CRISTOFORO MARZOLI,12
19016165,2024,67317.16,63.0,14.0,N.A.,ISTITUTO COMPRENSIVO GIOVANNI GAVAZZENI,12
19016165,2025,126255.46,63.0,14.0,N.A.,ISTITUTO COMPRENSIVO GIOVANNI GAVAZZENI,12
19016167,2024,23868.25,24.0,14.0,N.A.,ISTITUTO COMPRENSIVO DI COSIO VALTELLINO,12
19016167,2025,48643.32,24.0,14.0,N.A.,ISTITUTO COMPRENSIVO DI COSIO VALTELLINO,12
19016203,2024,70227.31,33.0,29.0,N.A.,ISTITUTO COMPRENSIVO OCCHIOBELLO,8
19016203,2025,189180.96,33.0,29.0,N.A.,ISTITUTO COMPRENSIVO OCCHIOBELLO,12
19018730,2024,11807.47,94.0,19.0,N.A.,ISTITUTO COMPRENSIVO SERGNANO PRIMO LEVI,5
19018730,2025,187607.65,94.0,19.0,N.A.,ISTITUTO COMPRENSIVO SERGNANO PRIMO LEVI,12
19024480,2024,2747.5,35.0,37.0,N.A.,ISTITUTO COMPRENSIVO DI MALALBERGO,2
19024480,2025,342627.1,35.0,37.0,N.A.,ISTITUTO COMPRENSIVO DI MALALBERGO,11
19028267,2024,105587.73999999999,87.0,65.0,N.A.,ISTITUTO COMPRENSIVO DI PADULA,6
19028267,2025,486326.14,87.0,65.0,N.A.,ISTITUTO COMPRENSIVO DI PADULA,11
19028636,2024,231404.88999999998,22.0,22.0,N.A.,ISTITUTO COMPRENSIVO DI SCUOLA PRIMARIA E SECONDARIA DI PRIMO GRADO BORGO VALSUGANA,12
19028636,2025,425236.07,22.0,22.0,N.A.,ISTITUTO COMPRENSIVO DI SCUOLA PRIMARIA E SECONDARIA DI PRIMO GRADO BORGO VALSUGANA,12
19028644,2025,134117.5,30.0,29.0,N.A.,ISTITUTO COMPRENSIVO DI LOREO,11
19028694,2024,46566.520000000004,35.0,17.0,N.A.,ISTITUTO COMPRENSIVO CAPO DI PONTE P. DA CEMMO,8
19028694,2025,153088.85,35.0,17.0,N.A.,ISTITUTO COMPRENSIVO CAPO DI PONTE P. DA CEMMO,12
19032671,2025,139681.0,44.0,27.0,N.A.,ISTITUTO COMPRENSIVO DANIELE MANIN,9
19033110,2025,265855.35,30.0,42.0,N.A.,ISTITUTO COMPRENSIVO MONTEMARCIANO - MONTE SAN VITO,9
19034793,2024,67592.87,11.0,27.0,N.A.,ISTITUTO COMPRENSIVO RUFINO TURRANIO,12
19034793,2025,118594.82,11.0,27.0,N.A.,ISTITUTO COMPRENSIVO RUFINO TURRANIO,11
19035039,2024,64902.590000000004,133.0,16.0,N.A.,ISTITUTO COMPRENSIVO MARTINENGO,10
19035039,2025,224046.66,133.0,16.0,N.A.,ISTITUTO COMPRENSIVO MARTINENGO,12
19035048,2024,145905.41,44.0,16.0,N.A.,ISTITUTO COMPRENSIVO MARTIRI DELLA RESISTENZA,11
19035048,2025,188269.9,44.0,16.0,N.A.,ISTITUTO COMPRENSIVO MARTIRI DELLA RESISTENZA,12
19035085,2024,330833.85000000003,110.0,22.0,N.A.,ISTITUTO COMPRENSIVO DI SCUOLA PRIMARIA E SECONDARIA DI PRIMO GRADO BASSA VAL DI SOLE,12
19035085,2025,351337.26,110.0,22.0,N.A.,ISTITUTO COMPRENSIVO DI SCUOLA PRIMARIA E SECONDARIA DI PRIMO GRADO BASSA VAL DI SOLE,12
19035162,2025,33732.95,61.0,75.0,N.A.,ISTITUTO COMPRENSIVO DI POGGIARDO,2
19035287,2024,60272.94,48.0,78.0,N.A.,ISTITUTO COMPRENSIVO DIAMANTE,8
19035287,2025,73673.7,48.0,78.0,N.A.,ISTITUTO COMPRENSIVO DIAMANTE,12
19035295,2025,111382.34,132.0,78.0,N.A.,ISTITUTO COMPRENSIVO PAOLO BORSELLINO,8
19035409,2024,37352.7,25.0,19.0,N.A.,ISTITUTO COMPRENSIVO P. SENTATI DI CASTELLEONE,3
19035409,2025,230982.64,25.0,19.0,N.A.,ISTITUTO COMPRENSIVO P. SENTATI DI CASTELLEONE,12
19035617,2024,28724.23,2.0,37.0,N.A.,ISTITUTO COMPRENSIVO DI ARGELATO,2
19035617,2025,186305.31,2.0,37.0,N.A.,ISTITUTO COMPRENSIVO DI ARGELATO,12
19035843,2024,49976.02,14.0,99.0,N.A.,ISTITUTO COMPRENSIVO ALBERTO MARVELLI,9
19035843,2025,286187.79,14.0,99.0,N.A.,ISTITUTO COMPRENSIVO ALBERTO MARVELLI,12
19036824,2025,16268.48,14.0,65.0,N.A.,ISTITUTO COMPRENSIVO STATALE SANDRO PENNA,7
19036828,2024,4022.58,50.0,65.0,N.A.,ISTITUTO COMPRENSIVO STATALE GIACINTO ROMANO DI EBOLI,3
19036828,2025,135755.2,50.0,65.0,N.A.,ISTITUTO COMPRENSIVO STATALE GIACINTO ROMANO DI EBOLI,11
19037021,2025,185999.71,7.0,101.0,N.A.,ISTITUTO OMINICOMPRENSIVO L. LILIO,10
19037046,2025,71250.36,222.0,4.0,N.A.,ISTITUTO COMPRENSIVO GIOVANNI ARPINO,2
19037477,2025,115629.40000000001,37.0,63.0,N.A.,ISTITUTO DI ISTRUZIONE SUPERIORE STATALE CRISTOFARO MENNELLA,3
19047613,2024,117132.35,156.0,22.0,N.A.,"ISTITUTO COMPRENSIVO """"CENTRO VALSUGANA",12
19047613,2025,435278.44,156.0,22.0,N.A.,"ISTITUTO COMPRENSIVO """"CENTRO VALSUGANA",12
19047864,2024,23099.530000000002,151.0,15.0,N.A.,ISTITUTO COMPRENSIVO ADA NEGRI,6
19047864,2025,266316.27,151.0,15.0,N.A.,ISTITUTO COMPRENSIVO ADA NEGRI,12
19048038,2024,174869.93,187.0,16.0,N.A.,ISTITUTO COMPRENSIVO ANDREA FANTONI DI ROVETTA,12
19048038,2025,216748.02,187.0,16.0,N.A.,ISTITUTO COMPRENSIVO ANDREA FANTONI DI ROVETTA,12
19048041,2024,101185.92,168.0,16.0,N.A.,ISTITUTO COMPRENSIVO DI PONTE NOSSA,10
19048041,2025,84516.72,168.0,16.0,N.A.,ISTITUTO COMPRENSIVO DI PONTE NOSSA,12
19048218,2025,43824.869999999995,22.0,94.0,N.A.,ISTITUTO COMPRENSIVO COLOZZA,2
19048294,2024,108245.99,122.0,12.0,N.A.,ISTITUTO COMPRENSIVO A. MORO - SOLBIATE OLONA,10
19048294,2025,135997.14,122.0,12.0,N.A.,ISTITUTO COMPRENSIVO A. MORO - SOLBIATE OLONA,12
19048542,2024,18174.36,70.0,41.0,N.A.,ISTITUTO COMPRENSIVO STATALE GIO' POMODORO,5
19048542,2025,150419.7,70.0,41.0,N.A.,ISTITUTO COMPRENSIVO STATALE GIO' POMODORO,12
19049054,2024,55325.43,57.0,115.0,N.A.,ISTITUTO COMPRENSIVO SANTU LUSSURGIU,11
19049054,2025,236460.87,57.0,115.0,N.A.,ISTITUTO COMPRENSIVO SANTU LUSSURGIU,12
19049434,2024,174292.72,7.0,40.0,N.A.,SCUOLA SECONDARIA DI PRIMO GRADO VIALE DELLA RESISTENZA,12
19049434,2025,171207.03,7.0,40.0,N.A.,SCUOLA SECONDARIA DI PRIMO GRADO VIALE DELLA RESISTENZA,12
19049435,2024,37926.26,18.0,40.0,N.A.,ISTITUTO COMPRENSIVO DI LONGIANO,12
19049435,2025,39666.71,18.0,40.0,N.A.,ISTITUTO COMPRENSIVO DI LONGIANO,12
19052729,2024,135373.65,91.0,58.0,N.A.,ISTITUTO COMPRENSIVO MARIA MONTESSORI,11
19052729,2025,287443.66,91.0,58.0,N.A.,ISTITUTO COMPRENSIVO MARIA MONTESSORI,12
19053144,2024,83558.47,185.0,4.0,N.A.,ISTITUTO COMPRENSIVO DI ROBILANTE,12
19053144,2025,151497.2,185.0,4.0,N.A.,ISTITUTO COMPRENSIVO DI ROBILANTE,12
19053609,2024,64422.76,315.0,1.0,N.A.,ISTITUTO COMPRENSIVO VOLVERA,12
19053609,2025,156375.47,315.0,1.0,N.A.,ISTITUTO COMPRENSIVO VOLVERA,12
19054582,2024,23702.2,8.0,38.0,N.A.,ISTITUTO COMPRENSIVO C.TURA - PONTELAGOSCURO,5
19054582,2025,162644.58000000002,8.0,38.0,N.A.,ISTITUTO COMPRENSIVO C.TURA - PONTELAGOSCURO,12
19054585,2024,156356.4,30.0,38.0,N.A.,ISTITUTO COMPRENSIVO DON CHENDI DI TRESIGALLO,12
19054585,2025,130865.68,30.0,38.0,N.A.,ISTITUTO COMPRENSIVO DON CHENDI DI TRESIGALLO,12
19054587,2025,27318.239999999998,3.0,38.0,N.A.,ISTITUTO COMPRENSIVO STATALE TEODORO BONATI,3
19054656,2024,77327.23,57.0,20.0,N.A.,ISTITUTO COMPRENSIVO SAN GIORGIO DI MANTOVA,11
19054656,2025,254321.41999999998,57.0,20.0,N.A.,ISTITUTO COMPRENSIVO SAN GIORGIO DI MANTOVA,11
19054661,2024,57383.49,7.0,20.0,N.A.,ISTITUTO COMPRENSIVO BOZZOLO,12
19054661,2025,95162.07,7.0,20.0,N.A.,ISTITUTO COMPRENSIVO BOZZOLO,12
19054845,2025,49393.57,57.0,76.0,N.A.,ISTITUTO COMPRENSIVO S. G. BOSCO,1
19055168,2024,155082.58000000002,96.0,5.0,N.A.,ISTITUTO COMPRENSIVO DI ROCCHETTA TANARO,12
19055168,2025,149138.53,96.0,5.0,N.A.,ISTITUTO COMPRENSIVO DI ROCCHETTA TANARO,12
19070372,2024,76754.55,29.0,17.0,N.A.,ISTITUTO COMPRENSIVO DI BOVEZZO,10
19070372,2025,144347.02000000002,29.0,17.0,N.A.,ISTITUTO COMPRENSIVO DI BOVEZZO,12
19070373,2025,185697.14,163.0,17.0,N.A.,ISTITUTO COMPRENSIVO STATALE DI RODENGO SAIANO,9
19071369,2025,218793.47,91.0,58.0,N.A.,ISTITUTO PROFESSIONALE PER I SERVIZI ALBERGHIERI E RISTORAZIONE AMERIGO VESPUCCI,9
19071388,2025,48411.35,65.0,58.0,N.A.,ISTITUTO COMPRENSIVO ESPAZIA,3
19072439,2025,157325.15,93.0,1.0,N.A.,ISTITUTO COMPRENSIVO CONDOVE E SANT'AMBROGIO,5
19072719,2024,25573.55,49.0,10.0,N.A.,ISTITUTO OMNICOMPRENSIVO VALLESCRIVIA,5
19072719,2025,584878.0,49.0,10.0,N.A.,ISTITUTO OMNICOMPRENSIVO VALLESCRIVIA,12
19072900,2025,53792.619999999995,102.0,58.0,N.A.,ISTITUTO COMPRENSIVO SEGNI,6
19072904,2025,163282.13,34.0,58.0,N.A.,ISTITUTO DI ISTRUZIONE SUPERIORE VIA DELLE SCIENZE,9
19072941,2024,189981.93,228.0,22.0,N.A.,ISTITUTO COMPRENSIVO DI SCUOLA PRIMARIA E SECONDARIA DI PRIMO GRADO GIUDICARIE ESTERIORI,12
19072941,2025,335498.62,228.0,22.0,N.A.,ISTITUTO COMPRENSIVO DI SCUOLA PRIMARIA E SECONDARIA DI PRIMO GRADO GIUDICARIE ESTERIORI,12
19072944,2024,258877.74,199.0,22.0,N.A.,ISTITUTO COMPRENSIVO TIONE,12
19072944,2025,432417.42000000004,199.0,22.0,N.A.,ISTITUTO COMPRENSIVO TIONE,12
19072945,2024,245282.4,183.0,22.0,N.A.,ISTITUTO COMPRENSIVO DEL CHIESE,12
19072945,2025,384438.41,183.0,22.0,N.A.,ISTITUTO COMPRENSIVO DEL CHIESE,12
19072955,2024,273803.79,143.0,22.0,N.A.,ISTITUTO COMPRENSIVO VAL RENDENA,12
19072955,2025,276594.49,143.0,22.0,N.A.,ISTITUTO COMPRENSIVO VAL RENDENA,12
19073636,2025,251221.69,47.0,58.0,N.A.,ISTITUTO COMPRENSIVO GIUSEPPE GARIBALDI,9
19073688,2024,99555.37,16.0,108.0,N.A.,ISTITUTO COMPRENSIVO CARNATE,12
19073688,2025,122280.08,16.0,108.0,N.A.,ISTITUTO COMPRENSIVO CARNATE,12
19075093,2024,70321.56,22.0,29.0,N.A.,ISTITUTO COMPRENSIVO FIESSO UMBERTIANO E STIENTA,8
19075093,2025,144184.54,22.0,29.0,N.A.,ISTITUTO COMPRENSIVO FIESSO UMBERTIANO E STIENTA,11
19075714,2025,79337.34,29.0,59.0,N.A.,ISTITUTO COMPRENSIVO L. DA VINCI E ROCCASECCA VOLSCI,9
19076301,2024,41356.72,71.0,118.0,N.A.,ISTITUTO COMPRENSIVO E. PUXEDDU VILLASOR,12
19076301,2025,122182.65,71.0,118.0,N.A.,ISTITUTO COMPRENSIVO E. PUXEDDU VILLASOR,12
19076390,2024,115345.6,147.0,22.0,N.A.,ISTITUTO COMPRENSIVO PREDAZZO-TESERO-PANCHIA'-ZIANO,12
19076390,2025,368487.86,147.0,22.0,N.A.,ISTITUTO COMPRENSIVO PREDAZZO-TESERO-PANCHIA'-ZIANO,12
19076394,2024,778237.34,250.0,22.0,N.A.,SCUOLA LADINA DI FASSA,12
19076394,2025,1330435.4,250.0,22.0,N.A.,SCUOLA LADINA DI FASSA,12
19076542,2024,337442.25,17.0,116.0,N.A.,ISTITUTO DI ISTRUZIONE SUPERIORE DI TORTOLI,12
19076542,2025,335425.58999999997,17.0,116.0,N.A.,ISTITUTO DI ISTRUZIONE SUPERIORE DI TORTOLI,12
19076552,2025,208868.62,65.0,20.0,N.A.,ISTITUTO COMPRENSIVO IL MILIONE,10
19076554,2024,72215.69,65.0,20.0,N.A.,ISTITUTO COMPRENSIVO SUZZARA 1 MARGHERITA HACK,8
19076554,2025,161669.86,65.0,20.0,N.A.,ISTITUTO COMPRENSIVO SUZZARA 1 MARGHERITA HACK,12
19098739,2024,22740.989999999998,148.0,78.0,N.A.,ISTITUTO COMPRENSIVO TORANO CASTELLO - SAN MARTINO DI FINITA - CERZETO,5
19098739,2025,119284.39,148.0,78.0,N.A.,ISTITUTO COMPRENSIVO TORANO CASTELLO - SAN MARTINO DI FINITA - CERZETO,12
19099203,2025,164558.56,140.0,15.0,N.A.,ISTITUTO COMPRENSIVO G. DEZZA,11
19099204,2024,74969.86,140.0,15.0,N.A.,ISTITUTO COMPRENSIVO PAOLO FRISI,6
19099204,2025,338558.17,140.0,15.0,N.A.,ISTITUTO COMPRENSIVO PAOLO FRISI,12
19099614,2024,220969.78,91.0,58.0,N.A.,ISTITUTO COMPRENSIVO DI VIA BOCCEA 590,12
19099614,2025,219681.23,91.0,58.0,N.A.,ISTITUTO COMPRENSIVO DI VIA BOCCEA 590,12
19100830,2024,162503.69,218.0,16.0,N.A.,ISTITUTO COMPRENSIVO DI TRESCORE BALNEARIO,12
19100830,2025,141106.5,218.0,16.0,N.A.,ISTITUTO COMPRENSIVO DI TRESCORE BALNEARIO,12
19100972,2025,96547.41,118.0,65.0,N.A.,ISTITUTO COMPRENSIVO A. GENOVESI,2
19101743,2025,89044.01000000001,148.0,2.0,N.A.,ISTITUTO COMPRENSIVO ASIGLIANO - TRINO,2
19101794,2025,72760.9,154.0,78.0,N.A.,ISTITUTO COMPRENSIVO G. PASCOLI,5
19103154,2024,123943.45999999999,38.0,9.0,N.A.,ISTITUTO COMPRENSIVO DI MILLESIMO,12
19103154,2025,164838.76,38.0,9.0,N.A.,ISTITUTO COMPRENSIVO DI MILLESIMO,12
19104011,2025,4953.43,81.0,23.0,N.A.,ISTITUTO COMPRENSIVO SOAVE,1
19104377,2024,65144.51,6.0,37.0,N.A.,ISTITUTO COMPRENSIVO N.6 BOLOGNA,10
19104377,2025,309309.97,6.0,37.0,N.A.,ISTITUTO COMPRENSIVO N.6 BOLOGNA,12
19104380,2025,13615.140000000001,57.0,37.0,N.A.,ISTITUTO COMPRENSIVO DI SASSO MARCONI,2
19104383,2024,270961.65,46.0,37.0,N.A.,ISTITUTO COMPRENSIVO DI OZZANO DELL'EMILIA,12
19104383,2025,382851.8,46.0,37.0,N.A.,ISTITUTO COMPRENSIVO DI OZZANO DELL'EMILIA,12
19105027,2025,193079.16,8.0,101.0,N.A.,ISTITUTO COMPRENSIVO CASOPERO - FILOTTETE,10
19105044,2024,41398.43,212.0,4.0,N.A.,ISTITUTO COMPRENSIVO CARLO BERTERO - SANTA VITTORIA D'ALBA,9
19105044,2025,179264.83000000002,212.0,4.0,N.A.,ISTITUTO COMPRENSIVO CARLO BERTERO - SANTA VITTORIA D'ALBA,12
19105141,2024,194452.41,166.0,17.0,N.A.,ISTITUTO DI ISTRUZIONE SUPERIORE STATALE LORENZO GIGLI,9
19105141,2025,580356.53,166.0,17.0,N.A.,ISTITUTO DI ISTRUZIONE SUPERIORE STATALE LORENZO GIGLI,12
19105193,2025,137091.39,14.0,38.0,N.A.,ISTITUTO COMPRENSIVO ALESSANDRO MANZONI,11
19110273,2025,50492.16,91.0,58.0,N.A.,ISTITUTO COMPRENSIVO VIA DELLE AZZORRE,3
19111896,2024,770883.5800000001,205.0,22.0,N.A.,"ISTITUTO TECNICO TECNOLOGICO """"M. BUONARROTI",12
19111896,2025,1494715.79,205.0,22.0,N.A.,"ISTITUTO TECNICO TECNOLOGICO """"M. BUONARROTI",12
19113683,2025,123031.64000000001,6.0,32.0,N.A.,ISTITUTO COMPRENSIVO DIVISIONE JULIA,5
19123956,2025,125296.49,23.0,82.0,N.A.,ISTITUTO COMPRENSIVO AD INDIRIZZO MUSICALE CASTELDACCIA,9
19123965,2025,139605.24,67.0,82.0,N.A.,ISTITUTO COMPRENSIVO STATALE KAROL WOJTYLA - PONTEFICE,8
19124026,2024,36127.49,116.0,19.0,N.A.,ISTITUTO COMPRENSIVO G. M. SACCHI DI PIADENA,3
19124026,2025,171817.9,116.0,19.0,N.A.,ISTITUTO COMPRENSIVO G. M. SACCHI DI PIADENA,12
19124027,2024,117809.83,52.0,19.0,N.A.,ISTITUTO COMPRENSIVO DEDALO 2000,12
19124027,2025,248387.07,52.0,19.0,N.A.,ISTITUTO COMPRENSIVO DEDALO 2000,12
19124106,2025,40215.28,8.0,88.0,N.A.,ISTITUTO COMPRENSIVO STATALE GIUSEPPE ROGASI,3
19124207,2024,399726.20999999996,245.0,22.0,N.A.,ISTITUTO COMPRENSIVO DI PRIMIERO,12
19124207,2025,403776.28,245.0,22.0,N.A.,ISTITUTO COMPRENSIVO DI PRIMIERO,12
19124213,2024,182578.08000000002,240.0,22.0,N.A.,ISTITUTO COMPRENSIVO DI SCUOLA PRIMARIA E SECONDARIA DI PRIMO GRADO DI STRIGNO E TESINO,12
19124213,2025,279494.77999999997,240.0,22.0,N.A.,ISTITUTO COMPRENSIVO DI SCUOLA PRIMARIA E SECONDARIA DI PRIMO GRADO DI STRIGNO E TESINO,12
19124272,2024,107813.26000000001,251.0,15.0,N.A.,ISTITUTO COMPRENSIVO G. RODARI,11
19124272,2025,122351.98,251.0,15.0,N.A.,ISTITUTO COMPRENSIVO G. RODARI,12
19124636,2024,102220.81,108.0,16.0,N.A.,ISTITUTO COMPRENSIVO GANDINO,10
19124636,2025,140480.56,108.0,16.0,N.A.,ISTITUTO COMPRENSIVO GANDINO,12
19124643,2024,31282.690000000002,118.0,16.0,N.A.,ISTITUTO COMPRENSIVO GROMO - SORELLE DE MARCHI,11
19124643,2025,156430.41,118.0,16.0,N.A.,ISTITUTO COMPRENSIVO GROMO - SORELLE DE MARCHI,12
19124823,2024,35085.18,16.0,11.0,N.A.,ISTITUTO COMPRENSIVO DI LERICI,12
19124823,2025,112793.15,16.0,11.0,N.A.,ISTITUTO COMPRENSIVO DI LERICI,12
19125255,2024,66898.29000000001,13.0,41.0,N.A.,LICEO NOLFI - APOLLONI,5
19125255,2025,818069.32,13.0,41.0,N.A.,LICEO NOLFI - APOLLONI,12
19125259,2024,41305.29,29.0,41.0,N.A.,ISTITUTO COMPRENSIVO STATALE ENRICO FERMI,8
19125259,2025,363039.61,29.0,41.0,N.A.,ISTITUTO COMPRENSIVO STATALE ENRICO FERMI,12
19126587,2025,36390.94,15.0,40.0,N.A.,ISTITUTO COMPRENSIVO GAMBETTOLA,2
19126959,2024,28865.489999999998,133.0,4.0,N.A.,ISTITUTO COMPRENSIVO DI MONTA',11
19126959,2025,184026.51,133.0,4.0,N.A.,ISTITUTO COMPRENSIVO DI MONTA',12
19126963,2024,106010.75,27.0,4.0,N.A.,ISTITUTO COMPRENSIVO BOSSOLASCO MURAZZANO,10
19126963,2025,251759.04,27.0,4.0,N.A.,ISTITUTO COMPRENSIVO BOSSOLASCO MURAZZANO,12
19126970,2024,10702.56,148.0,4.0,N.A.,ISTITUTO COMPRENSIVO STATALE BEPPE FENOGLIO,3
19126970,2025,146668.41,148.0,4.0,N.A.,ISTITUTO COMPRENSIVO STATALE BEPPE FENOGLIO,12
19126989,2024,114336.94,37.0,4.0,N.A.,ISTITUTO COMPRENSIVO DI CANALE,12
19126989,2025,193586.79,37.0,4.0,N.A.,ISTITUTO COMPRENSIVO DI CANALE,12
19132819,2025,279882.58999999997,36.0,15.0,N.A.,ISTITUTO COMPRENSIVO STATALE PADRE PINO PUGLISI,10
19133198,2024,358671.08,65.0,58.0,N.A.,ISTITUTO COMPRENSIVO MONTEROTONDO VIA BUOZZI,12
19133198,2025,180274.16999999998,65.0,58.0,N.A.,ISTITUTO COMPRENSIVO MONTEROTONDO VIA BUOZZI,12
19133655,2024,98077.38,29.0,79.0,N.A.,"ISTITUTO COMPRENSIVO CHIARAVALLE """"C. ALVARO",6
19133655,2025,274293.55,29.0,79.0,N.A.,"ISTITUTO COMPRENSIVO CHIARAVALLE """"C. ALVARO",12
19133902,2024,48414.520000000004,76.0,17.0,N.A.,ISTITUTO COMPRENSIVO GARGNANO,11
19133902,2025,80701.1,76.0,17.0,N.A.,ISTITUTO COMPRENSIVO GARGNANO,12
19134163,2025,187426.86000000002,153.0,16.0,N.A.,ISTITUTO COMPRENSIVO PAPA GIOVANNI XXIII,11
19134475,2025,173523.94999999998,32.0,10.0,N.A.,ISTITUTO COMPRENSIVO VALLE STURA,10
19134697,2025,114125.23,87.0,63.0,N.A.,ISTITUTO COMPRENSIVO ITALO CALVINO,11
19134819,2024,5726.59,209.0,15.0,N.A.,ISTITUTO COMPRENSIVO ANNA FRANK,2
19134819,2025,97257.17,209.0,15.0,N.A.,ISTITUTO COMPRENSIVO ANNA FRANK,12
19134905,2025,88452.94,299.0,1.0,N.A.,ISTITUTO COMPRENSIVO STATALE DI VIGONE,12
19134989,2025,30408.13,34.0,63.0,N.A.,LICEO PLURICOMPRENSIVO RENATO CARTESIO,2
19135813,2024,31788.04,5.0,71.0,N.A.,NICHOLAS GREEN -ASCOLI SATRIANO,11
19135813,2025,51728.72,5.0,71.0,N.A.,NICHOLAS GREEN -ASCOLI SATRIANO,12
19137172,2025,2050.48,33.0,36.0,N.A.,ISTITUTO COMPRENSIVO FRANCESCO BERTI,2
19138134,2024,118526.67,131.0,22.0,N.A.,ISTITUTO COMPRENSIVO DI SCUOLA ELEMENTARE E MEDIA ALTA VAL DI SOLE,12
19138134,2025,233588.22,131.0,22.0,N.A.,ISTITUTO COMPRENSIVO DI SCUOLA ELEMENTARE E MEDIA ALTA VAL DI SOLE,12
19138138,2025,158214.34999999998,88.0,58.0,N.A.,ISTITUTO COMPRENSIVO DULLIO CAMBELLOTTI,9
19138144,2024,118463.40999999999,62.0,22.0,N.A.,"ISTITUTO COMPRENSIVO DI SCUOLA PRIMARIA E SECONDARIA DI PRIMO GRADO """"BERNARDO CLESIO"""" DI CLES",12
19138144,2025,325553.88,62.0,22.0,N.A.,"ISTITUTO COMPRENSIVO DI SCUOLA PRIMARIA E SECONDARIA DI PRIMO GRADO """"BERNARDO CLESIO"""" DI CLES",12
19138620,2025,59784.29,11.0,99.0,N.A.,ISTITUTO COMPRENSIVO STATALE VALLE DEL CONCA,7
19138806,2025,133816.41999999998,2.0,11.0,N.A.,ISA 18 - ISTITUTO COMPRENSIVO ARCOLA - AMEGLIA,10
19139342,2025,73022.32,2.0,101.0,N.A.,ISTITUTO COMPRENSIVO CICCO SIMONETTA,8
19139656,2024,89822.75,47.0,41.0,N.A.,ISTITUTO COMPRENSIVO EVANGELISTA DA PIANDIMELETO,12
19139656,2025,113481.47,47.0,41.0,N.A.,ISTITUTO COMPRENSIVO EVANGELISTA DA PIANDIMELETO,12
19139657,2025,130612.36,11.0,87.0,N.A.,ISTITUTO COMPRENSIVO STATALE ALESSIO NARBONE,3
19139707,2024,112968.11,31.0,75.0,N.A.,ISTITUTO COMPRENSIVO POLO 2 BORGO DI GALLIPOLI,12
19139707,2025,156166.16,31.0,75.0,N.A.,ISTITUTO COMPRENSIVO POLO 2 BORGO DI GALLIPOLI,12
19164077,2024,59556.37,21.0,33.0,N.A.,ISTITUTO COMPRENSIVO DI FIORENZUOLA D'ARDA,10
19164077,2025,199459.93,21.0,33.0,N.A.,ISTITUTO COMPRENSIVO DI FIORENZUOLA D'ARDA,12
19164110,2024,137485.66,7.0,17.0,N.A.,ISTITUTO COMPRENSIVO FRATELLI ROSSELLI,12
19164110,2025,197559.44999999998,7.0,17.0,N.A.,ISTITUTO COMPRENSIVO FRATELLI ROSSELLI,12
19164120,2024,137015.38999999998,47.0,17.0,N.A.,ISTITUTO COMPRENSIVO BERNARDINO ZENDRINI DI CEDEGOLO,12
19164201,2024,108754.35,7.0,33.0,N.A.,ISTITUTO COMPRENSIVO UGO AMALDI,11
19164201,2025,376400.44,7.0,33.0,N.A.,ISTITUTO COMPRENSIVO UGO AMALDI,12
19165335,2024,13818.51,8.0,88.0,N.A.,ISTITUTO COMPRENSIVO ANTONIO AMORE,6
19165335,2025,272403.78,8.0,88.0,N.A.,ISTITUTO COMPRENSIVO ANTONIO AMORE,12
19165457,2025,33257.37,70.0,20.0,N.A.,ISTITUTO COMPRENSIVO VOLTA MANTOVANA,2
19165459,2024,7068.32,26.0,20.0,N.A.,ISTITUTO COMPRENSIVO GOITO,6
19165459,2025,203782.88,26.0,20.0,N.A.,ISTITUTO COMPRENSIVO GOITO,12
19165468,2024,88502.77,19.0,20.0,N.A.,ISTITUTO COMPRENSIVO CERESARA,12
19165468,2025,169501.4,19.0,20.0,N.A.,ISTITUTO COMPRENSIVO CERESARA,12
19165525,2024,500982.7,23.0,30.0,N.A.,ISTITUTO STATALE D'ISTRUZIONE SUPERIORE DELLA BASSA FRIULANA,6
19165525,2025,358253.31,23.0,30.0,N.A.,ISTITUTO STATALE D'ISTRUZIONE SUPERIORE DELLA BASSA FRIULANA,12
19171320,2024,229837.0,127.0,17.0,N.A.,IST. COMPRENSIVO OSPITALETTO,12
19171320,2025,217090.13,127.0,17.0,N.A.,IST. COMPRENSIVO OSPITALETTO,12
19171388,2025,17690.83,102.0,78.0,N.A.,LICEO CLASSICO E LICEO MUSICALE COREUTICO STATALE GIOACCHINO DA FIORE,1
19172529,2025,470422.68,53.0,82.0,N.A.,LICEO DELLE SCIENZE UMANE E LINGUISTICO DANILO DOLCI,11
19172719,2025,109565.8,12.0,79.0,N.A.,ISTITUTO COMPRENSIVO STATALE ILARIA ALPI,10
19172831,2025,78570.01,82.0,4.0,N.A.,ISTITUTO COMPRENSIVO G. GIOLITTI - DRONERO,3
19172864,2024,194168.35,139.0,22.0,N.A.,ISTITUTO COMPRENSIVO DI SCUOLA PRIMARIA E SECONDARIA DI PRIMO GRADO PERGINE 1,11
19172864,2025,592987.67,139.0,22.0,N.A.,ISTITUTO COMPRENSIVO DI SCUOLA PRIMARIA E SECONDARIA DI PRIMO GRADO PERGINE 1,12
19172867,2024,240677.33000000002,116.0,22.0,N.A.,ISTITUTO COMPRENSIVO DI SCUOLA PRIMARIA E SECONDARIA DI PRIMO GRADO MEZZOCORONA,12
19172867,2025,758277.44,116.0,22.0,N.A.,ISTITUTO COMPRENSIVO DI SCUOLA PRIMARIA E SECONDARIA DI PRIMO GRADO MEZZOCORONA,12
19172868,2024,218707.55,61.0,22.0,N.A.,"ISTITUTO COMPRENSIVO DI SCUOLA PRIMARIA E SECONDARIA DI PRIMO GRADO DI """"CIVEZZANO",12
19172868,2025,346591.51,61.0,22.0,N.A.,"ISTITUTO COMPRENSIVO DI SCUOLA PRIMARIA E SECONDARIA DI PRIMO GRADO DI """"CIVEZZANO",12
19172872,2024,522357.03,205.0,22.0,N.A.,ISTITUTO COMPRENSIVO ALDENO MATTARELLO,12
19172872,2025,571538.13,205.0,22.0,N.A.,ISTITUTO COMPRENSIVO ALDENO MATTARELLO,12
19172874,2024,120639.33,241.0,22.0,N.A.,ISTITUTO COMPRENSIVO DI CEMBRA,12
19172874,2025,368583.99,241.0,22.0,N.A.,ISTITUTO COMPRENSIVO DI CEMBRA,12
19173583,2024,254556.48,25.0,10.0,N.A.,ISTITUTO COMPRENSIVO VOLTRI 1,12
19173583,2025,317102.2,25.0,10.0,N.A.,ISTITUTO COMPRENSIVO VOLTRI 1,12
19174752,2024,59170.56,12.0,4.0,N.A.,ISTITUTO COMPRENSIVO - BARGE,9
19174752,2025,183750.78,12.0,4.0,N.A.,ISTITUTO COMPRENSIVO - BARGE,12
19174761,2024,132145.34,237.0,4.0,N.A.,ISTITUTO COMPRENSIVO DI VENASCA E COSTIGLIOLE SALUZZO,12
19174761,2025,179977.32,237.0,4.0,N.A.,ISTITUTO COMPRENSIVO DI VENASCA E COSTIGLIOLE SALUZZO,12
19174908,2024,258541.59000000003,161.0,22.0,N.A.,"ISTITUTO COMPRENSIVO """"ROVERETO EST",12
19174908,2025,593583.23,161.0,22.0,N.A.,"ISTITUTO COMPRENSIVO """"ROVERETO EST",12
19174909,2024,220830.4,123.0,22.0,N.A.,ISTITUTO COMPRENSIVO MORI,12
19174909,2025,316885.75,123.0,22.0,N.A.,ISTITUTO COMPRENSIVO MORI,12
19174910,2024,71439.96,7.0,22.0,N.A.,ISTITUTO COMPRENSIVO AVIO,12
19174910,2025,226387.79,7.0,22.0,N.A.,ISTITUTO COMPRENSIVO AVIO,12
19175801,2024,33780.61,26.0,19.0,N.A.,ISTITUTO COMPRENSIVO U.FERRARI - CASTELVERDE,3
19175801,2025,139237.76,26.0,19.0,N.A.,ISTITUTO COMPRENSIVO U.FERRARI - CASTELVERDE,12
19175803,2024,17482.87,99.0,19.0,N.A.,ISTITUTO COMPRENSIVO G.B.PUERARI - SOSPIRO,5
19175803,2025,173779.15,99.0,19.0,N.A.,ISTITUTO COMPRENSIVO G.B.PUERARI - SOSPIRO,12
19176238,2024,20111.29,2.0,52.0,N.A.,ISTITUTO COMPRENSIVO SANDRO PERTINI,2
19176238,2025,192580.5,2.0,52.0,N.A.,ISTITUTO COMPRENSIVO SANDRO PERTINI,11
19176287,2025,122151.59,5.0,60.0,N.A.,ISTITUTO COMPRENSIVO AMASENO,8
19176734,2025,507307.88,27.0,108.0,N.A.,ISTITUTO TECNICO COMMERCIALE STATALE P.A.C.L.E. E. MORANTE,11
19176735,2024,12171.41,45.0,108.0,N.A.,ISTITUTO COMPRENSIVO BAGATTI VALSECCHI - VAREDO,5
19176735,2025,155476.43,45.0,108.0,N.A.,ISTITUTO COMPRENSIVO BAGATTI VALSECCHI - VAREDO,12
19177268,2025,2966.4100000000003,18.0,74.0,N.A.,ISTITUTO COMPRENSIVO STATALE VALESIUM,1
19177901,2024,57502.47,21.0,42.0,N.A.,ISTITUTO COMPRENSIVO CARLO URBANI - JESI,6
19177901,2025,305030.99,21.0,42.0,N.A.,ISTITUTO COMPRENSIVO CARLO URBANI - JESI,12
19177912,2024,221315.57,21.0,42.0,N.A.,ISTITUTO COMPRENSIVO LORENZO LOTTO,11
19177912,2025,245472.62,21.0,42.0,N.A.,ISTITUTO COMPRENSIVO LORENZO LOTTO,12
19178119,2024,195554.07,50.0,22.0,N.A.,ISTITUTO COMPRENSIVO DI CAVALESE,12
19178119,2025,426809.53,50.0,22.0,N.A.,ISTITUTO COMPRENSIVO DI CAVALESE,12
19178200,2024,13683.49,76.0,5.0,N.A.,ISTITUTO COMPRENSIVO MONTEGROSSO,2
19178200,2025,213992.37,76.0,5.0,N.A.,ISTITUTO COMPRENSIVO MONTEGROSSO,12
19191382,2025,235883.29,81.0,79.0,N.A.,ISTITUTO COMPRENSIVO STATALE MARIO SQUILLACE,10
19192822,2024,218560.41,65.0,58.0,N.A.,ISTITUTO COMPRENSIVO RAFFAELLO GIOVAGNOLI,12
19192822,2025,370560.83,65.0,58.0,N.A.,ISTITUTO COMPRENSIVO RAFFAELLO GIOVAGNOLI,12
19193014,2024,142784.36,249.0,13.0,N.A.,"ISTITUTO COMPRENSIVO STATALE """"DON ROBERTO MALGESINI",12
19193014,2025,322443.75,249.0,13.0,N.A.,"ISTITUTO COMPRENSIVO STATALE """"DON ROBERTO MALGESINI",12
19193019,2024,112480.72,22.0,40.0,N.A.,ISTITUTO COMPRENSIVO DI MODIGLIANA,12
19193019,2025,244463.54,22.0,40.0,N.A.,ISTITUTO COMPRENSIVO DI MODIGLIANA,12
19201078,2024,80639.92,50.0,42.0,N.A.,ISTITUTO COMPRENSIVO NORI DE NOBILI,7
19201078,2025,72713.22,50.0,42.0,N.A.,ISTITUTO COMPRENSIVO NORI DE NOBILI,12
19204598,2024,8347.96,31.0,109.0,N.A.,ISTITUTO COMPRENSIVO PETRITOLI,2
19204598,2025,111801.55,31.0,109.0,N.A.,ISTITUTO COMPRENSIVO PETRITOLI,11
19204930,2024,27285.78,1.0,40.0,N.A.,ISTITUTO COMPRENSIVO BAGNO DI ROMAGNA,7
19204930,2025,136161.74,1.0,40.0,N.A.,ISTITUTO COMPRENSIVO BAGNO DI ROMAGNA,12
19205232,2024,189448.35,43.0,58.0,N.A.,ISTITUTO COMPRENSIVO GIUSEPPE GARIBALDI,10
19205232,2025,194486.02,43.0,58.0,N.A.,ISTITUTO COMPRENSIVO GIUSEPPE GARIBALDI,12
19206171,2025,163773.88,39.0,56.0,N.A.,ISTITUTO COMPRENSIVO ALESSANDRO STRADELLA,11
19206194,2025,195805.63,24.0,56.0,N.A.,ISTITUTO COMPRENSIVO FABRICA DI ROMA,9
19707010,2024,151892.76,146.0,15.0,N.A.,ISTITUTO COMPRENSIVO CARDARELLI MASSAUA,12
19707010,2025,246072.94,146.0,15.0,N.A.,ISTITUTO COMPRENSIVO CARDARELLI MASSAUA,12
19707774,2024,6131.1900000000005,29.0,84.0,N.A.,ISTITUTO COMPRENSIVO LEONARDO SCIASCIA,3
19707774,2025,238353.08,29.0,84.0,N.A.,ISTITUTO COMPRENSIVO LEONARDO SCIASCIA,11
19718779,2024,14446.630000000001,15.0,101.0,N.A.,ISTITUTO COMPRENSIVO MORO - LAMANNA,2
19718779,2025,93933.51,15.0,101.0,N.A.,ISTITUTO COMPRENSIVO MORO - LAMANNA,12
19724439,2024,16321.259999999998,59.0,15.0,N.A.,ISTITUTO COMPRENSIVO QUINTINO DI VONA,5
19724439,2025,255721.76,59.0,15.0,N.A.,ISTITUTO COMPRENSIVO QUINTINO DI VONA,12
19733492,2024,57554.66,67.0,17.0,N.A.,ISTITUTO DI ISTRUZIONE SECONDARIA SUPERIORE LUIGI BAZOLI - MARCO POLO,6
19733492,2025,445339.93,67.0,17.0,N.A.,ISTITUTO DI ISTRUZIONE SECONDARIA SUPERIORE LUIGI BAZOLI - MARCO POLO,12
19736688,2024,137391.34,26.0,50.0,N.A.,ISTITUTO COMPRENSIVO LIANA STRENTA TONGIORGI,12
19736688,2025,231798.24,26.0,50.0,N.A.,ISTITUTO COMPRENSIVO LIANA STRENTA TONGIORGI,12
19736691,2024,192581.43,31.0,50.0,N.A.,ISTITUTO COMPRENSIVO G. B. NICCOLINI,11
19736691,2025,247269.37,31.0,50.0,N.A.,ISTITUTO COMPRENSIVO G. B. NICCOLINI,12
19736692,2024,14361.68,31.0,50.0,N.A.,ISTITUTO COMPRENSIVO GERESCHI PONTASSERCHIO,1
19736692,2025,89948.64,31.0,50.0,N.A.,ISTITUTO COMPRENSIVO GERESCHI PONTASSERCHIO,12
19740200,2024,14336.08,116.0,15.0,N.A.,ISTITUTO COMPRENSIVO VIA LAMARMORA DI LAINATE,5
19740200,2025,288200.64,116.0,15.0,N.A.,ISTITUTO COMPRENSIVO VIA LAMARMORA DI LAINATE,12
19742113,2025,316944.37,42.0,27.0,N.A.,ISTITUTO SUPERIORE BENEDETTI TOMMASEO,9
19745927,2024,775.6700000000001,111.0,58.0,N.A.,LICEO SCIENTIFICO STATALE ASCANIO LANDI,1
19745927,2025,315826.56,111.0,58.0,N.A.,LICEO SCIENTIFICO STATALE ASCANIO LANDI,12
19749460,2024,37615.99,60.0,63.0,N.A.,SCUOLA SECONDARIA STATALE DI I GRADO GIACINTO DIANO,12
19749473,2024,160344.24,47.0,102.0,N.A.,LICEO SCIENTIFICO G.BERTO,6
19749473,2025,142630.68,47.0,102.0,N.A.,LICEO SCIENTIFICO G.BERTO,12
19749501,2024,17284.28,63.0,63.0,N.A.,DIREZIONE DIDATTICA STATALE II CIRCOLO QUARTO,6
19749501,2025,127091.6,63.0,63.0,N.A.,DIREZIONE DIDATTICA STATALE II CIRCOLO QUARTO,12
19751550,2024,28799.75,80.0,82.0,N.A.,ISTITUTO COMPRENSIVO BEATO DON PINO PUGLISI,6
19751550,2025,174310.74,80.0,82.0,N.A.,ISTITUTO COMPRENSIVO BEATO DON PINO PUGLISI,12
19751603,2025,38169.619999999995,30.0,82.0,N.A.,ISTITUTO COMPRENSIVO CIMINNA - DON RIZZO,1
20210305,2024,101281.17,103.0,30.0,N.A.,ISTITUTO COMPRENSIVO BILINGUE PAOLO PETRICIG,10
20210305,2025,139341.1,103.0,30.0,N.A.,ISTITUTO COMPRENSIVO BILINGUE PAOLO PETRICIG,12
20925866,2024,497105.98,62.0,22.0,N.A.,"LICEO """"BERTRAND RUSSELL",12
20925866,2025,892317.5700000001,62.0,22.0,N.A.,"LICEO """"BERTRAND RUSSELL",12
20960186,2024,46194.55,1.0,54.0,N.A.,ISTITUTO COMPRENSIVO ASSISI 3,7
20960186,2025,111187.25,1.0,54.0,N.A.,ISTITUTO COMPRENSIVO ASSISI 3,12
20962162,2024,62230.01,18.0,17.0,N.A.,ISTITUTO COMPRENSIVO DI BIENNO,10
20962162,2025,111994.69,18.0,17.0,N.A.,ISTITUTO COMPRENSIVO DI BIENNO,12
20966881,2025,22290.370000000003,39.0,50.0,N.A.,ISTITUTO COMPRENSIVO VOLTERRA,1
20972067,2025,65914.59,37.0,27.0,N.A.,ISTITUTO COMPRENSIVO STATALE GALILEO GALILEI - MARTINI,2
20972856,2025,363652.06,3.0,73.0,N.A.,ISTITUTO DI ISTRUZIONE SUPERIORE QUINTO ORAZIO FLACCO,9
20974967,2025,157943.51,46.0,17.0,N.A.,ISTITUTO COMPRENSIVO GIULIO BEVILACQUA,9
20986701,2025,181708.35,53.0,37.0,N.A.,ISTITUTO COMPRENSIVO 1 DECIMA PERSICETO,11
20986713,2025,96863.25,61.0,37.0,N.A.,ISTITUTO COMPRENSIVO CRESPELLANO,7
20986745,2024,3.0,53.0,37.0,N.A.,ISTITUTO COMPRENSIVO 2 SAN GIOVANNI IN PERSICETO,1
20986745,2025,166006.21,53.0,37.0,N.A.,ISTITUTO COMPRENSIVO 2 SAN GIOVANNI IN PERSICETO,11
20988776,2024,90986.59,46.0,58.0,N.A.,ISTITUTO COMPRENSIVO GIOVANNI FALCONE,12
20988776,2025,134955.58,46.0,58.0,N.A.,ISTITUTO COMPRENSIVO GIOVANNI FALCONE,12
21010133,2024,85892.42,34.0,17.0,N.A.,ISTITUTO COMPRENSIVO DI CALVISANO,9
21010133,2025,224984.54,34.0,17.0,N.A.,ISTITUTO COMPRENSIVO DI CALVISANO,12
21010135,2025,73823.40000000001,160.0,17.0,N.A.,ISTITUTO OMNICOMPRENSIVO REMEDELLO - BONSIGNORI,3
21021750,2024,48464.15,17.0,10.0,N.A.,ISTITUTO COMPRENSIVO COGOLETO,9
21021750,2025,127537.92,17.0,10.0,N.A.,ISTITUTO COMPRENSIVO COGOLETO,12
21023023,2025,195988.16,193.0,16.0,N.A.,ISTITUTO SUPERIORE SERAFINO RIVA,7
21023025,2024,66.0,218.0,16.0,N.A.,LICEO LORENZO FEDERICI,1
21023025,2025,769249.9,218.0,16.0,N.A.,LICEO LORENZO FEDERICI,12
21023036,2025,99682.24,144.0,16.0,N.A.,ISTITUTO PROFESSIONALE DI STATO PER I SERVIZI ALBERGHIERI E DELLA RISTORAZIONE ALFREDO SONZOGNI,2
21025716,2025,285437.35,9.0,17.0,N.A.,ISTITUTO COMPRENSIVO BAGNOLO MELLA,10
21321554,2024,344849.94,29.0,4.0,N.A.,ISTITUTO DI ISTRUZIONE SUPERIORE E. GUALA,10
21321554,2025,315471.9,29.0,4.0,N.A.,ISTITUTO DI ISTRUZIONE SUPERIORE E. GUALA,12
21621199,2024,176251.41999999998,61.0,24.0,N.A.,ISTITUTO DI ISTRUZIONE SUPERIORE SILVIO CECCATO,5
21621199,2025,213758.77,61.0,24.0,N.A.,ISTITUTO DI ISTRUZIONE SUPERIORE SILVIO CECCATO,12
21623115,2024,81349.86,17.0,42.0,N.A.,ISTITUO COMPRENSIVO MARCO POLO,11
21623115,2025,128256.34999999999,17.0,42.0,N.A.,ISTITUO COMPRENSIVO MARCO POLO,12
21644144,2025,340228.02,88.0,63.0,N.A.,ISTITUTO COMPRENSIVO STATALE PADRE ARTURO D'ONOFRIO,9
21653148,2025,203880.55,48.0,29.0,N.A.,ISTITUTO COMPRENSIVO DI VILLADOSE,9
21654094,2025,443299.55,5.0,63.0,N.A.,ISTITUTO DI ISTRUZIONE SUPERIORE DON GEREMIA PISCOPO,8
21655533,2024,34785.21,30.0,20.0,N.A.,ISTITUTO COMPRENSIVO MANTOVA 1,12
21655533,2025,329887.45,30.0,20.0,N.A.,ISTITUTO COMPRENSIVO MANTOVA 1,12
21681471,2025,171504.35,156.0,17.0,N.A.,ISTITUTO COMPRENSIVO STATALE DON RAFFELLI,9
22305876,2024,124556.28,31.0,87.0,N.A.,ISTITUTO PROFESSIONALE PER I SERVIZI ALBERGHIERI E DELLA RISTORAZIONE ROCCO CHINNICI,6
22305876,2025,609237.56,31.0,87.0,N.A.,ISTITUTO PROFESSIONALE PER I SERVIZI ALBERGHIERI E DELLA RISTORAZIONE ROCCO CHINNICI,12
23204241,2024,440562.03,205.0,22.0,N.A.,ISTITUTO DI FORMAZIONE PROFESSIONALE SANDRO PERTINI SERVIZI ALLA PERSONA E DEL LEGNO,12
23204241,2025,625990.3,205.0,22.0,N.A.,ISTITUTO DI FORMAZIONE PROFESSIONALE SANDRO PERTINI SERVIZI ALLA PERSONA E DEL LEGNO,12
23380029,2025,325960.19,6.0,118.0,N.A.,LICEO CLASSICO SCIENTIFICO EUCLIDE,11
23392162,2024,167105.27,16.0,97.0,N.A.,ISTITUTO PROFESSIONALE DI STATO PER I SERVIZI COMMERCIALI TURISTICI E SOCIAL GRAZIELLA FUMAGALLI,12
23392162,2025,214199.53,16.0,97.0,N.A.,ISTITUTO PROFESSIONALE DI STATO PER I SERVIZI COMMERCIALI TURISTICI E SOCIAL GRAZIELLA FUMAGALLI,11
23392442,2024,411260.61,161.0,22.0,N.A.,ISTITUTO DI FORMAZIONE PROFESSIONALE ALBERGHIERO DI ROVERETO,12
23392442,2025,703085.72,161.0,22.0,N.A.,ISTITUTO DI FORMAZIONE PROFESSIONALE ALBERGHIERO DI ROVERETO,12
23395382,2024,62463.71,40.0,26.0,N.A.,ISTITUTO COMPRENSIVO DI MASERADA E BREDA DI PIAVE,9
23395382,2025,192747.44,40.0,26.0,N.A.,ISTITUTO COMPRENSIVO DI MASERADA E BREDA DI PIAVE,12
23401129,2025,104926.26999999999,84.0,13.0,N.A.,ISTITUTO COMPRENSIVO CUCCIAGO - GRANDATE - CASNATE,3
24199550,2024,82163.79,80.0,4.0,N.A.,ISTITUTO COMPRENSIVO DI DIANO D'ALBA,12
24199550,2025,273790.98,80.0,4.0,N.A.,ISTITUTO COMPRENSIVO DI DIANO D'ALBA,12
24205421,2024,38754.32,65.0,17.0,N.A.,ISTITUTO COMPRENSIVO I DARFO BOARIO TERME,9
24205421,2025,228107.7,65.0,17.0,N.A.,ISTITUTO COMPRENSIVO I DARFO BOARIO TERME,12
24205423,2024,80139.72,65.0,17.0,N.A.,ISTITUTO COMPRENSIVO DARFO 2,10
24205423,2025,320449.08,65.0,17.0,N.A.,ISTITUTO COMPRENSIVO DARFO 2,12
24258678,2025,150966.55,91.0,23.0,N.A.,ISTITUTO COMPRENSIVO 09 VALDONEGA - BORGO TRENTO,9
24259170,2024,18845.1,17.0,48.0,N.A.,ISTITUTO COMPRENSIVO BARSANTI,9
24259170,2025,153605.45,17.0,48.0,N.A.,ISTITUTO COMPRENSIVO BARSANTI,12
24261375,2025,179845.67,9.0,49.0,N.A.,ISTITUTO COMPRENSIVO G. MICHELI - G. BOLOGNESI,9
24265485,2025,61420.340000000004,91.0,23.0,N.A.,ISTITUTO COMPRENSIVO VR 12 GOLOSINE,3
24265488,2024,82335.69,91.0,23.0,N.A.,ISTITUTO COMPRENSIVO VR 10 - 11 BORGO ROMA,10
24265488,2025,182702.69999999998,91.0,23.0,N.A.,ISTITUTO COMPRENSIVO VR 10 - 11 BORGO ROMA,12
24265503,2024,225387.85,91.0,23.0,N.A.,ISTITUTO COMPRENSIVO VR 13 PRIMO LEVI,12
24265503,2025,179897.59,91.0,23.0,N.A.,ISTITUTO COMPRENSIVO VR 13 PRIMO LEVI,12
24288570,2024,135678.66999999998,91.0,17.0,N.A.,ISTITUTO COMPRENSIVO DI LOGRATO,10
24288570,2025,220879.81,91.0,17.0,N.A.,ISTITUTO COMPRENSIVO DI LOGRATO,12
24613316,2024,31743.9,16.0,40.0,N.A.,ISTITUTO COMPRENSIVO DI GATTEO,11
24613316,2025,259566.06,16.0,40.0,N.A.,ISTITUTO COMPRENSIVO DI GATTEO,12
24615455,2024,86565.38,66.0,20.0,N.A.,ISTITUTO COMPRENSIVO A. PARAZZI,12
24615455,2025,186490.22,66.0,20.0,N.A.,ISTITUTO COMPRENSIVO A. PARAZZI,12
24619735,2024,47922.52,41.0,29.0,N.A.,ISTITUTO COMPRENSIVO ROVIGO 4,5
24619735,2025,68145.92,41.0,29.0,N.A.,ISTITUTO COMPRENSIVO ROVIGO 4,12
24721926,2024,46354.46,44.0,23.0,N.A.,ISTITUTO PROFESSIONALE DI STATO GIUSEPPE MEDICI,6
24721926,2025,501378.8,44.0,23.0,N.A.,ISTITUTO PROFESSIONALE DI STATO GIUSEPPE MEDICI,12
25135028,2024,47135.3,1.0,72.0,N.A.,ISTITUTO DI ISTRUZIONE SECONDARIA SUPERIORE C. COLAMONICO - N. CHIARULLI,5
25135028,2025,360142.62,1.0,72.0,N.A.,ISTITUTO DI ISTRUZIONE SECONDARIA SUPERIORE C. COLAMONICO - N. CHIARULLI,12
25136551,2024,127994.20999999999,28.0,11.0,N.A.,ISTITUTO COMPRENSIVO FALCONE - BORSELLINO - ISA 19,11
25180325,2025,37338.5,45.0,40.0,N.A.,ISTITUTO COMPRENSIVO STATALE GIULIO CESARE,2
25233175,2024,84756.6,34.0,63.0,N.A.,DIREZIONE DIDATTICA STATALE 8 CIRCOLO - GIUGLIANO,12
25233175,2025,172767.18,34.0,63.0,N.A.,DIREZIONE DIDATTICA STATALE 8 CIRCOLO - GIUGLIANO,12
25242329,2024,120378.1,224.0,22.0,N.A.,ISTITUTO COMPRENSIVO ALTA VALLAGARINA,11
25242329,2025,217854.62,224.0,22.0,N.A.,ISTITUTO COMPRENSIVO ALTA VALLAGARINA,12
26044547,2024,51704.43,55.0,20.0,N.A.,ISTITUTO COMPRENSIVO STATALE MATILDE DI CANOSSA,12
26044547,2025,169651.69,55.0,20.0,N.A.,ISTITUTO COMPRENSIVO STATALE MATILDE DI CANOSSA,12
26053239,2025,42293.88,11.0,63.0,N.A.,LICEO STATALE N. BRAUCCI,6
26078354,2024,373693.53,27.0,34.0,N.A.,LICEO SCIENTIFICO - MUSICALE - SPORTIVO ATTILIO BERTOLUCCI,11
26078354,2025,415519.48,27.0,34.0,N.A.,LICEO SCIENTIFICO - MUSICALE - SPORTIVO ATTILIO BERTOLUCCI,12
26078732,2024,79276.48,114.0,58.0,N.A.,ISTITUTO COMPRENSIVO RITA LEVI MONTALCINI,8
26078732,2025,176543.55,114.0,58.0,N.A.,ISTITUTO COMPRENSIVO RITA LEVI MONTALCINI,11
26084044,2024,83593.62,37.0,61.0,N.A.,ISTITUTO COMPRENSIVO LUCA TOZZI,5
26084044,2025,370293.94,37.0,61.0,N.A.,ISTITUTO COMPRENSIVO LUCA TOZZI,11
26113813,2024,84999.9,146.0,15.0,N.A.,ISTITUTO COMPRENSIVO ILARIA ALPI,5
26113813,2025,413018.46,146.0,15.0,N.A.,ISTITUTO COMPRENSIVO ILARIA ALPI,12
26115764,2024,339865.44,146.0,15.0,N.A.,ISTITUTO COMPRENSIVO STATALE IQBAL MASIH,12
26115764,2025,515442.07,146.0,15.0,N.A.,ISTITUTO COMPRENSIVO STATALE IQBAL MASIH,12
26319531,2024,59188.24,91.0,58.0,N.A.,ISTITUTO COMPRENSIVO RITA LEVI MONTALCINI,12
26319531,2025,343798.39,91.0,58.0,N.A.,ISTITUTO COMPRENSIVO RITA LEVI MONTALCINI,12
26321613,2025,460361.44,6.0,25.0,N.A.,ISTITUTO DI ISTRUZIONE SUPERIORE GALILEI - TIZIANO,11
26322645,2024,39611.73,6.0,37.0,N.A.,ISTITUTO COMPRENSIVO N.17 GANDINO GUIDI,10
26322645,2025,189993.84,6.0,37.0,N.A.,ISTITUTO COMPRENSIVO N.17 GANDINO GUIDI,12
26323700,2024,79719.9,68.0,17.0,N.A.,ISTITUTO COMPRENSIVO DI EDOLO,12
26323700,2025,278481.97,68.0,17.0,N.A.,ISTITUTO COMPRENSIVO DI EDOLO,12
26323719,2024,58785.77,77.0,17.0,N.A.,ISTITUTO COMPRENSIVO - G. BERTOLOTTI - GAVARDO,10
26323719,2025,197426.94,77.0,17.0,N.A.,ISTITUTO COMPRENSIVO - G. BERTOLOTTI - GAVARDO,12
26324838,2024,251441.12,23.0,63.0,N.A.,ISTITUTO DI ISTRUZIONE SUPERIORE ANDREA TORRENTE,12
26324838,2025,604117.4400000001,23.0,63.0,N.A.,ISTITUTO DI ISTRUZIONE SUPERIORE ANDREA TORRENTE,12
26325508,2024,128914.98,29.0,70.0,N.A.,ISTITUTO OMNICOMPRENSIVO GIULIO RIVERA,7
26325508,2025,388792.4,29.0,70.0,N.A.,ISTITUTO OMNICOMPRENSIVO GIULIO RIVERA,12
26325568,2025,328386.3,72.0,70.0,N.A.,ISTITUTO OMNICOMPRENSIVO SANTA CROCE DI MAGLIANO,10
26327179,2024,48009.72,51.0,97.0,N.A.,ISTITUTO COMPRENSIVO DI MOLTENO,12
26327179,2025,186998.34,51.0,97.0,N.A.,ISTITUTO COMPRENSIVO DI MOLTENO,12
26327182,2024,108512.78,57.0,97.0,N.A.,ISTITUTO COMPRENSIVO MARCO D'OGGIONO,12
26327182,2025,154705.03,57.0,97.0,N.A.,ISTITUTO COMPRENSIVO MARCO D'OGGIONO,12
26327720,2025,287268.46,81.0,78.0,N.A.,ISTITUTO COMPRENSIVO MONTALTO UFFUGO - LATTARICO - ROTA GRECA - SAN BENEDETTO ULLANO - SAN VINCENZO LA COSTA,10
26327810,2025,26106.57,114.0,78.0,N.A.,ISTITUTO OMNICOMPRENSIVO DI SAN DEMETRIO CORONE,2
26328547,2024,210053.63,8.0,38.0,N.A.,ISTITUTO TECNICO ECONOMICO VITTORIO BACHELET,9
26328547,2025,461365.57,8.0,38.0,N.A.,ISTITUTO TECNICO ECONOMICO VITTORIO BACHELET,12
26328548,2024,104647.57,8.0,38.0,N.A.,ISTITUTO COMPRENSIVO ALDA COSTA - FERRARA,12
26328548,2025,170512.22,8.0,38.0,N.A.,ISTITUTO COMPRENSIVO ALDA COSTA - FERRARA,12
26328575,2024,40406.19,18.0,38.0,N.A.,ISTITUTO COMPRENSIVO GUIDO BENTIVOGLIO,12
26328575,2025,118510.56999999999,18.0,38.0,N.A.,ISTITUTO COMPRENSIVO GUIDO BENTIVOGLIO,12
26328688,2024,249135.58,8.0,38.0,N.A.,"ISTITUTO DI ISTRUZIONE SUPERIORE """"G.B. ALEOTTI",12
26328688,2025,383887.19,8.0,38.0,N.A.,"ISTITUTO DI ISTRUZIONE SUPERIORE """"G.B. ALEOTTI",12
26331028,2024,35306.85,25.0,10.0,N.A.,ISTITUTO COMPRENSIVO BURLANDO,12
26331236,2024,104830.31,25.0,10.0,N.A.,ISTITUTO COMPRENSIVO BORZOLI,12
26331236,2025,150932.02,25.0,10.0,N.A.,ISTITUTO COMPRENSIVO BORZOLI,12
26331237,2025,269978.37,25.0,10.0,N.A.,ISTITUTO COMPRENSIVO PRA',12
26331535,2024,107762.85,10.0,10.0,N.A.,ISTITUTO COMPRENSIVO VALLI E CARASCO,12
26331535,2025,143339.22,10.0,10.0,N.A.,ISTITUTO COMPRENSIVO VALLI E CARASCO,11
26331700,2024,38478.07,25.0,10.0,N.A.,ISTITUTO COMPRENSIVO MARASSI,9
26331700,2025,134168.14,25.0,10.0,N.A.,ISTITUTO COMPRENSIVO MARASSI,12
26331701,2024,93840.43000000001,25.0,10.0,N.A.,ISTITUTO COMPRENSIVO MONTALDO,12
26331701,2025,159009.53,25.0,10.0,N.A.,ISTITUTO COMPRENSIVO MONTALDO,12
26331733,2024,65105.369999999995,25.0,10.0,N.A.,ISTITUTO COMPRENSIVO VOLTRI II,12
26331733,2025,109141.96,25.0,10.0,N.A.,ISTITUTO COMPRENSIVO VOLTRI II,12
26336241,2024,69319.76999999999,173.0,15.0,N.A.,ISTITUTO COMPRENSIVO DI VIA VIQUARTERIO,3
26336241,2025,260512.16,173.0,15.0,N.A.,ISTITUTO COMPRENSIVO DI VIA VIQUARTERIO,12
26339888,2025,192358.95,73.0,63.0,N.A.,LICEO STATALE LAURA BASSI,9
26342771,2025,134.05,22.0,68.0,N.A.,ISTITUTO COMPRENSIVO MANOPPELLO,2
26343988,2025,281549.1,10.0,39.0,N.A.,ISTITUTO COMPRENSIVO SAN ROCCO,10
26344587,2025,102447.83,9.0,47.0,N.A.,ISTITUTO COMPRENSIVO CAPONNETTO,6
26345691,2024,157060.91,91.0,58.0,N.A.,ISTITUTO COMPRENSIVO VIA SALVATORE PINCHERLE 140,12
26345691,2025,336197.63,91.0,58.0,N.A.,ISTITUTO COMPRENSIVO VIA SALVATORE PINCHERLE 140,12
26345727,2024,175997.86,59.0,58.0,N.A.,ISTITUTO COMPRENSIVO R. PARIBENI 10 - MENTANA,10
26345727,2025,113820.09,59.0,58.0,N.A.,ISTITUTO COMPRENSIVO R. PARIBENI 10 - MENTANA,11
26346034,2024,295696.33999999997,91.0,58.0,N.A.,ISTITUTO DI ISTRUZIONE SUPERIORE FEDERICO CAFFE,11
26346034,2025,654389.55,91.0,58.0,N.A.,ISTITUTO DI ISTRUZIONE SUPERIORE FEDERICO CAFFE,12
26348915,2024,194433.06,56.0,9.0,N.A.,LICEO STATALE CHIABRERA-MARTINI,12
26348915,2025,763010.7,56.0,9.0,N.A.,LICEO STATALE CHIABRERA-MARTINI,12
26349491,2025,167151.68,64.0,9.0,N.A.,ISTITUTO COMPRENSIVO VADO LIGURE,11
26349492,2024,73454.21,1.0,9.0,N.A.,ISTITUTO COMPRENSIVO DI ALASSIO,10
26349492,2025,270920.92,1.0,9.0,N.A.,ISTITUTO COMPRENSIVO DI ALASSIO,12
26791823,2024,110649.9,15.0,9.0,N.A.,ISTITUTO COMPRENSIVO DI CAIRO MONTENOTTE,12
26791823,2025,245602.6,15.0,9.0,N.A.,ISTITUTO COMPRENSIVO DI CAIRO MONTENOTTE,12
27380743,2024,155340.25,106.0,3.0,N.A.,ISTITUTO COMPRENSIVO BELLINI,11
27380743,2025,97696.86,106.0,3.0,N.A.,ISTITUTO COMPRENSIVO BELLINI,12
27380935,2024,253787.15,65.0,17.0,N.A.,ISTITUTO DI ISTRUZIONE SUPERIORE STATALE OLIVELLI - PUTELLI,12
27380935,2025,600914.4400000001,65.0,17.0,N.A.,ISTITUTO DI ISTRUZIONE SUPERIORE STATALE OLIVELLI - PUTELLI,12
27398073,2025,442263.78,215.0,4.0,N.A.,ISTITUTO DI ISTRUZIONE SUPERIORE ARIMONDI - EULA,11
27401523,2024,183517.86000000002,133.0,12.0,N.A.,"ISTITUTO COMPRENSIVO VARESE 5 """"DANTE ALIGHIERI",12
27401523,2025,158612.56,133.0,12.0,N.A.,"ISTITUTO COMPRENSIVO VARESE 5 """"DANTE ALIGHIERI",12
27403608,2024,65233.67,42.0,97.0,N.A.,"ISTITUTO COMPRENSIVO """"FALCONE E BORSELLINO"""" LECCO 1",10
27403608,2025,297871.18,42.0,97.0,N.A.,"ISTITUTO COMPRENSIVO """"FALCONE E BORSELLINO"""" LECCO 1",11
27403609,2024,86305.58,42.0,97.0,N.A.,ISTITUTO COMPRENSIVO STATALE LECCO 2 - DON GIOVANNI TICOZZI,12
27403609,2025,84042.08,42.0,97.0,N.A.,ISTITUTO COMPRENSIVO STATALE LECCO 2 - DON GIOVANNI TICOZZI,12
27405760,2024,9717.64,53.0,63.0,N.A.,ISTITUTO COMPRENSIVO STATALE DI PIANO DI SORRENTO,4
27405760,2025,216179.84,53.0,63.0,N.A.,ISTITUTO COMPRENSIVO STATALE DI PIANO DI SORRENTO,11
27413788,2024,144433.27,20.0,96.0,N.A.,ISTITUTO DI ISTRUZIONE SUPERIORE DEL COSSATESE E VALLE STRONA,11
27413788,2025,257984.21,20.0,96.0,N.A.,ISTITUTO DI ISTRUZIONE SUPERIORE DEL COSSATESE E VALLE STRONA,12
27431051,2024,162268.41,70.0,12.0,N.A.,ISTITUTO COMPRENSIVO PONTI,8
27431051,2025,673426.57,70.0,12.0,N.A.,ISTITUTO COMPRENSIVO PONTI,12
27431052,2025,56635.83,70.0,12.0,N.A.,ISTITUTO COMPRENSIVO GEROLAMO CARDANO,1
27478884,2025,113356.28,48.0,17.0,N.A.,ISTITUTO COMPRENSIVO DI CELLATICA - COLLEBEATO,6
27478886,2024,287138.98,29.0,17.0,N.A.,LICEO SCIENZE UMANE FABRIZIO DE ANDRE',11
27478886,2025,371448.49,29.0,17.0,N.A.,LICEO SCIENZE UMANE FABRIZIO DE ANDRE',12
27478888,2024,47135.85,29.0,17.0,N.A.,ISTITUTO COMPRENSIVO KENNEDY OVEST 3,6
27478888,2025,283111.85,29.0,17.0,N.A.,ISTITUTO COMPRENSIVO KENNEDY OVEST 3,12
27478891,2024,29123.28,29.0,17.0,N.A.,ISTITUTO COMPRENSIVO TITO SPERI CENTRO 2,10
27478891,2025,223691.32,29.0,17.0,N.A.,ISTITUTO COMPRENSIVO TITO SPERI CENTRO 2,12
27478892,2024,162213.3,29.0,17.0,N.A.,ISTITUTO COMPRENSIVO NORD 1 BRESCIA,9
27478892,2025,233547.53,29.0,17.0,N.A.,ISTITUTO COMPRENSIVO NORD 1 BRESCIA,11
27479179,2024,64579.91,166.0,15.0,N.A.,ISTITUTO COMPRENSIVO DE MARCHI,10
27479179,2025,414291.95,166.0,15.0,N.A.,ISTITUTO COMPRENSIVO DE MARCHI,12
27479180,2024,50380.64,166.0,15.0,N.A.,ISTITUTO COMPRENSIVO PADERNO DUGNANO VIA MANZONI,2
27479180,2025,167380.81,166.0,15.0,N.A.,ISTITUTO COMPRENSIVO PADERNO DUGNANO VIA MANZONI,12
27479363,2024,41156.19,53.0,82.0,N.A.,ISTITUTO COMPRENSIVO STATALE D. SCINA' - G. COSTA,4
27479363,2025,373693.78,53.0,82.0,N.A.,ISTITUTO COMPRENSIVO STATALE D. SCINA' - G. COSTA,12
27479633,2024,15090.08,272.0,1.0,N.A.,ISTITUTO COMPRENSIVO CAROLINA PICCHIO,5
27479633,2025,225072.71,272.0,1.0,N.A.,ISTITUTO COMPRENSIVO CAROLINA PICCHIO,12
27479645,2024,57008.73,272.0,1.0,N.A.,ISTITUTO COMPRENSIVO MARIA LUISA SPAZIANI,12
27479645,2025,135569.3,272.0,1.0,N.A.,ISTITUTO COMPRENSIVO MARIA LUISA SPAZIANI,12
27767055,2024,15382.84,4.0,67.0,N.A.,ISTITUTO COMPRENSIVO ATRI,8
27767055,2025,153986.13999999998,4.0,67.0,N.A.,ISTITUTO COMPRENSIVO ATRI,12
27770346,2025,54409.11,40.0,67.0,N.A.,ISTITUTO COMPRENSIVO GIOVANNI PASCOLI,6
27772743,2024,159254.01,5.0,61.0,N.A.,ISTITUTO SUPERIORE - O. CONTI AVERSA,9
27772743,2025,458416.93,5.0,61.0,N.A.,ISTITUTO SUPERIORE - O. CONTI AVERSA,12
27773157,2024,51147.83,146.0,79.0,N.A.,ISTITUTO COMPRENSIVO DI TAVERNA,11
27773157,2025,143327.69,146.0,79.0,N.A.,ISTITUTO COMPRENSIVO DI TAVERNA,12
27774747,2025,72359.43,86.0,26.0,N.A.,ISTITUTO COMPRENSIVO TREVISO 2 A. SERENA,4
27774749,2025,185474.11,86.0,26.0,N.A.,"IC TREVISO 3 """"G.G.FELISSENT",12
27774750,2024,20113.5,86.0,26.0,N.A.,ISTITUTO COMPRENSIVO N.5 LUIGI COLETTI,4
27774750,2025,142308.99,86.0,26.0,N.A.,ISTITUTO COMPRENSIVO N.5 LUIGI COLETTI,12
27775168,2025,94883.75,12.0,68.0,N.A.,ISTITUTO COMPRENSIVO CITTA' SANT'ANGELO,6
27775256,2024,4943.94,24.0,37.0,N.A.,ISTITUTO DI ISTRUZIONE SUPERIORE MALPIGHI,2
27775256,2025,399758.78,24.0,37.0,N.A.,ISTITUTO DI ISTRUZIONE SUPERIORE MALPIGHI,12
27775257,2024,178173.36,6.0,37.0,N.A.,IIS BELLUZZI - FIORAVANTI,2
27775257,2025,957222.22,6.0,37.0,N.A.,IIS BELLUZZI - FIORAVANTI,12
27775270,2024,75967.84,41.0,69.0,N.A.,ISTITUTO OMNICOMPRENSIVO G. SPATARO,6
27775270,2025,266282.5,41.0,69.0,N.A.,ISTITUTO OMNICOMPRENSIVO G. SPATARO,12
27775284,2024,986767.53,28.0,68.0,N.A.,ISTITUTO D'ISTRUZIONE SUPERIORE ALESSANDRO VOLTA,8
27775284,2025,2336386.76,28.0,68.0,N.A.,ISTITUTO D'ISTRUZIONE SUPERIORE ALESSANDRO VOLTA,12
27775967,2025,65407.18,99.0,1.0,N.A.,ISTITUTO COMPRENSIVO DRUENTO,2
27776025,2025,45639.14,91.0,58.0,N.A.,ISTITUTO COMPRENSIVO DOMENICO BERNARDINI,1
27777022,2024,86760.2,12.0,49.0,N.A.,ISTITUTO SUPERIORE CARDUCCI - VOLTA - PACINOTTI,7
27777022,2025,575273.36,12.0,49.0,N.A.,ISTITUTO SUPERIORE CARDUCCI - VOLTA - PACINOTTI,12
27778064,2025,609129.54,49.0,66.0,N.A.,ISTITUTO DI ISTRUZIONE SUPERIORE AMEDEO D'AOSTA,12
27778069,2024,7622.22,17.0,77.0,N.A.,ISTITUTO COMPRENSIVO DON LIBORIO PALAZZO - SALINARI,5
27778069,2025,211110.06,17.0,77.0,N.A.,ISTITUTO COMPRENSIVO DON LIBORIO PALAZZO - SALINARI,12
27778241,2025,159024.69999999998,95.0,76.0,N.A.,ISTITUTO COMPRENSIVO CARLO GESUALDO DA VENOSA,9
28721987,2024,53419.35,56.0,9.0,N.A.,ISTITUTO COMPRENSIVO SAVONA III - G. MANZINO,11
28721987,2025,132531.75,56.0,9.0,N.A.,ISTITUTO COMPRENSIVO SAVONA III - G. MANZINO,11
28725507,2024,53531.63,3.0,6.0,N.A.,ISTITUTO COMPRENSIVO DE AMICIS - MANZONI,10
28725507,2025,92415.95999999999,3.0,6.0,N.A.,ISTITUTO COMPRENSIVO DE AMICIS - MANZONI,11
28727336,2025,114150.86,71.0,23.0,N.A.,ISTITUTO COMPRENSIVO 01 SAN GIOVANNI LUPATOTO,9
28727360,2025,51142.59,6.0,66.0,N.A.,ISTITUTO COMPRENSIVO VIVENZA - GIOVANNI XXIII,6
28732777,2024,94084.41,91.0,58.0,N.A.,ISTITUTO COMPRENSIVO MARGHERITA HACK,5
28732777,2025,431528.33,91.0,58.0,N.A.,ISTITUTO COMPRENSIVO MARGHERITA HACK,12
28733571,2025,207087.83,209.0,15.0,N.A.,ISTITUTO COMPRENSIVO BREDA,7
28742538,2024,85184.98,40.0,35.0,N.A.,ISTITUTO COMPRENSIVO MATTEO MARIA BOIARDO,6
28742538,2025,259921.51,40.0,35.0,N.A.,ISTITUTO COMPRENSIVO MATTEO MARIA BOIARDO,12
28810821,2024,58399.26,40.0,35.0,N.A.,ISTITUTO COMPRENSIVO LAZZARO SPALLANZANI DI SCANDIANO,6
28810821,2025,138251.97,40.0,35.0,N.A.,ISTITUTO COMPRENSIVO LAZZARO SPALLANZANI DI SCANDIANO,12
28811412,2025,156410.77,33.0,35.0,N.A.,ISTITUTO COMPRENSIVO A. MANZONI,9
28811622,2025,71100.95,17.0,64.0,N.A.,ISTITUTO COMPRENSIVO F. DE SANCTIS,6
28819267,2024,78247.4,97.0,5.0,N.A.,ISTITUTO COMPRENSIVO S. DAMIANO,11
28819267,2025,300895.99,97.0,5.0,N.A.,ISTITUTO COMPRENSIVO S. DAMIANO,12
28819518,2024,6171.11,117.0,5.0,N.A.,ISTITUTO COMPRENSIVO VILLAFRANCA D'ASTI,6
28819518,2025,226495.07,117.0,5.0,N.A.,ISTITUTO COMPRENSIVO VILLAFRANCA D'ASTI,11
28819653,2024,2128.1800000000003,44.0,1.0,N.A.,ISTITUTO COMPRENSIVO BUSSOLENO,2
28819653,2025,199736.51,44.0,1.0,N.A.,ISTITUTO COMPRENSIVO BUSSOLENO,12
28820133,2025,221946.98,22.0,69.0,N.A.,ISTITUTO COMPRENSIVO STATALE 2 CHIETI,10
28824086,2024,236818.83,91.0,58.0,N.A.,ISTITUTO COMPRENSIVO PARCO DEGLI ACQUEDOTTI,10
28824086,2025,370574.8,91.0,58.0,N.A.,ISTITUTO COMPRENSIVO PARCO DEGLI ACQUEDOTTI,12
28826434,2024,22778.59,120.0,58.0,N.A.,ISTITUTO COMPRENSIVO PORTO ROMANO,3
28826434,2025,325138.59,120.0,58.0,N.A.,ISTITUTO COMPRENSIVO PORTO ROMANO,12
28826446,2025,437422.2,32.0,28.0,N.A.,ISTITUTO COMPRENSIVO STATALE DI CITTADELLA,9
28826773,2025,118132.94,197.0,17.0,N.A.,ISTITUTO COMPRENSIVO VESTONE,9
28830427,2024,43788.45,6.0,32.0,N.A.,ISTITUTO COMPRENSIVO OPICINA - OPCINE CON LINGUA D'INSEGNAMENTO SLOVENA,9
28830427,2025,139755.9,6.0,32.0,N.A.,ISTITUTO COMPRENSIVO OPICINA - OPCINE CON LINGUA D'INSEGNAMENTO SLOVENA,12
28831479,2025,155034.75,29.0,9.0,N.A.,ISTITUTO COMPRENSIVO FINALE LIGURE,11
28831891,2024,26925.149999999998,7.0,44.0,N.A.,ISTITUTO COMPRENSIVO ASCOLI CENTRO - D'AZEGLIO,4
28831891,2025,209042.46,7.0,44.0,N.A.,ISTITUTO COMPRENSIVO ASCOLI CENTRO - D'AZEGLIO,12
28832695,2025,328103.93,53.0,82.0,N.A.,ISTITUTO COMPRENSIVO STATALE GIOVANNI XXIII - PIAZZI,12
28833189,2024,41100.82,7.0,31.0,N.A.,ISTITUTO COMPRENSIVO GORIZIA 1,7
28833189,2025,204790.14,7.0,31.0,N.A.,ISTITUTO COMPRENSIVO GORIZIA 1,12
28834652,2024,58808.51,61.0,14.0,N.A.,ISTITUTO COMPRENSIVO SONDRIO - PAESI OROBICI,11
28834652,2025,204925.35,61.0,14.0,N.A.,ISTITUTO COMPRENSIVO SONDRIO - PAESI OROBICI,12
28834708,2024,64360.170000000006,61.0,14.0,N.A.,ISTITUTO COMPRENSIVO SONDRIO CENTRO,12
28834708,2025,111871.27,61.0,14.0,N.A.,ISTITUTO COMPRENSIVO SONDRIO CENTRO,12
28834710,2024,45323.98,61.0,14.0,N.A.,ISTITUTO COMPRENSIVO PAESI RETICI - SONDRIO,10
28834710,2025,272796.92,61.0,14.0,N.A.,ISTITUTO COMPRENSIVO PAESI RETICI - SONDRIO,12
28834738,2024,51828.950000000004,91.0,58.0,N.A.,ISTITUTO COMPRENSIVO VIALE VENEZIA GIULIA,12
28834738,2025,173362.74,91.0,58.0,N.A.,ISTITUTO COMPRENSIVO VIALE VENEZIA GIULIA,12
28834780,2024,20715.95,7.0,31.0,N.A.,ISTITUTO COMPRENSIVO LOCCHI - PERCO,3
28834780,2025,281416.64,7.0,31.0,N.A.,ISTITUTO COMPRENSIVO LOCCHI - PERCO,12
28835344,2025,187155.94,215.0,4.0,N.A.,ISTITUTO COMPRENSIVO SANTORRE DI SANTAROSA,11
28835860,2024,134041.13,69.0,23.0,N.A.,ISTITUTO COMPRENSIVO 01 SAN BONIFACIO,12
28835860,2025,356533.12,69.0,23.0,N.A.,ISTITUTO COMPRENSIVO 01 SAN BONIFACIO,12
28836006,2024,53677.44,149.0,17.0,N.A.,ISTITUTO COMPRENSIVO DI PONTEVICO,10
28836006,2025,155876.55,149.0,17.0,N.A.,ISTITUTO COMPRENSIVO DI PONTEVICO,12
28836110,2024,205246.68,91.0,58.0,N.A.,ISTITUTO COMPRENSIVO STATALE ALESSANDRO MANZONI,11
28836110,2025,335220.15,91.0,58.0,N.A.,ISTITUTO COMPRENSIVO STATALE ALESSANDRO MANZONI,12
28836117,2024,44164.770000000004,45.0,14.0,N.A.,ISTITUTO COMPRENSIVO MORBEGNO,10
28836117,2025,156972.7,45.0,14.0,N.A.,ISTITUTO COMPRENSIVO MORBEGNO,12
28836167,2024,21575.98,51.0,26.0,N.A.,ISTITUTO COMPRENSIVO STATALE DI ODERZO,4
28836167,2025,271892.88,51.0,26.0,N.A.,ISTITUTO COMPRENSIVO STATALE DI ODERZO,12
28836178,2025,129296.12000000001,2.0,9.0,N.A.,ISTITUTO COMPRENSIVO ALBENGA II,6
28836678,2025,778528.01,1.0,48.0,N.A.,ISTITUTO STATALE DI ISTRUZIONE SUPERIORE PIERO GOBETTI - ALESSANDRO VOLTA,9
28837160,2024,10923.49,44.0,72.0,N.A.,"ISTITUTO COMPRENSIVO """"S. G. BOSCO - MANZONI"""" DI TORITTO",7
28837160,2025,156705.34,44.0,72.0,N.A.,"ISTITUTO COMPRENSIVO """"S. G. BOSCO - MANZONI"""" DI TORITTO",12
28838267,2024,399361.34,8.0,38.0,N.A.,ISTITUTO D'ISTRUZIONE SUPERIORE VERGANI - NAVARRA,12
28838267,2025,887065.1799999999,8.0,38.0,N.A.,ISTITUTO D'ISTRUZIONE SUPERIORE VERGANI - NAVARRA,12
28838291,2025,28308.57,25.0,10.0,N.A.,ISTITUTO COMPRENSIVO SAN MARTINO BORGORATTI,2
28838293,2025,46808.46,62.0,63.0,N.A.,ISTITUTO COMPRENSIVO 2 D. BOSCO VERDI,3
28838294,2025,116908.61,116.0,65.0,N.A.,ISTITUTO DI ISTRUZIONE SUPERIORE GALILEI - DI PALO,2
28838316,2025,150287.96,84.0,19.0,N.A.,ISTITUTO COMPRENSIVO RIVOLTA D'ADDA E. CALVI,12
28838320,2024,80190.83,120.0,12.0,N.A.,ISTITUTO COMPRENSIVO GIUSEPPE UNGARETTI DI SESTO CALENDE,11
28838320,2025,185321.88,120.0,12.0,N.A.,ISTITUTO COMPRENSIVO GIUSEPPE UNGARETTI DI SESTO CALENDE,12
28838328,2024,27722.32,114.0,6.0,N.A.,ISTITUTO COMPRENSIVO 2 NOVI LIGURE,12
28838328,2025,224506.96,114.0,6.0,N.A.,ISTITUTO COMPRENSIVO 2 NOVI LIGURE,12
28838345,2024,79599.47,67.0,19.0,N.A.,ISTITUTO COMPRENSIVO VISCONTEO,11
28838345,2025,129414.76,67.0,19.0,N.A.,ISTITUTO COMPRENSIVO VISCONTEO,11
28838356,2025,494702.36,8.0,38.0,N.A.,ISTITUTO SUPERIORE N. COPERNICO - A. CARPEGGIANI,9
28838364,2024,71846.17,33.0,72.0,N.A.,ISTITUTO COMPRENSIVO DAVANZATI - MASTROMATTEO,9
28838364,2025,151577.85,33.0,72.0,N.A.,ISTITUTO COMPRENSIVO DAVANZATI - MASTROMATTEO,12
28838367,2025,33181.08,2.0,72.0,N.A.,ISTITUTO COMPRENSIVO A. MORO - G. FALCONE,1
28838416,2024,117977.88,91.0,58.0,N.A.,ISTITUTO COMPRENSIVO MARIO LODI,12
28838416,2025,322806.39,91.0,58.0,N.A.,ISTITUTO COMPRENSIVO MARIO LODI,12
28838526,2024,42614.43,206.0,16.0,N.A.,ISTITUTO COMPRENSIVO SPIRANO,12
28838526,2025,247814.54,206.0,16.0,N.A.,ISTITUTO COMPRENSIVO SPIRANO,12
28840681,2024,2586.79,4.0,38.0,N.A.,ISTITUTO COMPRENSIVO N. 4 DI CENTO,2
28840681,2025,98040.62,4.0,38.0,N.A.,ISTITUTO COMPRENSIVO N. 4 DI CENTO,12
28840683,2025,203882.45,8.0,24.0,N.A.,ISTITUTO COMPRENSIVO STATALE GOFFREDO PARISE,10
28840685,2024,16856.98,19.0,60.0,N.A.,ISTITUTO COMPRENSIVO 1 CASSINO,7
28840685,2025,294202.14,19.0,60.0,N.A.,ISTITUTO COMPRENSIVO 1 CASSINO,12
28840690,2024,17874.04,88.0,75.0,N.A.,ISTITUTO COMPRENSIVO G. PASCOLI DI TRICASE,3
28840690,2025,133489.69,88.0,75.0,N.A.,ISTITUTO COMPRENSIVO G. PASCOLI DI TRICASE,12
28840691,2025,135412.83,143.0,13.0,N.A.,ISTITUTO COMPRENSIVO IV NOVEMBRE,9
28840732,2025,253842.38999999998,37.0,109.0,N.A.,ISTITUTO COMPRENVO SANT'ELPIDIO A MARE,8
28840753,2025,33103.25,6.0,109.0,N.A.,ISTITUTO STATALE COMPRENSIVO UGO BETTI,3
28840763,2024,19527.87,44.0,63.0,N.A.,MASSA LUBRENSE IC PULCARELLI-PA,6
28840763,2025,150215.55000000002,44.0,63.0,N.A.,MASSA LUBRENSE IC PULCARELLI-PA,12
28840777,2025,131380.85,39.0,27.0,N.A.,ISTITUTO COMPRENSIVO ALVISE PISANI,9
28840782,2024,56248.37,55.0,8.0,N.A.,ISTITUTO COMPRENSIVO STATALE SANREMO PONENTE,6
28840782,2025,369933.67,55.0,8.0,N.A.,ISTITUTO COMPRENSIVO STATALE SANREMO PONENTE,12
28840792,2024,121940.45999999999,92.0,64.0,N.A.,ISTITUTO COMPRENSIVO STATALE CRISCUOLI,12
28840792,2025,240057.17,92.0,64.0,N.A.,ISTITUTO COMPRENSIVO STATALE CRISCUOLI,12
28840797,2025,257786.56,15.0,73.0,N.A.,ISTITUTO COMPRENSIVO SAN GIOVANNI BOSCO,10
28840827,2025,34169.51,44.0,23.0,N.A.,ISTITUTO COMPRENSIVO 01 LEGNAGO,3
28840834,2024,2707.39,44.0,23.0,N.A.,ISTITUTO COMPRENSIVO 02 LEGNAGO,2
28840834,2025,77605.19,44.0,23.0,N.A.,ISTITUTO COMPRENSIVO 02 LEGNAGO,12
28840855,2025,78001.57,15.0,117.0,N.A.,ISTITUTO DI ISTRUZIONE SUPERIORE STATALE PADRE COLLI VIGNARELLI,3
28840857,2024,14006.99,74.0,60.0,N.A.,ISTITUTO COMPRENSIVO 3 SORA,6
28840857,2025,313263.77999999997,74.0,60.0,N.A.,ISTITUTO COMPRENSIVO 3 SORA,12
28840861,2025,143370.03,16.0,72.0,N.A.,ISTITUTO COMPRENSIVO PEROTTI - RUFFO,9
28840863,2024,90943.06,12.0,36.0,N.A.,ISTITUTO COMPRENSIVO ELVIRA CASTELFRANCHI DI FINALE EMILIA,7
28840863,2025,286784.32,12.0,36.0,N.A.,ISTITUTO COMPRENSIVO ELVIRA CASTELFRANCHI DI FINALE EMILIA,12
28840873,2025,48765.57,28.0,68.0,N.A.,ISTITUTO COMPRENSIVO PESCARA 3,2
28840893,2024,69377.56,102.0,19.0,N.A.,"ISTITUTO COMPRENSIVO SPINO D'ADDA """"LUIGI CHIESA",7
28840893,2025,172817.02,102.0,19.0,N.A.,"ISTITUTO COMPRENSIVO SPINO D'ADDA """"LUIGI CHIESA",12
28840924,2024,179261.49,13.0,101.0,N.A.,ISTITUTO COMPRENSIVO GIOACCHINO DA FIORE,11
28840930,2024,33613.54,14.0,65.0,N.A.,"ISTITUTO COMPRENSIVO STATALE """"GUGLIELMO MARCONI"""" BATTIPAGLIA",7
28840930,2025,381327.86,14.0,65.0,N.A.,"ISTITUTO COMPRENSIVO STATALE """"GUGLIELMO MARCONI"""" BATTIPAGLIA",12
28840971,2024,114562.04,66.0,14.0,N.A.,ISTITUTO COMPRENSIVO DI TIRANO,12
28840971,2025,203990.3,66.0,14.0,N.A.,ISTITUTO COMPRENSIVO DI TIRANO,12
28840976,2024,103956.27,17.0,38.0,N.A.,ISTITUTO COMPRENSIVO OSTELLATO,12
28840976,2025,210168.53,17.0,38.0,N.A.,ISTITUTO COMPRENSIVO OSTELLATO,12
28840979,2025,147868.09,4.0,85.0,N.A.,ISTITUTO COMPRENSIVO STATALE A. CAPONNETTO - SCIASCIA,3
28840984,2024,17601.010000000002,11.0,53.0,N.A.,ISTITUTO COMPRENSIVO LEOPOLDO II DI LORENA,2
28840984,2025,133757.2,11.0,53.0,N.A.,ISTITUTO COMPRENSIVO LEOPOLDO II DI LORENA,12
28840985,2025,16946.2,9.0,53.0,N.A.,ISTITUTO COMPRENSIVO FOLLONICA 1,3
28841007,2024,10122.6,38.0,60.0,N.A.,ISTITUTO COMPRENSIVO 1 FROSINONE,6
28841007,2025,381667.29000000004,38.0,60.0,N.A.,ISTITUTO COMPRENSIVO 1 FROSINONE,12
28841015,2024,305316.9,24.0,60.0,N.A.,ISTITUTO ISTRUZIONE SUPERIORE DI CECCANO,11
28841015,2025,896562.72,24.0,60.0,N.A.,ISTITUTO ISTRUZIONE SUPERIORE DI CECCANO,12
28841018,2024,347905.01,3.0,12.0,N.A.,ISTITUTO COMPRENSIVO DANTE ALIGHIERI DI ANGERA,9
28841018,2025,213034.07,3.0,12.0,N.A.,ISTITUTO COMPRENSIVO DANTE ALIGHIERI DI ANGERA,12
28841024,2024,1205.68,46.0,26.0,N.A.,ISTITUTO COMPRENSIVO STATALE RITA LEVI MONTALCINI,1
28841024,2025,303780.61,46.0,26.0,N.A.,ISTITUTO COMPRENSIVO STATALE RITA LEVI MONTALCINI,12
28841027,2025,133099.52,46.0,26.0,N.A.,ISTITUTO COMPRENSIVO MONTEBELLUNA 2,8
28841029,2024,70389.19,114.0,6.0,N.A.,ISTITUTO COMPRENSIVO NOVI LIGURE 3,12
28841029,2025,161819.7,114.0,6.0,N.A.,ISTITUTO COMPRENSIVO NOVI LIGURE 3,12
28841035,2024,65141.479999999996,160.0,79.0,N.A.,ISTITUTO COMPRENSIVO PERRI PITAGORA DON MILANI,7
28841035,2025,473024.2,160.0,79.0,N.A.,ISTITUTO COMPRENSIVO PERRI PITAGORA DON MILANI,12
28841042,2024,31243.42,56.0,9.0,N.A.,ISTITUTO COMPRENSIVO SAVONA IV - G. MARCONI,6
28841042,2025,250049.73,56.0,9.0,N.A.,ISTITUTO COMPRENSIVO SAVONA IV - G. MARCONI,12
28841062,2025,8108.32,56.0,9.0,N.A.,ISTITUTO COMPRENSIVO SAVONA II - SANDRO PERTINI,2
28841072,2025,93569.02,217.0,1.0,N.A.,ISTITUTO COMPRENSIVO G.GOZZANO,4
28841088,2024,54443.19,86.0,28.0,N.A.,ISTITUTO COMPRENSIVO STATALE SELVAZZANO DENTRO II,6
28841088,2025,169369.78,86.0,28.0,N.A.,ISTITUTO COMPRENSIVO STATALE SELVAZZANO DENTRO II,12
28841102,2024,42489.01,13.0,36.0,N.A.,ISTITUTO COMPRENSIVO FRANCESCA BURSI,6
28841102,2025,217640.29,13.0,36.0,N.A.,ISTITUTO COMPRENSIVO FRANCESCA BURSI,12
28841109,2025,233458.15,153.0,18.0,N.A.,ISTITUTO COMPRENSIVO STRADELLA,6
28841125,2025,72876.24,14.0,77.0,N.A.,ISTITUTO COMPRENSIVO BRAMANTE - TORRACA,3
28841126,2024,16952.78,14.0,77.0,N.A.,ISTITUTO COMPRENSIVO PADRE GIOVANNI SEMERIA,3
28841126,2025,160825.22,14.0,77.0,N.A.,ISTITUTO COMPRENSIVO PADRE GIOVANNI SEMERIA,12
28841136,2025,28456.45,121.0,30.0,N.A.,ISTITUTO COMPRENSIVO DI TOLMEZZO,1
28841138,2024,47936.78,74.0,58.0,N.A.,ISTITUTO COMPRENSIVO G. MAMELI,9
28841138,2025,60943.33,74.0,58.0,N.A.,ISTITUTO COMPRENSIVO G. MAMELI,12
28841177,2025,72174.43000000001,7.0,65.0,N.A.,ISTITUTO DI ISTRUZIONE SUPERIORE G. FORTUNATO,9
28841181,2024,131898.71,24.0,71.0,N.A.,ISTITUTO COMPRENSIVO V. DA FELTRE - N. ZINGARELLI,10
28841181,2025,358284.37,24.0,71.0,N.A.,ISTITUTO COMPRENSIVO V. DA FELTRE - N. ZINGARELLI,12
28841188,2024,70291.48999999999,15.0,87.0,N.A.,ISTITUTO COMPRENSIVO P.S. DI GUARDO - QUASIMODO CATANIA,6
28841188,2025,309325.56,15.0,87.0,N.A.,ISTITUTO COMPRENSIVO P.S. DI GUARDO - QUASIMODO CATANIA,12
28841195,2024,119468.70999999999,174.0,6.0,N.A.,ISTITUTO COMPRENSIVO TORTONA A,12
28841195,2025,308937.78,174.0,6.0,N.A.,ISTITUTO COMPRENSIVO TORTONA A,12
28841225,2024,22305.82,40.0,72.0,N.A.,ISTITUTO COMPRENSIVO S. G. BOSCO - MANZONI,5
28841225,2025,199691.87,40.0,72.0,N.A.,ISTITUTO COMPRENSIVO S. G. BOSCO - MANZONI,12
28841258,2024,70390.44,26.0,30.0,N.A.,ISTITUTO COMPRENSIVO DI CIVIDALE DEL FRIULI,12
28841258,2025,474066.76,26.0,30.0,N.A.,ISTITUTO COMPRENSIVO DI CIVIDALE DEL FRIULI,12
28841259,2024,74608.46,99.0,30.0,N.A.,ISTITUTO COMPRENSIVO DI SAN DANIELE DEL FRIULI,6
28841259,2025,199712.19,99.0,30.0,N.A.,ISTITUTO COMPRENSIVO DI SAN DANIELE DEL FRIULI,11
28841260,2025,194342.14,129.0,30.0,N.A.,ISTITUTO COMPRENSIVO V DI UDINE,9
28841266,2024,86453.62,49.0,97.0,N.A.,ISTITUTO COMPRENSIVO RITA LEVI MONTALCINI,12
28841266,2025,204330.92,49.0,97.0,N.A.,ISTITUTO COMPRENSIVO RITA LEVI MONTALCINI,12
28841268,2024,18205.66,50.0,108.0,N.A.,ISTITUTO COMPRENSIVO STATALE A. MANZONI,1
28841268,2025,252043.52000000002,50.0,108.0,N.A.,ISTITUTO COMPRENSIVO STATALE A. MANZONI,12
28841287,2024,34536.08,170.0,17.0,N.A.,ISTITUTO COMPRENSIVO DI SALO' T. OLIVELLI,7
28841287,2025,148013.08,170.0,17.0,N.A.,ISTITUTO COMPRENSIVO DI SALO' T. OLIVELLI,12
28841288,2024,1655.15,168.0,17.0,N.A.,ISTITUTO COMPRENSIVO ANDREA BELLI - SABBIO CHIESE,1
28841288,2025,162498.54,168.0,17.0,N.A.,ISTITUTO COMPRENSIVO ANDREA BELLI - SABBIO CHIESE,12
28841292,2024,230422.91,47.0,102.0,N.A.,ISTITUTO DI ISTRUZIONE SUPERIORE M. MORELLI - D. COLAO,12
28841292,2025,475515.76,47.0,102.0,N.A.,ISTITUTO DI ISTRUZIONE SUPERIORE M. MORELLI - D. COLAO,12
28841310,2025,186848.56,101.0,78.0,N.A.,ISTITUTO COMPRENSIVO STATALE DI PRAIA A MARE,10
28841332,2024,81963.03,222.0,16.0,N.A.,ISTITUTO COMPRENSIVO URGNANO B.COLLEONI,11
28841332,2025,186225.76,222.0,16.0,N.A.,ISTITUTO COMPRENSIVO URGNANO B.COLLEONI,12
28841334,2025,301694.22,49.0,63.0,N.A.,ISTITUTO COMPRENSIVO 26 IMBRIANI - S. A. DE LIGUORI,10
28841336,2024,71974.97,49.0,63.0,N.A.,ISTITUTO COMPRENSIVO CASANOVA-COSTANTINOPOLI,12
28841336,2025,225768.46,49.0,63.0,N.A.,ISTITUTO COMPRENSIVO CASANOVA-COSTANTINOPOLI,12
28841337,2024,215952.88,49.0,63.0,N.A.,ISTITUTO COMPRENSIVO 29 MIRAGLIA-SOGLIANO,12
28841337,2025,336986.56,49.0,63.0,N.A.,ISTITUTO COMPRENSIVO 29 MIRAGLIA-SOGLIANO,12
28841340,2025,134414.03,49.0,63.0,N.A.,ISTITUTO COMPRENSIVO STATALE 41 CONSOLE,9
28841341,2025,388851.91,84.0,63.0,N.A.,ISTITUTO COMPRENSIVO 3 D. BOSCO - F D'ASSISI,9
28841346,2024,114575.31,75.0,13.0,N.A.,"ISTITUTO DI ISTRUZIONE SUPERIORE """"LEONARDO DA VINCI """" RIPAMONTI",9
28841346,2025,704372.37,75.0,13.0,N.A.,"ISTITUTO DI ISTRUZIONE SUPERIORE """"LEONARDO DA VINCI """" RIPAMONTI",12
28841349,2025,136467.97,84.0,63.0,N.A.,ISTITUTO COMPRENSIVO 1 MAZZA - COLAMARINO,7
28841351,2025,112695.91,84.0,63.0,N.A.,ISTITUTO COMPRENSIVO GIACOMO LEOPARDI,8
28841353,2025,362795.43,89.0,63.0,N.A.,ISTITUTO COMPRENSIVO SAN GIOVANNI BOSCO - VOLLA,12
28841357,2025,202001.8,84.0,63.0,N.A.,ISTITUTO COMPRENSIVO 2 SAURO - MORELLI,9
28841374,2025,215290.1,111.0,58.0,N.A.,ISTITUTO COMPRENSIVO VELLETRI CENTRO,9
28841375,2024,49823.409999999996,111.0,58.0,N.A.,ISTITUTO COMPRENSIVO GINO FELCI,7
28841375,2025,336437.68,111.0,58.0,N.A.,ISTITUTO COMPRENSIVO GINO FELCI,12
28841383,2024,273465.29,205.0,22.0,N.A.,LICEO LINGUISTICO SOPHIE MAGDALENA SCHOLL,12
28841383,2025,794947.76,205.0,22.0,N.A.,LICEO LINGUISTICO SOPHIE MAGDALENA SCHOLL,12
28841388,2024,69908.37,194.0,1.0,N.A.,ISTITUTO COMPRENSIVO PIOSSASCO I,11
28841388,2025,200743.14,194.0,1.0,N.A.,ISTITUTO COMPRENSIVO PIOSSASCO I,12
28841413,2025,393231.42,29.0,17.0,N.A.,ISTITUTO DI ISTRUZIONE SUPERIORE TARTAGLIA - OLIVIERI,10
28841440,2024,1455.3200000000002,91.0,58.0,N.A.,ISTITUTO COMPRENSIVO VIA VAL MAGGIA,1
28841440,2025,212980.51,91.0,58.0,N.A.,ISTITUTO COMPRENSIVO VIA VAL MAGGIA,12
28841448,2024,86196.28,91.0,58.0,N.A.,ISTITUTO COMPRENSIVO ELISA SCALA,12
28841448,2025,220006.36000000002,91.0,58.0,N.A.,ISTITUTO COMPRENSIVO ELISA SCALA,12
28841462,2024,26027.0,91.0,58.0,N.A.,ISTITUTO COMPRENSIVO VIA CENEDA,8
28841462,2025,257831.23,91.0,58.0,N.A.,ISTITUTO COMPRENSIVO VIA CENEDA,12
28841463,2025,20150.06,91.0,58.0,N.A.,ISTITUTO COMPRENSIVO STATALE HYPATIA,2
28841475,2025,13566.91,91.0,58.0,N.A.,ISTITUTO COMPRENSIVO VIA MAFFI,2
28841492,2024,37130.84,91.0,58.0,N.A.,ISTITUTO COMPRENSIVO VIA U. BOCCIONI,5
28841492,2025,286514.63,91.0,58.0,N.A.,ISTITUTO COMPRENSIVO VIA U. BOCCIONI,12
28841525,2024,84935.31,5.0,38.0,N.A.,ISTITUTO COMPRENSIVO CODIGORO,8
28841525,2025,225269.8,5.0,38.0,N.A.,ISTITUTO COMPRENSIVO CODIGORO,12
28841531,2025,181630.46,25.0,10.0,N.A.,ISTITUTO COMPRENSIVO BARABINO,6
28841646,2024,2560.2,91.0,58.0,N.A.,ISTITUTO COMPRENSIVO LARGO S. PIO V,3
28841646,2025,253846.96,91.0,58.0,N.A.,ISTITUTO COMPRENSIVO LARGO S. PIO V,12
28841677,2024,104852.84,4.0,38.0,N.A.,ISTITUTO COMPRENSIVO FERRUCCIO LAMBORGHINI,12
28841677,2025,232849.95,4.0,38.0,N.A.,ISTITUTO COMPRENSIVO FERRUCCIO LAMBORGHINI,12
28841797,2024,122493.2,7.0,40.0,N.A.,LICEO LINGUISTICO STATALE ILARIA ALPI DI CESENA,10
28841797,2025,451458.96,7.0,40.0,N.A.,LICEO LINGUISTICO STATALE ILARIA ALPI DI CESENA,12
28842150,2024,143833.48,59.0,58.0,N.A.,ISTITUTO COMPRENSIVO CITTA'DEI BAMBINI,12
28842150,2025,566297.36,59.0,58.0,N.A.,ISTITUTO COMPRENSIVO CITTA'DEI BAMBINI,12
28846416,2024,94292.99,152.0,17.0,N.A.,ISTITUTO COMPRENSIVO DI PRALBOINO,12
28846416,2025,318362.42,152.0,17.0,N.A.,ISTITUTO COMPRENSIVO DI PRALBOINO,11
28846430,2024,15810.99,45.0,78.0,N.A.,ISTITUTO COMPRENSIVO STATALE COSENZA III ROBERTA LANZINO,4
28846430,2025,448785.04000000004,45.0,78.0,N.A.,ISTITUTO COMPRENSIVO STATALE COSENZA III ROBERTA LANZINO,12
29360202,2025,175075.79,14.0,99.0,N.A.,ISTITUTO COMPRENSIVO STATALE XX SETTEMBRE,12
29386729,2025,181000.7,6.0,25.0,N.A.,ISTITUTO COMPRENSIVO 1 BELLUNO,11
29389644,2024,88091.43999999999,14.0,99.0,N.A.,ISTITUTO COMPRENSIVO STATALE ALIGHIERI,3
29389644,2025,230809.77,14.0,99.0,N.A.,ISTITUTO COMPRENSIVO STATALE ALIGHIERI,12
29393165,2024,116368.43,6.0,37.0,N.A.,ISTITUTO COMPRENSIVO N.21 BOLOGNA,11
29393165,2025,177404.18,6.0,37.0,N.A.,ISTITUTO COMPRENSIVO N.21 BOLOGNA,12
29396725,2024,14899.19,102.0,17.0,N.A.,ISTITUTO COMPRENSIVO VALTENESI,1
29396725,2025,409081.27999999997,102.0,17.0,N.A.,ISTITUTO COMPRENSIVO VALTENESI,12
29396987,2025,211099.8,272.0,1.0,N.A.,ISTITUTO COMPRENSIVO STATALE AMEDEO PEYRON - RE UMBERTO I,6
29396988,2024,171110.36000000002,272.0,1.0,N.A.,ISTITUTO COMPRENSIVO STATALE VITTORINO DA FELTRE,8
29396988,2025,142268.87,272.0,1.0,N.A.,ISTITUTO COMPRENSIVO STATALE VITTORINO DA FELTRE,12
29397937,2024,117653.07,36.0,19.0,N.A.,ISTITUTO COMPRENSIVO STATALE CREMONA UNO,10
29397937,2025,284576.19,36.0,19.0,N.A.,ISTITUTO COMPRENSIVO STATALE CREMONA UNO,12
29398906,2025,17534.52,14.0,39.0,N.A.,ISTITUTO COMPRENSIVO STATALE RANDI,5
29399395,2024,15519.369999999999,66.0,20.0,N.A.,ISTITUTO COMPRENSIVO VIADANA VANONI,6
29399395,2025,290203.39,66.0,20.0,N.A.,ISTITUTO COMPRENSIVO VIADANA VANONI,12
29399411,2024,7169.2300000000005,5.0,63.0,N.A.,ISTITUTO COMPRENSIVO 2 DE FILIPPO - VICO,2
29399411,2025,178674.42,5.0,63.0,N.A.,ISTITUTO COMPRENSIVO 2 DE FILIPPO - VICO,12
29400866,2024,25869.92,68.0,63.0,N.A.,ISTITUTO COMPRENSIVO STATALE 3 CESCHELLI,9
29400866,2025,350974.28,68.0,63.0,N.A.,ISTITUTO COMPRENSIVO STATALE 3 CESCHELLI,12
29400882,2024,179002.13,31.0,98.0,N.A.,ISTITUTO COMPRENSIVO DI LODI II - GIOVANNI SPEZZAFERRI,10
29400882,2025,292459.52999999997,31.0,98.0,N.A.,ISTITUTO COMPRENSIVO DI LODI II - GIOVANNI SPEZZAFERRI,12
29400883,2024,11297.87,50.0,98.0,N.A.,ISTITUTO COMPRENSIVO CARLO COLLODI,3
29400883,2025,272267.22,50.0,98.0,N.A.,ISTITUTO COMPRENSIVO CARLO COLLODI,12
29400884,2025,199895.21,31.0,98.0,N.A.,ISTITUTO COMPRENSIVO LODI I,9
29400886,2024,65837.52,50.0,98.0,N.A.,ISTITUTO COMPRENSIVO RICCARDO MORZENTI,12
29400886,2025,158211.16,50.0,98.0,N.A.,ISTITUTO COMPRENSIVO RICCARDO MORZENTI,12
29400887,2024,220837.73,31.0,98.0,N.A.,ISTITUTO COMPRENSIVO DI LODI III,12
29400887,2025,260529.1,31.0,98.0,N.A.,ISTITUTO COMPRENSIVO DI LODI III,12
29400972,2025,225943.19,177.0,18.0,N.A.,ISTITUTO COMPRENSIVO DI VIALE LIBERTA',7
29401081,2025,167602.19999999998,12.0,27.0,N.A.,ISTITUTO COMPRENSIVO STATALE TINA ANSELMI,6
29401082,2024,114091.01,23.0,27.0,N.A.,ISTITUTO COMPRENSIVO LUIGI NONO,12
29401082,2025,227684.31,23.0,27.0,N.A.,ISTITUTO COMPRENSIVO LUIGI NONO,12
29401276,2024,52445.770000000004,5.0,36.0,N.A.,ISTITUTO COMPRENSIVO CARPI 3,6
29401276,2025,306009.07,5.0,36.0,N.A.,ISTITUTO COMPRENSIVO CARPI 3,12
29401311,2025,323699.12,48.0,83.0,N.A.,ISTITUTO DI ISTRUZIONE SUPERIORE LA FARINA - BASILE,6
29401338,2025,274833.27,42.0,61.0,N.A.,ISTITUTO COMPRENSIVO GRAZZANISE,8
29401350,2025,65823.90000000001,49.0,66.0,N.A.,ISTITUTO DI ISTRUZIONE SUPERIORE ANDREA BAFILE,2
29401354,2024,47524.8,1.0,38.0,N.A.,ISTITUTO COMPRENSIVO G. BASSANI,12
29401354,2025,147607.39,1.0,38.0,N.A.,ISTITUTO COMPRENSIVO G. BASSANI,12
29401424,2024,118238.67,1.0,38.0,N.A.,ISTITUTO COMPRENSIVO DON G. MINZONI DI ARGENTA,7
29401424,2025,166551.72,1.0,38.0,N.A.,ISTITUTO COMPRENSIVO DON G. MINZONI DI ARGENTA,12
29401439,2025,313003.77,158.0,65.0,N.A.,ISTITUTO COMPRENSIVO STATALE BELLIZZI,12
29401455,2025,168679.01,49.0,63.0,N.A.,ISTITUTO COMPRENSIVO 35 SCUDILLO CARAFA SALVEMINI,7
29401477,2024,683.2,35.0,19.0,N.A.,ISTITUTO COMPRENSIVO CREMA UNO,2
29401477,2025,162187.9,35.0,19.0,N.A.,ISTITUTO COMPRENSIVO CREMA UNO,12
29401479,2024,56977.8,5.0,19.0,N.A.,ISTITUTO COMPRENSIVO RITA LEVI MONTALCINI,11
29401479,2025,224517.45,5.0,19.0,N.A.,ISTITUTO COMPRENSIVO RITA LEVI MONTALCINI,12
29401481,2024,514363.56,118.0,15.0,N.A.,I.S.I.S. ANTONIO BERNOCCHI,12
29401481,2025,486944.88,118.0,15.0,N.A.,I.S.I.S. ANTONIO BERNOCCHI,12
29401500,2025,42994.799999999996,33.0,108.0,N.A.,ISTITUTO COMPRENSIVO VIA CORREGGIO,3
29401506,2024,55711.04,168.0,15.0,N.A.,ISTITUTO COMPRENSIVO VIALE LEGNANO,8
29401506,2025,253329.86,168.0,15.0,N.A.,ISTITUTO COMPRENSIVO VIALE LEGNANO,12
29401558,2024,19466.3,177.0,18.0,N.A.,ISTITUTO COMPRENSIVO STATALE DI PIAZZA VITTORIO VENETO,5
29401558,2025,161576.5,177.0,18.0,N.A.,ISTITUTO COMPRENSIVO STATALE DI PIAZZA VITTORIO VENETO,12
29401570,2024,42009.31,6.0,25.0,N.A.,ISTITUTO COMPRENSIVO STATALE TINA MERLIN DI BELLUNO,6
29401570,2025,366460.31,6.0,25.0,N.A.,ISTITUTO COMPRENSIVO STATALE TINA MERLIN DI BELLUNO,12
29401574,2025,159394.39,23.0,63.0,N.A.,ISTITUTO COMPRENSIVO FILIPPO PALIZZI,9
29401580,2024,10358.24,39.0,36.0,N.A.,ISTITUTO COMPRENSIVO SAN PROSPERO - MEDOLLA,2
29401580,2025,239923.19,39.0,36.0,N.A.,ISTITUTO COMPRENSIVO SAN PROSPERO - MEDOLLA,12
29401590,2025,77359.04,49.0,63.0,N.A.,ISTITUTO COMPRENSIVO STATALE NICOLINI - DI GIACOMO,7
29401597,2025,167582.2,16.0,63.0,N.A.,ISTITUTO COMPRENSIVO M. POLO - G. GALILEI - DON BOSCO,10
29401627,2024,84527.08,9.0,14.0,N.A.,ISTITUTO COMPRENSIVO MARTINO ANZI,12
29401627,2025,171386.31,9.0,14.0,N.A.,ISTITUTO COMPRENSIVO MARTINO ANZI,12
29401647,2024,35536.97,166.0,15.0,N.A.,ISTITUTO COMPRENSIVO SALVADOR ALLENDE,3
29401647,2025,418892.46,166.0,15.0,N.A.,ISTITUTO COMPRENSIVO SALVADOR ALLENDE,12
29401649,2024,74230.85,146.0,15.0,N.A.,ISTITUTO COMPRENSIVO STATALE PIAZZA LEONARDO DA VINCI,6
29401649,2025,371703.07,146.0,15.0,N.A.,ISTITUTO COMPRENSIVO STATALE PIAZZA LEONARDO DA VINCI,12
29401650,2024,29882.43,166.0,15.0,N.A.,ISTITUTO COMPRENSIVO STATALE TEODORO CROCI,6
29401650,2025,182445.19,166.0,15.0,N.A.,ISTITUTO COMPRENSIVO STATALE TEODORO CROCI,12
29401652,2024,197541.31,146.0,15.0,N.A.,ISTITUTO COMPRENSIVO VIA LINNEO,12
29401652,2025,300053.13,146.0,15.0,N.A.,ISTITUTO COMPRENSIVO VIA LINNEO,12
29401673,2024,7556.87,2.0,15.0,N.A.,ISTITUTO COMPRENSIVO VIA PALESTRO,5
29401673,2025,337897.79,2.0,15.0,N.A.,ISTITUTO COMPRENSIVO VIA PALESTRO,12
29401692,2025,272633.27,1.0,63.0,N.A.,ISTITUTO SUPERIORE BRUNO MUNARI,9
29401698,2025,198191.67,49.0,63.0,N.A.,ISTITUTO COMPRENSIVO PERTINI - 87 DON GUANELLA,6
29401699,2025,259020.15,37.0,65.0,N.A.,ISTITUTO COMPRENSIVO CARDUCCI TREZZA,12
29401703,2024,5634.13,182.0,15.0,N.A.,ISTITUTO COMPRENSIVO EZIO FRANCESCHINI,1
29401703,2025,316556.99,182.0,15.0,N.A.,ISTITUTO COMPRENSIVO EZIO FRANCESCHINI,12
29401728,2024,209868.44,24.0,48.0,N.A.,ISTITUTO COMPRENSIVO LASTRA A SIGNA,12
29401728,2025,217525.4,24.0,48.0,N.A.,ISTITUTO COMPRENSIVO LASTRA A SIGNA,12
29401729,2025,90117.22,33.0,48.0,N.A.,ISTITUTO COMPRENSIVO STATALE DI PONTASSIEVE,3
29401735,2024,51838.65,12.0,74.0,N.A.,SCUOLA SECONDARIA DI PRIMO GRADO BARNABA - BOSCO,8
29402251,2024,167983.49,17.0,87.0,N.A.,ISTITUTO ISTRUZIONE SUPERIORE E.FERMI - GUTTUSO,6
29402251,2025,611049.22,17.0,87.0,N.A.,ISTITUTO ISTRUZIONE SUPERIORE E.FERMI - GUTTUSO,12
29402257,2025,104991.84999999999,33.0,63.0,N.A.,ISTITUTO COMPRENSIVO STATALE NOVIO ATELLANO,7
29402687,2024,60750.92,6.0,38.0,N.A.,ISTITUTO COMPRENSIVO COMACCHIO,8
29402687,2025,206493.48,6.0,38.0,N.A.,ISTITUTO COMPRENSIVO COMACCHIO,12
29534612,2024,150954.05,56.0,54.0,N.A.,ISTITUTO COMPRENSIVO UMBERTIDE MONTONE PIETRALUNGA,12
29534612,2025,179092.86,56.0,54.0,N.A.,ISTITUTO COMPRENSIVO UMBERTIDE MONTONE PIETRALUNGA,12
29535022,2024,20491.78,12.0,39.0,N.A.,CENTRO PROVINCIALE PER L'ISTRUZIONE DEGLI ADULTI RAVENNA,6
29535022,2025,192981.92,12.0,39.0,N.A.,CENTRO PROVINCIALE PER L'ISTRUZIONE DEGLI ADULTI RAVENNA,12
29926223,2025,253480.51,4.0,38.0,N.A.,ISTITUTO DI ISTRUZIONE SUPERIORE F.LLI TADDIA,9
29928460,2025,357451.03,10.0,39.0,N.A.,LICEO TORRICELLI - BALLARDINI,8
29929063,2024,18878.940000000002,12.0,31.0,N.A.,CENTRO PROVINCIALE ISTRUZIONE ADULTI 1 GORIZIA,6
29929063,2025,97359.19,12.0,31.0,N.A.,CENTRO PROVINCIALE ISTRUZIONE ADULTI 1 GORIZIA,10
29930784,2024,4004.1800000000003,32.0,37.0,N.A.,CPIA 1 BOLOGNA - IMOLA,12
29930784,2025,155145.26,32.0,37.0,N.A.,CPIA 1 BOLOGNA - IMOLA,12
29931362,2025,157054.46,26.0,50.0,N.A.,CENTRO PROVINCIALE ISTRUZIONE ADULTI 1 PISA,7
29934605,2024,66563.81999999999,6.0,32.0,N.A.,CENTRO PROVINCIALE PER L'ISTRUZIONE DEGLI ADULTI DI TRIESTE,10
29934605,2025,115560.08,6.0,32.0,N.A.,CENTRO PROVINCIALE PER L'ISTRUZIONE DEGLI ADULTI DI TRIESTE,12
29936404,2024,159778.7,45.0,14.0,N.A.,ISTITUTO DI ISTRUNZIONE SUPERIORE P.L.NERVI - G.FERRARI,12
29936404,2025,229863.15,45.0,14.0,N.A.,ISTITUTO DI ISTRUNZIONE SUPERIORE P.L.NERVI - G.FERRARI,12
29936405,2025,74191.12,45.0,14.0,N.A.,ISTITUTO COMPRENSIVO STATALE 2 DAMIANI,10
29936406,2024,120332.14,18.0,14.0,N.A.,ISTITUTO PROFESSIONALE CROTTO CAURGA,10
29936406,2025,441950.57,18.0,14.0,N.A.,ISTITUTO PROFESSIONALE CROTTO CAURGA,12
29936409,2024,31021.190000000002,45.0,14.0,N.A.,CPIA 1 SONDRIO,5
29936409,2025,207929.74,45.0,14.0,N.A.,CPIA 1 SONDRIO,12
29939280,2025,60674.13,14.0,34.0,N.A.,ISTITUTO DI ISTRUZIONE SECONDARIA SUPERIORE BERENINI,1
29939284,2025,77075.0,32.0,34.0,N.A.,ISTITUTO STATALE ISTRUZIONE SECONDARIA SUPERIORE MAGNAGHI - SOLARI,2
29940091,2025,81027.75,78.0,70.0,N.A.,ISTITUTO DI ISTRUZIONE SUPERIORE G.BOCCARDI,3
29940094,2024,118704.70000000001,78.0,70.0,N.A.,ISTITUTO DI ISTRUZIONE SUPERIORE ALFANO DA TERMOLI,6
29940094,2025,435821.98000000004,78.0,70.0,N.A.,ISTITUTO DI ISTRUZIONE SUPERIORE ALFANO DA TERMOLI,12
29940097,2024,276167.72,78.0,70.0,N.A.,ISTITUTO ISTRUZIONE SUPERIORE E. MAJORANA,7
29940097,2025,295567.76,78.0,70.0,N.A.,ISTITUTO ISTRUZIONE SUPERIORE E. MAJORANA,12
29940101,2024,146867.92,46.0,70.0,N.A.,ISTITUTO OMNICOMPRENSIVO SAMMY BASSO,7
29940101,2025,145824.22,46.0,70.0,N.A.,ISTITUTO OMNICOMPRENSIVO SAMMY BASSO,12
29942588,2024,41102.87,33.0,93.0,N.A.,CENTRO PROVINCIALE ISTRUZIONE ADULTI CPIA 1 PORDENONE,12
29942588,2025,301797.63,33.0,93.0,N.A.,CENTRO PROVINCIALE ISTRUZIONE ADULTI CPIA 1 PORDENONE,11
29942765,2024,7068.469999999999,32.0,33.0,N.A.,CENTRO PROVINCIALE PER L'ISTRUZIONE DEGLI ADULTI 1 PIACENZA,2
29942765,2025,136777.68,32.0,33.0,N.A.,CENTRO PROVINCIALE PER L'ISTRUZIONE DEGLI ADULTI 1 PIACENZA,11
29943490,2025,403787.93,27.0,68.0,N.A.,ISTITUTO DI ISTRUZIONE SUPERIORE LUCA DA PENNE - MARIO DEI FIORI,12
29943491,2024,196858.99,28.0,68.0,N.A.,"LICEO ARTISTICO MUSICALE E COREUTICO """" MISTICONI BELLISARIO",6
29943491,2025,649162.74,28.0,68.0,N.A.,"LICEO ARTISTICO MUSICALE E COREUTICO """" MISTICONI BELLISARIO",12
29945307,2024,183024.67,33.0,35.0,N.A.,ISTITUTO DI ISTRUZIONE SUPERIORE BLAISE PASCAL,11
29945307,2025,434265.91,33.0,35.0,N.A.,ISTITUTO DI ISTRUZIONE SUPERIORE BLAISE PASCAL,12
29945837,2025,4537.67,54.0,37.0,N.A.,ISTITUTO COMPRENSIVO N. 1 SAN LAZZARO DI SAVENA,1
29945838,2024,104135.32,54.0,37.0,N.A.,ISTITUTO COMPRENSIVO N.2 SAN LAZZARO DI SAVENA,9
29945838,2025,285847.49,54.0,37.0,N.A.,ISTITUTO COMPRENSIVO N.2 SAN LAZZARO DI SAVENA,12
29946927,2024,11681.99,23.0,54.0,N.A.,ISTITUTO COMPRENSIVO GUALDO TADINO - CASACASTALDA,6
29946927,2025,428895.64,23.0,54.0,N.A.,ISTITUTO COMPRENSIVO GUALDO TADINO - CASACASTALDA,12
29950837,2024,27744.31,17.0,46.0,N.A.,CENTRO PROVINCIALE PER L'ISTRUZIONE DEGLI ADULTI DI LUCCA,6
29950837,2025,209489.99,17.0,46.0,N.A.,CENTRO PROVINCIALE PER L'ISTRUZIONE DEGLI ADULTI DI LUCCA,12
29952178,2024,121570.02,3.0,70.0,N.A.,ISTITUTO COMPRENSIVO F. AMATUZIO - PALLOTTA,8
29952178,2025,204556.6,3.0,70.0,N.A.,ISTITUTO COMPRENSIVO F. AMATUZIO - PALLOTTA,11
29952181,2024,85619.27,6.0,70.0,N.A.,ISTITUTO COMPRENSIVO COLOZZA,9
29952181,2025,102095.47,6.0,70.0,N.A.,ISTITUTO COMPRENSIVO COLOZZA,12
29952184,2024,26871.24,6.0,70.0,N.A.,ISTITUTO COMPRENSIVO STATALE I. PETRONE,7
29952184,2025,204694.69,6.0,70.0,N.A.,ISTITUTO COMPRENSIVO STATALE I. PETRONE,12
29952188,2024,80375.88,6.0,70.0,N.A.,ISTITUTO COMPRENSIVO D'OVIDIO,5
29952188,2025,156467.79,6.0,70.0,N.A.,ISTITUTO COMPRENSIVO D'OVIDIO,12
29953467,2025,393043.06,12.0,40.0,N.A.,ISTITUTO PROFESSIONALE RUFFILLI,12
29953486,2024,364875.36,12.0,40.0,N.A.,ISTITUTO TECNICO SAFFI/ALBERTI,11
29953486,2025,239644.29,12.0,40.0,N.A.,ISTITUTO TECNICO SAFFI/ALBERTI,12
29958033,2024,156186.8,61.0,14.0,N.A.,ISTITUTO TECNICO A. DE SIMONI - M. QUADRIO,12
29958033,2025,346919.06,61.0,14.0,N.A.,ISTITUTO TECNICO A. DE SIMONI - M. QUADRIO,12
29958887,2024,300716.61,40.0,36.0,N.A.,ISTITUTO DI ISTRUZIONE SUPERIORE ELSA MORANTE,12
29958887,2025,474940.51,40.0,36.0,N.A.,ISTITUTO DI ISTRUZIONE SUPERIORE ELSA MORANTE,12
29960180,2025,172848.84,36.0,19.0,N.A.,CPIA 1 CREMONA,9
29970369,2025,102636.61,129.0,30.0,N.A.,ISTITUTO COMPRENSIVO UDINE VI,3
29970383,2024,1183.02,129.0,30.0,N.A.,CPIA 1 UDINE,1
29970383,2025,201141.97,129.0,30.0,N.A.,CPIA 1 UDINE,12
29970688,2025,231384.29,86.0,26.0,N.A.,"CPIA """"ALBERTO MANZI"""" DI TREVISO",3
29971519,2024,153433.39,23.0,36.0,N.A.,ISTITUTO COMPRENSIVO SUPERIORE F.CORNI LICEO E TECNICO,6
29971519,2025,654973.6,23.0,36.0,N.A.,ISTITUTO COMPRENSIVO SUPERIORE F.CORNI LICEO E TECNICO,12
29973864,2024,36032.61,133.0,12.0,N.A.,CPIA 2 VARESE TULLIO DE MAURO,10
29973864,2025,198768.36,133.0,12.0,N.A.,CPIA 2 VARESE TULLIO DE MAURO,12
29974910,2024,95584.82,116.0,65.0,N.A.,LICEO ARTISTICO SABATINI - MENNA,6
29974910,2025,378175.26,116.0,65.0,N.A.,LICEO ARTISTICO SABATINI - MENNA,12
29976692,2025,230604.17,20.0,63.0,N.A.,ISTITUTO COMPRENSIVO MARCONI - TORRICELLI,10
29976694,2025,628138.89,49.0,63.0,N.A.,ISTITUTO DI ISTRUZIONE SUPERIORE ARCHIMEDE,9
29976701,2025,229603.75,49.0,63.0,N.A.,ISTITUTO COMPRENSIVO 76 F. MASTRIANI - BONGHI,9
29976743,2025,318962.98,49.0,63.0,N.A.,ISTITUTO COMPRENSIVO STATALE 13 IGNAZIO DI LOYOLA,7
29992099,2024,67698.33,29.0,17.0,N.A.,CPIA 1 BRESCIA,11
29992099,2025,315102.05,29.0,17.0,N.A.,CPIA 1 BRESCIA,12
30259585,2024,69509.05,6.0,37.0,N.A.,CPIA 2 EDUARD C. LINDEMAN,2
30259585,2025,1145944.1300000001,6.0,37.0,N.A.,CPIA 2 EDUARD C. LINDEMAN,12
30540227,2024,56386.16,3.0,77.0,N.A.,ISTITUTO COMPRENSIVO PITAGORA,8
30540227,2025,253732.34,3.0,77.0,N.A.,ISTITUTO COMPRENSIVO PITAGORA,12
30540228,2025,5499.18,30.0,77.0,N.A.,ISTITUTO COMPRENSIVO VALSINNI - TURSI,1
30540229,2024,118515.43,3.0,77.0,N.A.,ISTITUTO DI ISTRUZIONE SUPERIORE BERNALDA FERRANDINA,4
30540229,2025,633316.07,3.0,77.0,N.A.,ISTITUTO DI ISTRUZIONE SUPERIORE BERNALDA FERRANDINA,11
30542852,2024,665.7,23.0,94.0,N.A.,CENTRO PROVINCIALE ISTRUZIONE ADULTI ISERNIA,1
30542852,2025,125080.64,23.0,94.0,N.A.,CENTRO PROVINCIALE ISTRUZIONE ADULTI ISERNIA,12
30546373,2024,32776.44,86.0,63.0,N.A.,ISTITUTO COMPRENSIVO GIAN BATTISTA DELLA PORTA,6
30546373,2025,219393.27,86.0,63.0,N.A.,ISTITUTO COMPRENSIVO GIAN BATTISTA DELLA PORTA,12
30546470,2024,5790.469999999999,31.0,8.0,N.A.,CPIA PROVINCIA DI IMPERIA,7
30546470,2025,104878.12,31.0,8.0,N.A.,CPIA PROVINCIA DI IMPERIA,12
30546933,2024,209226.08000000002,1.0,110.0,N.A.,CENTRO PROVINCIALE PER L'ISTRUZIONE DEGLI ADULTI GINO STRADA,12
30546933,2025,264493.32,1.0,110.0,N.A.,CENTRO PROVINCIALE PER L'ISTRUZIONE DEGLI ADULTI GINO STRADA,12
30550035,2024,75814.94,18.0,117.0,N.A.,CPIA 2 SERRAMANNA-ORISTANO,12
30550035,2025,286147.74,18.0,117.0,N.A.,CPIA 2 SERRAMANNA-ORISTANO,12
30552696,2024,1766.24,10.0,101.0,N.A.,CENTRO PROVINCIALE ISTRUZIONE ADULTI CROTONE,6
30552696,2025,199476.83,10.0,101.0,N.A.,CENTRO PROVINCIALE ISTRUZIONE ADULTI CROTONE,12
30554624,2024,3911.06,15.0,11.0,N.A.,CENTRO PROVINCIALE PER L'ISTRUZIONE DEGLI ADULTI LA SPEZIA,1
30554624,2025,334299.76,15.0,11.0,N.A.,CENTRO PROVINCIALE PER L'ISTRUZIONE DEGLI ADULTI LA SPEZIA,12
30557332,2024,18375.62,20.0,35.0,N.A.,CPIA REGGIO NORD,10
30557332,2025,262202.5,20.0,35.0,N.A.,CPIA REGGIO NORD,12
30557726,2024,44396.72,15.0,37.0,N.A.,CPIA CASTIGLIONE D.P. - VERGATO,3
30557726,2025,164159.38999999998,15.0,37.0,N.A.,CPIA CASTIGLIONE D.P. - VERGATO,12
30557728,2024,17606.13,6.0,37.0,N.A.,ISTITUTO COMPRENSIVO N.22 BOLOGNA,8
30557728,2025,211162.04,6.0,37.0,N.A.,ISTITUTO COMPRENSIVO N.22 BOLOGNA,11
30558702,2025,53877.18,108.0,15.0,N.A.,ISTITUTO DI ISTRUZIONE SUPERIORE ARGENTIA - MAJORANA,1
30560840,2024,247227.21000000002,9.0,88.0,N.A.,ISTITUTO D'ISTRUZIONE SUPERIORE G.B. VICO-UMBERTO I-R. GAGLIARDI,9
30560840,2025,490390.43,9.0,88.0,N.A.,ISTITUTO D'ISTRUZIONE SUPERIORE G.B. VICO-UMBERTO I-R. GAGLIARDI,12
30564024,2025,120611.88,59.0,70.0,N.A.,CPIA MAESTRO ALBERTO MANZI,11
30564179,2024,181548.19,42.0,97.0,N.A.,ISTITUTO DI ISTRUZIONE SUPERIORE MEDARDO ROSSO,10
30564179,2025,526472.06,42.0,97.0,N.A.,ISTITUTO DI ISTRUZIONE SUPERIORE MEDARDO ROSSO,12
30567724,2024,65690.97,27.0,34.0,N.A.,CENTRO PROVINCIALE PER L'ISTRUZIONE DEGLI ADULTI DI PARMA,12
30567724,2025,347810.88,27.0,34.0,N.A.,CENTRO PROVINCIALE PER L'ISTRUZIONE DEGLI ADULTI DI PARMA,12
30569800,2024,127016.53,74.0,58.0,N.A.,ISTITUTO DI ISTRUZIONE SUPERIORE ELIANO - LUZZATTI,11
30569800,2025,282674.83,74.0,58.0,N.A.,ISTITUTO DI ISTRUZIONE SUPERIORE ELIANO - LUZZATTI,12
30570397,2025,87514.17,41.0,29.0,N.A.,CENTRO PROVINCIALE ISTRUZIONE ADULTI DI ROVIGO,9
30571282,2024,234664.52,23.0,114.0,N.A.,"ISTITUTO ISTRUZIONE SUPERIORE """"SEBASTIANO SATTA",12
30571282,2025,442615.97,23.0,114.0,N.A.,"ISTITUTO ISTRUZIONE SUPERIORE """"SEBASTIANO SATTA",12
30571478,2025,185139.4,6.0,25.0,N.A.,CPIA DI BELLUNO,12
30574109,2025,15155.34,49.0,66.0,N.A.,CPIA L'AQUILA,2
30574597,2024,79617.84999999999,8.0,38.0,N.A.,CENTRO PROVINCIALE ISTRUZIONE ADULTI CPIA FERRARA,12
30574597,2025,125007.05,8.0,38.0,N.A.,CENTRO PROVINCIALE ISTRUZIONE ADULTI CPIA FERRARA,12
30574891,2024,33059.9,15.0,61.0,N.A.,ISTITUTO COMPRENSIVO FIERAMOSCA MARTUCCI,7
30574891,2025,100044.55,15.0,61.0,N.A.,ISTITUTO COMPRENSIVO FIERAMOSCA MARTUCCI,11
30585250,2025,343688.92,127.0,12.0,N.A.,LICEO SCIENTIFICO CURIE,7
30585763,2024,12983.619999999999,116.0,24.0,N.A.,CENTRO PROVINCIALE PER L' ISTRUZIONE DEGLI ADULTI DI VICENZA,2
30585763,2025,380668.22,116.0,24.0,N.A.,CENTRO PROVINCIALE PER L' ISTRUZIONE DEGLI ADULTI DI VICENZA,12
30586131,2025,390337.37,99.0,65.0,N.A.,ISTITUTO COMPRENSIVO PICENTIA,10
30586645,2024,23503.04,25.0,10.0,N.A.,CPIA CENTRO PONENTE,12
30586645,2025,257523.05,25.0,10.0,N.A.,CPIA CENTRO PONENTE,12
30587513,2025,238457.36000000002,41.0,63.0,N.A.,ISTITUTO SUPERIORE STATALE CARLO LEVI,10
30587517,2025,551625.8099999999,41.0,63.0,N.A.,ISTITUTO COMPRENSIVO SAN ROCCO - D'AZEGLIO,12
30596857,2024,111730.20999999999,272.0,1.0,N.A.,ISTITUTO COMPRENSIVO TORINO II,9
30596857,2025,342657.05,272.0,1.0,N.A.,ISTITUTO COMPRENSIVO TORINO II,12
30862963,2024,229475.87,45.0,14.0,N.A.,ISTITUTO SUPERIORE SARACENO - ROMEGIALLI DI MORBEGNO,12
30862963,2025,246212.53,45.0,14.0,N.A.,ISTITUTO SUPERIORE SARACENO - ROMEGIALLI DI MORBEGNO,12
30863258,2025,122610.33,11.0,87.0,N.A.,ISTITUTO SUPERIORE SECUSIO,3
30863259,2024,73049.13,11.0,87.0,N.A.,ISTITUTO SUPERIORE MAJORANA - ARCOLEO,5
30863259,2025,516139.24,11.0,87.0,N.A.,ISTITUTO SUPERIORE MAJORANA - ARCOLEO,12
30864837,2024,37501.9,18.0,99.0,N.A.,ISTITUTO STATALE DI ISTRUZIONE SUPERIORE L. EINAUDI - R. MOLARI,4
30864837,2025,592150.67,18.0,99.0,N.A.,ISTITUTO STATALE DI ISTRUZIONE SUPERIORE L. EINAUDI - R. MOLARI,12
30866728,2025,3254.35,12.0,40.0,N.A.,ISTITUTO COMPRENSIVO N. 2 - FORLI',1
30866729,2025,198676.03,12.0,40.0,N.A.,ISTITUTO COMPRENSIVO N. 4 ANNALENA TONELLI,11
30867648,2024,34186.590000000004,236.0,1.0,N.A.,ISTITUTO COMPRENSIVO SAN BENIGNO CANAVESE,11
30867648,2025,140691.33,236.0,1.0,N.A.,ISTITUTO COMPRENSIVO SAN BENIGNO CANAVESE,11
30868339,2025,65378.2,1.0,63.0,N.A.,ISTITUTO COMPRENSIVO 3 DON LORENZO MILANI - CAPASSO,9
30872984,2024,10777.01,78.0,4.0,N.A.,ISTITUTO COMPRENSIVO CUNEO VIA SOBRERO,3
30872984,2025,209545.84,78.0,4.0,N.A.,ISTITUTO COMPRENSIVO CUNEO VIA SOBRERO,12
30873174,2024,112014.12,137.0,79.0,N.A.,"ITT """"MALAFARINA"""" SOVERATO",7
30873174,2025,505916.23000000004,137.0,79.0,N.A.,"ITT """"MALAFARINA"""" SOVERATO",12
30874512,2025,239768.27,272.0,1.0,N.A.,ISTITUTO DI ISTRUZIONE SUPERIORE GOBETTI MARCHESINI CASALE ARDUINO,2
30875816,2025,236353.77,119.0,78.0,N.A.,ISTITUTO DI ISTRUZIONE SUPERIORE LEONARDO DA VINCI,7
30875817,2025,189169.91,119.0,78.0,N.A.,ISTITUTO DI ISTRUZIONE SUPERIORE L. S. - ISA - IPSIA,9
30948286,2024,67648.03,53.0,82.0,N.A.,ISTITUTO DI ISTRUZIONE SUPERIORE EINAUDI - PARETO,4
30948286,2025,480266.08999999997,53.0,82.0,N.A.,ISTITUTO DI ISTRUZIONE SUPERIORE EINAUDI - PARETO,12
31400832,2025,471277.33,12.0,40.0,N.A.,ISTITUTO DI ISTRUZIONE SUPERIORE BARACCA,12
31403933,2025,72877.62,78.0,65.0,N.A.,V ISTITUTO COMPRENSIVO NOCERA INFERIORE,8
31403937,2025,202727.32,78.0,65.0,N.A.,IV ISTITUTO COMPRENSIVO STATALE ILARIA ALPI,10
31405816,2025,240896.8,49.0,63.0,N.A.,ISTITUTO COMPRENSIVO STATALE MADONNA ASSUNTA,9
31405828,2024,94253.68000000001,70.0,63.0,N.A.,POLO LICEALE SALVATORE DI GIACOMO,7
31405828,2025,607894.8,70.0,63.0,N.A.,POLO LICEALE SALVATORE DI GIACOMO,12
31674283,2024,40038.59,24.0,3.0,N.A.,ISTITUTO COMPRENSIVO BORGOMANERO 1,7
31674283,2025,234104.25,24.0,3.0,N.A.,ISTITUTO COMPRENSIVO BORGOMANERO 1,12
31686878,2024,93220.52,66.0,1.0,N.A.,ISTITUTO COMPRENSIVO DI CASTELLAMONTE,11
31686878,2025,254615.26,66.0,1.0,N.A.,ISTITUTO COMPRENSIVO DI CASTELLAMONTE,12
31705874,2024,44160.59,272.0,1.0,N.A.,ISTITUTO COMPRENSIVO C. ALVARO - P. GOBETTI,6
31705874,2025,195345.15,272.0,1.0,N.A.,ISTITUTO COMPRENSIVO C. ALVARO - P. GOBETTI,12
31705877,2025,127687.09999999999,272.0,1.0,N.A.,ISTITUTO COMPRENSIVO STATALE EZIO BOSSO,10
31918689,2024,105317.26,15.0,56.0,N.A.,ISTITUTO DI ISTRUZIONE SUPERIORE ALESSANDRO FARNESE - CAPRAROLA,12
31918689,2025,278328.98,15.0,56.0,N.A.,ISTITUTO DI ISTRUZIONE SUPERIORE ALESSANDRO FARNESE - CAPRAROLA,12
31918690,2025,468785.9,45.0,56.0,N.A.,ISTITUTO DI ISTRUZIONE SUPERIORE A. MEUCCI,8
31920346,2024,11893.279999999999,36.0,72.0,N.A.,LICEO MAJORANA LATERZA,3
31920346,2025,464817.5,36.0,72.0,N.A.,LICEO MAJORANA LATERZA,12
31920808,2024,122419.58,6.0,37.0,N.A.,ISTITUTO ISTRUZIONE SUPERIORE CRESCENZI - PACINOTTI - SIRANI,6
31920808,2025,324102.48,6.0,37.0,N.A.,ISTITUTO ISTRUZIONE SUPERIORE CRESCENZI - PACINOTTI - SIRANI,12
31921422,2024,242894.61000000002,21.0,42.0,N.A.,ISTITUTO DI ISTRUZIONE SUPERIORE MARCONI PIERALISI,12
31921422,2025,535363.83,21.0,42.0,N.A.,ISTITUTO DI ISTRUZIONE SUPERIORE MARCONI PIERALISI,12
31921785,2024,81583.02,60.0,71.0,N.A.,ISTITUTO COMPRENSIVO RODARI - ALIGHIERI - SPALATRO,12
31921785,2025,278198.22000000003,60.0,71.0,N.A.,ISTITUTO COMPRENSIVO RODARI - ALIGHIERI - SPALATRO,12
31923600,2025,352298.8,30.0,20.0,N.A.,ISTITUTO SUPERIORE BONOMI - MAZZOLARI,10
31925969,2024,213728.41999999998,127.0,12.0,N.A.,ISTITUTO TECNICO ECONOMICO EUGENIO MONTALE,12
31925969,2025,279472.45999999996,127.0,12.0,N.A.,ISTITUTO TECNICO ECONOMICO EUGENIO MONTALE,12
31926492,2024,123463.13,24.0,16.0,N.A.,ISTITUTO PROFESSIONALE INDUSTRIA E ARTIGIANO CESARE PESENTI,6
31926492,2025,341348.62,24.0,16.0,N.A.,ISTITUTO PROFESSIONALE INDUSTRIA E ARTIGIANO CESARE PESENTI,12
31927177,2024,283141.66,110.0,18.0,N.A.,ISTITUTO ISTRUZIONE SUPERIORE L. COSSA,6
31927177,2025,631293.34,110.0,18.0,N.A.,ISTITUTO ISTRUZIONE SUPERIORE L. COSSA,12
31928215,2024,126972.51,146.0,15.0,N.A.,ISTITUTO COMPRENSIVO G. B. PERASSO,2
31928215,2025,456447.54,146.0,15.0,N.A.,ISTITUTO COMPRENSIVO G. B. PERASSO,12
31996356,2025,260231.4,50.0,118.0,N.A.,ISTITUTO DI ISTRUZIONE SUPERIORE EINAUDI,9
32441972,2024,68137.21,28.0,38.0,N.A.,ISTITUTO COMPRENSIVO TERRE DEL RENO,12
32441972,2025,229473.91,28.0,38.0,N.A.,ISTITUTO COMPRENSIVO TERRE DEL RENO,12
32442031,2025,304041.68,4.0,67.0,N.A.,ISTITUTO DI ISTRUZIONE SUPERIORE ADONE ZOLI,5
32442525,2024,135327.67,20.0,71.0,N.A.,LICEO ZINGARELLI - SACRO CUORE CERIGNOLA,9
32442525,2025,423084.63,20.0,71.0,N.A.,LICEO ZINGARELLI - SACRO CUORE CERIGNOLA,12
32443588,2024,151489.17,2.0,110.0,N.A.,ISTITUTO TECNICO ECONOMICO E TECNOLOGICO CASSANDRO FERMI NERVI,11
32443588,2025,257875.64,2.0,110.0,N.A.,ISTITUTO TECNICO ECONOMICO E TECNOLOGICO CASSANDRO FERMI NERVI,12
32444846,2024,19608.26,78.0,70.0,N.A.,ISTITUTO COMPRENSIVO M. BRIGIDA - V. CUOCO,11
32444846,2025,336097.55,78.0,70.0,N.A.,ISTITUTO COMPRENSIVO M. BRIGIDA - V. CUOCO,12
32444847,2024,63.43,78.0,70.0,N.A.,ISTITUTO COMPRENSIVO SCHWEITZER,1
32444847,2025,252298.21,78.0,70.0,N.A.,ISTITUTO COMPRENSIVO SCHWEITZER,12
32444848,2024,163962.23,78.0,70.0,N.A.,ISTITUTO COMPRENSIVO ACHILLE PACE- GIOVANNI PAOLO II,11
32444848,2025,229428.3,78.0,70.0,N.A.,ISTITUTO COMPRENSIVO ACHILLE PACE- GIOVANNI PAOLO II,11
32448481,2024,24001.84,287.0,1.0,N.A.,ISTITUTO COMPRENSIVO STATALE VALPERGA,4
32448481,2025,144895.58,287.0,1.0,N.A.,ISTITUTO COMPRENSIVO STATALE VALPERGA,12
32449186,2024,148244.81,31.0,20.0,N.A.,ISTITUTO COMPRENSIVO MARCARIA - SABBIONETA,10
32449186,2025,411815.56,31.0,20.0,N.A.,ISTITUTO COMPRENSIVO MARCARIA - SABBIONETA,11
32449559,2025,166645.69,32.0,66.0,N.A.,ISTITUTO COMPRENSIVO STATALE DI CELANO,6
32454705,2024,72364.8,53.0,82.0,N.A.,ISTITUTO COMPRENSIVO MANERI - INGRASSIA - DON MILANI,6
32454705,2025,377823.31,53.0,82.0,N.A.,ISTITUTO COMPRENSIVO MANERI - INGRASSIA - DON MILANI,12
32929699,2024,35104.159999999996,14.0,34.0,N.A.,ISTITUTO COMPRENSIVO DI FIDENZA,12
32929699,2025,190958.54,14.0,34.0,N.A.,ISTITUTO COMPRENSIVO DI FIDENZA,12
32930940,2024,170633.62,44.0,41.0,N.A.,"ISTITUTO PROFESSIONALE PER I SERVIZI ALBERGHIERI E DELLA RISTORAZIONE """"S.MARTA",5
32930940,2025,575823.93,44.0,41.0,N.A.,"ISTITUTO PROFESSIONALE PER I SERVIZI ALBERGHIERI E DELLA RISTORAZIONE """"S.MARTA",12
32932266,2025,183870.01,2.0,63.0,N.A.,ISTITUTO SUPERIORE CARLO ALBERTO DALLA CHIESA,4
32932531,2025,35628.91,49.0,66.0,N.A.,ISTITUTO COMPRENSIVO GIUSEPPE MAZZINI,3
32932534,2025,45236.04,49.0,66.0,N.A.,ISTITUTO COMPRENSIVO T. PATINI,3
32932592,2025,48084.659999999996,22.0,61.0,N.A.,ISTITUTO COMPRENSIVO P. GIANNONE - E. DE AMICIS,1
32932593,2024,49712.96,22.0,61.0,N.A.,ISTITUTO COMPRENSIVO L. DA VINCI - LORENZINI,8
32932593,2025,386808.72,22.0,61.0,N.A.,ISTITUTO COMPRENSIVO L. DA VINCI - LORENZINI,12
32934013,2025,1219.1,116.0,65.0,N.A.,ISTITUTO COMPRENSIVO MEDAGLIE D'ORO,1
32991390,2024,82004.37,25.0,22.0,N.A.,ISTITUTO COMPRENSIVO DI BRENTONICO,12
32991390,2025,228197.49,25.0,22.0,N.A.,ISTITUTO COMPRENSIVO DI BRENTONICO,12
32991391,2024,208159.74,104.0,22.0,N.A.,ISTITUTO DI FORMAZIONE PROFESSIONALE ALBERGHIERO DI LEVICO TERME,12
32991391,2025,700793.78,104.0,22.0,N.A.,ISTITUTO DI FORMAZIONE PROFESSIONALE ALBERGHIERO DI LEVICO TERME,12
33457456,2024,209972.99,61.0,14.0,N.A.,POLO LICEALE CITTA DI SONDRIO,11
33457456,2025,376245.48000000004,61.0,14.0,N.A.,POLO LICEALE CITTA DI SONDRIO,12
33462250,2024,368331.58,49.0,63.0,N.A.,ISTITUTO SUPERIORE DI ISTRUZIONE SECONDARIA ENRICO CARUSO,12
33462250,2025,733527.28,49.0,63.0,N.A.,ISTITUTO SUPERIORE DI ISTRUZIONE SECONDARIA ENRICO CARUSO,12
33464245,2025,106994.92,48.0,83.0,N.A.,ISTITUTO DI ISTRUZIONE SUPERIORE JACI - DUILIO,2
34016739,2024,32163.46,5.0,100.0,N.A.,ISTITUTO DI ISTRUZIONE SUPERIORE PAOLO DAGOMARI,4
34016739,2025,575943.93,5.0,100.0,N.A.,ISTITUTO DI ISTRUZIONE SUPERIORE PAOLO DAGOMARI,12
34019308,2025,458133.94,35.0,75.0,N.A.,LICEO VIRGILIO - REDI,10
34019898,2025,83877.96,6.0,72.0,N.A.,ISTITUTO COMPRENSIVO STATALE MICHELANGELO,9
34024783,2024,30168.22,53.0,82.0,N.A.,ISTITUTO COMPRENSIVO SAURO FRANCHETTI,7
34024783,2025,221065.73,53.0,82.0,N.A.,ISTITUTO COMPRENSIVO SAURO FRANCHETTI,12
34523356,2024,66039.35,12.0,49.0,N.A.,ISTITUTO COMPRENSIVO 1,6
34523356,2025,213776.51,12.0,49.0,N.A.,ISTITUTO COMPRENSIVO 1,12
34525406,2025,346105.83,66.0,44.0,N.A.,ISTITUTO DI ISTRUZIONE SUPERIORE F. BUSCEMI,10
34527546,2025,908116.5,50.0,63.0,N.A.,ISTITUTO SUPERIORE A. MASULLO - C. THETI,10
34528646,2024,12687.15,27.0,34.0,N.A.,ISTITUTO TECNICO TECNOLOGICO CAMILLO RONDANI,4
34528646,2025,272232.83,27.0,34.0,N.A.,ISTITUTO TECNICO TECNOLOGICO CAMILLO RONDANI,12
34597700,2024,103454.41,6.0,82.0,N.A.,ISTITUTO ISTRUZIONE SUPERIORE DON LUIGI STURZO,5
34597700,2025,490902.73,6.0,82.0,N.A.,ISTITUTO ISTRUZIONE SUPERIORE DON LUIGI STURZO,12
35031010,2025,190208.88999999998,1.0,29.0,N.A.,ISTITUTO DI ISTRUZIONE SUPERIORE CIPRIANI - COLOMBO,6
35031598,2025,36820.34,32.0,37.0,N.A.,ISTITUTO DI ISTRUZIONE SUPERIORE AGRARIO E CHIMICO G. SCARABELLI - L. GHINI,2
35033856,2024,165.44,41.0,72.0,N.A.,ISTITUTO COMPRENSIVO STATALE HERO PARADISO - SAN GIOVANNI BOSCO,2
35033856,2025,194431.51,41.0,72.0,N.A.,ISTITUTO COMPRENSIVO STATALE HERO PARADISO - SAN GIOVANNI BOSCO,12
35034189,2025,418246.82,14.0,99.0,N.A.,LICEO LINGUISTICO ED ECONOMICO SOCIALE GIULIETTA MASINA,12
35034749,2024,49557.93,160.0,79.0,N.A.,POLO LICEALE T. CAMPANELLA - FIORENTINO,2
35034749,2025,760843.96,160.0,79.0,N.A.,POLO LICEALE T. CAMPANELLA - FIORENTINO,12
35034776,2025,84824.63,15.0,69.0,N.A.,ISTITUTO COMPRENSIVO P. S. ZIMARINO,2
35035058,2024,13381.47,68.0,63.0,N.A.,ISTITUTO COMPRENSIVO AMMENDOLA - DE AMICIS,3
35035058,2025,290141.13,68.0,63.0,N.A.,ISTITUTO COMPRENSIVO AMMENDOLA - DE AMICIS,11
35035060,2025,260375.93,43.0,63.0,N.A.,ISTITUTO COMPRENSIVO G. SIANI - ALIGHIERI,8
35035166,2025,145052.66,16.0,85.0,N.A.,ISTITUTO COMPRENSIVO STATALE G. BALSAMO,10
35035301,2025,75685.04,5.0,5.0,N.A.,ISTITUTO COMPRENSIVO 4 DI ASTI,3
35037480,2024,3373.55,35.0,75.0,N.A.,ISTITUTO COMPRENSIVO QUINTO ENNIO - C. BATTISTI,1
35037480,2025,135109.25,35.0,75.0,N.A.,ISTITUTO COMPRENSIVO QUINTO ENNIO - C. BATTISTI,12
35038662,2025,394155.60000000003,51.0,26.0,N.A.,ISTITUTO STATALE DI ISTRUZIONE SUPERIORE SANSOVINO - OBICI,8
35039158,2025,138895.11,52.0,61.0,N.A.,ISTITUTO COMPRENSIVO STATALE DI MONDRAGONE 2,11
35040209,2024,70.0,60.0,63.0,N.A.,ISTITUTO COMPRENSIVO 1 G. MARCONI - DIANO,1
35040209,2025,148953.83,60.0,63.0,N.A.,ISTITUTO COMPRENSIVO 1 G. MARCONI - DIANO,12
35040416,2025,189156.47,63.0,76.0,N.A.,ISTITUTO DI ISTRUZIONE SUPERIORE DI PASCA - FORTUNATO,5
35041277,2024,25586.76,23.0,79.0,N.A.,POLO LICEALE L. SICILIANI - GIOVANNA DE NOBILI,3
35041277,2025,494952.26,23.0,79.0,N.A.,POLO LICEALE L. SICILIANI - GIOVANNA DE NOBILI,11
35041422,2024,46.38,79.0,82.0,N.A.,ISTITUTO COMPRENSIVO VILLABATE 1,1
35041422,2025,147742.09,79.0,82.0,N.A.,ISTITUTO COMPRENSIVO VILLABATE 1,12
35041425,2025,239348.11,53.0,82.0,N.A.,ISTITUTO COMPRENSIVO STATALE BORGESE - PARTANNA MONDELLO,9
35102623,2025,210005.67,14.0,101.0,N.A.,ISTITUTO COMPRENSIVO MELISSA - CRUCOLI TORRETTA,8
35748184,2025,4224.33,3.0,99.0,N.A.,ISTITUTO COMPRENSIVO COMUNE DI CORIANO,1
35753009,2025,3537.3,52.0,61.0,N.A.,ISTITUTO STATALE DI ISTRUZIONE SUPERIORE GALILEI,1
000041456,2024,188318.94999999998,,,,,2
000041456,2025,613266.59,,,,,12
000041456,2026,417896.09,,,,,4
000096977,2024,95308.84,,,,,3
000096977,2025,259942.25,,,,,12
000096977,2026,342076.09,,,,,4
000110953,2025,108207.88,,,,,3
000110953,2026,468464.21,,,,,4
000700107,2025,154642.18,,,,,8
000700107,2026,204499.66,,,,,4
000702169,2025,269432.83999999997,,,,,9
000702169,2026,204492.31,,,,,4
000702315,2024,378402.94,,,,,8
000702315,2025,413811.37,,,,,12
000702315,2026,336808.35,,,,,4
000702480,2024,63818.08,,,,,2
000702480,2025,566906.38,,,,,12
000702480,2026,245525.46,,,,,4
000705392,2026,18459.2,,,,,1
000706408,2024,380210.49,,,,,6
000706408,2025,345003.22000000003,,,,,12
000706408,2026,251780.4,,,,,4
000706971,2024,307821.83999999997,,,,,9
000706971,2025,172925.35,,,,,12
000706971,2026,219593.81,,,,,4
000707695,2024,151871.92,,,,,1
000707695,2025,439565.6,,,,,12
000707695,2026,383912.51,,,,,4
000707932,2025,138549.46,,,,,4
000707932,2026,248626.17,,,,,4
000709187,2026,224532.76,,,,,4
000709369,2020,340239.91,,,,,6
000709369,2021,647409.95,,,,,12
000709369,2022,794801.43,,,,,12
000709369,2023,1158699.65,,,,,12
000709369,2024,698646.15,,,,,12
000709369,2025,720078.4,,,,,12
000709369,2026,517315.96,,,,,4
000709420,2024,822017.19,,,,,11
000709420,2025,789693.56,,,,,12
000709420,2026,448535.08,,,,,4
000711168,2025,76987.68,,,,,10
000711168,2026,79323.39,,,,,4
000711482,2025,478554.12,,,,,11
000711482,2026,296876.68,,,,,4
000712216,2024,359075.78,,,,,6
000712216,2025,522813.18,,,,,12
000712216,2026,294712.43,,,,,4
000712975,2026,205384.37999999998,,,,,2
000713119,2024,226460.28,,,,,3
000713119,2025,468274.02,,,,,12
000713119,2026,556949.63,,,,,4
000713200,2025,220616.47,,,,,8
000713200,2026,335676.36,,,,,4
000715634,2024,40080.41,,,,,3
000715634,2025,305041.83,,,,,12
000715634,2026,160572.26,,,,,4
000716685,2026,28393.170000000002,,,,,1
000717661,2020,405322.19,,,,,6
000717661,2021,540316.19,,,,,12
000717661,2022,625353.54,,,,,12
000717661,2023,959686.66,,,,,12
000717661,2024,736155.21,,,,,12
000717661,2025,353877.01,,,,,12
000717661,2026,394277.46,,,,,4
000717731,2025,341092.58,,,,,11
000717731,2026,262085.2,,,,,4
000718138,2023,435020.86000000004,,,,,7
000718138,2024,342580.72,,,,,12
000718138,2025,234066.54,,,,,12
000718138,2026,262917.09,,,,,4
000718905,2026,103728.98,,,,,2
000719730,2023,525296.33,,,,,2
000719730,2024,1747158.87,,,,,12
000719730,2025,564472.0700000001,,,,,12
000719730,2026,504632.16000000003,,,,,4
000720822,2023,492080.54,,,,,2
000720822,2024,398819.94,,,,,12
000720822,2025,581199.11,,,,,12
000720822,2026,110090.73,,,,,4
000722345,2025,426984.39,,,,,11
000722345,2026,396891.25,,,,,4
000724236,2024,238681.2,,,,,7
000724236,2025,268357.68,,,,,12
000724236,2026,202966.98,,,,,4
000724348,2025,79450.68,,,,,1
000724348,2026,674024.13,,,,,4
000725065,2025,68864.06,,,,,10
000725065,2026,143828.00999999998,,,,,4
000725207,2026,65613.92,,,,,3
000728541,2025,129367.01,,,,,11
000728541,2026,340624.61,,,,,4
000728573,2026,8228.64,,,,,1
000736186,2026,302578.77,,,,,3
000743927,2023,1100364.21,,,,,10
000743927,2024,445631.45,,,,,11
000743927,2025,373569.89,,,,,11
000743927,2026,345102.26,,,,,4
000750424,2026,131316.83000000002,,,,,3
006883152,2026,168461.22999999998,,,,,4
007504350,2024,266147.08,,,,,10
007504350,2025,96267.53,,,,,12
007504350,2026,159708.48,,,,,4
007504551,2025,72918.28,,,,,7
007504551,2026,149112.93,,,,,4
007504628,2025,37639.7,,,,,3
007504628,2026,301629.08,,,,,4
007504629,2026,2286.0,,,,,1
007504668,2025,78726.19,,,,,9
007504681,2026,45828.01,,,,,2
007504745,2025,15469.08,,,,,2
007504745,2026,150973.57,,,,,4
007504781,2024,133162.41,,,,,3
007504781,2025,354980.45,,,,,12
007504781,2026,205337.43000000002,,,,,4
007504860,2024,279619.49,,,,,6
007504860,2025,795933.72,,,,,12
007504860,2026,455361.43,,,,,4
007504893,2024,20134.629999999997,,,,,2
007504893,2025,74167.94,,,,,12
007504893,2026,91047.22,,,,,4
007505122,2025,92947.5,,,,,10
007505122,2026,61399.64,,,,,4
007505323,2024,42778.39,,,,,7
007505323,2025,98541.40000000001,,,,,12
007505323,2026,73103.45,,,,,4
007505401,2025,94091.73,,,,,9
007505401,2026,79667.87,,,,,4
007505608,2024,133346.57,,,,,3
007505608,2025,47337.47,,,,,12
007505608,2026,228908.57,,,,,4
007505677,2025,4774.81,,,,,1
007505677,2026,299172.79,,,,,4
007506102,2024,416329.81,,,,,9
007506102,2025,377969.0,,,,,12
007506102,2026,325461.43,,,,,4
007506143,2026,16730.45,,,,,2
007506178,2026,147851.47,,,,,4
007506339,2023,187472.06,,,,,7
007506339,2024,369217.98,,,,,11
007506339,2025,225649.05000000002,,,,,11
007506339,2026,142857.74,,,,,4
007506446,2025,230324.91,,,,,12
007506446,2026,339406.49,,,,,4
007506558,2025,7399.99,,,,,2
007506558,2026,119914.04999999999,,,,,4
007506572,2024,113602.42,,,,,4
007506572,2025,292386.38,,,,,12
007506572,2026,111075.09,,,,,4
007506652,2024,466353.22,,,,,10
007506652,2025,238790.44,,,,,12
007506652,2026,226729.93,,,,,4
007506746,2024,335634.44,,,,,7
007506746,2025,278159.52999999997,,,,,12
007506746,2026,499601.06,,,,,4
007506863,2026,210521.13,,,,,4
007506951,2025,66714.68,,,,,6
007506951,2026,174077.72,,,,,4
007506999,2026,135822.49,,,,,3
007507052,2024,20319.77,,,,,2
007507052,2025,55248.659999999996,,,,,11
007507052,2026,49461.619999999995,,,,,4
007507228,2025,1.0,,,,,1
007507228,2026,166348.91,,,,,4
007507255,2025,18448.42,,,,,7
007507255,2026,110378.83,,,,,4
007507303,2023,232344.0,,,,,12
007507303,2024,386087.54,,,,,12
007507303,2025,137610.53,,,,,12
007507303,2026,164551.77,,,,,4
007507392,2024,35889.31,,,,,10
007507392,2025,93004.67,,,,,12
007507392,2026,41002.69,,,,,4
007507448,2025,32428.499999999996,,,,,3
007507448,2026,131563.91999999998,,,,,4
007507526,2025,52327.35,,,,,9
007507526,2026,180351.58000000002,,,,,4
007507587,2024,108570.75,,,,,7
007507587,2025,171264.88999999998,,,,,12
007507587,2026,116147.23,,,,,4
007507765,2025,145134.66,,,,,8
007507765,2026,290842.45,,,,,4
007507841,2023,492399.02999999997,,,,,7
007507841,2024,334037.56,,,,,12
007507841,2025,143669.05,,,,,10
007507841,2026,332096.46,,,,,4
007508018,2025,630.0,,,,,1
007508018,2026,210564.74,,,,,4
007508223,2025,13992.300000000001,,,,,7
007508223,2026,60832.57000000001,,,,,4
007508277,2025,61411.12,,,,,10
007508277,2026,58743.95,,,,,4
007508305,2025,21759.53,,,,,7
007508305,2026,24886.620000000003,,,,,4
007508392,2025,35507.08,,,,,3
007508392,2026,45270.81,,,,,4
007508560,2024,78159.14,,,,,6
007508560,2025,128202.54,,,,,12
007508560,2026,203368.72,,,,,4
007508732,2024,290303.33,,,,,12
007508732,2025,86185.63,,,,,12
007508732,2026,108523.68,,,,,4
007508819,2025,511681.07,,,,,11
007508819,2026,162432.03999999998,,,,,4
007508843,2026,50808.74,,,,,2
007508930,2026,34495.509999999995,,,,,2
007508956,2025,21664.21,,,,,9
007508956,2026,18522.32,,,,,4
007508993,2024,46205.32,,,,,6
007508993,2025,76192.51,,,,,12
007508993,2026,315868.82,,,,,4
007509334,2026,4018.76,,,,,1
007509427,2025,1273.98,,,,,1
007509427,2026,57700.14,,,,,4
007509467,2026,104924.73,,,,,4
007509523,2024,58623.81,,,,,3
007509523,2025,427732.39,,,,,12
007509523,2026,253411.57,,,,,4
007509686,2024,44235.85,,,,,6
007509686,2025,75051.20999999999,,,,,12
007509686,2026,46696.68,,,,,4
007509729,2026,63309.03999999999,,,,,2
007509777,2026,14744.01,,,,,1
007509978,2026,11802.0,,,,,2
007510477,2025,204531.99,,,,,9
007510477,2026,272983.68,,,,,4
007510691,2025,214952.56,,,,,9
007510691,2026,169442.96,,,,,4
007510902,2024,149182.62,,,,,8
007510902,2025,107965.96,,,,,12
007510902,2026,37242.46,,,,,4
007510914,2024,58500.42,,,,,6
007510914,2025,43416.270000000004,,,,,12
007510914,2026,98577.67,,,,,4
007511104,2026,112024.59999999999,,,,,2
007511241,2026,193375.61,,,,,2
007511248,2026,90604.39,,,,,4
007511282,2024,42718.53,,,,,8
007511282,2025,81783.69,,,,,12
007511282,2026,43239.88,,,,,4
007511387,2023,72568.01000000001,,,,,2
007511387,2024,182915.57,,,,,12
007511387,2025,72951.82,,,,,12
007511387,2026,95461.83,,,,,4
007511408,2026,64070.83,,,,,3
007511468,2025,80262.21,,,,,8
007511468,2026,146037.93,,,,,4
007511560,2026,161877.80000000002,,,,,4
007511820,2023,867459.92,,,,,10
007511820,2024,767328.24,,,,,12
007511820,2025,559263.58,,,,,12
007511820,2026,414909.52999999997,,,,,4
007512037,2025,107408.29,,,,,11
007512037,2026,70268.17,,,,,4
007512060,2025,204642.66,,,,,12
007512060,2026,247133.56,,,,,4
007512340,2024,22499.21,,,,,2
007512340,2025,329915.14,,,,,12
007512340,2026,126911.92000000001,,,,,4
007512374,2023,22841.98,,,,,2
007512374,2024,222312.83,,,,,12
007512374,2025,129170.63,,,,,12
007512374,2026,76612.32,,,,,4
007512416,2025,152598.69,,,,,5
007512416,2026,645653.25,,,,,4
007512529,2024,204632.96,,,,,6
007512529,2025,278203.53,,,,,12
007512529,2026,341265.45999999996,,,,,4
007512552,2024,64196.56,,,,,6
007512722,2023,495994.44,,,,,6
007512722,2024,659079.21,,,,,12
007512722,2025,408746.73,,,,,12
007512722,2026,368145.7,,,,,4
007512843,2022,281023.01,,,,,5
007512843,2023,517730.01,,,,,12
007512843,2024,360826.48,,,,,12
007512843,2025,343761.38,,,,,12
007512843,2026,267019.21,,,,,4
007512957,2024,66957.12,,,,,9
007512957,2025,100302.99,,,,,12
007512957,2026,47529.63,,,,,4
007512980,2025,17060.91,,,,,1
007512980,2026,745494.51,,,,,4
007513009,2025,118885.4,,,,,11
007513009,2026,229525.53,,,,,4
007513110,2026,12163.42,,,,,1
007513111,2023,341109.13,,,,,12
007513111,2024,140097.28,,,,,12
007513111,2025,129993.44,,,,,12
007513111,2026,60343.1,,,,,4
007513121,2023,287807.97,,,,,10
007513121,2024,113761.64,,,,,12
007513121,2025,107791.49,,,,,12
007513121,2026,82577.38,,,,,4
007513128,2026,29629.81,,,,,2
007513187,2025,149702.68,,,,,12
007513187,2026,308567.31,,,,,4
007513284,2024,60752.54,,,,,3
007513284,2025,138431.39,,,,,12
007513284,2026,64177.34,,,,,4
007513302,2025,150463.59,,,,,11
007513302,2026,48631.62,,,,,4
007513374,2024,30121.940000000002,,,,,2
007513374,2025,245873.33,,,,,12
007513374,2026,76787.1,,,,,4
007513451,2025,135273.48,,,,,3
007513451,2026,379756.67,,,,,4
007513498,2024,37429.159999999996,,,,,1
007513498,2025,287503.66000000003,,,,,12
007513498,2026,363401.52,,,,,4
007513502,2025,46643.88,,,,,2
007513502,2026,69747.49,,,,,4
007513601,2025,8968.01,,,,,2
007513601,2026,346935.02,,,,,4
007513620,2025,57143.45,,,,,2
007513620,2026,83948.7,,,,,4
007513634,2026,40709.54,,,,,1
007513676,2025,155574.0,,,,,9
007513676,2026,282906.12,,,,,4
007513678,2024,32405.87,,,,,11
007513678,2025,41240.31,,,,,12
007513678,2026,37460.74,,,,,4
007513699,2024,235024.98,,,,,7
007513699,2025,120482.52,,,,,11
007513699,2026,237386.64,,,,,4
007513841,2024,127668.41,,,,,2
007513841,2025,325891.85,,,,,12
007513841,2026,329127.48,,,,,4
007513882,2024,75706.18,,,,,6
007513882,2025,100653.53,,,,,12
007513882,2026,188114.85,,,,,4
007514065,2024,17126.22,,,,,3
007514065,2025,132045.75,,,,,12
007514083,2023,127272.78,,,,,6
007514083,2024,304012.62,,,,,12
007514083,2025,111825.22,,,,,12
007514083,2026,93745.39,,,,,4
007514289,2026,73262.47,,,,,2
007514302,2025,50799.39,,,,,8
007514302,2026,102339.37,,,,,4
007514327,2024,164720.75,,,,,10
007514327,2025,321046.37,,,,,12
007514327,2026,76689.11,,,,,4
007514328,2025,142425.4,,,,,6
007514328,2026,513000.97000000003,,,,,4
007514343,2024,347160.26,,,,,9
007514343,2025,277046.01,,,,,12
007514343,2026,203082.06,,,,,4
007514353,2020,494556.34,,,,,6
007514353,2021,1045049.41,,,,,12
007514353,2022,1106156.63,,,,,12
007514353,2023,1618220.77,,,,,12
007514353,2024,1085726.99,,,,,12
007514353,2025,622213.46,,,,,12
007514353,2026,521441.06,,,,,4
007514380,2024,37898.54,,,,,3
007514380,2025,276397.48,,,,,12
007514391,2025,184272.88,,,,,12
007514391,2026,309090.91,,,,,4
007514403,2026,25989.379999999997,,,,,2
007514527,2025,16567.08,,,,,2
007514527,2026,43353.85,,,,,4
007514538,2024,598972.96,,,,,11
007514538,2025,218780.46,,,,,12
007514538,2026,385089.18,,,,,4
007514598,2020,368142.18,,,,,6
007514598,2021,740702.7,,,,,12
007514598,2022,905638.27,,,,,12
007514598,2023,1076325.07,,,,,12
007514598,2024,715940.65,,,,,12
007514598,2025,291233.38,,,,,12
007514598,2026,362480.7,,,,,4
007514716,2024,110.0,,,,,1
007514716,2025,103410.54,,,,,12
007514986,2024,34400.52,,,,,3
007514986,2025,67656.25,,,,,12
007514986,2026,146514.58,,,,,4
007515004,2024,11436.539999999999,,,,,3
007515004,2025,35699.200000000004,,,,,10
007515004,2026,38858.33,,,,,4
007515016,2026,58263.58,,,,,2
007515027,2023,136787.69,,,,,5
007515027,2024,263432.83,,,,,12
007515027,2025,159726.27,,,,,12
007515027,2026,116941.2,,,,,4
007515085,2025,64643.869999999995,,,,,10
007515085,2026,89955.97,,,,,4
007515093,2025,43166.83,,,,,2
007515093,2026,99398.3,,,,,4
007515102,2024,233404.38,,,,,12
007515102,2025,92486.92,,,,,12
007515102,2026,211720.04,,,,,4
007515178,2023,218404.5,,,,,3
007515178,2024,654926.17,,,,,12
007515178,2025,253615.81,,,,,12
007515178,2026,255267.18,,,,,4
007515270,2023,2210.0,,,,,1
007515270,2024,246229.68,,,,,12
007515270,2025,122989.06,,,,,12
007515270,2026,24927.73,,,,,4
007515274,2024,44346.9,,,,,3
007515274,2025,353866.56,,,,,12
007515274,2026,295216.67000000004,,,,,4
007515314,2026,40591.33,,,,,3
007515438,2023,141777.06,,,,,5
007515438,2024,317623.85,,,,,12
007515438,2025,150158.61000000002,,,,,12
007515438,2026,96754.37,,,,,4
007515474,2024,58810.119999999995,,,,,5
007515474,2025,141789.56,,,,,12
007515474,2026,88669.36,,,,,4
007515487,2026,59208.85,,,,,2
007515513,2025,51429.0,,,,,3
007515513,2026,132632.05,,,,,4
007515540,2024,105678.38,,,,,10
007515540,2025,118289.56999999999,,,,,12
007515540,2026,73488.76,,,,,4
007515603,2025,27801.91,,,,,3
007515603,2026,257088.61,,,,,4
007515661,2026,258441.82,,,,,2
007515672,2024,60455.1,,,,,3
007515672,2025,63428.02,,,,,12
007515672,2026,164118.16,,,,,4
007515698,2025,322522.94999999995,,,,,12
007515698,2026,327897.27,,,,,4
007515726,2025,66809.46,,,,,6
007515726,2026,106087.88,,,,,4
007515730,2023,107959.78,,,,,8
007515730,2024,190065.04,,,,,12
007515730,2025,55496.83,,,,,12
007515730,2026,103959.98,,,,,4
007515784,2024,28783.76,,,,,3
007515784,2025,125370.82,,,,,12
007515784,2026,82082.77,,,,,4
007515794,2025,69632.56,,,,,8
007515794,2026,39784.04,,,,,4
007515879,2023,76427.7,,,,,3
007515879,2024,153951.41,,,,,12
007515879,2025,27653.899999999998,,,,,11
007515879,2026,90725.63,,,,,4
007515889,2025,32149.85,,,,,9
007515889,2026,82345.42,,,,,4
007515915,2025,3937.5299999999997,,,,,3
007515915,2026,118107.54,,,,,4
007516034,2024,69626.77,,,,,6
007516034,2025,124733.96,,,,,12
007516034,2026,53172.68,,,,,4
007516071,2025,74856.76,,,,,11
007516071,2026,32915.0,,,,,4
007516080,2025,25602.63,,,,,2
007516080,2026,56623.75,,,,,4
007516116,2025,103389.42,,,,,10
007516116,2026,108946.62,,,,,4
007516135,2024,91150.16,,,,,6
007516135,2025,128613.6,,,,,12
007516135,2026,30882.98,,,,,4
007516188,2026,51306.17,,,,,3
007516207,2025,4947.099999999999,,,,,1
007516207,2026,124430.31,,,,,4
007516222,2026,12763.59,,,,,1
007516223,2024,151261.78,,,,,9
007516223,2025,77314.68,,,,,11
007516223,2026,69978.1,,,,,4
007516245,2024,95655.27,,,,,9
007516245,2025,32845.28,,,,,12
007516245,2026,112796.91,,,,,4
007516264,2026,49531.63,,,,,3
007516294,2024,10422.869999999999,,,,,2
007516294,2025,175441.91999999998,,,,,12
007516294,2026,96188.72,,,,,4
007516363,2026,13440.61,,,,,1
007516465,2025,30144.12,,,,,7
007516465,2026,300417.18,,,,,4
007516477,2025,247425.09,,,,,6
007516477,2026,138350.76,,,,,4
007516493,2024,17889.12,,,,,3
007516493,2025,224681.86,,,,,12
007516493,2026,145585.62,,,,,4
007516506,2024,633551.05,,,,,12
007516506,2025,275142.64,,,,,11
007516506,2026,493109.87,,,,,4
007516511,2025,117355.72,,,,,10
007516511,2026,310144.57,,,,,4
007516522,2024,41595.69,,,,,7
007516522,2025,106911.31,,,,,12
007516522,2026,66047.61,,,,,4
007516547,2024,41932.72,,,,,9
007516547,2025,86342.05,,,,,12
007516547,2026,71169.5,,,,,4
007516557,2023,208518.87,,,,,12
007516557,2024,140794.11,,,,,10
007516557,2025,51266.06,,,,,11
007516557,2026,35027.09,,,,,4
007516561,2024,21941.49,,,,,3
007516561,2025,7299.04,,,,,12
007516561,2026,56040.78,,,,,3
007516564,2024,12981.96,,,,,2
007516564,2025,101138.07,,,,,12
007516564,2026,145800.94,,,,,4
007516578,2023,60748.52,,,,,3
007516578,2024,165186.46,,,,,12
007516578,2025,111562.21,,,,,11
007516578,2026,87696.9,,,,,4
007516619,2024,6028.72,,,,,1
007516619,2025,54726.16,,,,,11
007516619,2026,54395.11,,,,,4
007516671,2025,38619.41,,,,,3
007516671,2026,103422.73000000001,,,,,4
007516746,2024,238738.28,,,,,12
007516746,2025,76678.7,,,,,11
007516746,2026,88405.42,,,,,4
007516750,2024,12446.77,,,,,4
007516750,2025,91972.09,,,,,12
007516750,2026,48008.47,,,,,4
007516757,2024,166348.98,,,,,10
007516757,2025,99404.56,,,,,12
007516757,2026,23501.83,,,,,4
007516771,2025,79868.56999999999,,,,,3
007516771,2026,299573.96,,,,,4
007516840,2025,53703.72,,,,,6
007516840,2026,134138.52,,,,,4
007516846,2024,135872.75,,,,,10
007516846,2025,141322.25,,,,,12
007516846,2026,87792.77,,,,,4
007516858,2024,233227.01,,,,,6
007516858,2025,147531.4,,,,,12
007516858,2026,125319.62,,,,,4
007516978,2024,312641.75,,,,,9
007516978,2025,43655.01,,,,,12
007516978,2026,200930.21,,,,,4
007517073,2026,32917.409999999996,,,,,3
007517084,2024,135672.5,,,,,10
007517084,2025,188667.45,,,,,12
007517084,2026,37499.01,,,,,3
007517104,2024,15470.470000000001,,,,,2
007517104,2025,368962.86,,,,,12
007517104,2026,217255.56,,,,,4
007517300,2024,64667.34,,,,,6
007517300,2025,52983.35,,,,,12
007517300,2026,55394.0,,,,,4
007517371,2026,40441.8,,,,,2
007517387,2023,162985.93,,,,,7
007517387,2024,139996.17,,,,,11
007517387,2025,92682.93,,,,,11
007517387,2026,74919.20999999999,,,,,3
007517409,2024,16728.67,,,,,2
007517409,2025,129926.26000000001,,,,,12
007517409,2026,40646.46,,,,,4
007517472,2023,86951.49,,,,,8
007517472,2024,163903.05,,,,,12
007517472,2025,84965.69,,,,,12
007517472,2026,73949.68,,,,,4
007517502,2025,75584.23,,,,,9
007517502,2026,113460.23,,,,,4
007517550,2026,114757.78,,,,,2
007517728,2025,32691.98,,,,,1
007517728,2026,325567.21,,,,,4
007517755,2025,547457.6699999999,,,,,9
007517755,2026,280994.8,,,,,4
007517756,2026,22453.100000000002,,,,,1
007517883,2024,48062.06,,,,,7
007517883,2025,35349.2,,,,,12
007517883,2026,113644.81000000001,,,,,4
007517903,2026,2550.6499999999996,,,,,2
007517917,2025,42297.04,,,,,8
007517917,2026,207321.9,,,,,3
007517975,2024,104146.15,,,,,10
007517975,2025,83983.27,,,,,12
007517975,2026,91621.09,,,,,4
007518027,2025,380655.32,,,,,10
007518027,2026,350982.83,,,,,4
007518031,2026,7396.36,,,,,1
007518041,2026,56052.53,,,,,2
007518072,2024,136602.26,,,,,6
007518072,2025,203499.93,,,,,12
007518072,2026,47247.3,,,,,4
007518277,2023,13533.32,,,,,1
007518277,2024,130911.35,,,,,12
007518277,2025,80328.97,,,,,11
007518277,2026,29581.05,,,,,4
007518288,2026,29967.760000000002,,,,,2
007518320,2023,116521.18999999999,,,,,6
007518320,2024,152614.69,,,,,12
007518320,2025,104819.17,,,,,11
007518320,2026,58268.7,,,,,4
007518453,2025,29739.219999999998,,,,,2
007518453,2026,266777.09,,,,,4
007518512,2025,224636.95,,,,,9
007518512,2026,171591.86000000002,,,,,4
007518637,2023,7773.47,,,,,1
007518637,2024,197594.5,,,,,12
007518637,2025,102566.71,,,,,12
007518637,2026,59500.75,,,,,4
007518670,2024,35735.5,,,,,3
007518670,2025,60202.350000000006,,,,,12
007518670,2026,162370.36,,,,,4
007518881,2023,1548.52,,,,,1
007518881,2024,217225.33000000002,,,,,12
007518881,2025,160123.43,,,,,12
007518881,2026,98781.42,,,,,4
007518953,2023,36067.05,,,,,2
007518953,2024,201867.34,,,,,12
007518953,2025,119641.6,,,,,12
007518953,2026,52094.43,,,,,4
007518996,2025,39427.03,,,,,2
007518996,2026,127150.56999999999,,,,,4
007519018,2024,227113.48,,,,,5
007519018,2025,203730.71,,,,,11
007519018,2026,299078.0,,,,,4
007519128,2025,24951.65,,,,,2
007519128,2026,83730.8,,,,,4
007519359,2025,107506.88,,,,,9
007519359,2026,332937.84,,,,,4
007519509,2025,53676.91,,,,,7
007519509,2026,29258.56,,,,,3
007519603,2025,10154.64,,,,,5
007519603,2026,56508.65,,,,,4
007519676,2024,60936.65,,,,,10
007519676,2025,53158.7,,,,,12
007519676,2026,54950.65,,,,,4
007519761,2025,314461.18,,,,,10
007519761,2026,223873.35,,,,,4
007519771,2026,15144.52,,,,,1
007519813,2023,41630.3,,,,,2
007519813,2024,225387.15,,,,,12
007519813,2025,76001.1,,,,,12
007519813,2026,68516.61,,,,,4
007519815,2022,126543.96,,,,,5
007519815,2023,186311.9,,,,,12
007519815,2024,182184.45,,,,,11
007519815,2025,34663.34,,,,,12
007519815,2026,44435.71,,,,,4
007519937,2025,114726.47,,,,,9
007519937,2026,174585.46,,,,,4
007520079,2024,397269.14,,,,,11
007520079,2025,169674.11,,,,,12
007520079,2026,106545.22,,,,,4
007520087,2024,100897.79,,,,,2
007520087,2025,210475.44,,,,,12
007520087,2026,206077.95,,,,,4
007520126,2023,565662.53,,,,,3
007520126,2024,723002.92,,,,,12
007520126,2025,303786.41,,,,,12
007520126,2026,280176.58,,,,,4
007520170,2024,51486.66,,,,,2
007520170,2025,122505.23,,,,,12
007520170,2026,67390.27,,,,,4
007520183,2024,33263.81,,,,,7
007520183,2025,136540.4,,,,,12
007520183,2026,55053.84,,,,,4
007520216,2023,103348.23999999999,,,,,8
007520216,2024,161648.68,,,,,12
007520216,2025,22866.18,,,,,12
007520216,2026,50546.69,,,,,4
007520251,2026,36328.33,,,,,3
007520481,2025,58167.590000000004,,,,,9
007520481,2026,98667.06,,,,,4
007521212,2022,134678.15,,,,,5
007521212,2023,467343.18,,,,,11
007521212,2024,204622.99,,,,,12
007521212,2025,191475.9,,,,,12
007521212,2026,159923.86,,,,,4
007521403,2024,81346.82,,,,,6
007521403,2025,39837.74,,,,,11
007521403,2026,134149.03,,,,,4
007521697,2025,71311.48,,,,,10
007521697,2026,81230.98999999999,,,,,4
007521822,2025,127331.65999999999,,,,,9
007521822,2026,62845.12,,,,,4
007521894,2024,122216.02,,,,,8
007522902,2026,18703.33,,,,,2
007522907,2025,92792.36,,,,,9
007522907,2026,47471.19,,,,,4
007523013,2024,94336.1,,,,,9
007523013,2025,145464.12,,,,,12
007523013,2026,90451.62,,,,,4
007523014,2026,53573.76,,,,,2
007523029,2024,11050.88,,,,,3
007523029,2025,11524.97,,,,,12
007523030,2025,389008.44,,,,,11
007523030,2026,665964.73,,,,,4
007523077,2024,65246.74,,,,,7
007523077,2025,89307.55,,,,,12
007523077,2026,122240.45,,,,,4
007523078,2023,245273.21,,,,,7
007523078,2024,239183.88999999998,,,,,12
007523078,2025,99699.89,,,,,12
007523078,2026,179229.65,,,,,4
007523129,2026,35868.3,,,,,2
007523136,2024,169889.22,,,,,10
007523136,2025,68905.83,,,,,12
007523136,2026,123034.52,,,,,4
007523141,2024,72521.22,,,,,6
007523141,2025,231273.82,,,,,12
007523141,2026,211328.93,,,,,4
007523145,2023,261712.24,,,,,6
007523145,2024,351343.02,,,,,11
007523145,2025,232149.05,,,,,12
007523145,2026,130282.61,,,,,4
007523153,2025,40939.63,,,,,7
007523153,2026,345972.83,,,,,4
007523159,2024,462718.07,,,,,11
007523159,2025,270924.64999999997,,,,,12
007523159,2026,307916.57,,,,,4
007523227,2025,78661.93000000001,,,,,9
007523227,2026,145439.19,,,,,4
007523367,2024,223885.11,,,,,9
007523367,2025,192355.09,,,,,12
007523367,2026,154575.83000000002,,,,,4
007523690,2025,24855.02,,,,,1
007523690,2026,57507.02,,,,,4
007523901,2025,14320.91,,,,,2
007523901,2026,151405.13,,,,,4
007523952,2025,455487.43,,,,,12
007523952,2026,122728.02,,,,,4
007524064,2026,120362.81,,,,,4
007524482,2025,6344.76,,,,,3
007524482,2026,33946.92,,,,,4
007524980,2025,38964.65,,,,,5
007524980,2026,106175.97,,,,,4
007525161,2025,102041.62,,,,,8
007525161,2026,96818.78,,,,,4
007525169,2023,633629.29,,,,,10
007525169,2024,388664.39,,,,,12
007525169,2025,236624.5,,,,,12
007525169,2026,347970.13,,,,,4
007525201,2025,69533.81,,,,,9
007525201,2026,125127.37,,,,,4
007525263,2025,132539.64,,,,,9
007525263,2026,104069.34999999999,,,,,4
007525276,2026,11189.18,,,,,1
007525327,2024,578.21,,,,,3
007525327,2025,97887.22,,,,,11
007525327,2026,85861.79000000001,,,,,4
007525365,2025,15114.75,,,,,2
007525365,2026,136994.81,,,,,3
007525424,2023,530.15,,,,,1
007525424,2024,149503.30000000002,,,,,11
007525424,2025,117023.88,,,,,12
007525424,2026,46883.0,,,,,4
007525434,2025,83931.19,,,,,2
007525434,2026,441759.52,,,,,4
007525494,2025,129404.49,,,,,11
007525494,2026,96665.46,,,,,4
007525599,2024,104464.72,,,,,7
007525599,2025,79890.64,,,,,12
007525599,2026,255669.93,,,,,4
007527320,2026,209989.3,,,,,4
007527406,2024,512650.56,,,,,12
007527406,2025,423155.14,,,,,12
007527406,2026,235856.55,,,,,3
007527453,2024,709548.99,,,,,11
007527453,2025,425374.54,,,,,12
007527453,2026,370853.76,,,,,4
007528024,2025,20606.88,,,,,2
007528024,2026,73525.26,,,,,4
007528026,2025,64960.159999999996,,,,,8
007528026,2026,155010.59,,,,,4
007528169,2024,93836.93,,,,,2
007528169,2025,58122.1,,,,,12
007528169,2026,28610.62,,,,,4
007528204,2023,38855.02,,,,,3
007528204,2024,151896.38,,,,,12
007528204,2025,63198.99,,,,,11
007528204,2026,51883.35,,,,,4
007528213,2025,149931.9,,,,,11
007528213,2026,87632.39,,,,,4
007528356,2026,301703.11,,,,,3
007528364,2024,96310.54,,,,,6
007528364,2025,176505.22,,,,,12
007528364,2026,55380.7,,,,,4
007529450,2024,400218.60000000003,,,,,11
007529450,2025,402782.48,,,,,12
007529450,2026,257375.16999999998,,,,,4
007529459,2024,150704.88,,,,,11
007529459,2025,197131.97999999998,,,,,12
007529459,2026,128149.11,,,,,4
007530685,2024,437778.3,,,,,9
007530685,2025,191704.61000000002,,,,,12
007530685,2026,146882.36000000002,,,,,4
007533805,2026,155734.0,,,,,2
007535931,2024,710827.13,,,,,12
007535931,2025,537738.67,,,,,12
007535931,2026,261644.32,,,,,4
007536162,2024,225924.09999999998,,,,,11
007536271,2024,149164.49,,,,,11
007536314,2024,172874.12,,,,,9
007536314,2025,59041.61,,,,,12
007536314,2026,129327.99,,,,,4
007536625,2023,308603.6,,,,,6
007536625,2024,542500.5700000001,,,,,11
007536625,2025,153060.84,,,,,12
007536625,2026,564965.63,,,,,4
007542593,2026,29743.48,,,,,2
007542630,2025,67285.14,,,,,12
007542630,2026,69455.53,,,,,4
007542732,2024,134401.78,,,,,4
007542732,2025,135805.82,,,,,12
007542732,2026,86888.61,,,,,4
007542798,2024,56813.34,,,,,8
007542946,2024,160527.2,,,,,6
007542946,2025,202463.57,,,,,11
007542946,2026,90092.84,,,,,4
007542963,2023,84881.67,,,,,2
007542963,2024,160730.19,,,,,12
007542963,2025,41646.37,,,,,11
007542963,2026,21525.16,,,,,4
007543047,2024,226124.58,,,,,6
007543047,2025,187953.93,,,,,12
007543047,2026,399461.9,,,,,4
007543072,2025,20203.8,,,,,1
007543072,2026,60036.5,,,,,4
007543160,2023,136598.0,,,,,2
007543160,2024,584022.01,,,,,12
007543160,2025,208478.24,,,,,12
007543160,2026,346711.97,,,,,4
007543205,2024,165035.0,,,,,6
007543205,2025,149891.57,,,,,12
007543205,2026,160516.32,,,,,4
007543260,2024,91140.89,,,,,6
007543260,2025,219627.44,,,,,11
007543260,2026,229610.75,,,,,4
007543523,2025,5739.95,,,,,2
007543523,2026,136515.08,,,,,4
007543544,2026,5289.75,,,,,3
007543570,2024,429713.76,,,,,9
007543614,2026,92683.38,,,,,4
007543687,2026,27402.670000000002,,,,,1
007543742,2024,164152.66,,,,,10
007543742,2025,124721.25,,,,,12
007543742,2026,28528.3,,,,,4
007543747,2024,107333.41,,,,,5
007543747,2025,243855.31,,,,,12
007543747,2026,202578.7,,,,,4
007543766,2024,231974.65,,,,,9
007543766,2025,96514.47,,,,,12
007543766,2026,64663.1,,,,,4
007543782,2025,19703.809999999998,,,,,2
007543782,2026,47218.74,,,,,4
007543819,2022,190187.74,,,,,3
007543819,2023,288573.24,,,,,12
007543819,2024,190275.35,,,,,12
007543819,2025,123142.31,,,,,11
007543819,2026,50494.020000000004,,,,,4
007543895,2025,11880.42,,,,,1
007543895,2026,136077.23,,,,,4
007543960,2025,72243.95,,,,,10
007543960,2026,66004.43000000001,,,,,4
007544015,2023,22334.63,,,,,2
007544015,2024,246829.34,,,,,12
007544015,2025,157092.08,,,,,11
007544015,2026,80103.90000000001,,,,,4
007544038,2025,224261.86,,,,,10
007544038,2026,182279.51,,,,,4
007544140,2024,191777.72,,,,,3
007544140,2025,479153.85,,,,,12
007544140,2026,231437.07,,,,,4
007544187,2024,132421.59,,,,,5
007544187,2025,132119.43,,,,,11
007544187,2026,43261.7,,,,,4
007544210,2024,38005.11,,,,,6
007544210,2025,52799.43,,,,,12
007544210,2026,100463.87999999999,,,,,4
007544234,2020,313770.55,,,,,6
007544234,2021,602857.91,,,,,12
007544234,2022,731185.95,,,,,12
007544234,2023,843553.15,,,,,12
007544234,2024,756789.7,,,,,12
007544234,2025,305802.01,,,,,12
007544234,2026,273972.13,,,,,4
007544310,2024,187293.93,,,,,10
007544334,2023,237240.88,,,,,2
007544334,2024,369052.04,,,,,12
007544334,2025,239056.97999999998,,,,,12
007544334,2026,184588.15,,,,,4
007544390,2024,355703.81,,,,,12
007544390,2025,198366.46,,,,,12
007544390,2026,198969.15,,,,,4
007544435,2025,16015.560000000001,,,,,2
007544435,2026,110921.33,,,,,4
007544453,2026,123740.54,,,,,4
007544544,2026,23013.82,,,,,2
007544663,2025,112640.56,,,,,10
007544663,2026,75972.43,,,,,4
007544674,2024,177385.32,,,,,4
007544674,2025,155873.04,,,,,12
007544674,2026,185395.06,,,,,4
007544679,2024,221960.85,,,,,12
007544679,2025,179423.66,,,,,11
007544679,2026,98703.86,,,,,4
007544736,2024,26306.15,,,,,4
007544736,2025,263732.04,,,,,12
007544736,2026,246758.16,,,,,4
007544737,2024,220487.73,,,,,9
007544737,2025,53034.34,,,,,12
007544737,2026,76146.84,,,,,4
007544878,2025,12232.34,,,,,2
007544878,2026,226440.86,,,,,4
007544944,2025,13345.27,,,,,3
007544944,2026,98116.87,,,,,4
007545081,2024,72901.19,,,,,6
007545081,2025,258737.44,,,,,12
007545081,2026,167097.4,,,,,4
007545087,2024,72607.89,,,,,2
007545087,2025,266777.35,,,,,12
007545087,2026,322042.58,,,,,4
007545092,2023,125404.85,,,,,7
007545092,2024,104598.92,,,,,12
007545092,2025,86068.83,,,,,12
007545092,2026,40352.71,,,,,4
007545093,2024,38208.81,,,,,6
007545093,2025,118107.02,,,,,12
007545093,2026,129480.05,,,,,4
007545183,2023,21806.47,,,,,2
007545183,2024,743622.88,,,,,12
007545183,2025,337894.29000000004,,,,,12
007545183,2026,309016.23,,,,,4
007545219,2024,173998.84,,,,,6
007545219,2025,241538.18,,,,,12
007545219,2026,512827.61,,,,,4
007545230,2024,4164.469999999999,,,,,1
007545230,2025,117414.63,,,,,11
007545230,2026,49080.85,,,,,3
007545238,2026,4702.219999999999,,,,,1
007545329,2023,56791.06,,,,,3
007545329,2024,459260.95,,,,,12
007545329,2025,117023.09,,,,,12
007545329,2026,285767.92,,,,,4
007545434,2025,67467.97,,,,,9
007545434,2026,48298.87,,,,,3
007545474,2025,2202.31,,,,,1
007545474,2026,78358.13,,,,,4
007545529,2024,38000.33,,,,,5
007545529,2025,181331.06999999998,,,,,12
007545529,2026,124899.22,,,,,4
007545650,2024,590.0,,,,,1
007545650,2025,97880.94,,,,,12
007545650,2026,159406.61000000002,,,,,4
007545653,2024,125685.53,,,,,8
007545653,2025,149575.56,,,,,12
007545653,2026,121988.02,,,,,4
007545695,2024,266960.85,,,,,7
007545695,2025,240228.54,,,,,12
007545695,2026,159719.38,,,,,4
007545780,2025,253126.3,,,,,10
007545780,2026,294168.47,,,,,4
007545814,2025,47245.04,,,,,2
007545814,2026,219102.71000000002,,,,,4
007545828,2023,1686329.32,,,,,7
007545828,2024,1775192.8,,,,,12
007545828,2025,1037934.94,,,,,12
007545828,2026,541210.74,,,,,4
007545836,2023,441617.67,,,,,12
007545836,2024,183231.8,,,,,12
007545836,2025,66278.66,,,,,11
007545836,2026,72692.93,,,,,4
007545846,2024,50513.06,,,,,2
007545846,2025,30707.21,,,,,12
007545846,2026,48546.54,,,,,4
007545858,2024,126325.42,,,,,5
007545858,2025,135224.53,,,,,12
007545858,2026,191210.99,,,,,4
007545996,2024,324484.74,,,,,7
007545996,2025,429171.82,,,,,12
007545996,2026,934671.49,,,,,4
007546271,2026,49530.17,,,,,2
007546329,2024,14421.349999999999,,,,,1
007546329,2025,61804.27,,,,,10
007546329,2026,57345.89,,,,,3
007546541,2026,35174.55,,,,,1
007546874,2025,72196.19,,,,,9
007546874,2026,231092.38999999998,,,,,4
007546912,2025,28396.11,,,,,2
007546912,2026,55944.85,,,,,4
007546942,2025,72812.86,,,,,9
007546942,2026,67265.04,,,,,4
007546983,2026,13496.45,,,,,2
007546984,2024,148763.35,,,,,9
007546984,2025,44755.75,,,,,12
007546984,2026,47949.53,,,,,4
007547016,2023,26096.210000000003,,,,,2
007547016,2024,104887.69,,,,,12
007547159,2024,14158.71,,,,,2
007547159,2025,77784.54,,,,,11
007547159,2026,44331.94,,,,,4
007547219,2023,415769.78,,,,,3
007547219,2024,891513.86,,,,,12
007547219,2025,233236.33,,,,,12
007547219,2026,438347.23000000004,,,,,4
007547270,2023,724325.06,,,,,12
007547270,2024,641245.22,,,,,12
007547270,2025,136400.47,,,,,12
007547270,2026,379918.0,,,,,4
007547317,2024,227604.65,,,,,12
007547317,2025,135105.25,,,,,12
007547317,2026,109645.94,,,,,4
007547320,2026,56057.79,,,,,2
007547407,2024,109096.04,,,,,7
007547407,2025,59157.56,,,,,12
007547407,2026,55603.93,,,,,4
007547465,2024,19462.56,,,,,2
007547465,2025,29801.42,,,,,11
007547465,2026,70541.32,,,,,3
007547475,2023,104932.3,,,,,2
007547475,2024,190907.96,,,,,12
007547475,2025,119302.87,,,,,12
007547475,2026,144185.76,,,,,4
007547483,2024,31950.780000000002,,,,,2
007547483,2025,72632.97,,,,,11
007547483,2026,53069.409999999996,,,,,4
007547518,2023,291561.45999999996,,,,,11
007547518,2024,188138.9,,,,,11
007547518,2025,60336.71000000001,,,,,12
007547518,2026,77250.47,,,,,4
007547721,2024,28444.69,,,,,2
007547721,2025,66122.74,,,,,12
007547721,2026,116367.81,,,,,4
007547750,2025,99516.87,,,,,10
007547750,2026,59122.52,,,,,3
007547754,2025,107411.26,,,,,8
007547754,2026,140015.0,,,,,4
007547770,2024,183388.5,,,,,10
007547770,2025,97496.15,,,,,11
007547770,2026,86213.79000000001,,,,,3
007547840,2026,172385.21,,,,,3
007547872,2026,223205.32,,,,,2
007547896,2024,2710.73,,,,,1
007547896,2025,186757.31,,,,,12
007547896,2026,343414.58,,,,,4
007547985,2024,131.15,,,,,1
007547985,2025,101896.05,,,,,12
007547985,2026,116218.51000000001,,,,,4
007547998,2026,16125.79,,,,,3
007548003,2024,148153.44,,,,,6
007548003,2025,142850.27,,,,,11
007548003,2026,320633.75,,,,,4
007548094,2025,45680.98,,,,,3
007548094,2026,321820.15,,,,,4
007548133,2024,85761.06,,,,,7
007548133,2025,108157.96,,,,,12
007548133,2026,52544.9,,,,,4
007548162,2024,53036.75,,,,,9
007548162,2025,118894.04,,,,,12
007548162,2026,121524.64,,,,,4
007548194,2026,106766.35,,,,,1
007548225,2024,110859.18,,,,,9
007548225,2025,118314.05,,,,,12
007548225,2026,89784.36,,,,,4
007548285,2025,36514.22,,,,,3
007548285,2026,45550.53,,,,,4
007548350,2025,84758.3,,,,,10
007548350,2026,195604.09,,,,,4
007548351,2026,69074.6,,,,,1
007548372,2025,13009.05,,,,,6
007548372,2026,104582.22,,,,,4
007548441,2024,153244.15,,,,,11
007548441,2025,66917.06,,,,,11
007548441,2026,101553.41,,,,,4
007548445,2023,90765.76,,,,,5
007548445,2024,229971.22,,,,,12
007548445,2025,126113.35,,,,,12
007548445,2026,74188.09999999999,,,,,3
007548449,2024,202518.12,,,,,12
007548449,2025,45487.45,,,,,11
007548449,2026,23214.16,,,,,4
007548455,2026,36251.47,,,,,2
007548469,2023,286130.89,,,,,5
007548469,2024,244530.80000000002,,,,,12
007548469,2025,188703.34,,,,,12
007548469,2026,186513.44,,,,,4
007548474,2024,212209.86,,,,,4
007548474,2025,200140.99000000002,,,,,12
007548474,2026,351321.19,,,,,4
007548501,2024,13149.24,,,,,3
007548501,2025,129565.09999999999,,,,,12
007548501,2026,140423.47,,,,,4
007548549,2024,146370.4,,,,,8
007548549,2025,141173.83,,,,,12
007548549,2026,125541.05,,,,,4
007548576,2026,50613.700000000004,,,,,4
007548577,2025,130139.83,,,,,8
007548577,2026,44874.29,,,,,4
007548608,2025,25400.85,,,,,10
007548608,2026,53727.439999999995,,,,,4
007548634,2026,9209.43,,,,,1
007548763,2023,231136.95,,,,,8
007548763,2024,255721.02,,,,,12
007548763,2025,196754.24000000002,,,,,12
007548763,2026,162302.96,,,,,4
007548794,2025,92851.27,,,,,9
007548794,2026,58102.95,,,,,4
007548815,2024,176220.31,,,,,9
007548815,2025,78190.5,,,,,11
007548815,2026,42138.590000000004,,,,,4
007548854,2024,59183.37,,,,,7
007548854,2025,13188.68,,,,,12
007548857,2024,176938.54,,,,,8
007548857,2025,90432.14,,,,,12
007548857,2026,27678.71,,,,,4
007548904,2024,131742.91,,,,,6
007548904,2025,106195.77,,,,,12
007548904,2026,135237.46,,,,,4
007549178,2024,15020.72,,,,,6
007549178,2025,158169.9,,,,,10
007549178,2026,52912.22,,,,,4
007549179,2024,8195.72,,,,,3
007549179,2025,57160.6,,,,,12
007549179,2026,31840.59,,,,,4
007549214,2023,226212.71,,,,,7
007549214,2024,496393.49,,,,,12
007549216,2026,3949.95,,,,,1
007549252,2022,110969.08,,,,,3
007549252,2023,571017.04,,,,,12
007549252,2024,425878.46,,,,,12
007549258,2023,341440.69,,,,,8
007549258,2024,263446.18,,,,,12
007549258,2025,94792.01,,,,,12
007549258,2026,119118.89,,,,,4
007549282,2024,108945.45,,,,,4
007549282,2025,279424.97000000003,,,,,12
007549282,2026,82689.92,,,,,4
007549308,2024,55332.74,,,,,3
007549308,2025,122942.05,,,,,12
007549308,2026,147369.81,,,,,4
007549335,2024,58181.46,,,,,7
007549335,2025,52704.11,,,,,10
007549335,2026,58251.130000000005,,,,,3
007549351,2025,143230.52,,,,,11
007549351,2026,293230.17,,,,,4
007549442,2025,498620.61,,,,,9
007549442,2026,276769.19,,,,,4
007549503,2025,3832.0099999999998,,,,,3
007549503,2026,257897.24,,,,,4
007549581,2025,49607.36,,,,,7
007549581,2026,166895.69,,,,,4
007549667,2023,64227.97,,,,,3
007549667,2024,126553.51,,,,,12
007549667,2025,39592.67,,,,,11
007549667,2026,141862.02000000002,,,,,4
007549688,2024,53152.670000000006,,,,,6
007549688,2025,104385.51000000001,,,,,11
007549688,2026,145624.58,,,,,4
007549731,2025,16138.95,,,,,2
007549731,2026,118850.77,,,,,4
007549782,2025,137923.78,,,,,10
007549782,2026,481362.36,,,,,4
007549845,2026,84759.63,,,,,3
007549863,2025,6856.26,,,,,8
007549863,2026,47675.25,,,,,4
007549866,2024,283610.96,,,,,11
007549866,2025,113367.16,,,,,11
007549866,2026,78389.3,,,,,4
007549881,2026,99867.15,,,,,2
007550157,2023,127958.73,,,,,5
007550157,2024,320501.89,,,,,12
007550157,2025,142890.59,,,,,12
007550157,2026,67039.11,,,,,4
007550205,2026,10762.599999999999,,,,,2
007550384,2024,12595.52,,,,,5
007550384,2025,295851.95,,,,,11
007550384,2026,327644.73000000004,,,,,4
007550778,2025,38845.270000000004,,,,,4
007550778,2026,122743.62,,,,,4
007550804,2024,151607.13999999998,,,,,4
007550804,2025,238310.87,,,,,12
007550804,2026,162930.05000000002,,,,,4
007550818,2024,29260.629999999997,,,,,4
007550818,2025,117227.47,,,,,12
007550818,2026,102486.1,,,,,4
007550987,2025,142338.92,,,,,8
007550987,2026,137974.62,,,,,4
007550995,2025,50150.18,,,,,7
007550995,2026,119729.31,,,,,4
007550996,2024,124107.01,,,,,11
007550996,2025,122808.13,,,,,12
007550996,2026,87858.86,,,,,4
007551174,2025,11948.810000000001,,,,,8
007551174,2026,115159.95999999999,,,,,4
007551231,2022,33798.76,,,,,2
007551231,2023,250562.46,,,,,11
007551231,2024,62545.21,,,,,12
007551231,2025,97525.75,,,,,12
007551231,2026,68336.59,,,,,4
007551270,2024,94427.18,,,,,10
007551270,2025,51576.380000000005,,,,,12
007551270,2026,28522.99,,,,,4
007551317,2025,1678.3,,,,,1
007551317,2026,85451.56999999999,,,,,3
007551392,2024,116160.1,,,,,8
007551392,2025,87814.32,,,,,11
007551392,2026,53464.659999999996,,,,,4
007551462,2026,105014.04999999999,,,,,2
007551592,2025,9299.13,,,,,2
007551592,2026,41162.700000000004,,,,,4
007551632,2024,26211.53,,,,,2
007551632,2025,114032.43,,,,,12
007551632,2026,100225.09,,,,,4
007551665,2024,197828.65,,,,,12
007551665,2025,53402.95,,,,,12
007551665,2026,109223.01,,,,,4
007551780,2023,196887.78,,,,,12
007551780,2024,149790.76,,,,,12
007551780,2025,80771.15,,,,,11
007551780,2026,38645.12,,,,,4
007551782,2024,132048.5,,,,,7
007551782,2025,38378.21,,,,,12
007551782,2026,86322.6,,,,,4
007551792,2024,146992.96,,,,,7
007551792,2025,275456.93,,,,,12
007551792,2026,120030.69,,,,,4
007551817,2024,141166.93,,,,,6
007551817,2025,75378.02,,,,,12
007551817,2026,95690.67,,,,,4
007551968,2023,88168.34,,,,,8
007551968,2024,203049.79,,,,,12
007551968,2025,157181.64,,,,,12
007551968,2026,48388.35,,,,,4
007551991,2024,149067.68,,,,,4
007551991,2025,191771.39,,,,,11
007551991,2026,204943.8,,,,,4
007552081,2023,298390.0,,,,,8
007552081,2024,492319.25,,,,,12
007552081,2025,164928.86,,,,,12
007552081,2026,219692.43,,,,,4
007552113,2024,9555.23,,,,,2
007552113,2025,90118.08,,,,,11
007552113,2026,88493.34,,,,,4
007552117,2024,5441.16,,,,,2
007552117,2025,70702.26999999999,,,,,12
007552117,2026,37036.82,,,,,4
007552122,2023,315896.82,,,,,10
007552122,2024,170105.61,,,,,11
007552122,2025,49903.21,,,,,11
007552122,2026,91454.28,,,,,4
007552176,2023,8032.04,,,,,1
007552176,2024,80171.4,,,,,12
007552176,2025,39298.15,,,,,11
007552176,2026,34082.95,,,,,4
007552182,2025,20340.649999999998,,,,,3
007552182,2026,122619.75,,,,,4
007552195,2024,82120.99,,,,,6
007552195,2025,120737.47,,,,,12
007552195,2026,106204.3,,,,,4
007552215,2025,113682.39,,,,,7
007552215,2026,245029.96,,,,,4
007552310,2025,11967.119999999999,,,,,2
007552310,2026,34474.21,,,,,4
007552312,2024,66889.04,,,,,6
007552312,2025,150262.5,,,,,11
007552312,2026,124410.4,,,,,4
007552341,2024,170813.44,,,,,7
007552341,2025,31971.38,,,,,11
007552341,2026,33415.61,,,,,3
007552349,2025,74539.6,,,,,10
007552349,2026,24738.12,,,,,4
007552358,2023,339689.98,,,,,5
007552358,2024,431879.08,,,,,12
007552358,2025,192907.32,,,,,12
007552358,2026,181252.57,,,,,4
007552360,2024,198327.39,,,,,11
007552360,2025,78522.7,,,,,12
007552360,2026,74500.56,,,,,4
007552394,2022,106444.26,,,,,5
007552394,2023,187326.78,,,,,12
007552394,2024,223912.3,,,,,12
007552394,2025,57657.15,,,,,12
007552394,2026,41671.95,,,,,4
007552429,2023,109988.64,,,,,7
007552429,2024,215285.76,,,,,12
007552429,2025,103571.95999999999,,,,,12
007552429,2026,108805.06999999999,,,,,4
007552470,2024,69256.58,,,,,8
007552470,2025,60009.1,,,,,11
007552470,2026,104474.31999999999,,,,,4
007552477,2025,15866.54,,,,,1
007552477,2026,189564.67,,,,,4
007552497,2025,57823.72,,,,,10
007552497,2026,62089.2,,,,,4
007552525,2026,93151.66,,,,,3
007552743,2024,25263.31,,,,,3
007552743,2025,110048.65,,,,,12
007552743,2026,103053.91,,,,,4
007552988,2024,24026.15,,,,,2
007552988,2025,43234.12,,,,,12
007552988,2026,88733.6,,,,,4
007553064,2024,389105.07,,,,,10
007553064,2025,213152.34,,,,,11
007553064,2026,436591.0,,,,,4
007553088,2025,12895.43,,,,,3
007553088,2026,43739.16,,,,,4
007553107,2022,139650.49,,,,,5
007553107,2023,195605.63999999998,,,,,12
007553107,2024,165454.1,,,,,12
007553107,2025,84658.95,,,,,12
007553107,2026,92799.43000000001,,,,,4
007553177,2025,49400.979999999996,,,,,8
007553177,2026,73711.05,,,,,4
007553205,2024,138560.35,,,,,8
007553213,2024,8901.29,,,,,2
007553213,2025,55935.46,,,,,11
007553213,2026,45881.840000000004,,,,,4
007553231,2024,157628.86000000002,,,,,9
007553231,2025,183938.82,,,,,12
007553231,2026,56646.600000000006,,,,,4
007553280,2025,3319.74,,,,,2
007553280,2026,188849.97,,,,,3
007553285,2023,19473.59,,,,,8
007553285,2024,16044.52,,,,,10
007553285,2025,6890.92,,,,,10
007553285,2026,23039.39,,,,,3
007553287,2025,9301.62,,,,,1
007553287,2026,134604.98,,,,,4
007553304,2025,22219.260000000002,,,,,7
007553304,2026,38441.8,,,,,4
007553323,2023,24550.4,,,,,2
007553323,2024,343593.01,,,,,12
007553323,2025,129547.91,,,,,11
007553323,2026,189351.36000000002,,,,,4
007553353,2023,7337.780000000001,,,,,1
007553353,2024,126275.33,,,,,12
007553353,2025,40735.9,,,,,11
007553353,2026,75670.56999999999,,,,,4
007553433,2020,264924.58,,,,,6
007553433,2021,557344.53,,,,,12
007553433,2022,617059.52,,,,,12
007553433,2023,742236.26,,,,,12
007553433,2024,458005.8,,,,,12
007553433,2025,99252.45999999999,,,,,12
007553433,2026,258141.49,,,,,4
007553443,2020,183280.34,,,,,6
007553443,2021,288943.33,,,,,12
007553443,2022,461599.15,,,,,12
007553443,2023,694601.03,,,,,12
007553443,2024,737116.43,,,,,12
007553443,2025,162121.76,,,,,12
007553443,2026,330702.39,,,,,4
007553447,2023,25160.96,,,,,3
007553447,2024,166594.61,,,,,12
007553447,2025,35323.770000000004,,,,,12
007553447,2026,36150.99,,,,,4
007553469,2024,76303.36,,,,,9
007553469,2025,76488.94,,,,,12
007553469,2026,76118.75,,,,,4
007553475,2024,29890.74,,,,,5
007553475,2025,125119.03,,,,,12
007553475,2026,56693.63,,,,,4
007553486,2025,6857.98,,,,,4
007553486,2026,139362.64,,,,,4
007553607,2025,176644.95,,,,,10
007553607,2026,129409.37,,,,,4
007553640,2024,313532.9,,,,,10
007553640,2025,100949.8,,,,,12
007553640,2026,129644.19,,,,,4
007553770,2024,4801.83,,,,,1
007553770,2025,38000.86,,,,,12
007553770,2026,53295.89,,,,,4
007553796,2026,34640.39,,,,,2
007553830,2024,85690.49,,,,,6
007553830,2025,75309.84,,,,,12
007553830,2026,65208.81,,,,,4
007553863,2026,32895.62,,,,,2
007553869,2024,86570.15,,,,,9
007553869,2025,97345.57,,,,,12
007553869,2026,34965.23,,,,,4
007553900,2024,115608.91,,,,,12
007553900,2025,39685.89,,,,,11
007553900,2026,142928.31,,,,,4
007553929,2025,299272.92,,,,,9
007553929,2026,520705.23,,,,,4
007553995,2025,190834.02,,,,,7
007553995,2026,149574.81,,,,,4
007554096,2023,261507.65,,,,,8
007554096,2024,293156.39,,,,,12
007554096,2025,168563.72,,,,,12
007554096,2026,162513.02,,,,,4
007554141,2024,218907.41,,,,,10
007554141,2025,120022.56,,,,,12
007554141,2026,121293.91,,,,,4
007554305,2025,156907.77,,,,,9
007554305,2026,161696.67,,,,,4
007554342,2025,82164.18000000001,,,,,7
007554342,2026,71108.84,,,,,4
007554376,2024,4849.21,,,,,1
007554376,2025,197383.43,,,,,12
007554376,2026,106327.07,,,,,4
007554377,2024,266464.37,,,,,6
007554377,2025,102376.87,,,,,11
007554377,2026,86864.66,,,,,4
007554378,2023,81067.69,,,,,2
007554378,2024,658989.79,,,,,12
007554378,2025,180430.93,,,,,12
007554378,2026,261655.85,,,,,4
007554402,2024,113890.83,,,,,7
007554402,2025,158539.76,,,,,12
007554402,2026,295035.35,,,,,4
007554403,2025,94249.98,,,,,11
007554403,2026,110920.35,,,,,4
007554415,2024,57221.44,,,,,2
007554415,2025,49606.29,,,,,11
007554415,2026,16441.23,,,,,4
007554424,2025,48720.31,,,,,9
007554424,2026,56629.58,,,,,4
007554449,2026,233750.28999999998,,,,,3
007554458,2025,215702.18,,,,,5
007554458,2026,575711.84,,,,,4
007554561,2024,479957.31,,,,,11
007554561,2025,203728.59,,,,,12
007554561,2026,286023.66,,,,,4
007554699,2020,347150.6,,,,,6
007554699,2021,638327.1900000001,,,,,12
007554699,2022,733853.28,,,,,12
007554699,2023,942496.02,,,,,12
007554699,2024,725222.24,,,,,12
007554699,2025,219897.99,,,,,12
007554699,2026,305620.04,,,,,4
007554709,2026,139082.12,,,,,2
007554726,2023,74959.59999999999,,,,,1
007554726,2024,231859.94,,,,,12
007554726,2025,85391.17,,,,,12
007554726,2026,57278.75,,,,,4
007554766,2026,188340.52,,,,,2
007554785,2026,99136.29,,,,,2
007554791,2020,744022.73,,,,,6
007554791,2021,1298988.52,,,,,12
007554791,2022,1549107.22,,,,,12
007554791,2023,1952603.15,,,,,12
007554791,2024,1295408.51,,,,,12
007554791,2025,718851.66,,,,,12
007554791,2026,578773.96,,,,,4
007554838,2020,302626.91,,,,,6
007554838,2021,528678.2,,,,,12
007554838,2022,690847.55,,,,,12
007554838,2023,815754.61,,,,,12
007554838,2024,447188.55,,,,,12
007554838,2025,357751.77,,,,,12
007554838,2026,288529.97,,,,,4
007554900,2020,176065.13,,,,,6
007554900,2021,369548.96,,,,,12
007554900,2022,382060.49,,,,,12
007554900,2023,474924.13,,,,,12
007554900,2024,326215.93,,,,,12
007554900,2025,195183.93,,,,,12
007554900,2026,179988.11,,,,,4
007554932,2024,132023.25,,,,,9
007554932,2025,71104.56,,,,,12
007554932,2026,113559.21,,,,,4
007554968,2023,579482.8,,,,,10
007554968,2024,565773.31,,,,,12
007554968,2025,87444.90000000001,,,,,11
007554968,2026,220688.13,,,,,4
007554984,2023,142488.32,,,,,12
007554984,2024,141752.47,,,,,12
007554984,2025,41679.82,,,,,11
007554984,2026,38348.75,,,,,4
007555152,2023,136288.19,,,,,5
007555152,2024,146901.1,,,,,12
007555152,2025,59025.1,,,,,12
007555152,2026,52544.55,,,,,4
007555162,2023,23988.52,,,,,2
007555162,2024,155247.51,,,,,12
007555162,2025,97262.54,,,,,12
007555162,2026,109606.21,,,,,4
007555165,2024,157078.44999999998,,,,,12
007555165,2025,44467.590000000004,,,,,12
007555165,2026,46869.689999999995,,,,,4
007555182,2025,72611.39,,,,,10
007555182,2026,112029.91,,,,,4
007555673,2023,12616.159999999998,,,,,1
007555673,2024,240954.34,,,,,12
007555673,2025,215994.74,,,,,12
007555673,2026,122414.86,,,,,4
007555685,2024,4324.66,,,,,1
007555685,2025,58676.62,,,,,11
007555685,2026,44604.5,,,,,4
007555729,2023,171117.03,,,,,6
007555729,2024,423407.85,,,,,12
007555729,2025,123746.43000000001,,,,,12
007555729,2026,473678.13,,,,,4
007555800,2026,45490.99,,,,,2
007555901,2020,414478.74,,,,,6
007555901,2021,1000999.28,,,,,12
007555901,2022,1127059.22,,,,,12
007555901,2023,1428483.53,,,,,12
007555901,2024,872340.07,,,,,12
007555901,2025,350985.5,,,,,12
007555901,2026,543093.71,,,,,4
007555919,2023,13356.67,,,,,1
007555919,2024,221104.82,,,,,12
007555919,2025,122754.66,,,,,12
007555919,2026,65111.76,,,,,4
007556009,2023,53894.15,,,,,2
007556009,2024,261247.0,,,,,12
007556009,2025,52505.76,,,,,12
007556009,2026,95061.32,,,,,4
007556151,2026,73676.35,,,,,2
007556402,2025,31238.25,,,,,1
007556402,2026,100973.02,,,,,4
007556487,2024,86967.54,,,,,5
007556487,2025,86588.76,,,,,12
007556487,2026,131146.93,,,,,4
007556540,2025,71509.22,,,,,9
007556540,2026,290857.7,,,,,4
007556664,2024,125780.12,,,,,11
007556664,2025,113349.69,,,,,11
007556664,2026,73593.28,,,,,4
007556679,2024,19559.46,,,,,2
007556679,2025,157740.28,,,,,12
007556679,2026,107016.15,,,,,4
007556721,2025,90143.14,,,,,10
007556721,2026,122681.76000000001,,,,,4
007556768,2023,23591.55,,,,,3
007556768,2024,257309.27,,,,,12
007556768,2025,129567.89,,,,,11
007556768,2026,120693.53,,,,,4
007556773,2024,106013.54,,,,,9
007556773,2025,26870.71,,,,,12
007556773,2026,73155.25,,,,,4
007556789,2024,196062.27,,,,,12
007556789,2025,73127.34999999999,,,,,12
007556789,2026,43946.67,,,,,3
007556860,2026,124484.5,,,,,4
007557094,2024,75938.91,,,,,6
007557094,2025,307425.52,,,,,12
007557094,2026,278027.18,,,,,4
007557465,2024,579812.75,,,,,10
007557465,2025,416168.6,,,,,12
007557465,2026,324500.92,,,,,4
007557595,2025,84330.45,,,,,9
007557595,2026,219570.71,,,,,4
007557675,2023,131517.33,,,,,8
007557675,2024,234662.1,,,,,12
007557675,2025,46434.82,,,,,12
007557675,2026,93609.82,,,,,4
007558060,2025,143070.03,,,,,10
007558060,2026,88538.41,,,,,4
007558633,2025,71995.74,,,,,7
007558633,2026,131111.28,,,,,4
007558726,2025,24345.08,,,,,4
007558726,2026,289721.26,,,,,4
007559153,2023,50476.65,,,,,1
007559153,2024,262126.13,,,,,12
007559153,2025,213132.65,,,,,12
007559153,2026,115974.87,,,,,4
007559428,2026,20317.55,,,,,2
007559563,2025,73573.7,,,,,6
007559563,2026,293724.24,,,,,4
007559578,2026,67588.61,,,,,2
007559596,2026,85700.97,,,,,2
007559622,2025,146788.41999999998,,,,,8
007559622,2026,143547.05,,,,,4
007559826,2024,41293.3,,,,,2
007559826,2025,349447.8,,,,,12
007559826,2026,181409.61,,,,,4
007560013,2023,181227.5,,,,,3
007560013,2024,675129.03,,,,,12
007560013,2025,204606.0,,,,,12
007560013,2026,272869.52,,,,,4
007560051,2024,64099.35,,,,,1
007560051,2025,54905.92999999999,,,,,12
007560051,2026,25729.8,,,,,4
007560274,2024,161299.8,,,,,3
007560274,2025,110943.19,,,,,11
007560274,2026,135722.4,,,,,4
007560587,2026,12383.54,,,,,1
007560780,2025,303640.02999999997,,,,,8
007560780,2026,356770.52,,,,,3
007561024,2024,24509.260000000002,,,,,3
007561024,2025,80732.27,,,,,12
007561024,2026,68547.51000000001,,,,,4
007561669,2026,134603.88,,,,,3
007561778,2026,266994.43,,,,,2
007561811,2023,445422.8,,,,,12
007561811,2024,466802.07,,,,,12
007561811,2025,196296.45,,,,,12
007561811,2026,112473.6,,,,,4
007561833,2024,229043.97999999998,,,,,3
007561833,2025,195903.35,,,,,12
007561833,2026,279534.56,,,,,4
007562110,2026,221459.17,,,,,3
007562159,2026,34187.1,,,,,1
007562386,2025,161490.09,,,,,10
007562386,2026,72736.15,,,,,4
007562710,2025,53428.549999999996,,,,,8
007562710,2026,51697.630000000005,,,,,3
007562861,2025,289391.48,,,,,8
007562861,2026,380709.03,,,,,4
007563110,2020,259397.41,,,,,5
007563110,2021,468163.4,,,,,12
007563110,2022,552602.45,,,,,12
007563110,2023,812036.76,,,,,12
007563110,2024,773451.3,,,,,12
007563110,2025,478791.92,,,,,12
007563110,2026,247695.52,,,,,4
007563337,2025,82242.56,,,,,7
007563337,2026,324564.36,,,,,4
007563348,2023,157866.32,,,,,1
007563348,2024,149599.68,,,,,12
007563348,2025,60842.47,,,,,12
007563348,2026,119299.26,,,,,4
007563686,2025,154251.83000000002,,,,,6
007563686,2026,187620.84,,,,,4
007564086,2025,38537.130000000005,,,,,5
007564086,2026,41032.54,,,,,4
007564254,2025,35170.78,,,,,9
007564254,2026,37987.090000000004,,,,,4
007564343,2024,600527.26,,,,,9
007564343,2025,283427.1,,,,,12
007564343,2026,503929.45999999996,,,,,4
007564684,2025,240641.21000000002,,,,,9
007564684,2026,390294.79,,,,,4
007564937,2023,50965.85,,,,,2
007564937,2024,217665.34000000003,,,,,11
007564937,2025,102465.11000000002,,,,,12
007564937,2026,71629.63,,,,,4
007565022,2026,137273.57,,,,,3
007565276,2024,184604.95,,,,,6
007565276,2025,203363.58,,,,,12
007565276,2026,259351.29,,,,,4
007565360,2024,50003.68,,,,,3
007565360,2025,141537.62,,,,,12
007565360,2026,61545.87,,,,,4
007565387,2026,240315.17,,,,,2
007566068,2025,47563.729999999996,,,,,8
007566068,2026,203848.77,,,,,4
007566106,2025,177872.81,,,,,10
007566106,2026,196922.53,,,,,4
007566243,2024,35567.86,,,,,2
007566243,2025,231914.77000000002,,,,,12
007566404,2024,26952.66,,,,,2
007566404,2025,179914.33000000002,,,,,12
007566404,2026,187117.54,,,,,4
007566512,2025,2829.95,,,,,1
007566512,2026,266182.45,,,,,4
007566770,2025,38022.74,,,,,11
007566770,2026,71947.53,,,,,4
007567776,2024,342084.84,,,,,9
007567776,2025,185637.56,,,,,12
007567776,2026,209241.71,,,,,4
007567869,2024,106099.95,,,,,4
007567869,2025,268734.66,,,,,11
007567869,2026,440745.96,,,,,4
007567950,2024,477825.24,,,,,7
007567950,2025,214616.57,,,,,12
007567950,2026,297670.23,,,,,4
007568137,2023,39722.22,,,,,2
007568137,2024,574547.37,,,,,12
007568137,2025,56713.25,,,,,12
007568137,2026,105267.33,,,,,4
007568231,2025,53121.77,,,,,3
007568231,2026,568622.13,,,,,4
007569036,2025,63126.81,,,,,7
007569036,2026,144053.03,,,,,4
007569570,2026,112581.09000000001,,,,,2
007569625,2024,128146.76,,,,,6
007569625,2025,31774.21,,,,,12
007569625,2026,167925.37,,,,,4
007571024,2025,88706.52,,,,,11
007571024,2026,130599.86,,,,,4
007571198,2025,18554.36,,,,,7
007571198,2026,167548.8,,,,,4
007571209,2026,255873.63999999998,,,,,3
007571285,2023,159685.51,,,,,3
007571285,2024,620594.78,,,,,12
007571285,2025,325633.69,,,,,12
007571285,2026,307348.23,,,,,4
007571396,2025,25781.09,,,,,6
007571396,2026,254776.86,,,,,4
007571408,2026,37.0,,,,,1
007571733,2023,1209587.05,,,,,12
007571733,2024,551121.6900000001,,,,,12
007571733,2025,210161.19,,,,,12
007571733,2026,262044.51,,,,,4
007571742,2023,233183.4,,,,,12
007571742,2024,142968.51,,,,,12
007571742,2025,136425.82,,,,,12
007571742,2026,48107.590000000004,,,,,4
007571823,2025,65143.29,,,,,8
007571823,2026,22829.98,,,,,4
007575811,2025,112377.93000000001,,,,,9
007575811,2026,136753.77,,,,,4
007575839,2026,382316.12,,,,,3
007576222,2020,384799.86,,,,,6
007576222,2021,774738.13,,,,,12
007576222,2022,972622.3,,,,,12
007576222,2023,963073.77,,,,,12
007576222,2024,858728.15,,,,,12
007576222,2025,683103.48,,,,,12
007576222,2026,487707.39,,,,,4
007579732,2024,777545.83,,,,,12
007579732,2025,407223.1,,,,,12
007579732,2026,571724.7999999999,,,,,4
007579938,2025,3089.0,,,,,1
007579938,2026,110773.23,,,,,4
007580516,2025,68969.3,,,,,6
007580516,2026,137119.6,,,,,4
007581710,2023,867610.32,,,,,10
007581710,2024,741119.18,,,,,12
007581710,2025,395853.44,,,,,12
007581710,2026,325289.1,,,,,4
008206811,2024,38432.26,,,,,2
008206811,2025,233150.87,,,,,12
008206811,2026,348696.97,,,,,4
009143116,2026,6660.03,,,,,1
009145324,2024,51674.020000000004,,,,,2
009145324,2025,456222.95,,,,,12
009145324,2026,246683.42,,,,,4
009145488,2026,114494.13,,,,,3
009145593,2026,183661.95,,,,,4
009145786,2024,18557.1,,,,,3
009145786,2025,206779.55,,,,,11
009145786,2026,196119.85,,,,,4
009145984,2025,1285.6200000000001,,,,,2
009145984,2026,126727.14,,,,,4
009145987,2026,38220.409999999996,,,,,1
009173581,2024,360648.39,,,,,8
009173581,2025,171287.63,,,,,11
009173581,2026,461553.58,,,,,4
009181012,2025,62611.8,,,,,8
009181012,2026,173837.18,,,,,4
009197659,2024,390152.21,,,,,7
009197659,2025,683219.17,,,,,12
009197659,2026,576701.19,,,,,4
010736473,2020,440909.55,,,,,6
010736473,2021,868784.64,,,,,12
010736473,2022,922802.11,,,,,12
010736473,2023,1164950.08,,,,,12
010736473,2024,859140.11,,,,,12
010736473,2025,474473.83999999997,,,,,12
010736473,2026,515277.3,,,,,4
010858879,2025,30022.43,,,,,3
010858879,2026,145664.99,,,,,4
011094757,2025,5026.19,,,,,3
011094757,2026,239198.13,,,,,4
011094825,2025,7334.3099999999995,,,,,2
011094825,2026,30737.79,,,,,4
011094828,2025,89689.64,,,,,10
011094828,2026,42374.18,,,,,4
011094834,2024,131692.81,,,,,7
011094834,2025,40804.26,,,,,12
011094834,2026,77010.98,,,,,4
011094901,2025,212551.33000000002,,,,,12
011094901,2026,243775.93,,,,,4
011094986,2026,12530.26,,,,,1
011095118,2023,29207.899999999998,,,,,1
011095118,2024,255153.23,,,,,12
011095399,2024,15722.23,,,,,1
011095399,2025,393076.28,,,,,12
011095399,2026,344189.14,,,,,4
011096798,2025,7369.51,,,,,1
011096798,2026,71887.67,,,,,4
011096815,2024,155779.3,,,,,12
011096815,2025,109642.96,,,,,11
011096815,2026,80139.02,,,,,4
011096821,2024,170327.76,,,,,9
011096821,2025,129075.09999999999,,,,,12
011096821,2026,85733.25,,,,,4
011096877,2024,65414.72,,,,,9
011096877,2025,61867.01,,,,,11
011096877,2026,110158.44,,,,,4
011096889,2026,47734.9,,,,,2
011096900,2026,131578.63,,,,,3
011096901,2024,12286.63,,,,,3
011096901,2025,240717.74,,,,,12
011096901,2026,38048.41,,,,,4
011096997,2025,1371.3,,,,,1
011096997,2026,54877.74,,,,,4
011097021,2023,66119.57,,,,,3
011097021,2024,137703.03,,,,,12
011097021,2025,111442.88,,,,,12
011097021,2026,49809.53,,,,,4
011097046,2023,149130.4,,,,,1
011097046,2024,170945.66,,,,,12
011097046,2025,75031.91,,,,,12
011097046,2026,68211.27,,,,,4
011097052,2023,6204.4800000000005,,,,,1
011097052,2024,229147.05000000002,,,,,12
011097052,2025,103804.68,,,,,12
011097052,2026,42585.03,,,,,4
011097061,2025,6065.73,,,,,3
011097061,2026,97609.65,,,,,4
011097115,2024,58795.93,,,,,8
011097115,2025,91423.01000000001,,,,,12
011097115,2026,111008.08,,,,,4
011097118,2024,300425.72,,,,,10
011097118,2025,191120.88999999998,,,,,12
011097118,2026,188060.44,,,,,4
011097151,2025,3971.5,,,,,3
011097151,2026,93873.47,,,,,4
011097206,2026,30750.21,,,,,2
011097318,2025,72653.3,,,,,10
011097318,2026,75412.11,,,,,4
011097329,2023,10141.54,,,,,1
011097329,2024,65893.14,,,,,12
011097329,2025,33155.22,,,,,12
011097329,2026,88559.48,,,,,3
011097388,2024,116232.32,,,,,7
011097388,2025,27345.32,,,,,11
011097388,2026,10944.1,,,,,4
011097399,2024,103287.49,,,,,12
011097400,2026,32580.679999999997,,,,,1
011097425,2023,91516.59,,,,,12
011097425,2024,105177.52,,,,,12
011097425,2025,59410.97,,,,,12
011097425,2026,28897.08,,,,,4
011097439,2026,38365.07,,,,,1
011097440,2024,201176.26,,,,,6
011097440,2025,143555.75999999998,,,,,11
011097440,2026,118754.85,,,,,4
011097451,2023,214038.43,,,,,11
011097451,2024,79871.20999999999,,,,,12
011097451,2025,31752.96,,,,,11
011097451,2026,89831.93000000001,,,,,4
011097558,2022,133120.34,,,,,5
011097558,2023,118734.31,,,,,12
011097558,2024,201727.08,,,,,12
011097558,2025,61493.17,,,,,12
011097558,2026,25218.39,,,,,4
011097582,2025,45759.24,,,,,8
011097582,2026,45151.53,,,,,3
011097611,2024,58153.97,,,,,5
011097611,2025,115482.39,,,,,12
011097611,2026,68246.5,,,,,4
011097636,2025,49895.979999999996,,,,,9
011097636,2026,110732.59999999999,,,,,4
011097694,2024,161569.18000000002,,,,,7
011097694,2025,154602.54,,,,,12
011097694,2026,48693.79,,,,,4
011097739,2024,155289.95,,,,,6
011097739,2025,101138.19,,,,,12
011097739,2026,279656.74,,,,,4
011097842,2026,31908.8,,,,,3
011097843,2025,102343.74,,,,,9
011097843,2026,99744.24,,,,,4
011097920,2024,65157.64,,,,,11
011097920,2025,45018.21,,,,,11
011097920,2026,145899.52,,,,,4
011097932,2023,286174.3,,,,,7
011097932,2024,178410.11,,,,,12
011097932,2025,66153.96,,,,,11
011097932,2026,108616.85,,,,,4
011097963,2024,123068.15000000001,,,,,12
011097963,2025,131895.25,,,,,12
011097963,2026,47878.75,,,,,4
011097965,2025,41790.38,,,,,11
011097965,2026,133915.99,,,,,4
011098070,2026,9438.0,,,,,1
011098085,2024,101311.45,,,,,9
011098085,2025,125692.34,,,,,11
011098085,2026,31067.1,,,,,4
011098239,2024,3412.64,,,,,1
011098239,2025,214127.21,,,,,12
011098239,2026,135136.65,,,,,4
011099225,2024,102412.59,,,,,3
011099225,2025,70286.85,,,,,10
011099225,2026,34050.5,,,,,4
011099259,2024,15729.47,,,,,3
011099259,2025,113566.83,,,,,12
011099259,2026,89894.37,,,,,4
011099268,2024,84958.8,,,,,6
011099268,2025,84207.38,,,,,12
011099268,2026,158667.8,,,,,4
011099317,2024,33967.48,,,,,5
011099317,2025,37076.69,,,,,12
011099317,2026,78760.5,,,,,4
011099325,2026,58758.1,,,,,2
011099339,2024,21575.82,,,,,2
011099339,2025,54629.96,,,,,12
011099339,2026,83283.51,,,,,4
011100490,2025,86462.25,,,,,8
011100490,2026,106295.92,,,,,4
011100665,2025,23695.16,,,,,5
011100665,2026,78457.85,,,,,4
011100670,2025,161817.96000000002,,,,,3
011100670,2026,316763.86,,,,,4
011100677,2025,70022.79,,,,,5
011100677,2026,168820.21,,,,,4
011100688,2023,177864.45,,,,,8
011100688,2024,46669.64,,,,,12
011100688,2025,58924.68,,,,,12
011100688,2026,11750.7,,,,,4
011100689,2025,30829.27,,,,,9
011100689,2026,15638.06,,,,,4
011100720,2026,68944.61,,,,,4
011100732,2026,140511.58,,,,,4
011135847,2026,193957.33000000002,,,,,2
011137987,2020,386379.59,,,,,6
011137987,2021,603707.84,,,,,12
011137987,2022,743362.31,,,,,12
011137987,2023,1334545.09,,,,,12
011137987,2024,696735.39,,,,,12
011137987,2025,342455.06,,,,,12
011137987,2026,471957.84,,,,,4
011138356,2020,535578.21,,,,,6
011138356,2021,897082.62,,,,,12
011138356,2022,1156992.12,,,,,12
011138356,2023,1417999.32,,,,,12
011138356,2024,996076.0499999999,,,,,12
011138356,2025,604178.07,,,,,12
011138356,2026,710872.44,,,,,4
011141382,2025,69077.95,,,,,3
011141382,2026,437268.89999999997,,,,,4
011142239,2024,224393.19,,,,,5
011142239,2025,222696.18,,,,,12
011142239,2026,254838.58,,,,,4
011303762,2020,145392.16,,,,,6
011303762,2021,240545.01,,,,,12
011303762,2022,527885.68,,,,,12
011303762,2023,537526.4400000001,,,,,12
011303762,2024,411892.12,,,,,12
011303762,2025,220737.88999999998,,,,,11
011303762,2026,107583.99,,,,,4
012503900,2023,10928.75,,,,,1
012503900,2024,209749.43,,,,,12
012503900,2025,145357.16,,,,,12
012503900,2026,111764.1,,,,,4
012503963,2025,148756.9,,,,,10
012503963,2026,324495.02,,,,,4
012503970,2023,15363.62,,,,,1
012503970,2024,373065.94,,,,,12
012503970,2025,90432.0,,,,,12
012503970,2026,208701.38,,,,,4
012504000,2025,10750.21,,,,,2
012504000,2026,311297.89999999997,,,,,4
012504038,2024,34763.92,,,,,6
012504038,2025,39002.24,,,,,12
012504038,2026,60523.93,,,,,4
012504086,2024,129292.84999999999,,,,,6
012504086,2025,119452.53,,,,,12
012504086,2026,290042.51,,,,,4
012504092,2025,40008.13,,,,,7
012504092,2026,92518.04,,,,,4
012504107,2024,84521.95,,,,,6
012504107,2025,70581.4,,,,,12
012504107,2026,53937.54,,,,,4
012504136,2025,31376.61,,,,,3
012504136,2026,105486.75,,,,,4
012504207,2024,59746.29,,,,,6
012504207,2025,85721.47,,,,,12
012504207,2026,304907.3,,,,,4
012504297,2024,102016.83,,,,,8
012504357,2025,122387.93000000001,,,,,8
012504357,2026,461546.7,,,,,4
012504490,2026,52325.4,,,,,1
012504614,2024,276200.08,,,,,9
012504614,2025,265484.58,,,,,12
012504614,2026,156751.09,,,,,4
012504849,2026,324989.47,,,,,2
012504947,2024,493948.37,,,,,6
012504947,2025,372864.76,,,,,12
012504947,2026,658649.32,,,,,4
012504976,2024,559286.94,,,,,12
012504976,2025,144506.24,,,,,12
012504976,2026,258118.47,,,,,4
012504984,2025,495443.42,,,,,11
012504984,2026,601575.48,,,,,4
012504990,2023,35940.009999999995,,,,,1
012504990,2024,220928.61000000002,,,,,12
012504990,2025,235554.71,,,,,12
012504990,2026,87038.14,,,,,4
012505086,2024,36118.55,,,,,6
012505086,2025,86240.42,,,,,12
012505086,2026,46284.28,,,,,4
012505125,2025,52314.19,,,,,3
012505125,2026,109770.22,,,,,4
012505148,2025,1269.76,,,,,1
012505148,2026,24682.94,,,,,4
012505185,2024,380281.42,,,,,12
012505185,2025,187205.17,,,,,11
012505185,2026,115071.37,,,,,4
012505207,2024,221248.9,,,,,6
012505207,2025,457301.95999999996,,,,,12
012505207,2026,425598.06,,,,,4
012505222,2025,23235.78,,,,,3
012505222,2026,95201.63,,,,,4
012505287,2023,254848.30000000002,,,,,8
012505287,2024,128359.62999999999,,,,,12
012505287,2025,58469.02,,,,,12
012505287,2026,52674.76,,,,,4
012505318,2024,25416.86,,,,,2
012505318,2025,200244.95,,,,,12
012505318,2026,86439.62,,,,,4
012505326,2026,115545.81999999999,,,,,2
012505378,2024,191961.57,,,,,3
012505378,2025,177436.86,,,,,12
012505378,2026,226197.96,,,,,4
012505414,2024,715103.52,,,,,11
012505414,2025,237849.07,,,,,12
012505414,2026,241643.4,,,,,4
012505418,2025,12440.779999999999,,,,,3
012505418,2026,344376.0,,,,,4
012505548,2025,24866.66,,,,,2
012505548,2026,263718.41,,,,,4
012505672,2024,203092.55,,,,,9
012505672,2025,135808.05,,,,,12
012505672,2026,174821.33,,,,,4
012505710,2025,19357.98,,,,,6
012505710,2026,60149.3,,,,,4
012505752,2024,141614.65,,,,,7
012505752,2025,145182.57,,,,,12
012505752,2026,190821.84,,,,,4
012505817,2024,84737.79000000001,,,,,3
012505817,2025,221201.26,,,,,12
012505817,2026,137187.2,,,,,4
012505889,2024,261324.29,,,,,6
012505889,2025,163975.95,,,,,12
012505889,2026,356723.45,,,,,4
012505949,2023,567366.73,,,,,10
012505949,2024,754790.08,,,,,12
012505949,2025,401080.38999999996,,,,,12
012505949,2026,157607.07,,,,,4
012506020,2022,118060.9,,,,,5
012506020,2023,296487.69,,,,,12
012506020,2024,181173.09,,,,,12
012506020,2025,200299.28,,,,,11
012506020,2026,68741.55,,,,,4
012506104,2023,385480.47,,,,,12
012506104,2024,715543.4099999999,,,,,12
012506104,2025,175114.56,,,,,12
012506104,2026,154847.01,,,,,4
012506300,2025,84843.95,,,,,9
012506300,2026,170924.74,,,,,4
012506305,2024,649609.8300000001,,,,,12
012506305,2025,128140.36,,,,,12
012506305,2026,238809.88,,,,,4
012506392,2025,37531.24,,,,,2
012506392,2026,427983.52999999997,,,,,4
012506425,2026,11596.31,,,,,1
012506472,2026,113481.77999999998,,,,,2
012506566,2026,9610.71,,,,,1
012506582,2025,76056.31999999999,,,,,10
012506582,2026,63321.990000000005,,,,,4
012506956,2026,210256.09000000003,,,,,1
012507329,2025,126437.15,,,,,7
012507329,2026,94564.74,,,,,4
012508468,2023,8283.92,,,,,1
012508468,2024,358247.10000000003,,,,,12
012508468,2025,371119.34,,,,,12
012508468,2026,113494.73,,,,,4
012508484,2026,63405.39,,,,,3
012508531,2025,132635.23,,,,,9
012508531,2026,39420.729999999996,,,,,4
012508857,2024,13814.83,,,,,1
012508857,2025,109941.24,,,,,11
012508857,2026,49780.29,,,,,3
012509078,2023,95414.72,,,,,3
012509078,2024,110493.01999999999,,,,,12
012509078,2025,70508.01,,,,,12
012509078,2026,25420.480000000003,,,,,4
012509120,2023,224477.84,,,,,6
012509120,2024,678572.87,,,,,12
012509120,2025,307882.12,,,,,12
012509120,2026,349360.0,,,,,4
012509129,2025,152302.55,,,,,2
012509129,2026,367684.8,,,,,4
012509147,2024,51716.26,,,,,2
012509147,2025,167715.50999999998,,,,,12
012509147,2026,409500.98,,,,,4
012509719,2025,475268.48,,,,,12
012509725,2026,69091.7,,,,,3
012509726,2026,26365.829999999998,,,,,3
012511684,2025,369399.02999999997,,,,,6
012511684,2026,781305.24,,,,,4
012511717,2024,243870.65,,,,,5
012511717,2025,482856.70999999996,,,,,12
012511717,2026,483090.10000000003,,,,,4
012511814,2024,74259.72,,,,,6
012511814,2025,103416.84,,,,,12
012511814,2026,165420.76,,,,,4
012511895,2024,140198.29,,,,,3
012511895,2025,406440.61,,,,,12
012511895,2026,213462.13999999998,,,,,4
012512262,2024,69316.93000000001,,,,,6
012512262,2025,103971.65,,,,,12
012512262,2026,162597.02,,,,,4
012512293,2023,184951.31,,,,,8
012512293,2024,153013.94,,,,,10
012512293,2025,82090.04000000001,,,,,12
012512293,2026,104611.63,,,,,4
012512390,2024,125347.52,,,,,4
012512390,2025,250322.21,,,,,11
012512390,2026,254193.33,,,,,4
012512466,2021,125080.77,,,,,6
012512466,2022,423737.26,,,,,12
012512466,2023,501268.21,,,,,12
012512466,2024,591317.64,,,,,12
012512466,2025,152653.08,,,,,11
012512466,2026,239074.9,,,,,4
012512671,2025,235526.36000000002,,,,,11
012512671,2026,323674.84,,,,,4
012512768,2024,574897.24,,,,,8
012512768,2025,237330.72,,,,,12
012512768,2026,338652.19,,,,,4
012514657,2026,262173.73,,,,,2
012514695,2023,37080.61,,,,,2
012514695,2024,49299.75,,,,,12
012514695,2025,44406.33,,,,,12
012514695,2026,70796.5,,,,,4
012514703,2025,66762.98,,,,,6
012514703,2026,248057.44,,,,,4
012514711,2022,216841.76,,,,,5
012514711,2023,468750.98,,,,,12
012514711,2024,446172.23,,,,,12
012514711,2025,178316.19,,,,,12
012514711,2026,147925.13,,,,,4
012514753,2023,111154.28,,,,,2
012514753,2024,616716.32,,,,,12
012514753,2025,292223.42,,,,,12
012514753,2026,334144.81,,,,,4
012514780,2026,52813.89,,,,,2
012514809,2024,106259.08,,,,,9
012514809,2025,112007.12,,,,,11
012514809,2026,56552.23,,,,,4
012514822,2025,31451.37,,,,,3
012514822,2026,264218.93,,,,,4
012514837,2025,60025.21,,,,,2
012514837,2026,307348.66,,,,,4
012514867,2025,34920.33,,,,,6
012514867,2026,157449.79,,,,,4
012515107,2024,64878.27,,,,,2
012515107,2025,537156.45,,,,,12
012515107,2026,478063.19,,,,,4
012515111,2023,103268.88,,,,,1
012515111,2024,521561.29,,,,,12
012515111,2025,97397.14,,,,,12
012515111,2026,355643.69,,,,,4
012515151,2025,486.56,,,,,1
012515151,2026,32425.89,,,,,4
012515305,2024,195613.08000000002,,,,,11
012515305,2025,104752.08,,,,,12
012515305,2026,79978.29,,,,,4
012515504,2023,685628.05,,,,,10
012515504,2024,601897.56,,,,,12
012515504,2025,446948.74,,,,,12
012515504,2026,474129.52,,,,,4
012515626,2025,68683.65,,,,,6
012515626,2026,241292.54,,,,,4
012515682,2023,296394.64,,,,,10
012515682,2024,266768.82,,,,,12
012515700,2024,18749.44,,,,,2
012515700,2025,204290.06999999998,,,,,12
012515700,2026,164428.43,,,,,4
012515727,2024,80870.93,,,,,4
012515727,2025,76206.57,,,,,12
012515727,2026,113916.56999999999,,,,,4
012515796,2025,93458.28,,,,,3
012515796,2026,133039.4,,,,,4
012515935,2024,44586.69,,,,,6
012515935,2025,99155.93000000001,,,,,12
012515935,2026,47526.93,,,,,4
012515949,2026,60213.35,,,,,1
012516191,2025,20759.28,,,,,11
012516191,2026,29972.649999999998,,,,,4
012516258,2025,12732.5,,,,,3
012516258,2026,114987.16,,,,,4
012516268,2024,141511.24,,,,,4
012516268,2025,72230.13,,,,,12
012516268,2026,130145.61000000002,,,,,4
012516369,2024,29510.61,,,,,2
012516369,2025,227658.16,,,,,12
012516369,2026,180794.36000000002,,,,,4
012516393,2024,292072.52999999997,,,,,6
012516393,2025,392145.89,,,,,12
012516393,2026,213443.08,,,,,4
012516529,2023,9433.039999999999,,,,,1
012516529,2024,264041.8,,,,,11
012516529,2025,143014.69,,,,,11
012516529,2026,56616.65,,,,,4
012516584,2023,432410.87,,,,,7
012516584,2024,386663.1,,,,,12
012516584,2025,709699.09,,,,,12
012516584,2026,565263.26,,,,,4
012516594,2023,361416.71,,,,,8
012516594,2024,328555.56,,,,,12
012516594,2025,176701.31,,,,,12
012516594,2026,223807.59,,,,,4
012516689,2025,28714.33,,,,,3
012516689,2026,183513.44999999998,,,,,4
012516766,2023,142878.91999999998,,,,,2
012516766,2024,213827.23,,,,,12
012516766,2025,135394.47,,,,,12
012516766,2026,63462.17,,,,,4
012516795,2026,137988.38999999998,,,,,2
012516907,2023,97155.47,,,,,2
012516907,2024,181000.34,,,,,12
012516907,2025,50952.55,,,,,12
012516907,2026,34642.9,,,,,4
012516976,2025,33333.229999999996,,,,,2
012516976,2026,373428.85,,,,,4
012517321,2023,86403.95999999999,,,,,7
012517321,2024,111811.88,,,,,12
012517321,2025,72165.65,,,,,12
012517321,2026,34162.89,,,,,4
012517564,2024,75285.33,,,,,9
012517564,2025,186710.08000000002,,,,,11
012517564,2026,141938.25,,,,,4
012517581,2026,290254.55,,,,,4
012518915,2024,530961.08,,,,,12
012518915,2025,200502.95,,,,,12
012518915,2026,210638.82,,,,,4
012519454,2024,174015.67,,,,,3
012519454,2025,145199.41,,,,,12
012519454,2026,209826.26,,,,,4
012519666,2023,840763.35,,,,,10
012519666,2024,670920.97,,,,,12
012519666,2025,273332.61,,,,,11
012519666,2026,331933.06,,,,,4
012519739,2025,97621.93,,,,,7
012519739,2026,60044.74,,,,,4
012519799,2024,214881.76,,,,,7
012519799,2025,222618.46,,,,,12
012519799,2026,318122.47000000003,,,,,4
012520070,2023,184478.26,,,,,3
012520070,2024,997232.6,,,,,12
012520070,2025,283635.93,,,,,12
012520070,2026,579754.75,,,,,4
012520781,2023,78204.55,,,,,2
012520781,2024,381389.32,,,,,12
012520781,2025,185445.03,,,,,11
012520781,2026,254368.14,,,,,4
012521493,2024,401955.02999999997,,,,,11
012521493,2025,471188.23,,,,,12
012521493,2026,260859.46999999997,,,,,4
012522422,2025,152237.47999999998,,,,,10
012522422,2026,39261.82,,,,,4
012522919,2023,1410932.25,,,,,12
012522919,2024,908525.68,,,,,12
012522919,2025,679297.52,,,,,12
012522919,2026,447267.6,,,,,4
012526895,2025,86070.62,,,,,7
012526895,2026,676796.97,,,,,4
012527031,2025,99938.09,,,,,2
012527031,2026,296064.56,,,,,4
012529988,2023,520.45,,,,,1
012529988,2024,243210.83,,,,,12
012529988,2025,150256.35,,,,,12
012529988,2026,126598.33,,,,,4
012530005,2024,98653.15,,,,,5
012530005,2025,222250.75999999998,,,,,12
012530005,2026,416203.12,,,,,4
012530042,2025,12695.74,,,,,7
012530042,2026,70547.98999999999,,,,,4
012530064,2024,46583.11,,,,,2
012530064,2025,129133.11,,,,,12
012530064,2026,130122.58,,,,,4
012530065,2026,221957.35,,,,,4
012530090,2025,4966.21,,,,,1
012530090,2026,121054.2,,,,,4
012530123,2024,72098.84,,,,,7
012530123,2025,71091.78,,,,,11
012530123,2026,40028.15,,,,,4
012530137,2023,22900.57,,,,,3
012530137,2024,200543.01,,,,,12
012530137,2025,94320.0,,,,,12
012530137,2026,63019.69,,,,,4
012530146,2023,67287.4,,,,,5
012530146,2024,115059.8,,,,,12
012530146,2025,119432.26,,,,,12
012530146,2026,55013.71,,,,,4
012530168,2024,41938.52,,,,,5
012530168,2025,187428.62,,,,,12
012530168,2026,109011.17,,,,,4
012530195,2024,61297.38,,,,,3
012530195,2025,535997.98,,,,,12
012530195,2026,455072.67,,,,,4
012530261,2024,27232.76,,,,,4
012530261,2025,85120.51,,,,,12
012530261,2026,38617.86,,,,,3
012530336,2024,20200.170000000002,,,,,2
012530336,2025,100090.62,,,,,12
012530336,2026,122076.59,,,,,4
012530385,2026,60483.38,,,,,2
012530585,2025,44037.409999999996,,,,,3
012530585,2026,50148.7,,,,,4
012530609,2024,36749.17,,,,,5
012530609,2025,79648.33,,,,,12
012530609,2026,94324.07,,,,,4
012530754,2020,275200.46,,,,,6
012530754,2021,610491.73,,,,,12
012530754,2022,692243.84,,,,,12
012530754,2023,1092135.95,,,,,12
012530754,2024,566011.79,,,,,12
012530754,2025,374913.22,,,,,12
012530754,2026,400613.6,,,,,4
012530788,2020,343957.26,,,,,6
012530788,2021,665309.85,,,,,12
012530788,2022,1072449.8,,,,,12
012530788,2023,1454304.78,,,,,12
012530788,2024,1002911.8099999999,,,,,12
012530788,2025,324360.17,,,,,12
012530788,2026,382443.53,,,,,4
012530792,2024,228441.12,,,,,5
012530792,2025,186742.72,,,,,12
012530792,2026,425235.06,,,,,4
012530851,2025,314470.34,,,,,10
012530851,2026,566582.73,,,,,4
012531145,2024,13816.98,,,,,1
012531145,2025,186380.35,,,,,12
012531145,2026,117550.03,,,,,4
012531347,2024,10094.14,,,,,2
012531347,2025,144892.33,,,,,12
012531347,2026,11877.94,,,,,3
012531402,2025,160845.89,,,,,8
012531402,2026,109630.06,,,,,4
012537652,2026,46412.61,,,,,2
012537807,2024,18884.87,,,,,2
012537807,2025,234202.12,,,,,12
012537807,2026,427558.21,,,,,4
012538087,2026,166479.35,,,,,4
012538281,2026,35986.86,,,,,2
012538449,2025,127370.17,,,,,9
012538449,2026,348412.89999999997,,,,,4
012538679,2024,202356.26,,,,,9
012538679,2025,118253.12,,,,,12
012538679,2026,31809.58,,,,,4
012538680,2025,84260.09999999999,,,,,6
012538680,2026,21815.09,,,,,4
012538713,2025,262335.13,,,,,8
012538713,2026,275480.36,,,,,4
012538844,2025,198281.21,,,,,10
012538844,2026,109583.09,,,,,3
012538848,2024,118504.36,,,,,6
012538848,2025,399948.31,,,,,11
012538848,2026,269902.23,,,,,4
012538941,2024,242000.0,,,,,10
012538941,2025,124975.74,,,,,11
012538941,2026,112940.3,,,,,4
012539058,2024,174591.1,,,,,5
012539058,2025,506799.19,,,,,11
012539058,2026,588535.39,,,,,4
012539220,2025,161423.64,,,,,9
012539220,2026,258640.99,,,,,4
012539273,2023,3097.9300000000003,,,,,2
012539273,2024,471114.32,,,,,11
012539273,2025,102758.73000000001,,,,,12
012539273,2026,308920.70999999996,,,,,4
012539297,2025,14926.85,,,,,2
012539297,2026,194625.36000000002,,,,,4
012539324,2026,24276.8,,,,,2
012539328,2026,88855.29,,,,,3
012539339,2023,167866.61000000002,,,,,8
012539339,2024,192528.51,,,,,12
012539339,2025,124485.2,,,,,11
012539339,2026,35357.4,,,,,4
012539341,2025,72043.12999999999,,,,,9
012539341,2026,247696.46,,,,,4
012539343,2026,29063.239999999998,,,,,1
012539349,2024,142392.48,,,,,5
012539349,2025,178247.59,,,,,12
012539349,2026,95413.67,,,,,4
012539363,2024,255036.58,,,,,10
012539363,2025,148208.54,,,,,12
012539363,2026,104138.04,,,,,4
012539368,2024,58708.380000000005,,,,,6
012539368,2025,161936.81,,,,,12
012539368,2026,171771.94,,,,,4
012539391,2023,177656.73,,,,,6
012539391,2024,373432.24,,,,,12
012539391,2025,198649.18,,,,,12
012539391,2026,118383.25,,,,,4
012539395,2023,75685.62,,,,,6
012539395,2024,290726.46,,,,,12
012539395,2025,162824.77,,,,,12
012539395,2026,206837.96,,,,,4
012539398,2024,366579.44,,,,,10
012539398,2025,368977.57,,,,,12
012539398,2026,217200.95,,,,,4
012539469,2023,203909.02000000002,,,,,8
012539469,2024,121532.22,,,,,12
012539469,2025,173293.39,,,,,12
012539469,2026,47220.51,,,,,4
012539472,2024,209169.48,,,,,9
012539472,2025,185367.29,,,,,12
012539472,2026,173014.13,,,,,4
012539473,2024,418.16999999999996,,,,,1
012539473,2025,95093.87,,,,,12
012539473,2026,168173.44,,,,,4
012539520,2026,62551.15,,,,,3
012539557,2025,355859.23,,,,,11
012539557,2026,257791.96,,,,,4
012539711,2025,23472.14,,,,,3
012539711,2026,113034.25,,,,,4
012539724,2023,47243.78,,,,,7
012539724,2024,193202.06,,,,,12
012539731,2026,19814.03,,,,,1
012539763,2025,1196.3,,,,,1
012539763,2026,82398.91,,,,,4
012539920,2024,80946.78,,,,,9
012539920,2025,152851.33,,,,,12
012539920,2026,100797.87999999999,,,,,4
012540093,2026,57212.09,,,,,3
012540193,2023,172643.23,,,,,6
012540193,2024,194997.01,,,,,12
012540193,2025,180291.58,,,,,12
012540193,2026,40864.11,,,,,4
012540201,2025,55149.19,,,,,10
012540201,2026,85033.58,,,,,4
012540502,2024,135399.24,,,,,7
012540502,2025,103382.28,,,,,12
012540502,2026,39258.83,,,,,4
012540636,2025,41129.3,,,,,7
012540636,2026,346598.56,,,,,4
012541490,2020,409519.05,,,,,6
012541490,2021,822765.91,,,,,12
012541490,2022,1138791.92,,,,,12
012541490,2023,1644067.77,,,,,12
012541490,2024,757445.99,,,,,12
012541490,2025,611055.28,,,,,12
012541490,2026,502736.7,,,,,4
012541491,2020,90150.48,,,,,5
012541491,2021,197684.30000000002,,,,,12
012541491,2022,231056.85,,,,,12
012541491,2023,230175.38999999998,,,,,12
012541491,2024,160978.57,,,,,12
012541491,2025,83252.1,,,,,12
012541491,2026,72207.37,,,,,4
012541505,2023,299027.77,,,,,6
012541505,2024,386809.5,,,,,12
012541505,2025,237320.06,,,,,12
012541505,2026,305729.83,,,,,4
012541629,2024,34651.869999999995,,,,,5
012541629,2025,84445.26,,,,,12
012541629,2026,70511.16,,,,,4
012541631,2024,19746.39,,,,,7
012541647,2026,60888.55,,,,,2
012542835,2023,168415.47999999998,,,,,2
012542835,2024,105043.82,,,,,11
012542835,2025,69870.57,,,,,11
012542835,2026,86380.93000000001,,,,,4
012543139,2024,12870.150000000001,,,,,2
012543139,2025,84542.26,,,,,12
012543139,2026,112567.07,,,,,4
012547092,2024,169823.62,,,,,3
012547092,2025,372120.01,,,,,12
012547092,2026,391463.49,,,,,4
012547556,2023,191960.89,,,,,3
012547556,2024,275898.17,,,,,11
012547556,2025,155181.88,,,,,11
012547556,2026,68567.09,,,,,3
012547851,2024,80345.13,,,,,5
012547851,2025,277235.98,,,,,12
012547851,2026,167383.56,,,,,4
012548000,2025,102357.44,,,,,8
012548000,2026,110026.6,,,,,4
012548389,2025,46877.94,,,,,3
012548389,2026,69128.83,,,,,4
012548446,2024,373230.15,,,,,11
012548446,2025,346211.46,,,,,12
012548446,2026,296429.87,,,,,4
012548488,2026,9602.4,,,,,2
012548490,2025,162823.63,,,,,3
012548490,2026,403057.47,,,,,4
012553324,2024,756514.4299999999,,,,,11
012553324,2025,424316.55,,,,,12
012553324,2026,439295.62,,,,,4
012555541,2023,48226.049999999996,,,,,1
012555541,2024,440724.77,,,,,12
012555541,2025,62875.98,,,,,12
012555541,2026,141802.24,,,,,4
012556764,2024,182295.41,,,,,7
012556764,2025,83011.55,,,,,12
012556764,2026,66635.98,,,,,4
012558894,2024,137241.54,,,,,10
012558894,2025,85860.53,,,,,12
012558894,2026,20034.34,,,,,4
012560512,2026,70822.7,,,,,2
012565981,2024,159361.13,,,,,11
012565981,2025,184148.89,,,,,12
012565981,2026,246211.81,,,,,4
012565991,2023,8887.900000000001,,,,,1
012565991,2024,94561.97,,,,,12
012565991,2025,24233.120000000003,,,,,12
012565991,2026,21110.489999999998,,,,,4
012569231,2024,1153.1,,,,,3
012569231,2025,50264.59,,,,,12
012569231,2026,49962.75,,,,,4
012572010,2025,89613.66,,,,,9
012572010,2026,134742.38,,,,,4
012574453,2023,98211.81,,,,,7
012574453,2024,179651.19999999998,,,,,12
012574453,2025,63547.75,,,,,12
012574453,2026,30222.28,,,,,4
012574863,2024,104368.35,,,,,9
012574863,2025,56044.509999999995,,,,,12
012574863,2026,99638.43000000001,,,,,4
012590752,2025,4481.9,,,,,3
012590752,2026,51949.12,,,,,4
012594724,2025,51929.93,,,,,9
012594724,2026,57220.73,,,,,4
012594739,2023,61285.71,,,,,2
012594739,2024,90503.55,,,,,12
012594739,2025,76254.61,,,,,11
012594739,2026,156592.7,,,,,4
012748747,2023,211669.92,,,,,7
012748747,2024,159178.42,,,,,12
012748747,2025,93947.13,,,,,10
012748747,2026,86433.53,,,,,4
012970374,2025,408269.11,,,,,7
012970374,2026,96511.34,,,,,4
013152303,2026,238923.14,,,,,4
015314507,2025,211485.21,,,,,9
015314507,2026,107248.84,,,,,3
015316542,2024,233218.77,,,,,7
015316542,2025,364694.22,,,,,12
015316542,2026,422713.98,,,,,4
015459845,2023,63671.96,,,,,5
015459845,2024,208118.4,,,,,12
015459845,2025,97042.4,,,,,12
015459845,2026,97147.13,,,,,4
015735784,2020,368369.95,,,,,6
015735784,2021,797373.88,,,,,12
015735784,2022,786792.05,,,,,12
015735784,2023,1128865.74,,,,,12
015735784,2024,672862.09,,,,,12
015735784,2025,568109.08,,,,,12
015735784,2026,388452.29,,,,,4
015736032,2020,214575.94,,,,,6
015736032,2021,520378.87,,,,,12
015736032,2022,478964.12,,,,,12
015736032,2023,700799.36,,,,,12
015736032,2024,350239.41000000003,,,,,12
015736032,2025,251943.9,,,,,12
015736032,2026,225501.07,,,,,4
015736221,2020,448936.67,,,,,6
015736221,2021,670143.11,,,,,12
015736221,2022,727353.61,,,,,12
015736221,2023,880728.18,,,,,12
015736221,2024,688943.4400000001,,,,,12
015736221,2025,448178.48,,,,,12
015736221,2026,326252.63,,,,,4
015736489,2020,134322.58000000002,,,,,6
015736489,2021,248438.65,,,,,12
015736489,2022,329293.59,,,,,12
015736489,2023,404848.28,,,,,12
015736489,2024,256779.07,,,,,12
015736489,2025,197033.19,,,,,12
015736489,2026,137012.19999999998,,,,,4
015742702,2024,26685.45,,,,,6
015742702,2025,77657.91,,,,,12
015742702,2026,78301.64,,,,,4
015744384,2025,188491.7,,,,,11
015744384,2026,68706.08,,,,,4
015744643,2024,186395.38,,,,,8
015744643,2025,109192.70999999999,,,,,12
015744643,2026,93265.73,,,,,4
015749590,2020,176343.52,,,,,6
015749590,2021,450404.88,,,,,12
015749590,2022,474400.95,,,,,12
015749590,2023,725969.21,,,,,12
015749590,2024,515669.99,,,,,12
015749590,2025,221092.71000000002,,,,,12
015749590,2026,182285.03999999998,,,,,4
015751011,2024,587197.38,,,,,12
015751011,2025,314031.41,,,,,12
015751011,2026,403690.32,,,,,4
015751024,2025,84801.89,,,,,6
015751024,2026,24124.65,,,,,3
015751375,2024,40540.259999999995,,,,,2
015751375,2025,102636.29000000001,,,,,12
015751375,2026,110108.13,,,,,4
015896428,2026,57851.06,,,,,2
015897076,2024,41112.79,,,,,5
015897076,2025,157160.36000000002,,,,,12
015897076,2026,62493.369999999995,,,,,4
016049410,2025,627.8199999999999,,,,,2
016049410,2026,33532.53,,,,,4
016368748,2024,114564.64,,,,,6
016368748,2025,199796.27000000002,,,,,12
016368748,2026,57124.0,,,,,4
016368801,2024,50226.65,,,,,4
016368801,2025,39211.03,,,,,12
016368801,2026,187566.2,,,,,4
016375268,2026,66514.44,,,,,2
016552178,2026,23562.36,,,,,3
016553117,2025,11747.54,,,,,2
016553117,2026,233976.88,,,,,4
016553560,2025,123595.44,,,,,9
016553560,2026,357158.89,,,,,4
016553922,2026,350.0,,,,,1
016554175,2025,56407.12,,,,,3
016554175,2026,430001.74,,,,,3
016554276,2025,204552.37,,,,,7
016554276,2026,150644.23,,,,,4
016554655,2025,279719.07,,,,,10
016554655,2026,120487.61,,,,,4
016560908,2026,27231.190000000002,,,,,2
016564125,2026,16857.45,,,,,1
016564192,2025,66421.34,,,,,7
016564192,2026,73611.20999999999,,,,,4
016567761,2024,181467.93,,,,,8
016567761,2025,239207.30000000002,,,,,12
016567761,2026,52505.94,,,,,4
016756170,2025,26528.07,,,,,9
016756170,2026,51335.01,,,,,4
016762811,2026,16785.9,,,,,2
016762848,2025,159686.67,,,,,11
016762848,2026,199841.25,,,,,4
017025362,2025,26517.24,,,,,8
017025362,2026,65679.89,,,,,4
017026281,2024,84741.68,,,,,4
017026281,2025,118783.20999999999,,,,,12
017026281,2026,57794.42,,,,,4
017027079,2026,41591.619999999995,,,,,2
017029245,2025,1847.73,,,,,1
017029245,2026,70842.1,,,,,4
017030065,2025,55587.560000000005,,,,,8
017030065,2026,88279.01,,,,,4
017032142,2026,15528.41,,,,,2
017040610,2025,27126.77,,,,,9
017040610,2026,342919.92,,,,,4
017089155,2024,19971.89,,,,,3
017089155,2025,130482.7,,,,,12
017089155,2026,44168.939999999995,,,,,4
017175666,2025,6111.41,,,,,2
017175666,2026,139586.81,,,,,4
017357290,2024,71602.02,,,,,7
017357290,2025,95560.55,,,,,12
017357290,2026,257685.16,,,,,4
017384804,2020,83712.42,,,,,6
017384804,2021,150360.45,,,,,12
017384804,2022,381174.24,,,,,12
017384804,2023,514595.63,,,,,12
017384804,2024,161288.24,,,,,12
017384804,2025,148953.36,,,,,12
017384804,2026,45466.51,,,,,4
017428477,2023,156389.81,,,,,7
017428477,2024,416290.01,,,,,12
017428477,2025,114470.45999999999,,,,,12
017428477,2026,189050.8,,,,,4
017444782,2025,225367.18,,,,,12
017444782,2026,195880.91,,,,,4
017460003,2024,180103.49,,,,,10
017460003,2025,146654.02,,,,,12
017460003,2026,49604.42,,,,,4
017807119,2024,93869.93,,,,,9
017807119,2025,40832.72,,,,,12
017807119,2026,20036.66,,,,,4
017913601,2025,27968.38,,,,,7
017913601,2026,114886.53,,,,,4
017935805,2025,122357.87,,,,,9
017935805,2026,255421.96,,,,,4
018501988,2022,90390.16,,,,,3
018501988,2023,896132.76,,,,,12
018501988,2024,512357.03,,,,,12
018501988,2025,504009.61,,,,,12
018501988,2026,282737.89999999997,,,,,4
018520029,2020,429628.32,,,,,6
018520029,2021,852159.91,,,,,12
018520029,2022,971976.77,,,,,12
018520029,2023,1367085.95,,,,,12
018520029,2024,867107.14,,,,,12
018520029,2025,593105.88,,,,,12
018520029,2026,507451.56,,,,,4
018527530,2024,19180.51,,,,,4
018527530,2025,74999.68000000001,,,,,12
018527530,2026,66313.52,,,,,4
018534901,2024,43608.6,,,,,9
018535337,2025,70477.92,,,,,10
018535337,2026,28485.559999999998,,,,,4
018544198,2025,69655.98,,,,,2
018544198,2026,205139.91,,,,,4
018544557,2025,35201.82,,,,,7
018544557,2026,256672.86000000002,,,,,4
018551731,2026,107489.88,,,,,3
018566891,2024,322580.51,,,,,9
018567154,2026,10052.12,,,,,1
018567155,2026,15299.29,,,,,1
018567158,2026,9586.24,,,,,1
018567159,2026,35471.6,,,,,2
018567168,2023,23150.489999999998,,,,,3
018567168,2024,133454.35,,,,,12
018568555,2024,26216.969999999998,,,,,2
018568555,2025,77589.43,,,,,11
018568555,2026,28255.36,,,,,4
018568567,2023,4674.18,,,,,1
018568567,2024,176941.26,,,,,12
018568567,2025,182778.66,,,,,12
018568569,2024,43705.36,,,,,6
018568569,2025,83289.46,,,,,12
018568569,2026,89526.26,,,,,4
018572849,2023,64042.799999999996,,,,,2
018572849,2024,144082.01,,,,,12
018572849,2025,148474.19999999998,,,,,12
018572849,2026,49149.57,,,,,4
018600991,2024,153287.59,,,,,7
018600991,2025,192269.94999999998,,,,,12
018600991,2026,244203.83,,,,,4
018631034,2026,63662.42,,,,,2
018632488,2025,738.64,,,,,1
018632488,2026,99318.5,,,,,4
018647939,2025,249440.39,,,,,11
018647939,2026,236990.95,,,,,4
018734806,2025,49224.18,,,,,3
018734806,2026,192844.41999999998,,,,,4
018734950,2025,109938.77,,,,,10
018734950,2026,25235.3,,,,,4
018866155,2026,26144.71,,,,,2
018890131,2025,81389.27,,,,,5
018890131,2026,229866.61,,,,,4
018907365,2025,58393.56,,,,,9
018907365,2026,129923.95999999999,,,,,4
018911610,2024,76171.57,,,,,6
018911610,2025,163604.15,,,,,12
018911610,2026,89734.59999999999,,,,,4
018911760,2020,232341.99,,,,,6
018911760,2021,563567.34,,,,,11
018911760,2022,775990.89,,,,,12
018911760,2023,847592.05,,,,,12
018911760,2024,645215.74,,,,,12
018911760,2025,670101.72,,,,,12
018911760,2026,325659.05,,,,,4
018911761,2020,224871.8,,,,,6
018911761,2021,523276.91,,,,,12
018911761,2022,460530.77999999997,,,,,12
018911761,2023,590281.67,,,,,12
018911761,2024,373916.86,,,,,12
018911761,2025,198877.96,,,,,12
018911761,2026,182582.97999999998,,,,,4
018911763,2020,207532.2,,,,,6
018911763,2021,454031.39,,,,,12
018911763,2022,402124.18,,,,,12
018911763,2023,695383.71,,,,,12
018911763,2024,537935.7,,,,,12
018911763,2025,196853.51,,,,,12
018911763,2026,163759.59,,,,,4
018912108,2024,61931.87,,,,,8
018912108,2025,31390.54,,,,,12
018912108,2026,52520.89,,,,,4
018912125,2023,32207.780000000002,,,,,1
018912125,2024,195500.35,,,,,11
018912125,2025,157564.88,,,,,11
018912125,2026,65872.71,,,,,3
018912155,2024,233430.52,,,,,10
018912155,2025,89359.63,,,,,12
018912155,2026,160678.78,,,,,4
018912644,2024,257921.22,,,,,12
018912644,2025,268185.20999999996,,,,,11
018912644,2026,151275.53,,,,,4
018912648,2023,28532.64,,,,,2
018912648,2024,307339.59,,,,,12
018912648,2025,156815.84,,,,,11
018912648,2026,41636.15,,,,,4
018912775,2024,140157.29,,,,,2
018912775,2025,123622.98999999999,,,,,12
018912775,2026,88732.84,,,,,4
018913998,2020,200906.89,,,,,6
018913998,2021,406935.87,,,,,12
018913998,2022,417673.0,,,,,12
018913998,2023,639699.68,,,,,12
018913998,2024,551752.63,,,,,12
018913998,2025,368445.11,,,,,12
018913998,2026,218039.94,,,,,4
018914024,2024,203978.61,,,,,5
018914024,2025,162725.12,,,,,12
018914024,2026,650482.7,,,,,4
018914191,2025,7157.35,,,,,2
018914191,2026,52635.1,,,,,4
018914739,2024,12119.49,,,,,2
018914739,2025,87804.04000000001,,,,,12
018914739,2026,47364.770000000004,,,,,4
018919588,2023,98891.82,,,,,3
018919588,2024,132486.84,,,,,12
018919588,2025,52825.909999999996,,,,,12
018919588,2026,85728.55,,,,,4
018924097,2024,248572.88,,,,,8
018924097,2025,215271.85,,,,,12
018924097,2026,109298.8,,,,,4
018928798,2024,130768.17,,,,,8
018928798,2025,97804.66,,,,,12
018928798,2026,26536.76,,,,,4
018928803,2023,109274.75,,,,,7
018928803,2024,189098.04,,,,,12
018928803,2025,55371.31,,,,,12
018928803,2026,39775.99,,,,,4
018929016,2024,97735.36,,,,,6
018929016,2025,101803.51,,,,,12
018929016,2026,32563.39,,,,,4
018929028,2024,590.0,,,,,1
018929028,2025,288027.65,,,,,12
018929028,2026,218965.94,,,,,4
018929441,2023,136062.98,,,,,8
018929441,2024,165312.06,,,,,12
018929441,2025,56798.020000000004,,,,,12
018929441,2026,33910.53,,,,,4
018930193,2026,50862.58,,,,,3
018930195,2025,33820.58,,,,,9
018930195,2026,37593.590000000004,,,,,4
018932716,2023,4391.25,,,,,1
018932716,2024,109570.32,,,,,11
018932716,2025,35703.17,,,,,12
018932716,2026,45451.17,,,,,4
018932721,2024,44921.47,,,,,8
018932721,2025,55118.95,,,,,12
018932721,2026,78762.44,,,,,4
018933849,2025,75865.42,,,,,9
018933849,2026,28429.899999999998,,,,,4
018937002,2023,59650.68,,,,,1
018937002,2024,409087.4,,,,,12
018937002,2025,249553.15,,,,,12
018937002,2026,201465.18,,,,,4
018940172,2025,21113.83,,,,,5
018940172,2026,36290.61,,,,,4
018940814,2023,69554.55,,,,,2
018940814,2024,216388.11,,,,,12
018940814,2025,224502.33,,,,,12
018940814,2026,148168.88,,,,,4
018940817,2021,66597.97,,,,,6
018940817,2022,495467.77,,,,,12
018940817,2023,394430.07,,,,,11
018940817,2024,276562.72,,,,,12
018940817,2025,296224.89999999997,,,,,12
018940817,2026,172070.36000000002,,,,,4
018940824,2025,479095.47000000003,,,,,11
018940824,2026,370723.32,,,,,4
018940827,2026,72591.73,,,,,2
018941099,2020,408716.79,,,,,6
018941099,2021,854745.26,,,,,12
018941099,2022,929395.95,,,,,12
018941099,2023,1067917.14,,,,,12
018941099,2024,705799.57,,,,,12
018941099,2025,530612.77,,,,,12
018941099,2026,402941.21,,,,,4
018941108,2020,201329.63,,,,,6
018941108,2021,336625.14,,,,,12
018941108,2022,363239.89999999997,,,,,12
018941108,2023,671741.36,,,,,12
018941108,2024,478804.55,,,,,12
018941108,2025,554530.81,,,,,12
018941108,2026,310047.26,,,,,4
018941110,2020,184311.1,,,,,6
018941110,2021,315091.79,,,,,12
018941110,2022,280950.67,,,,,12
018941110,2023,470965.86,,,,,12
018941110,2024,403408.85,,,,,12
018941110,2025,215479.72,,,,,12
018941110,2026,199454.3,,,,,4
018941112,2020,250954.15,,,,,6
018941112,2021,497133.55,,,,,12
018941112,2022,510232.72,,,,,12
018941112,2023,761235.19,,,,,12
018941112,2024,461039.5,,,,,12
018941112,2025,257334.03,,,,,12
018941112,2026,180800.56,,,,,4
018941188,2024,41146.69,,,,,6
018941188,2025,164616.99,,,,,12
018941188,2026,174684.54,,,,,4
018941725,2025,44947.350000000006,,,,,2
018941725,2026,84133.34,,,,,4
018942202,2024,36147.78,,,,,6
018942202,2025,57027.97,,,,,12
018942202,2026,179588.37,,,,,4
018942382,2025,1944.17,,,,,2
018942382,2026,42864.22,,,,,4
018942383,2024,169518.27000000002,,,,,8
018942383,2025,75772.76,,,,,12
018942383,2026,133488.82,,,,,4
018942458,2026,69042.54,,,,,3
018943195,2025,9375.42,,,,,2
018943195,2026,146726.29,,,,,4
018943598,2026,25187.54,,,,,3
018944378,2026,87598.69,,,,,2
018944440,2024,26087.62,,,,,3
018944440,2025,195035.71,,,,,12
018944440,2026,87008.37,,,,,4
018944549,2024,1091632.66,,,,,12
018944549,2025,424342.04,,,,,12
018944549,2026,565184.35,,,,,4
018944552,2024,59115.29,,,,,6
018944552,2025,63632.25,,,,,12
018944552,2026,63842.16,,,,,4
018944639,2024,159177.84,,,,,9
018944639,2025,152446.72999999998,,,,,11
018944639,2026,100510.81999999999,,,,,4
018944684,2024,113671.3,,,,,6
018944684,2025,118017.92,,,,,12
018944684,2026,63937.84,,,,,4
018944685,2025,110522.95,,,,,9
018944685,2026,33630.84,,,,,4
018945352,2025,26833.059999999998,,,,,3
018945352,2026,76184.13,,,,,4
018945444,2025,78584.75,,,,,6
018945444,2026,166729.63,,,,,4
018945490,2025,88571.99,,,,,7
018945490,2026,48193.659999999996,,,,,4
018945823,2024,223881.49,,,,,12
018945823,2025,220679.38,,,,,12
018945823,2026,288663.12,,,,,4
018946205,2026,36524.9,,,,,1
018946207,2026,2911.01,,,,,1
018946485,2024,49845.85,,,,,3
018946485,2025,230269.35,,,,,12
018946485,2026,177266.69,,,,,4
018951803,2025,8220.380000000001,,,,,2
018951803,2026,288016.38,,,,,4
018957689,2026,134656.49,,,,,3
018962086,2026,120214.01000000001,,,,,1
018962109,2026,20162.28,,,,,1
018962115,2025,41933.64,,,,,6
018962115,2026,294399.46,,,,,4
018963079,2023,217114.0,,,,,6
018963079,2024,227456.5,,,,,12
018963079,2025,106712.17,,,,,12
018963079,2026,31875.76,,,,,4
018963080,2023,226196.79,,,,,8
018963080,2024,309688.35,,,,,12
018963080,2025,174818.78999999998,,,,,11
018963080,2026,85531.4,,,,,4
018972834,2023,188107.82,,,,,3
018972834,2024,228323.26,,,,,11
018972834,2025,78785.63,,,,,12
018972834,2026,103970.31,,,,,4
018972835,2025,118937.83,,,,,9
018972835,2026,68618.02,,,,,4
018972995,2025,227951.14,,,,,8
018972995,2026,253856.85,,,,,4
018973182,2023,160178.6,,,,,5
018973182,2024,213837.9,,,,,12
018973182,2025,126608.37999999999,,,,,12
018973182,2026,96951.51,,,,,4
018973351,2025,70377.43,,,,,8
018973351,2026,471323.06,,,,,4
018973496,2020,592980.8,,,,,6
018973496,2021,777715.03,,,,,12
018973496,2022,821338.6,,,,,12
018973496,2023,1389149.74,,,,,12
018973496,2024,793036.99,,,,,12
018973496,2025,359261.88,,,,,12
018973496,2026,395333.06,,,,,4
018973497,2020,303468.25,,,,,6
018973497,2021,737563.8,,,,,12
018973497,2022,726200.14,,,,,12
018973497,2023,734198.05,,,,,12
018973497,2024,634412.11,,,,,12
018973497,2025,280070.04,,,,,12
018973497,2026,184388.88,,,,,4
018973498,2020,263918.63,,,,,6
018973498,2021,342666.65,,,,,12
018973498,2022,318280.94,,,,,12
018973498,2023,441207.2,,,,,12
018973498,2024,288846.04,,,,,12
018973498,2025,167269.63,,,,,12
018973498,2026,95363.69,,,,,4
018973500,2020,145880.71,,,,,6
018973500,2021,313085.46,,,,,12
018973500,2022,304050.71,,,,,12
018973500,2023,347403.49,,,,,12
018973500,2024,321019.38,,,,,12
018973500,2025,205561.32,,,,,12
018973500,2026,94782.55,,,,,4
018973752,2020,278374.32,,,,,6
018973752,2021,397564.11,,,,,12
018973752,2022,400833.64,,,,,12
018973752,2023,600194.86,,,,,12
018973752,2024,428765.16,,,,,12
018973752,2025,213342.13,,,,,12
018973752,2026,156027.64,,,,,4
018973756,2020,274573.58,,,,,6
018973756,2021,472228.14,,,,,12
018973756,2022,466240.82,,,,,12
018973756,2023,670738.77,,,,,12
018973756,2024,625953.65,,,,,12
018973756,2025,478061.59,,,,,12
018973756,2026,248182.59,,,,,4
018973993,2025,114580.55,,,,,9
018973993,2026,67623.0,,,,,4
018974019,2026,77252.53,,,,,3
018974084,2023,102003.99,,,,,2
018974084,2024,438526.04,,,,,12
018974084,2025,176227.95,,,,,12
018974084,2026,388444.43000000005,,,,,4
018974569,2025,185031.62000000002,,,,,10
018974569,2026,145574.57,,,,,4
018974686,2025,72664.61,,,,,3
018974686,2026,74513.25,,,,,4
018975276,2026,24076.47,,,,,1
018980250,2025,21287.48,,,,,2
018980250,2026,140420.29,,,,,4
018990138,2024,73970.32,,,,,6
018990138,2025,66507.51,,,,,12
018990138,2026,78427.33,,,,,4
018990403,2020,101842.82,,,,,5
018990403,2021,199646.16,,,,,12
018990403,2022,264540.32,,,,,12
018990403,2023,336798.47,,,,,12
018990403,2024,189755.19,,,,,12
018990403,2025,190960.47,,,,,12
018990403,2026,103546.56,,,,,4
018990409,2020,253724.51,,,,,6
018990409,2021,543733.69,,,,,11
018990409,2022,690395.74,,,,,12
018990409,2023,861486.65,,,,,12
018990409,2024,510861.95,,,,,12
018990409,2025,376014.63,,,,,12
018990409,2026,262242.53,,,,,4
018990528,2026,20962.07,,,,,2
018990732,2023,254714.2,,,,,10
018990732,2024,224933.27,,,,,12
018990732,2025,190167.28,,,,,12
018990732,2026,42284.41,,,,,4
018990740,2024,234948.78,,,,,11
018990740,2025,90164.64,,,,,12
018990740,2026,61780.12,,,,,4
018991606,2025,71323.51,,,,,11
018991606,2026,85946.02,,,,,4
018991709,2025,49537.49,,,,,2
018991709,2026,104716.66,,,,,4
018992058,2025,81877.72,,,,,6
018992058,2026,72063.66,,,,,4
018992274,2025,19077.24,,,,,8
018992274,2026,132889.76,,,,,4
018992366,2022,576704.52,,,,,11
018992366,2023,816729.26,,,,,12
018992366,2024,806180.62,,,,,12
018992366,2025,260058.11,,,,,12
018992366,2026,295256.73,,,,,4
018992863,2026,54985.1,,,,,3
018993142,2026,220221.7,,,,,4
018993949,2025,65232.04,,,,,9
018993949,2026,85382.47,,,,,3
018994346,2025,92613.01,,,,,8
018994346,2026,28286.84,,,,,3
018994612,2026,48750.83,,,,,2
018994615,2025,22209.49,,,,,2
018994615,2026,131211.16999999998,,,,,4
018994677,2025,161381.94,,,,,9
018994677,2026,55744.52,,,,,4
018994680,2024,28711.27,,,,,6
018994680,2025,158882.42,,,,,12
018994680,2026,32063.61,,,,,3
018994685,2025,158657.65,,,,,10
018994685,2026,43543.87,,,,,4
018994691,2024,406509.57,,,,,11
018994691,2025,225835.36,,,,,12
018994691,2026,199038.66,,,,,4
018995317,2026,2988.36,,,,,2
019000150,2023,113594.58,,,,,7
019000150,2024,214845.3,,,,,12
019000150,2025,75310.2,,,,,12
019000150,2026,127354.58,,,,,4
019000480,2024,124499.45,,,,,8
019000480,2025,40056.39,,,,,12
019000480,2026,45926.49,,,,,4
019006075,2025,3189.12,,,,,2
019006075,2026,21154.12,,,,,4
019012837,2022,254154.97,,,,,3
019012837,2023,971180.72,,,,,12
019012837,2024,786599.03,,,,,12
019012837,2025,197703.6,,,,,12
019012837,2026,444890.75,,,,,4
019012838,2023,36910.04,,,,,2
019012838,2024,275942.36,,,,,12
019012838,2025,104158.83,,,,,12
019012838,2026,91308.09,,,,,4
019013051,2025,96593.05,,,,,9
019013051,2026,37748.47,,,,,4
019013249,2023,34672.69,,,,,2
019013249,2024,185625.94,,,,,12
019013249,2025,145131.89,,,,,12
019013249,2026,127820.9,,,,,4
019013742,2025,666784.88,,,,,11
019013742,2026,232527.49,,,,,4
019014491,2025,28684.44,,,,,2
019014491,2026,96320.36,,,,,4
019014775,2024,69426.8,,,,,9
019014775,2025,94591.22,,,,,12
019014775,2026,42668.71,,,,,4
019014781,2024,70275.95999999999,,,,,9
019014781,2025,80100.59,,,,,12
019014781,2026,115569.18,,,,,4
019015206,2020,332931.02999999997,,,,,5
019015206,2021,466771.79,,,,,12
019015206,2022,611689.5,,,,,12
019015206,2023,602059.01,,,,,12
019015206,2024,370759.85,,,,,12
019015206,2025,419962.75,,,,,12
019015206,2026,193285.23,,,,,4
019015220,2024,44803.22,,,,,6
019015220,2025,698027.08,,,,,12
019015220,2026,35325.51,,,,,4
019015304,2025,13328.74,,,,,1
019015304,2026,151306.69,,,,,4
019015307,2023,25035.78,,,,,1
019015307,2024,199846.85,,,,,12
019015307,2025,97551.93000000001,,,,,11
019015307,2026,62804.77,,,,,4
019015687,2026,64983.08,,,,,2
019015804,2024,60506.26,,,,,6
019015804,2025,28111.239999999998,,,,,10
019015804,2026,71849.99,,,,,4
019015827,2023,15503.64,,,,,1
019015827,2024,72018.69,,,,,12
019015827,2025,137030.21,,,,,11
019015827,2026,91369.97,,,,,4
019015917,2025,38047.22,,,,,9
019015917,2026,104080.87999999999,,,,,4
019015923,2024,57758.34,,,,,9
019015923,2025,94377.17,,,,,12
019015923,2026,120884.41,,,,,4
019016016,2025,73878.04999999999,,,,,3
019016016,2026,201400.99,,,,,4
019016061,2023,87269.69,,,,,2
019016061,2024,720570.35,,,,,12
019016061,2025,182758.85,,,,,12
019016061,2026,291136.46,,,,,4
019016165,2023,4959.25,,,,,1
019016165,2024,99115.19,,,,,12
019016165,2025,81410.47,,,,,12
019016165,2026,44833.18,,,,,4
019016167,2023,121871.45999999999,,,,,11
019016167,2024,58278.01,,,,,12
019016167,2025,58335.45,,,,,12
019016167,2026,21457.68,,,,,4
019016203,2024,110310.89,,,,,8
019016203,2025,204934.53,,,,,12
019016203,2026,44896.41,,,,,4
019018730,2024,78103.84,,,,,5
019018730,2025,110999.64,,,,,12
019018730,2026,195603.69,,,,,3
019024480,2024,19569.06,,,,,2
019024480,2025,115700.89,,,,,11
019024480,2026,96511.6,,,,,4
019028267,2024,22663.4,,,,,6
019028267,2025,190887.16,,,,,10
019028267,2026,266912.26,,,,,4
019028632,2026,56205.39,,,,,2
019028636,2020,245519.99,,,,,6
019028636,2021,371857.59,,,,,12
019028636,2022,441093.24,,,,,12
019028636,2023,608549.33,,,,,12
019028636,2024,376112.95,,,,,12
019028636,2025,151812.16,,,,,12
019028636,2026,112033.72,,,,,4
019028644,2025,50216.98,,,,,11
019028644,2026,41569.89,,,,,4
019028694,2024,71309.58,,,,,8
019028694,2025,193898.0,,,,,11
019028694,2026,30677.38,,,,,4
019032671,2025,65692.51999999999,,,,,9
019032671,2026,65203.76,,,,,4
019033110,2025,88644.7,,,,,8
019033110,2026,63245.950000000004,,,,,4
019034793,2023,46441.55,,,,,8
019034793,2024,138867.58,,,,,12
019034793,2025,123363.76,,,,,12
019034793,2026,55864.54,,,,,4
019035039,2024,157139.74,,,,,10
019035039,2025,221659.96,,,,,12
019035039,2026,94455.7,,,,,4
019035048,2023,234724.33,,,,,8
019035048,2024,136469.68,,,,,11
019035048,2025,114198.9,,,,,12
019035048,2026,42649.53,,,,,4
019035085,2020,176703.74,,,,,6
019035085,2021,298789.71,,,,,12
019035085,2022,362618.72,,,,,12
019035085,2023,560852.35,,,,,12
019035085,2024,198571.56,,,,,12
019035085,2025,155424.87,,,,,12
019035085,2026,222730.46000000002,,,,,4
019035162,2025,8866.14,,,,,2
019035162,2026,102881.61,,,,,4
019035287,2024,128279.56,,,,,8
019035287,2025,54537.840000000004,,,,,12
019035287,2026,32170.89,,,,,4
019035295,2025,80816.25,,,,,8
019035295,2026,15313.34,,,,,4
019035409,2024,48881.130000000005,,,,,3
019035409,2025,168099.21,,,,,12
019035409,2026,103167.03,,,,,4
019035617,2024,28529.14,,,,,2
019035617,2025,66390.59,,,,,12
019035617,2026,73171.39,,,,,4
019035843,2024,337938.15,,,,,9
019035843,2025,184045.03,,,,,12
019035843,2026,122269.62999999999,,,,,4
019036824,2025,8439.01,,,,,7
019036824,2026,91603.71,,,,,3
019036828,2024,26159.97,,,,,3
019036828,2025,50269.25,,,,,11
019036828,2026,74662.20999999999,,,,,3
019037021,2025,39025.29,,,,,10
019037021,2026,173729.02,,,,,4
019037046,2025,12093.66,,,,,2
019037046,2026,44006.14,,,,,3
019037477,2025,31960.739999999998,,,,,3
019037477,2026,89144.44,,,,,4
019042653,2026,61251.17,,,,,2
019043404,2026,255785.99,,,,,4
019047613,2020,166795.46,,,,,6
019047613,2021,334946.04,,,,,12
019047613,2022,412628.02,,,,,12
019047613,2023,388298.58,,,,,12
019047613,2024,462779.08999999997,,,,,12
019047613,2025,210897.23,,,,,11
019047613,2026,184861.22,,,,,4
019047864,2024,89991.66,,,,,6
019047864,2025,79841.0,,,,,11
019047864,2026,168322.41999999998,,,,,4
019048038,2023,282226.39,,,,,12
019048038,2024,160584.59,,,,,12
019048038,2025,145897.13,,,,,12
019048038,2026,140212.94,,,,,4
019048041,2024,139909.19,,,,,10
019048041,2025,101097.02,,,,,12
019048041,2026,43767.25,,,,,4
019048218,2025,13097.82,,,,,2
019048218,2026,66809.86,,,,,4
019048294,2024,150758.6,,,,,10
019048294,2025,141674.8,,,,,12
019048294,2026,52439.11,,,,,4
019048542,2024,76483.28,,,,,5
019048542,2025,126806.81,,,,,12
019048542,2026,74363.53,,,,,4
019049054,2024,82602.71,,,,,12
019049054,2025,31883.03,,,,,12
019049054,2026,37333.38,,,,,4
019049434,2023,47413.98,,,,,2
019049434,2024,204404.78,,,,,12
019049434,2025,106197.74,,,,,12
019049434,2026,231463.41,,,,,4
019049435,2023,35956.72,,,,,1
019049435,2024,169064.91999999998,,,,,12
019049435,2025,88560.2,,,,,12
019049435,2026,31854.61,,,,,4
019052729,2022,199870.99,,,,,5
019052729,2023,557109.51,,,,,12
019052729,2024,311724.19,,,,,12
019052729,2025,200314.38999999998,,,,,11
019052729,2026,154595.94999999998,,,,,4
019053144,2023,9350.89,,,,,1
019053144,2024,45738.97,,,,,12
019053144,2025,68373.85,,,,,12
019053144,2026,32934.09,,,,,4
019053609,2023,87493.26,,,,,7
019053609,2024,168387.16,,,,,12
019053609,2025,108947.41,,,,,12
019053609,2026,60164.08,,,,,4
019054582,2024,116863.16,,,,,5
019054582,2025,131366.28,,,,,12
019054582,2026,44944.96,,,,,4
019054585,2023,210741.3,,,,,12
019054585,2024,137064.91,,,,,12
019054585,2025,189884.16,,,,,12
019054585,2026,95079.51,,,,,4
019054587,2025,26232.44,,,,,4
019054587,2026,134460.46,,,,,4
019054656,2024,127551.09,,,,,11
019054656,2025,64752.76,,,,,11
019054656,2026,90575.57,,,,,4
019054661,2024,164928.48,,,,,12
019054661,2025,91874.15,,,,,12
019054661,2026,47783.08,,,,,4
019054832,2026,7054.76,,,,,1
019054845,2025,8989.77,,,,,1
019054845,2026,63073.8,,,,,4
019055168,2024,117898.40000000001,,,,,12
019055168,2025,128711.56,,,,,12
019055168,2026,43662.46,,,,,4
019055460,2026,48176.020000000004,,,,,3
019070372,2024,95329.56,,,,,10
019070372,2025,102248.01,,,,,12
019070372,2026,58426.03,,,,,4
019070373,2025,80980.04000000001,,,,,8
019070373,2026,72877.45,,,,,4
019071369,2025,145070.83,,,,,9
019071369,2026,152603.21,,,,,4
019071388,2025,47171.29,,,,,3
019071388,2026,86708.48999999999,,,,,4
019072439,2025,55793.23,,,,,5
019072439,2026,72174.67,,,,,4
019072719,2024,107016.92,,,,,6
019072719,2025,172074.15,,,,,12
019072719,2026,294800.49,,,,,4
019072900,2025,35792.58,,,,,7
019072900,2026,125078.87000000001,,,,,4
019072904,2025,148335.19,,,,,9
019072904,2026,370009.44999999995,,,,,4
019072941,2020,134601.54,,,,,6
019072941,2021,295312.27,,,,,12
019072941,2022,317212.01,,,,,12
019072941,2023,500649.91,,,,,12
019072941,2024,288090.68,,,,,12
019072941,2025,173579.06,,,,,12
019072941,2026,193079.24,,,,,4
019072944,2020,177738.81,,,,,6
019072944,2021,338855.17,,,,,12
019072944,2022,336089.07,,,,,12
019072944,2023,496481.97000000003,,,,,12
019072944,2024,343916.23,,,,,12
019072944,2025,282755.73,,,,,12
019072944,2026,192618.88,,,,,4
019072945,2020,205061.46,,,,,6
019072945,2021,285278.06,,,,,12
019072945,2022,295493.19,,,,,12
019072945,2023,426123.57,,,,,12
019072945,2024,322483.95,,,,,12
019072945,2025,133404.14,,,,,12
019072945,2026,188642.19999999998,,,,,4
019072955,2020,183771.68,,,,,6
019072955,2021,395816.43,,,,,12
019072955,2022,494393.33,,,,,12
019072955,2023,619739.34,,,,,12
019072955,2024,240278.24,,,,,12
019072955,2025,281202.64,,,,,12
019072955,2026,118091.22,,,,,4
019073636,2025,90433.6,,,,,9
019073636,2026,151433.56,,,,,4
019073688,2022,41308.87,,,,,2
019073688,2023,191577.34,,,,,12
019073688,2024,131740.21,,,,,12
019073688,2025,52221.28,,,,,12
019073688,2026,35105.71,,,,,4
019075093,2024,87208.15,,,,,9
019075093,2025,97355.15000000001,,,,,12
019075093,2026,169453.0,,,,,4
019075097,2026,12991.859999999999,,,,,1
019075714,2025,59221.15,,,,,9
019075714,2026,114273.29000000001,,,,,4
019076301,2024,189667.46,,,,,12
019076301,2025,128125.93,,,,,12
019076301,2026,80419.3,,,,,4
019076390,2020,206111.42,,,,,6
019076390,2021,326142.07,,,,,12
019076390,2022,351287.27999999997,,,,,12
019076390,2023,478288.68,,,,,12
019076390,2024,254451.01,,,,,12
019076390,2025,147753.77,,,,,12
019076390,2026,101581.59,,,,,4
019076394,2020,552485.22,,,,,6
019076394,2021,1386767.77,,,,,12
019076394,2022,1405851.83,,,,,12
019076394,2023,1654701.94,,,,,12
019076394,2024,1128596.66,,,,,12
019076394,2025,584638.0,,,,,12
019076394,2026,598913.86,,,,,4
019076542,2024,236488.30000000002,,,,,12
019076542,2025,441286.94,,,,,12
019076542,2026,264053.78,,,,,4
019076552,2025,158004.43,,,,,10
019076552,2026,117944.42,,,,,4
019076554,2024,128739.12,,,,,8
019076554,2025,80479.86,,,,,12
019076554,2026,39264.33,,,,,4
019092235,2026,6175.34,,,,,1
019098739,2024,45400.28,,,,,5
019098739,2025,68870.51000000001,,,,,11
019098739,2026,79589.04,,,,,4
019099203,2025,150843.75,,,,,11
019099203,2026,110921.09999999999,,,,,4
019099204,2024,110630.99,,,,,6
019099204,2025,269819.68,,,,,11
019099204,2026,73743.97,,,,,4
019099614,2023,120600.93,,,,,7
019099614,2024,222600.63999999998,,,,,12
019099614,2025,198504.99000000002,,,,,11
019099614,2026,73157.54,,,,,4
019100830,2023,193116.44,,,,,7
019100830,2024,268684.22000000003,,,,,12
019100830,2025,178292.58,,,,,12
019100830,2026,110097.79000000001,,,,,4
019100870,2026,59545.689999999995,,,,,4
019100972,2025,12369.49,,,,,2
019100972,2026,67161.25,,,,,4
019101036,2026,27037.12,,,,,1
019101743,2025,11142.69,,,,,2
019101743,2026,145631.09,,,,,4
019101794,2025,41359.42,,,,,5
019101794,2026,74685.65,,,,,4
019103154,2023,9304.109999999999,,,,,1
019103154,2024,172116.44,,,,,12
019103154,2025,103848.69,,,,,12
019103154,2026,132314.09,,,,,4
019104011,2025,603.87,,,,,1
019104011,2026,104947.23,,,,,4
019104377,2024,217444.87,,,,,11
019104377,2025,108150.03,,,,,11
019104377,2026,53175.12,,,,,4
019104380,2025,4329.48,,,,,2
019104380,2026,44338.41,,,,,3
019104383,2023,192436.36000000002,,,,,2
019104383,2024,415664.14,,,,,12
019104383,2025,238289.45,,,,,11
019104383,2026,159745.09,,,,,4
019105027,2025,113350.99,,,,,10
019105027,2026,96961.98,,,,,4
019105044,2024,226556.84,,,,,9
019105044,2025,140829.36000000002,,,,,12
019105044,2026,104619.18000000001,,,,,4
019105141,2024,366788.0,,,,,9
019105141,2025,124622.45,,,,,12
019105141,2026,244094.74,,,,,4
019105193,2025,51973.659999999996,,,,,11
019105193,2026,100339.29,,,,,4
019110273,2025,9077.9,,,,,3
019110273,2026,48807.66,,,,,4
019111896,2020,539357.83,,,,,6
019111896,2021,1417631.04,,,,,12
019111896,2022,1728639.59,,,,,12
019111896,2023,1756798.17,,,,,12
019111896,2024,1550315.8,,,,,12
019111896,2025,834309.77,,,,,12
019111896,2026,784267.81,,,,,4
019113683,2025,82341.28,,,,,5
019113683,2026,11922.35,,,,,4
019123956,2025,148872.71,,,,,9
019123956,2026,98774.92,,,,,4
019123965,2025,57829.44,,,,,8
019123965,2026,36861.21,,,,,4
019124026,2024,38034.83,,,,,3
019124026,2025,55195.71,,,,,12
019124026,2026,79940.05,,,,,4
019124027,2023,78545.39,,,,,1
019124027,2024,261509.66,,,,,12
019124027,2025,174248.61,,,,,12
019124027,2026,67893.61,,,,,4
019124106,2025,9730.53,,,,,2
019124106,2026,90556.47,,,,,4
019124207,2020,287792.29,,,,,6
019124207,2021,592997.23,,,,,12
019124207,2022,523963.15,,,,,12
019124207,2023,742265.84,,,,,12
019124207,2024,523891.13,,,,,12
019124207,2025,226048.9,,,,,12
019124207,2026,207366.18,,,,,4
019124213,2020,149803.94,,,,,6
019124213,2021,307395.48,,,,,12
019124213,2022,319592.36,,,,,12
019124213,2023,442844.04,,,,,12
019124213,2024,284040.49,,,,,12
019124213,2025,114840.85,,,,,12
019124213,2026,124256.78,,,,,4
019124272,2024,75914.26999999999,,,,,11
019124272,2025,63853.81,,,,,12
019124272,2026,36526.02,,,,,4
019124636,2024,123490.11,,,,,10
019124636,2025,102062.56,,,,,12
019124636,2026,33265.29,,,,,4
019124643,2023,11148.92,,,,,2
019124643,2024,141302.0,,,,,12
019124643,2025,22690.85,,,,,12
019124643,2026,39309.83,,,,,4
019124823,2024,116995.91,,,,,12
019124823,2025,86530.33,,,,,12
019124823,2026,95652.93000000001,,,,,4
019125255,2024,252327.44,,,,,5
019125255,2025,226150.05,,,,,12
019125255,2026,320897.58,,,,,4
019125259,2024,195971.4,,,,,8
019125259,2025,121351.11,,,,,11
019125259,2026,125183.38,,,,,4
019125263,2026,32171.93,,,,,2
019126436,2026,35781.799999999996,,,,,2
019126587,2025,28895.6,,,,,2
019126587,2026,31322.19,,,,,4
019126959,2024,128180.53,,,,,11
019126959,2025,62091.979999999996,,,,,12
019126959,2026,97955.02,,,,,4
019126963,2023,7899.99,,,,,1
019126963,2024,239784.66999999998,,,,,12
019126963,2025,173937.66,,,,,12
019126963,2026,92011.06,,,,,4
019126970,2024,33465.82,,,,,3
019126970,2025,51551.93,,,,,12
019126970,2026,56527.49,,,,,4
019126989,2023,81820.34,,,,,1
019126989,2024,222834.47,,,,,12
019126989,2025,122182.05,,,,,11
019126989,2026,56832.33,,,,,4
019132819,2025,136053.45,,,,,10
019132819,2026,65622.48999999999,,,,,3
019133198,2022,148468.0,,,,,6
019133198,2023,448278.28,,,,,12
019133198,2024,346794.62,,,,,12
019133198,2025,61185.18,,,,,12
019133198,2026,82158.3,,,,,4
019133655,2024,173235.11000000002,,,,,6
019133655,2025,195588.28999999998,,,,,11
019133655,2026,46333.69,,,,,4
019133902,2023,179566.63999999998,,,,,2
019133902,2024,105446.19,,,,,12
019133902,2025,37215.090000000004,,,,,11
019133902,2026,153548.19,,,,,4
019134163,2025,98303.79,,,,,11
019134163,2026,62343.97,,,,,4
019134170,2026,11392.800000000001,,,,,2
019134475,2025,47886.0,,,,,10
019134475,2026,50387.19,,,,,4
019134697,2025,60539.97,,,,,10
019134697,2026,77272.7,,,,,4
019134815,2026,41692.12,,,,,2
019134819,2024,13711.27,,,,,2
019134819,2025,29851.53,,,,,12
019134819,2026,85208.62,,,,,4
019134905,2025,68514.37,,,,,12
019134905,2026,55152.45,,,,,4
019134989,2025,70577.59,,,,,2
019134989,2026,433794.53,,,,,4
019135813,2023,173154.81,,,,,9
019135813,2024,177588.19999999998,,,,,11
019135813,2025,213070.72,,,,,12
019135813,2026,15082.85,,,,,4
019137172,2025,12318.36,,,,,2
019137172,2026,62077.74,,,,,4
019138134,2020,93610.24,,,,,5
019138134,2021,134153.56,,,,,12
019138134,2022,150910.1,,,,,11
019138134,2023,343421.86,,,,,12
019138134,2024,282280.87,,,,,12
019138134,2025,120251.66,,,,,12
019138134,2026,86563.84,,,,,4
019138138,2025,28406.45,,,,,9
019138138,2026,77183.48,,,,,3
019138144,2020,150418.68,,,,,6
019138144,2021,305501.82,,,,,12
019138144,2022,366260.20999999996,,,,,12
019138144,2023,542465.05,,,,,12
019138144,2024,386587.31,,,,,12
019138144,2025,281302.6,,,,,11
019138144,2026,149455.19,,,,,4
019138620,2025,21355.42,,,,,7
019138620,2026,120971.89,,,,,4
019138806,2025,70133.82,,,,,9
019138806,2026,66428.14,,,,,4
019139342,2025,46722.369999999995,,,,,8
019139342,2026,21037.94,,,,,4
019139656,2022,31698.83,,,,,3
019139656,2023,146776.1,,,,,12
019139656,2024,106392.54000000001,,,,,12
019139656,2025,29806.97,,,,,12
019139656,2026,103047.55,,,,,4
019139657,2025,19665.9,,,,,3
019139657,2026,78295.33,,,,,4
019139707,2023,163981.36,,,,,10
019139707,2024,97392.81,,,,,12
019139707,2025,56673.64,,,,,12
019139707,2026,42320.44,,,,,4
019141730,2026,33334.36,,,,,1
019164077,2024,208440.86,,,,,10
019164077,2025,236565.74000000002,,,,,11
019164077,2026,76938.68,,,,,4
019164110,2023,19276.41,,,,,1
019164110,2024,148551.76,,,,,12
019164110,2025,92037.26,,,,,12
019164110,2026,75269.99,,,,,3
019164120,2023,1353.56,,,,,1
019164120,2024,85994.01,,,,,12
019164201,2023,13030.89,,,,,2
019164201,2024,390311.93,,,,,11
019164201,2025,51249.09,,,,,12
019164201,2026,172772.71,,,,,4
019165335,2024,22683.32,,,,,6
019165335,2025,63951.31,,,,,12
019165335,2026,159378.29,,,,,4
019165337,2026,40996.810000000005,,,,,1
019165457,2025,5755.01,,,,,2
019165457,2026,90672.28,,,,,4
019165459,2024,20191.989999999998,,,,,6
019165459,2025,125346.2,,,,,12
019165459,2026,65336.22,,,,,4
019165468,2022,95034.09,,,,,5
019165468,2023,469427.66,,,,,12
019165468,2024,220797.82,,,,,12
019165468,2025,151990.47,,,,,12
019165468,2026,88023.1,,,,,4
019165525,2024,347902.16000000003,,,,,6
019165525,2025,454066.6,,,,,12
019165525,2026,444018.01,,,,,4
019171320,2022,222313.29,,,,,6
019171320,2023,511433.41000000003,,,,,12
019171320,2024,230904.94,,,,,12
019171320,2025,189126.02,,,,,12
019171320,2026,90348.22,,,,,4
019171388,2025,6408.75,,,,,1
019171388,2026,133962.63999999998,,,,,4
019172529,2025,357471.39,,,,,11
019172529,2026,191539.96000000002,,,,,3
019172719,2025,57273.08000000001,,,,,9
019172719,2026,78069.98,,,,,4
019172831,2025,15329.88,,,,,3
019172831,2026,88226.58,,,,,4
019172864,2020,182185.7,,,,,6
019172864,2021,370809.45,,,,,12
019172864,2022,555235.37,,,,,12
019172864,2023,643907.12,,,,,12
019172864,2024,368772.25,,,,,12
019172864,2025,206549.73,,,,,12
019172864,2026,229145.22,,,,,4
019172867,2020,274170.14,,,,,6
019172867,2021,574410.04,,,,,11
019172867,2022,752618.04,,,,,12
019172867,2023,892590.13,,,,,12
019172867,2024,576276.6900000001,,,,,12
019172867,2025,310881.42,,,,,12
019172867,2026,289276.3,,,,,4
019172868,2020,140266.88,,,,,6
019172868,2021,253867.88,,,,,12
019172868,2022,268112.9,,,,,12
019172868,2023,352341.54,,,,,12
019172868,2024,246801.77000000002,,,,,12
019172868,2025,103542.27,,,,,12
019172868,2026,149684.48,,,,,4
019172872,2020,253808.12,,,,,6
019172872,2021,491615.38,,,,,12
019172872,2022,526404.42,,,,,12
019172872,2023,687190.3,,,,,12
019172872,2024,361660.31,,,,,12
019172872,2025,355129.03,,,,,12
019172872,2026,188944.09,,,,,4
019172874,2020,263909.95,,,,,6
019172874,2021,365808.04,,,,,12
019172874,2022,457303.33,,,,,12
019172874,2023,602516.63,,,,,12
019172874,2024,475695.35,,,,,12
019172874,2025,237106.74,,,,,12
019172874,2026,148277.44,,,,,4
019173583,2023,29212.420000000002,,,,,1
019173583,2024,408379.17,,,,,12
019173583,2025,181938.09,,,,,12
019173583,2026,117175.98,,,,,4
019174752,2024,163832.81,,,,,9
019174752,2025,98262.5,,,,,12
019174752,2026,31072.39,,,,,4
019174761,2023,113516.91000000002,,,,,1
019174761,2024,286940.08,,,,,12
019174761,2025,227928.3,,,,,12
019174761,2026,99450.55,,,,,4
019174908,2020,332900.53,,,,,6
019174908,2021,328266.92,,,,,12
019174908,2022,625170.11,,,,,12
019174908,2023,672222.84,,,,,12
019174908,2024,560652.61,,,,,12
019174908,2025,170482.99,,,,,12
019174908,2026,191334.32,,,,,4
019174909,2020,279997.42,,,,,6
019174909,2021,346697.36,,,,,12
019174909,2022,371155.69,,,,,12
019174909,2023,502925.81,,,,,12
019174909,2024,333808.93,,,,,12
019174909,2025,184268.13,,,,,12
019174909,2026,162219.44,,,,,4
019174910,2020,80440.98,,,,,6
019174910,2021,103353.32,,,,,12
019174910,2022,169272.71,,,,,12
019174910,2023,215061.98,,,,,12
019174910,2024,136512.9,,,,,12
019174910,2025,78205.71,,,,,11
019174910,2026,65254.5,,,,,4
019175801,2024,33987.79,,,,,3
019175801,2025,46724.03,,,,,12
019175801,2026,130893.79,,,,,4
019175803,2024,56995.43,,,,,5
019175803,2025,117547.37000000001,,,,,12
019175803,2026,81236.31,,,,,4
019176238,2024,54044.020000000004,,,,,2
019176238,2025,80885.89,,,,,12
019176238,2026,30273.8,,,,,3
019176287,2025,30566.07,,,,,8
019176287,2026,96920.54,,,,,3
019176734,2025,245140.59,,,,,11
019176734,2026,354817.61,,,,,4
019176735,2024,54168.46,,,,,5
019176735,2025,68771.54,,,,,12
019176735,2026,118296.09,,,,,4
019177268,2025,828.67,,,,,1
019177268,2026,16242.199999999999,,,,,3
019177901,2024,117345.78,,,,,6
019177901,2025,219600.97,,,,,12
019177901,2026,134562.27,,,,,4
019177912,2023,11025.06,,,,,1
019177912,2024,112294.72,,,,,12
019177912,2025,50669.29,,,,,12
019177912,2026,61592.88,,,,,4
019178119,2020,185271.25,,,,,6
019178119,2021,366609.25,,,,,12
019178119,2022,429991.8,,,,,12
019178119,2023,531646.45,,,,,12
019178119,2024,348093.43,,,,,12
019178119,2025,75754.84999999999,,,,,12
019178119,2026,141916.25,,,,,4
019178200,2024,728.3199999999999,,,,,2
019178200,2025,99119.47,,,,,12
019178200,2026,77260.23,,,,,4
019191382,2025,61633.090000000004,,,,,10
019191382,2026,153219.12,,,,,4
019192821,2026,51928.53,,,,,1
019192822,2024,476144.25,,,,,12
019192822,2025,116939.06,,,,,12
019192822,2026,135668.46,,,,,4
019193014,2023,213235.34,,,,,10
019193014,2024,255612.11,,,,,12
019193014,2025,265615.6,,,,,12
019193014,2026,108620.55,,,,,4
019193019,2024,296922.07,,,,,12
019193019,2025,92674.12,,,,,11
019193019,2026,43210.63,,,,,4
019201078,2024,49065.42,,,,,7
019201078,2025,120872.45,,,,,12
019201078,2026,36846.350000000006,,,,,4
019204598,2024,8904.06,,,,,2
019204598,2025,82239.36,,,,,11
019204598,2026,35802.83,,,,,4
019204926,2026,101424.31,,,,,3
019204930,2024,68320.28,,,,,7
019204930,2025,84380.58,,,,,12
019204930,2026,73012.96,,,,,4
019205232,2024,135808.72,,,,,10
019205232,2025,179710.53,,,,,11
019205232,2026,108036.11,,,,,4
019206171,2025,55653.97,,,,,11
019206171,2026,88149.44,,,,,4
019206194,2025,68965.24,,,,,9
019206194,2026,43291.16,,,,,4
019707010,2023,275445.81,,,,,7
019707010,2024,296231.46,,,,,12
019707010,2025,286217.63,,,,,12
019707010,2026,162303.53,,,,,4
019707774,2024,77876.92,,,,,3
019707774,2025,136893.71,,,,,11
019707774,2026,107483.36,,,,,4
019718779,2024,18757.32,,,,,2
019718779,2025,121358.01,,,,,12
019718779,2026,101362.48,,,,,4
019724439,2024,81265.94,,,,,5
019724439,2025,282636.32,,,,,12
019724439,2026,107324.46,,,,,4
019733492,2024,73863.14,,,,,6
019733492,2025,378995.45999999996,,,,,12
019733492,2026,293939.3,,,,,4
019736688,2023,13074.8,,,,,2
019736688,2024,202542.73,,,,,12
019736688,2025,159948.05,,,,,12
019736688,2026,91721.67,,,,,4
019736691,2024,135189.9,,,,,11
019736691,2025,172568.59,,,,,12
019736691,2026,76118.06,,,,,4
019736692,2024,7832.860000000001,,,,,2
019736692,2025,211159.54,,,,,11
019736692,2026,56449.67,,,,,4
019740200,2024,37999.87,,,,,5
019740200,2025,155284.22,,,,,12
019740200,2026,157559.78,,,,,4
019742113,2025,167955.03,,,,,9
019742113,2026,345819.03,,,,,4
019745927,2024,6432.99,,,,,1
019745927,2025,213251.21,,,,,12
019745927,2026,241143.5,,,,,4
019749460,2023,71459.03,,,,,8
019749460,2024,263640.54000000004,,,,,12
019749473,2024,256708.13999999998,,,,,6
019749473,2025,228471.73,,,,,12
019749473,2026,246915.46,,,,,4
019749501,2024,101905.48,,,,,6
019749501,2025,28776.33,,,,,12
019749501,2026,22179.22,,,,,4
019751550,2024,114404.54000000001,,,,,6
019751550,2025,76669.2,,,,,12
019751550,2026,105392.6,,,,,4
019751603,2025,5070.83,,,,,1
019751603,2026,170582.13999999998,,,,,4
020210305,2024,114106.33,,,,,10
020210305,2025,43478.09,,,,,11
020210305,2026,36738.29,,,,,4
020925866,2020,233998.09,,,,,5
020925866,2021,710973.6,,,,,12
020925866,2022,820050.67,,,,,12
020925866,2023,1173501.43,,,,,12
020925866,2024,676021.05,,,,,12
020925866,2025,655950.21,,,,,12
020925866,2026,375509.59,,,,,4
020960186,2024,32389.91,,,,,7
020960186,2025,155287.12,,,,,12
020960186,2026,92656.22,,,,,4
020962162,2024,84101.73,,,,,10
020962162,2025,50516.28,,,,,12
020962162,2026,24679.2,,,,,4
020966881,2025,5291.79,,,,,1
020966881,2026,44509.28,,,,,4
020972067,2025,16583.21,,,,,2
020972067,2026,89907.32,,,,,4
020972856,2025,191174.12,,,,,9
020972856,2026,297040.08999999997,,,,,4
020974967,2025,148090.84,,,,,9
020974967,2026,104333.65,,,,,4
020986701,2025,114234.62,,,,,11
020986701,2026,65496.35,,,,,4
020986713,2025,73409.2,,,,,7
020986713,2026,26399.09,,,,,2
020986745,2024,0.0,,,,,1
020986745,2025,58671.89,,,,,11
020986745,2026,80225.91,,,,,4
020988776,2023,273618.66,,,,,8
020988776,2024,200665.46,,,,,12
020988776,2025,128304.18,,,,,12
020988776,2026,54017.96,,,,,4
021010133,2024,176321.05,,,,,9
021010133,2025,137155.34,,,,,12
021010133,2026,33756.8,,,,,4
021010135,2025,97449.51,,,,,3
021010135,2026,317206.35,,,,,4
021021750,2024,45190.88,,,,,9
021021750,2025,56613.21,,,,,12
021023023,2025,42238.53,,,,,6
021023023,2026,135743.52,,,,,4
021023025,2024,17917.030000000002,,,,,1
021023025,2025,304573.91,,,,,12
021023025,2026,356014.95,,,,,4
021023036,2025,33073.71,,,,,2
021023036,2026,238261.78,,,,,4
021025716,2025,58070.630000000005,,,,,10
021025716,2026,145055.8,,,,,4
021321554,2024,384888.52,,,,,11
021321554,2025,241687.04,,,,,12
021321554,2026,103984.03,,,,,4
021621199,2024,93754.89,,,,,5
021621199,2025,229095.71,,,,,12
021621199,2026,156981.43,,,,,4
021623115,2023,169949.5,,,,,7
021623115,2024,139093.28,,,,,11
021623115,2025,61290.35,,,,,12
021623115,2026,137961.22,,,,,4
021644144,2025,26094.18,,,,,9
021644144,2026,47017.45,,,,,4
021653148,2025,140657.3,,,,,9
021653148,2026,65077.79,,,,,4
021654094,2025,113841.36,,,,,8
021654094,2026,339242.58,,,,,4
021655533,2024,235409.73,,,,,12
021655533,2025,148114.19,,,,,12
021655533,2026,46807.78,,,,,3
021681471,2025,141300.06,,,,,9
021681471,2026,72868.32,,,,,4
022305876,2024,347122.26,,,,,6
022305876,2025,520654.88,,,,,12
022305876,2026,416728.42,,,,,4
023204241,2020,338055.09,,,,,6
023204241,2021,858656.02,,,,,12
023204241,2022,611791.82,,,,,12
023204241,2023,1191370.28,,,,,12
023204241,2024,546278.53,,,,,12
023204241,2025,401870.95,,,,,12
023204241,2026,380903.21,,,,,4
023380029,2025,189524.69999999998,,,,,11
023380029,2026,210118.19,,,,,4
023392162,2023,307772.36,,,,,10
023392162,2024,227630.38,,,,,12
023392162,2025,77172.68,,,,,12
023392162,2026,53974.770000000004,,,,,4
023392442,2020,1033808.27,,,,,6
023392442,2021,939979.41,,,,,12
023392442,2022,828376.5,,,,,12
023392442,2023,1150719.92,,,,,12
023392442,2024,514322.47,,,,,12
023392442,2025,332393.96,,,,,12
023392442,2026,353422.67,,,,,4
023395382,2024,89338.47,,,,,9
023395382,2025,69342.71,,,,,12
023395382,2026,73551.11,,,,,4
023401129,2025,41179.75,,,,,3
023401129,2026,69993.61,,,,,4
024199550,2023,91936.69,,,,,3
024199550,2024,169067.39,,,,,12
024199550,2025,75967.64,,,,,12
024199550,2026,88963.98999999999,,,,,4
024205421,2024,184148.55,,,,,10
024205421,2025,77217.37,,,,,12
024205421,2026,58882.36,,,,,4
024205423,2024,234377.62,,,,,10
024205423,2025,150362.65,,,,,12
024205423,2026,184431.97,,,,,4
024258678,2025,55022.77,,,,,9
024258678,2026,98341.75,,,,,4
024259170,2024,184598.45,,,,,9
024259170,2025,124219.39,,,,,12
024259170,2026,83427.49,,,,,4
024261375,2025,55568.32,,,,,9
024261375,2026,44620.69,,,,,4
024262053,2026,90681.16,,,,,4
024265485,2025,110072.7,,,,,3
024265485,2026,94137.09,,,,,4
024265488,2024,111025.03,,,,,10
024265488,2025,139407.56,,,,,12
024265488,2026,26264.11,,,,,4
024265503,2023,231291.03,,,,,12
024265503,2024,188481.11000000002,,,,,12
024265503,2025,173372.21000000002,,,,,11
024265503,2026,98595.81999999999,,,,,4
024288570,2024,126950.14,,,,,10
024288570,2025,157015.84,,,,,12
024288570,2026,95678.02,,,,,4
024613316,2023,169700.66999999998,,,,,2
024613316,2024,92248.75,,,,,12
024613316,2025,54422.29,,,,,12
024613316,2026,33371.13,,,,,4
024615455,2023,34933.94,,,,,3
024615455,2024,83374.37,,,,,12
024615455,2025,77392.92,,,,,12
024615455,2026,175132.77,,,,,4
024619735,2024,18288.44,,,,,5
024619735,2025,39821.7,,,,,11
024619735,2026,26623.760000000002,,,,,4
024721926,2024,212328.73,,,,,6
024721926,2025,407419.15,,,,,12
024721926,2026,461661.94,,,,,4
025135028,2024,68902.56999999999,,,,,5
025135028,2025,263494.82,,,,,12
025135028,2026,148770.1,,,,,4
025136551,2023,113550.66,,,,,2
025136551,2024,31890.37,,,,,12
025180325,2025,12429.519999999999,,,,,2
025180325,2026,120376.48000000001,,,,,3
025233175,2023,32772.75,,,,,2
025233175,2024,87429.97,,,,,12
025233175,2025,21059.13,,,,,11
025233175,2026,44403.67,,,,,4
025242329,2020,135284.1,,,,,6
025242329,2021,262472.1,,,,,12
025242329,2022,252521.78,,,,,12
025242329,2023,281891.34,,,,,12
025242329,2024,315339.96,,,,,12
025242329,2025,99406.92,,,,,12
025242329,2026,139809.21,,,,,4
026044547,2024,265065.69,,,,,12
026044547,2025,69807.55,,,,,11
026044547,2026,42300.42,,,,,4
026053239,2025,320486.37,,,,,5
026053239,2026,214732.63999999998,,,,,4
026078354,2024,432532.58,,,,,11
026078354,2025,329963.42,,,,,12
026078354,2026,232718.41999999998,,,,,4
026078732,2024,138992.59,,,,,8
026078732,2025,60996.56,,,,,12
026078732,2026,138828.41999999998,,,,,4
026084044,2024,62790.75,,,,,6
026084044,2025,70609.11,,,,,12
026084044,2026,124675.37,,,,,4
026111852,2026,252781.72,,,,,2
026112441,2026,53474.299999999996,,,,,1
026113813,2024,144020.52000000002,,,,,5
026113813,2025,235660.7,,,,,12
026113813,2026,293346.11,,,,,4
026115764,2023,209525.14,,,,,8
026115764,2024,467567.54,,,,,12
026115764,2025,162737.1,,,,,12
026115764,2026,361929.76,,,,,4
026319531,2024,252305.82,,,,,12
026319531,2025,93762.36,,,,,12
026319531,2026,60461.46,,,,,4
026321613,2025,207429.73,,,,,11
026321613,2026,301632.39999999997,,,,,4
026321657,2026,24824.63,,,,,3
026322645,2024,212258.57,,,,,10
026322645,2025,122204.82,,,,,12
026322645,2026,49681.799999999996,,,,,4
026323700,2023,167704.53999999998,,,,,3
026323700,2024,153354.17,,,,,12
026323700,2025,78689.41,,,,,12
026323700,2026,87140.39,,,,,4
026323719,2024,314515.54,,,,,10
026323719,2025,99443.79000000001,,,,,12
026323719,2026,58502.950000000004,,,,,4
026324838,2024,792542.47,,,,,12
026324838,2025,506142.17,,,,,12
026324838,2026,363133.09,,,,,4
026325508,2024,259163.55,,,,,7
026325508,2025,158923.35,,,,,12
026325508,2026,134471.44,,,,,4
026325568,2025,187201.26,,,,,10
026325568,2026,120303.34,,,,,4
026327179,2023,237081.23,,,,,7
026327179,2024,181816.69,,,,,12
026327179,2025,54963.56,,,,,12
026327179,2026,40120.78,,,,,4
026327182,2023,3356.85,,,,,1
026327182,2024,314379.89999999997,,,,,12
026327182,2025,112354.02,,,,,12
026327182,2026,90380.85,,,,,4
026327633,2026,129814.67,,,,,3
026327720,2025,67898.33,,,,,10
026327720,2026,28442.300000000003,,,,,4
026327810,2025,8129.86,,,,,2
026327810,2026,157573.69,,,,,4
026328517,2026,21104.34,,,,,3
026328547,2024,346448.43,,,,,9
026328547,2025,102978.35,,,,,12
026328547,2026,181465.42,,,,,4
026328548,2023,93240.01,,,,,3
026328548,2024,230805.62,,,,,12
026328548,2025,150055.93,,,,,12
026328548,2026,106085.06999999999,,,,,4
026328575,2023,23632.91,,,,,2
026328575,2024,146814.89,,,,,12
026328575,2025,100141.44,,,,,12
026328575,2026,122363.09,,,,,4
026328688,2023,575616.29,,,,,12
026328688,2024,452848.62,,,,,12
026328688,2025,80274.13,,,,,12
026328688,2026,235003.07,,,,,4
026330991,2026,203508.47,,,,,2
026331028,2023,4012.98,,,,,2
026331028,2024,165839.74,,,,,12
026331064,2026,265682.07,,,,,2
026331236,2023,126795.88,,,,,8
026331236,2024,85228.74,,,,,12
026331236,2025,30356.75,,,,,12
026331236,2026,26153.21,,,,,4
026331237,2025,79258.73,,,,,12
026331237,2026,94663.5,,,,,3
026331535,2023,319192.29000000004,,,,,10
026331535,2024,200340.38999999998,,,,,12
026331535,2025,197295.6,,,,,11
026331535,2026,116008.87000000001,,,,,4
026331700,2024,146022.18,,,,,9
026331700,2025,87741.68,,,,,12
026331700,2026,39523.159999999996,,,,,4
026331701,2023,46553.09,,,,,2
026331701,2024,189029.9,,,,,12
026331701,2025,50329.159999999996,,,,,12
026331701,2026,126951.28,,,,,4
026331733,2023,12153.29,,,,,1
026331733,2024,216292.4,,,,,12
026331733,2025,81811.42,,,,,12
026336241,2024,52834.64,,,,,4
026336241,2025,78429.18,,,,,12
026336241,2026,174360.13,,,,,4
026339888,2025,68595.58,,,,,8
026339888,2026,230963.19,,,,,4
026341826,2026,58054.38,,,,,4
026342475,2026,60437.149999999994,,,,,1
026342636,2026,12055.39,,,,,3
026342771,2025,7244.9800000000005,,,,,2
026342771,2026,32290.33,,,,,4
026343988,2025,111649.75,,,,,10
026343988,2026,104449.61,,,,,4
026344587,2025,38857.8,,,,,6
026344587,2026,100129.78,,,,,4
026345691,2021,461958.26000000007,,,,,6
026345691,2022,517393.05,,,,,11
026345691,2023,634229.72,,,,,12
026345691,2024,384492.06,,,,,12
026345691,2025,194735.44,,,,,12
026345691,2026,89049.16,,,,,4
026345727,2024,300998.48,,,,,10
026345727,2025,314243.21,,,,,11
026345727,2026,136311.85,,,,,4
026346034,2024,778804.0599999999,,,,,11
026346034,2025,159625.56,,,,,12
026346034,2026,615404.7000000001,,,,,4
026348783,2026,246082.2,,,,,4
026348915,2023,252565.72,,,,,6
026348915,2024,890618.32,,,,,12
026348915,2025,118582.31,,,,,12
026348915,2026,281868.87,,,,,4
026349491,2025,57785.83,,,,,11
026349491,2026,37033.86,,,,,4
026349492,2024,281481.33,,,,,10
026349492,2025,48220.31,,,,,12
026349492,2026,140242.2,,,,,4
026791823,2023,20449.12,,,,,1
026791823,2024,197549.6,,,,,12
026791823,2025,149290.59,,,,,12
026791823,2026,117801.47,,,,,4
027380743,2023,182523.26,,,,,7
027380743,2024,118693.46,,,,,11
027380743,2025,107393.53,,,,,12
027380743,2026,43867.55,,,,,4
027380935,2024,1066543.43,,,,,12
027380935,2025,77025.66,,,,,12
027380935,2026,300055.62,,,,,4
027398073,2025,232625.07,,,,,11
027398073,2026,222020.4,,,,,4
027401523,2023,259790.51,,,,,12
027401523,2024,155771.08,,,,,12
027401523,2025,50273.84,,,,,12
027401523,2026,65652.43,,,,,4
027403608,2024,318814.63,,,,,10
027403608,2025,121722.07,,,,,11
027403608,2026,82866.04,,,,,4
027403609,2024,183780.78,,,,,12
027403609,2025,104929.48999999999,,,,,12
027403609,2026,80098.98,,,,,4
027405760,2024,73547.77,,,,,4
027405760,2025,135752.72,,,,,12
027405760,2026,107465.0,,,,,4
027413788,2024,233648.76,,,,,11
027413788,2025,207084.88,,,,,12
027413788,2026,223203.93,,,,,4
027422206,2026,61964.770000000004,,,,,2
027431051,2024,142529.72,,,,,8
027431051,2025,218350.78999999998,,,,,12
027431051,2026,119365.81,,,,,4
027431052,2025,18064.29,,,,,1
027431052,2026,128268.26,,,,,4
027478884,2025,19147.81,,,,,6
027478884,2026,53011.270000000004,,,,,3
027478886,2024,561253.41,,,,,12
027478886,2025,178846.63,,,,,12
027478886,2026,195865.4,,,,,4
027478888,2024,64209.92,,,,,6
027478888,2025,87862.32,,,,,12
027478888,2026,74593.08,,,,,4
027478891,2024,196871.13999999998,,,,,10
027478891,2025,118637.0,,,,,12
027478892,2024,261447.54,,,,,9
027478892,2025,141470.84,,,,,11
027478892,2026,18764.62,,,,,4
027479179,2024,29591.34,,,,,12
027479179,2025,103546.54,,,,,12
027479179,2026,149376.27,,,,,4
027479180,2024,24983.19,,,,,2
027479180,2025,49885.43,,,,,12
027479180,2026,42711.5,,,,,4
027479363,2024,35749.09,,,,,4
027479363,2025,221722.81,,,,,12
027479363,2026,87538.25,,,,,4
027479482,2026,88312.04,,,,,2
027479633,2024,47719.61,,,,,6
027479633,2025,52744.880000000005,,,,,12
027479633,2026,130779.59999999999,,,,,4
027479645,2023,5424.0199999999995,,,,,1
027479645,2024,178554.13999999998,,,,,12
027479645,2025,40539.409999999996,,,,,11
027479645,2026,27279.23,,,,,4
027767055,2024,189962.08,,,,,9
027767055,2025,60874.520000000004,,,,,12
027767055,2026,59434.1,,,,,4
027769797,2026,103417.14,,,,,2
027770346,2025,67812.06,,,,,6
027770346,2026,92101.54,,,,,4
027772743,2024,191772.84,,,,,9
027772743,2025,122200.38,,,,,12
027772743,2026,183766.55000000002,,,,,4
027773157,2023,165184.22,,,,,2
027773157,2024,153986.45,,,,,12
027773157,2025,130004.01999999999,,,,,12
027773157,2026,71807.73999999999,,,,,4
027774747,2025,7307.76,,,,,3
027774747,2026,134349.24,,,,,4
027774749,2025,125521.99,,,,,11
027774749,2026,52299.01,,,,,4
027774750,2024,93071.97,,,,,4
027774750,2025,92662.01000000001,,,,,12
027774750,2026,102752.32,,,,,4
027775168,2025,25758.25,,,,,6
027775168,2026,27330.05,,,,,4
027775188,2026,6955.05,,,,,1
027775256,2024,52521.979999999996,,,,,2
027775256,2025,151791.38,,,,,12
027775256,2026,54055.4,,,,,4
027775257,2024,214571.56,,,,,2
027775257,2025,489945.49,,,,,12
027775257,2026,613918.74,,,,,4
027775270,2024,82698.75,,,,,6
027775270,2025,83621.29000000001,,,,,12
027775270,2026,59612.62,,,,,4
027775284,2024,963385.1,,,,,8
027775284,2025,1144345.12,,,,,12
027775284,2026,203827.62,,,,,4
027775306,2026,23733.49,,,,,2
027775967,2025,356.4,,,,,1
027775967,2026,117717.63,,,,,4
027776025,2025,5083.389999999999,,,,,1
027776025,2026,270472.56,,,,,4
027777019,2026,94069.40999999999,,,,,2
027777022,2024,368810.18,,,,,7
027777022,2025,257743.09999999998,,,,,12
027777022,2026,123917.51,,,,,4
027777039,2026,257264.1,,,,,2
027778064,2025,92032.2,,,,,12
027778064,2026,295370.21,,,,,4
027778069,2024,43766.96,,,,,6
027778069,2025,28234.82,,,,,11
027778069,2026,139523.18,,,,,4
027778241,2025,78568.16,,,,,9
027778241,2026,42613.41,,,,,4
028721987,2023,34528.49,,,,,2
028721987,2024,203570.63,,,,,12
028721987,2025,74286.48,,,,,11
028721987,2026,67925.62,,,,,4
028725507,2024,53906.85,,,,,10
028725507,2025,36439.53,,,,,11
028725507,2026,12919.63,,,,,4
028727336,2025,103517.48000000001,,,,,9
028727336,2026,49312.12,,,,,4
028727360,2025,33766.939999999995,,,,,4
028727360,2026,119329.96,,,,,4
028732777,2024,96521.92,,,,,4
028732777,2025,317705.37,,,,,12
028732777,2026,230785.02000000002,,,,,4
028733571,2025,28164.53,,,,,6
028733571,2026,119817.34,,,,,4
028741592,2026,41599.09,,,,,2
028742538,2024,118958.41,,,,,6
028742538,2025,81086.5,,,,,12
028742538,2026,97631.51000000001,,,,,4
028810821,2024,28147.68,,,,,6
028810821,2025,148879.52,,,,,11
028810821,2026,105567.79000000001,,,,,4
028811412,2025,95595.12,,,,,9
028811412,2026,92341.56,,,,,4
028811622,2025,9266.73,,,,,5
028811622,2026,56981.58,,,,,4
028819267,2023,243617.54,,,,,8
028819267,2024,174684.81,,,,,12
028819267,2025,74328.35,,,,,11
028819267,2026,81953.33,,,,,4
028819518,2024,100008.58,,,,,4
028819518,2025,92489.36,,,,,12
028819518,2026,69239.59000000001,,,,,4
028819653,2024,3509.04,,,,,2
028819653,2025,89673.83,,,,,12
028819653,2026,54337.7,,,,,4
028820133,2025,82005.68,,,,,10
028820133,2026,60556.43,,,,,4
028821276,2026,3107.06,,,,,1
028824086,2024,229845.4,,,,,10
028824086,2025,109696.84,,,,,11
028824086,2026,72550.29,,,,,4
028826434,2024,22522.8,,,,,3
028826434,2025,85423.29,,,,,12
028826434,2026,142180.18,,,,,4
028826446,2025,67116.95,,,,,9
028826446,2026,74033.42,,,,,4
028826773,2025,67754.32,,,,,9
028826773,2026,30048.58,,,,,4
028830427,2024,217097.99,,,,,9
028830427,2025,81444.15,,,,,12
028830427,2026,48180.92,,,,,4
028831439,2026,164444.75,,,,,3
028831479,2025,118503.04000000001,,,,,10
028831479,2026,31320.27,,,,,4
028831891,2024,29814.18,,,,,3
028831891,2025,30206.93,,,,,11
028831891,2026,27060.01,,,,,4
028832695,2025,147516.98,,,,,12
028832695,2026,163298.49,,,,,4
028833189,2024,86065.79999999999,,,,,7
028833189,2025,33579.63,,,,,11
028833189,2026,83927.47,,,,,4
028834652,2023,209950.61000000002,,,,,10
028834652,2024,104123.11,,,,,12
028834652,2025,45223.07,,,,,12
028834652,2026,96910.24,,,,,3
028834708,2021,93087.76,,,,,6
028834708,2022,211715.41,,,,,12
028834708,2023,323260.07,,,,,12
028834708,2024,213896.91999999998,,,,,12
028834708,2025,89537.02,,,,,12
028834708,2026,61339.549999999996,,,,,4
028834710,2024,201049.32,,,,,10
028834710,2025,62256.6,,,,,12
028834710,2026,64759.08,,,,,4
028834738,2023,302540.17000000004,,,,,11
028834738,2024,128599.51,,,,,12
028834738,2025,115355.08,,,,,11
028834738,2026,121871.87999999999,,,,,4
028834780,2024,51548.23,,,,,3
028834780,2025,26714.04,,,,,11
028834780,2026,64760.44,,,,,4
028835344,2025,178821.71,,,,,11
028835344,2026,50084.44,,,,,4
028835860,2023,56940.23,,,,,2
028835860,2024,389941.47,,,,,12
028835860,2025,186693.68,,,,,12
028835860,2026,186425.18,,,,,4
028836006,2024,239040.35,,,,,10
028836006,2025,58785.67,,,,,11
028836006,2026,128666.15,,,,,4
028836110,2024,158268.94,,,,,11
028836110,2025,114968.06999999999,,,,,12
028836110,2026,159727.61,,,,,4
028836117,2024,120150.09999999999,,,,,10
028836117,2025,43628.49,,,,,12
028836117,2026,63254.97,,,,,4
028836167,2024,105557.84,,,,,4
028836167,2025,119162.69,,,,,12
028836167,2026,82949.97,,,,,4
028836178,2025,92415.68,,,,,6
028836178,2026,108298.78,,,,,4
028836678,2025,192141.46,,,,,9
028836678,2026,544646.93,,,,,4
028837160,2024,68264.67,,,,,7
028837160,2025,38937.1,,,,,12
028837160,2026,39753.090000000004,,,,,4
028838267,2023,307180.45999999996,,,,,2
028838267,2024,817573.62,,,,,12
028838267,2025,389407.51,,,,,12
028838267,2026,391675.23,,,,,4
028838291,2025,36767.32,,,,,2
028838291,2026,183789.43,,,,,4
028838293,2025,3662.68,,,,,2
028838293,2026,196236.12,,,,,4
028838294,2025,4016.2,,,,,1
028838294,2026,175197.4,,,,,4
028838301,2026,137864.1,,,,,3
028838304,2026,194251.66,,,,,3
028838316,2025,98531.47,,,,,12
028838316,2026,113725.86,,,,,3
028838320,2023,1575.71,,,,,1
028838320,2024,126222.91,,,,,11
028838320,2025,72236.31999999999,,,,,12
028838320,2026,41179.79,,,,,4
028838328,2022,40613.83,,,,,3
028838328,2023,321258.7,,,,,12
028838328,2024,182005.38,,,,,12
028838328,2025,66250.96,,,,,12
028838328,2026,114055.17,,,,,4
028838345,2023,80981.7,,,,,2
028838345,2024,283885.72000000003,,,,,12
028838345,2025,244791.38,,,,,11
028838345,2026,114663.98,,,,,4
028838346,2026,31844.620000000003,,,,,2
028838356,2025,189643.77,,,,,9
028838356,2026,294442.04,,,,,4
028838364,2024,224428.13,,,,,9
028838364,2025,54905.64,,,,,12
028838364,2026,48957.53,,,,,4
028838367,2025,46242.03,,,,,1
028838367,2026,56236.99,,,,,4
028838416,2023,415197.19,,,,,12
028838416,2024,269126.2,,,,,12
028838416,2025,67913.65,,,,,12
028838416,2026,92525.64,,,,,4
028838526,2023,78326.11,,,,,8
028838526,2024,192307.42,,,,,12
028838526,2025,119569.76,,,,,12
028838526,2026,72385.64,,,,,4
028838620,2026,154827.5,,,,,3
028840678,2026,14094.01,,,,,1
028840681,2024,9155.26,,,,,2
028840681,2025,34131.72,,,,,12
028840681,2026,129767.0,,,,,4
028840683,2025,143624.4,,,,,10
028840683,2026,174298.72999999998,,,,,4
028840685,2024,90747.49,,,,,7
028840685,2025,46628.6,,,,,12
028840685,2026,128804.6,,,,,4
028840690,2024,75831.69,,,,,3
028840690,2025,130933.94,,,,,12
028840690,2026,31096.02,,,,,3
028840691,2025,229890.77,,,,,8
028840691,2026,98669.78,,,,,4
028840725,2026,15777.23,,,,,1
028840732,2025,31520.68,,,,,8
028840732,2026,64440.58,,,,,4
028840753,2025,63085.59,,,,,2
028840753,2026,38731.4,,,,,4
028840763,2024,53326.73,,,,,6
028840763,2025,209230.24000000002,,,,,11
028840777,2025,65290.43,,,,,9
028840777,2026,83648.20999999999,,,,,4
028840782,2024,85788.69,,,,,7
028840782,2025,174721.13999999998,,,,,12
028840782,2026,158307.66999999998,,,,,4
028840792,2023,314828.17,,,,,8
028840792,2024,227139.3,,,,,12
028840792,2025,100196.42,,,,,12
028840792,2026,73671.3,,,,,4
028840797,2025,95310.61,,,,,10
028840797,2026,105769.12999999999,,,,,4
028840811,2026,45747.37,,,,,2
028840827,2025,37829.659999999996,,,,,3
028840827,2026,68820.65,,,,,4
028840834,2024,14485.880000000001,,,,,2
028840834,2025,71319.17,,,,,12
028840834,2026,170322.16,,,,,4
028840855,2025,34625.520000000004,,,,,3
028840855,2026,66744.68,,,,,4
028840857,2024,18944.78,,,,,6
028840857,2025,71466.22,,,,,12
028840857,2026,82417.86,,,,,4
028840861,2025,88232.01,,,,,9
028840861,2026,56432.229999999996,,,,,4
028840863,2024,98103.53,,,,,7
028840863,2025,121277.42,,,,,12
028840863,2026,88752.02,,,,,4
028840873,2025,17744.27,,,,,2
028840873,2026,34506.89,,,,,4
028840881,2026,43132.020000000004,,,,,4
028840891,2026,12554.439999999999,,,,,1
028840893,2024,180636.41,,,,,7
028840893,2025,140126.67,,,,,12
028840893,2026,152808.67,,,,,4
028840924,2023,140554.69,,,,,3
028840924,2024,209161.1,,,,,12
028840930,2024,163889.95,,,,,7
028840930,2025,142460.13999999998,,,,,11
028840930,2026,133047.57,,,,,4
028840965,2026,19903.62,,,,,1
028840971,2023,208584.91,,,,,10
028840971,2024,241963.51,,,,,12
028840971,2025,103220.27,,,,,12
028840971,2026,69715.57,,,,,4
028840976,2023,303654.35,,,,,11
028840976,2024,140087.9,,,,,12
028840976,2025,124839.97,,,,,12
028840976,2026,74762.73,,,,,4
028840979,2025,36122.58,,,,,3
028840979,2026,48405.37,,,,,4
028840984,2024,5943.4400000000005,,,,,2
028840984,2025,55983.31,,,,,12
028840984,2026,15099.949999999999,,,,,4
028840985,2025,16556.43,,,,,2
028840985,2026,44454.619999999995,,,,,4
028841007,2024,66494.49,,,,,6
028841007,2025,110726.31,,,,,12
028841007,2026,211746.93000000002,,,,,4
028841015,2023,1225821.14,,,,,10
028841015,2024,440421.47,,,,,11
028841015,2025,180460.87,,,,,12
028841015,2026,359046.70999999996,,,,,4
028841018,2024,149621.44,,,,,11
028841018,2025,79960.0,,,,,12
028841018,2026,114424.91,,,,,4
028841024,2024,13641.34,,,,,1
028841024,2025,90285.12000000001,,,,,12
028841024,2026,130804.42,,,,,4
028841027,2025,120750.96,,,,,8
028841027,2026,78675.16,,,,,4
028841029,2023,98719.59999999999,,,,,3
028841029,2024,166355.39,,,,,12
028841029,2025,77512.42,,,,,12
028841029,2026,69380.23,,,,,4
028841035,2024,240516.63,,,,,7
028841035,2025,103304.46,,,,,11
028841035,2026,190569.09,,,,,4
028841042,2024,26709.02,,,,,6
028841042,2025,81936.81999999999,,,,,12
028841042,2026,83199.28,,,,,3
028841055,2026,205223.9,,,,,2
028841062,2025,26584.739999999998,,,,,2
028841062,2026,206894.62,,,,,4
028841072,2025,5298.1,,,,,4
028841072,2026,142892.05000000002,,,,,4
028841088,2024,18000.98,,,,,6
028841088,2025,48574.61,,,,,12
028841088,2026,70607.38,,,,,4
028841102,2024,114685.25,,,,,6
028841102,2025,84230.31999999999,,,,,12
028841102,2026,72443.39,,,,,4
028841109,2025,25350.93,,,,,6
028841109,2026,56444.64,,,,,4
028841116,2026,28612.89,,,,,2
028841118,2025,5842.0,,,,,1
028841118,2026,204053.87,,,,,4
028841125,2025,18838.29,,,,,3
028841125,2026,67778.29000000001,,,,,4
028841126,2024,25538.14,,,,,4
028841126,2025,140465.96,,,,,12
028841126,2026,143791.4,,,,,4
028841136,2025,785.7,,,,,1
028841136,2026,88582.89,,,,,4
028841138,2024,140674.84,,,,,9
028841138,2025,141602.40000000002,,,,,12
028841177,2025,82388.01000000001,,,,,9
028841177,2026,45933.72,,,,,4
028841181,2024,192661.19,,,,,10
028841181,2025,28931.870000000003,,,,,12
028841181,2026,38181.86,,,,,4
028841188,2024,91259.6,,,,,6
028841188,2025,124756.49,,,,,12
028841188,2026,168692.38,,,,,4
028841195,2022,86184.53,,,,,3
028841195,2023,225716.86,,,,,12
028841195,2024,353649.36,,,,,12
028841195,2025,99405.31999999999,,,,,12
028841195,2026,79743.96,,,,,4
028841225,2024,59635.84,,,,,5
028841225,2025,77578.2,,,,,12
028841225,2026,19578.92,,,,,4
028841255,2026,3043.08,,,,,1
028841258,2023,342620.54,,,,,8
028841258,2024,304820.69,,,,,12
028841258,2025,57725.96,,,,,11
028841258,2026,110354.1,,,,,4
028841259,2024,186352.96,,,,,6
028841259,2025,166253.05,,,,,11
028841259,2026,89229.99,,,,,4
028841260,2025,102955.7,,,,,8
028841260,2026,52324.58,,,,,4
028841266,2023,1934.8999999999999,,,,,1
028841266,2024,196562.13,,,,,12
028841266,2025,68174.29,,,,,12
028841266,2026,123721.86,,,,,4
028841268,2024,5875.87,,,,,1
028841268,2025,57683.89,,,,,12
028841268,2026,32943.82,,,,,4
028841287,2024,137779.75,,,,,7
028841287,2025,42579.32,,,,,12
028841287,2026,48482.770000000004,,,,,4
028841288,2024,10813.8,,,,,2
028841288,2025,77388.77,,,,,12
028841288,2026,113357.44,,,,,4
028841292,2023,8328.25,,,,,1
028841292,2024,433545.17,,,,,12
028841292,2025,104758.45999999999,,,,,12
028841292,2026,188166.88,,,,,4
028841310,2025,59052.329999999994,,,,,10
028841310,2026,16571.17,,,,,4
028841332,2024,234069.83000000002,,,,,11
028841332,2025,184637.41999999998,,,,,11
028841332,2026,73471.25,,,,,4
028841334,2025,103917.37,,,,,10
028841334,2026,188719.21,,,,,4
028841336,2023,325012.51,,,,,12
028841336,2024,161264.25,,,,,12
028841336,2025,86837.31,,,,,12
028841336,2026,31268.15,,,,,4
028841337,2023,103949.89,,,,,3
028841337,2024,471080.05,,,,,12
028841337,2025,62365.25,,,,,12
028841337,2026,139414.46,,,,,4
028841340,2025,92822.13,,,,,10
028841340,2026,57847.270000000004,,,,,4
028841341,2025,43603.9,,,,,9
028841341,2026,131252.99,,,,,4
028841346,2024,547707.34,,,,,9
028841346,2025,255549.78,,,,,12
028841346,2026,237986.62999999998,,,,,4
028841349,2025,29994.7,,,,,7
028841349,2026,130220.42,,,,,3
028841351,2025,682723.23,,,,,8
028841351,2026,70362.33,,,,,4
028841353,2024,11664.460000000001,,,,,2
028841353,2025,52093.19,,,,,12
028841353,2026,61394.399999999994,,,,,3
028841357,2025,121560.18,,,,,9
028841357,2026,92081.38,,,,,4
028841363,2026,97417.86,,,,,4
028841374,2025,163909.88,,,,,8
028841374,2026,100720.76000000001,,,,,4
028841375,2024,93035.3,,,,,7
028841375,2025,210618.12,,,,,12
028841375,2026,150714.45,,,,,4
028841383,2020,398884.83999999997,,,,,6
028841383,2021,554645.4,,,,,12
028841383,2022,613496.46,,,,,12
028841383,2023,670975.41,,,,,12
028841383,2024,763164.95,,,,,12
028841383,2025,239402.72999999998,,,,,12
028841383,2026,452420.45,,,,,4
028841388,2023,81137.31,,,,,1
028841388,2024,236628.75,,,,,12
028841388,2025,44316.05,,,,,12
028841388,2026,92833.66,,,,,4
028841408,2026,6722.85,,,,,1
028841413,2025,65344.33,,,,,10
028841413,2026,223523.68,,,,,4
028841414,2026,27558.66,,,,,2
028841427,2026,22604.32,,,,,1
028841440,2024,4956.0,,,,,1
028841440,2025,130959.67000000001,,,,,12
028841440,2026,223680.16,,,,,4
028841448,2023,399543.65,,,,,10
028841448,2024,162538.86000000002,,,,,12
028841448,2025,87473.07,,,,,12
028841448,2026,48069.63,,,,,4
028841460,2026,41088.66,,,,,2
028841462,2024,178476.08,,,,,8
028841462,2025,70091.38,,,,,11
028841462,2026,103044.06,,,,,3
028841463,2025,3757.0,,,,,1
028841463,2026,128599.20999999999,,,,,4
028841475,2025,12414.89,,,,,2
028841475,2026,117244.95999999999,,,,,4
028841492,2024,55164.47,,,,,6
028841492,2025,76961.59,,,,,12
028841492,2026,49463.840000000004,,,,,4
028841525,2024,149223.03,,,,,8
028841525,2025,106431.63,,,,,12
028841525,2026,169921.85,,,,,4
028841531,2025,18476.35,,,,,6
028841531,2026,125056.02,,,,,4
028841646,2024,65996.12,,,,,4
028841646,2025,145371.79,,,,,12
028841646,2026,79401.06,,,,,4
028841677,2023,321107.15,,,,,12
028841677,2024,151068.62,,,,,12
028841677,2025,118988.29000000001,,,,,12
028841677,2026,141954.99,,,,,4
028841797,2024,310382.1,,,,,10
028841797,2025,120764.5,,,,,12
028841797,2026,193182.77,,,,,4
028842150,2023,178258.49000000002,,,,,4
028842150,2024,196412.09,,,,,12
028842150,2025,172543.38,,,,,12
028842150,2026,79355.08,,,,,4
028846416,2023,173535.56,,,,,3
028846416,2024,256858.19999999998,,,,,12
028846416,2025,66760.48999999999,,,,,12
028846416,2026,125768.31999999999,,,,,4
028846430,2024,97138.36,,,,,4
028846430,2025,184050.64,,,,,12
028846430,2026,103513.56,,,,,4
029360202,2025,72495.44,,,,,12
029360202,2026,131321.66999999998,,,,,4
029386729,2025,56894.55,,,,,12
029386729,2026,53712.77,,,,,4
029389644,2024,57363.0,,,,,3
029389644,2025,37739.63,,,,,12
029389644,2026,96916.97,,,,,4
029390690,2026,98534.58,,,,,2
029393165,2024,156526.21,,,,,11
029393165,2025,64971.299999999996,,,,,12
029393165,2026,48475.59,,,,,4
029396725,2024,43204.29,,,,,2
029396725,2025,177355.13,,,,,12
029396725,2026,65922.43,,,,,4
029396987,2025,8344.12,,,,,6
029396987,2026,17588.93,,,,,4
029396988,2024,74587.06,,,,,8
029396988,2025,103487.02,,,,,12
029396988,2026,143070.11000000002,,,,,4
029397937,2024,256931.03999999998,,,,,10
029397937,2025,74702.11,,,,,12
029397937,2026,57238.44,,,,,4
029398906,2025,21826.29,,,,,5
029398906,2026,48325.63,,,,,4
029399395,2024,80456.68000000001,,,,,6
029399395,2025,30080.13,,,,,12
029399411,2024,7813.2300000000005,,,,,1
029399411,2025,138300.02,,,,,12
029399411,2026,16950.07,,,,,4
029399424,2026,155477.34,,,,,4
029399476,2026,43465.83,,,,,3
029400866,2024,152511.14,,,,,10
029400866,2025,93017.42,,,,,12
029400866,2026,55109.71,,,,,4
029400882,2024,229083.23,,,,,10
029400882,2025,199982.53,,,,,12
029400882,2026,168134.78,,,,,3
029400883,2024,8384.64,,,,,3
029400883,2025,48918.17,,,,,12
029400883,2026,46115.020000000004,,,,,4
029400884,2025,100933.74,,,,,10
029400884,2026,79847.41,,,,,4
029400886,2023,213160.56,,,,,6
029400886,2024,212498.43,,,,,12
029400886,2025,87765.61,,,,,12
029400886,2026,39328.3,,,,,4
029400887,2023,135174.65,,,,,3
029400887,2024,266100.23,,,,,12
029400887,2025,183564.78,,,,,12
029400887,2026,100572.25,,,,,4
029400941,2026,13013.32,,,,,3
029400972,2025,124255.22,,,,,7
029400972,2026,86543.33,,,,,4
029401081,2025,58206.61,,,,,6
029401081,2026,146691.72,,,,,4
029401082,2023,345460.27,,,,,10
029401082,2024,291123.86,,,,,12
029401082,2025,94988.15,,,,,12
029401082,2026,86996.94,,,,,4
029401276,2024,63274.1,,,,,6
029401276,2025,123431.56999999999,,,,,12
029401276,2026,92788.34,,,,,4
029401311,2025,185128.04,,,,,6
029401311,2026,252206.97,,,,,4
029401338,2025,29000.7,,,,,8
029401338,2026,22304.86,,,,,4
029401345,2026,27518.980000000003,,,,,2
029401350,2025,12067.26,,,,,2
029401350,2026,373065.72,,,,,4
029401354,2023,205111.88999999998,,,,,10
029401354,2024,328654.2,,,,,12
029401354,2025,129509.98,,,,,12
029401354,2026,81393.09,,,,,4
029401424,2024,84786.24,,,,,7
029401424,2025,99571.22,,,,,11
029401424,2026,100619.31,,,,,4
029401429,2026,21674.04,,,,,3
029401439,2025,148331.38,,,,,12
029401439,2026,111163.09,,,,,3
029401455,2025,26355.3,,,,,7
029401455,2026,59164.65,,,,,4
029401477,2024,69812.45,,,,,2
029401477,2025,99315.94,,,,,12
029401477,2026,77194.25,,,,,4
029401479,2024,141928.41,,,,,11
029401479,2025,94646.59999999999,,,,,12
029401479,2026,62276.990000000005,,,,,4
029401481,2023,69571.25,,,,,1
029401481,2024,622842.36,,,,,12
029401481,2025,695413.71,,,,,12
029401481,2026,483786.65,,,,,4
029401500,2025,9645.16,,,,,3
029401500,2026,44310.58,,,,,4
029401506,2024,157868.69,,,,,8
029401506,2025,170080.82,,,,,12
029401506,2026,144640.98,,,,,4
029401558,2024,25374.79,,,,,5
029401558,2025,99141.28,,,,,12
029401558,2026,90159.43000000001,,,,,4
029401570,2024,113752.61,,,,,6
029401570,2025,94313.12,,,,,11
029401570,2026,92807.3,,,,,4
029401574,2025,91572.51,,,,,9
029401574,2026,80576.47,,,,,4
029401578,2026,103932.89,,,,,4
029401580,2024,38778.95,,,,,2
029401580,2025,172831.75,,,,,12
029401580,2026,119089.64,,,,,4
029401590,2025,37544.72,,,,,7
029401590,2026,122948.0,,,,,4
029401597,2025,136699.83000000002,,,,,10
029401597,2026,39113.53,,,,,3
029401600,2026,30641.1,,,,,2
029401627,2023,88779.4,,,,,2
029401627,2024,354057.95,,,,,12
029401627,2025,119841.43,,,,,12
029401627,2026,52244.29,,,,,4
029401647,2024,36050.630000000005,,,,,3
029401647,2025,177081.44,,,,,12
029401647,2026,134801.44,,,,,4
029401649,2024,113162.55,,,,,6
029401649,2025,175804.83000000002,,,,,12
029401649,2026,257958.86000000002,,,,,4
029401650,2024,21787.36,,,,,6
029401650,2025,39311.75,,,,,12
029401650,2026,60388.45,,,,,4
029401652,2023,600656.04,,,,,10
029401652,2024,535534.1900000001,,,,,12
029401652,2025,338790.73,,,,,12
029401652,2026,230740.7,,,,,4
029401673,2024,28517.42,,,,,6
029401673,2025,137701.99,,,,,12
029401673,2026,82541.9,,,,,4
029401692,2025,205702.98,,,,,9
029401692,2026,211223.22,,,,,4
029401698,2025,20373.920000000002,,,,,6
029401698,2026,63673.979999999996,,,,,3
029401699,2025,67571.3,,,,,11
029401699,2026,134624.44,,,,,4
029401703,2024,15468.56,,,,,1
029401703,2025,91371.56,,,,,12
029401703,2026,120542.11,,,,,4
029401728,2023,376396.81,,,,,12
029401728,2024,168708.04,,,,,12
029401728,2025,165980.06,,,,,12
029401728,2026,216269.47999999998,,,,,4
029401729,2025,83382.15,,,,,3
029401729,2026,157265.13,,,,,4
029401735,2024,78012.39,,,,,8
029402251,2024,87287.91,,,,,6
029402251,2025,261605.91,,,,,12
029402251,2026,648346.08,,,,,4
029402257,2025,44297.96,,,,,7
029402257,2026,34014.229999999996,,,,,4
029402687,2024,170642.6,,,,,9
029402687,2025,88856.0,,,,,12
029402687,2026,57281.5,,,,,4
029534612,2023,46296.63,,,,,2
029534612,2024,112398.75,,,,,12
029534612,2025,72874.85,,,,,12
029534612,2026,48158.02,,,,,4
029535022,2024,96402.45,,,,,6
029535022,2025,136541.25999999998,,,,,11
029535022,2026,63750.130000000005,,,,,4
029536812,2026,5669.15,,,,,1
029926223,2025,89276.31999999999,,,,,9
029926223,2026,166435.9,,,,,4
029928460,2025,97128.18,,,,,8
029928460,2026,327610.60000000003,,,,,4
029929063,2024,21841.04,,,,,6
029929063,2025,71059.78,,,,,10
029929063,2026,28412.600000000002,,,,,4
029930784,2023,9887.14,,,,,4
029930784,2024,25900.93,,,,,12
029930784,2025,87274.31,,,,,10
029930784,2026,13218.17,,,,,4
029931362,2025,32742.11,,,,,7
029931362,2026,79562.7,,,,,4
029934605,2024,148882.41,,,,,9
029934605,2025,150397.96,,,,,11
029934605,2026,23512.8,,,,,4
029936404,2023,492270.11000000004,,,,,12
029936404,2024,450345.28,,,,,12
029936404,2025,326705.7,,,,,12
029936404,2026,216126.47,,,,,4
029936405,2025,71751.2,,,,,10
029936405,2026,38687.92,,,,,4
029936406,2024,323370.6,,,,,10
029936406,2025,288382.26,,,,,12
029936406,2026,251569.33,,,,,4
029936409,2024,49485.83,,,,,6
029936409,2025,94625.28,,,,,11
029936409,2026,61617.74,,,,,3
029939280,2025,8266.44,,,,,1
029939280,2026,420835.05,,,,,4
029939284,2025,201331.86000000002,,,,,2
029939284,2026,213611.56,,,,,4
029940091,2025,4720.96,,,,,3
029940091,2026,155314.09,,,,,4
029940094,2024,145020.52,,,,,6
029940094,2025,132271.94,,,,,12
029940094,2026,100691.16,,,,,4
029940097,2024,100082.99,,,,,8
029940097,2025,79065.69,,,,,12
029940097,2026,343913.64,,,,,4
029940101,2024,190303.53,,,,,7
029940101,2025,115594.14,,,,,12
029940101,2026,52603.26,,,,,3
029942588,2023,25724.78,,,,,2
029942588,2024,69867.29,,,,,12
029942588,2025,89925.27,,,,,11
029942588,2026,54027.19,,,,,4
029942765,2024,14634.55,,,,,2
029942765,2025,127359.94,,,,,10
029942765,2026,47786.38,,,,,3
029943490,2025,122865.4,,,,,12
029943490,2026,117982.59,,,,,4
029943491,2024,77825.64,,,,,6
029943491,2025,289804.74,,,,,12
029943491,2026,248929.5,,,,,4
029944836,2026,216547.19,,,,,2
029945307,2024,564198.99,,,,,11
029945307,2025,397702.59,,,,,12
029945307,2026,330416.83,,,,,4
029945837,2025,8046.34,,,,,1
029945837,2026,66555.04,,,,,4
029945838,2024,150675.80000000002,,,,,9
029945838,2025,109466.13,,,,,11
029945838,2026,199690.11,,,,,4
029946927,2024,109916.79000000001,,,,,6
029946927,2025,42460.04,,,,,12
029946927,2026,127908.87,,,,,4
029949014,2026,45568.479999999996,,,,,2
029950837,2024,14934.18,,,,,6
029950837,2025,40664.81,,,,,12
029950837,2026,35703.01,,,,,4
029952178,2024,113350.64,,,,,9
029952178,2025,32801.48,,,,,12
029952181,2024,186499.58000000002,,,,,9
029952181,2025,86658.34,,,,,12
029952181,2026,111062.23,,,,,4
029952184,2024,96921.22,,,,,6
029952184,2025,167058.01,,,,,12
029952184,2026,79365.03,,,,,4
029952188,2024,24696.52,,,,,6
029952188,2025,102017.46,,,,,12
029952188,2026,55462.490000000005,,,,,4
029953467,2025,95939.06,,,,,12
029953467,2026,50887.49,,,,,4
029953486,2024,408495.08999999997,,,,,12
029953486,2025,94711.77,,,,,11
029953486,2026,121544.21,,,,,4
029958033,2023,26654.43,,,,,1
029958033,2024,212380.7,,,,,12
029958033,2025,80565.54000000001,,,,,12
029958033,2026,223059.26,,,,,4
029958887,2023,163290.47,,,,,8
029958887,2024,326580.45,,,,,12
029958887,2025,204443.11000000002,,,,,12
029958887,2026,302460.2,,,,,4
029960180,2025,46679.55,,,,,8
029960180,2026,67181.8,,,,,4
029965193,2026,19197.45,,,,,2
029970369,2025,87030.38,,,,,3
029970369,2026,86985.95999999999,,,,,4
029970383,2024,1732.6599999999999,,,,,1
029970383,2025,150524.86000000002,,,,,12
029970383,2026,34171.47,,,,,4
029970688,2025,23301.59,,,,,3
029970688,2026,274899.59,,,,,4
029971519,2024,177937.91999999998,,,,,6
029971519,2025,119645.43,,,,,11
029971519,2026,412915.68,,,,,4
029973864,2024,45625.48,,,,,10
029973864,2025,40685.22,,,,,12
029973864,2026,61360.23,,,,,4
029974910,2024,252692.74,,,,,6
029974910,2025,309389.75,,,,,12
029974910,2026,116972.85,,,,,4
029976692,2025,47297.01,,,,,10
029976692,2026,132790.34,,,,,4
029976694,2025,376748.33999999997,,,,,9
029976694,2026,294160.79,,,,,4
029976701,2025,121267.54999999999,,,,,9
029976701,2026,76932.39,,,,,4
029976743,2025,45913.88,,,,,6
029976743,2026,88087.37,,,,,4
029988248,2026,82827.4,,,,,2
029992099,2024,112228.06,,,,,12
029992099,2025,56883.229999999996,,,,,12
029992099,2026,163549.27,,,,,4
030259434,2026,36694.8,,,,,3
030259585,2024,94725.18,,,,,2
030259585,2025,318826.33,,,,,11
030259585,2026,111745.75,,,,,4
030283251,2026,204591.52,,,,,2
030283779,2026,107275.78,,,,,2
030540227,2024,226908.7,,,,,8
030540227,2025,61923.23,,,,,12
030540227,2026,46040.759999999995,,,,,4
030540228,2025,1857.45,,,,,1
030540228,2026,20164.89,,,,,4
030540229,2024,270090.29,,,,,4
030540229,2025,34078.99,,,,,11
030540229,2026,176486.57,,,,,4
030542852,2024,2027.77,,,,,1
030542852,2025,71386.31,,,,,12
030542852,2026,46010.27,,,,,4
030546373,2024,76418.81999999999,,,,,6
030546373,2025,63383.42999999999,,,,,12
030546373,2026,80372.70999999999,,,,,4
030546470,2024,50128.32,,,,,7
030546470,2025,78060.55,,,,,12
030546470,2026,50741.59,,,,,4
030546933,2023,196804.69999999998,,,,,10
030546933,2024,135180.89,,,,,12
030546933,2025,247692.31,,,,,12
030546933,2026,144537.33000000002,,,,,4
030548261,2026,137897.04,,,,,2
030550035,2024,94904.91,,,,,12
030550035,2025,100043.46,,,,,12
030550035,2026,113315.02,,,,,4
030552696,2024,6352.75,,,,,6
030552696,2025,37083.96,,,,,11
030552696,2026,106296.7,,,,,4
030554624,2024,51532.29,,,,,1
030554624,2025,315500.74,,,,,12
030554624,2026,89192.5,,,,,4
030557332,2024,74378.53,,,,,10
030557332,2025,46146.89,,,,,12
030557332,2026,35770.6,,,,,3
030557726,2024,10468.26,,,,,3
030557726,2025,64672.55,,,,,12
030557726,2026,147945.41,,,,,4
030557728,2024,207242.94,,,,,8
030557728,2025,93686.69,,,,,11
030557728,2026,87546.93000000001,,,,,4
030558702,2025,20665.64,,,,,1
030558702,2026,614564.55,,,,,4
030560840,2024,490639.58,,,,,9
030560840,2025,185537.5,,,,,12
030560840,2026,407940.89,,,,,4
030561354,2026,28507.52,,,,,2
030564024,2025,48799.07,,,,,11
030564024,2026,151658.55,,,,,4
030564179,2024,332721.52,,,,,10
030564179,2025,80831.91,,,,,12
030564179,2026,233089.48,,,,,4
030567724,2023,224548.59,,,,,8
030567724,2024,248801.66,,,,,12
030567724,2025,164514.59,,,,,12
030567724,2026,131525.28,,,,,4
030569800,2024,376759.61,,,,,11
030569800,2025,280648.23,,,,,12
030569800,2026,275723.8,,,,,4
030570397,2025,14085.12,,,,,9
030570397,2026,27021.77,,,,,4
030571282,2022,132372.4,,,,,5
030571282,2024,404737.68,,,,,12
030571282,2025,194319.68,,,,,12
030571282,2026,192794.96,,,,,4
030571478,2025,24540.9,,,,,12
030571478,2026,15310.86,,,,,4
030572931,2026,248367.15,,,,,2
030574109,2025,30111.309999999998,,,,,2
030574109,2026,63570.6,,,,,4
030574597,2023,16120.15,,,,,2
030574597,2024,121856.92,,,,,12
030574597,2025,108550.9,,,,,12
030574597,2026,48252.51,,,,,4
030574891,2024,99271.3,,,,,7
030574891,2025,32043.13,,,,,11
030574891,2026,22699.72,,,,,4
030585250,2025,48721.31,,,,,7
030585250,2026,150010.05,,,,,4
030585763,2024,163244.41,,,,,3
030585763,2025,54764.79,,,,,12
030585763,2026,115998.71,,,,,4
030586130,2026,184880.64,,,,,2
030586131,2025,139409.82,,,,,10
030586131,2026,58864.56,,,,,4
030586645,2023,1245.27,,,,,1
030586645,2024,32494.01,,,,,12
030586645,2025,60760.99,,,,,12
030586645,2026,98128.41,,,,,4
030587513,2025,95770.54000000001,,,,,10
030587513,2026,297953.37,,,,,4
030587517,2024,4959.75,,,,,1
030587517,2025,118085.62999999999,,,,,12
030587517,2026,150554.95,,,,,4
030591144,2026,44106.72,,,,,3
030596857,2024,238480.98,,,,,9
030596857,2025,131316.1,,,,,12
030596857,2026,52532.74,,,,,4
030598279,2026,32491.58,,,,,3
030862963,2022,60666.11,,,,,3
030862963,2023,562441.8099999999,,,,,12
030862963,2024,224155.47,,,,,12
030862963,2025,209752.3,,,,,12
030862963,2026,140003.55,,,,,4
030863258,2025,71236.58,,,,,3
030863258,2026,204691.78,,,,,4
030863259,2024,209503.78,,,,,6
030863259,2025,328618.99,,,,,11
030863259,2026,538095.89,,,,,4
030864837,2024,76962.69,,,,,4
030864837,2025,196091.47999999998,,,,,12
030864837,2026,408949.72000000003,,,,,4
030866728,2025,25223.739999999998,,,,,1
030866728,2026,98152.81,,,,,4
030866729,2025,116728.38,,,,,11
030866729,2026,78457.62,,,,,4
030867648,2023,125030.31000000001,,,,,3
030867648,2024,146416.05,,,,,12
030867648,2025,60432.729999999996,,,,,12
030867648,2026,46693.32,,,,,4
030868339,2025,70411.29,,,,,9
030868339,2026,36700.56,,,,,4
030872984,2024,42849.44,,,,,3
030872984,2025,49321.020000000004,,,,,12
030872984,2026,100886.92,,,,,4
030873174,2024,498901.99000000005,,,,,7
030873174,2025,288720.61,,,,,12
030873174,2026,255121.74000000002,,,,,4
030874512,2025,124750.65,,,,,3
030874512,2026,997348.85,,,,,4
030875816,2025,15893.61,,,,,6
030875816,2026,134416.73,,,,,4
030875817,2025,121434.95999999999,,,,,9
030875817,2026,66499.73000000001,,,,,3
030948286,2024,36437.36,,,,,4
030948286,2025,364974.53,,,,,11
031395990,2026,30898.86,,,,,2
031397671,2026,164571.78,,,,,3
031400122,2026,108963.04000000001,,,,,2
031400832,2025,172902.45,,,,,12
031400832,2026,392563.65,,,,,4
031401808,2026,13300.33,,,,,2
031403790,2026,61368.63,,,,,1
031403933,2025,112952.45000000001,,,,,9
031403933,2026,58984.740000000005,,,,,4
031403937,2025,66955.27,,,,,10
031403937,2026,50395.37,,,,,3
031404986,2026,86540.48,,,,,4
031405816,2025,42222.99,,,,,8
031405816,2026,90159.34,,,,,4
031405828,2024,447161.3,,,,,8
031405828,2025,530477.3,,,,,12
031405828,2026,381949.43,,,,,4
031674283,2024,41304.34,,,,,7
031674283,2025,35463.590000000004,,,,,12
031674283,2026,114175.7,,,,,4
031686878,2024,213858.06,,,,,11
031686878,2025,135948.04,,,,,12
031686878,2026,149019.49,,,,,4
031705874,2024,53572.24,,,,,6
031705874,2025,115921.1,,,,,12
031705874,2026,162355.64,,,,,4
031705877,2025,105630.08000000002,,,,,10
031705877,2026,106283.47,,,,,4
031918689,2023,39964.0,,,,,1
031918689,2024,507513.51,,,,,12
031918689,2025,143778.16,,,,,11
031918689,2026,416400.5,,,,,4
031918690,2025,57900.53,,,,,8
031918690,2026,367304.64999999997,,,,,4
031920346,2024,55683.9,,,,,3
031920346,2025,202168.32,,,,,12
031920346,2026,404648.39,,,,,4
031920808,2024,184239.55,,,,,6
031920808,2025,66828.51,,,,,12
031920808,2026,144538.29,,,,,4
031921422,2023,108286.56,,,,,1
031921422,2024,518193.82,,,,,12
031921422,2025,246915.2,,,,,12
031921422,2026,252002.37,,,,,4
031921785,2023,342649.67,,,,,12
031921785,2024,157290.12,,,,,12
031921785,2025,79261.09,,,,,12
031921785,2026,71493.87,,,,,4
031922357,2026,463551.1,,,,,4
031923600,2025,88770.81999999999,,,,,10
031923600,2026,255455.9,,,,,4
031925969,2023,143378.61000000002,,,,,3
031925969,2024,220514.43,,,,,12
031925969,2025,53221.46,,,,,12
031925969,2026,69822.42,,,,,4
031926492,2024,100695.0,,,,,6
031926492,2025,155947.42,,,,,12
031926492,2026,154611.91999999998,,,,,4
031927177,2024,234124.21,,,,,6
031927177,2025,402701.11,,,,,12
031927177,2026,210279.84,,,,,4
031928215,2024,54948.75,,,,,2
031928215,2025,238123.07,,,,,12
031928215,2026,493437.51999999996,,,,,4
031996356,2025,173178.78,,,,,9
031996356,2026,604954.45,,,,,4
032441972,2023,166436.07,,,,,10
032441972,2024,215009.37,,,,,12
032441972,2025,55115.25,,,,,12
032441972,2026,85172.34,,,,,4
032442031,2025,30680.75,,,,,6
032442031,2026,318318.42,,,,,4
032442049,2026,61598.29,,,,,1
032442525,2024,153861.63,,,,,9
032442525,2025,100048.02,,,,,12
032442525,2026,147880.51,,,,,4
032443588,2023,271364.19,,,,,8
032443588,2024,769592.26,,,,,12
032443588,2025,200960.12,,,,,12
032443588,2026,203100.03,,,,,4
032444846,2024,317028.67,,,,,11
032444846,2025,95940.07,,,,,12
032444846,2026,179010.44,,,,,3
032444847,2024,8526.25,,,,,1
032444847,2025,29266.24,,,,,12
032444848,2023,166971.69,,,,,5
032444848,2024,142671.56,,,,,11
032444848,2025,100623.6,,,,,11
032444848,2026,57153.41,,,,,4
032448481,2024,17192.11,,,,,4
032448481,2025,87641.5,,,,,11
032448481,2026,79315.51,,,,,4
032449186,2024,162617.12,,,,,10
032449186,2025,36971.03,,,,,10
032449186,2026,88257.89,,,,,3
032449559,2025,12432.400000000001,,,,,6
032449559,2026,13569.79,,,,,4
032454705,2024,229922.94,,,,,6
032454705,2025,491808.95,,,,,12
032454705,2026,243232.45,,,,,4
032929699,2023,145328.86,,,,,7
032929699,2024,201102.32,,,,,12
032929699,2025,96156.44,,,,,12
032929699,2026,98638.44,,,,,4
032930940,2024,258304.46,,,,,5
032930940,2025,230735.91,,,,,12
032930940,2026,246358.94,,,,,4
032932266,2025,10826.86,,,,,3
032932266,2026,215615.94,,,,,4
032932531,2025,38470.54,,,,,3
032932531,2026,123616.56000000001,,,,,4
032932534,2025,18522.5,,,,,1
032932534,2026,135744.68,,,,,4
032932592,2025,39923.89,,,,,1
032932592,2026,171867.02,,,,,4
032932593,2024,173427.7,,,,,8
032932593,2025,121881.73,,,,,11
032934013,2025,71.34,,,,,1
032934013,2026,62130.65,,,,,4
032991390,2020,36705.14,,,,,1
032991390,2021,167924.33000000002,,,,,12
032991390,2022,236355.12,,,,,12
032991390,2023,287061.78,,,,,12
032991390,2024,189822.74,,,,,12
032991390,2025,44875.41,,,,,12
032991390,2026,65485.99,,,,,4
032991391,2020,92108.42,,,,,2
032991391,2021,1036947.4,,,,,12
032991391,2022,1122517.31,,,,,12
032991391,2023,1192625.14,,,,,12
032991391,2024,789692.07,,,,,12
032991391,2025,341508.04,,,,,12
032991391,2026,331501.45,,,,,4
033457456,2023,82623.82,,,,,2
033457456,2024,512708.13,,,,,12
033457456,2025,310186.66,,,,,11
033457456,2026,221612.28,,,,,4
033462250,2023,567453.7,,,,,6
033462250,2024,728857.79,,,,,12
033462250,2025,209183.37,,,,,12
033462250,2026,217558.12,,,,,4
033464245,2025,85153.28,,,,,2
033464245,2026,403717.61,,,,,4
034016739,2024,179360.45,,,,,4
034016739,2025,162227.45,,,,,12
034016739,2026,305585.79000000004,,,,,4
034019308,2025,176453.68,,,,,11
034019308,2026,271792.09,,,,,4
034019311,2026,36696.07,,,,,2
034019898,2025,28342.93,,,,,9
034019898,2026,59592.84,,,,,4
034024783,2024,184540.91999999998,,,,,7
034024783,2025,134286.32,,,,,12
034024783,2026,21286.25,,,,,4
034024785,2023,18939.38,,,,,6
034523356,2024,42335.25,,,,,7
034523356,2025,83346.46,,,,,12
034523356,2026,134673.55,,,,,4
034525406,2025,77838.37,,,,,10
034525406,2026,89413.72,,,,,4
034527546,2025,93638.59999999999,,,,,10
034527546,2026,414953.52999999997,,,,,4
034528646,2024,96269.14,,,,,4
034528646,2025,168157.49,,,,,12
034528646,2026,173672.76,,,,,4
034597700,2024,102063.62000000001,,,,,6
034597700,2025,303836.54000000004,,,,,12
034597700,2026,59536.659999999996,,,,,4
035031010,2025,165300.03999999998,,,,,6
035031010,2026,309582.36,,,,,4
035031101,2026,39940.73,,,,,2
035031598,2025,48648.12,,,,,2
035031598,2026,185366.12,,,,,4
035032215,2026,81365.04,,,,,2
035033722,2026,13161.67,,,,,1
035033723,2026,7947.09,,,,,1
035033856,2024,4586.76,,,,,3
035033856,2025,123766.5,,,,,12
035033856,2026,71031.93000000001,,,,,4
035034189,2025,114980.22,,,,,12
035034189,2026,380399.89,,,,,4
035034749,2024,136152.39,,,,,2
035034749,2025,268985.79,,,,,12
035034749,2026,450218.73000000004,,,,,4
035034776,2025,11309.85,,,,,2
035034776,2026,82581.94,,,,,4
035035058,2024,87241.29000000001,,,,,3
035035058,2025,255787.31,,,,,12
035035058,2026,175785.41,,,,,4
035035060,2025,170675.66999999998,,,,,7
035035060,2026,231176.34,,,,,4
035035166,2025,69881.93,,,,,10
035035166,2026,53741.58,,,,,4
035035301,2025,18279.829999999998,,,,,3
035035301,2026,216525.38,,,,,3
035036144,2026,6800.7699999999995,,,,,1
035036145,2026,60049.35,,,,,3
035037480,2024,14143.91,,,,,1
035037480,2025,46137.42,,,,,12
035037480,2026,59276.97,,,,,4
035038165,2026,5788.18,,,,,2
035038662,2025,470472.97,,,,,8
035038662,2026,325483.6,,,,,4
035039158,2024,7367.65,,,,,1
035039158,2025,38918.32,,,,,10
035039158,2026,55452.16,,,,,4
035039738,2026,95398.67,,,,,4
035040209,2024,23309.789999999997,,,,,1
035040209,2025,60384.51,,,,,12
035040209,2026,84045.42,,,,,4
035040250,2026,12477.05,,,,,1
035040416,2025,60003.3,,,,,5
035040416,2026,263516.82,,,,,4
035041277,2024,36583.92,,,,,3
035041277,2025,175100.82,,,,,11
035041277,2026,472206.52999999997,,,,,4
035041422,2024,4467.55,,,,,1
035041422,2025,93151.33,,,,,12
035041422,2026,10907.09,,,,,1
035041424,2026,174484.7,,,,,2
035041425,2025,47441.84,,,,,9
035041425,2026,64229.98,,,,,4
035042439,2026,31801.079999999998,,,,,2
035102623,2025,20253.48,,,,,8
035748184,2026,138780.88,,,,,4
035749060,2026,3637.2,,,,,1
035753009,2025,3738.05,,,,,1
035753009,2026,178900.22,,,,,4
035753618,2026,136520.14,,,,,4
codice_ente,2020,0.0,,,,,1
codice_ente,2021,0.0,,,,,1
codice_ente,2022,0.0,,,,,1
codice_ente,2023,0.0,,,,,1
codice_ente,2024,0.0,,,,,1
codice_ente,2025,0.0,,,,,1
codice_ente,2026,0.0,,,,,1
