DATAFLOW,REF_AREA,MEASURE,EDUCATION_LEV,EXP_SOURCE,EXP_DESTINATION,EXPENDITURE_TYPE,PRICE_BASE,UNIT_MEASURE,Q_SHEET,TIME_PERIOD,OBS_VALUE,OBS_STATUS,UNIT_MULT,DECIMALS,BASE_PER,Q_SHEET_ROW_ID
OECD.EDU.IMEP:DSD_EAG_UOE_FIN@DF_UOE_INDIC_FIN_PERSTUD(3.1),BRA,FIN_PERSTUD,ISCED11_1,_T,INST_EDU,DIR_EXP,_Z,PT_B1GQ_POP,_Z,2022,,O,0,0,,_Z
OECD.EDU.IMEP:DSD_EAG_UOE_FIN@DF_UOE_INDIC_FIN_PERSTUD(3.1),ISL,FIN_PERSTUD,ISCED11_1,_T,INST_EDU,DIR_EXP,_Z,PT_B1GQ_POP,_Z,2022,25.2837567770009,W,0,0,,_Z
OECD.EDU.IMEP:DSD_EAG_UOE_FIN@DF_UOE_INDIC_FIN_PERSTUD(3.1),LTU,FIN_PERSTUD,ISCED11_1,_T,INST_EDU,DIR_EXP,_Z,PT_B1GQ_POP,_Z,2022,19.2841621628805,A,0,0,,_Z
OECD.EDU.IMEP:DSD_EAG_UOE_FIN@DF_UOE_INDIC_FIN_PERSTUD(3.1),SVN,FIN_PERSTUD,ISCED11_1,_T,INST_EDU,DIR_EXP,_Z,PT_B1GQ_POP,_Z,2022,26.1802789089015,A,0,0,,_Z
OECD.EDU.IMEP:DSD_EAG_UOE_FIN@DF_UOE_INDIC_FIN_PERSTUD(3.1),KOR,FIN_PERSTUD,ISCED11_1,_T,INST_EDU,DIR_EXP,V,USD_PPP_ST,_Z,2022,19749.0232832603,A,0,0,,N5
OECD.EDU.IMEP:DSD_EAG_UOE_FIN@DF_UOE_INDIC_FIN_PERSTUD(3.1),NLD,FIN_PERSTUD,ISCED11_1,_T,INST_EDU,DIR_EXP,V,USD_PPP_ST,_Z,2022,14909.7426489416,A,0,0,,N5
OECD.EDU.IMEP:DSD_EAG_UOE_FIN@DF_UOE_INDIC_FIN_PERSTUD(3.1),MEX,FIN_PERSTUD,ISCED11_1,_T,INST_EDU,DIR_EXP,V,USD_PPP_ST,_Z,2022,3391.02475908158,A,0,0,,N5
OECD.EDU.IMEP:DSD_EAG_UOE_FIN@DF_UOE_INDIC_FIN_PERSTUD(3.1),TUR,FIN_PERSTUD,ISCED11_1,_T,INST_EDU,DIR_EXP,V,USD_PPP_ST,_Z,2022,3914.42721423191,A,0,0,,N5
OECD.EDU.IMEP:DSD_EAG_UOE_FIN@DF_UOE_INDIC_FIN_PERSTUD(3.1),ROU,FIN_PERSTUD,ISCED11_1,_T,INST_EDU,DIR_EXP,V,USD_PPP_ST,_Z,2022,3758.42316593296,A,0,0,,N5
OECD.EDU.IMEP:DSD_EAG_UOE_FIN@DF_UOE_INDIC_FIN_PERSTUD(3.1),ARG,FIN_PERSTUD,ISCED11_1,_T,INST_EDU,DIR_EXP,V,USD_PPP_ST,_Z,2022,,O,0,0,,N5
OECD.EDU.IMEP:DSD_EAG_UOE_FIN@DF_UOE_INDIC_FIN_PERSTUD(3.1),OECD,FIN_PERSTUD,ISCED11_1,_T,INST_EDU,DIR_EXP,V,USD_PPP_ST,_Z,2022,12654.9485190709,A,0,0,,N5
OECD.EDU.IMEP:DSD_EAG_UOE_FIN@DF_UOE_INDIC_FIN_PERSTUD(3.1),CHE,FIN_PERSTUD,ISCED11_1,_T,INST_EDU,DIR_EXP,V,USD_PPP_ST,_Z,2022,,K,0,0,,N5
OECD.EDU.IMEP:DSD_EAG_UOE_FIN@DF_UOE_INDIC_FIN_PERSTUD(3.1),SVN,FIN_PERSTUD,ISCED11_1,_T,INST_EDU,DIR_EXP,V,USD_PPP_ST,_Z,2022,13389.6803831621,A,0,0,,N5
OECD.EDU.IMEP:DSD_EAG_UOE_FIN@DF_UOE_INDIC_FIN_PERSTUD(3.1),SWE,FIN_PERSTUD,ISCED11_1,_T,INST_EDU,DIR_EXP,V,USD_PPP_ST,_Z,2022,15775.4242700103,A,0,0,,N5
OECD.EDU.IMEP:DSD_EAG_UOE_FIN@DF_UOE_INDIC_FIN_PERSTUD(3.1),ESP,FIN_PERSTUD,ISCED11_1,_T,INST_EDU,DIR_EXP,V,USD_PPP_ST,_Z,2022,10954.3734819325,A,0,0,,N5
OECD.EDU.IMEP:DSD_EAG_UOE_FIN@DF_UOE_INDIC_FIN_PERSTUD(3.1),SVK,FIN_PERSTUD,ISCED11_1,_T,INST_EDU,DIR_EXP,V,USD_PPP_ST,_Z,2022,10282.4218950983,A,0,0,,N5
OECD.EDU.IMEP:DSD_EAG_UOE_FIN@DF_UOE_INDIC_FIN_PERSTUD(3.1),LUX,FIN_PERSTUD,ISCED11_1,_T,INST_EDU,DIR_EXP,V,USD_PPP_ST,_Z,2022,26975.0119453958,A,0,0,,N5
OECD.EDU.IMEP:DSD_EAG_UOE_FIN@DF_UOE_INDIC_FIN_PERSTUD(3.1),EU25,FIN_PERSTUD,ISCED11_1,_T,INST_EDU,DIR_EXP,V,USD_PPP_ST,_Z,2022,12027.5795360408,A,0,0,,N5
OECD.EDU.IMEP:DSD_EAG_UOE_FIN@DF_UOE_INDIC_FIN_PERSTUD(3.1),AUS,FIN_PERSTUD,ISCED11_1,_T,INST_EDU,DIR_EXP,V,USD_PPP_ST,_Z,2022,13609.7716140918,B,0,0,,N5
OECD.EDU.IMEP:DSD_EAG_UOE_FIN@DF_UOE_INDIC_FIN_PERSTUD(3.1),LVA,FIN_PERSTUD,ISCED11_1,_T,INST_EDU,DIR_EXP,V,USD_PPP_ST,_Z,2022,7757.33082962199,A,0,0,,N5
OECD.EDU.IMEP:DSD_EAG_UOE_FIN@DF_UOE_INDIC_FIN_PERSTUD(3.1),BGR,FIN_PERSTUD,ISCED11_1,_T,INST_EDU,DIR_EXP,V,USD_PPP_ST,_Z,2022,7313.46270252272,A,0,0,,N5
OECD.EDU.IMEP:DSD_EAG_UOE_FIN@DF_UOE_INDIC_FIN_PERSTUD(3.1),HRV,FIN_PERSTUD,ISCED11_1,_T,INST_EDU,DIR_EXP,V,USD_PPP_ST,_Z,2022,8265.30808345433,W,0,0,,N5
OECD.EDU.IMEP:DSD_EAG_UOE_FIN@DF_UOE_INDIC_FIN_PERSTUD(3.1),JPN,FIN_PERSTUD,ISCED11_1,_T,INST_EDU,DIR_EXP,V,USD_PPP_ST,_Z,2022,10569.5786749177,W,0,0,,N5
OECD.EDU.IMEP:DSD_EAG_UOE_FIN@DF_UOE_INDIC_FIN_PERSTUD(3.1),CHN,FIN_PERSTUD,ISCED11_1,_T,INST_EDU,DIR_EXP,V,USD_PPP_ST,_Z,2022,3835.34447604138,A,0,0,,N5
OECD.EDU.IMEP:DSD_EAG_UOE_FIN@DF_UOE_INDIC_FIN_PERSTUD(3.1),ZAF,FIN_PERSTUD,ISCED11_1,_T,INST_EDU,DIR_EXP,V,USD_PPP_ST,_Z,2022,3297.22772762453,A,0,0,,N5
OECD.EDU.IMEP:DSD_EAG_UOE_FIN@DF_UOE_INDIC_FIN_PERSTUD(3.1),POL,FIN_PERSTUD,ISCED11_1,_T,INST_EDU,DIR_EXP,V,USD_PPP_ST,_Z,2022,11934.7872582253,A,0,0,,N5
OECD.EDU.IMEP:DSD_EAG_UOE_FIN@DF_UOE_INDIC_FIN_PERSTUD(3.1),ITA,FIN_PERSTUD,ISCED11_1,_T,INST_EDU,DIR_EXP,V,USD_PPP_ST,_Z,2022,14958.7261403946,A,0,0,,N5
OECD.EDU.IMEP:DSD_EAG_UOE_FIN@DF_UOE_INDIC_FIN_PERSTUD(3.1),PRT,FIN_PERSTUD,ISCED11_1,_T,INST_EDU,DIR_EXP,V,USD_PPP_ST,_Z,2022,11047.1482341467,A,0,0,,N5
OECD.EDU.IMEP:DSD_EAG_UOE_FIN@DF_UOE_INDIC_FIN_PERSTUD(3.1),GBR,FIN_PERSTUD,ISCED11_1,_T,INST_EDU,DIR_EXP,V,USD_PPP_ST,_Z,2022,14914.37595246,A,0,0,,N5
OECD.EDU.IMEP:DSD_EAG_UOE_FIN@DF_UOE_INDIC_FIN_PERSTUD(3.1),BRA,FIN_PERSTUD,ISCED11_1,_T,INST_EDU,DIR_EXP,V,USD_PPP_ST,_Z,2022,,O,0,0,,N5
OECD.EDU.IMEP:DSD_EAG_UOE_FIN@DF_UOE_INDIC_FIN_PERSTUD(3.1),PER,FIN_PERSTUD,ISCED11_1,_T,INST_EDU,DIR_EXP,V,USD_PPP_ST,_Z,2022,1980.16331003055,A,0,0,,N5
OECD.EDU.IMEP:DSD_EAG_UOE_FIN@DF_UOE_INDIC_FIN_PERSTUD(3.1),SWE,FIN_PERSTUD,ISCED11_1,_T,INST_EDU,DIR_EXP,_Z,PT_B1GQ_POP,_Z,2022,23.8580866703631,A,0,0,,_Z
OECD.EDU.IMEP:DSD_EAG_UOE_FIN@DF_UOE_INDIC_FIN_PERSTUD(3.1),ESP,FIN_PERSTUD,ISCED11_1,_T,INST_EDU,DIR_EXP,_Z,PT_B1GQ_POP,_Z,2022,21.703384473435,A,0,0,,_Z
OECD.EDU.IMEP:DSD_EAG_UOE_FIN@DF_UOE_INDIC_FIN_PERSTUD(3.1),SVK,FIN_PERSTUD,ISCED11_1,_T,INST_EDU,DIR_EXP,_Z,PT_B1GQ_POP,_Z,2022,25.1279622241102,A,0,0,,_Z
OECD.EDU.IMEP:DSD_EAG_UOE_FIN@DF_UOE_INDIC_FIN_PERSTUD(3.1),LUX,FIN_PERSTUD,ISCED11_1,_T,INST_EDU,DIR_EXP,_Z,PT_B1GQ_POP,_Z,2022,18.6817840513148,A,0,0,,_Z
OECD.EDU.IMEP:DSD_EAG_UOE_FIN@DF_UOE_INDIC_FIN_PERSTUD(3.1),ROU,FIN_PERSTUD,ISCED11_1,_T,INST_EDU,DIR_EXP,_Z,PT_B1GQ_POP,_Z,2022,8.48553456589572,A,0,0,,_Z
OECD.EDU.IMEP:DSD_EAG_UOE_FIN@DF_UOE_INDIC_FIN_PERSTUD(3.1),LVA,FIN_PERSTUD,ISCED11_1,_T,INST_EDU,DIR_EXP,_Z,PT_B1GQ_POP,_Z,2022,19.4830013219502,A,0,0,,_Z
OECD.EDU.IMEP:DSD_EAG_UOE_FIN@DF_UOE_INDIC_FIN_PERSTUD(3.1),BGR,FIN_PERSTUD,ISCED11_1,_T,INST_EDU,DIR_EXP,_Z,PT_B1GQ_POP,_Z,2022,20.4190961414683,A,0,0,,_Z
OECD.EDU.IMEP:DSD_EAG_UOE_FIN@DF_UOE_INDIC_FIN_PERSTUD(3.1),HRV,FIN_PERSTUD,ISCED11_1,_T,INST_EDU,DIR_EXP,_Z,PT_B1GQ_POP,_Z,2022,20.0167720407433,W,0,0,,_Z
OECD.EDU.IMEP:DSD_EAG_UOE_FIN@DF_UOE_INDIC_FIN_PERSTUD(3.1),JPN,FIN_PERSTUD,ISCED11_1,_T,INST_EDU,DIR_EXP,_Z,PT_B1GQ_POP,_Z,2022,21.9612883740826,W,0,0,,_Z
OECD.EDU.IMEP:DSD_EAG_UOE_FIN@DF_UOE_INDIC_FIN_PERSTUD(3.1),CHN,FIN_PERSTUD,ISCED11_1,_T,INST_EDU,DIR_EXP,_Z,PT_B1GQ_POP,_Z,2022,16.6290396016011,A,0,0,,_Z
OECD.EDU.IMEP:DSD_EAG_UOE_FIN@DF_UOE_INDIC_FIN_PERSTUD(3.1),ZAF,FIN_PERSTUD,ISCED11_1,_T,INST_EDU,DIR_EXP,_Z,PT_B1GQ_POP,_Z,2022,21.315116571807,A,0,0,,_Z
OECD.EDU.IMEP:DSD_EAG_UOE_FIN@DF_UOE_INDIC_FIN_PERSTUD(3.1),POL,FIN_PERSTUD,ISCED11_1,_T,INST_EDU,DIR_EXP,_Z,PT_B1GQ_POP,_Z,2022,26.5751233348936,A,0,0,,_Z
OECD.EDU.IMEP:DSD_EAG_UOE_FIN@DF_UOE_INDIC_FIN_PERSTUD(3.1),ITA,FIN_PERSTUD,ISCED11_1,_T,INST_EDU,DIR_EXP,_Z,PT_B1GQ_POP,_Z,2022,26.5945276735692,A,0,0,,_Z
OECD.EDU.IMEP:DSD_EAG_UOE_FIN@DF_UOE_INDIC_FIN_PERSTUD(3.1),PRT,FIN_PERSTUD,ISCED11_1,_T,INST_EDU,DIR_EXP,_Z,PT_B1GQ_POP,_Z,2022,24.8752018890723,A,0,0,,_Z
OECD.EDU.IMEP:DSD_EAG_UOE_FIN@DF_UOE_INDIC_FIN_PERSTUD(3.1),OECD,FIN_PERSTUD,ISCED11_1,_T,INST_EDU,DIR_EXP,_Z,PT_B1GQ_POP,_Z,2022,21.5187972186193,A,0,0,,_Z
OECD.EDU.IMEP:DSD_EAG_UOE_FIN@DF_UOE_INDIC_FIN_PERSTUD(3.1),PER,FIN_PERSTUD,ISCED11_1,_T,INST_EDU,DIR_EXP,_Z,PT_B1GQ_POP,_Z,2022,11.8596710657099,A,0,0,,_Z
OECD.EDU.IMEP:DSD_EAG_UOE_FIN@DF_UOE_INDIC_FIN_PERSTUD(3.1),KOR,FIN_PERSTUD,ISCED11_1,_T,INST_EDU,DIR_EXP,_Z,PT_B1GQ_POP,_Z,2022,35.8614255622074,A,0,0,,_Z
OECD.EDU.IMEP:DSD_EAG_UOE_FIN@DF_UOE_INDIC_FIN_PERSTUD(3.1),NLD,FIN_PERSTUD,ISCED11_1,_T,INST_EDU,DIR_EXP,_Z,PT_B1GQ_POP,_Z,2022,19.3251173895812,A,0,0,,_Z
OECD.EDU.IMEP:DSD_EAG_UOE_FIN@DF_UOE_INDIC_FIN_PERSTUD(3.1),MEX,FIN_PERSTUD,ISCED11_1,_T,INST_EDU,DIR_EXP,_Z,PT_B1GQ_POP,_Z,2022,14.5006220868838,A,0,0,,_Z
OECD.EDU.IMEP:DSD_EAG_UOE_FIN@DF_UOE_INDIC_FIN_PERSTUD(3.1),TUR,FIN_PERSTUD,ISCED11_1,_T,INST_EDU,DIR_EXP,_Z,PT_B1GQ_POP,_Z,2022,10.0110551745462,A,0,0,,_Z
OECD.EDU.IMEP:DSD_EAG_UOE_FIN@DF_UOE_INDIC_FIN_PERSTUD(3.1),CHE,FIN_PERSTUD,ISCED11_1,_T,INST_EDU,DIR_EXP,_Z,PT_B1GQ_POP,_Z,2022,,K,0,0,,_Z
OECD.EDU.IMEP:DSD_EAG_UOE_FIN@DF_UOE_INDIC_FIN_PERSTUD(3.1),ARG,FIN_PERSTUD,ISCED11_1,_T,INST_EDU,DIR_EXP,_Z,PT_B1GQ_POP,_Z,2022,,O,0,0,,_Z
OECD.EDU.IMEP:DSD_EAG_UOE_FIN@DF_UOE_INDIC_FIN_PERSTUD(3.1),GRC,FIN_PERSTUD,ISCED11_1,_T,INST_EDU,DIR_EXP,V,USD_PPP_ST,_Z,2022,8010.99595031566,A,0,0,,N5
OECD.EDU.IMEP:DSD_EAG_UOE_FIN@DF_UOE_INDIC_FIN_PERSTUD(3.1),BEL,FIN_PERSTUD,ISCED11_1,_T,INST_EDU,DIR_EXP,V,USD_PPP_ST,_Z,2022,15349.7266810749,A,0,0,,N5
OECD.EDU.IMEP:DSD_EAG_UOE_FIN@DF_UOE_INDIC_FIN_PERSTUD(3.1),HUN,FIN_PERSTUD,ISCED11_1,_T,INST_EDU,DIR_EXP,V,USD_PPP_ST,_Z,2022,7688.99524149155,A,0,0,,N5
OECD.EDU.IMEP:DSD_EAG_UOE_FIN@DF_UOE_INDIC_FIN_PERSTUD(3.1),EST,FIN_PERSTUD,ISCED11_1,_T,INST_EDU,DIR_EXP,V,USD_PPP_ST,_Z,2022,11709.1004318573,A,0,0,,N5
OECD.EDU.IMEP:DSD_EAG_UOE_FIN@DF_UOE_INDIC_FIN_PERSTUD(3.1),CZE,FIN_PERSTUD,ISCED11_1,_T,INST_EDU,DIR_EXP,V,USD_PPP_ST,_Z,2022,8637.11527742094,A,0,0,,N5
OECD.EDU.IMEP:DSD_EAG_UOE_FIN@DF_UOE_INDIC_FIN_PERSTUD(3.1),FRA,FIN_PERSTUD,ISCED11_1,_T,INST_EDU,DIR_EXP,V,USD_PPP_ST,_Z,2022,11134.8827872687,A,0,0,,N5
OECD.EDU.IMEP:DSD_EAG_UOE_FIN@DF_UOE_INDIC_FIN_PERSTUD(3.1),G20,FIN_PERSTUD,ISCED11_1,_T,INST_EDU,DIR_EXP,V,USD_PPP_ST,_Z,2022,10582.298536469,A,0,0,,N5
OECD.EDU.IMEP:DSD_EAG_UOE_FIN@DF_UOE_INDIC_FIN_PERSTUD(3.1),NZL,FIN_PERSTUD,ISCED11_1,_T,INST_EDU,DIR_EXP,V,USD_PPP_ST,_Z,2022,9996.85377139665,A,0,0,,N5
OECD.EDU.IMEP:DSD_EAG_UOE_FIN@DF_UOE_INDIC_FIN_PERSTUD(3.1),IRL,FIN_PERSTUD,ISCED11_1,_T,INST_EDU,DIR_EXP,V,USD_PPP_ST,_Z,2022,12356.8813673409,A,0,0,,N5
OECD.EDU.IMEP:DSD_EAG_UOE_FIN@DF_UOE_INDIC_FIN_PERSTUD(3.1),NOR,FIN_PERSTUD,ISCED11_1,_T,INST_EDU,DIR_EXP,V,USD_PPP_ST,_Z,2022,19752.0794466414,A,0,0,,N5
OECD.EDU.IMEP:DSD_EAG_UOE_FIN@DF_UOE_INDIC_FIN_PERSTUD(3.1),ISR,FIN_PERSTUD,ISCED11_1,_T,INST_EDU,DIR_EXP,V,USD_PPP_ST,_Z,2022,13002.6830443032,A,0,0,,N5
OECD.EDU.IMEP:DSD_EAG_UOE_FIN@DF_UOE_INDIC_FIN_PERSTUD(3.1),CRI,FIN_PERSTUD,ISCED11_1,_T,INST_EDU,DIR_EXP,V,USD_PPP_ST,_Z,2022,,O,0,0,,N5
OECD.EDU.IMEP:DSD_EAG_UOE_FIN@DF_UOE_INDIC_FIN_PERSTUD(3.1),CAN,FIN_PERSTUD,ISCED11_1,_T,INST_EDU,DIR_EXP,V,USD_PPP_ST,_Z,2022,14605.7389135857,W,0,0,,N5
OECD.EDU.IMEP:DSD_EAG_UOE_FIN@DF_UOE_INDIC_FIN_PERSTUD(3.1),CHL,FIN_PERSTUD,ISCED11_1,_T,INST_EDU,DIR_EXP,V,USD_PPP_ST,_Z,2022,6199.16423769483,W,0,0,,N5
OECD.EDU.IMEP:DSD_EAG_UOE_FIN@DF_UOE_INDIC_FIN_PERSTUD(3.1),AUT,FIN_PERSTUD,ISCED11_1,_T,INST_EDU,DIR_EXP,V,USD_PPP_ST,_Z,2022,16897.1112031063,A,0,0,,N5
OECD.EDU.IMEP:DSD_EAG_UOE_FIN@DF_UOE_INDIC_FIN_PERSTUD(3.1),DEU,FIN_PERSTUD,ISCED11_1,_T,INST_EDU,DIR_EXP,V,USD_PPP_ST,_Z,2022,13007.4608946702,A,0,0,,N5
OECD.EDU.IMEP:DSD_EAG_UOE_FIN@DF_UOE_INDIC_FIN_PERSTUD(3.1),DNK,FIN_PERSTUD,ISCED11_1,_T,INST_EDU,DIR_EXP,V,USD_PPP_ST,_Z,2022,16410.8637535187,A,0,0,,N5
OECD.EDU.IMEP:DSD_EAG_UOE_FIN@DF_UOE_INDIC_FIN_PERSTUD(3.1),FIN,FIN_PERSTUD,ISCED11_1,_T,INST_EDU,DIR_EXP,V,USD_PPP_ST,_Z,2022,12426.3203841086,A,0,0,,N5
OECD.EDU.IMEP:DSD_EAG_UOE_FIN@DF_UOE_INDIC_FIN_PERSTUD(3.1),ISL,FIN_PERSTUD,ISCED11_1,_T,INST_EDU,DIR_EXP,V,USD_PPP_ST,_Z,2022,19211.2342876364,W,0,0,,N5
OECD.EDU.IMEP:DSD_EAG_UOE_FIN@DF_UOE_INDIC_FIN_PERSTUD(3.1),LTU,FIN_PERSTUD,ISCED11_1,_T,INST_EDU,DIR_EXP,V,USD_PPP_ST,_Z,2022,9738.19339000666,A,0,0,,N5
OECD.EDU.IMEP:DSD_EAG_UOE_FIN@DF_UOE_INDIC_FIN_PERSTUD(3.1),GRC,FIN_PERSTUD,ISCED11_1,_T,INST_EDU,DIR_EXP,_Z,PT_B1GQ_POP,_Z,2022,20.8376318174988,A,0,0,,_Z
OECD.EDU.IMEP:DSD_EAG_UOE_FIN@DF_UOE_INDIC_FIN_PERSTUD(3.1),FIN,FIN_PERSTUD,ISCED11_1,_T,INST_EDU,DIR_EXP,_Z,PT_B1GQ_POP,_Z,2022,20.2586339999657,A,0,0,,_Z
OECD.EDU.IMEP:DSD_EAG_UOE_FIN@DF_UOE_INDIC_FIN_PERSTUD(3.1),HUN,FIN_PERSTUD,ISCED11_1,_T,INST_EDU,DIR_EXP,_Z,PT_B1GQ_POP,_Z,2022,17.4658425052427,A,0,0,,_Z
OECD.EDU.IMEP:DSD_EAG_UOE_FIN@DF_UOE_INDIC_FIN_PERSTUD(3.1),DNK,FIN_PERSTUD,ISCED11_1,_T,INST_EDU,DIR_EXP,_Z,PT_B1GQ_POP,_Z,2022,21.2146000071909,A,0,0,,_Z
OECD.EDU.IMEP:DSD_EAG_UOE_FIN@DF_UOE_INDIC_FIN_PERSTUD(3.1),AUT,FIN_PERSTUD,ISCED11_1,_T,INST_EDU,DIR_EXP,_Z,PT_B1GQ_POP,_Z,2022,23.9170433577581,A,0,0,,_Z
OECD.EDU.IMEP:DSD_EAG_UOE_FIN@DF_UOE_INDIC_FIN_PERSTUD(3.1),EST,FIN_PERSTUD,ISCED11_1,_T,INST_EDU,DIR_EXP,_Z,PT_B1GQ_POP,_Z,2022,24.185477531841,A,0,0,,_Z
OECD.EDU.IMEP:DSD_EAG_UOE_FIN@DF_UOE_INDIC_FIN_PERSTUD(3.1),CZE,FIN_PERSTUD,ISCED11_1,_T,INST_EDU,DIR_EXP,_Z,PT_B1GQ_POP,_Z,2022,16.8398424657295,A,0,0,,_Z
OECD.EDU.IMEP:DSD_EAG_UOE_FIN@DF_UOE_INDIC_FIN_PERSTUD(3.1),FRA,FIN_PERSTUD,ISCED11_1,_T,INST_EDU,DIR_EXP,_Z,PT_B1GQ_POP,_Z,2022,19.8234383068306,A,0,0,,_Z
OECD.EDU.IMEP:DSD_EAG_UOE_FIN@DF_UOE_INDIC_FIN_PERSTUD(3.1),EU25,FIN_PERSTUD,ISCED11_1,_T,INST_EDU,DIR_EXP,_Z,PT_B1GQ_POP,_Z,2022,20.6392214122107,A,0,0,,_Z
OECD.EDU.IMEP:DSD_EAG_UOE_FIN@DF_UOE_INDIC_FIN_PERSTUD(3.1),AUS,FIN_PERSTUD,ISCED11_1,_T,INST_EDU,DIR_EXP,_Z,PT_B1GQ_POP,_Z,2022,19.6604728400433,B,0,0,,_Z
OECD.EDU.IMEP:DSD_EAG_UOE_FIN@DF_UOE_INDIC_FIN_PERSTUD(3.1),G20,FIN_PERSTUD,ISCED11_1,_T,INST_EDU,DIR_EXP,_Z,PT_B1GQ_POP,_Z,2022,21.1176483551851,A,0,0,,_Z
OECD.EDU.IMEP:DSD_EAG_UOE_FIN@DF_UOE_INDIC_FIN_PERSTUD(3.1),ISR,FIN_PERSTUD,ISCED11_1,_T,INST_EDU,DIR_EXP,_Z,PT_B1GQ_POP,_Z,2022,24.2582185272063,A,0,0,,_Z
OECD.EDU.IMEP:DSD_EAG_UOE_FIN@DF_UOE_INDIC_FIN_PERSTUD(3.1),NOR,FIN_PERSTUD,ISCED11_1,_T,INST_EDU,DIR_EXP,_Z,PT_B1GQ_POP,_Z,2022,25.7495553498741,A,0,0,,_Z
OECD.EDU.IMEP:DSD_EAG_UOE_FIN@DF_UOE_INDIC_FIN_PERSTUD(3.1),IRL,FIN_PERSTUD,ISCED11_1,_T,INST_EDU,DIR_EXP,_Z,PT_B1GQ_POP,_Z,2022,9.05617142760149,A,0,0,,_Z
OECD.EDU.IMEP:DSD_EAG_UOE_FIN@DF_UOE_INDIC_FIN_PERSTUD(3.1),NZL,FIN_PERSTUD,ISCED11_1,_T,INST_EDU,DIR_EXP,_Z,PT_B1GQ_POP,_Z,2022,19.1462765171069,A,0,0,,_Z
OECD.EDU.IMEP:DSD_EAG_UOE_FIN@DF_UOE_INDIC_FIN_PERSTUD(3.1),CRI,FIN_PERSTUD,ISCED11_1,_T,INST_EDU,DIR_EXP,_Z,PT_B1GQ_POP,_Z,2022,,O,0,0,,_Z
OECD.EDU.IMEP:DSD_EAG_UOE_FIN@DF_UOE_INDIC_FIN_PERSTUD(3.1),CAN,FIN_PERSTUD,ISCED11_1,_T,INST_EDU,DIR_EXP,_Z,PT_B1GQ_POP,_Z,2022,22.8070923188788,W,0,0,,_Z
OECD.EDU.IMEP:DSD_EAG_UOE_FIN@DF_UOE_INDIC_FIN_PERSTUD(3.1),CHL,FIN_PERSTUD,ISCED11_1,_T,INST_EDU,DIR_EXP,_Z,PT_B1GQ_POP,_Z,2022,20.3372095236989,W,0,0,,_Z
OECD.EDU.IMEP:DSD_EAG_UOE_FIN@DF_UOE_INDIC_FIN_PERSTUD(3.1),BEL,FIN_PERSTUD,ISCED11_1,_T,INST_EDU,DIR_EXP,_Z,PT_B1GQ_POP,_Z,2022,22.5271191100266,A,0,0,,_Z
OECD.EDU.IMEP:DSD_EAG_UOE_FIN@DF_UOE_INDIC_FIN_PERSTUD(3.1),DEU,FIN_PERSTUD,ISCED11_1,_T,INST_EDU,DIR_EXP,_Z,PT_B1GQ_POP,_Z,2022,19.2447019274034,A,0,0,,_Z
OECD.EDU.IMEP:DSD_EAG_UOE_FIN@DF_UOE_INDIC_FIN_PERSTUD(3.1),LTU,FIN_PERSTUD,ISCED11_2,_T,INST_EDU,DIR_EXP,_Z,PT_B1GQ_POP,_Z,2022,19.7345909967747,A,0,0,,_Z
OECD.EDU.IMEP:DSD_EAG_UOE_FIN@DF_UOE_INDIC_FIN_PERSTUD(3.1),SVN,FIN_PERSTUD,ISCED11_2,_T,INST_EDU,DIR_EXP,_Z,PT_B1GQ_POP,_Z,2022,26.9133353975816,A,0,0,,_Z
OECD.EDU.IMEP:DSD_EAG_UOE_FIN@DF_UOE_INDIC_FIN_PERSTUD(3.1),SWE,FIN_PERSTUD,ISCED11_2,_T,INST_EDU,DIR_EXP,_Z,PT_B1GQ_POP,_Z,2022,23.6169054607808,A,0,0,,_Z
OECD.EDU.IMEP:DSD_EAG_UOE_FIN@DF_UOE_INDIC_FIN_PERSTUD(3.1),ESP,FIN_PERSTUD,ISCED11_2,_T,INST_EDU,DIR_EXP,_Z,PT_B1GQ_POP,_Z,2022,25.0836021840655,A,0,0,,_Z
OECD.EDU.IMEP:DSD_EAG_UOE_FIN@DF_UOE_INDIC_FIN_PERSTUD(3.1),KOR,FIN_PERSTUD,ISCED11_2,_T,INST_EDU,DIR_EXP,V,USD_PPP_ST,_Z,2022,20906.5629030247,A,0,0,,N5
OECD.EDU.IMEP:DSD_EAG_UOE_FIN@DF_UOE_INDIC_FIN_PERSTUD(3.1),NLD,FIN_PERSTUD,ISCED11_2,_T,INST_EDU,DIR_EXP,V,USD_PPP_ST,_Z,2022,18929.8012225966,A,0,0,,N5
OECD.EDU.IMEP:DSD_EAG_UOE_FIN@DF_UOE_INDIC_FIN_PERSTUD(3.1),MEX,FIN_PERSTUD,ISCED11_2,_T,INST_EDU,DIR_EXP,V,USD_PPP_ST,_Z,2022,2900.92426912674,A,0,0,,N5
OECD.EDU.IMEP:DSD_EAG_UOE_FIN@DF_UOE_INDIC_FIN_PERSTUD(3.1),TUR,FIN_PERSTUD,ISCED11_2,_T,INST_EDU,DIR_EXP,V,USD_PPP_ST,_Z,2022,4024.84758587869,A,0,0,,N5
OECD.EDU.IMEP:DSD_EAG_UOE_FIN@DF_UOE_INDIC_FIN_PERSTUD(3.1),ROU,FIN_PERSTUD,ISCED11_2,_T,INST_EDU,DIR_EXP,V,USD_PPP_ST,_Z,2022,8290.73561535529,A,0,0,,N5
OECD.EDU.IMEP:DSD_EAG_UOE_FIN@DF_UOE_INDIC_FIN_PERSTUD(3.1),CHE,FIN_PERSTUD,ISCED11_2,_T,INST_EDU,DIR_EXP,V,USD_PPP_ST,_Z,2022,,K,0,0,,N5
OECD.EDU.IMEP:DSD_EAG_UOE_FIN@DF_UOE_INDIC_FIN_PERSTUD(3.1),ARG,FIN_PERSTUD,ISCED11_2,_T,INST_EDU,DIR_EXP,V,USD_PPP_ST,_Z,2022,,O,0,0,,N5
OECD.EDU.IMEP:DSD_EAG_UOE_FIN@DF_UOE_INDIC_FIN_PERSTUD(3.1),FIN,FIN_PERSTUD,ISCED11_2,_T,INST_EDU,DIR_EXP,V,USD_PPP_ST,_Z,2022,19541.7075267579,A,0,0,,N5
OECD.EDU.IMEP:DSD_EAG_UOE_FIN@DF_UOE_INDIC_FIN_PERSTUD(3.1),SWE,FIN_PERSTUD,ISCED11_2,_T,INST_EDU,DIR_EXP,V,USD_PPP_ST,_Z,2022,15615.9506307499,A,0,0,,N5
OECD.EDU.IMEP:DSD_EAG_UOE_FIN@DF_UOE_INDIC_FIN_PERSTUD(3.1),ESP,FIN_PERSTUD,ISCED11_2,_T,INST_EDU,DIR_EXP,V,USD_PPP_ST,_Z,2022,12660.4745417839,A,0,0,,N5
OECD.EDU.IMEP:DSD_EAG_UOE_FIN@DF_UOE_INDIC_FIN_PERSTUD(3.1),SVK,FIN_PERSTUD,ISCED11_2,_T,INST_EDU,DIR_EXP,V,USD_PPP_ST,_Z,2022,8527.5212231076,A,0,0,,N5
OECD.EDU.IMEP:DSD_EAG_UOE_FIN@DF_UOE_INDIC_FIN_PERSTUD(3.1),LUX,FIN_PERSTUD,ISCED11_2,_T,INST_EDU,DIR_EXP,V,USD_PPP_ST,_Z,2022,32176.4740297982,A,0,0,,N5
OECD.EDU.IMEP:DSD_EAG_UOE_FIN@DF_UOE_INDIC_FIN_PERSTUD(3.1),ISR,FIN_PERSTUD,ISCED11_2,_T,INST_EDU,DIR_EXP,V,USD_PPP_ST,_Z,2022,,K,0,0,,N5
OECD.EDU.IMEP:DSD_EAG_UOE_FIN@DF_UOE_INDIC_FIN_PERSTUD(3.1),EU25,FIN_PERSTUD,ISCED11_2,_T,INST_EDU,DIR_EXP,V,USD_PPP_ST,_Z,2022,14164.8426939203,A,0,0,,N5
OECD.EDU.IMEP:DSD_EAG_UOE_FIN@DF_UOE_INDIC_FIN_PERSTUD(3.1),G20,FIN_PERSTUD,ISCED11_2,_T,INST_EDU,DIR_EXP,V,USD_PPP_ST,_Z,2022,11269.3843423123,A,0,0,,N5
OECD.EDU.IMEP:DSD_EAG_UOE_FIN@DF_UOE_INDIC_FIN_PERSTUD(3.1),LVA,FIN_PERSTUD,ISCED11_2,_T,INST_EDU,DIR_EXP,V,USD_PPP_ST,_Z,2022,7958.07785903251,A,0,0,,N5
OECD.EDU.IMEP:DSD_EAG_UOE_FIN@DF_UOE_INDIC_FIN_PERSTUD(3.1),BGR,FIN_PERSTUD,ISCED11_2,_T,INST_EDU,DIR_EXP,V,USD_PPP_ST,_Z,2022,8044.02808563077,A,0,0,,N5
OECD.EDU.IMEP:DSD_EAG_UOE_FIN@DF_UOE_INDIC_FIN_PERSTUD(3.1),HRV,FIN_PERSTUD,ISCED11_2,_T,INST_EDU,DIR_EXP,V,USD_PPP_ST,_Z,2022,,K,0,0,,N5
OECD.EDU.IMEP:DSD_EAG_UOE_FIN@DF_UOE_INDIC_FIN_PERSTUD(3.1),JPN,FIN_PERSTUD,ISCED11_2,_T,INST_EDU,DIR_EXP,V,USD_PPP_ST,_Z,2022,12258.5925739832,W,0,0,,N5
OECD.EDU.IMEP:DSD_EAG_UOE_FIN@DF_UOE_INDIC_FIN_PERSTUD(3.1),CHN,FIN_PERSTUD,ISCED11_2,_T,INST_EDU,DIR_EXP,V,USD_PPP_ST,_Z,2022,5303.00169813454,A,0,0,,N5
OECD.EDU.IMEP:DSD_EAG_UOE_FIN@DF_UOE_INDIC_FIN_PERSTUD(3.1),ZAF,FIN_PERSTUD,ISCED11_2,_T,INST_EDU,DIR_EXP,V,USD_PPP_ST,_Z,2022,3614.51702247985,A,0,0,,N5
OECD.EDU.IMEP:DSD_EAG_UOE_FIN@DF_UOE_INDIC_FIN_PERSTUD(3.1),POL,FIN_PERSTUD,ISCED11_2,_T,INST_EDU,DIR_EXP,V,USD_PPP_ST,_Z,2022,10976.8123026288,A,0,0,,N5
OECD.EDU.IMEP:DSD_EAG_UOE_FIN@DF_UOE_INDIC_FIN_PERSTUD(3.1),ITA,FIN_PERSTUD,ISCED11_2,_T,INST_EDU,DIR_EXP,V,USD_PPP_ST,_Z,2022,11897.0776274466,A,0,0,,N5
OECD.EDU.IMEP:DSD_EAG_UOE_FIN@DF_UOE_INDIC_FIN_PERSTUD(3.1),PRT,FIN_PERSTUD,ISCED11_2,_T,INST_EDU,DIR_EXP,V,USD_PPP_ST,_Z,2022,14179.3669186294,A,0,0,,N5
OECD.EDU.IMEP:DSD_EAG_UOE_FIN@DF_UOE_INDIC_FIN_PERSTUD(3.1),GBR,FIN_PERSTUD,ISCED11_2,_T,INST_EDU,DIR_EXP,V,USD_PPP_ST,_Z,2022,14788.326807751,A,0,0,,N5
OECD.EDU.IMEP:DSD_EAG_UOE_FIN@DF_UOE_INDIC_FIN_PERSTUD(3.1),OECD,FIN_PERSTUD,ISCED11_2,_T,INST_EDU,DIR_EXP,V,USD_PPP_ST,_Z,2022,14264.7107459452,A,0,0,,N5
OECD.EDU.IMEP:DSD_EAG_UOE_FIN@DF_UOE_INDIC_FIN_PERSTUD(3.1),PER,FIN_PERSTUD,ISCED11_2,_T,INST_EDU,DIR_EXP,V,USD_PPP_ST,_Z,2022,2774.90223253704,A,0,0,,N5
OECD.EDU.IMEP:DSD_EAG_UOE_FIN@DF_UOE_INDIC_FIN_PERSTUD(3.1),SVK,FIN_PERSTUD,ISCED11_2,_T,INST_EDU,DIR_EXP,_Z,PT_B1GQ_POP,_Z,2022,20.8393735780958,A,0,0,,_Z
OECD.EDU.IMEP:DSD_EAG_UOE_FIN@DF_UOE_INDIC_FIN_PERSTUD(3.1),LUX,FIN_PERSTUD,ISCED11_2,_T,INST_EDU,DIR_EXP,_Z,PT_B1GQ_POP,_Z,2022,22.2841028050046,A,0,0,,_Z
OECD.EDU.IMEP:DSD_EAG_UOE_FIN@DF_UOE_INDIC_FIN_PERSTUD(3.1),ISR,FIN_PERSTUD,ISCED11_2,_T,INST_EDU,DIR_EXP,_Z,PT_B1GQ_POP,_Z,2022,,K,0,0,,_Z
OECD.EDU.IMEP:DSD_EAG_UOE_FIN@DF_UOE_INDIC_FIN_PERSTUD(3.1),EU25,FIN_PERSTUD,ISCED11_2,_T,INST_EDU,DIR_EXP,_Z,PT_B1GQ_POP,_Z,2022,23.7205517790378,A,0,0,,_Z
OECD.EDU.IMEP:DSD_EAG_UOE_FIN@DF_UOE_INDIC_FIN_PERSTUD(3.1),LVA,FIN_PERSTUD,ISCED11_2,_T,INST_EDU,DIR_EXP,_Z,PT_B1GQ_POP,_Z,2022,19.987189518288,A,0,0,,_Z
OECD.EDU.IMEP:DSD_EAG_UOE_FIN@DF_UOE_INDIC_FIN_PERSTUD(3.1),BGR,FIN_PERSTUD,ISCED11_2,_T,INST_EDU,DIR_EXP,_Z,PT_B1GQ_POP,_Z,2022,22.4588255285022,A,0,0,,_Z
OECD.EDU.IMEP:DSD_EAG_UOE_FIN@DF_UOE_INDIC_FIN_PERSTUD(3.1),HRV,FIN_PERSTUD,ISCED11_2,_T,INST_EDU,DIR_EXP,_Z,PT_B1GQ_POP,_Z,2022,,K,0,0,,_Z
OECD.EDU.IMEP:DSD_EAG_UOE_FIN@DF_UOE_INDIC_FIN_PERSTUD(3.1),JPN,FIN_PERSTUD,ISCED11_2,_T,INST_EDU,DIR_EXP,_Z,PT_B1GQ_POP,_Z,2022,25.4706923386168,W,0,0,,_Z
OECD.EDU.IMEP:DSD_EAG_UOE_FIN@DF_UOE_INDIC_FIN_PERSTUD(3.1),CHN,FIN_PERSTUD,ISCED11_2,_T,INST_EDU,DIR_EXP,_Z,PT_B1GQ_POP,_Z,2022,22.9924132751317,A,0,0,,_Z
OECD.EDU.IMEP:DSD_EAG_UOE_FIN@DF_UOE_INDIC_FIN_PERSTUD(3.1),ZAF,FIN_PERSTUD,ISCED11_2,_T,INST_EDU,DIR_EXP,_Z,PT_B1GQ_POP,_Z,2022,23.3662513024069,A,0,0,,_Z
OECD.EDU.IMEP:DSD_EAG_UOE_FIN@DF_UOE_INDIC_FIN_PERSTUD(3.1),POL,FIN_PERSTUD,ISCED11_2,_T,INST_EDU,DIR_EXP,_Z,PT_B1GQ_POP,_Z,2022,24.4420059155471,A,0,0,,_Z
OECD.EDU.IMEP:DSD_EAG_UOE_FIN@DF_UOE_INDIC_FIN_PERSTUD(3.1),ITA,FIN_PERSTUD,ISCED11_2,_T,INST_EDU,DIR_EXP,_Z,PT_B1GQ_POP,_Z,2022,21.1513438529587,A,0,0,,_Z
OECD.EDU.IMEP:DSD_EAG_UOE_FIN@DF_UOE_INDIC_FIN_PERSTUD(3.1),PRT,FIN_PERSTUD,ISCED11_2,_T,INST_EDU,DIR_EXP,_Z,PT_B1GQ_POP,_Z,2022,31.9281145943077,A,0,0,,_Z
OECD.EDU.IMEP:DSD_EAG_UOE_FIN@DF_UOE_INDIC_FIN_PERSTUD(3.1),GBR,FIN_PERSTUD,ISCED11_2,_T,INST_EDU,DIR_EXP,_Z,PT_B1GQ_POP,_Z,2022,24.791686474546,A,0,0,,_Z
OECD.EDU.IMEP:DSD_EAG_UOE_FIN@DF_UOE_INDIC_FIN_PERSTUD(3.1),PER,FIN_PERSTUD,ISCED11_2,_T,INST_EDU,DIR_EXP,_Z,PT_B1GQ_POP,_Z,2022,16.6195523120189,A,0,0,,_Z
OECD.EDU.IMEP:DSD_EAG_UOE_FIN@DF_UOE_INDIC_FIN_PERSTUD(3.1),KOR,FIN_PERSTUD,ISCED11_2,_T,INST_EDU,DIR_EXP,_Z,PT_B1GQ_POP,_Z,2022,37.9633533544883,A,0,0,,_Z
OECD.EDU.IMEP:DSD_EAG_UOE_FIN@DF_UOE_INDIC_FIN_PERSTUD(3.1),NLD,FIN_PERSTUD,ISCED11_2,_T,INST_EDU,DIR_EXP,_Z,PT_B1GQ_POP,_Z,2022,24.535677067108,A,0,0,,_Z
OECD.EDU.IMEP:DSD_EAG_UOE_FIN@DF_UOE_INDIC_FIN_PERSTUD(3.1),MEX,FIN_PERSTUD,ISCED11_2,_T,INST_EDU,DIR_EXP,_Z,PT_B1GQ_POP,_Z,2022,12.404865643231,A,0,0,,_Z
OECD.EDU.IMEP:DSD_EAG_UOE_FIN@DF_UOE_INDIC_FIN_PERSTUD(3.1),TUR,FIN_PERSTUD,ISCED11_2,_T,INST_EDU,DIR_EXP,_Z,PT_B1GQ_POP,_Z,2022,10.2934526678323,A,0,0,,_Z
OECD.EDU.IMEP:DSD_EAG_UOE_FIN@DF_UOE_INDIC_FIN_PERSTUD(3.1),ROU,FIN_PERSTUD,ISCED11_2,_T,INST_EDU,DIR_EXP,_Z,PT_B1GQ_POP,_Z,2022,18.7183083263422,A,0,0,,_Z
OECD.EDU.IMEP:DSD_EAG_UOE_FIN@DF_UOE_INDIC_FIN_PERSTUD(3.1),CHE,FIN_PERSTUD,ISCED11_2,_T,INST_EDU,DIR_EXP,_Z,PT_B1GQ_POP,_Z,2022,,K,0,0,,_Z
OECD.EDU.IMEP:DSD_EAG_UOE_FIN@DF_UOE_INDIC_FIN_PERSTUD(3.1),OECD,FIN_PERSTUD,ISCED11_2,_T,INST_EDU,DIR_EXP,_Z,PT_B1GQ_POP,_Z,2022,23.9583991198293,A,0,0,,_Z
OECD.EDU.IMEP:DSD_EAG_UOE_FIN@DF_UOE_INDIC_FIN_PERSTUD(3.1),ARG,FIN_PERSTUD,ISCED11_2,_T,INST_EDU,DIR_EXP,_Z,PT_B1GQ_POP,_Z,2022,,O,0,0,,_Z
OECD.EDU.IMEP:DSD_EAG_UOE_FIN@DF_UOE_INDIC_FIN_PERSTUD(3.1),GRC,FIN_PERSTUD,ISCED11_2,_T,INST_EDU,DIR_EXP,V,USD_PPP_ST,_Z,2022,8866.02291427809,A,0,0,,N5
OECD.EDU.IMEP:DSD_EAG_UOE_FIN@DF_UOE_INDIC_FIN_PERSTUD(3.1),BEL,FIN_PERSTUD,ISCED11_2,_T,INST_EDU,DIR_EXP,V,USD_PPP_ST,_Z,2022,18849.211476766,A,0,0,,N5
OECD.EDU.IMEP:DSD_EAG_UOE_FIN@DF_UOE_INDIC_FIN_PERSTUD(3.1),HUN,FIN_PERSTUD,ISCED11_2,_T,INST_EDU,DIR_EXP,V,USD_PPP_ST,_Z,2022,7661.74703661747,A,0,0,,N5
OECD.EDU.IMEP:DSD_EAG_UOE_FIN@DF_UOE_INDIC_FIN_PERSTUD(3.1),EST,FIN_PERSTUD,ISCED11_2,_T,INST_EDU,DIR_EXP,V,USD_PPP_ST,_Z,2022,12698.1702585418,A,0,0,,N5
OECD.EDU.IMEP:DSD_EAG_UOE_FIN@DF_UOE_INDIC_FIN_PERSTUD(3.1),CZE,FIN_PERSTUD,ISCED11_2,_T,INST_EDU,DIR_EXP,V,USD_PPP_ST,_Z,2022,14600.8533785655,A,0,0,,N5
OECD.EDU.IMEP:DSD_EAG_UOE_FIN@DF_UOE_INDIC_FIN_PERSTUD(3.1),FRA,FIN_PERSTUD,ISCED11_2,_T,INST_EDU,DIR_EXP,V,USD_PPP_ST,_Z,2022,13621.6991791379,A,0,0,,N5
OECD.EDU.IMEP:DSD_EAG_UOE_FIN@DF_UOE_INDIC_FIN_PERSTUD(3.1),NZL,FIN_PERSTUD,ISCED11_2,_T,INST_EDU,DIR_EXP,V,USD_PPP_ST,_Z,2022,11322.8193509568,A,0,0,,N5
OECD.EDU.IMEP:DSD_EAG_UOE_FIN@DF_UOE_INDIC_FIN_PERSTUD(3.1),IRL,FIN_PERSTUD,ISCED11_2,_T,INST_EDU,DIR_EXP,V,USD_PPP_ST,_Z,2022,15525.2934017577,A,0,0,,N5
OECD.EDU.IMEP:DSD_EAG_UOE_FIN@DF_UOE_INDIC_FIN_PERSTUD(3.1),NOR,FIN_PERSTUD,ISCED11_2,_T,INST_EDU,DIR_EXP,V,USD_PPP_ST,_Z,2022,19752.0794466414,A,0,0,,N5
OECD.EDU.IMEP:DSD_EAG_UOE_FIN@DF_UOE_INDIC_FIN_PERSTUD(3.1),CAN,FIN_PERSTUD,ISCED11_2,_T,INST_EDU,DIR_EXP,V,USD_PPP_ST,_Z,2022,,K,0,0,,N5
OECD.EDU.IMEP:DSD_EAG_UOE_FIN@DF_UOE_INDIC_FIN_PERSTUD(3.1),CRI,FIN_PERSTUD,ISCED11_2,_T,INST_EDU,DIR_EXP,V,USD_PPP_ST,_Z,2022,,O,0,0,,N5
OECD.EDU.IMEP:DSD_EAG_UOE_FIN@DF_UOE_INDIC_FIN_PERSTUD(3.1),AUS,FIN_PERSTUD,ISCED11_2,_T,INST_EDU,DIR_EXP,V,USD_PPP_ST,_Z,2022,18643.831758407,B,0,0,,N5
OECD.EDU.IMEP:DSD_EAG_UOE_FIN@DF_UOE_INDIC_FIN_PERSTUD(3.1),CHL,FIN_PERSTUD,ISCED11_2,_T,INST_EDU,DIR_EXP,V,USD_PPP_ST,_Z,2022,8184.76284908114,W,0,0,,N5
OECD.EDU.IMEP:DSD_EAG_UOE_FIN@DF_UOE_INDIC_FIN_PERSTUD(3.1),AUT,FIN_PERSTUD,ISCED11_2,_T,INST_EDU,DIR_EXP,V,USD_PPP_ST,_Z,2022,19691.0742190272,A,0,0,,N5
OECD.EDU.IMEP:DSD_EAG_UOE_FIN@DF_UOE_INDIC_FIN_PERSTUD(3.1),DEU,FIN_PERSTUD,ISCED11_2,_T,INST_EDU,DIR_EXP,V,USD_PPP_ST,_Z,2022,16003.8463400653,A,0,0,,N5
OECD.EDU.IMEP:DSD_EAG_UOE_FIN@DF_UOE_INDIC_FIN_PERSTUD(3.1),DNK,FIN_PERSTUD,ISCED11_2,_T,INST_EDU,DIR_EXP,V,USD_PPP_ST,_Z,2022,19910.0302477048,A,0,0,,N5
OECD.EDU.IMEP:DSD_EAG_UOE_FIN@DF_UOE_INDIC_FIN_PERSTUD(3.1),BRA,FIN_PERSTUD,ISCED11_2,_T,INST_EDU,DIR_EXP,V,USD_PPP_ST,_Z,2022,,O,0,0,,N5
OECD.EDU.IMEP:DSD_EAG_UOE_FIN@DF_UOE_INDIC_FIN_PERSTUD(3.1),ISL,FIN_PERSTUD,ISCED11_2,_T,INST_EDU,DIR_EXP,V,USD_PPP_ST,_Z,2022,20066.5353722955,W,0,0,,N5
OECD.EDU.IMEP:DSD_EAG_UOE_FIN@DF_UOE_INDIC_FIN_PERSTUD(3.1),LTU,FIN_PERSTUD,ISCED11_2,_T,INST_EDU,DIR_EXP,V,USD_PPP_ST,_Z,2022,9965.65274529775,A,0,0,,N5
OECD.EDU.IMEP:DSD_EAG_UOE_FIN@DF_UOE_INDIC_FIN_PERSTUD(3.1),SVN,FIN_PERSTUD,ISCED11_2,_T,INST_EDU,DIR_EXP,V,USD_PPP_ST,_Z,2022,13764.5958728093,A,0,0,,N5
OECD.EDU.IMEP:DSD_EAG_UOE_FIN@DF_UOE_INDIC_FIN_PERSTUD(3.1),GRC,FIN_PERSTUD,ISCED11_2,_T,INST_EDU,DIR_EXP,_Z,PT_B1GQ_POP,_Z,2022,23.061667028549,A,0,0,,_Z
OECD.EDU.IMEP:DSD_EAG_UOE_FIN@DF_UOE_INDIC_FIN_PERSTUD(3.1),FIN,FIN_PERSTUD,ISCED11_2,_T,INST_EDU,DIR_EXP,_Z,PT_B1GQ_POP,_Z,2022,31.8588518790521,A,0,0,,_Z
OECD.EDU.IMEP:DSD_EAG_UOE_FIN@DF_UOE_INDIC_FIN_PERSTUD(3.1),HUN,FIN_PERSTUD,ISCED11_2,_T,INST_EDU,DIR_EXP,_Z,PT_B1GQ_POP,_Z,2022,17.4039471808298,A,0,0,,_Z
OECD.EDU.IMEP:DSD_EAG_UOE_FIN@DF_UOE_INDIC_FIN_PERSTUD(3.1),DNK,FIN_PERSTUD,ISCED11_2,_T,INST_EDU,DIR_EXP,_Z,PT_B1GQ_POP,_Z,2022,25.7380314759828,A,0,0,,_Z
OECD.EDU.IMEP:DSD_EAG_UOE_FIN@DF_UOE_INDIC_FIN_PERSTUD(3.1),AUT,FIN_PERSTUD,ISCED11_2,_T,INST_EDU,DIR_EXP,_Z,PT_B1GQ_POP,_Z,2022,27.8717628236197,A,0,0,,_Z
OECD.EDU.IMEP:DSD_EAG_UOE_FIN@DF_UOE_INDIC_FIN_PERSTUD(3.1),EST,FIN_PERSTUD,ISCED11_2,_T,INST_EDU,DIR_EXP,_Z,PT_B1GQ_POP,_Z,2022,26.2284291838412,A,0,0,,_Z
OECD.EDU.IMEP:DSD_EAG_UOE_FIN@DF_UOE_INDIC_FIN_PERSTUD(3.1),CZE,FIN_PERSTUD,ISCED11_2,_T,INST_EDU,DIR_EXP,_Z,PT_B1GQ_POP,_Z,2022,28.4673832480879,A,0,0,,_Z
OECD.EDU.IMEP:DSD_EAG_UOE_FIN@DF_UOE_INDIC_FIN_PERSTUD(3.1),FRA,FIN_PERSTUD,ISCED11_2,_T,INST_EDU,DIR_EXP,_Z,PT_B1GQ_POP,_Z,2022,24.2507189766371,A,0,0,,_Z
OECD.EDU.IMEP:DSD_EAG_UOE_FIN@DF_UOE_INDIC_FIN_PERSTUD(3.1),AUS,FIN_PERSTUD,ISCED11_2,_T,INST_EDU,DIR_EXP,_Z,PT_B1GQ_POP,_Z,2022,26.9326009512878,B,0,0,,_Z
OECD.EDU.IMEP:DSD_EAG_UOE_FIN@DF_UOE_INDIC_FIN_PERSTUD(3.1),G20,FIN_PERSTUD,ISCED11_2,_T,INST_EDU,DIR_EXP,_Z,PT_B1GQ_POP,_Z,2022,23.0268427911334,A,0,0,,_Z
OECD.EDU.IMEP:DSD_EAG_UOE_FIN@DF_UOE_INDIC_FIN_PERSTUD(3.1),NOR,FIN_PERSTUD,ISCED11_2,_T,INST_EDU,DIR_EXP,_Z,PT_B1GQ_POP,_Z,2022,25.7495553498741,A,0,0,,_Z
OECD.EDU.IMEP:DSD_EAG_UOE_FIN@DF_UOE_INDIC_FIN_PERSTUD(3.1),IRL,FIN_PERSTUD,ISCED11_2,_T,INST_EDU,DIR_EXP,_Z,PT_B1GQ_POP,_Z,2022,11.3782526780367,A,0,0,,_Z
OECD.EDU.IMEP:DSD_EAG_UOE_FIN@DF_UOE_INDIC_FIN_PERSTUD(3.1),NZL,FIN_PERSTUD,ISCED11_2,_T,INST_EDU,DIR_EXP,_Z,PT_B1GQ_POP,_Z,2022,21.6858058749398,A,0,0,,_Z
OECD.EDU.IMEP:DSD_EAG_UOE_FIN@DF_UOE_INDIC_FIN_PERSTUD(3.1),CRI,FIN_PERSTUD,ISCED11_2,_T,INST_EDU,DIR_EXP,_Z,PT_B1GQ_POP,_Z,2022,,O,0,0,,_Z
OECD.EDU.IMEP:DSD_EAG_UOE_FIN@DF_UOE_INDIC_FIN_PERSTUD(3.1),CAN,FIN_PERSTUD,ISCED11_2,_T,INST_EDU,DIR_EXP,_Z,PT_B1GQ_POP,_Z,2022,,K,0,0,,_Z
OECD.EDU.IMEP:DSD_EAG_UOE_FIN@DF_UOE_INDIC_FIN_PERSTUD(3.1),CHL,FIN_PERSTUD,ISCED11_2,_T,INST_EDU,DIR_EXP,_Z,PT_B1GQ_POP,_Z,2022,26.8512384220113,W,0,0,,_Z
OECD.EDU.IMEP:DSD_EAG_UOE_FIN@DF_UOE_INDIC_FIN_PERSTUD(3.1),BEL,FIN_PERSTUD,ISCED11_2,_T,INST_EDU,DIR_EXP,_Z,PT_B1GQ_POP,_Z,2022,27.6629311315824,A,0,0,,_Z
OECD.EDU.IMEP:DSD_EAG_UOE_FIN@DF_UOE_INDIC_FIN_PERSTUD(3.1),DEU,FIN_PERSTUD,ISCED11_2,_T,INST_EDU,DIR_EXP,_Z,PT_B1GQ_POP,_Z,2022,23.6778918653311,A,0,0,,_Z
OECD.EDU.IMEP:DSD_EAG_UOE_FIN@DF_UOE_INDIC_FIN_PERSTUD(3.1),BRA,FIN_PERSTUD,ISCED11_2,_T,INST_EDU,DIR_EXP,_Z,PT_B1GQ_POP,_Z,2022,,O,0,0,,_Z
OECD.EDU.IMEP:DSD_EAG_UOE_FIN@DF_UOE_INDIC_FIN_PERSTUD(3.1),ESP,FIN_PERSTUD,ISCED11_3,_T,INST_EDU,DIR_EXP,_Z,PT_B1GQ_POP,_Z,2022,27.697352894881,W,0,0,,_Z
OECD.EDU.IMEP:DSD_EAG_UOE_FIN@DF_UOE_INDIC_FIN_PERSTUD(3.1),LTU,FIN_PERSTUD,ISCED11_3,_T,INST_EDU,DIR_EXP,_Z,PT_B1GQ_POP,_Z,2022,20.6354902659491,A,0,0,,_Z
OECD.EDU.IMEP:DSD_EAG_UOE_FIN@DF_UOE_INDIC_FIN_PERSTUD(3.1),SVN,FIN_PERSTUD,ISCED11_3,_T,INST_EDU,DIR_EXP,_Z,PT_B1GQ_POP,_Z,2022,23.0684238664546,A,0,0,,_Z
OECD.EDU.IMEP:DSD_EAG_UOE_FIN@DF_UOE_INDIC_FIN_PERSTUD(3.1),SWE,FIN_PERSTUD,ISCED11_3,_T,INST_EDU,DIR_EXP,_Z,PT_B1GQ_POP,_Z,2022,23.0229677950209,A,0,0,,_Z
OECD.EDU.IMEP:DSD_EAG_UOE_FIN@DF_UOE_INDIC_FIN_PERSTUD(3.1),CHE,FIN_PERSTUD,ISCED11_3,_T,INST_EDU,DIR_EXP,V,USD_PPP_ST,_Z,2022,23667.169466625,W,0,0,,N5
OECD.EDU.IMEP:DSD_EAG_UOE_FIN@DF_UOE_INDIC_FIN_PERSTUD(3.1),PER,FIN_PERSTUD,ISCED11_3,_T,INST_EDU,DIR_EXP,V,USD_PPP_ST,_Z,2022,2618.51349335854,A,0,0,,N5
OECD.EDU.IMEP:DSD_EAG_UOE_FIN@DF_UOE_INDIC_FIN_PERSTUD(3.1),KOR,FIN_PERSTUD,ISCED11_3,_T,INST_EDU,DIR_EXP,V,USD_PPP_ST,_Z,2022,29934.5971470546,A,0,0,,N5
OECD.EDU.IMEP:DSD_EAG_UOE_FIN@DF_UOE_INDIC_FIN_PERSTUD(3.1),NLD,FIN_PERSTUD,ISCED11_3,_T,INST_EDU,DIR_EXP,V,USD_PPP_ST,_Z,2022,19185.269143805,A,0,0,,N5
OECD.EDU.IMEP:DSD_EAG_UOE_FIN@DF_UOE_INDIC_FIN_PERSTUD(3.1),MEX,FIN_PERSTUD,ISCED11_3,_T,INST_EDU,DIR_EXP,V,USD_PPP_ST,_Z,2022,4209.51622852061,A,0,0,,N5
OECD.EDU.IMEP:DSD_EAG_UOE_FIN@DF_UOE_INDIC_FIN_PERSTUD(3.1),TUR,FIN_PERSTUD,ISCED11_3,_T,INST_EDU,DIR_EXP,V,USD_PPP_ST,_Z,2022,4139.50929841096,A,0,0,,N5
OECD.EDU.IMEP:DSD_EAG_UOE_FIN@DF_UOE_INDIC_FIN_PERSTUD(3.1),ROU,FIN_PERSTUD,ISCED11_3,_T,INST_EDU,DIR_EXP,V,USD_PPP_ST,_Z,2022,7803.86317099378,A,0,0,,N5
OECD.EDU.IMEP:DSD_EAG_UOE_FIN@DF_UOE_INDIC_FIN_PERSTUD(3.1),ARG,FIN_PERSTUD,ISCED11_3,_T,INST_EDU,DIR_EXP,V,USD_PPP_ST,_Z,2022,,O,0,0,,N5
OECD.EDU.IMEP:DSD_EAG_UOE_FIN@DF_UOE_INDIC_FIN_PERSTUD(3.1),SVN,FIN_PERSTUD,ISCED11_3,_T,INST_EDU,DIR_EXP,V,USD_PPP_ST,_Z,2022,11798.1486595284,A,0,0,,N5
OECD.EDU.IMEP:DSD_EAG_UOE_FIN@DF_UOE_INDIC_FIN_PERSTUD(3.1),SWE,FIN_PERSTUD,ISCED11_3,_T,INST_EDU,DIR_EXP,V,USD_PPP_ST,_Z,2022,15223.2276602637,A,0,0,,N5
OECD.EDU.IMEP:DSD_EAG_UOE_FIN@DF_UOE_INDIC_FIN_PERSTUD(3.1),ISL,FIN_PERSTUD,ISCED11_3,_T,INST_EDU,DIR_EXP,V,USD_PPP_ST,_Z,2022,15059.1961962019,A,0,0,,N5
OECD.EDU.IMEP:DSD_EAG_UOE_FIN@DF_UOE_INDIC_FIN_PERSTUD(3.1),SVK,FIN_PERSTUD,ISCED11_3,_T,INST_EDU,DIR_EXP,V,USD_PPP_ST,_Z,2022,10966.6329992672,A,0,0,,N5
OECD.EDU.IMEP:DSD_EAG_UOE_FIN@DF_UOE_INDIC_FIN_PERSTUD(3.1),LUX,FIN_PERSTUD,ISCED11_3,_T,INST_EDU,DIR_EXP,V,USD_PPP_ST,_Z,2022,30591.5624752188,A,0,0,,N5
OECD.EDU.IMEP:DSD_EAG_UOE_FIN@DF_UOE_INDIC_FIN_PERSTUD(3.1),EU25,FIN_PERSTUD,ISCED11_3,_T,INST_EDU,DIR_EXP,V,USD_PPP_ST,_Z,2022,13370.6973205053,A,0,0,,N5
OECD.EDU.IMEP:DSD_EAG_UOE_FIN@DF_UOE_INDIC_FIN_PERSTUD(3.1),AUS,FIN_PERSTUD,ISCED11_3,_T,INST_EDU,DIR_EXP,V,USD_PPP_ST,_Z,2022,17523.3674693561,B,0,0,,N5
OECD.EDU.IMEP:DSD_EAG_UOE_FIN@DF_UOE_INDIC_FIN_PERSTUD(3.1),LVA,FIN_PERSTUD,ISCED11_3,_T,INST_EDU,DIR_EXP,V,USD_PPP_ST,_Z,2022,9799.88403250046,A,0,0,,N5
OECD.EDU.IMEP:DSD_EAG_UOE_FIN@DF_UOE_INDIC_FIN_PERSTUD(3.1),BGR,FIN_PERSTUD,ISCED11_3,_T,INST_EDU,DIR_EXP,V,USD_PPP_ST,_Z,2022,7574.70944374331,A,0,0,,N5
OECD.EDU.IMEP:DSD_EAG_UOE_FIN@DF_UOE_INDIC_FIN_PERSTUD(3.1),ITA,FIN_PERSTUD,ISCED11_3,_T,INST_EDU,DIR_EXP,V,USD_PPP_ST,_Z,2022,13044.8904179199,W,0,0,,N5
OECD.EDU.IMEP:DSD_EAG_UOE_FIN@DF_UOE_INDIC_FIN_PERSTUD(3.1),PRT,FIN_PERSTUD,ISCED11_3,_T,INST_EDU,DIR_EXP,V,USD_PPP_ST,_Z,2022,13522.5935534062,W,0,0,,N5
OECD.EDU.IMEP:DSD_EAG_UOE_FIN@DF_UOE_INDIC_FIN_PERSTUD(3.1),JPN,FIN_PERSTUD,ISCED11_3,_T,INST_EDU,DIR_EXP,V,USD_PPP_ST,_Z,2022,13913.9388620937,W,0,0,,N5
OECD.EDU.IMEP:DSD_EAG_UOE_FIN@DF_UOE_INDIC_FIN_PERSTUD(3.1),CHN,FIN_PERSTUD,ISCED11_3,_T,INST_EDU,DIR_EXP,V,USD_PPP_ST,_Z,2022,5669.6297378217,A,0,0,,N5
OECD.EDU.IMEP:DSD_EAG_UOE_FIN@DF_UOE_INDIC_FIN_PERSTUD(3.1),ZAF,FIN_PERSTUD,ISCED11_3,_T,INST_EDU,DIR_EXP,V,USD_PPP_ST,_Z,2022,3844.3550756484,A,0,0,,N5
OECD.EDU.IMEP:DSD_EAG_UOE_FIN@DF_UOE_INDIC_FIN_PERSTUD(3.1),POL,FIN_PERSTUD,ISCED11_3,_T,INST_EDU,DIR_EXP,V,USD_PPP_ST,_Z,2022,8929.04038998733,A,0,0,,N5
OECD.EDU.IMEP:DSD_EAG_UOE_FIN@DF_UOE_INDIC_FIN_PERSTUD(3.1),HRV,FIN_PERSTUD,ISCED11_3,_T,INST_EDU,DIR_EXP,V,USD_PPP_ST,_Z,2022,8285.98452963039,A,0,0,,N5
OECD.EDU.IMEP:DSD_EAG_UOE_FIN@DF_UOE_INDIC_FIN_PERSTUD(3.1),GBR,FIN_PERSTUD,ISCED11_3,_T,INST_EDU,DIR_EXP,V,USD_PPP_ST,_Z,2022,16756.6449920115,A,0,0,,N5
OECD.EDU.IMEP:DSD_EAG_UOE_FIN@DF_UOE_INDIC_FIN_PERSTUD(3.1),BRA,FIN_PERSTUD,ISCED11_3,_T,INST_EDU,DIR_EXP,V,USD_PPP_ST,_Z,2022,,O,0,0,,N5
OECD.EDU.IMEP:DSD_EAG_UOE_FIN@DF_UOE_INDIC_FIN_PERSTUD(3.1),OECD,FIN_PERSTUD,ISCED11_3,_T,INST_EDU,DIR_EXP,V,USD_PPP_ST,_Z,2022,14501.0059760976,A,0,0,,N5
OECD.EDU.IMEP:DSD_EAG_UOE_FIN@DF_UOE_INDIC_FIN_PERSTUD(3.1),ISL,FIN_PERSTUD,ISCED11_3,_T,INST_EDU,DIR_EXP,_Z,PT_B1GQ_POP,_Z,2022,19.8192915760204,A,0,0,,_Z
OECD.EDU.IMEP:DSD_EAG_UOE_FIN@DF_UOE_INDIC_FIN_PERSTUD(3.1),SVK,FIN_PERSTUD,ISCED11_3,_T,INST_EDU,DIR_EXP,_Z,PT_B1GQ_POP,_Z,2022,26.8000226544518,A,0,0,,_Z
OECD.EDU.IMEP:DSD_EAG_UOE_FIN@DF_UOE_INDIC_FIN_PERSTUD(3.1),LUX,FIN_PERSTUD,ISCED11_3,_T,INST_EDU,DIR_EXP,_Z,PT_B1GQ_POP,_Z,2022,21.1864582344287,A,0,0,,_Z
OECD.EDU.IMEP:DSD_EAG_UOE_FIN@DF_UOE_INDIC_FIN_PERSTUD(3.1),EU25,FIN_PERSTUD,ISCED11_3,_T,INST_EDU,DIR_EXP,_Z,PT_B1GQ_POP,_Z,2022,22.7962726340203,A,0,0,,_Z
OECD.EDU.IMEP:DSD_EAG_UOE_FIN@DF_UOE_INDIC_FIN_PERSTUD(3.1),LVA,FIN_PERSTUD,ISCED11_3,_T,INST_EDU,DIR_EXP,_Z,PT_B1GQ_POP,_Z,2022,24.6129961134414,A,0,0,,_Z
OECD.EDU.IMEP:DSD_EAG_UOE_FIN@DF_UOE_INDIC_FIN_PERSTUD(3.1),BGR,FIN_PERSTUD,ISCED11_3,_T,INST_EDU,DIR_EXP,_Z,PT_B1GQ_POP,_Z,2022,21.1484937664522,A,0,0,,_Z
OECD.EDU.IMEP:DSD_EAG_UOE_FIN@DF_UOE_INDIC_FIN_PERSTUD(3.1),ITA,FIN_PERSTUD,ISCED11_3,_T,INST_EDU,DIR_EXP,_Z,PT_B1GQ_POP,_Z,2022,23.1919948237582,W,0,0,,_Z
OECD.EDU.IMEP:DSD_EAG_UOE_FIN@DF_UOE_INDIC_FIN_PERSTUD(3.1),PRT,FIN_PERSTUD,ISCED11_3,_T,INST_EDU,DIR_EXP,_Z,PT_B1GQ_POP,_Z,2022,30.4492379006109,W,0,0,,_Z
OECD.EDU.IMEP:DSD_EAG_UOE_FIN@DF_UOE_INDIC_FIN_PERSTUD(3.1),JPN,FIN_PERSTUD,ISCED11_3,_T,INST_EDU,DIR_EXP,_Z,PT_B1GQ_POP,_Z,2022,28.9101423214654,W,0,0,,_Z
OECD.EDU.IMEP:DSD_EAG_UOE_FIN@DF_UOE_INDIC_FIN_PERSTUD(3.1),CHN,FIN_PERSTUD,ISCED11_3,_T,INST_EDU,DIR_EXP,_Z,PT_B1GQ_POP,_Z,2022,24.5820155205363,A,0,0,,_Z
OECD.EDU.IMEP:DSD_EAG_UOE_FIN@DF_UOE_INDIC_FIN_PERSTUD(3.1),ZAF,FIN_PERSTUD,ISCED11_3,_T,INST_EDU,DIR_EXP,_Z,PT_B1GQ_POP,_Z,2022,24.8520524968104,A,0,0,,_Z
OECD.EDU.IMEP:DSD_EAG_UOE_FIN@DF_UOE_INDIC_FIN_PERSTUD(3.1),POL,FIN_PERSTUD,ISCED11_3,_T,INST_EDU,DIR_EXP,_Z,PT_B1GQ_POP,_Z,2022,19.8822437712597,A,0,0,,_Z
OECD.EDU.IMEP:DSD_EAG_UOE_FIN@DF_UOE_INDIC_FIN_PERSTUD(3.1),HRV,FIN_PERSTUD,ISCED11_3,_T,INST_EDU,DIR_EXP,_Z,PT_B1GQ_POP,_Z,2022,20.0668458801623,A,0,0,,_Z
OECD.EDU.IMEP:DSD_EAG_UOE_FIN@DF_UOE_INDIC_FIN_PERSTUD(3.1),OECD,FIN_PERSTUD,ISCED11_3,_T,INST_EDU,DIR_EXP,_Z,PT_B1GQ_POP,_Z,2022,24.2185330554529,A,0,0,,_Z
OECD.EDU.IMEP:DSD_EAG_UOE_FIN@DF_UOE_INDIC_FIN_PERSTUD(3.1),CHE,FIN_PERSTUD,ISCED11_3,_T,INST_EDU,DIR_EXP,_Z,PT_B1GQ_POP,_Z,2022,25.930485227036,W,0,0,,_Z
OECD.EDU.IMEP:DSD_EAG_UOE_FIN@DF_UOE_INDIC_FIN_PERSTUD(3.1),PER,FIN_PERSTUD,ISCED11_3,_T,INST_EDU,DIR_EXP,_Z,PT_B1GQ_POP,_Z,2022,15.6829027964749,A,0,0,,_Z
OECD.EDU.IMEP:DSD_EAG_UOE_FIN@DF_UOE_INDIC_FIN_PERSTUD(3.1),KOR,FIN_PERSTUD,ISCED11_3,_T,INST_EDU,DIR_EXP,_Z,PT_B1GQ_POP,_Z,2022,54.356983225276,A,0,0,,_Z
OECD.EDU.IMEP:DSD_EAG_UOE_FIN@DF_UOE_INDIC_FIN_PERSTUD(3.1),NLD,FIN_PERSTUD,ISCED11_3,_T,INST_EDU,DIR_EXP,_Z,PT_B1GQ_POP,_Z,2022,24.8667993193739,A,0,0,,_Z
OECD.EDU.IMEP:DSD_EAG_UOE_FIN@DF_UOE_INDIC_FIN_PERSTUD(3.1),MEX,FIN_PERSTUD,ISCED11_3,_T,INST_EDU,DIR_EXP,_Z,PT_B1GQ_POP,_Z,2022,18.0006364845635,A,0,0,,_Z
OECD.EDU.IMEP:DSD_EAG_UOE_FIN@DF_UOE_INDIC_FIN_PERSTUD(3.1),TUR,FIN_PERSTUD,ISCED11_3,_T,INST_EDU,DIR_EXP,_Z,PT_B1GQ_POP,_Z,2022,10.5866972902882,A,0,0,,_Z
OECD.EDU.IMEP:DSD_EAG_UOE_FIN@DF_UOE_INDIC_FIN_PERSTUD(3.1),ROU,FIN_PERSTUD,ISCED11_3,_T,INST_EDU,DIR_EXP,_Z,PT_B1GQ_POP,_Z,2022,17.6190779381146,A,0,0,,_Z
OECD.EDU.IMEP:DSD_EAG_UOE_FIN@DF_UOE_INDIC_FIN_PERSTUD(3.1),ARG,FIN_PERSTUD,ISCED11_3,_T,INST_EDU,DIR_EXP,_Z,PT_B1GQ_POP,_Z,2022,,O,0,0,,_Z
OECD.EDU.IMEP:DSD_EAG_UOE_FIN@DF_UOE_INDIC_FIN_PERSTUD(3.1),GRC,FIN_PERSTUD,ISCED11_3,_T,INST_EDU,DIR_EXP,V,USD_PPP_ST,_Z,2022,7804.59373073748,A,0,0,,N5
OECD.EDU.IMEP:DSD_EAG_UOE_FIN@DF_UOE_INDIC_FIN_PERSTUD(3.1),CAN,FIN_PERSTUD,ISCED11_3,_T,INST_EDU,DIR_EXP,V,USD_PPP_ST,_Z,2022,18382.6293077291,A,0,0,,N5
OECD.EDU.IMEP:DSD_EAG_UOE_FIN@DF_UOE_INDIC_FIN_PERSTUD(3.1),HUN,FIN_PERSTUD,ISCED11_3,_T,INST_EDU,DIR_EXP,V,USD_PPP_ST,_Z,2022,8291.85105237398,A,0,0,,N5
OECD.EDU.IMEP:DSD_EAG_UOE_FIN@DF_UOE_INDIC_FIN_PERSTUD(3.1),EST,FIN_PERSTUD,ISCED11_3,_T,INST_EDU,DIR_EXP,V,USD_PPP_ST,_Z,2022,7519.64774416724,A,0,0,,N5
OECD.EDU.IMEP:DSD_EAG_UOE_FIN@DF_UOE_INDIC_FIN_PERSTUD(3.1),CZE,FIN_PERSTUD,ISCED11_3,_T,INST_EDU,DIR_EXP,V,USD_PPP_ST,_Z,2022,13299.5379958744,A,0,0,,N5
OECD.EDU.IMEP:DSD_EAG_UOE_FIN@DF_UOE_INDIC_FIN_PERSTUD(3.1),FRA,FIN_PERSTUD,ISCED11_3,_T,INST_EDU,DIR_EXP,V,USD_PPP_ST,_Z,2022,18126.9782508278,A,0,0,,N5
OECD.EDU.IMEP:DSD_EAG_UOE_FIN@DF_UOE_INDIC_FIN_PERSTUD(3.1),G20,FIN_PERSTUD,ISCED11_3,_T,INST_EDU,DIR_EXP,V,USD_PPP_ST,_Z,2022,13924.1145281459,A,0,0,,N5
OECD.EDU.IMEP:DSD_EAG_UOE_FIN@DF_UOE_INDIC_FIN_PERSTUD(3.1),ISR,FIN_PERSTUD,ISCED11_3,_T,INST_EDU,DIR_EXP,V,USD_PPP_ST,_Z,2022,11814.7607322276,W,0,0,,N5
OECD.EDU.IMEP:DSD_EAG_UOE_FIN@DF_UOE_INDIC_FIN_PERSTUD(3.1),NZL,FIN_PERSTUD,ISCED11_3,_T,INST_EDU,DIR_EXP,V,USD_PPP_ST,_Z,2022,13249.8670278085,A,0,0,,N5
OECD.EDU.IMEP:DSD_EAG_UOE_FIN@DF_UOE_INDIC_FIN_PERSTUD(3.1),IRL,FIN_PERSTUD,ISCED11_3,_T,INST_EDU,DIR_EXP,V,USD_PPP_ST,_Z,2022,13710.629690575,A,0,0,,N5
OECD.EDU.IMEP:DSD_EAG_UOE_FIN@DF_UOE_INDIC_FIN_PERSTUD(3.1),NOR,FIN_PERSTUD,ISCED11_3,_T,INST_EDU,DIR_EXP,V,USD_PPP_ST,_Z,2022,21920.5281874049,A,0,0,,N5
OECD.EDU.IMEP:DSD_EAG_UOE_FIN@DF_UOE_INDIC_FIN_PERSTUD(3.1),CRI,FIN_PERSTUD,ISCED11_3,_T,INST_EDU,DIR_EXP,V,USD_PPP_ST,_Z,2022,,O,0,0,,N5
OECD.EDU.IMEP:DSD_EAG_UOE_FIN@DF_UOE_INDIC_FIN_PERSTUD(3.1),DEU,FIN_PERSTUD,ISCED11_3,_T,INST_EDU,DIR_EXP,V,USD_PPP_ST,_Z,2022,21543.3175503569,W,0,0,,N5
OECD.EDU.IMEP:DSD_EAG_UOE_FIN@DF_UOE_INDIC_FIN_PERSTUD(3.1),FIN,FIN_PERSTUD,ISCED11_3,_T,INST_EDU,DIR_EXP,V,USD_PPP_ST,_Z,2022,11442.5426686362,W,0,0,,N5
OECD.EDU.IMEP:DSD_EAG_UOE_FIN@DF_UOE_INDIC_FIN_PERSTUD(3.1),BEL,FIN_PERSTUD,ISCED11_3,_T,INST_EDU,DIR_EXP,V,USD_PPP_ST,_Z,2022,18588.1243047083,W,0,0,,N5
OECD.EDU.IMEP:DSD_EAG_UOE_FIN@DF_UOE_INDIC_FIN_PERSTUD(3.1),CHL,FIN_PERSTUD,ISCED11_3,_T,INST_EDU,DIR_EXP,V,USD_PPP_ST,_Z,2022,6360.60837970677,W,0,0,,N5
OECD.EDU.IMEP:DSD_EAG_UOE_FIN@DF_UOE_INDIC_FIN_PERSTUD(3.1),AUT,FIN_PERSTUD,ISCED11_3,_T,INST_EDU,DIR_EXP,V,USD_PPP_ST,_Z,2022,20474.1665893677,A,0,0,,N5
OECD.EDU.IMEP:DSD_EAG_UOE_FIN@DF_UOE_INDIC_FIN_PERSTUD(3.1),DNK,FIN_PERSTUD,ISCED11_3,_T,INST_EDU,DIR_EXP,V,USD_PPP_ST,_Z,2022,12339.92863794,A,0,0,,N5
OECD.EDU.IMEP:DSD_EAG_UOE_FIN@DF_UOE_INDIC_FIN_PERSTUD(3.1),ESP,FIN_PERSTUD,ISCED11_3,_T,INST_EDU,DIR_EXP,V,USD_PPP_ST,_Z,2022,13979.7158568878,W,0,0,,N5
OECD.EDU.IMEP:DSD_EAG_UOE_FIN@DF_UOE_INDIC_FIN_PERSTUD(3.1),LTU,FIN_PERSTUD,ISCED11_3,_T,INST_EDU,DIR_EXP,V,USD_PPP_ST,_Z,2022,10420.5924639142,A,0,0,,N5
OECD.EDU.IMEP:DSD_EAG_UOE_FIN@DF_UOE_INDIC_FIN_PERSTUD(3.1),GRC,FIN_PERSTUD,ISCED11_3,_T,INST_EDU,DIR_EXP,_Z,PT_B1GQ_POP,_Z,2022,20.3007530717649,A,0,0,,_Z
OECD.EDU.IMEP:DSD_EAG_UOE_FIN@DF_UOE_INDIC_FIN_PERSTUD(3.1),HUN,FIN_PERSTUD,ISCED11_3,_T,INST_EDU,DIR_EXP,_Z,PT_B1GQ_POP,_Z,2022,18.8352522025493,A,0,0,,_Z
OECD.EDU.IMEP:DSD_EAG_UOE_FIN@DF_UOE_INDIC_FIN_PERSTUD(3.1),DNK,FIN_PERSTUD,ISCED11_3,_T,INST_EDU,DIR_EXP,_Z,PT_B1GQ_POP,_Z,2022,15.9520336103606,A,0,0,,_Z
OECD.EDU.IMEP:DSD_EAG_UOE_FIN@DF_UOE_INDIC_FIN_PERSTUD(3.1),AUT,FIN_PERSTUD,ISCED11_3,_T,INST_EDU,DIR_EXP,_Z,PT_B1GQ_POP,_Z,2022,28.9801921846765,A,0,0,,_Z
OECD.EDU.IMEP:DSD_EAG_UOE_FIN@DF_UOE_INDIC_FIN_PERSTUD(3.1),EST,FIN_PERSTUD,ISCED11_3,_T,INST_EDU,DIR_EXP,_Z,PT_B1GQ_POP,_Z,2022,15.5320447221638,A,0,0,,_Z
OECD.EDU.IMEP:DSD_EAG_UOE_FIN@DF_UOE_INDIC_FIN_PERSTUD(3.1),CZE,FIN_PERSTUD,ISCED11_3,_T,INST_EDU,DIR_EXP,_Z,PT_B1GQ_POP,_Z,2022,25.9301997859156,A,0,0,,_Z
OECD.EDU.IMEP:DSD_EAG_UOE_FIN@DF_UOE_INDIC_FIN_PERSTUD(3.1),FRA,FIN_PERSTUD,ISCED11_3,_T,INST_EDU,DIR_EXP,_Z,PT_B1GQ_POP,_Z,2022,32.2714699301015,A,0,0,,_Z
OECD.EDU.IMEP:DSD_EAG_UOE_FIN@DF_UOE_INDIC_FIN_PERSTUD(3.1),AUS,FIN_PERSTUD,ISCED11_3,_T,INST_EDU,DIR_EXP,_Z,PT_B1GQ_POP,_Z,2022,25.3139949711319,B,0,0,,_Z
OECD.EDU.IMEP:DSD_EAG_UOE_FIN@DF_UOE_INDIC_FIN_PERSTUD(3.1),G20,FIN_PERSTUD,ISCED11_3,_T,INST_EDU,DIR_EXP,_Z,PT_B1GQ_POP,_Z,2022,27.5613174146359,A,0,0,,_Z
OECD.EDU.IMEP:DSD_EAG_UOE_FIN@DF_UOE_INDIC_FIN_PERSTUD(3.1),ISR,FIN_PERSTUD,ISCED11_3,_T,INST_EDU,DIR_EXP,_Z,PT_B1GQ_POP,_Z,2022,22.0419929265754,W,0,0,,_Z
OECD.EDU.IMEP:DSD_EAG_UOE_FIN@DF_UOE_INDIC_FIN_PERSTUD(3.1),NOR,FIN_PERSTUD,ISCED11_3,_T,INST_EDU,DIR_EXP,_Z,PT_B1GQ_POP,_Z,2022,28.5764268711482,A,0,0,,_Z
OECD.EDU.IMEP:DSD_EAG_UOE_FIN@DF_UOE_INDIC_FIN_PERSTUD(3.1),IRL,FIN_PERSTUD,ISCED11_3,_T,INST_EDU,DIR_EXP,_Z,PT_B1GQ_POP,_Z,2022,10.0483130951131,A,0,0,,_Z
OECD.EDU.IMEP:DSD_EAG_UOE_FIN@DF_UOE_INDIC_FIN_PERSTUD(3.1),NZL,FIN_PERSTUD,ISCED11_3,_T,INST_EDU,DIR_EXP,_Z,PT_B1GQ_POP,_Z,2022,25.3765458343677,A,0,0,,_Z
OECD.EDU.IMEP:DSD_EAG_UOE_FIN@DF_UOE_INDIC_FIN_PERSTUD(3.1),CRI,FIN_PERSTUD,ISCED11_3,_T,INST_EDU,DIR_EXP,_Z,PT_B1GQ_POP,_Z,2022,,O,0,0,,_Z
OECD.EDU.IMEP:DSD_EAG_UOE_FIN@DF_UOE_INDIC_FIN_PERSTUD(3.1),DEU,FIN_PERSTUD,ISCED11_3,_T,INST_EDU,DIR_EXP,_Z,PT_B1GQ_POP,_Z,2022,31.8736091648677,W,0,0,,_Z
OECD.EDU.IMEP:DSD_EAG_UOE_FIN@DF_UOE_INDIC_FIN_PERSTUD(3.1),FIN,FIN_PERSTUD,ISCED11_3,_T,INST_EDU,DIR_EXP,_Z,PT_B1GQ_POP,_Z,2022,18.6547808834336,W,0,0,,_Z
OECD.EDU.IMEP:DSD_EAG_UOE_FIN@DF_UOE_INDIC_FIN_PERSTUD(3.1),BEL,FIN_PERSTUD,ISCED11_3,_T,INST_EDU,DIR_EXP,_Z,PT_B1GQ_POP,_Z,2022,27.2797619752028,W,0,0,,_Z
OECD.EDU.IMEP:DSD_EAG_UOE_FIN@DF_UOE_INDIC_FIN_PERSTUD(3.1),CHL,FIN_PERSTUD,ISCED11_3,_T,INST_EDU,DIR_EXP,_Z,PT_B1GQ_POP,_Z,2022,20.8668492003679,W,0,0,,_Z
OECD.EDU.IMEP:DSD_EAG_UOE_FIN@DF_UOE_INDIC_FIN_PERSTUD(3.1),CAN,FIN_PERSTUD,ISCED11_3,_T,INST_EDU,DIR_EXP,_Z,PT_B1GQ_POP,_Z,2022,28.7047664048772,A,0,0,,_Z
OECD.EDU.IMEP:DSD_EAG_UOE_FIN@DF_UOE_INDIC_FIN_PERSTUD(3.1),GBR,FIN_PERSTUD,ISCED11_3,_T,INST_EDU,DIR_EXP,_Z,PT_B1GQ_POP,_Z,2022,28.0914463419542,A,0,0,,_Z
OECD.EDU.IMEP:DSD_EAG_UOE_FIN@DF_UOE_INDIC_FIN_PERSTUD(3.1),SVN,FIN_PERSTUD,ISCED11_34,_T,INST_EDU,DIR_EXP,_Z,PT_B1GQ_POP,_Z,2022,23.6052137161181,A,0,0,,_Z
OECD.EDU.IMEP:DSD_EAG_UOE_FIN@DF_UOE_INDIC_FIN_PERSTUD(3.1),SWE,FIN_PERSTUD,ISCED11_34,_T,INST_EDU,DIR_EXP,_Z,PT_B1GQ_POP,_Z,2022,20.1461513306262,A,0,0,,_Z
OECD.EDU.IMEP:DSD_EAG_UOE_FIN@DF_UOE_INDIC_FIN_PERSTUD(3.1),ISL,FIN_PERSTUD,ISCED11_34,_T,INST_EDU,DIR_EXP,_Z,PT_B1GQ_POP,_Z,2022,17.2014333158537,A,0,0,,_Z
OECD.EDU.IMEP:DSD_EAG_UOE_FIN@DF_UOE_INDIC_FIN_PERSTUD(3.1),ESP,FIN_PERSTUD,ISCED11_34,_T,INST_EDU,DIR_EXP,_Z,PT_B1GQ_POP,_Z,2022,24.5284218658642,A,0,0,,_Z
OECD.EDU.IMEP:DSD_EAG_UOE_FIN@DF_UOE_INDIC_FIN_PERSTUD(3.1),NLD,FIN_PERSTUD,ISCED11_34,_T,INST_EDU,DIR_EXP,V,USD_PPP_ST,_Z,2022,17058.1953729676,A,0,0,,N5
OECD.EDU.IMEP:DSD_EAG_UOE_FIN@DF_UOE_INDIC_FIN_PERSTUD(3.1),MEX,FIN_PERSTUD,ISCED11_34,_T,INST_EDU,DIR_EXP,V,USD_PPP_ST,_Z,2022,4109.31360006555,A,0,0,,N5
OECD.EDU.IMEP:DSD_EAG_UOE_FIN@DF_UOE_INDIC_FIN_PERSTUD(3.1),TUR,FIN_PERSTUD,ISCED11_34,_T,INST_EDU,DIR_EXP,V,USD_PPP_ST,_Z,2022,3127.7754683102,A,0,0,,N5
OECD.EDU.IMEP:DSD_EAG_UOE_FIN@DF_UOE_INDIC_FIN_PERSTUD(3.1),ROU,FIN_PERSTUD,ISCED11_34,_T,INST_EDU,DIR_EXP,V,USD_PPP_ST,_Z,2022,8632.39004482629,A,0,0,,N5
OECD.EDU.IMEP:DSD_EAG_UOE_FIN@DF_UOE_INDIC_FIN_PERSTUD(3.1),KOR,FIN_PERSTUD,ISCED11_34,_T,INST_EDU,DIR_EXP,V,USD_PPP_ST,_Z,2022,,K,0,0,,N5
OECD.EDU.IMEP:DSD_EAG_UOE_FIN@DF_UOE_INDIC_FIN_PERSTUD(3.1),ARG,FIN_PERSTUD,ISCED11_34,_T,INST_EDU,DIR_EXP,V,USD_PPP_ST,_Z,2022,,K,0,0,,N5
OECD.EDU.IMEP:DSD_EAG_UOE_FIN@DF_UOE_INDIC_FIN_PERSTUD(3.1),OECD,FIN_PERSTUD,ISCED11_34,_T,INST_EDU,DIR_EXP,V,USD_PPP_ST,_Z,2022,12698.8674649025,A,0,0,,N5
OECD.EDU.IMEP:DSD_EAG_UOE_FIN@DF_UOE_INDIC_FIN_PERSTUD(3.1),CHE,FIN_PERSTUD,ISCED11_34,_T,INST_EDU,DIR_EXP,V,USD_PPP_ST,_Z,2022,,M,0,0,,N5
OECD.EDU.IMEP:DSD_EAG_UOE_FIN@DF_UOE_INDIC_FIN_PERSTUD(3.1),SVN,FIN_PERSTUD,ISCED11_34,_T,INST_EDU,DIR_EXP,V,USD_PPP_ST,_Z,2022,12072.6852504078,A,0,0,,N5
OECD.EDU.IMEP:DSD_EAG_UOE_FIN@DF_UOE_INDIC_FIN_PERSTUD(3.1),SWE,FIN_PERSTUD,ISCED11_34,_T,INST_EDU,DIR_EXP,V,USD_PPP_ST,_Z,2022,13321.0214649465,A,0,0,,N5
OECD.EDU.IMEP:DSD_EAG_UOE_FIN@DF_UOE_INDIC_FIN_PERSTUD(3.1),ISL,FIN_PERSTUD,ISCED11_34,_T,INST_EDU,DIR_EXP,V,USD_PPP_ST,_Z,2022,13070.0816507862,A,0,0,,N5
OECD.EDU.IMEP:DSD_EAG_UOE_FIN@DF_UOE_INDIC_FIN_PERSTUD(3.1),ESP,FIN_PERSTUD,ISCED11_34,_T,INST_EDU,DIR_EXP,V,USD_PPP_ST,_Z,2022,12380.2577597959,A,0,0,,N5
OECD.EDU.IMEP:DSD_EAG_UOE_FIN@DF_UOE_INDIC_FIN_PERSTUD(3.1),SVK,FIN_PERSTUD,ISCED11_34,_T,INST_EDU,DIR_EXP,V,USD_PPP_ST,_Z,2022,9418.62983588832,A,0,0,,N5
OECD.EDU.IMEP:DSD_EAG_UOE_FIN@DF_UOE_INDIC_FIN_PERSTUD(3.1),LUX,FIN_PERSTUD,ISCED11_34,_T,INST_EDU,DIR_EXP,V,USD_PPP_ST,_Z,2022,30141.3566174931,A,0,0,,N5
OECD.EDU.IMEP:DSD_EAG_UOE_FIN@DF_UOE_INDIC_FIN_PERSTUD(3.1),ISR,FIN_PERSTUD,ISCED11_34,_T,INST_EDU,DIR_EXP,V,USD_PPP_ST,_Z,2022,,K,0,0,,N5
OECD.EDU.IMEP:DSD_EAG_UOE_FIN@DF_UOE_INDIC_FIN_PERSTUD(3.1),IRL,FIN_PERSTUD,ISCED11_34,_T,INST_EDU,DIR_EXP,V,USD_PPP_ST,_Z,2022,,K,0,0,,N5
OECD.EDU.IMEP:DSD_EAG_UOE_FIN@DF_UOE_INDIC_FIN_PERSTUD(3.1),G20,FIN_PERSTUD,ISCED11_34,_T,INST_EDU,DIR_EXP,V,USD_PPP_ST,_Z,2022,,O,0,0,,N5
OECD.EDU.IMEP:DSD_EAG_UOE_FIN@DF_UOE_INDIC_FIN_PERSTUD(3.1),EU25,FIN_PERSTUD,ISCED11_34,_T,INST_EDU,DIR_EXP,V,USD_PPP_ST,_Z,2022,12480.5931110199,A,0,0,,N5
OECD.EDU.IMEP:DSD_EAG_UOE_FIN@DF_UOE_INDIC_FIN_PERSTUD(3.1),LVA,FIN_PERSTUD,ISCED11_34,_T,INST_EDU,DIR_EXP,V,USD_PPP_ST,_Z,2022,9265.57542754508,A,0,0,,N5
OECD.EDU.IMEP:DSD_EAG_UOE_FIN@DF_UOE_INDIC_FIN_PERSTUD(3.1),BGR,FIN_PERSTUD,ISCED11_34,_T,INST_EDU,DIR_EXP,V,USD_PPP_ST,_Z,2022,7548.53846143452,A,0,0,,N5
OECD.EDU.IMEP:DSD_EAG_UOE_FIN@DF_UOE_INDIC_FIN_PERSTUD(3.1),JPN,FIN_PERSTUD,ISCED11_34,_T,INST_EDU,DIR_EXP,V,USD_PPP_ST,_Z,2022,,K,0,0,,N5
OECD.EDU.IMEP:DSD_EAG_UOE_FIN@DF_UOE_INDIC_FIN_PERSTUD(3.1),ITA,FIN_PERSTUD,ISCED11_34,_T,INST_EDU,DIR_EXP,V,USD_PPP_ST,_Z,2022,,K,0,0,,N5
OECD.EDU.IMEP:DSD_EAG_UOE_FIN@DF_UOE_INDIC_FIN_PERSTUD(3.1),PRT,FIN_PERSTUD,ISCED11_34,_T,INST_EDU,DIR_EXP,V,USD_PPP_ST,_Z,2022,,K,0,0,,N5
OECD.EDU.IMEP:DSD_EAG_UOE_FIN@DF_UOE_INDIC_FIN_PERSTUD(3.1),HRV,FIN_PERSTUD,ISCED11_34,_T,INST_EDU,DIR_EXP,V,USD_PPP_ST,_Z,2022,,K,0,0,,N5
OECD.EDU.IMEP:DSD_EAG_UOE_FIN@DF_UOE_INDIC_FIN_PERSTUD(3.1),CHN,FIN_PERSTUD,ISCED11_34,_T,INST_EDU,DIR_EXP,V,USD_PPP_ST,_Z,2022,,K,0,0,,N5
OECD.EDU.IMEP:DSD_EAG_UOE_FIN@DF_UOE_INDIC_FIN_PERSTUD(3.1),ZAF,FIN_PERSTUD,ISCED11_34,_T,INST_EDU,DIR_EXP,V,USD_PPP_ST,_Z,2022,,K,0,0,,N5
OECD.EDU.IMEP:DSD_EAG_UOE_FIN@DF_UOE_INDIC_FIN_PERSTUD(3.1),POL,FIN_PERSTUD,ISCED11_34,_T,INST_EDU,DIR_EXP,V,USD_PPP_ST,_Z,2022,8295.77069199837,A,0,0,,N5
OECD.EDU.IMEP:DSD_EAG_UOE_FIN@DF_UOE_INDIC_FIN_PERSTUD(3.1),GBR,FIN_PERSTUD,ISCED11_34,_T,INST_EDU,DIR_EXP,V,USD_PPP_ST,_Z,2022,17638.1487940559,A,0,0,,N5
OECD.EDU.IMEP:DSD_EAG_UOE_FIN@DF_UOE_INDIC_FIN_PERSTUD(3.1),PER,FIN_PERSTUD,ISCED11_34,_T,INST_EDU,DIR_EXP,V,USD_PPP_ST,_Z,2022,2618.51349335854,A,0,0,,N5
OECD.EDU.IMEP:DSD_EAG_UOE_FIN@DF_UOE_INDIC_FIN_PERSTUD(3.1),SVK,FIN_PERSTUD,ISCED11_34,_T,INST_EDU,DIR_EXP,_Z,PT_B1GQ_POP,_Z,2022,23.0170457051467,A,0,0,,_Z
OECD.EDU.IMEP:DSD_EAG_UOE_FIN@DF_UOE_INDIC_FIN_PERSTUD(3.1),LUX,FIN_PERSTUD,ISCED11_34,_T,INST_EDU,DIR_EXP,_Z,PT_B1GQ_POP,_Z,2022,20.8746641699925,A,0,0,,_Z
OECD.EDU.IMEP:DSD_EAG_UOE_FIN@DF_UOE_INDIC_FIN_PERSTUD(3.1),ISR,FIN_PERSTUD,ISCED11_34,_T,INST_EDU,DIR_EXP,_Z,PT_B1GQ_POP,_Z,2022,,K,0,0,,_Z
OECD.EDU.IMEP:DSD_EAG_UOE_FIN@DF_UOE_INDIC_FIN_PERSTUD(3.1),IRL,FIN_PERSTUD,ISCED11_34,_T,INST_EDU,DIR_EXP,_Z,PT_B1GQ_POP,_Z,2022,,K,0,0,,_Z
OECD.EDU.IMEP:DSD_EAG_UOE_FIN@DF_UOE_INDIC_FIN_PERSTUD(3.1),G20,FIN_PERSTUD,ISCED11_34,_T,INST_EDU,DIR_EXP,_Z,PT_B1GQ_POP,_Z,2022,,O,0,0,,_Z
OECD.EDU.IMEP:DSD_EAG_UOE_FIN@DF_UOE_INDIC_FIN_PERSTUD(3.1),EU25,FIN_PERSTUD,ISCED11_34,_T,INST_EDU,DIR_EXP,_Z,PT_B1GQ_POP,_Z,2022,21.3012181710594,A,0,0,,_Z
OECD.EDU.IMEP:DSD_EAG_UOE_FIN@DF_UOE_INDIC_FIN_PERSTUD(3.1),LVA,FIN_PERSTUD,ISCED11_34,_T,INST_EDU,DIR_EXP,_Z,PT_B1GQ_POP,_Z,2022,23.2710480277773,A,0,0,,_Z
OECD.EDU.IMEP:DSD_EAG_UOE_FIN@DF_UOE_INDIC_FIN_PERSTUD(3.1),BGR,FIN_PERSTUD,ISCED11_34,_T,INST_EDU,DIR_EXP,_Z,PT_B1GQ_POP,_Z,2022,21.0754247120773,A,0,0,,_Z
OECD.EDU.IMEP:DSD_EAG_UOE_FIN@DF_UOE_INDIC_FIN_PERSTUD(3.1),ITA,FIN_PERSTUD,ISCED11_34,_T,INST_EDU,DIR_EXP,_Z,PT_B1GQ_POP,_Z,2022,,K,0,0,,_Z
OECD.EDU.IMEP:DSD_EAG_UOE_FIN@DF_UOE_INDIC_FIN_PERSTUD(3.1),JPN,FIN_PERSTUD,ISCED11_34,_T,INST_EDU,DIR_EXP,_Z,PT_B1GQ_POP,_Z,2022,,K,0,0,,_Z
OECD.EDU.IMEP:DSD_EAG_UOE_FIN@DF_UOE_INDIC_FIN_PERSTUD(3.1),PRT,FIN_PERSTUD,ISCED11_34,_T,INST_EDU,DIR_EXP,_Z,PT_B1GQ_POP,_Z,2022,,K,0,0,,_Z
OECD.EDU.IMEP:DSD_EAG_UOE_FIN@DF_UOE_INDIC_FIN_PERSTUD(3.1),HRV,FIN_PERSTUD,ISCED11_34,_T,INST_EDU,DIR_EXP,_Z,PT_B1GQ_POP,_Z,2022,,K,0,0,,_Z
OECD.EDU.IMEP:DSD_EAG_UOE_FIN@DF_UOE_INDIC_FIN_PERSTUD(3.1),CHN,FIN_PERSTUD,ISCED11_34,_T,INST_EDU,DIR_EXP,_Z,PT_B1GQ_POP,_Z,2022,,K,0,0,,_Z
OECD.EDU.IMEP:DSD_EAG_UOE_FIN@DF_UOE_INDIC_FIN_PERSTUD(3.1),ZAF,FIN_PERSTUD,ISCED11_34,_T,INST_EDU,DIR_EXP,_Z,PT_B1GQ_POP,_Z,2022,,K,0,0,,_Z
OECD.EDU.IMEP:DSD_EAG_UOE_FIN@DF_UOE_INDIC_FIN_PERSTUD(3.1),POL,FIN_PERSTUD,ISCED11_34,_T,INST_EDU,DIR_EXP,_Z,PT_B1GQ_POP,_Z,2022,18.4721457138596,A,0,0,,_Z
OECD.EDU.IMEP:DSD_EAG_UOE_FIN@DF_UOE_INDIC_FIN_PERSTUD(3.1),GBR,FIN_PERSTUD,ISCED11_34,_T,INST_EDU,DIR_EXP,_Z,PT_B1GQ_POP,_Z,2022,29.5692312307051,A,0,0,,_Z
OECD.EDU.IMEP:DSD_EAG_UOE_FIN@DF_UOE_INDIC_FIN_PERSTUD(3.1),OECD,FIN_PERSTUD,ISCED11_34,_T,INST_EDU,DIR_EXP,_Z,PT_B1GQ_POP,_Z,2022,21.4479490264695,A,0,0,,_Z
OECD.EDU.IMEP:DSD_EAG_UOE_FIN@DF_UOE_INDIC_FIN_PERSTUD(3.1),PER,FIN_PERSTUD,ISCED11_34,_T,INST_EDU,DIR_EXP,_Z,PT_B1GQ_POP,_Z,2022,15.6829027964749,A,0,0,,_Z
OECD.EDU.IMEP:DSD_EAG_UOE_FIN@DF_UOE_INDIC_FIN_PERSTUD(3.1),NLD,FIN_PERSTUD,ISCED11_34,_T,INST_EDU,DIR_EXP,_Z,PT_B1GQ_POP,_Z,2022,22.1098134152175,A,0,0,,_Z
OECD.EDU.IMEP:DSD_EAG_UOE_FIN@DF_UOE_INDIC_FIN_PERSTUD(3.1),MEX,FIN_PERSTUD,ISCED11_34,_T,INST_EDU,DIR_EXP,_Z,PT_B1GQ_POP,_Z,2022,17.5721523092569,A,0,0,,_Z
OECD.EDU.IMEP:DSD_EAG_UOE_FIN@DF_UOE_INDIC_FIN_PERSTUD(3.1),TUR,FIN_PERSTUD,ISCED11_34,_T,INST_EDU,DIR_EXP,_Z,PT_B1GQ_POP,_Z,2022,7.99921190845022,A,0,0,,_Z
OECD.EDU.IMEP:DSD_EAG_UOE_FIN@DF_UOE_INDIC_FIN_PERSTUD(3.1),ROU,FIN_PERSTUD,ISCED11_34,_T,INST_EDU,DIR_EXP,_Z,PT_B1GQ_POP,_Z,2022,19.4896744931819,A,0,0,,_Z
OECD.EDU.IMEP:DSD_EAG_UOE_FIN@DF_UOE_INDIC_FIN_PERSTUD(3.1),KOR,FIN_PERSTUD,ISCED11_34,_T,INST_EDU,DIR_EXP,_Z,PT_B1GQ_POP,_Z,2022,,K,0,0,,_Z
OECD.EDU.IMEP:DSD_EAG_UOE_FIN@DF_UOE_INDIC_FIN_PERSTUD(3.1),CHE,FIN_PERSTUD,ISCED11_34,_T,INST_EDU,DIR_EXP,_Z,PT_B1GQ_POP,_Z,2022,,M,0,0,,_Z
OECD.EDU.IMEP:DSD_EAG_UOE_FIN@DF_UOE_INDIC_FIN_PERSTUD(3.1),ARG,FIN_PERSTUD,ISCED11_34,_T,INST_EDU,DIR_EXP,_Z,PT_B1GQ_POP,_Z,2022,,K,0,0,,_Z
OECD.EDU.IMEP:DSD_EAG_UOE_FIN@DF_UOE_INDIC_FIN_PERSTUD(3.1),GRC,FIN_PERSTUD,ISCED11_34,_T,INST_EDU,DIR_EXP,_Z,PT_B1GQ_POP,_Z,2022,17.967430206445,A,0,0,,_Z
OECD.EDU.IMEP:DSD_EAG_UOE_FIN@DF_UOE_INDIC_FIN_PERSTUD(3.1),GRC,FIN_PERSTUD,ISCED11_34,_T,INST_EDU,DIR_EXP,V,USD_PPP_ST,_Z,2022,6907.55129383449,A,0,0,,N5
OECD.EDU.IMEP:DSD_EAG_UOE_FIN@DF_UOE_INDIC_FIN_PERSTUD(3.1),HUN,FIN_PERSTUD,ISCED11_34,_T,INST_EDU,DIR_EXP,V,USD_PPP_ST,_Z,2022,7827.54050267166,A,0,0,,N5
OECD.EDU.IMEP:DSD_EAG_UOE_FIN@DF_UOE_INDIC_FIN_PERSTUD(3.1),EST,FIN_PERSTUD,ISCED11_34,_T,INST_EDU,DIR_EXP,V,USD_PPP_ST,_Z,2022,6407.74738899008,A,0,0,,N5
OECD.EDU.IMEP:DSD_EAG_UOE_FIN@DF_UOE_INDIC_FIN_PERSTUD(3.1),CZE,FIN_PERSTUD,ISCED11_34,_T,INST_EDU,DIR_EXP,V,USD_PPP_ST,_Z,2022,13269.4161058406,A,0,0,,N5
OECD.EDU.IMEP:DSD_EAG_UOE_FIN@DF_UOE_INDIC_FIN_PERSTUD(3.1),FRA,FIN_PERSTUD,ISCED11_34,_T,INST_EDU,DIR_EXP,V,USD_PPP_ST,_Z,2022,16826.5878972057,A,0,0,,N5
OECD.EDU.IMEP:DSD_EAG_UOE_FIN@DF_UOE_INDIC_FIN_PERSTUD(3.1),NZL,FIN_PERSTUD,ISCED11_34,_T,INST_EDU,DIR_EXP,V,USD_PPP_ST,_Z,2022,14300.1177231059,A,0,0,,N5
OECD.EDU.IMEP:DSD_EAG_UOE_FIN@DF_UOE_INDIC_FIN_PERSTUD(3.1),NOR,FIN_PERSTUD,ISCED11_34,_T,INST_EDU,DIR_EXP,V,USD_PPP_ST,_Z,2022,20065.0281500144,A,0,0,,N5
OECD.EDU.IMEP:DSD_EAG_UOE_FIN@DF_UOE_INDIC_FIN_PERSTUD(3.1),CAN,FIN_PERSTUD,ISCED11_34,_T,INST_EDU,DIR_EXP,V,USD_PPP_ST,_Z,2022,,K,0,0,,N5
OECD.EDU.IMEP:DSD_EAG_UOE_FIN@DF_UOE_INDIC_FIN_PERSTUD(3.1),CRI,FIN_PERSTUD,ISCED11_34,_T,INST_EDU,DIR_EXP,V,USD_PPP_ST,_Z,2022,,O,0,0,,N5
OECD.EDU.IMEP:DSD_EAG_UOE_FIN@DF_UOE_INDIC_FIN_PERSTUD(3.1),AUS,FIN_PERSTUD,ISCED11_34,_T,INST_EDU,DIR_EXP,V,USD_PPP_ST,_Z,2022,18742.7719892077,B,0,0,,N5
OECD.EDU.IMEP:DSD_EAG_UOE_FIN@DF_UOE_INDIC_FIN_PERSTUD(3.1),BEL,FIN_PERSTUD,ISCED11_34,_T,INST_EDU,DIR_EXP,V,USD_PPP_ST,_Z,2022,17171.1224425542,W,0,0,,N5
OECD.EDU.IMEP:DSD_EAG_UOE_FIN@DF_UOE_INDIC_FIN_PERSTUD(3.1),CHL,FIN_PERSTUD,ISCED11_34,_T,INST_EDU,DIR_EXP,V,USD_PPP_ST,_Z,2022,5904.65735166605,W,0,0,,N5
OECD.EDU.IMEP:DSD_EAG_UOE_FIN@DF_UOE_INDIC_FIN_PERSTUD(3.1),AUT,FIN_PERSTUD,ISCED11_34,_T,INST_EDU,DIR_EXP,V,USD_PPP_ST,_Z,2022,17565.7212343326,A,0,0,,N5
OECD.EDU.IMEP:DSD_EAG_UOE_FIN@DF_UOE_INDIC_FIN_PERSTUD(3.1),DEU,FIN_PERSTUD,ISCED11_34,_T,INST_EDU,DIR_EXP,V,USD_PPP_ST,_Z,2022,17871.525734739,A,0,0,,N5
OECD.EDU.IMEP:DSD_EAG_UOE_FIN@DF_UOE_INDIC_FIN_PERSTUD(3.1),DNK,FIN_PERSTUD,ISCED11_34,_T,INST_EDU,DIR_EXP,V,USD_PPP_ST,_Z,2022,8991.79151522141,A,0,0,,N5
OECD.EDU.IMEP:DSD_EAG_UOE_FIN@DF_UOE_INDIC_FIN_PERSTUD(3.1),FIN,FIN_PERSTUD,ISCED11_34,_T,INST_EDU,DIR_EXP,V,USD_PPP_ST,_Z,2022,11501.3827617898,A,0,0,,N5
OECD.EDU.IMEP:DSD_EAG_UOE_FIN@DF_UOE_INDIC_FIN_PERSTUD(3.1),BRA,FIN_PERSTUD,ISCED11_34,_T,INST_EDU,DIR_EXP,V,USD_PPP_ST,_Z,2022,,O,0,0,,N5
OECD.EDU.IMEP:DSD_EAG_UOE_FIN@DF_UOE_INDIC_FIN_PERSTUD(3.1),LTU,FIN_PERSTUD,ISCED11_34,_T,INST_EDU,DIR_EXP,V,USD_PPP_ST,_Z,2022,9617.64752693402,A,0,0,,N5
OECD.EDU.IMEP:DSD_EAG_UOE_FIN@DF_UOE_INDIC_FIN_PERSTUD(3.1),FIN,FIN_PERSTUD,ISCED11_34,_T,INST_EDU,DIR_EXP,_Z,PT_B1GQ_POP,_Z,2022,18.7507079056636,A,0,0,,_Z
OECD.EDU.IMEP:DSD_EAG_UOE_FIN@DF_UOE_INDIC_FIN_PERSTUD(3.1),HUN,FIN_PERSTUD,ISCED11_34,_T,INST_EDU,DIR_EXP,_Z,PT_B1GQ_POP,_Z,2022,17.7805532880719,A,0,0,,_Z
OECD.EDU.IMEP:DSD_EAG_UOE_FIN@DF_UOE_INDIC_FIN_PERSTUD(3.1),DNK,FIN_PERSTUD,ISCED11_34,_T,INST_EDU,DIR_EXP,_Z,PT_B1GQ_POP,_Z,2022,11.623840354081,A,0,0,,_Z
OECD.EDU.IMEP:DSD_EAG_UOE_FIN@DF_UOE_INDIC_FIN_PERSTUD(3.1),AUT,FIN_PERSTUD,ISCED11_34,_T,INST_EDU,DIR_EXP,_Z,PT_B1GQ_POP,_Z,2022,24.863428506915,A,0,0,,_Z
OECD.EDU.IMEP:DSD_EAG_UOE_FIN@DF_UOE_INDIC_FIN_PERSTUD(3.1),EST,FIN_PERSTUD,ISCED11_34,_T,INST_EDU,DIR_EXP,_Z,PT_B1GQ_POP,_Z,2022,13.2353831456163,A,0,0,,_Z
OECD.EDU.IMEP:DSD_EAG_UOE_FIN@DF_UOE_INDIC_FIN_PERSTUD(3.1),CZE,FIN_PERSTUD,ISCED11_34,_T,INST_EDU,DIR_EXP,_Z,PT_B1GQ_POP,_Z,2022,25.8714709318193,A,0,0,,_Z
OECD.EDU.IMEP:DSD_EAG_UOE_FIN@DF_UOE_INDIC_FIN_PERSTUD(3.1),FRA,FIN_PERSTUD,ISCED11_34,_T,INST_EDU,DIR_EXP,_Z,PT_B1GQ_POP,_Z,2022,29.9563842267028,A,0,0,,_Z
OECD.EDU.IMEP:DSD_EAG_UOE_FIN@DF_UOE_INDIC_FIN_PERSTUD(3.1),AUS,FIN_PERSTUD,ISCED11_34,_T,INST_EDU,DIR_EXP,_Z,PT_B1GQ_POP,_Z,2022,27.0755285312357,B,0,0,,_Z
OECD.EDU.IMEP:DSD_EAG_UOE_FIN@DF_UOE_INDIC_FIN_PERSTUD(3.1),NOR,FIN_PERSTUD,ISCED11_34,_T,INST_EDU,DIR_EXP,_Z,PT_B1GQ_POP,_Z,2022,26.1575270766457,A,0,0,,_Z
OECD.EDU.IMEP:DSD_EAG_UOE_FIN@DF_UOE_INDIC_FIN_PERSTUD(3.1),NZL,FIN_PERSTUD,ISCED11_34,_T,INST_EDU,DIR_EXP,_Z,PT_B1GQ_POP,_Z,2022,27.3880177118481,A,0,0,,_Z
OECD.EDU.IMEP:DSD_EAG_UOE_FIN@DF_UOE_INDIC_FIN_PERSTUD(3.1),CRI,FIN_PERSTUD,ISCED11_34,_T,INST_EDU,DIR_EXP,_Z,PT_B1GQ_POP,_Z,2022,,O,0,0,,_Z
OECD.EDU.IMEP:DSD_EAG_UOE_FIN@DF_UOE_INDIC_FIN_PERSTUD(3.1),CAN,FIN_PERSTUD,ISCED11_34,_T,INST_EDU,DIR_EXP,_Z,PT_B1GQ_POP,_Z,2022,,K,0,0,,_Z
OECD.EDU.IMEP:DSD_EAG_UOE_FIN@DF_UOE_INDIC_FIN_PERSTUD(3.1),BEL,FIN_PERSTUD,ISCED11_34,_T,INST_EDU,DIR_EXP,_Z,PT_B1GQ_POP,_Z,2022,25.2001829448329,W,0,0,,_Z
OECD.EDU.IMEP:DSD_EAG_UOE_FIN@DF_UOE_INDIC_FIN_PERSTUD(3.1),CHL,FIN_PERSTUD,ISCED11_34,_T,INST_EDU,DIR_EXP,_Z,PT_B1GQ_POP,_Z,2022,19.3710392436925,W,0,0,,_Z
OECD.EDU.IMEP:DSD_EAG_UOE_FIN@DF_UOE_INDIC_FIN_PERSTUD(3.1),DEU,FIN_PERSTUD,ISCED11_34,_T,INST_EDU,DIR_EXP,_Z,PT_B1GQ_POP,_Z,2022,26.441147010782,A,0,0,,_Z
OECD.EDU.IMEP:DSD_EAG_UOE_FIN@DF_UOE_INDIC_FIN_PERSTUD(3.1),BRA,FIN_PERSTUD,ISCED11_34,_T,INST_EDU,DIR_EXP,_Z,PT_B1GQ_POP,_Z,2022,,O,0,0,,_Z
OECD.EDU.IMEP:DSD_EAG_UOE_FIN@DF_UOE_INDIC_FIN_PERSTUD(3.1),ESP,FIN_PERSTUD,ISCED11_35,_T,INST_EDU,DIR_EXP,_Z,PT_B1GQ_POP,_Z,2022,34.2345764780457,W,0,0,,_Z
OECD.EDU.IMEP:DSD_EAG_UOE_FIN@DF_UOE_INDIC_FIN_PERSTUD(3.1),LTU,FIN_PERSTUD,ISCED11_35,_T,INST_EDU,DIR_EXP,_Z,PT_B1GQ_POP,_Z,2022,24.8674850746087,A,0,0,,_Z
OECD.EDU.IMEP:DSD_EAG_UOE_FIN@DF_UOE_INDIC_FIN_PERSTUD(3.1),SVN,FIN_PERSTUD,ISCED11_35,_T,INST_EDU,DIR_EXP,_Z,PT_B1GQ_POP,_Z,2022,22.8094959106232,A,0,0,,_Z
OECD.EDU.IMEP:DSD_EAG_UOE_FIN@DF_UOE_INDIC_FIN_PERSTUD(3.1),SWE,FIN_PERSTUD,ISCED11_35,_T,INST_EDU,DIR_EXP,_Z,PT_B1GQ_POP,_Z,2022,27.6245746111271,A,0,0,,_Z
OECD.EDU.IMEP:DSD_EAG_UOE_FIN@DF_UOE_INDIC_FIN_PERSTUD(3.1),MEX,FIN_PERSTUD,ISCED11_35,_T,INST_EDU,DIR_EXP,V,USD_PPP_ST,_Z,2022,4392.74400086781,A,0,0,,N5
OECD.EDU.IMEP:DSD_EAG_UOE_FIN@DF_UOE_INDIC_FIN_PERSTUD(3.1),TUR,FIN_PERSTUD,ISCED11_35,_T,INST_EDU,DIR_EXP,V,USD_PPP_ST,_Z,2022,6167.88182218229,A,0,0,,N5
OECD.EDU.IMEP:DSD_EAG_UOE_FIN@DF_UOE_INDIC_FIN_PERSTUD(3.1),ROU,FIN_PERSTUD,ISCED11_35,_T,INST_EDU,DIR_EXP,V,USD_PPP_ST,_Z,2022,7190.02830735035,A,0,0,,N5
OECD.EDU.IMEP:DSD_EAG_UOE_FIN@DF_UOE_INDIC_FIN_PERSTUD(3.1),KOR,FIN_PERSTUD,ISCED11_35,_T,INST_EDU,DIR_EXP,V,USD_PPP_ST,_Z,2022,,K,0,0,,N5
OECD.EDU.IMEP:DSD_EAG_UOE_FIN@DF_UOE_INDIC_FIN_PERSTUD(3.1),ARG,FIN_PERSTUD,ISCED11_35,_T,INST_EDU,DIR_EXP,V,USD_PPP_ST,_Z,2022,,K,0,0,,N5
OECD.EDU.IMEP:DSD_EAG_UOE_FIN@DF_UOE_INDIC_FIN_PERSTUD(3.1),OECD,FIN_PERSTUD,ISCED11_35,_T,INST_EDU,DIR_EXP,V,USD_PPP_ST,_Z,2022,14905.2304347479,A,0,0,,N5
OECD.EDU.IMEP:DSD_EAG_UOE_FIN@DF_UOE_INDIC_FIN_PERSTUD(3.1),PER,FIN_PERSTUD,ISCED11_35,_T,INST_EDU,DIR_EXP,V,USD_PPP_ST,_Z,2022,,M,0,0,,N5
OECD.EDU.IMEP:DSD_EAG_UOE_FIN@DF_UOE_INDIC_FIN_PERSTUD(3.1),CHE,FIN_PERSTUD,ISCED11_35,_T,INST_EDU,DIR_EXP,V,USD_PPP_ST,_Z,2022,,M,0,0,,N5
OECD.EDU.IMEP:DSD_EAG_UOE_FIN@DF_UOE_INDIC_FIN_PERSTUD(3.1),SWE,FIN_PERSTUD,ISCED11_35,_T,INST_EDU,DIR_EXP,V,USD_PPP_ST,_Z,2022,18265.8983006559,A,0,0,,N5
OECD.EDU.IMEP:DSD_EAG_UOE_FIN@DF_UOE_INDIC_FIN_PERSTUD(3.1),ISL,FIN_PERSTUD,ISCED11_35,_T,INST_EDU,DIR_EXP,V,USD_PPP_ST,_Z,2022,20258.6265587185,A,0,0,,N5
OECD.EDU.IMEP:DSD_EAG_UOE_FIN@DF_UOE_INDIC_FIN_PERSTUD(3.1),SVK,FIN_PERSTUD,ISCED11_35,_T,INST_EDU,DIR_EXP,V,USD_PPP_ST,_Z,2022,11717.6646225126,A,0,0,,N5
OECD.EDU.IMEP:DSD_EAG_UOE_FIN@DF_UOE_INDIC_FIN_PERSTUD(3.1),LUX,FIN_PERSTUD,ISCED11_35,_T,INST_EDU,DIR_EXP,V,USD_PPP_ST,_Z,2022,30902.3208167264,A,0,0,,N5
OECD.EDU.IMEP:DSD_EAG_UOE_FIN@DF_UOE_INDIC_FIN_PERSTUD(3.1),ISR,FIN_PERSTUD,ISCED11_35,_T,INST_EDU,DIR_EXP,V,USD_PPP_ST,_Z,2022,,K,0,0,,N5
OECD.EDU.IMEP:DSD_EAG_UOE_FIN@DF_UOE_INDIC_FIN_PERSTUD(3.1),IRL,FIN_PERSTUD,ISCED11_35,_T,INST_EDU,DIR_EXP,V,USD_PPP_ST,_Z,2022,,K,0,0,,N5
OECD.EDU.IMEP:DSD_EAG_UOE_FIN@DF_UOE_INDIC_FIN_PERSTUD(3.1),G20,FIN_PERSTUD,ISCED11_35,_T,INST_EDU,DIR_EXP,V,USD_PPP_ST,_Z,2022,,O,0,0,,N5
OECD.EDU.IMEP:DSD_EAG_UOE_FIN@DF_UOE_INDIC_FIN_PERSTUD(3.1),EU25,FIN_PERSTUD,ISCED11_35,_T,INST_EDU,DIR_EXP,V,USD_PPP_ST,_Z,2022,14996.9319330278,A,0,0,,N5
OECD.EDU.IMEP:DSD_EAG_UOE_FIN@DF_UOE_INDIC_FIN_PERSTUD(3.1),AUS,FIN_PERSTUD,ISCED11_35,_T,INST_EDU,DIR_EXP,V,USD_PPP_ST,_Z,2022,14654.9574187906,B,0,0,,N5
OECD.EDU.IMEP:DSD_EAG_UOE_FIN@DF_UOE_INDIC_FIN_PERSTUD(3.1),LVA,FIN_PERSTUD,ISCED11_35,_T,INST_EDU,DIR_EXP,V,USD_PPP_ST,_Z,2022,10520.2358133604,A,0,0,,N5
OECD.EDU.IMEP:DSD_EAG_UOE_FIN@DF_UOE_INDIC_FIN_PERSTUD(3.1),BGR,FIN_PERSTUD,ISCED11_35,_T,INST_EDU,DIR_EXP,V,USD_PPP_ST,_Z,2022,7597.21737089026,A,0,0,,N5
OECD.EDU.IMEP:DSD_EAG_UOE_FIN@DF_UOE_INDIC_FIN_PERSTUD(3.1),JPN,FIN_PERSTUD,ISCED11_35,_T,INST_EDU,DIR_EXP,V,USD_PPP_ST,_Z,2022,,K,0,0,,N5
OECD.EDU.IMEP:DSD_EAG_UOE_FIN@DF_UOE_INDIC_FIN_PERSTUD(3.1),ITA,FIN_PERSTUD,ISCED11_35,_T,INST_EDU,DIR_EXP,V,USD_PPP_ST,_Z,2022,,K,0,0,,N5
OECD.EDU.IMEP:DSD_EAG_UOE_FIN@DF_UOE_INDIC_FIN_PERSTUD(3.1),PRT,FIN_PERSTUD,ISCED11_35,_T,INST_EDU,DIR_EXP,V,USD_PPP_ST,_Z,2022,,K,0,0,,N5
OECD.EDU.IMEP:DSD_EAG_UOE_FIN@DF_UOE_INDIC_FIN_PERSTUD(3.1),HRV,FIN_PERSTUD,ISCED11_35,_T,INST_EDU,DIR_EXP,V,USD_PPP_ST,_Z,2022,,K,0,0,,N5
OECD.EDU.IMEP:DSD_EAG_UOE_FIN@DF_UOE_INDIC_FIN_PERSTUD(3.1),CHN,FIN_PERSTUD,ISCED11_35,_T,INST_EDU,DIR_EXP,V,USD_PPP_ST,_Z,2022,,K,0,0,,N5
OECD.EDU.IMEP:DSD_EAG_UOE_FIN@DF_UOE_INDIC_FIN_PERSTUD(3.1),ZAF,FIN_PERSTUD,ISCED11_35,_T,INST_EDU,DIR_EXP,V,USD_PPP_ST,_Z,2022,,K,0,0,,N5
OECD.EDU.IMEP:DSD_EAG_UOE_FIN@DF_UOE_INDIC_FIN_PERSTUD(3.1),POL,FIN_PERSTUD,ISCED11_35,_T,INST_EDU,DIR_EXP,V,USD_PPP_ST,_Z,2022,9425.61234205447,A,0,0,,N5
OECD.EDU.IMEP:DSD_EAG_UOE_FIN@DF_UOE_INDIC_FIN_PERSTUD(3.1),GBR,FIN_PERSTUD,ISCED11_35,_T,INST_EDU,DIR_EXP,V,USD_PPP_ST,_Z,2022,14467.5579829674,A,0,0,,N5
OECD.EDU.IMEP:DSD_EAG_UOE_FIN@DF_UOE_INDIC_FIN_PERSTUD(3.1),BRA,FIN_PERSTUD,ISCED11_35,_T,INST_EDU,DIR_EXP,V,USD_PPP_ST,_Z,2022,,O,0,0,,N5
OECD.EDU.IMEP:DSD_EAG_UOE_FIN@DF_UOE_INDIC_FIN_PERSTUD(3.1),NLD,FIN_PERSTUD,ISCED11_35,_T,INST_EDU,DIR_EXP,V,USD_PPP_ST,_Z,2022,20253.143945921,A,0,0,,N5
OECD.EDU.IMEP:DSD_EAG_UOE_FIN@DF_UOE_INDIC_FIN_PERSTUD(3.1),ISL,FIN_PERSTUD,ISCED11_35,_T,INST_EDU,DIR_EXP,_Z,PT_B1GQ_POP,_Z,2022,26.6622216395731,A,0,0,,_Z
OECD.EDU.IMEP:DSD_EAG_UOE_FIN@DF_UOE_INDIC_FIN_PERSTUD(3.1),SVK,FIN_PERSTUD,ISCED11_35,_T,INST_EDU,DIR_EXP,_Z,PT_B1GQ_POP,_Z,2022,28.6353776370186,A,0,0,,_Z
OECD.EDU.IMEP:DSD_EAG_UOE_FIN@DF_UOE_INDIC_FIN_PERSTUD(3.1),LUX,FIN_PERSTUD,ISCED11_35,_T,INST_EDU,DIR_EXP,_Z,PT_B1GQ_POP,_Z,2022,21.4016766832635,A,0,0,,_Z
OECD.EDU.IMEP:DSD_EAG_UOE_FIN@DF_UOE_INDIC_FIN_PERSTUD(3.1),ISR,FIN_PERSTUD,ISCED11_35,_T,INST_EDU,DIR_EXP,_Z,PT_B1GQ_POP,_Z,2022,,K,0,0,,_Z
OECD.EDU.IMEP:DSD_EAG_UOE_FIN@DF_UOE_INDIC_FIN_PERSTUD(3.1),IRL,FIN_PERSTUD,ISCED11_35,_T,INST_EDU,DIR_EXP,_Z,PT_B1GQ_POP,_Z,2022,,K,0,0,,_Z
OECD.EDU.IMEP:DSD_EAG_UOE_FIN@DF_UOE_INDIC_FIN_PERSTUD(3.1),G20,FIN_PERSTUD,ISCED11_35,_T,INST_EDU,DIR_EXP,_Z,PT_B1GQ_POP,_Z,2022,,O,0,0,,_Z
OECD.EDU.IMEP:DSD_EAG_UOE_FIN@DF_UOE_INDIC_FIN_PERSTUD(3.1),EU25,FIN_PERSTUD,ISCED11_35,_T,INST_EDU,DIR_EXP,_Z,PT_B1GQ_POP,_Z,2022,25.5327400722313,A,0,0,,_Z
OECD.EDU.IMEP:DSD_EAG_UOE_FIN@DF_UOE_INDIC_FIN_PERSTUD(3.1),LVA,FIN_PERSTUD,ISCED11_35,_T,INST_EDU,DIR_EXP,_Z,PT_B1GQ_POP,_Z,2022,26.422202786073,A,0,0,,_Z
OECD.EDU.IMEP:DSD_EAG_UOE_FIN@DF_UOE_INDIC_FIN_PERSTUD(3.1),BGR,FIN_PERSTUD,ISCED11_35,_T,INST_EDU,DIR_EXP,_Z,PT_B1GQ_POP,_Z,2022,21.2113356167566,A,0,0,,_Z
OECD.EDU.IMEP:DSD_EAG_UOE_FIN@DF_UOE_INDIC_FIN_PERSTUD(3.1),ITA,FIN_PERSTUD,ISCED11_35,_T,INST_EDU,DIR_EXP,_Z,PT_B1GQ_POP,_Z,2022,,K,0,0,,_Z
OECD.EDU.IMEP:DSD_EAG_UOE_FIN@DF_UOE_INDIC_FIN_PERSTUD(3.1),JPN,FIN_PERSTUD,ISCED11_35,_T,INST_EDU,DIR_EXP,_Z,PT_B1GQ_POP,_Z,2022,,K,0,0,,_Z
OECD.EDU.IMEP:DSD_EAG_UOE_FIN@DF_UOE_INDIC_FIN_PERSTUD(3.1),PRT,FIN_PERSTUD,ISCED11_35,_T,INST_EDU,DIR_EXP,_Z,PT_B1GQ_POP,_Z,2022,,K,0,0,,_Z
OECD.EDU.IMEP:DSD_EAG_UOE_FIN@DF_UOE_INDIC_FIN_PERSTUD(3.1),HRV,FIN_PERSTUD,ISCED11_35,_T,INST_EDU,DIR_EXP,_Z,PT_B1GQ_POP,_Z,2022,,K,0,0,,_Z
OECD.EDU.IMEP:DSD_EAG_UOE_FIN@DF_UOE_INDIC_FIN_PERSTUD(3.1),CHN,FIN_PERSTUD,ISCED11_35,_T,INST_EDU,DIR_EXP,_Z,PT_B1GQ_POP,_Z,2022,,K,0,0,,_Z
OECD.EDU.IMEP:DSD_EAG_UOE_FIN@DF_UOE_INDIC_FIN_PERSTUD(3.1),ZAF,FIN_PERSTUD,ISCED11_35,_T,INST_EDU,DIR_EXP,_Z,PT_B1GQ_POP,_Z,2022,,K,0,0,,_Z
OECD.EDU.IMEP:DSD_EAG_UOE_FIN@DF_UOE_INDIC_FIN_PERSTUD(3.1),POL,FIN_PERSTUD,ISCED11_35,_T,INST_EDU,DIR_EXP,_Z,PT_B1GQ_POP,_Z,2022,20.9879577304037,A,0,0,,_Z
OECD.EDU.IMEP:DSD_EAG_UOE_FIN@DF_UOE_INDIC_FIN_PERSTUD(3.1),NLD,FIN_PERSTUD,ISCED11_35,_T,INST_EDU,DIR_EXP,_Z,PT_B1GQ_POP,_Z,2022,26.2509148198338,A,0,0,,_Z
OECD.EDU.IMEP:DSD_EAG_UOE_FIN@DF_UOE_INDIC_FIN_PERSTUD(3.1),MEX,FIN_PERSTUD,ISCED11_35,_T,INST_EDU,DIR_EXP,_Z,PT_B1GQ_POP,_Z,2022,18.7841508707421,A,0,0,,_Z
OECD.EDU.IMEP:DSD_EAG_UOE_FIN@DF_UOE_INDIC_FIN_PERSTUD(3.1),TUR,FIN_PERSTUD,ISCED11_35,_T,INST_EDU,DIR_EXP,_Z,PT_B1GQ_POP,_Z,2022,15.7742121267322,A,0,0,,_Z
OECD.EDU.IMEP:DSD_EAG_UOE_FIN@DF_UOE_INDIC_FIN_PERSTUD(3.1),ROU,FIN_PERSTUD,ISCED11_35,_T,INST_EDU,DIR_EXP,_Z,PT_B1GQ_POP,_Z,2022,16.2331996792717,A,0,0,,_Z
OECD.EDU.IMEP:DSD_EAG_UOE_FIN@DF_UOE_INDIC_FIN_PERSTUD(3.1),KOR,FIN_PERSTUD,ISCED11_35,_T,INST_EDU,DIR_EXP,_Z,PT_B1GQ_POP,_Z,2022,,K,0,0,,_Z
OECD.EDU.IMEP:DSD_EAG_UOE_FIN@DF_UOE_INDIC_FIN_PERSTUD(3.1),PER,FIN_PERSTUD,ISCED11_35,_T,INST_EDU,DIR_EXP,_Z,PT_B1GQ_POP,_Z,2022,,M,0,0,,_Z
OECD.EDU.IMEP:DSD_EAG_UOE_FIN@DF_UOE_INDIC_FIN_PERSTUD(3.1),CHE,FIN_PERSTUD,ISCED11_35,_T,INST_EDU,DIR_EXP,_Z,PT_B1GQ_POP,_Z,2022,,M,0,0,,_Z
OECD.EDU.IMEP:DSD_EAG_UOE_FIN@DF_UOE_INDIC_FIN_PERSTUD(3.1),OECD,FIN_PERSTUD,ISCED11_35,_T,INST_EDU,DIR_EXP,_Z,PT_B1GQ_POP,_Z,2022,25.3311544805151,A,0,0,,_Z
OECD.EDU.IMEP:DSD_EAG_UOE_FIN@DF_UOE_INDIC_FIN_PERSTUD(3.1),ARG,FIN_PERSTUD,ISCED11_35,_T,INST_EDU,DIR_EXP,_Z,PT_B1GQ_POP,_Z,2022,,K,0,0,,_Z
OECD.EDU.IMEP:DSD_EAG_UOE_FIN@DF_UOE_INDIC_FIN_PERSTUD(3.1),GRC,FIN_PERSTUD,ISCED11_35,_T,INST_EDU,DIR_EXP,_Z,PT_B1GQ_POP,_Z,2022,25.2396262379811,A,0,0,,_Z
OECD.EDU.IMEP:DSD_EAG_UOE_FIN@DF_UOE_INDIC_FIN_PERSTUD(3.1),GRC,FIN_PERSTUD,ISCED11_35,_T,INST_EDU,DIR_EXP,V,USD_PPP_ST,_Z,2022,9703.33602929634,A,0,0,,N5
OECD.EDU.IMEP:DSD_EAG_UOE_FIN@DF_UOE_INDIC_FIN_PERSTUD(3.1),HUN,FIN_PERSTUD,ISCED11_35,_T,INST_EDU,DIR_EXP,V,USD_PPP_ST,_Z,2022,8716.50216472304,A,0,0,,N5
OECD.EDU.IMEP:DSD_EAG_UOE_FIN@DF_UOE_INDIC_FIN_PERSTUD(3.1),EST,FIN_PERSTUD,ISCED11_35,_T,INST_EDU,DIR_EXP,V,USD_PPP_ST,_Z,2022,9116.70006813002,A,0,0,,N5
OECD.EDU.IMEP:DSD_EAG_UOE_FIN@DF_UOE_INDIC_FIN_PERSTUD(3.1),CZE,FIN_PERSTUD,ISCED11_35,_T,INST_EDU,DIR_EXP,V,USD_PPP_ST,_Z,2022,13310.5973752921,A,0,0,,N5
OECD.EDU.IMEP:DSD_EAG_UOE_FIN@DF_UOE_INDIC_FIN_PERSTUD(3.1),FRA,FIN_PERSTUD,ISCED11_35,_T,INST_EDU,DIR_EXP,V,USD_PPP_ST,_Z,2022,20556.2442819074,A,0,0,,N5
OECD.EDU.IMEP:DSD_EAG_UOE_FIN@DF_UOE_INDIC_FIN_PERSTUD(3.1),NZL,FIN_PERSTUD,ISCED11_35,_T,INST_EDU,DIR_EXP,V,USD_PPP_ST,_Z,2022,10076.6327889813,A,0,0,,N5
OECD.EDU.IMEP:DSD_EAG_UOE_FIN@DF_UOE_INDIC_FIN_PERSTUD(3.1),NOR,FIN_PERSTUD,ISCED11_35,_T,INST_EDU,DIR_EXP,V,USD_PPP_ST,_Z,2022,23584.5664942953,A,0,0,,N5
OECD.EDU.IMEP:DSD_EAG_UOE_FIN@DF_UOE_INDIC_FIN_PERSTUD(3.1),CAN,FIN_PERSTUD,ISCED11_35,_T,INST_EDU,DIR_EXP,V,USD_PPP_ST,_Z,2022,,K,0,0,,N5
OECD.EDU.IMEP:DSD_EAG_UOE_FIN@DF_UOE_INDIC_FIN_PERSTUD(3.1),CRI,FIN_PERSTUD,ISCED11_35,_T,INST_EDU,DIR_EXP,V,USD_PPP_ST,_Z,2022,,O,0,0,,N5
OECD.EDU.IMEP:DSD_EAG_UOE_FIN@DF_UOE_INDIC_FIN_PERSTUD(3.1),DEU,FIN_PERSTUD,ISCED11_35,_T,INST_EDU,DIR_EXP,V,USD_PPP_ST,_Z,2022,25258.7402457066,W,0,0,,N5
OECD.EDU.IMEP:DSD_EAG_UOE_FIN@DF_UOE_INDIC_FIN_PERSTUD(3.1),FIN,FIN_PERSTUD,ISCED11_35,_T,INST_EDU,DIR_EXP,V,USD_PPP_ST,_Z,2022,11417.6866468661,W,0,0,,N5
OECD.EDU.IMEP:DSD_EAG_UOE_FIN@DF_UOE_INDIC_FIN_PERSTUD(3.1),BEL,FIN_PERSTUD,ISCED11_35,_T,INST_EDU,DIR_EXP,V,USD_PPP_ST,_Z,2022,19765.0801064945,W,0,0,,N5
OECD.EDU.IMEP:DSD_EAG_UOE_FIN@DF_UOE_INDIC_FIN_PERSTUD(3.1),CHL,FIN_PERSTUD,ISCED11_35,_T,INST_EDU,DIR_EXP,V,USD_PPP_ST,_Z,2022,8689.92975604738,W,0,0,,N5
OECD.EDU.IMEP:DSD_EAG_UOE_FIN@DF_UOE_INDIC_FIN_PERSTUD(3.1),AUT,FIN_PERSTUD,ISCED11_35,_T,INST_EDU,DIR_EXP,V,USD_PPP_ST,_Z,2022,22463.4704681853,A,0,0,,N5
OECD.EDU.IMEP:DSD_EAG_UOE_FIN@DF_UOE_INDIC_FIN_PERSTUD(3.1),DNK,FIN_PERSTUD,ISCED11_35,_T,INST_EDU,DIR_EXP,V,USD_PPP_ST,_Z,2022,17252.4313664759,A,0,0,,N5
OECD.EDU.IMEP:DSD_EAG_UOE_FIN@DF_UOE_INDIC_FIN_PERSTUD(3.1),ESP,FIN_PERSTUD,ISCED11_35,_T,INST_EDU,DIR_EXP,V,USD_PPP_ST,_Z,2022,17279.2560162825,W,0,0,,N5
OECD.EDU.IMEP:DSD_EAG_UOE_FIN@DF_UOE_INDIC_FIN_PERSTUD(3.1),LTU,FIN_PERSTUD,ISCED11_35,_T,INST_EDU,DIR_EXP,V,USD_PPP_ST,_Z,2022,12557.6821401025,A,0,0,,N5
OECD.EDU.IMEP:DSD_EAG_UOE_FIN@DF_UOE_INDIC_FIN_PERSTUD(3.1),SVN,FIN_PERSTUD,ISCED11_35,_T,INST_EDU,DIR_EXP,V,USD_PPP_ST,_Z,2022,11665.7221646499,A,0,0,,N5
OECD.EDU.IMEP:DSD_EAG_UOE_FIN@DF_UOE_INDIC_FIN_PERSTUD(3.1),HUN,FIN_PERSTUD,ISCED11_35,_T,INST_EDU,DIR_EXP,_Z,PT_B1GQ_POP,_Z,2022,19.7998632102323,A,0,0,,_Z
OECD.EDU.IMEP:DSD_EAG_UOE_FIN@DF_UOE_INDIC_FIN_PERSTUD(3.1),DNK,FIN_PERSTUD,ISCED11_35,_T,INST_EDU,DIR_EXP,_Z,PT_B1GQ_POP,_Z,2022,22.3025086362578,A,0,0,,_Z
OECD.EDU.IMEP:DSD_EAG_UOE_FIN@DF_UOE_INDIC_FIN_PERSTUD(3.1),AUT,FIN_PERSTUD,ISCED11_35,_T,INST_EDU,DIR_EXP,_Z,PT_B1GQ_POP,_Z,2022,31.7959555746156,A,0,0,,_Z
OECD.EDU.IMEP:DSD_EAG_UOE_FIN@DF_UOE_INDIC_FIN_PERSTUD(3.1),EST,FIN_PERSTUD,ISCED11_35,_T,INST_EDU,DIR_EXP,_Z,PT_B1GQ_POP,_Z,2022,18.8308013878157,A,0,0,,_Z
OECD.EDU.IMEP:DSD_EAG_UOE_FIN@DF_UOE_INDIC_FIN_PERSTUD(3.1),CZE,FIN_PERSTUD,ISCED11_35,_T,INST_EDU,DIR_EXP,_Z,PT_B1GQ_POP,_Z,2022,25.9517623332686,A,0,0,,_Z
OECD.EDU.IMEP:DSD_EAG_UOE_FIN@DF_UOE_INDIC_FIN_PERSTUD(3.1),FRA,FIN_PERSTUD,ISCED11_35,_T,INST_EDU,DIR_EXP,_Z,PT_B1GQ_POP,_Z,2022,36.596293659099,A,0,0,,_Z
OECD.EDU.IMEP:DSD_EAG_UOE_FIN@DF_UOE_INDIC_FIN_PERSTUD(3.1),NOR,FIN_PERSTUD,ISCED11_35,_T,INST_EDU,DIR_EXP,_Z,PT_B1GQ_POP,_Z,2022,30.7457299363438,A,0,0,,_Z
OECD.EDU.IMEP:DSD_EAG_UOE_FIN@DF_UOE_INDIC_FIN_PERSTUD(3.1),NZL,FIN_PERSTUD,ISCED11_35,_T,INST_EDU,DIR_EXP,_Z,PT_B1GQ_POP,_Z,2022,19.2990717030593,A,0,0,,_Z
OECD.EDU.IMEP:DSD_EAG_UOE_FIN@DF_UOE_INDIC_FIN_PERSTUD(3.1),CRI,FIN_PERSTUD,ISCED11_35,_T,INST_EDU,DIR_EXP,_Z,PT_B1GQ_POP,_Z,2022,,O,0,0,,_Z
OECD.EDU.IMEP:DSD_EAG_UOE_FIN@DF_UOE_INDIC_FIN_PERSTUD(3.1),CAN,FIN_PERSTUD,ISCED11_35,_T,INST_EDU,DIR_EXP,_Z,PT_B1GQ_POP,_Z,2022,,K,0,0,,_Z
OECD.EDU.IMEP:DSD_EAG_UOE_FIN@DF_UOE_INDIC_FIN_PERSTUD(3.1),AUS,FIN_PERSTUD,ISCED11_35,_T,INST_EDU,DIR_EXP,_Z,PT_B1GQ_POP,_Z,2022,21.170332645832,B,0,0,,_Z
OECD.EDU.IMEP:DSD_EAG_UOE_FIN@DF_UOE_INDIC_FIN_PERSTUD(3.1),DEU,FIN_PERSTUD,ISCED11_35,_T,INST_EDU,DIR_EXP,_Z,PT_B1GQ_POP,_Z,2022,37.3706237540573,W,0,0,,_Z
OECD.EDU.IMEP:DSD_EAG_UOE_FIN@DF_UOE_INDIC_FIN_PERSTUD(3.1),FIN,FIN_PERSTUD,ISCED11_35,_T,INST_EDU,DIR_EXP,_Z,PT_B1GQ_POP,_Z,2022,18.6142581033854,W,0,0,,_Z
OECD.EDU.IMEP:DSD_EAG_UOE_FIN@DF_UOE_INDIC_FIN_PERSTUD(3.1),BEL,FIN_PERSTUD,ISCED11_35,_T,INST_EDU,DIR_EXP,_Z,PT_B1GQ_POP,_Z,2022,29.0070515931192,W,0,0,,_Z
OECD.EDU.IMEP:DSD_EAG_UOE_FIN@DF_UOE_INDIC_FIN_PERSTUD(3.1),CHL,FIN_PERSTUD,ISCED11_35,_T,INST_EDU,DIR_EXP,_Z,PT_B1GQ_POP,_Z,2022,28.5085078276098,W,0,0,,_Z
OECD.EDU.IMEP:DSD_EAG_UOE_FIN@DF_UOE_INDIC_FIN_PERSTUD(3.1),GBR,FIN_PERSTUD,ISCED11_35,_T,INST_EDU,DIR_EXP,_Z,PT_B1GQ_POP,_Z,2022,24.2539380031858,A,0,0,,_Z
OECD.EDU.IMEP:DSD_EAG_UOE_FIN@DF_UOE_INDIC_FIN_PERSTUD(3.1),DNK,FIN_PERSTUD,ISCED11_4,_T,INST_EDU,DIR_EXP,_Z,PT_B1GQ_POP,_Z,2022,,M,0,0,,_Z
OECD.EDU.IMEP:DSD_EAG_UOE_FIN@DF_UOE_INDIC_FIN_PERSTUD(3.1),CRI,FIN_PERSTUD,ISCED11_4,_T,INST_EDU,DIR_EXP,_Z,PT_B1GQ_POP,_Z,2022,,M,0,0,,_Z
OECD.EDU.IMEP:DSD_EAG_UOE_FIN@DF_UOE_INDIC_FIN_PERSTUD(3.1),CHL,FIN_PERSTUD,ISCED11_4,_T,INST_EDU,DIR_EXP,_Z,PT_B1GQ_POP,_Z,2022,,M,0,0,,_Z
OECD.EDU.IMEP:DSD_EAG_UOE_FIN@DF_UOE_INDIC_FIN_PERSTUD(3.1),DEU,FIN_PERSTUD,ISCED11_4,_T,INST_EDU,DIR_EXP,_Z,PT_B1GQ_POP,_Z,2022,24.7488984175466,A,0,0,,_Z
OECD.EDU.IMEP:DSD_EAG_UOE_FIN@DF_UOE_INDIC_FIN_PERSTUD(3.1),BRA,FIN_PERSTUD,ISCED11_4,_T,INST_EDU,DIR_EXP,_Z,PT_B1GQ_POP,_Z,2022,,O,0,0,,_Z
OECD.EDU.IMEP:DSD_EAG_UOE_FIN@DF_UOE_INDIC_FIN_PERSTUD(3.1),ROU,FIN_PERSTUD,ISCED11_4,_T,INST_EDU,DIR_EXP,V,USD_PPP_ST,_Z,2022,2623.97219304219,A,0,0,,N5
OECD.EDU.IMEP:DSD_EAG_UOE_FIN@DF_UOE_INDIC_FIN_PERSTUD(3.1),OECD,FIN_PERSTUD,ISCED11_4,_T,INST_EDU,DIR_EXP,V,USD_PPP_ST,_Z,2022,,O,0,0,,N5
OECD.EDU.IMEP:DSD_EAG_UOE_FIN@DF_UOE_INDIC_FIN_PERSTUD(3.1),NLD,FIN_PERSTUD,ISCED11_4,_T,INST_EDU,DIR_EXP,V,USD_PPP_ST,_Z,2022,,M,0,0,,N5
OECD.EDU.IMEP:DSD_EAG_UOE_FIN@DF_UOE_INDIC_FIN_PERSTUD(3.1),PER,FIN_PERSTUD,ISCED11_4,_T,INST_EDU,DIR_EXP,V,USD_PPP_ST,_Z,2022,,M,0,0,,N5
OECD.EDU.IMEP:DSD_EAG_UOE_FIN@DF_UOE_INDIC_FIN_PERSTUD(3.1),KOR,FIN_PERSTUD,ISCED11_4,_T,INST_EDU,DIR_EXP,V,USD_PPP_ST,_Z,2022,,M,0,0,,N5
OECD.EDU.IMEP:DSD_EAG_UOE_FIN@DF_UOE_INDIC_FIN_PERSTUD(3.1),ARG,FIN_PERSTUD,ISCED11_4,_T,INST_EDU,DIR_EXP,V,USD_PPP_ST,_Z,2022,,M,0,0,,N5
OECD.EDU.IMEP:DSD_EAG_UOE_FIN@DF_UOE_INDIC_FIN_PERSTUD(3.1),MEX,FIN_PERSTUD,ISCED11_4,_T,INST_EDU,DIR_EXP,V,USD_PPP_ST,_Z,2022,,M,0,0,,N5
OECD.EDU.IMEP:DSD_EAG_UOE_FIN@DF_UOE_INDIC_FIN_PERSTUD(3.1),TUR,FIN_PERSTUD,ISCED11_4,_T,INST_EDU,DIR_EXP,V,USD_PPP_ST,_Z,2022,,M,0,0,,N5
OECD.EDU.IMEP:DSD_EAG_UOE_FIN@DF_UOE_INDIC_FIN_PERSTUD(3.1),CHE,FIN_PERSTUD,ISCED11_4,_T,INST_EDU,DIR_EXP,V,USD_PPP_ST,_Z,2022,,K,0,0,,N5
OECD.EDU.IMEP:DSD_EAG_UOE_FIN@DF_UOE_INDIC_FIN_PERSTUD(3.1),SVN,FIN_PERSTUD,ISCED11_4,_T,INST_EDU,DIR_EXP,V,USD_PPP_ST,_Z,2022,,M,0,0,,N5
OECD.EDU.IMEP:DSD_EAG_UOE_FIN@DF_UOE_INDIC_FIN_PERSTUD(3.1),ESP,FIN_PERSTUD,ISCED11_4,_T,INST_EDU,DIR_EXP,V,USD_PPP_ST,_Z,2022,,K,0,0,,N5
OECD.EDU.IMEP:DSD_EAG_UOE_FIN@DF_UOE_INDIC_FIN_PERSTUD(3.1),LTU,FIN_PERSTUD,ISCED11_4,_T,INST_EDU,DIR_EXP,V,USD_PPP_ST,_Z,2022,12474.8592179311,A,0,0,,N5
OECD.EDU.IMEP:DSD_EAG_UOE_FIN@DF_UOE_INDIC_FIN_PERSTUD(3.1),SWE,FIN_PERSTUD,ISCED11_4,_T,INST_EDU,DIR_EXP,V,USD_PPP_ST,_Z,2022,8918.92952535291,A,0,0,,N5
OECD.EDU.IMEP:DSD_EAG_UOE_FIN@DF_UOE_INDIC_FIN_PERSTUD(3.1),ISL,FIN_PERSTUD,ISCED11_4,_T,INST_EDU,DIR_EXP,V,USD_PPP_ST,_Z,2022,20365.5115394199,A,0,0,,N5
OECD.EDU.IMEP:DSD_EAG_UOE_FIN@DF_UOE_INDIC_FIN_PERSTUD(3.1),SVK,FIN_PERSTUD,ISCED11_4,_T,INST_EDU,DIR_EXP,V,USD_PPP_ST,_Z,2022,12208.928176132,A,0,0,,N5
OECD.EDU.IMEP:DSD_EAG_UOE_FIN@DF_UOE_INDIC_FIN_PERSTUD(3.1),LUX,FIN_PERSTUD,ISCED11_4,_T,INST_EDU,DIR_EXP,V,USD_PPP_ST,_Z,2022,5265.82232708667,A,0,0,,N5
OECD.EDU.IMEP:DSD_EAG_UOE_FIN@DF_UOE_INDIC_FIN_PERSTUD(3.1),G20,FIN_PERSTUD,ISCED11_4,_T,INST_EDU,DIR_EXP,V,USD_PPP_ST,_Z,2022,,O,0,0,,N5
OECD.EDU.IMEP:DSD_EAG_UOE_FIN@DF_UOE_INDIC_FIN_PERSTUD(3.1),EU25,FIN_PERSTUD,ISCED11_4,_T,INST_EDU,DIR_EXP,V,USD_PPP_ST,_Z,2022,11048.9981211331,A,0,0,,N5
OECD.EDU.IMEP:DSD_EAG_UOE_FIN@DF_UOE_INDIC_FIN_PERSTUD(3.1),AUS,FIN_PERSTUD,ISCED11_4,_T,INST_EDU,DIR_EXP,V,USD_PPP_ST,_Z,2022,9856.14791682769,B,0,0,,N5
OECD.EDU.IMEP:DSD_EAG_UOE_FIN@DF_UOE_INDIC_FIN_PERSTUD(3.1),LVA,FIN_PERSTUD,ISCED11_4,_T,INST_EDU,DIR_EXP,V,USD_PPP_ST,_Z,2022,13671.6407222113,A,0,0,,N5
OECD.EDU.IMEP:DSD_EAG_UOE_FIN@DF_UOE_INDIC_FIN_PERSTUD(3.1),BGR,FIN_PERSTUD,ISCED11_4,_T,INST_EDU,DIR_EXP,V,USD_PPP_ST,_Z,2022,21794.7954840355,A,0,0,,N5
OECD.EDU.IMEP:DSD_EAG_UOE_FIN@DF_UOE_INDIC_FIN_PERSTUD(3.1),CHN,FIN_PERSTUD,ISCED11_4,_T,INST_EDU,DIR_EXP,V,USD_PPP_ST,_Z,2022,,M,0,0,,N5
OECD.EDU.IMEP:DSD_EAG_UOE_FIN@DF_UOE_INDIC_FIN_PERSTUD(3.1),GBR,FIN_PERSTUD,ISCED11_4,_T,INST_EDU,DIR_EXP,V,USD_PPP_ST,_Z,2022,,M,0,0,,N5
OECD.EDU.IMEP:DSD_EAG_UOE_FIN@DF_UOE_INDIC_FIN_PERSTUD(3.1),HRV,FIN_PERSTUD,ISCED11_4,_T,INST_EDU,DIR_EXP,V,USD_PPP_ST,_Z,2022,,M,0,0,,N5
OECD.EDU.IMEP:DSD_EAG_UOE_FIN@DF_UOE_INDIC_FIN_PERSTUD(3.1),JPN,FIN_PERSTUD,ISCED11_4,_T,INST_EDU,DIR_EXP,V,USD_PPP_ST,_Z,2022,,K,0,0,,N5
OECD.EDU.IMEP:DSD_EAG_UOE_FIN@DF_UOE_INDIC_FIN_PERSTUD(3.1),ITA,FIN_PERSTUD,ISCED11_4,_T,INST_EDU,DIR_EXP,V,USD_PPP_ST,_Z,2022,,K,0,0,,N5
OECD.EDU.IMEP:DSD_EAG_UOE_FIN@DF_UOE_INDIC_FIN_PERSTUD(3.1),PRT,FIN_PERSTUD,ISCED11_4,_T,INST_EDU,DIR_EXP,V,USD_PPP_ST,_Z,2022,,K,0,0,,N5
OECD.EDU.IMEP:DSD_EAG_UOE_FIN@DF_UOE_INDIC_FIN_PERSTUD(3.1),ZAF,FIN_PERSTUD,ISCED11_4,_T,INST_EDU,DIR_EXP,V,USD_PPP_ST,_Z,2022,3131.14759857991,A,0,0,,N5
OECD.EDU.IMEP:DSD_EAG_UOE_FIN@DF_UOE_INDIC_FIN_PERSTUD(3.1),POL,FIN_PERSTUD,ISCED11_4,_T,INST_EDU,DIR_EXP,V,USD_PPP_ST,_Z,2022,4981.96357406806,A,0,0,,N5
OECD.EDU.IMEP:DSD_EAG_UOE_FIN@DF_UOE_INDIC_FIN_PERSTUD(3.1),BRA,FIN_PERSTUD,ISCED11_4,_T,INST_EDU,DIR_EXP,V,USD_PPP_ST,_Z,2022,,O,0,0,,N5
OECD.EDU.IMEP:DSD_EAG_UOE_FIN@DF_UOE_INDIC_FIN_PERSTUD(3.1),SVN,FIN_PERSTUD,ISCED11_4,_T,INST_EDU,DIR_EXP,_Z,PT_B1GQ_POP,_Z,2022,,M,0,0,,_Z
OECD.EDU.IMEP:DSD_EAG_UOE_FIN@DF_UOE_INDIC_FIN_PERSTUD(3.1),ESP,FIN_PERSTUD,ISCED11_4,_T,INST_EDU,DIR_EXP,_Z,PT_B1GQ_POP,_Z,2022,,K,0,0,,_Z
OECD.EDU.IMEP:DSD_EAG_UOE_FIN@DF_UOE_INDIC_FIN_PERSTUD(3.1),LTU,FIN_PERSTUD,ISCED11_4,_T,INST_EDU,DIR_EXP,_Z,PT_B1GQ_POP,_Z,2022,24.70347409249,A,0,0,,_Z
OECD.EDU.IMEP:DSD_EAG_UOE_FIN@DF_UOE_INDIC_FIN_PERSTUD(3.1),SWE,FIN_PERSTUD,ISCED11_4,_T,INST_EDU,DIR_EXP,_Z,PT_B1GQ_POP,_Z,2022,13.4886130465124,A,0,0,,_Z
OECD.EDU.IMEP:DSD_EAG_UOE_FIN@DF_UOE_INDIC_FIN_PERSTUD(3.1),ISL,FIN_PERSTUD,ISCED11_4,_T,INST_EDU,DIR_EXP,_Z,PT_B1GQ_POP,_Z,2022,26.8028921355292,A,0,0,,_Z
OECD.EDU.IMEP:DSD_EAG_UOE_FIN@DF_UOE_INDIC_FIN_PERSTUD(3.1),SVK,FIN_PERSTUD,ISCED11_4,_T,INST_EDU,DIR_EXP,_Z,PT_B1GQ_POP,_Z,2022,29.8359169791473,A,0,0,,_Z
OECD.EDU.IMEP:DSD_EAG_UOE_FIN@DF_UOE_INDIC_FIN_PERSTUD(3.1),LUX,FIN_PERSTUD,ISCED11_4,_T,INST_EDU,DIR_EXP,_Z,PT_B1GQ_POP,_Z,2022,3.64689201125696,A,0,0,,_Z
OECD.EDU.IMEP:DSD_EAG_UOE_FIN@DF_UOE_INDIC_FIN_PERSTUD(3.1),G20,FIN_PERSTUD,ISCED11_4,_T,INST_EDU,DIR_EXP,_Z,PT_B1GQ_POP,_Z,2022,,O,0,0,,_Z
OECD.EDU.IMEP:DSD_EAG_UOE_FIN@DF_UOE_INDIC_FIN_PERSTUD(3.1),EU25,FIN_PERSTUD,ISCED11_4,_T,INST_EDU,DIR_EXP,_Z,PT_B1GQ_POP,_Z,2022,20.2433072374231,A,0,0,,_Z
OECD.EDU.IMEP:DSD_EAG_UOE_FIN@DF_UOE_INDIC_FIN_PERSTUD(3.1),LVA,FIN_PERSTUD,ISCED11_4,_T,INST_EDU,DIR_EXP,_Z,PT_B1GQ_POP,_Z,2022,34.3371450972461,A,0,0,,_Z
OECD.EDU.IMEP:DSD_EAG_UOE_FIN@DF_UOE_INDIC_FIN_PERSTUD(3.1),BGR,FIN_PERSTUD,ISCED11_4,_T,INST_EDU,DIR_EXP,_Z,PT_B1GQ_POP,_Z,2022,60.8507956454951,A,0,0,,_Z
OECD.EDU.IMEP:DSD_EAG_UOE_FIN@DF_UOE_INDIC_FIN_PERSTUD(3.1),ITA,FIN_PERSTUD,ISCED11_4,_T,INST_EDU,DIR_EXP,_Z,PT_B1GQ_POP,_Z,2022,,K,0,0,,_Z
OECD.EDU.IMEP:DSD_EAG_UOE_FIN@DF_UOE_INDIC_FIN_PERSTUD(3.1),JPN,FIN_PERSTUD,ISCED11_4,_T,INST_EDU,DIR_EXP,_Z,PT_B1GQ_POP,_Z,2022,,K,0,0,,_Z
OECD.EDU.IMEP:DSD_EAG_UOE_FIN@DF_UOE_INDIC_FIN_PERSTUD(3.1),PRT,FIN_PERSTUD,ISCED11_4,_T,INST_EDU,DIR_EXP,_Z,PT_B1GQ_POP,_Z,2022,,K,0,0,,_Z
OECD.EDU.IMEP:DSD_EAG_UOE_FIN@DF_UOE_INDIC_FIN_PERSTUD(3.1),HRV,FIN_PERSTUD,ISCED11_4,_T,INST_EDU,DIR_EXP,_Z,PT_B1GQ_POP,_Z,2022,,M,0,0,,_Z
OECD.EDU.IMEP:DSD_EAG_UOE_FIN@DF_UOE_INDIC_FIN_PERSTUD(3.1),GBR,FIN_PERSTUD,ISCED11_4,_T,INST_EDU,DIR_EXP,_Z,PT_B1GQ_POP,_Z,2022,,M,0,0,,_Z
OECD.EDU.IMEP:DSD_EAG_UOE_FIN@DF_UOE_INDIC_FIN_PERSTUD(3.1),CHN,FIN_PERSTUD,ISCED11_4,_T,INST_EDU,DIR_EXP,_Z,PT_B1GQ_POP,_Z,2022,,M,0,0,,_Z
OECD.EDU.IMEP:DSD_EAG_UOE_FIN@DF_UOE_INDIC_FIN_PERSTUD(3.1),ZAF,FIN_PERSTUD,ISCED11_4,_T,INST_EDU,DIR_EXP,_Z,PT_B1GQ_POP,_Z,2022,20.2414821118065,A,0,0,,_Z
OECD.EDU.IMEP:DSD_EAG_UOE_FIN@DF_UOE_INDIC_FIN_PERSTUD(3.1),POL,FIN_PERSTUD,ISCED11_4,_T,INST_EDU,DIR_EXP,_Z,PT_B1GQ_POP,_Z,2022,11.0933101333298,A,0,0,,_Z
OECD.EDU.IMEP:DSD_EAG_UOE_FIN@DF_UOE_INDIC_FIN_PERSTUD(3.1),ROU,FIN_PERSTUD,ISCED11_4,_T,INST_EDU,DIR_EXP,_Z,PT_B1GQ_POP,_Z,2022,5.9242415664713,A,0,0,,_Z
OECD.EDU.IMEP:DSD_EAG_UOE_FIN@DF_UOE_INDIC_FIN_PERSTUD(3.1),CHE,FIN_PERSTUD,ISCED11_4,_T,INST_EDU,DIR_EXP,_Z,PT_B1GQ_POP,_Z,2022,,K,0,0,,_Z
OECD.EDU.IMEP:DSD_EAG_UOE_FIN@DF_UOE_INDIC_FIN_PERSTUD(3.1),NLD,FIN_PERSTUD,ISCED11_4,_T,INST_EDU,DIR_EXP,_Z,PT_B1GQ_POP,_Z,2022,,M,0,0,,_Z
OECD.EDU.IMEP:DSD_EAG_UOE_FIN@DF_UOE_INDIC_FIN_PERSTUD(3.1),PER,FIN_PERSTUD,ISCED11_4,_T,INST_EDU,DIR_EXP,_Z,PT_B1GQ_POP,_Z,2022,,M,0,0,,_Z
OECD.EDU.IMEP:DSD_EAG_UOE_FIN@DF_UOE_INDIC_FIN_PERSTUD(3.1),KOR,FIN_PERSTUD,ISCED11_4,_T,INST_EDU,DIR_EXP,_Z,PT_B1GQ_POP,_Z,2022,,M,0,0,,_Z
OECD.EDU.IMEP:DSD_EAG_UOE_FIN@DF_UOE_INDIC_FIN_PERSTUD(3.1),ARG,FIN_PERSTUD,ISCED11_4,_T,INST_EDU,DIR_EXP,_Z,PT_B1GQ_POP,_Z,2022,,M,0,0,,_Z
OECD.EDU.IMEP:DSD_EAG_UOE_FIN@DF_UOE_INDIC_FIN_PERSTUD(3.1),MEX,FIN_PERSTUD,ISCED11_4,_T,INST_EDU,DIR_EXP,_Z,PT_B1GQ_POP,_Z,2022,,M,0,0,,_Z
OECD.EDU.IMEP:DSD_EAG_UOE_FIN@DF_UOE_INDIC_FIN_PERSTUD(3.1),TUR,FIN_PERSTUD,ISCED11_4,_T,INST_EDU,DIR_EXP,_Z,PT_B1GQ_POP,_Z,2022,,M,0,0,,_Z
OECD.EDU.IMEP:DSD_EAG_UOE_FIN@DF_UOE_INDIC_FIN_PERSTUD(3.1),OECD,FIN_PERSTUD,ISCED11_4,_T,INST_EDU,DIR_EXP,_Z,PT_B1GQ_POP,_Z,2022,,O,0,0,,_Z
OECD.EDU.IMEP:DSD_EAG_UOE_FIN@DF_UOE_INDIC_FIN_PERSTUD(3.1),GRC,FIN_PERSTUD,ISCED11_4,_T,INST_EDU,DIR_EXP,V,USD_PPP_ST,_Z,2022,7015.24207399424,A,0,0,,N5
OECD.EDU.IMEP:DSD_EAG_UOE_FIN@DF_UOE_INDIC_FIN_PERSTUD(3.1),HUN,FIN_PERSTUD,ISCED11_4,_T,INST_EDU,DIR_EXP,V,USD_PPP_ST,_Z,2022,8271.64387749209,A,0,0,,N5
OECD.EDU.IMEP:DSD_EAG_UOE_FIN@DF_UOE_INDIC_FIN_PERSTUD(3.1),EST,FIN_PERSTUD,ISCED11_4,_T,INST_EDU,DIR_EXP,V,USD_PPP_ST,_Z,2022,8947.44106176537,A,0,0,,N5
OECD.EDU.IMEP:DSD_EAG_UOE_FIN@DF_UOE_INDIC_FIN_PERSTUD(3.1),CZE,FIN_PERSTUD,ISCED11_4,_T,INST_EDU,DIR_EXP,V,USD_PPP_ST,_Z,2022,2072.66962826166,A,0,0,,N5
OECD.EDU.IMEP:DSD_EAG_UOE_FIN@DF_UOE_INDIC_FIN_PERSTUD(3.1),FRA,FIN_PERSTUD,ISCED11_4,_T,INST_EDU,DIR_EXP,V,USD_PPP_ST,_Z,2022,13838.747568576,A,0,0,,N5
OECD.EDU.IMEP:DSD_EAG_UOE_FIN@DF_UOE_INDIC_FIN_PERSTUD(3.1),NZL,FIN_PERSTUD,ISCED11_4,_T,INST_EDU,DIR_EXP,V,USD_PPP_ST,_Z,2022,9734.13249183294,A,0,0,,N5
OECD.EDU.IMEP:DSD_EAG_UOE_FIN@DF_UOE_INDIC_FIN_PERSTUD(3.1),IRL,FIN_PERSTUD,ISCED11_4,_T,INST_EDU,DIR_EXP,V,USD_PPP_ST,_Z,2022,33222.8156297219,A,0,0,,N5
OECD.EDU.IMEP:DSD_EAG_UOE_FIN@DF_UOE_INDIC_FIN_PERSTUD(3.1),NOR,FIN_PERSTUD,ISCED11_4,_T,INST_EDU,DIR_EXP,V,USD_PPP_ST,_Z,2022,25482.0524565881,A,0,0,,N5
OECD.EDU.IMEP:DSD_EAG_UOE_FIN@DF_UOE_INDIC_FIN_PERSTUD(3.1),ISR,FIN_PERSTUD,ISCED11_4,_T,INST_EDU,DIR_EXP,V,USD_PPP_ST,_Z,2022,2925.65599721494,A,0,0,,N5
OECD.EDU.IMEP:DSD_EAG_UOE_FIN@DF_UOE_INDIC_FIN_PERSTUD(3.1),DNK,FIN_PERSTUD,ISCED11_4,_T,INST_EDU,DIR_EXP,V,USD_PPP_ST,_Z,2022,,M,0,0,,N5
OECD.EDU.IMEP:DSD_EAG_UOE_FIN@DF_UOE_INDIC_FIN_PERSTUD(3.1),CRI,FIN_PERSTUD,ISCED11_4,_T,INST_EDU,DIR_EXP,V,USD_PPP_ST,_Z,2022,,M,0,0,,N5
OECD.EDU.IMEP:DSD_EAG_UOE_FIN@DF_UOE_INDIC_FIN_PERSTUD(3.1),CHL,FIN_PERSTUD,ISCED11_4,_T,INST_EDU,DIR_EXP,V,USD_PPP_ST,_Z,2022,,M,0,0,,N5
OECD.EDU.IMEP:DSD_EAG_UOE_FIN@DF_UOE_INDIC_FIN_PERSTUD(3.1),BEL,FIN_PERSTUD,ISCED11_4,_T,INST_EDU,DIR_EXP,V,USD_PPP_ST,_Z,2022,,K,0,0,,N5
OECD.EDU.IMEP:DSD_EAG_UOE_FIN@DF_UOE_INDIC_FIN_PERSTUD(3.1),FIN,FIN_PERSTUD,ISCED11_4,_T,INST_EDU,DIR_EXP,V,USD_PPP_ST,_Z,2022,,K,0,0,,N5
OECD.EDU.IMEP:DSD_EAG_UOE_FIN@DF_UOE_INDIC_FIN_PERSTUD(3.1),CAN,FIN_PERSTUD,ISCED11_4,_T,INST_EDU,DIR_EXP,V,USD_PPP_ST,_Z,2022,,O,0,0,,N5
OECD.EDU.IMEP:DSD_EAG_UOE_FIN@DF_UOE_INDIC_FIN_PERSTUD(3.1),AUT,FIN_PERSTUD,ISCED11_4,_T,INST_EDU,DIR_EXP,V,USD_PPP_ST,_Z,2022,4746.76105395149,A,0,0,,N5
OECD.EDU.IMEP:DSD_EAG_UOE_FIN@DF_UOE_INDIC_FIN_PERSTUD(3.1),DEU,FIN_PERSTUD,ISCED11_4,_T,INST_EDU,DIR_EXP,V,USD_PPP_ST,_Z,2022,16727.7378245077,A,0,0,,N5
OECD.EDU.IMEP:DSD_EAG_UOE_FIN@DF_UOE_INDIC_FIN_PERSTUD(3.1),GRC,FIN_PERSTUD,ISCED11_4,_T,INST_EDU,DIR_EXP,_Z,PT_B1GQ_POP,_Z,2022,18.2475477899547,A,0,0,,_Z
OECD.EDU.IMEP:DSD_EAG_UOE_FIN@DF_UOE_INDIC_FIN_PERSTUD(3.1),HUN,FIN_PERSTUD,ISCED11_4,_T,INST_EDU,DIR_EXP,_Z,PT_B1GQ_POP,_Z,2022,18.7893508431547,A,0,0,,_Z
OECD.EDU.IMEP:DSD_EAG_UOE_FIN@DF_UOE_INDIC_FIN_PERSTUD(3.1),AUT,FIN_PERSTUD,ISCED11_4,_T,INST_EDU,DIR_EXP,_Z,PT_B1GQ_POP,_Z,2022,6.71881060446621,A,0,0,,_Z
OECD.EDU.IMEP:DSD_EAG_UOE_FIN@DF_UOE_INDIC_FIN_PERSTUD(3.1),EST,FIN_PERSTUD,ISCED11_4,_T,INST_EDU,DIR_EXP,_Z,PT_B1GQ_POP,_Z,2022,18.4811921313816,A,0,0,,_Z
OECD.EDU.IMEP:DSD_EAG_UOE_FIN@DF_UOE_INDIC_FIN_PERSTUD(3.1),CZE,FIN_PERSTUD,ISCED11_4,_T,INST_EDU,DIR_EXP,_Z,PT_B1GQ_POP,_Z,2022,4.04109808684302,A,0,0,,_Z
OECD.EDU.IMEP:DSD_EAG_UOE_FIN@DF_UOE_INDIC_FIN_PERSTUD(3.1),FRA,FIN_PERSTUD,ISCED11_4,_T,INST_EDU,DIR_EXP,_Z,PT_B1GQ_POP,_Z,2022,24.6371303506789,A,0,0,,_Z
OECD.EDU.IMEP:DSD_EAG_UOE_FIN@DF_UOE_INDIC_FIN_PERSTUD(3.1),AUS,FIN_PERSTUD,ISCED11_4,_T,INST_EDU,DIR_EXP,_Z,PT_B1GQ_POP,_Z,2022,14.2380440995499,B,0,0,,_Z
OECD.EDU.IMEP:DSD_EAG_UOE_FIN@DF_UOE_INDIC_FIN_PERSTUD(3.1),ISR,FIN_PERSTUD,ISCED11_4,_T,INST_EDU,DIR_EXP,_Z,PT_B1GQ_POP,_Z,2022,5.45819676401064,A,0,0,,_Z
OECD.EDU.IMEP:DSD_EAG_UOE_FIN@DF_UOE_INDIC_FIN_PERSTUD(3.1),NOR,FIN_PERSTUD,ISCED11_4,_T,INST_EDU,DIR_EXP,_Z,PT_B1GQ_POP,_Z,2022,33.2193641652693,A,0,0,,_Z
OECD.EDU.IMEP:DSD_EAG_UOE_FIN@DF_UOE_INDIC_FIN_PERSTUD(3.1),IRL,FIN_PERSTUD,ISCED11_4,_T,INST_EDU,DIR_EXP,_Z,PT_B1GQ_POP,_Z,2022,24.3484990027953,A,0,0,,_Z
OECD.EDU.IMEP:DSD_EAG_UOE_FIN@DF_UOE_INDIC_FIN_PERSTUD(3.1),NZL,FIN_PERSTUD,ISCED11_4,_T,INST_EDU,DIR_EXP,_Z,PT_B1GQ_POP,_Z,2022,18.6431047812306,A,0,0,,_Z
OECD.EDU.IMEP:DSD_EAG_UOE_FIN@DF_UOE_INDIC_FIN_PERSTUD(3.1),CAN,FIN_PERSTUD,ISCED11_4,_T,INST_EDU,DIR_EXP,_Z,PT_B1GQ_POP,_Z,2022,,O,0,0,,_Z
OECD.EDU.IMEP:DSD_EAG_UOE_FIN@DF_UOE_INDIC_FIN_PERSTUD(3.1),BEL,FIN_PERSTUD,ISCED11_4,_T,INST_EDU,DIR_EXP,_Z,PT_B1GQ_POP,_Z,2022,,K,0,0,,_Z
OECD.EDU.IMEP:DSD_EAG_UOE_FIN@DF_UOE_INDIC_FIN_PERSTUD(3.1),BEL,FIN_PERSTUD,ISCED11_5,_T,INST_EDU,DIR_EXP,_Z,PT_B1GQ_POP,_Z,2022,25.971001764305,A,0,0,,_Z
OECD.EDU.IMEP:DSD_EAG_UOE_FIN@DF_UOE_INDIC_FIN_PERSTUD(3.1),DEU,FIN_PERSTUD,ISCED11_5,_T,INST_EDU,DIR_EXP,_Z,PT_B1GQ_POP,_Z,2022,13.48633407244,A,0,0,,_Z
OECD.EDU.IMEP:DSD_EAG_UOE_FIN@DF_UOE_INDIC_FIN_PERSTUD(3.1),GBR,FIN_PERSTUD,ISCED11_5,_T,INST_EDU,DIR_EXP,_Z,PT_B1GQ_POP,_Z,2022,53.9316119566726,A,0,0,,_Z
OECD.EDU.IMEP:DSD_EAG_UOE_FIN@DF_UOE_INDIC_FIN_PERSTUD(3.1),LTU,FIN_PERSTUD,ISCED11_5,_T,INST_EDU,DIR_EXP,_Z,PT_B1GQ_POP,_Z,2022,,M,0,0,,_Z
OECD.EDU.IMEP:DSD_EAG_UOE_FIN@DF_UOE_INDIC_FIN_PERSTUD(3.1),KOR,FIN_PERSTUD,ISCED11_5,_T,INST_EDU,DIR_EXP,V,USD_PPP_ST,_Z,2022,7994.98443673887,A,0,0,,N5
OECD.EDU.IMEP:DSD_EAG_UOE_FIN@DF_UOE_INDIC_FIN_PERSTUD(3.1),NLD,FIN_PERSTUD,ISCED11_5,_T,INST_EDU,DIR_EXP,V,USD_PPP_ST,_Z,2022,15215.5500189094,A,0,0,,N5
OECD.EDU.IMEP:DSD_EAG_UOE_FIN@DF_UOE_INDIC_FIN_PERSTUD(3.1),TUR,FIN_PERSTUD,ISCED11_5,_T,INST_EDU,DIR_EXP,V,USD_PPP_ST,_Z,2022,,K,0,0,,N5
OECD.EDU.IMEP:DSD_EAG_UOE_FIN@DF_UOE_INDIC_FIN_PERSTUD(3.1),MEX,FIN_PERSTUD,ISCED11_5,_T,INST_EDU,DIR_EXP,V,USD_PPP_ST,_Z,2022,,K,0,0,,N5
OECD.EDU.IMEP:DSD_EAG_UOE_FIN@DF_UOE_INDIC_FIN_PERSTUD(3.1),ARG,FIN_PERSTUD,ISCED11_5,_T,INST_EDU,DIR_EXP,V,USD_PPP_ST,_Z,2022,,K,0,0,,N5
OECD.EDU.IMEP:DSD_EAG_UOE_FIN@DF_UOE_INDIC_FIN_PERSTUD(3.1),CHE,FIN_PERSTUD,ISCED11_5,_T,INST_EDU,DIR_EXP,V,USD_PPP_ST,_Z,2022,,O,0,0,,N5
OECD.EDU.IMEP:DSD_EAG_UOE_FIN@DF_UOE_INDIC_FIN_PERSTUD(3.1),OECD,FIN_PERSTUD,ISCED11_5,_T,INST_EDU,DIR_EXP,V,USD_PPP_ST,_Z,2022,14603.1093533067,A,0,0,,N5
OECD.EDU.IMEP:DSD_EAG_UOE_FIN@DF_UOE_INDIC_FIN_PERSTUD(3.1),PER,FIN_PERSTUD,ISCED11_5,_T,INST_EDU,DIR_EXP,V,USD_PPP_ST,_Z,2022,,K,0,0,,N5
OECD.EDU.IMEP:DSD_EAG_UOE_FIN@DF_UOE_INDIC_FIN_PERSTUD(3.1),ROU,FIN_PERSTUD,ISCED11_5,_T,INST_EDU,DIR_EXP,V,USD_PPP_ST,_Z,2022,,M,0,0,,N5
OECD.EDU.IMEP:DSD_EAG_UOE_FIN@DF_UOE_INDIC_FIN_PERSTUD(3.1),SVN,FIN_PERSTUD,ISCED11_5,_T,INST_EDU,DIR_EXP,V,USD_PPP_ST,_Z,2022,10035.9311290275,A,0,0,,N5
OECD.EDU.IMEP:DSD_EAG_UOE_FIN@DF_UOE_INDIC_FIN_PERSTUD(3.1),SWE,FIN_PERSTUD,ISCED11_5,_T,INST_EDU,DIR_EXP,V,USD_PPP_ST,_Z,2022,8230.719444145,A,0,0,,N5
OECD.EDU.IMEP:DSD_EAG_UOE_FIN@DF_UOE_INDIC_FIN_PERSTUD(3.1),ISL,FIN_PERSTUD,ISCED11_5,_T,INST_EDU,DIR_EXP,V,USD_PPP_ST,_Z,2022,20234.2996571706,A,0,0,,N5
OECD.EDU.IMEP:DSD_EAG_UOE_FIN@DF_UOE_INDIC_FIN_PERSTUD(3.1),ESP,FIN_PERSTUD,ISCED11_5,_T,INST_EDU,DIR_EXP,V,USD_PPP_ST,_Z,2022,12878.2313506264,A,0,0,,N5
OECD.EDU.IMEP:DSD_EAG_UOE_FIN@DF_UOE_INDIC_FIN_PERSTUD(3.1),SVK,FIN_PERSTUD,ISCED11_5,_T,INST_EDU,DIR_EXP,V,USD_PPP_ST,_Z,2022,12001.3659800334,A,0,0,,N5
OECD.EDU.IMEP:DSD_EAG_UOE_FIN@DF_UOE_INDIC_FIN_PERSTUD(3.1),LUX,FIN_PERSTUD,ISCED11_5,_T,INST_EDU,DIR_EXP,V,USD_PPP_ST,_Z,2022,11255.4564579017,A,0,0,,N5
OECD.EDU.IMEP:DSD_EAG_UOE_FIN@DF_UOE_INDIC_FIN_PERSTUD(3.1),IRL,FIN_PERSTUD,ISCED11_5,_T,INST_EDU,DIR_EXP,V,USD_PPP_ST,_Z,2022,,K,0,0,,N5
OECD.EDU.IMEP:DSD_EAG_UOE_FIN@DF_UOE_INDIC_FIN_PERSTUD(3.1),G20,FIN_PERSTUD,ISCED11_5,_T,INST_EDU,DIR_EXP,V,USD_PPP_ST,_Z,2022,,O,0,0,,N5
OECD.EDU.IMEP:DSD_EAG_UOE_FIN@DF_UOE_INDIC_FIN_PERSTUD(3.1),EU25,FIN_PERSTUD,ISCED11_5,_T,INST_EDU,DIR_EXP,V,USD_PPP_ST,_Z,2022,13926.9847635872,A,0,0,,N5
OECD.EDU.IMEP:DSD_EAG_UOE_FIN@DF_UOE_INDIC_FIN_PERSTUD(3.1),AUS,FIN_PERSTUD,ISCED11_5,_T,INST_EDU,DIR_EXP,V,USD_PPP_ST,_Z,2022,12288.7664875592,B,0,0,,N5
OECD.EDU.IMEP:DSD_EAG_UOE_FIN@DF_UOE_INDIC_FIN_PERSTUD(3.1),LVA,FIN_PERSTUD,ISCED11_5,_T,INST_EDU,DIR_EXP,V,USD_PPP_ST,_Z,2022,12402.1704756758,A,0,0,,N5
OECD.EDU.IMEP:DSD_EAG_UOE_FIN@DF_UOE_INDIC_FIN_PERSTUD(3.1),BGR,FIN_PERSTUD,ISCED11_5,_T,INST_EDU,DIR_EXP,V,USD_PPP_ST,_Z,2022,,M,0,0,,N5
OECD.EDU.IMEP:DSD_EAG_UOE_FIN@DF_UOE_INDIC_FIN_PERSTUD(3.1),HRV,FIN_PERSTUD,ISCED11_5,_T,INST_EDU,DIR_EXP,V,USD_PPP_ST,_Z,2022,,K,0,0,,N5
OECD.EDU.IMEP:DSD_EAG_UOE_FIN@DF_UOE_INDIC_FIN_PERSTUD(3.1),CHN,FIN_PERSTUD,ISCED11_5,_T,INST_EDU,DIR_EXP,V,USD_PPP_ST,_Z,2022,,K,0,0,,N5
OECD.EDU.IMEP:DSD_EAG_UOE_FIN@DF_UOE_INDIC_FIN_PERSTUD(3.1),ZAF,FIN_PERSTUD,ISCED11_5,_T,INST_EDU,DIR_EXP,V,USD_PPP_ST,_Z,2022,,O,0,0,,N5
OECD.EDU.IMEP:DSD_EAG_UOE_FIN@DF_UOE_INDIC_FIN_PERSTUD(3.1),JPN,FIN_PERSTUD,ISCED11_5,_T,INST_EDU,DIR_EXP,V,USD_PPP_ST,_Z,2022,16262.3624358095,W,0,0,,N5
OECD.EDU.IMEP:DSD_EAG_UOE_FIN@DF_UOE_INDIC_FIN_PERSTUD(3.1),POL,FIN_PERSTUD,ISCED11_5,_T,INST_EDU,DIR_EXP,V,USD_PPP_ST,_Z,2022,2615.20260663943,A,0,0,,N5
OECD.EDU.IMEP:DSD_EAG_UOE_FIN@DF_UOE_INDIC_FIN_PERSTUD(3.1),ITA,FIN_PERSTUD,ISCED11_5,_T,INST_EDU,DIR_EXP,V,USD_PPP_ST,_Z,2022,3691.43059559389,A,0,0,,N5
OECD.EDU.IMEP:DSD_EAG_UOE_FIN@DF_UOE_INDIC_FIN_PERSTUD(3.1),PRT,FIN_PERSTUD,ISCED11_5,_T,INST_EDU,DIR_EXP,V,USD_PPP_ST,_Z,2022,9225.35228483025,A,0,0,,N5
OECD.EDU.IMEP:DSD_EAG_UOE_FIN@DF_UOE_INDIC_FIN_PERSTUD(3.1),GBR,FIN_PERSTUD,ISCED11_5,_T,INST_EDU,DIR_EXP,V,USD_PPP_ST,_Z,2022,32170.3932365775,A,0,0,,N5
OECD.EDU.IMEP:DSD_EAG_UOE_FIN@DF_UOE_INDIC_FIN_PERSTUD(3.1),BRA,FIN_PERSTUD,ISCED11_5,_T,INST_EDU,DIR_EXP,_Z,PT_B1GQ_POP,_Z,2022,,K,0,0,,_Z
OECD.EDU.IMEP:DSD_EAG_UOE_FIN@DF_UOE_INDIC_FIN_PERSTUD(3.1),SVN,FIN_PERSTUD,ISCED11_5,_T,INST_EDU,DIR_EXP,_Z,PT_B1GQ_POP,_Z,2022,19.6228340445581,A,0,0,,_Z
OECD.EDU.IMEP:DSD_EAG_UOE_FIN@DF_UOE_INDIC_FIN_PERSTUD(3.1),SWE,FIN_PERSTUD,ISCED11_5,_T,INST_EDU,DIR_EXP,_Z,PT_B1GQ_POP,_Z,2022,12.44779313043,A,0,0,,_Z
OECD.EDU.IMEP:DSD_EAG_UOE_FIN@DF_UOE_INDIC_FIN_PERSTUD(3.1),ISL,FIN_PERSTUD,ISCED11_5,_T,INST_EDU,DIR_EXP,_Z,PT_B1GQ_POP,_Z,2022,26.6302051927033,A,0,0,,_Z
OECD.EDU.IMEP:DSD_EAG_UOE_FIN@DF_UOE_INDIC_FIN_PERSTUD(3.1),ESP,FIN_PERSTUD,ISCED11_5,_T,INST_EDU,DIR_EXP,_Z,PT_B1GQ_POP,_Z,2022,25.5150334979432,A,0,0,,_Z
OECD.EDU.IMEP:DSD_EAG_UOE_FIN@DF_UOE_INDIC_FIN_PERSTUD(3.1),SVK,FIN_PERSTUD,ISCED11_5,_T,INST_EDU,DIR_EXP,_Z,PT_B1GQ_POP,_Z,2022,29.3286809334054,A,0,0,,_Z
OECD.EDU.IMEP:DSD_EAG_UOE_FIN@DF_UOE_INDIC_FIN_PERSTUD(3.1),LUX,FIN_PERSTUD,ISCED11_5,_T,INST_EDU,DIR_EXP,_Z,PT_B1GQ_POP,_Z,2022,7.7950663143779,A,0,0,,_Z
OECD.EDU.IMEP:DSD_EAG_UOE_FIN@DF_UOE_INDIC_FIN_PERSTUD(3.1),IRL,FIN_PERSTUD,ISCED11_5,_T,INST_EDU,DIR_EXP,_Z,PT_B1GQ_POP,_Z,2022,,K,0,0,,_Z
OECD.EDU.IMEP:DSD_EAG_UOE_FIN@DF_UOE_INDIC_FIN_PERSTUD(3.1),G20,FIN_PERSTUD,ISCED11_5,_T,INST_EDU,DIR_EXP,_Z,PT_B1GQ_POP,_Z,2022,,O,0,0,,_Z
OECD.EDU.IMEP:DSD_EAG_UOE_FIN@DF_UOE_INDIC_FIN_PERSTUD(3.1),LVA,FIN_PERSTUD,ISCED11_5,_T,INST_EDU,DIR_EXP,_Z,PT_B1GQ_POP,_Z,2022,31.1487944861077,A,0,0,,_Z
OECD.EDU.IMEP:DSD_EAG_UOE_FIN@DF_UOE_INDIC_FIN_PERSTUD(3.1),BGR,FIN_PERSTUD,ISCED11_5,_T,INST_EDU,DIR_EXP,_Z,PT_B1GQ_POP,_Z,2022,,M,0,0,,_Z
OECD.EDU.IMEP:DSD_EAG_UOE_FIN@DF_UOE_INDIC_FIN_PERSTUD(3.1),ZAF,FIN_PERSTUD,ISCED11_5,_T,INST_EDU,DIR_EXP,_Z,PT_B1GQ_POP,_Z,2022,,O,0,0,,_Z
OECD.EDU.IMEP:DSD_EAG_UOE_FIN@DF_UOE_INDIC_FIN_PERSTUD(3.1),HRV,FIN_PERSTUD,ISCED11_5,_T,INST_EDU,DIR_EXP,_Z,PT_B1GQ_POP,_Z,2022,,K,0,0,,_Z
OECD.EDU.IMEP:DSD_EAG_UOE_FIN@DF_UOE_INDIC_FIN_PERSTUD(3.1),CHN,FIN_PERSTUD,ISCED11_5,_T,INST_EDU,DIR_EXP,_Z,PT_B1GQ_POP,_Z,2022,,K,0,0,,_Z
OECD.EDU.IMEP:DSD_EAG_UOE_FIN@DF_UOE_INDIC_FIN_PERSTUD(3.1),JPN,FIN_PERSTUD,ISCED11_5,_T,INST_EDU,DIR_EXP,_Z,PT_B1GQ_POP,_Z,2022,33.789656341192,W,0,0,,_Z
OECD.EDU.IMEP:DSD_EAG_UOE_FIN@DF_UOE_INDIC_FIN_PERSTUD(3.1),POL,FIN_PERSTUD,ISCED11_5,_T,INST_EDU,DIR_EXP,_Z,PT_B1GQ_POP,_Z,2022,5.82325686360937,A,0,0,,_Z
OECD.EDU.IMEP:DSD_EAG_UOE_FIN@DF_UOE_INDIC_FIN_PERSTUD(3.1),ITA,FIN_PERSTUD,ISCED11_5,_T,INST_EDU,DIR_EXP,_Z,PT_B1GQ_POP,_Z,2022,6.56284848109345,A,0,0,,_Z
OECD.EDU.IMEP:DSD_EAG_UOE_FIN@DF_UOE_INDIC_FIN_PERSTUD(3.1),PRT,FIN_PERSTUD,ISCED11_5,_T,INST_EDU,DIR_EXP,_Z,PT_B1GQ_POP,_Z,2022,20.7730081754165,A,0,0,,_Z
OECD.EDU.IMEP:DSD_EAG_UOE_FIN@DF_UOE_INDIC_FIN_PERSTUD(3.1),KOR,FIN_PERSTUD,ISCED11_5,_T,INST_EDU,DIR_EXP,_Z,PT_B1GQ_POP,_Z,2022,14.5177579233572,A,0,0,,_Z
OECD.EDU.IMEP:DSD_EAG_UOE_FIN@DF_UOE_INDIC_FIN_PERSTUD(3.1),NLD,FIN_PERSTUD,ISCED11_5,_T,INST_EDU,DIR_EXP,_Z,PT_B1GQ_POP,_Z,2022,19.7214866269567,A,0,0,,_Z
OECD.EDU.IMEP:DSD_EAG_UOE_FIN@DF_UOE_INDIC_FIN_PERSTUD(3.1),TUR,FIN_PERSTUD,ISCED11_5,_T,INST_EDU,DIR_EXP,_Z,PT_B1GQ_POP,_Z,2022,,K,0,0,,_Z
OECD.EDU.IMEP:DSD_EAG_UOE_FIN@DF_UOE_INDIC_FIN_PERSTUD(3.1),MEX,FIN_PERSTUD,ISCED11_5,_T,INST_EDU,DIR_EXP,_Z,PT_B1GQ_POP,_Z,2022,,K,0,0,,_Z
OECD.EDU.IMEP:DSD_EAG_UOE_FIN@DF_UOE_INDIC_FIN_PERSTUD(3.1),ROU,FIN_PERSTUD,ISCED11_5,_T,INST_EDU,DIR_EXP,_Z,PT_B1GQ_POP,_Z,2022,,M,0,0,,_Z
OECD.EDU.IMEP:DSD_EAG_UOE_FIN@DF_UOE_INDIC_FIN_PERSTUD(3.1),OECD,FIN_PERSTUD,ISCED11_5,_T,INST_EDU,DIR_EXP,_Z,PT_B1GQ_POP,_Z,2022,25.3037879042618,A,0,0,,_Z
OECD.EDU.IMEP:DSD_EAG_UOE_FIN@DF_UOE_INDIC_FIN_PERSTUD(3.1),ARG,FIN_PERSTUD,ISCED11_5,_T,INST_EDU,DIR_EXP,_Z,PT_B1GQ_POP,_Z,2022,,K,0,0,,_Z
OECD.EDU.IMEP:DSD_EAG_UOE_FIN@DF_UOE_INDIC_FIN_PERSTUD(3.1),PER,FIN_PERSTUD,ISCED11_5,_T,INST_EDU,DIR_EXP,_Z,PT_B1GQ_POP,_Z,2022,,K,0,0,,_Z
OECD.EDU.IMEP:DSD_EAG_UOE_FIN@DF_UOE_INDIC_FIN_PERSTUD(3.1),CHE,FIN_PERSTUD,ISCED11_5,_T,INST_EDU,DIR_EXP,_Z,PT_B1GQ_POP,_Z,2022,,O,0,0,,_Z
OECD.EDU.IMEP:DSD_EAG_UOE_FIN@DF_UOE_INDIC_FIN_PERSTUD(3.1),BEL,FIN_PERSTUD,ISCED11_5,_T,INST_EDU,DIR_EXP,V,USD_PPP_ST,_Z,2022,17696.3497537669,A,0,0,,N5
OECD.EDU.IMEP:DSD_EAG_UOE_FIN@DF_UOE_INDIC_FIN_PERSTUD(3.1),CAN,FIN_PERSTUD,ISCED11_5,_T,INST_EDU,DIR_EXP,V,USD_PPP_ST,_Z,2022,21340.0692704055,A,0,0,,N5
OECD.EDU.IMEP:DSD_EAG_UOE_FIN@DF_UOE_INDIC_FIN_PERSTUD(3.1),HUN,FIN_PERSTUD,ISCED11_5,_T,INST_EDU,DIR_EXP,V,USD_PPP_ST,_Z,2022,22610.2016062695,A,0,0,,N5
OECD.EDU.IMEP:DSD_EAG_UOE_FIN@DF_UOE_INDIC_FIN_PERSTUD(3.1),CZE,FIN_PERSTUD,ISCED11_5,_T,INST_EDU,DIR_EXP,V,USD_PPP_ST,_Z,2022,31143.9903952573,A,0,0,,N5
OECD.EDU.IMEP:DSD_EAG_UOE_FIN@DF_UOE_INDIC_FIN_PERSTUD(3.1),FRA,FIN_PERSTUD,ISCED11_5,_T,INST_EDU,DIR_EXP,V,USD_PPP_ST,_Z,2022,21637.0990143425,A,0,0,,N5
OECD.EDU.IMEP:DSD_EAG_UOE_FIN@DF_UOE_INDIC_FIN_PERSTUD(3.1),NZL,FIN_PERSTUD,ISCED11_5,_T,INST_EDU,DIR_EXP,V,USD_PPP_ST,_Z,2022,11889.530986892,A,0,0,,N5
OECD.EDU.IMEP:DSD_EAG_UOE_FIN@DF_UOE_INDIC_FIN_PERSTUD(3.1),NOR,FIN_PERSTUD,ISCED11_5,_T,INST_EDU,DIR_EXP,V,USD_PPP_ST,_Z,2022,22851.1434022526,A,0,0,,N5
OECD.EDU.IMEP:DSD_EAG_UOE_FIN@DF_UOE_INDIC_FIN_PERSTUD(3.1),ISR,FIN_PERSTUD,ISCED11_5,_T,INST_EDU,DIR_EXP,V,USD_PPP_ST,_Z,2022,6810.41929772212,A,0,0,,N5
OECD.EDU.IMEP:DSD_EAG_UOE_FIN@DF_UOE_INDIC_FIN_PERSTUD(3.1),FIN,FIN_PERSTUD,ISCED11_5,_T,INST_EDU,DIR_EXP,V,USD_PPP_ST,_Z,2022,,M,0,0,,N5
OECD.EDU.IMEP:DSD_EAG_UOE_FIN@DF_UOE_INDIC_FIN_PERSTUD(3.1),EST,FIN_PERSTUD,ISCED11_5,_T,INST_EDU,DIR_EXP,V,USD_PPP_ST,_Z,2022,,M,0,0,,N5
OECD.EDU.IMEP:DSD_EAG_UOE_FIN@DF_UOE_INDIC_FIN_PERSTUD(3.1),GRC,FIN_PERSTUD,ISCED11_5,_T,INST_EDU,DIR_EXP,V,USD_PPP_ST,_Z,2022,,M,0,0,,N5
OECD.EDU.IMEP:DSD_EAG_UOE_FIN@DF_UOE_INDIC_FIN_PERSTUD(3.1),CRI,FIN_PERSTUD,ISCED11_5,_T,INST_EDU,DIR_EXP,V,USD_PPP_ST,_Z,2022,,K,0,0,,N5
OECD.EDU.IMEP:DSD_EAG_UOE_FIN@DF_UOE_INDIC_FIN_PERSTUD(3.1),CHL,FIN_PERSTUD,ISCED11_5,_T,INST_EDU,DIR_EXP,V,USD_PPP_ST,_Z,2022,5683.24234717144,W,0,0,,N5
OECD.EDU.IMEP:DSD_EAG_UOE_FIN@DF_UOE_INDIC_FIN_PERSTUD(3.1),AUT,FIN_PERSTUD,ISCED11_5,_T,INST_EDU,DIR_EXP,V,USD_PPP_ST,_Z,2022,22100.4178443026,A,0,0,,N5
OECD.EDU.IMEP:DSD_EAG_UOE_FIN@DF_UOE_INDIC_FIN_PERSTUD(3.1),DEU,FIN_PERSTUD,ISCED11_5,_T,INST_EDU,DIR_EXP,V,USD_PPP_ST,_Z,2022,9115.38997701637,A,0,0,,N5
OECD.EDU.IMEP:DSD_EAG_UOE_FIN@DF_UOE_INDIC_FIN_PERSTUD(3.1),DNK,FIN_PERSTUD,ISCED11_5,_T,INST_EDU,DIR_EXP,V,USD_PPP_ST,_Z,2022,14903.8820466441,A,0,0,,N5
OECD.EDU.IMEP:DSD_EAG_UOE_FIN@DF_UOE_INDIC_FIN_PERSTUD(3.1),LTU,FIN_PERSTUD,ISCED11_5,_T,INST_EDU,DIR_EXP,V,USD_PPP_ST,_Z,2022,,M,0,0,,N5
OECD.EDU.IMEP:DSD_EAG_UOE_FIN@DF_UOE_INDIC_FIN_PERSTUD(3.1),BRA,FIN_PERSTUD,ISCED11_5,_T,INST_EDU,DIR_EXP,V,USD_PPP_ST,_Z,2022,,K,0,0,,N5
OECD.EDU.IMEP:DSD_EAG_UOE_FIN@DF_UOE_INDIC_FIN_PERSTUD(3.1),HUN,FIN_PERSTUD,ISCED11_5,_T,INST_EDU,DIR_EXP,_Z,PT_B1GQ_POP,_Z,2022,51.3599251740832,A,0,0,,_Z
OECD.EDU.IMEP:DSD_EAG_UOE_FIN@DF_UOE_INDIC_FIN_PERSTUD(3.1),DNK,FIN_PERSTUD,ISCED11_5,_T,INST_EDU,DIR_EXP,_Z,PT_B1GQ_POP,_Z,2022,19.2664993703404,A,0,0,,_Z
OECD.EDU.IMEP:DSD_EAG_UOE_FIN@DF_UOE_INDIC_FIN_PERSTUD(3.1),AUT,FIN_PERSTUD,ISCED11_5,_T,INST_EDU,DIR_EXP,_Z,PT_B1GQ_POP,_Z,2022,31.2820721514567,A,0,0,,_Z
OECD.EDU.IMEP:DSD_EAG_UOE_FIN@DF_UOE_INDIC_FIN_PERSTUD(3.1),CZE,FIN_PERSTUD,ISCED11_5,_T,INST_EDU,DIR_EXP,_Z,PT_B1GQ_POP,_Z,2022,60.7216501302654,A,0,0,,_Z
OECD.EDU.IMEP:DSD_EAG_UOE_FIN@DF_UOE_INDIC_FIN_PERSTUD(3.1),FRA,FIN_PERSTUD,ISCED11_5,_T,INST_EDU,DIR_EXP,_Z,PT_B1GQ_POP,_Z,2022,38.5205399683257,A,0,0,,_Z
OECD.EDU.IMEP:DSD_EAG_UOE_FIN@DF_UOE_INDIC_FIN_PERSTUD(3.1),EU25,FIN_PERSTUD,ISCED11_5,_T,INST_EDU,DIR_EXP,_Z,PT_B1GQ_POP,_Z,2022,24.6674603050067,A,0,0,,_Z
OECD.EDU.IMEP:DSD_EAG_UOE_FIN@DF_UOE_INDIC_FIN_PERSTUD(3.1),ISR,FIN_PERSTUD,ISCED11_5,_T,INST_EDU,DIR_EXP,_Z,PT_B1GQ_POP,_Z,2022,12.7057345797895,A,0,0,,_Z
OECD.EDU.IMEP:DSD_EAG_UOE_FIN@DF_UOE_INDIC_FIN_PERSTUD(3.1),NOR,FIN_PERSTUD,ISCED11_5,_T,INST_EDU,DIR_EXP,_Z,PT_B1GQ_POP,_Z,2022,29.7896119461116,A,0,0,,_Z
OECD.EDU.IMEP:DSD_EAG_UOE_FIN@DF_UOE_INDIC_FIN_PERSTUD(3.1),NZL,FIN_PERSTUD,ISCED11_5,_T,INST_EDU,DIR_EXP,_Z,PT_B1GQ_POP,_Z,2022,22.7711891300318,A,0,0,,_Z
OECD.EDU.IMEP:DSD_EAG_UOE_FIN@DF_UOE_INDIC_FIN_PERSTUD(3.1),CRI,FIN_PERSTUD,ISCED11_5,_T,INST_EDU,DIR_EXP,_Z,PT_B1GQ_POP,_Z,2022,,K,0,0,,_Z
OECD.EDU.IMEP:DSD_EAG_UOE_FIN@DF_UOE_INDIC_FIN_PERSTUD(3.1),FIN,FIN_PERSTUD,ISCED11_5,_T,INST_EDU,DIR_EXP,_Z,PT_B1GQ_POP,_Z,2022,,M,0,0,,_Z
OECD.EDU.IMEP:DSD_EAG_UOE_FIN@DF_UOE_INDIC_FIN_PERSTUD(3.1),EST,FIN_PERSTUD,ISCED11_5,_T,INST_EDU,DIR_EXP,_Z,PT_B1GQ_POP,_Z,2022,,M,0,0,,_Z
OECD.EDU.IMEP:DSD_EAG_UOE_FIN@DF_UOE_INDIC_FIN_PERSTUD(3.1),GRC,FIN_PERSTUD,ISCED11_5,_T,INST_EDU,DIR_EXP,_Z,PT_B1GQ_POP,_Z,2022,,M,0,0,,_Z
OECD.EDU.IMEP:DSD_EAG_UOE_FIN@DF_UOE_INDIC_FIN_PERSTUD(3.1),AUS,FIN_PERSTUD,ISCED11_5,_T,INST_EDU,DIR_EXP,_Z,PT_B1GQ_POP,_Z,2022,17.7521685607224,B,0,0,,_Z
OECD.EDU.IMEP:DSD_EAG_UOE_FIN@DF_UOE_INDIC_FIN_PERSTUD(3.1),CHL,FIN_PERSTUD,ISCED11_5,_T,INST_EDU,DIR_EXP,_Z,PT_B1GQ_POP,_Z,2022,18.6446569177143,W,0,0,,_Z
OECD.EDU.IMEP:DSD_EAG_UOE_FIN@DF_UOE_INDIC_FIN_PERSTUD(3.1),SWE,FIN_PERSTUD,ISCED11_5T8,_T,INST_EDU,DIR_EXP,_Z,PT_B1GQ_POP,_Z,2022,43.5901230532619,A,0,0,,_Z
OECD.EDU.IMEP:DSD_EAG_UOE_FIN@DF_UOE_INDIC_FIN_PERSTUD(3.1),ISL,FIN_PERSTUD,ISCED11_5T8,_T,INST_EDU,DIR_EXP,_Z,PT_B1GQ_POP,_Z,2022,26.6302051927033,A,0,0,,_Z
OECD.EDU.IMEP:DSD_EAG_UOE_FIN@DF_UOE_INDIC_FIN_PERSTUD(3.1),ESP,FIN_PERSTUD,ISCED11_5T8,_T,INST_EDU,DIR_EXP,_Z,PT_B1GQ_POP,_Z,2022,33.9275488695325,A,0,0,,_Z
OECD.EDU.IMEP:DSD_EAG_UOE_FIN@DF_UOE_INDIC_FIN_PERSTUD(3.1),SVK,FIN_PERSTUD,ISCED11_5T8,_T,INST_EDU,DIR_EXP,_Z,PT_B1GQ_POP,_Z,2022,46.865987809017,A,0,0,,_Z
OECD.EDU.IMEP:DSD_EAG_UOE_FIN@DF_UOE_INDIC_FIN_PERSTUD(3.1),PER,FIN_PERSTUD,ISCED11_5T8,_T,INST_EDU,DIR_EXP,V,USD_PPP_ST,_Z,2022,3640.53651732033,A,0,0,,N5
OECD.EDU.IMEP:DSD_EAG_UOE_FIN@DF_UOE_INDIC_FIN_PERSTUD(3.1),KOR,FIN_PERSTUD,ISCED11_5T8,_T,INST_EDU,DIR_EXP,V,USD_PPP_ST,_Z,2022,14695.0038598046,A,0,0,,N5
OECD.EDU.IMEP:DSD_EAG_UOE_FIN@DF_UOE_INDIC_FIN_PERSTUD(3.1),NLD,FIN_PERSTUD,ISCED11_5T8,_T,INST_EDU,DIR_EXP,V,USD_PPP_ST,_Z,2022,24873.9840617959,A,0,0,,N5
OECD.EDU.IMEP:DSD_EAG_UOE_FIN@DF_UOE_INDIC_FIN_PERSTUD(3.1),MEX,FIN_PERSTUD,ISCED11_5T8,_T,INST_EDU,DIR_EXP,V,USD_PPP_ST,_Z,2022,7518.71157131265,A,0,0,,N5
OECD.EDU.IMEP:DSD_EAG_UOE_FIN@DF_UOE_INDIC_FIN_PERSTUD(3.1),TUR,FIN_PERSTUD,ISCED11_5T8,_T,INST_EDU,DIR_EXP,V,USD_PPP_ST,_Z,2022,10825.4904605929,A,0,0,,N5
OECD.EDU.IMEP:DSD_EAG_UOE_FIN@DF_UOE_INDIC_FIN_PERSTUD(3.1),ROU,FIN_PERSTUD,ISCED11_5T8,_T,INST_EDU,DIR_EXP,V,USD_PPP_ST,_Z,2022,11466.0906950192,A,0,0,,N5
OECD.EDU.IMEP:DSD_EAG_UOE_FIN@DF_UOE_INDIC_FIN_PERSTUD(3.1),ARG,FIN_PERSTUD,ISCED11_5T8,_T,INST_EDU,DIR_EXP,V,USD_PPP_ST,_Z,2022,,O,0,0,,N5
OECD.EDU.IMEP:DSD_EAG_UOE_FIN@DF_UOE_INDIC_FIN_PERSTUD(3.1),CHE,FIN_PERSTUD,ISCED11_5T8,_T,INST_EDU,DIR_EXP,V,USD_PPP_ST,_Z,2022,,O,0,0,,N5
OECD.EDU.IMEP:DSD_EAG_UOE_FIN@DF_UOE_INDIC_FIN_PERSTUD(3.1),SVN,FIN_PERSTUD,ISCED11_5T8,_T,INST_EDU,DIR_EXP,V,USD_PPP_ST,_Z,2022,21126.7027845588,A,0,0,,N5
OECD.EDU.IMEP:DSD_EAG_UOE_FIN@DF_UOE_INDIC_FIN_PERSTUD(3.1),SWE,FIN_PERSTUD,ISCED11_5T8,_T,INST_EDU,DIR_EXP,V,USD_PPP_ST,_Z,2022,28822.6249928657,A,0,0,,N5
OECD.EDU.IMEP:DSD_EAG_UOE_FIN@DF_UOE_INDIC_FIN_PERSTUD(3.1),ISL,FIN_PERSTUD,ISCED11_5T8,_T,INST_EDU,DIR_EXP,V,USD_PPP_ST,_Z,2022,20234.2996571707,A,0,0,,N5
OECD.EDU.IMEP:DSD_EAG_UOE_FIN@DF_UOE_INDIC_FIN_PERSTUD(3.1),ESP,FIN_PERSTUD,ISCED11_5T8,_T,INST_EDU,DIR_EXP,V,USD_PPP_ST,_Z,2022,17124.2896285731,A,0,0,,N5
OECD.EDU.IMEP:DSD_EAG_UOE_FIN@DF_UOE_INDIC_FIN_PERSTUD(3.1),SVK,FIN_PERSTUD,ISCED11_5T8,_T,INST_EDU,DIR_EXP,V,USD_PPP_ST,_Z,2022,19177.6736563409,A,0,0,,N5
OECD.EDU.IMEP:DSD_EAG_UOE_FIN@DF_UOE_INDIC_FIN_PERSTUD(3.1),LUX,FIN_PERSTUD,ISCED11_5T8,_T,INST_EDU,DIR_EXP,V,USD_PPP_ST,_Z,2022,60979.1149548792,A,0,0,,N5
OECD.EDU.IMEP:DSD_EAG_UOE_FIN@DF_UOE_INDIC_FIN_PERSTUD(3.1),EU25,FIN_PERSTUD,ISCED11_5T8,_T,INST_EDU,DIR_EXP,V,USD_PPP_ST,_Z,2022,20573.7807980425,A,0,0,,N5
OECD.EDU.IMEP:DSD_EAG_UOE_FIN@DF_UOE_INDIC_FIN_PERSTUD(3.1),AUS,FIN_PERSTUD,ISCED11_5T8,_T,INST_EDU,DIR_EXP,V,USD_PPP_ST,_Z,2022,25161.6826039076,B,0,0,,N5
OECD.EDU.IMEP:DSD_EAG_UOE_FIN@DF_UOE_INDIC_FIN_PERSTUD(3.1),LVA,FIN_PERSTUD,ISCED11_5T8,_T,INST_EDU,DIR_EXP,V,USD_PPP_ST,_Z,2022,12416.4194360731,A,0,0,,N5
OECD.EDU.IMEP:DSD_EAG_UOE_FIN@DF_UOE_INDIC_FIN_PERSTUD(3.1),BGR,FIN_PERSTUD,ISCED11_5T8,_T,INST_EDU,DIR_EXP,V,USD_PPP_ST,_Z,2022,12680.3286839559,A,0,0,,N5
OECD.EDU.IMEP:DSD_EAG_UOE_FIN@DF_UOE_INDIC_FIN_PERSTUD(3.1),JPN,FIN_PERSTUD,ISCED11_5T8,_T,INST_EDU,DIR_EXP,V,USD_PPP_ST,_Z,2022,21836.2821658469,W,0,0,,N5
OECD.EDU.IMEP:DSD_EAG_UOE_FIN@DF_UOE_INDIC_FIN_PERSTUD(3.1),CHN,FIN_PERSTUD,ISCED11_5T8,_T,INST_EDU,DIR_EXP,V,USD_PPP_ST,_Z,2022,7157.27960210325,A,0,0,,N5
OECD.EDU.IMEP:DSD_EAG_UOE_FIN@DF_UOE_INDIC_FIN_PERSTUD(3.1),ZAF,FIN_PERSTUD,ISCED11_5T8,_T,INST_EDU,DIR_EXP,V,USD_PPP_ST,_Z,2022,15725.5113782005,A,0,0,,N5
OECD.EDU.IMEP:DSD_EAG_UOE_FIN@DF_UOE_INDIC_FIN_PERSTUD(3.1),POL,FIN_PERSTUD,ISCED11_5T8,_T,INST_EDU,DIR_EXP,V,USD_PPP_ST,_Z,2022,15897.3417785179,A,0,0,,N5
OECD.EDU.IMEP:DSD_EAG_UOE_FIN@DF_UOE_INDIC_FIN_PERSTUD(3.1),HRV,FIN_PERSTUD,ISCED11_5T8,_T,INST_EDU,DIR_EXP,V,USD_PPP_ST,_Z,2022,11428.9280990131,A,0,0,,N5
OECD.EDU.IMEP:DSD_EAG_UOE_FIN@DF_UOE_INDIC_FIN_PERSTUD(3.1),ITA,FIN_PERSTUD,ISCED11_5T8,_T,INST_EDU,DIR_EXP,V,USD_PPP_ST,_Z,2022,14712.7106278492,A,0,0,,N5
OECD.EDU.IMEP:DSD_EAG_UOE_FIN@DF_UOE_INDIC_FIN_PERSTUD(3.1),PRT,FIN_PERSTUD,ISCED11_5T8,_T,INST_EDU,DIR_EXP,V,USD_PPP_ST,_Z,2022,14155.1674017295,A,0,0,,N5
OECD.EDU.IMEP:DSD_EAG_UOE_FIN@DF_UOE_INDIC_FIN_PERSTUD(3.1),GBR,FIN_PERSTUD,ISCED11_5T8,_T,INST_EDU,DIR_EXP,V,USD_PPP_ST,_Z,2022,35349.886507208,A,0,0,,N5
OECD.EDU.IMEP:DSD_EAG_UOE_FIN@DF_UOE_INDIC_FIN_PERSTUD(3.1),OECD,FIN_PERSTUD,ISCED11_5T8,_T,INST_EDU,DIR_EXP,V,USD_PPP_ST,_Z,2022,21020.5887405787,A,0,0,,N5
OECD.EDU.IMEP:DSD_EAG_UOE_FIN@DF_UOE_INDIC_FIN_PERSTUD(3.1),LUX,FIN_PERSTUD,ISCED11_5T8,_T,INST_EDU,DIR_EXP,_Z,PT_B1GQ_POP,_Z,2022,42.231627534897,A,0,0,,_Z
OECD.EDU.IMEP:DSD_EAG_UOE_FIN@DF_UOE_INDIC_FIN_PERSTUD(3.1),EU25,FIN_PERSTUD,ISCED11_5T8,_T,INST_EDU,DIR_EXP,_Z,PT_B1GQ_POP,_Z,2022,34.2596360544304,A,0,0,,_Z
OECD.EDU.IMEP:DSD_EAG_UOE_FIN@DF_UOE_INDIC_FIN_PERSTUD(3.1),LVA,FIN_PERSTUD,ISCED11_5T8,_T,INST_EDU,DIR_EXP,_Z,PT_B1GQ_POP,_Z,2022,31.1845816041714,A,0,0,,_Z
OECD.EDU.IMEP:DSD_EAG_UOE_FIN@DF_UOE_INDIC_FIN_PERSTUD(3.1),BGR,FIN_PERSTUD,ISCED11_5T8,_T,INST_EDU,DIR_EXP,_Z,PT_B1GQ_POP,_Z,2022,35.4033186514782,A,0,0,,_Z
OECD.EDU.IMEP:DSD_EAG_UOE_FIN@DF_UOE_INDIC_FIN_PERSTUD(3.1),JPN,FIN_PERSTUD,ISCED11_5T8,_T,INST_EDU,DIR_EXP,_Z,PT_B1GQ_POP,_Z,2022,45.3710506739508,W,0,0,,_Z
OECD.EDU.IMEP:DSD_EAG_UOE_FIN@DF_UOE_INDIC_FIN_PERSTUD(3.1),CHN,FIN_PERSTUD,ISCED11_5T8,_T,INST_EDU,DIR_EXP,_Z,PT_B1GQ_POP,_Z,2022,31.032072004638,A,0,0,,_Z
OECD.EDU.IMEP:DSD_EAG_UOE_FIN@DF_UOE_INDIC_FIN_PERSTUD(3.1),ZAF,FIN_PERSTUD,ISCED11_5T8,_T,INST_EDU,DIR_EXP,_Z,PT_B1GQ_POP,_Z,2022,101.658464585068,A,0,0,,_Z
OECD.EDU.IMEP:DSD_EAG_UOE_FIN@DF_UOE_INDIC_FIN_PERSTUD(3.1),POL,FIN_PERSTUD,ISCED11_5T8,_T,INST_EDU,DIR_EXP,_Z,PT_B1GQ_POP,_Z,2022,35.3985210896749,A,0,0,,_Z
OECD.EDU.IMEP:DSD_EAG_UOE_FIN@DF_UOE_INDIC_FIN_PERSTUD(3.1),HRV,FIN_PERSTUD,ISCED11_5T8,_T,INST_EDU,DIR_EXP,_Z,PT_B1GQ_POP,_Z,2022,27.6783691688334,A,0,0,,_Z
OECD.EDU.IMEP:DSD_EAG_UOE_FIN@DF_UOE_INDIC_FIN_PERSTUD(3.1),ITA,FIN_PERSTUD,ISCED11_5T8,_T,INST_EDU,DIR_EXP,_Z,PT_B1GQ_POP,_Z,2022,26.1571464223108,A,0,0,,_Z
OECD.EDU.IMEP:DSD_EAG_UOE_FIN@DF_UOE_INDIC_FIN_PERSTUD(3.1),PRT,FIN_PERSTUD,ISCED11_5T8,_T,INST_EDU,DIR_EXP,_Z,PT_B1GQ_POP,_Z,2022,31.873623801232,A,0,0,,_Z
OECD.EDU.IMEP:DSD_EAG_UOE_FIN@DF_UOE_INDIC_FIN_PERSTUD(3.1),GBR,FIN_PERSTUD,ISCED11_5T8,_T,INST_EDU,DIR_EXP,_Z,PT_B1GQ_POP,_Z,2022,59.2618295896833,A,0,0,,_Z
OECD.EDU.IMEP:DSD_EAG_UOE_FIN@DF_UOE_INDIC_FIN_PERSTUD(3.1),PER,FIN_PERSTUD,ISCED11_5T8,_T,INST_EDU,DIR_EXP,_Z,PT_B1GQ_POP,_Z,2022,21.8040428177906,A,0,0,,_Z
OECD.EDU.IMEP:DSD_EAG_UOE_FIN@DF_UOE_INDIC_FIN_PERSTUD(3.1),KOR,FIN_PERSTUD,ISCED11_5T8,_T,INST_EDU,DIR_EXP,_Z,PT_B1GQ_POP,_Z,2022,26.6840430281642,A,0,0,,_Z
OECD.EDU.IMEP:DSD_EAG_UOE_FIN@DF_UOE_INDIC_FIN_PERSTUD(3.1),NLD,FIN_PERSTUD,ISCED11_5T8,_T,INST_EDU,DIR_EXP,_Z,PT_B1GQ_POP,_Z,2022,32.2401716286431,A,0,0,,_Z
OECD.EDU.IMEP:DSD_EAG_UOE_FIN@DF_UOE_INDIC_FIN_PERSTUD(3.1),MEX,FIN_PERSTUD,ISCED11_5T8,_T,INST_EDU,DIR_EXP,_Z,PT_B1GQ_POP,_Z,2022,32.1513415034498,A,0,0,,_Z
OECD.EDU.IMEP:DSD_EAG_UOE_FIN@DF_UOE_INDIC_FIN_PERSTUD(3.1),TUR,FIN_PERSTUD,ISCED11_5T8,_T,INST_EDU,DIR_EXP,_Z,PT_B1GQ_POP,_Z,2022,27.6859362459202,A,0,0,,_Z
OECD.EDU.IMEP:DSD_EAG_UOE_FIN@DF_UOE_INDIC_FIN_PERSTUD(3.1),ROU,FIN_PERSTUD,ISCED11_5T8,_T,INST_EDU,DIR_EXP,_Z,PT_B1GQ_POP,_Z,2022,25.8874279538794,A,0,0,,_Z
OECD.EDU.IMEP:DSD_EAG_UOE_FIN@DF_UOE_INDIC_FIN_PERSTUD(3.1),OECD,FIN_PERSTUD,ISCED11_5T8,_T,INST_EDU,DIR_EXP,_Z,PT_B1GQ_POP,_Z,2022,36.5336192836048,A,0,0,,_Z
OECD.EDU.IMEP:DSD_EAG_UOE_FIN@DF_UOE_INDIC_FIN_PERSTUD(3.1),CHE,FIN_PERSTUD,ISCED11_5T8,_T,INST_EDU,DIR_EXP,_Z,PT_B1GQ_POP,_Z,2022,,O,0,0,,_Z
OECD.EDU.IMEP:DSD_EAG_UOE_FIN@DF_UOE_INDIC_FIN_PERSTUD(3.1),ARG,FIN_PERSTUD,ISCED11_5T8,_T,INST_EDU,DIR_EXP,_Z,PT_B1GQ_POP,_Z,2022,,O,0,0,,_Z
OECD.EDU.IMEP:DSD_EAG_UOE_FIN@DF_UOE_INDIC_FIN_PERSTUD(3.1),GRC,FIN_PERSTUD,ISCED11_5T8,_T,INST_EDU,DIR_EXP,V,USD_PPP_ST,_Z,2022,5620.37801863849,A,0,0,,N5
OECD.EDU.IMEP:DSD_EAG_UOE_FIN@DF_UOE_INDIC_FIN_PERSTUD(3.1),BEL,FIN_PERSTUD,ISCED11_5T8,_T,INST_EDU,DIR_EXP,V,USD_PPP_ST,_Z,2022,25988.8576660262,A,0,0,,N5
OECD.EDU.IMEP:DSD_EAG_UOE_FIN@DF_UOE_INDIC_FIN_PERSTUD(3.1),CAN,FIN_PERSTUD,ISCED11_5T8,_T,INST_EDU,DIR_EXP,V,USD_PPP_ST,_Z,2022,27582.1012359378,A,0,0,,N5
OECD.EDU.IMEP:DSD_EAG_UOE_FIN@DF_UOE_INDIC_FIN_PERSTUD(3.1),CRI,FIN_PERSTUD,ISCED11_5T8,_T,INST_EDU,DIR_EXP,V,USD_PPP_ST,_Z,2022,18405.2205607334,A,0,0,,N5
OECD.EDU.IMEP:DSD_EAG_UOE_FIN@DF_UOE_INDIC_FIN_PERSTUD(3.1),HUN,FIN_PERSTUD,ISCED11_5T8,_T,INST_EDU,DIR_EXP,V,USD_PPP_ST,_Z,2022,20476.0167403528,A,0,0,,N5
OECD.EDU.IMEP:DSD_EAG_UOE_FIN@DF_UOE_INDIC_FIN_PERSTUD(3.1),EST,FIN_PERSTUD,ISCED11_5T8,_T,INST_EDU,DIR_EXP,V,USD_PPP_ST,_Z,2022,19011.0706040272,A,0,0,,N5
OECD.EDU.IMEP:DSD_EAG_UOE_FIN@DF_UOE_INDIC_FIN_PERSTUD(3.1),CZE,FIN_PERSTUD,ISCED11_5T8,_T,INST_EDU,DIR_EXP,V,USD_PPP_ST,_Z,2022,17221.487738939,A,0,0,,N5
OECD.EDU.IMEP:DSD_EAG_UOE_FIN@DF_UOE_INDIC_FIN_PERSTUD(3.1),FRA,FIN_PERSTUD,ISCED11_5T8,_T,INST_EDU,DIR_EXP,V,USD_PPP_ST,_Z,2022,21378.7938182487,A,0,0,,N5
OECD.EDU.IMEP:DSD_EAG_UOE_FIN@DF_UOE_INDIC_FIN_PERSTUD(3.1),G20,FIN_PERSTUD,ISCED11_5T8,_T,INST_EDU,DIR_EXP,V,USD_PPP_ST,_Z,2022,17613.663413376,A,0,0,,N5
OECD.EDU.IMEP:DSD_EAG_UOE_FIN@DF_UOE_INDIC_FIN_PERSTUD(3.1),NZL,FIN_PERSTUD,ISCED11_5T8,_T,INST_EDU,DIR_EXP,V,USD_PPP_ST,_Z,2022,18729.4744107196,A,0,0,,N5
OECD.EDU.IMEP:DSD_EAG_UOE_FIN@DF_UOE_INDIC_FIN_PERSTUD(3.1),IRL,FIN_PERSTUD,ISCED11_5T8,_T,INST_EDU,DIR_EXP,V,USD_PPP_ST,_Z,2022,24240.9834508415,A,0,0,,N5
OECD.EDU.IMEP:DSD_EAG_UOE_FIN@DF_UOE_INDIC_FIN_PERSTUD(3.1),NOR,FIN_PERSTUD,ISCED11_5T8,_T,INST_EDU,DIR_EXP,V,USD_PPP_ST,_Z,2022,29916.6247195129,A,0,0,,N5
OECD.EDU.IMEP:DSD_EAG_UOE_FIN@DF_UOE_INDIC_FIN_PERSTUD(3.1),ISR,FIN_PERSTUD,ISCED11_5T8,_T,INST_EDU,DIR_EXP,V,USD_PPP_ST,_Z,2022,15057.459417257,A,0,0,,N5
OECD.EDU.IMEP:DSD_EAG_UOE_FIN@DF_UOE_INDIC_FIN_PERSTUD(3.1),CHL,FIN_PERSTUD,ISCED11_5T8,_T,INST_EDU,DIR_EXP,V,USD_PPP_ST,_Z,2022,11639.1962771786,W,0,0,,N5
OECD.EDU.IMEP:DSD_EAG_UOE_FIN@DF_UOE_INDIC_FIN_PERSTUD(3.1),AUT,FIN_PERSTUD,ISCED11_5T8,_T,INST_EDU,DIR_EXP,V,USD_PPP_ST,_Z,2022,26189.9730957808,A,0,0,,N5
OECD.EDU.IMEP:DSD_EAG_UOE_FIN@DF_UOE_INDIC_FIN_PERSTUD(3.1),DEU,FIN_PERSTUD,ISCED11_5T8,_T,INST_EDU,DIR_EXP,V,USD_PPP_ST,_Z,2022,23269.2530891538,A,0,0,,N5
OECD.EDU.IMEP:DSD_EAG_UOE_FIN@DF_UOE_INDIC_FIN_PERSTUD(3.1),DNK,FIN_PERSTUD,ISCED11_5T8,_T,INST_EDU,DIR_EXP,V,USD_PPP_ST,_Z,2022,29680.2189795982,A,0,0,,N5
OECD.EDU.IMEP:DSD_EAG_UOE_FIN@DF_UOE_INDIC_FIN_PERSTUD(3.1),FIN,FIN_PERSTUD,ISCED11_5T8,_T,INST_EDU,DIR_EXP,V,USD_PPP_ST,_Z,2022,20456.2183313211,A,0,0,,N5
OECD.EDU.IMEP:DSD_EAG_UOE_FIN@DF_UOE_INDIC_FIN_PERSTUD(3.1),BRA,FIN_PERSTUD,ISCED11_5T8,_T,INST_EDU,DIR_EXP,V,USD_PPP_ST,_Z,2022,,O,0,0,,N5
OECD.EDU.IMEP:DSD_EAG_UOE_FIN@DF_UOE_INDIC_FIN_PERSTUD(3.1),LTU,FIN_PERSTUD,ISCED11_5T8,_T,INST_EDU,DIR_EXP,V,USD_PPP_ST,_Z,2022,15949.8916169621,A,0,0,,N5
OECD.EDU.IMEP:DSD_EAG_UOE_FIN@DF_UOE_INDIC_FIN_PERSTUD(3.1),GRC,FIN_PERSTUD,ISCED11_5T8,_T,INST_EDU,DIR_EXP,_Z,PT_B1GQ_POP,_Z,2022,14.6193268045451,A,0,0,,_Z
OECD.EDU.IMEP:DSD_EAG_UOE_FIN@DF_UOE_INDIC_FIN_PERSTUD(3.1),FIN,FIN_PERSTUD,ISCED11_5T8,_T,INST_EDU,DIR_EXP,_Z,PT_B1GQ_POP,_Z,2022,33.3497791291135,A,0,0,,_Z
OECD.EDU.IMEP:DSD_EAG_UOE_FIN@DF_UOE_INDIC_FIN_PERSTUD(3.1),HUN,FIN_PERSTUD,ISCED11_5T8,_T,INST_EDU,DIR_EXP,_Z,PT_B1GQ_POP,_Z,2022,46.5120438092948,A,0,0,,_Z
OECD.EDU.IMEP:DSD_EAG_UOE_FIN@DF_UOE_INDIC_FIN_PERSTUD(3.1),DNK,FIN_PERSTUD,ISCED11_5T8,_T,INST_EDU,DIR_EXP,_Z,PT_B1GQ_POP,_Z,2022,38.3681190237781,A,0,0,,_Z
OECD.EDU.IMEP:DSD_EAG_UOE_FIN@DF_UOE_INDIC_FIN_PERSTUD(3.1),AUT,FIN_PERSTUD,ISCED11_5T8,_T,INST_EDU,DIR_EXP,_Z,PT_B1GQ_POP,_Z,2022,37.0706397407833,A,0,0,,_Z
OECD.EDU.IMEP:DSD_EAG_UOE_FIN@DF_UOE_INDIC_FIN_PERSTUD(3.1),EST,FIN_PERSTUD,ISCED11_5T8,_T,INST_EDU,DIR_EXP,_Z,PT_B1GQ_POP,_Z,2022,39.2679030832269,A,0,0,,_Z
OECD.EDU.IMEP:DSD_EAG_UOE_FIN@DF_UOE_INDIC_FIN_PERSTUD(3.1),CZE,FIN_PERSTUD,ISCED11_5T8,_T,INST_EDU,DIR_EXP,_Z,PT_B1GQ_POP,_Z,2022,33.576851904172,A,0,0,,_Z
OECD.EDU.IMEP:DSD_EAG_UOE_FIN@DF_UOE_INDIC_FIN_PERSTUD(3.1),FRA,FIN_PERSTUD,ISCED11_5T8,_T,INST_EDU,DIR_EXP,_Z,PT_B1GQ_POP,_Z,2022,38.0606790773827,A,0,0,,_Z
OECD.EDU.IMEP:DSD_EAG_UOE_FIN@DF_UOE_INDIC_FIN_PERSTUD(3.1),AUS,FIN_PERSTUD,ISCED11_5T8,_T,INST_EDU,DIR_EXP,_Z,PT_B1GQ_POP,_Z,2022,36.3481909521322,B,0,0,,_Z
OECD.EDU.IMEP:DSD_EAG_UOE_FIN@DF_UOE_INDIC_FIN_PERSTUD(3.1),G20,FIN_PERSTUD,ISCED11_5T8,_T,INST_EDU,DIR_EXP,_Z,PT_B1GQ_POP,_Z,2022,40.0691641871393,A,0,0,,_Z
OECD.EDU.IMEP:DSD_EAG_UOE_FIN@DF_UOE_INDIC_FIN_PERSTUD(3.1),ISR,FIN_PERSTUD,ISCED11_5T8,_T,INST_EDU,DIR_EXP,_Z,PT_B1GQ_POP,_Z,2022,28.0916746000659,A,0,0,,_Z
OECD.EDU.IMEP:DSD_EAG_UOE_FIN@DF_UOE_INDIC_FIN_PERSTUD(3.1),NOR,FIN_PERSTUD,ISCED11_5T8,_T,INST_EDU,DIR_EXP,_Z,PT_B1GQ_POP,_Z,2022,39.00043973484,A,0,0,,_Z
OECD.EDU.IMEP:DSD_EAG_UOE_FIN@DF_UOE_INDIC_FIN_PERSTUD(3.1),IRL,FIN_PERSTUD,ISCED11_5T8,_T,INST_EDU,DIR_EXP,_Z,PT_B1GQ_POP,_Z,2022,17.7658500699608,A,0,0,,_Z
OECD.EDU.IMEP:DSD_EAG_UOE_FIN@DF_UOE_INDIC_FIN_PERSTUD(3.1),NZL,FIN_PERSTUD,ISCED11_5T8,_T,INST_EDU,DIR_EXP,_Z,PT_B1GQ_POP,_Z,2022,35.8712555257889,A,0,0,,_Z
OECD.EDU.IMEP:DSD_EAG_UOE_FIN@DF_UOE_INDIC_FIN_PERSTUD(3.1),CHL,FIN_PERSTUD,ISCED11_5T8,_T,INST_EDU,DIR_EXP,_Z,PT_B1GQ_POP,_Z,2022,38.183981630475,W,0,0,,_Z
OECD.EDU.IMEP:DSD_EAG_UOE_FIN@DF_UOE_INDIC_FIN_PERSTUD(3.1),CRI,FIN_PERSTUD,ISCED11_5T8,_T,INST_EDU,DIR_EXP,_Z,PT_B1GQ_POP,_Z,2022,72.8050533422055,A,0,0,,_Z
OECD.EDU.IMEP:DSD_EAG_UOE_FIN@DF_UOE_INDIC_FIN_PERSTUD(3.1),CAN,FIN_PERSTUD,ISCED11_5T8,_T,INST_EDU,DIR_EXP,_Z,PT_B1GQ_POP,_Z,2022,43.0698873202202,A,0,0,,_Z
OECD.EDU.IMEP:DSD_EAG_UOE_FIN@DF_UOE_INDIC_FIN_PERSTUD(3.1),BEL,FIN_PERSTUD,ISCED11_5T8,_T,INST_EDU,DIR_EXP,_Z,PT_B1GQ_POP,_Z,2022,38.1410108688073,A,0,0,,_Z
OECD.EDU.IMEP:DSD_EAG_UOE_FIN@DF_UOE_INDIC_FIN_PERSTUD(3.1),DEU,FIN_PERSTUD,ISCED11_5T8,_T,INST_EDU,DIR_EXP,_Z,PT_B1GQ_POP,_Z,2022,34.4271524935022,A,0,0,,_Z
OECD.EDU.IMEP:DSD_EAG_UOE_FIN@DF_UOE_INDIC_FIN_PERSTUD(3.1),BRA,FIN_PERSTUD,ISCED11_5T8,_T,INST_EDU,DIR_EXP,_Z,PT_B1GQ_POP,_Z,2022,,O,0,0,,_Z
OECD.EDU.IMEP:DSD_EAG_UOE_FIN@DF_UOE_INDIC_FIN_PERSTUD(3.1),LTU,FIN_PERSTUD,ISCED11_5T8,_T,INST_EDU,DIR_EXP,_Z,PT_B1GQ_POP,_Z,2022,31.5849443632433,A,0,0,,_Z
OECD.EDU.IMEP:DSD_EAG_UOE_FIN@DF_UOE_INDIC_FIN_PERSTUD(3.1),ISL,FIN_PERSTUD,ISCED11_1T8,_T,INST_EDU,DIR_EXP,_Z,PT_B1GQ_POP,_Z,2022,24.6202644864043,W,0,0,,_Z
OECD.EDU.IMEP:DSD_EAG_UOE_FIN@DF_UOE_INDIC_FIN_PERSTUD(3.1),LTU,FIN_PERSTUD,ISCED11_1T8,_T,INST_EDU,DIR_EXP,_Z,PT_B1GQ_POP,_Z,2022,22.4024825816726,A,0,0,,_Z
OECD.EDU.IMEP:DSD_EAG_UOE_FIN@DF_UOE_INDIC_FIN_PERSTUD(3.1),SVN,FIN_PERSTUD,ISCED11_1T8,_T,INST_EDU,DIR_EXP,_Z,PT_B1GQ_POP,_Z,2022,28.2613979927879,A,0,0,,_Z
OECD.EDU.IMEP:DSD_EAG_UOE_FIN@DF_UOE_INDIC_FIN_PERSTUD(3.1),SWE,FIN_PERSTUD,ISCED11_1T8,_T,INST_EDU,DIR_EXP,_Z,PT_B1GQ_POP,_Z,2022,26.9264660496725,A,0,0,,_Z
OECD.EDU.IMEP:DSD_EAG_UOE_FIN@DF_UOE_INDIC_FIN_PERSTUD(3.1),PER,FIN_PERSTUD,ISCED11_1T8,_T,INST_EDU,DIR_EXP,V,USD_PPP_ST,_Z,2022,2611.85541892852,A,0,0,,N5
OECD.EDU.IMEP:DSD_EAG_UOE_FIN@DF_UOE_INDIC_FIN_PERSTUD(3.1),KOR,FIN_PERSTUD,ISCED11_1T8,_T,INST_EDU,DIR_EXP,V,USD_PPP_ST,_Z,2022,19805.1208107164,A,0,0,,N5
OECD.EDU.IMEP:DSD_EAG_UOE_FIN@DF_UOE_INDIC_FIN_PERSTUD(3.1),NLD,FIN_PERSTUD,ISCED11_1T8,_T,INST_EDU,DIR_EXP,V,USD_PPP_ST,_Z,2022,19185.7102144554,A,0,0,,N5
OECD.EDU.IMEP:DSD_EAG_UOE_FIN@DF_UOE_INDIC_FIN_PERSTUD(3.1),MEX,FIN_PERSTUD,ISCED11_1T8,_T,INST_EDU,DIR_EXP,V,USD_PPP_ST,_Z,2022,4066.33328878188,A,0,0,,N5
OECD.EDU.IMEP:DSD_EAG_UOE_FIN@DF_UOE_INDIC_FIN_PERSTUD(3.1),TUR,FIN_PERSTUD,ISCED11_1T8,_T,INST_EDU,DIR_EXP,V,USD_PPP_ST,_Z,2022,5305.40993702865,A,0,0,,N5
OECD.EDU.IMEP:DSD_EAG_UOE_FIN@DF_UOE_INDIC_FIN_PERSTUD(3.1),ROU,FIN_PERSTUD,ISCED11_1T8,_T,INST_EDU,DIR_EXP,V,USD_PPP_ST,_Z,2022,7220.5664456006,A,0,0,,N5
OECD.EDU.IMEP:DSD_EAG_UOE_FIN@DF_UOE_INDIC_FIN_PERSTUD(3.1),ARG,FIN_PERSTUD,ISCED11_1T8,_T,INST_EDU,DIR_EXP,V,USD_PPP_ST,_Z,2022,,O,0,0,,N5
OECD.EDU.IMEP:DSD_EAG_UOE_FIN@DF_UOE_INDIC_FIN_PERSTUD(3.1),CHE,FIN_PERSTUD,ISCED11_1T8,_T,INST_EDU,DIR_EXP,V,USD_PPP_ST,_Z,2022,,O,0,0,,N5
OECD.EDU.IMEP:DSD_EAG_UOE_FIN@DF_UOE_INDIC_FIN_PERSTUD(3.1),LTU,FIN_PERSTUD,ISCED11_1T8,_T,INST_EDU,DIR_EXP,V,USD_PPP_ST,_Z,2022,11312.895315541,A,0,0,,N5
OECD.EDU.IMEP:DSD_EAG_UOE_FIN@DF_UOE_INDIC_FIN_PERSTUD(3.1),SVN,FIN_PERSTUD,ISCED11_1T8,_T,INST_EDU,DIR_EXP,V,USD_PPP_ST,_Z,2022,14454.0509908818,A,0,0,,N5
OECD.EDU.IMEP:DSD_EAG_UOE_FIN@DF_UOE_INDIC_FIN_PERSTUD(3.1),SWE,FIN_PERSTUD,ISCED11_1T8,_T,INST_EDU,DIR_EXP,V,USD_PPP_ST,_Z,2022,17804.2955369626,A,0,0,,N5
OECD.EDU.IMEP:DSD_EAG_UOE_FIN@DF_UOE_INDIC_FIN_PERSTUD(3.1),ESP,FIN_PERSTUD,ISCED11_1T8,_T,INST_EDU,DIR_EXP,V,USD_PPP_ST,_Z,2022,13385.0433204206,A,0,0,,N5
OECD.EDU.IMEP:DSD_EAG_UOE_FIN@DF_UOE_INDIC_FIN_PERSTUD(3.1),SVK,FIN_PERSTUD,ISCED11_1T8,_T,INST_EDU,DIR_EXP,V,USD_PPP_ST,_Z,2022,11258.9573461963,A,0,0,,N5
OECD.EDU.IMEP:DSD_EAG_UOE_FIN@DF_UOE_INDIC_FIN_PERSTUD(3.1),LUX,FIN_PERSTUD,ISCED11_1T8,_T,INST_EDU,DIR_EXP,V,USD_PPP_ST,_Z,2022,31439.2861121795,A,0,0,,N5
OECD.EDU.IMEP:DSD_EAG_UOE_FIN@DF_UOE_INDIC_FIN_PERSTUD(3.1),EU25,FIN_PERSTUD,ISCED11_1T8,_T,INST_EDU,DIR_EXP,V,USD_PPP_ST,_Z,2022,14285.3468892893,A,0,0,,N5
OECD.EDU.IMEP:DSD_EAG_UOE_FIN@DF_UOE_INDIC_FIN_PERSTUD(3.1),AUS,FIN_PERSTUD,ISCED11_1T8,_T,INST_EDU,DIR_EXP,V,USD_PPP_ST,_Z,2022,17529.3937922474,B,0,0,,N5
OECD.EDU.IMEP:DSD_EAG_UOE_FIN@DF_UOE_INDIC_FIN_PERSTUD(3.1),LVA,FIN_PERSTUD,ISCED11_1T8,_T,INST_EDU,DIR_EXP,V,USD_PPP_ST,_Z,2022,9204.39090093039,A,0,0,,N5
OECD.EDU.IMEP:DSD_EAG_UOE_FIN@DF_UOE_INDIC_FIN_PERSTUD(3.1),BGR,FIN_PERSTUD,ISCED11_1T8,_T,INST_EDU,DIR_EXP,V,USD_PPP_ST,_Z,2022,8702.89163372246,A,0,0,,N5
OECD.EDU.IMEP:DSD_EAG_UOE_FIN@DF_UOE_INDIC_FIN_PERSTUD(3.1),ITA,FIN_PERSTUD,ISCED11_1T8,_T,INST_EDU,DIR_EXP,V,USD_PPP_ST,_Z,2022,13750.4075177952,W,0,0,,N5
OECD.EDU.IMEP:DSD_EAG_UOE_FIN@DF_UOE_INDIC_FIN_PERSTUD(3.1),JPN,FIN_PERSTUD,ISCED11_1T8,_T,INST_EDU,DIR_EXP,V,USD_PPP_ST,_Z,2022,14129.6474273749,W,0,0,,N5
OECD.EDU.IMEP:DSD_EAG_UOE_FIN@DF_UOE_INDIC_FIN_PERSTUD(3.1),CHN,FIN_PERSTUD,ISCED11_1T8,_T,INST_EDU,DIR_EXP,V,USD_PPP_ST,_Z,2022,5161.42376462743,A,0,0,,N5
OECD.EDU.IMEP:DSD_EAG_UOE_FIN@DF_UOE_INDIC_FIN_PERSTUD(3.1),ZAF,FIN_PERSTUD,ISCED11_1T8,_T,INST_EDU,DIR_EXP,V,USD_PPP_ST,_Z,2022,4394.84980051813,A,0,0,,N5
OECD.EDU.IMEP:DSD_EAG_UOE_FIN@DF_UOE_INDIC_FIN_PERSTUD(3.1),POL,FIN_PERSTUD,ISCED11_1T8,_T,INST_EDU,DIR_EXP,V,USD_PPP_ST,_Z,2022,11488.4748749142,A,0,0,,N5
OECD.EDU.IMEP:DSD_EAG_UOE_FIN@DF_UOE_INDIC_FIN_PERSTUD(3.1),HRV,FIN_PERSTUD,ISCED11_1T8,_T,INST_EDU,DIR_EXP,V,USD_PPP_ST,_Z,2022,9033.17830206496,A,0,0,,N5
OECD.EDU.IMEP:DSD_EAG_UOE_FIN@DF_UOE_INDIC_FIN_PERSTUD(3.1),PRT,FIN_PERSTUD,ISCED11_1T8,_T,INST_EDU,DIR_EXP,V,USD_PPP_ST,_Z,2022,12956.0869376936,A,0,0,,N5
OECD.EDU.IMEP:DSD_EAG_UOE_FIN@DF_UOE_INDIC_FIN_PERSTUD(3.1),GBR,FIN_PERSTUD,ISCED11_1T8,_T,INST_EDU,DIR_EXP,V,USD_PPP_ST,_Z,2022,19072.2824630822,A,0,0,,N5
OECD.EDU.IMEP:DSD_EAG_UOE_FIN@DF_UOE_INDIC_FIN_PERSTUD(3.1),OECD,FIN_PERSTUD,ISCED11_1T8,_T,INST_EDU,DIR_EXP,V,USD_PPP_ST,_Z,2022,14865.2098130233,A,0,0,,N5
OECD.EDU.IMEP:DSD_EAG_UOE_FIN@DF_UOE_INDIC_FIN_PERSTUD(3.1),ESP,FIN_PERSTUD,ISCED11_1T8,_T,INST_EDU,DIR_EXP,_Z,PT_B1GQ_POP,_Z,2022,26.5191561941727,A,0,0,,_Z
OECD.EDU.IMEP:DSD_EAG_UOE_FIN@DF_UOE_INDIC_FIN_PERSTUD(3.1),SVK,FIN_PERSTUD,ISCED11_1T8,_T,INST_EDU,DIR_EXP,_Z,PT_B1GQ_POP,_Z,2022,27.5143986275213,A,0,0,,_Z
OECD.EDU.IMEP:DSD_EAG_UOE_FIN@DF_UOE_INDIC_FIN_PERSTUD(3.1),LUX,FIN_PERSTUD,ISCED11_1T8,_T,INST_EDU,DIR_EXP,_Z,PT_B1GQ_POP,_Z,2022,21.7735567666908,A,0,0,,_Z
OECD.EDU.IMEP:DSD_EAG_UOE_FIN@DF_UOE_INDIC_FIN_PERSTUD(3.1),LVA,FIN_PERSTUD,ISCED11_1T8,_T,INST_EDU,DIR_EXP,_Z,PT_B1GQ_POP,_Z,2022,23.1173794220289,A,0,0,,_Z
OECD.EDU.IMEP:DSD_EAG_UOE_FIN@DF_UOE_INDIC_FIN_PERSTUD(3.1),BGR,FIN_PERSTUD,ISCED11_1T8,_T,INST_EDU,DIR_EXP,_Z,PT_B1GQ_POP,_Z,2022,24.2983642914404,A,0,0,,_Z
OECD.EDU.IMEP:DSD_EAG_UOE_FIN@DF_UOE_INDIC_FIN_PERSTUD(3.1),ITA,FIN_PERSTUD,ISCED11_1T8,_T,INST_EDU,DIR_EXP,_Z,PT_B1GQ_POP,_Z,2022,24.4463057764898,W,0,0,,_Z
OECD.EDU.IMEP:DSD_EAG_UOE_FIN@DF_UOE_INDIC_FIN_PERSTUD(3.1),JPN,FIN_PERSTUD,ISCED11_1T8,_T,INST_EDU,DIR_EXP,_Z,PT_B1GQ_POP,_Z,2022,29.3583378600578,W,0,0,,_Z
OECD.EDU.IMEP:DSD_EAG_UOE_FIN@DF_UOE_INDIC_FIN_PERSTUD(3.1),CHN,FIN_PERSTUD,ISCED11_1T8,_T,INST_EDU,DIR_EXP,_Z,PT_B1GQ_POP,_Z,2022,22.3785687879652,A,0,0,,_Z
OECD.EDU.IMEP:DSD_EAG_UOE_FIN@DF_UOE_INDIC_FIN_PERSTUD(3.1),ZAF,FIN_PERSTUD,ISCED11_1T8,_T,INST_EDU,DIR_EXP,_Z,PT_B1GQ_POP,_Z,2022,28.4107570213586,A,0,0,,_Z
OECD.EDU.IMEP:DSD_EAG_UOE_FIN@DF_UOE_INDIC_FIN_PERSTUD(3.1),POL,FIN_PERSTUD,ISCED11_1T8,_T,INST_EDU,DIR_EXP,_Z,PT_B1GQ_POP,_Z,2022,25.581322073442,A,0,0,,_Z
OECD.EDU.IMEP:DSD_EAG_UOE_FIN@DF_UOE_INDIC_FIN_PERSTUD(3.1),HRV,FIN_PERSTUD,ISCED11_1T8,_T,INST_EDU,DIR_EXP,_Z,PT_B1GQ_POP,_Z,2022,21.8763861008137,A,0,0,,_Z
OECD.EDU.IMEP:DSD_EAG_UOE_FIN@DF_UOE_INDIC_FIN_PERSTUD(3.1),PRT,FIN_PERSTUD,ISCED11_1T8,_T,INST_EDU,DIR_EXP,_Z,PT_B1GQ_POP,_Z,2022,29.1736176103186,A,0,0,,_Z
OECD.EDU.IMEP:DSD_EAG_UOE_FIN@DF_UOE_INDIC_FIN_PERSTUD(3.1),PER,FIN_PERSTUD,ISCED11_1T8,_T,INST_EDU,DIR_EXP,_Z,PT_B1GQ_POP,_Z,2022,15.6430259982982,A,0,0,,_Z
OECD.EDU.IMEP:DSD_EAG_UOE_FIN@DF_UOE_INDIC_FIN_PERSTUD(3.1),KOR,FIN_PERSTUD,ISCED11_1T8,_T,INST_EDU,DIR_EXP,_Z,PT_B1GQ_POP,_Z,2022,35.9632907165615,A,0,0,,_Z
OECD.EDU.IMEP:DSD_EAG_UOE_FIN@DF_UOE_INDIC_FIN_PERSTUD(3.1),NLD,FIN_PERSTUD,ISCED11_1T8,_T,INST_EDU,DIR_EXP,_Z,PT_B1GQ_POP,_Z,2022,24.8673710087918,A,0,0,,_Z
OECD.EDU.IMEP:DSD_EAG_UOE_FIN@DF_UOE_INDIC_FIN_PERSTUD(3.1),MEX,FIN_PERSTUD,ISCED11_1T8,_T,INST_EDU,DIR_EXP,_Z,PT_B1GQ_POP,_Z,2022,17.388360890621,A,0,0,,_Z
OECD.EDU.IMEP:DSD_EAG_UOE_FIN@DF_UOE_INDIC_FIN_PERSTUD(3.1),TUR,FIN_PERSTUD,ISCED11_1T8,_T,INST_EDU,DIR_EXP,_Z,PT_B1GQ_POP,_Z,2022,13.5684606447846,A,0,0,,_Z
OECD.EDU.IMEP:DSD_EAG_UOE_FIN@DF_UOE_INDIC_FIN_PERSTUD(3.1),ROU,FIN_PERSTUD,ISCED11_1T8,_T,INST_EDU,DIR_EXP,_Z,PT_B1GQ_POP,_Z,2022,16.3021467925317,A,0,0,,_Z
OECD.EDU.IMEP:DSD_EAG_UOE_FIN@DF_UOE_INDIC_FIN_PERSTUD(3.1),OECD,FIN_PERSTUD,ISCED11_1T8,_T,INST_EDU,DIR_EXP,_Z,PT_B1GQ_POP,_Z,2022,25.1855190122662,A,0,0,,_Z
OECD.EDU.IMEP:DSD_EAG_UOE_FIN@DF_UOE_INDIC_FIN_PERSTUD(3.1),ARG,FIN_PERSTUD,ISCED11_1T8,_T,INST_EDU,DIR_EXP,_Z,PT_B1GQ_POP,_Z,2022,,O,0,0,,_Z
OECD.EDU.IMEP:DSD_EAG_UOE_FIN@DF_UOE_INDIC_FIN_PERSTUD(3.1),CHE,FIN_PERSTUD,ISCED11_1T8,_T,INST_EDU,DIR_EXP,_Z,PT_B1GQ_POP,_Z,2022,,O,0,0,,_Z
OECD.EDU.IMEP:DSD_EAG_UOE_FIN@DF_UOE_INDIC_FIN_PERSTUD(3.1),GRC,FIN_PERSTUD,ISCED11_1T8,_T,INST_EDU,DIR_EXP,V,USD_PPP_ST,_Z,2022,7136.89919473357,A,0,0,,N5
OECD.EDU.IMEP:DSD_EAG_UOE_FIN@DF_UOE_INDIC_FIN_PERSTUD(3.1),BEL,FIN_PERSTUD,ISCED11_1T8,_T,INST_EDU,DIR_EXP,V,USD_PPP_ST,_Z,2022,19023.5755042028,A,0,0,,N5
OECD.EDU.IMEP:DSD_EAG_UOE_FIN@DF_UOE_INDIC_FIN_PERSTUD(3.1),CAN,FIN_PERSTUD,ISCED11_1T8,_T,INST_EDU,DIR_EXP,V,USD_PPP_ST,_Z,2022,18732.8299905917,A,0,0,,N5
OECD.EDU.IMEP:DSD_EAG_UOE_FIN@DF_UOE_INDIC_FIN_PERSTUD(3.1),HUN,FIN_PERSTUD,ISCED11_1T8,_T,INST_EDU,DIR_EXP,V,USD_PPP_ST,_Z,2022,10096.9322629007,A,0,0,,N5
OECD.EDU.IMEP:DSD_EAG_UOE_FIN@DF_UOE_INDIC_FIN_PERSTUD(3.1),EST,FIN_PERSTUD,ISCED11_1T8,_T,INST_EDU,DIR_EXP,V,USD_PPP_ST,_Z,2022,12362.0327818488,A,0,0,,N5
OECD.EDU.IMEP:DSD_EAG_UOE_FIN@DF_UOE_INDIC_FIN_PERSTUD(3.1),CZE,FIN_PERSTUD,ISCED11_1T8,_T,INST_EDU,DIR_EXP,V,USD_PPP_ST,_Z,2022,12844.4685470408,A,0,0,,N5
OECD.EDU.IMEP:DSD_EAG_UOE_FIN@DF_UOE_INDIC_FIN_PERSTUD(3.1),FRA,FIN_PERSTUD,ISCED11_1T8,_T,INST_EDU,DIR_EXP,V,USD_PPP_ST,_Z,2022,15427.0937000399,A,0,0,,N5
OECD.EDU.IMEP:DSD_EAG_UOE_FIN@DF_UOE_INDIC_FIN_PERSTUD(3.1),G20,FIN_PERSTUD,ISCED11_1T8,_T,INST_EDU,DIR_EXP,V,USD_PPP_ST,_Z,2022,12944.5412390566,A,0,0,,N5
OECD.EDU.IMEP:DSD_EAG_UOE_FIN@DF_UOE_INDIC_FIN_PERSTUD(3.1),NZL,FIN_PERSTUD,ISCED11_1T8,_T,INST_EDU,DIR_EXP,V,USD_PPP_ST,_Z,2022,12389.2894792063,A,0,0,,N5
OECD.EDU.IMEP:DSD_EAG_UOE_FIN@DF_UOE_INDIC_FIN_PERSTUD(3.1),IRL,FIN_PERSTUD,ISCED11_1T8,_T,INST_EDU,DIR_EXP,V,USD_PPP_ST,_Z,2022,15915.3671430404,A,0,0,,N5
OECD.EDU.IMEP:DSD_EAG_UOE_FIN@DF_UOE_INDIC_FIN_PERSTUD(3.1),NOR,FIN_PERSTUD,ISCED11_1T8,_T,INST_EDU,DIR_EXP,V,USD_PPP_ST,_Z,2022,22558.1538499611,A,0,0,,N5
OECD.EDU.IMEP:DSD_EAG_UOE_FIN@DF_UOE_INDIC_FIN_PERSTUD(3.1),ISR,FIN_PERSTUD,ISCED11_1T8,_T,INST_EDU,DIR_EXP,V,USD_PPP_ST,_Z,2022,12876.94123219,A,0,0,,N5
OECD.EDU.IMEP:DSD_EAG_UOE_FIN@DF_UOE_INDIC_FIN_PERSTUD(3.1),CRI,FIN_PERSTUD,ISCED11_1T8,_T,INST_EDU,DIR_EXP,V,USD_PPP_ST,_Z,2022,,O,0,0,,N5
OECD.EDU.IMEP:DSD_EAG_UOE_FIN@DF_UOE_INDIC_FIN_PERSTUD(3.1),DEU,FIN_PERSTUD,ISCED11_1T8,_T,INST_EDU,DIR_EXP,V,USD_PPP_ST,_Z,2022,17959.7023758757,W,0,0,,N5
OECD.EDU.IMEP:DSD_EAG_UOE_FIN@DF_UOE_INDIC_FIN_PERSTUD(3.1),CHL,FIN_PERSTUD,ISCED11_1T8,_T,INST_EDU,DIR_EXP,V,USD_PPP_ST,_Z,2022,8067.59936241159,W,0,0,,N5
OECD.EDU.IMEP:DSD_EAG_UOE_FIN@DF_UOE_INDIC_FIN_PERSTUD(3.1),AUT,FIN_PERSTUD,ISCED11_1T8,_T,INST_EDU,DIR_EXP,V,USD_PPP_ST,_Z,2022,20941.6847281036,A,0,0,,N5
OECD.EDU.IMEP:DSD_EAG_UOE_FIN@DF_UOE_INDIC_FIN_PERSTUD(3.1),DNK,FIN_PERSTUD,ISCED11_1T8,_T,INST_EDU,DIR_EXP,V,USD_PPP_ST,_Z,2022,19229.1897835764,A,0,0,,N5
OECD.EDU.IMEP:DSD_EAG_UOE_FIN@DF_UOE_INDIC_FIN_PERSTUD(3.1),FIN,FIN_PERSTUD,ISCED11_1T8,_T,INST_EDU,DIR_EXP,V,USD_PPP_ST,_Z,2022,15000.4907615107,A,0,0,,N5
OECD.EDU.IMEP:DSD_EAG_UOE_FIN@DF_UOE_INDIC_FIN_PERSTUD(3.1),BRA,FIN_PERSTUD,ISCED11_1T8,_T,INST_EDU,DIR_EXP,V,USD_PPP_ST,_Z,2022,,O,0,0,,N5
OECD.EDU.IMEP:DSD_EAG_UOE_FIN@DF_UOE_INDIC_FIN_PERSTUD(3.1),ISL,FIN_PERSTUD,ISCED11_1T8,_T,INST_EDU,DIR_EXP,V,USD_PPP_ST,_Z,2022,18707.0961583578,W,0,0,,N5
OECD.EDU.IMEP:DSD_EAG_UOE_FIN@DF_UOE_INDIC_FIN_PERSTUD(3.1),FIN,FIN_PERSTUD,ISCED11_1T8,_T,INST_EDU,DIR_EXP,_Z,PT_B1GQ_POP,_Z,2022,24.4553047695391,A,0,0,,_Z
OECD.EDU.IMEP:DSD_EAG_UOE_FIN@DF_UOE_INDIC_FIN_PERSTUD(3.1),HUN,FIN_PERSTUD,ISCED11_1T8,_T,INST_EDU,DIR_EXP,_Z,PT_B1GQ_POP,_Z,2022,22.9355622095194,A,0,0,,_Z
OECD.EDU.IMEP:DSD_EAG_UOE_FIN@DF_UOE_INDIC_FIN_PERSTUD(3.1),DNK,FIN_PERSTUD,ISCED11_1T8,_T,INST_EDU,DIR_EXP,_Z,PT_B1GQ_POP,_Z,2022,24.8578975395776,A,0,0,,_Z
OECD.EDU.IMEP:DSD_EAG_UOE_FIN@DF_UOE_INDIC_FIN_PERSTUD(3.1),AUT,FIN_PERSTUD,ISCED11_1T8,_T,INST_EDU,DIR_EXP,_Z,PT_B1GQ_POP,_Z,2022,29.6419414896482,A,0,0,,_Z
OECD.EDU.IMEP:DSD_EAG_UOE_FIN@DF_UOE_INDIC_FIN_PERSTUD(3.1),EST,FIN_PERSTUD,ISCED11_1T8,_T,INST_EDU,DIR_EXP,_Z,PT_B1GQ_POP,_Z,2022,25.5341277353671,A,0,0,,_Z
OECD.EDU.IMEP:DSD_EAG_UOE_FIN@DF_UOE_INDIC_FIN_PERSTUD(3.1),CZE,FIN_PERSTUD,ISCED11_1T8,_T,INST_EDU,DIR_EXP,_Z,PT_B1GQ_POP,_Z,2022,25.0429477829977,A,0,0,,_Z
OECD.EDU.IMEP:DSD_EAG_UOE_FIN@DF_UOE_INDIC_FIN_PERSTUD(3.1),FRA,FIN_PERSTUD,ISCED11_1T8,_T,INST_EDU,DIR_EXP,_Z,PT_B1GQ_POP,_Z,2022,27.4648638929635,A,0,0,,_Z
OECD.EDU.IMEP:DSD_EAG_UOE_FIN@DF_UOE_INDIC_FIN_PERSTUD(3.1),EU25,FIN_PERSTUD,ISCED11_1T8,_T,INST_EDU,DIR_EXP,_Z,PT_B1GQ_POP,_Z,2022,24.3084621521642,A,0,0,,_Z
OECD.EDU.IMEP:DSD_EAG_UOE_FIN@DF_UOE_INDIC_FIN_PERSTUD(3.1),AUS,FIN_PERSTUD,ISCED11_1T8,_T,INST_EDU,DIR_EXP,_Z,PT_B1GQ_POP,_Z,2022,25.3227005071902,B,0,0,,_Z
OECD.EDU.IMEP:DSD_EAG_UOE_FIN@DF_UOE_INDIC_FIN_PERSTUD(3.1),G20,FIN_PERSTUD,ISCED11_1T8,_T,INST_EDU,DIR_EXP,_Z,PT_B1GQ_POP,_Z,2022,26.0081938920343,A,0,0,,_Z
OECD.EDU.IMEP:DSD_EAG_UOE_FIN@DF_UOE_INDIC_FIN_PERSTUD(3.1),ISR,FIN_PERSTUD,ISCED11_1T8,_T,INST_EDU,DIR_EXP,_Z,PT_B1GQ_POP,_Z,2022,24.0236306082472,A,0,0,,_Z
OECD.EDU.IMEP:DSD_EAG_UOE_FIN@DF_UOE_INDIC_FIN_PERSTUD(3.1),NOR,FIN_PERSTUD,ISCED11_1T8,_T,INST_EDU,DIR_EXP,_Z,PT_B1GQ_POP,_Z,2022,29.407659721079,A,0,0,,_Z
OECD.EDU.IMEP:DSD_EAG_UOE_FIN@DF_UOE_INDIC_FIN_PERSTUD(3.1),IRL,FIN_PERSTUD,ISCED11_1T8,_T,INST_EDU,DIR_EXP,_Z,PT_B1GQ_POP,_Z,2022,11.6641318222517,A,0,0,,_Z
OECD.EDU.IMEP:DSD_EAG_UOE_FIN@DF_UOE_INDIC_FIN_PERSTUD(3.1),GBR,FIN_PERSTUD,ISCED11_1,_T,INST_EDU,DIR_EXP,_Z,PT_B1GQ_POP,_Z,2022,25.0029998243682,A,0,0,,_Z
OECD.EDU.IMEP:DSD_EAG_UOE_FIN@DF_UOE_INDIC_FIN_PERSTUD(3.1),ISL,FIN_PERSTUD,ISCED11_2,_T,INST_EDU,DIR_EXP,_Z,PT_B1GQ_POP,_Z,2022,26.4094119156476,W,0,0,,_Z
OECD.EDU.IMEP:DSD_EAG_UOE_FIN@DF_UOE_INDIC_FIN_PERSTUD(3.1),BRA,FIN_PERSTUD,ISCED11_3,_T,INST_EDU,DIR_EXP,_Z,PT_B1GQ_POP,_Z,2022,,O,0,0,,_Z
OECD.EDU.IMEP:DSD_EAG_UOE_FIN@DF_UOE_INDIC_FIN_PERSTUD(3.1),LTU,FIN_PERSTUD,ISCED11_34,_T,INST_EDU,DIR_EXP,_Z,PT_B1GQ_POP,_Z,2022,19.0454499214556,A,0,0,,_Z
OECD.EDU.IMEP:DSD_EAG_UOE_FIN@DF_UOE_INDIC_FIN_PERSTUD(3.1),BRA,FIN_PERSTUD,ISCED11_35,_T,INST_EDU,DIR_EXP,_Z,PT_B1GQ_POP,_Z,2022,,O,0,0,,_Z
OECD.EDU.IMEP:DSD_EAG_UOE_FIN@DF_UOE_INDIC_FIN_PERSTUD(3.1),FIN,FIN_PERSTUD,ISCED11_4,_T,INST_EDU,DIR_EXP,_Z,PT_B1GQ_POP,_Z,2022,,K,0,0,,_Z
OECD.EDU.IMEP:DSD_EAG_UOE_FIN@DF_UOE_INDIC_FIN_PERSTUD(3.1),CAN,FIN_PERSTUD,ISCED11_5,_T,INST_EDU,DIR_EXP,_Z,PT_B1GQ_POP,_Z,2022,33.3228556816588,A,0,0,,_Z
OECD.EDU.IMEP:DSD_EAG_UOE_FIN@DF_UOE_INDIC_FIN_PERSTUD(3.1),SVN,FIN_PERSTUD,ISCED11_5T8,_T,INST_EDU,DIR_EXP,_Z,PT_B1GQ_POP,_Z,2022,41.3081534060182,A,0,0,,_Z
OECD.EDU.IMEP:DSD_EAG_UOE_FIN@DF_UOE_INDIC_FIN_PERSTUD(3.1),GRC,FIN_PERSTUD,ISCED11_1T8,_T,INST_EDU,DIR_EXP,_Z,PT_B1GQ_POP,_Z,2022,18.5639936233649,A,0,0,,_Z
OECD.EDU.IMEP:DSD_EAG_UOE_FIN@DF_UOE_INDIC_FIN_PERSTUD(3.1),SVN,FIN_PERSTUD,ISCED11_6T8,_T,INST_EDU,DIR_EXP,_Z,PT_B1GQ_POP,_Z,2022,43.9237999580442,A,0,0,,_Z
OECD.EDU.IMEP:DSD_EAG_UOE_FIN@DF_UOE_INDIC_FIN_PERSTUD(3.1),NZL,FIN_PERSTUD,ISCED11_1T8,_T,INST_EDU,DIR_EXP,_Z,PT_B1GQ_POP,_Z,2022,23.7283417006736,A,0,0,,_Z
OECD.EDU.IMEP:DSD_EAG_UOE_FIN@DF_UOE_INDIC_FIN_PERSTUD(3.1),CRI,FIN_PERSTUD,ISCED11_1T8,_T,INST_EDU,DIR_EXP,_Z,PT_B1GQ_POP,_Z,2022,,O,0,0,,_Z
OECD.EDU.IMEP:DSD_EAG_UOE_FIN@DF_UOE_INDIC_FIN_PERSTUD(3.1),DEU,FIN_PERSTUD,ISCED11_1T8,_T,INST_EDU,DIR_EXP,_Z,PT_B1GQ_POP,_Z,2022,26.5716054599272,W,0,0,,_Z
OECD.EDU.IMEP:DSD_EAG_UOE_FIN@DF_UOE_INDIC_FIN_PERSTUD(3.1),CHL,FIN_PERSTUD,ISCED11_1T8,_T,INST_EDU,DIR_EXP,_Z,PT_B1GQ_POP,_Z,2022,26.4668675156177,W,0,0,,_Z
OECD.EDU.IMEP:DSD_EAG_UOE_FIN@DF_UOE_INDIC_FIN_PERSTUD(3.1),CAN,FIN_PERSTUD,ISCED11_1T8,_T,INST_EDU,DIR_EXP,_Z,PT_B1GQ_POP,_Z,2022,29.2516103099639,A,0,0,,_Z
OECD.EDU.IMEP:DSD_EAG_UOE_FIN@DF_UOE_INDIC_FIN_PERSTUD(3.1),BEL,FIN_PERSTUD,ISCED11_1T8,_T,INST_EDU,DIR_EXP,_Z,PT_B1GQ_POP,_Z,2022,27.9188261905749,A,0,0,,_Z
OECD.EDU.IMEP:DSD_EAG_UOE_FIN@DF_UOE_INDIC_FIN_PERSTUD(3.1),GBR,FIN_PERSTUD,ISCED11_1T8,_T,INST_EDU,DIR_EXP,_Z,PT_B1GQ_POP,_Z,2022,31.9734648365284,A,0,0,,_Z
OECD.EDU.IMEP:DSD_EAG_UOE_FIN@DF_UOE_INDIC_FIN_PERSTUD(3.1),BRA,FIN_PERSTUD,ISCED11_1T8,_T,INST_EDU,DIR_EXP,_Z,PT_B1GQ_POP,_Z,2022,,O,0,0,,_Z
OECD.EDU.IMEP:DSD_EAG_UOE_FIN@DF_UOE_INDIC_FIN_PERSTUD(3.1),SWE,FIN_PERSTUD,ISCED11_6T8,_T,INST_EDU,DIR_EXP,_Z,PT_B1GQ_POP,_Z,2022,47.6434019629832,A,0,0,,_Z
OECD.EDU.IMEP:DSD_EAG_UOE_FIN@DF_UOE_INDIC_FIN_PERSTUD(3.1),ISL,FIN_PERSTUD,ISCED11_6T8,_T,INST_EDU,DIR_EXP,_Z,PT_B1GQ_POP,_Z,2022,26.6302051927034,A,0,0,,_Z
OECD.EDU.IMEP:DSD_EAG_UOE_FIN@DF_UOE_INDIC_FIN_PERSTUD(3.1),ESP,FIN_PERSTUD,ISCED11_6T8,_T,INST_EDU,DIR_EXP,_Z,PT_B1GQ_POP,_Z,2022,36.3941460580226,A,0,0,,_Z
OECD.EDU.IMEP:DSD_EAG_UOE_FIN@DF_UOE_INDIC_FIN_PERSTUD(3.1),SVK,FIN_PERSTUD,ISCED11_6T8,_T,INST_EDU,DIR_EXP,_Z,PT_B1GQ_POP,_Z,2022,47.1405150128726,A,0,0,,_Z
OECD.EDU.IMEP:DSD_EAG_UOE_FIN@DF_UOE_INDIC_FIN_PERSTUD(3.1),NLD,FIN_PERSTUD,ISCED11_6T8,_T,INST_EDU,DIR_EXP,V,USD_PPP_ST,_Z,2022,25053.8294088821,A,0,0,,N5
OECD.EDU.IMEP:DSD_EAG_UOE_FIN@DF_UOE_INDIC_FIN_PERSTUD(3.1),ROU,FIN_PERSTUD,ISCED11_6T8,_T,INST_EDU,DIR_EXP,V,USD_PPP_ST,_Z,2022,11466.0906950192,A,0,0,,N5
OECD.EDU.IMEP:DSD_EAG_UOE_FIN@DF_UOE_INDIC_FIN_PERSTUD(3.1),TUR,FIN_PERSTUD,ISCED11_6T8,_T,INST_EDU,DIR_EXP,V,USD_PPP_ST,_Z,2022,,K,0,0,,N5
OECD.EDU.IMEP:DSD_EAG_UOE_FIN@DF_UOE_INDIC_FIN_PERSTUD(3.1),MEX,FIN_PERSTUD,ISCED11_6T8,_T,INST_EDU,DIR_EXP,V,USD_PPP_ST,_Z,2022,,K,0,0,,N5
OECD.EDU.IMEP:DSD_EAG_UOE_FIN@DF_UOE_INDIC_FIN_PERSTUD(3.1),ARG,FIN_PERSTUD,ISCED11_6T8,_T,INST_EDU,DIR_EXP,V,USD_PPP_ST,_Z,2022,,K,0,0,,N5
OECD.EDU.IMEP:DSD_EAG_UOE_FIN@DF_UOE_INDIC_FIN_PERSTUD(3.1),CHE,FIN_PERSTUD,ISCED11_6T8,_T,INST_EDU,DIR_EXP,V,USD_PPP_ST,_Z,2022,,O,0,0,,N5
OECD.EDU.IMEP:DSD_EAG_UOE_FIN@DF_UOE_INDIC_FIN_PERSTUD(3.1),OECD,FIN_PERSTUD,ISCED11_6T8,_T,INST_EDU,DIR_EXP,V,USD_PPP_ST,_Z,2022,22827.9752249824,A,0,0,,N5
OECD.EDU.IMEP:DSD_EAG_UOE_FIN@DF_UOE_INDIC_FIN_PERSTUD(3.1),PER,FIN_PERSTUD,ISCED11_6T8,_T,INST_EDU,DIR_EXP,V,USD_PPP_ST,_Z,2022,,K,0,0,,N5
OECD.EDU.IMEP:DSD_EAG_UOE_FIN@DF_UOE_INDIC_FIN_PERSTUD(3.1),SVN,FIN_PERSTUD,ISCED11_6T8,_T,INST_EDU,DIR_EXP,V,USD_PPP_ST,_Z,2022,22464.4529074209,A,0,0,,N5
OECD.EDU.IMEP:DSD_EAG_UOE_FIN@DF_UOE_INDIC_FIN_PERSTUD(3.1),SWE,FIN_PERSTUD,ISCED11_6T8,_T,INST_EDU,DIR_EXP,V,USD_PPP_ST,_Z,2022,31502.7307100173,A,0,0,,N5
OECD.EDU.IMEP:DSD_EAG_UOE_FIN@DF_UOE_INDIC_FIN_PERSTUD(3.1),ISL,FIN_PERSTUD,ISCED11_6T8,_T,INST_EDU,DIR_EXP,V,USD_PPP_ST,_Z,2022,20234.2996571707,A,0,0,,N5
OECD.EDU.IMEP:DSD_EAG_UOE_FIN@DF_UOE_INDIC_FIN_PERSTUD(3.1),ESP,FIN_PERSTUD,ISCED11_6T8,_T,INST_EDU,DIR_EXP,V,USD_PPP_ST,_Z,2022,18369.257982024,A,0,0,,N5
OECD.EDU.IMEP:DSD_EAG_UOE_FIN@DF_UOE_INDIC_FIN_PERSTUD(3.1),SVK,FIN_PERSTUD,ISCED11_6T8,_T,INST_EDU,DIR_EXP,V,USD_PPP_ST,_Z,2022,19290.0108409701,A,0,0,,N5
OECD.EDU.IMEP:DSD_EAG_UOE_FIN@DF_UOE_INDIC_FIN_PERSTUD(3.1),LUX,FIN_PERSTUD,ISCED11_6T8,_T,INST_EDU,DIR_EXP,V,USD_PPP_ST,_Z,2022,67807.5925505615,A,0,0,,N5
OECD.EDU.IMEP:DSD_EAG_UOE_FIN@DF_UOE_INDIC_FIN_PERSTUD(3.1),IRL,FIN_PERSTUD,ISCED11_6T8,_T,INST_EDU,DIR_EXP,V,USD_PPP_ST,_Z,2022,,K,0,0,,N5
OECD.EDU.IMEP:DSD_EAG_UOE_FIN@DF_UOE_INDIC_FIN_PERSTUD(3.1),G20,FIN_PERSTUD,ISCED11_6T8,_T,INST_EDU,DIR_EXP,V,USD_PPP_ST,_Z,2022,,O,0,0,,N5
OECD.EDU.IMEP:DSD_EAG_UOE_FIN@DF_UOE_INDIC_FIN_PERSTUD(3.1),EU25,FIN_PERSTUD,ISCED11_6T8,_T,INST_EDU,DIR_EXP,V,USD_PPP_ST,_Z,2022,21486.4712691794,A,0,0,,N5
OECD.EDU.IMEP:DSD_EAG_UOE_FIN@DF_UOE_INDIC_FIN_PERSTUD(3.1),LVA,FIN_PERSTUD,ISCED11_6T8,_T,INST_EDU,DIR_EXP,V,USD_PPP_ST,_Z,2022,12418.6187943219,A,0,0,,N5
OECD.EDU.IMEP:DSD_EAG_UOE_FIN@DF_UOE_INDIC_FIN_PERSTUD(3.1),BGR,FIN_PERSTUD,ISCED11_6T8,_T,INST_EDU,DIR_EXP,V,USD_PPP_ST,_Z,2022,12680.3286839559,A,0,0,,N5
OECD.EDU.IMEP:DSD_EAG_UOE_FIN@DF_UOE_INDIC_FIN_PERSTUD(3.1),HRV,FIN_PERSTUD,ISCED11_6T8,_T,INST_EDU,DIR_EXP,V,USD_PPP_ST,_Z,2022,,K,0,0,,N5
OECD.EDU.IMEP:DSD_EAG_UOE_FIN@DF_UOE_INDIC_FIN_PERSTUD(3.1),CHN,FIN_PERSTUD,ISCED11_6T8,_T,INST_EDU,DIR_EXP,V,USD_PPP_ST,_Z,2022,,K,0,0,,N5
OECD.EDU.IMEP:DSD_EAG_UOE_FIN@DF_UOE_INDIC_FIN_PERSTUD(3.1),ZAF,FIN_PERSTUD,ISCED11_6T8,_T,INST_EDU,DIR_EXP,V,USD_PPP_ST,_Z,2022,,O,0,0,,N5
OECD.EDU.IMEP:DSD_EAG_UOE_FIN@DF_UOE_INDIC_FIN_PERSTUD(3.1),JPN,FIN_PERSTUD,ISCED11_6T8,_T,INST_EDU,DIR_EXP,V,USD_PPP_ST,_Z,2022,23202.8061424747,W,0,0,,N5
OECD.EDU.IMEP:DSD_EAG_UOE_FIN@DF_UOE_INDIC_FIN_PERSTUD(3.1),POL,FIN_PERSTUD,ISCED11_6T8,_T,INST_EDU,DIR_EXP,V,USD_PPP_ST,_Z,2022,15906.6780812118,A,0,0,,N5
OECD.EDU.IMEP:DSD_EAG_UOE_FIN@DF_UOE_INDIC_FIN_PERSTUD(3.1),ITA,FIN_PERSTUD,ISCED11_6T8,_T,INST_EDU,DIR_EXP,V,USD_PPP_ST,_Z,2022,14867.329974807,A,0,0,,N5
OECD.EDU.IMEP:DSD_EAG_UOE_FIN@DF_UOE_INDIC_FIN_PERSTUD(3.1),PRT,FIN_PERSTUD,ISCED11_6T8,_T,INST_EDU,DIR_EXP,V,USD_PPP_ST,_Z,2022,14398.2578345294,A,0,0,,N5
OECD.EDU.IMEP:DSD_EAG_UOE_FIN@DF_UOE_INDIC_FIN_PERSTUD(3.1),GBR,FIN_PERSTUD,ISCED11_6T8,_T,INST_EDU,DIR_EXP,V,USD_PPP_ST,_Z,2022,35544.9417883221,A,0,0,,N5
OECD.EDU.IMEP:DSD_EAG_UOE_FIN@DF_UOE_INDIC_FIN_PERSTUD(3.1),KOR,FIN_PERSTUD,ISCED11_6T8,_T,INST_EDU,DIR_EXP,V,USD_PPP_ST,_Z,2022,16199.9101340841,A,0,0,,N5
OECD.EDU.IMEP:DSD_EAG_UOE_FIN@DF_UOE_INDIC_FIN_PERSTUD(3.1),LUX,FIN_PERSTUD,ISCED11_6T8,_T,INST_EDU,DIR_EXP,_Z,PT_B1GQ_POP,_Z,2022,46.9607503282439,A,0,0,,_Z
OECD.EDU.IMEP:DSD_EAG_UOE_FIN@DF_UOE_INDIC_FIN_PERSTUD(3.1),IRL,FIN_PERSTUD,ISCED11_6T8,_T,INST_EDU,DIR_EXP,_Z,PT_B1GQ_POP,_Z,2022,,K,0,0,,_Z
OECD.EDU.IMEP:DSD_EAG_UOE_FIN@DF_UOE_INDIC_FIN_PERSTUD(3.1),G20,FIN_PERSTUD,ISCED11_6T8,_T,INST_EDU,DIR_EXP,_Z,PT_B1GQ_POP,_Z,2022,,O,0,0,,_Z
OECD.EDU.IMEP:DSD_EAG_UOE_FIN@DF_UOE_INDIC_FIN_PERSTUD(3.1),EU25,FIN_PERSTUD,ISCED11_6T8,_T,INST_EDU,DIR_EXP,_Z,PT_B1GQ_POP,_Z,2022,36.0780138043867,A,0,0,,_Z
OECD.EDU.IMEP:DSD_EAG_UOE_FIN@DF_UOE_INDIC_FIN_PERSTUD(3.1),LVA,FIN_PERSTUD,ISCED11_6T8,_T,INST_EDU,DIR_EXP,_Z,PT_B1GQ_POP,_Z,2022,31.1901054242339,A,0,0,,_Z
OECD.EDU.IMEP:DSD_EAG_UOE_FIN@DF_UOE_INDIC_FIN_PERSTUD(3.1),BGR,FIN_PERSTUD,ISCED11_6T8,_T,INST_EDU,DIR_EXP,_Z,PT_B1GQ_POP,_Z,2022,35.4033186514782,A,0,0,,_Z
OECD.EDU.IMEP:DSD_EAG_UOE_FIN@DF_UOE_INDIC_FIN_PERSTUD(3.1),ZAF,FIN_PERSTUD,ISCED11_6T8,_T,INST_EDU,DIR_EXP,_Z,PT_B1GQ_POP,_Z,2022,,O,0,0,,_Z
OECD.EDU.IMEP:DSD_EAG_UOE_FIN@DF_UOE_INDIC_FIN_PERSTUD(3.1),HRV,FIN_PERSTUD,ISCED11_6T8,_T,INST_EDU,DIR_EXP,_Z,PT_B1GQ_POP,_Z,2022,,K,0,0,,_Z
OECD.EDU.IMEP:DSD_EAG_UOE_FIN@DF_UOE_INDIC_FIN_PERSTUD(3.1),CHN,FIN_PERSTUD,ISCED11_6T8,_T,INST_EDU,DIR_EXP,_Z,PT_B1GQ_POP,_Z,2022,,K,0,0,,_Z
OECD.EDU.IMEP:DSD_EAG_UOE_FIN@DF_UOE_INDIC_FIN_PERSTUD(3.1),JPN,FIN_PERSTUD,ISCED11_6T8,_T,INST_EDU,DIR_EXP,_Z,PT_B1GQ_POP,_Z,2022,48.2103906366723,W,0,0,,_Z
OECD.EDU.IMEP:DSD_EAG_UOE_FIN@DF_UOE_INDIC_FIN_PERSTUD(3.1),POL,FIN_PERSTUD,ISCED11_6T8,_T,INST_EDU,DIR_EXP,_Z,PT_B1GQ_POP,_Z,2022,35.4193101821164,A,0,0,,_Z
OECD.EDU.IMEP:DSD_EAG_UOE_FIN@DF_UOE_INDIC_FIN_PERSTUD(3.1),ITA,FIN_PERSTUD,ISCED11_6T8,_T,INST_EDU,DIR_EXP,_Z,PT_B1GQ_POP,_Z,2022,26.4320380449628,A,0,0,,_Z
OECD.EDU.IMEP:DSD_EAG_UOE_FIN@DF_UOE_INDIC_FIN_PERSTUD(3.1),PRT,FIN_PERSTUD,ISCED11_6T8,_T,INST_EDU,DIR_EXP,_Z,PT_B1GQ_POP,_Z,2022,32.4209979710208,A,0,0,,_Z
OECD.EDU.IMEP:DSD_EAG_UOE_FIN@DF_UOE_INDIC_FIN_PERSTUD(3.1),GBR,FIN_PERSTUD,ISCED11_6T8,_T,INST_EDU,DIR_EXP,_Z,PT_B1GQ_POP,_Z,2022,59.5888273249546,A,0,0,,_Z
OECD.EDU.IMEP:DSD_EAG_UOE_FIN@DF_UOE_INDIC_FIN_PERSTUD(3.1),KOR,FIN_PERSTUD,ISCED11_6T8,_T,INST_EDU,DIR_EXP,_Z,PT_B1GQ_POP,_Z,2022,29.4167394030234,A,0,0,,_Z
OECD.EDU.IMEP:DSD_EAG_UOE_FIN@DF_UOE_INDIC_FIN_PERSTUD(3.1),NLD,FIN_PERSTUD,ISCED11_6T8,_T,INST_EDU,DIR_EXP,_Z,PT_B1GQ_POP,_Z,2022,32.4732764196677,A,0,0,,_Z
OECD.EDU.IMEP:DSD_EAG_UOE_FIN@DF_UOE_INDIC_FIN_PERSTUD(3.1),ROU,FIN_PERSTUD,ISCED11_6T8,_T,INST_EDU,DIR_EXP,_Z,PT_B1GQ_POP,_Z,2022,25.8874279538794,A,0,0,,_Z
OECD.EDU.IMEP:DSD_EAG_UOE_FIN@DF_UOE_INDIC_FIN_PERSTUD(3.1),TUR,FIN_PERSTUD,ISCED11_6T8,_T,INST_EDU,DIR_EXP,_Z,PT_B1GQ_POP,_Z,2022,,K,0,0,,_Z
OECD.EDU.IMEP:DSD_EAG_UOE_FIN@DF_UOE_INDIC_FIN_PERSTUD(3.1),MEX,FIN_PERSTUD,ISCED11_6T8,_T,INST_EDU,DIR_EXP,_Z,PT_B1GQ_POP,_Z,2022,,K,0,0,,_Z
OECD.EDU.IMEP:DSD_EAG_UOE_FIN@DF_UOE_INDIC_FIN_PERSTUD(3.1),OECD,FIN_PERSTUD,ISCED11_6T8,_T,INST_EDU,DIR_EXP,_Z,PT_B1GQ_POP,_Z,2022,38.0620611357675,A,0,0,,_Z
OECD.EDU.IMEP:DSD_EAG_UOE_FIN@DF_UOE_INDIC_FIN_PERSTUD(3.1),ARG,FIN_PERSTUD,ISCED11_6T8,_T,INST_EDU,DIR_EXP,_Z,PT_B1GQ_POP,_Z,2022,,K,0,0,,_Z
OECD.EDU.IMEP:DSD_EAG_UOE_FIN@DF_UOE_INDIC_FIN_PERSTUD(3.1),PER,FIN_PERSTUD,ISCED11_6T8,_T,INST_EDU,DIR_EXP,_Z,PT_B1GQ_POP,_Z,2022,,K,0,0,,_Z
OECD.EDU.IMEP:DSD_EAG_UOE_FIN@DF_UOE_INDIC_FIN_PERSTUD(3.1),CHE,FIN_PERSTUD,ISCED11_6T8,_T,INST_EDU,DIR_EXP,_Z,PT_B1GQ_POP,_Z,2022,,O,0,0,,_Z
OECD.EDU.IMEP:DSD_EAG_UOE_FIN@DF_UOE_INDIC_FIN_PERSTUD(3.1),GRC,FIN_PERSTUD,ISCED11_6T8,_T,INST_EDU,DIR_EXP,_Z,PT_B1GQ_POP,_Z,2022,14.6193268045451,A,0,0,,_Z
OECD.EDU.IMEP:DSD_EAG_UOE_FIN@DF_UOE_INDIC_FIN_PERSTUD(3.1),GRC,FIN_PERSTUD,ISCED11_6T8,_T,INST_EDU,DIR_EXP,V,USD_PPP_ST,_Z,2022,5620.37801863849,A,0,0,,N5
OECD.EDU.IMEP:DSD_EAG_UOE_FIN@DF_UOE_INDIC_FIN_PERSTUD(3.1),BEL,FIN_PERSTUD,ISCED11_6T8,_T,INST_EDU,DIR_EXP,V,USD_PPP_ST,_Z,2022,26372.953607764,A,0,0,,N5
OECD.EDU.IMEP:DSD_EAG_UOE_FIN@DF_UOE_INDIC_FIN_PERSTUD(3.1),CAN,FIN_PERSTUD,ISCED11_6T8,_T,INST_EDU,DIR_EXP,V,USD_PPP_ST,_Z,2022,31225.2907885178,A,0,0,,N5
OECD.EDU.IMEP:DSD_EAG_UOE_FIN@DF_UOE_INDIC_FIN_PERSTUD(3.1),HUN,FIN_PERSTUD,ISCED11_6T8,_T,INST_EDU,DIR_EXP,V,USD_PPP_ST,_Z,2022,20389.8829218086,A,0,0,,N5
OECD.EDU.IMEP:DSD_EAG_UOE_FIN@DF_UOE_INDIC_FIN_PERSTUD(3.1),EST,FIN_PERSTUD,ISCED11_6T8,_T,INST_EDU,DIR_EXP,V,USD_PPP_ST,_Z,2022,19011.0706040272,A,0,0,,N5
OECD.EDU.IMEP:DSD_EAG_UOE_FIN@DF_UOE_INDIC_FIN_PERSTUD(3.1),CZE,FIN_PERSTUD,ISCED11_6T8,_T,INST_EDU,DIR_EXP,V,USD_PPP_ST,_Z,2022,17176.9246168564,A,0,0,,N5
OECD.EDU.IMEP:DSD_EAG_UOE_FIN@DF_UOE_INDIC_FIN_PERSTUD(3.1),FRA,FIN_PERSTUD,ISCED11_6T8,_T,INST_EDU,DIR_EXP,V,USD_PPP_ST,_Z,2022,21301.5148287279,A,0,0,,N5
OECD.EDU.IMEP:DSD_EAG_UOE_FIN@DF_UOE_INDIC_FIN_PERSTUD(3.1),NZL,FIN_PERSTUD,ISCED11_6T8,_T,INST_EDU,DIR_EXP,V,USD_PPP_ST,_Z,2022,19874.8443199103,A,0,0,,N5
OECD.EDU.IMEP:DSD_EAG_UOE_FIN@DF_UOE_INDIC_FIN_PERSTUD(3.1),NOR,FIN_PERSTUD,ISCED11_6T8,_T,INST_EDU,DIR_EXP,V,USD_PPP_ST,_Z,2022,30170.1434987778,A,0,0,,N5
OECD.EDU.IMEP:DSD_EAG_UOE_FIN@DF_UOE_INDIC_FIN_PERSTUD(3.1),ISR,FIN_PERSTUD,ISCED11_6T8,_T,INST_EDU,DIR_EXP,V,USD_PPP_ST,_Z,2022,19333.3983540289,A,0,0,,N5
OECD.EDU.IMEP:DSD_EAG_UOE_FIN@DF_UOE_INDIC_FIN_PERSTUD(3.1),CRI,FIN_PERSTUD,ISCED11_6T8,_T,INST_EDU,DIR_EXP,V,USD_PPP_ST,_Z,2022,,K,0,0,,N5
OECD.EDU.IMEP:DSD_EAG_UOE_FIN@DF_UOE_INDIC_FIN_PERSTUD(3.1),AUS,FIN_PERSTUD,ISCED11_6T8,_T,INST_EDU,DIR_EXP,V,USD_PPP_ST,_Z,2022,28271.8706305641,B,0,0,,N5
OECD.EDU.IMEP:DSD_EAG_UOE_FIN@DF_UOE_INDIC_FIN_PERSTUD(3.1),CHL,FIN_PERSTUD,ISCED11_6T8,_T,INST_EDU,DIR_EXP,V,USD_PPP_ST,_Z,2022,13567.3068484529,W,0,0,,N5
OECD.EDU.IMEP:DSD_EAG_UOE_FIN@DF_UOE_INDIC_FIN_PERSTUD(3.1),AUT,FIN_PERSTUD,ISCED11_6T8,_T,INST_EDU,DIR_EXP,V,USD_PPP_ST,_Z,2022,26893.8665595522,A,0,0,,N5
OECD.EDU.IMEP:DSD_EAG_UOE_FIN@DF_UOE_INDIC_FIN_PERSTUD(3.1),DEU,FIN_PERSTUD,ISCED11_6T8,_T,INST_EDU,DIR_EXP,V,USD_PPP_ST,_Z,2022,23303.2767649528,A,0,0,,N5
OECD.EDU.IMEP:DSD_EAG_UOE_FIN@DF_UOE_INDIC_FIN_PERSTUD(3.1),DNK,FIN_PERSTUD,ISCED11_6T8,_T,INST_EDU,DIR_EXP,V,USD_PPP_ST,_Z,2022,31487.6828567952,A,0,0,,N5
OECD.EDU.IMEP:DSD_EAG_UOE_FIN@DF_UOE_INDIC_FIN_PERSTUD(3.1),FIN,FIN_PERSTUD,ISCED11_6T8,_T,INST_EDU,DIR_EXP,V,USD_PPP_ST,_Z,2022,20456.2183313211,A,0,0,,N5
OECD.EDU.IMEP:DSD_EAG_UOE_FIN@DF_UOE_INDIC_FIN_PERSTUD(3.1),BRA,FIN_PERSTUD,ISCED11_6T8,_T,INST_EDU,DIR_EXP,V,USD_PPP_ST,_Z,2022,,K,0,0,,N5
OECD.EDU.IMEP:DSD_EAG_UOE_FIN@DF_UOE_INDIC_FIN_PERSTUD(3.1),LTU,FIN_PERSTUD,ISCED11_6T8,_T,INST_EDU,DIR_EXP,V,USD_PPP_ST,_Z,2022,15949.8916169621,A,0,0,,N5
OECD.EDU.IMEP:DSD_EAG_UOE_FIN@DF_UOE_INDIC_FIN_PERSTUD(3.1),FIN,FIN_PERSTUD,ISCED11_6T8,_T,INST_EDU,DIR_EXP,_Z,PT_B1GQ_POP,_Z,2022,33.3497791291135,A,0,0,,_Z
OECD.EDU.IMEP:DSD_EAG_UOE_FIN@DF_UOE_INDIC_FIN_PERSTUD(3.1),HUN,FIN_PERSTUD,ISCED11_6T8,_T,INST_EDU,DIR_EXP,_Z,PT_B1GQ_POP,_Z,2022,46.3163875939093,A,0,0,,_Z
OECD.EDU.IMEP:DSD_EAG_UOE_FIN@DF_UOE_INDIC_FIN_PERSTUD(3.1),DNK,FIN_PERSTUD,ISCED11_6T8,_T,INST_EDU,DIR_EXP,_Z,PT_B1GQ_POP,_Z,2022,40.7046580236805,A,0,0,,_Z
OECD.EDU.IMEP:DSD_EAG_UOE_FIN@DF_UOE_INDIC_FIN_PERSTUD(3.1),AUT,FIN_PERSTUD,ISCED11_6T8,_T,INST_EDU,DIR_EXP,_Z,PT_B1GQ_POP,_Z,2022,38.0669668815533,A,0,0,,_Z
OECD.EDU.IMEP:DSD_EAG_UOE_FIN@DF_UOE_INDIC_FIN_PERSTUD(3.1),EST,FIN_PERSTUD,ISCED11_6T8,_T,INST_EDU,DIR_EXP,_Z,PT_B1GQ_POP,_Z,2022,39.2679030832269,A,0,0,,_Z
OECD.EDU.IMEP:DSD_EAG_UOE_FIN@DF_UOE_INDIC_FIN_PERSTUD(3.1),CZE,FIN_PERSTUD,ISCED11_6T8,_T,INST_EDU,DIR_EXP,_Z,PT_B1GQ_POP,_Z,2022,33.4899668816213,A,0,0,,_Z
OECD.EDU.IMEP:DSD_EAG_UOE_FIN@DF_UOE_INDIC_FIN_PERSTUD(3.1),FRA,FIN_PERSTUD,ISCED11_6T8,_T,INST_EDU,DIR_EXP,_Z,PT_B1GQ_POP,_Z,2022,37.9230992473613,A,0,0,,_Z
OECD.EDU.IMEP:DSD_EAG_UOE_FIN@DF_UOE_INDIC_FIN_PERSTUD(3.1),AUS,FIN_PERSTUD,ISCED11_6T8,_T,INST_EDU,DIR_EXP,_Z,PT_B1GQ_POP,_Z,2022,40.8411221312414,B,0,0,,_Z
OECD.EDU.IMEP:DSD_EAG_UOE_FIN@DF_UOE_INDIC_FIN_PERSTUD(3.1),ISR,FIN_PERSTUD,ISCED11_6T8,_T,INST_EDU,DIR_EXP,_Z,PT_B1GQ_POP,_Z,2022,36.0690021088411,A,0,0,,_Z
OECD.EDU.IMEP:DSD_EAG_UOE_FIN@DF_UOE_INDIC_FIN_PERSTUD(3.1),NOR,FIN_PERSTUD,ISCED11_6T8,_T,INST_EDU,DIR_EXP,_Z,PT_B1GQ_POP,_Z,2022,39.3309363722471,A,0,0,,_Z
OECD.EDU.IMEP:DSD_EAG_UOE_FIN@DF_UOE_INDIC_FIN_PERSTUD(3.1),NZL,FIN_PERSTUD,ISCED11_6T8,_T,INST_EDU,DIR_EXP,_Z,PT_B1GQ_POP,_Z,2022,38.0649025968788,A,0,0,,_Z
OECD.EDU.IMEP:DSD_EAG_UOE_FIN@DF_UOE_INDIC_FIN_PERSTUD(3.1),CRI,FIN_PERSTUD,ISCED11_6T8,_T,INST_EDU,DIR_EXP,_Z,PT_B1GQ_POP,_Z,2022,,K,0,0,,_Z
OECD.EDU.IMEP:DSD_EAG_UOE_FIN@DF_UOE_INDIC_FIN_PERSTUD(3.1),CHL,FIN_PERSTUD,ISCED11_6T8,_T,INST_EDU,DIR_EXP,_Z,PT_B1GQ_POP,_Z,2022,44.5094131191956,W,0,0,,_Z
OECD.EDU.IMEP:DSD_EAG_UOE_FIN@DF_UOE_INDIC_FIN_PERSTUD(3.1),CAN,FIN_PERSTUD,ISCED11_6T8,_T,INST_EDU,DIR_EXP,_Z,PT_B1GQ_POP,_Z,2022,48.7587854274963,A,0,0,,_Z
OECD.EDU.IMEP:DSD_EAG_UOE_FIN@DF_UOE_INDIC_FIN_PERSTUD(3.1),BEL,FIN_PERSTUD,ISCED11_6T8,_T,INST_EDU,DIR_EXP,_Z,PT_B1GQ_POP,_Z,2022,38.7047065755115,A,0,0,,_Z
OECD.EDU.IMEP:DSD_EAG_UOE_FIN@DF_UOE_INDIC_FIN_PERSTUD(3.1),DEU,FIN_PERSTUD,ISCED11_6T8,_T,INST_EDU,DIR_EXP,_Z,PT_B1GQ_POP,_Z,2022,34.4774909496028,A,0,0,,_Z
OECD.EDU.IMEP:DSD_EAG_UOE_FIN@DF_UOE_INDIC_FIN_PERSTUD(3.1),BRA,FIN_PERSTUD,ISCED11_6T8,_T,INST_EDU,DIR_EXP,_Z,PT_B1GQ_POP,_Z,2022,,K,0,0,,_Z
OECD.EDU.IMEP:DSD_EAG_UOE_FIN@DF_UOE_INDIC_FIN_PERSTUD(3.1),LTU,FIN_PERSTUD,ISCED11_6T8,_T,INST_EDU,DIR_EXP,_Z,PT_B1GQ_POP,_Z,2022,31.5849443632433,A,0,0,,_Z
