DATAFLOW,MEASURE,REF_AREA,EDUCATION_LEV,EXP_SOURCE,EXP_DESTINATION,EXPENDITURE_TYPE,PRICE_BASE,UNIT_MEASURE,TIME_PERIOD,OBS_VALUE,OBS_STATUS,UNIT_MULT,DECIMALS,BASE_PER
OECD.EDU.IMEP:DSD_EAG_UOE_FIN@DF_UOE_INDIC_FIN_GDP(1.0),EXP,BEL,ISCED11_1T8,_T,INST_EDU,DIR_EXP,_Z,PT_B1GQ,2015,5.647653,A,0,1,
OECD.EDU.IMEP:DSD_EAG_UOE_FIN@DF_UOE_INDIC_FIN_GDP(1.0),EXP,BEL,ISCED11_1T8,_T,INST_EDU,DIR_EXP,_Z,PT_B1GQ,2016,5.690906,A,0,1,
OECD.EDU.IMEP:DSD_EAG_UOE_FIN@DF_UOE_INDIC_FIN_GDP(1.0),EXP,BEL,ISCED11_1T8,_T,INST_EDU,DIR_EXP,_Z,PT_B1GQ,2017,5.679932,A,0,1,
OECD.EDU.IMEP:DSD_EAG_UOE_FIN@DF_UOE_INDIC_FIN_GDP(1.0),EXP,BEL,ISCED11_1T8,_T,INST_EDU,DIR_EXP,_Z,PT_B1GQ,2018,5.648727,A,0,1,
OECD.EDU.IMEP:DSD_EAG_UOE_FIN@DF_UOE_INDIC_FIN_GDP(1.0),EXP,BEL,ISCED11_1T8,_T,INST_EDU,DIR_EXP,_Z,PT_B1GQ,2019,5.585681,A,0,1,
OECD.EDU.IMEP:DSD_EAG_UOE_FIN@DF_UOE_INDIC_FIN_GDP(1.0),EXP,BEL,ISCED11_1T8,_T,INST_EDU,DIR_EXP,_Z,PT_B1GQ,2020,6.0481319,A,0,1,
OECD.EDU.IMEP:DSD_EAG_UOE_FIN@DF_UOE_INDIC_FIN_GDP(1.0),EXP,ARG,ISCED11_1T8,_T,INST_EDU,DIR_EXP,_Z,PT_B1GQ,2015,,O,0,1,
OECD.EDU.IMEP:DSD_EAG_UOE_FIN@DF_UOE_INDIC_FIN_GDP(1.0),EXP,ARG,ISCED11_1T8,_T,INST_EDU,DIR_EXP,_Z,PT_B1GQ,2016,,O,0,1,
OECD.EDU.IMEP:DSD_EAG_UOE_FIN@DF_UOE_INDIC_FIN_GDP(1.0),EXP,ARG,ISCED11_1T8,_T,INST_EDU,DIR_EXP,_Z,PT_B1GQ,2017,,M,0,1,
OECD.EDU.IMEP:DSD_EAG_UOE_FIN@DF_UOE_INDIC_FIN_GDP(1.0),EXP,ARG,ISCED11_1T8,_T,INST_EDU,DIR_EXP,_Z,PT_B1GQ,2018,,O,0,1,
OECD.EDU.IMEP:DSD_EAG_UOE_FIN@DF_UOE_INDIC_FIN_GDP(1.0),EXP,ARG,ISCED11_1T8,_T,INST_EDU,DIR_EXP,_Z,PT_B1GQ,2019,,O,0,1,
OECD.EDU.IMEP:DSD_EAG_UOE_FIN@DF_UOE_INDIC_FIN_GDP(1.0),EXP,ARG,ISCED11_1T8,_T,INST_EDU,DIR_EXP,_Z,PT_B1GQ,2020,,O,0,1,
OECD.EDU.IMEP:DSD_EAG_UOE_FIN@DF_UOE_INDIC_FIN_GDP(1.0),EXP,FRA,ISCED11_1T8,S13,INST_EDU,DIR_EXP,_Z,PT_B1GQ,2015,4.529792,A,0,1,
OECD.EDU.IMEP:DSD_EAG_UOE_FIN@DF_UOE_INDIC_FIN_GDP(1.0),EXP,FRA,ISCED11_1T8,S13,INST_EDU,DIR_EXP,_Z,PT_B1GQ,2016,4.486509,A,0,1,
OECD.EDU.IMEP:DSD_EAG_UOE_FIN@DF_UOE_INDIC_FIN_GDP(1.0),EXP,FRA,ISCED11_1T8,S13,INST_EDU,DIR_EXP,_Z,PT_B1GQ,2017,4.513451,A,0,1,
OECD.EDU.IMEP:DSD_EAG_UOE_FIN@DF_UOE_INDIC_FIN_GDP(1.0),EXP,FRA,ISCED11_1T8,S13,INST_EDU,DIR_EXP,_Z,PT_B1GQ,2018,4.486246,A,0,1,
OECD.EDU.IMEP:DSD_EAG_UOE_FIN@DF_UOE_INDIC_FIN_GDP(1.0),EXP,FRA,ISCED11_1T8,S13,INST_EDU,DIR_EXP,_Z,PT_B1GQ,2019,4.456799,A,0,1,
OECD.EDU.IMEP:DSD_EAG_UOE_FIN@DF_UOE_INDIC_FIN_GDP(1.0),EXP,FRA,ISCED11_1T8,S13,INST_EDU,DIR_EXP,_Z,PT_B1GQ,2020,4.6983619,A,0,1,
OECD.EDU.IMEP:DSD_EAG_UOE_FIN@DF_UOE_INDIC_FIN_GDP(1.0),EXP,CZE,ISCED11_1T8,S2,INST_EDU,DIR_EXP,_Z,PT_B1GQ,2015,0.1689954,A,0,1,
OECD.EDU.IMEP:DSD_EAG_UOE_FIN@DF_UOE_INDIC_FIN_GDP(1.0),EXP,CZE,ISCED11_1T8,S2,INST_EDU,DIR_EXP,_Z,PT_B1GQ,2016,0.0366672,A,0,1,
OECD.EDU.IMEP:DSD_EAG_UOE_FIN@DF_UOE_INDIC_FIN_GDP(1.0),EXP,CZE,ISCED11_1T8,S2,INST_EDU,DIR_EXP,_Z,PT_B1GQ,2017,0.0374573,A,0,1,
OECD.EDU.IMEP:DSD_EAG_UOE_FIN@DF_UOE_INDIC_FIN_GDP(1.0),EXP,CZE,ISCED11_1T8,S2,INST_EDU,DIR_EXP,_Z,PT_B1GQ,2018,0.0752819,A,0,1,
OECD.EDU.IMEP:DSD_EAG_UOE_FIN@DF_UOE_INDIC_FIN_GDP(1.0),EXP,CZE,ISCED11_1T8,S2,INST_EDU,DIR_EXP,_Z,PT_B1GQ,2019,0.0859748,A,0,1,
OECD.EDU.IMEP:DSD_EAG_UOE_FIN@DF_UOE_INDIC_FIN_GDP(1.0),EXP,CZE,ISCED11_1T8,S2,INST_EDU,DIR_EXP,_Z,PT_B1GQ,2020,0.0772486,A,0,1,
OECD.EDU.IMEP:DSD_EAG_UOE_FIN@DF_UOE_INDIC_FIN_GDP(1.0),EXP,JPN,ISCED11_1T8,_T,INST_EDU,DIR_EXP,_Z,PT_B1GQ,2015,4.153445,W,0,1,
OECD.EDU.IMEP:DSD_EAG_UOE_FIN@DF_UOE_INDIC_FIN_GDP(1.0),EXP,JPN,ISCED11_1T8,_T,INST_EDU,DIR_EXP,_Z,PT_B1GQ,2016,3.990941,W,0,1,
OECD.EDU.IMEP:DSD_EAG_UOE_FIN@DF_UOE_INDIC_FIN_GDP(1.0),EXP,JPN,ISCED11_1T8,_T,INST_EDU,DIR_EXP,_Z,PT_B1GQ,2017,3.952326,W,0,1,
OECD.EDU.IMEP:DSD_EAG_UOE_FIN@DF_UOE_INDIC_FIN_GDP(1.0),EXP,JPN,ISCED11_1T8,_T,INST_EDU,DIR_EXP,_Z,PT_B1GQ,2018,3.906802,W,0,1,
OECD.EDU.IMEP:DSD_EAG_UOE_FIN@DF_UOE_INDIC_FIN_GDP(1.0),EXP,JPN,ISCED11_1T8,_T,INST_EDU,DIR_EXP,_Z,PT_B1GQ,2019,3.967406,W,0,1,
OECD.EDU.IMEP:DSD_EAG_UOE_FIN@DF_UOE_INDIC_FIN_GDP(1.0),EXP,JPN,ISCED11_1T8,_T,INST_EDU,DIR_EXP,_Z,PT_B1GQ,2020,4.0587382,A,0,1,
OECD.EDU.IMEP:DSD_EAG_UOE_FIN@DF_UOE_INDIC_FIN_GDP(1.0),EXP,SAU,ISCED11_1T8,S2,INST_EDU,DIR_EXP,_Z,PT_B1GQ,2015,,O,0,1,
OECD.EDU.IMEP:DSD_EAG_UOE_FIN@DF_UOE_INDIC_FIN_GDP(1.0),EXP,SAU,ISCED11_1T8,S2,INST_EDU,DIR_EXP,_Z,PT_B1GQ,2016,,O,0,1,
OECD.EDU.IMEP:DSD_EAG_UOE_FIN@DF_UOE_INDIC_FIN_GDP(1.0),EXP,SAU,ISCED11_1T8,S2,INST_EDU,DIR_EXP,_Z,PT_B1GQ,2017,,O,0,1,
OECD.EDU.IMEP:DSD_EAG_UOE_FIN@DF_UOE_INDIC_FIN_GDP(1.0),EXP,SAU,ISCED11_1T8,S2,INST_EDU,DIR_EXP,_Z,PT_B1GQ,2018,,O,0,1,
OECD.EDU.IMEP:DSD_EAG_UOE_FIN@DF_UOE_INDIC_FIN_GDP(1.0),EXP,SAU,ISCED11_1T8,S2,INST_EDU,DIR_EXP,_Z,PT_B1GQ,2019,,O,0,1,
OECD.EDU.IMEP:DSD_EAG_UOE_FIN@DF_UOE_INDIC_FIN_GDP(1.0),EXP,SAU,ISCED11_1T8,S2,INST_EDU,DIR_EXP,_Z,PT_B1GQ,2020,,O,0,1,
OECD.EDU.IMEP:DSD_EAG_UOE_FIN@DF_UOE_INDIC_FIN_GDP(1.0),EXP,EST,ISCED11_1T8,S1D_NON_EDU,INST_EDU,DIR_EXP,_Z,PT_B1GQ,2015,0.6209672,A,0,1,
OECD.EDU.IMEP:DSD_EAG_UOE_FIN@DF_UOE_INDIC_FIN_GDP(1.0),EXP,EST,ISCED11_1T8,S1D_NON_EDU,INST_EDU,DIR_EXP,_Z,PT_B1GQ,2016,0.3862026,A,0,1,
OECD.EDU.IMEP:DSD_EAG_UOE_FIN@DF_UOE_INDIC_FIN_GDP(1.0),EXP,EST,ISCED11_1T8,S1D_NON_EDU,INST_EDU,DIR_EXP,_Z,PT_B1GQ,2017,0.3313136,A,0,1,
OECD.EDU.IMEP:DSD_EAG_UOE_FIN@DF_UOE_INDIC_FIN_GDP(1.0),EXP,EST,ISCED11_1T8,S1D_NON_EDU,INST_EDU,DIR_EXP,_Z,PT_B1GQ,2018,0.3985936,A,0,1,
OECD.EDU.IMEP:DSD_EAG_UOE_FIN@DF_UOE_INDIC_FIN_GDP(1.0),EXP,EST,ISCED11_1T8,S1D_NON_EDU,INST_EDU,DIR_EXP,_Z,PT_B1GQ,2019,0.3537834,A,0,1,
OECD.EDU.IMEP:DSD_EAG_UOE_FIN@DF_UOE_INDIC_FIN_GDP(1.0),EXP,EST,ISCED11_1T8,S1D_NON_EDU,INST_EDU,DIR_EXP,_Z,PT_B1GQ,2020,0.3492738,A,0,1,
OECD.EDU.IMEP:DSD_EAG_UOE_FIN@DF_UOE_INDIC_FIN_GDP(1.0),EXP,CHL,ISCED11_1T8,S2,INST_EDU,DIR_EXP,_Z,PT_B1GQ,2015,,O,0,1,
OECD.EDU.IMEP:DSD_EAG_UOE_FIN@DF_UOE_INDIC_FIN_GDP(1.0),EXP,CHL,ISCED11_1T8,S2,INST_EDU,DIR_EXP,_Z,PT_B1GQ,2016,,M,0,1,
OECD.EDU.IMEP:DSD_EAG_UOE_FIN@DF_UOE_INDIC_FIN_GDP(1.0),EXP,CHL,ISCED11_1T8,S2,INST_EDU,DIR_EXP,_Z,PT_B1GQ,2017,,M,0,1,
OECD.EDU.IMEP:DSD_EAG_UOE_FIN@DF_UOE_INDIC_FIN_GDP(1.0),EXP,CHL,ISCED11_1T8,S2,INST_EDU,DIR_EXP,_Z,PT_B1GQ,2018,,M,0,1,
OECD.EDU.IMEP:DSD_EAG_UOE_FIN@DF_UOE_INDIC_FIN_GDP(1.0),EXP,CHL,ISCED11_1T8,S2,INST_EDU,DIR_EXP,_Z,PT_B1GQ,2019,,M,0,1,
OECD.EDU.IMEP:DSD_EAG_UOE_FIN@DF_UOE_INDIC_FIN_GDP(1.0),EXP,CHL,ISCED11_1T8,S2,INST_EDU,DIR_EXP,_Z,PT_B1GQ,2020,,M,0,1,
OECD.EDU.IMEP:DSD_EAG_UOE_FIN@DF_UOE_INDIC_FIN_GDP(1.0),EXP,GRC,ISCED11_1T8,S2,INST_EDU,DIR_EXP,_Z,PT_B1GQ,2015,0.1497297,A,0,1,
OECD.EDU.IMEP:DSD_EAG_UOE_FIN@DF_UOE_INDIC_FIN_GDP(1.0),EXP,GRC,ISCED11_1T8,S2,INST_EDU,DIR_EXP,_Z,PT_B1GQ,2016,0.0807835,A,0,1,
OECD.EDU.IMEP:DSD_EAG_UOE_FIN@DF_UOE_INDIC_FIN_GDP(1.0),EXP,GRC,ISCED11_1T8,S2,INST_EDU,DIR_EXP,_Z,PT_B1GQ,2017,0.0690015,A,0,1,
OECD.EDU.IMEP:DSD_EAG_UOE_FIN@DF_UOE_INDIC_FIN_GDP(1.0),EXP,GRC,ISCED11_1T8,S2,INST_EDU,DIR_EXP,_Z,PT_B1GQ,2018,0.0803827,A,0,1,
OECD.EDU.IMEP:DSD_EAG_UOE_FIN@DF_UOE_INDIC_FIN_GDP(1.0),EXP,GRC,ISCED11_1T8,S2,INST_EDU,DIR_EXP,_Z,PT_B1GQ,2019,0.112962,A,0,1,
OECD.EDU.IMEP:DSD_EAG_UOE_FIN@DF_UOE_INDIC_FIN_GDP(1.0),EXP,LVA,ISCED11_1T8,S1D_NON_EDU,INST_EDU,DIR_EXP,_Z,PT_B1GQ,2015,0.4108273,A,0,1,
OECD.EDU.IMEP:DSD_EAG_UOE_FIN@DF_UOE_INDIC_FIN_GDP(1.0),EXP,LVA,ISCED11_1T8,S1D_NON_EDU,INST_EDU,DIR_EXP,_Z,PT_B1GQ,2016,0.3953524,A,0,1,
OECD.EDU.IMEP:DSD_EAG_UOE_FIN@DF_UOE_INDIC_FIN_GDP(1.0),EXP,LVA,ISCED11_1T8,S1D_NON_EDU,INST_EDU,DIR_EXP,_Z,PT_B1GQ,2017,0.4912311,A,0,1,
OECD.EDU.IMEP:DSD_EAG_UOE_FIN@DF_UOE_INDIC_FIN_GDP(1.0),EXP,LVA,ISCED11_1T8,S1D_NON_EDU,INST_EDU,DIR_EXP,_Z,PT_B1GQ,2018,0.5323354,A,0,1,
OECD.EDU.IMEP:DSD_EAG_UOE_FIN@DF_UOE_INDIC_FIN_GDP(1.0),EXP,LVA,ISCED11_1T8,S1D_NON_EDU,INST_EDU,DIR_EXP,_Z,PT_B1GQ,2019,0.6310231,A,0,1,
OECD.EDU.IMEP:DSD_EAG_UOE_FIN@DF_UOE_INDIC_FIN_GDP(1.0),EXP,LVA,ISCED11_1T8,S1D_NON_EDU,INST_EDU,DIR_EXP,_Z,PT_B1GQ,2020,0.62150377,A,0,1,
OECD.EDU.IMEP:DSD_EAG_UOE_FIN@DF_UOE_INDIC_FIN_GDP(1.0),EXP,MEX,ISCED11_1T8,S2,INST_EDU,DIR_EXP,_Z,PT_B1GQ,2015,,K,0,1,
OECD.EDU.IMEP:DSD_EAG_UOE_FIN@DF_UOE_INDIC_FIN_GDP(1.0),EXP,MEX,ISCED11_1T8,S2,INST_EDU,DIR_EXP,_Z,PT_B1GQ,2016,,K,0,1,
OECD.EDU.IMEP:DSD_EAG_UOE_FIN@DF_UOE_INDIC_FIN_GDP(1.0),EXP,MEX,ISCED11_1T8,S2,INST_EDU,DIR_EXP,_Z,PT_B1GQ,2017,0.0,A,0,1,
OECD.EDU.IMEP:DSD_EAG_UOE_FIN@DF_UOE_INDIC_FIN_GDP(1.0),EXP,MEX,ISCED11_1T8,S2,INST_EDU,DIR_EXP,_Z,PT_B1GQ,2018,0.0,A,0,1,
OECD.EDU.IMEP:DSD_EAG_UOE_FIN@DF_UOE_INDIC_FIN_GDP(1.0),EXP,MEX,ISCED11_1T8,S2,INST_EDU,DIR_EXP,_Z,PT_B1GQ,2019,0.0,A,0,1,
OECD.EDU.IMEP:DSD_EAG_UOE_FIN@DF_UOE_INDIC_FIN_GDP(1.0),EXP,MEX,ISCED11_1T8,S2,INST_EDU,DIR_EXP,_Z,PT_B1GQ,2020,0.0,A,0,1,
OECD.EDU.IMEP:DSD_EAG_UOE_FIN@DF_UOE_INDIC_FIN_GDP(1.0),EXP,IND,ISCED11_1T8,S13,INST_EDU,DIR_EXP,_Z,PT_B1GQ,2015,3.704027,A,0,1,
OECD.EDU.IMEP:DSD_EAG_UOE_FIN@DF_UOE_INDIC_FIN_GDP(1.0),EXP,IND,ISCED11_1T8,S13,INST_EDU,DIR_EXP,_Z,PT_B1GQ,2016,,O,0,1,
OECD.EDU.IMEP:DSD_EAG_UOE_FIN@DF_UOE_INDIC_FIN_GDP(1.0),EXP,IND,ISCED11_1T8,S13,INST_EDU,DIR_EXP,_Z,PT_B1GQ,2017,,O,0,1,
OECD.EDU.IMEP:DSD_EAG_UOE_FIN@DF_UOE_INDIC_FIN_GDP(1.0),EXP,IND,ISCED11_1T8,S13,INST_EDU,DIR_EXP,_Z,PT_B1GQ,2018,,O,0,1,
OECD.EDU.IMEP:DSD_EAG_UOE_FIN@DF_UOE_INDIC_FIN_GDP(1.0),EXP,IND,ISCED11_1T8,S13,INST_EDU,DIR_EXP,_Z,PT_B1GQ,2019,,O,0,1,
OECD.EDU.IMEP:DSD_EAG_UOE_FIN@DF_UOE_INDIC_FIN_GDP(1.0),EXP,IND,ISCED11_1T8,S13,INST_EDU,DIR_EXP,_Z,PT_B1GQ,2020,,O,0,1,
OECD.EDU.IMEP:DSD_EAG_UOE_FIN@DF_UOE_INDIC_FIN_GDP(1.0),EXP,PRT,ISCED11_1T8,S2,INST_EDU,DIR_EXP,_Z,PT_B1GQ,2015,0.2324037,W,0,1,
OECD.EDU.IMEP:DSD_EAG_UOE_FIN@DF_UOE_INDIC_FIN_GDP(1.0),EXP,PRT,ISCED11_1T8,S2,INST_EDU,DIR_EXP,_Z,PT_B1GQ,2016,0.1706781,A,0,1,
OECD.EDU.IMEP:DSD_EAG_UOE_FIN@DF_UOE_INDIC_FIN_GDP(1.0),EXP,PRT,ISCED11_1T8,S2,INST_EDU,DIR_EXP,_Z,PT_B1GQ,2017,0.0875867,A,0,1,
OECD.EDU.IMEP:DSD_EAG_UOE_FIN@DF_UOE_INDIC_FIN_GDP(1.0),EXP,PRT,ISCED11_1T8,S2,INST_EDU,DIR_EXP,_Z,PT_B1GQ,2018,0.1946874,A,0,1,
OECD.EDU.IMEP:DSD_EAG_UOE_FIN@DF_UOE_INDIC_FIN_GDP(1.0),EXP,PRT,ISCED11_1T8,S2,INST_EDU,DIR_EXP,_Z,PT_B1GQ,2019,0.1128106,A,0,1,
OECD.EDU.IMEP:DSD_EAG_UOE_FIN@DF_UOE_INDIC_FIN_GDP(1.0),EXP,PRT,ISCED11_1T8,S2,INST_EDU,DIR_EXP,_Z,PT_B1GQ,2020,0.1118875,A,0,1,
OECD.EDU.IMEP:DSD_EAG_UOE_FIN@DF_UOE_INDIC_FIN_GDP(1.0),EXP,SWE,ISCED11_1T8,S1D_NON_EDU,INST_EDU,DIR_EXP,_Z,PT_B1GQ,2015,0.1800118,A,0,1,
OECD.EDU.IMEP:DSD_EAG_UOE_FIN@DF_UOE_INDIC_FIN_GDP(1.0),EXP,SWE,ISCED11_1T8,S1D_NON_EDU,INST_EDU,DIR_EXP,_Z,PT_B1GQ,2016,0.1868567,A,0,1,
OECD.EDU.IMEP:DSD_EAG_UOE_FIN@DF_UOE_INDIC_FIN_GDP(1.0),EXP,SWE,ISCED11_1T8,S1D_NON_EDU,INST_EDU,DIR_EXP,_Z,PT_B1GQ,2017,0.1817807,A,0,1,
OECD.EDU.IMEP:DSD_EAG_UOE_FIN@DF_UOE_INDIC_FIN_GDP(1.0),EXP,SWE,ISCED11_1T8,S1D_NON_EDU,INST_EDU,DIR_EXP,_Z,PT_B1GQ,2018,0.1871249,A,0,1,
OECD.EDU.IMEP:DSD_EAG_UOE_FIN@DF_UOE_INDIC_FIN_GDP(1.0),EXP,SWE,ISCED11_1T8,S1D_NON_EDU,INST_EDU,DIR_EXP,_Z,PT_B1GQ,2019,0.1943998,A,0,1,
OECD.EDU.IMEP:DSD_EAG_UOE_FIN@DF_UOE_INDIC_FIN_GDP(1.0),EXP,SWE,ISCED11_1T8,S1D_NON_EDU,INST_EDU,DIR_EXP,_Z,PT_B1GQ,2020,0.18924861,A,0,1,
OECD.EDU.IMEP:DSD_EAG_UOE_FIN@DF_UOE_INDIC_FIN_GDP(1.0),EXP,PRT,ISCED11_1T8,S1D_NON_EDU,INST_EDU,DIR_EXP,_Z,PT_B1GQ,2015,0.8550139,W,0,1,
OECD.EDU.IMEP:DSD_EAG_UOE_FIN@DF_UOE_INDIC_FIN_GDP(1.0),EXP,PRT,ISCED11_1T8,S1D_NON_EDU,INST_EDU,DIR_EXP,_Z,PT_B1GQ,2016,0.8019242,A,0,1,
OECD.EDU.IMEP:DSD_EAG_UOE_FIN@DF_UOE_INDIC_FIN_GDP(1.0),EXP,PRT,ISCED11_1T8,S1D_NON_EDU,INST_EDU,DIR_EXP,_Z,PT_B1GQ,2017,0.8303481,A,0,1,
OECD.EDU.IMEP:DSD_EAG_UOE_FIN@DF_UOE_INDIC_FIN_GDP(1.0),EXP,PRT,ISCED11_1T8,S1D_NON_EDU,INST_EDU,DIR_EXP,_Z,PT_B1GQ,2018,0.7717373,A,0,1,
OECD.EDU.IMEP:DSD_EAG_UOE_FIN@DF_UOE_INDIC_FIN_GDP(1.0),EXP,PRT,ISCED11_1T8,S1D_NON_EDU,INST_EDU,DIR_EXP,_Z,PT_B1GQ,2019,0.740744,A,0,1,
OECD.EDU.IMEP:DSD_EAG_UOE_FIN@DF_UOE_INDIC_FIN_GDP(1.0),EXP,PRT,ISCED11_1T8,S1D_NON_EDU,INST_EDU,DIR_EXP,_Z,PT_B1GQ,2020,0.84523499,A,0,1,
OECD.EDU.IMEP:DSD_EAG_UOE_FIN@DF_UOE_INDIC_FIN_GDP(1.0),EXP,FIN,ISCED11_1T8,_T,INST_EDU,DIR_EXP,_Z,PT_B1GQ,2015,5.680052,A,0,1,
OECD.EDU.IMEP:DSD_EAG_UOE_FIN@DF_UOE_INDIC_FIN_GDP(1.0),EXP,FIN,ISCED11_1T8,_T,INST_EDU,DIR_EXP,_Z,PT_B1GQ,2016,5.512632,A,0,1,
OECD.EDU.IMEP:DSD_EAG_UOE_FIN@DF_UOE_INDIC_FIN_GDP(1.0),EXP,FIN,ISCED11_1T8,_T,INST_EDU,DIR_EXP,_Z,PT_B1GQ,2017,5.182091,A,0,1,
OECD.EDU.IMEP:DSD_EAG_UOE_FIN@DF_UOE_INDIC_FIN_GDP(1.0),EXP,FIN,ISCED11_1T8,_T,INST_EDU,DIR_EXP,_Z,PT_B1GQ,2018,5.145586,A,0,1,
OECD.EDU.IMEP:DSD_EAG_UOE_FIN@DF_UOE_INDIC_FIN_GDP(1.0),EXP,FIN,ISCED11_1T8,_T,INST_EDU,DIR_EXP,_Z,PT_B1GQ,2019,5.242933,A,0,1,
OECD.EDU.IMEP:DSD_EAG_UOE_FIN@DF_UOE_INDIC_FIN_GDP(1.0),EXP,FIN,ISCED11_1T8,_T,INST_EDU,DIR_EXP,_Z,PT_B1GQ,2020,5.4414549,A,0,1,
OECD.EDU.IMEP:DSD_EAG_UOE_FIN@DF_UOE_INDIC_FIN_GDP(1.0),EXP,BEL,ISCED11_1T8,S13,INST_EDU,DIR_EXP,_Z,PT_B1GQ,2015,5.274794,A,0,1,
OECD.EDU.IMEP:DSD_EAG_UOE_FIN@DF_UOE_INDIC_FIN_GDP(1.0),EXP,BEL,ISCED11_1T8,S13,INST_EDU,DIR_EXP,_Z,PT_B1GQ,2016,5.275895,A,0,1,
OECD.EDU.IMEP:DSD_EAG_UOE_FIN@DF_UOE_INDIC_FIN_GDP(1.0),EXP,BEL,ISCED11_1T8,S13,INST_EDU,DIR_EXP,_Z,PT_B1GQ,2017,5.263385,A,0,1,
OECD.EDU.IMEP:DSD_EAG_UOE_FIN@DF_UOE_INDIC_FIN_GDP(1.0),EXP,BEL,ISCED11_1T8,S13,INST_EDU,DIR_EXP,_Z,PT_B1GQ,2018,5.244685,A,0,1,
OECD.EDU.IMEP:DSD_EAG_UOE_FIN@DF_UOE_INDIC_FIN_GDP(1.0),EXP,BEL,ISCED11_1T8,S13,INST_EDU,DIR_EXP,_Z,PT_B1GQ,2019,5.183709,A,0,1,
OECD.EDU.IMEP:DSD_EAG_UOE_FIN@DF_UOE_INDIC_FIN_GDP(1.0),EXP,BEL,ISCED11_1T8,S13,INST_EDU,DIR_EXP,_Z,PT_B1GQ,2020,5.6229949,A,0,1,
OECD.EDU.IMEP:DSD_EAG_UOE_FIN@DF_UOE_INDIC_FIN_GDP(1.0),EXP,CZE,ISCED11_1T8,_T,INST_EDU,DIR_EXP,_Z,PT_B1GQ,2015,3.778251,A,0,1,
OECD.EDU.IMEP:DSD_EAG_UOE_FIN@DF_UOE_INDIC_FIN_GDP(1.0),EXP,CZE,ISCED11_1T8,_T,INST_EDU,DIR_EXP,_Z,PT_B1GQ,2016,3.440815,A,0,1,
OECD.EDU.IMEP:DSD_EAG_UOE_FIN@DF_UOE_INDIC_FIN_GDP(1.0),EXP,CZE,ISCED11_1T8,_T,INST_EDU,DIR_EXP,_Z,PT_B1GQ,2017,3.58535,A,0,1,
OECD.EDU.IMEP:DSD_EAG_UOE_FIN@DF_UOE_INDIC_FIN_GDP(1.0),EXP,CZE,ISCED11_1T8,_T,INST_EDU,DIR_EXP,_Z,PT_B1GQ,2018,4.098183,A,0,1,
OECD.EDU.IMEP:DSD_EAG_UOE_FIN@DF_UOE_INDIC_FIN_GDP(1.0),EXP,CZE,ISCED11_1T8,_T,INST_EDU,DIR_EXP,_Z,PT_B1GQ,2019,4.347249,A,0,1,
OECD.EDU.IMEP:DSD_EAG_UOE_FIN@DF_UOE_INDIC_FIN_GDP(1.0),EXP,CZE,ISCED11_1T8,_T,INST_EDU,DIR_EXP,_Z,PT_B1GQ,2020,4.486846,A,0,1,
OECD.EDU.IMEP:DSD_EAG_UOE_FIN@DF_UOE_INDIC_FIN_GDP(1.0),EXP,GBR,ISCED11_1T8,S1D_NON_EDU,INST_EDU,DIR_EXP,_Z,PT_B1GQ,2015,1.94193,A,0,1,
OECD.EDU.IMEP:DSD_EAG_UOE_FIN@DF_UOE_INDIC_FIN_GDP(1.0),EXP,GBR,ISCED11_1T8,S1D_NON_EDU,INST_EDU,DIR_EXP,_Z,PT_B1GQ,2016,1.953969,A,0,1,
OECD.EDU.IMEP:DSD_EAG_UOE_FIN@DF_UOE_INDIC_FIN_GDP(1.0),EXP,GBR,ISCED11_1T8,S1D_NON_EDU,INST_EDU,DIR_EXP,_Z,PT_B1GQ,2017,2.049733,A,0,1,
OECD.EDU.IMEP:DSD_EAG_UOE_FIN@DF_UOE_INDIC_FIN_GDP(1.0),EXP,GBR,ISCED11_1T8,S1D_NON_EDU,INST_EDU,DIR_EXP,_Z,PT_B1GQ,2018,2.122235,A,0,1,
OECD.EDU.IMEP:DSD_EAG_UOE_FIN@DF_UOE_INDIC_FIN_GDP(1.0),EXP,GBR,ISCED11_1T8,S1D_NON_EDU,INST_EDU,DIR_EXP,_Z,PT_B1GQ,2019,2.094024,A,0,1,
OECD.EDU.IMEP:DSD_EAG_UOE_FIN@DF_UOE_INDIC_FIN_GDP(1.0),EXP,GBR,ISCED11_1T8,S1D_NON_EDU,INST_EDU,DIR_EXP,_Z,PT_B1GQ,2020,2.0287509,A,0,1,
OECD.EDU.IMEP:DSD_EAG_UOE_FIN@DF_UOE_INDIC_FIN_GDP(1.0),EXP,COL,ISCED11_1T8,S1D_NON_EDU,INST_EDU,DIR_EXP,_Z,PT_B1GQ,2015,1.872374,W,0,1,
OECD.EDU.IMEP:DSD_EAG_UOE_FIN@DF_UOE_INDIC_FIN_GDP(1.0),EXP,COL,ISCED11_1T8,S1D_NON_EDU,INST_EDU,DIR_EXP,_Z,PT_B1GQ,2016,2.40328,W,0,1,
OECD.EDU.IMEP:DSD_EAG_UOE_FIN@DF_UOE_INDIC_FIN_GDP(1.0),EXP,COL,ISCED11_1T8,S1D_NON_EDU,INST_EDU,DIR_EXP,_Z,PT_B1GQ,2017,1.723475,W,0,1,
OECD.EDU.IMEP:DSD_EAG_UOE_FIN@DF_UOE_INDIC_FIN_GDP(1.0),EXP,COL,ISCED11_1T8,S1D_NON_EDU,INST_EDU,DIR_EXP,_Z,PT_B1GQ,2018,1.926523,A,0,1,
OECD.EDU.IMEP:DSD_EAG_UOE_FIN@DF_UOE_INDIC_FIN_GDP(1.0),EXP,COL,ISCED11_1T8,S1D_NON_EDU,INST_EDU,DIR_EXP,_Z,PT_B1GQ,2019,1.856138,A,0,1,
OECD.EDU.IMEP:DSD_EAG_UOE_FIN@DF_UOE_INDIC_FIN_GDP(1.0),EXP,COL,ISCED11_1T8,S1D_NON_EDU,INST_EDU,DIR_EXP,_Z,PT_B1GQ,2020,2.045022,A,0,1,
OECD.EDU.IMEP:DSD_EAG_UOE_FIN@DF_UOE_INDIC_FIN_GDP(1.0),EXP,BRA,ISCED11_1T8,S13,INST_EDU,DIR_EXP,_Z,PT_B1GQ,2015,5.023868,A,0,1,
OECD.EDU.IMEP:DSD_EAG_UOE_FIN@DF_UOE_INDIC_FIN_GDP(1.0),EXP,BRA,ISCED11_1T8,S13,INST_EDU,DIR_EXP,_Z,PT_B1GQ,2016,5.109763,A,0,1,
OECD.EDU.IMEP:DSD_EAG_UOE_FIN@DF_UOE_INDIC_FIN_GDP(1.0),EXP,BRA,ISCED11_1T8,S13,INST_EDU,DIR_EXP,_Z,PT_B1GQ,2017,5.110239,A,0,1,
OECD.EDU.IMEP:DSD_EAG_UOE_FIN@DF_UOE_INDIC_FIN_GDP(1.0),EXP,BRA,ISCED11_1T8,S13,INST_EDU,DIR_EXP,_Z,PT_B1GQ,2018,4.953937,A,0,1,
OECD.EDU.IMEP:DSD_EAG_UOE_FIN@DF_UOE_INDIC_FIN_GDP(1.0),EXP,BRA,ISCED11_1T8,S13,INST_EDU,DIR_EXP,_Z,PT_B1GQ,2019,4.890216,A,0,1,
OECD.EDU.IMEP:DSD_EAG_UOE_FIN@DF_UOE_INDIC_FIN_GDP(1.0),EXP,BRA,ISCED11_1T8,S13,INST_EDU,DIR_EXP,_Z,PT_B1GQ,2020,4.585742,A,0,1,
OECD.EDU.IMEP:DSD_EAG_UOE_FIN@DF_UOE_INDIC_FIN_GDP(1.0),EXP,NOR,ISCED11_1T8,S13,INST_EDU,DIR_EXP,_Z,PT_B1GQ,2015,6.297311,B,0,1,
OECD.EDU.IMEP:DSD_EAG_UOE_FIN@DF_UOE_INDIC_FIN_GDP(1.0),EXP,NOR,ISCED11_1T8,S13,INST_EDU,DIR_EXP,_Z,PT_B1GQ,2016,6.393994,B,0,1,
OECD.EDU.IMEP:DSD_EAG_UOE_FIN@DF_UOE_INDIC_FIN_GDP(1.0),EXP,NOR,ISCED11_1T8,S13,INST_EDU,DIR_EXP,_Z,PT_B1GQ,2017,6.444083,B,0,1,
OECD.EDU.IMEP:DSD_EAG_UOE_FIN@DF_UOE_INDIC_FIN_GDP(1.0),EXP,NOR,ISCED11_1T8,S13,INST_EDU,DIR_EXP,_Z,PT_B1GQ,2018,6.444828,A,0,1,
OECD.EDU.IMEP:DSD_EAG_UOE_FIN@DF_UOE_INDIC_FIN_GDP(1.0),EXP,NOR,ISCED11_1T8,S13,INST_EDU,DIR_EXP,_Z,PT_B1GQ,2019,6.384842,A,0,1,
OECD.EDU.IMEP:DSD_EAG_UOE_FIN@DF_UOE_INDIC_FIN_GDP(1.0),EXP,NOR,ISCED11_1T8,S13,INST_EDU,DIR_EXP,_Z,PT_B1GQ,2020,6.4693551,A,0,1,
OECD.EDU.IMEP:DSD_EAG_UOE_FIN@DF_UOE_INDIC_FIN_GDP(1.0),EXP,CRI,ISCED11_1T8,_T,INST_EDU,DIR_EXP,_Z,PT_B1GQ,2015,,O,0,1,
OECD.EDU.IMEP:DSD_EAG_UOE_FIN@DF_UOE_INDIC_FIN_GDP(1.0),EXP,CRI,ISCED11_1T8,_T,INST_EDU,DIR_EXP,_Z,PT_B1GQ,2016,,O,0,1,
OECD.EDU.IMEP:DSD_EAG_UOE_FIN@DF_UOE_INDIC_FIN_GDP(1.0),EXP,CRI,ISCED11_1T8,_T,INST_EDU,DIR_EXP,_Z,PT_B1GQ,2017,,O,0,1,
OECD.EDU.IMEP:DSD_EAG_UOE_FIN@DF_UOE_INDIC_FIN_GDP(1.0),EXP,CRI,ISCED11_1T8,_T,INST_EDU,DIR_EXP,_Z,PT_B1GQ,2018,,O,0,1,
OECD.EDU.IMEP:DSD_EAG_UOE_FIN@DF_UOE_INDIC_FIN_GDP(1.0),EXP,CRI,ISCED11_1T8,_T,INST_EDU,DIR_EXP,_Z,PT_B1GQ,2019,,O,0,1,
OECD.EDU.IMEP:DSD_EAG_UOE_FIN@DF_UOE_INDIC_FIN_GDP(1.0),EXP,CRI,ISCED11_1T8,_T,INST_EDU,DIR_EXP,_Z,PT_B1GQ,2020,,O,0,1,
OECD.EDU.IMEP:DSD_EAG_UOE_FIN@DF_UOE_INDIC_FIN_GDP(1.0),EXP,HUN,ISCED11_1T8,S13,INST_EDU,DIR_EXP,_Z,PT_B1GQ,2015,3.17041,A,0,1,
OECD.EDU.IMEP:DSD_EAG_UOE_FIN@DF_UOE_INDIC_FIN_GDP(1.0),EXP,HUN,ISCED11_1T8,S13,INST_EDU,DIR_EXP,_Z,PT_B1GQ,2016,3.463819,A,0,1,
OECD.EDU.IMEP:DSD_EAG_UOE_FIN@DF_UOE_INDIC_FIN_GDP(1.0),EXP,HUN,ISCED11_1T8,S13,INST_EDU,DIR_EXP,_Z,PT_B1GQ,2017,3.310632,A,0,1,
OECD.EDU.IMEP:DSD_EAG_UOE_FIN@DF_UOE_INDIC_FIN_GDP(1.0),EXP,HUN,ISCED11_1T8,S13,INST_EDU,DIR_EXP,_Z,PT_B1GQ,2018,3.263484,A,0,1,
OECD.EDU.IMEP:DSD_EAG_UOE_FIN@DF_UOE_INDIC_FIN_GDP(1.0),EXP,HUN,ISCED11_1T8,S13,INST_EDU,DIR_EXP,_Z,PT_B1GQ,2019,3.047234,A,0,1,
OECD.EDU.IMEP:DSD_EAG_UOE_FIN@DF_UOE_INDIC_FIN_GDP(1.0),EXP,HUN,ISCED11_1T8,S13,INST_EDU,DIR_EXP,_Z,PT_B1GQ,2020,3.018132,A,0,1,
OECD.EDU.IMEP:DSD_EAG_UOE_FIN@DF_UOE_INDIC_FIN_GDP(1.0),EXP,LUX,ISCED11_1T8,S13,INST_EDU,DIR_EXP,_Z,PT_B1GQ,2015,3.157058,A,0,1,
OECD.EDU.IMEP:DSD_EAG_UOE_FIN@DF_UOE_INDIC_FIN_GDP(1.0),EXP,LUX,ISCED11_1T8,S13,INST_EDU,DIR_EXP,_Z,PT_B1GQ,2016,2.88748,A,0,1,
OECD.EDU.IMEP:DSD_EAG_UOE_FIN@DF_UOE_INDIC_FIN_GDP(1.0),EXP,LUX,ISCED11_1T8,S13,INST_EDU,DIR_EXP,_Z,PT_B1GQ,2017,2.95995,A,0,1,
OECD.EDU.IMEP:DSD_EAG_UOE_FIN@DF_UOE_INDIC_FIN_GDP(1.0),EXP,LUX,ISCED11_1T8,S13,INST_EDU,DIR_EXP,_Z,PT_B1GQ,2018,2.943137,A,0,1,
OECD.EDU.IMEP:DSD_EAG_UOE_FIN@DF_UOE_INDIC_FIN_GDP(1.0),EXP,LUX,ISCED11_1T8,S13,INST_EDU,DIR_EXP,_Z,PT_B1GQ,2019,3.152045,A,0,1,
OECD.EDU.IMEP:DSD_EAG_UOE_FIN@DF_UOE_INDIC_FIN_GDP(1.0),EXP,LUX,ISCED11_1T8,S13,INST_EDU,DIR_EXP,_Z,PT_B1GQ,2020,3.245379,A,0,1,
OECD.EDU.IMEP:DSD_EAG_UOE_FIN@DF_UOE_INDIC_FIN_GDP(1.0),EXP,DNK,ISCED11_1T8,_T,INST_EDU,DIR_EXP,_Z,PT_B1GQ,2015,,O,0,1,
OECD.EDU.IMEP:DSD_EAG_UOE_FIN@DF_UOE_INDIC_FIN_GDP(1.0),EXP,DNK,ISCED11_1T8,_T,INST_EDU,DIR_EXP,_Z,PT_B1GQ,2016,6.045436,A,0,1,
OECD.EDU.IMEP:DSD_EAG_UOE_FIN@DF_UOE_INDIC_FIN_GDP(1.0),EXP,DNK,ISCED11_1T8,_T,INST_EDU,DIR_EXP,_Z,PT_B1GQ,2017,5.755089,A,0,1,
OECD.EDU.IMEP:DSD_EAG_UOE_FIN@DF_UOE_INDIC_FIN_GDP(1.0),EXP,DNK,ISCED11_1T8,_T,INST_EDU,DIR_EXP,_Z,PT_B1GQ,2018,5.774094,A,0,1,
OECD.EDU.IMEP:DSD_EAG_UOE_FIN@DF_UOE_INDIC_FIN_GDP(1.0),EXP,DNK,ISCED11_1T8,_T,INST_EDU,DIR_EXP,_Z,PT_B1GQ,2019,5.794921,A,0,1,
OECD.EDU.IMEP:DSD_EAG_UOE_FIN@DF_UOE_INDIC_FIN_GDP(1.0),EXP,DNK,ISCED11_1T8,_T,INST_EDU,DIR_EXP,_Z,PT_B1GQ,2020,5.8080292,A,0,1,
OECD.EDU.IMEP:DSD_EAG_UOE_FIN@DF_UOE_INDIC_FIN_GDP(1.0),EXP,NLD,ISCED11_1T8,_T,INST_EDU,DIR_EXP,_Z,PT_B1GQ,2015,5.307201,A,0,1,
OECD.EDU.IMEP:DSD_EAG_UOE_FIN@DF_UOE_INDIC_FIN_GDP(1.0),EXP,NLD,ISCED11_1T8,_T,INST_EDU,DIR_EXP,_Z,PT_B1GQ,2016,5.220699,A,0,1,
OECD.EDU.IMEP:DSD_EAG_UOE_FIN@DF_UOE_INDIC_FIN_GDP(1.0),EXP,NLD,ISCED11_1T8,_T,INST_EDU,DIR_EXP,_Z,PT_B1GQ,2017,5.166924,A,0,1,
OECD.EDU.IMEP:DSD_EAG_UOE_FIN@DF_UOE_INDIC_FIN_GDP(1.0),EXP,NLD,ISCED11_1T8,_T,INST_EDU,DIR_EXP,_Z,PT_B1GQ,2018,5.156971,A,0,1,
OECD.EDU.IMEP:DSD_EAG_UOE_FIN@DF_UOE_INDIC_FIN_GDP(1.0),EXP,NLD,ISCED11_1T8,_T,INST_EDU,DIR_EXP,_Z,PT_B1GQ,2019,5.102827,A,0,1,
OECD.EDU.IMEP:DSD_EAG_UOE_FIN@DF_UOE_INDIC_FIN_GDP(1.0),EXP,NLD,ISCED11_1T8,_T,INST_EDU,DIR_EXP,_Z,PT_B1GQ,2020,5.3626609,A,0,1,
OECD.EDU.IMEP:DSD_EAG_UOE_FIN@DF_UOE_INDIC_FIN_GDP(1.0),EXP,TUR,ISCED11_1T8,_T,INST_EDU,DIR_EXP,_Z,PT_B1GQ,2015,5.077522,A,0,1,
OECD.EDU.IMEP:DSD_EAG_UOE_FIN@DF_UOE_INDIC_FIN_GDP(1.0),EXP,TUR,ISCED11_1T8,_T,INST_EDU,DIR_EXP,_Z,PT_B1GQ,2016,5.402641,A,0,1,
OECD.EDU.IMEP:DSD_EAG_UOE_FIN@DF_UOE_INDIC_FIN_GDP(1.0),EXP,TUR,ISCED11_1T8,_T,INST_EDU,DIR_EXP,_Z,PT_B1GQ,2017,4.974149,A,0,1,
OECD.EDU.IMEP:DSD_EAG_UOE_FIN@DF_UOE_INDIC_FIN_GDP(1.0),EXP,TUR,ISCED11_1T8,_T,INST_EDU,DIR_EXP,_Z,PT_B1GQ,2018,5.069618,A,0,1,
OECD.EDU.IMEP:DSD_EAG_UOE_FIN@DF_UOE_INDIC_FIN_GDP(1.0),EXP,TUR,ISCED11_1T8,_T,INST_EDU,DIR_EXP,_Z,PT_B1GQ,2019,5.239873,A,0,1,
OECD.EDU.IMEP:DSD_EAG_UOE_FIN@DF_UOE_INDIC_FIN_GDP(1.0),EXP,TUR,ISCED11_1T8,_T,INST_EDU,DIR_EXP,_Z,PT_B1GQ,2020,4.7309942,A,0,1,
OECD.EDU.IMEP:DSD_EAG_UOE_FIN@DF_UOE_INDIC_FIN_GDP(1.0),EXP,ESP,ISCED11_1T8,S1D_NON_EDU,INST_EDU,DIR_EXP,_Z,PT_B1GQ,2015,0.825474,A,0,1,
OECD.EDU.IMEP:DSD_EAG_UOE_FIN@DF_UOE_INDIC_FIN_GDP(1.0),EXP,ESP,ISCED11_1T8,S1D_NON_EDU,INST_EDU,DIR_EXP,_Z,PT_B1GQ,2016,0.8264994,A,0,1,
OECD.EDU.IMEP:DSD_EAG_UOE_FIN@DF_UOE_INDIC_FIN_GDP(1.0),EXP,ESP,ISCED11_1T8,S1D_NON_EDU,INST_EDU,DIR_EXP,_Z,PT_B1GQ,2017,0.806284,A,0,1,
OECD.EDU.IMEP:DSD_EAG_UOE_FIN@DF_UOE_INDIC_FIN_GDP(1.0),EXP,ESP,ISCED11_1T8,S1D_NON_EDU,INST_EDU,DIR_EXP,_Z,PT_B1GQ,2018,0.8359723,A,0,1,
OECD.EDU.IMEP:DSD_EAG_UOE_FIN@DF_UOE_INDIC_FIN_GDP(1.0),EXP,ESP,ISCED11_1T8,S1D_NON_EDU,INST_EDU,DIR_EXP,_Z,PT_B1GQ,2019,0.8278127,A,0,1,
OECD.EDU.IMEP:DSD_EAG_UOE_FIN@DF_UOE_INDIC_FIN_GDP(1.0),EXP,ESP,ISCED11_1T8,S1D_NON_EDU,INST_EDU,DIR_EXP,_Z,PT_B1GQ,2020,0.90320551,A,0,1,
OECD.EDU.IMEP:DSD_EAG_UOE_FIN@DF_UOE_INDIC_FIN_GDP(1.0),EXP,AUT,ISCED11_1T8,S13,INST_EDU,DIR_EXP,_Z,PT_B1GQ,2015,4.614255,A,0,1,
OECD.EDU.IMEP:DSD_EAG_UOE_FIN@DF_UOE_INDIC_FIN_GDP(1.0),EXP,AUT,ISCED11_1T8,S13,INST_EDU,DIR_EXP,_Z,PT_B1GQ,2016,4.619664,A,0,1,
OECD.EDU.IMEP:DSD_EAG_UOE_FIN@DF_UOE_INDIC_FIN_GDP(1.0),EXP,AUT,ISCED11_1T8,S13,INST_EDU,DIR_EXP,_Z,PT_B1GQ,2017,4.501811,A,0,1,
OECD.EDU.IMEP:DSD_EAG_UOE_FIN@DF_UOE_INDIC_FIN_GDP(1.0),EXP,AUT,ISCED11_1T8,S13,INST_EDU,DIR_EXP,_Z,PT_B1GQ,2018,4.379692,A,0,1,
OECD.EDU.IMEP:DSD_EAG_UOE_FIN@DF_UOE_INDIC_FIN_GDP(1.0),EXP,AUT,ISCED11_1T8,S13,INST_EDU,DIR_EXP,_Z,PT_B1GQ,2019,4.357822,A,0,1,
OECD.EDU.IMEP:DSD_EAG_UOE_FIN@DF_UOE_INDIC_FIN_GDP(1.0),EXP,AUT,ISCED11_1T8,S13,INST_EDU,DIR_EXP,_Z,PT_B1GQ,2020,4.5966821,A,0,1,
OECD.EDU.IMEP:DSD_EAG_UOE_FIN@DF_UOE_INDIC_FIN_GDP(1.0),EXP,DEU,ISCED11_1T8,_T,INST_EDU,DIR_EXP,_Z,PT_B1GQ,2015,4.249793,A,0,1,
OECD.EDU.IMEP:DSD_EAG_UOE_FIN@DF_UOE_INDIC_FIN_GDP(1.0),EXP,DEU,ISCED11_1T8,_T,INST_EDU,DIR_EXP,_Z,PT_B1GQ,2016,4.205211,A,0,1,
OECD.EDU.IMEP:DSD_EAG_UOE_FIN@DF_UOE_INDIC_FIN_GDP(1.0),EXP,DEU,ISCED11_1T8,_T,INST_EDU,DIR_EXP,_Z,PT_B1GQ,2017,4.192521,A,0,1,
OECD.EDU.IMEP:DSD_EAG_UOE_FIN@DF_UOE_INDIC_FIN_GDP(1.0),EXP,DEU,ISCED11_1T8,_T,INST_EDU,DIR_EXP,_Z,PT_B1GQ,2018,4.238696,A,0,1,
OECD.EDU.IMEP:DSD_EAG_UOE_FIN@DF_UOE_INDIC_FIN_GDP(1.0),EXP,DEU,ISCED11_1T8,_T,INST_EDU,DIR_EXP,_Z,PT_B1GQ,2019,4.336894,W,0,1,
OECD.EDU.IMEP:DSD_EAG_UOE_FIN@DF_UOE_INDIC_FIN_GDP(1.0),EXP,DEU,ISCED11_1T8,_T,INST_EDU,DIR_EXP,_Z,PT_B1GQ,2020,4.6002889,A,0,1,
OECD.EDU.IMEP:DSD_EAG_UOE_FIN@DF_UOE_INDIC_FIN_GDP(1.0),EXP,EU25,ISCED11_1T8,S2,INST_EDU,DIR_EXP,_Z,PT_B1GQ,2015,0.07997812,A,0,1,
OECD.EDU.IMEP:DSD_EAG_UOE_FIN@DF_UOE_INDIC_FIN_GDP(1.0),EXP,EU25,ISCED11_1T8,S2,INST_EDU,DIR_EXP,_Z,PT_B1GQ,2016,0.05608388,A,0,1,
OECD.EDU.IMEP:DSD_EAG_UOE_FIN@DF_UOE_INDIC_FIN_GDP(1.0),EXP,EU25,ISCED11_1T8,S2,INST_EDU,DIR_EXP,_Z,PT_B1GQ,2017,0.06056131,A,0,1,
OECD.EDU.IMEP:DSD_EAG_UOE_FIN@DF_UOE_INDIC_FIN_GDP(1.0),EXP,EU25,ISCED11_1T8,S2,INST_EDU,DIR_EXP,_Z,PT_B1GQ,2018,0.07344265,A,0,1,
OECD.EDU.IMEP:DSD_EAG_UOE_FIN@DF_UOE_INDIC_FIN_GDP(1.0),EXP,EU25,ISCED11_1T8,S2,INST_EDU,DIR_EXP,_Z,PT_B1GQ,2019,0.06954309,A,0,1,
OECD.EDU.IMEP:DSD_EAG_UOE_FIN@DF_UOE_INDIC_FIN_GDP(1.0),EXP,EU25,ISCED11_1T8,S2,INST_EDU,DIR_EXP,_Z,PT_B1GQ,2020,0.06545426,A,0,1,
OECD.EDU.IMEP:DSD_EAG_UOE_FIN@DF_UOE_INDIC_FIN_GDP(1.0),EXP,IRL,ISCED11_1T8,S13,INST_EDU,DIR_EXP,_Z,PT_B1GQ,2015,2.992905,A,0,1,
OECD.EDU.IMEP:DSD_EAG_UOE_FIN@DF_UOE_INDIC_FIN_GDP(1.0),EXP,IRL,ISCED11_1T8,S13,INST_EDU,DIR_EXP,_Z,PT_B1GQ,2016,2.974171,A,0,1,
OECD.EDU.IMEP:DSD_EAG_UOE_FIN@DF_UOE_INDIC_FIN_GDP(1.0),EXP,IRL,ISCED11_1T8,S13,INST_EDU,DIR_EXP,_Z,PT_B1GQ,2017,2.842527,A,0,1,
OECD.EDU.IMEP:DSD_EAG_UOE_FIN@DF_UOE_INDIC_FIN_GDP(1.0),EXP,IRL,ISCED11_1T8,S13,INST_EDU,DIR_EXP,_Z,PT_B1GQ,2018,2.760657,A,0,1,
OECD.EDU.IMEP:DSD_EAG_UOE_FIN@DF_UOE_INDIC_FIN_GDP(1.0),EXP,IRL,ISCED11_1T8,S13,INST_EDU,DIR_EXP,_Z,PT_B1GQ,2019,2.684359,A,0,1,
OECD.EDU.IMEP:DSD_EAG_UOE_FIN@DF_UOE_INDIC_FIN_GDP(1.0),EXP,IRL,ISCED11_1T8,S13,INST_EDU,DIR_EXP,_Z,PT_B1GQ,2020,2.7165821,A,0,1,
OECD.EDU.IMEP:DSD_EAG_UOE_FIN@DF_UOE_INDIC_FIN_GDP(1.0),EXP,GRC,ISCED11_1T8,S13,INST_EDU,DIR_EXP,_Z,PT_B1GQ,2015,3.360186,A,0,1,
OECD.EDU.IMEP:DSD_EAG_UOE_FIN@DF_UOE_INDIC_FIN_GDP(1.0),EXP,GRC,ISCED11_1T8,S13,INST_EDU,DIR_EXP,_Z,PT_B1GQ,2016,3.260586,A,0,1,
OECD.EDU.IMEP:DSD_EAG_UOE_FIN@DF_UOE_INDIC_FIN_GDP(1.0),EXP,GRC,ISCED11_1T8,S13,INST_EDU,DIR_EXP,_Z,PT_B1GQ,2017,3.184782,A,0,1,
OECD.EDU.IMEP:DSD_EAG_UOE_FIN@DF_UOE_INDIC_FIN_GDP(1.0),EXP,GRC,ISCED11_1T8,S13,INST_EDU,DIR_EXP,_Z,PT_B1GQ,2018,3.296461,A,0,1,
OECD.EDU.IMEP:DSD_EAG_UOE_FIN@DF_UOE_INDIC_FIN_GDP(1.0),EXP,GRC,ISCED11_1T8,S13,INST_EDU,DIR_EXP,_Z,PT_B1GQ,2019,3.280154,A,0,1,
OECD.EDU.IMEP:DSD_EAG_UOE_FIN@DF_UOE_INDIC_FIN_GDP(1.0),EXP,MEX,ISCED11_1T8,S1D_NON_EDU,INST_EDU,DIR_EXP,_Z,PT_B1GQ,2015,1.063587,W,0,1,
OECD.EDU.IMEP:DSD_EAG_UOE_FIN@DF_UOE_INDIC_FIN_GDP(1.0),EXP,MEX,ISCED11_1T8,S1D_NON_EDU,INST_EDU,DIR_EXP,_Z,PT_B1GQ,2016,1.122822,W,0,1,
OECD.EDU.IMEP:DSD_EAG_UOE_FIN@DF_UOE_INDIC_FIN_GDP(1.0),EXP,MEX,ISCED11_1T8,S1D_NON_EDU,INST_EDU,DIR_EXP,_Z,PT_B1GQ,2017,0.7242438,A,0,1,
OECD.EDU.IMEP:DSD_EAG_UOE_FIN@DF_UOE_INDIC_FIN_GDP(1.0),EXP,MEX,ISCED11_1T8,S1D_NON_EDU,INST_EDU,DIR_EXP,_Z,PT_B1GQ,2018,1.199671,A,0,1,
OECD.EDU.IMEP:DSD_EAG_UOE_FIN@DF_UOE_INDIC_FIN_GDP(1.0),EXP,MEX,ISCED11_1T8,S1D_NON_EDU,INST_EDU,DIR_EXP,_Z,PT_B1GQ,2019,1.210295,A,0,1,
OECD.EDU.IMEP:DSD_EAG_UOE_FIN@DF_UOE_INDIC_FIN_GDP(1.0),EXP,MEX,ISCED11_1T8,S1D_NON_EDU,INST_EDU,DIR_EXP,_Z,PT_B1GQ,2020,0.82784033,A,0,1,
OECD.EDU.IMEP:DSD_EAG_UOE_FIN@DF_UOE_INDIC_FIN_GDP(1.0),EXP,FRA,ISCED11_1T8,S1D_NON_EDU,INST_EDU,DIR_EXP,_Z,PT_B1GQ,2015,0.6401563,A,0,1,
OECD.EDU.IMEP:DSD_EAG_UOE_FIN@DF_UOE_INDIC_FIN_GDP(1.0),EXP,FRA,ISCED11_1T8,S1D_NON_EDU,INST_EDU,DIR_EXP,_Z,PT_B1GQ,2016,0.6531539,A,0,1,
OECD.EDU.IMEP:DSD_EAG_UOE_FIN@DF_UOE_INDIC_FIN_GDP(1.0),EXP,FRA,ISCED11_1T8,S1D_NON_EDU,INST_EDU,DIR_EXP,_Z,PT_B1GQ,2017,0.6541888,A,0,1,
OECD.EDU.IMEP:DSD_EAG_UOE_FIN@DF_UOE_INDIC_FIN_GDP(1.0),EXP,FRA,ISCED11_1T8,S1D_NON_EDU,INST_EDU,DIR_EXP,_Z,PT_B1GQ,2018,0.6605672,A,0,1,
OECD.EDU.IMEP:DSD_EAG_UOE_FIN@DF_UOE_INDIC_FIN_GDP(1.0),EXP,FRA,ISCED11_1T8,S1D_NON_EDU,INST_EDU,DIR_EXP,_Z,PT_B1GQ,2019,0.6707895,A,0,1,
OECD.EDU.IMEP:DSD_EAG_UOE_FIN@DF_UOE_INDIC_FIN_GDP(1.0),EXP,FRA,ISCED11_1T8,S1D_NON_EDU,INST_EDU,DIR_EXP,_Z,PT_B1GQ,2020,0.74094909,A,0,1,
OECD.EDU.IMEP:DSD_EAG_UOE_FIN@DF_UOE_INDIC_FIN_GDP(1.0),EXP,ZAF,ISCED11_1T8,S2,INST_EDU,DIR_EXP,_Z,PT_B1GQ,2015,,O,0,1,
OECD.EDU.IMEP:DSD_EAG_UOE_FIN@DF_UOE_INDIC_FIN_GDP(1.0),EXP,ZAF,ISCED11_1T8,S2,INST_EDU,DIR_EXP,_Z,PT_B1GQ,2016,,O,0,1,
OECD.EDU.IMEP:DSD_EAG_UOE_FIN@DF_UOE_INDIC_FIN_GDP(1.0),EXP,ZAF,ISCED11_1T8,S2,INST_EDU,DIR_EXP,_Z,PT_B1GQ,2017,,O,0,1,
OECD.EDU.IMEP:DSD_EAG_UOE_FIN@DF_UOE_INDIC_FIN_GDP(1.0),EXP,ZAF,ISCED11_1T8,S2,INST_EDU,DIR_EXP,_Z,PT_B1GQ,2018,,O,0,1,
OECD.EDU.IMEP:DSD_EAG_UOE_FIN@DF_UOE_INDIC_FIN_GDP(1.0),EXP,ZAF,ISCED11_1T8,S2,INST_EDU,DIR_EXP,_Z,PT_B1GQ,2019,,O,0,1,
OECD.EDU.IMEP:DSD_EAG_UOE_FIN@DF_UOE_INDIC_FIN_GDP(1.0),EXP,ZAF,ISCED11_1T8,S2,INST_EDU,DIR_EXP,_Z,PT_B1GQ,2020,,O,0,1,
OECD.EDU.IMEP:DSD_EAG_UOE_FIN@DF_UOE_INDIC_FIN_GDP(1.0),EXP,COL,ISCED11_1T8,_T,INST_EDU,DIR_EXP,_Z,PT_B1GQ,2015,5.786284,W,0,1,
OECD.EDU.IMEP:DSD_EAG_UOE_FIN@DF_UOE_INDIC_FIN_GDP(1.0),EXP,COL,ISCED11_1T8,_T,INST_EDU,DIR_EXP,_Z,PT_B1GQ,2016,6.268327,W,0,1,
OECD.EDU.IMEP:DSD_EAG_UOE_FIN@DF_UOE_INDIC_FIN_GDP(1.0),EXP,COL,ISCED11_1T8,_T,INST_EDU,DIR_EXP,_Z,PT_B1GQ,2017,5.681655,W,0,1,
OECD.EDU.IMEP:DSD_EAG_UOE_FIN@DF_UOE_INDIC_FIN_GDP(1.0),EXP,COL,ISCED11_1T8,_T,INST_EDU,DIR_EXP,_Z,PT_B1GQ,2018,5.868555,A,0,1,
OECD.EDU.IMEP:DSD_EAG_UOE_FIN@DF_UOE_INDIC_FIN_GDP(1.0),EXP,COL,ISCED11_1T8,_T,INST_EDU,DIR_EXP,_Z,PT_B1GQ,2019,5.742437,A,0,1,
OECD.EDU.IMEP:DSD_EAG_UOE_FIN@DF_UOE_INDIC_FIN_GDP(1.0),EXP,COL,ISCED11_1T8,_T,INST_EDU,DIR_EXP,_Z,PT_B1GQ,2020,6.6430149,A,0,1,
OECD.EDU.IMEP:DSD_EAG_UOE_FIN@DF_UOE_INDIC_FIN_GDP(1.0),EXP,GBR,ISCED11_1T8,S13,INST_EDU,DIR_EXP,_Z,PT_B1GQ,2015,4.317359,A,0,1,
OECD.EDU.IMEP:DSD_EAG_UOE_FIN@DF_UOE_INDIC_FIN_GDP(1.0),EXP,GBR,ISCED11_1T8,S13,INST_EDU,DIR_EXP,_Z,PT_B1GQ,2016,4.207101,A,0,1,
OECD.EDU.IMEP:DSD_EAG_UOE_FIN@DF_UOE_INDIC_FIN_GDP(1.0),EXP,GBR,ISCED11_1T8,S13,INST_EDU,DIR_EXP,_Z,PT_B1GQ,2017,4.118119,A,0,1,
OECD.EDU.IMEP:DSD_EAG_UOE_FIN@DF_UOE_INDIC_FIN_GDP(1.0),EXP,GBR,ISCED11_1T8,S13,INST_EDU,DIR_EXP,_Z,PT_B1GQ,2018,3.88886,A,0,1,
OECD.EDU.IMEP:DSD_EAG_UOE_FIN@DF_UOE_INDIC_FIN_GDP(1.0),EXP,GBR,ISCED11_1T8,S13,INST_EDU,DIR_EXP,_Z,PT_B1GQ,2019,3.913041,A,0,1,
OECD.EDU.IMEP:DSD_EAG_UOE_FIN@DF_UOE_INDIC_FIN_GDP(1.0),EXP,GBR,ISCED11_1T8,S13,INST_EDU,DIR_EXP,_Z,PT_B1GQ,2020,4.2093091,A,0,1,
OECD.EDU.IMEP:DSD_EAG_UOE_FIN@DF_UOE_INDIC_FIN_GDP(1.0),EXP,OECD,ISCED11_1T8,S1D_NON_EDU,INST_EDU,DIR_EXP,_Z,PT_B1GQ,2015,0.8291183,A,0,1,
OECD.EDU.IMEP:DSD_EAG_UOE_FIN@DF_UOE_INDIC_FIN_GDP(1.0),EXP,OECD,ISCED11_1T8,S1D_NON_EDU,INST_EDU,DIR_EXP,_Z,PT_B1GQ,2016,0.8655472,A,0,1,
OECD.EDU.IMEP:DSD_EAG_UOE_FIN@DF_UOE_INDIC_FIN_GDP(1.0),EXP,OECD,ISCED11_1T8,S1D_NON_EDU,INST_EDU,DIR_EXP,_Z,PT_B1GQ,2017,0.8114197,A,0,1,
OECD.EDU.IMEP:DSD_EAG_UOE_FIN@DF_UOE_INDIC_FIN_GDP(1.0),EXP,OECD,ISCED11_1T8,S1D_NON_EDU,INST_EDU,DIR_EXP,_Z,PT_B1GQ,2018,0.8407217,A,0,1,
OECD.EDU.IMEP:DSD_EAG_UOE_FIN@DF_UOE_INDIC_FIN_GDP(1.0),EXP,OECD,ISCED11_1T8,S1D_NON_EDU,INST_EDU,DIR_EXP,_Z,PT_B1GQ,2019,0.8337435,A,0,1,
OECD.EDU.IMEP:DSD_EAG_UOE_FIN@DF_UOE_INDIC_FIN_GDP(1.0),EXP,OECD,ISCED11_1T8,S1D_NON_EDU,INST_EDU,DIR_EXP,_Z,PT_B1GQ,2020,0.8208571,A,0,1,
OECD.EDU.IMEP:DSD_EAG_UOE_FIN@DF_UOE_INDIC_FIN_GDP(1.0),EXP,ISR,ISCED11_1T8,S1D_NON_EDU,INST_EDU,DIR_EXP,_Z,PT_B1GQ,2015,1.037716,A,0,1,
OECD.EDU.IMEP:DSD_EAG_UOE_FIN@DF_UOE_INDIC_FIN_GDP(1.0),EXP,ISR,ISCED11_1T8,S1D_NON_EDU,INST_EDU,DIR_EXP,_Z,PT_B1GQ,2016,1.171327,A,0,1,
OECD.EDU.IMEP:DSD_EAG_UOE_FIN@DF_UOE_INDIC_FIN_GDP(1.0),EXP,ISR,ISCED11_1T8,S1D_NON_EDU,INST_EDU,DIR_EXP,_Z,PT_B1GQ,2017,1.055815,A,0,1,
OECD.EDU.IMEP:DSD_EAG_UOE_FIN@DF_UOE_INDIC_FIN_GDP(1.0),EXP,ISR,ISCED11_1T8,S1D_NON_EDU,INST_EDU,DIR_EXP,_Z,PT_B1GQ,2018,1.20315,A,0,1,
OECD.EDU.IMEP:DSD_EAG_UOE_FIN@DF_UOE_INDIC_FIN_GDP(1.0),EXP,ISR,ISCED11_1T8,S1D_NON_EDU,INST_EDU,DIR_EXP,_Z,PT_B1GQ,2019,1.204503,A,0,1,
OECD.EDU.IMEP:DSD_EAG_UOE_FIN@DF_UOE_INDIC_FIN_GDP(1.0),EXP,ISR,ISCED11_1T8,S1D_NON_EDU,INST_EDU,DIR_EXP,_Z,PT_B1GQ,2020,1.012839,A,0,1,
OECD.EDU.IMEP:DSD_EAG_UOE_FIN@DF_UOE_INDIC_FIN_GDP(1.0),EXP,ROU,ISCED11_1T8,S13,INST_EDU,DIR_EXP,_Z,PT_B1GQ,2015,2.324851,A,0,1,
OECD.EDU.IMEP:DSD_EAG_UOE_FIN@DF_UOE_INDIC_FIN_GDP(1.0),EXP,ROU,ISCED11_1T8,S13,INST_EDU,DIR_EXP,_Z,PT_B1GQ,2016,2.244905,A,0,1,
OECD.EDU.IMEP:DSD_EAG_UOE_FIN@DF_UOE_INDIC_FIN_GDP(1.0),EXP,ROU,ISCED11_1T8,S13,INST_EDU,DIR_EXP,_Z,PT_B1GQ,2017,2.266428,A,0,1,
OECD.EDU.IMEP:DSD_EAG_UOE_FIN@DF_UOE_INDIC_FIN_GDP(1.0),EXP,ROU,ISCED11_1T8,S13,INST_EDU,DIR_EXP,_Z,PT_B1GQ,2018,2.353821,A,0,1,
OECD.EDU.IMEP:DSD_EAG_UOE_FIN@DF_UOE_INDIC_FIN_GDP(1.0),EXP,ROU,ISCED11_1T8,S13,INST_EDU,DIR_EXP,_Z,PT_B1GQ,2019,2.654925,A,0,1,
OECD.EDU.IMEP:DSD_EAG_UOE_FIN@DF_UOE_INDIC_FIN_GDP(1.0),EXP,ROU,ISCED11_1T8,S13,INST_EDU,DIR_EXP,_Z,PT_B1GQ,2020,2.641006,A,0,1,
OECD.EDU.IMEP:DSD_EAG_UOE_FIN@DF_UOE_INDIC_FIN_GDP(1.0),EXP,HRV,ISCED11_1T8,_T,INST_EDU,DIR_EXP,_Z,PT_B1GQ,2015,,O,0,1,
OECD.EDU.IMEP:DSD_EAG_UOE_FIN@DF_UOE_INDIC_FIN_GDP(1.0),EXP,HRV,ISCED11_1T8,_T,INST_EDU,DIR_EXP,_Z,PT_B1GQ,2016,3.793269,A,0,1,
OECD.EDU.IMEP:DSD_EAG_UOE_FIN@DF_UOE_INDIC_FIN_GDP(1.0),EXP,HRV,ISCED11_1T8,_T,INST_EDU,DIR_EXP,_Z,PT_B1GQ,2017,3.803296,A,0,1,
OECD.EDU.IMEP:DSD_EAG_UOE_FIN@DF_UOE_INDIC_FIN_GDP(1.0),EXP,HRV,ISCED11_1T8,_T,INST_EDU,DIR_EXP,_Z,PT_B1GQ,2018,3.876173,A,0,1,
OECD.EDU.IMEP:DSD_EAG_UOE_FIN@DF_UOE_INDIC_FIN_GDP(1.0),EXP,HRV,ISCED11_1T8,_T,INST_EDU,DIR_EXP,_Z,PT_B1GQ,2019,3.802269,A,0,1,
OECD.EDU.IMEP:DSD_EAG_UOE_FIN@DF_UOE_INDIC_FIN_GDP(1.0),EXP,HRV,ISCED11_1T8,_T,INST_EDU,DIR_EXP,_Z,PT_B1GQ,2020,4.1919122,A,0,1,
OECD.EDU.IMEP:DSD_EAG_UOE_FIN@DF_UOE_INDIC_FIN_GDP(1.0),EXP,HRV,ISCED11_1T8,S13,INST_EDU,DIR_EXP,_Z,PT_B1GQ,2015,2.895953,A,0,1,
OECD.EDU.IMEP:DSD_EAG_UOE_FIN@DF_UOE_INDIC_FIN_GDP(1.0),EXP,HRV,ISCED11_1T8,S13,INST_EDU,DIR_EXP,_Z,PT_B1GQ,2016,3.268705,A,0,1,
OECD.EDU.IMEP:DSD_EAG_UOE_FIN@DF_UOE_INDIC_FIN_GDP(1.0),EXP,HRV,ISCED11_1T8,S13,INST_EDU,DIR_EXP,_Z,PT_B1GQ,2017,3.245902,A,0,1,
OECD.EDU.IMEP:DSD_EAG_UOE_FIN@DF_UOE_INDIC_FIN_GDP(1.0),EXP,HRV,ISCED11_1T8,S13,INST_EDU,DIR_EXP,_Z,PT_B1GQ,2018,3.302544,A,0,1,
OECD.EDU.IMEP:DSD_EAG_UOE_FIN@DF_UOE_INDIC_FIN_GDP(1.0),EXP,HRV,ISCED11_1T8,S13,INST_EDU,DIR_EXP,_Z,PT_B1GQ,2019,3.291799,A,0,1,
OECD.EDU.IMEP:DSD_EAG_UOE_FIN@DF_UOE_INDIC_FIN_GDP(1.0),EXP,HRV,ISCED11_1T8,S13,INST_EDU,DIR_EXP,_Z,PT_B1GQ,2020,3.7283781,A,0,1,
OECD.EDU.IMEP:DSD_EAG_UOE_FIN@DF_UOE_INDIC_FIN_GDP(1.0),EXP,COL,ISCED11_1T8,S2,INST_EDU,DIR_EXP,_Z,PT_B1GQ,2015,0.0041857,W,0,1,
OECD.EDU.IMEP:DSD_EAG_UOE_FIN@DF_UOE_INDIC_FIN_GDP(1.0),EXP,COL,ISCED11_1T8,S2,INST_EDU,DIR_EXP,_Z,PT_B1GQ,2016,0.002695,W,0,1,
OECD.EDU.IMEP:DSD_EAG_UOE_FIN@DF_UOE_INDIC_FIN_GDP(1.0),EXP,COL,ISCED11_1T8,S2,INST_EDU,DIR_EXP,_Z,PT_B1GQ,2017,0.002529,W,0,1,
OECD.EDU.IMEP:DSD_EAG_UOE_FIN@DF_UOE_INDIC_FIN_GDP(1.0),EXP,COL,ISCED11_1T8,S2,INST_EDU,DIR_EXP,_Z,PT_B1GQ,2018,0.0011355,A,0,1,
OECD.EDU.IMEP:DSD_EAG_UOE_FIN@DF_UOE_INDIC_FIN_GDP(1.0),EXP,COL,ISCED11_1T8,S2,INST_EDU,DIR_EXP,_Z,PT_B1GQ,2019,0.0022182,A,0,1,
OECD.EDU.IMEP:DSD_EAG_UOE_FIN@DF_UOE_INDIC_FIN_GDP(1.0),EXP,COL,ISCED11_1T8,S2,INST_EDU,DIR_EXP,_Z,PT_B1GQ,2020,0.002356,A,0,1,
OECD.EDU.IMEP:DSD_EAG_UOE_FIN@DF_UOE_INDIC_FIN_GDP(1.0),EXP,AUT,ISCED11_1T8,S1D_NON_EDU,INST_EDU,DIR_EXP,_Z,PT_B1GQ,2015,0.2523798,A,0,1,
OECD.EDU.IMEP:DSD_EAG_UOE_FIN@DF_UOE_INDIC_FIN_GDP(1.0),EXP,AUT,ISCED11_1T8,S1D_NON_EDU,INST_EDU,DIR_EXP,_Z,PT_B1GQ,2016,0.2548193,A,0,1,
OECD.EDU.IMEP:DSD_EAG_UOE_FIN@DF_UOE_INDIC_FIN_GDP(1.0),EXP,AUT,ISCED11_1T8,S1D_NON_EDU,INST_EDU,DIR_EXP,_Z,PT_B1GQ,2017,0.2826985,A,0,1,
OECD.EDU.IMEP:DSD_EAG_UOE_FIN@DF_UOE_INDIC_FIN_GDP(1.0),EXP,AUT,ISCED11_1T8,S1D_NON_EDU,INST_EDU,DIR_EXP,_Z,PT_B1GQ,2018,0.3121379,A,0,1,
OECD.EDU.IMEP:DSD_EAG_UOE_FIN@DF_UOE_INDIC_FIN_GDP(1.0),EXP,AUT,ISCED11_1T8,S1D_NON_EDU,INST_EDU,DIR_EXP,_Z,PT_B1GQ,2019,0.3215196,A,0,1,
OECD.EDU.IMEP:DSD_EAG_UOE_FIN@DF_UOE_INDIC_FIN_GDP(1.0),EXP,AUT,ISCED11_1T8,S1D_NON_EDU,INST_EDU,DIR_EXP,_Z,PT_B1GQ,2020,0.31190661,A,0,1,
OECD.EDU.IMEP:DSD_EAG_UOE_FIN@DF_UOE_INDIC_FIN_GDP(1.0),EXP,BRA,ISCED11_1T8,_T,INST_EDU,DIR_EXP,_Z,PT_B1GQ,2015,,O,0,1,
OECD.EDU.IMEP:DSD_EAG_UOE_FIN@DF_UOE_INDIC_FIN_GDP(1.0),EXP,BRA,ISCED11_1T8,_T,INST_EDU,DIR_EXP,_Z,PT_B1GQ,2016,,O,0,1,
OECD.EDU.IMEP:DSD_EAG_UOE_FIN@DF_UOE_INDIC_FIN_GDP(1.0),EXP,BRA,ISCED11_1T8,_T,INST_EDU,DIR_EXP,_Z,PT_B1GQ,2017,,O,0,1,
OECD.EDU.IMEP:DSD_EAG_UOE_FIN@DF_UOE_INDIC_FIN_GDP(1.0),EXP,BRA,ISCED11_1T8,_T,INST_EDU,DIR_EXP,_Z,PT_B1GQ,2018,,O,0,1,
OECD.EDU.IMEP:DSD_EAG_UOE_FIN@DF_UOE_INDIC_FIN_GDP(1.0),EXP,BRA,ISCED11_1T8,_T,INST_EDU,DIR_EXP,_Z,PT_B1GQ,2019,,O,0,1,
OECD.EDU.IMEP:DSD_EAG_UOE_FIN@DF_UOE_INDIC_FIN_GDP(1.0),EXP,BRA,ISCED11_1T8,_T,INST_EDU,DIR_EXP,_Z,PT_B1GQ,2020,,O,0,1,
OECD.EDU.IMEP:DSD_EAG_UOE_FIN@DF_UOE_INDIC_FIN_GDP(1.0),EXP,CHN,ISCED11_1T8,_T,INST_EDU,DIR_EXP,_Z,PT_B1GQ,2015,,O,0,1,
OECD.EDU.IMEP:DSD_EAG_UOE_FIN@DF_UOE_INDIC_FIN_GDP(1.0),EXP,CHN,ISCED11_1T8,_T,INST_EDU,DIR_EXP,_Z,PT_B1GQ,2016,,O,0,1,
OECD.EDU.IMEP:DSD_EAG_UOE_FIN@DF_UOE_INDIC_FIN_GDP(1.0),EXP,CHN,ISCED11_1T8,_T,INST_EDU,DIR_EXP,_Z,PT_B1GQ,2017,,O,0,1,
OECD.EDU.IMEP:DSD_EAG_UOE_FIN@DF_UOE_INDIC_FIN_GDP(1.0),EXP,CHN,ISCED11_1T8,_T,INST_EDU,DIR_EXP,_Z,PT_B1GQ,2018,,O,0,1,
OECD.EDU.IMEP:DSD_EAG_UOE_FIN@DF_UOE_INDIC_FIN_GDP(1.0),EXP,CHN,ISCED11_1T8,_T,INST_EDU,DIR_EXP,_Z,PT_B1GQ,2019,,O,0,1,
OECD.EDU.IMEP:DSD_EAG_UOE_FIN@DF_UOE_INDIC_FIN_GDP(1.0),EXP,CHN,ISCED11_1T8,_T,INST_EDU,DIR_EXP,_Z,PT_B1GQ,2020,,O,0,1,
OECD.EDU.IMEP:DSD_EAG_UOE_FIN@DF_UOE_INDIC_FIN_GDP(1.0),EXP,TUR,ISCED11_1T8,S13,INST_EDU,DIR_EXP,_Z,PT_B1GQ,2015,3.810099,A,0,1,
OECD.EDU.IMEP:DSD_EAG_UOE_FIN@DF_UOE_INDIC_FIN_GDP(1.0),EXP,TUR,ISCED11_1T8,S13,INST_EDU,DIR_EXP,_Z,PT_B1GQ,2016,4.029684,A,0,1,
OECD.EDU.IMEP:DSD_EAG_UOE_FIN@DF_UOE_INDIC_FIN_GDP(1.0),EXP,TUR,ISCED11_1T8,S13,INST_EDU,DIR_EXP,_Z,PT_B1GQ,2017,3.74591,A,0,1,
OECD.EDU.IMEP:DSD_EAG_UOE_FIN@DF_UOE_INDIC_FIN_GDP(1.0),EXP,TUR,ISCED11_1T8,S13,INST_EDU,DIR_EXP,_Z,PT_B1GQ,2018,3.675453,A,0,1,
OECD.EDU.IMEP:DSD_EAG_UOE_FIN@DF_UOE_INDIC_FIN_GDP(1.0),EXP,TUR,ISCED11_1T8,S13,INST_EDU,DIR_EXP,_Z,PT_B1GQ,2019,3.816484,A,0,1,
OECD.EDU.IMEP:DSD_EAG_UOE_FIN@DF_UOE_INDIC_FIN_GDP(1.0),EXP,TUR,ISCED11_1T8,S13,INST_EDU,DIR_EXP,_Z,PT_B1GQ,2020,3.492228,A,0,1,
OECD.EDU.IMEP:DSD_EAG_UOE_FIN@DF_UOE_INDIC_FIN_GDP(1.0),EXP,ISR,ISCED11_1T8,S2,INST_EDU,DIR_EXP,_Z,PT_B1GQ,2015,0.0,A,0,1,
OECD.EDU.IMEP:DSD_EAG_UOE_FIN@DF_UOE_INDIC_FIN_GDP(1.0),EXP,ISR,ISCED11_1T8,S2,INST_EDU,DIR_EXP,_Z,PT_B1GQ,2016,0.0,A,0,1,
OECD.EDU.IMEP:DSD_EAG_UOE_FIN@DF_UOE_INDIC_FIN_GDP(1.0),EXP,ISR,ISCED11_1T8,S2,INST_EDU,DIR_EXP,_Z,PT_B1GQ,2017,0.0,A,0,1,
OECD.EDU.IMEP:DSD_EAG_UOE_FIN@DF_UOE_INDIC_FIN_GDP(1.0),EXP,ISR,ISCED11_1T8,S2,INST_EDU,DIR_EXP,_Z,PT_B1GQ,2018,0.0,A,0,1,
OECD.EDU.IMEP:DSD_EAG_UOE_FIN@DF_UOE_INDIC_FIN_GDP(1.0),EXP,ISR,ISCED11_1T8,S2,INST_EDU,DIR_EXP,_Z,PT_B1GQ,2019,0.0,A,0,1,
OECD.EDU.IMEP:DSD_EAG_UOE_FIN@DF_UOE_INDIC_FIN_GDP(1.0),EXP,ISR,ISCED11_1T8,S2,INST_EDU,DIR_EXP,_Z,PT_B1GQ,2020,0.0,A,0,1,
OECD.EDU.IMEP:DSD_EAG_UOE_FIN@DF_UOE_INDIC_FIN_GDP(1.0),EXP,CAN,ISCED11_1T8,S13,INST_EDU,DIR_EXP,_Z,PT_B1GQ,2015,4.369971,A,0,1,
OECD.EDU.IMEP:DSD_EAG_UOE_FIN@DF_UOE_INDIC_FIN_GDP(1.0),EXP,CAN,ISCED11_1T8,S13,INST_EDU,DIR_EXP,_Z,PT_B1GQ,2016,4.509711,A,0,1,
OECD.EDU.IMEP:DSD_EAG_UOE_FIN@DF_UOE_INDIC_FIN_GDP(1.0),EXP,CAN,ISCED11_1T8,S13,INST_EDU,DIR_EXP,_Z,PT_B1GQ,2017,4.507942,A,0,1,
OECD.EDU.IMEP:DSD_EAG_UOE_FIN@DF_UOE_INDIC_FIN_GDP(1.0),EXP,CAN,ISCED11_1T8,S13,INST_EDU,DIR_EXP,_Z,PT_B1GQ,2018,4.438983,A,0,1,
OECD.EDU.IMEP:DSD_EAG_UOE_FIN@DF_UOE_INDIC_FIN_GDP(1.0),EXP,CAN,ISCED11_1T8,S13,INST_EDU,DIR_EXP,_Z,PT_B1GQ,2019,4.351164,A,0,1,
OECD.EDU.IMEP:DSD_EAG_UOE_FIN@DF_UOE_INDIC_FIN_GDP(1.0),EXP,CAN,ISCED11_1T8,S13,INST_EDU,DIR_EXP,_Z,PT_B1GQ,2020,4.5674071,W,0,1,
OECD.EDU.IMEP:DSD_EAG_UOE_FIN@DF_UOE_INDIC_FIN_GDP(1.0),EXP,POL,ISCED11_1T8,_T,INST_EDU,DIR_EXP,_Z,PT_B1GQ,2015,4.607392,A,0,1,
OECD.EDU.IMEP:DSD_EAG_UOE_FIN@DF_UOE_INDIC_FIN_GDP(1.0),EXP,POL,ISCED11_1T8,_T,INST_EDU,DIR_EXP,_Z,PT_B1GQ,2016,4.381898,A,0,1,
OECD.EDU.IMEP:DSD_EAG_UOE_FIN@DF_UOE_INDIC_FIN_GDP(1.0),EXP,POL,ISCED11_1T8,_T,INST_EDU,DIR_EXP,_Z,PT_B1GQ,2017,4.310126,A,0,1,
OECD.EDU.IMEP:DSD_EAG_UOE_FIN@DF_UOE_INDIC_FIN_GDP(1.0),EXP,POL,ISCED11_1T8,_T,INST_EDU,DIR_EXP,_Z,PT_B1GQ,2018,4.396901,A,0,1,
OECD.EDU.IMEP:DSD_EAG_UOE_FIN@DF_UOE_INDIC_FIN_GDP(1.0),EXP,POL,ISCED11_1T8,_T,INST_EDU,DIR_EXP,_Z,PT_B1GQ,2019,4.459254,A,0,1,
OECD.EDU.IMEP:DSD_EAG_UOE_FIN@DF_UOE_INDIC_FIN_GDP(1.0),EXP,POL,ISCED11_1T8,_T,INST_EDU,DIR_EXP,_Z,PT_B1GQ,2020,4.6395278,A,0,1,
OECD.EDU.IMEP:DSD_EAG_UOE_FIN@DF_UOE_INDIC_FIN_GDP(1.0),EXP,LTU,ISCED11_1T8,S13,INST_EDU,DIR_EXP,_Z,PT_B1GQ,2015,3.400467,A,0,1,
OECD.EDU.IMEP:DSD_EAG_UOE_FIN@DF_UOE_INDIC_FIN_GDP(1.0),EXP,LTU,ISCED11_1T8,S13,INST_EDU,DIR_EXP,_Z,PT_B1GQ,2016,3.1114,A,0,1,
OECD.EDU.IMEP:DSD_EAG_UOE_FIN@DF_UOE_INDIC_FIN_GDP(1.0),EXP,LTU,ISCED11_1T8,S13,INST_EDU,DIR_EXP,_Z,PT_B1GQ,2017,2.923035,A,0,1,
OECD.EDU.IMEP:DSD_EAG_UOE_FIN@DF_UOE_INDIC_FIN_GDP(1.0),EXP,LTU,ISCED11_1T8,S13,INST_EDU,DIR_EXP,_Z,PT_B1GQ,2018,2.918696,A,0,1,
OECD.EDU.IMEP:DSD_EAG_UOE_FIN@DF_UOE_INDIC_FIN_GDP(1.0),EXP,LTU,ISCED11_1T8,S13,INST_EDU,DIR_EXP,_Z,PT_B1GQ,2019,2.979775,A,0,1,
OECD.EDU.IMEP:DSD_EAG_UOE_FIN@DF_UOE_INDIC_FIN_GDP(1.0),EXP,LTU,ISCED11_1T8,S13,INST_EDU,DIR_EXP,_Z,PT_B1GQ,2020,3.394933,A,0,1,
OECD.EDU.IMEP:DSD_EAG_UOE_FIN@DF_UOE_INDIC_FIN_GDP(1.0),EXP,POL,ISCED11_1T8,S1D_NON_EDU,INST_EDU,DIR_EXP,_Z,PT_B1GQ,2015,0.4948864,A,0,1,
OECD.EDU.IMEP:DSD_EAG_UOE_FIN@DF_UOE_INDIC_FIN_GDP(1.0),EXP,POL,ISCED11_1T8,S1D_NON_EDU,INST_EDU,DIR_EXP,_Z,PT_B1GQ,2016,0.4871075,A,0,1,
OECD.EDU.IMEP:DSD_EAG_UOE_FIN@DF_UOE_INDIC_FIN_GDP(1.0),EXP,POL,ISCED11_1T8,S1D_NON_EDU,INST_EDU,DIR_EXP,_Z,PT_B1GQ,2017,0.501146,A,0,1,
OECD.EDU.IMEP:DSD_EAG_UOE_FIN@DF_UOE_INDIC_FIN_GDP(1.0),EXP,POL,ISCED11_1T8,S1D_NON_EDU,INST_EDU,DIR_EXP,_Z,PT_B1GQ,2018,0.5518091,A,0,1,
OECD.EDU.IMEP:DSD_EAG_UOE_FIN@DF_UOE_INDIC_FIN_GDP(1.0),EXP,POL,ISCED11_1T8,S1D_NON_EDU,INST_EDU,DIR_EXP,_Z,PT_B1GQ,2019,0.5610008,A,0,1,
OECD.EDU.IMEP:DSD_EAG_UOE_FIN@DF_UOE_INDIC_FIN_GDP(1.0),EXP,POL,ISCED11_1T8,S1D_NON_EDU,INST_EDU,DIR_EXP,_Z,PT_B1GQ,2020,0.59023279,A,0,1,
OECD.EDU.IMEP:DSD_EAG_UOE_FIN@DF_UOE_INDIC_FIN_GDP(1.0),EXP,HUN,ISCED11_1T8,S1D_NON_EDU,INST_EDU,DIR_EXP,_Z,PT_B1GQ,2015,0.524365,A,0,1,
OECD.EDU.IMEP:DSD_EAG_UOE_FIN@DF_UOE_INDIC_FIN_GDP(1.0),EXP,HUN,ISCED11_1T8,S1D_NON_EDU,INST_EDU,DIR_EXP,_Z,PT_B1GQ,2016,0.7332712,A,0,1,
OECD.EDU.IMEP:DSD_EAG_UOE_FIN@DF_UOE_INDIC_FIN_GDP(1.0),EXP,HUN,ISCED11_1T8,S1D_NON_EDU,INST_EDU,DIR_EXP,_Z,PT_B1GQ,2017,0.5695638,A,0,1,
OECD.EDU.IMEP:DSD_EAG_UOE_FIN@DF_UOE_INDIC_FIN_GDP(1.0),EXP,HUN,ISCED11_1T8,S1D_NON_EDU,INST_EDU,DIR_EXP,_Z,PT_B1GQ,2018,0.5521684,A,0,1,
OECD.EDU.IMEP:DSD_EAG_UOE_FIN@DF_UOE_INDIC_FIN_GDP(1.0),EXP,HUN,ISCED11_1T8,S1D_NON_EDU,INST_EDU,DIR_EXP,_Z,PT_B1GQ,2019,0.7341962,A,0,1,
OECD.EDU.IMEP:DSD_EAG_UOE_FIN@DF_UOE_INDIC_FIN_GDP(1.0),EXP,HUN,ISCED11_1T8,S1D_NON_EDU,INST_EDU,DIR_EXP,_Z,PT_B1GQ,2020,0.6289137,A,0,1,
OECD.EDU.IMEP:DSD_EAG_UOE_FIN@DF_UOE_INDIC_FIN_GDP(1.0),EXP,USA,ISCED11_1T8,S2,INST_EDU,DIR_EXP,_Z,PT_B1GQ,2015,,M,0,1,
OECD.EDU.IMEP:DSD_EAG_UOE_FIN@DF_UOE_INDIC_FIN_GDP(1.0),EXP,USA,ISCED11_1T8,S2,INST_EDU,DIR_EXP,_Z,PT_B1GQ,2016,,M,0,1,
OECD.EDU.IMEP:DSD_EAG_UOE_FIN@DF_UOE_INDIC_FIN_GDP(1.0),EXP,USA,ISCED11_1T8,S2,INST_EDU,DIR_EXP,_Z,PT_B1GQ,2017,,M,0,1,
OECD.EDU.IMEP:DSD_EAG_UOE_FIN@DF_UOE_INDIC_FIN_GDP(1.0),EXP,USA,ISCED11_1T8,S2,INST_EDU,DIR_EXP,_Z,PT_B1GQ,2018,,M,0,1,
OECD.EDU.IMEP:DSD_EAG_UOE_FIN@DF_UOE_INDIC_FIN_GDP(1.0),EXP,USA,ISCED11_1T8,S2,INST_EDU,DIR_EXP,_Z,PT_B1GQ,2019,,M,0,1,
OECD.EDU.IMEP:DSD_EAG_UOE_FIN@DF_UOE_INDIC_FIN_GDP(1.0),EXP,USA,ISCED11_1T8,S2,INST_EDU,DIR_EXP,_Z,PT_B1GQ,2020,,M,0,1,
OECD.EDU.IMEP:DSD_EAG_UOE_FIN@DF_UOE_INDIC_FIN_GDP(1.0),EXP,ISL,ISCED11_1T8,_T,INST_EDU,DIR_EXP,_Z,PT_B1GQ,2015,5.630934,A,0,1,
OECD.EDU.IMEP:DSD_EAG_UOE_FIN@DF_UOE_INDIC_FIN_GDP(1.0),EXP,ISL,ISCED11_1T8,_T,INST_EDU,DIR_EXP,_Z,PT_B1GQ,2016,5.529173,A,0,1,
OECD.EDU.IMEP:DSD_EAG_UOE_FIN@DF_UOE_INDIC_FIN_GDP(1.0),EXP,ISL,ISCED11_1T8,_T,INST_EDU,DIR_EXP,_Z,PT_B1GQ,2017,5.742653,A,0,1,
OECD.EDU.IMEP:DSD_EAG_UOE_FIN@DF_UOE_INDIC_FIN_GDP(1.0),EXP,ISL,ISCED11_1T8,_T,INST_EDU,DIR_EXP,_Z,PT_B1GQ,2018,5.739602,A,0,1,
OECD.EDU.IMEP:DSD_EAG_UOE_FIN@DF_UOE_INDIC_FIN_GDP(1.0),EXP,ISL,ISCED11_1T8,_T,INST_EDU,DIR_EXP,_Z,PT_B1GQ,2019,5.748931,W,0,1,
OECD.EDU.IMEP:DSD_EAG_UOE_FIN@DF_UOE_INDIC_FIN_GDP(1.0),EXP,ISL,ISCED11_1T8,_T,INST_EDU,DIR_EXP,_Z,PT_B1GQ,2020,6.3161092,A,0,1,
OECD.EDU.IMEP:DSD_EAG_UOE_FIN@DF_UOE_INDIC_FIN_GDP(1.0),EXP,DEU,ISCED11_1T8,S1D_NON_EDU,INST_EDU,DIR_EXP,_Z,PT_B1GQ,2015,0.5791342,A,0,1,
OECD.EDU.IMEP:DSD_EAG_UOE_FIN@DF_UOE_INDIC_FIN_GDP(1.0),EXP,DEU,ISCED11_1T8,S1D_NON_EDU,INST_EDU,DIR_EXP,_Z,PT_B1GQ,2016,0.5709954,A,0,1,
OECD.EDU.IMEP:DSD_EAG_UOE_FIN@DF_UOE_INDIC_FIN_GDP(1.0),EXP,DEU,ISCED11_1T8,S1D_NON_EDU,INST_EDU,DIR_EXP,_Z,PT_B1GQ,2017,0.5669054,A,0,1,
OECD.EDU.IMEP:DSD_EAG_UOE_FIN@DF_UOE_INDIC_FIN_GDP(1.0),EXP,DEU,ISCED11_1T8,S1D_NON_EDU,INST_EDU,DIR_EXP,_Z,PT_B1GQ,2018,0.5550976,A,0,1,
OECD.EDU.IMEP:DSD_EAG_UOE_FIN@DF_UOE_INDIC_FIN_GDP(1.0),EXP,DEU,ISCED11_1T8,S1D_NON_EDU,INST_EDU,DIR_EXP,_Z,PT_B1GQ,2019,0.5772162,W,0,1,
OECD.EDU.IMEP:DSD_EAG_UOE_FIN@DF_UOE_INDIC_FIN_GDP(1.0),EXP,DEU,ISCED11_1T8,S1D_NON_EDU,INST_EDU,DIR_EXP,_Z,PT_B1GQ,2020,0.55920768,A,0,1,
OECD.EDU.IMEP:DSD_EAG_UOE_FIN@DF_UOE_INDIC_FIN_GDP(1.0),EXP,IDN,ISCED11_1T8,_T,INST_EDU,DIR_EXP,_Z,PT_B1GQ,2015,,O,0,1,
OECD.EDU.IMEP:DSD_EAG_UOE_FIN@DF_UOE_INDIC_FIN_GDP(1.0),EXP,IDN,ISCED11_1T8,_T,INST_EDU,DIR_EXP,_Z,PT_B1GQ,2016,,O,0,1,
OECD.EDU.IMEP:DSD_EAG_UOE_FIN@DF_UOE_INDIC_FIN_GDP(1.0),EXP,IDN,ISCED11_1T8,_T,INST_EDU,DIR_EXP,_Z,PT_B1GQ,2017,,O,0,1,
OECD.EDU.IMEP:DSD_EAG_UOE_FIN@DF_UOE_INDIC_FIN_GDP(1.0),EXP,IDN,ISCED11_1T8,_T,INST_EDU,DIR_EXP,_Z,PT_B1GQ,2018,,O,0,1,
OECD.EDU.IMEP:DSD_EAG_UOE_FIN@DF_UOE_INDIC_FIN_GDP(1.0),EXP,IDN,ISCED11_1T8,_T,INST_EDU,DIR_EXP,_Z,PT_B1GQ,2019,,O,0,1,
OECD.EDU.IMEP:DSD_EAG_UOE_FIN@DF_UOE_INDIC_FIN_GDP(1.0),EXP,IDN,ISCED11_1T8,_T,INST_EDU,DIR_EXP,_Z,PT_B1GQ,2020,,O,0,1,
OECD.EDU.IMEP:DSD_EAG_UOE_FIN@DF_UOE_INDIC_FIN_GDP(1.0),EXP,HUN,ISCED11_1T8,S2,INST_EDU,DIR_EXP,_Z,PT_B1GQ,2015,0.0,A,0,1,
OECD.EDU.IMEP:DSD_EAG_UOE_FIN@DF_UOE_INDIC_FIN_GDP(1.0),EXP,HUN,ISCED11_1T8,S2,INST_EDU,DIR_EXP,_Z,PT_B1GQ,2016,0.0196069,A,0,1,
OECD.EDU.IMEP:DSD_EAG_UOE_FIN@DF_UOE_INDIC_FIN_GDP(1.0),EXP,HUN,ISCED11_1T8,S2,INST_EDU,DIR_EXP,_Z,PT_B1GQ,2017,0.0209218,A,0,1,
OECD.EDU.IMEP:DSD_EAG_UOE_FIN@DF_UOE_INDIC_FIN_GDP(1.0),EXP,HUN,ISCED11_1T8,S2,INST_EDU,DIR_EXP,_Z,PT_B1GQ,2018,0.0194508,A,0,1,
OECD.EDU.IMEP:DSD_EAG_UOE_FIN@DF_UOE_INDIC_FIN_GDP(1.0),EXP,HUN,ISCED11_1T8,S2,INST_EDU,DIR_EXP,_Z,PT_B1GQ,2019,0.0188126,A,0,1,
OECD.EDU.IMEP:DSD_EAG_UOE_FIN@DF_UOE_INDIC_FIN_GDP(1.0),EXP,HUN,ISCED11_1T8,S2,INST_EDU,DIR_EXP,_Z,PT_B1GQ,2020,0.0166159,A,0,1,
OECD.EDU.IMEP:DSD_EAG_UOE_FIN@DF_UOE_INDIC_FIN_GDP(1.0),EXP,SVK,ISCED11_1T8,S13,INST_EDU,DIR_EXP,_Z,PT_B1GQ,2015,3.735698,A,0,1,
OECD.EDU.IMEP:DSD_EAG_UOE_FIN@DF_UOE_INDIC_FIN_GDP(1.0),EXP,SVK,ISCED11_1T8,S13,INST_EDU,DIR_EXP,_Z,PT_B1GQ,2016,3.117933,A,0,1,
OECD.EDU.IMEP:DSD_EAG_UOE_FIN@DF_UOE_INDIC_FIN_GDP(1.0),EXP,SVK,ISCED11_1T8,S13,INST_EDU,DIR_EXP,_Z,PT_B1GQ,2017,3.118323,A,0,1,
OECD.EDU.IMEP:DSD_EAG_UOE_FIN@DF_UOE_INDIC_FIN_GDP(1.0),EXP,SVK,ISCED11_1T8,S13,INST_EDU,DIR_EXP,_Z,PT_B1GQ,2018,3.122063,A,0,1,
OECD.EDU.IMEP:DSD_EAG_UOE_FIN@DF_UOE_INDIC_FIN_GDP(1.0),EXP,SVK,ISCED11_1T8,S13,INST_EDU,DIR_EXP,_Z,PT_B1GQ,2019,3.374444,A,0,1,
OECD.EDU.IMEP:DSD_EAG_UOE_FIN@DF_UOE_INDIC_FIN_GDP(1.0),EXP,SVK,ISCED11_1T8,S13,INST_EDU,DIR_EXP,_Z,PT_B1GQ,2020,3.817831,A,0,1,
OECD.EDU.IMEP:DSD_EAG_UOE_FIN@DF_UOE_INDIC_FIN_GDP(1.0),EXP,AUS,ISCED11_1T8,S13,INST_EDU,DIR_EXP,_Z,PT_B1GQ,2015,3.95127,B,0,1,
OECD.EDU.IMEP:DSD_EAG_UOE_FIN@DF_UOE_INDIC_FIN_GDP(1.0),EXP,AUS,ISCED11_1T8,S13,INST_EDU,DIR_EXP,_Z,PT_B1GQ,2016,3.949752,B,0,1,
OECD.EDU.IMEP:DSD_EAG_UOE_FIN@DF_UOE_INDIC_FIN_GDP(1.0),EXP,AUS,ISCED11_1T8,S13,INST_EDU,DIR_EXP,_Z,PT_B1GQ,2017,3.960663,B,0,1,
OECD.EDU.IMEP:DSD_EAG_UOE_FIN@DF_UOE_INDIC_FIN_GDP(1.0),EXP,AUS,ISCED11_1T8,S13,INST_EDU,DIR_EXP,_Z,PT_B1GQ,2018,3.963967,A,0,1,
OECD.EDU.IMEP:DSD_EAG_UOE_FIN@DF_UOE_INDIC_FIN_GDP(1.0),EXP,AUS,ISCED11_1T8,S13,INST_EDU,DIR_EXP,_Z,PT_B1GQ,2019,4.069134,A,0,1,
OECD.EDU.IMEP:DSD_EAG_UOE_FIN@DF_UOE_INDIC_FIN_GDP(1.0),EXP,AUS,ISCED11_1T8,S13,INST_EDU,DIR_EXP,_Z,PT_B1GQ,2020,4.3662329,A,0,1,
OECD.EDU.IMEP:DSD_EAG_UOE_FIN@DF_UOE_INDIC_FIN_GDP(1.0),EXP,EU25,ISCED11_1T8,_T,INST_EDU,DIR_EXP,_Z,PT_B1GQ,2015,4.3555088,A,0,1,
OECD.EDU.IMEP:DSD_EAG_UOE_FIN@DF_UOE_INDIC_FIN_GDP(1.0),EXP,EU25,ISCED11_1T8,_T,INST_EDU,DIR_EXP,_Z,PT_B1GQ,2016,4.2880311,A,0,1,
OECD.EDU.IMEP:DSD_EAG_UOE_FIN@DF_UOE_INDIC_FIN_GDP(1.0),EXP,EU25,ISCED11_1T8,_T,INST_EDU,DIR_EXP,_Z,PT_B1GQ,2017,4.2169762,A,0,1,
OECD.EDU.IMEP:DSD_EAG_UOE_FIN@DF_UOE_INDIC_FIN_GDP(1.0),EXP,EU25,ISCED11_1T8,_T,INST_EDU,DIR_EXP,_Z,PT_B1GQ,2018,4.2653289,A,0,1,
OECD.EDU.IMEP:DSD_EAG_UOE_FIN@DF_UOE_INDIC_FIN_GDP(1.0),EXP,EU25,ISCED11_1T8,_T,INST_EDU,DIR_EXP,_Z,PT_B1GQ,2019,4.3018942,A,0,1,
OECD.EDU.IMEP:DSD_EAG_UOE_FIN@DF_UOE_INDIC_FIN_GDP(1.0),EXP,EU25,ISCED11_1T8,_T,INST_EDU,DIR_EXP,_Z,PT_B1GQ,2020,4.5614624,A,0,1,
OECD.EDU.IMEP:DSD_EAG_UOE_FIN@DF_UOE_INDIC_FIN_GDP(1.0),EXP,KOR,ISCED11_1T8,S2,INST_EDU,DIR_EXP,_Z,PT_B1GQ,2015,,K,0,1,
OECD.EDU.IMEP:DSD_EAG_UOE_FIN@DF_UOE_INDIC_FIN_GDP(1.0),EXP,KOR,ISCED11_1T8,S2,INST_EDU,DIR_EXP,_Z,PT_B1GQ,2016,,K,0,1,
OECD.EDU.IMEP:DSD_EAG_UOE_FIN@DF_UOE_INDIC_FIN_GDP(1.0),EXP,KOR,ISCED11_1T8,S2,INST_EDU,DIR_EXP,_Z,PT_B1GQ,2017,,K,0,1,
OECD.EDU.IMEP:DSD_EAG_UOE_FIN@DF_UOE_INDIC_FIN_GDP(1.0),EXP,KOR,ISCED11_1T8,S2,INST_EDU,DIR_EXP,_Z,PT_B1GQ,2018,,K,0,1,
OECD.EDU.IMEP:DSD_EAG_UOE_FIN@DF_UOE_INDIC_FIN_GDP(1.0),EXP,KOR,ISCED11_1T8,S2,INST_EDU,DIR_EXP,_Z,PT_B1GQ,2019,,K,0,1,
OECD.EDU.IMEP:DSD_EAG_UOE_FIN@DF_UOE_INDIC_FIN_GDP(1.0),EXP,KOR,ISCED11_1T8,S2,INST_EDU,DIR_EXP,_Z,PT_B1GQ,2020,,K,0,1,
OECD.EDU.IMEP:DSD_EAG_UOE_FIN@DF_UOE_INDIC_FIN_GDP(1.0),EXP,CRI,ISCED11_1T8,S1D_NON_EDU,INST_EDU,DIR_EXP,_Z,PT_B1GQ,2015,,O,0,1,
OECD.EDU.IMEP:DSD_EAG_UOE_FIN@DF_UOE_INDIC_FIN_GDP(1.0),EXP,CRI,ISCED11_1T8,S1D_NON_EDU,INST_EDU,DIR_EXP,_Z,PT_B1GQ,2016,,O,0,1,
OECD.EDU.IMEP:DSD_EAG_UOE_FIN@DF_UOE_INDIC_FIN_GDP(1.0),EXP,CRI,ISCED11_1T8,S1D_NON_EDU,INST_EDU,DIR_EXP,_Z,PT_B1GQ,2017,,O,0,1,
OECD.EDU.IMEP:DSD_EAG_UOE_FIN@DF_UOE_INDIC_FIN_GDP(1.0),EXP,CRI,ISCED11_1T8,S1D_NON_EDU,INST_EDU,DIR_EXP,_Z,PT_B1GQ,2018,,O,0,1,
OECD.EDU.IMEP:DSD_EAG_UOE_FIN@DF_UOE_INDIC_FIN_GDP(1.0),EXP,CRI,ISCED11_1T8,S1D_NON_EDU,INST_EDU,DIR_EXP,_Z,PT_B1GQ,2019,,O,0,1,
OECD.EDU.IMEP:DSD_EAG_UOE_FIN@DF_UOE_INDIC_FIN_GDP(1.0),EXP,CRI,ISCED11_1T8,S1D_NON_EDU,INST_EDU,DIR_EXP,_Z,PT_B1GQ,2020,,O,0,1,
OECD.EDU.IMEP:DSD_EAG_UOE_FIN@DF_UOE_INDIC_FIN_GDP(1.0),EXP,BRA,ISCED11_1T8,S2,INST_EDU,DIR_EXP,_Z,PT_B1GQ,2015,,O,0,1,
OECD.EDU.IMEP:DSD_EAG_UOE_FIN@DF_UOE_INDIC_FIN_GDP(1.0),EXP,BRA,ISCED11_1T8,S2,INST_EDU,DIR_EXP,_Z,PT_B1GQ,2016,,O,0,1,
OECD.EDU.IMEP:DSD_EAG_UOE_FIN@DF_UOE_INDIC_FIN_GDP(1.0),EXP,BRA,ISCED11_1T8,S2,INST_EDU,DIR_EXP,_Z,PT_B1GQ,2017,,O,0,1,
OECD.EDU.IMEP:DSD_EAG_UOE_FIN@DF_UOE_INDIC_FIN_GDP(1.0),EXP,BRA,ISCED11_1T8,S2,INST_EDU,DIR_EXP,_Z,PT_B1GQ,2018,,O,0,1,
OECD.EDU.IMEP:DSD_EAG_UOE_FIN@DF_UOE_INDIC_FIN_GDP(1.0),EXP,BRA,ISCED11_1T8,S2,INST_EDU,DIR_EXP,_Z,PT_B1GQ,2019,,O,0,1,
OECD.EDU.IMEP:DSD_EAG_UOE_FIN@DF_UOE_INDIC_FIN_GDP(1.0),EXP,BRA,ISCED11_1T8,S2,INST_EDU,DIR_EXP,_Z,PT_B1GQ,2020,,O,0,1,
OECD.EDU.IMEP:DSD_EAG_UOE_FIN@DF_UOE_INDIC_FIN_GDP(1.0),EXP,SWE,ISCED11_1T8,_T,INST_EDU,DIR_EXP,_Z,PT_B1GQ,2015,5.190292,A,0,1,
OECD.EDU.IMEP:DSD_EAG_UOE_FIN@DF_UOE_INDIC_FIN_GDP(1.0),EXP,SWE,ISCED11_1T8,_T,INST_EDU,DIR_EXP,_Z,PT_B1GQ,2016,5.374234,A,0,1,
OECD.EDU.IMEP:DSD_EAG_UOE_FIN@DF_UOE_INDIC_FIN_GDP(1.0),EXP,SWE,ISCED11_1T8,_T,INST_EDU,DIR_EXP,_Z,PT_B1GQ,2017,5.431492,A,0,1,
OECD.EDU.IMEP:DSD_EAG_UOE_FIN@DF_UOE_INDIC_FIN_GDP(1.0),EXP,SWE,ISCED11_1T8,_T,INST_EDU,DIR_EXP,_Z,PT_B1GQ,2018,5.541844,A,0,1,
OECD.EDU.IMEP:DSD_EAG_UOE_FIN@DF_UOE_INDIC_FIN_GDP(1.0),EXP,SWE,ISCED11_1T8,_T,INST_EDU,DIR_EXP,_Z,PT_B1GQ,2019,5.498211,A,0,1,
OECD.EDU.IMEP:DSD_EAG_UOE_FIN@DF_UOE_INDIC_FIN_GDP(1.0),EXP,SWE,ISCED11_1T8,_T,INST_EDU,DIR_EXP,_Z,PT_B1GQ,2020,5.6588292,A,0,1,
OECD.EDU.IMEP:DSD_EAG_UOE_FIN@DF_UOE_INDIC_FIN_GDP(1.0),EXP,SAU,ISCED11_1T8,_T,INST_EDU,DIR_EXP,_Z,PT_B1GQ,2015,,O,0,1,
OECD.EDU.IMEP:DSD_EAG_UOE_FIN@DF_UOE_INDIC_FIN_GDP(1.0),EXP,SAU,ISCED11_1T8,_T,INST_EDU,DIR_EXP,_Z,PT_B1GQ,2016,,O,0,1,
OECD.EDU.IMEP:DSD_EAG_UOE_FIN@DF_UOE_INDIC_FIN_GDP(1.0),EXP,SAU,ISCED11_1T8,_T,INST_EDU,DIR_EXP,_Z,PT_B1GQ,2017,,O,0,1,
OECD.EDU.IMEP:DSD_EAG_UOE_FIN@DF_UOE_INDIC_FIN_GDP(1.0),EXP,SAU,ISCED11_1T8,_T,INST_EDU,DIR_EXP,_Z,PT_B1GQ,2018,,O,0,1,
OECD.EDU.IMEP:DSD_EAG_UOE_FIN@DF_UOE_INDIC_FIN_GDP(1.0),EXP,SAU,ISCED11_1T8,_T,INST_EDU,DIR_EXP,_Z,PT_B1GQ,2019,,O,0,1,
OECD.EDU.IMEP:DSD_EAG_UOE_FIN@DF_UOE_INDIC_FIN_GDP(1.0),EXP,SAU,ISCED11_1T8,_T,INST_EDU,DIR_EXP,_Z,PT_B1GQ,2020,,O,0,1,
OECD.EDU.IMEP:DSD_EAG_UOE_FIN@DF_UOE_INDIC_FIN_GDP(1.0),EXP,CAN,ISCED11_1T8,_T,INST_EDU,DIR_EXP,_Z,PT_B1GQ,2015,5.611085,A,0,1,
OECD.EDU.IMEP:DSD_EAG_UOE_FIN@DF_UOE_INDIC_FIN_GDP(1.0),EXP,CAN,ISCED11_1T8,_T,INST_EDU,DIR_EXP,_Z,PT_B1GQ,2016,5.934327,A,0,1,
OECD.EDU.IMEP:DSD_EAG_UOE_FIN@DF_UOE_INDIC_FIN_GDP(1.0),EXP,CAN,ISCED11_1T8,_T,INST_EDU,DIR_EXP,_Z,PT_B1GQ,2017,5.901431,A,0,1,
OECD.EDU.IMEP:DSD_EAG_UOE_FIN@DF_UOE_INDIC_FIN_GDP(1.0),EXP,CAN,ISCED11_1T8,_T,INST_EDU,DIR_EXP,_Z,PT_B1GQ,2018,5.862919,A,0,1,
OECD.EDU.IMEP:DSD_EAG_UOE_FIN@DF_UOE_INDIC_FIN_GDP(1.0),EXP,CAN,ISCED11_1T8,_T,INST_EDU,DIR_EXP,_Z,PT_B1GQ,2019,5.716787,A,0,1,
OECD.EDU.IMEP:DSD_EAG_UOE_FIN@DF_UOE_INDIC_FIN_GDP(1.0),EXP,CAN,ISCED11_1T8,_T,INST_EDU,DIR_EXP,_Z,PT_B1GQ,2020,5.99962,A,0,1,
OECD.EDU.IMEP:DSD_EAG_UOE_FIN@DF_UOE_INDIC_FIN_GDP(1.0),EXP,GBR,ISCED11_1T8,S2,INST_EDU,DIR_EXP,_Z,PT_B1GQ,2015,0.0692121,A,0,1,
OECD.EDU.IMEP:DSD_EAG_UOE_FIN@DF_UOE_INDIC_FIN_GDP(1.0),EXP,GBR,ISCED11_1T8,S2,INST_EDU,DIR_EXP,_Z,PT_B1GQ,2016,0.071283,A,0,1,
OECD.EDU.IMEP:DSD_EAG_UOE_FIN@DF_UOE_INDIC_FIN_GDP(1.0),EXP,GBR,ISCED11_1T8,S2,INST_EDU,DIR_EXP,_Z,PT_B1GQ,2017,0.075681,A,0,1,
OECD.EDU.IMEP:DSD_EAG_UOE_FIN@DF_UOE_INDIC_FIN_GDP(1.0),EXP,GBR,ISCED11_1T8,S2,INST_EDU,DIR_EXP,_Z,PT_B1GQ,2018,0.0849605,A,0,1,
OECD.EDU.IMEP:DSD_EAG_UOE_FIN@DF_UOE_INDIC_FIN_GDP(1.0),EXP,GBR,ISCED11_1T8,S2,INST_EDU,DIR_EXP,_Z,PT_B1GQ,2019,0.0764525,A,0,1,
OECD.EDU.IMEP:DSD_EAG_UOE_FIN@DF_UOE_INDIC_FIN_GDP(1.0),EXP,GBR,ISCED11_1T8,S2,INST_EDU,DIR_EXP,_Z,PT_B1GQ,2020,0.0732665,A,0,1,
OECD.EDU.IMEP:DSD_EAG_UOE_FIN@DF_UOE_INDIC_FIN_GDP(1.0),EXP,AUS,ISCED11_1T8,S2,INST_EDU,DIR_EXP,_Z,PT_B1GQ,2015,,K,0,1,
OECD.EDU.IMEP:DSD_EAG_UOE_FIN@DF_UOE_INDIC_FIN_GDP(1.0),EXP,AUS,ISCED11_1T8,S2,INST_EDU,DIR_EXP,_Z,PT_B1GQ,2016,,K,0,1,
OECD.EDU.IMEP:DSD_EAG_UOE_FIN@DF_UOE_INDIC_FIN_GDP(1.0),EXP,AUS,ISCED11_1T8,S2,INST_EDU,DIR_EXP,_Z,PT_B1GQ,2017,,K,0,1,
OECD.EDU.IMEP:DSD_EAG_UOE_FIN@DF_UOE_INDIC_FIN_GDP(1.0),EXP,AUS,ISCED11_1T8,S2,INST_EDU,DIR_EXP,_Z,PT_B1GQ,2018,,K,0,1,
OECD.EDU.IMEP:DSD_EAG_UOE_FIN@DF_UOE_INDIC_FIN_GDP(1.0),EXP,AUS,ISCED11_1T8,S2,INST_EDU,DIR_EXP,_Z,PT_B1GQ,2019,,K,0,1,
OECD.EDU.IMEP:DSD_EAG_UOE_FIN@DF_UOE_INDIC_FIN_GDP(1.0),EXP,AUS,ISCED11_1T8,S2,INST_EDU,DIR_EXP,_Z,PT_B1GQ,2020,,K,0,1,
OECD.EDU.IMEP:DSD_EAG_UOE_FIN@DF_UOE_INDIC_FIN_GDP(1.0),EXP,OECD,ISCED11_1T8,S2,INST_EDU,DIR_EXP,_Z,PT_B1GQ,2015,0.0572383,A,0,1,
OECD.EDU.IMEP:DSD_EAG_UOE_FIN@DF_UOE_INDIC_FIN_GDP(1.0),EXP,OECD,ISCED11_1T8,S2,INST_EDU,DIR_EXP,_Z,PT_B1GQ,2016,0.0475287,A,0,1,
OECD.EDU.IMEP:DSD_EAG_UOE_FIN@DF_UOE_INDIC_FIN_GDP(1.0),EXP,OECD,ISCED11_1T8,S2,INST_EDU,DIR_EXP,_Z,PT_B1GQ,2017,0.0498851,A,0,1,
OECD.EDU.IMEP:DSD_EAG_UOE_FIN@DF_UOE_INDIC_FIN_GDP(1.0),EXP,OECD,ISCED11_1T8,S2,INST_EDU,DIR_EXP,_Z,PT_B1GQ,2018,0.060006,A,0,1,
OECD.EDU.IMEP:DSD_EAG_UOE_FIN@DF_UOE_INDIC_FIN_GDP(1.0),EXP,OECD,ISCED11_1T8,S2,INST_EDU,DIR_EXP,_Z,PT_B1GQ,2019,0.0574892,A,0,1,
OECD.EDU.IMEP:DSD_EAG_UOE_FIN@DF_UOE_INDIC_FIN_GDP(1.0),EXP,OECD,ISCED11_1T8,S2,INST_EDU,DIR_EXP,_Z,PT_B1GQ,2020,0.0541204,A,0,1,
OECD.EDU.IMEP:DSD_EAG_UOE_FIN@DF_UOE_INDIC_FIN_GDP(1.0),EXP,NZL,ISCED11_1T8,S1D_NON_EDU,INST_EDU,DIR_EXP,_Z,PT_B1GQ,2015,1.451193,B,0,1,
OECD.EDU.IMEP:DSD_EAG_UOE_FIN@DF_UOE_INDIC_FIN_GDP(1.0),EXP,NZL,ISCED11_1T8,S1D_NON_EDU,INST_EDU,DIR_EXP,_Z,PT_B1GQ,2016,1.434977,B,0,1,
OECD.EDU.IMEP:DSD_EAG_UOE_FIN@DF_UOE_INDIC_FIN_GDP(1.0),EXP,NZL,ISCED11_1T8,S1D_NON_EDU,INST_EDU,DIR_EXP,_Z,PT_B1GQ,2017,1.408467,B,0,1,
OECD.EDU.IMEP:DSD_EAG_UOE_FIN@DF_UOE_INDIC_FIN_GDP(1.0),EXP,NZL,ISCED11_1T8,S1D_NON_EDU,INST_EDU,DIR_EXP,_Z,PT_B1GQ,2018,1.256908,A,0,1,
OECD.EDU.IMEP:DSD_EAG_UOE_FIN@DF_UOE_INDIC_FIN_GDP(1.0),EXP,NZL,ISCED11_1T8,S1D_NON_EDU,INST_EDU,DIR_EXP,_Z,PT_B1GQ,2019,1.264411,A,0,1,
OECD.EDU.IMEP:DSD_EAG_UOE_FIN@DF_UOE_INDIC_FIN_GDP(1.0),EXP,NZL,ISCED11_1T8,S1D_NON_EDU,INST_EDU,DIR_EXP,_Z,PT_B1GQ,2020,1.052422,A,0,1,
OECD.EDU.IMEP:DSD_EAG_UOE_FIN@DF_UOE_INDIC_FIN_GDP(1.0),EXP,CHL,ISCED11_1T8,_T,INST_EDU,DIR_EXP,_Z,PT_B1GQ,2015,5.205803,A,0,1,
OECD.EDU.IMEP:DSD_EAG_UOE_FIN@DF_UOE_INDIC_FIN_GDP(1.0),EXP,CHL,ISCED11_1T8,_T,INST_EDU,DIR_EXP,_Z,PT_B1GQ,2016,6.327083,W,0,1,
OECD.EDU.IMEP:DSD_EAG_UOE_FIN@DF_UOE_INDIC_FIN_GDP(1.0),EXP,CHL,ISCED11_1T8,_T,INST_EDU,DIR_EXP,_Z,PT_B1GQ,2017,6.551417,W,0,1,
OECD.EDU.IMEP:DSD_EAG_UOE_FIN@DF_UOE_INDIC_FIN_GDP(1.0),EXP,CHL,ISCED11_1T8,_T,INST_EDU,DIR_EXP,_Z,PT_B1GQ,2018,6.635667,W,0,1,
OECD.EDU.IMEP:DSD_EAG_UOE_FIN@DF_UOE_INDIC_FIN_GDP(1.0),EXP,CHL,ISCED11_1T8,_T,INST_EDU,DIR_EXP,_Z,PT_B1GQ,2019,6.565544,W,0,1,
OECD.EDU.IMEP:DSD_EAG_UOE_FIN@DF_UOE_INDIC_FIN_GDP(1.0),EXP,CHL,ISCED11_1T8,_T,INST_EDU,DIR_EXP,_Z,PT_B1GQ,2020,6.438633,A,0,1,
OECD.EDU.IMEP:DSD_EAG_UOE_FIN@DF_UOE_INDIC_FIN_GDP(1.0),EXP,USA,ISCED11_1T8,_T,INST_EDU,DIR_EXP,_Z,PT_B1GQ,2015,6.054882,A,0,1,
OECD.EDU.IMEP:DSD_EAG_UOE_FIN@DF_UOE_INDIC_FIN_GDP(1.0),EXP,USA,ISCED11_1T8,_T,INST_EDU,DIR_EXP,_Z,PT_B1GQ,2016,6.092881,A,0,1,
OECD.EDU.IMEP:DSD_EAG_UOE_FIN@DF_UOE_INDIC_FIN_GDP(1.0),EXP,USA,ISCED11_1T8,_T,INST_EDU,DIR_EXP,_Z,PT_B1GQ,2017,6.143793,A,0,1,
OECD.EDU.IMEP:DSD_EAG_UOE_FIN@DF_UOE_INDIC_FIN_GDP(1.0),EXP,USA,ISCED11_1T8,_T,INST_EDU,DIR_EXP,_Z,PT_B1GQ,2018,6.043471,A,0,1,
OECD.EDU.IMEP:DSD_EAG_UOE_FIN@DF_UOE_INDIC_FIN_GDP(1.0),EXP,USA,ISCED11_1T8,_T,INST_EDU,DIR_EXP,_Z,PT_B1GQ,2019,6.001266,A,0,1,
OECD.EDU.IMEP:DSD_EAG_UOE_FIN@DF_UOE_INDIC_FIN_GDP(1.0),EXP,USA,ISCED11_1T8,_T,INST_EDU,DIR_EXP,_Z,PT_B1GQ,2020,6.0909219,A,0,1,
OECD.EDU.IMEP:DSD_EAG_UOE_FIN@DF_UOE_INDIC_FIN_GDP(1.0),EXP,EU25,ISCED11_1T8,S13,INST_EDU,DIR_EXP,_Z,PT_B1GQ,2015,3.7678256,A,0,1,
OECD.EDU.IMEP:DSD_EAG_UOE_FIN@DF_UOE_INDIC_FIN_GDP(1.0),EXP,EU25,ISCED11_1T8,S13,INST_EDU,DIR_EXP,_Z,PT_B1GQ,2016,3.7503619,A,0,1,
OECD.EDU.IMEP:DSD_EAG_UOE_FIN@DF_UOE_INDIC_FIN_GDP(1.0),EXP,EU25,ISCED11_1T8,S13,INST_EDU,DIR_EXP,_Z,PT_B1GQ,2017,3.7115479,A,0,1,
OECD.EDU.IMEP:DSD_EAG_UOE_FIN@DF_UOE_INDIC_FIN_GDP(1.0),EXP,EU25,ISCED11_1T8,S13,INST_EDU,DIR_EXP,_Z,PT_B1GQ,2018,3.7361946,A,0,1,
OECD.EDU.IMEP:DSD_EAG_UOE_FIN@DF_UOE_INDIC_FIN_GDP(1.0),EXP,EU25,ISCED11_1T8,S13,INST_EDU,DIR_EXP,_Z,PT_B1GQ,2019,3.77354,A,0,1,
OECD.EDU.IMEP:DSD_EAG_UOE_FIN@DF_UOE_INDIC_FIN_GDP(1.0),EXP,EU25,ISCED11_1T8,S13,INST_EDU,DIR_EXP,_Z,PT_B1GQ,2020,4.0204511,A,0,1,
OECD.EDU.IMEP:DSD_EAG_UOE_FIN@DF_UOE_INDIC_FIN_GDP(1.0),EXP,IDN,ISCED11_1T8,S2,INST_EDU,DIR_EXP,_Z,PT_B1GQ,2015,,O,0,1,
OECD.EDU.IMEP:DSD_EAG_UOE_FIN@DF_UOE_INDIC_FIN_GDP(1.0),EXP,IDN,ISCED11_1T8,S2,INST_EDU,DIR_EXP,_Z,PT_B1GQ,2016,,O,0,1,
OECD.EDU.IMEP:DSD_EAG_UOE_FIN@DF_UOE_INDIC_FIN_GDP(1.0),EXP,IDN,ISCED11_1T8,S2,INST_EDU,DIR_EXP,_Z,PT_B1GQ,2017,,O,0,1,
OECD.EDU.IMEP:DSD_EAG_UOE_FIN@DF_UOE_INDIC_FIN_GDP(1.0),EXP,IDN,ISCED11_1T8,S2,INST_EDU,DIR_EXP,_Z,PT_B1GQ,2018,,O,0,1,
OECD.EDU.IMEP:DSD_EAG_UOE_FIN@DF_UOE_INDIC_FIN_GDP(1.0),EXP,IDN,ISCED11_1T8,S2,INST_EDU,DIR_EXP,_Z,PT_B1GQ,2019,,O,0,1,
OECD.EDU.IMEP:DSD_EAG_UOE_FIN@DF_UOE_INDIC_FIN_GDP(1.0),EXP,IDN,ISCED11_1T8,S2,INST_EDU,DIR_EXP,_Z,PT_B1GQ,2020,,O,0,1,
OECD.EDU.IMEP:DSD_EAG_UOE_FIN@DF_UOE_INDIC_FIN_GDP(1.0),EXP,POL,ISCED11_1T8,S2,INST_EDU,DIR_EXP,_Z,PT_B1GQ,2015,0.0952705,A,0,1,
OECD.EDU.IMEP:DSD_EAG_UOE_FIN@DF_UOE_INDIC_FIN_GDP(1.0),EXP,POL,ISCED11_1T8,S2,INST_EDU,DIR_EXP,_Z,PT_B1GQ,2016,0.0528831,A,0,1,
OECD.EDU.IMEP:DSD_EAG_UOE_FIN@DF_UOE_INDIC_FIN_GDP(1.0),EXP,POL,ISCED11_1T8,S2,INST_EDU,DIR_EXP,_Z,PT_B1GQ,2017,0.0803894,A,0,1,
OECD.EDU.IMEP:DSD_EAG_UOE_FIN@DF_UOE_INDIC_FIN_GDP(1.0),EXP,POL,ISCED11_1T8,S2,INST_EDU,DIR_EXP,_Z,PT_B1GQ,2018,0.1135189,A,0,1,
OECD.EDU.IMEP:DSD_EAG_UOE_FIN@DF_UOE_INDIC_FIN_GDP(1.0),EXP,POL,ISCED11_1T8,S2,INST_EDU,DIR_EXP,_Z,PT_B1GQ,2019,0.1039411,A,0,1,
OECD.EDU.IMEP:DSD_EAG_UOE_FIN@DF_UOE_INDIC_FIN_GDP(1.0),EXP,POL,ISCED11_1T8,S2,INST_EDU,DIR_EXP,_Z,PT_B1GQ,2020,0.0937789,A,0,1,
OECD.EDU.IMEP:DSD_EAG_UOE_FIN@DF_UOE_INDIC_FIN_GDP(1.0),EXP,G20,ISCED11_1T8,_T,INST_EDU,DIR_EXP,_Z,PT_B1GQ,2015,,O,0,1,
OECD.EDU.IMEP:DSD_EAG_UOE_FIN@DF_UOE_INDIC_FIN_GDP(1.0),EXP,G20,ISCED11_1T8,_T,INST_EDU,DIR_EXP,_Z,PT_B1GQ,2016,,O,0,1,
OECD.EDU.IMEP:DSD_EAG_UOE_FIN@DF_UOE_INDIC_FIN_GDP(1.0),EXP,G20,ISCED11_1T8,_T,INST_EDU,DIR_EXP,_Z,PT_B1GQ,2017,,O,0,1,
OECD.EDU.IMEP:DSD_EAG_UOE_FIN@DF_UOE_INDIC_FIN_GDP(1.0),EXP,G20,ISCED11_1T8,_T,INST_EDU,DIR_EXP,_Z,PT_B1GQ,2018,,O,0,1,
OECD.EDU.IMEP:DSD_EAG_UOE_FIN@DF_UOE_INDIC_FIN_GDP(1.0),EXP,G20,ISCED11_1T8,_T,INST_EDU,DIR_EXP,_Z,PT_B1GQ,2019,,O,0,1,
OECD.EDU.IMEP:DSD_EAG_UOE_FIN@DF_UOE_INDIC_FIN_GDP(1.0),EXP,G20,ISCED11_1T8,_T,INST_EDU,DIR_EXP,_Z,PT_B1GQ,2020,,O,0,1,
OECD.EDU.IMEP:DSD_EAG_UOE_FIN@DF_UOE_INDIC_FIN_GDP(1.0),EXP,IND,ISCED11_1T8,_T,INST_EDU,DIR_EXP,_Z,PT_B1GQ,2015,,O,0,1,
OECD.EDU.IMEP:DSD_EAG_UOE_FIN@DF_UOE_INDIC_FIN_GDP(1.0),EXP,IND,ISCED11_1T8,_T,INST_EDU,DIR_EXP,_Z,PT_B1GQ,2016,,O,0,1,
OECD.EDU.IMEP:DSD_EAG_UOE_FIN@DF_UOE_INDIC_FIN_GDP(1.0),EXP,IND,ISCED11_1T8,_T,INST_EDU,DIR_EXP,_Z,PT_B1GQ,2017,,O,0,1,
OECD.EDU.IMEP:DSD_EAG_UOE_FIN@DF_UOE_INDIC_FIN_GDP(1.0),EXP,IND,ISCED11_1T8,_T,INST_EDU,DIR_EXP,_Z,PT_B1GQ,2018,,O,0,1,
OECD.EDU.IMEP:DSD_EAG_UOE_FIN@DF_UOE_INDIC_FIN_GDP(1.0),EXP,IND,ISCED11_1T8,_T,INST_EDU,DIR_EXP,_Z,PT_B1GQ,2019,,O,0,1,
OECD.EDU.IMEP:DSD_EAG_UOE_FIN@DF_UOE_INDIC_FIN_GDP(1.0),EXP,IND,ISCED11_1T8,_T,INST_EDU,DIR_EXP,_Z,PT_B1GQ,2020,,O,0,1,
OECD.EDU.IMEP:DSD_EAG_UOE_FIN@DF_UOE_INDIC_FIN_GDP(1.0),EXP,NZL,ISCED11_1T8,S13,INST_EDU,DIR_EXP,_Z,PT_B1GQ,2015,4.324299,B,0,1,
OECD.EDU.IMEP:DSD_EAG_UOE_FIN@DF_UOE_INDIC_FIN_GDP(1.0),EXP,NZL,ISCED11_1T8,S13,INST_EDU,DIR_EXP,_Z,PT_B1GQ,2016,4.221083,B,0,1,
OECD.EDU.IMEP:DSD_EAG_UOE_FIN@DF_UOE_INDIC_FIN_GDP(1.0),EXP,NZL,ISCED11_1T8,S13,INST_EDU,DIR_EXP,_Z,PT_B1GQ,2017,4.093783,B,0,1,
OECD.EDU.IMEP:DSD_EAG_UOE_FIN@DF_UOE_INDIC_FIN_GDP(1.0),EXP,NZL,ISCED11_1T8,S13,INST_EDU,DIR_EXP,_Z,PT_B1GQ,2018,4.019067,A,0,1,
OECD.EDU.IMEP:DSD_EAG_UOE_FIN@DF_UOE_INDIC_FIN_GDP(1.0),EXP,NZL,ISCED11_1T8,S13,INST_EDU,DIR_EXP,_Z,PT_B1GQ,2019,4.036051,A,0,1,
OECD.EDU.IMEP:DSD_EAG_UOE_FIN@DF_UOE_INDIC_FIN_GDP(1.0),EXP,NZL,ISCED11_1T8,S13,INST_EDU,DIR_EXP,_Z,PT_B1GQ,2020,4.348228,A,0,1,
OECD.EDU.IMEP:DSD_EAG_UOE_FIN@DF_UOE_INDIC_FIN_GDP(1.0),EXP,SVK,ISCED11_1T8,S2,INST_EDU,DIR_EXP,_Z,PT_B1GQ,2015,0.0242111,A,0,1,
OECD.EDU.IMEP:DSD_EAG_UOE_FIN@DF_UOE_INDIC_FIN_GDP(1.0),EXP,SVK,ISCED11_1T8,S2,INST_EDU,DIR_EXP,_Z,PT_B1GQ,2016,0.023672,A,0,1,
OECD.EDU.IMEP:DSD_EAG_UOE_FIN@DF_UOE_INDIC_FIN_GDP(1.0),EXP,SVK,ISCED11_1T8,S2,INST_EDU,DIR_EXP,_Z,PT_B1GQ,2017,0.0277646,A,0,1,
OECD.EDU.IMEP:DSD_EAG_UOE_FIN@DF_UOE_INDIC_FIN_GDP(1.0),EXP,SVK,ISCED11_1T8,S2,INST_EDU,DIR_EXP,_Z,PT_B1GQ,2018,0.023726,A,0,1,
OECD.EDU.IMEP:DSD_EAG_UOE_FIN@DF_UOE_INDIC_FIN_GDP(1.0),EXP,SVK,ISCED11_1T8,S2,INST_EDU,DIR_EXP,_Z,PT_B1GQ,2019,0.0234286,A,0,1,
OECD.EDU.IMEP:DSD_EAG_UOE_FIN@DF_UOE_INDIC_FIN_GDP(1.0),EXP,SVK,ISCED11_1T8,S2,INST_EDU,DIR_EXP,_Z,PT_B1GQ,2020,0.0247103,A,0,1,
OECD.EDU.IMEP:DSD_EAG_UOE_FIN@DF_UOE_INDIC_FIN_GDP(1.0),EXP,PRT,ISCED11_1T8,_T,INST_EDU,DIR_EXP,_Z,PT_B1GQ,2015,5.230794,W,0,1,
OECD.EDU.IMEP:DSD_EAG_UOE_FIN@DF_UOE_INDIC_FIN_GDP(1.0),EXP,PRT,ISCED11_1T8,_T,INST_EDU,DIR_EXP,_Z,PT_B1GQ,2016,5.038134,A,0,1,
OECD.EDU.IMEP:DSD_EAG_UOE_FIN@DF_UOE_INDIC_FIN_GDP(1.0),EXP,PRT,ISCED11_1T8,_T,INST_EDU,DIR_EXP,_Z,PT_B1GQ,2017,5.165367,A,0,1,
OECD.EDU.IMEP:DSD_EAG_UOE_FIN@DF_UOE_INDIC_FIN_GDP(1.0),EXP,PRT,ISCED11_1T8,_T,INST_EDU,DIR_EXP,_Z,PT_B1GQ,2018,4.960271,A,0,1,
OECD.EDU.IMEP:DSD_EAG_UOE_FIN@DF_UOE_INDIC_FIN_GDP(1.0),EXP,PRT,ISCED11_1T8,_T,INST_EDU,DIR_EXP,_Z,PT_B1GQ,2019,4.837448,A,0,1,
OECD.EDU.IMEP:DSD_EAG_UOE_FIN@DF_UOE_INDIC_FIN_GDP(1.0),EXP,PRT,ISCED11_1T8,_T,INST_EDU,DIR_EXP,_Z,PT_B1GQ,2020,5.1044049,A,0,1,
OECD.EDU.IMEP:DSD_EAG_UOE_FIN@DF_UOE_INDIC_FIN_GDP(1.0),EXP,IRL,ISCED11_1T8,S1D_NON_EDU,INST_EDU,DIR_EXP,_Z,PT_B1GQ,2015,0.5637517,A,0,1,
OECD.EDU.IMEP:DSD_EAG_UOE_FIN@DF_UOE_INDIC_FIN_GDP(1.0),EXP,IRL,ISCED11_1T8,S1D_NON_EDU,INST_EDU,DIR_EXP,_Z,PT_B1GQ,2016,0.5817647,A,0,1,
OECD.EDU.IMEP:DSD_EAG_UOE_FIN@DF_UOE_INDIC_FIN_GDP(1.0),EXP,IRL,ISCED11_1T8,S1D_NON_EDU,INST_EDU,DIR_EXP,_Z,PT_B1GQ,2017,0.532114,A,0,1,
OECD.EDU.IMEP:DSD_EAG_UOE_FIN@DF_UOE_INDIC_FIN_GDP(1.0),EXP,IRL,ISCED11_1T8,S1D_NON_EDU,INST_EDU,DIR_EXP,_Z,PT_B1GQ,2018,0.4894136,A,0,1,
OECD.EDU.IMEP:DSD_EAG_UOE_FIN@DF_UOE_INDIC_FIN_GDP(1.0),EXP,IRL,ISCED11_1T8,S1D_NON_EDU,INST_EDU,DIR_EXP,_Z,PT_B1GQ,2019,0.4446066,A,0,1,
OECD.EDU.IMEP:DSD_EAG_UOE_FIN@DF_UOE_INDIC_FIN_GDP(1.0),EXP,IRL,ISCED11_1T8,S1D_NON_EDU,INST_EDU,DIR_EXP,_Z,PT_B1GQ,2020,0.4794552,A,0,1,
OECD.EDU.IMEP:DSD_EAG_UOE_FIN@DF_UOE_INDIC_FIN_GDP(1.0),EXP,CHE,ISCED11_1T8,S2,INST_EDU,DIR_EXP,_Z,PT_B1GQ,2015,,M,0,1,
OECD.EDU.IMEP:DSD_EAG_UOE_FIN@DF_UOE_INDIC_FIN_GDP(1.0),EXP,CHE,ISCED11_1T8,S2,INST_EDU,DIR_EXP,_Z,PT_B1GQ,2016,0.0293365,A,0,1,
OECD.EDU.IMEP:DSD_EAG_UOE_FIN@DF_UOE_INDIC_FIN_GDP(1.0),EXP,CHE,ISCED11_1T8,S2,INST_EDU,DIR_EXP,_Z,PT_B1GQ,2017,0.030588,A,0,1,
OECD.EDU.IMEP:DSD_EAG_UOE_FIN@DF_UOE_INDIC_FIN_GDP(1.0),EXP,CHE,ISCED11_1T8,S2,INST_EDU,DIR_EXP,_Z,PT_B1GQ,2018,0.0288692,A,0,1,
OECD.EDU.IMEP:DSD_EAG_UOE_FIN@DF_UOE_INDIC_FIN_GDP(1.0),EXP,CHE,ISCED11_1T8,S2,INST_EDU,DIR_EXP,_Z,PT_B1GQ,2019,0.0323225,A,0,1,
OECD.EDU.IMEP:DSD_EAG_UOE_FIN@DF_UOE_INDIC_FIN_GDP(1.0),EXP,CHE,ISCED11_1T8,S2,INST_EDU,DIR_EXP,_Z,PT_B1GQ,2020,,O,0,1,
OECD.EDU.IMEP:DSD_EAG_UOE_FIN@DF_UOE_INDIC_FIN_GDP(1.0),EXP,KOR,ISCED11_1T8,S13,INST_EDU,DIR_EXP,_Z,PT_B1GQ,2015,3.664961,A,0,1,
OECD.EDU.IMEP:DSD_EAG_UOE_FIN@DF_UOE_INDIC_FIN_GDP(1.0),EXP,KOR,ISCED11_1T8,S13,INST_EDU,DIR_EXP,_Z,PT_B1GQ,2016,3.585315,A,0,1,
OECD.EDU.IMEP:DSD_EAG_UOE_FIN@DF_UOE_INDIC_FIN_GDP(1.0),EXP,KOR,ISCED11_1T8,S13,INST_EDU,DIR_EXP,_Z,PT_B1GQ,2017,3.625024,A,0,1,
OECD.EDU.IMEP:DSD_EAG_UOE_FIN@DF_UOE_INDIC_FIN_GDP(1.0),EXP,KOR,ISCED11_1T8,S13,INST_EDU,DIR_EXP,_Z,PT_B1GQ,2018,3.750807,A,0,1,
OECD.EDU.IMEP:DSD_EAG_UOE_FIN@DF_UOE_INDIC_FIN_GDP(1.0),EXP,KOR,ISCED11_1T8,S13,INST_EDU,DIR_EXP,_Z,PT_B1GQ,2019,3.965629,A,0,1,
OECD.EDU.IMEP:DSD_EAG_UOE_FIN@DF_UOE_INDIC_FIN_GDP(1.0),EXP,KOR,ISCED11_1T8,S13,INST_EDU,DIR_EXP,_Z,PT_B1GQ,2020,4.001863,A,0,1,
OECD.EDU.IMEP:DSD_EAG_UOE_FIN@DF_UOE_INDIC_FIN_GDP(1.0),EXP,ROU,ISCED11_1T8,S1D_NON_EDU,INST_EDU,DIR_EXP,_Z,PT_B1GQ,2015,0.0179087,A,0,1,
OECD.EDU.IMEP:DSD_EAG_UOE_FIN@DF_UOE_INDIC_FIN_GDP(1.0),EXP,ROU,ISCED11_1T8,S1D_NON_EDU,INST_EDU,DIR_EXP,_Z,PT_B1GQ,2016,0.0238934,A,0,1,
OECD.EDU.IMEP:DSD_EAG_UOE_FIN@DF_UOE_INDIC_FIN_GDP(1.0),EXP,ROU,ISCED11_1T8,S1D_NON_EDU,INST_EDU,DIR_EXP,_Z,PT_B1GQ,2017,0.0191602,A,0,1,
OECD.EDU.IMEP:DSD_EAG_UOE_FIN@DF_UOE_INDIC_FIN_GDP(1.0),EXP,ROU,ISCED11_1T8,S1D_NON_EDU,INST_EDU,DIR_EXP,_Z,PT_B1GQ,2018,0.0180545,A,0,1,
OECD.EDU.IMEP:DSD_EAG_UOE_FIN@DF_UOE_INDIC_FIN_GDP(1.0),EXP,ROU,ISCED11_1T8,S1D_NON_EDU,INST_EDU,DIR_EXP,_Z,PT_B1GQ,2019,0.0180383,A,0,1,
OECD.EDU.IMEP:DSD_EAG_UOE_FIN@DF_UOE_INDIC_FIN_GDP(1.0),EXP,ROU,ISCED11_1T8,S1D_NON_EDU,INST_EDU,DIR_EXP,_Z,PT_B1GQ,2020,0.012947,A,0,1,
OECD.EDU.IMEP:DSD_EAG_UOE_FIN@DF_UOE_INDIC_FIN_GDP(1.0),EXP,CRI,ISCED11_1T8,S2,INST_EDU,DIR_EXP,_Z,PT_B1GQ,2015,,O,0,1,
OECD.EDU.IMEP:DSD_EAG_UOE_FIN@DF_UOE_INDIC_FIN_GDP(1.0),EXP,CRI,ISCED11_1T8,S2,INST_EDU,DIR_EXP,_Z,PT_B1GQ,2016,,O,0,1,
OECD.EDU.IMEP:DSD_EAG_UOE_FIN@DF_UOE_INDIC_FIN_GDP(1.0),EXP,CRI,ISCED11_1T8,S2,INST_EDU,DIR_EXP,_Z,PT_B1GQ,2017,,O,0,1,
OECD.EDU.IMEP:DSD_EAG_UOE_FIN@DF_UOE_INDIC_FIN_GDP(1.0),EXP,CRI,ISCED11_1T8,S2,INST_EDU,DIR_EXP,_Z,PT_B1GQ,2018,,O,0,1,
OECD.EDU.IMEP:DSD_EAG_UOE_FIN@DF_UOE_INDIC_FIN_GDP(1.0),EXP,CRI,ISCED11_1T8,S2,INST_EDU,DIR_EXP,_Z,PT_B1GQ,2019,,O,0,1,
OECD.EDU.IMEP:DSD_EAG_UOE_FIN@DF_UOE_INDIC_FIN_GDP(1.0),EXP,CRI,ISCED11_1T8,S2,INST_EDU,DIR_EXP,_Z,PT_B1GQ,2020,,O,0,1,
OECD.EDU.IMEP:DSD_EAG_UOE_FIN@DF_UOE_INDIC_FIN_GDP(1.0),EXP,EST,ISCED11_1T8,S13,INST_EDU,DIR_EXP,_Z,PT_B1GQ,2015,3.952803,A,0,1,
OECD.EDU.IMEP:DSD_EAG_UOE_FIN@DF_UOE_INDIC_FIN_GDP(1.0),EXP,EST,ISCED11_1T8,S13,INST_EDU,DIR_EXP,_Z,PT_B1GQ,2016,3.932005,A,0,1,
OECD.EDU.IMEP:DSD_EAG_UOE_FIN@DF_UOE_INDIC_FIN_GDP(1.0),EXP,EST,ISCED11_1T8,S13,INST_EDU,DIR_EXP,_Z,PT_B1GQ,2017,3.837433,A,0,1,
OECD.EDU.IMEP:DSD_EAG_UOE_FIN@DF_UOE_INDIC_FIN_GDP(1.0),EXP,EST,ISCED11_1T8,S13,INST_EDU,DIR_EXP,_Z,PT_B1GQ,2018,4.078366,A,0,1,
OECD.EDU.IMEP:DSD_EAG_UOE_FIN@DF_UOE_INDIC_FIN_GDP(1.0),EXP,EST,ISCED11_1T8,S13,INST_EDU,DIR_EXP,_Z,PT_B1GQ,2019,4.088674,A,0,1,
OECD.EDU.IMEP:DSD_EAG_UOE_FIN@DF_UOE_INDIC_FIN_GDP(1.0),EXP,EST,ISCED11_1T8,S13,INST_EDU,DIR_EXP,_Z,PT_B1GQ,2020,4.2522731,A,0,1,
OECD.EDU.IMEP:DSD_EAG_UOE_FIN@DF_UOE_INDIC_FIN_GDP(1.0),EXP,DEU,ISCED11_1T8,S2,INST_EDU,DIR_EXP,_Z,PT_B1GQ,2015,0.0245093,A,0,1,
OECD.EDU.IMEP:DSD_EAG_UOE_FIN@DF_UOE_INDIC_FIN_GDP(1.0),EXP,DEU,ISCED11_1T8,S2,INST_EDU,DIR_EXP,_Z,PT_B1GQ,2016,0.0193835,A,0,1,
OECD.EDU.IMEP:DSD_EAG_UOE_FIN@DF_UOE_INDIC_FIN_GDP(1.0),EXP,DEU,ISCED11_1T8,S2,INST_EDU,DIR_EXP,_Z,PT_B1GQ,2017,0.0220688,A,0,1,
OECD.EDU.IMEP:DSD_EAG_UOE_FIN@DF_UOE_INDIC_FIN_GDP(1.0),EXP,DEU,ISCED11_1T8,S2,INST_EDU,DIR_EXP,_Z,PT_B1GQ,2018,0.0222044,A,0,1,
OECD.EDU.IMEP:DSD_EAG_UOE_FIN@DF_UOE_INDIC_FIN_GDP(1.0),EXP,DEU,ISCED11_1T8,S2,INST_EDU,DIR_EXP,_Z,PT_B1GQ,2019,0.0249152,A,0,1,
OECD.EDU.IMEP:DSD_EAG_UOE_FIN@DF_UOE_INDIC_FIN_GDP(1.0),EXP,DEU,ISCED11_1T8,S2,INST_EDU,DIR_EXP,_Z,PT_B1GQ,2020,0.0264459,A,0,1,
OECD.EDU.IMEP:DSD_EAG_UOE_FIN@DF_UOE_INDIC_FIN_GDP(1.0),EXP,PER,ISCED11_1T8,S13,INST_EDU,DIR_EXP,_Z,PT_B1GQ,2015,,O,0,1,
OECD.EDU.IMEP:DSD_EAG_UOE_FIN@DF_UOE_INDIC_FIN_GDP(1.0),EXP,PER,ISCED11_1T8,S13,INST_EDU,DIR_EXP,_Z,PT_B1GQ,2016,,O,0,1,
OECD.EDU.IMEP:DSD_EAG_UOE_FIN@DF_UOE_INDIC_FIN_GDP(1.0),EXP,PER,ISCED11_1T8,S13,INST_EDU,DIR_EXP,_Z,PT_B1GQ,2017,,O,0,1,
OECD.EDU.IMEP:DSD_EAG_UOE_FIN@DF_UOE_INDIC_FIN_GDP(1.0),EXP,PER,ISCED11_1T8,S13,INST_EDU,DIR_EXP,_Z,PT_B1GQ,2018,,O,0,1,
OECD.EDU.IMEP:DSD_EAG_UOE_FIN@DF_UOE_INDIC_FIN_GDP(1.0),EXP,PER,ISCED11_1T8,S13,INST_EDU,DIR_EXP,_Z,PT_B1GQ,2019,,O,0,1,
OECD.EDU.IMEP:DSD_EAG_UOE_FIN@DF_UOE_INDIC_FIN_GDP(1.0),EXP,PER,ISCED11_1T8,S13,INST_EDU,DIR_EXP,_Z,PT_B1GQ,2020,,O,0,1,
OECD.EDU.IMEP:DSD_EAG_UOE_FIN@DF_UOE_INDIC_FIN_GDP(1.0),EXP,USA,ISCED11_1T8,S13,INST_EDU,DIR_EXP,_Z,PT_B1GQ,2015,4.089959,A,0,1,
OECD.EDU.IMEP:DSD_EAG_UOE_FIN@DF_UOE_INDIC_FIN_GDP(1.0),EXP,USA,ISCED11_1T8,S13,INST_EDU,DIR_EXP,_Z,PT_B1GQ,2016,4.116626,A,0,1,
OECD.EDU.IMEP:DSD_EAG_UOE_FIN@DF_UOE_INDIC_FIN_GDP(1.0),EXP,USA,ISCED11_1T8,S13,INST_EDU,DIR_EXP,_Z,PT_B1GQ,2017,4.158485,A,0,1,
OECD.EDU.IMEP:DSD_EAG_UOE_FIN@DF_UOE_INDIC_FIN_GDP(1.0),EXP,USA,ISCED11_1T8,S13,INST_EDU,DIR_EXP,_Z,PT_B1GQ,2018,4.123942,A,0,1,
OECD.EDU.IMEP:DSD_EAG_UOE_FIN@DF_UOE_INDIC_FIN_GDP(1.0),EXP,USA,ISCED11_1T8,S13,INST_EDU,DIR_EXP,_Z,PT_B1GQ,2019,4.104783,A,0,1,
OECD.EDU.IMEP:DSD_EAG_UOE_FIN@DF_UOE_INDIC_FIN_GDP(1.0),EXP,USA,ISCED11_1T8,S13,INST_EDU,DIR_EXP,_Z,PT_B1GQ,2020,4.23908,A,0,1,
OECD.EDU.IMEP:DSD_EAG_UOE_FIN@DF_UOE_INDIC_FIN_GDP(1.0),EXP,CZE,ISCED11_1T8,S1D_NON_EDU,INST_EDU,DIR_EXP,_Z,PT_B1GQ,2015,0.4498427,A,0,1,
OECD.EDU.IMEP:DSD_EAG_UOE_FIN@DF_UOE_INDIC_FIN_GDP(1.0),EXP,CZE,ISCED11_1T8,S1D_NON_EDU,INST_EDU,DIR_EXP,_Z,PT_B1GQ,2016,0.441053,A,0,1,
OECD.EDU.IMEP:DSD_EAG_UOE_FIN@DF_UOE_INDIC_FIN_GDP(1.0),EXP,CZE,ISCED11_1T8,S1D_NON_EDU,INST_EDU,DIR_EXP,_Z,PT_B1GQ,2017,0.4298336,A,0,1,
OECD.EDU.IMEP:DSD_EAG_UOE_FIN@DF_UOE_INDIC_FIN_GDP(1.0),EXP,CZE,ISCED11_1T8,S1D_NON_EDU,INST_EDU,DIR_EXP,_Z,PT_B1GQ,2018,0.4289717,A,0,1,
OECD.EDU.IMEP:DSD_EAG_UOE_FIN@DF_UOE_INDIC_FIN_GDP(1.0),EXP,CZE,ISCED11_1T8,S1D_NON_EDU,INST_EDU,DIR_EXP,_Z,PT_B1GQ,2019,0.4201568,A,0,1,
OECD.EDU.IMEP:DSD_EAG_UOE_FIN@DF_UOE_INDIC_FIN_GDP(1.0),EXP,CZE,ISCED11_1T8,S1D_NON_EDU,INST_EDU,DIR_EXP,_Z,PT_B1GQ,2020,0.44042549,A,0,1,
OECD.EDU.IMEP:DSD_EAG_UOE_FIN@DF_UOE_INDIC_FIN_GDP(1.0),EXP,LTU,ISCED11_1T8,_T,INST_EDU,DIR_EXP,_Z,PT_B1GQ,2015,3.949108,A,0,1,
OECD.EDU.IMEP:DSD_EAG_UOE_FIN@DF_UOE_INDIC_FIN_GDP(1.0),EXP,LTU,ISCED11_1T8,_T,INST_EDU,DIR_EXP,_Z,PT_B1GQ,2016,3.614014,A,0,1,
OECD.EDU.IMEP:DSD_EAG_UOE_FIN@DF_UOE_INDIC_FIN_GDP(1.0),EXP,LTU,ISCED11_1T8,_T,INST_EDU,DIR_EXP,_Z,PT_B1GQ,2017,3.412879,A,0,1,
OECD.EDU.IMEP:DSD_EAG_UOE_FIN@DF_UOE_INDIC_FIN_GDP(1.0),EXP,LTU,ISCED11_1T8,_T,INST_EDU,DIR_EXP,_Z,PT_B1GQ,2018,3.409033,A,0,1,
OECD.EDU.IMEP:DSD_EAG_UOE_FIN@DF_UOE_INDIC_FIN_GDP(1.0),EXP,LTU,ISCED11_1T8,_T,INST_EDU,DIR_EXP,_Z,PT_B1GQ,2019,3.466137,A,0,1,
OECD.EDU.IMEP:DSD_EAG_UOE_FIN@DF_UOE_INDIC_FIN_GDP(1.0),EXP,LTU,ISCED11_1T8,_T,INST_EDU,DIR_EXP,_Z,PT_B1GQ,2020,3.897131,A,0,1,
OECD.EDU.IMEP:DSD_EAG_UOE_FIN@DF_UOE_INDIC_FIN_GDP(1.0),EXP,FIN,ISCED11_1T8,S2,INST_EDU,DIR_EXP,_Z,PT_B1GQ,2015,0.0602771,A,0,1,
OECD.EDU.IMEP:DSD_EAG_UOE_FIN@DF_UOE_INDIC_FIN_GDP(1.0),EXP,FIN,ISCED11_1T8,S2,INST_EDU,DIR_EXP,_Z,PT_B1GQ,2016,0.0704234,A,0,1,
OECD.EDU.IMEP:DSD_EAG_UOE_FIN@DF_UOE_INDIC_FIN_GDP(1.0),EXP,FIN,ISCED11_1T8,S2,INST_EDU,DIR_EXP,_Z,PT_B1GQ,2017,0.0742614,A,0,1,
OECD.EDU.IMEP:DSD_EAG_UOE_FIN@DF_UOE_INDIC_FIN_GDP(1.0),EXP,FIN,ISCED11_1T8,S2,INST_EDU,DIR_EXP,_Z,PT_B1GQ,2018,0.0813044,A,0,1,
OECD.EDU.IMEP:DSD_EAG_UOE_FIN@DF_UOE_INDIC_FIN_GDP(1.0),EXP,FIN,ISCED11_1T8,S2,INST_EDU,DIR_EXP,_Z,PT_B1GQ,2019,0.0831619,A,0,1,
OECD.EDU.IMEP:DSD_EAG_UOE_FIN@DF_UOE_INDIC_FIN_GDP(1.0),EXP,FIN,ISCED11_1T8,S2,INST_EDU,DIR_EXP,_Z,PT_B1GQ,2020,0.0869223,A,0,1,
OECD.EDU.IMEP:DSD_EAG_UOE_FIN@DF_UOE_INDIC_FIN_GDP(1.0),EXP,CHN,ISCED11_1T8,S2,INST_EDU,DIR_EXP,_Z,PT_B1GQ,2015,,O,0,1,
OECD.EDU.IMEP:DSD_EAG_UOE_FIN@DF_UOE_INDIC_FIN_GDP(1.0),EXP,CHN,ISCED11_1T8,S2,INST_EDU,DIR_EXP,_Z,PT_B1GQ,2016,,O,0,1,
OECD.EDU.IMEP:DSD_EAG_UOE_FIN@DF_UOE_INDIC_FIN_GDP(1.0),EXP,CHN,ISCED11_1T8,S2,INST_EDU,DIR_EXP,_Z,PT_B1GQ,2017,,O,0,1,
OECD.EDU.IMEP:DSD_EAG_UOE_FIN@DF_UOE_INDIC_FIN_GDP(1.0),EXP,CHN,ISCED11_1T8,S2,INST_EDU,DIR_EXP,_Z,PT_B1GQ,2018,,O,0,1,
OECD.EDU.IMEP:DSD_EAG_UOE_FIN@DF_UOE_INDIC_FIN_GDP(1.0),EXP,CHN,ISCED11_1T8,S2,INST_EDU,DIR_EXP,_Z,PT_B1GQ,2019,,O,0,1,
OECD.EDU.IMEP:DSD_EAG_UOE_FIN@DF_UOE_INDIC_FIN_GDP(1.0),EXP,CHN,ISCED11_1T8,S2,INST_EDU,DIR_EXP,_Z,PT_B1GQ,2020,,O,0,1,
OECD.EDU.IMEP:DSD_EAG_UOE_FIN@DF_UOE_INDIC_FIN_GDP(1.0),EXP,NZL,ISCED11_1T8,S2,INST_EDU,DIR_EXP,_Z,PT_B1GQ,2015,0.0,B,0,1,
OECD.EDU.IMEP:DSD_EAG_UOE_FIN@DF_UOE_INDIC_FIN_GDP(1.0),EXP,NZL,ISCED11_1T8,S2,INST_EDU,DIR_EXP,_Z,PT_B1GQ,2016,0.0,B,0,1,
OECD.EDU.IMEP:DSD_EAG_UOE_FIN@DF_UOE_INDIC_FIN_GDP(1.0),EXP,NZL,ISCED11_1T8,S2,INST_EDU,DIR_EXP,_Z,PT_B1GQ,2017,0.0,B,0,1,
OECD.EDU.IMEP:DSD_EAG_UOE_FIN@DF_UOE_INDIC_FIN_GDP(1.0),EXP,NZL,ISCED11_1T8,S2,INST_EDU,DIR_EXP,_Z,PT_B1GQ,2018,0.0,A,0,1,
OECD.EDU.IMEP:DSD_EAG_UOE_FIN@DF_UOE_INDIC_FIN_GDP(1.0),EXP,NZL,ISCED11_1T8,S2,INST_EDU,DIR_EXP,_Z,PT_B1GQ,2019,0.0,A,0,1,
OECD.EDU.IMEP:DSD_EAG_UOE_FIN@DF_UOE_INDIC_FIN_GDP(1.0),EXP,NZL,ISCED11_1T8,S2,INST_EDU,DIR_EXP,_Z,PT_B1GQ,2020,0.0,A,0,1,
OECD.EDU.IMEP:DSD_EAG_UOE_FIN@DF_UOE_INDIC_FIN_GDP(1.0),EXP,FIN,ISCED11_1T8,S1D_NON_EDU,INST_EDU,DIR_EXP,_Z,PT_B1GQ,2015,0.0910526,A,0,1,
OECD.EDU.IMEP:DSD_EAG_UOE_FIN@DF_UOE_INDIC_FIN_GDP(1.0),EXP,FIN,ISCED11_1T8,S1D_NON_EDU,INST_EDU,DIR_EXP,_Z,PT_B1GQ,2016,0.0850615,A,0,1,
OECD.EDU.IMEP:DSD_EAG_UOE_FIN@DF_UOE_INDIC_FIN_GDP(1.0),EXP,FIN,ISCED11_1T8,S1D_NON_EDU,INST_EDU,DIR_EXP,_Z,PT_B1GQ,2017,0.084937,A,0,1,
OECD.EDU.IMEP:DSD_EAG_UOE_FIN@DF_UOE_INDIC_FIN_GDP(1.0),EXP,FIN,ISCED11_1T8,S1D_NON_EDU,INST_EDU,DIR_EXP,_Z,PT_B1GQ,2018,0.0852904,A,0,1,
OECD.EDU.IMEP:DSD_EAG_UOE_FIN@DF_UOE_INDIC_FIN_GDP(1.0),EXP,FIN,ISCED11_1T8,S1D_NON_EDU,INST_EDU,DIR_EXP,_Z,PT_B1GQ,2019,0.0886858,A,0,1,
OECD.EDU.IMEP:DSD_EAG_UOE_FIN@DF_UOE_INDIC_FIN_GDP(1.0),EXP,FIN,ISCED11_1T8,S1D_NON_EDU,INST_EDU,DIR_EXP,_Z,PT_B1GQ,2020,0.0898781,A,0,1,
OECD.EDU.IMEP:DSD_EAG_UOE_FIN@DF_UOE_INDIC_FIN_GDP(1.0),EXP,MEX,ISCED11_1T8,S13,INST_EDU,DIR_EXP,_Z,PT_B1GQ,2015,4.198099,W,0,1,
OECD.EDU.IMEP:DSD_EAG_UOE_FIN@DF_UOE_INDIC_FIN_GDP(1.0),EXP,MEX,ISCED11_1T8,S13,INST_EDU,DIR_EXP,_Z,PT_B1GQ,2016,3.95323,W,0,1,
OECD.EDU.IMEP:DSD_EAG_UOE_FIN@DF_UOE_INDIC_FIN_GDP(1.0),EXP,MEX,ISCED11_1T8,S13,INST_EDU,DIR_EXP,_Z,PT_B1GQ,2017,3.66599,A,0,1,
OECD.EDU.IMEP:DSD_EAG_UOE_FIN@DF_UOE_INDIC_FIN_GDP(1.0),EXP,MEX,ISCED11_1T8,S13,INST_EDU,DIR_EXP,_Z,PT_B1GQ,2018,3.442925,W,0,1,
OECD.EDU.IMEP:DSD_EAG_UOE_FIN@DF_UOE_INDIC_FIN_GDP(1.0),EXP,MEX,ISCED11_1T8,S13,INST_EDU,DIR_EXP,_Z,PT_B1GQ,2019,3.410359,W,0,1,
OECD.EDU.IMEP:DSD_EAG_UOE_FIN@DF_UOE_INDIC_FIN_GDP(1.0),EXP,MEX,ISCED11_1T8,S13,INST_EDU,DIR_EXP,_Z,PT_B1GQ,2020,3.655226,A,0,1,
OECD.EDU.IMEP:DSD_EAG_UOE_FIN@DF_UOE_INDIC_FIN_GDP(1.0),EXP,ESP,ISCED11_1T8,S2,INST_EDU,DIR_EXP,_Z,PT_B1GQ,2015,0.0231477,A,0,1,
OECD.EDU.IMEP:DSD_EAG_UOE_FIN@DF_UOE_INDIC_FIN_GDP(1.0),EXP,ESP,ISCED11_1T8,S2,INST_EDU,DIR_EXP,_Z,PT_B1GQ,2016,0.0193169,A,0,1,
OECD.EDU.IMEP:DSD_EAG_UOE_FIN@DF_UOE_INDIC_FIN_GDP(1.0),EXP,ESP,ISCED11_1T8,S2,INST_EDU,DIR_EXP,_Z,PT_B1GQ,2017,0.0192444,A,0,1,
OECD.EDU.IMEP:DSD_EAG_UOE_FIN@DF_UOE_INDIC_FIN_GDP(1.0),EXP,ESP,ISCED11_1T8,S2,INST_EDU,DIR_EXP,_Z,PT_B1GQ,2018,0.0202801,A,0,1,
OECD.EDU.IMEP:DSD_EAG_UOE_FIN@DF_UOE_INDIC_FIN_GDP(1.0),EXP,ESP,ISCED11_1T8,S2,INST_EDU,DIR_EXP,_Z,PT_B1GQ,2019,0.0224525,A,0,1,
OECD.EDU.IMEP:DSD_EAG_UOE_FIN@DF_UOE_INDIC_FIN_GDP(1.0),EXP,ESP,ISCED11_1T8,S2,INST_EDU,DIR_EXP,_Z,PT_B1GQ,2020,0.0251032,A,0,1,
OECD.EDU.IMEP:DSD_EAG_UOE_FIN@DF_UOE_INDIC_FIN_GDP(1.0),EXP,BEL,ISCED11_1T8,S2,INST_EDU,DIR_EXP,_Z,PT_B1GQ,2015,0.0402876,A,0,1,
OECD.EDU.IMEP:DSD_EAG_UOE_FIN@DF_UOE_INDIC_FIN_GDP(1.0),EXP,BEL,ISCED11_1T8,S2,INST_EDU,DIR_EXP,_Z,PT_B1GQ,2016,0.0678143,A,0,1,
OECD.EDU.IMEP:DSD_EAG_UOE_FIN@DF_UOE_INDIC_FIN_GDP(1.0),EXP,BEL,ISCED11_1T8,S2,INST_EDU,DIR_EXP,_Z,PT_B1GQ,2017,0.0726719,A,0,1,
OECD.EDU.IMEP:DSD_EAG_UOE_FIN@DF_UOE_INDIC_FIN_GDP(1.0),EXP,BEL,ISCED11_1T8,S2,INST_EDU,DIR_EXP,_Z,PT_B1GQ,2018,0.0738377,A,0,1,
OECD.EDU.IMEP:DSD_EAG_UOE_FIN@DF_UOE_INDIC_FIN_GDP(1.0),EXP,BEL,ISCED11_1T8,S2,INST_EDU,DIR_EXP,_Z,PT_B1GQ,2019,0.0758654,A,0,1,
OECD.EDU.IMEP:DSD_EAG_UOE_FIN@DF_UOE_INDIC_FIN_GDP(1.0),EXP,BEL,ISCED11_1T8,S2,INST_EDU,DIR_EXP,_Z,PT_B1GQ,2020,0.0820234,A,0,1,
OECD.EDU.IMEP:DSD_EAG_UOE_FIN@DF_UOE_INDIC_FIN_GDP(1.0),EXP,BRA,ISCED11_1T8,S1D_NON_EDU,INST_EDU,DIR_EXP,_Z,PT_B1GQ,2015,,O,0,1,
OECD.EDU.IMEP:DSD_EAG_UOE_FIN@DF_UOE_INDIC_FIN_GDP(1.0),EXP,BRA,ISCED11_1T8,S1D_NON_EDU,INST_EDU,DIR_EXP,_Z,PT_B1GQ,2016,,O,0,1,
OECD.EDU.IMEP:DSD_EAG_UOE_FIN@DF_UOE_INDIC_FIN_GDP(1.0),EXP,BRA,ISCED11_1T8,S1D_NON_EDU,INST_EDU,DIR_EXP,_Z,PT_B1GQ,2017,,O,0,1,
OECD.EDU.IMEP:DSD_EAG_UOE_FIN@DF_UOE_INDIC_FIN_GDP(1.0),EXP,BRA,ISCED11_1T8,S1D_NON_EDU,INST_EDU,DIR_EXP,_Z,PT_B1GQ,2018,,O,0,1,
OECD.EDU.IMEP:DSD_EAG_UOE_FIN@DF_UOE_INDIC_FIN_GDP(1.0),EXP,BRA,ISCED11_1T8,S1D_NON_EDU,INST_EDU,DIR_EXP,_Z,PT_B1GQ,2019,,O,0,1,
OECD.EDU.IMEP:DSD_EAG_UOE_FIN@DF_UOE_INDIC_FIN_GDP(1.0),EXP,BRA,ISCED11_1T8,S1D_NON_EDU,INST_EDU,DIR_EXP,_Z,PT_B1GQ,2020,,O,0,1,
OECD.EDU.IMEP:DSD_EAG_UOE_FIN@DF_UOE_INDIC_FIN_GDP(1.0),EXP,CHL,ISCED11_1T8,S1D_NON_EDU,INST_EDU,DIR_EXP,_Z,PT_B1GQ,2015,1.851979,A,0,1,
OECD.EDU.IMEP:DSD_EAG_UOE_FIN@DF_UOE_INDIC_FIN_GDP(1.0),EXP,CHL,ISCED11_1T8,S1D_NON_EDU,INST_EDU,DIR_EXP,_Z,PT_B1GQ,2016,2.487572,W,0,1,
OECD.EDU.IMEP:DSD_EAG_UOE_FIN@DF_UOE_INDIC_FIN_GDP(1.0),EXP,CHL,ISCED11_1T8,S1D_NON_EDU,INST_EDU,DIR_EXP,_Z,PT_B1GQ,2017,2.571243,W,0,1,
OECD.EDU.IMEP:DSD_EAG_UOE_FIN@DF_UOE_INDIC_FIN_GDP(1.0),EXP,CHL,ISCED11_1T8,S1D_NON_EDU,INST_EDU,DIR_EXP,_Z,PT_B1GQ,2018,2.619603,W,0,1,
OECD.EDU.IMEP:DSD_EAG_UOE_FIN@DF_UOE_INDIC_FIN_GDP(1.0),EXP,CHL,ISCED11_1T8,S1D_NON_EDU,INST_EDU,DIR_EXP,_Z,PT_B1GQ,2019,2.386423,W,0,1,
OECD.EDU.IMEP:DSD_EAG_UOE_FIN@DF_UOE_INDIC_FIN_GDP(1.0),EXP,CHL,ISCED11_1T8,S1D_NON_EDU,INST_EDU,DIR_EXP,_Z,PT_B1GQ,2020,2.2571621,A,0,1,
OECD.EDU.IMEP:DSD_EAG_UOE_FIN@DF_UOE_INDIC_FIN_GDP(1.0),EXP,AUS,ISCED11_1T8,S1D_NON_EDU,INST_EDU,DIR_EXP,_Z,PT_B1GQ,2015,2.00377,B,0,1,
OECD.EDU.IMEP:DSD_EAG_UOE_FIN@DF_UOE_INDIC_FIN_GDP(1.0),EXP,AUS,ISCED11_1T8,S1D_NON_EDU,INST_EDU,DIR_EXP,_Z,PT_B1GQ,2016,1.894558,B,0,1,
OECD.EDU.IMEP:DSD_EAG_UOE_FIN@DF_UOE_INDIC_FIN_GDP(1.0),EXP,AUS,ISCED11_1T8,S1D_NON_EDU,INST_EDU,DIR_EXP,_Z,PT_B1GQ,2017,2.035082,B,0,1,
OECD.EDU.IMEP:DSD_EAG_UOE_FIN@DF_UOE_INDIC_FIN_GDP(1.0),EXP,AUS,ISCED11_1T8,S1D_NON_EDU,INST_EDU,DIR_EXP,_Z,PT_B1GQ,2018,1.958456,W,0,1,
OECD.EDU.IMEP:DSD_EAG_UOE_FIN@DF_UOE_INDIC_FIN_GDP(1.0),EXP,AUS,ISCED11_1T8,S1D_NON_EDU,INST_EDU,DIR_EXP,_Z,PT_B1GQ,2019,2.003868,W,0,1,
OECD.EDU.IMEP:DSD_EAG_UOE_FIN@DF_UOE_INDIC_FIN_GDP(1.0),EXP,AUS,ISCED11_1T8,S1D_NON_EDU,INST_EDU,DIR_EXP,_Z,PT_B1GQ,2020,1.8588181,W,0,1,
OECD.EDU.IMEP:DSD_EAG_UOE_FIN@DF_UOE_INDIC_FIN_GDP(1.0),EXP,FIN,ISCED11_1T8,S13,INST_EDU,DIR_EXP,_Z,PT_B1GQ,2015,5.528722,A,0,1,
OECD.EDU.IMEP:DSD_EAG_UOE_FIN@DF_UOE_INDIC_FIN_GDP(1.0),EXP,FIN,ISCED11_1T8,S13,INST_EDU,DIR_EXP,_Z,PT_B1GQ,2016,5.357147,A,0,1,
OECD.EDU.IMEP:DSD_EAG_UOE_FIN@DF_UOE_INDIC_FIN_GDP(1.0),EXP,FIN,ISCED11_1T8,S13,INST_EDU,DIR_EXP,_Z,PT_B1GQ,2017,5.022893,A,0,1,
OECD.EDU.IMEP:DSD_EAG_UOE_FIN@DF_UOE_INDIC_FIN_GDP(1.0),EXP,FIN,ISCED11_1T8,S13,INST_EDU,DIR_EXP,_Z,PT_B1GQ,2018,4.978992,A,0,1,
OECD.EDU.IMEP:DSD_EAG_UOE_FIN@DF_UOE_INDIC_FIN_GDP(1.0),EXP,FIN,ISCED11_1T8,S13,INST_EDU,DIR_EXP,_Z,PT_B1GQ,2019,5.071085,A,0,1,
OECD.EDU.IMEP:DSD_EAG_UOE_FIN@DF_UOE_INDIC_FIN_GDP(1.0),EXP,FIN,ISCED11_1T8,S13,INST_EDU,DIR_EXP,_Z,PT_B1GQ,2020,5.2646542,A,0,1,
OECD.EDU.IMEP:DSD_EAG_UOE_FIN@DF_UOE_INDIC_FIN_GDP(1.0),EXP,IND,ISCED11_1T8,S2,INST_EDU,DIR_EXP,_Z,PT_B1GQ,2015,,O,0,1,
OECD.EDU.IMEP:DSD_EAG_UOE_FIN@DF_UOE_INDIC_FIN_GDP(1.0),EXP,IND,ISCED11_1T8,S2,INST_EDU,DIR_EXP,_Z,PT_B1GQ,2016,,O,0,1,
OECD.EDU.IMEP:DSD_EAG_UOE_FIN@DF_UOE_INDIC_FIN_GDP(1.0),EXP,IND,ISCED11_1T8,S2,INST_EDU,DIR_EXP,_Z,PT_B1GQ,2017,,O,0,1,
OECD.EDU.IMEP:DSD_EAG_UOE_FIN@DF_UOE_INDIC_FIN_GDP(1.0),EXP,IND,ISCED11_1T8,S2,INST_EDU,DIR_EXP,_Z,PT_B1GQ,2018,,O,0,1,
OECD.EDU.IMEP:DSD_EAG_UOE_FIN@DF_UOE_INDIC_FIN_GDP(1.0),EXP,IND,ISCED11_1T8,S2,INST_EDU,DIR_EXP,_Z,PT_B1GQ,2019,,O,0,1,
OECD.EDU.IMEP:DSD_EAG_UOE_FIN@DF_UOE_INDIC_FIN_GDP(1.0),EXP,IND,ISCED11_1T8,S2,INST_EDU,DIR_EXP,_Z,PT_B1GQ,2020,,O,0,1,
OECD.EDU.IMEP:DSD_EAG_UOE_FIN@DF_UOE_INDIC_FIN_GDP(1.0),EXP,LUX,ISCED11_1T8,S1D_NON_EDU,INST_EDU,DIR_EXP,_Z,PT_B1GQ,2015,0.0950468,A,0,1,
OECD.EDU.IMEP:DSD_EAG_UOE_FIN@DF_UOE_INDIC_FIN_GDP(1.0),EXP,LUX,ISCED11_1T8,S1D_NON_EDU,INST_EDU,DIR_EXP,_Z,PT_B1GQ,2016,0.0990353,A,0,1,
OECD.EDU.IMEP:DSD_EAG_UOE_FIN@DF_UOE_INDIC_FIN_GDP(1.0),EXP,LUX,ISCED11_1T8,S1D_NON_EDU,INST_EDU,DIR_EXP,_Z,PT_B1GQ,2017,0.0965017,A,0,1,
OECD.EDU.IMEP:DSD_EAG_UOE_FIN@DF_UOE_INDIC_FIN_GDP(1.0),EXP,LUX,ISCED11_1T8,S1D_NON_EDU,INST_EDU,DIR_EXP,_Z,PT_B1GQ,2018,0.1065788,A,0,1,
OECD.EDU.IMEP:DSD_EAG_UOE_FIN@DF_UOE_INDIC_FIN_GDP(1.0),EXP,LUX,ISCED11_1T8,S1D_NON_EDU,INST_EDU,DIR_EXP,_Z,PT_B1GQ,2019,0.1087763,A,0,1,
OECD.EDU.IMEP:DSD_EAG_UOE_FIN@DF_UOE_INDIC_FIN_GDP(1.0),EXP,LUX,ISCED11_1T8,S1D_NON_EDU,INST_EDU,DIR_EXP,_Z,PT_B1GQ,2020,0.1042303,A,0,1,
OECD.EDU.IMEP:DSD_EAG_UOE_FIN@DF_UOE_INDIC_FIN_GDP(1.0),EXP,G20,ISCED11_1T8,S2,INST_EDU,DIR_EXP,_Z,PT_B1GQ,2015,,O,0,1,
OECD.EDU.IMEP:DSD_EAG_UOE_FIN@DF_UOE_INDIC_FIN_GDP(1.0),EXP,G20,ISCED11_1T8,S2,INST_EDU,DIR_EXP,_Z,PT_B1GQ,2016,,O,0,1,
OECD.EDU.IMEP:DSD_EAG_UOE_FIN@DF_UOE_INDIC_FIN_GDP(1.0),EXP,G20,ISCED11_1T8,S2,INST_EDU,DIR_EXP,_Z,PT_B1GQ,2017,,O,0,1,
OECD.EDU.IMEP:DSD_EAG_UOE_FIN@DF_UOE_INDIC_FIN_GDP(1.0),EXP,G20,ISCED11_1T8,S2,INST_EDU,DIR_EXP,_Z,PT_B1GQ,2018,,O,0,1,
OECD.EDU.IMEP:DSD_EAG_UOE_FIN@DF_UOE_INDIC_FIN_GDP(1.0),EXP,G20,ISCED11_1T8,S2,INST_EDU,DIR_EXP,_Z,PT_B1GQ,2019,,O,0,1,
OECD.EDU.IMEP:DSD_EAG_UOE_FIN@DF_UOE_INDIC_FIN_GDP(1.0),EXP,G20,ISCED11_1T8,S2,INST_EDU,DIR_EXP,_Z,PT_B1GQ,2020,,O,0,1,
OECD.EDU.IMEP:DSD_EAG_UOE_FIN@DF_UOE_INDIC_FIN_GDP(1.0),EXP,TUR,ISCED11_1T8,S2,INST_EDU,DIR_EXP,_Z,PT_B1GQ,2015,0.0150369,A,0,1,
OECD.EDU.IMEP:DSD_EAG_UOE_FIN@DF_UOE_INDIC_FIN_GDP(1.0),EXP,TUR,ISCED11_1T8,S2,INST_EDU,DIR_EXP,_Z,PT_B1GQ,2016,0.0188995,A,0,1,
OECD.EDU.IMEP:DSD_EAG_UOE_FIN@DF_UOE_INDIC_FIN_GDP(1.0),EXP,TUR,ISCED11_1T8,S2,INST_EDU,DIR_EXP,_Z,PT_B1GQ,2017,0.0168413,A,0,1,
OECD.EDU.IMEP:DSD_EAG_UOE_FIN@DF_UOE_INDIC_FIN_GDP(1.0),EXP,TUR,ISCED11_1T8,S2,INST_EDU,DIR_EXP,_Z,PT_B1GQ,2018,0.0189977,A,0,1,
OECD.EDU.IMEP:DSD_EAG_UOE_FIN@DF_UOE_INDIC_FIN_GDP(1.0),EXP,TUR,ISCED11_1T8,S2,INST_EDU,DIR_EXP,_Z,PT_B1GQ,2019,0.0209616,A,0,1,
OECD.EDU.IMEP:DSD_EAG_UOE_FIN@DF_UOE_INDIC_FIN_GDP(1.0),EXP,TUR,ISCED11_1T8,S2,INST_EDU,DIR_EXP,_Z,PT_B1GQ,2020,0.0250726,A,0,1,
OECD.EDU.IMEP:DSD_EAG_UOE_FIN@DF_UOE_INDIC_FIN_GDP(1.0),EXP,SVK,ISCED11_1T8,_T,INST_EDU,DIR_EXP,_Z,PT_B1GQ,2015,4.369291,A,0,1,
OECD.EDU.IMEP:DSD_EAG_UOE_FIN@DF_UOE_INDIC_FIN_GDP(1.0),EXP,SVK,ISCED11_1T8,_T,INST_EDU,DIR_EXP,_Z,PT_B1GQ,2016,3.693645,A,0,1,
OECD.EDU.IMEP:DSD_EAG_UOE_FIN@DF_UOE_INDIC_FIN_GDP(1.0),EXP,SVK,ISCED11_1T8,_T,INST_EDU,DIR_EXP,_Z,PT_B1GQ,2017,3.640382,A,0,1,
OECD.EDU.IMEP:DSD_EAG_UOE_FIN@DF_UOE_INDIC_FIN_GDP(1.0),EXP,SVK,ISCED11_1T8,_T,INST_EDU,DIR_EXP,_Z,PT_B1GQ,2018,3.672961,A,0,1,
OECD.EDU.IMEP:DSD_EAG_UOE_FIN@DF_UOE_INDIC_FIN_GDP(1.0),EXP,SVK,ISCED11_1T8,_T,INST_EDU,DIR_EXP,_Z,PT_B1GQ,2019,3.904193,A,0,1,
OECD.EDU.IMEP:DSD_EAG_UOE_FIN@DF_UOE_INDIC_FIN_GDP(1.0),EXP,SVK,ISCED11_1T8,_T,INST_EDU,DIR_EXP,_Z,PT_B1GQ,2020,4.3390441,A,0,1,
OECD.EDU.IMEP:DSD_EAG_UOE_FIN@DF_UOE_INDIC_FIN_GDP(1.0),EXP,GBR,ISCED11_1T8,_T,INST_EDU,DIR_EXP,_Z,PT_B1GQ,2015,6.328501,A,0,1,
OECD.EDU.IMEP:DSD_EAG_UOE_FIN@DF_UOE_INDIC_FIN_GDP(1.0),EXP,GBR,ISCED11_1T8,_T,INST_EDU,DIR_EXP,_Z,PT_B1GQ,2016,6.232353,A,0,1,
OECD.EDU.IMEP:DSD_EAG_UOE_FIN@DF_UOE_INDIC_FIN_GDP(1.0),EXP,GBR,ISCED11_1T8,_T,INST_EDU,DIR_EXP,_Z,PT_B1GQ,2017,6.243533,A,0,1,
OECD.EDU.IMEP:DSD_EAG_UOE_FIN@DF_UOE_INDIC_FIN_GDP(1.0),EXP,GBR,ISCED11_1T8,_T,INST_EDU,DIR_EXP,_Z,PT_B1GQ,2018,6.096055,A,0,1,
OECD.EDU.IMEP:DSD_EAG_UOE_FIN@DF_UOE_INDIC_FIN_GDP(1.0),EXP,GBR,ISCED11_1T8,_T,INST_EDU,DIR_EXP,_Z,PT_B1GQ,2019,6.083517,A,0,1,
OECD.EDU.IMEP:DSD_EAG_UOE_FIN@DF_UOE_INDIC_FIN_GDP(1.0),EXP,GBR,ISCED11_1T8,_T,INST_EDU,DIR_EXP,_Z,PT_B1GQ,2020,6.311326,A,0,1,
OECD.EDU.IMEP:DSD_EAG_UOE_FIN@DF_UOE_INDIC_FIN_GDP(1.0),EXP,ESP,ISCED11_1T8,_T,INST_EDU,DIR_EXP,_Z,PT_B1GQ,2015,4.361032,A,0,1,
OECD.EDU.IMEP:DSD_EAG_UOE_FIN@DF_UOE_INDIC_FIN_GDP(1.0),EXP,ESP,ISCED11_1T8,_T,INST_EDU,DIR_EXP,_Z,PT_B1GQ,2016,4.319095,A,0,1,
OECD.EDU.IMEP:DSD_EAG_UOE_FIN@DF_UOE_INDIC_FIN_GDP(1.0),EXP,ESP,ISCED11_1T8,_T,INST_EDU,DIR_EXP,_Z,PT_B1GQ,2017,4.283897,A,0,1,
OECD.EDU.IMEP:DSD_EAG_UOE_FIN@DF_UOE_INDIC_FIN_GDP(1.0),EXP,ESP,ISCED11_1T8,_T,INST_EDU,DIR_EXP,_Z,PT_B1GQ,2018,4.285648,A,0,1,
OECD.EDU.IMEP:DSD_EAG_UOE_FIN@DF_UOE_INDIC_FIN_GDP(1.0),EXP,ESP,ISCED11_1T8,_T,INST_EDU,DIR_EXP,_Z,PT_B1GQ,2019,4.331574,A,0,1,
OECD.EDU.IMEP:DSD_EAG_UOE_FIN@DF_UOE_INDIC_FIN_GDP(1.0),EXP,ESP,ISCED11_1T8,_T,INST_EDU,DIR_EXP,_Z,PT_B1GQ,2020,4.9691768,A,0,1,
OECD.EDU.IMEP:DSD_EAG_UOE_FIN@DF_UOE_INDIC_FIN_GDP(1.0),EXP,MEX,ISCED11_1T8,_T,INST_EDU,DIR_EXP,_Z,PT_B1GQ,2015,5.261685,W,0,1,
OECD.EDU.IMEP:DSD_EAG_UOE_FIN@DF_UOE_INDIC_FIN_GDP(1.0),EXP,MEX,ISCED11_1T8,_T,INST_EDU,DIR_EXP,_Z,PT_B1GQ,2016,5.076052,W,0,1,
OECD.EDU.IMEP:DSD_EAG_UOE_FIN@DF_UOE_INDIC_FIN_GDP(1.0),EXP,MEX,ISCED11_1T8,_T,INST_EDU,DIR_EXP,_Z,PT_B1GQ,2017,4.390234,A,0,1,
OECD.EDU.IMEP:DSD_EAG_UOE_FIN@DF_UOE_INDIC_FIN_GDP(1.0),EXP,MEX,ISCED11_1T8,_T,INST_EDU,DIR_EXP,_Z,PT_B1GQ,2018,4.642597,A,0,1,
OECD.EDU.IMEP:DSD_EAG_UOE_FIN@DF_UOE_INDIC_FIN_GDP(1.0),EXP,MEX,ISCED11_1T8,_T,INST_EDU,DIR_EXP,_Z,PT_B1GQ,2019,4.620654,A,0,1,
OECD.EDU.IMEP:DSD_EAG_UOE_FIN@DF_UOE_INDIC_FIN_GDP(1.0),EXP,MEX,ISCED11_1T8,_T,INST_EDU,DIR_EXP,_Z,PT_B1GQ,2020,4.483067,A,0,1,
OECD.EDU.IMEP:DSD_EAG_UOE_FIN@DF_UOE_INDIC_FIN_GDP(1.0),EXP,KOR,ISCED11_1T8,S1D_NON_EDU,INST_EDU,DIR_EXP,_Z,PT_B1GQ,2015,1.592576,W,0,1,
OECD.EDU.IMEP:DSD_EAG_UOE_FIN@DF_UOE_INDIC_FIN_GDP(1.0),EXP,KOR,ISCED11_1T8,S1D_NON_EDU,INST_EDU,DIR_EXP,_Z,PT_B1GQ,2016,1.500722,A,0,1,
OECD.EDU.IMEP:DSD_EAG_UOE_FIN@DF_UOE_INDIC_FIN_GDP(1.0),EXP,KOR,ISCED11_1T8,S1D_NON_EDU,INST_EDU,DIR_EXP,_Z,PT_B1GQ,2017,1.403772,W,0,1,
OECD.EDU.IMEP:DSD_EAG_UOE_FIN@DF_UOE_INDIC_FIN_GDP(1.0),EXP,KOR,ISCED11_1T8,S1D_NON_EDU,INST_EDU,DIR_EXP,_Z,PT_B1GQ,2018,1.34586,W,0,1,
OECD.EDU.IMEP:DSD_EAG_UOE_FIN@DF_UOE_INDIC_FIN_GDP(1.0),EXP,KOR,ISCED11_1T8,S1D_NON_EDU,INST_EDU,DIR_EXP,_Z,PT_B1GQ,2019,1.294225,W,0,1,
OECD.EDU.IMEP:DSD_EAG_UOE_FIN@DF_UOE_INDIC_FIN_GDP(1.0),EXP,KOR,ISCED11_1T8,S1D_NON_EDU,INST_EDU,DIR_EXP,_Z,PT_B1GQ,2020,1.0692821,W,0,1,
OECD.EDU.IMEP:DSD_EAG_UOE_FIN@DF_UOE_INDIC_FIN_GDP(1.0),EXP,NOR,ISCED11_1T8,_T,INST_EDU,DIR_EXP,_Z,PT_B1GQ,2015,6.391298,B,0,1,
OECD.EDU.IMEP:DSD_EAG_UOE_FIN@DF_UOE_INDIC_FIN_GDP(1.0),EXP,NOR,ISCED11_1T8,_T,INST_EDU,DIR_EXP,_Z,PT_B1GQ,2016,6.550629,B,0,1,
OECD.EDU.IMEP:DSD_EAG_UOE_FIN@DF_UOE_INDIC_FIN_GDP(1.0),EXP,NOR,ISCED11_1T8,_T,INST_EDU,DIR_EXP,_Z,PT_B1GQ,2017,6.633413,B,0,1,
OECD.EDU.IMEP:DSD_EAG_UOE_FIN@DF_UOE_INDIC_FIN_GDP(1.0),EXP,NOR,ISCED11_1T8,_T,INST_EDU,DIR_EXP,_Z,PT_B1GQ,2018,6.619117,A,0,1,
OECD.EDU.IMEP:DSD_EAG_UOE_FIN@DF_UOE_INDIC_FIN_GDP(1.0),EXP,NOR,ISCED11_1T8,_T,INST_EDU,DIR_EXP,_Z,PT_B1GQ,2019,6.562521,A,0,1,
OECD.EDU.IMEP:DSD_EAG_UOE_FIN@DF_UOE_INDIC_FIN_GDP(1.0),EXP,NOR,ISCED11_1T8,_T,INST_EDU,DIR_EXP,_Z,PT_B1GQ,2020,6.7789078,A,0,1,
OECD.EDU.IMEP:DSD_EAG_UOE_FIN@DF_UOE_INDIC_FIN_GDP(1.0),EXP,GRC,ISCED11_1T8,_T,INST_EDU,DIR_EXP,_Z,PT_B1GQ,2015,3.818189,A,0,1,
OECD.EDU.IMEP:DSD_EAG_UOE_FIN@DF_UOE_INDIC_FIN_GDP(1.0),EXP,GRC,ISCED11_1T8,_T,INST_EDU,DIR_EXP,_Z,PT_B1GQ,2016,,O,0,1,
OECD.EDU.IMEP:DSD_EAG_UOE_FIN@DF_UOE_INDIC_FIN_GDP(1.0),EXP,GRC,ISCED11_1T8,_T,INST_EDU,DIR_EXP,_Z,PT_B1GQ,2017,3.535676,A,0,1,
OECD.EDU.IMEP:DSD_EAG_UOE_FIN@DF_UOE_INDIC_FIN_GDP(1.0),EXP,GRC,ISCED11_1T8,_T,INST_EDU,DIR_EXP,_Z,PT_B1GQ,2018,3.720683,A,0,1,
OECD.EDU.IMEP:DSD_EAG_UOE_FIN@DF_UOE_INDIC_FIN_GDP(1.0),EXP,GRC,ISCED11_1T8,_T,INST_EDU,DIR_EXP,_Z,PT_B1GQ,2019,3.718679,A,0,1,
OECD.EDU.IMEP:DSD_EAG_UOE_FIN@DF_UOE_INDIC_FIN_GDP(1.0),EXP,ITA,ISCED11_1T8,S13,INST_EDU,DIR_EXP,_Z,PT_B1GQ,2015,3.343743,A,0,1,
OECD.EDU.IMEP:DSD_EAG_UOE_FIN@DF_UOE_INDIC_FIN_GDP(1.0),EXP,ITA,ISCED11_1T8,S13,INST_EDU,DIR_EXP,_Z,PT_B1GQ,2016,3.126663,A,0,1,
OECD.EDU.IMEP:DSD_EAG_UOE_FIN@DF_UOE_INDIC_FIN_GDP(1.0),EXP,ITA,ISCED11_1T8,S13,INST_EDU,DIR_EXP,_Z,PT_B1GQ,2017,3.324494,A,0,1,
OECD.EDU.IMEP:DSD_EAG_UOE_FIN@DF_UOE_INDIC_FIN_GDP(1.0),EXP,ITA,ISCED11_1T8,S13,INST_EDU,DIR_EXP,_Z,PT_B1GQ,2018,3.48507,A,0,1,
OECD.EDU.IMEP:DSD_EAG_UOE_FIN@DF_UOE_INDIC_FIN_GDP(1.0),EXP,ITA,ISCED11_1T8,S13,INST_EDU,DIR_EXP,_Z,PT_B1GQ,2019,3.313282,A,0,1,
OECD.EDU.IMEP:DSD_EAG_UOE_FIN@DF_UOE_INDIC_FIN_GDP(1.0),EXP,ITA,ISCED11_1T8,S13,INST_EDU,DIR_EXP,_Z,PT_B1GQ,2020,3.6351371,A,0,1,
OECD.EDU.IMEP:DSD_EAG_UOE_FIN@DF_UOE_INDIC_FIN_GDP(1.0),EXP,KOR,ISCED11_1T8,_T,INST_EDU,DIR_EXP,_Z,PT_B1GQ,2015,5.257537,A,0,1,
OECD.EDU.IMEP:DSD_EAG_UOE_FIN@DF_UOE_INDIC_FIN_GDP(1.0),EXP,KOR,ISCED11_1T8,_T,INST_EDU,DIR_EXP,_Z,PT_B1GQ,2016,5.086037,A,0,1,
OECD.EDU.IMEP:DSD_EAG_UOE_FIN@DF_UOE_INDIC_FIN_GDP(1.0),EXP,KOR,ISCED11_1T8,_T,INST_EDU,DIR_EXP,_Z,PT_B1GQ,2017,5.028796,A,0,1,
OECD.EDU.IMEP:DSD_EAG_UOE_FIN@DF_UOE_INDIC_FIN_GDP(1.0),EXP,KOR,ISCED11_1T8,_T,INST_EDU,DIR_EXP,_Z,PT_B1GQ,2018,5.096667,A,0,1,
OECD.EDU.IMEP:DSD_EAG_UOE_FIN@DF_UOE_INDIC_FIN_GDP(1.0),EXP,KOR,ISCED11_1T8,_T,INST_EDU,DIR_EXP,_Z,PT_B1GQ,2019,5.259854,A,0,1,
OECD.EDU.IMEP:DSD_EAG_UOE_FIN@DF_UOE_INDIC_FIN_GDP(1.0),EXP,KOR,ISCED11_1T8,_T,INST_EDU,DIR_EXP,_Z,PT_B1GQ,2020,5.0711451,A,0,1,
OECD.EDU.IMEP:DSD_EAG_UOE_FIN@DF_UOE_INDIC_FIN_GDP(1.0),EXP,LTU,ISCED11_1T8,S1D_NON_EDU,INST_EDU,DIR_EXP,_Z,PT_B1GQ,2015,0.4875796,A,0,1,
OECD.EDU.IMEP:DSD_EAG_UOE_FIN@DF_UOE_INDIC_FIN_GDP(1.0),EXP,LTU,ISCED11_1T8,S1D_NON_EDU,INST_EDU,DIR_EXP,_Z,PT_B1GQ,2016,0.4516241,A,0,1,
OECD.EDU.IMEP:DSD_EAG_UOE_FIN@DF_UOE_INDIC_FIN_GDP(1.0),EXP,LTU,ISCED11_1T8,S1D_NON_EDU,INST_EDU,DIR_EXP,_Z,PT_B1GQ,2017,0.4234453,A,0,1,
OECD.EDU.IMEP:DSD_EAG_UOE_FIN@DF_UOE_INDIC_FIN_GDP(1.0),EXP,LTU,ISCED11_1T8,S1D_NON_EDU,INST_EDU,DIR_EXP,_Z,PT_B1GQ,2018,0.4171769,A,0,1,
OECD.EDU.IMEP:DSD_EAG_UOE_FIN@DF_UOE_INDIC_FIN_GDP(1.0),EXP,LTU,ISCED11_1T8,S1D_NON_EDU,INST_EDU,DIR_EXP,_Z,PT_B1GQ,2019,0.4205816,A,0,1,
OECD.EDU.IMEP:DSD_EAG_UOE_FIN@DF_UOE_INDIC_FIN_GDP(1.0),EXP,LTU,ISCED11_1T8,S1D_NON_EDU,INST_EDU,DIR_EXP,_Z,PT_B1GQ,2020,0.45288709,A,0,1,
OECD.EDU.IMEP:DSD_EAG_UOE_FIN@DF_UOE_INDIC_FIN_GDP(1.0),EXP,SAU,ISCED11_1T8,S1D_NON_EDU,INST_EDU,DIR_EXP,_Z,PT_B1GQ,2015,,O,0,1,
OECD.EDU.IMEP:DSD_EAG_UOE_FIN@DF_UOE_INDIC_FIN_GDP(1.0),EXP,SAU,ISCED11_1T8,S1D_NON_EDU,INST_EDU,DIR_EXP,_Z,PT_B1GQ,2016,,O,0,1,
OECD.EDU.IMEP:DSD_EAG_UOE_FIN@DF_UOE_INDIC_FIN_GDP(1.0),EXP,SAU,ISCED11_1T8,S1D_NON_EDU,INST_EDU,DIR_EXP,_Z,PT_B1GQ,2017,,O,0,1,
OECD.EDU.IMEP:DSD_EAG_UOE_FIN@DF_UOE_INDIC_FIN_GDP(1.0),EXP,SAU,ISCED11_1T8,S1D_NON_EDU,INST_EDU,DIR_EXP,_Z,PT_B1GQ,2018,,O,0,1,
OECD.EDU.IMEP:DSD_EAG_UOE_FIN@DF_UOE_INDIC_FIN_GDP(1.0),EXP,SAU,ISCED11_1T8,S1D_NON_EDU,INST_EDU,DIR_EXP,_Z,PT_B1GQ,2019,,O,0,1,
OECD.EDU.IMEP:DSD_EAG_UOE_FIN@DF_UOE_INDIC_FIN_GDP(1.0),EXP,SAU,ISCED11_1T8,S1D_NON_EDU,INST_EDU,DIR_EXP,_Z,PT_B1GQ,2020,,O,0,1,
OECD.EDU.IMEP:DSD_EAG_UOE_FIN@DF_UOE_INDIC_FIN_GDP(1.0),EXP,IND,ISCED11_1T8,S1D_NON_EDU,INST_EDU,DIR_EXP,_Z,PT_B1GQ,2015,,O,0,1,
OECD.EDU.IMEP:DSD_EAG_UOE_FIN@DF_UOE_INDIC_FIN_GDP(1.0),EXP,IND,ISCED11_1T8,S1D_NON_EDU,INST_EDU,DIR_EXP,_Z,PT_B1GQ,2016,,O,0,1,
OECD.EDU.IMEP:DSD_EAG_UOE_FIN@DF_UOE_INDIC_FIN_GDP(1.0),EXP,IND,ISCED11_1T8,S1D_NON_EDU,INST_EDU,DIR_EXP,_Z,PT_B1GQ,2017,,O,0,1,
OECD.EDU.IMEP:DSD_EAG_UOE_FIN@DF_UOE_INDIC_FIN_GDP(1.0),EXP,IND,ISCED11_1T8,S1D_NON_EDU,INST_EDU,DIR_EXP,_Z,PT_B1GQ,2018,,O,0,1,
OECD.EDU.IMEP:DSD_EAG_UOE_FIN@DF_UOE_INDIC_FIN_GDP(1.0),EXP,IND,ISCED11_1T8,S1D_NON_EDU,INST_EDU,DIR_EXP,_Z,PT_B1GQ,2019,,O,0,1,
OECD.EDU.IMEP:DSD_EAG_UOE_FIN@DF_UOE_INDIC_FIN_GDP(1.0),EXP,IND,ISCED11_1T8,S1D_NON_EDU,INST_EDU,DIR_EXP,_Z,PT_B1GQ,2020,,O,0,1,
OECD.EDU.IMEP:DSD_EAG_UOE_FIN@DF_UOE_INDIC_FIN_GDP(1.0),EXP,SWE,ISCED11_1T8,S13,INST_EDU,DIR_EXP,_Z,PT_B1GQ,2015,4.946734,A,0,1,
OECD.EDU.IMEP:DSD_EAG_UOE_FIN@DF_UOE_INDIC_FIN_GDP(1.0),EXP,SWE,ISCED11_1T8,S13,INST_EDU,DIR_EXP,_Z,PT_B1GQ,2016,5.120571,A,0,1,
OECD.EDU.IMEP:DSD_EAG_UOE_FIN@DF_UOE_INDIC_FIN_GDP(1.0),EXP,SWE,ISCED11_1T8,S13,INST_EDU,DIR_EXP,_Z,PT_B1GQ,2017,5.180894,A,0,1,
OECD.EDU.IMEP:DSD_EAG_UOE_FIN@DF_UOE_INDIC_FIN_GDP(1.0),EXP,SWE,ISCED11_1T8,S13,INST_EDU,DIR_EXP,_Z,PT_B1GQ,2018,5.283234,A,0,1,
OECD.EDU.IMEP:DSD_EAG_UOE_FIN@DF_UOE_INDIC_FIN_GDP(1.0),EXP,SWE,ISCED11_1T8,S13,INST_EDU,DIR_EXP,_Z,PT_B1GQ,2019,5.231956,A,0,1,
OECD.EDU.IMEP:DSD_EAG_UOE_FIN@DF_UOE_INDIC_FIN_GDP(1.0),EXP,SWE,ISCED11_1T8,S13,INST_EDU,DIR_EXP,_Z,PT_B1GQ,2020,5.398962,A,0,1,
OECD.EDU.IMEP:DSD_EAG_UOE_FIN@DF_UOE_INDIC_FIN_GDP(1.0),EXP,CRI,ISCED11_1T8,S13,INST_EDU,DIR_EXP,_Z,PT_B1GQ,2015,6.376782,A,0,1,
OECD.EDU.IMEP:DSD_EAG_UOE_FIN@DF_UOE_INDIC_FIN_GDP(1.0),EXP,CRI,ISCED11_1T8,S13,INST_EDU,DIR_EXP,_Z,PT_B1GQ,2016,6.133945,A,0,1,
OECD.EDU.IMEP:DSD_EAG_UOE_FIN@DF_UOE_INDIC_FIN_GDP(1.0),EXP,CRI,ISCED11_1T8,S13,INST_EDU,DIR_EXP,_Z,PT_B1GQ,2017,,O,0,1,
OECD.EDU.IMEP:DSD_EAG_UOE_FIN@DF_UOE_INDIC_FIN_GDP(1.0),EXP,CRI,ISCED11_1T8,S13,INST_EDU,DIR_EXP,_Z,PT_B1GQ,2018,5.432287,A,0,1,
OECD.EDU.IMEP:DSD_EAG_UOE_FIN@DF_UOE_INDIC_FIN_GDP(1.0),EXP,CRI,ISCED11_1T8,S13,INST_EDU,DIR_EXP,_Z,PT_B1GQ,2019,6.198249,W,0,1,
OECD.EDU.IMEP:DSD_EAG_UOE_FIN@DF_UOE_INDIC_FIN_GDP(1.0),EXP,CRI,ISCED11_1T8,S13,INST_EDU,DIR_EXP,_Z,PT_B1GQ,2020,5.799687,A,0,1,
OECD.EDU.IMEP:DSD_EAG_UOE_FIN@DF_UOE_INDIC_FIN_GDP(1.0),EXP,COL,ISCED11_1T8,S13,INST_EDU,DIR_EXP,_Z,PT_B1GQ,2015,3.909725,W,0,1,
OECD.EDU.IMEP:DSD_EAG_UOE_FIN@DF_UOE_INDIC_FIN_GDP(1.0),EXP,COL,ISCED11_1T8,S13,INST_EDU,DIR_EXP,_Z,PT_B1GQ,2016,3.862351,W,0,1,
OECD.EDU.IMEP:DSD_EAG_UOE_FIN@DF_UOE_INDIC_FIN_GDP(1.0),EXP,COL,ISCED11_1T8,S13,INST_EDU,DIR_EXP,_Z,PT_B1GQ,2017,3.955651,W,0,1,
OECD.EDU.IMEP:DSD_EAG_UOE_FIN@DF_UOE_INDIC_FIN_GDP(1.0),EXP,COL,ISCED11_1T8,S13,INST_EDU,DIR_EXP,_Z,PT_B1GQ,2018,3.940896,A,0,1,
OECD.EDU.IMEP:DSD_EAG_UOE_FIN@DF_UOE_INDIC_FIN_GDP(1.0),EXP,COL,ISCED11_1T8,S13,INST_EDU,DIR_EXP,_Z,PT_B1GQ,2019,3.884081,A,0,1,
OECD.EDU.IMEP:DSD_EAG_UOE_FIN@DF_UOE_INDIC_FIN_GDP(1.0),EXP,COL,ISCED11_1T8,S13,INST_EDU,DIR_EXP,_Z,PT_B1GQ,2020,4.5956368,A,0,1,
OECD.EDU.IMEP:DSD_EAG_UOE_FIN@DF_UOE_INDIC_FIN_GDP(1.0),EXP,G20,ISCED11_1T8,S1D_NON_EDU,INST_EDU,DIR_EXP,_Z,PT_B1GQ,2015,,O,0,1,
OECD.EDU.IMEP:DSD_EAG_UOE_FIN@DF_UOE_INDIC_FIN_GDP(1.0),EXP,G20,ISCED11_1T8,S1D_NON_EDU,INST_EDU,DIR_EXP,_Z,PT_B1GQ,2016,,O,0,1,
OECD.EDU.IMEP:DSD_EAG_UOE_FIN@DF_UOE_INDIC_FIN_GDP(1.0),EXP,G20,ISCED11_1T8,S1D_NON_EDU,INST_EDU,DIR_EXP,_Z,PT_B1GQ,2017,,O,0,1,
OECD.EDU.IMEP:DSD_EAG_UOE_FIN@DF_UOE_INDIC_FIN_GDP(1.0),EXP,G20,ISCED11_1T8,S1D_NON_EDU,INST_EDU,DIR_EXP,_Z,PT_B1GQ,2018,,O,0,1,
OECD.EDU.IMEP:DSD_EAG_UOE_FIN@DF_UOE_INDIC_FIN_GDP(1.0),EXP,G20,ISCED11_1T8,S1D_NON_EDU,INST_EDU,DIR_EXP,_Z,PT_B1GQ,2019,,O,0,1,
OECD.EDU.IMEP:DSD_EAG_UOE_FIN@DF_UOE_INDIC_FIN_GDP(1.0),EXP,G20,ISCED11_1T8,S1D_NON_EDU,INST_EDU,DIR_EXP,_Z,PT_B1GQ,2020,,O,0,1,
OECD.EDU.IMEP:DSD_EAG_UOE_FIN@DF_UOE_INDIC_FIN_GDP(1.0),EXP,ISR,ISCED11_1T8,_T,INST_EDU,DIR_EXP,_Z,PT_B1GQ,2015,5.853116,A,0,1,
OECD.EDU.IMEP:DSD_EAG_UOE_FIN@DF_UOE_INDIC_FIN_GDP(1.0),EXP,ISR,ISCED11_1T8,_T,INST_EDU,DIR_EXP,_Z,PT_B1GQ,2016,5.943537,A,0,1,
OECD.EDU.IMEP:DSD_EAG_UOE_FIN@DF_UOE_INDIC_FIN_GDP(1.0),EXP,ISR,ISCED11_1T8,_T,INST_EDU,DIR_EXP,_Z,PT_B1GQ,2017,6.004071,A,0,1,
OECD.EDU.IMEP:DSD_EAG_UOE_FIN@DF_UOE_INDIC_FIN_GDP(1.0),EXP,ISR,ISCED11_1T8,_T,INST_EDU,DIR_EXP,_Z,PT_B1GQ,2018,6.204876,A,0,1,
OECD.EDU.IMEP:DSD_EAG_UOE_FIN@DF_UOE_INDIC_FIN_GDP(1.0),EXP,ISR,ISCED11_1T8,_T,INST_EDU,DIR_EXP,_Z,PT_B1GQ,2019,6.16255,A,0,1,
OECD.EDU.IMEP:DSD_EAG_UOE_FIN@DF_UOE_INDIC_FIN_GDP(1.0),EXP,ISR,ISCED11_1T8,_T,INST_EDU,DIR_EXP,_Z,PT_B1GQ,2020,6.4153471,A,0,1,
OECD.EDU.IMEP:DSD_EAG_UOE_FIN@DF_UOE_INDIC_FIN_GDP(1.0),EXP,GRC,ISCED11_1T8,S1D_NON_EDU,INST_EDU,DIR_EXP,_Z,PT_B1GQ,2015,0.3082733,A,0,1,
OECD.EDU.IMEP:DSD_EAG_UOE_FIN@DF_UOE_INDIC_FIN_GDP(1.0),EXP,GRC,ISCED11_1T8,S1D_NON_EDU,INST_EDU,DIR_EXP,_Z,PT_B1GQ,2016,,O,0,1,
OECD.EDU.IMEP:DSD_EAG_UOE_FIN@DF_UOE_INDIC_FIN_GDP(1.0),EXP,GRC,ISCED11_1T8,S1D_NON_EDU,INST_EDU,DIR_EXP,_Z,PT_B1GQ,2017,0.2818929,A,0,1,
OECD.EDU.IMEP:DSD_EAG_UOE_FIN@DF_UOE_INDIC_FIN_GDP(1.0),EXP,GRC,ISCED11_1T8,S1D_NON_EDU,INST_EDU,DIR_EXP,_Z,PT_B1GQ,2018,0.3438388,A,0,1,
OECD.EDU.IMEP:DSD_EAG_UOE_FIN@DF_UOE_INDIC_FIN_GDP(1.0),EXP,GRC,ISCED11_1T8,S1D_NON_EDU,INST_EDU,DIR_EXP,_Z,PT_B1GQ,2019,0.32556331,A,0,1,
OECD.EDU.IMEP:DSD_EAG_UOE_FIN@DF_UOE_INDIC_FIN_GDP(1.0),EXP,POL,ISCED11_1T8,S13,INST_EDU,DIR_EXP,_Z,PT_B1GQ,2015,4.017235,A,0,1,
OECD.EDU.IMEP:DSD_EAG_UOE_FIN@DF_UOE_INDIC_FIN_GDP(1.0),EXP,POL,ISCED11_1T8,S13,INST_EDU,DIR_EXP,_Z,PT_B1GQ,2016,3.841908,A,0,1,
OECD.EDU.IMEP:DSD_EAG_UOE_FIN@DF_UOE_INDIC_FIN_GDP(1.0),EXP,POL,ISCED11_1T8,S13,INST_EDU,DIR_EXP,_Z,PT_B1GQ,2017,3.728591,A,0,1,
OECD.EDU.IMEP:DSD_EAG_UOE_FIN@DF_UOE_INDIC_FIN_GDP(1.0),EXP,POL,ISCED11_1T8,S13,INST_EDU,DIR_EXP,_Z,PT_B1GQ,2018,3.731573,A,0,1,
OECD.EDU.IMEP:DSD_EAG_UOE_FIN@DF_UOE_INDIC_FIN_GDP(1.0),EXP,POL,ISCED11_1T8,S13,INST_EDU,DIR_EXP,_Z,PT_B1GQ,2019,3.794312,A,0,1,
OECD.EDU.IMEP:DSD_EAG_UOE_FIN@DF_UOE_INDIC_FIN_GDP(1.0),EXP,POL,ISCED11_1T8,S13,INST_EDU,DIR_EXP,_Z,PT_B1GQ,2020,3.9555171,A,0,1,
OECD.EDU.IMEP:DSD_EAG_UOE_FIN@DF_UOE_INDIC_FIN_GDP(1.0),EXP,LUX,ISCED11_1T8,S2,INST_EDU,DIR_EXP,_Z,PT_B1GQ,2015,0.089282,A,0,1,
OECD.EDU.IMEP:DSD_EAG_UOE_FIN@DF_UOE_INDIC_FIN_GDP(1.0),EXP,LUX,ISCED11_1T8,S2,INST_EDU,DIR_EXP,_Z,PT_B1GQ,2016,0.091689,A,0,1,
OECD.EDU.IMEP:DSD_EAG_UOE_FIN@DF_UOE_INDIC_FIN_GDP(1.0),EXP,LUX,ISCED11_1T8,S2,INST_EDU,DIR_EXP,_Z,PT_B1GQ,2017,0.1043676,A,0,1,
OECD.EDU.IMEP:DSD_EAG_UOE_FIN@DF_UOE_INDIC_FIN_GDP(1.0),EXP,LUX,ISCED11_1T8,S2,INST_EDU,DIR_EXP,_Z,PT_B1GQ,2018,0.0941508,A,0,1,
OECD.EDU.IMEP:DSD_EAG_UOE_FIN@DF_UOE_INDIC_FIN_GDP(1.0),EXP,LUX,ISCED11_1T8,S2,INST_EDU,DIR_EXP,_Z,PT_B1GQ,2019,0.0946304,A,0,1,
OECD.EDU.IMEP:DSD_EAG_UOE_FIN@DF_UOE_INDIC_FIN_GDP(1.0),EXP,LUX,ISCED11_1T8,S2,INST_EDU,DIR_EXP,_Z,PT_B1GQ,2020,0.0954167,A,0,1,
OECD.EDU.IMEP:DSD_EAG_UOE_FIN@DF_UOE_INDIC_FIN_GDP(1.0),EXP,ROU,ISCED11_1T8,S2,INST_EDU,DIR_EXP,_Z,PT_B1GQ,2015,0.2512361,A,0,1,
OECD.EDU.IMEP:DSD_EAG_UOE_FIN@DF_UOE_INDIC_FIN_GDP(1.0),EXP,ROU,ISCED11_1T8,S2,INST_EDU,DIR_EXP,_Z,PT_B1GQ,2016,0.0287112,A,0,1,
OECD.EDU.IMEP:DSD_EAG_UOE_FIN@DF_UOE_INDIC_FIN_GDP(1.0),EXP,ROU,ISCED11_1T8,S2,INST_EDU,DIR_EXP,_Z,PT_B1GQ,2017,0.0336372,A,0,1,
OECD.EDU.IMEP:DSD_EAG_UOE_FIN@DF_UOE_INDIC_FIN_GDP(1.0),EXP,ROU,ISCED11_1T8,S2,INST_EDU,DIR_EXP,_Z,PT_B1GQ,2018,0.0377206,A,0,1,
OECD.EDU.IMEP:DSD_EAG_UOE_FIN@DF_UOE_INDIC_FIN_GDP(1.0),EXP,ROU,ISCED11_1T8,S2,INST_EDU,DIR_EXP,_Z,PT_B1GQ,2019,0.0629306,A,0,1,
OECD.EDU.IMEP:DSD_EAG_UOE_FIN@DF_UOE_INDIC_FIN_GDP(1.0),EXP,ROU,ISCED11_1T8,S2,INST_EDU,DIR_EXP,_Z,PT_B1GQ,2020,0.0714001,A,0,1,
OECD.EDU.IMEP:DSD_EAG_UOE_FIN@DF_UOE_INDIC_FIN_GDP(1.0),EXP,SVN,ISCED11_1T8,S1D_NON_EDU,INST_EDU,DIR_EXP,_Z,PT_B1GQ,2015,0.4520891,A,0,1,
OECD.EDU.IMEP:DSD_EAG_UOE_FIN@DF_UOE_INDIC_FIN_GDP(1.0),EXP,SVN,ISCED11_1T8,S1D_NON_EDU,INST_EDU,DIR_EXP,_Z,PT_B1GQ,2016,0.4485397,A,0,1,
OECD.EDU.IMEP:DSD_EAG_UOE_FIN@DF_UOE_INDIC_FIN_GDP(1.0),EXP,SVN,ISCED11_1T8,S1D_NON_EDU,INST_EDU,DIR_EXP,_Z,PT_B1GQ,2017,0.4279527,A,0,1,
OECD.EDU.IMEP:DSD_EAG_UOE_FIN@DF_UOE_INDIC_FIN_GDP(1.0),EXP,SVN,ISCED11_1T8,S1D_NON_EDU,INST_EDU,DIR_EXP,_Z,PT_B1GQ,2018,0.4117962,A,0,1,
OECD.EDU.IMEP:DSD_EAG_UOE_FIN@DF_UOE_INDIC_FIN_GDP(1.0),EXP,SVN,ISCED11_1T8,S1D_NON_EDU,INST_EDU,DIR_EXP,_Z,PT_B1GQ,2019,0.4145822,A,0,1,
OECD.EDU.IMEP:DSD_EAG_UOE_FIN@DF_UOE_INDIC_FIN_GDP(1.0),EXP,SVN,ISCED11_1T8,S1D_NON_EDU,INST_EDU,DIR_EXP,_Z,PT_B1GQ,2020,0.4316822,A,0,1,
OECD.EDU.IMEP:DSD_EAG_UOE_FIN@DF_UOE_INDIC_FIN_GDP(1.0),EXP,ARG,ISCED11_1T8,S13,INST_EDU,DIR_EXP,_Z,PT_B1GQ,2015,5.171872,A,0,1,
OECD.EDU.IMEP:DSD_EAG_UOE_FIN@DF_UOE_INDIC_FIN_GDP(1.0),EXP,ARG,ISCED11_1T8,S13,INST_EDU,DIR_EXP,_Z,PT_B1GQ,2016,4.937007,A,0,1,
OECD.EDU.IMEP:DSD_EAG_UOE_FIN@DF_UOE_INDIC_FIN_GDP(1.0),EXP,ARG,ISCED11_1T8,S13,INST_EDU,DIR_EXP,_Z,PT_B1GQ,2017,4.874299,A,0,1,
OECD.EDU.IMEP:DSD_EAG_UOE_FIN@DF_UOE_INDIC_FIN_GDP(1.0),EXP,ARG,ISCED11_1T8,S13,INST_EDU,DIR_EXP,_Z,PT_B1GQ,2018,4.247716,A,0,1,
OECD.EDU.IMEP:DSD_EAG_UOE_FIN@DF_UOE_INDIC_FIN_GDP(1.0),EXP,ARG,ISCED11_1T8,S13,INST_EDU,DIR_EXP,_Z,PT_B1GQ,2019,4.182004,A,0,1,
OECD.EDU.IMEP:DSD_EAG_UOE_FIN@DF_UOE_INDIC_FIN_GDP(1.0),EXP,ARG,ISCED11_1T8,S13,INST_EDU,DIR_EXP,_Z,PT_B1GQ,2020,4.4656539,A,0,1,
OECD.EDU.IMEP:DSD_EAG_UOE_FIN@DF_UOE_INDIC_FIN_GDP(1.0),EXP,NLD,ISCED11_1T8,S1D_NON_EDU,INST_EDU,DIR_EXP,_Z,PT_B1GQ,2015,0.9495239,A,0,1,
OECD.EDU.IMEP:DSD_EAG_UOE_FIN@DF_UOE_INDIC_FIN_GDP(1.0),EXP,NLD,ISCED11_1T8,S1D_NON_EDU,INST_EDU,DIR_EXP,_Z,PT_B1GQ,2016,0.915495,A,0,1,
OECD.EDU.IMEP:DSD_EAG_UOE_FIN@DF_UOE_INDIC_FIN_GDP(1.0),EXP,NLD,ISCED11_1T8,S1D_NON_EDU,INST_EDU,DIR_EXP,_Z,PT_B1GQ,2017,0.9479679,A,0,1,
OECD.EDU.IMEP:DSD_EAG_UOE_FIN@DF_UOE_INDIC_FIN_GDP(1.0),EXP,NLD,ISCED11_1T8,S1D_NON_EDU,INST_EDU,DIR_EXP,_Z,PT_B1GQ,2018,0.9464284,A,0,1,
OECD.EDU.IMEP:DSD_EAG_UOE_FIN@DF_UOE_INDIC_FIN_GDP(1.0),EXP,NLD,ISCED11_1T8,S1D_NON_EDU,INST_EDU,DIR_EXP,_Z,PT_B1GQ,2019,0.9460731,A,0,1,
OECD.EDU.IMEP:DSD_EAG_UOE_FIN@DF_UOE_INDIC_FIN_GDP(1.0),EXP,NLD,ISCED11_1T8,S1D_NON_EDU,INST_EDU,DIR_EXP,_Z,PT_B1GQ,2020,0.96710241,A,0,1,
OECD.EDU.IMEP:DSD_EAG_UOE_FIN@DF_UOE_INDIC_FIN_GDP(1.0),EXP,ITA,ISCED11_1T8,S2,INST_EDU,DIR_EXP,_Z,PT_B1GQ,2015,0.0976134,A,0,1,
OECD.EDU.IMEP:DSD_EAG_UOE_FIN@DF_UOE_INDIC_FIN_GDP(1.0),EXP,ITA,ISCED11_1T8,S2,INST_EDU,DIR_EXP,_Z,PT_B1GQ,2016,0.0389352,A,0,1,
OECD.EDU.IMEP:DSD_EAG_UOE_FIN@DF_UOE_INDIC_FIN_GDP(1.0),EXP,ITA,ISCED11_1T8,S2,INST_EDU,DIR_EXP,_Z,PT_B1GQ,2017,0.0507105,A,0,1,
OECD.EDU.IMEP:DSD_EAG_UOE_FIN@DF_UOE_INDIC_FIN_GDP(1.0),EXP,ITA,ISCED11_1T8,S2,INST_EDU,DIR_EXP,_Z,PT_B1GQ,2018,0.0419802,A,0,1,
OECD.EDU.IMEP:DSD_EAG_UOE_FIN@DF_UOE_INDIC_FIN_GDP(1.0),EXP,ITA,ISCED11_1T8,S2,INST_EDU,DIR_EXP,_Z,PT_B1GQ,2019,0.0233077,A,0,1,
OECD.EDU.IMEP:DSD_EAG_UOE_FIN@DF_UOE_INDIC_FIN_GDP(1.0),EXP,ITA,ISCED11_1T8,S2,INST_EDU,DIR_EXP,_Z,PT_B1GQ,2020,0.0343696,A,0,1,
OECD.EDU.IMEP:DSD_EAG_UOE_FIN@DF_UOE_INDIC_FIN_GDP(1.0),EXP,CHE,ISCED11_1T8,_T,INST_EDU,DIR_EXP,_Z,PT_B1GQ,2015,,O,0,1,
OECD.EDU.IMEP:DSD_EAG_UOE_FIN@DF_UOE_INDIC_FIN_GDP(1.0),EXP,CHE,ISCED11_1T8,_T,INST_EDU,DIR_EXP,_Z,PT_B1GQ,2016,,O,0,1,
OECD.EDU.IMEP:DSD_EAG_UOE_FIN@DF_UOE_INDIC_FIN_GDP(1.0),EXP,CHE,ISCED11_1T8,_T,INST_EDU,DIR_EXP,_Z,PT_B1GQ,2017,,O,0,1,
OECD.EDU.IMEP:DSD_EAG_UOE_FIN@DF_UOE_INDIC_FIN_GDP(1.0),EXP,CHE,ISCED11_1T8,_T,INST_EDU,DIR_EXP,_Z,PT_B1GQ,2018,,O,0,1,
OECD.EDU.IMEP:DSD_EAG_UOE_FIN@DF_UOE_INDIC_FIN_GDP(1.0),EXP,CHE,ISCED11_1T8,_T,INST_EDU,DIR_EXP,_Z,PT_B1GQ,2019,,O,0,1,
OECD.EDU.IMEP:DSD_EAG_UOE_FIN@DF_UOE_INDIC_FIN_GDP(1.0),EXP,CHE,ISCED11_1T8,_T,INST_EDU,DIR_EXP,_Z,PT_B1GQ,2020,,O,0,1,
OECD.EDU.IMEP:DSD_EAG_UOE_FIN@DF_UOE_INDIC_FIN_GDP(1.0),EXP,BGR,ISCED11_1T8,S13,INST_EDU,DIR_EXP,_Z,PT_B1GQ,2015,2.301438,A,0,1,
OECD.EDU.IMEP:DSD_EAG_UOE_FIN@DF_UOE_INDIC_FIN_GDP(1.0),EXP,BGR,ISCED11_1T8,S13,INST_EDU,DIR_EXP,_Z,PT_B1GQ,2016,2.256902,A,0,1,
OECD.EDU.IMEP:DSD_EAG_UOE_FIN@DF_UOE_INDIC_FIN_GDP(1.0),EXP,BGR,ISCED11_1T8,S13,INST_EDU,DIR_EXP,_Z,PT_B1GQ,2017,2.510366,A,0,1,
OECD.EDU.IMEP:DSD_EAG_UOE_FIN@DF_UOE_INDIC_FIN_GDP(1.0),EXP,BGR,ISCED11_1T8,S13,INST_EDU,DIR_EXP,_Z,PT_B1GQ,2018,2.566171,A,0,1,
OECD.EDU.IMEP:DSD_EAG_UOE_FIN@DF_UOE_INDIC_FIN_GDP(1.0),EXP,BGR,ISCED11_1T8,S13,INST_EDU,DIR_EXP,_Z,PT_B1GQ,2019,2.749683,A,0,1,
OECD.EDU.IMEP:DSD_EAG_UOE_FIN@DF_UOE_INDIC_FIN_GDP(1.0),EXP,BGR,ISCED11_1T8,S13,INST_EDU,DIR_EXP,_Z,PT_B1GQ,2020,3.0102811,A,0,1,
OECD.EDU.IMEP:DSD_EAG_UOE_FIN@DF_UOE_INDIC_FIN_GDP(1.0),EXP,AUT,ISCED11_1T8,_T,INST_EDU,DIR_EXP,_Z,PT_B1GQ,2015,4.866635,A,0,1,
OECD.EDU.IMEP:DSD_EAG_UOE_FIN@DF_UOE_INDIC_FIN_GDP(1.0),EXP,AUT,ISCED11_1T8,_T,INST_EDU,DIR_EXP,_Z,PT_B1GQ,2016,4.874484,A,0,1,
OECD.EDU.IMEP:DSD_EAG_UOE_FIN@DF_UOE_INDIC_FIN_GDP(1.0),EXP,AUT,ISCED11_1T8,_T,INST_EDU,DIR_EXP,_Z,PT_B1GQ,2017,4.78451,A,0,1,
OECD.EDU.IMEP:DSD_EAG_UOE_FIN@DF_UOE_INDIC_FIN_GDP(1.0),EXP,AUT,ISCED11_1T8,_T,INST_EDU,DIR_EXP,_Z,PT_B1GQ,2018,4.69183,A,0,1,
OECD.EDU.IMEP:DSD_EAG_UOE_FIN@DF_UOE_INDIC_FIN_GDP(1.0),EXP,AUT,ISCED11_1T8,_T,INST_EDU,DIR_EXP,_Z,PT_B1GQ,2019,4.679342,A,0,1,
OECD.EDU.IMEP:DSD_EAG_UOE_FIN@DF_UOE_INDIC_FIN_GDP(1.0),EXP,AUT,ISCED11_1T8,_T,INST_EDU,DIR_EXP,_Z,PT_B1GQ,2020,4.9085889,A,0,1,
OECD.EDU.IMEP:DSD_EAG_UOE_FIN@DF_UOE_INDIC_FIN_GDP(1.0),EXP,ARG,ISCED11_1T8,S2,INST_EDU,DIR_EXP,_Z,PT_B1GQ,2015,,M,0,1,
OECD.EDU.IMEP:DSD_EAG_UOE_FIN@DF_UOE_INDIC_FIN_GDP(1.0),EXP,ARG,ISCED11_1T8,S2,INST_EDU,DIR_EXP,_Z,PT_B1GQ,2016,,M,0,1,
OECD.EDU.IMEP:DSD_EAG_UOE_FIN@DF_UOE_INDIC_FIN_GDP(1.0),EXP,ARG,ISCED11_1T8,S2,INST_EDU,DIR_EXP,_Z,PT_B1GQ,2017,,M,0,1,
OECD.EDU.IMEP:DSD_EAG_UOE_FIN@DF_UOE_INDIC_FIN_GDP(1.0),EXP,ARG,ISCED11_1T8,S2,INST_EDU,DIR_EXP,_Z,PT_B1GQ,2018,,M,0,1,
OECD.EDU.IMEP:DSD_EAG_UOE_FIN@DF_UOE_INDIC_FIN_GDP(1.0),EXP,ARG,ISCED11_1T8,S2,INST_EDU,DIR_EXP,_Z,PT_B1GQ,2019,,M,0,1,
OECD.EDU.IMEP:DSD_EAG_UOE_FIN@DF_UOE_INDIC_FIN_GDP(1.0),EXP,ARG,ISCED11_1T8,S2,INST_EDU,DIR_EXP,_Z,PT_B1GQ,2020,,O,0,1,
OECD.EDU.IMEP:DSD_EAG_UOE_FIN@DF_UOE_INDIC_FIN_GDP(1.0),EXP,CHN,ISCED11_1T8,S1D_NON_EDU,INST_EDU,DIR_EXP,_Z,PT_B1GQ,2015,,O,0,1,
OECD.EDU.IMEP:DSD_EAG_UOE_FIN@DF_UOE_INDIC_FIN_GDP(1.0),EXP,CHN,ISCED11_1T8,S1D_NON_EDU,INST_EDU,DIR_EXP,_Z,PT_B1GQ,2016,,O,0,1,
OECD.EDU.IMEP:DSD_EAG_UOE_FIN@DF_UOE_INDIC_FIN_GDP(1.0),EXP,CHN,ISCED11_1T8,S1D_NON_EDU,INST_EDU,DIR_EXP,_Z,PT_B1GQ,2017,,O,0,1,
OECD.EDU.IMEP:DSD_EAG_UOE_FIN@DF_UOE_INDIC_FIN_GDP(1.0),EXP,CHN,ISCED11_1T8,S1D_NON_EDU,INST_EDU,DIR_EXP,_Z,PT_B1GQ,2018,,O,0,1,
OECD.EDU.IMEP:DSD_EAG_UOE_FIN@DF_UOE_INDIC_FIN_GDP(1.0),EXP,CHN,ISCED11_1T8,S1D_NON_EDU,INST_EDU,DIR_EXP,_Z,PT_B1GQ,2019,,O,0,1,
OECD.EDU.IMEP:DSD_EAG_UOE_FIN@DF_UOE_INDIC_FIN_GDP(1.0),EXP,CHN,ISCED11_1T8,S1D_NON_EDU,INST_EDU,DIR_EXP,_Z,PT_B1GQ,2020,,O,0,1,
OECD.EDU.IMEP:DSD_EAG_UOE_FIN@DF_UOE_INDIC_FIN_GDP(1.0),EXP,NOR,ISCED11_1T8,S1D_NON_EDU,INST_EDU,DIR_EXP,_Z,PT_B1GQ,2015,0.093987,B,0,1,
OECD.EDU.IMEP:DSD_EAG_UOE_FIN@DF_UOE_INDIC_FIN_GDP(1.0),EXP,NOR,ISCED11_1T8,S1D_NON_EDU,INST_EDU,DIR_EXP,_Z,PT_B1GQ,2016,0.1357926,B,0,1,
OECD.EDU.IMEP:DSD_EAG_UOE_FIN@DF_UOE_INDIC_FIN_GDP(1.0),EXP,NOR,ISCED11_1T8,S1D_NON_EDU,INST_EDU,DIR_EXP,_Z,PT_B1GQ,2017,0.1627186,B,0,1,
OECD.EDU.IMEP:DSD_EAG_UOE_FIN@DF_UOE_INDIC_FIN_GDP(1.0),EXP,NOR,ISCED11_1T8,S1D_NON_EDU,INST_EDU,DIR_EXP,_Z,PT_B1GQ,2018,0.1458431,A,0,1,
OECD.EDU.IMEP:DSD_EAG_UOE_FIN@DF_UOE_INDIC_FIN_GDP(1.0),EXP,NOR,ISCED11_1T8,S1D_NON_EDU,INST_EDU,DIR_EXP,_Z,PT_B1GQ,2019,0.1463374,A,0,1,
OECD.EDU.IMEP:DSD_EAG_UOE_FIN@DF_UOE_INDIC_FIN_GDP(1.0),EXP,NOR,ISCED11_1T8,S1D_NON_EDU,INST_EDU,DIR_EXP,_Z,PT_B1GQ,2020,0.27764371,A,0,1,
OECD.EDU.IMEP:DSD_EAG_UOE_FIN@DF_UOE_INDIC_FIN_GDP(1.0),EXP,FRA,ISCED11_1T8,S2,INST_EDU,DIR_EXP,_Z,PT_B1GQ,2015,0.0280336,A,0,1,
OECD.EDU.IMEP:DSD_EAG_UOE_FIN@DF_UOE_INDIC_FIN_GDP(1.0),EXP,FRA,ISCED11_1T8,S2,INST_EDU,DIR_EXP,_Z,PT_B1GQ,2016,0.0240631,A,0,1,
OECD.EDU.IMEP:DSD_EAG_UOE_FIN@DF_UOE_INDIC_FIN_GDP(1.0),EXP,FRA,ISCED11_1T8,S2,INST_EDU,DIR_EXP,_Z,PT_B1GQ,2017,0.0274982,A,0,1,
OECD.EDU.IMEP:DSD_EAG_UOE_FIN@DF_UOE_INDIC_FIN_GDP(1.0),EXP,FRA,ISCED11_1T8,S2,INST_EDU,DIR_EXP,_Z,PT_B1GQ,2018,0.0269312,A,0,1,
OECD.EDU.IMEP:DSD_EAG_UOE_FIN@DF_UOE_INDIC_FIN_GDP(1.0),EXP,FRA,ISCED11_1T8,S2,INST_EDU,DIR_EXP,_Z,PT_B1GQ,2019,0.0332864,A,0,1,
OECD.EDU.IMEP:DSD_EAG_UOE_FIN@DF_UOE_INDIC_FIN_GDP(1.0),EXP,FRA,ISCED11_1T8,S2,INST_EDU,DIR_EXP,_Z,PT_B1GQ,2020,0.0323051,A,0,1,
OECD.EDU.IMEP:DSD_EAG_UOE_FIN@DF_UOE_INDIC_FIN_GDP(1.0),EXP,SWE,ISCED11_1T8,S2,INST_EDU,DIR_EXP,_Z,PT_B1GQ,2015,0.0635458,A,0,1,
OECD.EDU.IMEP:DSD_EAG_UOE_FIN@DF_UOE_INDIC_FIN_GDP(1.0),EXP,SWE,ISCED11_1T8,S2,INST_EDU,DIR_EXP,_Z,PT_B1GQ,2016,0.0668065,A,0,1,
OECD.EDU.IMEP:DSD_EAG_UOE_FIN@DF_UOE_INDIC_FIN_GDP(1.0),EXP,SWE,ISCED11_1T8,S2,INST_EDU,DIR_EXP,_Z,PT_B1GQ,2017,0.0688174,A,0,1,
OECD.EDU.IMEP:DSD_EAG_UOE_FIN@DF_UOE_INDIC_FIN_GDP(1.0),EXP,SWE,ISCED11_1T8,S2,INST_EDU,DIR_EXP,_Z,PT_B1GQ,2018,0.0714853,A,0,1,
OECD.EDU.IMEP:DSD_EAG_UOE_FIN@DF_UOE_INDIC_FIN_GDP(1.0),EXP,SWE,ISCED11_1T8,S2,INST_EDU,DIR_EXP,_Z,PT_B1GQ,2019,0.0718556,A,0,1,
OECD.EDU.IMEP:DSD_EAG_UOE_FIN@DF_UOE_INDIC_FIN_GDP(1.0),EXP,SWE,ISCED11_1T8,S2,INST_EDU,DIR_EXP,_Z,PT_B1GQ,2020,0.0706188,A,0,1,
OECD.EDU.IMEP:DSD_EAG_UOE_FIN@DF_UOE_INDIC_FIN_GDP(1.0),EXP,USA,ISCED11_1T8,S1D_NON_EDU,INST_EDU,DIR_EXP,_Z,PT_B1GQ,2015,1.964923,A,0,1,
OECD.EDU.IMEP:DSD_EAG_UOE_FIN@DF_UOE_INDIC_FIN_GDP(1.0),EXP,USA,ISCED11_1T8,S1D_NON_EDU,INST_EDU,DIR_EXP,_Z,PT_B1GQ,2016,1.976254,A,0,1,
OECD.EDU.IMEP:DSD_EAG_UOE_FIN@DF_UOE_INDIC_FIN_GDP(1.0),EXP,USA,ISCED11_1T8,S1D_NON_EDU,INST_EDU,DIR_EXP,_Z,PT_B1GQ,2017,1.985309,A,0,1,
OECD.EDU.IMEP:DSD_EAG_UOE_FIN@DF_UOE_INDIC_FIN_GDP(1.0),EXP,USA,ISCED11_1T8,S1D_NON_EDU,INST_EDU,DIR_EXP,_Z,PT_B1GQ,2018,1.919529,A,0,1,
OECD.EDU.IMEP:DSD_EAG_UOE_FIN@DF_UOE_INDIC_FIN_GDP(1.0),EXP,USA,ISCED11_1T8,S1D_NON_EDU,INST_EDU,DIR_EXP,_Z,PT_B1GQ,2019,1.896484,A,0,1,
OECD.EDU.IMEP:DSD_EAG_UOE_FIN@DF_UOE_INDIC_FIN_GDP(1.0),EXP,USA,ISCED11_1T8,S1D_NON_EDU,INST_EDU,DIR_EXP,_Z,PT_B1GQ,2020,1.851842,A,0,1,
OECD.EDU.IMEP:DSD_EAG_UOE_FIN@DF_UOE_INDIC_FIN_GDP(1.0),EXP,CZE,ISCED11_1T8,S13,INST_EDU,DIR_EXP,_Z,PT_B1GQ,2015,3.159413,A,0,1,
OECD.EDU.IMEP:DSD_EAG_UOE_FIN@DF_UOE_INDIC_FIN_GDP(1.0),EXP,CZE,ISCED11_1T8,S13,INST_EDU,DIR_EXP,_Z,PT_B1GQ,2016,2.963095,A,0,1,
OECD.EDU.IMEP:DSD_EAG_UOE_FIN@DF_UOE_INDIC_FIN_GDP(1.0),EXP,CZE,ISCED11_1T8,S13,INST_EDU,DIR_EXP,_Z,PT_B1GQ,2017,3.118059,A,0,1,
OECD.EDU.IMEP:DSD_EAG_UOE_FIN@DF_UOE_INDIC_FIN_GDP(1.0),EXP,CZE,ISCED11_1T8,S13,INST_EDU,DIR_EXP,_Z,PT_B1GQ,2018,3.593929,A,0,1,
OECD.EDU.IMEP:DSD_EAG_UOE_FIN@DF_UOE_INDIC_FIN_GDP(1.0),EXP,CZE,ISCED11_1T8,S13,INST_EDU,DIR_EXP,_Z,PT_B1GQ,2019,3.841118,A,0,1,
OECD.EDU.IMEP:DSD_EAG_UOE_FIN@DF_UOE_INDIC_FIN_GDP(1.0),EXP,CZE,ISCED11_1T8,S13,INST_EDU,DIR_EXP,_Z,PT_B1GQ,2020,3.969171,A,0,1,
OECD.EDU.IMEP:DSD_EAG_UOE_FIN@DF_UOE_INDIC_FIN_GDP(1.0),EXP,ZAF,ISCED11_1T8,S13,INST_EDU,DIR_EXP,_Z,PT_B1GQ,2015,,O,0,1,
OECD.EDU.IMEP:DSD_EAG_UOE_FIN@DF_UOE_INDIC_FIN_GDP(1.0),EXP,ZAF,ISCED11_1T8,S13,INST_EDU,DIR_EXP,_Z,PT_B1GQ,2016,4586.29,A,0,1,
OECD.EDU.IMEP:DSD_EAG_UOE_FIN@DF_UOE_INDIC_FIN_GDP(1.0),EXP,ZAF,ISCED11_1T8,S13,INST_EDU,DIR_EXP,_Z,PT_B1GQ,2017,4.662767,A,0,1,
OECD.EDU.IMEP:DSD_EAG_UOE_FIN@DF_UOE_INDIC_FIN_GDP(1.0),EXP,ZAF,ISCED11_1T8,S13,INST_EDU,DIR_EXP,_Z,PT_B1GQ,2018,4.796699,A,0,1,
OECD.EDU.IMEP:DSD_EAG_UOE_FIN@DF_UOE_INDIC_FIN_GDP(1.0),EXP,ZAF,ISCED11_1T8,S13,INST_EDU,DIR_EXP,_Z,PT_B1GQ,2019,5.01457,A,0,1,
OECD.EDU.IMEP:DSD_EAG_UOE_FIN@DF_UOE_INDIC_FIN_GDP(1.0),EXP,ZAF,ISCED11_1T8,S13,INST_EDU,DIR_EXP,_Z,PT_B1GQ,2020,6.173164,A,0,1,
OECD.EDU.IMEP:DSD_EAG_UOE_FIN@DF_UOE_INDIC_FIN_GDP(1.0),EXP,LUX,ISCED11_1T8,_T,INST_EDU,DIR_EXP,_Z,PT_B1GQ,2015,3.341386,A,0,1,
OECD.EDU.IMEP:DSD_EAG_UOE_FIN@DF_UOE_INDIC_FIN_GDP(1.0),EXP,LUX,ISCED11_1T8,_T,INST_EDU,DIR_EXP,_Z,PT_B1GQ,2016,3.078204,A,0,1,
OECD.EDU.IMEP:DSD_EAG_UOE_FIN@DF_UOE_INDIC_FIN_GDP(1.0),EXP,LUX,ISCED11_1T8,_T,INST_EDU,DIR_EXP,_Z,PT_B1GQ,2017,3.160819,A,0,1,
OECD.EDU.IMEP:DSD_EAG_UOE_FIN@DF_UOE_INDIC_FIN_GDP(1.0),EXP,LUX,ISCED11_1T8,_T,INST_EDU,DIR_EXP,_Z,PT_B1GQ,2018,3.143867,A,0,1,
OECD.EDU.IMEP:DSD_EAG_UOE_FIN@DF_UOE_INDIC_FIN_GDP(1.0),EXP,LUX,ISCED11_1T8,_T,INST_EDU,DIR_EXP,_Z,PT_B1GQ,2019,3.355452,A,0,1,
OECD.EDU.IMEP:DSD_EAG_UOE_FIN@DF_UOE_INDIC_FIN_GDP(1.0),EXP,LUX,ISCED11_1T8,_T,INST_EDU,DIR_EXP,_Z,PT_B1GQ,2020,3.4450259,A,0,1,
OECD.EDU.IMEP:DSD_EAG_UOE_FIN@DF_UOE_INDIC_FIN_GDP(1.0),EXP,SVN,ISCED11_1T8,S13,INST_EDU,DIR_EXP,_Z,PT_B1GQ,2015,3.816146,A,0,1,
OECD.EDU.IMEP:DSD_EAG_UOE_FIN@DF_UOE_INDIC_FIN_GDP(1.0),EXP,SVN,ISCED11_1T8,S13,INST_EDU,DIR_EXP,_Z,PT_B1GQ,2016,3.751896,A,0,1,
OECD.EDU.IMEP:DSD_EAG_UOE_FIN@DF_UOE_INDIC_FIN_GDP(1.0),EXP,SVN,ISCED11_1T8,S13,INST_EDU,DIR_EXP,_Z,PT_B1GQ,2017,3.750437,A,0,1,
OECD.EDU.IMEP:DSD_EAG_UOE_FIN@DF_UOE_INDIC_FIN_GDP(1.0),EXP,SVN,ISCED11_1T8,S13,INST_EDU,DIR_EXP,_Z,PT_B1GQ,2018,3.726379,A,0,1,
OECD.EDU.IMEP:DSD_EAG_UOE_FIN@DF_UOE_INDIC_FIN_GDP(1.0),EXP,SVN,ISCED11_1T8,S13,INST_EDU,DIR_EXP,_Z,PT_B1GQ,2019,3.709984,A,0,1,
OECD.EDU.IMEP:DSD_EAG_UOE_FIN@DF_UOE_INDIC_FIN_GDP(1.0),EXP,SVN,ISCED11_1T8,S13,INST_EDU,DIR_EXP,_Z,PT_B1GQ,2020,4.1128931,A,0,1,
OECD.EDU.IMEP:DSD_EAG_UOE_FIN@DF_UOE_INDIC_FIN_GDP(1.0),EXP,NZL,ISCED11_1T8,_T,INST_EDU,DIR_EXP,_Z,PT_B1GQ,2015,5.775492,B,0,1,
OECD.EDU.IMEP:DSD_EAG_UOE_FIN@DF_UOE_INDIC_FIN_GDP(1.0),EXP,NZL,ISCED11_1T8,_T,INST_EDU,DIR_EXP,_Z,PT_B1GQ,2016,5.65606,B,0,1,
OECD.EDU.IMEP:DSD_EAG_UOE_FIN@DF_UOE_INDIC_FIN_GDP(1.0),EXP,NZL,ISCED11_1T8,_T,INST_EDU,DIR_EXP,_Z,PT_B1GQ,2017,5.50225,B,0,1,
OECD.EDU.IMEP:DSD_EAG_UOE_FIN@DF_UOE_INDIC_FIN_GDP(1.0),EXP,NZL,ISCED11_1T8,_T,INST_EDU,DIR_EXP,_Z,PT_B1GQ,2018,5.275975,A,0,1,
OECD.EDU.IMEP:DSD_EAG_UOE_FIN@DF_UOE_INDIC_FIN_GDP(1.0),EXP,NZL,ISCED11_1T8,_T,INST_EDU,DIR_EXP,_Z,PT_B1GQ,2019,5.300462,A,0,1,
OECD.EDU.IMEP:DSD_EAG_UOE_FIN@DF_UOE_INDIC_FIN_GDP(1.0),EXP,NZL,ISCED11_1T8,_T,INST_EDU,DIR_EXP,_Z,PT_B1GQ,2020,5.40065,A,0,1,
OECD.EDU.IMEP:DSD_EAG_UOE_FIN@DF_UOE_INDIC_FIN_GDP(1.0),EXP,PER,ISCED11_1T8,_T,INST_EDU,DIR_EXP,_Z,PT_B1GQ,2015,,O,0,1,
OECD.EDU.IMEP:DSD_EAG_UOE_FIN@DF_UOE_INDIC_FIN_GDP(1.0),EXP,PER,ISCED11_1T8,_T,INST_EDU,DIR_EXP,_Z,PT_B1GQ,2016,,O,0,1,
OECD.EDU.IMEP:DSD_EAG_UOE_FIN@DF_UOE_INDIC_FIN_GDP(1.0),EXP,PER,ISCED11_1T8,_T,INST_EDU,DIR_EXP,_Z,PT_B1GQ,2017,,O,0,1,
OECD.EDU.IMEP:DSD_EAG_UOE_FIN@DF_UOE_INDIC_FIN_GDP(1.0),EXP,PER,ISCED11_1T8,_T,INST_EDU,DIR_EXP,_Z,PT_B1GQ,2018,,O,0,1,
OECD.EDU.IMEP:DSD_EAG_UOE_FIN@DF_UOE_INDIC_FIN_GDP(1.0),EXP,PER,ISCED11_1T8,_T,INST_EDU,DIR_EXP,_Z,PT_B1GQ,2019,,O,0,1,
OECD.EDU.IMEP:DSD_EAG_UOE_FIN@DF_UOE_INDIC_FIN_GDP(1.0),EXP,PER,ISCED11_1T8,_T,INST_EDU,DIR_EXP,_Z,PT_B1GQ,2020,,O,0,1,
OECD.EDU.IMEP:DSD_EAG_UOE_FIN@DF_UOE_INDIC_FIN_GDP(1.0),EXP,IRL,ISCED11_1T8,S2,INST_EDU,DIR_EXP,_Z,PT_B1GQ,2015,0.0411683,A,0,1,
OECD.EDU.IMEP:DSD_EAG_UOE_FIN@DF_UOE_INDIC_FIN_GDP(1.0),EXP,IRL,ISCED11_1T8,S2,INST_EDU,DIR_EXP,_Z,PT_B1GQ,2016,0.0416535,A,0,1,
OECD.EDU.IMEP:DSD_EAG_UOE_FIN@DF_UOE_INDIC_FIN_GDP(1.0),EXP,IRL,ISCED11_1T8,S2,INST_EDU,DIR_EXP,_Z,PT_B1GQ,2017,0.0387486,A,0,1,
OECD.EDU.IMEP:DSD_EAG_UOE_FIN@DF_UOE_INDIC_FIN_GDP(1.0),EXP,IRL,ISCED11_1T8,S2,INST_EDU,DIR_EXP,_Z,PT_B1GQ,2018,0.0404479,A,0,1,
OECD.EDU.IMEP:DSD_EAG_UOE_FIN@DF_UOE_INDIC_FIN_GDP(1.0),EXP,IRL,ISCED11_1T8,S2,INST_EDU,DIR_EXP,_Z,PT_B1GQ,2019,0.0404727,A,0,1,
OECD.EDU.IMEP:DSD_EAG_UOE_FIN@DF_UOE_INDIC_FIN_GDP(1.0),EXP,IRL,ISCED11_1T8,S2,INST_EDU,DIR_EXP,_Z,PT_B1GQ,2020,0.031117,A,0,1,
OECD.EDU.IMEP:DSD_EAG_UOE_FIN@DF_UOE_INDIC_FIN_GDP(1.0),EXP,HRV,ISCED11_1T8,S2,INST_EDU,DIR_EXP,_Z,PT_B1GQ,2015,0.0800911,A,0,1,
OECD.EDU.IMEP:DSD_EAG_UOE_FIN@DF_UOE_INDIC_FIN_GDP(1.0),EXP,HRV,ISCED11_1T8,S2,INST_EDU,DIR_EXP,_Z,PT_B1GQ,2016,0.0570834,A,0,1,
OECD.EDU.IMEP:DSD_EAG_UOE_FIN@DF_UOE_INDIC_FIN_GDP(1.0),EXP,HRV,ISCED11_1T8,S2,INST_EDU,DIR_EXP,_Z,PT_B1GQ,2017,0.0326355,A,0,1,
OECD.EDU.IMEP:DSD_EAG_UOE_FIN@DF_UOE_INDIC_FIN_GDP(1.0),EXP,HRV,ISCED11_1T8,S2,INST_EDU,DIR_EXP,_Z,PT_B1GQ,2018,0.0468424,A,0,1,
OECD.EDU.IMEP:DSD_EAG_UOE_FIN@DF_UOE_INDIC_FIN_GDP(1.0),EXP,HRV,ISCED11_1T8,S2,INST_EDU,DIR_EXP,_Z,PT_B1GQ,2019,7.36e-05,A,0,1,
OECD.EDU.IMEP:DSD_EAG_UOE_FIN@DF_UOE_INDIC_FIN_GDP(1.0),EXP,HRV,ISCED11_1T8,S2,INST_EDU,DIR_EXP,_Z,PT_B1GQ,2020,0.0001683,A,0,1,
OECD.EDU.IMEP:DSD_EAG_UOE_FIN@DF_UOE_INDIC_FIN_GDP(1.0),EXP,IDN,ISCED11_1T8,S13,INST_EDU,DIR_EXP,_Z,PT_B1GQ,2015,3.006306,A,0,1,
OECD.EDU.IMEP:DSD_EAG_UOE_FIN@DF_UOE_INDIC_FIN_GDP(1.0),EXP,IDN,ISCED11_1T8,S13,INST_EDU,DIR_EXP,_Z,PT_B1GQ,2016,,O,0,1,
OECD.EDU.IMEP:DSD_EAG_UOE_FIN@DF_UOE_INDIC_FIN_GDP(1.0),EXP,IDN,ISCED11_1T8,S13,INST_EDU,DIR_EXP,_Z,PT_B1GQ,2017,,O,0,1,
OECD.EDU.IMEP:DSD_EAG_UOE_FIN@DF_UOE_INDIC_FIN_GDP(1.0),EXP,IDN,ISCED11_1T8,S13,INST_EDU,DIR_EXP,_Z,PT_B1GQ,2018,,O,0,1,
OECD.EDU.IMEP:DSD_EAG_UOE_FIN@DF_UOE_INDIC_FIN_GDP(1.0),EXP,IDN,ISCED11_1T8,S13,INST_EDU,DIR_EXP,_Z,PT_B1GQ,2019,,O,0,1,
OECD.EDU.IMEP:DSD_EAG_UOE_FIN@DF_UOE_INDIC_FIN_GDP(1.0),EXP,IDN,ISCED11_1T8,S13,INST_EDU,DIR_EXP,_Z,PT_B1GQ,2020,,O,0,1,
OECD.EDU.IMEP:DSD_EAG_UOE_FIN@DF_UOE_INDIC_FIN_GDP(1.0),EXP,OECD,ISCED11_1T8,S13,INST_EDU,DIR_EXP,_Z,PT_B1GQ,2015,4.137993,A,0,1,
OECD.EDU.IMEP:DSD_EAG_UOE_FIN@DF_UOE_INDIC_FIN_GDP(1.0),EXP,OECD,ISCED11_1T8,S13,INST_EDU,DIR_EXP,_Z,PT_B1GQ,2016,4.105917,A,0,1,
OECD.EDU.IMEP:DSD_EAG_UOE_FIN@DF_UOE_INDIC_FIN_GDP(1.0),EXP,OECD,ISCED11_1T8,S13,INST_EDU,DIR_EXP,_Z,PT_B1GQ,2017,4.018121,A,0,1,
OECD.EDU.IMEP:DSD_EAG_UOE_FIN@DF_UOE_INDIC_FIN_GDP(1.0),EXP,OECD,ISCED11_1T8,S13,INST_EDU,DIR_EXP,_Z,PT_B1GQ,2018,4.049866,A,0,1,
OECD.EDU.IMEP:DSD_EAG_UOE_FIN@DF_UOE_INDIC_FIN_GDP(1.0),EXP,OECD,ISCED11_1T8,S13,INST_EDU,DIR_EXP,_Z,PT_B1GQ,2019,4.095425,A,0,1,
OECD.EDU.IMEP:DSD_EAG_UOE_FIN@DF_UOE_INDIC_FIN_GDP(1.0),EXP,OECD,ISCED11_1T8,S13,INST_EDU,DIR_EXP,_Z,PT_B1GQ,2020,4.326731,A,0,1,
OECD.EDU.IMEP:DSD_EAG_UOE_FIN@DF_UOE_INDIC_FIN_GDP(1.0),EXP,EU25,ISCED11_1T8,S1D_NON_EDU,INST_EDU,DIR_EXP,_Z,PT_B1GQ,2015,0.4732796,A,0,1,
OECD.EDU.IMEP:DSD_EAG_UOE_FIN@DF_UOE_INDIC_FIN_GDP(1.0),EXP,EU25,ISCED11_1T8,S1D_NON_EDU,INST_EDU,DIR_EXP,_Z,PT_B1GQ,2016,0.46454433,A,0,1,
OECD.EDU.IMEP:DSD_EAG_UOE_FIN@DF_UOE_INDIC_FIN_GDP(1.0),EXP,EU25,ISCED11_1T8,S1D_NON_EDU,INST_EDU,DIR_EXP,_Z,PT_B1GQ,2017,0.44728932,A,0,1,
OECD.EDU.IMEP:DSD_EAG_UOE_FIN@DF_UOE_INDIC_FIN_GDP(1.0),EXP,EU25,ISCED11_1T8,S1D_NON_EDU,INST_EDU,DIR_EXP,_Z,PT_B1GQ,2018,0.45862925,A,0,1,
OECD.EDU.IMEP:DSD_EAG_UOE_FIN@DF_UOE_INDIC_FIN_GDP(1.0),EXP,EU25,ISCED11_1T8,S1D_NON_EDU,INST_EDU,DIR_EXP,_Z,PT_B1GQ,2019,0.46159273,A,0,1,
OECD.EDU.IMEP:DSD_EAG_UOE_FIN@DF_UOE_INDIC_FIN_GDP(1.0),EXP,EU25,ISCED11_1T8,S1D_NON_EDU,INST_EDU,DIR_EXP,_Z,PT_B1GQ,2020,0.47828445,A,0,1,
OECD.EDU.IMEP:DSD_EAG_UOE_FIN@DF_UOE_INDIC_FIN_GDP(1.0),EXP,JPN,ISCED11_1T8,S1D_NON_EDU,INST_EDU,DIR_EXP,_Z,PT_B1GQ,2015,1.177206,W,0,1,
OECD.EDU.IMEP:DSD_EAG_UOE_FIN@DF_UOE_INDIC_FIN_GDP(1.0),EXP,JPN,ISCED11_1T8,S1D_NON_EDU,INST_EDU,DIR_EXP,_Z,PT_B1GQ,2016,1.156739,W,0,1,
OECD.EDU.IMEP:DSD_EAG_UOE_FIN@DF_UOE_INDIC_FIN_GDP(1.0),EXP,JPN,ISCED11_1T8,S1D_NON_EDU,INST_EDU,DIR_EXP,_Z,PT_B1GQ,2017,1.132611,W,0,1,
OECD.EDU.IMEP:DSD_EAG_UOE_FIN@DF_UOE_INDIC_FIN_GDP(1.0),EXP,JPN,ISCED11_1T8,S1D_NON_EDU,INST_EDU,DIR_EXP,_Z,PT_B1GQ,2018,1.120797,W,0,1,
OECD.EDU.IMEP:DSD_EAG_UOE_FIN@DF_UOE_INDIC_FIN_GDP(1.0),EXP,JPN,ISCED11_1T8,S1D_NON_EDU,INST_EDU,DIR_EXP,_Z,PT_B1GQ,2019,1.12257,W,0,1,
OECD.EDU.IMEP:DSD_EAG_UOE_FIN@DF_UOE_INDIC_FIN_GDP(1.0),EXP,JPN,ISCED11_1T8,S1D_NON_EDU,INST_EDU,DIR_EXP,_Z,PT_B1GQ,2020,1.076357,A,0,1,
OECD.EDU.IMEP:DSD_EAG_UOE_FIN@DF_UOE_INDIC_FIN_GDP(1.0),EXP,DNK,ISCED11_1T8,S13,INST_EDU,DIR_EXP,_Z,PT_B1GQ,2015,,O,0,1,
OECD.EDU.IMEP:DSD_EAG_UOE_FIN@DF_UOE_INDIC_FIN_GDP(1.0),EXP,DNK,ISCED11_1T8,S13,INST_EDU,DIR_EXP,_Z,PT_B1GQ,2016,5.615454,A,0,1,
OECD.EDU.IMEP:DSD_EAG_UOE_FIN@DF_UOE_INDIC_FIN_GDP(1.0),EXP,DNK,ISCED11_1T8,S13,INST_EDU,DIR_EXP,_Z,PT_B1GQ,2017,5.32059,A,0,1,
OECD.EDU.IMEP:DSD_EAG_UOE_FIN@DF_UOE_INDIC_FIN_GDP(1.0),EXP,DNK,ISCED11_1T8,S13,INST_EDU,DIR_EXP,_Z,PT_B1GQ,2018,5.292626,A,0,1,
OECD.EDU.IMEP:DSD_EAG_UOE_FIN@DF_UOE_INDIC_FIN_GDP(1.0),EXP,DNK,ISCED11_1T8,S13,INST_EDU,DIR_EXP,_Z,PT_B1GQ,2019,5.296711,A,0,1,
OECD.EDU.IMEP:DSD_EAG_UOE_FIN@DF_UOE_INDIC_FIN_GDP(1.0),EXP,DNK,ISCED11_1T8,S13,INST_EDU,DIR_EXP,_Z,PT_B1GQ,2020,5.2908888,A,0,1,
OECD.EDU.IMEP:DSD_EAG_UOE_FIN@DF_UOE_INDIC_FIN_GDP(1.0),EXP,JPN,ISCED11_1T8,S13,INST_EDU,DIR_EXP,_Z,PT_B1GQ,2015,2.976239,W,0,1,
OECD.EDU.IMEP:DSD_EAG_UOE_FIN@DF_UOE_INDIC_FIN_GDP(1.0),EXP,JPN,ISCED11_1T8,S13,INST_EDU,DIR_EXP,_Z,PT_B1GQ,2016,2.834202,W,0,1,
OECD.EDU.IMEP:DSD_EAG_UOE_FIN@DF_UOE_INDIC_FIN_GDP(1.0),EXP,JPN,ISCED11_1T8,S13,INST_EDU,DIR_EXP,_Z,PT_B1GQ,2017,2.819715,W,0,1,
OECD.EDU.IMEP:DSD_EAG_UOE_FIN@DF_UOE_INDIC_FIN_GDP(1.0),EXP,JPN,ISCED11_1T8,S13,INST_EDU,DIR_EXP,_Z,PT_B1GQ,2018,2.786005,W,0,1,
OECD.EDU.IMEP:DSD_EAG_UOE_FIN@DF_UOE_INDIC_FIN_GDP(1.0),EXP,JPN,ISCED11_1T8,S13,INST_EDU,DIR_EXP,_Z,PT_B1GQ,2019,2.844836,W,0,1,
OECD.EDU.IMEP:DSD_EAG_UOE_FIN@DF_UOE_INDIC_FIN_GDP(1.0),EXP,JPN,ISCED11_1T8,S13,INST_EDU,DIR_EXP,_Z,PT_B1GQ,2020,2.9823811,A,0,1,
OECD.EDU.IMEP:DSD_EAG_UOE_FIN@DF_UOE_INDIC_FIN_GDP(1.0),EXP,CAN,ISCED11_1T8,S1D_NON_EDU,INST_EDU,DIR_EXP,_Z,PT_B1GQ,2015,1.241264,W,0,1,
OECD.EDU.IMEP:DSD_EAG_UOE_FIN@DF_UOE_INDIC_FIN_GDP(1.0),EXP,CAN,ISCED11_1T8,S1D_NON_EDU,INST_EDU,DIR_EXP,_Z,PT_B1GQ,2016,1.424615,W,0,1,
OECD.EDU.IMEP:DSD_EAG_UOE_FIN@DF_UOE_INDIC_FIN_GDP(1.0),EXP,CAN,ISCED11_1T8,S1D_NON_EDU,INST_EDU,DIR_EXP,_Z,PT_B1GQ,2017,1.39349,W,0,1,
OECD.EDU.IMEP:DSD_EAG_UOE_FIN@DF_UOE_INDIC_FIN_GDP(1.0),EXP,CAN,ISCED11_1T8,S1D_NON_EDU,INST_EDU,DIR_EXP,_Z,PT_B1GQ,2018,1.423936,W,0,1,
OECD.EDU.IMEP:DSD_EAG_UOE_FIN@DF_UOE_INDIC_FIN_GDP(1.0),EXP,CAN,ISCED11_1T8,S1D_NON_EDU,INST_EDU,DIR_EXP,_Z,PT_B1GQ,2019,1.365623,W,0,1,
OECD.EDU.IMEP:DSD_EAG_UOE_FIN@DF_UOE_INDIC_FIN_GDP(1.0),EXP,CAN,ISCED11_1T8,S1D_NON_EDU,INST_EDU,DIR_EXP,_Z,PT_B1GQ,2020,1.4254479,W,0,1,
OECD.EDU.IMEP:DSD_EAG_UOE_FIN@DF_UOE_INDIC_FIN_GDP(1.0),EXP,ARG,ISCED11_1T8,S1D_NON_EDU,INST_EDU,DIR_EXP,_Z,PT_B1GQ,2015,,O,0,1,
OECD.EDU.IMEP:DSD_EAG_UOE_FIN@DF_UOE_INDIC_FIN_GDP(1.0),EXP,ARG,ISCED11_1T8,S1D_NON_EDU,INST_EDU,DIR_EXP,_Z,PT_B1GQ,2016,,O,0,1,
OECD.EDU.IMEP:DSD_EAG_UOE_FIN@DF_UOE_INDIC_FIN_GDP(1.0),EXP,ARG,ISCED11_1T8,S1D_NON_EDU,INST_EDU,DIR_EXP,_Z,PT_B1GQ,2017,,M,0,1,
OECD.EDU.IMEP:DSD_EAG_UOE_FIN@DF_UOE_INDIC_FIN_GDP(1.0),EXP,ARG,ISCED11_1T8,S1D_NON_EDU,INST_EDU,DIR_EXP,_Z,PT_B1GQ,2018,,O,0,1,
OECD.EDU.IMEP:DSD_EAG_UOE_FIN@DF_UOE_INDIC_FIN_GDP(1.0),EXP,ARG,ISCED11_1T8,S1D_NON_EDU,INST_EDU,DIR_EXP,_Z,PT_B1GQ,2019,,O,0,1,
OECD.EDU.IMEP:DSD_EAG_UOE_FIN@DF_UOE_INDIC_FIN_GDP(1.0),EXP,ARG,ISCED11_1T8,S1D_NON_EDU,INST_EDU,DIR_EXP,_Z,PT_B1GQ,2020,,O,0,1,
OECD.EDU.IMEP:DSD_EAG_UOE_FIN@DF_UOE_INDIC_FIN_GDP(1.0),EXP,SVN,ISCED11_1T8,_T,INST_EDU,DIR_EXP,_Z,PT_B1GQ,2015,4.312279,A,0,1,
OECD.EDU.IMEP:DSD_EAG_UOE_FIN@DF_UOE_INDIC_FIN_GDP(1.0),EXP,SVN,ISCED11_1T8,_T,INST_EDU,DIR_EXP,_Z,PT_B1GQ,2016,4.253747,A,0,1,
OECD.EDU.IMEP:DSD_EAG_UOE_FIN@DF_UOE_INDIC_FIN_GDP(1.0),EXP,SVN,ISCED11_1T8,_T,INST_EDU,DIR_EXP,_Z,PT_B1GQ,2017,4.233174,A,0,1,
OECD.EDU.IMEP:DSD_EAG_UOE_FIN@DF_UOE_INDIC_FIN_GDP(1.0),EXP,SVN,ISCED11_1T8,_T,INST_EDU,DIR_EXP,_Z,PT_B1GQ,2018,4.205119,A,0,1,
OECD.EDU.IMEP:DSD_EAG_UOE_FIN@DF_UOE_INDIC_FIN_GDP(1.0),EXP,SVN,ISCED11_1T8,_T,INST_EDU,DIR_EXP,_Z,PT_B1GQ,2019,4.19323,A,0,1,
OECD.EDU.IMEP:DSD_EAG_UOE_FIN@DF_UOE_INDIC_FIN_GDP(1.0),EXP,SVN,ISCED11_1T8,_T,INST_EDU,DIR_EXP,_Z,PT_B1GQ,2020,4.6206551,A,0,1,
OECD.EDU.IMEP:DSD_EAG_UOE_FIN@DF_UOE_INDIC_FIN_GDP(1.0),EXP,ROU,ISCED11_1T8,_T,INST_EDU,DIR_EXP,_Z,PT_B1GQ,2015,2.593995,A,0,1,
OECD.EDU.IMEP:DSD_EAG_UOE_FIN@DF_UOE_INDIC_FIN_GDP(1.0),EXP,ROU,ISCED11_1T8,_T,INST_EDU,DIR_EXP,_Z,PT_B1GQ,2016,2.29751,A,0,1,
OECD.EDU.IMEP:DSD_EAG_UOE_FIN@DF_UOE_INDIC_FIN_GDP(1.0),EXP,ROU,ISCED11_1T8,_T,INST_EDU,DIR_EXP,_Z,PT_B1GQ,2017,2.319226,A,0,1,
OECD.EDU.IMEP:DSD_EAG_UOE_FIN@DF_UOE_INDIC_FIN_GDP(1.0),EXP,ROU,ISCED11_1T8,_T,INST_EDU,DIR_EXP,_Z,PT_B1GQ,2018,2.409596,A,0,1,
OECD.EDU.IMEP:DSD_EAG_UOE_FIN@DF_UOE_INDIC_FIN_GDP(1.0),EXP,ROU,ISCED11_1T8,_T,INST_EDU,DIR_EXP,_Z,PT_B1GQ,2019,2.735894,A,0,1,
OECD.EDU.IMEP:DSD_EAG_UOE_FIN@DF_UOE_INDIC_FIN_GDP(1.0),EXP,ROU,ISCED11_1T8,_T,INST_EDU,DIR_EXP,_Z,PT_B1GQ,2020,2.725353,A,0,1,
OECD.EDU.IMEP:DSD_EAG_UOE_FIN@DF_UOE_INDIC_FIN_GDP(1.0),EXP,ZAF,ISCED11_1T8,S1D_NON_EDU,INST_EDU,DIR_EXP,_Z,PT_B1GQ,2015,,O,0,1,
OECD.EDU.IMEP:DSD_EAG_UOE_FIN@DF_UOE_INDIC_FIN_GDP(1.0),EXP,ZAF,ISCED11_1T8,S1D_NON_EDU,INST_EDU,DIR_EXP,_Z,PT_B1GQ,2016,,O,0,1,
OECD.EDU.IMEP:DSD_EAG_UOE_FIN@DF_UOE_INDIC_FIN_GDP(1.0),EXP,ZAF,ISCED11_1T8,S1D_NON_EDU,INST_EDU,DIR_EXP,_Z,PT_B1GQ,2017,,O,0,1,
OECD.EDU.IMEP:DSD_EAG_UOE_FIN@DF_UOE_INDIC_FIN_GDP(1.0),EXP,ZAF,ISCED11_1T8,S1D_NON_EDU,INST_EDU,DIR_EXP,_Z,PT_B1GQ,2018,,O,0,1,
OECD.EDU.IMEP:DSD_EAG_UOE_FIN@DF_UOE_INDIC_FIN_GDP(1.0),EXP,ZAF,ISCED11_1T8,S1D_NON_EDU,INST_EDU,DIR_EXP,_Z,PT_B1GQ,2019,,O,0,1,
OECD.EDU.IMEP:DSD_EAG_UOE_FIN@DF_UOE_INDIC_FIN_GDP(1.0),EXP,ZAF,ISCED11_1T8,S1D_NON_EDU,INST_EDU,DIR_EXP,_Z,PT_B1GQ,2020,,O,0,1,
OECD.EDU.IMEP:DSD_EAG_UOE_FIN@DF_UOE_INDIC_FIN_GDP(1.0),EXP,FRA,ISCED11_1T8,_T,INST_EDU,DIR_EXP,_Z,PT_B1GQ,2015,5.197982,A,0,1,
OECD.EDU.IMEP:DSD_EAG_UOE_FIN@DF_UOE_INDIC_FIN_GDP(1.0),EXP,FRA,ISCED11_1T8,_T,INST_EDU,DIR_EXP,_Z,PT_B1GQ,2016,5.163726,A,0,1,
OECD.EDU.IMEP:DSD_EAG_UOE_FIN@DF_UOE_INDIC_FIN_GDP(1.0),EXP,FRA,ISCED11_1T8,_T,INST_EDU,DIR_EXP,_Z,PT_B1GQ,2017,5.195138,A,0,1,
OECD.EDU.IMEP:DSD_EAG_UOE_FIN@DF_UOE_INDIC_FIN_GDP(1.0),EXP,FRA,ISCED11_1T8,_T,INST_EDU,DIR_EXP,_Z,PT_B1GQ,2018,5.173745,A,0,1,
OECD.EDU.IMEP:DSD_EAG_UOE_FIN@DF_UOE_INDIC_FIN_GDP(1.0),EXP,FRA,ISCED11_1T8,_T,INST_EDU,DIR_EXP,_Z,PT_B1GQ,2019,5.160875,A,0,1,
OECD.EDU.IMEP:DSD_EAG_UOE_FIN@DF_UOE_INDIC_FIN_GDP(1.0),EXP,FRA,ISCED11_1T8,_T,INST_EDU,DIR_EXP,_Z,PT_B1GQ,2020,5.4716158,A,0,1,
OECD.EDU.IMEP:DSD_EAG_UOE_FIN@DF_UOE_INDIC_FIN_GDP(1.0),EXP,BGR,ISCED11_1T8,_T,INST_EDU,DIR_EXP,_Z,PT_B1GQ,2015,2.986832,A,0,1,
OECD.EDU.IMEP:DSD_EAG_UOE_FIN@DF_UOE_INDIC_FIN_GDP(1.0),EXP,BGR,ISCED11_1T8,_T,INST_EDU,DIR_EXP,_Z,PT_B1GQ,2016,2.918627,A,0,1,
OECD.EDU.IMEP:DSD_EAG_UOE_FIN@DF_UOE_INDIC_FIN_GDP(1.0),EXP,BGR,ISCED11_1T8,_T,INST_EDU,DIR_EXP,_Z,PT_B1GQ,2017,3.07421,A,0,1,
OECD.EDU.IMEP:DSD_EAG_UOE_FIN@DF_UOE_INDIC_FIN_GDP(1.0),EXP,BGR,ISCED11_1T8,_T,INST_EDU,DIR_EXP,_Z,PT_B1GQ,2018,3.106455,A,0,1,
OECD.EDU.IMEP:DSD_EAG_UOE_FIN@DF_UOE_INDIC_FIN_GDP(1.0),EXP,BGR,ISCED11_1T8,_T,INST_EDU,DIR_EXP,_Z,PT_B1GQ,2019,3.264863,A,0,1,
OECD.EDU.IMEP:DSD_EAG_UOE_FIN@DF_UOE_INDIC_FIN_GDP(1.0),EXP,BGR,ISCED11_1T8,_T,INST_EDU,DIR_EXP,_Z,PT_B1GQ,2020,3.55039,A,0,1,
OECD.EDU.IMEP:DSD_EAG_UOE_FIN@DF_UOE_INDIC_FIN_GDP(1.0),EXP,IRL,ISCED11_1T8,_T,INST_EDU,DIR_EXP,_Z,PT_B1GQ,2015,3.597825,A,0,1,
OECD.EDU.IMEP:DSD_EAG_UOE_FIN@DF_UOE_INDIC_FIN_GDP(1.0),EXP,IRL,ISCED11_1T8,_T,INST_EDU,DIR_EXP,_Z,PT_B1GQ,2016,3.597589,A,0,1,
OECD.EDU.IMEP:DSD_EAG_UOE_FIN@DF_UOE_INDIC_FIN_GDP(1.0),EXP,IRL,ISCED11_1T8,_T,INST_EDU,DIR_EXP,_Z,PT_B1GQ,2017,3.413389,A,0,1,
OECD.EDU.IMEP:DSD_EAG_UOE_FIN@DF_UOE_INDIC_FIN_GDP(1.0),EXP,IRL,ISCED11_1T8,_T,INST_EDU,DIR_EXP,_Z,PT_B1GQ,2018,3.290518,A,0,1,
OECD.EDU.IMEP:DSD_EAG_UOE_FIN@DF_UOE_INDIC_FIN_GDP(1.0),EXP,IRL,ISCED11_1T8,_T,INST_EDU,DIR_EXP,_Z,PT_B1GQ,2019,3.169438,A,0,1,
OECD.EDU.IMEP:DSD_EAG_UOE_FIN@DF_UOE_INDIC_FIN_GDP(1.0),EXP,IRL,ISCED11_1T8,_T,INST_EDU,DIR_EXP,_Z,PT_B1GQ,2020,3.227155,A,0,1,
OECD.EDU.IMEP:DSD_EAG_UOE_FIN@DF_UOE_INDIC_FIN_GDP(1.0),EXP,CHN,ISCED11_1T8,S13,INST_EDU,DIR_EXP,_Z,PT_B1GQ,2015,,O,0,1,
OECD.EDU.IMEP:DSD_EAG_UOE_FIN@DF_UOE_INDIC_FIN_GDP(1.0),EXP,CHN,ISCED11_1T8,S13,INST_EDU,DIR_EXP,_Z,PT_B1GQ,2016,,O,0,1,
OECD.EDU.IMEP:DSD_EAG_UOE_FIN@DF_UOE_INDIC_FIN_GDP(1.0),EXP,CHN,ISCED11_1T8,S13,INST_EDU,DIR_EXP,_Z,PT_B1GQ,2017,,O,0,1,
OECD.EDU.IMEP:DSD_EAG_UOE_FIN@DF_UOE_INDIC_FIN_GDP(1.0),EXP,CHN,ISCED11_1T8,S13,INST_EDU,DIR_EXP,_Z,PT_B1GQ,2018,,O,0,1,
OECD.EDU.IMEP:DSD_EAG_UOE_FIN@DF_UOE_INDIC_FIN_GDP(1.0),EXP,CHN,ISCED11_1T8,S13,INST_EDU,DIR_EXP,_Z,PT_B1GQ,2019,,O,0,1,
OECD.EDU.IMEP:DSD_EAG_UOE_FIN@DF_UOE_INDIC_FIN_GDP(1.0),EXP,CHN,ISCED11_1T8,S13,INST_EDU,DIR_EXP,_Z,PT_B1GQ,2020,,O,0,1,
OECD.EDU.IMEP:DSD_EAG_UOE_FIN@DF_UOE_INDIC_FIN_GDP(1.0),EXP,ISL,ISCED11_1T8,S2,INST_EDU,DIR_EXP,_Z,PT_B1GQ,2015,0.0304327,A,0,1,
OECD.EDU.IMEP:DSD_EAG_UOE_FIN@DF_UOE_INDIC_FIN_GDP(1.0),EXP,ISL,ISCED11_1T8,S2,INST_EDU,DIR_EXP,_Z,PT_B1GQ,2016,0.0429767,A,0,1,
OECD.EDU.IMEP:DSD_EAG_UOE_FIN@DF_UOE_INDIC_FIN_GDP(1.0),EXP,ISL,ISCED11_1T8,S2,INST_EDU,DIR_EXP,_Z,PT_B1GQ,2017,0.0271462,A,0,1,
OECD.EDU.IMEP:DSD_EAG_UOE_FIN@DF_UOE_INDIC_FIN_GDP(1.0),EXP,ISL,ISCED11_1T8,S2,INST_EDU,DIR_EXP,_Z,PT_B1GQ,2018,0.0390271,A,0,1,
OECD.EDU.IMEP:DSD_EAG_UOE_FIN@DF_UOE_INDIC_FIN_GDP(1.0),EXP,ISL,ISCED11_1T8,S2,INST_EDU,DIR_EXP,_Z,PT_B1GQ,2019,0.0470854,W,0,1,
OECD.EDU.IMEP:DSD_EAG_UOE_FIN@DF_UOE_INDIC_FIN_GDP(1.0),EXP,ISL,ISCED11_1T8,S2,INST_EDU,DIR_EXP,_Z,PT_B1GQ,2020,0.039294,A,0,1,
OECD.EDU.IMEP:DSD_EAG_UOE_FIN@DF_UOE_INDIC_FIN_GDP(1.0),EXP,NLD,ISCED11_1T8,S2,INST_EDU,DIR_EXP,_Z,PT_B1GQ,2015,0.0579414,A,0,1,
OECD.EDU.IMEP:DSD_EAG_UOE_FIN@DF_UOE_INDIC_FIN_GDP(1.0),EXP,NLD,ISCED11_1T8,S2,INST_EDU,DIR_EXP,_Z,PT_B1GQ,2016,0.0558915,A,0,1,
OECD.EDU.IMEP:DSD_EAG_UOE_FIN@DF_UOE_INDIC_FIN_GDP(1.0),EXP,NLD,ISCED11_1T8,S2,INST_EDU,DIR_EXP,_Z,PT_B1GQ,2017,0.0599475,A,0,1,
OECD.EDU.IMEP:DSD_EAG_UOE_FIN@DF_UOE_INDIC_FIN_GDP(1.0),EXP,NLD,ISCED11_1T8,S2,INST_EDU,DIR_EXP,_Z,PT_B1GQ,2018,0.0596909,A,0,1,
OECD.EDU.IMEP:DSD_EAG_UOE_FIN@DF_UOE_INDIC_FIN_GDP(1.0),EXP,NLD,ISCED11_1T8,S2,INST_EDU,DIR_EXP,_Z,PT_B1GQ,2019,0.0584954,A,0,1,
OECD.EDU.IMEP:DSD_EAG_UOE_FIN@DF_UOE_INDIC_FIN_GDP(1.0),EXP,NLD,ISCED11_1T8,S2,INST_EDU,DIR_EXP,_Z,PT_B1GQ,2020,0.0629983,A,0,1,
OECD.EDU.IMEP:DSD_EAG_UOE_FIN@DF_UOE_INDIC_FIN_GDP(1.0),EXP,DNK,ISCED11_1T8,S1D_NON_EDU,INST_EDU,DIR_EXP,_Z,PT_B1GQ,2015,,O,0,1,
OECD.EDU.IMEP:DSD_EAG_UOE_FIN@DF_UOE_INDIC_FIN_GDP(1.0),EXP,DNK,ISCED11_1T8,S1D_NON_EDU,INST_EDU,DIR_EXP,_Z,PT_B1GQ,2016,0.3435417,A,0,1,
OECD.EDU.IMEP:DSD_EAG_UOE_FIN@DF_UOE_INDIC_FIN_GDP(1.0),EXP,DNK,ISCED11_1T8,S1D_NON_EDU,INST_EDU,DIR_EXP,_Z,PT_B1GQ,2017,0.3402889,A,0,1,
OECD.EDU.IMEP:DSD_EAG_UOE_FIN@DF_UOE_INDIC_FIN_GDP(1.0),EXP,DNK,ISCED11_1T8,S1D_NON_EDU,INST_EDU,DIR_EXP,_Z,PT_B1GQ,2018,0.3857426,A,0,1,
OECD.EDU.IMEP:DSD_EAG_UOE_FIN@DF_UOE_INDIC_FIN_GDP(1.0),EXP,DNK,ISCED11_1T8,S1D_NON_EDU,INST_EDU,DIR_EXP,_Z,PT_B1GQ,2019,0.4035302,A,0,1,
OECD.EDU.IMEP:DSD_EAG_UOE_FIN@DF_UOE_INDIC_FIN_GDP(1.0),EXP,DNK,ISCED11_1T8,S1D_NON_EDU,INST_EDU,DIR_EXP,_Z,PT_B1GQ,2020,0.4171789,A,0,1,
OECD.EDU.IMEP:DSD_EAG_UOE_FIN@DF_UOE_INDIC_FIN_GDP(1.0),EXP,BGR,ISCED11_1T8,S2,INST_EDU,DIR_EXP,_Z,PT_B1GQ,2015,0.0243639,A,0,1,
OECD.EDU.IMEP:DSD_EAG_UOE_FIN@DF_UOE_INDIC_FIN_GDP(1.0),EXP,BGR,ISCED11_1T8,S2,INST_EDU,DIR_EXP,_Z,PT_B1GQ,2016,0.0203899,A,0,1,
OECD.EDU.IMEP:DSD_EAG_UOE_FIN@DF_UOE_INDIC_FIN_GDP(1.0),EXP,BGR,ISCED11_1T8,S2,INST_EDU,DIR_EXP,_Z,PT_B1GQ,2017,0.0201566,A,0,1,
OECD.EDU.IMEP:DSD_EAG_UOE_FIN@DF_UOE_INDIC_FIN_GDP(1.0),EXP,BGR,ISCED11_1T8,S2,INST_EDU,DIR_EXP,_Z,PT_B1GQ,2018,0.0193117,A,0,1,
OECD.EDU.IMEP:DSD_EAG_UOE_FIN@DF_UOE_INDIC_FIN_GDP(1.0),EXP,BGR,ISCED11_1T8,S2,INST_EDU,DIR_EXP,_Z,PT_B1GQ,2019,0.0342461,A,0,1,
OECD.EDU.IMEP:DSD_EAG_UOE_FIN@DF_UOE_INDIC_FIN_GDP(1.0),EXP,BGR,ISCED11_1T8,S2,INST_EDU,DIR_EXP,_Z,PT_B1GQ,2020,0.0158511,A,0,1,
OECD.EDU.IMEP:DSD_EAG_UOE_FIN@DF_UOE_INDIC_FIN_GDP(1.0),EXP,LVA,ISCED11_1T8,S13,INST_EDU,DIR_EXP,_Z,PT_B1GQ,2015,4.303541,A,0,1,
OECD.EDU.IMEP:DSD_EAG_UOE_FIN@DF_UOE_INDIC_FIN_GDP(1.0),EXP,LVA,ISCED11_1T8,S13,INST_EDU,DIR_EXP,_Z,PT_B1GQ,2016,3.679385,A,0,1,
OECD.EDU.IMEP:DSD_EAG_UOE_FIN@DF_UOE_INDIC_FIN_GDP(1.0),EXP,LVA,ISCED11_1T8,S13,INST_EDU,DIR_EXP,_Z,PT_B1GQ,2017,3.396357,A,0,1,
OECD.EDU.IMEP:DSD_EAG_UOE_FIN@DF_UOE_INDIC_FIN_GDP(1.0),EXP,LVA,ISCED11_1T8,S13,INST_EDU,DIR_EXP,_Z,PT_B1GQ,2018,3.361555,A,0,1,
OECD.EDU.IMEP:DSD_EAG_UOE_FIN@DF_UOE_INDIC_FIN_GDP(1.0),EXP,LVA,ISCED11_1T8,S13,INST_EDU,DIR_EXP,_Z,PT_B1GQ,2019,3.480407,A,0,1,
OECD.EDU.IMEP:DSD_EAG_UOE_FIN@DF_UOE_INDIC_FIN_GDP(1.0),EXP,LVA,ISCED11_1T8,S13,INST_EDU,DIR_EXP,_Z,PT_B1GQ,2020,3.585418,A,0,1,
OECD.EDU.IMEP:DSD_EAG_UOE_FIN@DF_UOE_INDIC_FIN_GDP(1.0),EXP,BEL,ISCED11_1T8,S1D_NON_EDU,INST_EDU,DIR_EXP,_Z,PT_B1GQ,2015,0.3325714,A,0,1,
OECD.EDU.IMEP:DSD_EAG_UOE_FIN@DF_UOE_INDIC_FIN_GDP(1.0),EXP,BEL,ISCED11_1T8,S1D_NON_EDU,INST_EDU,DIR_EXP,_Z,PT_B1GQ,2016,0.3471972,A,0,1,
OECD.EDU.IMEP:DSD_EAG_UOE_FIN@DF_UOE_INDIC_FIN_GDP(1.0),EXP,BEL,ISCED11_1T8,S1D_NON_EDU,INST_EDU,DIR_EXP,_Z,PT_B1GQ,2017,0.3438748,A,0,1,
OECD.EDU.IMEP:DSD_EAG_UOE_FIN@DF_UOE_INDIC_FIN_GDP(1.0),EXP,BEL,ISCED11_1T8,S1D_NON_EDU,INST_EDU,DIR_EXP,_Z,PT_B1GQ,2018,0.3302047,A,0,1,
OECD.EDU.IMEP:DSD_EAG_UOE_FIN@DF_UOE_INDIC_FIN_GDP(1.0),EXP,BEL,ISCED11_1T8,S1D_NON_EDU,INST_EDU,DIR_EXP,_Z,PT_B1GQ,2019,0.3261069,A,0,1,
OECD.EDU.IMEP:DSD_EAG_UOE_FIN@DF_UOE_INDIC_FIN_GDP(1.0),EXP,BEL,ISCED11_1T8,S1D_NON_EDU,INST_EDU,DIR_EXP,_Z,PT_B1GQ,2020,0.3431142,A,0,1,
OECD.EDU.IMEP:DSD_EAG_UOE_FIN@DF_UOE_INDIC_FIN_GDP(1.0),EXP,CHE,ISCED11_1T8,S13,INST_EDU,DIR_EXP,_Z,PT_B1GQ,2015,4.412111,A,0,1,
OECD.EDU.IMEP:DSD_EAG_UOE_FIN@DF_UOE_INDIC_FIN_GDP(1.0),EXP,CHE,ISCED11_1T8,S13,INST_EDU,DIR_EXP,_Z,PT_B1GQ,2016,4.402511,A,0,1,
OECD.EDU.IMEP:DSD_EAG_UOE_FIN@DF_UOE_INDIC_FIN_GDP(1.0),EXP,CHE,ISCED11_1T8,S13,INST_EDU,DIR_EXP,_Z,PT_B1GQ,2017,4.424292,A,0,1,
OECD.EDU.IMEP:DSD_EAG_UOE_FIN@DF_UOE_INDIC_FIN_GDP(1.0),EXP,CHE,ISCED11_1T8,S13,INST_EDU,DIR_EXP,_Z,PT_B1GQ,2018,4.334588,A,0,1,
OECD.EDU.IMEP:DSD_EAG_UOE_FIN@DF_UOE_INDIC_FIN_GDP(1.0),EXP,CHE,ISCED11_1T8,S13,INST_EDU,DIR_EXP,_Z,PT_B1GQ,2019,4.403391,A,0,1,
OECD.EDU.IMEP:DSD_EAG_UOE_FIN@DF_UOE_INDIC_FIN_GDP(1.0),EXP,CHE,ISCED11_1T8,S13,INST_EDU,DIR_EXP,_Z,PT_B1GQ,2020,,O,0,1,
OECD.EDU.IMEP:DSD_EAG_UOE_FIN@DF_UOE_INDIC_FIN_GDP(1.0),EXP,ZAF,ISCED11_1T8,_T,INST_EDU,DIR_EXP,_Z,PT_B1GQ,2015,,O,0,1,
OECD.EDU.IMEP:DSD_EAG_UOE_FIN@DF_UOE_INDIC_FIN_GDP(1.0),EXP,ZAF,ISCED11_1T8,_T,INST_EDU,DIR_EXP,_Z,PT_B1GQ,2016,,O,0,1,
OECD.EDU.IMEP:DSD_EAG_UOE_FIN@DF_UOE_INDIC_FIN_GDP(1.0),EXP,ZAF,ISCED11_1T8,_T,INST_EDU,DIR_EXP,_Z,PT_B1GQ,2017,,O,0,1,
OECD.EDU.IMEP:DSD_EAG_UOE_FIN@DF_UOE_INDIC_FIN_GDP(1.0),EXP,ZAF,ISCED11_1T8,_T,INST_EDU,DIR_EXP,_Z,PT_B1GQ,2018,,O,0,1,
OECD.EDU.IMEP:DSD_EAG_UOE_FIN@DF_UOE_INDIC_FIN_GDP(1.0),EXP,ZAF,ISCED11_1T8,_T,INST_EDU,DIR_EXP,_Z,PT_B1GQ,2019,,O,0,1,
OECD.EDU.IMEP:DSD_EAG_UOE_FIN@DF_UOE_INDIC_FIN_GDP(1.0),EXP,ZAF,ISCED11_1T8,_T,INST_EDU,DIR_EXP,_Z,PT_B1GQ,2020,,O,0,1,
OECD.EDU.IMEP:DSD_EAG_UOE_FIN@DF_UOE_INDIC_FIN_GDP(1.0),EXP,LTU,ISCED11_1T8,S2,INST_EDU,DIR_EXP,_Z,PT_B1GQ,2015,0.0610619,A,0,1,
OECD.EDU.IMEP:DSD_EAG_UOE_FIN@DF_UOE_INDIC_FIN_GDP(1.0),EXP,LTU,ISCED11_1T8,S2,INST_EDU,DIR_EXP,_Z,PT_B1GQ,2016,0.0509902,A,0,1,
OECD.EDU.IMEP:DSD_EAG_UOE_FIN@DF_UOE_INDIC_FIN_GDP(1.0),EXP,LTU,ISCED11_1T8,S2,INST_EDU,DIR_EXP,_Z,PT_B1GQ,2017,0.0663989,A,0,1,
OECD.EDU.IMEP:DSD_EAG_UOE_FIN@DF_UOE_INDIC_FIN_GDP(1.0),EXP,LTU,ISCED11_1T8,S2,INST_EDU,DIR_EXP,_Z,PT_B1GQ,2018,0.0731601,A,0,1,
OECD.EDU.IMEP:DSD_EAG_UOE_FIN@DF_UOE_INDIC_FIN_GDP(1.0),EXP,LTU,ISCED11_1T8,S2,INST_EDU,DIR_EXP,_Z,PT_B1GQ,2019,0.0657803,A,0,1,
OECD.EDU.IMEP:DSD_EAG_UOE_FIN@DF_UOE_INDIC_FIN_GDP(1.0),EXP,LTU,ISCED11_1T8,S2,INST_EDU,DIR_EXP,_Z,PT_B1GQ,2020,0.0493112,A,0,1,
OECD.EDU.IMEP:DSD_EAG_UOE_FIN@DF_UOE_INDIC_FIN_GDP(1.0),EXP,NOR,ISCED11_1T8,S2,INST_EDU,DIR_EXP,_Z,PT_B1GQ,2015,0.0,B,0,1,
OECD.EDU.IMEP:DSD_EAG_UOE_FIN@DF_UOE_INDIC_FIN_GDP(1.0),EXP,NOR,ISCED11_1T8,S2,INST_EDU,DIR_EXP,_Z,PT_B1GQ,2016,0.0208426,B,0,1,
OECD.EDU.IMEP:DSD_EAG_UOE_FIN@DF_UOE_INDIC_FIN_GDP(1.0),EXP,NOR,ISCED11_1T8,S2,INST_EDU,DIR_EXP,_Z,PT_B1GQ,2017,0.0266114,B,0,1,
OECD.EDU.IMEP:DSD_EAG_UOE_FIN@DF_UOE_INDIC_FIN_GDP(1.0),EXP,NOR,ISCED11_1T8,S2,INST_EDU,DIR_EXP,_Z,PT_B1GQ,2018,0.0284461,A,0,1,
OECD.EDU.IMEP:DSD_EAG_UOE_FIN@DF_UOE_INDIC_FIN_GDP(1.0),EXP,NOR,ISCED11_1T8,S2,INST_EDU,DIR_EXP,_Z,PT_B1GQ,2019,0.0313421,A,0,1,
OECD.EDU.IMEP:DSD_EAG_UOE_FIN@DF_UOE_INDIC_FIN_GDP(1.0),EXP,NOR,ISCED11_1T8,S2,INST_EDU,DIR_EXP,_Z,PT_B1GQ,2020,0.0319097,A,0,1,
OECD.EDU.IMEP:DSD_EAG_UOE_FIN@DF_UOE_INDIC_FIN_GDP(1.0),EXP,BGR,ISCED11_1T8,S1D_NON_EDU,INST_EDU,DIR_EXP,_Z,PT_B1GQ,2015,0.6610297,A,0,1,
OECD.EDU.IMEP:DSD_EAG_UOE_FIN@DF_UOE_INDIC_FIN_GDP(1.0),EXP,BGR,ISCED11_1T8,S1D_NON_EDU,INST_EDU,DIR_EXP,_Z,PT_B1GQ,2016,0.6413354,A,0,1,
OECD.EDU.IMEP:DSD_EAG_UOE_FIN@DF_UOE_INDIC_FIN_GDP(1.0),EXP,BGR,ISCED11_1T8,S1D_NON_EDU,INST_EDU,DIR_EXP,_Z,PT_B1GQ,2017,0.5436875,A,0,1,
OECD.EDU.IMEP:DSD_EAG_UOE_FIN@DF_UOE_INDIC_FIN_GDP(1.0),EXP,BGR,ISCED11_1T8,S1D_NON_EDU,INST_EDU,DIR_EXP,_Z,PT_B1GQ,2018,0.5209723,A,0,1,
OECD.EDU.IMEP:DSD_EAG_UOE_FIN@DF_UOE_INDIC_FIN_GDP(1.0),EXP,BGR,ISCED11_1T8,S1D_NON_EDU,INST_EDU,DIR_EXP,_Z,PT_B1GQ,2019,0.4809336,A,0,1,
OECD.EDU.IMEP:DSD_EAG_UOE_FIN@DF_UOE_INDIC_FIN_GDP(1.0),EXP,BGR,ISCED11_1T8,S1D_NON_EDU,INST_EDU,DIR_EXP,_Z,PT_B1GQ,2020,0.52425742,A,0,1,
OECD.EDU.IMEP:DSD_EAG_UOE_FIN@DF_UOE_INDIC_FIN_GDP(1.0),EXP,EST,ISCED11_1T8,S2,INST_EDU,DIR_EXP,_Z,PT_B1GQ,2015,0.0945066,A,0,1,
OECD.EDU.IMEP:DSD_EAG_UOE_FIN@DF_UOE_INDIC_FIN_GDP(1.0),EXP,EST,ISCED11_1T8,S2,INST_EDU,DIR_EXP,_Z,PT_B1GQ,2016,0.1155881,A,0,1,
OECD.EDU.IMEP:DSD_EAG_UOE_FIN@DF_UOE_INDIC_FIN_GDP(1.0),EXP,EST,ISCED11_1T8,S2,INST_EDU,DIR_EXP,_Z,PT_B1GQ,2017,0.1994704,A,0,1,
OECD.EDU.IMEP:DSD_EAG_UOE_FIN@DF_UOE_INDIC_FIN_GDP(1.0),EXP,EST,ISCED11_1T8,S2,INST_EDU,DIR_EXP,_Z,PT_B1GQ,2018,0.2153888,A,0,1,
OECD.EDU.IMEP:DSD_EAG_UOE_FIN@DF_UOE_INDIC_FIN_GDP(1.0),EXP,EST,ISCED11_1T8,S2,INST_EDU,DIR_EXP,_Z,PT_B1GQ,2019,0.221234,A,0,1,
OECD.EDU.IMEP:DSD_EAG_UOE_FIN@DF_UOE_INDIC_FIN_GDP(1.0),EXP,EST,ISCED11_1T8,S2,INST_EDU,DIR_EXP,_Z,PT_B1GQ,2020,0.1840708,A,0,1,
OECD.EDU.IMEP:DSD_EAG_UOE_FIN@DF_UOE_INDIC_FIN_GDP(1.0),EXP,ITA,ISCED11_1T8,S1D_NON_EDU,INST_EDU,DIR_EXP,_Z,PT_B1GQ,2015,0.4841636,A,0,1,
OECD.EDU.IMEP:DSD_EAG_UOE_FIN@DF_UOE_INDIC_FIN_GDP(1.0),EXP,ITA,ISCED11_1T8,S1D_NON_EDU,INST_EDU,DIR_EXP,_Z,PT_B1GQ,2016,0.4548187,A,0,1,
OECD.EDU.IMEP:DSD_EAG_UOE_FIN@DF_UOE_INDIC_FIN_GDP(1.0),EXP,ITA,ISCED11_1T8,S1D_NON_EDU,INST_EDU,DIR_EXP,_Z,PT_B1GQ,2017,0.4760639,A,0,1,
OECD.EDU.IMEP:DSD_EAG_UOE_FIN@DF_UOE_INDIC_FIN_GDP(1.0),EXP,ITA,ISCED11_1T8,S1D_NON_EDU,INST_EDU,DIR_EXP,_Z,PT_B1GQ,2018,0.5697603,A,0,1,
OECD.EDU.IMEP:DSD_EAG_UOE_FIN@DF_UOE_INDIC_FIN_GDP(1.0),EXP,ITA,ISCED11_1T8,S1D_NON_EDU,INST_EDU,DIR_EXP,_Z,PT_B1GQ,2019,0.5129811,A,0,1,
OECD.EDU.IMEP:DSD_EAG_UOE_FIN@DF_UOE_INDIC_FIN_GDP(1.0),EXP,ITA,ISCED11_1T8,S1D_NON_EDU,INST_EDU,DIR_EXP,_Z,PT_B1GQ,2020,0.51612359,A,0,1,
OECD.EDU.IMEP:DSD_EAG_UOE_FIN@DF_UOE_INDIC_FIN_GDP(1.0),EXP,PER,ISCED11_1T8,S1D_NON_EDU,INST_EDU,DIR_EXP,_Z,PT_B1GQ,2015,,O,0,1,
OECD.EDU.IMEP:DSD_EAG_UOE_FIN@DF_UOE_INDIC_FIN_GDP(1.0),EXP,PER,ISCED11_1T8,S1D_NON_EDU,INST_EDU,DIR_EXP,_Z,PT_B1GQ,2016,,O,0,1,
OECD.EDU.IMEP:DSD_EAG_UOE_FIN@DF_UOE_INDIC_FIN_GDP(1.0),EXP,PER,ISCED11_1T8,S1D_NON_EDU,INST_EDU,DIR_EXP,_Z,PT_B1GQ,2017,,O,0,1,
OECD.EDU.IMEP:DSD_EAG_UOE_FIN@DF_UOE_INDIC_FIN_GDP(1.0),EXP,PER,ISCED11_1T8,S1D_NON_EDU,INST_EDU,DIR_EXP,_Z,PT_B1GQ,2018,,O,0,1,
OECD.EDU.IMEP:DSD_EAG_UOE_FIN@DF_UOE_INDIC_FIN_GDP(1.0),EXP,PER,ISCED11_1T8,S1D_NON_EDU,INST_EDU,DIR_EXP,_Z,PT_B1GQ,2019,,O,0,1,
OECD.EDU.IMEP:DSD_EAG_UOE_FIN@DF_UOE_INDIC_FIN_GDP(1.0),EXP,PER,ISCED11_1T8,S1D_NON_EDU,INST_EDU,DIR_EXP,_Z,PT_B1GQ,2020,,O,0,1,
OECD.EDU.IMEP:DSD_EAG_UOE_FIN@DF_UOE_INDIC_FIN_GDP(1.0),EXP,EST,ISCED11_1T8,_T,INST_EDU,DIR_EXP,_Z,PT_B1GQ,2015,4.668276,A,0,1,
OECD.EDU.IMEP:DSD_EAG_UOE_FIN@DF_UOE_INDIC_FIN_GDP(1.0),EXP,EST,ISCED11_1T8,_T,INST_EDU,DIR_EXP,_Z,PT_B1GQ,2016,4.433796,A,0,1,
OECD.EDU.IMEP:DSD_EAG_UOE_FIN@DF_UOE_INDIC_FIN_GDP(1.0),EXP,EST,ISCED11_1T8,_T,INST_EDU,DIR_EXP,_Z,PT_B1GQ,2017,4.368217,A,0,1,
OECD.EDU.IMEP:DSD_EAG_UOE_FIN@DF_UOE_INDIC_FIN_GDP(1.0),EXP,EST,ISCED11_1T8,_T,INST_EDU,DIR_EXP,_Z,PT_B1GQ,2018,4.692348,A,0,1,
OECD.EDU.IMEP:DSD_EAG_UOE_FIN@DF_UOE_INDIC_FIN_GDP(1.0),EXP,EST,ISCED11_1T8,_T,INST_EDU,DIR_EXP,_Z,PT_B1GQ,2019,4.663691,A,0,1,
OECD.EDU.IMEP:DSD_EAG_UOE_FIN@DF_UOE_INDIC_FIN_GDP(1.0),EXP,EST,ISCED11_1T8,_T,INST_EDU,DIR_EXP,_Z,PT_B1GQ,2020,4.7856178,A,0,1,
OECD.EDU.IMEP:DSD_EAG_UOE_FIN@DF_UOE_INDIC_FIN_GDP(1.0),EXP,G20,ISCED11_1T8,S13,INST_EDU,DIR_EXP,_Z,PT_B1GQ,2015,3.89906,A,0,1,
OECD.EDU.IMEP:DSD_EAG_UOE_FIN@DF_UOE_INDIC_FIN_GDP(1.0),EXP,G20,ISCED11_1T8,S13,INST_EDU,DIR_EXP,_Z,PT_B1GQ,2016,,O,0,1,
OECD.EDU.IMEP:DSD_EAG_UOE_FIN@DF_UOE_INDIC_FIN_GDP(1.0),EXP,G20,ISCED11_1T8,S13,INST_EDU,DIR_EXP,_Z,PT_B1GQ,2017,,O,0,1,
OECD.EDU.IMEP:DSD_EAG_UOE_FIN@DF_UOE_INDIC_FIN_GDP(1.0),EXP,G20,ISCED11_1T8,S13,INST_EDU,DIR_EXP,_Z,PT_B1GQ,2018,,O,0,1,
OECD.EDU.IMEP:DSD_EAG_UOE_FIN@DF_UOE_INDIC_FIN_GDP(1.0),EXP,G20,ISCED11_1T8,S13,INST_EDU,DIR_EXP,_Z,PT_B1GQ,2019,,O,0,1,
OECD.EDU.IMEP:DSD_EAG_UOE_FIN@DF_UOE_INDIC_FIN_GDP(1.0),EXP,G20,ISCED11_1T8,S13,INST_EDU,DIR_EXP,_Z,PT_B1GQ,2020,,O,0,1,
OECD.EDU.IMEP:DSD_EAG_UOE_FIN@DF_UOE_INDIC_FIN_GDP(1.0),EXP,DEU,ISCED11_1T8,S13,INST_EDU,DIR_EXP,_Z,PT_B1GQ,2015,3.64615,A,0,1,
OECD.EDU.IMEP:DSD_EAG_UOE_FIN@DF_UOE_INDIC_FIN_GDP(1.0),EXP,DEU,ISCED11_1T8,S13,INST_EDU,DIR_EXP,_Z,PT_B1GQ,2016,3.614832,A,0,1,
OECD.EDU.IMEP:DSD_EAG_UOE_FIN@DF_UOE_INDIC_FIN_GDP(1.0),EXP,DEU,ISCED11_1T8,S13,INST_EDU,DIR_EXP,_Z,PT_B1GQ,2017,3.603547,A,0,1,
OECD.EDU.IMEP:DSD_EAG_UOE_FIN@DF_UOE_INDIC_FIN_GDP(1.0),EXP,DEU,ISCED11_1T8,S13,INST_EDU,DIR_EXP,_Z,PT_B1GQ,2018,3.661394,A,0,1,
OECD.EDU.IMEP:DSD_EAG_UOE_FIN@DF_UOE_INDIC_FIN_GDP(1.0),EXP,DEU,ISCED11_1T8,S13,INST_EDU,DIR_EXP,_Z,PT_B1GQ,2019,3.734763,W,0,1,
OECD.EDU.IMEP:DSD_EAG_UOE_FIN@DF_UOE_INDIC_FIN_GDP(1.0),EXP,DEU,ISCED11_1T8,S13,INST_EDU,DIR_EXP,_Z,PT_B1GQ,2020,4.0146351,A,0,1,
OECD.EDU.IMEP:DSD_EAG_UOE_FIN@DF_UOE_INDIC_FIN_GDP(1.0),EXP,ESP,ISCED11_1T8,S13,INST_EDU,DIR_EXP,_Z,PT_B1GQ,2015,3.51241,A,0,1,
OECD.EDU.IMEP:DSD_EAG_UOE_FIN@DF_UOE_INDIC_FIN_GDP(1.0),EXP,ESP,ISCED11_1T8,S13,INST_EDU,DIR_EXP,_Z,PT_B1GQ,2016,3.473279,A,0,1,
OECD.EDU.IMEP:DSD_EAG_UOE_FIN@DF_UOE_INDIC_FIN_GDP(1.0),EXP,ESP,ISCED11_1T8,S13,INST_EDU,DIR_EXP,_Z,PT_B1GQ,2017,3.458368,A,0,1,
OECD.EDU.IMEP:DSD_EAG_UOE_FIN@DF_UOE_INDIC_FIN_GDP(1.0),EXP,ESP,ISCED11_1T8,S13,INST_EDU,DIR_EXP,_Z,PT_B1GQ,2018,3.429396,A,0,1,
OECD.EDU.IMEP:DSD_EAG_UOE_FIN@DF_UOE_INDIC_FIN_GDP(1.0),EXP,ESP,ISCED11_1T8,S13,INST_EDU,DIR_EXP,_Z,PT_B1GQ,2019,3.481309,A,0,1,
OECD.EDU.IMEP:DSD_EAG_UOE_FIN@DF_UOE_INDIC_FIN_GDP(1.0),EXP,ESP,ISCED11_1T8,S13,INST_EDU,DIR_EXP,_Z,PT_B1GQ,2020,4.0408678,A,0,1,
OECD.EDU.IMEP:DSD_EAG_UOE_FIN@DF_UOE_INDIC_FIN_GDP(1.0),EXP,PER,ISCED11_1T8,S2,INST_EDU,DIR_EXP,_Z,PT_B1GQ,2015,,O,0,1,
OECD.EDU.IMEP:DSD_EAG_UOE_FIN@DF_UOE_INDIC_FIN_GDP(1.0),EXP,PER,ISCED11_1T8,S2,INST_EDU,DIR_EXP,_Z,PT_B1GQ,2016,,O,0,1,
OECD.EDU.IMEP:DSD_EAG_UOE_FIN@DF_UOE_INDIC_FIN_GDP(1.0),EXP,PER,ISCED11_1T8,S2,INST_EDU,DIR_EXP,_Z,PT_B1GQ,2017,,O,0,1,
OECD.EDU.IMEP:DSD_EAG_UOE_FIN@DF_UOE_INDIC_FIN_GDP(1.0),EXP,PER,ISCED11_1T8,S2,INST_EDU,DIR_EXP,_Z,PT_B1GQ,2018,,O,0,1,
OECD.EDU.IMEP:DSD_EAG_UOE_FIN@DF_UOE_INDIC_FIN_GDP(1.0),EXP,PER,ISCED11_1T8,S2,INST_EDU,DIR_EXP,_Z,PT_B1GQ,2019,,O,0,1,
OECD.EDU.IMEP:DSD_EAG_UOE_FIN@DF_UOE_INDIC_FIN_GDP(1.0),EXP,PER,ISCED11_1T8,S2,INST_EDU,DIR_EXP,_Z,PT_B1GQ,2020,,O,0,1,
OECD.EDU.IMEP:DSD_EAG_UOE_FIN@DF_UOE_INDIC_FIN_GDP(1.0),EXP,OECD,ISCED11_1T8,_T,INST_EDU,DIR_EXP,_Z,PT_B1GQ,2015,4.9411,A,0,1,
OECD.EDU.IMEP:DSD_EAG_UOE_FIN@DF_UOE_INDIC_FIN_GDP(1.0),EXP,OECD,ISCED11_1T8,_T,INST_EDU,DIR_EXP,_Z,PT_B1GQ,2016,4.966791,A,0,1,
OECD.EDU.IMEP:DSD_EAG_UOE_FIN@DF_UOE_INDIC_FIN_GDP(1.0),EXP,OECD,ISCED11_1T8,_T,INST_EDU,DIR_EXP,_Z,PT_B1GQ,2017,4.860365,A,0,1,
OECD.EDU.IMEP:DSD_EAG_UOE_FIN@DF_UOE_INDIC_FIN_GDP(1.0),EXP,OECD,ISCED11_1T8,_T,INST_EDU,DIR_EXP,_Z,PT_B1GQ,2018,4.895148,A,0,1,
OECD.EDU.IMEP:DSD_EAG_UOE_FIN@DF_UOE_INDIC_FIN_GDP(1.0),EXP,OECD,ISCED11_1T8,_T,INST_EDU,DIR_EXP,_Z,PT_B1GQ,2019,4.910809,A,0,1,
OECD.EDU.IMEP:DSD_EAG_UOE_FIN@DF_UOE_INDIC_FIN_GDP(1.0),EXP,OECD,ISCED11_1T8,_T,INST_EDU,DIR_EXP,_Z,PT_B1GQ,2020,5.142028,A,0,1,
OECD.EDU.IMEP:DSD_EAG_UOE_FIN@DF_UOE_INDIC_FIN_GDP(1.0),EXP,CHL,ISCED11_1T8,S13,INST_EDU,DIR_EXP,_Z,PT_B1GQ,2015,3.353824,A,0,1,
OECD.EDU.IMEP:DSD_EAG_UOE_FIN@DF_UOE_INDIC_FIN_GDP(1.0),EXP,CHL,ISCED11_1T8,S13,INST_EDU,DIR_EXP,_Z,PT_B1GQ,2016,3.839511,A,0,1,
OECD.EDU.IMEP:DSD_EAG_UOE_FIN@DF_UOE_INDIC_FIN_GDP(1.0),EXP,CHL,ISCED11_1T8,S13,INST_EDU,DIR_EXP,_Z,PT_B1GQ,2017,3.980174,A,0,1,
OECD.EDU.IMEP:DSD_EAG_UOE_FIN@DF_UOE_INDIC_FIN_GDP(1.0),EXP,CHL,ISCED11_1T8,S13,INST_EDU,DIR_EXP,_Z,PT_B1GQ,2018,4.016064,A,0,1,
OECD.EDU.IMEP:DSD_EAG_UOE_FIN@DF_UOE_INDIC_FIN_GDP(1.0),EXP,CHL,ISCED11_1T8,S13,INST_EDU,DIR_EXP,_Z,PT_B1GQ,2019,4.179121,A,0,1,
OECD.EDU.IMEP:DSD_EAG_UOE_FIN@DF_UOE_INDIC_FIN_GDP(1.0),EXP,CHL,ISCED11_1T8,S13,INST_EDU,DIR_EXP,_Z,PT_B1GQ,2020,4.1814699,A,0,1,
OECD.EDU.IMEP:DSD_EAG_UOE_FIN@DF_UOE_INDIC_FIN_GDP(1.0),EXP,AUT,ISCED11_1T8,S2,INST_EDU,DIR_EXP,_Z,PT_B1GQ,2015,,M,0,1,
OECD.EDU.IMEP:DSD_EAG_UOE_FIN@DF_UOE_INDIC_FIN_GDP(1.0),EXP,AUT,ISCED11_1T8,S2,INST_EDU,DIR_EXP,_Z,PT_B1GQ,2016,,M,0,1,
OECD.EDU.IMEP:DSD_EAG_UOE_FIN@DF_UOE_INDIC_FIN_GDP(1.0),EXP,AUT,ISCED11_1T8,S2,INST_EDU,DIR_EXP,_Z,PT_B1GQ,2017,,M,0,1,
OECD.EDU.IMEP:DSD_EAG_UOE_FIN@DF_UOE_INDIC_FIN_GDP(1.0),EXP,AUT,ISCED11_1T8,S2,INST_EDU,DIR_EXP,_Z,PT_B1GQ,2018,,M,0,1,
OECD.EDU.IMEP:DSD_EAG_UOE_FIN@DF_UOE_INDIC_FIN_GDP(1.0),EXP,AUT,ISCED11_1T8,S2,INST_EDU,DIR_EXP,_Z,PT_B1GQ,2019,,M,0,1,
OECD.EDU.IMEP:DSD_EAG_UOE_FIN@DF_UOE_INDIC_FIN_GDP(1.0),EXP,AUT,ISCED11_1T8,S2,INST_EDU,DIR_EXP,_Z,PT_B1GQ,2020,,M,0,1,
OECD.EDU.IMEP:DSD_EAG_UOE_FIN@DF_UOE_INDIC_FIN_GDP(1.0),EXP,SVK,ISCED11_1T8,S1D_NON_EDU,INST_EDU,DIR_EXP,_Z,PT_B1GQ,2015,0.6093815,A,0,1,
OECD.EDU.IMEP:DSD_EAG_UOE_FIN@DF_UOE_INDIC_FIN_GDP(1.0),EXP,SVK,ISCED11_1T8,S1D_NON_EDU,INST_EDU,DIR_EXP,_Z,PT_B1GQ,2016,0.5520408,A,0,1,
OECD.EDU.IMEP:DSD_EAG_UOE_FIN@DF_UOE_INDIC_FIN_GDP(1.0),EXP,SVK,ISCED11_1T8,S1D_NON_EDU,INST_EDU,DIR_EXP,_Z,PT_B1GQ,2017,0.4942945,A,0,1,
OECD.EDU.IMEP:DSD_EAG_UOE_FIN@DF_UOE_INDIC_FIN_GDP(1.0),EXP,SVK,ISCED11_1T8,S1D_NON_EDU,INST_EDU,DIR_EXP,_Z,PT_B1GQ,2018,0.5271725,A,0,1,
OECD.EDU.IMEP:DSD_EAG_UOE_FIN@DF_UOE_INDIC_FIN_GDP(1.0),EXP,SVK,ISCED11_1T8,S1D_NON_EDU,INST_EDU,DIR_EXP,_Z,PT_B1GQ,2019,0.5063207,A,0,1,
OECD.EDU.IMEP:DSD_EAG_UOE_FIN@DF_UOE_INDIC_FIN_GDP(1.0),EXP,SVK,ISCED11_1T8,S1D_NON_EDU,INST_EDU,DIR_EXP,_Z,PT_B1GQ,2020,0.49650249,A,0,1,
OECD.EDU.IMEP:DSD_EAG_UOE_FIN@DF_UOE_INDIC_FIN_GDP(1.0),EXP,AUS,ISCED11_1T8,_T,INST_EDU,DIR_EXP,_Z,PT_B1GQ,2015,5.95504,B,0,1,
OECD.EDU.IMEP:DSD_EAG_UOE_FIN@DF_UOE_INDIC_FIN_GDP(1.0),EXP,AUS,ISCED11_1T8,_T,INST_EDU,DIR_EXP,_Z,PT_B1GQ,2016,5.84431,B,0,1,
OECD.EDU.IMEP:DSD_EAG_UOE_FIN@DF_UOE_INDIC_FIN_GDP(1.0),EXP,AUS,ISCED11_1T8,_T,INST_EDU,DIR_EXP,_Z,PT_B1GQ,2017,5.995745,B,0,1,
OECD.EDU.IMEP:DSD_EAG_UOE_FIN@DF_UOE_INDIC_FIN_GDP(1.0),EXP,AUS,ISCED11_1T8,_T,INST_EDU,DIR_EXP,_Z,PT_B1GQ,2018,5.922423,A,0,1,
OECD.EDU.IMEP:DSD_EAG_UOE_FIN@DF_UOE_INDIC_FIN_GDP(1.0),EXP,AUS,ISCED11_1T8,_T,INST_EDU,DIR_EXP,_Z,PT_B1GQ,2019,6.073002,A,0,1,
OECD.EDU.IMEP:DSD_EAG_UOE_FIN@DF_UOE_INDIC_FIN_GDP(1.0),EXP,AUS,ISCED11_1T8,_T,INST_EDU,DIR_EXP,_Z,PT_B1GQ,2020,6.2250519,A,0,1,
OECD.EDU.IMEP:DSD_EAG_UOE_FIN@DF_UOE_INDIC_FIN_GDP(1.0),EXP,DNK,ISCED11_1T8,S2,INST_EDU,DIR_EXP,_Z,PT_B1GQ,2015,,O,0,1,
OECD.EDU.IMEP:DSD_EAG_UOE_FIN@DF_UOE_INDIC_FIN_GDP(1.0),EXP,DNK,ISCED11_1T8,S2,INST_EDU,DIR_EXP,_Z,PT_B1GQ,2016,0.0864405,A,0,1,
OECD.EDU.IMEP:DSD_EAG_UOE_FIN@DF_UOE_INDIC_FIN_GDP(1.0),EXP,DNK,ISCED11_1T8,S2,INST_EDU,DIR_EXP,_Z,PT_B1GQ,2017,0.0942106,A,0,1,
OECD.EDU.IMEP:DSD_EAG_UOE_FIN@DF_UOE_INDIC_FIN_GDP(1.0),EXP,DNK,ISCED11_1T8,S2,INST_EDU,DIR_EXP,_Z,PT_B1GQ,2018,0.0957256,A,0,1,
OECD.EDU.IMEP:DSD_EAG_UOE_FIN@DF_UOE_INDIC_FIN_GDP(1.0),EXP,DNK,ISCED11_1T8,S2,INST_EDU,DIR_EXP,_Z,PT_B1GQ,2019,0.0946795,A,0,1,
OECD.EDU.IMEP:DSD_EAG_UOE_FIN@DF_UOE_INDIC_FIN_GDP(1.0),EXP,DNK,ISCED11_1T8,S2,INST_EDU,DIR_EXP,_Z,PT_B1GQ,2020,0.0999604,A,0,1,
OECD.EDU.IMEP:DSD_EAG_UOE_FIN@DF_UOE_INDIC_FIN_GDP(1.0),EXP,ISR,ISCED11_1T8,S13,INST_EDU,DIR_EXP,_Z,PT_B1GQ,2015,4.815399,A,0,1,
OECD.EDU.IMEP:DSD_EAG_UOE_FIN@DF_UOE_INDIC_FIN_GDP(1.0),EXP,ISR,ISCED11_1T8,S13,INST_EDU,DIR_EXP,_Z,PT_B1GQ,2016,4.772209,A,0,1,
OECD.EDU.IMEP:DSD_EAG_UOE_FIN@DF_UOE_INDIC_FIN_GDP(1.0),EXP,ISR,ISCED11_1T8,S13,INST_EDU,DIR_EXP,_Z,PT_B1GQ,2017,4.948256,A,0,1,
OECD.EDU.IMEP:DSD_EAG_UOE_FIN@DF_UOE_INDIC_FIN_GDP(1.0),EXP,ISR,ISCED11_1T8,S13,INST_EDU,DIR_EXP,_Z,PT_B1GQ,2018,5.001726,A,0,1,
OECD.EDU.IMEP:DSD_EAG_UOE_FIN@DF_UOE_INDIC_FIN_GDP(1.0),EXP,ISR,ISCED11_1T8,S13,INST_EDU,DIR_EXP,_Z,PT_B1GQ,2019,4.958047,A,0,1,
OECD.EDU.IMEP:DSD_EAG_UOE_FIN@DF_UOE_INDIC_FIN_GDP(1.0),EXP,ISR,ISCED11_1T8,S13,INST_EDU,DIR_EXP,_Z,PT_B1GQ,2020,5.4025078,A,0,1,
OECD.EDU.IMEP:DSD_EAG_UOE_FIN@DF_UOE_INDIC_FIN_GDP(1.0),EXP,IDN,ISCED11_1T8,S1D_NON_EDU,INST_EDU,DIR_EXP,_Z,PT_B1GQ,2015,,O,0,1,
OECD.EDU.IMEP:DSD_EAG_UOE_FIN@DF_UOE_INDIC_FIN_GDP(1.0),EXP,IDN,ISCED11_1T8,S1D_NON_EDU,INST_EDU,DIR_EXP,_Z,PT_B1GQ,2016,,O,0,1,
OECD.EDU.IMEP:DSD_EAG_UOE_FIN@DF_UOE_INDIC_FIN_GDP(1.0),EXP,IDN,ISCED11_1T8,S1D_NON_EDU,INST_EDU,DIR_EXP,_Z,PT_B1GQ,2017,,O,0,1,
OECD.EDU.IMEP:DSD_EAG_UOE_FIN@DF_UOE_INDIC_FIN_GDP(1.0),EXP,IDN,ISCED11_1T8,S1D_NON_EDU,INST_EDU,DIR_EXP,_Z,PT_B1GQ,2018,,O,0,1,
OECD.EDU.IMEP:DSD_EAG_UOE_FIN@DF_UOE_INDIC_FIN_GDP(1.0),EXP,IDN,ISCED11_1T8,S1D_NON_EDU,INST_EDU,DIR_EXP,_Z,PT_B1GQ,2019,,O,0,1,
OECD.EDU.IMEP:DSD_EAG_UOE_FIN@DF_UOE_INDIC_FIN_GDP(1.0),EXP,IDN,ISCED11_1T8,S1D_NON_EDU,INST_EDU,DIR_EXP,_Z,PT_B1GQ,2020,,O,0,1,
OECD.EDU.IMEP:DSD_EAG_UOE_FIN@DF_UOE_INDIC_FIN_GDP(1.0),EXP,TUR,ISCED11_1T8,S1D_NON_EDU,INST_EDU,DIR_EXP,_Z,PT_B1GQ,2015,1.252386,A,0,1,
OECD.EDU.IMEP:DSD_EAG_UOE_FIN@DF_UOE_INDIC_FIN_GDP(1.0),EXP,TUR,ISCED11_1T8,S1D_NON_EDU,INST_EDU,DIR_EXP,_Z,PT_B1GQ,2016,1.354057,A,0,1,
OECD.EDU.IMEP:DSD_EAG_UOE_FIN@DF_UOE_INDIC_FIN_GDP(1.0),EXP,TUR,ISCED11_1T8,S1D_NON_EDU,INST_EDU,DIR_EXP,_Z,PT_B1GQ,2017,1.211398,A,0,1,
OECD.EDU.IMEP:DSD_EAG_UOE_FIN@DF_UOE_INDIC_FIN_GDP(1.0),EXP,TUR,ISCED11_1T8,S1D_NON_EDU,INST_EDU,DIR_EXP,_Z,PT_B1GQ,2018,1.375167,A,0,1,
OECD.EDU.IMEP:DSD_EAG_UOE_FIN@DF_UOE_INDIC_FIN_GDP(1.0),EXP,TUR,ISCED11_1T8,S1D_NON_EDU,INST_EDU,DIR_EXP,_Z,PT_B1GQ,2019,1.402428,A,0,1,
OECD.EDU.IMEP:DSD_EAG_UOE_FIN@DF_UOE_INDIC_FIN_GDP(1.0),EXP,TUR,ISCED11_1T8,S1D_NON_EDU,INST_EDU,DIR_EXP,_Z,PT_B1GQ,2020,1.213693,A,0,1,
OECD.EDU.IMEP:DSD_EAG_UOE_FIN@DF_UOE_INDIC_FIN_GDP(1.0),EXP,ISL,ISCED11_1T8,S1D_NON_EDU,INST_EDU,DIR_EXP,_Z,PT_B1GQ,2015,0.2677593,A,0,1,
OECD.EDU.IMEP:DSD_EAG_UOE_FIN@DF_UOE_INDIC_FIN_GDP(1.0),EXP,ISL,ISCED11_1T8,S1D_NON_EDU,INST_EDU,DIR_EXP,_Z,PT_B1GQ,2016,0.261113,A,0,1,
OECD.EDU.IMEP:DSD_EAG_UOE_FIN@DF_UOE_INDIC_FIN_GDP(1.0),EXP,ISL,ISCED11_1T8,S1D_NON_EDU,INST_EDU,DIR_EXP,_Z,PT_B1GQ,2017,0.2591251,A,0,1,
OECD.EDU.IMEP:DSD_EAG_UOE_FIN@DF_UOE_INDIC_FIN_GDP(1.0),EXP,ISL,ISCED11_1T8,S1D_NON_EDU,INST_EDU,DIR_EXP,_Z,PT_B1GQ,2018,0.2483841,A,0,1,
OECD.EDU.IMEP:DSD_EAG_UOE_FIN@DF_UOE_INDIC_FIN_GDP(1.0),EXP,ISL,ISCED11_1T8,S1D_NON_EDU,INST_EDU,DIR_EXP,_Z,PT_B1GQ,2019,0.2369864,W,0,1,
OECD.EDU.IMEP:DSD_EAG_UOE_FIN@DF_UOE_INDIC_FIN_GDP(1.0),EXP,ISL,ISCED11_1T8,S1D_NON_EDU,INST_EDU,DIR_EXP,_Z,PT_B1GQ,2020,0.25462019,A,0,1,
OECD.EDU.IMEP:DSD_EAG_UOE_FIN@DF_UOE_INDIC_FIN_GDP(1.0),EXP,ISL,ISCED11_1T8,S13,INST_EDU,DIR_EXP,_Z,PT_B1GQ,2015,5.332742,A,0,1,
OECD.EDU.IMEP:DSD_EAG_UOE_FIN@DF_UOE_INDIC_FIN_GDP(1.0),EXP,ISL,ISCED11_1T8,S13,INST_EDU,DIR_EXP,_Z,PT_B1GQ,2016,5.225084,A,0,1,
OECD.EDU.IMEP:DSD_EAG_UOE_FIN@DF_UOE_INDIC_FIN_GDP(1.0),EXP,ISL,ISCED11_1T8,S13,INST_EDU,DIR_EXP,_Z,PT_B1GQ,2017,5.456382,A,0,1,
OECD.EDU.IMEP:DSD_EAG_UOE_FIN@DF_UOE_INDIC_FIN_GDP(1.0),EXP,ISL,ISCED11_1T8,S13,INST_EDU,DIR_EXP,_Z,PT_B1GQ,2018,5.452191,A,0,1,
OECD.EDU.IMEP:DSD_EAG_UOE_FIN@DF_UOE_INDIC_FIN_GDP(1.0),EXP,ISL,ISCED11_1T8,S13,INST_EDU,DIR_EXP,_Z,PT_B1GQ,2019,5.46486,W,0,1,
OECD.EDU.IMEP:DSD_EAG_UOE_FIN@DF_UOE_INDIC_FIN_GDP(1.0),EXP,ISL,ISCED11_1T8,S13,INST_EDU,DIR_EXP,_Z,PT_B1GQ,2020,6.0221949,A,0,1,
OECD.EDU.IMEP:DSD_EAG_UOE_FIN@DF_UOE_INDIC_FIN_GDP(1.0),EXP,JPN,ISCED11_1T8,S2,INST_EDU,DIR_EXP,_Z,PT_B1GQ,2015,0.0,A,0,1,
OECD.EDU.IMEP:DSD_EAG_UOE_FIN@DF_UOE_INDIC_FIN_GDP(1.0),EXP,JPN,ISCED11_1T8,S2,INST_EDU,DIR_EXP,_Z,PT_B1GQ,2016,0.0,A,0,1,
OECD.EDU.IMEP:DSD_EAG_UOE_FIN@DF_UOE_INDIC_FIN_GDP(1.0),EXP,JPN,ISCED11_1T8,S2,INST_EDU,DIR_EXP,_Z,PT_B1GQ,2017,0.0,A,0,1,
OECD.EDU.IMEP:DSD_EAG_UOE_FIN@DF_UOE_INDIC_FIN_GDP(1.0),EXP,JPN,ISCED11_1T8,S2,INST_EDU,DIR_EXP,_Z,PT_B1GQ,2018,0.0,A,0,1,
OECD.EDU.IMEP:DSD_EAG_UOE_FIN@DF_UOE_INDIC_FIN_GDP(1.0),EXP,JPN,ISCED11_1T8,S2,INST_EDU,DIR_EXP,_Z,PT_B1GQ,2019,0.0,A,0,1,
OECD.EDU.IMEP:DSD_EAG_UOE_FIN@DF_UOE_INDIC_FIN_GDP(1.0),EXP,JPN,ISCED11_1T8,S2,INST_EDU,DIR_EXP,_Z,PT_B1GQ,2020,0.0,A,0,1,
OECD.EDU.IMEP:DSD_EAG_UOE_FIN@DF_UOE_INDIC_FIN_GDP(1.0),EXP,HUN,ISCED11_1T8,_T,INST_EDU,DIR_EXP,_Z,PT_B1GQ,2015,3.694775,A,0,1,
OECD.EDU.IMEP:DSD_EAG_UOE_FIN@DF_UOE_INDIC_FIN_GDP(1.0),EXP,HUN,ISCED11_1T8,_T,INST_EDU,DIR_EXP,_Z,PT_B1GQ,2016,4.216697,A,0,1,
OECD.EDU.IMEP:DSD_EAG_UOE_FIN@DF_UOE_INDIC_FIN_GDP(1.0),EXP,HUN,ISCED11_1T8,_T,INST_EDU,DIR_EXP,_Z,PT_B1GQ,2017,3.901117,A,0,1,
OECD.EDU.IMEP:DSD_EAG_UOE_FIN@DF_UOE_INDIC_FIN_GDP(1.0),EXP,HUN,ISCED11_1T8,_T,INST_EDU,DIR_EXP,_Z,PT_B1GQ,2018,3.835103,A,0,1,
OECD.EDU.IMEP:DSD_EAG_UOE_FIN@DF_UOE_INDIC_FIN_GDP(1.0),EXP,HUN,ISCED11_1T8,_T,INST_EDU,DIR_EXP,_Z,PT_B1GQ,2019,3.800243,A,0,1,
OECD.EDU.IMEP:DSD_EAG_UOE_FIN@DF_UOE_INDIC_FIN_GDP(1.0),EXP,HUN,ISCED11_1T8,_T,INST_EDU,DIR_EXP,_Z,PT_B1GQ,2020,3.663662,A,0,1,
OECD.EDU.IMEP:DSD_EAG_UOE_FIN@DF_UOE_INDIC_FIN_GDP(1.0),EXP,SAU,ISCED11_1T8,S13,INST_EDU,DIR_EXP,_Z,PT_B1GQ,2015,,O,0,1,
OECD.EDU.IMEP:DSD_EAG_UOE_FIN@DF_UOE_INDIC_FIN_GDP(1.0),EXP,SAU,ISCED11_1T8,S13,INST_EDU,DIR_EXP,_Z,PT_B1GQ,2016,,O,0,1,
OECD.EDU.IMEP:DSD_EAG_UOE_FIN@DF_UOE_INDIC_FIN_GDP(1.0),EXP,SAU,ISCED11_1T8,S13,INST_EDU,DIR_EXP,_Z,PT_B1GQ,2017,,O,0,1,
OECD.EDU.IMEP:DSD_EAG_UOE_FIN@DF_UOE_INDIC_FIN_GDP(1.0),EXP,SAU,ISCED11_1T8,S13,INST_EDU,DIR_EXP,_Z,PT_B1GQ,2018,,O,0,1,
OECD.EDU.IMEP:DSD_EAG_UOE_FIN@DF_UOE_INDIC_FIN_GDP(1.0),EXP,SAU,ISCED11_1T8,S13,INST_EDU,DIR_EXP,_Z,PT_B1GQ,2019,,O,0,1,
OECD.EDU.IMEP:DSD_EAG_UOE_FIN@DF_UOE_INDIC_FIN_GDP(1.0),EXP,SAU,ISCED11_1T8,S13,INST_EDU,DIR_EXP,_Z,PT_B1GQ,2020,,O,0,1,
OECD.EDU.IMEP:DSD_EAG_UOE_FIN@DF_UOE_INDIC_FIN_GDP(1.0),EXP,LVA,ISCED11_1T8,_T,INST_EDU,DIR_EXP,_Z,PT_B1GQ,2015,4.802145,A,0,1,
OECD.EDU.IMEP:DSD_EAG_UOE_FIN@DF_UOE_INDIC_FIN_GDP(1.0),EXP,LVA,ISCED11_1T8,_T,INST_EDU,DIR_EXP,_Z,PT_B1GQ,2016,4.127967,A,0,1,
OECD.EDU.IMEP:DSD_EAG_UOE_FIN@DF_UOE_INDIC_FIN_GDP(1.0),EXP,LVA,ISCED11_1T8,_T,INST_EDU,DIR_EXP,_Z,PT_B1GQ,2017,3.978308,A,0,1,
OECD.EDU.IMEP:DSD_EAG_UOE_FIN@DF_UOE_INDIC_FIN_GDP(1.0),EXP,LVA,ISCED11_1T8,_T,INST_EDU,DIR_EXP,_Z,PT_B1GQ,2018,4.06206,A,0,1,
OECD.EDU.IMEP:DSD_EAG_UOE_FIN@DF_UOE_INDIC_FIN_GDP(1.0),EXP,LVA,ISCED11_1T8,_T,INST_EDU,DIR_EXP,_Z,PT_B1GQ,2019,4.246483,A,0,1,
OECD.EDU.IMEP:DSD_EAG_UOE_FIN@DF_UOE_INDIC_FIN_GDP(1.0),EXP,LVA,ISCED11_1T8,_T,INST_EDU,DIR_EXP,_Z,PT_B1GQ,2020,4.343967,A,0,1,
OECD.EDU.IMEP:DSD_EAG_UOE_FIN@DF_UOE_INDIC_FIN_GDP(1.0),EXP,LVA,ISCED11_1T8,S2,INST_EDU,DIR_EXP,_Z,PT_B1GQ,2015,0.0877766,A,0,1,
OECD.EDU.IMEP:DSD_EAG_UOE_FIN@DF_UOE_INDIC_FIN_GDP(1.0),EXP,LVA,ISCED11_1T8,S2,INST_EDU,DIR_EXP,_Z,PT_B1GQ,2016,0.0532303,A,0,1,
OECD.EDU.IMEP:DSD_EAG_UOE_FIN@DF_UOE_INDIC_FIN_GDP(1.0),EXP,LVA,ISCED11_1T8,S2,INST_EDU,DIR_EXP,_Z,PT_B1GQ,2017,0.0907198,A,0,1,
OECD.EDU.IMEP:DSD_EAG_UOE_FIN@DF_UOE_INDIC_FIN_GDP(1.0),EXP,LVA,ISCED11_1T8,S2,INST_EDU,DIR_EXP,_Z,PT_B1GQ,2018,0.1681701,A,0,1,
OECD.EDU.IMEP:DSD_EAG_UOE_FIN@DF_UOE_INDIC_FIN_GDP(1.0),EXP,LVA,ISCED11_1T8,S2,INST_EDU,DIR_EXP,_Z,PT_B1GQ,2019,0.1350531,A,0,1,
OECD.EDU.IMEP:DSD_EAG_UOE_FIN@DF_UOE_INDIC_FIN_GDP(1.0),EXP,LVA,ISCED11_1T8,S2,INST_EDU,DIR_EXP,_Z,PT_B1GQ,2020,0.1370447,A,0,1,
OECD.EDU.IMEP:DSD_EAG_UOE_FIN@DF_UOE_INDIC_FIN_GDP(1.0),EXP,SVN,ISCED11_1T8,S2,INST_EDU,DIR_EXP,_Z,PT_B1GQ,2015,0.0440439,A,0,1,
OECD.EDU.IMEP:DSD_EAG_UOE_FIN@DF_UOE_INDIC_FIN_GDP(1.0),EXP,SVN,ISCED11_1T8,S2,INST_EDU,DIR_EXP,_Z,PT_B1GQ,2016,0.0533119,A,0,1,
OECD.EDU.IMEP:DSD_EAG_UOE_FIN@DF_UOE_INDIC_FIN_GDP(1.0),EXP,SVN,ISCED11_1T8,S2,INST_EDU,DIR_EXP,_Z,PT_B1GQ,2017,0.0547849,A,0,1,
OECD.EDU.IMEP:DSD_EAG_UOE_FIN@DF_UOE_INDIC_FIN_GDP(1.0),EXP,SVN,ISCED11_1T8,S2,INST_EDU,DIR_EXP,_Z,PT_B1GQ,2018,0.0669436,A,0,1,
OECD.EDU.IMEP:DSD_EAG_UOE_FIN@DF_UOE_INDIC_FIN_GDP(1.0),EXP,SVN,ISCED11_1T8,S2,INST_EDU,DIR_EXP,_Z,PT_B1GQ,2019,0.0686639,A,0,1,
OECD.EDU.IMEP:DSD_EAG_UOE_FIN@DF_UOE_INDIC_FIN_GDP(1.0),EXP,SVN,ISCED11_1T8,S2,INST_EDU,DIR_EXP,_Z,PT_B1GQ,2020,0.0760798,A,0,1,
OECD.EDU.IMEP:DSD_EAG_UOE_FIN@DF_UOE_INDIC_FIN_GDP(1.0),EXP,PRT,ISCED11_1T8,S13,INST_EDU,DIR_EXP,_Z,PT_B1GQ,2015,4.143377,W,0,1,
OECD.EDU.IMEP:DSD_EAG_UOE_FIN@DF_UOE_INDIC_FIN_GDP(1.0),EXP,PRT,ISCED11_1T8,S13,INST_EDU,DIR_EXP,_Z,PT_B1GQ,2016,4.065532,A,0,1,
OECD.EDU.IMEP:DSD_EAG_UOE_FIN@DF_UOE_INDIC_FIN_GDP(1.0),EXP,PRT,ISCED11_1T8,S13,INST_EDU,DIR_EXP,_Z,PT_B1GQ,2017,4.247432,A,0,1,
OECD.EDU.IMEP:DSD_EAG_UOE_FIN@DF_UOE_INDIC_FIN_GDP(1.0),EXP,PRT,ISCED11_1T8,S13,INST_EDU,DIR_EXP,_Z,PT_B1GQ,2018,3.993846,A,0,1,
OECD.EDU.IMEP:DSD_EAG_UOE_FIN@DF_UOE_INDIC_FIN_GDP(1.0),EXP,PRT,ISCED11_1T8,S13,INST_EDU,DIR_EXP,_Z,PT_B1GQ,2019,3.983893,A,0,1,
OECD.EDU.IMEP:DSD_EAG_UOE_FIN@DF_UOE_INDIC_FIN_GDP(1.0),EXP,PRT,ISCED11_1T8,S13,INST_EDU,DIR_EXP,_Z,PT_B1GQ,2020,4.1472821,A,0,1,
OECD.EDU.IMEP:DSD_EAG_UOE_FIN@DF_UOE_INDIC_FIN_GDP(1.0),EXP,HRV,ISCED11_1T8,S1D_NON_EDU,INST_EDU,DIR_EXP,_Z,PT_B1GQ,2015,,O,0,1,
OECD.EDU.IMEP:DSD_EAG_UOE_FIN@DF_UOE_INDIC_FIN_GDP(1.0),EXP,HRV,ISCED11_1T8,S1D_NON_EDU,INST_EDU,DIR_EXP,_Z,PT_B1GQ,2016,0.4674805,A,0,1,
OECD.EDU.IMEP:DSD_EAG_UOE_FIN@DF_UOE_INDIC_FIN_GDP(1.0),EXP,HRV,ISCED11_1T8,S1D_NON_EDU,INST_EDU,DIR_EXP,_Z,PT_B1GQ,2017,0.524758,A,0,1,
OECD.EDU.IMEP:DSD_EAG_UOE_FIN@DF_UOE_INDIC_FIN_GDP(1.0),EXP,HRV,ISCED11_1T8,S1D_NON_EDU,INST_EDU,DIR_EXP,_Z,PT_B1GQ,2018,0.5267862,A,0,1,
OECD.EDU.IMEP:DSD_EAG_UOE_FIN@DF_UOE_INDIC_FIN_GDP(1.0),EXP,HRV,ISCED11_1T8,S1D_NON_EDU,INST_EDU,DIR_EXP,_Z,PT_B1GQ,2019,0.5103962,A,0,1,
OECD.EDU.IMEP:DSD_EAG_UOE_FIN@DF_UOE_INDIC_FIN_GDP(1.0),EXP,HRV,ISCED11_1T8,S1D_NON_EDU,INST_EDU,DIR_EXP,_Z,PT_B1GQ,2020,0.46336609,A,0,1,
OECD.EDU.IMEP:DSD_EAG_UOE_FIN@DF_UOE_INDIC_FIN_GDP(1.0),EXP,CHE,ISCED11_1T8,S1D_NON_EDU,INST_EDU,DIR_EXP,_Z,PT_B1GQ,2015,,O,0,1,
OECD.EDU.IMEP:DSD_EAG_UOE_FIN@DF_UOE_INDIC_FIN_GDP(1.0),EXP,CHE,ISCED11_1T8,S1D_NON_EDU,INST_EDU,DIR_EXP,_Z,PT_B1GQ,2016,,O,0,1,
OECD.EDU.IMEP:DSD_EAG_UOE_FIN@DF_UOE_INDIC_FIN_GDP(1.0),EXP,CHE,ISCED11_1T8,S1D_NON_EDU,INST_EDU,DIR_EXP,_Z,PT_B1GQ,2017,,O,0,1,
OECD.EDU.IMEP:DSD_EAG_UOE_FIN@DF_UOE_INDIC_FIN_GDP(1.0),EXP,CHE,ISCED11_1T8,S1D_NON_EDU,INST_EDU,DIR_EXP,_Z,PT_B1GQ,2018,,O,0,1,
OECD.EDU.IMEP:DSD_EAG_UOE_FIN@DF_UOE_INDIC_FIN_GDP(1.0),EXP,CHE,ISCED11_1T8,S1D_NON_EDU,INST_EDU,DIR_EXP,_Z,PT_B1GQ,2019,,O,0,1,
OECD.EDU.IMEP:DSD_EAG_UOE_FIN@DF_UOE_INDIC_FIN_GDP(1.0),EXP,CHE,ISCED11_1T8,S1D_NON_EDU,INST_EDU,DIR_EXP,_Z,PT_B1GQ,2020,,O,0,1,
OECD.EDU.IMEP:DSD_EAG_UOE_FIN@DF_UOE_INDIC_FIN_GDP(1.0),EXP,ITA,ISCED11_1T8,_T,INST_EDU,DIR_EXP,_Z,PT_B1GQ,2015,3.92552,A,0,1,
OECD.EDU.IMEP:DSD_EAG_UOE_FIN@DF_UOE_INDIC_FIN_GDP(1.0),EXP,ITA,ISCED11_1T8,_T,INST_EDU,DIR_EXP,_Z,PT_B1GQ,2016,3.620417,A,0,1,
OECD.EDU.IMEP:DSD_EAG_UOE_FIN@DF_UOE_INDIC_FIN_GDP(1.0),EXP,ITA,ISCED11_1T8,_T,INST_EDU,DIR_EXP,_Z,PT_B1GQ,2017,3.851269,A,0,1,
OECD.EDU.IMEP:DSD_EAG_UOE_FIN@DF_UOE_INDIC_FIN_GDP(1.0),EXP,ITA,ISCED11_1T8,_T,INST_EDU,DIR_EXP,_Z,PT_B1GQ,2018,4.09681,A,0,1,
OECD.EDU.IMEP:DSD_EAG_UOE_FIN@DF_UOE_INDIC_FIN_GDP(1.0),EXP,ITA,ISCED11_1T8,_T,INST_EDU,DIR_EXP,_Z,PT_B1GQ,2019,3.84957,A,0,1,
OECD.EDU.IMEP:DSD_EAG_UOE_FIN@DF_UOE_INDIC_FIN_GDP(1.0),EXP,ITA,ISCED11_1T8,_T,INST_EDU,DIR_EXP,_Z,PT_B1GQ,2020,4.1856298,A,0,1,
OECD.EDU.IMEP:DSD_EAG_UOE_FIN@DF_UOE_INDIC_FIN_GDP(1.0),EXP,CAN,ISCED11_1T8,S2,INST_EDU,DIR_EXP,_Z,PT_B1GQ,2015,,K,0,1,
OECD.EDU.IMEP:DSD_EAG_UOE_FIN@DF_UOE_INDIC_FIN_GDP(1.0),EXP,CAN,ISCED11_1T8,S2,INST_EDU,DIR_EXP,_Z,PT_B1GQ,2016,,K,0,1,
OECD.EDU.IMEP:DSD_EAG_UOE_FIN@DF_UOE_INDIC_FIN_GDP(1.0),EXP,CAN,ISCED11_1T8,S2,INST_EDU,DIR_EXP,_Z,PT_B1GQ,2017,,K,0,1,
OECD.EDU.IMEP:DSD_EAG_UOE_FIN@DF_UOE_INDIC_FIN_GDP(1.0),EXP,CAN,ISCED11_1T8,S2,INST_EDU,DIR_EXP,_Z,PT_B1GQ,2018,,K,0,1,
OECD.EDU.IMEP:DSD_EAG_UOE_FIN@DF_UOE_INDIC_FIN_GDP(1.0),EXP,CAN,ISCED11_1T8,S2,INST_EDU,DIR_EXP,_Z,PT_B1GQ,2019,,K,0,1,
OECD.EDU.IMEP:DSD_EAG_UOE_FIN@DF_UOE_INDIC_FIN_GDP(1.0),EXP,CAN,ISCED11_1T8,S2,INST_EDU,DIR_EXP,_Z,PT_B1GQ,2020,,K,0,1,
OECD.EDU.IMEP:DSD_EAG_UOE_FIN@DF_UOE_INDIC_FIN_GDP(1.0),EXP,NLD,ISCED11_1T8,S13,INST_EDU,DIR_EXP,_Z,PT_B1GQ,2015,4.299735,A,0,1,
OECD.EDU.IMEP:DSD_EAG_UOE_FIN@DF_UOE_INDIC_FIN_GDP(1.0),EXP,NLD,ISCED11_1T8,S13,INST_EDU,DIR_EXP,_Z,PT_B1GQ,2016,4.249313,A,0,1,
OECD.EDU.IMEP:DSD_EAG_UOE_FIN@DF_UOE_INDIC_FIN_GDP(1.0),EXP,NLD,ISCED11_1T8,S13,INST_EDU,DIR_EXP,_Z,PT_B1GQ,2017,4.159009,A,0,1,
OECD.EDU.IMEP:DSD_EAG_UOE_FIN@DF_UOE_INDIC_FIN_GDP(1.0),EXP,NLD,ISCED11_1T8,S13,INST_EDU,DIR_EXP,_Z,PT_B1GQ,2018,4.150851,A,0,1,
OECD.EDU.IMEP:DSD_EAG_UOE_FIN@DF_UOE_INDIC_FIN_GDP(1.0),EXP,NLD,ISCED11_1T8,S13,INST_EDU,DIR_EXP,_Z,PT_B1GQ,2019,4.098258,A,0,1,
OECD.EDU.IMEP:DSD_EAG_UOE_FIN@DF_UOE_INDIC_FIN_GDP(1.0),EXP,NLD,ISCED11_1T8,S13,INST_EDU,DIR_EXP,_Z,PT_B1GQ,2020,4.332561,A,0,1,
