AnnoA;IstatProvD;ProvinciaSedeDiploma;IstatProvC;provcorso;SESSO;Isc
2023/2024;41;PESARO E URBINO;44;ASCOLI PICENO;F;10
2024/2025;24;VICENZA;32;TRIESTE;F;151
2024/2025;16;BERGAMO;39;RAVENNA;M;8
2023/2024;110;BARLETTA - ANDRIA - TRANI;15;MILANO;F;24
2023/2024;90;SASSARI;27;VENEZIA;F;23
2024/2025;49;LIVORNO;54;PERUGIA;M;13
2024/2025;40;FORLI'-CESENA;99;RIMINI;M;290
2024/2025;79;CATANZARO;38;FERRARA;F;26
2024/2025;6;ALESSANDRIA;15;MILANO;M;87
2023/2024;73;TARANTO;76;POTENZA;F;36
2023/2024;26;TREVISO;42;ANCONA;F;9
2024/2025;77;MATERA;78;COSENZA;M;10
2023/2024;43;MACERATA;34;PARMA;M;31
2024/2025;50;PISA;40;FORLI'-CESENA;F;10
2023/2024;27;VENEZIA;72;BARI;F;6
2023/2024;94;ISERNIA;69;CHIETI;M;47
2023/2024;54;PERUGIA;55;TERNI;M;87
2024/2025;28;PADOVA;40;FORLI'-CESENA;F;29
2023/2024;59;LATINA;41;PESARO E URBINO;M;13
2024/2025;69;CHIETI;38;FERRARA;F;97
2023/2024;43;MACERATA;66;L'AQUILA;F;32
2023/2024;96;BIELLA;16;BERGAMO;F;7
2024/2025;50;PISA;49;LIVORNO;F;8
2024/2025;40;FORLI'-CESENA;18;PAVIA;F;5
2024/2025;84;AGRIGENTO;85;CALTANISSETTA;M;74
2023/2024;75;LECCE;15;MILANO;F;747
2024/2025;18;PAVIA;16;BERGAMO;F;16
2023/2024;51;AREZZO;100;PRATO;M;12
2024/2025;79;CATANZARO;41;PESARO E URBINO;M;7
2024/2025;46;LUCCA;15;MILANO;M;26
2024/2025;68;PESCARA;50;PISA;F;33
2023/2024;59;LATINA;28;PADOVA;F;34
2024/2025;68;PESCARA;66;L'AQUILA;F;610
2023/2024;22;TRENTO;50;PISA;F;50
2024/2025;26;TREVISO;26;TREVISO;M;644
2023/2024;35;REGGIO EMILIA;92;CAGLIARI;F;5
2023/2024;28;PADOVA;66;L'AQUILA;F;5
2023/2024;68;PESCARA;15;MILANO;M;148
2023/2024;999;PROVINCIA NON DEFINITA;50;PISA;F;193
2024/2025;13;COMO;38;FERRARA;F;13
2024/2025;76;POTENZA;12;VARESE;F;6
2024/2025;3;NOVARA;15;MILANO;F;216
2024/2025;999;PROVINCIA NON DEFINITA;43;MACERATA;F;277
2024/2025;24;VICENZA;1;TORINO;F;18
2024/2025;13;COMO;21;BOLZANO;F;11
2024/2025;108;MONZA E BRIANZA;13;COMO;M;36
2023/2024;110;BARLETTA - ANDRIA - TRANI;74;BRINDISI;F;11
2023/2024;62;BENEVENTO;15;MILANO;M;36
2024/2025;17;BRESCIA;12;VARESE;F;11
2023/2024;89;SIRACUSA;28;PADOVA;M;37
2023/2024;37;BOLOGNA;61;CASERTA;F;5
2023/2024;60;FROSINONE;15;MILANO;M;67
2023/2024;48;FIRENZE;69;CHIETI;M;6
2023/2024;87;CATANIA;88;RAGUSA;M;43
2023/2024;10;GENOVA;18;PAVIA;M;75
2023/2024;82;PALERMO;18;PAVIA;F;66
2024/2025;72;BARI;38;FERRARA;M;50
2023/2024;67;TERAMO;1;TORINO;F;16
2024/2025;65;SALERNO;37;BOLOGNA;M;266
2023/2024;54;PERUGIA;15;MILANO;M;158
2023/2024;30;UDINE;38;FERRARA;F;76
2024/2025;78;COSENZA;27;VENEZIA;M;11
2023/2024;31;GORIZIA;30;UDINE;F;467
2023/2024;20;MANTOVA;20;MANTOVA;F;136
2024/2025;95;ORISTANO;40;FORLI'-CESENA;F;8
2024/2025;49;LIVORNO;37;BOLOGNA;M;48
2024/2025;100;PRATO;40;FORLI'-CESENA;F;23
2023/2024;52;SIENA;52;SIENA;F;1930
2023/2024;110;BARLETTA - ANDRIA - TRANI;54;PERUGIA;M;10
2023/2024;58;ROMA;31;GORIZIA;M;7
2024/2025;68;PESCARA;54;PERUGIA;M;29
2024/2025;1;TORINO;40;FORLI'-CESENA;M;10
2024/2025;101;CROTONE;34;PARMA;F;148
2024/2025;37;BOLOGNA;39;RAVENNA;M;109
2024/2025;18;PAVIA;22;TRENTO;F;12
2023/2024;19;CREMONA;19;CREMONA;M;123
2023/2024;999;PROVINCIA NON DEFINITA;75;LECCE;M;399
2024/2025;4;CUNEO;33;PIACENZA;M;6
2023/2024;72;BARI;73;TARANTO;F;16
2024/2025;75;LECCE;35;REGGIO EMILIA;M;20
2023/2024;22;TRENTO;4;CUNEO;F;5
2024/2025;28;PADOVA;23;VERONA;M;155
2024/2025;38;FERRARA;58;ROMA;M;42
2024/2025;65;SALERNO;73;TARANTO;F;8
2024/2025;43;MACERATA;99;RIMINI;M;8
2023/2024;108;MONZA E BRIANZA;18;PAVIA;F;161
2023/2024;82;PALERMO;83;MESSINA;F;412
2023/2024;48;FIRENZE;63;NAPOLI;M;25
2023/2024;22;TRENTO;52;SIENA;M;13
2024/2025;71;FOGGIA;68;PESCARA;M;172
2023/2024;10;GENOVA;10;GENOVA;M;6910
2024/2025;86;ENNA;85;CALTANISSETTA;F;9
2024/2025;53;GROSSETO;56;VITERBO;M;39
2023/2024;73;TARANTO;77;MATERA;F;209
2024/2025;998;PROVINCIA ESTERA;33;PIACENZA;F;77
2023/2024;58;ROMA;5;ASTI;F;6
2024/2025;67;TERAMO;16;BERGAMO;F;5
2024/2025;19;CREMONA;22;TRENTO;M;37
2024/2025;62;BENEVENTO;55;TERNI;F;6
2024/2025;82;PALERMO;59;LATINA;F;6
2024/2025;28;PADOVA;69;CHIETI;F;9
2023/2024;34;PARMA;34;PARMA;M;3665
2023/2024;100;PRATO;1;TORINO;M;12
2023/2024;1;TORINO;61;CASERTA;F;11
2023/2024;60;FROSINONE;32;TRIESTE;F;15
2024/2025;6;ALESSANDRIA;52;SIENA;F;14
2024/2025;101;CROTONE;72;BARI;F;21
2023/2024;52;SIENA;56;VITERBO;M;5
2023/2024;64;AVELLINO;64;AVELLINO;M;158
2024/2025;69;CHIETI;1;TORINO;M;49
2024/2025;20;MANTOVA;16;BERGAMO;F;13
2023/2024;68;PESCARA;58;ROMA;M;369
2023/2024;36;MODENA;19;CREMONA;M;5
2023/2024;94;ISERNIA;68;PESCARA;F;61
2024/2025;6;ALESSANDRIA;3;NOVARA;M;222
2024/2025;67;TERAMO;68;PESCARA;M;252
2024/2025;108;MONZA E BRIANZA;28;PADOVA;M;25
2024/2025;25;BELLUNO;24;VICENZA;M;34
2023/2024;110;BARLETTA - ANDRIA - TRANI;71;FOGGIA;M;559
2023/2024;63;NAPOLI;22;TRENTO;F;36
2024/2025;85;CALTANISSETTA;39;RAVENNA;F;6
2024/2025;67;TERAMO;70;CAMPOBASSO;F;7
2024/2025;66;L'AQUILA;52;SIENA;F;27
2023/2024;97;LECCO;12;VARESE;M;53
2023/2024;64;AVELLINO;52;SIENA;F;88
2023/2024;25;BELLUNO;15;MILANO;M;41
2023/2024;88;RAGUSA;17;BRESCIA;M;6
2023/2024;69;CHIETI;32;TRIESTE;F;12
2024/2025;103;VERBANO CUSIO OSSOLA;3;NOVARA;F;133
2024/2025;61;CASERTA;10;GENOVA;M;10
2024/2025;73;TARANTO;68;PESCARA;M;20
2024/2025;998;PROVINCIA ESTERA;28;PADOVA;M;2435
2024/2025;42;ANCONA;43;MACERATA;M;1021
2023/2024;97;LECCO;97;LECCO;M;17
2024/2025;51;AREZZO;100;PRATO;M;15
2023/2024;97;LECCO;3;NOVARA;F;13
2023/2024;47;PISTOIA;37;BOLOGNA;F;140
2023/2024;83;MESSINA;82;PALERMO;F;749
2023/2024;64;AVELLINO;22;TRENTO;M;8
2024/2025;13;COMO;32;TRIESTE;M;6
2024/2025;51;AREZZO;39;RAVENNA;F;7
2024/2025;69;CHIETI;109;FERMO;F;31
2023/2024;85;CALTANISSETTA;40;FORLI'-CESENA;F;13
2024/2025;7;AOSTA;34;PARMA;M;7
2024/2025;91;NUORO;56;VITERBO;M;7
2024/2025;72;BARI;66;L'AQUILA;M;134
2024/2025;61;CASERTA;67;TERAMO;M;7
2024/2025;54;PERUGIA;90;SASSARI;F;5
2024/2025;28;PADOVA;36;MODENA;M;15
2023/2024;77;MATERA;12;VARESE;M;8
2024/2025;17;BRESCIA;28;PADOVA;F;663
2024/2025;59;LATINA;59;LATINA;M;1091
2024/2025;76;POTENZA;68;PESCARA;F;86
2023/2024;91;NUORO;15;MILANO;F;78
2024/2025;60;FROSINONE;30;UDINE;F;5
2023/2024;998;PROVINCIA ESTERA;90;SASSARI;M;92
2024/2025;13;COMO;36;MODENA;M;9
2024/2025;84;AGRIGENTO;43;MACERATA;M;11
2023/2024;43;MACERATA;15;MILANO;M;112
2023/2024;58;ROMA;35;REGGIO EMILIA;F;24
2023/2024;92;CAGLIARI;11;LA SPEZIA;M;5
2023/2024;998;PROVINCIA ESTERA;21;BOLZANO;F;313
2023/2024;10;GENOVA;1;TORINO;M;118
2023/2024;62;BENEVENTO;72;BARI;F;17
2023/2024;82;PALERMO;27;VENEZIA;F;59
2024/2025;4;CUNEO;36;MODENA;M;5
2023/2024;78;COSENZA;65;SALERNO;F;102
2023/2024;36;MODENA;40;FORLI'-CESENA;F;194
2023/2024;102;VIBO VALENTIA;50;PISA;F;66
2024/2025;64;AVELLINO;1;TORINO;F;55
2024/2025;59;LATINA;15;MILANO;M;86
2024/2025;56;VITERBO;51;AREZZO;F;5
2024/2025;63;NAPOLI;15;MILANO;M;670
2024/2025;6;ALESSANDRIA;6;ALESSANDRIA;F;684
2023/2024;69;CHIETI;48;FIRENZE;M;47
2024/2025;24;VICENZA;27;VENEZIA;M;727
2023/2024;33;PIACENZA;38;FERRARA;F;28
2024/2025;3;NOVARA;38;FERRARA;F;11
2024/2025;54;PERUGIA;56;VITERBO;M;32
2024/2025;41;PESARO E URBINO;23;VERONA;F;23
2023/2024;81;TRAPANI;43;MACERATA;M;12
2023/2024;22;TRENTO;63;NAPOLI;F;11
2024/2025;100;PRATO;54;PERUGIA;M;6
2024/2025;67;TERAMO;37;BOLOGNA;M;188
2023/2024;60;FROSINONE;50;PISA;M;55
2024/2025;15;MILANO;13;COMO;M;47
2023/2024;49;LIVORNO;100;PRATO;F;7
2024/2025;9;SAVONA;22;TRENTO;F;10
2024/2025;26;TREVISO;32;TRIESTE;M;478
2024/2025;71;FOGGIA;40;FORLI'-CESENA;M;27
2023/2024;62;BENEVENTO;54;PERUGIA;F;50
2023/2024;61;CASERTA;16;BERGAMO;M;30
2024/2025;28;PADOVA;37;BOLOGNA;M;144
2023/2024;88;RAGUSA;58;ROMA;M;248
2024/2025;36;MODENA;34;PARMA;M;360
2023/2024;35;REGGIO EMILIA;42;ANCONA;F;5
2024/2025;32;TRIESTE;36;MODENA;M;11
2023/2024;33;PIACENZA;34;PARMA;M;885
2023/2024;3;NOVARA;6;ALESSANDRIA;F;241
2024/2025;88;RAGUSA;79;CATANZARO;M;8
2024/2025;15;MILANO;6;ALESSANDRIA;M;67
2024/2025;1;TORINO;12;VARESE;F;9
2023/2024;42;ANCONA;15;MILANO;F;67
2023/2024;71;FOGGIA;75;LECCE;F;29
2024/2025;65;SALERNO;12;VARESE;F;20
2024/2025;15;MILANO;33;PIACENZA;F;9
2023/2024;20;MANTOVA;19;CREMONA;M;7
2024/2025;61;CASERTA;52;SIENA;F;57
2023/2024;55;TERNI;1;TORINO;M;24
2023/2024;60;FROSINONE;54;PERUGIA;F;139
2024/2025;28;PADOVA;43;MACERATA;M;6
2024/2025;89;SIRACUSA;73;TARANTO;M;12
2024/2025;72;BARI;1;TORINO;F;216
2024/2025;26;TREVISO;48;FIRENZE;F;81
2023/2024;20;MANTOVA;28;PADOVA;M;176
2024/2025;4;CUNEO;92;CAGLIARI;F;8
2024/2025;89;SIRACUSA;56;VITERBO;M;12
2024/2025;999;PROVINCIA NON DEFINITA;27;VENEZIA;M;77
2023/2024;88;RAGUSA;85;CALTANISSETTA;M;5
2023/2024;33;PIACENZA;15;MILANO;M;413
2024/2025;1;TORINO;7;AOSTA;M;34
2023/2024;87;CATANIA;15;MILANO;M;145
2024/2025;23;VERONA;29;ROVIGO;M;5
2024/2025;30;UDINE;56;VITERBO;M;7
2024/2025;48;FIRENZE;27;VENEZIA;M;35
2024/2025;34;PARMA;1;TORINO;M;33
2024/2025;100;PRATO;52;SIENA;M;32
2024/2025;63;NAPOLI;50;PISA;F;129
2024/2025;39;RAVENNA;39;RAVENNA;M;221
2023/2024;22;TRENTO;32;TRIESTE;M;28
2023/2024;32;TRIESTE;38;FERRARA;F;12
2024/2025;78;COSENZA;50;PISA;F;151
2024/2025;40;FORLI'-CESENA;63;NAPOLI;M;12
2023/2024;24;VICENZA;1;TORINO;M;38
2023/2024;89;SIRACUSA;10;GENOVA;F;10
2024/2025;55;TERNI;66;L'AQUILA;F;41
2023/2024;61;CASERTA;60;FROSINONE;F;712
2023/2024;81;TRAPANI;39;RAVENNA;M;6
2024/2025;39;RAVENNA;58;ROMA;M;32
2024/2025;54;PERUGIA;36;MODENA;M;36
2024/2025;87;CATANIA;22;TRENTO;M;55
2023/2024;30;UDINE;27;VENEZIA;F;480
2024/2025;44;ASCOLI PICENO;35;REGGIO EMILIA;M;8
2023/2024;13;COMO;18;PAVIA;M;63
2023/2024;93;PORDENONE;18;PAVIA;M;6
2023/2024;87;CATANIA;41;PESARO E URBINO;M;19
2024/2025;35;REGGIO EMILIA;10;GENOVA;F;10
2023/2024;109;FERMO;43;MACERATA;M;474
2024/2025;34;PARMA;33;PIACENZA;F;126
2023/2024;85;CALTANISSETTA;32;TRIESTE;M;8
2023/2024;32;TRIESTE;22;TRENTO;F;17
2023/2024;60;FROSINONE;69;CHIETI;F;126
2023/2024;13;COMO;27;VENEZIA;M;11
2024/2025;70;CAMPOBASSO;60;FROSINONE;F;13
2024/2025;56;VITERBO;54;PERUGIA;F;271
2023/2024;58;ROMA;65;SALERNO;F;5
2024/2025;86;ENNA;48;FIRENZE;F;22
2024/2025;84;AGRIGENTO;48;FIRENZE;M;59
2023/2024;999;PROVINCIA NON DEFINITA;15;MILANO;M;1771
2024/2025;82;PALERMO;17;BRESCIA;M;9
2023/2024;70;CAMPOBASSO;66;L'AQUILA;F;39
2023/2024;82;PALERMO;40;FORLI'-CESENA;M;10
2024/2025;19;CREMONA;99;RIMINI;F;7
2024/2025;998;PROVINCIA ESTERA;90;SASSARI;M;111
2024/2025;83;MESSINA;15;MILANO;M;85
2024/2025;15;MILANO;9;SAVONA;F;8
2024/2025;81;TRAPANI;36;MODENA;M;33
2023/2024;47;PISTOIA;28;PADOVA;M;13
2024/2025;999;PROVINCIA NON DEFINITA;72;BARI;M;414
2024/2025;90;SASSARI;69;CHIETI;F;7
2024/2025;91;NUORO;38;FERRARA;M;14
2023/2024;999;PROVINCIA NON DEFINITA;72;BARI;M;396
2024/2025;5;ASTI;32;TRIESTE;F;6
2023/2024;85;CALTANISSETTA;52;SIENA;F;87
2024/2025;63;NAPOLI;41;PESARO E URBINO;M;44
2024/2025;98;LODI;41;PESARO E URBINO;F;6
2023/2024;68;PESCARA;34;PARMA;F;37
2024/2025;101;CROTONE;15;MILANO;F;6
2023/2024;63;NAPOLI;30;UDINE;M;14
2023/2024;26;TREVISO;43;MACERATA;M;9
2023/2024;98;LODI;19;CREMONA;F;14
2023/2024;84;AGRIGENTO;82;PALERMO;M;1809
2024/2025;998;PROVINCIA ESTERA;67;TERAMO;F;66
2023/2024;58;ROMA;34;PARMA;F;69
2023/2024;30;UDINE;54;PERUGIA;F;15
2023/2024;72;BARI;77;MATERA;F;443
2024/2025;33;PIACENZA;10;GENOVA;M;18
2024/2025;1;TORINO;72;BARI;M;7
2024/2025;63;NAPOLI;65;SALERNO;F;3292
2024/2025;36;MODENA;19;CREMONA;M;5
2023/2024;62;BENEVENTO;58;ROMA;F;588
2023/2024;55;TERNI;15;MILANO;M;41
2024/2025;83;MESSINA;1;TORINO;M;75
2024/2025;74;BRINDISI;72;BARI;M;342
2024/2025;37;BOLOGNA;48;FIRENZE;M;96
2024/2025;15;MILANO;98;LODI;F;205
2024/2025;83;MESSINA;10;GENOVA;M;10
2024/2025;48;FIRENZE;28;PADOVA;M;59
2024/2025;78;COSENZA;40;FORLI'-CESENA;M;13
2024/2025;52;SIENA;22;TRENTO;F;14
2023/2024;109;FERMO;58;ROMA;F;115
2024/2025;82;PALERMO;23;VERONA;M;17
2023/2024;81;TRAPANI;15;MILANO;M;88
2024/2025;34;PARMA;37;BOLOGNA;M;201
2024/2025;86;ENNA;50;PISA;M;9
2023/2024;65;SALERNO;79;CATANZARO;F;58
2024/2025;25;BELLUNO;30;UDINE;M;139
2023/2024;4;CUNEO;16;BERGAMO;M;5
2023/2024;5;ASTI;6;ALESSANDRIA;M;129
2024/2025;16;BERGAMO;27;VENEZIA;F;110
2023/2024;65;SALERNO;39;RAVENNA;M;13
2023/2024;998;PROVINCIA ESTERA;35;REGGIO EMILIA;M;75
2024/2025;16;BERGAMO;83;MESSINA;F;14
2023/2024;109;FERMO;22;TRENTO;M;17
2023/2024;57;RIETI;37;BOLOGNA;F;40
2024/2025;22;TRENTO;55;TERNI;M;5
2024/2025;94;ISERNIA;34;PARMA;F;8
2023/2024;82;PALERMO;99;RIMINI;F;6
2023/2024;75;LECCE;1;TORINO;F;135
2024/2025;63;NAPOLI;59;LATINA;F;119
2023/2024;15;MILANO;54;PERUGIA;F;67
2024/2025;90;SASSARI;15;MILANO;F;155
2023/2024;45;MASSA CARRARA;33;PIACENZA;M;5
2024/2025;1;TORINO;32;TRIESTE;F;31
2024/2025;98;LODI;22;TRENTO;M;5
2023/2024;15;MILANO;7;AOSTA;M;6
2023/2024;87;CATANIA;69;CHIETI;M;8
2023/2024;71;FOGGIA;39;RAVENNA;F;17
2024/2025;34;PARMA;99;RIMINI;F;9
2023/2024;16;BERGAMO;22;TRENTO;M;70
2023/2024;23;VERONA;15;MILANO;F;479
2024/2025;58;ROMA;31;GORIZIA;F;6
2024/2025;45;MASSA CARRARA;10;GENOVA;M;32
2023/2024;999;PROVINCIA NON DEFINITA;83;MESSINA;F;287
2023/2024;11;LA SPEZIA;16;BERGAMO;F;5
2023/2024;74;BRINDISI;18;PAVIA;M;29
2024/2025;51;AREZZO;63;NAPOLI;M;6
2023/2024;998;PROVINCIA ESTERA;27;VENEZIA;M;624
2024/2025;9;SAVONA;18;PAVIA;M;53
2024/2025;46;LUCCA;1;TORINO;M;23
2024/2025;42;ANCONA;18;PAVIA;F;23
2024/2025;39;RAVENNA;39;RAVENNA;F;494
2024/2025;88;RAGUSA;71;FOGGIA;F;5
2024/2025;77;MATERA;71;FOGGIA;F;28
2024/2025;17;BRESCIA;16;BERGAMO;M;370
2024/2025;75;LECCE;39;RAVENNA;M;13
2023/2024;92;CAGLIARI;37;BOLOGNA;M;99
2023/2024;22;TRENTO;50;PISA;M;36
2024/2025;61;CASERTA;90;SASSARI;F;7
2024/2025;89;SIRACUSA;58;ROMA;F;329
2023/2024;79;CATANZARO;22;TRENTO;F;13
2024/2025;63;NAPOLI;87;CATANIA;M;8
2023/2024;25;BELLUNO;22;TRENTO;M;285
2024/2025;62;BENEVENTO;23;VERONA;M;5
2024/2025;31;GORIZIA;37;BOLOGNA;F;37
2024/2025;26;TREVISO;1;TORINO;M;39
2023/2024;27;VENEZIA;36;MODENA;M;46
2024/2025;18;PAVIA;23;VERONA;F;12
2023/2024;58;ROMA;55;TERNI;F;109
2023/2024;32;TRIESTE;48;FIRENZE;F;20
2023/2024;79;CATANZARO;38;FERRARA;M;14
2024/2025;24;VICENZA;66;L'AQUILA;M;10
2024/2025;44;ASCOLI PICENO;15;MILANO;M;82
2023/2024;65;SALERNO;73;TARANTO;M;13
2023/2024;49;LIVORNO;1;TORINO;M;15
2023/2024;42;ANCONA;99;RIMINI;M;33
2023/2024;85;CALTANISSETTA;50;PISA;M;93
2024/2025;10;GENOVA;6;ALESSANDRIA;F;6
2023/2024;53;GROSSETO;15;MILANO;M;34
2023/2024;15;MILANO;56;VITERBO;M;12
2024/2025;31;GORIZIA;58;ROMA;M;7
2023/2024;11;LA SPEZIA;9;SAVONA;F;5
2024/2025;85;CALTANISSETTA;48;FIRENZE;M;35
2023/2024;61;CASERTA;23;VERONA;M;10
2023/2024;80;REGGIO CALABRIA;26;TREVISO;F;5
2023/2024;85;CALTANISSETTA;15;MILANO;M;21
2024/2025;80;REGGIO CALABRIA;36;MODENA;M;48
2024/2025;43;MACERATA;68;PESCARA;F;6
2023/2024;111;SUD SARDEGNA;92;CAGLIARI;F;3086
2024/2025;108;MONZA E BRIANZA;30;UDINE;F;6
2024/2025;39;RAVENNA;40;FORLI'-CESENA;F;531
2024/2025;44;ASCOLI PICENO;39;RAVENNA;F;12
2024/2025;8;IMPERIA;48;FIRENZE;F;25
2023/2024;103;VERBANO CUSIO OSSOLA;27;VENEZIA;M;9
2023/2024;84;AGRIGENTO;59;LATINA;M;21
2023/2024;65;SALERNO;83;MESSINA;F;26
2024/2025;86;ENNA;15;MILANO;F;5
2023/2024;83;MESSINA;12;VARESE;F;7
2024/2025;83;MESSINA;32;TRIESTE;M;16
2023/2024;45;MASSA CARRARA;49;LIVORNO;M;6
2024/2025;37;BOLOGNA;32;TRIESTE;F;22
2023/2024;99;RIMINI;32;TRIESTE;M;11
2024/2025;84;AGRIGENTO;38;FERRARA;M;53
2023/2024;93;PORDENONE;54;PERUGIA;F;13
2024/2025;32;TRIESTE;48;FIRENZE;F;18
2023/2024;80;REGGIO CALABRIA;1;TORINO;F;215
2023/2024;80;REGGIO CALABRIA;22;TRENTO;M;11
2023/2024;75;LECCE;43;MACERATA;F;71
2023/2024;27;VENEZIA;58;ROMA;F;155
2023/2024;51;AREZZO;27;VENEZIA;M;12
2023/2024;58;ROMA;83;MESSINA;M;31
2024/2025;67;TERAMO;23;VERONA;F;15
2023/2024;12;VARESE;108;MONZA E BRIANZA;F;27
2023/2024;70;CAMPOBASSO;1;TORINO;M;113
2024/2025;95;ORISTANO;41;PESARO E URBINO;F;16
2024/2025;28;PADOVA;15;MILANO;F;226
2023/2024;83;MESSINA;38;FERRARA;M;9
2023/2024;98;LODI;3;NOVARA;F;7
2023/2024;72;BARI;110;BARLETTA - ANDRIA - TRANI;F;17
2023/2024;18;PAVIA;50;PISA;M;21
2024/2025;25;BELLUNO;10;GENOVA;M;5
2023/2024;109;FERMO;38;FERRARA;M;28
2023/2024;47;PISTOIA;63;NAPOLI;F;8
2023/2024;29;ROVIGO;30;UDINE;M;5
2023/2024;65;SALERNO;64;AVELLINO;F;39
2023/2024;86;ENNA;43;MACERATA;F;7
2024/2025;25;BELLUNO;48;FIRENZE;F;23
2023/2024;76;POTENZA;72;BARI;M;81
2024/2025;38;FERRARA;39;RAVENNA;F;51
2024/2025;68;PESCARA;68;PESCARA;M;916
2023/2024;35;REGGIO EMILIA;99;RIMINI;F;26
2024/2025;998;PROVINCIA ESTERA;62;BENEVENTO;M;28
2024/2025;42;ANCONA;38;FERRARA;M;17
2024/2025;53;GROSSETO;38;FERRARA;F;17
2024/2025;35;REGGIO EMILIA;58;ROMA;F;60
2024/2025;27;VENEZIA;31;GORIZIA;M;24
2024/2025;76;POTENZA;33;PIACENZA;F;9
2023/2024;45;MASSA CARRARA;38;FERRARA;F;7
2024/2025;98;LODI;1;TORINO;F;17
2024/2025;77;MATERA;52;SIENA;M;61
2023/2024;15;MILANO;79;CATANZARO;F;8
2023/2024;5;ASTI;48;FIRENZE;M;5
2023/2024;18;PAVIA;22;TRENTO;F;9
2023/2024;87;CATANIA;36;MODENA;M;53
2024/2025;999;PROVINCIA NON DEFINITA;80;REGGIO CALABRIA;M;93
2024/2025;109;FERMO;99;RIMINI;F;9
2023/2024;49;LIVORNO;18;PAVIA;M;5
2024/2025;64;AVELLINO;15;MILANO;F;33
2024/2025;69;CHIETI;42;ANCONA;F;205
2024/2025;77;MATERA;43;MACERATA;F;5
2023/2024;17;BRESCIA;11;LA SPEZIA;M;5
2024/2025;34;PARMA;22;TRENTO;F;30
2024/2025;93;PORDENONE;36;MODENA;M;24
2023/2024;77;MATERA;15;MILANO;F;31
2023/2024;93;PORDENONE;37;BOLOGNA;M;110
2023/2024;82;PALERMO;94;ISERNIA;M;5
2023/2024;87;CATANIA;32;TRIESTE;M;18
2024/2025;998;PROVINCIA ESTERA;27;VENEZIA;M;721
2023/2024;81;TRAPANI;54;PERUGIA;M;45
2024/2025;51;AREZZO;66;L'AQUILA;M;9
2023/2024;73;TARANTO;15;MILANO;F;361
2023/2024;90;SASSARI;55;TERNI;F;6
2023/2024;102;VIBO VALENTIA;38;FERRARA;F;22
2023/2024;80;REGGIO CALABRIA;58;ROMA;F;862
2023/2024;998;PROVINCIA ESTERA;8;IMPERIA;M;5
2024/2025;85;CALTANISSETTA;32;TRIESTE;F;16
2023/2024;998;PROVINCIA ESTERA;40;FORLI'-CESENA;F;212
2023/2024;8;IMPERIA;12;VARESE;M;5
2024/2025;71;FOGGIA;109;FERMO;M;10
2023/2024;70;CAMPOBASSO;32;TRIESTE;M;6
2024/2025;93;PORDENONE;37;BOLOGNA;M;88
2024/2025;79;CATANZARO;15;MILANO;F;278
2024/2025;60;FROSINONE;34;PARMA;F;26
2024/2025;17;BRESCIA;26;TREVISO;F;9
2023/2024;12;VARESE;34;PARMA;M;31
2024/2025;64;AVELLINO;64;AVELLINO;M;164
2023/2024;73;TARANTO;36;MODENA;M;68
2024/2025;100;PRATO;50;PISA;M;131
2023/2024;44;ASCOLI PICENO;66;L'AQUILA;F;164
2024/2025;89;SIRACUSA;49;LIVORNO;M;6
2023/2024;61;CASERTA;56;VITERBO;M;70
2024/2025;74;BRINDISI;73;TARANTO;M;33
2023/2024;69;CHIETI;44;ASCOLI PICENO;M;9
2024/2025;21;BOLZANO;22;TRENTO;F;325
2024/2025;8;IMPERIA;4;CUNEO;M;14
2023/2024;60;FROSINONE;59;LATINA;M;23
2024/2025;64;AVELLINO;71;FOGGIA;M;31
2024/2025;27;VENEZIA;40;FORLI'-CESENA;F;38
2023/2024;97;LECCO;92;CAGLIARI;F;5
2024/2025;45;MASSA CARRARA;34;PARMA;M;153
2024/2025;75;LECCE;1;TORINO;F;365
2024/2025;6;ALESSANDRIA;37;BOLOGNA;M;35
2024/2025;40;FORLI'-CESENA;40;FORLI'-CESENA;F;1183
2023/2024;83;MESSINA;19;CREMONA;F;6
2024/2025;63;NAPOLI;29;ROVIGO;M;8
2023/2024;22;TRENTO;28;PADOVA;M;489
2023/2024;998;PROVINCIA ESTERA;6;ALESSANDRIA;F;65
2023/2024;74;BRINDISI;1;TORINO;M;132
2024/2025;21;BOLZANO;37;BOLOGNA;M;112
2024/2025;69;CHIETI;41;PESARO E URBINO;M;38
2023/2024;3;NOVARA;2;VERCELLI;M;173
2024/2025;54;PERUGIA;42;ANCONA;M;47
2023/2024;19;CREMONA;23;VERONA;F;47
2023/2024;67;TERAMO;70;CAMPOBASSO;F;9
2023/2024;80;REGGIO CALABRIA;18;PAVIA;F;127
2024/2025;998;PROVINCIA ESTERA;25;BELLUNO;F;6
2024/2025;45;MASSA CARRARA;48;FIRENZE;M;87
2023/2024;23;VERONA;83;MESSINA;F;8
2023/2024;54;PERUGIA;42;ANCONA;F;45
2024/2025;17;BRESCIA;48;FIRENZE;M;34
2023/2024;54;PERUGIA;37;BOLOGNA;M;242
2023/2024;48;FIRENZE;40;FORLI'-CESENA;F;55
2023/2024;55;TERNI;48;FIRENZE;M;39
2023/2024;51;AREZZO;66;L'AQUILA;F;7
2024/2025;99;RIMINI;50;PISA;F;13
2024/2025;97;LECCO;34;PARMA;F;23
2023/2024;999;PROVINCIA NON DEFINITA;84;AGRIGENTO;M;10
2023/2024;54;PERUGIA;1;TORINO;M;86
2023/2024;16;BERGAMO;58;ROMA;F;130
2023/2024;18;PAVIA;28;PADOVA;F;25
2024/2025;89;SIRACUSA;87;CATANIA;F;2407
2023/2024;74;BRINDISI;68;PESCARA;F;16
2024/2025;92;CAGLIARI;72;BARI;M;7
2023/2024;19;CREMONA;38;FERRARA;F;24
2023/2024;51;AREZZO;22;TRENTO;F;10
2024/2025;46;LUCCA;49;LIVORNO;F;9
2023/2024;89;SIRACUSA;32;TRIESTE;M;21
2023/2024;82;PALERMO;4;CUNEO;F;7
2023/2024;78;COSENZA;42;ANCONA;F;10
2024/2025;82;PALERMO;15;MILANO;F;59
2023/2024;92;CAGLIARI;54;PERUGIA;M;8
2024/2025;35;REGGIO EMILIA;1;TORINO;F;43
2023/2024;60;FROSINONE;16;BERGAMO;M;8
2023/2024;75;LECCE;58;ROMA;M;628
2024/2025;71;FOGGIA;65;SALERNO;M;17
2023/2024;90;SASSARI;36;MODENA;M;20
2024/2025;80;REGGIO CALABRIA;52;SIENA;M;19
2024/2025;108;MONZA E BRIANZA;38;FERRARA;F;23
2024/2025;17;BRESCIA;72;BARI;F;8
2023/2024;27;VENEZIA;49;LIVORNO;F;26
2023/2024;75;LECCE;92;CAGLIARI;F;5
2024/2025;72;BARI;63;NAPOLI;M;51
2024/2025;41;PESARO E URBINO;15;MILANO;F;56
2023/2024;16;BERGAMO;28;PADOVA;M;113
2024/2025;42;ANCONA;68;PESCARA;M;8
2024/2025;47;PISTOIA;22;TRENTO;F;6
2024/2025;1;TORINO;28;PADOVA;F;93
2023/2024;1;TORINO;79;CATANZARO;M;12
2023/2024;41;PESARO E URBINO;37;BOLOGNA;M;686
2023/2024;999;PROVINCIA NON DEFINITA;80;REGGIO CALABRIA;F;213
2023/2024;1;TORINO;55;TERNI;F;10
2024/2025;65;SALERNO;64;AVELLINO;F;48
2023/2024;57;RIETI;69;CHIETI;M;5
2023/2024;63;NAPOLI;52;SIENA;F;91
2024/2025;52;SIENA;38;FERRARA;F;10
2024/2025;40;FORLI'-CESENA;15;MILANO;M;106
2023/2024;12;VARESE;11;LA SPEZIA;M;7
2023/2024;48;FIRENZE;27;VENEZIA;F;69
2024/2025;19;CREMONA;41;PESARO E URBINO;F;12
2024/2025;71;FOGGIA;42;ANCONA;M;119
2023/2024;35;REGGIO EMILIA;22;TRENTO;M;33
2024/2025;1;TORINO;80;REGGIO CALABRIA;F;5
2024/2025;6;ALESSANDRIA;6;ALESSANDRIA;M;643
2024/2025;63;NAPOLI;87;CATANIA;F;11
2024/2025;40;FORLI'-CESENA;40;FORLI'-CESENA;M;1459
2023/2024;73;TARANTO;65;SALERNO;F;11
2023/2024;73;TARANTO;76;POTENZA;M;24
2024/2025;101;CROTONE;34;PARMA;M;95
2023/2024;93;PORDENONE;36;MODENA;F;13
2024/2025;110;BARLETTA - ANDRIA - TRANI;34;PARMA;M;23
2024/2025;40;FORLI'-CESENA;41;PESARO E URBINO;M;166
2024/2025;92;CAGLIARI;16;BERGAMO;F;6
2023/2024;86;ENNA;87;CATANIA;M;854
2023/2024;84;AGRIGENTO;39;RAVENNA;F;6
2023/2024;110;BARLETTA - ANDRIA - TRANI;1;TORINO;M;78
2023/2024;56;VITERBO;10;GENOVA;M;8
2023/2024;24;VICENZA;1;TORINO;F;76
2023/2024;77;MATERA;23;VERONA;F;10
2023/2024;10;GENOVA;10;GENOVA;F;8904
2024/2025;26;TREVISO;31;GORIZIA;M;35
2023/2024;87;CATANIA;1;TORINO;F;259
2023/2024;89;SIRACUSA;23;VERONA;F;15
2023/2024;20;MANTOVA;10;GENOVA;M;7
2024/2025;30;UDINE;26;TREVISO;F;12
2024/2025;4;CUNEO;15;MILANO;F;15
2024/2025;80;REGGIO CALABRIA;83;MESSINA;F;2307
2024/2025;16;BERGAMO;28;PADOVA;M;129
2023/2024;110;BARLETTA - ANDRIA - TRANI;48;FIRENZE;F;40
2023/2024;55;TERNI;99;RIMINI;M;5
2023/2024;33;PIACENZA;108;MONZA E BRIANZA;F;5
2023/2024;87;CATANIA;27;VENEZIA;F;83
2023/2024;40;FORLI'-CESENA;43;MACERATA;M;11
2024/2025;24;VICENZA;66;L'AQUILA;F;12
2023/2024;60;FROSINONE;36;MODENA;M;30
2023/2024;24;VICENZA;41;PESARO E URBINO;M;12
2023/2024;89;SIRACUSA;17;BRESCIA;F;6
2024/2025;40;FORLI'-CESENA;50;PISA;F;13
2023/2024;999;PROVINCIA NON DEFINITA;95;ORISTANO;M;11
2023/2024;57;RIETI;56;VITERBO;F;57
2024/2025;100;PRATO;15;MILANO;M;45
2023/2024;999;PROVINCIA NON DEFINITA;19;CREMONA;F;29
2023/2024;8;IMPERIA;54;PERUGIA;F;8
2023/2024;69;CHIETI;79;CATANZARO;F;5
2023/2024;63;NAPOLI;28;PADOVA;M;112
2023/2024;51;AREZZO;38;FERRARA;M;13
2023/2024;2;VERCELLI;54;PERUGIA;F;6
2024/2025;23;VERONA;66;L'AQUILA;M;7
2023/2024;29;ROVIGO;37;BOLOGNA;F;185
2024/2025;45;MASSA CARRARA;36;MODENA;F;6
2024/2025;20;MANTOVA;28;PADOVA;M;197
2023/2024;38;FERRARA;99;RIMINI;M;12
2023/2024;28;PADOVA;28;PADOVA;F;7738
2024/2025;59;LATINA;73;TARANTO;M;7
2024/2025;15;MILANO;1;TORINO;F;33
2023/2024;62;BENEVENTO;67;TERAMO;F;5
2023/2024;97;LECCO;48;FIRENZE;F;8
2024/2025;79;CATANZARO;39;RAVENNA;M;5
2024/2025;55;TERNI;38;FERRARA;M;6
2023/2024;79;CATANZARO;65;SALERNO;M;9
2024/2025;42;ANCONA;48;FIRENZE;F;95
2024/2025;999;PROVINCIA NON DEFINITA;2;VERCELLI;M;29
2023/2024;110;BARLETTA - ANDRIA - TRANI;52;SIENA;F;34
2024/2025;79;CATANZARO;63;NAPOLI;M;28
2024/2025;18;PAVIA;83;MESSINA;F;7
2023/2024;73;TARANTO;52;SIENA;M;40
2023/2024;26;TREVISO;31;GORIZIA;M;33
2023/2024;42;ANCONA;48;FIRENZE;F;99
2023/2024;95;ORISTANO;1;TORINO;M;26
2023/2024;55;TERNI;1;TORINO;F;15
2024/2025;64;AVELLINO;17;BRESCIA;F;5
2024/2025;65;SALERNO;23;VERONA;M;25
2024/2025;92;CAGLIARI;56;VITERBO;M;13
2023/2024;108;MONZA E BRIANZA;19;CREMONA;M;5
2024/2025;17;BRESCIA;90;SASSARI;F;15
2023/2024;71;FOGGIA;41;PESARO E URBINO;F;81
2023/2024;4;CUNEO;15;MILANO;F;15
2023/2024;94;ISERNIA;69;CHIETI;F;119
2024/2025;37;BOLOGNA;56;VITERBO;F;7
2024/2025;28;PADOVA;35;REGGIO EMILIA;M;8
2024/2025;999;PROVINCIA NON DEFINITA;57;RIETI;M;44
2024/2025;86;ENNA;54;PERUGIA;F;14
2024/2025;110;BARLETTA - ANDRIA - TRANI;52;SIENA;F;33
2024/2025;63;NAPOLI;49;LIVORNO;M;10
2024/2025;62;BENEVENTO;83;MESSINA;F;5
2024/2025;90;SASSARI;91;NUORO;M;7
2023/2024;29;ROVIGO;22;TRENTO;M;16
2024/2025;6;ALESSANDRIA;28;PADOVA;M;11
2024/2025;1;TORINO;31;GORIZIA;F;5
2023/2024;48;FIRENZE;33;PIACENZA;F;5
2023/2024;11;LA SPEZIA;15;MILANO;M;47
2023/2024;102;VIBO VALENTIA;52;SIENA;M;7
2024/2025;75;LECCE;100;PRATO;F;6
2024/2025;69;CHIETI;1;TORINO;F;58
2024/2025;61;CASERTA;23;VERONA;M;12
2024/2025;999;PROVINCIA NON DEFINITA;28;PADOVA;M;117
2024/2025;25;BELLUNO;66;L'AQUILA;M;5
2024/2025;73;TARANTO;52;SIENA;F;103
2024/2025;80;REGGIO CALABRIA;40;FORLI'-CESENA;M;16
2024/2025;85;CALTANISSETTA;18;PAVIA;M;52
2023/2024;65;SALERNO;41;PESARO E URBINO;M;56
2023/2024;93;PORDENONE;99;RIMINI;F;7
2023/2024;84;AGRIGENTO;82;PALERMO;F;2827
2023/2024;24;VICENZA;93;PORDENONE;F;6
2024/2025;46;LUCCA;1;TORINO;F;5
2023/2024;76;POTENZA;61;CASERTA;F;17
2023/2024;47;PISTOIA;37;BOLOGNA;M;83
2023/2024;88;RAGUSA;69;CHIETI;F;14
2024/2025;28;PADOVA;10;GENOVA;M;5
2023/2024;27;VENEZIA;63;NAPOLI;F;19
2024/2025;67;TERAMO;1;TORINO;F;14
2023/2024;70;CAMPOBASSO;15;MILANO;F;145
2024/2025;99;RIMINI;35;REGGIO EMILIA;M;8
2023/2024;111;SUD SARDEGNA;41;PESARO E URBINO;M;7
2023/2024;76;POTENZA;56;VITERBO;F;17
2023/2024;14;SONDRIO;15;MILANO;F;108
2024/2025;14;SONDRIO;1;TORINO;F;6
2023/2024;80;REGGIO CALABRIA;35;REGGIO EMILIA;F;15
2024/2025;26;TREVISO;18;PAVIA;F;32
2023/2024;37;BOLOGNA;41;PESARO E URBINO;M;17
2024/2025;12;VARESE;108;MONZA E BRIANZA;F;27
2023/2024;86;ENNA;1;TORINO;F;55
2024/2025;60;FROSINONE;16;BERGAMO;M;7
2024/2025;42;ANCONA;52;SIENA;F;32
2023/2024;40;FORLI'-CESENA;18;PAVIA;F;6
2024/2025;51;AREZZO;63;NAPOLI;F;17
2023/2024;81;TRAPANI;54;PERUGIA;F;115
2023/2024;101;CROTONE;58;ROMA;F;330
2023/2024;99;RIMINI;44;ASCOLI PICENO;F;5
2024/2025;26;TREVISO;43;MACERATA;M;10
2023/2024;30;UDINE;90;SASSARI;F;6
2024/2025;90;SASSARI;28;PADOVA;F;93
2023/2024;62;BENEVENTO;37;BOLOGNA;F;122
2023/2024;97;LECCO;34;PARMA;M;6
2023/2024;26;TREVISO;21;BOLZANO;F;46
2023/2024;42;ANCONA;52;SIENA;F;26
2023/2024;20;MANTOVA;63;NAPOLI;F;6
2023/2024;46;LUCCA;63;NAPOLI;M;5
2023/2024;36;MODENA;22;TRENTO;F;83
2023/2024;44;ASCOLI PICENO;1;TORINO;M;21
2023/2024;62;BENEVENTO;70;CAMPOBASSO;M;346
2023/2024;33;PIACENZA;33;PIACENZA;M;430
2024/2025;65;SALERNO;57;RIETI;F;7
2023/2024;38;FERRARA;38;FERRARA;M;2177
2023/2024;75;LECCE;42;ANCONA;F;26
2023/2024;60;FROSINONE;17;BRESCIA;M;6
2023/2024;998;PROVINCIA ESTERA;100;PRATO;M;33
2023/2024;4;CUNEO;8;IMPERIA;F;5
2023/2024;4;CUNEO;18;PAVIA;M;44
2023/2024;78;COSENZA;56;VITERBO;F;16
2023/2024;73;TARANTO;27;VENEZIA;F;35
2023/2024;81;TRAPANI;59;LATINA;M;16
2023/2024;21;BOLZANO;32;TRIESTE;M;18
2023/2024;1;TORINO;23;VERONA;M;10
2023/2024;61;CASERTA;79;CATANZARO;F;24
2024/2025;17;BRESCIA;15;MILANO;F;1622
2024/2025;63;NAPOLI;63;NAPOLI;M;30776
2024/2025;48;FIRENZE;15;MILANO;M;192
2024/2025;5;ASTI;1;TORINO;M;666
2023/2024;101;CROTONE;23;VERONA;M;5
2023/2024;74;BRINDISI;40;FORLI'-CESENA;M;12
2023/2024;73;TARANTO;42;ANCONA;F;22
2023/2024;51;AREZZO;27;VENEZIA;F;40
2023/2024;52;SIENA;56;VITERBO;F;5
2023/2024;72;BARI;27;VENEZIA;F;83
2024/2025;72;BARI;61;CASERTA;F;25
2023/2024;85;CALTANISSETTA;22;TRENTO;M;12
2024/2025;79;CATANZARO;12;VARESE;F;6
2023/2024;51;AREZZO;18;PAVIA;F;9
2023/2024;65;SALERNO;17;BRESCIA;F;15
2024/2025;111;SUD SARDEGNA;58;ROMA;M;35
2024/2025;24;VICENZA;34;PARMA;M;27
2024/2025;69;CHIETI;38;FERRARA;M;61
2023/2024;84;AGRIGENTO;27;VENEZIA;F;22
2024/2025;58;ROMA;50;PISA;M;187
2023/2024;25;BELLUNO;66;L'AQUILA;M;6
2023/2024;46;LUCCA;49;LIVORNO;M;14
2023/2024;47;PISTOIA;1;TORINO;M;11
2023/2024;93;PORDENONE;37;BOLOGNA;F;150
2024/2025;92;CAGLIARI;23;VERONA;F;13
2023/2024;93;PORDENONE;23;VERONA;M;22
2024/2025;2;VERCELLI;16;BERGAMO;M;5
2024/2025;69;CHIETI;44;ASCOLI PICENO;M;11
2023/2024;81;TRAPANI;16;BERGAMO;F;19
2024/2025;22;TRENTO;41;PESARO E URBINO;F;19
2024/2025;103;VERBANO CUSIO OSSOLA;32;TRIESTE;F;7
2023/2024;39;RAVENNA;1;TORINO;F;38
2024/2025;89;SIRACUSA;39;RAVENNA;F;6
2024/2025;97;LECCO;40;FORLI'-CESENA;F;7
2024/2025;70;CAMPOBASSO;63;NAPOLI;M;77
2023/2024;51;AREZZO;100;PRATO;F;20
2023/2024;15;MILANO;2;VERCELLI;M;43
2024/2025;30;UDINE;41;PESARO E URBINO;F;17
2023/2024;68;PESCARA;99;RIMINI;F;14
2023/2024;2;VERCELLI;16;BERGAMO;M;5
2023/2024;23;VERONA;20;MANTOVA;M;51
2024/2025;11;LA SPEZIA;49;LIVORNO;M;10
2024/2025;6;ALESSANDRIA;83;MESSINA;F;6
2023/2024;94;ISERNIA;60;FROSINONE;F;131
2023/2024;40;FORLI'-CESENA;37;BOLOGNA;F;2104
2023/2024;79;CATANZARO;3;NOVARA;F;6
2024/2025;87;CATANIA;86;ENNA;M;190
2023/2024;91;NUORO;95;ORISTANO;F;8
2023/2024;65;SALERNO;15;MILANO;F;67
2024/2025;18;PAVIA;6;ALESSANDRIA;M;46
2024/2025;6;ALESSANDRIA;34;PARMA;F;31
2023/2024;22;TRENTO;1;TORINO;M;28
2023/2024;58;ROMA;54;PERUGIA;M;159
2024/2025;41;PESARO E URBINO;43;MACERATA;F;118
2024/2025;108;MONZA E BRIANZA;43;MACERATA;F;7
2023/2024;42;ANCONA;34;PARMA;M;25
2024/2025;55;TERNI;1;TORINO;F;10
2023/2024;62;BENEVENTO;28;PADOVA;M;16
2024/2025;63;NAPOLI;90;SASSARI;M;34
2024/2025;26;TREVISO;27;VENEZIA;F;2418
2023/2024;37;BOLOGNA;35;REGGIO EMILIA;F;272
2023/2024;15;MILANO;28;PADOVA;M;93
2023/2024;88;RAGUSA;1;TORINO;F;199
2024/2025;23;VERONA;1;TORINO;M;31
2023/2024;67;TERAMO;72;BARI;F;9
2024/2025;65;SALERNO;61;CASERTA;M;151
2024/2025;1;TORINO;63;NAPOLI;M;19
2024/2025;94;ISERNIA;1;TORINO;F;15
2023/2024;97;LECCO;37;BOLOGNA;F;56
2023/2024;83;MESSINA;30;UDINE;F;5
2023/2024;998;PROVINCIA ESTERA;1;TORINO;M;1240
2024/2025;999;PROVINCIA NON DEFINITA;15;MILANO;F;4633
2024/2025;999;PROVINCIA NON DEFINITA;51;AREZZO;F;6
2023/2024;93;PORDENONE;36;MODENA;M;24
2023/2024;101;CROTONE;78;COSENZA;M;735
2024/2025;77;MATERA;1;TORINO;M;81
2023/2024;76;POTENZA;15;MILANO;M;72
2024/2025;27;VENEZIA;32;TRIESTE;M;486
2024/2025;7;AOSTA;15;MILANO;F;13
2023/2024;76;POTENZA;39;RAVENNA;F;5
2024/2025;27;VENEZIA;16;BERGAMO;M;12
2023/2024;71;FOGGIA;1;TORINO;M;153
2023/2024;72;BARI;23;VERONA;M;22
2023/2024;54;PERUGIA;63;NAPOLI;F;20
2024/2025;65;SALERNO;72;BARI;M;61
2024/2025;108;MONZA E BRIANZA;10;GENOVA;M;25
2024/2025;999;PROVINCIA NON DEFINITA;40;FORLI'-CESENA;M;241
2024/2025;62;BENEVENTO;62;BENEVENTO;F;1010
2024/2025;998;PROVINCIA ESTERA;40;FORLI'-CESENA;M;176
2024/2025;41;PESARO E URBINO;67;TERAMO;F;8
2024/2025;80;REGGIO CALABRIA;37;BOLOGNA;M;139
2024/2025;8;IMPERIA;18;PAVIA;M;65
2024/2025;42;ANCONA;39;RAVENNA;M;13
2024/2025;78;COSENZA;70;CAMPOBASSO;F;6
2024/2025;83;MESSINA;12;VARESE;F;5
2023/2024;17;BRESCIA;19;CREMONA;M;18
2024/2025;998;PROVINCIA ESTERA;80;REGGIO CALABRIA;F;55
2024/2025;61;CASERTA;58;ROMA;M;682
2024/2025;69;CHIETI;41;PESARO E URBINO;F;103
2023/2024;81;TRAPANI;33;PIACENZA;M;16
2023/2024;73;TARANTO;1;TORINO;M;244
2024/2025;28;PADOVA;24;VICENZA;M;518
2023/2024;101;CROTONE;66;L'AQUILA;F;8
2024/2025;42;ANCONA;54;PERUGIA;F;367
2024/2025;96;BIELLA;3;NOVARA;M;111
2024/2025;25;BELLUNO;40;FORLI'-CESENA;F;8
2024/2025;85;CALTANISSETTA;36;MODENA;M;23
2024/2025;16;BERGAMO;58;ROMA;M;70
2024/2025;78;COSENZA;1;TORINO;F;38
2024/2025;61;CASERTA;79;CATANZARO;F;29
2024/2025;111;SUD SARDEGNA;1;TORINO;M;24
2024/2025;46;LUCCA;48;FIRENZE;F;845
2023/2024;74;BRINDISI;74;BRINDISI;F;175
2024/2025;60;FROSINONE;38;FERRARA;M;11
2023/2024;81;TRAPANI;38;FERRARA;F;163
2023/2024;14;SONDRIO;12;VARESE;M;17
2024/2025;35;REGGIO EMILIA;36;MODENA;M;1318
2024/2025;65;SALERNO;71;FOGGIA;F;38
2023/2024;97;LECCO;1;TORINO;F;28
2024/2025;36;MODENA;41;PESARO E URBINO;F;27
2023/2024;84;AGRIGENTO;59;LATINA;F;23
2023/2024;64;AVELLINO;35;REGGIO EMILIA;F;8
2024/2025;66;L'AQUILA;22;TRENTO;M;5
2024/2025;108;MONZA E BRIANZA;1;TORINO;F;67
2024/2025;8;IMPERIA;8;IMPERIA;F;165
2024/2025;9;SAVONA;28;PADOVA;F;22
2024/2025;75;LECCE;30;UDINE;M;10
2024/2025;14;SONDRIO;15;MILANO;F;877
2024/2025;102;VIBO VALENTIA;87;CATANIA;F;5
2023/2024;96;BIELLA;6;ALESSANDRIA;F;67
2023/2024;71;FOGGIA;76;POTENZA;F;13
2023/2024;26;TREVISO;34;PARMA;M;33
2024/2025;52;SIENA;1;TORINO;M;20
2023/2024;998;PROVINCIA ESTERA;24;VICENZA;M;97
2024/2025;100;PRATO;66;L'AQUILA;M;5
2023/2024;67;TERAMO;37;BOLOGNA;F;249
2023/2024;22;TRENTO;54;PERUGIA;M;9
2023/2024;69;CHIETI;40;FORLI'-CESENA;M;27
2023/2024;90;SASSARI;58;ROMA;M;148
2024/2025;77;MATERA;38;FERRARA;F;110
2024/2025;91;NUORO;58;ROMA;F;117
2024/2025;89;SIRACUSA;38;FERRARA;F;66
2024/2025;47;PISTOIA;34;PARMA;F;10
2024/2025;76;POTENZA;72;BARI;M;89
2023/2024;27;VENEZIA;35;REGGIO EMILIA;F;13
2024/2025;4;CUNEO;2;VERCELLI;M;6
2023/2024;90;SASSARI;22;TRENTO;F;25
2023/2024;55;TERNI;41;PESARO E URBINO;F;17
2024/2025;76;POTENZA;66;L'AQUILA;M;29
2023/2024;65;SALERNO;57;RIETI;F;7
2024/2025;108;MONZA E BRIANZA;65;SALERNO;F;5
2024/2025;12;VARESE;33;PIACENZA;F;19
2024/2025;999;PROVINCIA NON DEFINITA;37;BOLOGNA;M;1795
2023/2024;83;MESSINA;58;ROMA;F;553
2024/2025;72;BARI;73;TARANTO;F;131
2024/2025;66;L'AQUILA;1;TORINO;F;26
2023/2024;999;PROVINCIA NON DEFINITA;4;CUNEO;M;67
2023/2024;84;AGRIGENTO;52;SIENA;F;92
2023/2024;52;SIENA;35;REGGIO EMILIA;F;5
2024/2025;43;MACERATA;42;ANCONA;M;1021
2023/2024;95;ORISTANO;27;VENEZIA;M;6
2023/2024;75;LECCE;65;SALERNO;M;8
2023/2024;17;BRESCIA;1;TORINO;F;136
2024/2025;88;RAGUSA;41;PESARO E URBINO;F;19
2024/2025;93;PORDENONE;42;ANCONA;F;6
2024/2025;52;SIENA;28;PADOVA;M;29
2024/2025;37;BOLOGNA;15;MILANO;F;261
2023/2024;32;TRIESTE;1;TORINO;F;34
2024/2025;32;TRIESTE;52;SIENA;M;5
2024/2025;85;CALTANISSETTA;27;VENEZIA;F;16
2024/2025;103;VERBANO CUSIO OSSOLA;22;TRENTO;M;7
2024/2025;63;NAPOLI;39;RAVENNA;F;25
2023/2024;96;BIELLA;1;TORINO;F;78
2023/2024;998;PROVINCIA ESTERA;78;COSENZA;F;478
2023/2024;29;ROVIGO;30;UDINE;F;12
2023/2024;8;IMPERIA;8;IMPERIA;F;157
2024/2025;76;POTENZA;86;ENNA;F;9
2023/2024;16;BERGAMO;16;BERGAMO;F;6345
2023/2024;63;NAPOLI;56;VITERBO;F;28
2024/2025;52;SIENA;27;VENEZIA;F;18
2024/2025;81;TRAPANI;83;MESSINA;F;138
2024/2025;13;COMO;19;CREMONA;M;6
2023/2024;7;AOSTA;58;ROMA;M;10
2023/2024;32;TRIESTE;32;TRIESTE;F;1997
2023/2024;26;TREVISO;26;TREVISO;M;617
2024/2025;68;PESCARA;33;PIACENZA;M;7
2024/2025;62;BENEVENTO;75;LECCE;F;5
2024/2025;88;RAGUSA;28;PADOVA;F;71
2023/2024;22;TRENTO;69;CHIETI;M;6
2023/2024;102;VIBO VALENTIA;58;ROMA;F;334
2024/2025;25;BELLUNO;26;TREVISO;M;32
2024/2025;27;VENEZIA;34;PARMA;F;112
2024/2025;51;AREZZO;50;PISA;F;96
2024/2025;78;COSENZA;83;MESSINA;M;29
2023/2024;21;BOLZANO;28;PADOVA;M;156
2024/2025;51;AREZZO;37;BOLOGNA;M;286
2024/2025;101;CROTONE;40;FORLI'-CESENA;F;5
2023/2024;6;ALESSANDRIA;23;VERONA;F;7
2023/2024;89;SIRACUSA;17;BRESCIA;M;6
2024/2025;21;BOLZANO;10;GENOVA;M;7
2024/2025;54;PERUGIA;55;TERNI;F;171
2023/2024;109;FERMO;15;MILANO;F;14
2024/2025;26;TREVISO;52;SIENA;M;10
2023/2024;24;VICENZA;39;RAVENNA;M;6
2023/2024;66;L'AQUILA;22;TRENTO;M;5
2024/2025;39;RAVENNA;15;MILANO;F;152
2023/2024;49;LIVORNO;18;PAVIA;F;14
2024/2025;16;BERGAMO;36;MODENA;M;28
2023/2024;43;MACERATA;10;GENOVA;M;5
2024/2025;14;SONDRIO;97;LECCO;F;17
2024/2025;61;CASERTA;36;MODENA;M;30
2023/2024;56;VITERBO;1;TORINO;M;41
2023/2024;80;REGGIO CALABRIA;56;VITERBO;M;11
2023/2024;60;FROSINONE;27;VENEZIA;F;17
2023/2024;75;LECCE;63;NAPOLI;F;89
2023/2024;108;MONZA E BRIANZA;52;SIENA;F;14
2024/2025;52;SIENA;100;PRATO;F;16
2023/2024;92;CAGLIARI;27;VENEZIA;F;46
2023/2024;40;FORLI'-CESENA;18;PAVIA;M;6
2024/2025;24;VICENZA;41;PESARO E URBINO;F;19
2023/2024;75;LECCE;42;ANCONA;M;33
2023/2024;17;BRESCIA;43;MACERATA;M;7
2024/2025;12;VARESE;3;NOVARA;M;110
2024/2025;7;AOSTA;58;ROMA;F;19
2023/2024;16;BERGAMO;69;CHIETI;F;17
2023/2024;111;SUD SARDEGNA;91;NUORO;F;14
2024/2025;103;VERBANO CUSIO OSSOLA;28;PADOVA;M;10
2023/2024;25;BELLUNO;34;PARMA;F;9
2023/2024;57;RIETI;55;TERNI;M;35
2024/2025;94;ISERNIA;18;PAVIA;F;6
2024/2025;81;TRAPANI;58;ROMA;M;246
2024/2025;19;CREMONA;63;NAPOLI;F;8
2023/2024;999;PROVINCIA NON DEFINITA;91;NUORO;F;20
2024/2025;71;FOGGIA;76;POTENZA;M;17
2023/2024;72;BARI;54;PERUGIA;M;51
2024/2025;84;AGRIGENTO;6;ALESSANDRIA;F;12
2023/2024;37;BOLOGNA;15;MILANO;F;151
2024/2025;74;BRINDISI;15;MILANO;F;33
2024/2025;3;NOVARA;40;FORLI'-CESENA;F;10
2024/2025;55;TERNI;38;FERRARA;F;10
2024/2025;27;VENEZIA;37;BOLOGNA;F;277
2024/2025;35;REGGIO EMILIA;35;REGGIO EMILIA;M;983
2024/2025;63;NAPOLI;69;CHIETI;M;45
2024/2025;17;BRESCIA;33;PIACENZA;M;22
2024/2025;93;PORDENONE;1;TORINO;F;32
2024/2025;81;TRAPANI;69;CHIETI;F;22
2024/2025;50;PISA;27;VENEZIA;F;20
2024/2025;75;LECCE;73;TARANTO;F;30
2024/2025;63;NAPOLI;90;SASSARI;F;33
2023/2024;9;SAVONA;1;TORINO;M;226
2023/2024;33;PIACENZA;28;PADOVA;F;22
2024/2025;58;ROMA;49;LIVORNO;M;30
2023/2024;72;BARI;36;MODENA;F;61
2024/2025;65;SALERNO;15;MILANO;M;440
2024/2025;33;PIACENZA;15;MILANO;F;696
2024/2025;91;NUORO;22;TRENTO;F;8
2024/2025;96;BIELLA;22;TRENTO;M;8
2023/2024;63;NAPOLI;18;PAVIA;M;69
2024/2025;110;BARLETTA - ANDRIA - TRANI;10;GENOVA;M;5
2023/2024;33;PIACENZA;15;MILANO;F;724
2024/2025;999;PROVINCIA NON DEFINITA;61;CASERTA;F;114
2023/2024;3;NOVARA;26;TREVISO;F;5
2023/2024;28;PADOVA;63;NAPOLI;F;7
2024/2025;34;PARMA;18;PAVIA;F;45
2023/2024;1;TORINO;87;CATANIA;M;7
2024/2025;71;FOGGIA;94;ISERNIA;M;9
2023/2024;88;RAGUSA;54;PERUGIA;M;43
2024/2025;12;VARESE;99;RIMINI;F;5
2024/2025;22;TRENTO;54;PERUGIA;M;9
2023/2024;998;PROVINCIA ESTERA;43;MACERATA;M;271
2023/2024;4;CUNEO;66;L'AQUILA;F;5
2023/2024;87;CATANIA;66;L'AQUILA;M;78
2023/2024;23;VERONA;22;TRENTO;F;749
2023/2024;110;BARLETTA - ANDRIA - TRANI;77;MATERA;F;16
2024/2025;69;CHIETI;39;RAVENNA;M;8
2023/2024;98;LODI;18;PAVIA;M;636
2024/2025;92;CAGLIARI;22;TRENTO;M;19
2024/2025;999;PROVINCIA NON DEFINITA;77;MATERA;F;21
2023/2024;101;CROTONE;1;TORINO;M;16
2023/2024;23;VERONA;58;ROMA;M;94
2024/2025;17;BRESCIA;19;CREMONA;M;71
2023/2024;81;TRAPANI;86;ENNA;F;85
2023/2024;6;ALESSANDRIA;1;TORINO;M;469
2024/2025;70;CAMPOBASSO;70;CAMPOBASSO;M;905
2024/2025;70;CAMPOBASSO;68;PESCARA;M;167
2023/2024;100;PRATO;100;PRATO;F;86
2024/2025;999;PROVINCIA NON DEFINITA;16;BERGAMO;F;77
2024/2025;16;BERGAMO;92;CAGLIARI;M;7
2023/2024;20;MANTOVA;99;RIMINI;F;9
2024/2025;90;SASSARI;34;PARMA;M;36
2023/2024;70;CAMPOBASSO;69;CHIETI;M;129
2024/2025;84;AGRIGENTO;15;MILANO;F;20
2023/2024;9;SAVONA;10;GENOVA;F;1727
2023/2024;63;NAPOLI;77;MATERA;F;7
2023/2024;65;SALERNO;99;RIMINI;M;13
2023/2024;25;BELLUNO;38;FERRARA;M;97
2023/2024;72;BARI;17;BRESCIA;F;10
2024/2025;30;UDINE;40;FORLI'-CESENA;M;13
2024/2025;110;BARLETTA - ANDRIA - TRANI;15;MILANO;M;131
2023/2024;95;ORISTANO;15;MILANO;F;11
2024/2025;96;BIELLA;28;PADOVA;M;27
2024/2025;23;VERONA;59;LATINA;M;6
2023/2024;38;FERRARA;39;RAVENNA;F;53
2024/2025;94;ISERNIA;28;PADOVA;M;7
2023/2024;70;CAMPOBASSO;35;REGGIO EMILIA;F;14
2023/2024;19;CREMONA;32;TRIESTE;M;8
2024/2025;89;SIRACUSA;37;BOLOGNA;M;94
2023/2024;56;VITERBO;69;CHIETI;F;6
2024/2025;36;MODENA;42;ANCONA;F;26
2024/2025;28;PADOVA;41;PESARO E URBINO;F;25
2023/2024;40;FORLI'-CESENA;99;RIMINI;F;486
2023/2024;65;SALERNO;15;MILANO;M;136
2024/2025;72;BARI;77;MATERA;F;460
2023/2024;27;VENEZIA;29;ROVIGO;M;52
2023/2024;48;FIRENZE;49;LIVORNO;M;31
2023/2024;71;FOGGIA;58;ROMA;M;546
2023/2024;69;CHIETI;56;VITERBO;F;7
2023/2024;38;FERRARA;1;TORINO;M;10
2023/2024;60;FROSINONE;69;CHIETI;M;29
2024/2025;38;FERRARA;54;PERUGIA;M;7
2024/2025;74;BRINDISI;35;REGGIO EMILIA;M;15
2023/2024;67;TERAMO;109;FERMO;M;24
2023/2024;26;TREVISO;44;ASCOLI PICENO;F;5
2023/2024;46;LUCCA;11;LA SPEZIA;F;9
2024/2025;64;AVELLINO;61;CASERTA;M;58
2024/2025;61;CASERTA;32;TRIESTE;M;8
2024/2025;92;CAGLIARI;37;BOLOGNA;F;140
2024/2025;108;MONZA E BRIANZA;17;BRESCIA;F;39
2023/2024;17;BRESCIA;30;UDINE;F;9
2024/2025;93;PORDENONE;24;VICENZA;F;11
2023/2024;98;LODI;15;MILANO;M;337
2023/2024;32;TRIESTE;30;UDINE;M;142
2024/2025;12;VARESE;35;REGGIO EMILIA;F;6
2023/2024;23;VERONA;26;TREVISO;M;16
2024/2025;20;MANTOVA;39;RAVENNA;F;12
2023/2024;41;PESARO E URBINO;12;VARESE;F;5
2024/2025;100;PRATO;28;PADOVA;M;18
2024/2025;4;CUNEO;33;PIACENZA;F;11
2024/2025;100;PRATO;1;TORINO;M;14
2024/2025;75;LECCE;51;AREZZO;F;5
2023/2024;41;PESARO E URBINO;54;PERUGIA;F;79
2023/2024;86;ENNA;27;VENEZIA;F;13
2024/2025;89;SIRACUSA;78;COSENZA;F;7
2024/2025;45;MASSA CARRARA;37;BOLOGNA;F;69
2024/2025;40;FORLI'-CESENA;18;PAVIA;M;6
2024/2025;24;VICENZA;26;TREVISO;F;184
2024/2025;64;AVELLINO;43;MACERATA;M;12
2024/2025;62;BENEVENTO;38;FERRARA;M;13
2024/2025;81;TRAPANI;61;CASERTA;M;5
2024/2025;24;VICENZA;27;VENEZIA;F;1204
2024/2025;82;PALERMO;84;AGRIGENTO;M;29
2023/2024;72;BARI;39;RAVENNA;F;12
2024/2025;79;CATANZARO;72;BARI;F;8
2023/2024;999;PROVINCIA NON DEFINITA;72;BARI;F;616
2023/2024;12;VARESE;37;BOLOGNA;F;128
2024/2025;81;TRAPANI;82;PALERMO;F;2665
2023/2024;41;PESARO E URBINO;34;PARMA;F;48
2023/2024;92;CAGLIARI;22;TRENTO;F;18
2024/2025;57;RIETI;56;VITERBO;M;35
2023/2024;83;MESSINA;30;UDINE;M;6
2023/2024;6;ALESSANDRIA;69;CHIETI;F;19
2024/2025;91;NUORO;1;TORINO;F;102
2024/2025;32;TRIESTE;22;TRENTO;F;14
2023/2024;65;SALERNO;10;GENOVA;F;40
2023/2024;81;TRAPANI;48;FIRENZE;M;56
2024/2025;83;MESSINA;72;BARI;F;8
2024/2025;999;PROVINCIA NON DEFINITA;85;CALTANISSETTA;M;43
2024/2025;20;MANTOVA;21;BOLZANO;F;10
2023/2024;1;TORINO;72;BARI;F;8
2023/2024;1;TORINO;54;PERUGIA;M;17
2024/2025;56;VITERBO;23;VERONA;F;7
2024/2025;998;PROVINCIA ESTERA;60;FROSINONE;F;838
2024/2025;81;TRAPANI;79;CATANZARO;M;5
2023/2024;90;SASSARI;15;MILANO;F;20
2023/2024;3;NOVARA;50;PISA;M;5
2023/2024;61;CASERTA;73;TARANTO;M;5
2023/2024;110;BARLETTA - ANDRIA - TRANI;71;FOGGIA;F;1122
2024/2025;44;ASCOLI PICENO;43;MACERATA;M;382
2024/2025;28;PADOVA;36;MODENA;F;15
2023/2024;25;BELLUNO;28;PADOVA;M;475
2023/2024;20;MANTOVA;18;PAVIA;M;19
2023/2024;2;VERCELLI;15;MILANO;F;247
2023/2024;92;CAGLIARI;34;PARMA;F;31
2024/2025;37;BOLOGNA;41;PESARO E URBINO;M;15
2024/2025;96;BIELLA;16;BERGAMO;F;5
2024/2025;41;PESARO E URBINO;23;VERONA;M;7
2023/2024;26;TREVISO;15;MILANO;F;120
2024/2025;103;VERBANO CUSIO OSSOLA;22;TRENTO;F;9
2024/2025;14;SONDRIO;13;COMO;M;6
2024/2025;18;PAVIA;54;PERUGIA;F;22
2023/2024;54;PERUGIA;15;MILANO;F;193
2024/2025;92;CAGLIARI;28;PADOVA;M;50
2023/2024;21;BOLZANO;37;BOLOGNA;F;131
2024/2025;102;VIBO VALENTIA;86;ENNA;F;6
2023/2024;73;TARANTO;61;CASERTA;M;14
2023/2024;44;ASCOLI PICENO;48;FIRENZE;M;37
2024/2025;61;CASERTA;12;VARESE;F;7
2023/2024;109;FERMO;69;CHIETI;M;45
2024/2025;51;AREZZO;1;TORINO;M;24
2023/2024;76;POTENZA;42;ANCONA;M;11
2024/2025;43;MACERATA;43;MACERATA;F;2683
2023/2024;63;NAPOLI;1;TORINO;M;221
2024/2025;46;LUCCA;37;BOLOGNA;F;107
2024/2025;7;AOSTA;17;BRESCIA;F;8
2024/2025;63;NAPOLI;35;REGGIO EMILIA;F;51
2023/2024;75;LECCE;58;ROMA;F;1043
2024/2025;76;POTENZA;28;PADOVA;F;74
2024/2025;81;TRAPANI;52;SIENA;F;85
2023/2024;62;BENEVENTO;36;MODENA;M;14
2024/2025;28;PADOVA;66;L'AQUILA;M;9
2023/2024;49;LIVORNO;66;L'AQUILA;M;13
2024/2025;84;AGRIGENTO;35;REGGIO EMILIA;M;13
2024/2025;54;PERUGIA;1;TORINO;M;45
2023/2024;10;GENOVA;1;TORINO;F;279
2023/2024;56;VITERBO;37;BOLOGNA;M;40
2024/2025;84;AGRIGENTO;34;PARMA;F;125
2023/2024;92;CAGLIARI;95;ORISTANO;M;21
2023/2024;24;VICENZA;50;PISA;M;30
2023/2024;22;TRENTO;54;PERUGIA;F;33
2023/2024;69;CHIETI;48;FIRENZE;F;71
2023/2024;90;SASSARI;58;ROMA;F;262
2024/2025;59;LATINA;17;BRESCIA;M;5
2024/2025;998;PROVINCIA ESTERA;13;COMO;F;87
2024/2025;64;AVELLINO;99;RIMINI;M;5
2023/2024;62;BENEVENTO;72;BARI;M;6
2024/2025;11;LA SPEZIA;48;FIRENZE;F;149
2024/2025;36;MODENA;70;CAMPOBASSO;F;5
2023/2024;86;ENNA;12;VARESE;M;8
2023/2024;17;BRESCIA;28;PADOVA;F;644
2023/2024;79;CATANZARO;1;TORINO;F;102
2024/2025;74;BRINDISI;30;UDINE;M;8
2023/2024;17;BRESCIA;5;ASTI;M;5
2024/2025;65;SALERNO;40;FORLI'-CESENA;M;26
2023/2024;74;BRINDISI;52;SIENA;M;20
2024/2025;74;BRINDISI;38;FERRARA;M;68
2023/2024;10;GENOVA;35;REGGIO EMILIA;F;15
2023/2024;15;MILANO;12;VARESE;M;1091
2024/2025;94;ISERNIA;37;BOLOGNA;F;37
2024/2025;35;REGGIO EMILIA;35;REGGIO EMILIA;F;1724
2023/2024;54;PERUGIA;66;L'AQUILA;F;49
2024/2025;18;PAVIA;37;BOLOGNA;F;56
2024/2025;42;ANCONA;15;MILANO;M;107
2024/2025;55;TERNI;41;PESARO E URBINO;F;18
2024/2025;47;PISTOIA;51;AREZZO;F;10
2024/2025;67;TERAMO;109;FERMO;M;26
2024/2025;18;PAVIA;3;NOVARA;M;110
2023/2024;1;TORINO;58;ROMA;F;356
2024/2025;18;PAVIA;27;VENEZIA;F;31
2023/2024;63;NAPOLI;43;MACERATA;F;57
2023/2024;16;BERGAMO;36;MODENA;F;10
2024/2025;30;UDINE;99;RIMINI;F;8
2023/2024;65;SALERNO;30;UDINE;M;18
2024/2025;58;ROMA;63;NAPOLI;M;146
2023/2024;6;ALESSANDRIA;52;SIENA;F;20
2024/2025;58;ROMA;55;TERNI;M;38
2024/2025;999;PROVINCIA NON DEFINITA;14;SONDRIO;F;17
2023/2024;68;PESCARA;1;TORINO;M;27
2024/2025;19;CREMONA;36;MODENA;M;21
2024/2025;49;LIVORNO;11;LA SPEZIA;M;12
2023/2024;73;TARANTO;73;TARANTO;F;41
2023/2024;30;UDINE;38;FERRARA;M;33
2023/2024;56;VITERBO;55;TERNI;F;35
2023/2024;102;VIBO VALENTIA;69;CHIETI;F;9
2024/2025;91;NUORO;18;PAVIA;M;21
2024/2025;24;VICENZA;15;MILANO;F;337
2024/2025;79;CATANZARO;28;PADOVA;F;45
2024/2025;64;AVELLINO;35;REGGIO EMILIA;M;8
2023/2024;84;AGRIGENTO;52;SIENA;M;55
2023/2024;51;AREZZO;15;MILANO;M;94
2023/2024;1;TORINO;28;PADOVA;F;108
2024/2025;32;TRIESTE;15;MILANO;M;50
2024/2025;14;SONDRIO;34;PARMA;M;8
2023/2024;101;CROTONE;23;VERONA;F;10
2023/2024;51;AREZZO;63;NAPOLI;F;15
2024/2025;58;ROMA;69;CHIETI;M;44
2023/2024;22;TRENTO;15;MILANO;M;208
2024/2025;66;L'AQUILA;50;PISA;M;30
2023/2024;63;NAPOLI;78;COSENZA;F;9
2023/2024;52;SIENA;18;PAVIA;M;5
2024/2025;22;TRENTO;58;ROMA;F;116
2024/2025;63;NAPOLI;63;NAPOLI;F;42255
2024/2025;11;LA SPEZIA;36;MODENA;F;6
2023/2024;52;SIENA;15;MILANO;F;75
2023/2024;36;MODENA;27;VENEZIA;M;32
2024/2025;27;VENEZIA;50;PISA;M;24
2024/2025;70;CAMPOBASSO;65;SALERNO;M;14
2024/2025;83;MESSINA;63;NAPOLI;M;27
2024/2025;68;PESCARA;54;PERUGIA;F;53
2023/2024;46;LUCCA;1;TORINO;M;7
2024/2025;87;CATANIA;27;VENEZIA;F;65
2024/2025;91;NUORO;22;TRENTO;M;10
2023/2024;84;AGRIGENTO;86;ENNA;M;259
2023/2024;73;TARANTO;79;CATANZARO;M;15
2024/2025;58;ROMA;32;TRIESTE;M;38
2024/2025;68;PESCARA;67;TERAMO;M;280
2024/2025;80;REGGIO CALABRIA;59;LATINA;M;6
2023/2024;21;BOLZANO;22;TRENTO;M;327
2024/2025;30;UDINE;50;PISA;F;33
2024/2025;3;NOVARA;1;TORINO;M;148
2024/2025;48;FIRENZE;63;NAPOLI;M;32
2024/2025;85;CALTANISSETTA;89;SIRACUSA;F;10
2024/2025;59;LATINA;52;SIENA;F;66
2023/2024;29;ROVIGO;15;MILANO;M;30
2023/2024;94;ISERNIA;60;FROSINONE;M;92
2023/2024;85;CALTANISSETTA;1;TORINO;F;100
2024/2025;43;MACERATA;1;TORINO;F;27
2024/2025;18;PAVIA;28;PADOVA;M;18
2024/2025;10;GENOVA;43;MACERATA;F;5
2024/2025;76;POTENZA;63;NAPOLI;F;609
2023/2024;50;PISA;30;UDINE;F;6
2024/2025;75;LECCE;78;COSENZA;F;7
2024/2025;21;BOLZANO;40;FORLI'-CESENA;F;9
2024/2025;70;CAMPOBASSO;68;PESCARA;F;247
2023/2024;23;VERONA;41;PESARO E URBINO;F;26
2023/2024;101;CROTONE;18;PAVIA;M;15
2023/2024;79;CATANZARO;66;L'AQUILA;M;21
2023/2024;25;BELLUNO;34;PARMA;M;11
2024/2025;58;ROMA;90;SASSARI;M;11
2023/2024;71;FOGGIA;30;UDINE;F;11
2024/2025;56;VITERBO;57;RIETI;M;6
2024/2025;2;VERCELLI;16;BERGAMO;F;7
2024/2025;56;VITERBO;52;SIENA;M;66
2023/2024;13;COMO;108;MONZA E BRIANZA;M;29
2023/2024;43;MACERATA;15;MILANO;F;167
2023/2024;63;NAPOLI;22;TRENTO;M;34
2024/2025;8;IMPERIA;15;MILANO;F;17
2023/2024;58;ROMA;75;LECCE;F;16
2023/2024;43;MACERATA;55;TERNI;F;8
2023/2024;17;BRESCIA;22;TRENTO;F;278
2024/2025;102;VIBO VALENTIA;79;CATANZARO;M;251
2024/2025;91;NUORO;34;PARMA;F;29
2024/2025;93;PORDENONE;1;TORINO;M;12
2023/2024;17;BRESCIA;98;LODI;M;9
2024/2025;77;MATERA;23;VERONA;F;6
2023/2024;72;BARI;59;LATINA;M;7
2023/2024;73;TARANTO;72;BARI;F;1996
2024/2025;48;FIRENZE;27;VENEZIA;F;61
2024/2025;30;UDINE;92;CAGLIARI;F;5
2024/2025;19;CREMONA;98;LODI;F;30
2023/2024;87;CATANIA;42;ANCONA;M;5
2023/2024;62;BENEVENTO;60;FROSINONE;F;21
2023/2024;98;LODI;18;PAVIA;F;730
2023/2024;108;MONZA E BRIANZA;38;FERRARA;F;20
2023/2024;998;PROVINCIA ESTERA;9;SAVONA;M;75
2024/2025;44;ASCOLI PICENO;58;ROMA;F;402
2024/2025;65;SALERNO;63;NAPOLI;M;2818
2023/2024;108;MONZA E BRIANZA;50;PISA;M;15
2024/2025;67;TERAMO;28;PADOVA;M;35
2024/2025;96;BIELLA;96;BIELLA;M;47
2024/2025;45;MASSA CARRARA;28;PADOVA;M;7
2023/2024;53;GROSSETO;41;PESARO E URBINO;F;7
2023/2024;89;SIRACUSA;38;FERRARA;M;61
2023/2024;71;FOGGIA;16;BERGAMO;F;13
2024/2025;30;UDINE;40;FORLI'-CESENA;F;24
2023/2024;88;RAGUSA;83;MESSINA;M;145
2024/2025;110;BARLETTA - ANDRIA - TRANI;1;TORINO;F;47
2024/2025;65;SALERNO;70;CAMPOBASSO;M;46
2023/2024;108;MONZA E BRIANZA;48;FIRENZE;F;29
2024/2025;62;BENEVENTO;39;RAVENNA;F;5
2023/2024;50;PISA;11;LA SPEZIA;M;8
2024/2025;40;FORLI'-CESENA;28;PADOVA;M;39
2024/2025;61;CASERTA;15;MILANO;F;247
2024/2025;78;COSENZA;33;PIACENZA;F;6
2023/2024;59;LATINA;22;TRENTO;M;28
2024/2025;87;CATANIA;72;BARI;M;25
2023/2024;90;SASSARI;39;RAVENNA;F;5
2023/2024;64;AVELLINO;41;PESARO E URBINO;M;29
2023/2024;63;NAPOLI;12;VARESE;M;43
2024/2025;3;NOVARA;63;NAPOLI;M;5
2023/2024;36;MODENA;33;PIACENZA;M;16
2023/2024;41;PESARO E URBINO;28;PADOVA;M;58
2024/2025;9;SAVONA;18;PAVIA;F;104
2024/2025;15;MILANO;33;PIACENZA;M;60
2023/2024;82;PALERMO;33;PIACENZA;F;6
2023/2024;27;VENEZIA;23;VERONA;F;154
2023/2024;41;PESARO E URBINO;34;PARMA;M;43
2024/2025;998;PROVINCIA ESTERA;31;GORIZIA;M;30
2024/2025;36;MODENA;55;TERNI;F;9
2024/2025;12;VARESE;17;BRESCIA;F;16
2023/2024;58;ROMA;39;RAVENNA;M;9
2024/2025;52;SIENA;58;ROMA;F;152
2023/2024;17;BRESCIA;30;UDINE;M;9
2024/2025;63;NAPOLI;55;TERNI;F;21
2023/2024;84;AGRIGENTO;33;PIACENZA;M;13
2024/2025;96;BIELLA;52;SIENA;F;5
2023/2024;70;CAMPOBASSO;94;ISERNIA;F;113
2023/2024;13;COMO;20;MANTOVA;F;5
2023/2024;86;ENNA;89;SIRACUSA;F;7
2024/2025;89;SIRACUSA;79;CATANZARO;F;23
2024/2025;65;SALERNO;62;BENEVENTO;M;47
2023/2024;75;LECCE;70;CAMPOBASSO;F;36
2023/2024;6;ALESSANDRIA;3;NOVARA;F;382
2024/2025;69;CHIETI;10;GENOVA;M;10
2023/2024;92;CAGLIARI;18;PAVIA;F;39
2024/2025;108;MONZA E BRIANZA;55;TERNI;F;5
2023/2024;37;BOLOGNA;28;PADOVA;M;68
2024/2025;38;FERRARA;82;PALERMO;F;5
2023/2024;30;UDINE;58;ROMA;M;73
2023/2024;17;BRESCIA;50;PISA;F;48
2023/2024;75;LECCE;41;PESARO E URBINO;M;101
2023/2024;63;NAPOLI;73;TARANTO;M;30
2023/2024;15;MILANO;40;FORLI'-CESENA;F;33
2024/2025;13;COMO;37;BOLOGNA;M;47
2024/2025;40;FORLI'-CESENA;32;TRIESTE;M;5
2023/2024;42;ANCONA;23;VERONA;M;17
2023/2024;23;VERONA;18;PAVIA;F;49
2024/2025;109;FERMO;109;FERMO;M;96
2024/2025;999;PROVINCIA NON DEFINITA;85;CALTANISSETTA;F;55
2023/2024;81;TRAPANI;52;SIENA;M;38
2023/2024;92;CAGLIARI;23;VERONA;M;5
2023/2024;84;AGRIGENTO;69;CHIETI;M;6
2023/2024;998;PROVINCIA ESTERA;15;MILANO;F;694
2023/2024;37;BOLOGNA;66;L'AQUILA;F;10
2023/2024;65;SALERNO;23;VERONA;F;38
2024/2025;58;ROMA;65;SALERNO;F;9
2024/2025;83;MESSINA;86;ENNA;M;51
2023/2024;82;PALERMO;12;VARESE;F;11
2024/2025;82;PALERMO;58;ROMA;M;284
2023/2024;69;CHIETI;3;NOVARA;F;5
2024/2025;47;PISTOIA;48;FIRENZE;M;2035
2023/2024;72;BARI;110;BARLETTA - ANDRIA - TRANI;M;8
2023/2024;18;PAVIA;33;PIACENZA;M;33
2024/2025;38;FERRARA;29;ROVIGO;M;8
2023/2024;15;MILANO;3;NOVARA;F;789
2024/2025;11;LA SPEZIA;15;MILANO;M;44
2024/2025;61;CASERTA;42;ANCONA;M;5
2023/2024;36;MODENA;1;TORINO;M;29
2024/2025;98;LODI;98;LODI;F;60
2024/2025;67;TERAMO;48;FIRENZE;M;25
2023/2024;3;NOVARA;1;TORINO;M;90
2023/2024;109;FERMO;35;REGGIO EMILIA;F;12
2023/2024;61;CASERTA;58;ROMA;F;1337
2024/2025;52;SIENA;56;VITERBO;M;5
2023/2024;61;CASERTA;67;TERAMO;F;6
2023/2024;11;LA SPEZIA;36;MODENA;M;10
2024/2025;52;SIENA;32;TRIESTE;F;7
2024/2025;999;PROVINCIA NON DEFINITA;91;NUORO;F;34
2023/2024;78;COSENZA;41;PESARO E URBINO;M;42
2023/2024;2;VERCELLI;3;NOVARA;M;239
2024/2025;999;PROVINCIA NON DEFINITA;1;TORINO;F;2362
2023/2024;999;PROVINCIA NON DEFINITA;37;BOLOGNA;M;1316
2023/2024;10;GENOVA;34;PARMA;M;32
2023/2024;47;PISTOIA;34;PARMA;M;5
2024/2025;81;TRAPANI;50;PISA;M;181
2024/2025;95;ORISTANO;91;NUORO;M;5
2024/2025;78;COSENZA;15;MILANO;F;308
2023/2024;57;RIETI;42;ANCONA;M;6
2023/2024;65;SALERNO;71;FOGGIA;F;40
2023/2024;44;ASCOLI PICENO;48;FIRENZE;F;61
2024/2025;66;L'AQUILA;28;PADOVA;F;28
2024/2025;38;FERRARA;27;VENEZIA;F;81
2024/2025;90;SASSARI;36;MODENA;F;11
2024/2025;19;CREMONA;22;TRENTO;F;51
2023/2024;83;MESSINA;38;FERRARA;F;23
2024/2025;66;L'AQUILA;32;TRIESTE;F;11
2023/2024;77;MATERA;37;BOLOGNA;M;155
2023/2024;102;VIBO VALENTIA;48;FIRENZE;M;47
2023/2024;24;VICENZA;32;TRIESTE;F;147
2024/2025;94;ISERNIA;58;ROMA;M;119
2023/2024;56;VITERBO;15;MILANO;M;34
2024/2025;87;CATANIA;83;MESSINA;F;1299
2023/2024;97;LECCO;18;PAVIA;M;35
2023/2024;87;CATANIA;32;TRIESTE;F;44
2024/2025;78;COSENZA;58;ROMA;M;789
2024/2025;999;PROVINCIA NON DEFINITA;96;BIELLA;M;24
2023/2024;10;GENOVA;37;BOLOGNA;M;80
2023/2024;50;PISA;15;MILANO;M;29
2024/2025;89;SIRACUSA;30;UDINE;F;5
2023/2024;63;NAPOLI;1;TORINO;F;230
2024/2025;53;GROSSETO;69;CHIETI;F;10
2024/2025;86;ENNA;83;MESSINA;F;194
2024/2025;93;PORDENONE;12;VARESE;F;5
2024/2025;13;COMO;32;TRIESTE;F;12
2023/2024;101;CROTONE;16;BERGAMO;M;7
2024/2025;24;VICENZA;63;NAPOLI;F;15
2023/2024;21;BOLZANO;40;FORLI'-CESENA;M;12
2023/2024;71;FOGGIA;18;PAVIA;F;40
2024/2025;18;PAVIA;36;MODENA;F;7
2023/2024;28;PADOVA;54;PERUGIA;F;23
2023/2024;85;CALTANISSETTA;89;SIRACUSA;F;11
2023/2024;23;VERONA;11;LA SPEZIA;M;7
2023/2024;45;MASSA CARRARA;52;SIENA;F;27
2023/2024;87;CATANIA;40;FORLI'-CESENA;F;40
2023/2024;26;TREVISO;30;UDINE;M;733
2023/2024;998;PROVINCIA ESTERA;98;LODI;F;16
2023/2024;69;CHIETI;18;PAVIA;M;28
2024/2025;58;ROMA;6;ALESSANDRIA;F;6
2023/2024;55;TERNI;69;CHIETI;M;5
2024/2025;98;LODI;19;CREMONA;M;12
2024/2025;80;REGGIO CALABRIA;72;BARI;M;11
2023/2024;45;MASSA CARRARA;34;PARMA;M;169
2024/2025;56;VITERBO;35;REGGIO EMILIA;F;5
2024/2025;92;CAGLIARI;18;PAVIA;M;24
2024/2025;75;LECCE;18;PAVIA;F;182
2024/2025;92;CAGLIARI;27;VENEZIA;M;16
2024/2025;91;NUORO;1;TORINO;M;77
2024/2025;42;ANCONA;17;BRESCIA;M;8
2023/2024;67;TERAMO;99;RIMINI;F;7
2024/2025;7;AOSTA;48;FIRENZE;F;20
2023/2024;62;BENEVENTO;36;MODENA;F;12
2023/2024;50;PISA;100;PRATO;M;5
2023/2024;58;ROMA;16;BERGAMO;F;53
2023/2024;3;NOVARA;50;PISA;F;8
2023/2024;63;NAPOLI;24;VICENZA;M;10
2024/2025;16;BERGAMO;43;MACERATA;M;9
2023/2024;50;PISA;18;PAVIA;M;12
2024/2025;3;NOVARA;83;MESSINA;F;7
2024/2025;68;PESCARA;36;MODENA;F;35
2024/2025;72;BARI;70;CAMPOBASSO;F;55
2023/2024;62;BENEVENTO;37;BOLOGNA;M;81
2024/2025;59;LATINA;23;VERONA;M;11
2023/2024;71;FOGGIA;73;TARANTO;M;14
2023/2024;28;PADOVA;50;PISA;M;34
2023/2024;25;BELLUNO;99;RIMINI;F;6
2024/2025;19;CREMONA;28;PADOVA;F;46
2023/2024;58;ROMA;41;PESARO E URBINO;F;68
2024/2025;89;SIRACUSA;88;RAGUSA;F;50
2024/2025;69;CHIETI;32;TRIESTE;M;9
2023/2024;22;TRENTO;15;MILANO;F;300
2023/2024;22;TRENTO;28;PADOVA;F;599
2024/2025;101;CROTONE;54;PERUGIA;M;46
2023/2024;31;GORIZIA;1;TORINO;F;5
2024/2025;79;CATANZARO;75;LECCE;F;5
2023/2024;27;VENEZIA;99;RIMINI;F;12
2024/2025;20;MANTOVA;20;MANTOVA;F;149
2023/2024;7;AOSTA;28;PADOVA;M;9
2024/2025;76;POTENZA;1;TORINO;F;136
2023/2024;42;ANCONA;68;PESCARA;F;10
2023/2024;40;FORLI'-CESENA;34;PARMA;F;50
2024/2025;19;CREMONA;97;LECCO;F;5
2023/2024;73;TARANTO;37;BOLOGNA;M;195
2023/2024;63;NAPOLI;43;MACERATA;M;48
2024/2025;76;POTENZA;65;SALERNO;F;528
2023/2024;8;IMPERIA;50;PISA;M;23
2024/2025;999;PROVINCIA NON DEFINITA;78;COSENZA;F;85
2023/2024;998;PROVINCIA ESTERA;2;VERCELLI;F;111
2024/2025;7;AOSTA;10;GENOVA;F;26
2024/2025;54;PERUGIA;1;TORINO;F;102
2024/2025;108;MONZA E BRIANZA;58;ROMA;F;69
2023/2024;73;TARANTO;71;FOGGIA;F;45
2024/2025;57;RIETI;67;TERAMO;F;15
2023/2024;87;CATANIA;28;PADOVA;M;99
2024/2025;15;MILANO;63;NAPOLI;F;42
2024/2025;76;POTENZA;15;MILANO;M;73
2023/2024;7;AOSTA;1;TORINO;M;381
2024/2025;15;MILANO;26;TREVISO;M;6
2024/2025;91;NUORO;18;PAVIA;F;29
2023/2024;49;LIVORNO;32;TRIESTE;F;9
2023/2024;85;CALTANISSETTA;3;NOVARA;F;15
2023/2024;2;VERCELLI;33;PIACENZA;F;5
2023/2024;108;MONZA E BRIANZA;3;NOVARA;M;16
2024/2025;109;FERMO;40;FORLI'-CESENA;F;24
2023/2024;111;SUD SARDEGNA;37;BOLOGNA;M;40
2024/2025;101;CROTONE;75;LECCE;F;5
2023/2024;64;AVELLINO;68;PESCARA;M;24
2024/2025;63;NAPOLI;1;TORINO;M;122
2024/2025;4;CUNEO;38;FERRARA;M;5
2024/2025;87;CATANIA;89;SIRACUSA;F;242
2024/2025;25;BELLUNO;21;BOLZANO;F;11
2024/2025;98;LODI;27;VENEZIA;F;10
2024/2025;13;COMO;1;TORINO;F;71
2023/2024;15;MILANO;4;CUNEO;M;17
2023/2024;22;TRENTO;32;TRIESTE;F;38
2024/2025;998;PROVINCIA ESTERA;1;TORINO;F;1707
2024/2025;82;PALERMO;82;PALERMO;F;15022
2024/2025;61;CASERTA;59;LATINA;F;85
2023/2024;58;ROMA;21;BOLZANO;M;22
2024/2025;102;VIBO VALENTIA;54;PERUGIA;M;18
2023/2024;22;TRENTO;22;TRENTO;F;2928
2023/2024;108;MONZA E BRIANZA;15;MILANO;M;1767
2024/2025;84;AGRIGENTO;22;TRENTO;M;8
2024/2025;11;LA SPEZIA;34;PARMA;F;184
2023/2024;1;TORINO;43;MACERATA;F;12
2023/2024;26;TREVISO;17;BRESCIA;F;10
2024/2025;90;SASSARI;37;BOLOGNA;F;141
2023/2024;74;BRINDISI;10;GENOVA;M;8
2023/2024;24;VICENZA;90;SASSARI;F;5
2023/2024;26;TREVISO;24;VICENZA;F;107
2024/2025;80;REGGIO CALABRIA;59;LATINA;F;9
2024/2025;110;BARLETTA - ANDRIA - TRANI;72;BARI;M;853
2024/2025;66;L'AQUILA;43;MACERATA;F;27
2023/2024;999;PROVINCIA NON DEFINITA;54;PERUGIA;F;69
2023/2024;111;SUD SARDEGNA;90;SASSARI;M;53
2023/2024;18;PAVIA;2;VERCELLI;M;25
2024/2025;998;PROVINCIA ESTERA;43;MACERATA;M;557
2023/2024;77;MATERA;54;PERUGIA;F;132
2023/2024;101;CROTONE;15;MILANO;M;113
2024/2025;38;FERRARA;48;FIRENZE;M;22
2023/2024;58;ROMA;60;FROSINONE;F;57
2024/2025;76;POTENZA;76;POTENZA;M;1359
2024/2025;6;ALESSANDRIA;68;PESCARA;M;9
2023/2024;57;RIETI;41;PESARO E URBINO;M;5
2023/2024;32;TRIESTE;66;L'AQUILA;M;7
2024/2025;3;NOVARA;18;PAVIA;M;111
2024/2025;19;CREMONA;15;MILANO;F;1403
2024/2025;103;VERBANO CUSIO OSSOLA;1;TORINO;M;60
2024/2025;75;LECCE;41;PESARO E URBINO;M;96
2023/2024;63;NAPOLI;39;RAVENNA;M;10
2024/2025;108;MONZA E BRIANZA;15;MILANO;F;816
2023/2024;99;RIMINI;58;ROMA;M;45
2023/2024;29;ROVIGO;35;REGGIO EMILIA;F;7
2023/2024;83;MESSINA;35;REGGIO EMILIA;F;18
2024/2025;92;CAGLIARI;36;MODENA;F;13
2023/2024;26;TREVISO;22;TRENTO;F;336
2023/2024;75;LECCE;36;MODENA;M;118
2024/2025;63;NAPOLI;52;SIENA;F;84
2023/2024;18;PAVIA;48;FIRENZE;M;7
2023/2024;15;MILANO;70;CAMPOBASSO;F;5
2024/2025;64;AVELLINO;71;FOGGIA;F;67
2023/2024;17;BRESCIA;7;AOSTA;F;5
2023/2024;58;ROMA;26;TREVISO;M;6
2024/2025;23;VERONA;11;LA SPEZIA;M;8
2023/2024;61;CASERTA;55;TERNI;F;8
2023/2024;21;BOLZANO;90;SASSARI;M;5
2023/2024;110;BARLETTA - ANDRIA - TRANI;110;BARLETTA - ANDRIA - TRANI;F;171
2023/2024;998;PROVINCIA ESTERA;72;BARI;M;37
2024/2025;69;CHIETI;48;FIRENZE;M;43
2023/2024;30;UDINE;32;TRIESTE;F;1455
2023/2024;94;ISERNIA;37;BOLOGNA;M;25
2024/2025;72;BARI;12;VARESE;M;5
2023/2024;82;PALERMO;15;MILANO;M;293
2023/2024;57;RIETI;1;TORINO;F;17
2023/2024;30;UDINE;69;CHIETI;F;11
2024/2025;15;MILANO;55;TERNI;F;11
2024/2025;81;TRAPANI;23;VERONA;M;19
2024/2025;43;MACERATA;32;TRIESTE;F;12
2024/2025;85;CALTANISSETTA;22;TRENTO;F;18
2024/2025;93;PORDENONE;24;VICENZA;M;23
2023/2024;66;L'AQUILA;55;TERNI;F;5
2023/2024;999;PROVINCIA NON DEFINITA;61;CASERTA;M;53
2023/2024;89;SIRACUSA;87;CATANIA;F;2330
2024/2025;69;CHIETI;109;FERMO;M;44
2024/2025;44;ASCOLI PICENO;67;TERAMO;F;141
2023/2024;85;CALTANISSETTA;60;FROSINONE;F;8
2023/2024;85;CALTANISSETTA;36;MODENA;M;29
2024/2025;99;RIMINI;23;VERONA;F;8
2024/2025;89;SIRACUSA;17;BRESCIA;F;5
2023/2024;68;PESCARA;18;PAVIA;M;20
2023/2024;13;COMO;50;PISA;F;14
2023/2024;85;CALTANISSETTA;27;VENEZIA;F;19
2024/2025;101;CROTONE;66;L'AQUILA;M;6
2024/2025;36;MODENA;21;BOLZANO;M;8
2024/2025;51;AREZZO;36;MODENA;M;19
2024/2025;6;ALESSANDRIA;1;TORINO;F;209
2023/2024;86;ENNA;34;PARMA;M;11
2023/2024;73;TARANTO;1;TORINO;F;78
2023/2024;67;TERAMO;34;PARMA;M;45
2024/2025;78;COSENZA;67;TERAMO;F;7
2023/2024;14;SONDRIO;52;SIENA;F;12
2023/2024;55;TERNI;69;CHIETI;F;10
2024/2025;72;BARI;54;PERUGIA;F;72
2024/2025;100;PRATO;99;RIMINI;F;6
2024/2025;9;SAVONA;1;TORINO;F;425
2024/2025;43;MACERATA;15;MILANO;F;142
2024/2025;70;CAMPOBASSO;36;MODENA;M;49
2024/2025;75;LECCE;12;VARESE;F;14
2023/2024;13;COMO;16;BERGAMO;M;58
2024/2025;88;RAGUSA;30;UDINE;F;9
2024/2025;21;BOLZANO;22;TRENTO;M;334
2024/2025;54;PERUGIA;32;TRIESTE;M;13
2024/2025;95;ORISTANO;27;VENEZIA;M;5
2023/2024;45;MASSA CARRARA;35;REGGIO EMILIA;M;8
2023/2024;35;REGGIO EMILIA;22;TRENTO;F;50
2023/2024;109;FERMO;68;PESCARA;F;12
2024/2025;86;ENNA;83;MESSINA;M;108
2024/2025;96;BIELLA;34;PARMA;M;8
2023/2024;34;PARMA;27;VENEZIA;M;19
2023/2024;32;TRIESTE;18;PAVIA;F;5
2023/2024;94;ISERNIA;67;TERAMO;F;9
2024/2025;17;BRESCIA;40;FORLI'-CESENA;F;27
2023/2024;83;MESSINA;17;BRESCIA;M;7
2024/2025;60;FROSINONE;94;ISERNIA;F;67
2024/2025;7;AOSTA;37;BOLOGNA;F;51
2023/2024;10;GENOVA;34;PARMA;F;38
2023/2024;90;SASSARI;39;RAVENNA;M;6
2023/2024;28;PADOVA;59;LATINA;F;11
2024/2025;56;VITERBO;48;FIRENZE;F;84
2023/2024;64;AVELLINO;18;PAVIA;M;10
2024/2025;72;BARI;72;BARI;F;13571
2023/2024;48;FIRENZE;16;BERGAMO;M;8
2024/2025;20;MANTOVA;19;CREMONA;M;16
2023/2024;35;REGGIO EMILIA;40;FORLI'-CESENA;F;92
2023/2024;35;REGGIO EMILIA;18;PAVIA;F;19
2023/2024;62;BENEVENTO;12;VARESE;F;7
2024/2025;63;NAPOLI;42;ANCONA;M;17
2023/2024;999;PROVINCIA NON DEFINITA;12;VARESE;M;77
2023/2024;15;MILANO;3;NOVARA;M;502
2023/2024;13;COMO;98;LODI;F;18
2023/2024;58;ROMA;66;L'AQUILA;F;418
2023/2024;48;FIRENZE;1;TORINO;M;50
2023/2024;62;BENEVENTO;43;MACERATA;M;17
2023/2024;49;LIVORNO;48;FIRENZE;M;285
2023/2024;84;AGRIGENTO;69;CHIETI;F;14
2023/2024;19;CREMONA;38;FERRARA;M;9
2024/2025;69;CHIETI;21;BOLZANO;F;5
2024/2025;30;UDINE;22;TRENTO;M;60
2024/2025;53;GROSSETO;54;PERUGIA;F;95
2023/2024;94;ISERNIA;42;ANCONA;F;7
2024/2025;2;VERCELLI;15;MILANO;M;33
2023/2024;53;GROSSETO;58;ROMA;M;167
2024/2025;23;VERONA;21;BOLZANO;M;23
2023/2024;88;RAGUSA;30;UDINE;F;9
2023/2024;998;PROVINCIA ESTERA;20;MANTOVA;F;12
2023/2024;7;AOSTA;23;VERONA;F;6
2023/2024;17;BRESCIA;55;TERNI;F;5
2023/2024;110;BARLETTA - ANDRIA - TRANI;72;BARI;F;281
2023/2024;73;TARANTO;10;GENOVA;M;13
2024/2025;28;PADOVA;21;BOLZANO;F;12
2024/2025;25;BELLUNO;36;MODENA;M;15
2023/2024;6;ALESSANDRIA;10;GENOVA;M;572
2023/2024;74;BRINDISI;3;NOVARA;F;6
2024/2025;102;VIBO VALENTIA;108;MONZA E BRIANZA;F;5
2023/2024;85;CALTANISSETTA;89;SIRACUSA;M;6
2024/2025;52;SIENA;27;VENEZIA;M;11
2023/2024;79;CATANZARO;32;TRIESTE;F;9
2023/2024;75;LECCE;72;BARI;F;532
2024/2025;88;RAGUSA;82;PALERMO;F;136
2023/2024;38;FERRARA;23;VERONA;F;58
2023/2024;28;PADOVA;34;PARMA;M;20
2023/2024;10;GENOVA;37;BOLOGNA;F;129
2024/2025;82;PALERMO;50;PISA;F;80
2023/2024;102;VIBO VALENTIA;48;FIRENZE;F;61
2024/2025;29;ROVIGO;1;TORINO;M;5
2023/2024;38;FERRARA;27;VENEZIA;F;84
2023/2024;64;AVELLINO;32;TRIESTE;M;5
2023/2024;31;GORIZIA;58;ROMA;F;18
2024/2025;62;BENEVENTO;16;BERGAMO;M;7
2023/2024;82;PALERMO;54;PERUGIA;F;31
2024/2025;46;LUCCA;34;PARMA;F;21
2023/2024;78;COSENZA;66;L'AQUILA;F;39
2023/2024;21;BOLZANO;1;TORINO;M;18
2024/2025;35;REGGIO EMILIA;20;MANTOVA;F;19
2023/2024;1;TORINO;56;VITERBO;M;10
2024/2025;51;AREZZO;15;MILANO;M;85
2023/2024;47;PISTOIA;23;VERONA;F;5
2024/2025;52;SIENA;1;TORINO;F;41
2023/2024;72;BARI;61;CASERTA;M;22
2024/2025;73;TARANTO;108;MONZA E BRIANZA;F;5
2024/2025;75;LECCE;108;MONZA E BRIANZA;F;8
2023/2024;41;PESARO E URBINO;23;VERONA;F;31
2024/2025;8;IMPERIA;10;GENOVA;F;756
2024/2025;78;COSENZA;54;PERUGIA;M;142
2024/2025;25;BELLUNO;54;PERUGIA;F;9
2023/2024;12;VARESE;13;COMO;F;301
2024/2025;95;ORISTANO;18;PAVIA;M;6
2023/2024;53;GROSSETO;63;NAPOLI;M;12
2023/2024;13;COMO;12;VARESE;M;678
2023/2024;97;LECCO;50;PISA;M;7
2023/2024;23;VERONA;50;PISA;F;24
2023/2024;108;MONZA E BRIANZA;41;PESARO E URBINO;F;10
2024/2025;66;L'AQUILA;69;CHIETI;M;168
2023/2024;85;CALTANISSETTA;90;SASSARI;F;5
2023/2024;84;AGRIGENTO;63;NAPOLI;F;23
2023/2024;100;PRATO;58;ROMA;F;55
2024/2025;51;AREZZO;55;TERNI;M;16
2024/2025;90;SASSARI;66;L'AQUILA;F;7
2023/2024;70;CAMPOBASSO;34;PARMA;F;93
2023/2024;9;SAVONA;4;CUNEO;F;22
2024/2025;88;RAGUSA;29;ROVIGO;M;6
2024/2025;85;CALTANISSETTA;1;TORINO;F;110
2023/2024;84;AGRIGENTO;87;CATANIA;M;317
2023/2024;47;PISTOIA;48;FIRENZE;M;2053
2023/2024;998;PROVINCIA ESTERA;34;PARMA;F;780
2023/2024;23;VERONA;38;FERRARA;F;576
2024/2025;108;MONZA E BRIANZA;28;PADOVA;F;61
2023/2024;26;TREVISO;92;CAGLIARI;F;5
2023/2024;87;CATANIA;63;NAPOLI;F;43
2024/2025;109;FERMO;40;FORLI'-CESENA;M;20
2023/2024;108;MONZA E BRIANZA;52;SIENA;M;6
2024/2025;92;CAGLIARI;48;FIRENZE;F;55
2023/2024;23;VERONA;29;ROVIGO;F;43
2024/2025;84;AGRIGENTO;83;MESSINA;F;315
2023/2024;12;VARESE;34;PARMA;F;61
2023/2024;23;VERONA;42;ANCONA;F;17
2024/2025;108;MONZA E BRIANZA;58;ROMA;M;33
2023/2024;23;VERONA;49;LIVORNO;M;5
2023/2024;1;TORINO;12;VARESE;F;12
2023/2024;999;PROVINCIA NON DEFINITA;28;PADOVA;M;112
2024/2025;19;CREMONA;97;LECCO;M;11
2024/2025;5;ASTI;15;MILANO;M;34
2023/2024;24;VICENZA;52;SIENA;M;11
2023/2024;998;PROVINCIA ESTERA;8;IMPERIA;F;8
2023/2024;99;RIMINI;38;FERRARA;F;144
2024/2025;108;MONZA E BRIANZA;18;PAVIA;F;157
2023/2024;22;TRENTO;40;FORLI'-CESENA;F;40
2023/2024;20;MANTOVA;37;BOLOGNA;F;330
2023/2024;23;VERONA;21;BOLZANO;M;23
2023/2024;7;AOSTA;1;TORINO;F;579
2023/2024;85;CALTANISSETTA;3;NOVARA;M;17
2024/2025;73;TARANTO;70;CAMPOBASSO;M;15
2023/2024;110;BARLETTA - ANDRIA - TRANI;110;BARLETTA - ANDRIA - TRANI;M;95
2023/2024;64;AVELLINO;79;CATANZARO;M;5
2024/2025;71;FOGGIA;15;MILANO;F;390
2024/2025;110;BARLETTA - ANDRIA - TRANI;74;BRINDISI;M;5
2024/2025;68;PESCARA;36;MODENA;M;81
2024/2025;52;SIENA;56;VITERBO;F;5
2024/2025;83;MESSINA;87;CATANIA;M;292
2023/2024;58;ROMA;94;ISERNIA;F;10
2023/2024;102;VIBO VALENTIA;10;GENOVA;M;6
2023/2024;95;ORISTANO;32;TRIESTE;F;11
2023/2024;15;MILANO;67;TERAMO;F;11
2023/2024;46;LUCCA;27;VENEZIA;F;32
2023/2024;998;PROVINCIA ESTERA;26;TREVISO;F;98
2024/2025;63;NAPOLI;23;VERONA;M;34
2024/2025;39;RAVENNA;18;PAVIA;F;10
2024/2025;58;ROMA;31;GORIZIA;M;7
2023/2024;64;AVELLINO;68;PESCARA;F;49
2023/2024;75;LECCE;1;TORINO;M;335
2023/2024;31;GORIZIA;23;VERONA;F;9
2024/2025;72;BARI;75;LECCE;M;108
2023/2024;27;VENEZIA;59;LATINA;F;8
2023/2024;58;ROMA;2;VERCELLI;M;6
2023/2024;26;TREVISO;17;BRESCIA;M;7
2024/2025;13;COMO;27;VENEZIA;M;10
2023/2024;17;BRESCIA;16;BERGAMO;M;387
2024/2025;45;MASSA CARRARA;15;MILANO;F;89
2023/2024;72;BARI;79;CATANZARO;M;22
2024/2025;90;SASSARI;1;TORINO;F;67
2023/2024;999;PROVINCIA NON DEFINITA;63;NAPOLI;M;1601
2023/2024;71;FOGGIA;62;BENEVENTO;F;23
2024/2025;22;TRENTO;1;TORINO;M;36
2024/2025;24;VICENZA;43;MACERATA;F;6
2023/2024;50;PISA;43;MACERATA;F;5
2024/2025;68;PESCARA;40;FORLI'-CESENA;F;50
2023/2024;87;CATANIA;3;NOVARA;F;5
2024/2025;29;ROVIGO;15;MILANO;F;50
2024/2025;11;LA SPEZIA;49;LIVORNO;F;9
2023/2024;98;LODI;1;TORINO;M;9
2024/2025;52;SIENA;22;TRENTO;M;14
2024/2025;59;LATINA;90;SASSARI;F;5
2023/2024;94;ISERNIA;15;MILANO;M;13
2024/2025;12;VARESE;15;MILANO;F;749
2023/2024;58;ROMA;50;PISA;M;181
2024/2025;22;TRENTO;41;PESARO E URBINO;M;9
2024/2025;101;CROTONE;42;ANCONA;F;5
2023/2024;59;LATINA;48;FIRENZE;M;58
2023/2024;108;MONZA E BRIANZA;17;BRESCIA;M;32
2024/2025;79;CATANZARO;67;TERAMO;M;5
2023/2024;21;BOLZANO;52;SIENA;F;15
2023/2024;14;SONDRIO;13;COMO;F;13
2023/2024;6;ALESSANDRIA;2;VERCELLI;M;92
2024/2025;73;TARANTO;40;FORLI'-CESENA;M;16
2023/2024;103;VERBANO CUSIO OSSOLA;48;FIRENZE;M;6
2023/2024;40;FORLI'-CESENA;28;PADOVA;F;69
2023/2024;89;SIRACUSA;85;CALTANISSETTA;F;5
2024/2025;12;VARESE;23;VERONA;F;13
2023/2024;1;TORINO;82;PALERMO;M;10
2024/2025;22;TRENTO;40;FORLI'-CESENA;F;39
2024/2025;55;TERNI;63;NAPOLI;F;16
2023/2024;42;ANCONA;26;TREVISO;F;5
2024/2025;13;COMO;98;LODI;F;23
2023/2024;93;PORDENONE;1;TORINO;F;32
2023/2024;99;RIMINI;33;PIACENZA;F;8
2023/2024;81;TRAPANI;16;BERGAMO;M;10
2023/2024;21;BOLZANO;10;GENOVA;F;11
2023/2024;18;PAVIA;90;SASSARI;F;7
2023/2024;28;PADOVA;52;SIENA;F;21
2024/2025;109;FERMO;66;L'AQUILA;M;32
2024/2025;102;VIBO VALENTIA;80;REGGIO CALABRIA;M;72
2024/2025;82;PALERMO;52;SIENA;F;41
2024/2025;18;PAVIA;2;VERCELLI;F;24
2023/2024;14;SONDRIO;17;BRESCIA;M;17
2023/2024;39;RAVENNA;32;TRIESTE;F;13
2023/2024;87;CATANIA;87;CATANIA;M;9730
2024/2025;44;ASCOLI PICENO;63;NAPOLI;F;13
2023/2024;77;MATERA;33;PIACENZA;F;6
2023/2024;49;LIVORNO;10;GENOVA;F;10
2023/2024;30;UDINE;23;VERONA;F;77
2023/2024;33;PIACENZA;54;PERUGIA;F;9
2023/2024;70;CAMPOBASSO;40;FORLI'-CESENA;F;17
2023/2024;42;ANCONA;83;MESSINA;M;7
2023/2024;42;ANCONA;34;PARMA;F;53
2024/2025;110;BARLETTA - ANDRIA - TRANI;32;TRIESTE;F;15
2024/2025;77;MATERA;1;TORINO;F;35
2024/2025;25;BELLUNO;25;BELLUNO;M;25
2023/2024;68;PESCARA;18;PAVIA;F;32
2023/2024;36;MODENA;42;ANCONA;F;30
2023/2024;92;CAGLIARI;1;TORINO;F;132
2023/2024;17;BRESCIA;3;NOVARA;F;20
2023/2024;72;BARI;48;FIRENZE;F;113
2023/2024;37;BOLOGNA;35;REGGIO EMILIA;M;98
2023/2024;109;FERMO;43;MACERATA;F;799
2024/2025;64;AVELLINO;34;PARMA;M;26
2023/2024;91;NUORO;92;CAGLIARI;M;1043
2023/2024;35;REGGIO EMILIA;28;PADOVA;F;91
2024/2025;3;NOVARA;58;ROMA;F;45
2024/2025;15;MILANO;15;MILANO;F;27017
2024/2025;10;GENOVA;28;PADOVA;M;28
2023/2024;7;AOSTA;3;NOVARA;F;18
2024/2025;63;NAPOLI;82;PALERMO;F;16
2023/2024;24;VICENZA;15;MILANO;M;204
2024/2025;95;ORISTANO;63;NAPOLI;M;7
2023/2024;20;MANTOVA;36;MODENA;M;303
2023/2024;60;FROSINONE;67;TERAMO;M;15
2023/2024;74;BRINDISI;1;TORINO;F;153
2024/2025;48;FIRENZE;99;RIMINI;F;10
2024/2025;998;PROVINCIA ESTERA;32;TRIESTE;M;611
2024/2025;63;NAPOLI;27;VENEZIA;F;76
2024/2025;80;REGGIO CALABRIA;67;TERAMO;M;6
2024/2025;16;BERGAMO;12;VARESE;F;29
2023/2024;52;SIENA;21;BOLZANO;F;5
2023/2024;64;AVELLINO;64;AVELLINO;F;211
2024/2025;75;LECCE;42;ANCONA;M;32
2024/2025;11;LA SPEZIA;33;PIACENZA;F;7
2023/2024;88;RAGUSA;50;PISA;F;228
2023/2024;82;PALERMO;63;NAPOLI;M;28
2024/2025;30;UDINE;42;ANCONA;F;7
2023/2024;22;TRENTO;38;FERRARA;F;319
2023/2024;59;LATINA;15;MILANO;F;106
2023/2024;38;FERRARA;30;UDINE;F;8
2023/2024;80;REGGIO CALABRIA;22;TRENTO;F;23
2023/2024;47;PISTOIA;58;ROMA;F;78
2024/2025;20;MANTOVA;33;PIACENZA;M;8
2024/2025;64;AVELLINO;72;BARI;M;27
2024/2025;51;AREZZO;90;SASSARI;F;5
2023/2024;101;CROTONE;38;FERRARA;M;38
2023/2024;63;NAPOLI;19;CREMONA;F;5
2024/2025;24;VICENZA;24;VICENZA;M;1345
2023/2024;33;PIACENZA;50;PISA;F;12
2023/2024;25;BELLUNO;1;TORINO;F;21
2024/2025;62;BENEVENTO;66;L'AQUILA;F;43
2024/2025;63;NAPOLI;79;CATANZARO;F;73
2023/2024;18;PAVIA;27;VENEZIA;F;34
2023/2024;54;PERUGIA;1;TORINO;F;59
2023/2024;60;FROSINONE;56;VITERBO;F;67
2024/2025;54;PERUGIA;40;FORLI'-CESENA;M;44
2024/2025;17;BRESCIA;41;PESARO E URBINO;M;10
2024/2025;24;VICENZA;39;RAVENNA;M;6
2024/2025;26;TREVISO;40;FORLI'-CESENA;M;32
2023/2024;75;LECCE;66;L'AQUILA;F;75
2024/2025;69;CHIETI;97;LECCO;M;8
2024/2025;98;LODI;22;TRENTO;F;5
2023/2024;14;SONDRIO;28;PADOVA;M;13
2024/2025;100;PRATO;40;FORLI'-CESENA;M;8
2024/2025;50;PISA;58;ROMA;F;93
2023/2024;61;CASERTA;27;VENEZIA;M;10
2024/2025;95;ORISTANO;32;TRIESTE;F;10
2024/2025;75;LECCE;17;BRESCIA;F;11
2024/2025;62;BENEVENTO;27;VENEZIA;F;12
2023/2024;16;BERGAMO;1;TORINO;M;55
2024/2025;25;BELLUNO;10;GENOVA;F;5
2023/2024;88;RAGUSA;86;ENNA;F;211
2024/2025;79;CATANZARO;48;FIRENZE;M;74
2023/2024;101;CROTONE;48;FIRENZE;M;64
2024/2025;26;TREVISO;99;RIMINI;F;20
2024/2025;62;BENEVENTO;79;CATANZARO;F;8
2023/2024;70;CAMPOBASSO;66;L'AQUILA;M;37
2024/2025;84;AGRIGENTO;27;VENEZIA;M;11
2024/2025;76;POTENZA;48;FIRENZE;M;121
2024/2025;66;L'AQUILA;48;FIRENZE;M;26
2023/2024;82;PALERMO;85;CALTANISSETTA;F;166
2024/2025;97;LECCO;28;PADOVA;F;39
2023/2024;69;CHIETI;71;FOGGIA;F;7
2024/2025;28;PADOVA;58;ROMA;M;82
2024/2025;27;VENEZIA;38;FERRARA;M;357
2023/2024;72;BARI;37;BOLOGNA;F;330
2023/2024;28;PADOVA;82;PALERMO;F;5
2023/2024;80;REGGIO CALABRIA;40;FORLI'-CESENA;F;28
2023/2024;17;BRESCIA;28;PADOVA;M;401
2023/2024;15;MILANO;97;LECCO;F;41
2024/2025;77;MATERA;52;SIENA;F;116
2024/2025;1;TORINO;59;LATINA;F;10
2024/2025;28;PADOVA;16;BERGAMO;F;6
2024/2025;30;UDINE;58;ROMA;M;70
2024/2025;109;FERMO;41;PESARO E URBINO;F;147
2023/2024;49;LIVORNO;52;SIENA;M;54
2023/2024;10;GENOVA;18;PAVIA;F;144
2024/2025;96;BIELLA;10;GENOVA;F;20
2024/2025;43;MACERATA;48;FIRENZE;M;37
2023/2024;14;SONDRIO;37;BOLOGNA;F;49
2024/2025;3;NOVARA;38;FERRARA;M;7
2024/2025;82;PALERMO;15;MILANO;M;90
2023/2024;75;LECCE;12;VARESE;F;17
2023/2024;75;LECCE;22;TRENTO;F;74
2024/2025;80;REGGIO CALABRIA;16;BERGAMO;M;20
2023/2024;76;POTENZA;6;ALESSANDRIA;F;6
2024/2025;25;BELLUNO;37;BOLOGNA;F;138
2024/2025;102;VIBO VALENTIA;69;CHIETI;F;5
2023/2024;28;PADOVA;54;PERUGIA;M;5
2023/2024;12;VARESE;10;GENOVA;F;46
2024/2025;67;TERAMO;52;SIENA;M;12
2023/2024;91;NUORO;18;PAVIA;M;26
2024/2025;85;CALTANISSETTA;40;FORLI'-CESENA;F;11
2023/2024;75;LECCE;68;PESCARA;M;31
2023/2024;62;BENEVENTO;12;VARESE;M;7
2023/2024;14;SONDRIO;18;PAVIA;F;246
2024/2025;74;BRINDISI;33;PIACENZA;M;9
2024/2025;52;SIENA;18;PAVIA;F;12
2023/2024;17;BRESCIA;40;FORLI'-CESENA;F;34
2023/2024;101;CROTONE;83;MESSINA;F;22
2023/2024;999;PROVINCIA NON DEFINITA;99;RIMINI;M;86
2024/2025;27;VENEZIA;48;FIRENZE;M;38
2024/2025;109;FERMO;42;ANCONA;M;538
2023/2024;67;TERAMO;37;BOLOGNA;M;209
2024/2025;89;SIRACUSA;16;BERGAMO;F;10
2024/2025;100;PRATO;38;FERRARA;F;13
2023/2024;13;COMO;30;UDINE;F;7
2023/2024;88;RAGUSA;63;NAPOLI;F;17
2024/2025;55;TERNI;66;L'AQUILA;M;31
2023/2024;57;RIETI;43;MACERATA;F;17
2023/2024;92;CAGLIARI;90;SASSARI;F;180
2024/2025;14;SONDRIO;36;MODENA;M;5
2023/2024;102;VIBO VALENTIA;87;CATANIA;F;5
2023/2024;25;BELLUNO;31;GORIZIA;F;18
2023/2024;81;TRAPANI;48;FIRENZE;F;82
2024/2025;89;SIRACUSA;58;ROMA;M;230
2023/2024;54;PERUGIA;54;PERUGIA;M;5751
2024/2025;24;VICENZA;40;FORLI'-CESENA;F;40
2024/2025;82;PALERMO;17;BRESCIA;F;9
2024/2025;39;RAVENNA;42;ANCONA;F;26
2023/2024;79;CATANZARO;50;PISA;F;129
2023/2024;79;CATANZARO;36;MODENA;F;21
2024/2025;89;SIRACUSA;86;ENNA;F;365
2023/2024;55;TERNI;66;L'AQUILA;M;28
2024/2025;14;SONDRIO;23;VERONA;M;6
2024/2025;43;MACERATA;66;L'AQUILA;M;24
2024/2025;26;TREVISO;97;LECCO;F;5
2023/2024;998;PROVINCIA ESTERA;93;PORDENONE;F;24
2023/2024;33;PIACENZA;33;PIACENZA;F;679
2023/2024;80;REGGIO CALABRIA;27;VENEZIA;M;12
2023/2024;68;PESCARA;70;CAMPOBASSO;F;15
2023/2024;84;AGRIGENTO;79;CATANZARO;M;8
2023/2024;39;RAVENNA;10;GENOVA;F;7
2024/2025;81;TRAPANI;72;BARI;M;14
2023/2024;53;GROSSETO;15;MILANO;F;18
2023/2024;15;MILANO;4;CUNEO;F;9
2023/2024;62;BENEVENTO;70;CAMPOBASSO;F;519
2023/2024;76;POTENZA;79;CATANZARO;F;17
2023/2024;87;CATANIA;90;SASSARI;M;6
2023/2024;54;PERUGIA;41;PESARO E URBINO;F;181
2023/2024;80;REGGIO CALABRIA;17;BRESCIA;F;13
2024/2025;90;SASSARI;54;PERUGIA;F;65
2024/2025;73;TARANTO;37;BOLOGNA;M;178
2023/2024;81;TRAPANI;85;CALTANISSETTA;M;14
2024/2025;35;REGGIO EMILIA;1;TORINO;M;16
2023/2024;69;CHIETI;41;PESARO E URBINO;M;33
2024/2025;998;PROVINCIA ESTERA;56;VITERBO;M;312
2024/2025;76;POTENZA;65;SALERNO;M;343
2024/2025;9;SAVONA;36;MODENA;F;6
2024/2025;72;BARI;44;ASCOLI PICENO;M;10
2024/2025;87;CATANIA;40;FORLI'-CESENA;F;42
2023/2024;2;VERCELLI;1;TORINO;F;62
2023/2024;20;MANTOVA;37;BOLOGNA;M;285
2024/2025;55;TERNI;15;MILANO;F;74
2023/2024;10;GENOVA;11;LA SPEZIA;F;66
2023/2024;109;FERMO;27;VENEZIA;M;7
2023/2024;16;BERGAMO;66;L'AQUILA;M;12
2024/2025;103;VERBANO CUSIO OSSOLA;15;MILANO;M;364
2024/2025;59;LATINA;23;VERONA;F;12
2024/2025;13;COMO;108;MONZA E BRIANZA;F;61
2023/2024;73;TARANTO;66;L'AQUILA;F;43
2023/2024;998;PROVINCIA ESTERA;22;TRENTO;M;337
2023/2024;26;TREVISO;35;REGGIO EMILIA;M;9
2023/2024;88;RAGUSA;15;MILANO;M;63
2024/2025;65;SALERNO;83;MESSINA;F;30
2023/2024;88;RAGUSA;18;PAVIA;F;115
2024/2025;87;CATANIA;18;PAVIA;M;60
2024/2025;18;PAVIA;34;PARMA;M;25
2023/2024;66;L'AQUILA;16;BERGAMO;F;8
2024/2025;88;RAGUSA;6;ALESSANDRIA;F;6
2023/2024;19;CREMONA;15;MILANO;F;191
2023/2024;66;L'AQUILA;15;MILANO;M;51
2023/2024;74;BRINDISI;68;PESCARA;M;10
2023/2024;12;VARESE;108;MONZA E BRIANZA;M;15
2024/2025;92;CAGLIARI;38;FERRARA;F;8
2024/2025;97;LECCO;97;LECCO;M;175
2024/2025;48;FIRENZE;19;CREMONA;M;6
2024/2025;10;GENOVA;92;CAGLIARI;F;6
2023/2024;59;LATINA;66;L'AQUILA;M;83
2023/2024;29;ROVIGO;99;RIMINI;F;7
2024/2025;24;VICENZA;28;PADOVA;F;4658
2024/2025;91;NUORO;63;NAPOLI;M;6
2023/2024;84;AGRIGENTO;86;ENNA;F;564
2024/2025;80;REGGIO CALABRIA;89;SIRACUSA;M;6
2024/2025;101;CROTONE;15;MILANO;M;22
2023/2024;83;MESSINA;43;MACERATA;F;9
2024/2025;76;POTENZA;75;LECCE;M;8
2023/2024;28;PADOVA;50;PISA;F;27
2024/2025;28;PADOVA;26;TREVISO;M;141
2024/2025;72;BARI;22;TRENTO;F;116
2024/2025;32;TRIESTE;27;VENEZIA;F;218
2023/2024;80;REGGIO CALABRIA;23;VERONA;F;12
2024/2025;58;ROMA;1;TORINO;M;160
2023/2024;92;CAGLIARI;34;PARMA;M;15
2023/2024;91;NUORO;50;PISA;M;121
2024/2025;67;TERAMO;41;PESARO E URBINO;F;102
2023/2024;4;CUNEO;35;REGGIO EMILIA;F;5
2023/2024;5;ASTI;3;NOVARA;M;70
2024/2025;98;LODI;18;PAVIA;M;662
2024/2025;65;SALERNO;19;CREMONA;F;6
2024/2025;86;ENNA;15;MILANO;M;17
2023/2024;110;BARLETTA - ANDRIA - TRANI;32;TRIESTE;F;12
2023/2024;87;CATANIA;43;MACERATA;F;19
2024/2025;47;PISTOIA;1;TORINO;M;14
2024/2025;77;MATERA;76;POTENZA;F;228
2023/2024;74;BRINDISI;79;CATANZARO;F;12
2023/2024;2;VERCELLI;50;PISA;M;6
2023/2024;69;CHIETI;83;MESSINA;F;9
2023/2024;89;SIRACUSA;61;CASERTA;F;7
2024/2025;27;VENEZIA;1;TORINO;F;56
2024/2025;27;VENEZIA;27;VENEZIA;F;2779
2023/2024;9;SAVONA;40;FORLI'-CESENA;M;5
2024/2025;14;SONDRIO;14;SONDRIO;F;47
2023/2024;26;TREVISO;48;FIRENZE;F;83
2023/2024;55;TERNI;63;NAPOLI;M;8
2024/2025;109;FERMO;22;TRENTO;F;14
2023/2024;60;FROSINONE;58;ROMA;M;2797
2024/2025;48;FIRENZE;1;TORINO;M;70
2024/2025;9;SAVONA;12;VARESE;M;8
2023/2024;60;FROSINONE;61;CASERTA;M;22
2023/2024;44;ASCOLI PICENO;15;MILANO;M;90
2024/2025;74;BRINDISI;28;PADOVA;M;27
2023/2024;46;LUCCA;51;AREZZO;M;6
2023/2024;77;MATERA;72;BARI;M;582
2023/2024;3;NOVARA;83;MESSINA;F;7
2023/2024;15;MILANO;27;VENEZIA;M;81
2024/2025;84;AGRIGENTO;15;MILANO;M;51
2024/2025;43;MACERATA;63;NAPOLI;F;12
2024/2025;67;TERAMO;44;ASCOLI PICENO;F;92
2024/2025;32;TRIESTE;1;TORINO;F;39
2024/2025;65;SALERNO;58;ROMA;M;1013
2023/2024;32;TRIESTE;38;FERRARA;M;7
2023/2024;74;BRINDISI;54;PERUGIA;F;56
2023/2024;81;TRAPANI;58;ROMA;M;283
2024/2025;999;PROVINCIA NON DEFINITA;97;LECCO;F;11
2024/2025;72;BARI;30;UDINE;F;17
2024/2025;15;MILANO;13;COMO;F;102
2023/2024;36;MODENA;36;MODENA;M;3261
2024/2025;59;LATINA;52;SIENA;M;23
2023/2024;55;TERNI;48;FIRENZE;F;72
2023/2024;86;ENNA;18;PAVIA;M;9
2024/2025;6;ALESSANDRIA;12;VARESE;M;8
2024/2025;50;PISA;32;TRIESTE;F;7
2023/2024;30;UDINE;36;MODENA;M;39
2023/2024;7;AOSTA;50;PISA;F;16
2023/2024;65;SALERNO;12;VARESE;M;25
2023/2024;999;PROVINCIA NON DEFINITA;29;ROVIGO;F;8
2024/2025;56;VITERBO;83;MESSINA;F;5
2023/2024;19;CREMONA;28;PADOVA;M;27
2024/2025;41;PESARO E URBINO;63;NAPOLI;M;10
2023/2024;49;LIVORNO;63;NAPOLI;F;10
2023/2024;73;TARANTO;63;NAPOLI;F;87
2023/2024;999;PROVINCIA NON DEFINITA;68;PESCARA;F;68
2023/2024;65;SALERNO;64;AVELLINO;M;45
2024/2025;999;PROVINCIA NON DEFINITA;36;MODENA;M;5
2023/2024;81;TRAPANI;84;AGRIGENTO;F;27
2024/2025;62;BENEVENTO;94;ISERNIA;F;12
2023/2024;39;RAVENNA;40;FORLI'-CESENA;M;556
2023/2024;6;ALESSANDRIA;6;ALESSANDRIA;F;569
2023/2024;72;BARI;12;VARESE;M;6
2023/2024;29;ROVIGO;15;MILANO;F;11
2023/2024;93;PORDENONE;27;VENEZIA;M;204
2023/2024;21;BOLZANO;15;MILANO;M;78
2023/2024;23;VERONA;99;RIMINI;F;16
2023/2024;10;GENOVA;41;PESARO E URBINO;M;7
2023/2024;77;MATERA;77;MATERA;M;114
2023/2024;82;PALERMO;81;TRAPANI;M;66
2023/2024;92;CAGLIARI;50;PISA;F;56
2024/2025;63;NAPOLI;3;NOVARA;F;16
2024/2025;15;MILANO;19;CREMONA;F;15
2024/2025;11;LA SPEZIA;27;VENEZIA;F;16
2023/2024;85;CALTANISSETTA;30;UDINE;F;5
2023/2024;95;ORISTANO;95;ORISTANO;M;18
2024/2025;16;BERGAMO;38;FERRARA;M;27
2023/2024;1;TORINO;16;BERGAMO;F;18
2024/2025;999;PROVINCIA NON DEFINITA;108;MONZA E BRIANZA;F;37
2023/2024;73;TARANTO;16;BERGAMO;M;14
2024/2025;82;PALERMO;66;L'AQUILA;M;75
2024/2025;13;COMO;40;FORLI'-CESENA;F;6
2023/2024;63;NAPOLI;58;ROMA;M;1445
2024/2025;83;MESSINA;58;ROMA;M;293
2023/2024;75;LECCE;83;MESSINA;F;27
2023/2024;97;LECCO;18;PAVIA;F;86
2023/2024;95;ORISTANO;41;PESARO E URBINO;F;14
2024/2025;71;FOGGIA;44;ASCOLI PICENO;M;10
2024/2025;81;TRAPANI;52;SIENA;M;36
2024/2025;92;CAGLIARI;28;PADOVA;F;95
2024/2025;38;FERRARA;15;MILANO;F;28
2023/2024;84;AGRIGENTO;81;TRAPANI;F;8
2024/2025;93;PORDENONE;54;PERUGIA;M;6
2024/2025;2;VERCELLI;4;CUNEO;F;9
2024/2025;67;TERAMO;22;TRENTO;F;8
2024/2025;98;LODI;16;BERGAMO;M;13
2023/2024;72;BARI;63;NAPOLI;M;68
2024/2025;78;COSENZA;35;REGGIO EMILIA;M;15
2023/2024;89;SIRACUSA;32;TRIESTE;F;28
2023/2024;108;MONZA E BRIANZA;23;VERONA;F;9
2024/2025;59;LATINA;15;MILANO;F;38
2024/2025;12;VARESE;55;TERNI;F;7
2023/2024;21;BOLZANO;16;BERGAMO;F;12
2024/2025;84;AGRIGENTO;50;PISA;M;139
2023/2024;109;FERMO;40;FORLI'-CESENA;F;32
2024/2025;16;BERGAMO;41;PESARO E URBINO;F;27
2024/2025;32;TRIESTE;23;VERONA;M;6
2023/2024;39;RAVENNA;41;PESARO E URBINO;F;158
2024/2025;58;ROMA;69;CHIETI;F;108
2023/2024;22;TRENTO;34;PARMA;M;51
2024/2025;65;SALERNO;76;POTENZA;F;213
2023/2024;65;SALERNO;78;COSENZA;F;22
2023/2024;80;REGGIO CALABRIA;79;CATANZARO;F;683
2023/2024;78;COSENZA;99;RIMINI;F;6
2023/2024;53;GROSSETO;1;TORINO;M;7
2024/2025;14;SONDRIO;48;FIRENZE;F;13
2023/2024;55;TERNI;58;ROMA;M;672
2023/2024;62;BENEVENTO;15;MILANO;F;126
2023/2024;110;BARLETTA - ANDRIA - TRANI;16;BERGAMO;M;5
2023/2024;998;PROVINCIA ESTERA;92;CAGLIARI;F;112
2023/2024;60;FROSINONE;52;SIENA;F;106
2024/2025;23;VERONA;17;BRESCIA;M;175
2024/2025;45;MASSA CARRARA;58;ROMA;M;26
2024/2025;81;TRAPANI;12;VARESE;F;5
2024/2025;2;VERCELLI;34;PARMA;M;5
2024/2025;78;COSENZA;59;LATINA;M;8
2023/2024;102;VIBO VALENTIA;15;MILANO;F;8
2024/2025;59;LATINA;57;RIETI;M;5
2023/2024;54;PERUGIA;18;PAVIA;M;15
2023/2024;90;SASSARI;15;MILANO;M;121
2023/2024;53;GROSSETO;40;FORLI'-CESENA;M;5
2024/2025;998;PROVINCIA ESTERA;71;FOGGIA;F;54
2023/2024;40;FORLI'-CESENA;48;FIRENZE;M;33
2024/2025;1;TORINO;87;CATANIA;M;8
2024/2025;23;VERONA;34;PARMA;F;166
2023/2024;998;PROVINCIA ESTERA;22;TRENTO;F;426
2024/2025;82;PALERMO;28;PADOVA;M;70
2024/2025;4;CUNEO;6;ALESSANDRIA;F;55
2023/2024;86;ENNA;15;MILANO;M;22
2023/2024;14;SONDRIO;14;SONDRIO;F;35
2023/2024;2;VERCELLI;4;CUNEO;F;9
2023/2024;39;RAVENNA;52;SIENA;F;13
2023/2024;21;BOLZANO;27;VENEZIA;M;20
2024/2025;53;GROSSETO;15;MILANO;F;49
2023/2024;92;CAGLIARI;66;L'AQUILA;F;10
2024/2025;85;CALTANISSETTA;28;PADOVA;F;38
2024/2025;32;TRIESTE;50;PISA;F;8
2024/2025;28;PADOVA;38;FERRARA;F;1252
2023/2024;43;MACERATA;18;PAVIA;M;14
2023/2024;70;CAMPOBASSO;1;TORINO;M;38
2023/2024;21;BOLZANO;24;VICENZA;M;11
2023/2024;39;RAVENNA;42;ANCONA;M;13
2023/2024;76;POTENZA;22;TRENTO;F;8
2023/2024;17;BRESCIA;35;REGGIO EMILIA;M;7
2023/2024;69;CHIETI;18;PAVIA;F;39
2023/2024;84;AGRIGENTO;66;L'AQUILA;M;28
2023/2024;41;PESARO E URBINO;43;MACERATA;F;104
2024/2025;998;PROVINCIA ESTERA;17;BRESCIA;F;372
2023/2024;5;ASTI;2;VERCELLI;F;15
2023/2024;26;TREVISO;1;TORINO;M;39
2024/2025;72;BARI;108;MONZA E BRIANZA;M;5
2023/2024;18;PAVIA;37;BOLOGNA;F;54
2024/2025;44;ASCOLI PICENO;43;MACERATA;F;826
2024/2025;77;MATERA;56;VITERBO;M;7
2023/2024;16;BERGAMO;33;PIACENZA;M;11
2023/2024;13;COMO;15;MILANO;F;374
2023/2024;83;MESSINA;40;FORLI'-CESENA;F;20
2023/2024;84;AGRIGENTO;38;FERRARA;M;52
2023/2024;61;CASERTA;17;BRESCIA;F;9
2024/2025;24;VICENZA;36;MODENA;F;19
2024/2025;16;BERGAMO;10;GENOVA;M;31
2023/2024;8;IMPERIA;37;BOLOGNA;F;45
2024/2025;96;BIELLA;36;MODENA;M;6
2023/2024;80;REGGIO CALABRIA;52;SIENA;F;66
2024/2025;88;RAGUSA;15;MILANO;M;117
2024/2025;75;LECCE;44;ASCOLI PICENO;F;8
2023/2024;79;CATANZARO;40;FORLI'-CESENA;F;11
2024/2025;78;COSENZA;68;PESCARA;F;10
2023/2024;25;BELLUNO;21;BOLZANO;F;7
2023/2024;1;TORINO;3;NOVARA;F;412
2024/2025;67;TERAMO;44;ASCOLI PICENO;M;90
2024/2025;15;MILANO;3;NOVARA;M;520
2023/2024;57;RIETI;1;TORINO;M;21
2024/2025;21;BOLZANO;41;PESARO E URBINO;F;11
2024/2025;97;LECCO;98;LODI;F;20
2023/2024;65;SALERNO;50;PISA;M;130
2024/2025;101;CROTONE;10;GENOVA;F;10
2023/2024;80;REGGIO CALABRIA;15;MILANO;F;41
2023/2024;71;FOGGIA;72;BARI;M;676
2023/2024;55;TERNI;22;TRENTO;F;13
2024/2025;110;BARLETTA - ANDRIA - TRANI;40;FORLI'-CESENA;F;11
2024/2025;42;ANCONA;43;MACERATA;F;1954
2023/2024;6;ALESSANDRIA;7;AOSTA;F;8
2023/2024;88;RAGUSA;12;VARESE;M;12
2023/2024;59;LATINA;30;UDINE;F;7
2024/2025;65;SALERNO;92;CAGLIARI;F;12
2024/2025;79;CATANZARO;1;TORINO;F;27
2023/2024;23;VERONA;28;PADOVA;F;1759
2024/2025;58;ROMA;6;ALESSANDRIA;M;5
2024/2025;41;PESARO E URBINO;15;MILANO;M;150
2023/2024;998;PROVINCIA ESTERA;10;GENOVA;F;1277
2023/2024;8;IMPERIA;15;MILANO;F;14
2023/2024;60;FROSINONE;34;PARMA;F;24
2023/2024;67;TERAMO;66;L'AQUILA;M;763
2023/2024;62;BENEVENTO;94;ISERNIA;M;10
2023/2024;61;CASERTA;40;FORLI'-CESENA;F;8
2024/2025;22;TRENTO;21;BOLZANO;F;382
2024/2025;19;CREMONA;12;VARESE;M;10
2023/2024;43;MACERATA;68;PESCARA;M;7
2024/2025;40;FORLI'-CESENA;27;VENEZIA;F;72
2023/2024;73;TARANTO;43;MACERATA;M;20
2023/2024;56;VITERBO;43;MACERATA;F;16
2024/2025;110;BARLETTA - ANDRIA - TRANI;68;PESCARA;M;7
2023/2024;73;TARANTO;70;CAMPOBASSO;F;18
2023/2024;89;SIRACUSA;34;PARMA;F;64
2024/2025;39;RAVENNA;10;GENOVA;F;8
2023/2024;74;BRINDISI;54;PERUGIA;M;32
2024/2025;102;VIBO VALENTIA;50;PISA;F;64
2023/2024;18;PAVIA;50;PISA;F;11
2023/2024;10;GENOVA;36;MODENA;F;14
2023/2024;48;FIRENZE;52;SIENA;M;232
2024/2025;55;TERNI;28;PADOVA;F;28
2023/2024;12;VARESE;43;MACERATA;F;17
2024/2025;86;ENNA;88;RAGUSA;F;10
2023/2024;83;MESSINA;73;TARANTO;M;7
2024/2025;74;BRINDISI;73;TARANTO;F;8
2024/2025;17;BRESCIA;97;LECCO;M;7
2023/2024;67;TERAMO;48;FIRENZE;F;54
2024/2025;100;PRATO;48;FIRENZE;M;2029
2023/2024;69;CHIETI;15;MILANO;M;196
2024/2025;86;ENNA;28;PADOVA;M;17
2023/2024;41;PESARO E URBINO;15;MILANO;M;167
2023/2024;5;ASTI;3;NOVARA;F;81
2024/2025;38;FERRARA;99;RIMINI;F;28
2024/2025;86;ENNA;66;L'AQUILA;M;13
2023/2024;82;PALERMO;42;ANCONA;M;5
2024/2025;52;SIENA;40;FORLI'-CESENA;F;20
2023/2024;77;MATERA;15;MILANO;F;155
2023/2024;23;VERONA;22;TRENTO;M;749
2023/2024;72;BARI;36;MODENA;M;77
2023/2024;998;PROVINCIA ESTERA;12;VARESE;M;119
2024/2025;82;PALERMO;37;BOLOGNA;F;153
2024/2025;10;GENOVA;32;TRIESTE;M;12
2024/2025;9;SAVONA;11;LA SPEZIA;M;5
2023/2024;75;LECCE;55;TERNI;F;11
2023/2024;61;CASERTA;27;VENEZIA;F;27
2024/2025;55;TERNI;55;TERNI;M;354
2024/2025;65;SALERNO;33;PIACENZA;M;5
2024/2025;80;REGGIO CALABRIA;10;GENOVA;F;29
2024/2025;81;TRAPANI;55;TERNI;M;7
2023/2024;90;SASSARI;18;PAVIA;F;43
2023/2024;23;VERONA;21;BOLZANO;F;47
2024/2025;71;FOGGIA;15;MILANO;M;124
2024/2025;53;GROSSETO;55;TERNI;F;11
2024/2025;43;MACERATA;39;RAVENNA;M;6
2024/2025;83;MESSINA;50;PISA;M;74
2023/2024;10;GENOVA;3;NOVARA;F;6
2024/2025;49;LIVORNO;51;AREZZO;M;7
2024/2025;35;REGGIO EMILIA;28;PADOVA;F;82
2024/2025;84;AGRIGENTO;86;ENNA;M;262
2023/2024;43;MACERATA;32;TRIESTE;M;6
2023/2024;12;VARESE;28;PADOVA;F;111
2023/2024;65;SALERNO;26;TREVISO;M;5
2024/2025;12;VARESE;38;FERRARA;F;35
2024/2025;70;CAMPOBASSO;60;FROSINONE;M;15
2023/2024;40;FORLI'-CESENA;32;TRIESTE;M;8
2024/2025;59;LATINA;43;MACERATA;M;16
2024/2025;46;LUCCA;11;LA SPEZIA;M;26
2023/2024;75;LECCE;27;VENEZIA;F;51
2024/2025;63;NAPOLI;37;BOLOGNA;F;313
2023/2024;64;AVELLINO;55;TERNI;F;6
2024/2025;20;MANTOVA;17;BRESCIA;M;283
2023/2024;43;MACERATA;58;ROMA;M;143
2023/2024;68;PESCARA;44;ASCOLI PICENO;M;18
2023/2024;65;SALERNO;56;VITERBO;F;20
2024/2025;66;L'AQUILA;48;FIRENZE;F;54
2023/2024;101;CROTONE;36;MODENA;F;22
2023/2024;91;NUORO;40;FORLI'-CESENA;M;7
2024/2025;69;CHIETI;48;FIRENZE;F;63
2023/2024;65;SALERNO;10;GENOVA;M;30
2024/2025;90;SASSARI;95;ORISTANO;M;20
2023/2024;101;CROTONE;69;CHIETI;F;17
2024/2025;93;PORDENONE;41;PESARO E URBINO;F;11
2023/2024;110;BARLETTA - ANDRIA - TRANI;34;PARMA;M;19
2023/2024;64;AVELLINO;72;BARI;F;34
2023/2024;100;PRATO;27;VENEZIA;F;14
2023/2024;31;GORIZIA;15;MILANO;M;16
2024/2025;10;GENOVA;15;MILANO;F;86
2023/2024;64;AVELLINO;61;CASERTA;M;64
2023/2024;59;LATINA;37;BOLOGNA;M;54
2023/2024;1;TORINO;18;PAVIA;F;82
2024/2025;54;PERUGIA;30;UDINE;F;6
2024/2025;69;CHIETI;18;PAVIA;M;23
2024/2025;36;MODENA;10;GENOVA;M;12
2023/2024;999;PROVINCIA NON DEFINITA;43;MACERATA;F;266
2023/2024;998;PROVINCIA ESTERA;58;ROMA;M;5491
2024/2025;14;SONDRIO;34;PARMA;F;19
2023/2024;100;PRATO;40;FORLI'-CESENA;M;10
2024/2025;1;TORINO;75;LECCE;F;7
2024/2025;70;CAMPOBASSO;58;ROMA;M;270
2024/2025;39;RAVENNA;35;REGGIO EMILIA;F;30
2023/2024;78;COSENZA;69;CHIETI;M;52
2024/2025;64;AVELLINO;40;FORLI'-CESENA;M;10
2024/2025;108;MONZA E BRIANZA;35;REGGIO EMILIA;F;7
2024/2025;109;FERMO;69;CHIETI;M;37
2023/2024;22;TRENTO;48;FIRENZE;M;60
2023/2024;75;LECCE;28;PADOVA;F;144
2024/2025;43;MACERATA;36;MODENA;M;25
2023/2024;1;TORINO;41;PESARO E URBINO;F;22
2024/2025;90;SASSARI;91;NUORO;F;19
2023/2024;73;TARANTO;37;BOLOGNA;F;237
2024/2025;1;TORINO;41;PESARO E URBINO;M;5
2024/2025;11;LA SPEZIA;52;SIENA;M;10
2024/2025;58;ROMA;87;CATANIA;F;20
2024/2025;95;ORISTANO;90;SASSARI;M;157
2023/2024;103;VERBANO CUSIO OSSOLA;37;BOLOGNA;F;23
2024/2025;76;POTENZA;50;PISA;F;169
2023/2024;56;VITERBO;73;TARANTO;M;5
2023/2024;48;FIRENZE;50;PISA;M;914
2024/2025;78;COSENZA;61;CASERTA;M;13
2023/2024;8;IMPERIA;10;GENOVA;M;565
2023/2024;108;MONZA E BRIANZA;63;NAPOLI;M;5
2024/2025;20;MANTOVA;48;FIRENZE;F;20
2023/2024;72;BARI;76;POTENZA;M;19
2024/2025;58;ROMA;82;PALERMO;F;10
2024/2025;48;FIRENZE;40;FORLI'-CESENA;F;46
2024/2025;34;PARMA;19;CREMONA;M;8
2024/2025;27;VENEZIA;15;MILANO;F;71
2023/2024;88;RAGUSA;34;PARMA;F;118
2024/2025;87;CATANIA;38;FERRARA;M;23
2023/2024;13;COMO;92;CAGLIARI;F;6
2024/2025;55;TERNI;1;TORINO;M;7
2024/2025;72;BARI;35;REGGIO EMILIA;F;23
2024/2025;80;REGGIO CALABRIA;66;L'AQUILA;M;38
2023/2024;69;CHIETI;43;MACERATA;F;246
2024/2025;43;MACERATA;15;MILANO;M;81
2024/2025;65;SALERNO;22;TRENTO;F;29
2024/2025;37;BOLOGNA;1;TORINO;F;35
2024/2025;58;ROMA;1;TORINO;M;141
2023/2024;74;BRINDISI;71;FOGGIA;F;33
2024/2025;62;BENEVENTO;41;PESARO E URBINO;F;15
2023/2024;71;FOGGIA;44;ASCOLI PICENO;F;17
2024/2025;95;ORISTANO;41;PESARO E URBINO;M;14
2023/2024;108;MONZA E BRIANZA;15;MILANO;F;772
2023/2024;998;PROVINCIA ESTERA;72;BARI;F;18
2023/2024;9;SAVONA;34;PARMA;F;30
2024/2025;66;L'AQUILA;22;TRENTO;F;13
2024/2025;66;L'AQUILA;36;MODENA;F;12
2024/2025;72;BARI;48;FIRENZE;M;88
2023/2024;20;MANTOVA;1;TORINO;F;33
2024/2025;86;ENNA;37;BOLOGNA;M;29
2023/2024;8;IMPERIA;18;PAVIA;M;74
2023/2024;81;TRAPANI;84;AGRIGENTO;M;7
2023/2024;109;FERMO;50;PISA;F;19
2023/2024;9;SAVONA;48;FIRENZE;F;22
2023/2024;4;CUNEO;18;PAVIA;F;114
2023/2024;68;PESCARA;109;FERMO;M;27
2024/2025;10;GENOVA;35;REGGIO EMILIA;M;5
2024/2025;999;PROVINCIA NON DEFINITA;110;BARLETTA - ANDRIA - TRANI;F;22
2023/2024;17;BRESCIA;23;VERONA;M;493
2024/2025;65;SALERNO;51;AREZZO;F;16
2024/2025;20;MANTOVA;15;MILANO;M;182
2023/2024;111;SUD SARDEGNA;66;L'AQUILA;M;8
2023/2024;53;GROSSETO;38;FERRARA;M;11
2023/2024;98;LODI;12;VARESE;M;5
2023/2024;18;PAVIA;15;MILANO;F;236
2023/2024;82;PALERMO;36;MODENA;M;63
2024/2025;63;NAPOLI;72;BARI;F;66
2024/2025;87;CATANIA;56;VITERBO;F;9
2023/2024;14;SONDRIO;16;BERGAMO;M;46
2024/2025;76;POTENZA;18;PAVIA;M;29
2024/2025;91;NUORO;52;SIENA;M;14
2024/2025;36;MODENA;39;RAVENNA;M;15
2023/2024;100;PRATO;100;PRATO;M;31
2023/2024;999;PROVINCIA NON DEFINITA;20;MANTOVA;F;138
2023/2024;108;MONZA E BRIANZA;23;VERONA;M;5
2023/2024;9;SAVONA;3;NOVARA;F;6
2024/2025;71;FOGGIA;54;PERUGIA;M;44
2023/2024;76;POTENZA;50;PISA;F;179
2023/2024;48;FIRENZE;15;MILANO;F;113
2023/2024;998;PROVINCIA ESTERA;32;TRIESTE;M;500
2024/2025;76;POTENZA;50;PISA;M;151
2023/2024;44;ASCOLI PICENO;32;TRIESTE;M;10
2024/2025;70;CAMPOBASSO;41;PESARO E URBINO;F;41
2024/2025;64;AVELLINO;30;UDINE;M;5
2023/2024;17;BRESCIA;17;BRESCIA;M;6334
2024/2025;37;BOLOGNA;54;PERUGIA;M;18
2023/2024;74;BRINDISI;74;BRINDISI;M;152
2024/2025;52;SIENA;49;LIVORNO;M;5
2023/2024;81;TRAPANI;1;TORINO;F;57
2023/2024;97;LECCO;58;ROMA;M;7
2023/2024;85;CALTANISSETTA;35;REGGIO EMILIA;M;15
2023/2024;73;TARANTO;56;VITERBO;F;14
2024/2025;67;TERAMO;27;VENEZIA;F;28
2024/2025;14;SONDRIO;48;FIRENZE;M;6
2023/2024;87;CATANIA;97;LECCO;M;5
2023/2024;24;VICENZA;31;GORIZIA;M;6
2023/2024;11;LA SPEZIA;18;PAVIA;M;13
2023/2024;93;PORDENONE;54;PERUGIA;M;5
2024/2025;103;VERBANO CUSIO OSSOLA;10;GENOVA;F;25
2024/2025;25;BELLUNO;15;MILANO;F;18
2024/2025;78;COSENZA;59;LATINA;F;12
2024/2025;73;TARANTO;56;VITERBO;F;13
2023/2024;82;PALERMO;92;CAGLIARI;F;7
2023/2024;54;PERUGIA;10;GENOVA;F;11
2024/2025;91;NUORO;91;NUORO;M;70
2023/2024;96;BIELLA;7;AOSTA;F;44
2023/2024;24;VICENZA;66;L'AQUILA;F;12
2023/2024;109;FERMO;32;TRIESTE;F;9
2023/2024;24;VICENZA;15;MILANO;M;260
2023/2024;108;MONZA E BRIANZA;12;VARESE;F;228
2023/2024;9;SAVONA;38;FERRARA;F;9
2023/2024;83;MESSINA;1;TORINO;F;71
2024/2025;28;PADOVA;11;LA SPEZIA;M;5
2024/2025;11;LA SPEZIA;63;NAPOLI;M;5
2024/2025;88;RAGUSA;10;GENOVA;F;9
2023/2024;58;ROMA;78;COSENZA;F;13
2024/2025;999;PROVINCIA NON DEFINITA;73;TARANTO;M;16
2024/2025;72;BARI;58;ROMA;M;536
2023/2024;108;MONZA E BRIANZA;66;L'AQUILA;M;5
2024/2025;32;TRIESTE;40;FORLI'-CESENA;F;9
2024/2025;86;ENNA;23;VERONA;F;9
2023/2024;72;BARI;65;SALERNO;F;10
2024/2025;998;PROVINCIA ESTERA;76;POTENZA;F;12
2023/2024;76;POTENZA;23;VERONA;M;5
2024/2025;52;SIENA;15;MILANO;M;68
2024/2025;29;ROVIGO;32;TRIESTE;M;7
2024/2025;13;COMO;52;SIENA;F;8
2023/2024;61;CASERTA;43;MACERATA;F;27
2024/2025;31;GORIZIA;22;TRENTO;F;13
2023/2024;68;PESCARA;16;BERGAMO;F;6
2023/2024;19;CREMONA;15;MILANO;F;1454
2024/2025;97;LECCO;15;MILANO;F;2628
2024/2025;76;POTENZA;72;BARI;F;37
2024/2025;999;PROVINCIA NON DEFINITA;10;GENOVA;M;13
2023/2024;50;PISA;40;FORLI'-CESENA;M;7
2023/2024;13;COMO;58;ROMA;F;55
2023/2024;6;ALESSANDRIA;1;TORINO;F;851
2024/2025;42;ANCONA;30;UDINE;F;8
2024/2025;101;CROTONE;1;TORINO;M;22
2023/2024;94;ISERNIA;41;PESARO E URBINO;F;6
2024/2025;78;COSENZA;82;PALERMO;F;5
2023/2024;16;BERGAMO;21;BOLZANO;M;7
2023/2024;48;FIRENZE;36;MODENA;M;40
2024/2025;56;VITERBO;52;SIENA;F;121
2024/2025;89;SIRACUSA;12;VARESE;F;6
2023/2024;65;SALERNO;69;CHIETI;M;69
2023/2024;71;FOGGIA;33;PIACENZA;F;12
2024/2025;87;CATANIA;80;REGGIO CALABRIA;M;14
2023/2024;47;PISTOIA;100;PRATO;F;60
2024/2025;10;GENOVA;90;SASSARI;M;9
2024/2025;82;PALERMO;41;PESARO E URBINO;M;9
2024/2025;108;MONZA E BRIANZA;12;VARESE;M;229
2024/2025;86;ENNA;15;MILANO;M;34
2023/2024;82;PALERMO;69;CHIETI;M;5
2023/2024;51;AREZZO;41;PESARO E URBINO;M;9
2023/2024;81;TRAPANI;90;SASSARI;M;5
2024/2025;87;CATANIA;37;BOLOGNA;F;236
2024/2025;81;TRAPANI;39;RAVENNA;F;7
2024/2025;56;VITERBO;56;VITERBO;M;1224
2023/2024;12;VARESE;98;LODI;F;22
2024/2025;25;BELLUNO;23;VERONA;M;68
2023/2024;10;GENOVA;66;L'AQUILA;M;15
2024/2025;52;SIENA;55;TERNI;M;6
2024/2025;60;FROSINONE;10;GENOVA;M;8
2024/2025;999;PROVINCIA NON DEFINITA;22;TRENTO;M;48
2024/2025;93;PORDENONE;31;GORIZIA;M;64
2024/2025;50;PISA;23;VERONA;F;5
2024/2025;71;FOGGIA;68;PESCARA;F;303
2024/2025;50;PISA;1;TORINO;M;27
2023/2024;62;BENEVENTO;34;PARMA;M;18
2023/2024;83;MESSINA;36;MODENA;F;21
2024/2025;65;SALERNO;38;FERRARA;M;73
2023/2024;84;AGRIGENTO;1;TORINO;M;120
2024/2025;29;ROVIGO;40;FORLI'-CESENA;F;17
2024/2025;60;FROSINONE;1;TORINO;M;29
2023/2024;86;ENNA;18;PAVIA;F;23
2024/2025;77;MATERA;1;TORINO;F;110
2023/2024;23;VERONA;27;VENEZIA;M;216
2024/2025;77;MATERA;3;NOVARA;F;9
2023/2024;48;FIRENZE;69;CHIETI;F;9
2024/2025;49;LIVORNO;51;AREZZO;F;29
2023/2024;44;ASCOLI PICENO;69;CHIETI;F;243
2024/2025;76;POTENZA;78;COSENZA;M;45
2024/2025;74;BRINDISI;83;MESSINA;F;8
2023/2024;70;CAMPOBASSO;32;TRIESTE;F;5
2023/2024;74;BRINDISI;15;MILANO;F;38
2024/2025;43;MACERATA;109;FERMO;F;75
2023/2024;6;ALESSANDRIA;33;PIACENZA;M;15
2023/2024;108;MONZA E BRIANZA;36;MODENA;M;8
2023/2024;100;PRATO;39;RAVENNA;F;5
2024/2025;28;PADOVA;43;MACERATA;F;8
2023/2024;17;BRESCIA;12;VARESE;M;13
2024/2025;17;BRESCIA;92;CAGLIARI;F;9
2024/2025;48;FIRENZE;37;BOLOGNA;M;249
2023/2024;998;PROVINCIA ESTERA;52;SIENA;F;814
2023/2024;41;PESARO E URBINO;18;PAVIA;F;24
2024/2025;19;CREMONA;37;BOLOGNA;F;80
2024/2025;75;LECCE;30;UDINE;F;12
2024/2025;110;BARLETTA - ANDRIA - TRANI;76;POTENZA;F;9
2024/2025;3;NOVARA;3;NOVARA;M;693
2023/2024;85;CALTANISSETTA;28;PADOVA;F;40
2023/2024;63;NAPOLI;70;CAMPOBASSO;F;99
2024/2025;91;NUORO;41;PESARO E URBINO;M;25
2024/2025;61;CASERTA;65;SALERNO;F;509
2024/2025;59;LATINA;32;TRIESTE;F;7
2023/2024;88;RAGUSA;59;LATINA;M;6
2023/2024;13;COMO;15;MILANO;M;971
2023/2024;62;BENEVENTO;40;FORLI'-CESENA;M;9
2023/2024;77;MATERA;32;TRIESTE;M;8
2023/2024;74;BRINDISI;72;BARI;F;1161
2024/2025;12;VARESE;63;NAPOLI;F;14
2024/2025;83;MESSINA;89;SIRACUSA;F;24
2024/2025;45;MASSA CARRARA;51;AREZZO;F;6
2024/2025;25;BELLUNO;1;TORINO;M;14
2023/2024;8;IMPERIA;6;ALESSANDRIA;F;12
2023/2024;93;PORDENONE;22;TRENTO;M;60
2024/2025;82;PALERMO;23;VERONA;F;32
2024/2025;40;FORLI'-CESENA;58;ROMA;M;30
2023/2024;55;TERNI;54;PERUGIA;M;573
2024/2025;73;TARANTO;79;CATANZARO;F;26
2024/2025;30;UDINE;16;BERGAMO;F;6
2024/2025;76;POTENZA;90;SASSARI;F;6
2024/2025;13;COMO;3;NOVARA;F;15
2023/2024;29;ROVIGO;39;RAVENNA;M;6
2024/2025;73;TARANTO;28;PADOVA;M;61
2024/2025;48;FIRENZE;1;TORINO;M;63
2023/2024;70;CAMPOBASSO;52;SIENA;F;32
2024/2025;65;SALERNO;60;FROSINONE;M;27
2024/2025;100;PRATO;54;PERUGIA;F;16
2023/2024;13;COMO;17;BRESCIA;F;8
2024/2025;88;RAGUSA;37;BOLOGNA;M;132
2023/2024;32;TRIESTE;52;SIENA;M;5
2024/2025;85;CALTANISSETTA;83;MESSINA;M;131
2023/2024;36;MODENA;63;NAPOLI;F;20
2023/2024;44;ASCOLI PICENO;36;MODENA;M;39
2024/2025;71;FOGGIA;12;VARESE;F;6
2023/2024;89;SIRACUSA;15;MILANO;M;47
2024/2025;65;SALERNO;54;PERUGIA;M;119
2023/2024;999;PROVINCIA NON DEFINITA;73;TARANTO;M;35
2024/2025;97;LECCO;17;BRESCIA;M;8
2024/2025;82;PALERMO;15;MILANO;M;264
2024/2025;87;CATANIA;34;PARMA;M;38
2024/2025;91;NUORO;27;VENEZIA;F;15
2024/2025;48;FIRENZE;56;VITERBO;F;8
2023/2024;20;MANTOVA;33;PIACENZA;M;14
2023/2024;84;AGRIGENTO;66;L'AQUILA;F;10
2023/2024;17;BRESCIA;108;MONZA E BRIANZA;F;8
2024/2025;37;BOLOGNA;63;NAPOLI;M;7
2024/2025;97;LECCO;13;COMO;F;52
2023/2024;96;BIELLA;3;NOVARA;M;118
2023/2024;19;CREMONA;98;LODI;M;15
2023/2024;83;MESSINA;17;BRESCIA;F;5
2024/2025;50;PISA;54;PERUGIA;F;27
2024/2025;999;PROVINCIA NON DEFINITA;87;CATANIA;F;1896
2024/2025;30;UDINE;12;VARESE;F;7
2024/2025;90;SASSARI;21;BOLZANO;F;5
2024/2025;87;CATANIA;35;REGGIO EMILIA;F;21
2024/2025;80;REGGIO CALABRIA;56;VITERBO;F;12
2024/2025;998;PROVINCIA ESTERA;16;BERGAMO;M;434
2024/2025;11;LA SPEZIA;10;GENOVA;M;275
2024/2025;30;UDINE;43;MACERATA;M;8
2023/2024;78;COSENZA;75;LECCE;F;12
2023/2024;17;BRESCIA;19;CREMONA;F;98
2024/2025;59;LATINA;66;L'AQUILA;M;92
2024/2025;8;IMPERIA;50;PISA;F;33
2023/2024;8;IMPERIA;10;GENOVA;F;773
2023/2024;96;BIELLA;50;PISA;F;7
2023/2024;87;CATANIA;72;BARI;M;9
2023/2024;100;PRATO;37;BOLOGNA;F;185
2024/2025;72;BARI;67;TERAMO;M;5
2023/2024;77;MATERA;75;LECCE;F;146
2024/2025;998;PROVINCIA ESTERA;34;PARMA;M;616
2024/2025;81;TRAPANI;37;BOLOGNA;F;203
2023/2024;76;POTENZA;1;TORINO;M;84
2023/2024;77;MATERA;78;COSENZA;M;11
2023/2024;45;MASSA CARRARA;27;VENEZIA;M;6
2023/2024;80;REGGIO CALABRIA;37;BOLOGNA;M;146
2023/2024;79;CATANZARO;63;NAPOLI;M;35
2023/2024;88;RAGUSA;87;CATANIA;M;908
2024/2025;81;TRAPANI;59;LATINA;F;29
2024/2025;8;IMPERIA;36;MODENA;F;5
2023/2024;55;TERNI;52;SIENA;F;78
2023/2024;46;LUCCA;52;SIENA;M;25
2024/2025;82;PALERMO;36;MODENA;M;42
2024/2025;17;BRESCIA;54;PERUGIA;F;30
2024/2025;33;PIACENZA;19;CREMONA;M;21
2024/2025;19;CREMONA;23;VERONA;M;19
2024/2025;37;BOLOGNA;52;SIENA;F;23
2024/2025;110;BARLETTA - ANDRIA - TRANI;40;FORLI'-CESENA;M;6
2024/2025;68;PESCARA;79;CATANZARO;F;7
2024/2025;50;PISA;55;TERNI;M;5
2023/2024;58;ROMA;32;TRIESTE;F;59
2023/2024;53;GROSSETO;27;VENEZIA;M;7
2023/2024;999;PROVINCIA NON DEFINITA;58;ROMA;M;6118
2023/2024;39;RAVENNA;32;TRIESTE;M;10
2023/2024;41;PESARO E URBINO;63;NAPOLI;F;13
2023/2024;14;SONDRIO;17;BRESCIA;F;22
2023/2024;95;ORISTANO;38;FERRARA;M;7
2024/2025;52;SIENA;52;SIENA;F;1893
2024/2025;72;BARI;16;BERGAMO;M;17
2023/2024;68;PESCARA;69;CHIETI;M;970
2023/2024;70;CAMPOBASSO;15;MILANO;M;56
2023/2024;74;BRINDISI;75;LECCE;M;1008
2023/2024;69;CHIETI;42;ANCONA;F;194
2024/2025;15;MILANO;16;BERGAMO;F;843
2023/2024;103;VERBANO CUSIO OSSOLA;69;CHIETI;F;6
2024/2025;72;BARI;33;PIACENZA;F;6
2023/2024;74;BRINDISI;59;LATINA;F;8
2023/2024;62;BENEVENTO;1;TORINO;F;28
2024/2025;13;COMO;13;COMO;F;602
2024/2025;82;PALERMO;52;SIENA;M;21
2023/2024;13;COMO;17;BRESCIA;M;10
2023/2024;108;MONZA E BRIANZA;42;ANCONA;F;8
2024/2025;74;BRINDISI;66;L'AQUILA;F;30
2024/2025;2;VERCELLI;12;VARESE;M;9
2024/2025;70;CAMPOBASSO;36;MODENA;F;32
2023/2024;76;POTENZA;76;POTENZA;M;1385
2024/2025;66;L'AQUILA;30;UDINE;F;5
2024/2025;37;BOLOGNA;34;PARMA;F;196
2023/2024;84;AGRIGENTO;37;BOLOGNA;F;137
2024/2025;999;PROVINCIA NON DEFINITA;12;VARESE;M;66
2024/2025;998;PROVINCIA ESTERA;26;TREVISO;M;52
2023/2024;26;TREVISO;23;VERONA;M;106
2023/2024;56;VITERBO;52;SIENA;F;125
2023/2024;95;ORISTANO;54;PERUGIA;F;18
2024/2025;998;PROVINCIA ESTERA;23;VERONA;F;474
2023/2024;18;PAVIA;58;ROMA;M;25
2024/2025;50;PISA;28;PADOVA;M;18
2023/2024;19;CREMONA;27;VENEZIA;M;20
2024/2025;76;POTENZA;40;FORLI'-CESENA;M;10
2023/2024;33;PIACENZA;18;PAVIA;F;391
2024/2025;101;CROTONE;33;PIACENZA;M;5
2024/2025;110;BARLETTA - ANDRIA - TRANI;69;CHIETI;M;34
2024/2025;65;SALERNO;67;TERAMO;F;13
2023/2024;24;VICENZA;38;FERRARA;M;328
2023/2024;28;PADOVA;10;GENOVA;F;7
2023/2024;999;PROVINCIA NON DEFINITA;21;BOLZANO;F;29
2023/2024;17;BRESCIA;54;PERUGIA;M;13
2023/2024;1;TORINO;38;FERRARA;F;53
2024/2025;40;FORLI'-CESENA;1;TORINO;F;13
2023/2024;26;TREVISO;32;TRIESTE;M;464
2024/2025;81;TRAPANI;28;PADOVA;M;44
2023/2024;87;CATANIA;12;VARESE;F;8
2024/2025;1;TORINO;96;BIELLA;M;13
2023/2024;65;SALERNO;38;FERRARA;M;76
2024/2025;51;AREZZO;15;MILANO;F;125
2023/2024;25;BELLUNO;54;PERUGIA;F;7
2023/2024;998;PROVINCIA ESTERA;67;TERAMO;F;65
2023/2024;91;NUORO;28;PADOVA;F;64
2023/2024;69;CHIETI;68;PESCARA;M;817
2024/2025;59;LATINA;59;LATINA;F;1052
2024/2025;8;IMPERIA;9;SAVONA;M;45
2023/2024;89;SIRACUSA;89;SIRACUSA;M;150
2024/2025;60;FROSINONE;32;TRIESTE;F;10
2023/2024;85;CALTANISSETTA;88;RAGUSA;F;36
2023/2024;49;LIVORNO;22;TRENTO;M;8
2024/2025;79;CATANZARO;35;REGGIO EMILIA;M;8
2023/2024;30;UDINE;41;PESARO E URBINO;M;9
2023/2024;55;TERNI;55;TERNI;F;341
2024/2025;88;RAGUSA;63;NAPOLI;F;16
2024/2025;13;COMO;12;VARESE;M;667
2023/2024;73;TARANTO;10;GENOVA;F;15
2024/2025;55;TERNI;23;VERONA;F;5
2023/2024;13;COMO;97;LECCO;F;33
2023/2024;88;RAGUSA;48;FIRENZE;M;77
2023/2024;95;ORISTANO;35;REGGIO EMILIA;F;8
2023/2024;98;LODI;33;PIACENZA;F;7
2024/2025;25;BELLUNO;32;TRIESTE;F;241
2024/2025;18;PAVIA;97;LECCO;F;6
2024/2025;99;RIMINI;34;PARMA;M;51
2023/2024;70;CAMPOBASSO;54;PERUGIA;M;31
2023/2024;55;TERNI;27;VENEZIA;M;7
2023/2024;80;REGGIO CALABRIA;68;PESCARA;F;6
2024/2025;63;NAPOLI;44;ASCOLI PICENO;M;6
2023/2024;76;POTENZA;30;UDINE;M;5
2024/2025;102;VIBO VALENTIA;72;BARI;M;5
2023/2024;39;RAVENNA;36;MODENA;M;28
2023/2024;73;TARANTO;22;TRENTO;F;40
2024/2025;78;COSENZA;52;SIENA;F;111
2024/2025;24;VICENZA;24;VICENZA;F;1101
2023/2024;4;CUNEO;22;TRENTO;M;9
2023/2024;58;ROMA;23;VERONA;F;37
2024/2025;62;BENEVENTO;60;FROSINONE;F;18
2024/2025;40;FORLI'-CESENA;54;PERUGIA;M;14
2024/2025;55;TERNI;69;CHIETI;M;5
2024/2025;65;SALERNO;86;ENNA;F;9
2023/2024;50;PISA;36;MODENA;M;13
2023/2024;72;BARI;87;CATANIA;F;10
2023/2024;70;CAMPOBASSO;68;PESCARA;F;267
2024/2025;28;PADOVA;21;BOLZANO;M;5
2024/2025;64;AVELLINO;54;PERUGIA;F;84
2024/2025;23;VERONA;40;FORLI'-CESENA;F;34
2023/2024;38;FERRARA;58;ROMA;M;45
2024/2025;68;PESCARA;16;BERGAMO;F;7
2024/2025;78;COSENZA;17;BRESCIA;F;10
2023/2024;85;CALTANISSETTA;17;BRESCIA;M;11
2024/2025;77;MATERA;78;COSENZA;F;29
2023/2024;4;CUNEO;3;NOVARA;M;41
2024/2025;13;COMO;20;MANTOVA;F;7
2024/2025;44;ASCOLI PICENO;36;MODENA;M;36
2024/2025;65;SALERNO;99;RIMINI;M;8
2023/2024;25;BELLUNO;15;MILANO;M;34
2023/2024;65;SALERNO;70;CAMPOBASSO;M;41
2024/2025;6;ALESSANDRIA;18;PAVIA;M;524
2023/2024;23;VERONA;27;VENEZIA;F;428
2024/2025;1;TORINO;18;PAVIA;M;38
2024/2025;998;PROVINCIA ESTERA;90;SASSARI;F;151
2023/2024;89;SIRACUSA;1;TORINO;F;56
2024/2025;66;L'AQUILA;37;BOLOGNA;M;95
2024/2025;81;TRAPANI;63;NAPOLI;M;11
2023/2024;77;MATERA;1;TORINO;F;39
2024/2025;66;L'AQUILA;40;FORLI'-CESENA;F;10
2024/2025;26;TREVISO;42;ANCONA;F;11
2023/2024;34;PARMA;37;BOLOGNA;F;342
2023/2024;30;UDINE;21;BOLZANO;F;16
2024/2025;1;TORINO;15;MILANO;M;454
2023/2024;23;VERONA;24;VICENZA;M;423
2023/2024;81;TRAPANI;79;CATANZARO;M;8
2023/2024;111;SUD SARDEGNA;40;FORLI'-CESENA;F;10
2024/2025;71;FOGGIA;52;SIENA;F;64
2023/2024;48;FIRENZE;90;SASSARI;M;5
2024/2025;50;PISA;58;ROMA;M;58
2023/2024;60;FROSINONE;38;FERRARA;F;19
2023/2024;34;PARMA;18;PAVIA;F;40
2024/2025;57;RIETI;50;PISA;M;11
2024/2025;24;VICENZA;1;TORINO;M;43
2024/2025;72;BARI;15;MILANO;M;410
2024/2025;64;AVELLINO;60;FROSINONE;F;12
2024/2025;1;TORINO;27;VENEZIA;M;44
2023/2024;80;REGGIO CALABRIA;10;GENOVA;M;26
2023/2024;79;CATANZARO;36;MODENA;M;26
2024/2025;28;PADOVA;29;ROVIGO;M;81
2023/2024;28;PADOVA;15;MILANO;F;245
2024/2025;83;MESSINA;54;PERUGIA;M;26
2024/2025;72;BARI;27;VENEZIA;M;39
2023/2024;85;CALTANISSETTA;85;CALTANISSETTA;F;90
2023/2024;40;FORLI'-CESENA;40;FORLI'-CESENA;M;1413
2024/2025;65;SALERNO;1;TORINO;M;138
2023/2024;999;PROVINCIA NON DEFINITA;28;PADOVA;F;97
2024/2025;71;FOGGIA;35;REGGIO EMILIA;M;23
2024/2025;48;FIRENZE;21;BOLZANO;F;5
2023/2024;73;TARANTO;38;FERRARA;M;150
2024/2025;36;MODENA;37;BOLOGNA;M;1528
2024/2025;80;REGGIO CALABRIA;40;FORLI'-CESENA;F;26
2023/2024;82;PALERMO;43;MACERATA;F;25
2023/2024;998;PROVINCIA ESTERA;60;FROSINONE;F;748
2024/2025;85;CALTANISSETTA;34;PARMA;M;49
2023/2024;37;BOLOGNA;36;MODENA;M;230
2023/2024;10;GENOVA;26;TREVISO;M;5
2024/2025;14;SONDRIO;21;BOLZANO;F;5
2023/2024;72;BARI;15;MILANO;F;98
2024/2025;58;ROMA;22;TRENTO;M;83
2023/2024;12;VARESE;10;GENOVA;M;27
2023/2024;79;CATANZARO;35;REGGIO EMILIA;F;15
2024/2025;59;LATINA;1;TORINO;F;47
2023/2024;26;TREVISO;36;MODENA;M;36
2023/2024;98;LODI;15;MILANO;F;1319
2023/2024;22;TRENTO;30;UDINE;M;16
2023/2024;33;PIACENZA;10;GENOVA;F;34
2023/2024;69;CHIETI;17;BRESCIA;F;5
2024/2025;85;CALTANISSETTA;23;VERONA;F;16
2024/2025;28;PADOVA;26;TREVISO;F;242
2023/2024;25;BELLUNO;38;FERRARA;F;150
2023/2024;27;VENEZIA;34;PARMA;F;51
2024/2025;62;BENEVENTO;40;FORLI'-CESENA;M;12
2023/2024;33;PIACENZA;1;TORINO;M;7
2024/2025;51;AREZZO;27;VENEZIA;F;40
2024/2025;20;MANTOVA;99;RIMINI;F;7
2023/2024;97;LECCO;54;PERUGIA;M;5
2023/2024;10;GENOVA;11;LA SPEZIA;M;50
2023/2024;110;BARLETTA - ANDRIA - TRANI;27;VENEZIA;F;25
2024/2025;35;REGGIO EMILIA;22;TRENTO;M;28
2024/2025;71;FOGGIA;36;MODENA;F;77
2023/2024;79;CATANZARO;10;GENOVA;F;12
2023/2024;81;TRAPANI;58;ROMA;F;504
2024/2025;108;MONZA E BRIANZA;40;FORLI'-CESENA;F;10
2023/2024;74;BRINDISI;70;CAMPOBASSO;M;9
2024/2025;93;PORDENONE;31;GORIZIA;F;110
2024/2025;19;CREMONA;33;PIACENZA;M;92
2023/2024;19;CREMONA;15;MILANO;M;929
2024/2025;27;VENEZIA;43;MACERATA;M;12
2024/2025;33;PIACENZA;34;PARMA;M;875
2024/2025;60;FROSINONE;36;MODENA;F;11
2024/2025;81;TRAPANI;66;L'AQUILA;M;44
2023/2024;1;TORINO;66;L'AQUILA;M;21
2023/2024;73;TARANTO;49;LIVORNO;M;37
2024/2025;108;MONZA E BRIANZA;33;PIACENZA;F;22
2023/2024;28;PADOVA;35;REGGIO EMILIA;F;18
2023/2024;38;FERRARA;50;PISA;M;13
2023/2024;108;MONZA E BRIANZA;17;BRESCIA;F;51
2024/2025;24;VICENZA;54;PERUGIA;F;31
2024/2025;49;LIVORNO;63;NAPOLI;F;13
2023/2024;28;PADOVA;66;L'AQUILA;M;7
2024/2025;998;PROVINCIA ESTERA;33;PIACENZA;F;191
2024/2025;15;MILANO;61;CASERTA;M;10
2023/2024;55;TERNI;18;PAVIA;M;15
2023/2024;96;BIELLA;12;VARESE;M;7
2024/2025;29;ROVIGO;15;MILANO;M;31
2024/2025;71;FOGGIA;23;VERONA;F;20
2024/2025;998;PROVINCIA ESTERA;9;SAVONA;F;59
2023/2024;8;IMPERIA;66;L'AQUILA;M;5
2024/2025;20;MANTOVA;32;TRIESTE;M;5
2024/2025;89;SIRACUSA;40;FORLI'-CESENA;F;14
2023/2024;74;BRINDISI;37;BOLOGNA;F;191
2023/2024;59;LATINA;48;FIRENZE;F;88
2024/2025;63;NAPOLI;70;CAMPOBASSO;M;85
2023/2024;20;MANTOVA;22;TRENTO;F;195
2023/2024;88;RAGUSA;52;SIENA;M;37
2024/2025;101;CROTONE;41;PESARO E URBINO;F;8
2024/2025;34;PARMA;35;REGGIO EMILIA;F;524
2023/2024;43;MACERATA;1;TORINO;M;58
2024/2025;36;MODENA;21;BOLZANO;F;11
2024/2025;73;TARANTO;16;BERGAMO;F;10
2023/2024;998;PROVINCIA ESTERA;18;PAVIA;M;1306
2024/2025;16;BERGAMO;98;LODI;M;22
2023/2024;33;PIACENZA;17;BRESCIA;M;5
2023/2024;47;PISTOIA;18;PAVIA;F;5
2024/2025;70;CAMPOBASSO;35;REGGIO EMILIA;M;12
2023/2024;99;RIMINI;54;PERUGIA;M;15
2023/2024;30;UDINE;36;MODENA;F;8
2023/2024;15;MILANO;30;UDINE;F;10
2024/2025;57;RIETI;58;ROMA;F;1248
2023/2024;999;PROVINCIA NON DEFINITA;5;ASTI;F;43
2023/2024;11;LA SPEZIA;23;VERONA;F;6
2023/2024;11;LA SPEZIA;73;TARANTO;M;6
2024/2025;84;AGRIGENTO;85;CALTANISSETTA;F;78
2024/2025;73;TARANTO;36;MODENA;M;68
2023/2024;72;BARI;73;TARANTO;F;121
2024/2025;998;PROVINCIA ESTERA;36;MODENA;F;268
2024/2025;98;LODI;36;MODENA;F;6
2023/2024;24;VICENZA;31;GORIZIA;F;10
2024/2025;77;MATERA;69;CHIETI;M;31
2023/2024;74;BRINDISI;75;LECCE;F;1842
2023/2024;4;CUNEO;16;BERGAMO;F;6
2024/2025;24;VICENZA;72;BARI;F;7
2023/2024;97;LECCO;108;MONZA E BRIANZA;M;51
2024/2025;58;ROMA;56;VITERBO;M;801
2024/2025;43;MACERATA;69;CHIETI;M;37
2024/2025;51;AREZZO;52;SIENA;F;595
2023/2024;36;MODENA;52;SIENA;F;29
2024/2025;70;CAMPOBASSO;67;TERAMO;M;8
2023/2024;16;BERGAMO;83;MESSINA;F;15
2024/2025;12;VARESE;54;PERUGIA;F;40
2024/2025;2;VERCELLI;34;PARMA;F;10
2024/2025;47;PISTOIA;90;SASSARI;F;6
2024/2025;10;GENOVA;12;VARESE;M;13
2023/2024;82;PALERMO;1;TORINO;M;210
2023/2024;22;TRENTO;66;L'AQUILA;F;7
2024/2025;38;FERRARA;29;ROVIGO;F;26
2023/2024;26;TREVISO;25;BELLUNO;F;47
2023/2024;65;SALERNO;23;VERONA;M;20
2024/2025;84;AGRIGENTO;16;BERGAMO;M;9
2023/2024;63;NAPOLI;65;SALERNO;M;2178
2023/2024;16;BERGAMO;97;LECCO;M;58
2024/2025;15;MILANO;82;PALERMO;F;13
2023/2024;85;CALTANISSETTA;82;PALERMO;M;590
2023/2024;42;ANCONA;99;RIMINI;F;61
2024/2025;83;MESSINA;80;REGGIO CALABRIA;M;61
2023/2024;61;CASERTA;36;MODENA;M;30
2024/2025;65;SALERNO;50;PISA;F;145
2024/2025;57;RIETI;54;PERUGIA;F;187
2024/2025;77;MATERA;37;BOLOGNA;M;125
2024/2025;44;ASCOLI PICENO;63;NAPOLI;M;7
2024/2025;27;VENEZIA;32;TRIESTE;F;660
2024/2025;20;MANTOVA;83;MESSINA;F;7
2024/2025;89;SIRACUSA;56;VITERBO;F;7
2024/2025;72;BARI;33;PIACENZA;M;5
2023/2024;41;PESARO E URBINO;63;NAPOLI;M;7
2023/2024;80;REGGIO CALABRIA;90;SASSARI;M;7
2023/2024;73;TARANTO;58;ROMA;F;906
2023/2024;78;COSENZA;34;PARMA;F;109
2023/2024;64;AVELLINO;37;BOLOGNA;F;160
2024/2025;73;TARANTO;73;TARANTO;F;955
2023/2024;21;BOLZANO;21;BOLZANO;F;1441
2024/2025;82;PALERMO;72;BARI;F;10
2024/2025;75;LECCE;29;ROVIGO;F;5
2023/2024;34;PARMA;17;BRESCIA;M;6
2023/2024;71;FOGGIA;52;SIENA;M;44
2023/2024;102;VIBO VALENTIA;79;CATANZARO;F;432
2024/2025;88;RAGUSA;39;RAVENNA;M;6
2023/2024;78;COSENZA;15;MILANO;F;342
2023/2024;84;AGRIGENTO;41;PESARO E URBINO;F;28
2024/2025;89;SIRACUSA;41;PESARO E URBINO;F;15
2024/2025;63;NAPOLI;16;BERGAMO;F;25
2024/2025;4;CUNEO;10;GENOVA;M;65
2024/2025;38;FERRARA;38;FERRARA;F;2749
2023/2024;77;MATERA;67;TERAMO;F;7
2024/2025;48;FIRENZE;56;VITERBO;M;8
2024/2025;23;VERONA;20;MANTOVA;M;29
2024/2025;102;VIBO VALENTIA;37;BOLOGNA;M;49
2023/2024;22;TRENTO;20;MANTOVA;F;8
2023/2024;85;CALTANISSETTA;59;LATINA;F;16
2023/2024;999;PROVINCIA NON DEFINITA;81;TRAPANI;M;30
2024/2025;70;CAMPOBASSO;71;FOGGIA;F;35
2024/2025;42;ANCONA;1;TORINO;F;55
2024/2025;999;PROVINCIA NON DEFINITA;3;NOVARA;M;207
2023/2024;15;MILANO;40;FORLI'-CESENA;M;12
2023/2024;81;TRAPANI;52;SIENA;F;90
2023/2024;22;TRENTO;58;ROMA;F;112
2024/2025;93;PORDENONE;18;PAVIA;M;6
2023/2024;54;PERUGIA;22;TRENTO;F;34
2024/2025;19;CREMONA;15;MILANO;M;931
2023/2024;56;VITERBO;58;ROMA;F;1739
2024/2025;14;SONDRIO;15;MILANO;M;270
2024/2025;66;L'AQUILA;44;ASCOLI PICENO;M;5
2024/2025;41;PESARO E URBINO;58;ROMA;M;105
2024/2025;83;MESSINA;18;PAVIA;M;39
2023/2024;19;CREMONA;27;VENEZIA;F;35
2024/2025;3;NOVARA;37;BOLOGNA;M;28
2023/2024;4;CUNEO;3;NOVARA;F;61
2023/2024;27;VENEZIA;15;MILANO;F;248
2023/2024;15;MILANO;10;GENOVA;M;105
2023/2024;23;VERONA;43;MACERATA;M;5
2023/2024;47;PISTOIA;38;FERRARA;F;10
2023/2024;11;LA SPEZIA;1;TORINO;F;15
2024/2025;50;PISA;52;SIENA;F;138
2023/2024;1;TORINO;41;PESARO E URBINO;M;6
2023/2024;109;FERMO;18;PAVIA;F;20
2024/2025;70;CAMPOBASSO;109;FERMO;M;5
2023/2024;28;PADOVA;1;TORINO;M;22
2023/2024;98;LODI;36;MODENA;F;6
2023/2024;75;LECCE;6;ALESSANDRIA;M;5
2023/2024;93;PORDENONE;58;ROMA;M;29
2023/2024;16;BERGAMO;35;REGGIO EMILIA;F;13
2024/2025;77;MATERA;48;FIRENZE;F;66
2024/2025;16;BERGAMO;97;LECCO;F;32
2024/2025;82;PALERMO;39;RAVENNA;F;7
2024/2025;99;RIMINI;54;PERUGIA;M;14
2023/2024;42;ANCONA;17;BRESCIA;F;5
2024/2025;33;PIACENZA;33;PIACENZA;M;102
2024/2025;91;NUORO;15;MILANO;M;6
2023/2024;19;CREMONA;10;GENOVA;F;15
2024/2025;23;VERONA;3;NOVARA;F;5
2024/2025;71;FOGGIA;48;FIRENZE;F;72
2024/2025;27;VENEZIA;10;GENOVA;F;6
2023/2024;84;AGRIGENTO;36;MODENA;F;29
2024/2025;99;RIMINI;99;RIMINI;M;416
2023/2024;109;FERMO;66;L'AQUILA;M;35
2023/2024;40;FORLI'-CESENA;15;MILANO;F;65
2023/2024;55;TERNI;38;FERRARA;M;8
2023/2024;75;LECCE;108;MONZA E BRIANZA;F;9
2024/2025;89;SIRACUSA;34;PARMA;M;61
2023/2024;5;ASTI;5;ASTI;F;194
2024/2025;76;POTENZA;55;TERNI;F;10
2023/2024;108;MONZA E BRIANZA;6;ALESSANDRIA;F;15
2023/2024;39;RAVENNA;35;REGGIO EMILIA;M;11
2024/2025;82;PALERMO;59;LATINA;M;5
2023/2024;61;CASERTA;35;REGGIO EMILIA;M;10
2024/2025;40;FORLI'-CESENA;1;TORINO;M;31
2023/2024;28;PADOVA;10;GENOVA;M;5
2024/2025;59;LATINA;48;FIRENZE;F;80
2024/2025;88;RAGUSA;59;LATINA;F;12
2024/2025;70;CAMPOBASSO;38;FERRARA;M;58
2024/2025;109;FERMO;34;PARMA;F;35
2024/2025;87;CATANIA;28;PADOVA;F;115
2024/2025;33;PIACENZA;1;TORINO;M;6
2024/2025;64;AVELLINO;67;TERAMO;F;7
2024/2025;7;AOSTA;23;VERONA;F;6
2023/2024;78;COSENZA;77;MATERA;M;9
2023/2024;93;PORDENONE;69;CHIETI;F;5
2024/2025;998;PROVINCIA ESTERA;66;L'AQUILA;M;411
2023/2024;58;ROMA;36;MODENA;M;131
2023/2024;54;PERUGIA;51;AREZZO;F;42
2023/2024;41;PESARO E URBINO;1;TORINO;M;18
2024/2025;999;PROVINCIA NON DEFINITA;95;ORISTANO;M;10
2024/2025;39;RAVENNA;41;PESARO E URBINO;F;151
2023/2024;1;TORINO;35;REGGIO EMILIA;F;13
2023/2024;87;CATANIA;15;MILANO;F;70
2023/2024;85;CALTANISSETTA;17;BRESCIA;F;7
2024/2025;86;ENNA;63;NAPOLI;M;5
2023/2024;75;LECCE;75;LECCE;F;7197
2023/2024;67;TERAMO;40;FORLI'-CESENA;F;39
2023/2024;53;GROSSETO;63;NAPOLI;F;8
2024/2025;71;FOGGIA;63;NAPOLI;F;186
2023/2024;998;PROVINCIA ESTERA;49;LIVORNO;M;26
2024/2025;108;MONZA E BRIANZA;15;MILANO;M;4416
2023/2024;96;BIELLA;7;AOSTA;M;11
2024/2025;2;VERCELLI;28;PADOVA;F;10
2023/2024;78;COSENZA;38;FERRARA;F;127
2024/2025;61;CASERTA;40;FORLI'-CESENA;F;7
2024/2025;18;PAVIA;10;GENOVA;M;64
2023/2024;53;GROSSETO;43;MACERATA;F;5
2023/2024;82;PALERMO;84;AGRIGENTO;F;85
2024/2025;72;BARI;39;RAVENNA;F;12
2024/2025;86;ENNA;38;FERRARA;M;12
2023/2024;101;CROTONE;36;MODENA;M;11
2024/2025;18;PAVIA;12;VARESE;F;14
2023/2024;110;BARLETTA - ANDRIA - TRANI;70;CAMPOBASSO;M;22
2024/2025;99;RIMINI;1;TORINO;M;15
2023/2024;10;GENOVA;4;CUNEO;M;5
2023/2024;26;TREVISO;18;PAVIA;F;35
2024/2025;78;COSENZA;36;MODENA;F;38
2023/2024;75;LECCE;71;FOGGIA;F;55
2024/2025;24;VICENZA;56;VITERBO;M;5
2023/2024;63;NAPOLI;86;ENNA;M;5
2023/2024;64;AVELLINO;71;FOGGIA;F;73
2023/2024;52;SIENA;27;VENEZIA;M;6
2023/2024;67;TERAMO;50;PISA;F;37
2023/2024;11;LA SPEZIA;40;FORLI'-CESENA;F;11
2024/2025;93;PORDENONE;26;TREVISO;F;87
2023/2024;53;GROSSETO;66;L'AQUILA;F;5
2023/2024;65;SALERNO;3;NOVARA;F;6
2024/2025;40;FORLI'-CESENA;22;TRENTO;F;29
2024/2025;15;MILANO;28;PADOVA;M;96
2024/2025;27;VENEZIA;19;CREMONA;M;6
2023/2024;81;TRAPANI;40;FORLI'-CESENA;F;13
2024/2025;32;TRIESTE;58;ROMA;F;44
2024/2025;2;VERCELLI;48;FIRENZE;F;8
2024/2025;59;LATINA;50;PISA;F;60
2024/2025;88;RAGUSA;72;BARI;M;7
2024/2025;101;CROTONE;28;PADOVA;M;10
2024/2025;73;TARANTO;83;MESSINA;F;12
2024/2025;70;CAMPOBASSO;41;PESARO E URBINO;M;19
2024/2025;90;SASSARI;16;BERGAMO;F;8
2024/2025;63;NAPOLI;60;FROSINONE;F;262
2023/2024;86;ENNA;66;L'AQUILA;M;13
2024/2025;66;L'AQUILA;15;MILANO;F;23
2024/2025;68;PESCARA;33;PIACENZA;F;7
2024/2025;42;ANCONA;38;FERRARA;F;42
2023/2024;26;TREVISO;27;VENEZIA;F;2429
2023/2024;74;BRINDISI;10;GENOVA;F;7
2024/2025;85;CALTANISSETTA;41;PESARO E URBINO;F;15
2024/2025;111;SUD SARDEGNA;18;PAVIA;M;6
2024/2025;999;PROVINCIA NON DEFINITA;73;TARANTO;F;20
2023/2024;75;LECCE;57;RIETI;F;5
2023/2024;37;BOLOGNA;99;RIMINI;F;250
2023/2024;83;MESSINA;1;TORINO;M;75
2023/2024;38;FERRARA;54;PERUGIA;F;19
2024/2025;76;POTENZA;61;CASERTA;M;8
2023/2024;21;BOLZANO;27;VENEZIA;F;46
2023/2024;12;VARESE;33;PIACENZA;F;22
2024/2025;28;PADOVA;67;TERAMO;F;6
2024/2025;71;FOGGIA;10;GENOVA;F;10
2023/2024;84;AGRIGENTO;81;TRAPANI;M;17
2024/2025;74;BRINDISI;54;PERUGIA;F;67
2023/2024;67;TERAMO;41;PESARO E URBINO;M;46
2023/2024;81;TRAPANI;82;PALERMO;M;1498
2023/2024;34;PARMA;99;RIMINI;F;9
2024/2025;16;BERGAMO;28;PADOVA;F;232
2023/2024;26;TREVISO;93;PORDENONE;F;81
2023/2024;24;VICENZA;18;PAVIA;M;5
2024/2025;33;PIACENZA;54;PERUGIA;F;12
2023/2024;68;PESCARA;38;FERRARA;F;50
2024/2025;85;CALTANISSETTA;87;CATANIA;M;762
2023/2024;111;SUD SARDEGNA;15;MILANO;M;8
2023/2024;63;NAPOLI;27;VENEZIA;M;56
2024/2025;10;GENOVA;7;AOSTA;F;5
2024/2025;6;ALESSANDRIA;2;VERCELLI;F;140
2024/2025;80;REGGIO CALABRIA;17;BRESCIA;F;13
2024/2025;54;PERUGIA;15;MILANO;F;66
2023/2024;38;FERRARA;99;RIMINI;F;25
2023/2024;4;CUNEO;9;SAVONA;F;12
2023/2024;69;CHIETI;35;REGGIO EMILIA;M;15
2023/2024;110;BARLETTA - ANDRIA - TRANI;54;PERUGIA;F;27
2024/2025;35;REGGIO EMILIA;63;NAPOLI;F;7
2024/2025;42;ANCONA;56;VITERBO;M;5
2023/2024;39;RAVENNA;15;MILANO;F;65
2023/2024;40;FORLI'-CESENA;54;PERUGIA;F;31
2024/2025;84;AGRIGENTO;43;MACERATA;F;14
2024/2025;110;BARLETTA - ANDRIA - TRANI;23;VERONA;F;7
2024/2025;999;PROVINCIA NON DEFINITA;88;RAGUSA;M;33
2023/2024;94;ISERNIA;94;ISERNIA;M;120
2023/2024;10;GENOVA;22;TRENTO;M;20
2024/2025;5;ASTI;1;TORINO;F;1042
2023/2024;71;FOGGIA;71;FOGGIA;M;9
2023/2024;86;ENNA;23;VERONA;M;8
2023/2024;3;NOVARA;90;SASSARI;F;12
2024/2025;33;PIACENZA;41;PESARO E URBINO;F;7
2024/2025;95;ORISTANO;28;PADOVA;F;29
2023/2024;999;PROVINCIA NON DEFINITA;54;PERUGIA;M;42
2024/2025;61;CASERTA;76;POTENZA;M;5
2024/2025;86;ENNA;50;PISA;F;25
2023/2024;109;FERMO;50;PISA;M;37
2023/2024;41;PESARO E URBINO;50;PISA;F;21
2023/2024;24;VICENZA;72;BARI;F;5
2023/2024;65;SALERNO;56;VITERBO;M;29
2023/2024;57;RIETI;57;RIETI;F;114
2024/2025;998;PROVINCIA ESTERA;43;MACERATA;F;688
2023/2024;81;TRAPANI;59;LATINA;F;33
2023/2024;6;ALESSANDRIA;2;VERCELLI;F;145
2024/2025;68;PESCARA;42;ANCONA;M;194
2024/2025;71;FOGGIA;12;VARESE;M;9
2024/2025;82;PALERMO;83;MESSINA;M;199
2023/2024;37;BOLOGNA;75;LECCE;M;5
2023/2024;8;IMPERIA;37;BOLOGNA;M;40
2023/2024;3;NOVARA;42;ANCONA;M;5
2023/2024;77;MATERA;3;NOVARA;F;11
2024/2025;81;TRAPANI;36;MODENA;F;32
2024/2025;88;RAGUSA;37;BOLOGNA;F;170
2023/2024;73;TARANTO;71;FOGGIA;M;25
2023/2024;5;ASTI;4;CUNEO;M;5
2024/2025;4;CUNEO;5;ASTI;M;32
2024/2025;67;TERAMO;43;MACERATA;M;95
2023/2024;89;SIRACUSA;30;UDINE;F;5
2024/2025;84;AGRIGENTO;18;PAVIA;M;93
2024/2025;76;POTENZA;58;ROMA;F;988
2023/2024;22;TRENTO;1;TORINO;F;12
2024/2025;84;AGRIGENTO;54;PERUGIA;F;44
2023/2024;53;GROSSETO;51;AREZZO;F;180
2024/2025;109;FERMO;15;MILANO;M;23
2023/2024;998;PROVINCIA ESTERA;42;ANCONA;F;439
2024/2025;16;BERGAMO;97;LECCO;M;47
2023/2024;78;COSENZA;16;BERGAMO;F;19
2024/2025;15;MILANO;83;MESSINA;F;29
2023/2024;43;MACERATA;99;RIMINI;F;18
2024/2025;63;NAPOLI;5;ASTI;F;11
2023/2024;12;VARESE;32;TRIESTE;M;6
2024/2025;20;MANTOVA;40;FORLI'-CESENA;M;8
2024/2025;71;FOGGIA;59;LATINA;F;6
2023/2024;62;BENEVENTO;28;PADOVA;F;24
2024/2025;30;UDINE;35;REGGIO EMILIA;F;9
2024/2025;102;VIBO VALENTIA;48;FIRENZE;F;56
2024/2025;88;RAGUSA;52;SIENA;F;83
2024/2025;998;PROVINCIA ESTERA;1;TORINO;M;4837
2023/2024;15;MILANO;65;SALERNO;M;7
2023/2024;24;VICENZA;10;GENOVA;M;12
2023/2024;15;MILANO;19;CREMONA;F;31
2023/2024;110;BARLETTA - ANDRIA - TRANI;38;FERRARA;M;24
2023/2024;1;TORINO;40;FORLI'-CESENA;F;42
2024/2025;76;POTENZA;15;MILANO;M;162
2023/2024;999;PROVINCIA NON DEFINITA;67;TERAMO;M;17
2023/2024;69;CHIETI;36;MODENA;M;110
2024/2025;28;PADOVA;24;VICENZA;F;306
2024/2025;58;ROMA;90;SASSARI;F;25
2024/2025;81;TRAPANI;1;TORINO;M;127
2023/2024;70;CAMPOBASSO;22;TRENTO;M;6
2023/2024;2;VERCELLI;2;VERCELLI;M;112
2023/2024;90;SASSARI;40;FORLI'-CESENA;F;34
2023/2024;63;NAPOLI;92;CAGLIARI;M;140
2024/2025;998;PROVINCIA ESTERA;37;BOLOGNA;F;1403
2024/2025;59;LATINA;1;TORINO;M;78
2023/2024;60;FROSINONE;94;ISERNIA;F;55
2024/2025;68;PESCARA;18;PAVIA;F;31
2024/2025;26;TREVISO;1;TORINO;F;94
2023/2024;99;RIMINI;36;MODENA;F;31
2024/2025;68;PESCARA;23;VERONA;M;11
2024/2025;23;VERONA;1;TORINO;F;82
2023/2024;1;TORINO;42;ANCONA;F;20
2024/2025;76;POTENZA;66;L'AQUILA;F;28
2023/2024;998;PROVINCIA ESTERA;19;CREMONA;M;8
2023/2024;78;COSENZA;100;PRATO;F;7
2024/2025;88;RAGUSA;50;PISA;M;267
2024/2025;34;PARMA;92;CAGLIARI;F;8
2024/2025;4;CUNEO;36;MODENA;F;10
2023/2024;60;FROSINONE;10;GENOVA;M;10
2023/2024;51;AREZZO;36;MODENA;M;18
2023/2024;26;TREVISO;25;BELLUNO;M;10
2023/2024;16;BERGAMO;97;LECCO;F;29
2024/2025;80;REGGIO CALABRIA;50;PISA;M;149
2023/2024;22;TRENTO;1;TORINO;M;40
2023/2024;74;BRINDISI;41;PESARO E URBINO;F;47
2023/2024;66;L'AQUILA;18;PAVIA;F;21
2023/2024;34;PARMA;40;FORLI'-CESENA;M;20
2024/2025;15;MILANO;3;NOVARA;F;735
2023/2024;65;SALERNO;69;CHIETI;F;196
2024/2025;15;MILANO;7;AOSTA;M;5
2024/2025;42;ANCONA;69;CHIETI;M;26
2023/2024;88;RAGUSA;72;BARI;M;5
2023/2024;998;PROVINCIA ESTERA;24;VICENZA;F;84
2023/2024;101;CROTONE;78;COSENZA;F;1062
2023/2024;78;COSENZA;27;VENEZIA;F;14
2024/2025;42;ANCONA;33;PIACENZA;M;6
2024/2025;95;ORISTANO;69;CHIETI;F;11
2023/2024;67;TERAMO;39;RAVENNA;M;5
2024/2025;998;PROVINCIA ESTERA;24;VICENZA;M;120
2024/2025;24;VICENZA;21;BOLZANO;M;23
2024/2025;56;VITERBO;42;ANCONA;F;8
2023/2024;68;PESCARA;41;PESARO E URBINO;M;26
2024/2025;12;VARESE;15;MILANO;F;5813
2024/2025;30;UDINE;24;VICENZA;F;14
2023/2024;37;BOLOGNA;32;TRIESTE;M;8
2024/2025;63;NAPOLI;66;L'AQUILA;M;293
2024/2025;12;VARESE;28;PADOVA;F;107
2023/2024;998;PROVINCIA ESTERA;33;PIACENZA;M;67
2024/2025;100;PRATO;27;VENEZIA;F;16
2023/2024;19;CREMONA;18;PAVIA;M;142
2024/2025;65;SALERNO;72;BARI;F;60
2024/2025;78;COSENZA;35;REGGIO EMILIA;F;28
2023/2024;3;NOVARA;34;PARMA;F;29
2023/2024;100;PRATO;28;PADOVA;F;26
2023/2024;14;SONDRIO;58;ROMA;M;12
2023/2024;46;LUCCA;28;PADOVA;F;57
2024/2025;90;SASSARI;1;TORINO;F;157
2024/2025;999;PROVINCIA NON DEFINITA;3;NOVARA;F;510
2024/2025;6;ALESSANDRIA;33;PIACENZA;M;9
2023/2024;94;ISERNIA;54;PERUGIA;M;8
2023/2024;60;FROSINONE;34;PARMA;M;12
2024/2025;35;REGGIO EMILIA;33;PIACENZA;M;17
2024/2025;84;AGRIGENTO;56;VITERBO;F;7
2023/2024;92;CAGLIARI;92;CAGLIARI;F;6372
2023/2024;69;CHIETI;52;SIENA;F;29
2024/2025;19;CREMONA;37;BOLOGNA;M;54
2024/2025;22;TRENTO;15;MILANO;M;152
2023/2024;72;BARI;18;PAVIA;M;65
2024/2025;33;PIACENZA;23;VERONA;F;10
2024/2025;87;CATANIA;27;VENEZIA;M;35
2024/2025;82;PALERMO;81;TRAPANI;M;74
2024/2025;70;CAMPOBASSO;66;L'AQUILA;M;29
2023/2024;25;BELLUNO;58;ROMA;F;48
2024/2025;16;BERGAMO;61;CASERTA;F;6
2023/2024;999;PROVINCIA NON DEFINITA;80;REGGIO CALABRIA;M;107
2024/2025;16;BERGAMO;69;CHIETI;F;14
2023/2024;71;FOGGIA;109;FERMO;F;9
2024/2025;998;PROVINCIA ESTERA;108;MONZA E BRIANZA;M;12
2023/2024;93;PORDENONE;38;FERRARA;M;52
2023/2024;87;CATANIA;83;MESSINA;M;756
2024/2025;27;VENEZIA;49;LIVORNO;M;41
2024/2025;998;PROVINCIA ESTERA;66;L'AQUILA;F;263
2024/2025;87;CATANIA;50;PISA;M;94
2024/2025;49;LIVORNO;54;PERUGIA;F;40
2024/2025;999;PROVINCIA NON DEFINITA;94;ISERNIA;M;20
2023/2024;5;ASTI;1;TORINO;M;679
2024/2025;42;ANCONA;42;ANCONA;M;2350
2024/2025;32;TRIESTE;23;VERONA;F;10
2023/2024;999;PROVINCIA NON DEFINITA;70;CAMPOBASSO;M;21
2024/2025;98;LODI;38;FERRARA;F;6
2024/2025;21;BOLZANO;12;VARESE;F;5
2023/2024;80;REGGIO CALABRIA;40;FORLI'-CESENA;M;18
2024/2025;70;CAMPOBASSO;15;MILANO;M;82
2024/2025;998;PROVINCIA ESTERA;55;TERNI;M;31
2024/2025;70;CAMPOBASSO;37;BOLOGNA;F;210
2024/2025;19;CREMONA;27;VENEZIA;M;16
2024/2025;10;GENOVA;66;L'AQUILA;M;15
2024/2025;74;BRINDISI;35;REGGIO EMILIA;F;17
2024/2025;92;CAGLIARI;32;TRIESTE;F;22
2023/2024;40;FORLI'-CESENA;48;FIRENZE;F;90
2024/2025;76;POTENZA;48;FIRENZE;F;176
2023/2024;90;SASSARI;95;ORISTANO;M;20
2023/2024;10;GENOVA;22;TRENTO;F;28
2024/2025;81;TRAPANI;43;MACERATA;F;13
2023/2024;108;MONZA E BRIANZA;33;PIACENZA;M;6
2024/2025;12;VARESE;97;LECCO;M;19
2024/2025;998;PROVINCIA ESTERA;73;TARANTO;M;6
2024/2025;108;MONZA E BRIANZA;97;LECCO;M;73
2023/2024;36;MODENA;23;VERONA;M;53
2024/2025;55;TERNI;50;PISA;M;52
2023/2024;42;ANCONA;44;ASCOLI PICENO;M;87
2023/2024;14;SONDRIO;33;PIACENZA;F;5
2024/2025;30;UDINE;27;VENEZIA;M;138
2024/2025;62;BENEVENTO;12;VARESE;F;8
2023/2024;87;CATANIA;75;LECCE;M;5
2023/2024;999;PROVINCIA NON DEFINITA;57;RIETI;M;44
2023/2024;63;NAPOLI;38;FERRARA;M;59
2023/2024;21;BOLZANO;21;BOLZANO;M;622
2023/2024;82;PALERMO;82;PALERMO;M;10568
2024/2025;1;TORINO;75;LECCE;M;5
2023/2024;74;BRINDISI;12;VARESE;M;5
2024/2025;72;BARI;37;BOLOGNA;F;291
2023/2024;63;NAPOLI;29;ROVIGO;M;5
2023/2024;24;VICENZA;23;VERONA;M;977
2023/2024;69;CHIETI;40;FORLI'-CESENA;F;34
2024/2025;999;PROVINCIA NON DEFINITA;100;PRATO;F;34
2023/2024;16;BERGAMO;35;REGGIO EMILIA;M;5
2024/2025;51;AREZZO;18;PAVIA;F;13
2023/2024;998;PROVINCIA ESTERA;50;PISA;F;974
2023/2024;44;ASCOLI PICENO;36;MODENA;F;30
2024/2025;86;ENNA;63;NAPOLI;F;8
2024/2025;999;PROVINCIA NON DEFINITA;18;PAVIA;F;97
2024/2025;51;AREZZO;100;PRATO;F;26
2023/2024;9;SAVONA;28;PADOVA;F;20
2024/2025;44;ASCOLI PICENO;66;L'AQUILA;M;115
2023/2024;25;BELLUNO;24;VICENZA;F;20
2024/2025;94;ISERNIA;32;TRIESTE;F;5
2023/2024;13;COMO;32;TRIESTE;M;11
2023/2024;27;VENEZIA;19;CREMONA;M;5
2024/2025;33;PIACENZA;50;PISA;M;10
2023/2024;10;GENOVA;9;SAVONA;M;295
2024/2025;16;BERGAMO;83;MESSINA;M;5
2024/2025;19;CREMONA;10;GENOVA;F;13
2024/2025;30;UDINE;10;GENOVA;F;9
2024/2025;2;VERCELLI;1;TORINO;M;259
2024/2025;70;CAMPOBASSO;28;PADOVA;M;39
2024/2025;16;BERGAMO;37;BOLOGNA;F;200
2023/2024;16;BERGAMO;52;SIENA;F;36
2024/2025;84;AGRIGENTO;58;ROMA;F;367
2024/2025;17;BRESCIA;38;FERRARA;F;160
2024/2025;55;TERNI;58;ROMA;M;714
2023/2024;25;BELLUNO;40;FORLI'-CESENA;M;9
2024/2025;88;RAGUSA;54;PERUGIA;F;89
2023/2024;87;CATANIA;17;BRESCIA;F;8
2023/2024;65;SALERNO;12;VARESE;F;19
2023/2024;100;PRATO;48;FIRENZE;M;1978
2023/2024;62;BENEVENTO;38;FERRARA;F;27
2023/2024;16;BERGAMO;3;NOVARA;F;28
2024/2025;82;PALERMO;54;PERUGIA;M;32
2024/2025;36;MODENA;1;TORINO;F;54
2024/2025;22;TRENTO;42;ANCONA;F;14
2024/2025;17;BRESCIA;35;REGGIO EMILIA;M;7
2024/2025;52;SIENA;15;MILANO;F;27
2023/2024;97;LECCO;50;PISA;F;11
2023/2024;94;ISERNIA;68;PESCARA;M;53
2023/2024;87;CATANIA;37;BOLOGNA;M;213
2023/2024;999;PROVINCIA NON DEFINITA;1;TORINO;M;4851
2024/2025;84;AGRIGENTO;10;GENOVA;F;31
2023/2024;5;ASTI;2;VERCELLI;M;10
2024/2025;73;TARANTO;83;MESSINA;M;13
2023/2024;70;CAMPOBASSO;36;MODENA;M;62
2023/2024;19;CREMONA;33;PIACENZA;F;137
2023/2024;74;BRINDISI;35;REGGIO EMILIA;M;15
2024/2025;998;PROVINCIA ESTERA;5;ASTI;F;30
2024/2025;32;TRIESTE;34;PARMA;F;13
2024/2025;88;RAGUSA;12;VARESE;M;9
2024/2025;49;LIVORNO;1;TORINO;F;51
2024/2025;26;TREVISO;30;UDINE;F;762
2024/2025;86;ENNA;38;FERRARA;F;22
2024/2025;68;PESCARA;67;TERAMO;F;479
2023/2024;80;REGGIO CALABRIA;36;MODENA;M;47
2023/2024;68;PESCARA;109;FERMO;F;17
2023/2024;36;MODENA;35;REGGIO EMILIA;M;888
2024/2025;108;MONZA E BRIANZA;41;PESARO E URBINO;M;6
2024/2025;65;SALERNO;41;PESARO E URBINO;M;47
2023/2024;82;PALERMO;84;AGRIGENTO;M;23
2023/2024;33;PIACENZA;35;REGGIO EMILIA;M;22
2023/2024;40;FORLI'-CESENA;1;TORINO;M;18
2024/2025;999;PROVINCIA NON DEFINITA;74;BRINDISI;M;8
2024/2025;73;TARANTO;3;NOVARA;F;6
2024/2025;999;PROVINCIA NON DEFINITA;32;TRIESTE;F;35
2024/2025;72;BARI;50;PISA;M;97
2023/2024;70;CAMPOBASSO;52;SIENA;M;15
2024/2025;22;TRENTO;10;GENOVA;M;13
2023/2024;64;AVELLINO;10;GENOVA;F;7
2023/2024;69;CHIETI;70;CAMPOBASSO;F;149
2024/2025;87;CATANIA;26;TREVISO;F;11
2024/2025;75;LECCE;33;PIACENZA;M;35
2024/2025;16;BERGAMO;21;BOLZANO;M;6
2023/2024;63;NAPOLI;27;VENEZIA;F;69
2024/2025;52;SIENA;37;BOLOGNA;M;102
2023/2024;90;SASSARI;1;TORINO;M;114
2023/2024;80;REGGIO CALABRIA;82;PALERMO;M;12
2023/2024;67;TERAMO;41;PESARO E URBINO;F;109
2023/2024;43;MACERATA;66;L'AQUILA;M;29
2024/2025;91;NUORO;32;TRIESTE;F;18
2023/2024;30;UDINE;52;SIENA;F;30
2023/2024;60;FROSINONE;62;BENEVENTO;F;5
2024/2025;110;BARLETTA - ANDRIA - TRANI;10;GENOVA;F;8
2023/2024;67;TERAMO;1;TORINO;F;50
2023/2024;63;NAPOLI;18;PAVIA;F;52
2023/2024;53;GROSSETO;51;AREZZO;M;17
2024/2025;73;TARANTO;37;BOLOGNA;F;223
2024/2025;63;NAPOLI;33;PIACENZA;M;9
2023/2024;96;BIELLA;28;PADOVA;M;21
2024/2025;41;PESARO E URBINO;1;TORINO;M;21
2023/2024;33;PIACENZA;52;SIENA;F;8
2023/2024;44;ASCOLI PICENO;37;BOLOGNA;M;266
2024/2025;90;SASSARI;23;VERONA;M;11
2024/2025;61;CASERTA;72;BARI;M;25
2024/2025;66;L'AQUILA;66;L'AQUILA;M;1985
2023/2024;76;POTENZA;34;PARMA;F;113
2024/2025;40;FORLI'-CESENA;48;FIRENZE;M;30
2024/2025;73;TARANTO;71;FOGGIA;M;22
2024/2025;6;ALESSANDRIA;38;FERRARA;M;6
2024/2025;56;VITERBO;15;MILANO;F;16
2024/2025;74;BRINDISI;49;LIVORNO;M;8
2023/2024;80;REGGIO CALABRIA;78;COSENZA;F;1485
2024/2025;95;ORISTANO;1;TORINO;F;54
2023/2024;52;SIENA;40;FORLI'-CESENA;M;8
2024/2025;108;MONZA E BRIANZA;23;VERONA;M;8
2023/2024;15;MILANO;41;PESARO E URBINO;M;24
2023/2024;42;ANCONA;109;FERMO;M;60
2024/2025;23;VERONA;30;UDINE;F;24
2023/2024;83;MESSINA;16;BERGAMO;F;11
2024/2025;8;IMPERIA;34;PARMA;F;12
2023/2024;92;CAGLIARI;15;MILANO;F;33
2023/2024;17;BRESCIA;48;FIRENZE;F;66
2024/2025;21;BOLZANO;63;NAPOLI;F;8
2023/2024;25;BELLUNO;32;TRIESTE;M;174
2024/2025;63;NAPOLI;56;VITERBO;M;78
2023/2024;61;CASERTA;60;FROSINONE;M;354
2024/2025;45;MASSA CARRARA;63;NAPOLI;M;5
2023/2024;39;RAVENNA;41;PESARO E URBINO;M;44
2024/2025;7;AOSTA;22;TRENTO;F;8
2023/2024;55;TERNI;54;PERUGIA;F;902
2024/2025;68;PESCARA;32;TRIESTE;F;8
2023/2024;63;NAPOLI;2;VERCELLI;F;8
2024/2025;71;FOGGIA;66;L'AQUILA;M;73
2024/2025;5;ASTI;15;MILANO;F;53
2023/2024;82;PALERMO;60;FROSINONE;F;5
2023/2024;47;PISTOIA;43;MACERATA;F;12
2024/2025;68;PESCARA;34;PARMA;F;41
2023/2024;4;CUNEO;9;SAVONA;M;12
2023/2024;1;TORINO;87;CATANIA;F;9
2023/2024;101;CROTONE;69;CHIETI;M;5
2023/2024;72;BARI;72;BARI;F;1515
2024/2025;85;CALTANISSETTA;79;CATANZARO;M;6
2023/2024;34;PARMA;33;PIACENZA;F;122
2023/2024;59;LATINA;15;MILANO;M;77
2023/2024;998;PROVINCIA ESTERA;43;MACERATA;F;428
2023/2024;96;BIELLA;22;TRENTO;M;9
2023/2024;998;PROVINCIA ESTERA;68;PESCARA;M;44
2024/2025;68;PESCARA;72;BARI;M;7
2024/2025;999;PROVINCIA NON DEFINITA;56;VITERBO;M;297
2023/2024;87;CATANIA;84;AGRIGENTO;F;9
2024/2025;1;TORINO;7;AOSTA;F;102
2023/2024;102;VIBO VALENTIA;36;MODENA;M;19
2023/2024;3;NOVARA;15;MILANO;M;505
2024/2025;92;CAGLIARI;34;PARMA;F;26
2023/2024;24;VICENZA;42;ANCONA;F;13
2024/2025;26;TREVISO;34;PARMA;M;39
2023/2024;3;NOVARA;3;NOVARA;M;691
2024/2025;63;NAPOLI;5;ASTI;M;10
2023/2024;81;TRAPANI;108;MONZA E BRIANZA;M;8
2023/2024;31;GORIZIA;28;PADOVA;F;64
2023/2024;27;VENEZIA;24;VICENZA;F;60
2024/2025;24;VICENZA;83;MESSINA;F;9
2023/2024;16;BERGAMO;41;PESARO E URBINO;F;30
2023/2024;75;LECCE;86;ENNA;F;6
2024/2025;10;GENOVA;10;GENOVA;M;7000
2023/2024;99;RIMINI;52;SIENA;F;10
2024/2025;87;CATANIA;85;CALTANISSETTA;M;12
2024/2025;96;BIELLA;6;ALESSANDRIA;F;41
2023/2024;37;BOLOGNA;32;TRIESTE;F;18
2024/2025;56;VITERBO;34;PARMA;F;11
2024/2025;24;VICENZA;21;BOLZANO;F;36
2023/2024;6;ALESSANDRIA;22;TRENTO;F;12
2024/2025;35;REGGIO EMILIA;37;BOLOGNA;F;755
2024/2025;41;PESARO E URBINO;50;PISA;M;24
2023/2024;8;IMPERIA;52;SIENA;M;7
2024/2025;46;LUCCA;50;PISA;F;3873
2024/2025;45;MASSA CARRARA;48;FIRENZE;F;251
2024/2025;64;AVELLINO;83;MESSINA;F;7
2024/2025;20;MANTOVA;34;PARMA;F;839
2024/2025;16;BERGAMO;44;ASCOLI PICENO;F;5
2023/2024;81;TRAPANI;90;SASSARI;F;8
2023/2024;16;BERGAMO;54;PERUGIA;M;6
2024/2025;82;PALERMO;36;MODENA;F;25
2023/2024;40;FORLI'-CESENA;58;ROMA;F;90
2024/2025;32;TRIESTE;40;FORLI'-CESENA;M;7
2023/2024;32;TRIESTE;30;UDINE;F;218
2024/2025;81;TRAPANI;75;LECCE;M;5
2024/2025;76;POTENZA;1;TORINO;M;149
2024/2025;63;NAPOLI;36;MODENA;F;68
2024/2025;3;NOVARA;43;MACERATA;M;5
2024/2025;998;PROVINCIA ESTERA;15;MILANO;M;4482
2023/2024;28;PADOVA;22;TRENTO;M;110
2024/2025;1;TORINO;66;L'AQUILA;M;21
2024/2025;22;TRENTO;37;BOLOGNA;M;267
2024/2025;30;UDINE;23;VERONA;M;18
2024/2025;81;TRAPANI;83;MESSINA;M;76
2024/2025;70;CAMPOBASSO;72;BARI;F;14
2024/2025;1;TORINO;22;TRENTO;F;43
2023/2024;26;TREVISO;11;LA SPEZIA;M;6
2024/2025;44;ASCOLI PICENO;22;TRENTO;F;20
2024/2025;9;SAVONA;27;VENEZIA;F;34
2023/2024;82;PALERMO;32;TRIESTE;M;20
2024/2025;65;SALERNO;58;ROMA;F;1683
2023/2024;34;PARMA;36;MODENA;F;179
2023/2024;72;BARI;35;REGGIO EMILIA;M;19
2024/2025;18;PAVIA;5;ASTI;F;9
2023/2024;91;NUORO;12;VARESE;M;7
2023/2024;76;POTENZA;32;TRIESTE;M;11
2023/2024;19;CREMONA;1;TORINO;M;13
2023/2024;100;PRATO;15;MILANO;M;86
2024/2025;55;TERNI;28;PADOVA;M;16
2023/2024;82;PALERMO;50;PISA;F;84
2023/2024;25;BELLUNO;21;BOLZANO;M;6
2023/2024;75;LECCE;74;BRINDISI;M;44
2023/2024;998;PROVINCIA ESTERA;82;PALERMO;M;281
2023/2024;111;SUD SARDEGNA;10;GENOVA;M;5
2023/2024;36;MODENA;66;L'AQUILA;F;8
2024/2025;58;ROMA;40;FORLI'-CESENA;M;35
2024/2025;65;SALERNO;43;MACERATA;F;30
2024/2025;2;VERCELLI;54;PERUGIA;F;7
2023/2024;73;TARANTO;32;TRIESTE;M;17
2023/2024;58;ROMA;1;TORINO;F;220
2023/2024;59;LATINA;10;GENOVA;F;13
2023/2024;49;LIVORNO;48;FIRENZE;F;696
2023/2024;82;PALERMO;25;BELLUNO;M;15
2024/2025;81;TRAPANI;18;PAVIA;M;67
2023/2024;31;GORIZIA;54;PERUGIA;F;7
2023/2024;27;VENEZIA;30;UDINE;F;305
2023/2024;1;TORINO;21;BOLZANO;M;5
2024/2025;80;REGGIO CALABRIA;15;MILANO;M;85
2024/2025;61;CASERTA;1;TORINO;F;44
2023/2024;69;CHIETI;63;NAPOLI;M;42
2023/2024;81;TRAPANI;56;VITERBO;F;22
2024/2025;78;COSENZA;71;FOGGIA;F;9
2024/2025;3;NOVARA;19;CREMONA;M;5
2024/2025;62;BENEVENTO;12;VARESE;M;6
2023/2024;11;LA SPEZIA;17;BRESCIA;F;5
2023/2024;999;PROVINCIA NON DEFINITA;75;LECCE;F;775
2024/2025;84;AGRIGENTO;48;FIRENZE;F;50
2024/2025;78;COSENZA;52;SIENA;M;67
2023/2024;100;PRATO;55;TERNI;F;6
2023/2024;69;CHIETI;23;VERONA;M;8
2023/2024;10;GENOVA;32;TRIESTE;M;10
2023/2024;30;UDINE;15;MILANO;M;141
2023/2024;51;AREZZO;50;PISA;M;123
2024/2025;53;GROSSETO;18;PAVIA;F;5
2024/2025;4;CUNEO;82;PALERMO;F;5
2024/2025;58;ROMA;11;LA SPEZIA;F;10
2024/2025;55;TERNI;69;CHIETI;F;10
2024/2025;4;CUNEO;8;IMPERIA;F;8
2024/2025;51;AREZZO;40;FORLI'-CESENA;M;27
2024/2025;998;PROVINCIA ESTERA;38;FERRARA;M;375
2023/2024;998;PROVINCIA ESTERA;79;CATANZARO;F;109
2024/2025;11;LA SPEZIA;17;BRESCIA;F;5
2024/2025;1;TORINO;71;FOGGIA;M;8
2024/2025;51;AREZZO;1;TORINO;F;15
2023/2024;64;AVELLINO;58;ROMA;F;696
2024/2025;27;VENEZIA;39;RAVENNA;F;7
2023/2024;72;BARI;37;BOLOGNA;M;246
2024/2025;102;VIBO VALENTIA;66;L'AQUILA;M;12
2024/2025;88;RAGUSA;41;PESARO E URBINO;M;18
2024/2025;83;MESSINA;41;PESARO E URBINO;F;14
2023/2024;103;VERBANO CUSIO OSSOLA;6;ALESSANDRIA;F;28
2024/2025;12;VARESE;97;LECCO;F;17
2024/2025;30;UDINE;15;MILANO;F;69
2023/2024;59;LATINA;36;MODENA;M;20
2023/2024;73;TARANTO;67;TERAMO;M;6
2024/2025;63;NAPOLI;41;PESARO E URBINO;F;43
2024/2025;111;SUD SARDEGNA;37;BOLOGNA;F;57
2023/2024;72;BARI;30;UDINE;F;16
2023/2024;79;CATANZARO;37;BOLOGNA;M;127
2023/2024;109;FERMO;67;TERAMO;F;18
2023/2024;8;IMPERIA;8;IMPERIA;M;67
2024/2025;26;TREVISO;23;VERONA;M;92
2023/2024;35;REGGIO EMILIA;16;BERGAMO;F;7
2024/2025;41;PESARO E URBINO;109;FERMO;M;10
2023/2024;28;PADOVA;36;MODENA;F;20
2023/2024;58;ROMA;69;CHIETI;F;112
2024/2025;23;VERONA;21;BOLZANO;F;42
2023/2024;111;SUD SARDEGNA;32;TRIESTE;M;7
2023/2024;56;VITERBO;50;PISA;F;95
2024/2025;54;PERUGIA;42;ANCONA;F;51
2024/2025;51;AREZZO;50;PISA;M;121
2023/2024;36;MODENA;15;MILANO;F;87
2023/2024;47;PISTOIA;52;SIENA;M;25
2023/2024;37;BOLOGNA;34;PARMA;F;192
2024/2025;63;NAPOLI;29;ROVIGO;F;11
2024/2025;64;AVELLINO;68;PESCARA;M;23
2024/2025;64;AVELLINO;99;RIMINI;F;6
2024/2025;4;CUNEO;40;FORLI'-CESENA;F;12
2024/2025;65;SALERNO;75;LECCE;F;13
2024/2025;10;GENOVA;27;VENEZIA;F;57
2023/2024;999;PROVINCIA NON DEFINITA;38;FERRARA;M;27
2023/2024;48;FIRENZE;35;REGGIO EMILIA;M;6
2024/2025;44;ASCOLI PICENO;27;VENEZIA;M;12
2023/2024;36;MODENA;23;VERONA;F;170
2024/2025;75;LECCE;92;CAGLIARI;F;6
2024/2025;998;PROVINCIA ESTERA;29;ROVIGO;M;34
2024/2025;77;MATERA;77;MATERA;F;428
2024/2025;109;FERMO;10;GENOVA;M;6
2024/2025;81;TRAPANI;30;UDINE;F;6
2023/2024;59;LATINA;65;SALERNO;F;6
2023/2024;28;PADOVA;15;MILANO;M;171
2024/2025;54;PERUGIA;28;PADOVA;F;91
2023/2024;51;AREZZO;48;FIRENZE;M;1798
2024/2025;95;ORISTANO;38;FERRARA;F;9
2024/2025;63;NAPOLI;4;CUNEO;M;14
2024/2025;21;BOLZANO;36;MODENA;F;10
2024/2025;35;REGGIO EMILIA;3;NOVARA;F;6
2024/2025;66;L'AQUILA;1;TORINO;F;35
2024/2025;84;AGRIGENTO;17;BRESCIA;M;7
2024/2025;1;TORINO;1;TORINO;M;5537
2023/2024;59;LATINA;40;FORLI'-CESENA;F;15
2023/2024;96;BIELLA;28;PADOVA;F;27
2024/2025;81;TRAPANI;10;GENOVA;M;26
2024/2025;56;VITERBO;15;MILANO;M;37
2024/2025;18;PAVIA;3;NOVARA;F;150
2024/2025;78;COSENZA;42;ANCONA;F;10
2023/2024;92;CAGLIARI;66;L'AQUILA;M;10
2024/2025;44;ASCOLI PICENO;40;FORLI'-CESENA;F;40
2024/2025;78;COSENZA;72;BARI;M;72
2024/2025;26;TREVISO;38;FERRARA;M;274
2024/2025;53;GROSSETO;38;FERRARA;M;10
2024/2025;81;TRAPANI;35;REGGIO EMILIA;M;8
2023/2024;72;BARI;72;BARI;M;8044
2024/2025;41;PESARO E URBINO;27;VENEZIA;M;16
2023/2024;98;LODI;10;GENOVA;F;12
2023/2024;77;MATERA;63;NAPOLI;F;78
2023/2024;17;BRESCIA;15;MILANO;M;660
2024/2025;44;ASCOLI PICENO;15;MILANO;F;142
2024/2025;46;LUCCA;58;ROMA;F;95
2023/2024;80;REGGIO CALABRIA;27;VENEZIA;F;20
2024/2025;998;PROVINCIA ESTERA;68;PESCARA;F;102
2024/2025;63;NAPOLI;76;POTENZA;F;24
2023/2024;24;VICENZA;37;BOLOGNA;F;332
2023/2024;66;L'AQUILA;39;RAVENNA;F;5
2024/2025;88;RAGUSA;36;MODENA;M;38
2024/2025;35;REGGIO EMILIA;22;TRENTO;F;48
2024/2025;17;BRESCIA;32;TRIESTE;M;16
2023/2024;80;REGGIO CALABRIA;87;CATANIA;M;18
2023/2024;74;BRINDISI;52;SIENA;F;34
2023/2024;54;PERUGIA;27;VENEZIA;F;46
2024/2025;6;ALESSANDRIA;18;PAVIA;F;708
2023/2024;92;CAGLIARI;10;GENOVA;M;21
2024/2025;88;RAGUSA;54;PERUGIA;M;49
2024/2025;66;L'AQUILA;37;BOLOGNA;F;101
2024/2025;29;ROVIGO;22;TRENTO;F;37
2023/2024;25;BELLUNO;93;PORDENONE;M;11
2023/2024;64;AVELLINO;70;CAMPOBASSO;F;111
2023/2024;73;TARANTO;68;PESCARA;M;24
2023/2024;56;VITERBO;40;FORLI'-CESENA;F;11
2023/2024;15;MILANO;49;LIVORNO;M;16
2024/2025;97;LECCO;97;LECCO;F;68
2024/2025;81;TRAPANI;72;BARI;F;7
2023/2024;11;LA SPEZIA;10;GENOVA;M;272
2023/2024;998;PROVINCIA ESTERA;40;FORLI'-CESENA;M;149
2023/2024;80;REGGIO CALABRIA;82;PALERMO;F;13
2023/2024;19;CREMONA;97;LECCO;F;5
2023/2024;27;VENEZIA;1;TORINO;F;12
2023/2024;65;SALERNO;33;PIACENZA;M;7
2024/2025;15;MILANO;56;VITERBO;M;11
2023/2024;12;VARESE;7;AOSTA;F;6
2023/2024;998;PROVINCIA ESTERA;58;ROMA;F;7748
2024/2025;99;RIMINI;42;ANCONA;F;116
2024/2025;34;PARMA;33;PIACENZA;M;10
2023/2024;111;SUD SARDEGNA;1;TORINO;M;25
2023/2024;52;SIENA;32;TRIESTE;M;5
2023/2024;19;CREMONA;28;PADOVA;F;53
2024/2025;1;TORINO;92;CAGLIARI;F;27
2023/2024;3;NOVARA;58;ROMA;F;47
2024/2025;71;FOGGIA;41;PESARO E URBINO;M;55
2024/2025;3;NOVARA;16;BERGAMO;M;6
2024/2025;75;LECCE;66;L'AQUILA;F;81
2023/2024;24;VICENZA;40;FORLI'-CESENA;F;44
2024/2025;99;RIMINI;66;L'AQUILA;F;6
2023/2024;9;SAVONA;12;VARESE;M;8
2024/2025;75;LECCE;42;ANCONA;F;37
2024/2025;41;PESARO E URBINO;40;FORLI'-CESENA;M;202
2023/2024;64;AVELLINO;66;L'AQUILA;F;29
2024/2025;61;CASERTA;63;NAPOLI;M;4313
2024/2025;72;BARI;18;PAVIA;F;94
2023/2024;53;GROSSETO;37;BOLOGNA;F;86
2024/2025;55;TERNI;54;PERUGIA;M;580
2024/2025;30;UDINE;18;PAVIA;M;13
2024/2025;50;PISA;63;NAPOLI;F;9
2023/2024;56;VITERBO;1;TORINO;M;14
2024/2025;44;ASCOLI PICENO;41;PESARO E URBINO;M;95
2023/2024;17;BRESCIA;26;TREVISO;F;11
2024/2025;998;PROVINCIA ESTERA;75;LECCE;M;109
2023/2024;96;BIELLA;1;TORINO;M;541
2023/2024;58;ROMA;43;MACERATA;M;95
2023/2024;97;LECCO;27;VENEZIA;M;5
2023/2024;78;COSENZA;1;TORINO;F;33
2024/2025;73;TARANTO;41;PESARO E URBINO;F;74
2023/2024;38;FERRARA;50;PISA;F;14
2023/2024;72;BARI;68;PESCARA;F;39
2023/2024;38;FERRARA;29;ROVIGO;M;9
2024/2025;103;VERBANO CUSIO OSSOLA;96;BIELLA;F;6
2024/2025;78;COSENZA;76;POTENZA;M;20
2023/2024;74;BRINDISI;42;ANCONA;M;5
2024/2025;46;LUCCA;27;VENEZIA;M;9
2023/2024;74;BRINDISI;83;MESSINA;F;6
2023/2024;9;SAVONA;15;MILANO;M;62
2023/2024;50;PISA;52;SIENA;M;50
2023/2024;92;CAGLIARI;63;NAPOLI;M;36
2023/2024;12;VARESE;54;PERUGIA;M;16
2024/2025;99;RIMINI;48;FIRENZE;M;31
2023/2024;999;PROVINCIA NON DEFINITA;61;CASERTA;F;108
2023/2024;999;PROVINCIA NON DEFINITA;34;PARMA;M;87
2023/2024;60;FROSINONE;63;NAPOLI;M;85
2024/2025;11;LA SPEZIA;52;SIENA;F;27
2023/2024;58;ROMA;22;TRENTO;M;75
2023/2024;36;MODENA;99;RIMINI;M;26
2023/2024;65;SALERNO;1;TORINO;M;104
2024/2025;3;NOVARA;54;PERUGIA;F;15
2023/2024;90;SASSARI;16;BERGAMO;F;7
2023/2024;83;MESSINA;32;TRIESTE;F;26
2023/2024;19;CREMONA;22;TRENTO;F;51
2024/2025;81;TRAPANI;33;PIACENZA;M;13
2023/2024;20;MANTOVA;22;TRENTO;M;188
2023/2024;30;UDINE;34;PARMA;F;24
2024/2025;7;AOSTA;33;PIACENZA;F;6
2024/2025;41;PESARO E URBINO;63;NAPOLI;F;11
2024/2025;91;NUORO;90;SASSARI;F;980
2023/2024;12;VARESE;18;PAVIA;M;130
2024/2025;7;AOSTA;16;BERGAMO;F;5
2023/2024;81;TRAPANI;34;PARMA;M;152
2023/2024;89;SIRACUSA;38;FERRARA;F;75
2023/2024;15;MILANO;1;TORINO;M;175
2023/2024;79;CATANZARO;15;MILANO;M;213
2023/2024;28;PADOVA;48;FIRENZE;F;68
2023/2024;61;CASERTA;30;UDINE;F;7
2024/2025;83;MESSINA;56;VITERBO;F;8
2024/2025;108;MONZA E BRIANZA;16;BERGAMO;F;634
2023/2024;81;TRAPANI;63;NAPOLI;M;14
2023/2024;18;PAVIA;35;REGGIO EMILIA;M;5
2023/2024;83;MESSINA;87;CATANIA;M;308
2024/2025;88;RAGUSA;39;RAVENNA;F;9
2023/2024;24;VICENZA;41;PESARO E URBINO;F;21
2024/2025;59;LATINA;36;MODENA;F;14
2024/2025;28;PADOVA;93;PORDENONE;F;6
2024/2025;20;MANTOVA;58;ROMA;M;31
2023/2024;42;ANCONA;10;GENOVA;M;10
2023/2024;82;PALERMO;32;TRIESTE;F;24
2023/2024;43;MACERATA;1;TORINO;F;26
2023/2024;85;CALTANISSETTA;15;MILANO;F;13
2024/2025;84;AGRIGENTO;37;BOLOGNA;F;133
2023/2024;48;FIRENZE;41;PESARO E URBINO;M;5
2024/2025;998;PROVINCIA ESTERA;21;BOLZANO;M;249
2024/2025;81;TRAPANI;37;BOLOGNA;M;115
2024/2025;93;PORDENONE;93;PORDENONE;M;170
2024/2025;998;PROVINCIA ESTERA;8;IMPERIA;F;17
2023/2024;69;CHIETI;42;ANCONA;M;324
2023/2024;998;PROVINCIA ESTERA;27;VENEZIA;F;1193
2024/2025;51;AREZZO;58;ROMA;M;92
2023/2024;50;PISA;46;LUCCA;M;8
2023/2024;19;CREMONA;63;NAPOLI;F;8
2023/2024;91;NUORO;54;PERUGIA;F;33
2023/2024;53;GROSSETO;15;MILANO;F;54
2024/2025;61;CASERTA;3;NOVARA;F;7
2024/2025;109;FERMO;48;FIRENZE;F;33
2023/2024;88;RAGUSA;82;PALERMO;M;51
2023/2024;87;CATANIA;72;BARI;F;12
2024/2025;68;PESCARA;37;BOLOGNA;M;260
2024/2025;41;PESARO E URBINO;66;L'AQUILA;M;13
2024/2025;18;PAVIA;32;TRIESTE;F;6
2024/2025;20;MANTOVA;22;TRENTO;F;225
2023/2024;43;MACERATA;37;BOLOGNA;F;285
2023/2024;18;PAVIA;16;BERGAMO;F;15
2023/2024;18;PAVIA;10;GENOVA;M;59
2023/2024;18;PAVIA;36;MODENA;F;7
2023/2024;30;UDINE;40;FORLI'-CESENA;F;32
2023/2024;15;MILANO;48;FIRENZE;F;88
2024/2025;78;COSENZA;23;VERONA;F;16
2023/2024;111;SUD SARDEGNA;10;GENOVA;F;18
2023/2024;18;PAVIA;15;MILANO;M;726
2024/2025;84;AGRIGENTO;84;AGRIGENTO;M;221
2024/2025;998;PROVINCIA ESTERA;31;GORIZIA;F;48
2024/2025;23;VERONA;20;MANTOVA;F;17
2024/2025;99;RIMINI;15;MILANO;F;199
2024/2025;109;FERMO;109;FERMO;F;98
2023/2024;65;SALERNO;6;ALESSANDRIA;F;7
2023/2024;63;NAPOLI;57;RIETI;M;5
2024/2025;83;MESSINA;27;VENEZIA;M;13
2023/2024;74;BRINDISI;15;MILANO;M;64
2023/2024;64;AVELLINO;43;MACERATA;F;11
2023/2024;73;TARANTO;50;PISA;M;153
2023/2024;18;PAVIA;39;RAVENNA;F;6
2024/2025;11;LA SPEZIA;15;MILANO;F;20
2024/2025;30;UDINE;31;GORIZIA;M;181
2024/2025;43;MACERATA;28;PADOVA;F;102
2023/2024;35;REGGIO EMILIA;20;MANTOVA;F;16
2023/2024;67;TERAMO;32;TRIESTE;M;5
2023/2024;59;LATINA;36;MODENA;F;15
2024/2025;56;VITERBO;28;PADOVA;F;27
2023/2024;109;FERMO;32;TRIESTE;M;8
2023/2024;1;TORINO;10;GENOVA;M;115
2024/2025;30;UDINE;30;UDINE;F;3306
2024/2025;102;VIBO VALENTIA;37;BOLOGNA;F;75
2024/2025;48;FIRENZE;92;CAGLIARI;F;5
2023/2024;37;BOLOGNA;39;RAVENNA;M;127
2024/2025;102;VIBO VALENTIA;15;MILANO;F;8
2024/2025;108;MONZA E BRIANZA;63;NAPOLI;M;6
2023/2024;57;RIETI;28;PADOVA;F;11
2023/2024;26;TREVISO;99;RIMINI;F;23
2023/2024;76;POTENZA;48;FIRENZE;M;124
2023/2024;80;REGGIO CALABRIA;80;REGGIO CALABRIA;F;2338
2024/2025;91;NUORO;15;MILANO;F;8
2023/2024;94;ISERNIA;50;PISA;M;21
2024/2025;103;VERBANO CUSIO OSSOLA;58;ROMA;F;20
2023/2024;102;VIBO VALENTIA;16;BERGAMO;M;6
2023/2024;77;MATERA;69;CHIETI;M;24
2024/2025;17;BRESCIA;20;MANTOVA;M;7
2024/2025;24;VICENZA;29;ROVIGO;F;173
2024/2025;98;LODI;37;BOLOGNA;M;8
2024/2025;72;BARI;49;LIVORNO;M;14
2023/2024;89;SIRACUSA;3;NOVARA;F;11
2023/2024;50;PISA;23;VERONA;F;7
2023/2024;79;CATANZARO;15;MILANO;F;35
2024/2025;96;BIELLA;7;AOSTA;F;50
2023/2024;24;VICENZA;12;VARESE;M;5
2024/2025;88;RAGUSA;83;MESSINA;M;150
2024/2025;111;SUD SARDEGNA;52;SIENA;F;9
2023/2024;83;MESSINA;84;AGRIGENTO;F;5
2023/2024;93;PORDENONE;31;GORIZIA;M;58
2023/2024;50;PISA;15;MILANO;F;25
2023/2024;40;FORLI'-CESENA;15;MILANO;M;110
2024/2025;3;NOVARA;37;BOLOGNA;F;38
2024/2025;74;BRINDISI;69;CHIETI;M;37
2024/2025;65;SALERNO;51;AREZZO;M;5
2023/2024;6;ALESSANDRIA;33;PIACENZA;F;21
2024/2025;2;VERCELLI;6;ALESSANDRIA;M;98
2023/2024;88;RAGUSA;79;CATANZARO;F;10
2024/2025;1;TORINO;96;BIELLA;F;59
2023/2024;40;FORLI'-CESENA;58;ROMA;M;40
2024/2025;24;VICENZA;38;FERRARA;F;812
2023/2024;6;ALESSANDRIA;16;BERGAMO;M;6
2023/2024;51;AREZZO;50;PISA;F;110
2023/2024;999;PROVINCIA NON DEFINITA;37;BOLOGNA;F;1680
2023/2024;65;SALERNO;34;PARMA;F;68
2023/2024;17;BRESCIA;90;SASSARI;F;14
2023/2024;77;MATERA;50;PISA;F;86
2023/2024;103;VERBANO CUSIO OSSOLA;2;VERCELLI;F;30
2024/2025;4;CUNEO;28;PADOVA;M;12
2023/2024;89;SIRACUSA;73;TARANTO;M;13
2024/2025;13;COMO;17;BRESCIA;F;10
2023/2024;46;LUCCA;50;PISA;M;3231
2024/2025;10;GENOVA;40;FORLI'-CESENA;F;21
2023/2024;55;TERNI;39;RAVENNA;F;7
2023/2024;1;TORINO;15;MILANO;M;459
2024/2025;81;TRAPANI;54;PERUGIA;M;48
2024/2025;109;FERMO;54;PERUGIA;F;109
2024/2025;58;ROMA;22;TRENTO;F;108
2023/2024;3;NOVARA;36;MODENA;M;5
2023/2024;98;LODI;41;PESARO E URBINO;M;6
2023/2024;26;TREVISO;83;MESSINA;F;10
2024/2025;60;FROSINONE;63;NAPOLI;M;78
2023/2024;33;PIACENZA;40;FORLI'-CESENA;M;5
2023/2024;66;L'AQUILA;48;FIRENZE;M;24
2023/2024;67;TERAMO;42;ANCONA;F;168
2024/2025;49;LIVORNO;66;L'AQUILA;M;10
2024/2025;14;SONDRIO;54;PERUGIA;F;15
2024/2025;19;CREMONA;58;ROMA;F;35
2023/2024;58;ROMA;57;RIETI;M;41
2024/2025;14;SONDRIO;16;BERGAMO;F;120
2023/2024;67;TERAMO;69;CHIETI;M;317
2023/2024;28;PADOVA;37;BOLOGNA;F;296
2023/2024;53;GROSSETO;58;ROMA;F;291
2024/2025;84;AGRIGENTO;32;TRIESTE;M;17
2023/2024;84;AGRIGENTO;72;BARI;F;11
2023/2024;8;IMPERIA;27;VENEZIA;M;7
2024/2025;79;CATANZARO;32;TRIESTE;M;5
2024/2025;73;TARANTO;49;LIVORNO;F;6
2024/2025;91;NUORO;37;BOLOGNA;M;57
2023/2024;41;PESARO E URBINO;27;VENEZIA;F;58
2023/2024;52;SIENA;36;MODENA;M;18
2023/2024;92;CAGLIARI;12;VARESE;M;8
2023/2024;66;L'AQUILA;50;PISA;F;36
2023/2024;15;MILANO;42;ANCONA;M;23
2024/2025;97;LECCO;3;NOVARA;F;10
2023/2024;60;FROSINONE;70;CAMPOBASSO;F;36
2023/2024;998;PROVINCIA ESTERA;78;COSENZA;M;555
2023/2024;46;LUCCA;48;FIRENZE;M;325
2023/2024;13;COMO;12;VARESE;F;618
2023/2024;58;ROMA;38;FERRARA;M;45
2024/2025;93;PORDENONE;26;TREVISO;M;42
2023/2024;15;MILANO;27;VENEZIA;F;196
2023/2024;79;CATANZARO;54;PERUGIA;M;20
2024/2025;82;PALERMO;26;TREVISO;F;6
2023/2024;82;PALERMO;16;BERGAMO;F;16
2024/2025;22;TRENTO;12;VARESE;F;8
2024/2025;76;POTENZA;79;CATANZARO;F;16
2023/2024;17;BRESCIA;18;PAVIA;F;235
2024/2025;44;ASCOLI PICENO;15;MILANO;M;91
2023/2024;57;RIETI;22;TRENTO;F;7
2023/2024;83;MESSINA;78;COSENZA;F;7
2024/2025;63;NAPOLI;75;LECCE;M;24
2023/2024;59;LATINA;65;SALERNO;M;9
2024/2025;19;CREMONA;98;LODI;M;15
2024/2025;75;LECCE;65;SALERNO;F;9
2024/2025;103;VERBANO CUSIO OSSOLA;16;BERGAMO;M;5
2023/2024;100;PRATO;22;TRENTO;F;11
2023/2024;22;TRENTO;21;BOLZANO;F;408
2024/2025;18;PAVIA;10;GENOVA;F;164
2023/2024;77;MATERA;1;TORINO;M;92
2023/2024;42;ANCONA;1;TORINO;M;33
2024/2025;44;ASCOLI PICENO;27;VENEZIA;F;25
2023/2024;87;CATANIA;35;REGGIO EMILIA;M;21
2024/2025;70;CAMPOBASSO;1;TORINO;M;120
2024/2025;41;PESARO E URBINO;28;PADOVA;M;55
2024/2025;35;REGGIO EMILIA;39;RAVENNA;F;24
2023/2024;74;BRINDISI;30;UDINE;F;5
2024/2025;22;TRENTO;30;UDINE;F;27
2023/2024;28;PADOVA;43;MACERATA;M;5
2023/2024;18;PAVIA;41;PESARO E URBINO;F;7
2023/2024;51;AREZZO;63;NAPOLI;M;7
2023/2024;37;BOLOGNA;69;CHIETI;F;12
2023/2024;90;SASSARI;48;FIRENZE;F;90
2023/2024;17;BRESCIA;27;VENEZIA;F;221
2024/2025;54;PERUGIA;82;PALERMO;M;5
2023/2024;54;PERUGIA;79;CATANZARO;F;6
2023/2024;17;BRESCIA;79;CATANZARO;F;10
2024/2025;17;BRESCIA;39;RAVENNA;F;10
2024/2025;17;BRESCIA;63;NAPOLI;F;12
2024/2025;79;CATANZARO;63;NAPOLI;F;75
2024/2025;6;ALESSANDRIA;2;VERCELLI;M;94
2023/2024;53;GROSSETO;10;GENOVA;F;6
2023/2024;90;SASSARI;12;VARESE;M;7
2024/2025;92;CAGLIARI;66;L'AQUILA;F;14
2023/2024;81;TRAPANI;10;GENOVA;M;28
2023/2024;78;COSENZA;43;MACERATA;F;13
2024/2025;999;PROVINCIA NON DEFINITA;5;ASTI;M;33
2023/2024;84;AGRIGENTO;54;PERUGIA;F;52
2023/2024;73;TARANTO;18;PAVIA;M;51
2024/2025;97;LECCO;97;LECCO;M;13
2023/2024;998;PROVINCIA ESTERA;18;PAVIA;F;1546
2024/2025;74;BRINDISI;17;BRESCIA;F;6
2024/2025;89;SIRACUSA;23;VERONA;F;24
2023/2024;89;SIRACUSA;16;BERGAMO;F;9
2023/2024;61;CASERTA;52;SIENA;M;22
2024/2025;999;PROVINCIA NON DEFINITA;90;SASSARI;F;380
2024/2025;47;PISTOIA;50;PISA;F;508
2023/2024;71;FOGGIA;34;PARMA;M;161
2024/2025;22;TRENTO;50;PISA;M;32
2023/2024;66;L'AQUILA;67;TERAMO;M;132
2024/2025;27;VENEZIA;52;SIENA;M;10
2023/2024;97;LECCO;27;VENEZIA;F;23
2024/2025;77;MATERA;72;BARI;M;366
2023/2024;51;AREZZO;99;RIMINI;F;12
2024/2025;84;AGRIGENTO;33;PIACENZA;F;11
2024/2025;47;PISTOIA;15;MILANO;M;35
2023/2024;27;VENEZIA;34;PARMA;M;29
2024/2025;46;LUCCA;27;VENEZIA;F;36
2023/2024;12;VARESE;55;TERNI;F;5
2023/2024;28;PADOVA;27;VENEZIA;M;913
2023/2024;55;TERNI;40;FORLI'-CESENA;M;13
2024/2025;69;CHIETI;42;ANCONA;M;321
2023/2024;80;REGGIO CALABRIA;59;LATINA;F;8
2024/2025;62;BENEVENTO;40;FORLI'-CESENA;F;14
2023/2024;75;LECCE;30;UDINE;M;9
2023/2024;64;AVELLINO;54;PERUGIA;F;92
2024/2025;103;VERBANO CUSIO OSSOLA;54;PERUGIA;M;7
2023/2024;40;FORLI'-CESENA;21;BOLZANO;F;7
2023/2024;65;SALERNO;18;PAVIA;M;50
2024/2025;78;COSENZA;40;FORLI'-CESENA;F;14
2024/2025;101;CROTONE;1;TORINO;F;38
2024/2025;999;PROVINCIA NON DEFINITA;88;RAGUSA;F;43
2023/2024;76;POTENZA;52;SIENA;M;73
2023/2024;111;SUD SARDEGNA;90;SASSARI;F;160
2024/2025;30;UDINE;21;BOLZANO;M;8
2023/2024;35;REGGIO EMILIA;99;RIMINI;M;12
2024/2025;21;BOLZANO;37;BOLOGNA;F;116
2024/2025;110;BARLETTA - ANDRIA - TRANI;23;VERONA;M;8
2024/2025;27;VENEZIA;59;LATINA;M;5
2023/2024;15;MILANO;30;UDINE;M;10
2024/2025;998;PROVINCIA ESTERA;26;TREVISO;F;120
2023/2024;81;TRAPANI;34;PARMA;F;238
2024/2025;83;MESSINA;87;CATANIA;F;367
2024/2025;14;SONDRIO;58;ROMA;F;24
2023/2024;6;ALESSANDRIA;18;PAVIA;M;505
2024/2025;87;CATANIA;54;PERUGIA;M;32
2023/2024;51;AREZZO;1;TORINO;M;23
2023/2024;999;PROVINCIA NON DEFINITA;81;TRAPANI;F;27
2024/2025;79;CATANZARO;15;MILANO;M;68
2023/2024;30;UDINE;34;PARMA;M;15
2023/2024;36;MODENA;54;PERUGIA;M;8
2024/2025;998;PROVINCIA ESTERA;36;MODENA;M;324
2024/2025;1;TORINO;33;PIACENZA;M;10
2024/2025;17;BRESCIA;15;MILANO;M;654
2023/2024;54;PERUGIA;58;ROMA;F;579
2023/2024;25;BELLUNO;43;MACERATA;F;6
2024/2025;78;COSENZA;65;SALERNO;M;41
2023/2024;85;CALTANISSETTA;50;PISA;F;81
2023/2024;87;CATANIA;10;GENOVA;M;19
2024/2025;69;CHIETI;44;ASCOLI PICENO;F;20
2024/2025;76;POTENZA;32;TRIESTE;M;12
2024/2025;52;SIENA;52;SIENA;M;1503
2024/2025;998;PROVINCIA ESTERA;83;MESSINA;M;1453
2024/2025;15;MILANO;19;CREMONA;M;38
2023/2024;58;ROMA;37;BOLOGNA;M;251
2024/2025;21;BOLZANO;39;RAVENNA;F;5
2023/2024;61;CASERTA;15;MILANO;F;37
2023/2024;1;TORINO;61;CASERTA;M;6
2024/2025;35;REGGIO EMILIA;54;PERUGIA;F;19
2024/2025;4;CUNEO;66;L'AQUILA;M;5
2024/2025;64;AVELLINO;86;ENNA;F;6
2024/2025;34;PARMA;32;TRIESTE;F;7
2023/2024;97;LECCO;38;FERRARA;F;7
2023/2024;55;TERNI;22;TRENTO;M;11
2023/2024;66;L'AQUILA;1;TORINO;F;29
2023/2024;74;BRINDISI;41;PESARO E URBINO;M;31
2023/2024;44;ASCOLI PICENO;1;TORINO;F;22
2024/2025;36;MODENA;69;CHIETI;F;8
2023/2024;53;GROSSETO;54;PERUGIA;M;33
2023/2024;76;POTENZA;67;TERAMO;F;12
2024/2025;99;RIMINI;22;TRENTO;M;18
2023/2024;28;PADOVA;22;TRENTO;F;173
2024/2025;100;PRATO;55;TERNI;F;5
2023/2024;67;TERAMO;34;PARMA;F;39
2024/2025;10;GENOVA;21;BOLZANO;F;9
2024/2025;99;RIMINI;41;PESARO E URBINO;F;1054
2024/2025;87;CATANIA;1;TORINO;F;71
2023/2024;63;NAPOLI;67;TERAMO;M;20
2023/2024;67;TERAMO;44;ASCOLI PICENO;M;80
2024/2025;59;LATINA;66;L'AQUILA;F;108
2023/2024;78;COSENZA;55;TERNI;F;9
2024/2025;56;VITERBO;16;BERGAMO;F;8
2024/2025;998;PROVINCIA ESTERA;83;MESSINA;F;1188
2024/2025;79;CATANZARO;54;PERUGIA;F;44
2023/2024;79;CATANZARO;12;VARESE;F;7
2024/2025;66;L'AQUILA;16;BERGAMO;F;8
2023/2024;87;CATANIA;10;GENOVA;F;22
2023/2024;53;GROSSETO;1;TORINO;F;5
2024/2025;12;VARESE;54;PERUGIA;M;10
2024/2025;35;REGGIO EMILIA;37;BOLOGNA;M;623
2024/2025;59;LATINA;72;BARI;M;9
2024/2025;21;BOLZANO;27;VENEZIA;M;28
2024/2025;21;BOLZANO;15;MILANO;M;86
2024/2025;6;ALESSANDRIA;33;PIACENZA;F;24
2024/2025;90;SASSARI;1;TORINO;M;90
2023/2024;84;AGRIGENTO;15;MILANO;M;193
2024/2025;61;CASERTA;42;ANCONA;F;9
2024/2025;60;FROSINONE;50;PISA;M;52
2024/2025;71;FOGGIA;40;FORLI'-CESENA;F;30
2024/2025;41;PESARO E URBINO;58;ROMA;F;193
2024/2025;34;PARMA;11;LA SPEZIA;F;6
2024/2025;103;VERBANO CUSIO OSSOLA;1;TORINO;M;56
2023/2024;25;BELLUNO;26;TREVISO;F;50
2024/2025;16;BERGAMO;54;PERUGIA;F;44
2024/2025;23;VERONA;43;MACERATA;F;5
2023/2024;72;BARI;12;VARESE;F;8
2023/2024;8;IMPERIA;48;FIRENZE;F;27
2024/2025;37;BOLOGNA;69;CHIETI;F;14
2023/2024;45;MASSA CARRARA;11;LA SPEZIA;F;63
2024/2025;12;VARESE;34;PARMA;M;36
2024/2025;65;SALERNO;37;BOLOGNA;F;285
2024/2025;54;PERUGIA;52;SIENA;M;59
2024/2025;22;TRENTO;33;PIACENZA;M;6
2024/2025;97;LECCO;21;BOLZANO;F;6
2024/2025;63;NAPOLI;44;ASCOLI PICENO;F;7
2023/2024;41;PESARO E URBINO;58;ROMA;M;84
2024/2025;71;FOGGIA;52;SIENA;M;31
2023/2024;63;NAPOLI;69;CHIETI;F;207
2024/2025;1;TORINO;44;ASCOLI PICENO;F;8
2024/2025;101;CROTONE;63;NAPOLI;M;21
2023/2024;27;VENEZIA;69;CHIETI;F;15
2024/2025;40;FORLI'-CESENA;43;MACERATA;F;15
2023/2024;58;ROMA;10;GENOVA;M;63
2023/2024;26;TREVISO;40;FORLI'-CESENA;M;35
2023/2024;73;TARANTO;39;RAVENNA;F;14
2023/2024;69;CHIETI;68;PESCARA;F;974
2023/2024;42;ANCONA;1;TORINO;F;23
2024/2025;16;BERGAMO;108;MONZA E BRIANZA;M;53
2024/2025;42;ANCONA;34;PARMA;F;52
2024/2025;78;COSENZA;23;VERONA;M;12
2023/2024;102;VIBO VALENTIA;37;BOLOGNA;M;61
2024/2025;75;LECCE;56;VITERBO;M;72
2024/2025;108;MONZA E BRIANZA;54;PERUGIA;M;5
2024/2025;35;REGGIO EMILIA;27;VENEZIA;M;14
2024/2025;74;BRINDISI;40;FORLI'-CESENA;M;11
2024/2025;110;BARLETTA - ANDRIA - TRANI;42;ANCONA;F;8
2024/2025;90;SASSARI;11;LA SPEZIA;M;7
2024/2025;76;POTENZA;77;MATERA;M;31
2023/2024;999;PROVINCIA NON DEFINITA;21;BOLZANO;M;11
2023/2024;16;BERGAMO;61;CASERTA;F;5
2023/2024;82;PALERMO;58;ROMA;F;645
2023/2024;79;CATANZARO;41;PESARO E URBINO;F;10
2023/2024;82;PALERMO;25;BELLUNO;F;7
2024/2025;73;TARANTO;66;L'AQUILA;M;74
2023/2024;25;BELLUNO;18;PAVIA;F;6
2024/2025;74;BRINDISI;74;BRINDISI;F;171
2023/2024;42;ANCONA;23;VERONA;F;29
2024/2025;53;GROSSETO;66;L'AQUILA;F;8
2024/2025;80;REGGIO CALABRIA;15;MILANO;F;35
2023/2024;77;MATERA;28;PADOVA;F;41
2024/2025;81;TRAPANI;41;PESARO E URBINO;M;9
2024/2025;25;BELLUNO;43;MACERATA;F;6
2024/2025;10;GENOVA;90;SASSARI;F;9
2023/2024;3;NOVARA;19;CREMONA;M;6
2024/2025;110;BARLETTA - ANDRIA - TRANI;52;SIENA;M;10
2023/2024;73;TARANTO;83;MESSINA;M;13
2023/2024;84;AGRIGENTO;38;FERRARA;F;94
2024/2025;65;SALERNO;75;LECCE;M;8
2024/2025;101;CROTONE;50;PISA;M;66
2023/2024;90;SASSARI;63;NAPOLI;M;10
2023/2024;10;GENOVA;6;ALESSANDRIA;F;6
2023/2024;38;FERRARA;28;PADOVA;F;265
2024/2025;48;FIRENZE;10;GENOVA;M;11
2024/2025;81;TRAPANI;81;TRAPANI;M;246
2024/2025;60;FROSINONE;56;VITERBO;F;57
2023/2024;43;MACERATA;22;TRENTO;F;46
2023/2024;4;CUNEO;92;CAGLIARI;F;8
2024/2025;58;ROMA;54;PERUGIA;M;152
2024/2025;10;GENOVA;32;TRIESTE;F;10
2024/2025;27;VENEZIA;66;L'AQUILA;F;14
2024/2025;30;UDINE;66;L'AQUILA;M;10
2023/2024;42;ANCONA;11;LA SPEZIA;M;6
2024/2025;17;BRESCIA;20;MANTOVA;F;14
2023/2024;25;BELLUNO;93;PORDENONE;F;7
2023/2024;41;PESARO E URBINO;43;MACERATA;M;42
2023/2024;999;PROVINCIA NON DEFINITA;41;PESARO E URBINO;F;17
2023/2024;34;PARMA;28;PADOVA;F;49
2024/2025;53;GROSSETO;51;AREZZO;F;180
2023/2024;73;TARANTO;51;AREZZO;F;5
2024/2025;55;TERNI;18;PAVIA;M;13
2024/2025;12;VARESE;3;NOVARA;F;231
2023/2024;85;CALTANISSETTA;12;VARESE;F;11
2023/2024;73;TARANTO;75;LECCE;F;1550
2024/2025;1;TORINO;27;VENEZIA;F;119
2024/2025;41;PESARO E URBINO;27;VENEZIA;F;54
2024/2025;43;MACERATA;99;RIMINI;F;22
2024/2025;65;SALERNO;77;MATERA;M;10
2024/2025;43;MACERATA;54;PERUGIA;F;363
2023/2024;19;CREMONA;33;PIACENZA;M;95
2024/2025;69;CHIETI;1;TORINO;F;81
2024/2025;75;LECCE;74;BRINDISI;F;78
2024/2025;41;PESARO E URBINO;15;MILANO;F;196
2023/2024;99;RIMINI;28;PADOVA;F;90
2023/2024;82;PALERMO;86;ENNA;F;142
2023/2024;14;SONDRIO;27;VENEZIA;F;22
2023/2024;54;PERUGIA;55;TERNI;F;164
2024/2025;1;TORINO;2;VERCELLI;F;126
2023/2024;998;PROVINCIA ESTERA;48;FIRENZE;F;1942
2024/2025;90;SASSARI;82;PALERMO;F;6
2023/2024;79;CATANZARO;23;VERONA;F;10
2023/2024;15;MILANO;99;RIMINI;F;14
2023/2024;51;AREZZO;48;FIRENZE;F;2461
2023/2024;82;PALERMO;87;CATANIA;M;40
2023/2024;22;TRENTO;10;GENOVA;M;13
2024/2025;43;MACERATA;1;TORINO;M;29
2023/2024;88;RAGUSA;58;ROMA;F;441
2024/2025;7;AOSTA;28;PADOVA;M;12
2024/2025;998;PROVINCIA ESTERA;72;BARI;F;383
2023/2024;43;MACERATA;58;ROMA;F;296
2024/2025;67;TERAMO;67;TERAMO;M;674
2024/2025;80;REGGIO CALABRIA;23;VERONA;F;17
2024/2025;78;COSENZA;80;REGGIO CALABRIA;F;84
2023/2024;19;CREMONA;22;TRENTO;M;35
2024/2025;58;ROMA;10;GENOVA;M;62
2023/2024;103;VERBANO CUSIO OSSOLA;15;MILANO;M;392
2024/2025;47;PISTOIA;100;PRATO;F;57
2023/2024;55;TERNI;37;BOLOGNA;F;96
2023/2024;15;MILANO;66;L'AQUILA;M;22
2023/2024;68;PESCARA;68;PESCARA;F;1026
2024/2025;44;ASCOLI PICENO;1;TORINO;F;20
2024/2025;89;SIRACUSA;36;MODENA;F;14
2024/2025;34;PARMA;58;ROMA;F;88
2024/2025;998;PROVINCIA ESTERA;71;FOGGIA;M;30
2023/2024;33;PIACENZA;22;TRENTO;F;17
2024/2025;6;ALESSANDRIA;5;ASTI;F;121
2024/2025;16;BERGAMO;4;CUNEO;F;5
2024/2025;76;POTENZA;43;MACERATA;F;23
2023/2024;58;ROMA;42;ANCONA;F;32
2024/2025;76;POTENZA;43;MACERATA;M;14
2023/2024;22;TRENTO;16;BERGAMO;M;20
2024/2025;8;IMPERIA;40;FORLI'-CESENA;F;8
2023/2024;71;FOGGIA;110;BARLETTA - ANDRIA - TRANI;M;17
2024/2025;110;BARLETTA - ANDRIA - TRANI;36;MODENA;M;19
2023/2024;73;TARANTO;77;MATERA;M;40
2023/2024;58;ROMA;56;VITERBO;F;847
2024/2025;101;CROTONE;41;PESARO E URBINO;M;5
2023/2024;84;AGRIGENTO;83;MESSINA;F;322
2024/2025;87;CATANIA;54;PERUGIA;F;52
2024/2025;49;LIVORNO;10;GENOVA;M;13
2024/2025;102;VIBO VALENTIA;36;MODENA;M;20
2023/2024;14;SONDRIO;38;FERRARA;M;5
2024/2025;30;UDINE;41;PESARO E URBINO;M;10
2024/2025;22;TRENTO;1;TORINO;F;82
2024/2025;100;PRATO;11;LA SPEZIA;M;5
2023/2024;79;CATANZARO;72;BARI;F;6
2024/2025;99;RIMINI;23;VERONA;M;6
2023/2024;65;SALERNO;1;TORINO;F;148
2024/2025;81;TRAPANI;27;VENEZIA;M;14
2023/2024;79;CATANZARO;18;PAVIA;M;27
2024/2025;78;COSENZA;63;NAPOLI;M;121
2023/2024;28;PADOVA;18;PAVIA;M;12
2023/2024;4;CUNEO;15;MILANO;M;150
2023/2024;78;COSENZA;36;MODENA;F;41
2023/2024;92;CAGLIARI;91;NUORO;M;10
2023/2024;998;PROVINCIA ESTERA;90;SASSARI;F;155
2024/2025;23;VERONA;50;PISA;F;24
2024/2025;84;AGRIGENTO;40;FORLI'-CESENA;M;14
2024/2025;16;BERGAMO;41;PESARO E URBINO;M;8
2024/2025;28;PADOVA;32;TRIESTE;M;47
2023/2024;43;MACERATA;63;NAPOLI;F;15
2024/2025;10;GENOVA;15;MILANO;M;133
2023/2024;98;LODI;33;PIACENZA;M;100
2023/2024;6;ALESSANDRIA;68;PESCARA;M;9
2023/2024;68;PESCARA;12;VARESE;M;5
2024/2025;22;TRENTO;43;MACERATA;M;7
2023/2024;89;SIRACUSA;87;CATANIA;M;1740
2024/2025;59;LATINA;63;NAPOLI;M;299
2023/2024;69;CHIETI;38;FERRARA;F;91
2024/2025;16;BERGAMO;15;MILANO;M;2898
2024/2025;44;ASCOLI PICENO;70;CAMPOBASSO;F;6
2024/2025;71;FOGGIA;69;CHIETI;F;490
2023/2024;74;BRINDISI;66;L'AQUILA;F;30
2023/2024;59;LATINA;73;TARANTO;M;12
2023/2024;20;MANTOVA;1;TORINO;M;22
2023/2024;15;MILANO;6;ALESSANDRIA;M;91
2024/2025;73;TARANTO;71;FOGGIA;F;39
2023/2024;4;CUNEO;27;VENEZIA;M;17
2024/2025;1;TORINO;98;LODI;F;7
2024/2025;25;BELLUNO;1;TORINO;F;19
2023/2024;99;RIMINI;54;PERUGIA;F;21
2023/2024;4;CUNEO;69;CHIETI;F;6
2023/2024;89;SIRACUSA;1;TORINO;M;106
2023/2024;41;PESARO E URBINO;109;FERMO;M;6
2023/2024;6;ALESSANDRIA;18;PAVIA;F;695
2024/2025;35;REGGIO EMILIA;18;PAVIA;M;12
2024/2025;91;NUORO;90;SASSARI;M;449
2023/2024;34;PARMA;97;LECCO;F;5
2024/2025;67;TERAMO;15;MILANO;F;132
2023/2024;20;MANTOVA;20;MANTOVA;M;25
2023/2024;3;NOVARA;15;MILANO;F;203
2024/2025;28;PADOVA;34;PARMA;F;47
2023/2024;55;TERNI;1;TORINO;F;27
2024/2025;44;ASCOLI PICENO;22;TRENTO;M;8
2024/2025;80;REGGIO CALABRIA;79;CATANZARO;M;388
2024/2025;10;GENOVA;9;SAVONA;F;300
2024/2025;79;CATANZARO;12;VARESE;M;7
2023/2024;31;GORIZIA;31;GORIZIA;F;135
2023/2024;23;VERONA;20;MANTOVA;F;39
2023/2024;4;CUNEO;58;ROMA;F;80
2023/2024;13;COMO;21;BOLZANO;F;11
2024/2025;16;BERGAMO;33;PIACENZA;F;22
2023/2024;1;TORINO;79;CATANZARO;F;15
2023/2024;103;VERBANO CUSIO OSSOLA;15;MILANO;M;167
2024/2025;71;FOGGIA;48;FIRENZE;M;65
2023/2024;102;VIBO VALENTIA;41;PESARO E URBINO;M;5
2024/2025;92;CAGLIARI;32;TRIESTE;M;12
2024/2025;91;NUORO;23;VERONA;F;12
2023/2024;92;CAGLIARI;36;MODENA;F;11
2024/2025;80;REGGIO CALABRIA;86;ENNA;F;45
2024/2025;43;MACERATA;1;TORINO;M;58
2024/2025;49;LIVORNO;1;TORINO;M;18
2024/2025;109;FERMO;34;PARMA;M;20
2024/2025;45;MASSA CARRARA;50;PISA;M;1301
2023/2024;47;PISTOIA;55;TERNI;F;5
2024/2025;98;LODI;10;GENOVA;F;11
2023/2024;58;ROMA;39;RAVENNA;F;18
2024/2025;73;TARANTO;1;TORINO;M;220
2023/2024;71;FOGGIA;17;BRESCIA;F;6
2023/2024;17;BRESCIA;48;FIRENZE;M;37
2024/2025;18;PAVIA;90;SASSARI;F;6
2023/2024;27;VENEZIA;49;LIVORNO;M;38
2024/2025;12;VARESE;7;AOSTA;F;6
2023/2024;6;ALESSANDRIA;28;PADOVA;F;24
2024/2025;16;BERGAMO;15;MILANO;M;1445
2023/2024;41;PESARO E URBINO;1;TORINO;F;14
2023/2024;54;PERUGIA;32;TRIESTE;M;12
2023/2024;60;FROSINONE;17;BRESCIA;F;5
2023/2024;26;TREVISO;31;GORIZIA;F;49
2024/2025;10;GENOVA;41;PESARO E URBINO;M;6
2023/2024;46;LUCCA;15;MILANO;M;30
2024/2025;72;BARI;87;CATANIA;F;9
2023/2024;998;PROVINCIA ESTERA;42;ANCONA;M;459
2024/2025;65;SALERNO;31;GORIZIA;M;5
2023/2024;108;MONZA E BRIANZA;97;LECCO;F;38
2024/2025;25;BELLUNO;18;PAVIA;M;7
2024/2025;19;CREMONA;10;GENOVA;M;9
2023/2024;76;POTENZA;61;CASERTA;M;9
2023/2024;1;TORINO;55;TERNI;M;6
2023/2024;998;PROVINCIA ESTERA;15;MILANO;M;746
2024/2025;999;PROVINCIA NON DEFINITA;22;TRENTO;F;58
2023/2024;44;ASCOLI PICENO;99;RIMINI;F;8
2023/2024;58;ROMA;70;CAMPOBASSO;M;22
2023/2024;70;CAMPOBASSO;60;FROSINONE;F;15
2023/2024;24;VICENZA;25;BELLUNO;F;12
2024/2025;71;FOGGIA;75;LECCE;M;13
2023/2024;3;NOVARA;4;CUNEO;M;5
2023/2024;14;SONDRIO;15;MILANO;M;566
2023/2024;18;PAVIA;19;CREMONA;F;14
2024/2025;28;PADOVA;30;UDINE;F;38
2023/2024;5;ASTI;66;L'AQUILA;M;5
2023/2024;48;FIRENZE;46;LUCCA;M;5
2024/2025;59;LATINA;38;FERRARA;F;22
2024/2025;13;COMO;58;ROMA;M;30
2023/2024;60;FROSINONE;22;TRENTO;M;12
2024/2025;92;CAGLIARI;10;GENOVA;F;20
2023/2024;85;CALTANISSETTA;37;BOLOGNA;M;78
2024/2025;69;CHIETI;37;BOLOGNA;M;321
2024/2025;65;SALERNO;50;PISA;M;122
2023/2024;15;MILANO;28;PADOVA;F;191
2023/2024;89;SIRACUSA;78;COSENZA;F;6
2023/2024;64;AVELLINO;16;BERGAMO;F;12
2024/2025;90;SASSARI;28;PADOVA;M;52
2023/2024;7;AOSTA;27;VENEZIA;F;18
2023/2024;62;BENEVENTO;67;TERAMO;M;6
2023/2024;35;REGGIO EMILIA;15;MILANO;F;189
2023/2024;73;TARANTO;65;SALERNO;M;5
2024/2025;21;BOLZANO;32;TRIESTE;M;14
2024/2025;23;VERONA;1;TORINO;F;16
2024/2025;20;MANTOVA;17;BRESCIA;F;349
2023/2024;93;PORDENONE;23;VERONA;F;82
2024/2025;56;VITERBO;63;NAPOLI;F;12
2023/2024;13;COMO;34;PARMA;F;34
2024/2025;94;ISERNIA;15;MILANO;F;26
2023/2024;110;BARLETTA - ANDRIA - TRANI;22;TRENTO;M;33
2024/2025;52;SIENA;34;PARMA;F;12
2023/2024;82;PALERMO;73;TARANTO;M;5
2024/2025;91;NUORO;34;PARMA;M;14
2023/2024;66;L'AQUILA;1;TORINO;F;41
2024/2025;15;MILANO;58;ROMA;F;364
2024/2025;25;BELLUNO;1;TORINO;F;9
2024/2025;22;TRENTO;40;FORLI'-CESENA;M;21
2024/2025;61;CASERTA;70;CAMPOBASSO;F;234
2023/2024;98;LODI;37;BOLOGNA;M;14
2024/2025;17;BRESCIA;15;MILANO;M;1087
2023/2024;64;AVELLINO;33;PIACENZA;F;5
2024/2025;1;TORINO;21;BOLZANO;M;6
2023/2024;63;NAPOLI;49;LIVORNO;M;11
2024/2025;57;RIETI;15;MILANO;M;12
2023/2024;19;CREMONA;20;MANTOVA;F;12
2023/2024;1;TORINO;92;CAGLIARI;F;26
2024/2025;94;ISERNIA;38;FERRARA;F;8
2023/2024;16;BERGAMO;98;LODI;F;53
2023/2024;37;BOLOGNA;18;PAVIA;F;22
2023/2024;79;CATANZARO;35;REGGIO EMILIA;M;7
2023/2024;84;AGRIGENTO;84;AGRIGENTO;M;176
2024/2025;59;LATINA;30;UDINE;M;5
2023/2024;5;ASTI;4;CUNEO;F;32
2023/2024;51;AREZZO;15;MILANO;F;51
2024/2025;78;COSENZA;28;PADOVA;M;36
2023/2024;998;PROVINCIA ESTERA;56;VITERBO;M;244
2024/2025;53;GROSSETO;50;PISA;M;619
2024/2025;17;BRESCIA;20;MANTOVA;F;40
2024/2025;29;ROVIGO;58;ROMA;M;14
2024/2025;15;MILANO;1;TORINO;M;55
2023/2024;61;CASERTA;79;CATANZARO;M;12
2024/2025;999;PROVINCIA NON DEFINITA;76;POTENZA;F;142
2023/2024;85;CALTANISSETTA;33;PIACENZA;F;5
2024/2025;43;MACERATA;36;MODENA;F;27
2024/2025;89;SIRACUSA;40;FORLI'-CESENA;M;5
2024/2025;22;TRENTO;20;MANTOVA;F;8
2023/2024;83;MESSINA;63;NAPOLI;M;26
2024/2025;66;L'AQUILA;68;PESCARA;F;355
2024/2025;108;MONZA E BRIANZA;43;MACERATA;M;5
2023/2024;103;VERBANO CUSIO OSSOLA;54;PERUGIA;F;9
2024/2025;103;VERBANO CUSIO OSSOLA;34;PARMA;F;24
2023/2024;103;VERBANO CUSIO OSSOLA;13;COMO;F;7
2023/2024;88;RAGUSA;48;FIRENZE;F;108
2023/2024;79;CATANZARO;65;SALERNO;F;6
2023/2024;72;BARI;15;MILANO;M;456
2024/2025;12;VARESE;18;PAVIA;M;117
2024/2025;84;AGRIGENTO;32;TRIESTE;F;13
2023/2024;29;ROVIGO;22;TRENTO;F;43
2024/2025;69;CHIETI;28;PADOVA;F;74
2024/2025;48;FIRENZE;15;MILANO;F;248
2024/2025;10;GENOVA;15;MILANO;M;281
2024/2025;72;BARI;110;BARLETTA - ANDRIA - TRANI;M;10
2024/2025;86;ENNA;82;PALERMO;M;75
2023/2024;58;ROMA;4;CUNEO;M;5
2024/2025;72;BARI;19;CREMONA;M;10
2023/2024;109;FERMO;36;MODENA;F;15
2024/2025;29;ROVIGO;50;PISA;M;6
2024/2025;102;VIBO VALENTIA;15;MILANO;F;119
2024/2025;110;BARLETTA - ANDRIA - TRANI;27;VENEZIA;F;27
2023/2024;87;CATANIA;59;LATINA;F;11
2023/2024;27;VENEZIA;39;RAVENNA;F;7
2024/2025;84;AGRIGENTO;1;TORINO;F;132
2024/2025;48;FIRENZE;58;ROMA;M;197
2024/2025;39;RAVENNA;99;RIMINI;M;98
2023/2024;999;PROVINCIA NON DEFINITA;96;BIELLA;F;50
2023/2024;61;CASERTA;1;TORINO;F;45
2023/2024;26;TREVISO;33;PIACENZA;M;8
2023/2024;29;ROVIGO;58;ROMA;M;11
2023/2024;65;SALERNO;92;CAGLIARI;F;13
2024/2025;63;NAPOLI;38;FERRARA;F;70
2023/2024;63;NAPOLI;87;CATANIA;F;7
2023/2024;68;PESCARA;33;PIACENZA;F;6
2024/2025;110;BARLETTA - ANDRIA - TRANI;54;PERUGIA;M;13
2024/2025;88;RAGUSA;33;PIACENZA;M;23
2023/2024;4;CUNEO;15;MILANO;M;19
2024/2025;64;AVELLINO;27;VENEZIA;F;11
2023/2024;101;CROTONE;15;MILANO;F;9
2023/2024;8;IMPERIA;1;TORINO;M;169
2024/2025;76;POTENZA;40;FORLI'-CESENA;F;29
2024/2025;99;RIMINI;41;PESARO E URBINO;M;524
2024/2025;70;CAMPOBASSO;63;NAPOLI;F;129
2023/2024;75;LECCE;32;TRIESTE;M;19
2024/2025;93;PORDENONE;32;TRIESTE;M;461
2023/2024;52;SIENA;28;PADOVA;F;20
2024/2025;87;CATANIA;16;BERGAMO;M;16
2023/2024;12;VARESE;63;NAPOLI;F;17
2023/2024;10;GENOVA;38;FERRARA;M;6
2024/2025;17;BRESCIA;28;PADOVA;M;414
2024/2025;58;ROMA;32;TRIESTE;F;59
2023/2024;88;RAGUSA;88;RAGUSA;M;73
2023/2024;54;PERUGIA;22;TRENTO;M;37
2023/2024;26;TREVISO;52;SIENA;F;23
2023/2024;43;MACERATA;68;PESCARA;F;9
2023/2024;78;COSENZA;34;PARMA;M;55
2024/2025;999;PROVINCIA NON DEFINITA;19;CREMONA;F;37
2024/2025;61;CASERTA;18;PAVIA;M;8
2023/2024;81;TRAPANI;63;NAPOLI;F;26
2024/2025;92;CAGLIARI;36;MODENA;M;17
2024/2025;45;MASSA CARRARA;36;MODENA;M;6
2024/2025;60;FROSINONE;15;MILANO;M;74
2023/2024;18;PAVIA;34;PARMA;F;61
2024/2025;17;BRESCIA;90;SASSARI;M;9
2023/2024;95;ORISTANO;34;PARMA;M;9
2024/2025;1;TORINO;19;CREMONA;M;6
2023/2024;84;AGRIGENTO;30;UDINE;M;6
2024/2025;59;LATINA;22;TRENTO;F;38
2023/2024;30;UDINE;37;BOLOGNA;F;237
2024/2025;8;IMPERIA;15;MILANO;M;93
2024/2025;78;COSENZA;100;PRATO;F;7
2024/2025;998;PROVINCIA ESTERA;50;PISA;F;1487
2023/2024;73;TARANTO;58;ROMA;M;456
2024/2025;1;TORINO;61;CASERTA;F;9
2024/2025;21;BOLZANO;58;ROMA;M;42
2023/2024;11;LA SPEZIA;15;MILANO;F;20
2023/2024;69;CHIETI;27;VENEZIA;M;12
2024/2025;64;AVELLINO;65;SALERNO;M;2034
2023/2024;57;RIETI;42;ANCONA;F;6
2023/2024;24;VICENZA;59;LATINA;F;6
2024/2025;30;UDINE;26;TREVISO;M;17
2024/2025;48;FIRENZE;46;LUCCA;M;6
2024/2025;108;MONZA E BRIANZA;17;BRESCIA;M;34
2024/2025;43;MACERATA;55;TERNI;F;18
2024/2025;35;REGGIO EMILIA;34;PARMA;F;1669
2023/2024;28;PADOVA;26;TREVISO;M;144
2024/2025;76;POTENZA;34;PARMA;F;107
2024/2025;23;VERONA;48;FIRENZE;M;43
2023/2024;81;TRAPANI;40;FORLI'-CESENA;M;6
2023/2024;102;VIBO VALENTIA;52;SIENA;F;13
2024/2025;23;VERONA;99;RIMINI;F;16
2024/2025;53;GROSSETO;58;ROMA;M;180
2023/2024;15;MILANO;67;TERAMO;M;6
2023/2024;19;CREMONA;52;SIENA;F;6
2024/2025;71;FOGGIA;1;TORINO;F;98
2023/2024;21;BOLZANO;1;TORINO;F;37
2024/2025;87;CATANIA;48;FIRENZE;M;77
2024/2025;43;MACERATA;34;PARMA;M;29
2023/2024;34;PARMA;23;VERONA;F;25
2023/2024;64;AVELLINO;65;SALERNO;F;2433
2024/2025;73;TARANTO;75;LECCE;M;619
2023/2024;27;VENEZIA;16;BERGAMO;M;14
2023/2024;82;PALERMO;17;BRESCIA;F;7
2024/2025;24;VICENZA;59;LATINA;F;6
2023/2024;88;RAGUSA;1;TORINO;M;188
2023/2024;58;ROMA;99;RIMINI;M;8
2024/2025;42;ANCONA;52;SIENA;M;10
2023/2024;98;LODI;33;PIACENZA;M;14
2023/2024;16;BERGAMO;28;PADOVA;F;209
2023/2024;28;PADOVA;34;PARMA;F;35
2023/2024;99;RIMINI;35;REGGIO EMILIA;F;17
2024/2025;32;TRIESTE;93;PORDENONE;M;15
2023/2024;24;VICENZA;48;FIRENZE;F;65
2023/2024;75;LECCE;67;TERAMO;F;15
2024/2025;58;ROMA;50;PISA;F;213
2023/2024;71;FOGGIA;56;VITERBO;F;8
2023/2024;40;FORLI'-CESENA;16;BERGAMO;F;5
2023/2024;45;MASSA CARRARA;27;VENEZIA;F;12
2024/2025;44;ASCOLI PICENO;67;TERAMO;M;102
2023/2024;40;FORLI'-CESENA;41;PESARO E URBINO;F;477
2024/2025;77;MATERA;35;REGGIO EMILIA;M;5
2023/2024;36;MODENA;52;SIENA;M;11
2024/2025;96;BIELLA;2;VERCELLI;M;88
2024/2025;66;L'AQUILA;15;MILANO;M;31
2023/2024;23;VERONA;30;UDINE;F;24
2023/2024;42;ANCONA;1;TORINO;M;55
2023/2024;83;MESSINA;16;BERGAMO;M;8
2023/2024;24;VICENZA;15;MILANO;F;369
2023/2024;15;MILANO;90;SASSARI;F;25
2023/2024;24;VICENZA;93;PORDENONE;M;8
2023/2024;93;PORDENONE;17;BRESCIA;F;8
2024/2025;50;PISA;15;MILANO;M;28
2023/2024;21;BOLZANO;34;PARMA;M;33
2023/2024;16;BERGAMO;34;PARMA;M;51
2024/2025;42;ANCONA;63;NAPOLI;M;12
2023/2024;75;LECCE;16;BERGAMO;F;31
2024/2025;86;ENNA;87;CATANIA;M;836
2023/2024;21;BOLZANO;32;TRIESTE;F;25
2023/2024;44;ASCOLI PICENO;22;TRENTO;M;10
2024/2025;74;BRINDISI;30;UDINE;F;6
2024/2025;3;NOVARA;1;TORINO;F;286
2023/2024;83;MESSINA;15;MILANO;F;299
2023/2024;93;PORDENONE;26;TREVISO;M;36
2024/2025;21;BOLZANO;40;FORLI'-CESENA;M;11
2023/2024;43;MACERATA;40;FORLI'-CESENA;M;50
2023/2024;80;REGGIO CALABRIA;52;SIENA;M;28
2023/2024;998;PROVINCIA ESTERA;59;LATINA;F;48
2023/2024;98;LODI;27;VENEZIA;F;10
2024/2025;80;REGGIO CALABRIA;86;ENNA;M;28
2023/2024;65;SALERNO;30;UDINE;F;19
2024/2025;20;MANTOVA;15;MILANO;F;86
2023/2024;19;CREMONA;16;BERGAMO;M;183
2023/2024;6;ALESSANDRIA;5;ASTI;M;53
2023/2024;12;VARESE;20;MANTOVA;F;12
2024/2025;110;BARLETTA - ANDRIA - TRANI;61;CASERTA;M;5
2023/2024;72;BARI;27;VENEZIA;M;44
2023/2024;1;TORINO;28;PADOVA;M;43
2024/2025;54;PERUGIA;34;PARMA;F;46
2024/2025;85;CALTANISSETTA;15;MILANO;F;11
2023/2024;58;ROMA;36;MODENA;F;35
2024/2025;30;UDINE;1;TORINO;M;63
2023/2024;72;BARI;63;NAPOLI;F;162
2024/2025;30;UDINE;48;FIRENZE;M;33
2023/2024;20;MANTOVA;34;PARMA;F;827
2023/2024;61;CASERTA;65;SALERNO;F;499
2024/2025;80;REGGIO CALABRIA;28;PADOVA;F;74
2023/2024;16;BERGAMO;22;TRENTO;F;131
2023/2024;79;CATANZARO;48;FIRENZE;F;137
2024/2025;60;FROSINONE;43;MACERATA;M;19
2024/2025;90;SASSARI;3;NOVARA;F;6
2024/2025;96;BIELLA;10;GENOVA;M;11
2023/2024;18;PAVIA;15;MILANO;M;424
2023/2024;72;BARI;99;RIMINI;F;18
2024/2025;15;MILANO;4;CUNEO;M;15
2024/2025;58;ROMA;34;PARMA;M;43
2023/2024;63;NAPOLI;10;GENOVA;M;57
2024/2025;43;MACERATA;67;TERAMO;F;14
2023/2024;82;PALERMO;23;VERONA;M;19
2024/2025;10;GENOVA;50;PISA;M;84
2024/2025;53;GROSSETO;1;TORINO;F;5
2023/2024;71;FOGGIA;15;MILANO;F;68
2023/2024;77;MATERA;22;TRENTO;F;17
2024/2025;50;PISA;36;MODENA;M;12
2024/2025;38;FERRARA;54;PERUGIA;F;19
2023/2024;43;MACERATA;99;RIMINI;M;7
2024/2025;18;PAVIA;41;PESARO E URBINO;M;5
2023/2024;22;TRENTO;25;BELLUNO;F;18
2023/2024;15;MILANO;12;VARESE;F;999
2023/2024;68;PESCARA;70;CAMPOBASSO;M;7
2023/2024;84;AGRIGENTO;26;TREVISO;F;6
2024/2025;80;REGGIO CALABRIA;41;PESARO E URBINO;M;6
2024/2025;24;VICENZA;48;FIRENZE;M;30
2024/2025;93;PORDENONE;37;BOLOGNA;F;137
2024/2025;37;BOLOGNA;54;PERUGIA;F;36
2023/2024;28;PADOVA;16;BERGAMO;F;6
2024/2025;998;PROVINCIA ESTERA;38;FERRARA;F;466
2024/2025;11;LA SPEZIA;46;LUCCA;F;10
2023/2024;14;SONDRIO;38;FERRARA;F;12
2023/2024;68;PESCARA;66;L'AQUILA;F;575
2023/2024;40;FORLI'-CESENA;55;TERNI;F;5
2024/2025;101;CROTONE;48;FIRENZE;M;56
2024/2025;59;LATINA;33;PIACENZA;M;5
2023/2024;10;GENOVA;38;FERRARA;F;12
2024/2025;84;AGRIGENTO;54;PERUGIA;M;34
2024/2025;16;BERGAMO;21;BOLZANO;F;13
2024/2025;75;LECCE;82;PALERMO;F;6
2024/2025;90;SASSARI;22;TRENTO;M;15
2024/2025;93;PORDENONE;54;PERUGIA;F;9
2023/2024;90;SASSARI;15;MILANO;M;25
2024/2025;16;BERGAMO;1;TORINO;F;18
2023/2024;37;BOLOGNA;41;PESARO E URBINO;F;41
2023/2024;7;AOSTA;37;BOLOGNA;M;23
2024/2025;92;CAGLIARI;66;L'AQUILA;M;13
2023/2024;65;SALERNO;94;ISERNIA;M;54
2023/2024;58;ROMA;75;LECCE;M;12
2024/2025;21;BOLZANO;24;VICENZA;M;8
2023/2024;34;PARMA;28;PADOVA;M;28
2023/2024;94;ISERNIA;28;PADOVA;F;11
2023/2024;78;COSENZA;32;TRIESTE;M;7
2023/2024;16;BERGAMO;30;UDINE;F;6
2023/2024;54;PERUGIA;40;FORLI'-CESENA;M;46
2023/2024;12;VARESE;1;TORINO;M;69
2024/2025;12;VARESE;83;MESSINA;M;6
2024/2025;76;POTENZA;16;BERGAMO;F;7
2023/2024;29;ROVIGO;15;MILANO;F;54
2023/2024;5;ASTI;28;PADOVA;F;19
2023/2024;26;TREVISO;43;MACERATA;F;8
2024/2025;38;FERRARA;38;FERRARA;M;2250
2024/2025;10;GENOVA;35;REGGIO EMILIA;F;15
2024/2025;999;PROVINCIA NON DEFINITA;110;BARLETTA - ANDRIA - TRANI;M;14
2024/2025;69;CHIETI;35;REGGIO EMILIA;F;23
2023/2024;71;FOGGIA;10;GENOVA;F;7
2024/2025;75;LECCE;67;TERAMO;F;13
2023/2024;67;TERAMO;38;FERRARA;M;32
2024/2025;70;CAMPOBASSO;65;SALERNO;F;19
2024/2025;24;VICENZA;52;SIENA;F;34
2024/2025;98;LODI;33;PIACENZA;M;16
2024/2025;48;FIRENZE;69;CHIETI;F;9
2024/2025;65;SALERNO;16;BERGAMO;F;36
2023/2024;98;LODI;35;REGGIO EMILIA;F;9
2023/2024;30;UDINE;50;PISA;M;24
2023/2024;56;VITERBO;66;L'AQUILA;M;33
2024/2025;51;AREZZO;32;TRIESTE;F;6
2023/2024;1;TORINO;73;TARANTO;F;5
2023/2024;20;MANTOVA;58;ROMA;M;34
2023/2024;63;NAPOLI;34;PARMA;F;112
2024/2025;78;COSENZA;63;NAPOLI;F;292
2023/2024;88;RAGUSA;66;L'AQUILA;M;33
2024/2025;61;CASERTA;34;PARMA;M;25
2024/2025;93;PORDENONE;58;ROMA;M;26
2023/2024;68;PESCARA;44;ASCOLI PICENO;F;25
2024/2025;30;UDINE;38;FERRARA;M;30
2024/2025;34;PARMA;32;TRIESTE;M;6
2023/2024;79;CATANZARO;17;BRESCIA;M;6
2024/2025;83;MESSINA;1;TORINO;F;66
2024/2025;95;ORISTANO;58;ROMA;F;72
2023/2024;69;CHIETI;63;NAPOLI;F;73
2024/2025;33;PIACENZA;38;FERRARA;F;20
2024/2025;63;NAPOLI;54;PERUGIA;F;159
2023/2024;74;BRINDISI;66;L'AQUILA;M;35
2023/2024;57;RIETI;34;PARMA;M;5
2023/2024;999;PROVINCIA NON DEFINITA;94;ISERNIA;M;27
2023/2024;39;RAVENNA;38;FERRARA;F;689
2024/2025;28;PADOVA;18;PAVIA;F;13
2023/2024;49;LIVORNO;37;BOLOGNA;M;46
2024/2025;53;GROSSETO;52;SIENA;M;556
2023/2024;41;PESARO E URBINO;69;CHIETI;F;27
2023/2024;28;PADOVA;40;FORLI'-CESENA;M;15
2023/2024;36;MODENA;34;PARMA;M;376
2023/2024;26;TREVISO;16;BERGAMO;M;7
2024/2025;7;AOSTA;18;PAVIA;F;20
2024/2025;13;COMO;10;GENOVA;F;28
2024/2025;23;VERONA;10;GENOVA;M;7
2024/2025;25;BELLUNO;50;PISA;M;8
2023/2024;45;MASSA CARRARA;15;MILANO;F;18
2023/2024;67;TERAMO;48;FIRENZE;M;28
2023/2024;85;CALTANISSETTA;48;FIRENZE;F;50
2024/2025;83;MESSINA;16;BERGAMO;M;7
2023/2024;86;ENNA;52;SIENA;M;9
2024/2025;73;TARANTO;67;TERAMO;F;8
2024/2025;22;TRENTO;34;PARMA;F;115
2023/2024;65;SALERNO;62;BENEVENTO;M;52
2024/2025;57;RIETI;36;MODENA;F;9
2023/2024;94;ISERNIA;66;L'AQUILA;F;31
2023/2024;84;AGRIGENTO;83;MESSINA;M;155
2023/2024;26;TREVISO;15;MILANO;M;271
2024/2025;82;PALERMO;16;BERGAMO;M;20
2024/2025;56;VITERBO;69;CHIETI;F;9
2023/2024;2;VERCELLI;15;MILANO;M;142
2024/2025;84;AGRIGENTO;52;SIENA;M;50
2023/2024;16;BERGAMO;99;RIMINI;M;7
2024/2025;57;RIETI;1;TORINO;M;27
2024/2025;101;CROTONE;38;FERRARA;M;31
2024/2025;102;VIBO VALENTIA;79;CATANZARO;F;468
2024/2025;85;CALTANISSETTA;92;CAGLIARI;F;5
2024/2025;9;SAVONA;21;BOLZANO;F;6
2023/2024;44;ASCOLI PICENO;40;FORLI'-CESENA;F;36
2024/2025;95;ORISTANO;10;GENOVA;F;13
2023/2024;65;SALERNO;16;BERGAMO;F;33
2024/2025;50;PISA;15;MILANO;F;76
2023/2024;41;PESARO E URBINO;39;RAVENNA;M;20
2024/2025;69;CHIETI;56;VITERBO;M;5
2023/2024;64;AVELLINO;54;PERUGIA;M;35
2024/2025;29;ROVIGO;50;PISA;F;6
2024/2025;82;PALERMO;12;VARESE;F;9
2024/2025;23;VERONA;69;CHIETI;F;19
2024/2025;92;CAGLIARI;54;PERUGIA;M;14
2024/2025;72;BARI;23;VERONA;M;19
2023/2024;76;POTENZA;42;ANCONA;F;28
2024/2025;97;LECCO;58;ROMA;F;29
2024/2025;78;COSENZA;66;L'AQUILA;F;34
2023/2024;12;VARESE;90;SASSARI;F;10
2024/2025;15;MILANO;72;BARI;M;6
2024/2025;74;BRINDISI;1;TORINO;F;153
2023/2024;64;AVELLINO;78;COSENZA;F;5
2023/2024;86;ENNA;54;PERUGIA;M;5
2024/2025;998;PROVINCIA ESTERA;93;PORDENONE;M;10
2024/2025;6;ALESSANDRIA;16;BERGAMO;M;5
2024/2025;37;BOLOGNA;48;FIRENZE;F;268
2023/2024;54;PERUGIA;58;ROMA;M;337
2024/2025;42;ANCONA;83;MESSINA;M;7
2024/2025;96;BIELLA;54;PERUGIA;F;10
2024/2025;64;AVELLINO;35;REGGIO EMILIA;F;11
2023/2024;88;RAGUSA;37;BOLOGNA;F;182
2024/2025;31;GORIZIA;37;BOLOGNA;M;22
2024/2025;109;FERMO;1;TORINO;F;14
2024/2025;98;LODI;15;MILANO;M;355
2023/2024;38;FERRARA;15;MILANO;M;52
2024/2025;111;SUD SARDEGNA;63;NAPOLI;F;16
2024/2025;13;COMO;48;FIRENZE;M;11
2024/2025;1;TORINO;16;BERGAMO;M;13
2024/2025;62;BENEVENTO;27;VENEZIA;M;5
2023/2024;111;SUD SARDEGNA;16;BERGAMO;F;6
2023/2024;15;MILANO;38;FERRARA;F;80
2024/2025;10;GENOVA;79;CATANZARO;F;5
2024/2025;34;PARMA;15;MILANO;F;114
2024/2025;100;PRATO;15;MILANO;F;33
2023/2024;66;L'AQUILA;56;VITERBO;M;8
2024/2025;998;PROVINCIA ESTERA;60;FROSINONE;M;948
2024/2025;38;FERRARA;24;VICENZA;F;8
2023/2024;81;TRAPANI;17;BRESCIA;F;10
2024/2025;62;BENEVENTO;58;ROMA;M;356
2023/2024;30;UDINE;31;GORIZIA;M;172
2023/2024;56;VITERBO;28;PADOVA;M;16
2023/2024;90;SASSARI;23;VERONA;F;19
2024/2025;92;CAGLIARI;37;BOLOGNA;M;94
2023/2024;999;PROVINCIA NON DEFINITA;86;ENNA;M;7
2024/2025;27;VENEZIA;56;VITERBO;M;6
2024/2025;71;FOGGIA;61;CASERTA;M;24
2024/2025;79;CATANZARO;72;BARI;M;8
2023/2024;34;PARMA;50;PISA;M;24
2023/2024;8;IMPERIA;15;MILANO;F;175
2023/2024;999;PROVINCIA NON DEFINITA;69;CHIETI;F;50
2024/2025;14;SONDRIO;18;PAVIA;F;266
2024/2025;78;COSENZA;28;PADOVA;F;55
2024/2025;19;CREMONA;69;CHIETI;F;6
2024/2025;54;PERUGIA;48;FIRENZE;M;137
2023/2024;85;CALTANISSETTA;6;ALESSANDRIA;F;7
2024/2025;39;RAVENNA;37;BOLOGNA;F;1621
2023/2024;86;ENNA;48;FIRENZE;M;20
2023/2024;110;BARLETTA - ANDRIA - TRANI;36;MODENA;M;23
2023/2024;81;TRAPANI;22;TRENTO;M;36
2024/2025;58;ROMA;55;TERNI;F;97
2024/2025;15;MILANO;34;PARMA;M;85
2023/2024;64;AVELLINO;62;BENEVENTO;M;431
2023/2024;999;PROVINCIA NON DEFINITA;34;PARMA;F;197
2023/2024;998;PROVINCIA ESTERA;87;CATANIA;F;190
2024/2025;95;ORISTANO;34;PARMA;F;26
2024/2025;11;LA SPEZIA;55;TERNI;F;9
2024/2025;87;CATANIA;15;MILANO;M;144
2023/2024;36;MODENA;48;FIRENZE;F;101
2024/2025;12;VARESE;39;RAVENNA;F;7
2024/2025;85;CALTANISSETTA;82;PALERMO;F;834
2024/2025;43;MACERATA;43;MACERATA;M;1416
2023/2024;84;AGRIGENTO;23;VERONA;M;17
2024/2025;54;PERUGIA;37;BOLOGNA;M;209
2023/2024;73;TARANTO;66;L'AQUILA;M;67
2023/2024;86;ENNA;10;GENOVA;M;5
2023/2024;44;ASCOLI PICENO;15;MILANO;F;51
2024/2025;89;SIRACUSA;15;MILANO;M;145
2023/2024;100;PRATO;36;MODENA;F;8
2023/2024;92;CAGLIARI;22;TRENTO;M;20
2023/2024;109;FERMO;69;CHIETI;F;70
2024/2025;66;L'AQUILA;50;PISA;F;30
2023/2024;5;ASTI;15;MILANO;F;56
2024/2025;63;NAPOLI;57;RIETI;M;10
2024/2025;16;BERGAMO;35;REGGIO EMILIA;M;6
2024/2025;37;BOLOGNA;41;PESARO E URBINO;F;45
2024/2025;27;VENEZIA;40;FORLI'-CESENA;M;16
2024/2025;75;LECCE;23;VERONA;F;35
2024/2025;54;PERUGIA;54;PERUGIA;M;5996
2023/2024;48;FIRENZE;52;SIENA;F;545
2024/2025;103;VERBANO CUSIO OSSOLA;6;ALESSANDRIA;M;25
2024/2025;89;SIRACUSA;78;COSENZA;M;6
2023/2024;74;BRINDISI;63;NAPOLI;M;37
2024/2025;84;AGRIGENTO;36;MODENA;F;24
2023/2024;64;AVELLINO;37;BOLOGNA;M;133
2024/2025;999;PROVINCIA NON DEFINITA;76;POTENZA;M;101
2023/2024;61;CASERTA;15;MILANO;M;86
2023/2024;23;VERONA;10;GENOVA;F;14
2023/2024;84;AGRIGENTO;23;VERONA;F;26
2023/2024;30;UDINE;99;RIMINI;M;6
2024/2025;41;PESARO E URBINO;52;SIENA;F;19
2024/2025;19;CREMONA;58;ROMA;M;27
2023/2024;51;AREZZO;54;PERUGIA;F;841
2024/2025;77;MATERA;83;MESSINA;M;7
2023/2024;62;BENEVENTO;42;ANCONA;M;9
2023/2024;57;RIETI;37;BOLOGNA;M;31
2023/2024;85;CALTANISSETTA;10;GENOVA;F;15
2023/2024;36;MODENA;37;BOLOGNA;F;1966
2024/2025;111;SUD SARDEGNA;41;PESARO E URBINO;F;9
2023/2024;8;IMPERIA;27;VENEZIA;F;13
2023/2024;61;CASERTA;48;FIRENZE;F;115
2023/2024;71;FOGGIA;39;RAVENNA;M;9
2024/2025;78;COSENZA;41;PESARO E URBINO;M;25
2024/2025;13;COMO;54;PERUGIA;M;7
2024/2025;25;BELLUNO;52;SIENA;F;10
2023/2024;48;FIRENZE;49;LIVORNO;F;10
2023/2024;87;CATANIA;54;PERUGIA;M;35
2023/2024;78;COSENZA;3;NOVARA;F;7
2023/2024;98;LODI;98;LODI;F;42
2023/2024;59;LATINA;59;LATINA;F;997
2023/2024;48;FIRENZE;40;FORLI'-CESENA;M;32
2024/2025;23;VERONA;23;VERONA;M;3984
2024/2025;15;MILANO;37;BOLOGNA;F;268
2024/2025;102;VIBO VALENTIA;65;SALERNO;M;6
2024/2025;83;MESSINA;36;MODENA;F;11
2024/2025;74;BRINDISI;58;ROMA;M;251
2023/2024;80;REGGIO CALABRIA;18;PAVIA;M;65
2023/2024;32;TRIESTE;23;VERONA;F;9
2023/2024;12;VARESE;63;NAPOLI;M;9
2024/2025;3;NOVARA;63;NAPOLI;F;9
2024/2025;94;ISERNIA;48;FIRENZE;M;15
2024/2025;51;AREZZO;58;ROMA;F;224
2024/2025;72;BARI;110;BARLETTA - ANDRIA - TRANI;F;23
2024/2025;75;LECCE;44;ASCOLI PICENO;M;6
2024/2025;73;TARANTO;63;NAPOLI;M;48
2024/2025;998;PROVINCIA ESTERA;65;SALERNO;F;81
2024/2025;39;RAVENNA;36;MODENA;F;46
2024/2025;54;PERUGIA;83;MESSINA;M;5
2024/2025;19;CREMONA;40;FORLI'-CESENA;M;7
2024/2025;80;REGGIO CALABRIA;15;MILANO;M;297
2023/2024;99;RIMINI;23;VERONA;F;11
2024/2025;58;ROMA;58;ROMA;F;60693
2023/2024;4;CUNEO;54;PERUGIA;F;22
2023/2024;16;BERGAMO;14;SONDRIO;F;5
2024/2025;999;PROVINCIA NON DEFINITA;60;FROSINONE;M;144
2024/2025;59;LATINA;27;VENEZIA;F;23
2024/2025;13;COMO;97;LECCO;F;41
2024/2025;65;SALERNO;26;TREVISO;F;6
2023/2024;68;PESCARA;48;FIRENZE;M;41
2023/2024;95;ORISTANO;36;MODENA;M;6
2023/2024;48;FIRENZE;61;CASERTA;F;7
2024/2025;82;PALERMO;72;BARI;M;15
2023/2024;69;CHIETI;66;L'AQUILA;F;473
2024/2025;44;ASCOLI PICENO;69;CHIETI;M;101
2024/2025;45;MASSA CARRARA;34;PARMA;F;240
2023/2024;998;PROVINCIA ESTERA;57;RIETI;F;193
2023/2024;69;CHIETI;37;BOLOGNA;M;312
2023/2024;75;LECCE;60;FROSINONE;F;12
2023/2024;77;MATERA;15;MILANO;M;62
2023/2024;11;LA SPEZIA;9;SAVONA;M;6
2023/2024;999;PROVINCIA NON DEFINITA;76;POTENZA;M;111
2024/2025;60;FROSINONE;55;TERNI;F;12
2023/2024;3;NOVARA;28;PADOVA;F;27
2023/2024;15;MILANO;55;TERNI;F;15
2023/2024;23;VERONA;23;VERONA;F;5716
2023/2024;42;ANCONA;22;TRENTO;F;49
2024/2025;83;MESSINA;72;BARI;M;17
2024/2025;103;VERBANO CUSIO OSSOLA;69;CHIETI;F;7
2024/2025;42;ANCONA;1;TORINO;M;75
2023/2024;23;VERONA;15;MILANO;M;387
2024/2025;32;TRIESTE;22;TRENTO;M;21
2024/2025;89;SIRACUSA;49;LIVORNO;F;6
2023/2024;39;RAVENNA;69;CHIETI;F;13
2023/2024;92;CAGLIARI;54;PERUGIA;F;9
2024/2025;85;CALTANISSETTA;6;ALESSANDRIA;F;8
2023/2024;13;COMO;10;GENOVA;F;26
2023/2024;24;VICENZA;63;NAPOLI;F;11
2024/2025;20;MANTOVA;28;PADOVA;F;274
2023/2024;44;ASCOLI PICENO;39;RAVENNA;F;12
2024/2025;20;MANTOVA;54;PERUGIA;M;9
2024/2025;999;PROVINCIA NON DEFINITA;2;VERCELLI;F;54
2023/2024;25;BELLUNO;25;BELLUNO;F;74
2024/2025;67;TERAMO;42;ANCONA;F;178
2024/2025;61;CASERTA;43;MACERATA;M;21
2023/2024;99;RIMINI;32;TRIESTE;F;12
2024/2025;8;IMPERIA;48;FIRENZE;M;10
2023/2024;18;PAVIA;28;PADOVA;M;19
2023/2024;19;CREMONA;10;GENOVA;M;11
2023/2024;24;VICENZA;50;PISA;F;35
2024/2025;58;ROMA;23;VERONA;F;38
2024/2025;87;CATANIA;30;UDINE;M;9
2024/2025;63;NAPOLI;65;SALERNO;M;2128
2023/2024;60;FROSINONE;48;FIRENZE;F;57
2024/2025;43;MACERATA;58;ROMA;F;331
2024/2025;61;CASERTA;64;AVELLINO;M;31
2023/2024;102;VIBO VALENTIA;38;FERRARA;M;7
2023/2024;99;RIMINI;28;PADOVA;M;43
2023/2024;68;PESCARA;35;REGGIO EMILIA;M;10
2024/2025;16;BERGAMO;42;ANCONA;M;5
2024/2025;79;CATANZARO;15;MILANO;M;187
2024/2025;34;PARMA;19;CREMONA;F;7
2024/2025;87;CATANIA;21;BOLZANO;F;5
2023/2024;88;RAGUSA;63;NAPOLI;M;11
2024/2025;19;CREMONA;21;BOLZANO;F;5
2023/2024;111;SUD SARDEGNA;1;TORINO;M;31
2023/2024;21;BOLZANO;37;BOLOGNA;M;127
2024/2025;1;TORINO;15;MILANO;F;51
2023/2024;26;TREVISO;41;PESARO E URBINO;M;21
2024/2025;71;FOGGIA;63;NAPOLI;M;95
2024/2025;28;PADOVA;63;NAPOLI;M;11
2023/2024;45;MASSA CARRARA;36;MODENA;F;8
2024/2025;77;MATERA;33;PIACENZA;F;7
2023/2024;49;LIVORNO;16;BERGAMO;M;6
2023/2024;63;NAPOLI;79;CATANZARO;M;41
2024/2025;36;MODENA;40;FORLI'-CESENA;M;114
2023/2024;27;VENEZIA;99;RIMINI;M;5
2023/2024;20;MANTOVA;50;PISA;M;19
2024/2025;96;BIELLA;3;NOVARA;F;194
2024/2025;38;FERRARA;1;TORINO;F;34
2023/2024;50;PISA;1;TORINO;F;40
2024/2025;998;PROVINCIA ESTERA;67;TERAMO;M;71
2024/2025;24;VICENZA;15;MILANO;M;193
2023/2024;59;LATINA;55;TERNI;F;14
2023/2024;64;AVELLINO;63;NAPOLI;F;1788
2023/2024;76;POTENZA;15;MILANO;F;240
2024/2025;62;BENEVENTO;15;MILANO;M;34
2024/2025;34;PARMA;58;ROMA;M;38
2023/2024;82;PALERMO;15;MILANO;F;58
2024/2025;998;PROVINCIA ESTERA;58;ROMA;M;5848
2023/2024;998;PROVINCIA ESTERA;48;FIRENZE;M;1530
2024/2025;1;TORINO;2;VERCELLI;M;64
2024/2025;102;VIBO VALENTIA;54;PERUGIA;F;21
2024/2025;62;BENEVENTO;48;FIRENZE;F;51
2024/2025;59;LATINA;15;MILANO;F;101
2023/2024;41;PESARO E URBINO;27;VENEZIA;M;22
2024/2025;83;MESSINA;48;FIRENZE;M;65
2023/2024;65;SALERNO;39;RAVENNA;F;17
2024/2025;40;FORLI'-CESENA;67;TERAMO;M;5
2024/2025;71;FOGGIA;72;BARI;F;1132
2024/2025;24;VICENZA;41;PESARO E URBINO;M;11
2024/2025;13;COMO;17;BRESCIA;M;8
2024/2025;83;MESSINA;32;TRIESTE;F;20
2024/2025;25;BELLUNO;22;TRENTO;M;270
2024/2025;73;TARANTO;35;REGGIO EMILIA;F;28
2024/2025;62;BENEVENTO;37;BOLOGNA;M;71
2024/2025;71;FOGGIA;99;RIMINI;M;6
2024/2025;28;PADOVA;42;ANCONA;M;6
2024/2025;75;LECCE;70;CAMPOBASSO;M;18
2023/2024;998;PROVINCIA ESTERA;9;SAVONA;F;66
2024/2025;22;TRENTO;20;MANTOVA;M;6
2024/2025;65;SALERNO;82;PALERMO;F;6
2024/2025;999;PROVINCIA NON DEFINITA;42;ANCONA;F;14
2023/2024;13;COMO;58;ROMA;M;29
2024/2025;50;PISA;55;TERNI;F;6
2023/2024;53;GROSSETO;50;PISA;F;595
2024/2025;89;SIRACUSA;23;VERONA;M;5
2024/2025;78;COSENZA;72;BARI;F;173
2023/2024;94;ISERNIA;63;NAPOLI;F;140
2024/2025;56;VITERBO;56;VITERBO;F;1584
2023/2024;3;NOVARA;12;VARESE;F;116
2023/2024;58;ROMA;34;PARMA;M;57
2023/2024;89;SIRACUSA;58;ROMA;F;327
2024/2025;48;FIRENZE;28;PADOVA;F;130
2024/2025;9;SAVONA;34;PARMA;M;9
2023/2024;19;CREMONA;58;ROMA;M;32
2023/2024;62;BENEVENTO;69;CHIETI;M;33
2023/2024;29;ROVIGO;27;VENEZIA;F;208
2023/2024;54;PERUGIA;66;L'AQUILA;M;24
2023/2024;8;IMPERIA;18;PAVIA;F;93
2024/2025;65;SALERNO;55;TERNI;F;15
2023/2024;63;NAPOLI;71;FOGGIA;M;41
2024/2025;43;MACERATA;41;PESARO E URBINO;F;297
2023/2024;33;PIACENZA;28;PADOVA;M;11
2024/2025;108;MONZA E BRIANZA;108;MONZA E BRIANZA;M;122
2024/2025;62;BENEVENTO;71;FOGGIA;M;6
2024/2025;71;FOGGIA;10;GENOVA;M;6
2024/2025;999;PROVINCIA NON DEFINITA;90;SASSARI;M;216
2024/2025;77;MATERA;71;FOGGIA;M;12
2023/2024;37;BOLOGNA;54;PERUGIA;M;17
2023/2024;35;REGGIO EMILIA;36;MODENA;F;1207
2024/2025;37;BOLOGNA;32;TRIESTE;M;9
2023/2024;63;NAPOLI;42;ANCONA;M;17
2023/2024;17;BRESCIA;37;BOLOGNA;M;153
2024/2025;68;PESCARA;15;MILANO;F;208
2023/2024;61;CASERTA;34;PARMA;F;26
2024/2025;7;AOSTA;3;NOVARA;F;14
2024/2025;89;SIRACUSA;88;RAGUSA;M;11
2024/2025;65;SALERNO;94;ISERNIA;M;49
2023/2024;12;VARESE;38;FERRARA;F;30
2024/2025;74;BRINDISI;72;BARI;F;124
2024/2025;58;ROMA;60;FROSINONE;F;45
2023/2024;61;CASERTA;3;NOVARA;F;9
2023/2024;26;TREVISO;39;RAVENNA;F;16
2024/2025;79;CATANZARO;69;CHIETI;F;15
2024/2025;6;ALESSANDRIA;5;ASTI;M;55
2023/2024;67;TERAMO;66;L'AQUILA;F;1107
2024/2025;82;PALERMO;63;NAPOLI;F;27
2023/2024;8;IMPERIA;22;TRENTO;M;5
2023/2024;14;SONDRIO;39;RAVENNA;F;6
2023/2024;22;TRENTO;16;BERGAMO;F;32
2023/2024;36;MODENA;20;MANTOVA;M;7
2024/2025;80;REGGIO CALABRIA;38;FERRARA;M;63
2024/2025;38;FERRARA;39;RAVENNA;M;13
2023/2024;41;PESARO E URBINO;50;PISA;M;21
2024/2025;103;VERBANO CUSIO OSSOLA;98;LODI;F;5
2023/2024;97;LECCO;16;BERGAMO;M;355
2023/2024;5;ASTI;34;PARMA;F;7
2024/2025;88;RAGUSA;1;TORINO;M;263
2024/2025;71;FOGGIA;69;CHIETI;M;205
2023/2024;49;LIVORNO;58;ROMA;F;124
2023/2024;998;PROVINCIA ESTERA;36;MODENA;F;257
2023/2024;18;PAVIA;12;VARESE;F;14
2023/2024;88;RAGUSA;34;PARMA;M;79
2023/2024;11;LA SPEZIA;22;TRENTO;M;6
2023/2024;27;VENEZIA;38;FERRARA;M;340
2024/2025;59;LATINA;38;FERRARA;M;9
2024/2025;23;VERONA;59;LATINA;F;8
2023/2024;23;VERONA;30;UDINE;M;17
2023/2024;58;ROMA;55;TERNI;M;40
2024/2025;34;PARMA;23;VERONA;M;10
2024/2025;17;BRESCIA;6;ALESSANDRIA;F;6
2023/2024;73;TARANTO;73;TARANTO;M;901
2023/2024;8;IMPERIA;38;FERRARA;M;7
2024/2025;78;COSENZA;1;TORINO;M;82
2024/2025;85;CALTANISSETTA;48;FIRENZE;F;43
2024/2025;10;GENOVA;58;ROMA;M;90
2023/2024;16;BERGAMO;15;MILANO;F;4588
2023/2024;999;PROVINCIA NON DEFINITA;66;L'AQUILA;F;36
2023/2024;87;CATANIA;82;PALERMO;F;202
2024/2025;17;BRESCIA;16;BERGAMO;F;1300
2023/2024;41;PESARO E URBINO;22;TRENTO;F;39
2024/2025;90;SASSARI;15;MILANO;M;95
2023/2024;34;PARMA;10;GENOVA;F;22
2024/2025;12;VARESE;36;MODENA;M;14
2023/2024;52;SIENA;63;NAPOLI;M;7
2024/2025;4;CUNEO;28;PADOVA;F;55
2023/2024;12;VARESE;50;PISA;F;28
2023/2024;40;FORLI'-CESENA;21;BOLZANO;M;6
2023/2024;49;LIVORNO;46;LUCCA;F;7
2024/2025;51;AREZZO;10;GENOVA;F;5
2023/2024;998;PROVINCIA ESTERA;6;ALESSANDRIA;M;62
2024/2025;47;PISTOIA;50;PISA;M;532
2024/2025;999;PROVINCIA NON DEFINITA;66;L'AQUILA;F;30
2024/2025;84;AGRIGENTO;41;PESARO E URBINO;F;14
2024/2025;15;MILANO;66;L'AQUILA;M;18
2024/2025;90;SASSARI;41;PESARO E URBINO;F;26
2023/2024;70;CAMPOBASSO;28;PADOVA;M;38
2023/2024;37;BOLOGNA;50;PISA;F;30
2024/2025;67;TERAMO;1;TORINO;M;28
2023/2024;109;FERMO;22;TRENTO;F;12
2024/2025;999;PROVINCIA NON DEFINITA;71;FOGGIA;F;1887
2024/2025;64;AVELLINO;43;MACERATA;F;9
2024/2025;23;VERONA;24;VICENZA;M;453
2023/2024;23;VERONA;43;MACERATA;F;7
2024/2025;32;TRIESTE;28;PADOVA;M;55
2024/2025;62;BENEVENTO;70;CAMPOBASSO;F;506
2023/2024;63;NAPOLI;90;SASSARI;F;33
2023/2024;64;AVELLINO;36;MODENA;M;25
2023/2024;73;TARANTO;40;FORLI'-CESENA;M;13
2024/2025;63;NAPOLI;12;VARESE;F;27
2024/2025;78;COSENZA;37;BOLOGNA;M;186
2023/2024;29;ROVIGO;18;PAVIA;F;5
2023/2024;80;REGGIO CALABRIA;1;TORINO;M;107
2023/2024;87;CATANIA;36;MODENA;F;28
2023/2024;75;LECCE;43;MACERATA;M;37
2024/2025;85;CALTANISSETTA;35;REGGIO EMILIA;M;15
2023/2024;64;AVELLINO;69;CHIETI;F;161
2023/2024;42;ANCONA;69;CHIETI;F;76
2024/2025;30;UDINE;15;MILANO;F;198
2023/2024;24;VICENZA;54;PERUGIA;M;13
2023/2024;84;AGRIGENTO;54;PERUGIA;M;32
2023/2024;41;PESARO E URBINO;66;L'AQUILA;F;25
2023/2024;87;CATANIA;86;ENNA;F;637
2024/2025;1;TORINO;36;MODENA;M;24
2024/2025;34;PARMA;50;PISA;F;27
2023/2024;95;ORISTANO;90;SASSARI;M;166
2023/2024;65;SALERNO;79;CATANZARO;M;43
2023/2024;74;BRINDISI;73;TARANTO;F;48
2023/2024;58;ROMA;35;REGGIO EMILIA;M;24
2023/2024;83;MESSINA;15;MILANO;M;220
2024/2025;74;BRINDISI;71;FOGGIA;M;16
2023/2024;65;SALERNO;24;VICENZA;F;6
2023/2024;60;FROSINONE;67;TERAMO;F;49
2024/2025;1;TORINO;90;SASSARI;M;9
2023/2024;61;CASERTA;17;BRESCIA;M;6
2024/2025;92;CAGLIARI;12;VARESE;F;5
2023/2024;70;CAMPOBASSO;109;FERMO;F;11
2023/2024;78;COSENZA;76;POTENZA;F;23
2023/2024;5;ASTI;28;PADOVA;M;9
2024/2025;32;TRIESTE;52;SIENA;F;5
2024/2025;65;SALERNO;68;PESCARA;M;26
2024/2025;20;MANTOVA;35;REGGIO EMILIA;M;104
2023/2024;9;SAVONA;48;FIRENZE;M;8
2024/2025;41;PESARO E URBINO;69;CHIETI;F;30
2023/2024;80;REGGIO CALABRIA;32;TRIESTE;M;21
2023/2024;72;BARI;22;TRENTO;F;122
2023/2024;35;REGGIO EMILIA;1;TORINO;F;9
2024/2025;49;LIVORNO;63;NAPOLI;M;11
2024/2025;27;VENEZIA;16;BERGAMO;F;5
2024/2025;24;VICENZA;55;TERNI;F;6
2023/2024;28;PADOVA;21;BOLZANO;F;9
2023/2024;3;NOVARA;63;NAPOLI;F;8
2023/2024;86;ENNA;83;MESSINA;M;109
2024/2025;88;RAGUSA;99;RIMINI;M;5
2024/2025;97;LECCO;108;MONZA E BRIANZA;M;62
2023/2024;59;LATINA;10;GENOVA;M;5
2024/2025;88;RAGUSA;63;NAPOLI;M;6
2024/2025;13;COMO;54;PERUGIA;F;16
2023/2024;15;MILANO;16;BERGAMO;M;729
2023/2024;40;FORLI'-CESENA;1;TORINO;F;9
2023/2024;82;PALERMO;67;TERAMO;F;5
2023/2024;1;TORINO;15;MILANO;F;626
2024/2025;999;PROVINCIA NON DEFINITA;61;CASERTA;M;58
2023/2024;27;VENEZIA;16;BERGAMO;F;5
2024/2025;71;FOGGIA;28;PADOVA;M;41
2024/2025;56;VITERBO;27;VENEZIA;F;13
2023/2024;999;PROVINCIA NON DEFINITA;86;ENNA;F;44
2024/2025;93;PORDENONE;42;ANCONA;M;5
2023/2024;92;CAGLIARI;52;SIENA;F;14
2024/2025;53;GROSSETO;1;TORINO;M;12
2023/2024;26;TREVISO;56;VITERBO;M;5
2023/2024;69;CHIETI;52;SIENA;M;11
2023/2024;71;FOGGIA;76;POTENZA;M;21
2024/2025;67;TERAMO;35;REGGIO EMILIA;F;12
2024/2025;45;MASSA CARRARA;52;SIENA;M;12
2024/2025;36;MODENA;10;GENOVA;F;11
2023/2024;92;CAGLIARI;58;ROMA;F;241
2024/2025;23;VERONA;16;BERGAMO;F;19
2023/2024;1;TORINO;27;VENEZIA;M;44
2024/2025;16;BERGAMO;66;L'AQUILA;M;10
2023/2024;61;CASERTA;65;SALERNO;M;417
2023/2024;71;FOGGIA;15;MILANO;M;125
2024/2025;81;TRAPANI;90;SASSARI;F;9
2024/2025;77;MATERA;42;ANCONA;F;8
2024/2025;74;BRINDISI;61;CASERTA;M;17
2024/2025;36;MODENA;41;PESARO E URBINO;M;18
2024/2025;77;MATERA;38;FERRARA;M;93
2024/2025;10;GENOVA;50;PISA;F;118
2024/2025;21;BOLZANO;10;GENOVA;F;13
2024/2025;65;SALERNO;15;MILANO;F;64
2023/2024;30;UDINE;1;TORINO;M;37
2024/2025;76;POTENZA;16;BERGAMO;M;8
2023/2024;33;PIACENZA;50;PISA;M;11
2023/2024;8;IMPERIA;11;LA SPEZIA;F;7
2023/2024;109;FERMO;54;PERUGIA;F;106
2023/2024;78;COSENZA;67;TERAMO;F;8
2024/2025;86;ENNA;12;VARESE;M;8
2024/2025;90;SASSARI;90;SASSARI;M;2947
2023/2024;27;VENEZIA;26;TREVISO;M;278
2024/2025;111;SUD SARDEGNA;27;VENEZIA;M;5
2024/2025;61;CASERTA;62;BENEVENTO;F;68
2023/2024;81;TRAPANI;1;TORINO;F;183
2024/2025;36;MODENA;1;TORINO;M;26
2023/2024;56;VITERBO;28;PADOVA;F;25
2023/2024;39;RAVENNA;10;GENOVA;M;5
2023/2024;79;CATANZARO;15;MILANO;M;71
2024/2025;38;FERRARA;15;MILANO;M;50
2024/2025;50;PISA;36;MODENA;F;6
2023/2024;85;CALTANISSETTA;57;RIETI;M;7
2024/2025;70;CAMPOBASSO;32;TRIESTE;F;5
2023/2024;19;CREMONA;97;LECCO;F;6
2023/2024;6;ALESSANDRIA;43;MACERATA;M;6
2024/2025;39;RAVENNA;38;FERRARA;M;400
2024/2025;71;FOGGIA;71;FOGGIA;F;4168
2024/2025;84;AGRIGENTO;81;TRAPANI;F;22
2024/2025;75;LECCE;72;BARI;M;114
2024/2025;102;VIBO VALENTIA;38;FERRARA;M;7
2024/2025;88;RAGUSA;10;GENOVA;M;12
2023/2024;80;REGGIO CALABRIA;55;TERNI;F;6
2023/2024;59;LATINA;1;TORINO;F;47
2024/2025;57;RIETI;66;L'AQUILA;M;299
2024/2025;14;SONDRIO;37;BOLOGNA;F;55
2023/2024;998;PROVINCIA ESTERA;39;RAVENNA;M;78
2023/2024;25;BELLUNO;1;TORINO;M;10
2023/2024;90;SASSARI;22;TRENTO;M;14
2024/2025;5;ASTI;37;BOLOGNA;F;24
2023/2024;9;SAVONA;28;PADOVA;M;8
2024/2025;108;MONZA E BRIANZA;1;TORINO;M;38
2023/2024;64;AVELLINO;70;CAMPOBASSO;M;112
2023/2024;78;COSENZA;68;PESCARA;F;11
2023/2024;101;CROTONE;75;LECCE;F;5
2024/2025;28;PADOVA;22;TRENTO;M;105
2024/2025;37;BOLOGNA;59;LATINA;F;8
2024/2025;58;ROMA;49;LIVORNO;F;10
2023/2024;24;VICENZA;39;RAVENNA;F;24
2024/2025;72;BARI;73;TARANTO;M;129
2024/2025;57;RIETI;63;NAPOLI;F;7
2023/2024;72;BARI;30;UDINE;M;15
2024/2025;47;PISTOIA;40;FORLI'-CESENA;F;15
2024/2025;999;PROVINCIA NON DEFINITA;15;MILANO;M;2268
2024/2025;36;MODENA;18;PAVIA;F;21
2024/2025;74;BRINDISI;27;VENEZIA;F;24
2024/2025;97;LECCO;10;GENOVA;M;11
2024/2025;103;VERBANO CUSIO OSSOLA;34;PARMA;M;7
2023/2024;13;COMO;34;PARMA;M;15
2023/2024;88;RAGUSA;35;REGGIO EMILIA;M;14
2023/2024;102;VIBO VALENTIA;63;NAPOLI;M;15
2024/2025;56;VITERBO;15;MILANO;M;25
2024/2025;60;FROSINONE;15;MILANO;F;91
2024/2025;82;PALERMO;37;BOLOGNA;M;151
2024/2025;13;COMO;23;VERONA;F;9
2024/2025;7;AOSTA;7;AOSTA;F;441
2023/2024;84;AGRIGENTO;29;ROVIGO;F;9
2023/2024;90;SASSARI;36;MODENA;F;9
2023/2024;66;L'AQUILA;48;FIRENZE;F;50
2023/2024;108;MONZA E BRIANZA;83;MESSINA;F;7
2024/2025;74;BRINDISI;15;MILANO;M;171
2024/2025;58;ROMA;28;PADOVA;F;190
2024/2025;999;PROVINCIA NON DEFINITA;32;TRIESTE;M;24
2024/2025;17;BRESCIA;56;VITERBO;M;5
2024/2025;96;BIELLA;33;PIACENZA;F;5
2024/2025;28;PADOVA;37;BOLOGNA;F;300
2023/2024;81;TRAPANI;87;CATANIA;F;22
2023/2024;4;CUNEO;58;ROMA;M;33
2023/2024;36;MODENA;34;PARMA;F;854
2024/2025;75;LECCE;79;CATANZARO;F;36
2023/2024;7;AOSTA;37;BOLOGNA;F;52
2024/2025;85;CALTANISSETTA;18;PAVIA;F;66
2024/2025;12;VARESE;38;FERRARA;M;13
2024/2025;27;VENEZIA;34;PARMA;M;22
2023/2024;59;LATINA;56;VITERBO;M;84
2024/2025;17;BRESCIA;33;PIACENZA;F;51
2023/2024;23;VERONA;12;VARESE;M;9
2023/2024;46;LUCCA;23;VERONA;F;8
2024/2025;39;RAVENNA;15;MILANO;M;93
2024/2025;61;CASERTA;65;SALERNO;M;434
2024/2025;41;PESARO E URBINO;42;ANCONA;F;446
2023/2024;76;POTENZA;1;TORINO;F;65
2024/2025;65;SALERNO;55;TERNI;M;11
2024/2025;9;SAVONA;34;PARMA;F;26
2024/2025;61;CASERTA;48;FIRENZE;F;125
2023/2024;96;BIELLA;6;ALESSANDRIA;M;60
2023/2024;999;PROVINCIA NON DEFINITA;14;SONDRIO;F;15
2024/2025;63;NAPOLI;71;FOGGIA;F;57
2023/2024;58;ROMA;40;FORLI'-CESENA;M;36
2024/2025;103;VERBANO CUSIO OSSOLA;28;PADOVA;F;22
2023/2024;67;TERAMO;69;CHIETI;F;510
2023/2024;96;BIELLA;1;TORINO;M;242
2023/2024;70;CAMPOBASSO;23;VERONA;F;9
2023/2024;26;TREVISO;35;REGGIO EMILIA;F;19
2024/2025;22;TRENTO;54;PERUGIA;F;40
2024/2025;100;PRATO;58;ROMA;F;56
2024/2025;86;ENNA;1;TORINO;F;53
2023/2024;10;GENOVA;8;IMPERIA;F;12
2023/2024;27;VENEZIA;35;REGGIO EMILIA;M;7
2024/2025;78;COSENZA;66;L'AQUILA;M;50
2024/2025;75;LECCE;23;VERONA;M;17
2023/2024;109;FERMO;39;RAVENNA;F;7
2023/2024;67;TERAMO;58;ROMA;M;281
2024/2025;58;ROMA;15;MILANO;F;663
2023/2024;51;AREZZO;54;PERUGIA;M;450
2023/2024;97;LECCO;17;BRESCIA;M;9
2024/2025;6;ALESSANDRIA;22;TRENTO;F;8
2023/2024;65;SALERNO;94;ISERNIA;F;51
2023/2024;17;BRESCIA;1;TORINO;M;49
2024/2025;35;REGGIO EMILIA;40;FORLI'-CESENA;M;48
2023/2024;85;CALTANISSETTA;34;PARMA;F;62
2024/2025;98;LODI;48;FIRENZE;F;6
2023/2024;50;PISA;48;FIRENZE;F;1045
2023/2024;78;COSENZA;1;TORINO;F;156
2024/2025;111;SUD SARDEGNA;66;L'AQUILA;M;8
2024/2025;17;BRESCIA;69;CHIETI;F;18
2024/2025;25;BELLUNO;15;MILANO;M;35
2024/2025;69;CHIETI;58;ROMA;F;656
2023/2024;25;BELLUNO;58;ROMA;M;22
2023/2024;12;VARESE;1;TORINO;F;154
2024/2025;52;SIENA;54;PERUGIA;F;258
2023/2024;42;ANCONA;33;PIACENZA;M;5
2024/2025;71;FOGGIA;43;MACERATA;M;52
2024/2025;8;IMPERIA;18;PAVIA;F;89
2023/2024;74;BRINDISI;77;MATERA;F;42
2023/2024;31;GORIZIA;32;TRIESTE;F;788
2024/2025;76;POTENZA;70;CAMPOBASSO;F;30
2023/2024;76;POTENZA;38;FERRARA;F;98
2023/2024;998;PROVINCIA ESTERA;41;PESARO E URBINO;F;284
2023/2024;75;LECCE;69;CHIETI;M;148
2023/2024;72;BARI;1;TORINO;M;302
2024/2025;33;PIACENZA;35;REGGIO EMILIA;F;173
2023/2024;63;NAPOLI;44;ASCOLI PICENO;M;8
2024/2025;90;SASSARI;18;PAVIA;F;53
2024/2025;62;BENEVENTO;62;BENEVENTO;M;1234
2023/2024;998;PROVINCIA ESTERA;1;TORINO;F;1542
2024/2025;41;PESARO E URBINO;83;MESSINA;F;6
2024/2025;42;ANCONA;54;PERUGIA;M;207
2024/2025;26;TREVISO;24;VICENZA;M;337
2023/2024;71;FOGGIA;58;ROMA;F;869
2023/2024;998;PROVINCIA ESTERA;97;LECCO;F;7
2023/2024;16;BERGAMO;37;BOLOGNA;F;211
2023/2024;50;PISA;10;GENOVA;F;14
2024/2025;38;FERRARA;34;PARMA;F;49
2023/2024;111;SUD SARDEGNA;52;SIENA;F;7
2023/2024;36;MODENA;36;MODENA;F;3110
2023/2024;31;GORIZIA;31;GORIZIA;M;79
2023/2024;46;LUCCA;15;MILANO;F;19
2023/2024;43;MACERATA;28;PADOVA;F;104
2024/2025;63;NAPOLI;69;CHIETI;F;177
2024/2025;89;SIRACUSA;37;BOLOGNA;F;105
2024/2025;79;CATANZARO;16;BERGAMO;F;8
2024/2025;26;TREVISO;28;PADOVA;M;3455
2024/2025;27;VENEZIA;37;BOLOGNA;M;138
2024/2025;67;TERAMO;40;FORLI'-CESENA;F;35
2024/2025;64;AVELLINO;12;VARESE;M;9
2023/2024;83;MESSINA;83;MESSINA;M;4554
2023/2024;71;FOGGIA;22;TRENTO;M;11
2023/2024;51;AREZZO;23;VERONA;M;5
2023/2024;18;PAVIA;52;SIENA;F;10
2023/2024;23;VERONA;34;PARMA;F;164
2024/2025;15;MILANO;36;MODENA;F;30
2023/2024;10;GENOVA;98;LODI;F;5
2024/2025;63;NAPOLI;68;PESCARA;M;28
2023/2024;41;PESARO E URBINO;66;L'AQUILA;M;13
2023/2024;82;PALERMO;79;CATANZARO;M;15
2023/2024;76;POTENZA;72;BARI;F;31
2024/2025;76;POTENZA;60;FROSINONE;F;6
2023/2024;109;FERMO;48;FIRENZE;F;25
2023/2024;90;SASSARI;69;CHIETI;F;10
2023/2024;102;VIBO VALENTIA;28;PADOVA;M;10
2024/2025;111;SUD SARDEGNA;28;PADOVA;M;27
2024/2025;108;MONZA E BRIANZA;15;MILANO;M;1774
2023/2024;38;FERRARA;48;FIRENZE;F;38
2024/2025;58;ROMA;36;MODENA;F;41
2023/2024;60;FROSINONE;23;VERONA;F;10
2023/2024;21;BOLZANO;36;MODENA;M;26
2023/2024;96;BIELLA;32;TRIESTE;F;10
2024/2025;46;LUCCA;18;PAVIA;M;5
2024/2025;87;CATANIA;15;MILANO;F;68
2024/2025;68;PESCARA;43;MACERATA;M;58
2024/2025;84;AGRIGENTO;79;CATANZARO;M;6
2024/2025;56;VITERBO;63;NAPOLI;M;11
2023/2024;24;VICENZA;36;MODENA;M;43
2023/2024;37;BOLOGNA;37;BOLOGNA;M;6470
2023/2024;76;POTENZA;16;BERGAMO;M;8
2024/2025;15;MILANO;75;LECCE;M;6
2024/2025;85;CALTANISSETTA;15;MILANO;M;22
2023/2024;59;LATINA;69;CHIETI;F;56
2023/2024;103;VERBANO CUSIO OSSOLA;15;MILANO;F;64
2023/2024;96;BIELLA;37;BOLOGNA;M;28
2023/2024;71;FOGGIA;35;REGGIO EMILIA;M;26
2023/2024;89;SIRACUSA;16;BERGAMO;M;5
2024/2025;56;VITERBO;1;TORINO;M;33
2023/2024;17;BRESCIA;21;BOLZANO;F;20
2024/2025;18;PAVIA;66;L'AQUILA;F;5
2024/2025;111;SUD SARDEGNA;1;TORINO;F;63
2024/2025;17;BRESCIA;79;CATANZARO;F;7
2024/2025;57;RIETI;28;PADOVA;F;14
2023/2024;73;TARANTO;33;PIACENZA;F;9
2024/2025;75;LECCE;33;PIACENZA;F;26
2023/2024;75;LECCE;41;PESARO E URBINO;F;142
2023/2024;90;SASSARI;27;VENEZIA;M;15
2024/2025;103;VERBANO CUSIO OSSOLA;6;ALESSANDRIA;F;17
2023/2024;92;CAGLIARI;23;VERONA;F;13
2024/2025;32;TRIESTE;48;FIRENZE;M;12
2023/2024;28;PADOVA;1;TORINO;M;31
2024/2025;46;LUCCA;52;SIENA;F;70
2023/2024;24;VICENZA;69;CHIETI;F;15
2024/2025;101;CROTONE;66;L'AQUILA;F;6
2023/2024;64;AVELLINO;15;MILANO;M;154
2024/2025;78;COSENZA;65;SALERNO;F;92
2024/2025;25;BELLUNO;40;FORLI'-CESENA;M;8
2023/2024;15;MILANO;7;AOSTA;F;5
2023/2024;24;VICENZA;16;BERGAMO;F;11
2024/2025;59;LATINA;72;BARI;F;5
2023/2024;69;CHIETI;66;L'AQUILA;M;419
2024/2025;54;PERUGIA;34;PARMA;M;21
2024/2025;62;BENEVENTO;34;PARMA;F;16
2023/2024;86;ENNA;48;FIRENZE;F;22
2023/2024;83;MESSINA;1;TORINO;M;159
2024/2025;21;BOLZANO;15;MILANO;F;114
2024/2025;14;SONDRIO;58;ROMA;M;8
2024/2025;10;GENOVA;36;MODENA;M;22
2023/2024;72;BARI;18;PAVIA;F;89
2024/2025;6;ALESSANDRIA;27;VENEZIA;F;27
2023/2024;75;LECCE;50;PISA;F;146
2023/2024;34;PARMA;50;PISA;F;23
2023/2024;90;SASSARI;11;LA SPEZIA;M;7
2023/2024;3;NOVARA;3;NOVARA;F;949
2024/2025;16;BERGAMO;82;PALERMO;F;5
2024/2025;3;NOVARA;18;PAVIA;F;143
2024/2025;44;ASCOLI PICENO;68;PESCARA;F;35
2023/2024;84;AGRIGENTO;19;CREMONA;F;7
2023/2024;7;AOSTA;48;FIRENZE;M;9
2023/2024;22;TRENTO;22;TRENTO;M;2863
2023/2024;108;MONZA E BRIANZA;97;LECCO;M;6
2024/2025;108;MONZA E BRIANZA;39;RAVENNA;F;10
2024/2025;88;RAGUSA;80;REGGIO CALABRIA;F;6
2023/2024;99;RIMINI;40;FORLI'-CESENA;F;307
2023/2024;41;PESARO E URBINO;52;SIENA;M;10
2024/2025;74;BRINDISI;69;CHIETI;F;118
2024/2025;73;TARANTO;72;BARI;F;2051
2024/2025;5;ASTI;6;ALESSANDRIA;F;180
2024/2025;999;PROVINCIA NON DEFINITA;1;TORINO;M;5055
2023/2024;39;RAVENNA;36;MODENA;F;46
2024/2025;998;PROVINCIA ESTERA;20;MANTOVA;M;12
2023/2024;81;TRAPANI;27;VENEZIA;M;10
2023/2024;22;TRENTO;21;BOLZANO;M;123
2023/2024;82;PALERMO;82;PALERMO;F;14400
2023/2024;63;NAPOLI;59;LATINA;F;85
2023/2024;76;POTENZA;69;CHIETI;F;290
2023/2024;24;VICENZA;32;TRIESTE;M;58
2024/2025;90;SASSARI;22;TRENTO;F;18
2024/2025;999;PROVINCIA NON DEFINITA;100;PRATO;M;6
2023/2024;16;BERGAMO;72;BARI;F;6
2023/2024;84;AGRIGENTO;51;AREZZO;F;7
2024/2025;26;TREVISO;52;SIENA;F;25
2023/2024;31;GORIZIA;15;MILANO;F;9
2024/2025;87;CATANIA;82;PALERMO;F;191
2024/2025;93;PORDENONE;38;FERRARA;M;62
2023/2024;51;AREZZO;52;SIENA;M;335
2023/2024;110;BARLETTA - ANDRIA - TRANI;63;NAPOLI;M;24
2024/2025;75;LECCE;83;MESSINA;F;29
2023/2024;51;AREZZO;51;AREZZO;F;596
2024/2025;83;MESSINA;23;VERONA;F;20
2024/2025;53;GROSSETO;15;MILANO;M;31
2023/2024;61;CASERTA;68;PESCARA;F;13
2023/2024;102;VIBO VALENTIA;50;PISA;M;60
2023/2024;61;CASERTA;39;RAVENNA;M;6
2023/2024;63;NAPOLI;28;PADOVA;F;127
2024/2025;73;TARANTO;26;TREVISO;F;7
2023/2024;63;NAPOLI;32;TRIESTE;F;43
2023/2024;27;VENEZIA;23;VERONA;M;56
2023/2024;93;PORDENONE;38;FERRARA;F;107
2024/2025;13;COMO;37;BOLOGNA;F;45
2024/2025;93;PORDENONE;21;BOLZANO;F;7
2024/2025;22;TRENTO;33;PIACENZA;F;5
2024/2025;999;PROVINCIA NON DEFINITA;79;CATANZARO;M;538
2024/2025;75;LECCE;74;BRINDISI;M;57
2024/2025;92;CAGLIARI;50;PISA;M;79
2023/2024;78;COSENZA;59;LATINA;M;12
2024/2025;84;AGRIGENTO;22;TRENTO;F;14
2023/2024;75;LECCE;70;CAMPOBASSO;M;20
2023/2024;89;SIRACUSA;69;CHIETI;M;6
2024/2025;11;LA SPEZIA;38;FERRARA;F;14
2024/2025;40;FORLI'-CESENA;35;REGGIO EMILIA;M;14
2023/2024;21;BOLZANO;40;FORLI'-CESENA;F;13
2023/2024;67;TERAMO;49;LIVORNO;M;5
2023/2024;31;GORIZIA;30;UDINE;M;315
2024/2025;82;PALERMO;86;ENNA;M;75
2024/2025;94;ISERNIA;58;ROMA;F;183
2023/2024;87;CATANIA;40;FORLI'-CESENA;M;23
2023/2024;8;IMPERIA;63;NAPOLI;F;6
2023/2024;86;ENNA;36;MODENA;M;8
2024/2025;4;CUNEO;50;PISA;M;21
2023/2024;65;SALERNO;61;CASERTA;F;460
2023/2024;45;MASSA CARRARA;52;SIENA;M;14
2023/2024;99;RIMINI;15;MILANO;M;151
2024/2025;93;PORDENONE;22;TRENTO;M;58
2024/2025;67;TERAMO;15;MILANO;F;38
2024/2025;45;MASSA CARRARA;1;TORINO;M;16
2023/2024;43;MACERATA;1;TORINO;M;25
2023/2024;46;LUCCA;48;FIRENZE;F;860
2024/2025;6;ALESSANDRIA;15;MILANO;F;49
2024/2025;45;MASSA CARRARA;11;LA SPEZIA;F;57
2024/2025;22;TRENTO;10;GENOVA;F;14
2023/2024;35;REGGIO EMILIA;42;ANCONA;M;6
2023/2024;78;COSENZA;58;ROMA;M;799
2024/2025;72;BARI;70;CAMPOBASSO;M;23
2024/2025;103;VERBANO CUSIO OSSOLA;1;TORINO;F;24
2024/2025;31;GORIZIA;28;PADOVA;F;65
2023/2024;71;FOGGIA;64;AVELLINO;F;5
2023/2024;87;CATANIA;17;BRESCIA;M;6
2024/2025;69;CHIETI;43;MACERATA;F;230
2024/2025;66;L'AQUILA;43;MACERATA;M;17
2024/2025;15;MILANO;35;REGGIO EMILIA;M;12
2023/2024;35;REGGIO EMILIA;10;GENOVA;F;7
2023/2024;74;BRINDISI;72;BARI;M;660
2024/2025;71;FOGGIA;70;CAMPOBASSO;F;479
2023/2024;999;PROVINCIA NON DEFINITA;16;BERGAMO;M;21
2023/2024;49;LIVORNO;37;BOLOGNA;F;98
2023/2024;110;BARLETTA - ANDRIA - TRANI;73;TARANTO;M;12
2024/2025;31;GORIZIA;31;GORIZIA;F;143
2023/2024;87;CATANIA;37;BOLOGNA;F;240
2023/2024;19;CREMONA;58;ROMA;F;39
2024/2025;54;PERUGIA;58;ROMA;M;340
2023/2024;82;PALERMO;16;BERGAMO;M;19
2023/2024;1;TORINO;23;VERONA;F;33
2023/2024;42;ANCONA;16;BERGAMO;F;5
2023/2024;65;SALERNO;28;PADOVA;M;84
2023/2024;84;AGRIGENTO;43;MACERATA;F;18
2024/2025;34;PARMA;36;MODENA;M;106
2023/2024;9;SAVONA;27;VENEZIA;M;5
2024/2025;31;GORIZIA;15;MILANO;F;32
2023/2024;43;MACERATA;22;TRENTO;M;28
2024/2025;20;MANTOVA;20;MANTOVA;M;189
2023/2024;50;PISA;50;PISA;M;3729
2024/2025;49;LIVORNO;27;VENEZIA;M;7
2024/2025;998;PROVINCIA ESTERA;1;TORINO;M;1465
2023/2024;68;PESCARA;16;BERGAMO;M;10
2024/2025;1;TORINO;70;CAMPOBASSO;F;8
2023/2024;9;SAVONA;6;ALESSANDRIA;M;6
2024/2025;21;BOLZANO;12;VARESE;M;6
2024/2025;64;AVELLINO;15;MILANO;M;140
2024/2025;9;SAVONA;54;PERUGIA;F;13
2024/2025;78;COSENZA;36;MODENA;M;47
2024/2025;89;SIRACUSA;15;MILANO;F;29
2024/2025;15;MILANO;63;NAPOLI;M;37
2024/2025;101;CROTONE;18;PAVIA;F;24
2024/2025;76;POTENZA;56;VITERBO;F;16
2023/2024;61;CASERTA;55;TERNI;M;6
2024/2025;70;CAMPOBASSO;42;ANCONA;M;130
2024/2025;999;PROVINCIA NON DEFINITA;7;AOSTA;F;25
2024/2025;999;PROVINCIA NON DEFINITA;52;SIENA;F;352
2024/2025;70;CAMPOBASSO;94;ISERNIA;F;115
2024/2025;52;SIENA;37;BOLOGNA;F;122
2023/2024;43;MACERATA;41;PESARO E URBINO;M;196
2024/2025;109;FERMO;1;TORINO;M;22
2023/2024;22;TRENTO;37;BOLOGNA;F;411
2024/2025;15;MILANO;4;CUNEO;F;8
2023/2024;68;PESCARA;39;RAVENNA;F;20
2024/2025;22;TRENTO;34;PARMA;M;48
2023/2024;90;SASSARI;48;FIRENZE;M;46
2024/2025;998;PROVINCIA ESTERA;97;LECCO;F;9
2024/2025;69;CHIETI;99;RIMINI;F;9
2024/2025;64;AVELLINO;28;PADOVA;M;29
2024/2025;62;BENEVENTO;17;BRESCIA;F;5
2023/2024;95;ORISTANO;48;FIRENZE;F;23
2023/2024;12;VARESE;66;L'AQUILA;M;9
2023/2024;82;PALERMO;60;FROSINONE;M;5
2023/2024;86;ENNA;79;CATANZARO;M;5
2023/2024;63;NAPOLI;48;FIRENZE;F;212
2024/2025;33;PIACENZA;28;PADOVA;M;11
2023/2024;63;NAPOLI;36;MODENA;F;63
2024/2025;89;SIRACUSA;79;CATANZARO;M;18
2024/2025;74;BRINDISI;22;TRENTO;F;26
2024/2025;56;VITERBO;90;SASSARI;M;5
2024/2025;15;MILANO;72;BARI;F;12
2024/2025;28;PADOVA;18;PAVIA;M;12
2023/2024;65;SALERNO;18;PAVIA;F;63
2024/2025;32;TRIESTE;28;PADOVA;F;80
2023/2024;13;COMO;1;TORINO;F;69
2023/2024;99;RIMINI;66;L'AQUILA;F;5
2024/2025;57;RIETI;15;MILANO;F;23
2024/2025;80;REGGIO CALABRIA;63;NAPOLI;M;32
2024/2025;56;VITERBO;66;L'AQUILA;M;31
2024/2025;29;ROVIGO;28;PADOVA;F;755
2024/2025;14;SONDRIO;1;TORINO;M;15
2024/2025;35;REGGIO EMILIA;41;PESARO E URBINO;F;10
2024/2025;101;CROTONE;54;PERUGIA;F;84
2023/2024;28;PADOVA;90;SASSARI;F;6
2024/2025;68;PESCARA;28;PADOVA;M;64
2023/2024;50;PISA;54;PERUGIA;F;25
2023/2024;83;MESSINA;56;VITERBO;F;6
2024/2025;100;PRATO;37;BOLOGNA;F;209
2024/2025;20;MANTOVA;52;SIENA;F;10
2023/2024;26;TREVISO;58;ROMA;F;196
2024/2025;60;FROSINONE;67;TERAMO;F;35
2024/2025;50;PISA;11;LA SPEZIA;M;6
2024/2025;53;GROSSETO;50;PISA;F;563
2024/2025;24;VICENZA;42;ANCONA;F;17
2024/2025;19;CREMONA;1;TORINO;M;12
2023/2024;103;VERBANO CUSIO OSSOLA;12;VARESE;F;135
2024/2025;18;PAVIA;41;PESARO E URBINO;F;7
2023/2024;90;SASSARI;99;RIMINI;F;5
2024/2025;75;LECCE;71;FOGGIA;F;63
2024/2025;41;PESARO E URBINO;44;ASCOLI PICENO;M;19
2023/2024;69;CHIETI;1;TORINO;M;134
2024/2025;80;REGGIO CALABRIA;1;TORINO;M;84
2024/2025;69;CHIETI;33;PIACENZA;F;10
2023/2024;61;CASERTA;30;UDINE;M;9
2023/2024;40;FORLI'-CESENA;32;TRIESTE;F;12
2024/2025;75;LECCE;90;SASSARI;F;5
2023/2024;39;RAVENNA;1;TORINO;M;14
2023/2024;10;GENOVA;48;FIRENZE;M;30
2023/2024;92;CAGLIARI;18;PAVIA;M;26
2023/2024;16;BERGAMO;4;CUNEO;F;7
2024/2025;24;VICENZA;52;SIENA;M;12
2024/2025;40;FORLI'-CESENA;34;PARMA;M;31
2024/2025;68;PESCARA;1;TORINO;F;39
2024/2025;89;SIRACUSA;54;PERUGIA;M;34
2023/2024;110;BARLETTA - ANDRIA - TRANI;75;LECCE;M;10
2024/2025;63;NAPOLI;57;RIETI;F;19
2024/2025;15;MILANO;26;TREVISO;F;6
2023/2024;41;PESARO E URBINO;109;FERMO;F;14
2023/2024;62;BENEVENTO;32;TRIESTE;M;10
2023/2024;88;RAGUSA;37;BOLOGNA;M;156
2023/2024;94;ISERNIA;28;PADOVA;M;6
2024/2025;68;PESCARA;15;MILANO;M;172
2023/2024;110;BARLETTA - ANDRIA - TRANI;18;PAVIA;F;34
2023/2024;85;CALTANISSETTA;108;MONZA E BRIANZA;M;5
2024/2025;34;PARMA;17;BRESCIA;F;7
2024/2025;111;SUD SARDEGNA;34;PARMA;F;12
2024/2025;90;SASSARI;32;TRIESTE;F;18
2023/2024;34;PARMA;48;FIRENZE;M;15
2024/2025;82;PALERMO;90;SASSARI;F;5
2023/2024;15;MILANO;98;LODI;F;148
2023/2024;998;PROVINCIA ESTERA;13;COMO;M;47
2024/2025;38;FERRARA;52;SIENA;F;10
2023/2024;26;TREVISO;42;ANCONA;M;7
2024/2025;74;BRINDISI;52;SIENA;F;26
2024/2025;3;NOVARA;15;MILANO;M;498
2024/2025;87;CATANIA;1;TORINO;M;233
2023/2024;43;MACERATA;34;PARMA;F;53
2023/2024;26;TREVISO;29;ROVIGO;M;21
2024/2025;111;SUD SARDEGNA;15;MILANO;F;39
2024/2025;15;MILANO;9;SAVONA;M;5
2023/2024;96;BIELLA;3;NOVARA;F;223
2024/2025;73;TARANTO;30;UDINE;F;6
2024/2025;61;CASERTA;22;TRENTO;M;12
2023/2024;93;PORDENONE;48;FIRENZE;F;29
2023/2024;60;FROSINONE;94;ISERNIA;M;56
2023/2024;72;BARI;15;MILANO;F;567
2023/2024;998;PROVINCIA ESTERA;65;SALERNO;M;81
2024/2025;77;MATERA;35;REGGIO EMILIA;F;12
2024/2025;72;BARI;79;CATANZARO;M;23
2023/2024;63;NAPOLI;83;MESSINA;F;29
2024/2025;15;MILANO;97;LECCO;F;40
2023/2024;77;MATERA;18;PAVIA;F;34
2023/2024;79;CATANZARO;43;MACERATA;M;7
2023/2024;78;COSENZA;10;GENOVA;M;15
2023/2024;40;FORLI'-CESENA;69;CHIETI;F;11
2023/2024;80;REGGIO CALABRIA;54;PERUGIA;F;77
2023/2024;90;SASSARI;92;CAGLIARI;F;801
2024/2025;86;ENNA;27;VENEZIA;F;10
2023/2024;95;ORISTANO;54;PERUGIA;M;11
2023/2024;26;TREVISO;16;BERGAMO;F;14
2023/2024;78;COSENZA;83;MESSINA;M;33
2023/2024;17;BRESCIA;10;GENOVA;M;15
2023/2024;56;VITERBO;15;MILANO;F;21
2023/2024;50;PISA;54;PERUGIA;M;13
2024/2025;71;FOGGIA;37;BOLOGNA;M;283
2023/2024;53;GROSSETO;37;BOLOGNA;M;60
2024/2025;12;VARESE;28;PADOVA;M;36
2023/2024;60;FROSINONE;15;MILANO;F;44
2024/2025;43;MACERATA;69;CHIETI;F;78
2024/2025;96;BIELLA;50;PISA;F;9
2024/2025;36;MODENA;58;ROMA;M;62
2024/2025;51;AREZZO;51;AREZZO;M;138
2023/2024;91;NUORO;63;NAPOLI;M;7
2024/2025;9;SAVONA;15;MILANO;M;63
2023/2024;58;ROMA;70;CAMPOBASSO;F;25
2024/2025;57;RIETI;52;SIENA;M;12
2023/2024;23;VERONA;17;BRESCIA;F;226
2024/2025;74;BRINDISI;43;MACERATA;F;20
2024/2025;24;VICENZA;1;TORINO;M;38
2023/2024;3;NOVARA;34;PARMA;M;16
2023/2024;70;CAMPOBASSO;94;ISERNIA;M;212
2023/2024;88;RAGUSA;10;GENOVA;F;12
2024/2025;95;ORISTANO;48;FIRENZE;M;18
2024/2025;50;PISA;1;TORINO;F;17
2023/2024;18;PAVIA;2;VERCELLI;F;17
2024/2025;73;TARANTO;68;PESCARA;F;40
2024/2025;80;REGGIO CALABRIA;12;VARESE;F;11
2024/2025;36;MODENA;20;MANTOVA;M;11
2023/2024;61;CASERTA;62;BENEVENTO;F;59
2024/2025;65;SALERNO;108;MONZA E BRIANZA;F;6
2023/2024;1;TORINO;99;RIMINI;M;7
2024/2025;78;COSENZA;15;MILANO;M;230
2023/2024;78;COSENZA;50;PISA;F;182
2024/2025;81;TRAPANI;87;CATANIA;F;25
2023/2024;89;SIRACUSA;19;CREMONA;M;7
2023/2024;42;ANCONA;22;TRENTO;M;48
2023/2024;15;MILANO;98;LODI;M;39
2023/2024;22;TRENTO;33;PIACENZA;F;6
2023/2024;84;AGRIGENTO;35;REGGIO EMILIA;F;18
2023/2024;94;ISERNIA;65;SALERNO;M;5
2023/2024;41;PESARO E URBINO;36;MODENA;M;32
2024/2025;69;CHIETI;27;VENEZIA;M;13
2023/2024;77;MATERA;75;LECCE;M;47
2024/2025;43;MACERATA;42;ANCONA;F;769
2023/2024;56;VITERBO;41;PESARO E URBINO;M;10
2024/2025;49;LIVORNO;1;TORINO;F;14
2023/2024;34;PARMA;36;MODENA;M;108
2023/2024;27;VENEZIA;55;TERNI;F;7
2023/2024;79;CATANZARO;23;VERONA;M;9
2023/2024;91;NUORO;35;REGGIO EMILIA;F;10
2024/2025;7;AOSTA;50;PISA;F;9
2024/2025;46;LUCCA;100;PRATO;F;27
2023/2024;36;MODENA;27;VENEZIA;F;77
2024/2025;97;LECCO;13;COMO;M;21
2024/2025;92;CAGLIARI;1;TORINO;M;84
2024/2025;37;BOLOGNA;39;RAVENNA;F;296
2024/2025;93;PORDENONE;43;MACERATA;F;5
2024/2025;12;VARESE;20;MANTOVA;F;11
2023/2024;36;MODENA;1;TORINO;F;54
2023/2024;40;FORLI'-CESENA;63;NAPOLI;F;6
2024/2025;101;CROTONE;40;FORLI'-CESENA;M;6
2023/2024;999;PROVINCIA NON DEFINITA;73;TARANTO;F;14
2023/2024;58;ROMA;67;TERAMO;M;80
2024/2025;33;PIACENZA;33;PIACENZA;F;14
2023/2024;93;PORDENONE;34;PARMA;F;17
2023/2024;34;PARMA;54;PERUGIA;M;5
2024/2025;50;PISA;48;FIRENZE;M;375
2023/2024;103;VERBANO CUSIO OSSOLA;32;TRIESTE;F;9
2024/2025;6;ALESSANDRIA;1;TORINO;M;463
2023/2024;28;PADOVA;24;VICENZA;M;505
2023/2024;56;VITERBO;56;VITERBO;F;1609
2023/2024;93;PORDENONE;58;ROMA;F;70
2023/2024;6;ALESSANDRIA;27;VENEZIA;M;14
2024/2025;4;CUNEO;35;REGGIO EMILIA;F;5
2023/2024;89;SIRACUSA;56;VITERBO;M;7
2024/2025;47;PISTOIA;36;MODENA;M;15
2024/2025;91;NUORO;38;FERRARA;F;21
2023/2024;999;PROVINCIA NON DEFINITA;15;MILANO;F;3506
2023/2024;82;PALERMO;83;MESSINA;M;199
2023/2024;25;BELLUNO;24;VICENZA;M;36
2024/2025;101;CROTONE;63;NAPOLI;F;40
2023/2024;34;PARMA;23;VERONA;M;12
2024/2025;72;BARI;17;BRESCIA;M;5
2024/2025;72;BARI;59;LATINA;F;9
2024/2025;89;SIRACUSA;63;NAPOLI;M;15
2024/2025;79;CATANZARO;65;SALERNO;M;6
2024/2025;79;CATANZARO;40;FORLI'-CESENA;M;5
2023/2024;26;TREVISO;69;CHIETI;M;5
2023/2024;5;ASTI;58;ROMA;F;22
2024/2025;72;BARI;11;LA SPEZIA;M;5
2024/2025;70;CAMPOBASSO;37;BOLOGNA;M;187
2023/2024;72;BARI;38;FERRARA;M;57
2024/2025;34;PARMA;16;BERGAMO;F;5
2023/2024;12;VARESE;3;NOVARA;F;223
2024/2025;110;BARLETTA - ANDRIA - TRANI;22;TRENTO;F;32
2024/2025;58;ROMA;19;CREMONA;M;9
2024/2025;100;PRATO;51;AREZZO;F;17
2024/2025;88;RAGUSA;56;VITERBO;F;9
2024/2025;68;PESCARA;66;L'AQUILA;M;527
2024/2025;13;COMO;38;FERRARA;M;7
2024/2025;73;TARANTO;54;PERUGIA;M;64
2024/2025;15;MILANO;6;ALESSANDRIA;F;99
2023/2024;1;TORINO;71;FOGGIA;M;7
2023/2024;71;FOGGIA;75;LECCE;M;14
2024/2025;89;SIRACUSA;12;VARESE;M;10
2023/2024;47;PISTOIA;100;PRATO;M;20
2024/2025;76;POTENZA;33;PIACENZA;M;6
2024/2025;68;PESCARA;50;PISA;M;59
2024/2025;108;MONZA E BRIANZA;33;PIACENZA;M;7
2023/2024;68;PESCARA;58;ROMA;F;546
2024/2025;53;GROSSETO;27;VENEZIA;F;14
2023/2024;97;LECCO;39;RAVENNA;F;5
2024/2025;12;VARESE;12;VARESE;M;2719
2024/2025;98;LODI;17;BRESCIA;F;13
2023/2024;68;PESCARA;33;PIACENZA;M;11
2023/2024;44;ASCOLI PICENO;44;ASCOLI PICENO;M;419
2024/2025;87;CATANIA;48;FIRENZE;F;79
2024/2025;89;SIRACUSA;50;PISA;M;85
2023/2024;110;BARLETTA - ANDRIA - TRANI;72;BARI;M;1703
2023/2024;36;MODENA;59;LATINA;F;5
2024/2025;103;VERBANO CUSIO OSSOLA;37;BOLOGNA;F;30
2023/2024;44;ASCOLI PICENO;30;UDINE;M;9
2024/2025;60;FROSINONE;1;TORINO;F;26
2023/2024;3;NOVARA;15;MILANO;M;778
2023/2024;110;BARLETTA - ANDRIA - TRANI;43;MACERATA;F;30
2023/2024;64;AVELLINO;66;L'AQUILA;M;40
2024/2025;71;FOGGIA;16;BERGAMO;F;12
2023/2024;34;PARMA;32;TRIESTE;M;5
2023/2024;58;ROMA;1;TORINO;F;105
2023/2024;93;PORDENONE;18;PAVIA;F;6
2023/2024;62;BENEVENTO;55;TERNI;F;8
2024/2025;1;TORINO;37;BOLOGNA;M;87
2024/2025;90;SASSARI;104;OLBIA-TEMPIO;F;9
2024/2025;72;BARI;16;BERGAMO;F;13
2024/2025;24;VICENZA;10;GENOVA;M;5
2024/2025;53;GROSSETO;49;LIVORNO;M;9
2024/2025;63;NAPOLI;23;VERONA;F;40
2023/2024;65;SALERNO;57;RIETI;M;5
2023/2024;77;MATERA;72;BARI;F;80
2023/2024;67;TERAMO;1;TORINO;M;21
2023/2024;78;COSENZA;58;ROMA;F;1344
2024/2025;19;CREMONA;33;PIACENZA;M;26
2023/2024;69;CHIETI;109;FERMO;F;26
2023/2024;44;ASCOLI PICENO;34;PARMA;F;38
2024/2025;72;BARI;100;PRATO;F;6
2024/2025;50;PISA;37;BOLOGNA;F;76
2024/2025;1;TORINO;58;ROMA;M;196
2023/2024;36;MODENA;40;FORLI'-CESENA;M;105
2024/2025;87;CATANIA;19;CREMONA;M;6
2024/2025;82;PALERMO;27;VENEZIA;F;61
2024/2025;58;ROMA;61;CASERTA;F;30
2023/2024;54;PERUGIA;50;PISA;F;60
2023/2024;52;SIENA;38;FERRARA;F;10
2024/2025;102;VIBO VALENTIA;63;NAPOLI;F;27
2023/2024;57;RIETI;55;TERNI;F;31
2024/2025;109;FERMO;55;TERNI;F;6
2024/2025;103;VERBANO CUSIO OSSOLA;3;NOVARA;M;92
2024/2025;71;FOGGIA;36;MODENA;M;119
2023/2024;108;MONZA E BRIANZA;18;PAVIA;M;143
2023/2024;47;PISTOIA;40;FORLI'-CESENA;F;16
2023/2024;86;ENNA;22;TRENTO;F;12
2023/2024;76;POTENZA;90;SASSARI;F;6
2023/2024;46;LUCCA;28;PADOVA;M;18
2024/2025;96;BIELLA;4;CUNEO;F;5
2024/2025;95;ORISTANO;54;PERUGIA;M;13
2023/2024;83;MESSINA;10;GENOVA;M;17
2024/2025;69;CHIETI;67;TERAMO;F;331
2023/2024;85;CALTANISSETTA;23;VERONA;M;13
2024/2025;6;ALESSANDRIA;4;CUNEO;F;21
2023/2024;78;COSENZA;71;FOGGIA;M;7
2024/2025;26;TREVISO;23;VERONA;F;281
2024/2025;111;SUD SARDEGNA;95;ORISTANO;F;7
2024/2025;64;AVELLINO;38;FERRARA;M;22
2023/2024;6;ALESSANDRIA;68;PESCARA;F;10
2024/2025;90;SASSARI;41;PESARO E URBINO;M;21
2023/2024;29;ROVIGO;50;PISA;F;10
2023/2024;36;MODENA;26;TREVISO;F;8
2023/2024;72;BARI;73;TARANTO;M;114
2023/2024;63;NAPOLI;42;ANCONA;F;14
2023/2024;16;BERGAMO;40;FORLI'-CESENA;F;20
2023/2024;998;PROVINCIA ESTERA;21;BOLZANO;M;262
2023/2024;31;GORIZIA;52;SIENA;F;9
2023/2024;75;LECCE;26;TREVISO;F;8
2024/2025;73;TARANTO;40;FORLI'-CESENA;F;29
2023/2024;37;BOLOGNA;50;PISA;M;34
2024/2025;89;SIRACUSA;35;REGGIO EMILIA;F;16
2024/2025;84;AGRIGENTO;82;PALERMO;M;1863
2024/2025;81;TRAPANI;86;ENNA;M;47
2023/2024;1;TORINO;83;MESSINA;M;14
2024/2025;84;AGRIGENTO;40;FORLI'-CESENA;F;9
2023/2024;89;SIRACUSA;66;L'AQUILA;M;43
2024/2025;23;VERONA;48;FIRENZE;F;81
2023/2024;87;CATANIA;87;CATANIA;F;12900
2024/2025;40;FORLI'-CESENA;36;MODENA;M;41
2023/2024;22;TRENTO;29;ROVIGO;F;7
2024/2025;95;ORISTANO;37;BOLOGNA;F;40
2023/2024;58;ROMA;92;CAGLIARI;F;36
2023/2024;100;PRATO;1;TORINO;F;18
2024/2025;81;TRAPANI;23;VERONA;F;48
2024/2025;8;IMPERIA;40;FORLI'-CESENA;M;6
2024/2025;64;AVELLINO;30;UDINE;F;6
2024/2025;60;FROSINONE;70;CAMPOBASSO;F;37
2024/2025;16;BERGAMO;30;UDINE;F;7
2023/2024;67;TERAMO;38;FERRARA;F;48
2023/2024;22;TRENTO;25;BELLUNO;M;5
2024/2025;33;PIACENZA;17;BRESCIA;F;18
2024/2025;22;TRENTO;29;ROVIGO;F;12
2024/2025;28;PADOVA;41;PESARO E URBINO;M;6
2024/2025;999;PROVINCIA NON DEFINITA;52;SIENA;M;145
2024/2025;35;REGGIO EMILIA;40;FORLI'-CESENA;F;93
2023/2024;76;POTENZA;59;LATINA;F;7
2024/2025;999;PROVINCIA NON DEFINITA;82;PALERMO;F;1755
2023/2024;67;TERAMO;16;BERGAMO;F;5
2023/2024;32;TRIESTE;58;ROMA;F;52
2023/2024;89;SIRACUSA;27;VENEZIA;F;26
2024/2025;998;PROVINCIA ESTERA;28;PADOVA;F;3665
2023/2024;64;AVELLINO;86;ENNA;F;5
2024/2025;15;MILANO;36;MODENA;M;79
2024/2025;57;RIETI;54;PERUGIA;M;92
2023/2024;93;PORDENONE;1;TORINO;M;15
2023/2024;62;BENEVENTO;18;PAVIA;F;17
2023/2024;1;TORINO;82;PALERMO;F;14
2024/2025;73;TARANTO;63;NAPOLI;F;92
2023/2024;109;FERMO;68;PESCARA;M;5
2024/2025;54;PERUGIA;83;MESSINA;F;14
2023/2024;72;BARI;22;TRENTO;M;112
2023/2024;3;NOVARA;63;NAPOLI;M;5
2023/2024;89;SIRACUSA;15;MILANO;F;201
2023/2024;42;ANCONA;15;MILANO;M;176
2023/2024;72;BARI;35;REGGIO EMILIA;F;29
2024/2025;72;BARI;54;PERUGIA;M;49
2023/2024;75;LECCE;3;NOVARA;F;13
2023/2024;1;TORINO;1;TORINO;M;14105
2023/2024;87;CATANIA;43;MACERATA;M;15
2024/2025;50;PISA;50;PISA;M;3759
2023/2024;64;AVELLINO;15;MILANO;F;214
2023/2024;25;BELLUNO;26;TREVISO;M;31
2024/2025;89;SIRACUSA;28;PADOVA;M;33
2024/2025;74;BRINDISI;58;ROMA;F;459
2024/2025;63;NAPOLI;83;MESSINA;M;20
2024/2025;11;LA SPEZIA;58;ROMA;F;77
2024/2025;46;LUCCA;22;TRENTO;F;8
2024/2025;17;BRESCIA;40;FORLI'-CESENA;M;13
2023/2024;40;FORLI'-CESENA;1;TORINO;M;19
2023/2024;82;PALERMO;54;PERUGIA;M;26
2023/2024;30;UDINE;28;PADOVA;M;433
2024/2025;96;BIELLA;6;ALESSANDRIA;M;42
2023/2024;17;BRESCIA;34;PARMA;F;575
2023/2024;24;VICENZA;36;MODENA;F;19
2023/2024;99;RIMINI;33;PIACENZA;M;5
2023/2024;17;BRESCIA;24;VICENZA;M;9
2024/2025;12;VARESE;15;MILANO;M;3170
2024/2025;16;BERGAMO;90;SASSARI;M;6
2024/2025;15;MILANO;70;CAMPOBASSO;F;6
2023/2024;75;LECCE;40;FORLI'-CESENA;M;33
2024/2025;70;CAMPOBASSO;23;VERONA;F;7
2024/2025;13;COMO;13;COMO;M;317
2024/2025;46;LUCCA;32;TRIESTE;F;10
2023/2024;17;BRESCIA;21;BOLZANO;M;11
2023/2024;77;MATERA;16;BERGAMO;M;6
2023/2024;12;VARESE;69;CHIETI;F;10
2023/2024;58;ROMA;1;TORINO;M;146
2023/2024;39;RAVENNA;37;BOLOGNA;F;1594
2024/2025;7;AOSTA;1;TORINO;M;353
2023/2024;86;ENNA;82;PALERMO;M;77
2023/2024;63;NAPOLI;33;PIACENZA;M;8
2024/2025;37;BOLOGNA;92;CAGLIARI;F;7
2023/2024;15;MILANO;87;CATANIA;F;8
2024/2025;73;TARANTO;38;FERRARA;F;247
2023/2024;58;ROMA;56;VITERBO;M;799
2024/2025;12;VARESE;18;PAVIA;F;206
2023/2024;53;GROSSETO;55;TERNI;F;11
2024/2025;96;BIELLA;37;BOLOGNA;M;25
2024/2025;87;CATANIA;79;CATANZARO;M;19
2024/2025;40;FORLI'-CESENA;21;BOLZANO;M;6
2024/2025;74;BRINDISI;71;FOGGIA;F;32
2023/2024;68;PESCARA;37;BOLOGNA;M;281
2023/2024;21;BOLZANO;36;MODENA;F;11
2024/2025;46;LUCCA;18;PAVIA;F;12
2023/2024;6;ALESSANDRIA;22;TRENTO;M;10
2024/2025;999;PROVINCIA NON DEFINITA;44;ASCOLI PICENO;M;11
2023/2024;999;PROVINCIA NON DEFINITA;90;SASSARI;F;396
2024/2025;63;NAPOLI;61;CASERTA;M;1979
2023/2024;41;PESARO E URBINO;32;TRIESTE;M;10
2024/2025;68;PESCARA;63;NAPOLI;M;14
2023/2024;110;BARLETTA - ANDRIA - TRANI;15;MILANO;M;156
2023/2024;24;VICENZA;26;TREVISO;M;91
2024/2025;37;BOLOGNA;23;VERONA;F;40
2024/2025;55;TERNI;51;AREZZO;F;21
2024/2025;110;BARLETTA - ANDRIA - TRANI;50;PISA;M;28
2023/2024;72;BARI;44;ASCOLI PICENO;M;11
2024/2025;91;NUORO;10;GENOVA;F;13
2024/2025;83;MESSINA;18;PAVIA;F;51
2024/2025;998;PROVINCIA ESTERA;72;BARI;M;58
2023/2024;96;BIELLA;23;VERONA;F;8
2024/2025;54;PERUGIA;99;RIMINI;F;11
2024/2025;60;FROSINONE;22;TRENTO;M;8
2023/2024;79;CATANZARO;37;BOLOGNA;F;162
2024/2025;65;SALERNO;17;BRESCIA;F;16
2023/2024;84;AGRIGENTO;57;RIETI;M;14
2024/2025;75;LECCE;16;BERGAMO;M;8
2024/2025;87;CATANIA;41;PESARO E URBINO;F;21
2023/2024;78;COSENZA;59;LATINA;F;14
2023/2024;92;CAGLIARI;90;SASSARI;M;80
2023/2024;78;COSENZA;78;COSENZA;F;7293
2023/2024;97;LECCO;15;MILANO;M;689
2023/2024;102;VIBO VALENTIA;65;SALERNO;M;6
2023/2024;7;AOSTA;34;PARMA;M;9
2024/2025;90;SASSARI;66;L'AQUILA;M;12
2024/2025;15;MILANO;37;BOLOGNA;M;157
2023/2024;55;TERNI;15;MILANO;F;82
2023/2024;63;NAPOLI;82;PALERMO;M;16
2024/2025;37;BOLOGNA;27;VENEZIA;M;31
2023/2024;88;RAGUSA;89;SIRACUSA;M;60
2024/2025;87;CATANIA;30;UDINE;F;15
2023/2024;24;VICENZA;48;FIRENZE;M;34
2024/2025;102;VIBO VALENTIA;66;L'AQUILA;F;7
2024/2025;82;PALERMO;18;PAVIA;F;54
2023/2024;32;TRIESTE;15;MILANO;M;49
2023/2024;55;TERNI;27;VENEZIA;F;15
2024/2025;9;SAVONA;48;FIRENZE;F;29
2023/2024;27;VENEZIA;93;PORDENONE;M;38
2023/2024;9;SAVONA;34;PARMA;M;12
2024/2025;27;VENEZIA;36;MODENA;F;15
2023/2024;99;RIMINI;40;FORLI'-CESENA;M;495
2023/2024;12;VARESE;58;ROMA;M;49
2024/2025;93;PORDENONE;27;VENEZIA;F;506
2024/2025;45;MASSA CARRARA;1;TORINO;F;42
2023/2024;88;RAGUSA;67;TERAMO;F;6
2023/2024;26;TREVISO;32;TRIESTE;F;705
2023/2024;84;AGRIGENTO;63;NAPOLI;M;13
2024/2025;86;ENNA;43;MACERATA;F;8
2024/2025;60;FROSINONE;60;FROSINONE;F;2092
2023/2024;54;PERUGIA;43;MACERATA;M;74
2024/2025;74;BRINDISI;16;BERGAMO;M;8
2024/2025;62;BENEVENTO;15;MILANO;F;20
2024/2025;87;CATANIA;16;BERGAMO;F;11
2023/2024;52;SIENA;55;TERNI;F;10
2024/2025;30;UDINE;22;TRENTO;F;105
2024/2025;18;PAVIA;38;FERRARA;M;5
2024/2025;31;GORIZIA;54;PERUGIA;F;9
2023/2024;65;SALERNO;22;TRENTO;M;23
2023/2024;3;NOVARA;28;PADOVA;M;26
2023/2024;68;PESCARA;27;VENEZIA;F;38
2024/2025;69;CHIETI;37;BOLOGNA;F;378
2024/2025;56;VITERBO;55;TERNI;F;48
2024/2025;65;SALERNO;101;CROTONE;F;5
2024/2025;108;MONZA E BRIANZA;92;CAGLIARI;F;5
2024/2025;12;VARESE;58;ROMA;F;114
2024/2025;88;RAGUSA;88;RAGUSA;F;224
2024/2025;60;FROSINONE;50;PISA;F;51
2023/2024;98;LODI;37;BOLOGNA;F;28
2024/2025;49;LIVORNO;27;VENEZIA;F;24
2024/2025;92;CAGLIARI;48;FIRENZE;M;34
2024/2025;110;BARLETTA - ANDRIA - TRANI;77;MATERA;F;15
2023/2024;56;VITERBO;18;PAVIA;M;5
2023/2024;54;PERUGIA;27;VENEZIA;M;21
2023/2024;18;PAVIA;70;CAMPOBASSO;F;5
2024/2025;86;ENNA;86;ENNA;M;411
2023/2024;22;TRENTO;37;BOLOGNA;M;310
2023/2024;24;VICENZA;52;SIENA;F;40
2023/2024;111;SUD SARDEGNA;32;TRIESTE;F;10
2023/2024;66;L'AQUILA;23;VERONA;M;5
2024/2025;88;RAGUSA;48;FIRENZE;M;59
2024/2025;36;MODENA;37;BOLOGNA;F;2061
2023/2024;34;PARMA;52;SIENA;M;8
2023/2024;100;PRATO;58;ROMA;M;38
2023/2024;63;NAPOLI;87;CATANIA;M;11
2023/2024;999;PROVINCIA NON DEFINITA;16;BERGAMO;F;86
2024/2025;2;VERCELLI;15;MILANO;F;27
2024/2025;78;COSENZA;3;NOVARA;F;5
2024/2025;18;PAVIA;15;MILANO;F;1404
2024/2025;17;BRESCIA;12;VARESE;M;10
2024/2025;4;CUNEO;63;NAPOLI;M;7
2024/2025;1;TORINO;39;RAVENNA;F;11
2023/2024;87;CATANIA;52;SIENA;F;55
2024/2025;87;CATANIA;38;FERRARA;F;61
2024/2025;85;CALTANISSETTA;89;SIRACUSA;M;7
2023/2024;45;MASSA CARRARA;1;TORINO;M;16
2024/2025;9;SAVONA;10;GENOVA;F;1758
2024/2025;44;ASCOLI PICENO;35;REGGIO EMILIA;F;5
2024/2025;82;PALERMO;40;FORLI'-CESENA;M;10
2023/2024;81;TRAPANI;87;CATANIA;M;22
2024/2025;101;CROTONE;42;ANCONA;M;5
2023/2024;33;PIACENZA;1;TORINO;M;20
2023/2024;10;GENOVA;58;ROMA;M;78
2024/2025;78;COSENZA;27;VENEZIA;F;16
2024/2025;16;BERGAMO;15;MILANO;F;4383
2023/2024;998;PROVINCIA ESTERA;52;SIENA;M;583
2024/2025;6;ALESSANDRIA;50;PISA;M;13
2023/2024;24;VICENZA;66;L'AQUILA;M;8
2024/2025;71;FOGGIA;77;MATERA;F;9
2023/2024;73;TARANTO;27;VENEZIA;M;12
2023/2024;44;ASCOLI PICENO;1;TORINO;F;35
2023/2024;4;CUNEO;39;RAVENNA;F;6
2024/2025;29;ROVIGO;15;MILANO;M;30
2024/2025;96;BIELLA;1;TORINO;M;232
2024/2025;64;AVELLINO;65;SALERNO;F;2373
2024/2025;59;LATINA;70;CAMPOBASSO;F;14
2023/2024;78;COSENZA;1;TORINO;M;96
2024/2025;41;PESARO E URBINO;16;BERGAMO;F;5
2023/2024;998;PROVINCIA ESTERA;13;COMO;F;86
2024/2025;99;RIMINI;35;REGGIO EMILIA;F;13
2023/2024;12;VARESE;18;PAVIA;F;220
2024/2025;30;UDINE;15;MILANO;M;136
2023/2024;36;MODENA;10;GENOVA;F;9
2023/2024;69;CHIETI;10;GENOVA;M;12
2024/2025;86;ENNA;89;SIRACUSA;F;6
2024/2025;68;PESCARA;40;FORLI'-CESENA;M;30
2024/2025;109;FERMO;66;L'AQUILA;F;22
2023/2024;31;GORIZIA;28;PADOVA;M;46
2024/2025;36;MODENA;34;PARMA;F;864
2024/2025;29;ROVIGO;1;TORINO;F;12
2023/2024;30;UDINE;1;TORINO;F;26
2023/2024;58;ROMA;28;PADOVA;F;206
2024/2025;83;MESSINA;39;RAVENNA;F;7
2024/2025;83;MESSINA;24;VICENZA;M;5
2023/2024;50;PISA;34;PARMA;F;6
2024/2025;78;COSENZA;76;POTENZA;F;20
2023/2024;38;FERRARA;35;REGGIO EMILIA;M;17
2023/2024;3;NOVARA;37;BOLOGNA;F;37
2024/2025;16;BERGAMO;48;FIRENZE;F;45
2024/2025;81;TRAPANI;60;FROSINONE;F;8
2023/2024;48;FIRENZE;15;MILANO;M;169
2024/2025;6;ALESSANDRIA;19;CREMONA;F;6
2024/2025;82;PALERMO;83;MESSINA;F;449
2023/2024;35;REGGIO EMILIA;34;PARMA;M;942
2023/2024;89;SIRACUSA;58;ROMA;M;222
2023/2024;15;MILANO;20;MANTOVA;F;28
2023/2024;54;PERUGIA;67;TERAMO;F;8
2024/2025;75;LECCE;10;GENOVA;F;24
2023/2024;70;CAMPOBASSO;40;FORLI'-CESENA;M;22
2023/2024;18;PAVIA;12;VARESE;M;11
2024/2025;86;ENNA;18;PAVIA;F;23
2023/2024;10;GENOVA;8;IMPERIA;M;8
2024/2025;20;MANTOVA;19;CREMONA;F;19
2024/2025;90;SASSARI;50;PISA;F;122
2024/2025;62;BENEVENTO;56;VITERBO;M;13
2024/2025;68;PESCARA;41;PESARO E URBINO;M;22
2023/2024;54;PERUGIA;68;PESCARA;F;6
2023/2024;79;CATANZARO;72;BARI;M;6
2023/2024;80;REGGIO CALABRIA;59;LATINA;M;7
2024/2025;34;PARMA;23;VERONA;F;27
2023/2024;72;BARI;11;LA SPEZIA;M;7
2023/2024;34;PARMA;38;FERRARA;F;36
2023/2024;12;VARESE;32;TRIESTE;F;17
2023/2024;99;RIMINI;38;FERRARA;M;73
2023/2024;19;CREMONA;50;PISA;M;16
2023/2024;12;VARESE;17;BRESCIA;F;17
2023/2024;75;LECCE;69;CHIETI;F;281
2023/2024;998;PROVINCIA ESTERA;36;MODENA;M;277
2023/2024;48;FIRENZE;92;CAGLIARI;F;6
2023/2024;81;TRAPANI;66;L'AQUILA;M;40
2024/2025;64;AVELLINO;58;ROMA;F;718
2023/2024;1;TORINO;19;CREMONA;M;8
2024/2025;45;MASSA CARRARA;37;BOLOGNA;M;53
2024/2025;78;COSENZA;55;TERNI;M;7
2023/2024;71;FOGGIA;22;TRENTO;F;22
2024/2025;97;LECCO;37;BOLOGNA;M;20
2024/2025;63;NAPOLI;68;PESCARA;F;14
2024/2025;13;COMO;98;LODI;M;5
2023/2024;45;MASSA CARRARA;35;REGGIO EMILIA;F;21
2024/2025;16;BERGAMO;38;FERRARA;F;53
2023/2024;97;LECCO;33;PIACENZA;M;5
2023/2024;88;RAGUSA;88;RAGUSA;F;214
2024/2025;66;L'AQUILA;67;TERAMO;F;205
2023/2024;109;FERMO;44;ASCOLI PICENO;F;76
2023/2024;90;SASSARI;56;VITERBO;F;5
2024/2025;59;LATINA;90;SASSARI;M;5
2023/2024;64;AVELLINO;69;CHIETI;M;45
2023/2024;101;CROTONE;35;REGGIO EMILIA;M;9
2023/2024;74;BRINDISI;76;POTENZA;F;7
2024/2025;58;ROMA;63;NAPOLI;F;154
2023/2024;42;ANCONA;27;VENEZIA;F;56
2024/2025;38;FERRARA;22;TRENTO;F;29
2023/2024;82;PALERMO;79;CATANZARO;F;23
2023/2024;24;VICENZA;21;BOLZANO;F;45
2024/2025;41;PESARO E URBINO;18;PAVIA;F;20
2024/2025;96;BIELLA;50;PISA;M;9
2023/2024;15;MILANO;48;FIRENZE;M;71
2024/2025;3;NOVARA;39;RAVENNA;F;6
2024/2025;20;MANTOVA;15;MILANO;M;153
2024/2025;24;VICENZA;37;BOLOGNA;F;309
2023/2024;90;SASSARI;38;FERRARA;M;16
2023/2024;60;FROSINONE;37;BOLOGNA;F;101
2024/2025;27;VENEZIA;38;FERRARA;F;559
2024/2025;18;PAVIA;98;LODI;F;32
2023/2024;97;LECCO;97;LECCO;F;69
2024/2025;64;AVELLINO;72;BARI;F;34
2024/2025;85;CALTANISSETTA;36;MODENA;F;22
2024/2025;72;BARI;79;CATANZARO;F;22
2023/2024;90;SASSARI;92;CAGLIARI;M;604
2023/2024;17;BRESCIA;58;ROMA;M;84
2024/2025;43;MACERATA;10;GENOVA;M;5
2023/2024;35;REGGIO EMILIA;21;BOLZANO;F;12
2024/2025;26;TREVISO;93;PORDENONE;M;132
2024/2025;24;VICENZA;54;PERUGIA;M;13
2024/2025;79;CATANZARO;65;SALERNO;F;6
2024/2025;10;GENOVA;28;PADOVA;F;55
2023/2024;57;RIETI;63;NAPOLI;F;8
2023/2024;100;PRATO;50;PISA;F;94
2023/2024;999;PROVINCIA NON DEFINITA;68;PESCARA;M;27
2024/2025;22;TRENTO;37;BOLOGNA;F;377
2023/2024;102;VIBO VALENTIA;35;REGGIO EMILIA;F;7
2023/2024;81;TRAPANI;69;CHIETI;F;24
2023/2024;96;BIELLA;38;FERRARA;F;11
2023/2024;37;BOLOGNA;28;PADOVA;F;226
2023/2024;85;CALTANISSETTA;10;GENOVA;M;11
2023/2024;89;SIRACUSA;15;MILANO;M;131
2023/2024;64;AVELLINO;1;TORINO;M;76
2024/2025;8;IMPERIA;8;IMPERIA;M;82
2023/2024;2;VERCELLI;34;PARMA;F;9
2024/2025;101;CROTONE;38;FERRARA;F;37
2024/2025;111;SUD SARDEGNA;28;PADOVA;F;42
2023/2024;38;FERRARA;38;FERRARA;F;2651
2023/2024;88;RAGUSA;10;GENOVA;M;12
2024/2025;64;AVELLINO;38;FERRARA;F;50
2023/2024;42;ANCONA;30;UDINE;F;5
2024/2025;65;SALERNO;69;CHIETI;F;194
2023/2024;108;MONZA E BRIANZA;92;CAGLIARI;F;5
2023/2024;81;TRAPANI;35;REGGIO EMILIA;M;12
2024/2025;84;AGRIGENTO;27;VENEZIA;F;21
2024/2025;8;IMPERIA;1;TORINO;M;156
2024/2025;62;BENEVENTO;66;L'AQUILA;M;61
2024/2025;75;LECCE;15;MILANO;M;219
2024/2025;41;PESARO E URBINO;32;TRIESTE;F;12
2024/2025;18;PAVIA;52;SIENA;F;8
2024/2025;44;ASCOLI PICENO;30;UDINE;M;8
2024/2025;2;VERCELLI;96;BIELLA;F;26
2023/2024;75;LECCE;60;FROSINONE;M;7
2023/2024;109;FERMO;52;SIENA;M;13
2024/2025;49;LIVORNO;18;PAVIA;M;5
2023/2024;13;COMO;48;FIRENZE;F;28
2024/2025;109;FERMO;37;BOLOGNA;F;162
2023/2024;74;BRINDISI;39;RAVENNA;F;9
2024/2025;50;PISA;28;PADOVA;F;45
2024/2025;47;PISTOIA;52;SIENA;M;27
2024/2025;13;COMO;18;PAVIA;M;67
2024/2025;58;ROMA;99;RIMINI;F;13
2024/2025;15;MILANO;41;PESARO E URBINO;M;20
2023/2024;87;CATANIA;80;REGGIO CALABRIA;M;13
2024/2025;73;TARANTO;23;VERONA;F;30
2024/2025;61;CASERTA;37;BOLOGNA;M;91
2023/2024;998;PROVINCIA ESTERA;92;CAGLIARI;M;74
2023/2024;28;PADOVA;24;VICENZA;F;290
2023/2024;80;REGGIO CALABRIA;23;VERONA;M;11
2024/2025;12;VARESE;1;TORINO;M;10
2024/2025;85;CALTANISSETTA;37;BOLOGNA;F;92
2024/2025;40;FORLI'-CESENA;38;FERRARA;F;242
2023/2024;109;FERMO;27;VENEZIA;F;21
2023/2024;41;PESARO E URBINO;15;MILANO;F;201
2023/2024;83;MESSINA;89;SIRACUSA;M;13
2024/2025;82;PALERMO;1;TORINO;M;198
2024/2025;103;VERBANO CUSIO OSSOLA;58;ROMA;M;10
2024/2025;74;BRINDISI;33;PIACENZA;F;12
2024/2025;57;RIETI;38;FERRARA;F;6
2023/2024;91;NUORO;92;CAGLIARI;F;1727
2024/2025;102;VIBO VALENTIA;12;VARESE;M;6
2023/2024;56;VITERBO;32;TRIESTE;F;11
2024/2025;89;SIRACUSA;38;FERRARA;M;53
2023/2024;22;TRENTO;69;CHIETI;F;16
2024/2025;98;LODI;37;BOLOGNA;F;27
2024/2025;10;GENOVA;1;TORINO;M;77
2023/2024;32;TRIESTE;23;VERONA;M;8
2024/2025;27;VENEZIA;12;VARESE;M;5
2023/2024;19;CREMONA;54;PERUGIA;F;9
2023/2024;3;NOVARA;27;VENEZIA;M;17
2023/2024;84;AGRIGENTO;89;SIRACUSA;F;9
2024/2025;61;CASERTA;73;TARANTO;F;5
2024/2025;38;FERRARA;23;VERONA;M;17
2024/2025;63;NAPOLI;73;TARANTO;F;9
2024/2025;111;SUD SARDEGNA;37;BOLOGNA;M;36
2024/2025;15;MILANO;15;MILANO;M;18719
2024/2025;77;MATERA;66;L'AQUILA;F;21
2024/2025;29;ROVIGO;40;FORLI'-CESENA;M;10
2023/2024;24;VICENZA;67;TERAMO;F;6
2024/2025;1;TORINO;17;BRESCIA;F;7
2023/2024;34;PARMA;54;PERUGIA;F;17
2023/2024;73;TARANTO;26;TREVISO;F;6
2024/2025;81;TRAPANI;3;NOVARA;F;16
2023/2024;6;ALESSANDRIA;3;NOVARA;M;320
2024/2025;23;VERONA;34;PARMA;M;64
2023/2024;111;SUD SARDEGNA;28;PADOVA;M;22
2023/2024;18;PAVIA;35;REGGIO EMILIA;F;7
2023/2024;13;COMO;10;GENOVA;M;17
2023/2024;30;UDINE;10;GENOVA;F;8
2023/2024;23;VERONA;35;REGGIO EMILIA;F;41
2023/2024;46;LUCCA;38;FERRARA;F;13
2024/2025;3;NOVARA;2;VERCELLI;M;230
2024/2025;28;PADOVA;58;ROMA;F;157
2024/2025;72;BARI;17;BRESCIA;F;9
2023/2024;76;POTENZA;79;CATANZARO;M;10
2023/2024;108;MONZA E BRIANZA;54;PERUGIA;M;7
2024/2025;9;SAVONA;52;SIENA;F;12
2024/2025;73;TARANTO;72;BARI;M;1126
2023/2024;73;TARANTO;12;VARESE;M;14
2023/2024;19;CREMONA;69;CHIETI;F;6
2024/2025;49;LIVORNO;40;FORLI'-CESENA;F;12
2023/2024;55;TERNI;28;PADOVA;F;26
2024/2025;69;CHIETI;27;VENEZIA;F;37
2023/2024;58;ROMA;61;CASERTA;M;21
2023/2024;16;BERGAMO;66;L'AQUILA;F;9
2024/2025;27;VENEZIA;36;MODENA;M;45
2023/2024;72;BARI;72;BARI;F;13763
2024/2025;24;VICENZA;67;TERAMO;F;5
2023/2024;69;CHIETI;41;PESARO E URBINO;F;112
2024/2025;100;PRATO;36;MODENA;M;8
2023/2024;60;FROSINONE;61;CASERTA;F;31
2024/2025;13;COMO;10;GENOVA;M;13
2024/2025;72;BARI;44;ASCOLI PICENO;F;8
2024/2025;35;REGGIO EMILIA;99;RIMINI;F;27
2023/2024;49;LIVORNO;23;VERONA;F;7
2023/2024;64;AVELLINO;72;BARI;M;23
2023/2024;84;AGRIGENTO;34;PARMA;M;127
2023/2024;77;MATERA;35;REGGIO EMILIA;F;14
2023/2024;2;VERCELLI;1;TORINO;M;143
2023/2024;34;PARMA;15;MILANO;M;201
2024/2025;36;MODENA;90;SASSARI;F;6
2023/2024;28;PADOVA;43;MACERATA;F;6
2024/2025;60;FROSINONE;58;ROMA;M;2800
2023/2024;8;IMPERIA;15;MILANO;M;99
2023/2024;23;VERONA;17;BRESCIA;M;172
2024/2025;103;VERBANO CUSIO OSSOLA;15;MILANO;F;555
2023/2024;74;BRINDISI;71;FOGGIA;M;20
2024/2025;15;MILANO;99;RIMINI;F;12
2024/2025;101;CROTONE;18;PAVIA;M;13
2024/2025;63;NAPOLI;48;FIRENZE;F;218
2024/2025;60;FROSINONE;1;TORINO;M;55
2024/2025;76;POTENZA;42;ANCONA;M;13
2024/2025;77;MATERA;65;SALERNO;F;33
2023/2024;53;GROSSETO;50;PISA;M;608
2023/2024;3;NOVARA;37;BOLOGNA;M;22
2023/2024;999;PROVINCIA NON DEFINITA;44;ASCOLI PICENO;F;13
2023/2024;88;RAGUSA;15;MILANO;F;36
2023/2024;62;BENEVENTO;39;RAVENNA;M;6
2024/2025;71;FOGGIA;58;ROMA;M;538
2023/2024;73;TARANTO;43;MACERATA;F;38
2024/2025;32;TRIESTE;15;MILANO;F;66
2024/2025;20;MANTOVA;38;FERRARA;F;257
2024/2025;19;CREMONA;92;CAGLIARI;M;7
2023/2024;111;SUD SARDEGNA;37;BOLOGNA;F;64
2023/2024;80;REGGIO CALABRIA;17;BRESCIA;M;10
2024/2025;999;PROVINCIA NON DEFINITA;4;CUNEO;M;91
2023/2024;99;RIMINI;1;TORINO;M;14
2024/2025;66;L'AQUILA;1;TORINO;M;32
2024/2025;88;RAGUSA;23;VERONA;M;9
2023/2024;100;PRATO;40;FORLI'-CESENA;F;19
2024/2025;48;FIRENZE;1;TORINO;F;35
2023/2024;1;TORINO;71;FOGGIA;F;5
2023/2024;84;AGRIGENTO;72;BARI;M;8
2023/2024;63;NAPOLI;44;ASCOLI PICENO;F;10
2023/2024;47;PISTOIA;32;TRIESTE;F;5
2024/2025;70;CAMPOBASSO;94;ISERNIA;M;206
2023/2024;88;RAGUSA;18;PAVIA;M;60
2023/2024;76;POTENZA;22;TRENTO;M;16
2024/2025;18;PAVIA;50;PISA;M;17
2023/2024;94;ISERNIA;43;MACERATA;F;6
2024/2025;73;TARANTO;61;CASERTA;F;8
2023/2024;35;REGGIO EMILIA;48;FIRENZE;M;24
2023/2024;11;LA SPEZIA;32;TRIESTE;F;5
2024/2025;89;SIRACUSA;86;ENNA;M;121
2023/2024;32;TRIESTE;35;REGGIO EMILIA;F;5
2024/2025;66;L'AQUILA;34;PARMA;M;7
2024/2025;74;BRINDISI;54;PERUGIA;M;33
2023/2024;61;CASERTA;66;L'AQUILA;M;294
2023/2024;17;BRESCIA;22;TRENTO;M;292
2024/2025;71;FOGGIA;72;BARI;M;734
2023/2024;82;PALERMO;72;BARI;M;11
2024/2025;60;FROSINONE;51;AREZZO;F;7
2023/2024;12;VARESE;38;FERRARA;M;13
2024/2025;52;SIENA;51;AREZZO;F;126
2023/2024;27;VENEZIA;38;FERRARA;F;538
2023/2024;44;ASCOLI PICENO;54;PERUGIA;M;73
2024/2025;93;PORDENONE;52;SIENA;F;9
2023/2024;999;PROVINCIA NON DEFINITA;63;NAPOLI;F;1415
2024/2025;99;RIMINI;28;PADOVA;F;99
2023/2024;58;ROMA;60;FROSINONE;M;49
2023/2024;42;ANCONA;69;CHIETI;M;33
2024/2025;98;LODI;58;ROMA;F;18
2023/2024;74;BRINDISI;37;BOLOGNA;M;124
2024/2025;24;VICENZA;58;ROMA;F;152
2024/2025;999;PROVINCIA NON DEFINITA;72;BARI;F;479
2024/2025;46;LUCCA;50;PISA;M;3245
2023/2024;66;L'AQUILA;15;MILANO;F;29
2023/2024;108;MONZA E BRIANZA;10;GENOVA;F;25
2024/2025;101;CROTONE;58;ROMA;M;174
2024/2025;37;BOLOGNA;22;TRENTO;M;15
2023/2024;999;PROVINCIA NON DEFINITA;12;VARESE;F;74
2024/2025;32;TRIESTE;27;VENEZIA;M;74
2023/2024;21;BOLZANO;52;SIENA;M;9
2023/2024;83;MESSINA;26;TREVISO;F;9
2023/2024;70;CAMPOBASSO;37;BOLOGNA;M;212
2023/2024;10;GENOVA;7;AOSTA;F;8
2023/2024;65;SALERNO;108;MONZA E BRIANZA;F;5
2023/2024;54;PERUGIA;48;FIRENZE;M;146
2023/2024;68;PESCARA;23;VERONA;M;10
2023/2024;110;BARLETTA - ANDRIA - TRANI;37;BOLOGNA;M;84
2023/2024;16;BERGAMO;41;PESARO E URBINO;M;9
2023/2024;5;ASTI;37;BOLOGNA;F;24
2023/2024;100;PRATO;36;MODENA;M;11
2024/2025;102;VIBO VALENTIA;59;LATINA;F;5
2024/2025;109;FERMO;36;MODENA;F;13
2023/2024;108;MONZA E BRIANZA;22;TRENTO;M;7
2024/2025;4;CUNEO;1;TORINO;F;3795
2024/2025;69;CHIETI;66;L'AQUILA;F;493
2024/2025;102;VIBO VALENTIA;80;REGGIO CALABRIA;F;161
2023/2024;110;BARLETTA - ANDRIA - TRANI;69;CHIETI;M;32
2023/2024;23;VERONA;37;BOLOGNA;F;415
2023/2024;999;PROVINCIA NON DEFINITA;87;CATANIA;F;1303
2023/2024;16;BERGAMO;15;MILANO;M;2954
2024/2025;26;TREVISO;55;TERNI;F;11
2024/2025;32;TRIESTE;1;TORINO;M;20
2023/2024;40;FORLI'-CESENA;36;MODENA;M;41
2024/2025;77;MATERA;18;PAVIA;F;25
2024/2025;21;BOLZANO;18;PAVIA;M;11
2024/2025;66;L'AQUILA;66;L'AQUILA;F;2716
2023/2024;79;CATANZARO;10;GENOVA;M;7
2024/2025;27;VENEZIA;50;PISA;F;28
2024/2025;72;BARI;68;PESCARA;M;16
2023/2024;111;SUD SARDEGNA;15;MILANO;F;46
2023/2024;27;VENEZIA;29;ROVIGO;F;181
2024/2025;73;TARANTO;15;MILANO;M;237
2024/2025;71;FOGGIA;50;PISA;F;55
2023/2024;20;MANTOVA;40;FORLI'-CESENA;M;12
2023/2024;1;TORINO;72;BARI;M;7
2024/2025;47;PISTOIA;46;LUCCA;F;8
2024/2025;109;FERMO;48;FIRENZE;M;25
2024/2025;80;REGGIO CALABRIA;32;TRIESTE;M;22
2024/2025;46;LUCCA;41;PESARO E URBINO;M;6
2023/2024;92;CAGLIARI;1;TORINO;M;65
2024/2025;110;BARLETTA - ANDRIA - TRANI;50;PISA;F;31
2024/2025;53;GROSSETO;63;NAPOLI;F;9
2023/2024;109;FERMO;44;ASCOLI PICENO;M;50
2023/2024;101;CROTONE;35;REGGIO EMILIA;F;20
2023/2024;26;TREVISO;63;NAPOLI;M;9
2023/2024;63;NAPOLI;90;SASSARI;M;39
2024/2025;41;PESARO E URBINO;54;PERUGIA;F;83
2024/2025;35;REGGIO EMILIA;18;PAVIA;F;15
2024/2025;77;MATERA;27;VENEZIA;F;8
2024/2025;1;TORINO;33;PIACENZA;F;20
2023/2024;69;CHIETI;61;CASERTA;M;6
2024/2025;67;TERAMO;15;MILANO;M;116
2024/2025;73;TARANTO;41;PESARO E URBINO;M;34
2024/2025;93;PORDENONE;27;VENEZIA;M;239
2023/2024;61;CASERTA;64;AVELLINO;F;53
2024/2025;6;ALESSANDRIA;48;FIRENZE;M;7
2024/2025;27;VENEZIA;63;NAPOLI;F;20
2023/2024;72;BARI;10;GENOVA;M;13
2023/2024;32;TRIESTE;37;BOLOGNA;M;43
2024/2025;63;NAPOLI;99;RIMINI;M;15
2024/2025;71;FOGGIA;22;TRENTO;F;23
2024/2025;37;BOLOGNA;21;BOLZANO;F;6
2024/2025;68;PESCARA;15;MILANO;F;108
2023/2024;34;PARMA;15;MILANO;F;135
2024/2025;92;CAGLIARI;40;FORLI'-CESENA;M;14
2023/2024;3;NOVARA;52;SIENA;F;14
2023/2024;54;PERUGIA;18;PAVIA;F;19
2024/2025;41;PESARO E URBINO;32;TRIESTE;M;12
2024/2025;72;BARI;58;ROMA;F;955
2024/2025;89;SIRACUSA;82;PALERMO;M;59
2024/2025;82;PALERMO;34;PARMA;F;66
2023/2024;22;TRENTO;43;MACERATA;M;6
2024/2025;16;BERGAMO;97;LECCO;F;17
2023/2024;100;PRATO;1;TORINO;M;11
2024/2025;111;SUD SARDEGNA;92;CAGLIARI;F;2946
2023/2024;62;BENEVENTO;27;VENEZIA;M;7
2023/2024;73;TARANTO;16;BERGAMO;F;11
2024/2025;71;FOGGIA;58;ROMA;F;841
2023/2024;27;VENEZIA;82;PALERMO;F;5
2023/2024;37;BOLOGNA;100;PRATO;F;6
2023/2024;83;MESSINA;88;RAGUSA;F;18
2024/2025;13;COMO;97;LECCO;M;68
2024/2025;103;VERBANO CUSIO OSSOLA;54;PERUGIA;F;15
2023/2024;30;UDINE;52;SIENA;M;10
2024/2025;83;MESSINA;78;COSENZA;F;8
2024/2025;89;SIRACUSA;55;TERNI;F;5
2024/2025;48;FIRENZE;22;TRENTO;F;37
2023/2024;17;BRESCIA;17;BRESCIA;F;7486
2024/2025;51;AREZZO;27;VENEZIA;M;13
2024/2025;17;BRESCIA;38;FERRARA;M;61
2024/2025;11;LA SPEZIA;1;TORINO;M;19
2023/2024;93;PORDENONE;28;PADOVA;F;708
2024/2025;94;ISERNIA;15;MILANO;M;11
2023/2024;71;FOGGIA;48;FIRENZE;F;93
2023/2024;33;PIACENZA;42;ANCONA;F;5
2023/2024;38;FERRARA;32;TRIESTE;F;25
2024/2025;1;TORINO;3;NOVARA;F;426
2023/2024;23;VERONA;48;FIRENZE;M;51
2024/2025;68;PESCARA;58;ROMA;M;397
2023/2024;102;VIBO VALENTIA;63;NAPOLI;F;29
2024/2025;70;CAMPOBASSO;39;RAVENNA;F;5
2023/2024;38;FERRARA;40;FORLI'-CESENA;F;86
2024/2025;2;VERCELLI;5;ASTI;F;5
2024/2025;70;CAMPOBASSO;72;BARI;M;11
2023/2024;17;BRESCIA;97;LECCO;F;6
2023/2024;61;CASERTA;22;TRENTO;F;6
2023/2024;85;CALTANISSETTA;83;MESSINA;F;264
2024/2025;38;FERRARA;63;NAPOLI;F;7
2023/2024;4;CUNEO;28;PADOVA;F;49
2023/2024;74;BRINDISI;16;BERGAMO;M;9
2024/2025;20;MANTOVA;36;MODENA;F;251
2023/2024;86;ENNA;40;FORLI'-CESENA;F;5
2024/2025;87;CATANIA;23;VERONA;F;24
2023/2024;16;BERGAMO;15;MILANO;M;1453
2023/2024;53;GROSSETO;22;TRENTO;M;5
2023/2024;79;CATANZARO;83;MESSINA;F;101
2024/2025;58;ROMA;92;CAGLIARI;F;39
2023/2024;74;BRINDISI;61;CASERTA;M;18
2023/2024;77;MATERA;71;FOGGIA;M;9
2024/2025;97;LECCO;52;SIENA;F;8
2023/2024;73;TARANTO;59;LATINA;F;12
2023/2024;53;GROSSETO;52;SIENA;F;797
2023/2024;6;ALESSANDRIA;6;ALESSANDRIA;M;539
2023/2024;8;IMPERIA;48;FIRENZE;M;11
2023/2024;22;TRENTO;24;VICENZA;M;31
2024/2025;53;GROSSETO;37;BOLOGNA;M;57
2024/2025;12;VARESE;52;SIENA;F;24
2023/2024;75;LECCE;34;PARMA;M;223
2023/2024;999;PROVINCIA NON DEFINITA;19;CREMONA;M;42
2023/2024;69;CHIETI;19;CREMONA;M;7
2023/2024;91;NUORO;23;VERONA;M;5
2024/2025;999;PROVINCIA NON DEFINITA;58;ROMA;F;9083
2023/2024;92;CAGLIARI;43;MACERATA;M;9
2023/2024;97;LECCO;17;BRESCIA;F;18
2024/2025;11;LA SPEZIA;28;PADOVA;F;22
2023/2024;1;TORINO;12;VARESE;M;25
2024/2025;90;SASSARI;95;ORISTANO;F;10
2024/2025;42;ANCONA;22;TRENTO;M;49
2024/2025;16;BERGAMO;50;PISA;F;36
2024/2025;72;BARI;36;MODENA;M;60
2024/2025;101;CROTONE;79;CATANZARO;F;588
2023/2024;2;VERCELLI;18;PAVIA;M;42
2023/2024;27;VENEZIA;54;PERUGIA;F;23
2023/2024;22;TRENTO;1;TORINO;F;87
2023/2024;9;SAVONA;8;IMPERIA;M;22
2023/2024;91;NUORO;54;PERUGIA;M;8
2023/2024;6;ALESSANDRIA;50;PISA;M;15
2024/2025;76;POTENZA;27;VENEZIA;F;21
2023/2024;67;TERAMO;39;RAVENNA;F;7
2023/2024;89;SIRACUSA;10;GENOVA;M;14
2023/2024;24;VICENZA;34;PARMA;M;34
2023/2024;21;BOLZANO;35;REGGIO EMILIA;M;7
2024/2025;95;ORISTANO;23;VERONA;F;7
2023/2024;85;CALTANISSETTA;38;FERRARA;M;43
2024/2025;37;BOLOGNA;66;L'AQUILA;M;7
2023/2024;82;PALERMO;90;SASSARI;M;7
2024/2025;68;PESCARA;12;VARESE;F;5
2023/2024;10;GENOVA;16;BERGAMO;F;13
2023/2024;101;CROTONE;1;TORINO;M;24
2023/2024;50;PISA;66;L'AQUILA;M;5
2024/2025;31;GORIZIA;15;MILANO;M;16
2023/2024;89;SIRACUSA;63;NAPOLI;F;19
2023/2024;74;BRINDISI;63;NAPOLI;F;37
2024/2025;91;NUORO;15;MILANO;M;38
2023/2024;94;ISERNIA;61;CASERTA;F;17
2024/2025;80;REGGIO CALABRIA;50;PISA;F;156
2024/2025;109;FERMO;44;ASCOLI PICENO;F;76
2023/2024;93;PORDENONE;26;TREVISO;F;86
2023/2024;87;CATANIA;22;TRENTO;M;53
2023/2024;81;TRAPANI;36;MODENA;M;34
2023/2024;28;PADOVA;29;ROVIGO;M;82
2023/2024;999;PROVINCIA NON DEFINITA;69;CHIETI;M;37
2023/2024;89;SIRACUSA;50;PISA;F;123
2023/2024;41;PESARO E URBINO;33;PIACENZA;F;7
2024/2025;17;BRESCIA;33;PIACENZA;F;6
2023/2024;999;PROVINCIA NON DEFINITA;48;FIRENZE;M;93
2024/2025;88;RAGUSA;33;PIACENZA;F;18
2024/2025;30;UDINE;16;BERGAMO;M;5
2023/2024;77;MATERA;83;MESSINA;M;5
2024/2025;7;AOSTA;15;MILANO;F;115
2023/2024;43;MACERATA;50;PISA;F;34
2023/2024;82;PALERMO;1;TORINO;M;90
2024/2025;76;POTENZA;44;ASCOLI PICENO;F;6
2024/2025;58;ROMA;18;PAVIA;F;49
2024/2025;63;NAPOLI;54;PERUGIA;M;83
2024/2025;60;FROSINONE;92;CAGLIARI;F;6
2024/2025;96;BIELLA;23;VERONA;F;15
2023/2024;71;FOGGIA;65;SALERNO;M;18
2023/2024;32;TRIESTE;54;PERUGIA;F;9
2024/2025;73;TARANTO;50;PISA;F;108
2023/2024;40;FORLI'-CESENA;1;TORINO;F;30
2024/2025;39;RAVENNA;40;FORLI'-CESENA;M;567
2023/2024;29;ROVIGO;24;VICENZA;F;20
2024/2025;39;RAVENNA;21;BOLZANO;F;5
2024/2025;58;ROMA;78;COSENZA;F;17
2024/2025;76;POTENZA;32;TRIESTE;F;15
2023/2024;2;VERCELLI;48;FIRENZE;F;8
2024/2025;83;MESSINA;82;PALERMO;F;773
2023/2024;111;SUD SARDEGNA;15;MILANO;M;24
2024/2025;77;MATERA;99;RIMINI;F;9
2023/2024;62;BENEVENTO;18;PAVIA;M;8
2024/2025;67;TERAMO;68;PESCARA;F;276
2023/2024;69;CHIETI;15;MILANO;M;161
2024/2025;57;RIETI;36;MODENA;M;9
2024/2025;4;CUNEO;37;BOLOGNA;F;99
2023/2024;63;NAPOLI;26;TREVISO;M;10
2023/2024;108;MONZA E BRIANZA;34;PARMA;M;27
2023/2024;88;RAGUSA;41;PESARO E URBINO;F;24
2023/2024;70;CAMPOBASSO;41;PESARO E URBINO;M;18
2023/2024;15;MILANO;54;PERUGIA;M;23
2024/2025;9;SAVONA;9;SAVONA;F;224
2023/2024;71;FOGGIA;72;BARI;M;575
2024/2025;44;ASCOLI PICENO;44;ASCOLI PICENO;F;396
2024/2025;36;MODENA;22;TRENTO;F;81
2024/2025;81;TRAPANI;99;RIMINI;F;8
2024/2025;59;LATINA;54;PERUGIA;F;136
2024/2025;42;ANCONA;50;PISA;M;46
2024/2025;109;FERMO;37;BOLOGNA;M;171
2024/2025;42;ANCONA;69;CHIETI;F;81
2023/2024;62;BENEVENTO;66;L'AQUILA;F;41
2023/2024;1;TORINO;2;VERCELLI;F;77
2023/2024;60;FROSINONE;72;BARI;F;6
2023/2024;73;TARANTO;60;FROSINONE;F;6
2024/2025;59;LATINA;55;TERNI;F;11
2024/2025;57;RIETI;48;FIRENZE;F;39
2023/2024;75;LECCE;99;RIMINI;F;13
2024/2025;15;MILANO;87;CATANIA;F;12
2024/2025;60;FROSINONE;66;L'AQUILA;M;366
2024/2025;53;GROSSETO;1;TORINO;M;22
2023/2024;76;POTENZA;40;FORLI'-CESENA;F;32
2023/2024;74;BRINDISI;70;CAMPOBASSO;F;14
2023/2024;76;POTENZA;34;PARMA;M;95
2023/2024;15;MILANO;38;FERRARA;M;32
2023/2024;77;MATERA;56;VITERBO;M;5
2024/2025;24;VICENZA;93;PORDENONE;F;6
2023/2024;36;MODENA;50;PISA;M;27
2023/2024;56;VITERBO;90;SASSARI;M;5
2023/2024;17;BRESCIA;6;ALESSANDRIA;F;10
2024/2025;83;MESSINA;27;VENEZIA;F;45
2024/2025;20;MANTOVA;32;TRIESTE;F;10
2024/2025;19;CREMONA;15;MILANO;M;408
2023/2024;99;RIMINI;41;PESARO E URBINO;M;516
2024/2025;101;CROTONE;16;BERGAMO;M;7
2024/2025;1;TORINO;99;RIMINI;M;6
2024/2025;87;CATANIA;36;MODENA;F;25
2023/2024;108;MONZA E BRIANZA;98;LODI;F;46
2024/2025;26;TREVISO;50;PISA;F;39
2023/2024;85;CALTANISSETTA;54;PERUGIA;F;69
2024/2025;42;ANCONA;58;ROMA;M;181
2023/2024;54;PERUGIA;100;PRATO;F;7
2023/2024;90;SASSARI;54;PERUGIA;F;52
2023/2024;1;TORINO;63;NAPOLI;F;22
2024/2025;50;PISA;56;VITERBO;M;6
2023/2024;46;LUCCA;46;LUCCA;F;39
2023/2024;80;REGGIO CALABRIA;41;PESARO E URBINO;M;6
2023/2024;62;BENEVENTO;38;FERRARA;M;7
2023/2024;110;BARLETTA - ANDRIA - TRANI;28;PADOVA;M;33
2023/2024;71;FOGGIA;109;FERMO;M;15
2024/2025;36;MODENA;54;PERUGIA;M;12
2024/2025;61;CASERTA;28;PADOVA;F;42
2024/2025;103;VERBANO CUSIO OSSOLA;15;MILANO;F;64
2023/2024;84;AGRIGENTO;48;FIRENZE;M;59
2024/2025;44;ASCOLI PICENO;1;TORINO;F;31
2023/2024;999;PROVINCIA NON DEFINITA;10;GENOVA;M;9
2024/2025;62;BENEVENTO;43;MACERATA;M;16
2023/2024;77;MATERA;66;L'AQUILA;F;20
2024/2025;90;SASSARI;43;MACERATA;F;5
2024/2025;16;BERGAMO;23;VERONA;F;104
2024/2025;4;CUNEO;58;ROMA;M;38
2024/2025;84;AGRIGENTO;3;NOVARA;F;11
2023/2024;18;PAVIA;66;L'AQUILA;F;6
2024/2025;14;SONDRIO;52;SIENA;F;12
2024/2025;24;VICENZA;35;REGGIO EMILIA;M;6
2024/2025;89;SIRACUSA;16;BERGAMO;M;6
2024/2025;59;LATINA;61;CASERTA;M;28
2023/2024;34;PARMA;40;FORLI'-CESENA;F;44
2023/2024;67;TERAMO;43;MACERATA;M;99
2023/2024;87;CATANIA;61;CASERTA;F;5
2023/2024;110;BARLETTA - ANDRIA - TRANI;16;BERGAMO;F;15
2023/2024;72;BARI;34;PARMA;M;72
2023/2024;69;CHIETI;39;RAVENNA;F;11
2023/2024;46;LUCCA;54;PERUGIA;F;19
2023/2024;87;CATANIA;19;CREMONA;M;6
2023/2024;40;FORLI'-CESENA;52;SIENA;F;15
2024/2025;1;TORINO;30;UDINE;M;8
2023/2024;82;PALERMO;40;FORLI'-CESENA;F;21
2023/2024;48;FIRENZE;10;GENOVA;F;9
2023/2024;15;MILANO;41;PESARO E URBINO;F;35
2024/2025;85;CALTANISSETTA;79;CATANZARO;F;7
2024/2025;9;SAVONA;23;VERONA;F;8
2023/2024;46;LUCCA;37;BOLOGNA;M;55
2024/2025;63;NAPOLI;70;CAMPOBASSO;F;142
2024/2025;79;CATANZARO;80;REGGIO CALABRIA;M;71
2024/2025;83;MESSINA;37;BOLOGNA;F;158
2023/2024;51;AREZZO;40;FORLI'-CESENA;M;30
2023/2024;90;SASSARI;10;GENOVA;F;28
2024/2025;62;BENEVENTO;36;MODENA;F;15
2023/2024;62;BENEVENTO;61;CASERTA;M;98
2024/2025;998;PROVINCIA ESTERA;89;SIRACUSA;F;25
2024/2025;75;LECCE;48;FIRENZE;F;180
2024/2025;21;BOLZANO;38;FERRARA;M;69
2024/2025;75;LECCE;58;ROMA;M;650
2023/2024;88;RAGUSA;3;NOVARA;F;7
2024/2025;27;VENEZIA;29;ROVIGO;F;173
2023/2024;59;LATINA;35;REGGIO EMILIA;F;12
2024/2025;4;CUNEO;90;SASSARI;F;22
2024/2025;55;TERNI;22;TRENTO;M;10
2024/2025;69;CHIETI;75;LECCE;F;8
2024/2025;23;VERONA;33;PIACENZA;M;8
2024/2025;60;FROSINONE;48;FIRENZE;F;49
2023/2024;67;TERAMO;18;PAVIA;M;13
2023/2024;55;TERNI;58;ROMA;F;1058
2024/2025;19;CREMONA;38;FERRARA;M;10
2023/2024;62;BENEVENTO;16;BERGAMO;F;7
2024/2025;16;BERGAMO;1;TORINO;M;31
2024/2025;84;AGRIGENTO;50;PISA;F;164
2023/2024;15;MILANO;21;BOLZANO;M;11
2023/2024;59;LATINA;38;FERRARA;M;12
2024/2025;61;CASERTA;41;PESARO E URBINO;M;8
2024/2025;108;MONZA E BRIANZA;48;FIRENZE;M;13
2024/2025;33;PIACENZA;52;SIENA;F;8
2024/2025;71;FOGGIA;110;BARLETTA - ANDRIA - TRANI;M;8
2023/2024;90;SASSARI;3;NOVARA;F;6
2024/2025;15;MILANO;28;PADOVA;F;223
2024/2025;999;PROVINCIA NON DEFINITA;68;PESCARA;M;20
2023/2024;80;REGGIO CALABRIA;37;BOLOGNA;F;195
2023/2024;93;PORDENONE;24;VICENZA;F;12
2023/2024;55;TERNI;51;AREZZO;F;22
2024/2025;36;MODENA;20;MANTOVA;F;6
2024/2025;24;VICENZA;32;TRIESTE;M;62
2024/2025;82;PALERMO;57;RIETI;M;16
2023/2024;27;VENEZIA;83;MESSINA;F;5
2024/2025;65;SALERNO;30;UDINE;F;21
2023/2024;73;TARANTO;50;PISA;F;114
2024/2025;26;TREVISO;93;PORDENONE;F;79
2023/2024;74;BRINDISI;34;PARMA;F;101
2024/2025;44;ASCOLI PICENO;34;PARMA;M;30
2024/2025;70;CAMPOBASSO;71;FOGGIA;M;25
2024/2025;87;CATANIA;28;PADOVA;M;86
2024/2025;70;CAMPOBASSO;52;SIENA;F;24
2024/2025;17;BRESCIA;37;BOLOGNA;F;287
2024/2025;42;ANCONA;66;L'AQUILA;F;27
2024/2025;11;LA SPEZIA;15;MILANO;F;141
2023/2024;69;CHIETI;35;REGGIO EMILIA;F;30
2024/2025;24;VICENZA;30;UDINE;F;83
2024/2025;98;LODI;19;CREMONA;F;14
2024/2025;73;TARANTO;28;PADOVA;F;81
2024/2025;49;LIVORNO;49;LIVORNO;F;53
2023/2024;42;ANCONA;1;TORINO;F;60
2023/2024;108;MONZA E BRIANZA;42;ANCONA;M;5
2023/2024;59;LATINA;50;PISA;M;61
2024/2025;99;RIMINI;40;FORLI'-CESENA;F;379
2024/2025;63;NAPOLI;62;BENEVENTO;M;40
2024/2025;84;AGRIGENTO;56;VITERBO;M;10
2023/2024;76;POTENZA;63;NAPOLI;M;283
2023/2024;999;PROVINCIA NON DEFINITA;52;SIENA;M;109
2023/2024;111;SUD SARDEGNA;58;ROMA;M;31
2023/2024;998;PROVINCIA ESTERA;99;RIMINI;M;149
2024/2025;70;CAMPOBASSO;54;PERUGIA;M;34
2024/2025;22;TRENTO;27;VENEZIA;F;175
2023/2024;28;PADOVA;67;TERAMO;F;6
2023/2024;44;ASCOLI PICENO;55;TERNI;F;6
2024/2025;59;LATINA;34;PARMA;F;23
2023/2024;87;CATANIA;89;SIRACUSA;F;233
2023/2024;998;PROVINCIA ESTERA;1;TORINO;M;4237
2023/2024;53;GROSSETO;40;FORLI'-CESENA;F;10
2023/2024;46;LUCCA;1;TORINO;F;43
2024/2025;15;MILANO;21;BOLZANO;F;17
2024/2025;94;ISERNIA;68;PESCARA;F;69
2024/2025;108;MONZA E BRIANZA;42;ANCONA;F;10
2023/2024;85;CALTANISSETTA;39;RAVENNA;F;6
2023/2024;41;PESARO E URBINO;15;MILANO;F;62
2023/2024;78;COSENZA;63;NAPOLI;F;311
2024/2025;40;FORLI'-CESENA;1;TORINO;M;14
2023/2024;40;FORLI'-CESENA;42;ANCONA;M;21
2023/2024;96;BIELLA;36;MODENA;F;5
2024/2025;16;BERGAMO;36;MODENA;F;8
2024/2025;5;ASTI;27;VENEZIA;M;5
2023/2024;61;CASERTA;10;GENOVA;M;9
2024/2025;80;REGGIO CALABRIA;78;COSENZA;F;1462
2024/2025;23;VERONA;39;RAVENNA;F;19
2023/2024;96;BIELLA;35;REGGIO EMILIA;F;5
2024/2025;12;VARESE;48;FIRENZE;M;19
2023/2024;1;TORINO;52;SIENA;M;30
2024/2025;110;BARLETTA - ANDRIA - TRANI;43;MACERATA;F;27
2024/2025;15;MILANO;19;CREMONA;M;58
2023/2024;64;AVELLINO;34;PARMA;M;25
2023/2024;65;SALERNO;1;TORINO;F;104
2024/2025;63;NAPOLI;101;CROTONE;M;6
2023/2024;91;NUORO;32;TRIESTE;F;21
2024/2025;44;ASCOLI PICENO;32;TRIESTE;M;11
2024/2025;998;PROVINCIA ESTERA;85;CALTANISSETTA;F;6
2023/2024;84;AGRIGENTO;18;PAVIA;F;147
2024/2025;1;TORINO;9;SAVONA;F;6
2024/2025;63;NAPOLI;34;PARMA;F;116
2024/2025;65;SALERNO;48;FIRENZE;M;182
2024/2025;54;PERUGIA;38;FERRARA;M;18
2024/2025;999;PROVINCIA NON DEFINITA;84;AGRIGENTO;M;9
2023/2024;17;BRESCIA;41;PESARO E URBINO;F;24
2023/2024;80;REGGIO CALABRIA;86;ENNA;M;13
2024/2025;88;RAGUSA;86;ENNA;F;212
2024/2025;2;VERCELLI;10;GENOVA;M;11
2023/2024;1;TORINO;96;BIELLA;F;26
2023/2024;38;FERRARA;1;TORINO;F;32
2024/2025;27;VENEZIA;17;BRESCIA;M;5
2024/2025;65;SALERNO;32;TRIESTE;M;17
2024/2025;33;PIACENZA;21;BOLZANO;F;6
2023/2024;50;PISA;63;NAPOLI;F;12
2024/2025;999;PROVINCIA NON DEFINITA;72;BARI;F;641
2024/2025;110;BARLETTA - ANDRIA - TRANI;18;PAVIA;F;30
2023/2024;28;PADOVA;38;FERRARA;F;1258
2023/2024;48;FIRENZE;1;TORINO;M;58
2023/2024;103;VERBANO CUSIO OSSOLA;1;TORINO;F;20
2024/2025;37;BOLOGNA;63;NAPOLI;F;19
2024/2025;64;AVELLINO;63;NAPOLI;F;1699
2024/2025;43;MACERATA;52;SIENA;F;32
2023/2024;15;MILANO;75;LECCE;M;6
2024/2025;6;ALESSANDRIA;9;SAVONA;F;17
2023/2024;15;MILANO;36;MODENA;F;26
2024/2025;17;BRESCIA;24;VICENZA;F;7
2024/2025;84;AGRIGENTO;37;BOLOGNA;M;94
2024/2025;39;RAVENNA;1;TORINO;M;5
2024/2025;27;VENEZIA;21;BOLZANO;F;20
2024/2025;85;CALTANISSETTA;16;BERGAMO;M;5
2023/2024;64;AVELLINO;48;FIRENZE;M;57
2023/2024;52;SIENA;48;FIRENZE;M;608
2024/2025;75;LECCE;11;LA SPEZIA;M;6
2024/2025;81;TRAPANI;30;UDINE;M;7
2023/2024;11;LA SPEZIA;55;TERNI;F;9
2023/2024;55;TERNI;18;PAVIA;F;9
2024/2025;82;PALERMO;66;L'AQUILA;F;44
2024/2025;88;RAGUSA;58;ROMA;F;430
2024/2025;62;BENEVENTO;43;MACERATA;F;15
2024/2025;998;PROVINCIA ESTERA;37;BOLOGNA;M;1175
2024/2025;13;COMO;41;PESARO E URBINO;F;9
2024/2025;41;PESARO E URBINO;1;TORINO;F;13
2024/2025;49;LIVORNO;100;PRATO;F;5
2023/2024;87;CATANIA;15;MILANO;F;484
2023/2024;88;RAGUSA;15;MILANO;M;124
2023/2024;22;TRENTO;12;VARESE;F;7
2024/2025;4;CUNEO;1;TORINO;F;378
2023/2024;12;VARESE;33;PIACENZA;M;8
2024/2025;66;L'AQUILA;70;CAMPOBASSO;F;21
2023/2024;62;BENEVENTO;48;FIRENZE;M;53
2024/2025;998;PROVINCIA ESTERA;57;RIETI;M;227
2024/2025;56;VITERBO;50;PISA;F;87
2024/2025;98;LODI;15;MILANO;M;748
2024/2025;75;LECCE;86;ENNA;F;9
2023/2024;80;REGGIO CALABRIA;38;FERRARA;M;67
2023/2024;71;FOGGIA;40;FORLI'-CESENA;F;40
2023/2024;80;REGGIO CALABRIA;72;BARI;M;6
2024/2025;58;ROMA;100;PRATO;F;5
2024/2025;54;PERUGIA;71;FOGGIA;F;5
2024/2025;26;TREVISO;33;PIACENZA;F;5
2024/2025;100;PRATO;1;TORINO;M;11
2023/2024;66;L'AQUILA;43;MACERATA;M;18
2024/2025;110;BARLETTA - ANDRIA - TRANI;41;PESARO E URBINO;F;27
2023/2024;60;FROSINONE;66;L'AQUILA;M;344
2023/2024;998;PROVINCIA ESTERA;54;PERUGIA;M;719
2024/2025;66;L'AQUILA;58;ROMA;M;583
2023/2024;39;RAVENNA;34;PARMA;M;32
2023/2024;71;FOGGIA;40;FORLI'-CESENA;M;22
2024/2025;2;VERCELLI;2;VERCELLI;M;142
2023/2024;999;PROVINCIA NON DEFINITA;30;UDINE;F;5
2023/2024;83;MESSINA;54;PERUGIA;F;23
2023/2024;80;REGGIO CALABRIA;28;PADOVA;M;48
2024/2025;60;FROSINONE;18;PAVIA;M;8
2023/2024;72;BARI;55;TERNI;M;9
2024/2025;28;PADOVA;27;VENEZIA;M;864
2024/2025;84;AGRIGENTO;82;PALERMO;F;2884
2024/2025;42;ANCONA;44;ASCOLI PICENO;F;94
2024/2025;998;PROVINCIA ESTERA;79;CATANZARO;M;118
2024/2025;87;CATANIA;52;SIENA;M;21
2023/2024;61;CASERTA;42;ANCONA;F;8
2023/2024;85;CALTANISSETTA;69;CHIETI;F;8
2024/2025;79;CATANZARO;50;PISA;M;134
2024/2025;77;MATERA;55;TERNI;F;8
2024/2025;15;MILANO;79;CATANZARO;F;12
2024/2025;10;GENOVA;8;IMPERIA;M;11
2023/2024;53;GROSSETO;43;MACERATA;M;5
2023/2024;5;ASTI;18;PAVIA;M;30
2024/2025;81;TRAPANI;28;PADOVA;F;54
2023/2024;84;AGRIGENTO;40;FORLI'-CESENA;M;14
2024/2025;72;BARI;37;BOLOGNA;M;222
2023/2024;76;POTENZA;3;NOVARA;F;6
2023/2024;12;VARESE;12;VARESE;F;2749
2023/2024;15;MILANO;17;BRESCIA;F;112
2023/2024;77;MATERA;65;SALERNO;F;29
2023/2024;61;CASERTA;15;MILANO;F;258
2024/2025;38;FERRARA;10;GENOVA;M;5
2023/2024;4;CUNEO;5;ASTI;F;50
2023/2024;102;VIBO VALENTIA;66;L'AQUILA;F;6
2024/2025;75;LECCE;43;MACERATA;M;30
2024/2025;41;PESARO E URBINO;56;VITERBO;M;7
2024/2025;38;FERRARA;40;FORLI'-CESENA;F;73
2023/2024;34;PARMA;48;FIRENZE;F;25
2024/2025;998;PROVINCIA ESTERA;48;FIRENZE;F;2214
2023/2024;8;IMPERIA;15;MILANO;M;26
2024/2025;17;BRESCIA;1;TORINO;F;148
2023/2024;2;VERCELLI;10;GENOVA;F;19
2024/2025;14;SONDRIO;16;BERGAMO;M;45
2024/2025;38;FERRARA;36;MODENA;M;102
2023/2024;79;CATANZARO;54;PERUGIA;F;46
2024/2025;29;ROVIGO;23;VERONA;M;55
2024/2025;80;REGGIO CALABRIA;30;UDINE;M;6
2023/2024;70;CAMPOBASSO;58;ROMA;M;287
2023/2024;50;PISA;90;SASSARI;M;6
2024/2025;21;BOLZANO;17;BRESCIA;F;9
2024/2025;100;PRATO;37;BOLOGNA;M;168
2024/2025;69;CHIETI;16;BERGAMO;M;7
2023/2024;64;AVELLINO;94;ISERNIA;F;7
2024/2025;21;BOLZANO;15;MILANO;M;35
2024/2025;82;PALERMO;33;PIACENZA;M;7
2024/2025;39;RAVENNA;52;SIENA;F;13
2024/2025;72;BARI;34;PARMA;F;94
2024/2025;108;MONZA E BRIANZA;2;VERCELLI;F;5
2023/2024;34;PARMA;22;TRENTO;M;19
2023/2024;62;BENEVENTO;17;BRESCIA;F;6
2023/2024;15;MILANO;37;BOLOGNA;F;269
2024/2025;98;LODI;48;FIRENZE;M;6
2023/2024;15;MILANO;34;PARMA;M;96
2023/2024;82;PALERMO;22;TRENTO;M;39
2023/2024;90;SASSARI;104;OLBIA-TEMPIO;F;16
2023/2024;26;TREVISO;49;LIVORNO;M;5
2024/2025;13;COMO;19;CREMONA;M;6
2023/2024;30;UDINE;12;VARESE;F;7
2024/2025;88;RAGUSA;66;L'AQUILA;M;24
2024/2025;41;PESARO E URBINO;26;TREVISO;F;5
2024/2025;17;BRESCIA;98;LODI;M;9
2023/2024;65;SALERNO;27;VENEZIA;F;43
2023/2024;76;POTENZA;41;PESARO E URBINO;F;48
2023/2024;77;MATERA;76;POTENZA;M;182
2024/2025;89;SIRACUSA;48;FIRENZE;M;43
2023/2024;4;CUNEO;1;TORINO;M;1007
2023/2024;85;CALTANISSETTA;40;FORLI'-CESENA;M;6
2024/2025;61;CASERTA;1;TORINO;M;45
2023/2024;10;GENOVA;33;PIACENZA;F;13
2023/2024;97;LECCO;97;LECCO;F;100
2023/2024;35;REGGIO EMILIA;69;CHIETI;F;6
2023/2024;998;PROVINCIA ESTERA;16;BERGAMO;F;548
2023/2024;42;ANCONA;32;TRIESTE;M;9
2024/2025;30;UDINE;34;PARMA;M;8
2023/2024;74;BRINDISI;43;MACERATA;F;19
2023/2024;74;BRINDISI;58;ROMA;F;468
2023/2024;58;ROMA;22;TRENTO;F;109
2024/2025;71;FOGGIA;77;MATERA;M;5
2023/2024;74;BRINDISI;30;UDINE;M;9
2024/2025;52;SIENA;1;TORINO;M;29
2023/2024;17;BRESCIA;63;NAPOLI;M;6
2023/2024;66;L'AQUILA;18;PAVIA;M;17
2023/2024;42;ANCONA;28;PADOVA;F;191
2024/2025;52;SIENA;66;L'AQUILA;M;7
2023/2024;19;CREMONA;12;VARESE;M;7
2023/2024;54;PERUGIA;16;BERGAMO;F;5
2023/2024;79;CATANZARO;40;FORLI'-CESENA;M;7
2023/2024;81;TRAPANI;61;CASERTA;M;6
2023/2024;33;PIACENZA;98;LODI;F;13
2024/2025;44;ASCOLI PICENO;42;ANCONA;F;488
2023/2024;41;PESARO E URBINO;41;PESARO E URBINO;M;1590
2024/2025;6;ALESSANDRIA;69;CHIETI;F;19
2023/2024;86;ENNA;28;PADOVA;M;20
2023/2024;24;VICENZA;18;PAVIA;F;24
2024/2025;73;TARANTO;72;BARI;M;452
2023/2024;22;TRENTO;97;LECCO;M;5
2023/2024;39;RAVENNA;54;PERUGIA;M;6
2023/2024;76;POTENZA;18;PAVIA;M;27
2024/2025;88;RAGUSA;43;MACERATA;F;9
2024/2025;101;CROTONE;1;TORINO;F;7
2024/2025;109;FERMO;39;RAVENNA;F;9
2023/2024;108;MONZA E BRIANZA;63;NAPOLI;F;8
2024/2025;65;SALERNO;28;PADOVA;M;87
2023/2024;79;CATANZARO;12;VARESE;M;9
2023/2024;58;ROMA;52;SIENA;M;57
2023/2024;88;RAGUSA;82;PALERMO;F;142
2024/2025;69;CHIETI;60;FROSINONE;M;7
2024/2025;52;SIENA;63;NAPOLI;F;12
2024/2025;58;ROMA;13;COMO;F;5
2023/2024;49;LIVORNO;49;LIVORNO;M;163
2023/2024;10;GENOVA;27;VENEZIA;M;17
2023/2024;85;CALTANISSETTA;83;MESSINA;M;136
2024/2025;84;AGRIGENTO;16;BERGAMO;F;18
2023/2024;22;TRENTO;58;ROMA;M;55
2024/2025;80;REGGIO CALABRIA;30;UDINE;F;8
2023/2024;53;GROSSETO;10;GENOVA;M;9
2024/2025;1;TORINO;6;ALESSANDRIA;F;189
2024/2025;26;TREVISO;17;BRESCIA;M;5
2023/2024;55;TERNI;34;PARMA;F;15
2024/2025;30;UDINE;36;MODENA;M;41
2024/2025;9;SAVONA;4;CUNEO;F;23
2024/2025;22;TRENTO;24;VICENZA;F;20
2024/2025;63;NAPOLI;36;MODENA;M;131
2024/2025;87;CATANIA;78;COSENZA;M;8
2023/2024;46;LUCCA;36;MODENA;M;6
2024/2025;61;CASERTA;79;CATANZARO;M;14
2024/2025;75;LECCE;60;FROSINONE;F;8
2024/2025;76;POTENZA;69;CHIETI;F;271
2024/2025;1;TORINO;1;TORINO;M;14267
2024/2025;109;FERMO;35;REGGIO EMILIA;M;5
2024/2025;75;LECCE;68;PESCARA;F;51
2024/2025;43;MACERATA;22;TRENTO;M;23
2023/2024;13;COMO;38;FERRARA;M;5
2023/2024;59;LATINA;34;PARMA;F;28
2023/2024;53;GROSSETO;36;MODENA;F;7
2024/2025;27;VENEZIA;15;MILANO;M;133
2023/2024;44;ASCOLI PICENO;67;TERAMO;M;113
2023/2024;58;ROMA;54;PERUGIA;F;336
2024/2025;43;MACERATA;12;VARESE;M;9
2023/2024;99;RIMINI;34;PARMA;F;45
2023/2024;65;SALERNO;42;ANCONA;M;6
2023/2024;85;CALTANISSETTA;66;L'AQUILA;M;17
2023/2024;16;BERGAMO;12;VARESE;M;24
2023/2024;69;CHIETI;22;TRENTO;F;21
2024/2025;85;CALTANISSETTA;3;NOVARA;F;12
2023/2024;20;MANTOVA;19;CREMONA;M;19
2024/2025;87;CATANIA;56;VITERBO;M;25
2023/2024;69;CHIETI;38;FERRARA;M;71
2023/2024;45;MASSA CARRARA;50;PISA;F;1704
2024/2025;82;PALERMO;48;FIRENZE;M;86
2024/2025;89;SIRACUSA;41;PESARO E URBINO;M;12
2023/2024;41;PESARO E URBINO;52;SIENA;F;21
2023/2024;78;COSENZA;77;MATERA;F;36
2024/2025;64;AVELLINO;68;PESCARA;F;49
2024/2025;74;BRINDISI;73;TARANTO;F;50
2023/2024;58;ROMA;69;CHIETI;M;50
2024/2025;65;SALERNO;52;SIENA;F;173
2023/2024;75;LECCE;37;BOLOGNA;F;440
2024/2025;18;PAVIA;1;TORINO;F;6
2024/2025;24;VICENZA;16;BERGAMO;F;9
2024/2025;1;TORINO;43;MACERATA;F;13
2023/2024;24;VICENZA;99;RIMINI;F;12
2024/2025;75;LECCE;79;CATANZARO;M;17
2024/2025;86;ENNA;1;TORINO;F;15
2023/2024;24;VICENZA;83;MESSINA;F;8
2023/2024;93;PORDENONE;1;TORINO;F;5
2024/2025;96;BIELLA;37;BOLOGNA;F;37
2023/2024;3;NOVARA;22;TRENTO;F;7
2024/2025;22;TRENTO;35;REGGIO EMILIA;F;28
2023/2024;999;PROVINCIA NON DEFINITA;71;FOGGIA;F;1321
2023/2024;1;TORINO;69;CHIETI;M;10
2024/2025;10;GENOVA;34;PARMA;F;37
2023/2024;67;TERAMO;22;TRENTO;F;11
2023/2024;48;FIRENZE;37;BOLOGNA;M;286
2024/2025;14;SONDRIO;39;RAVENNA;F;7
2024/2025;17;BRESCIA;23;VERONA;F;1243
2023/2024;40;FORLI'-CESENA;82;PALERMO;F;5
2023/2024;76;POTENZA;48;FIRENZE;F;183
2024/2025;73;TARANTO;58;ROMA;M;437
2024/2025;87;CATANIA;1;TORINO;M;130
2023/2024;93;PORDENONE;31;GORIZIA;F;105
2024/2025;71;FOGGIA;62;BENEVENTO;F;25
2024/2025;17;BRESCIA;43;MACERATA;M;5
2023/2024;13;COMO;28;PADOVA;M;17
2023/2024;37;BOLOGNA;27;VENEZIA;M;24
2024/2025;999;PROVINCIA NON DEFINITA;21;BOLZANO;F;22
2024/2025;72;BARI;49;LIVORNO;F;5
2023/2024;4;CUNEO;7;AOSTA;F;34
2024/2025;78;COSENZA;15;MILANO;M;52
2024/2025;56;VITERBO;10;GENOVA;M;7
2024/2025;35;REGGIO EMILIA;27;VENEZIA;F;48
2024/2025;999;PROVINCIA NON DEFINITA;58;ROMA;M;6047
2024/2025;70;CAMPOBASSO;48;FIRENZE;F;62
2024/2025;61;CASERTA;30;UDINE;F;6
2023/2024;86;ENNA;15;MILANO;M;40
2023/2024;49;LIVORNO;40;FORLI'-CESENA;M;5
2024/2025;71;FOGGIA;16;BERGAMO;M;11
2023/2024;60;FROSINONE;42;ANCONA;M;7
2023/2024;34;PARMA;63;NAPOLI;M;11
2024/2025;65;SALERNO;3;NOVARA;F;7
2023/2024;58;ROMA;18;PAVIA;F;43
2024/2025;6;ALESSANDRIA;10;GENOVA;M;605
2023/2024;43;MACERATA;35;REGGIO EMILIA;F;18
2023/2024;19;CREMONA;1;TORINO;M;12
2023/2024;102;VIBO VALENTIA;15;MILANO;F;143
2024/2025;57;RIETI;41;PESARO E URBINO;F;5
2024/2025;37;BOLOGNA;72;BARI;F;6
2023/2024;54;PERUGIA;44;ASCOLI PICENO;M;12
2024/2025;66;L'AQUILA;58;ROMA;F;777
2024/2025;60;FROSINONE;63;NAPOLI;F;144
2023/2024;93;PORDENONE;15;MILANO;M;102
2024/2025;35;REGGIO EMILIA;42;ANCONA;M;7
2024/2025;36;MODENA;33;PIACENZA;M;22
2024/2025;58;ROMA;59;LATINA;M;181
2024/2025;77;MATERA;28;PADOVA;M;43
2023/2024;79;CATANZARO;34;PARMA;F;32
2023/2024;43;MACERATA;18;PAVIA;F;28
2024/2025;82;PALERMO;38;FERRARA;M;16
2023/2024;85;CALTANISSETTA;79;CATANZARO;M;8
2024/2025;15;MILANO;21;BOLZANO;M;10
2024/2025;56;VITERBO;58;ROMA;M;1190
2023/2024;21;BOLZANO;63;NAPOLI;F;8
2023/2024;22;TRENTO;39;RAVENNA;M;7
2023/2024;85;CALTANISSETTA;58;ROMA;M;186
2023/2024;62;BENEVENTO;15;MILANO;F;19
2024/2025;21;BOLZANO;15;MILANO;F;9
2024/2025;22;TRENTO;52;SIENA;F;40
2024/2025;88;RAGUSA;66;L'AQUILA;F;16
2024/2025;91;NUORO;41;PESARO E URBINO;F;18
2024/2025;1;TORINO;83;MESSINA;M;15
2023/2024;39;RAVENNA;63;NAPOLI;F;6
2024/2025;83;MESSINA;52;SIENA;M;12
2024/2025;58;ROMA;27;VENEZIA;F;174
2024/2025;73;TARANTO;73;TARANTO;F;49
2024/2025;54;PERUGIA;12;VARESE;M;6
2023/2024;17;BRESCIA;36;MODENA;M;27
2024/2025;93;PORDENONE;50;PISA;M;5
2024/2025;4;CUNEO;63;NAPOLI;F;6
2024/2025;67;TERAMO;67;TERAMO;F;906
2024/2025;999;PROVINCIA NON DEFINITA;43;MACERATA;M;96
2023/2024;84;AGRIGENTO;6;ALESSANDRIA;M;7
2024/2025;74;BRINDISI;16;BERGAMO;F;6
2024/2025;22;TRENTO;63;NAPOLI;M;5
2023/2024;74;BRINDISI;15;MILANO;M;190
2023/2024;19;CREMONA;40;FORLI'-CESENA;F;9
2024/2025;999;PROVINCIA NON DEFINITA;72;BARI;M;618
2023/2024;30;UDINE;40;FORLI'-CESENA;M;15
2024/2025;71;FOGGIA;56;VITERBO;M;40
2024/2025;17;BRESCIA;98;LODI;F;36
2024/2025;61;CASERTA;54;PERUGIA;M;35
2023/2024;6;ALESSANDRIA;19;CREMONA;F;6
2023/2024;78;COSENZA;72;BARI;F;190
2023/2024;1;TORINO;6;ALESSANDRIA;F;224
2024/2025;49;LIVORNO;52;SIENA;F;126
2024/2025;33;PIACENZA;1;TORINO;M;22
2024/2025;34;PARMA;1;TORINO;M;17
2023/2024;19;CREMONA;48;FIRENZE;M;8
2023/2024;89;SIRACUSA;15;MILANO;F;26
2024/2025;67;TERAMO;69;CHIETI;M;330
2024/2025;28;PADOVA;35;REGGIO EMILIA;F;13
2023/2024;64;AVELLINO;1;TORINO;F;50
2023/2024;91;NUORO;37;BOLOGNA;M;68
2024/2025;53;GROSSETO;51;AREZZO;M;18
2024/2025;61;CASERTA;61;CASERTA;M;4390
2024/2025;81;TRAPANI;81;TRAPANI;F;376
2023/2024;999;PROVINCIA NON DEFINITA;88;RAGUSA;M;16
2024/2025;3;NOVARA;10;GENOVA;F;33
2024/2025;79;CATANZARO;10;GENOVA;F;9
2023/2024;30;UDINE;43;MACERATA;F;9
2023/2024;59;LATINA;30;UDINE;M;7
2023/2024;83;MESSINA;86;ENNA;M;40
2023/2024;37;BOLOGNA;38;FERRARA;M;896
2024/2025;84;AGRIGENTO;92;CAGLIARI;M;8
2023/2024;6;ALESSANDRIA;58;ROMA;M;21
2023/2024;41;PESARO E URBINO;56;VITERBO;M;6
2023/2024;73;TARANTO;1;TORINO;F;213
2023/2024;53;GROSSETO;1;TORINO;M;19
2024/2025;88;RAGUSA;15;MILANO;M;64
2024/2025;24;VICENZA;10;GENOVA;F;11
2024/2025;74;BRINDISI;3;NOVARA;F;7
2023/2024;58;ROMA;48;FIRENZE;F;208
2023/2024;28;PADOVA;1;TORINO;F;57
2024/2025;15;MILANO;90;SASSARI;F;29
2023/2024;998;PROVINCIA ESTERA;51;AREZZO;F;26
2024/2025;70;CAMPOBASSO;54;PERUGIA;F;71
2024/2025;45;MASSA CARRARA;35;REGGIO EMILIA;M;7
2024/2025;34;PARMA;18;PAVIA;M;16
2023/2024;80;REGGIO CALABRIA;16;BERGAMO;F;17
2024/2025;33;PIACENZA;35;REGGIO EMILIA;M;24
2024/2025;1;TORINO;3;NOVARA;M;175
2024/2025;90;SASSARI;39;RAVENNA;M;6
2023/2024;72;BARI;43;MACERATA;M;34
2023/2024;27;VENEZIA;32;TRIESTE;F;648
2023/2024;18;PAVIA;11;LA SPEZIA;F;6
2023/2024;108;MONZA E BRIANZA;28;PADOVA;F;56
2023/2024;63;NAPOLI;67;TERAMO;F;10
2024/2025;4;CUNEO;5;ASTI;F;47
2023/2024;19;CREMONA;19;CREMONA;M;224
2024/2025;7;AOSTA;1;TORINO;M;126
2024/2025;25;BELLUNO;23;VERONA;F;152
2023/2024;15;MILANO;15;MILANO;F;2669
2023/2024;16;BERGAMO;38;FERRARA;F;54
2024/2025;72;BARI;1;TORINO;M;136
2024/2025;80;REGGIO CALABRIA;54;PERUGIA;M;34
2024/2025;111;SUD SARDEGNA;50;PISA;F;31
2023/2024;999;PROVINCIA NON DEFINITA;65;SALERNO;F;91
2024/2025;73;TARANTO;10;GENOVA;M;11
2024/2025;91;NUORO;91;NUORO;F;106
2023/2024;28;PADOVA;18;PAVIA;F;11
2023/2024;78;COSENZA;1;TORINO;M;84
2024/2025;67;TERAMO;34;PARMA;M;41
2023/2024;21;BOLZANO;15;MILANO;M;36
2024/2025;27;VENEZIA;30;UDINE;M;191
2023/2024;13;COMO;66;L'AQUILA;M;5
2024/2025;8;IMPERIA;58;ROMA;M;27
2024/2025;998;PROVINCIA ESTERA;8;IMPERIA;M;17
2024/2025;13;COMO;35;REGGIO EMILIA;F;5
2024/2025;37;BOLOGNA;1;TORINO;M;24
2024/2025;47;PISTOIA;15;MILANO;F;18
2024/2025;37;BOLOGNA;18;PAVIA;M;10
2024/2025;49;LIVORNO;32;TRIESTE;F;11
2024/2025;110;BARLETTA - ANDRIA - TRANI;36;MODENA;F;19
2024/2025;26;TREVISO;19;CREMONA;F;5
2023/2024;4;CUNEO;6;ALESSANDRIA;F;43
2023/2024;37;BOLOGNA;43;MACERATA;F;15
2024/2025;72;BARI;59;LATINA;M;8
2024/2025;49;LIVORNO;49;LIVORNO;M;148
2024/2025;17;BRESCIA;24;VICENZA;M;15
2023/2024;16;BERGAMO;48;FIRENZE;F;53
2023/2024;36;MODENA;41;PESARO E URBINO;M;19
2023/2024;93;PORDENONE;30;UDINE;F;1030
2023/2024;16;BERGAMO;33;PIACENZA;F;26
2024/2025;46;LUCCA;10;GENOVA;M;14
2024/2025;88;RAGUSA;30;UDINE;M;6
2023/2024;90;SASSARI;52;SIENA;F;22
2024/2025;87;CATANIA;34;PARMA;F;64
2023/2024;94;ISERNIA;36;MODENA;M;10
2024/2025;93;PORDENONE;30;UDINE;F;1046
2024/2025;88;RAGUSA;23;VERONA;F;22
2023/2024;50;PISA;15;MILANO;F;97
2023/2024;38;FERRARA;15;MILANO;F;84
2024/2025;72;BARI;32;TRIESTE;M;22
2024/2025;51;AREZZO;1;TORINO;F;54
2024/2025;81;TRAPANI;33;PIACENZA;F;7
2024/2025;99;RIMINI;1;TORINO;M;16
2023/2024;26;TREVISO;54;PERUGIA;M;17
2024/2025;95;ORISTANO;90;SASSARI;F;367
2024/2025;54;PERUGIA;99;RIMINI;M;8
2023/2024;109;FERMO;41;PESARO E URBINO;F;157
2023/2024;14;SONDRIO;37;BOLOGNA;M;29
2023/2024;55;TERNI;1;TORINO;M;17
2023/2024;55;TERNI;50;PISA;F;36
2024/2025;65;SALERNO;1;TORINO;M;101
2023/2024;63;NAPOLI;13;COMO;F;5
2024/2025;88;RAGUSA;49;LIVORNO;M;5
2023/2024;67;TERAMO;1;TORINO;M;43
2024/2025;3;NOVARA;34;PARMA;M;11
2024/2025;86;ENNA;15;MILANO;F;63
2023/2024;39;RAVENNA;58;ROMA;F;78
2023/2024;99;RIMINI;42;ANCONA;M;76
2023/2024;96;BIELLA;58;ROMA;F;15
2024/2025;72;BARI;51;AREZZO;F;5
2023/2024;78;COSENZA;37;BOLOGNA;F;260
2023/2024;19;CREMONA;18;PAVIA;F;296
2024/2025;17;BRESCIA;42;ANCONA;F;12
2024/2025;39;RAVENNA;52;SIENA;M;5
2024/2025;108;MONZA E BRIANZA;3;NOVARA;F;38
2023/2024;36;MODENA;58;ROMA;M;63
2023/2024;61;CASERTA;32;TRIESTE;F;10
2023/2024;59;LATINA;61;CASERTA;M;24
2023/2024;81;TRAPANI;15;MILANO;F;302
2023/2024;75;LECCE;77;MATERA;F;10
2023/2024;98;LODI;17;BRESCIA;F;11
2023/2024;79;CATANZARO;79;CATANZARO;M;1690
2024/2025;11;LA SPEZIA;66;L'AQUILA;F;5
2023/2024;24;VICENZA;29;ROVIGO;F;199
2023/2024;28;PADOVA;83;MESSINA;F;9
2023/2024;57;RIETI;36;MODENA;F;9
2024/2025;74;BRINDISI;41;PESARO E URBINO;M;31
2023/2024;61;CASERTA;23;VERONA;F;12
2024/2025;94;ISERNIA;16;BERGAMO;F;5
2024/2025;82;PALERMO;42;ANCONA;M;9
2024/2025;49;LIVORNO;50;PISA;F;2885
2023/2024;13;COMO;36;MODENA;M;8
2023/2024;74;BRINDISI;34;PARMA;M;87
2023/2024;64;AVELLINO;34;PARMA;F;36
2024/2025;65;SALERNO;78;COSENZA;F;21
2024/2025;110;BARLETTA - ANDRIA - TRANI;72;BARI;M;1710
2024/2025;998;PROVINCIA ESTERA;30;UDINE;M;202
2024/2025;24;VICENZA;23;VERONA;M;993
2024/2025;58;ROMA;43;MACERATA;F;129
2023/2024;9;SAVONA;39;RAVENNA;F;5
2023/2024;4;CUNEO;50;PISA;M;17
2023/2024;92;CAGLIARI;40;FORLI'-CESENA;F;25
2024/2025;63;NAPOLI;18;PAVIA;F;59
2024/2025;10;GENOVA;22;TRENTO;F;23
2024/2025;37;BOLOGNA;50;PISA;F;36
2023/2024;999;PROVINCIA NON DEFINITA;58;ROMA;F;9079
2024/2025;35;REGGIO EMILIA;33;PIACENZA;F;23
2023/2024;69;CHIETI;58;ROMA;F;639
2023/2024;108;MONZA E BRIANZA;28;PADOVA;M;25
2023/2024;999;PROVINCIA NON DEFINITA;7;AOSTA;F;17
2023/2024;78;COSENZA;75;LECCE;M;7
2024/2025;999;PROVINCIA NON DEFINITA;10;GENOVA;F;23
2024/2025;76;POTENZA;22;TRENTO;F;9
2024/2025;14;SONDRIO;1;TORINO;F;47
2024/2025;65;SALERNO;22;TRENTO;M;27
2024/2025;88;RAGUSA;50;PISA;F;202
2024/2025;100;PRATO;27;VENEZIA;M;6
2023/2024;9;SAVONA;15;MILANO;M;149
2023/2024;70;CAMPOBASSO;71;FOGGIA;F;39
2024/2025;64;AVELLINO;59;LATINA;F;6
2024/2025;64;AVELLINO;36;MODENA;F;12
2023/2024;28;PADOVA;99;RIMINI;F;22
2024/2025;77;MATERA;50;PISA;F;79
2023/2024;46;LUCCA;52;SIENA;F;74
2024/2025;68;PESCARA;69;CHIETI;F;1770
2023/2024;20;MANTOVA;19;CREMONA;F;22
2023/2024;59;LATINA;54;PERUGIA;F;111
2024/2025;82;PALERMO;81;TRAPANI;F;151
2023/2024;35;REGGIO EMILIA;54;PERUGIA;F;13
2023/2024;17;BRESCIA;15;MILANO;M;1176
2024/2025;8;IMPERIA;27;VENEZIA;F;12
2024/2025;25;BELLUNO;58;ROMA;M;19
2023/2024;71;FOGGIA;67;TERAMO;F;31
2023/2024;78;COSENZA;35;REGGIO EMILIA;F;32
2024/2025;84;AGRIGENTO;66;L'AQUILA;M;25
2023/2024;102;VIBO VALENTIA;41;PESARO E URBINO;F;7
2023/2024;66;L'AQUILA;36;MODENA;M;22
2024/2025;70;CAMPOBASSO;48;FIRENZE;M;35
2023/2024;62;BENEVENTO;54;PERUGIA;M;29
2023/2024;9;SAVONA;9;SAVONA;F;241
2024/2025;30;UDINE;93;PORDENONE;F;67
2023/2024;4;CUNEO;52;SIENA;F;21
2024/2025;4;CUNEO;4;CUNEO;F;1075
2023/2024;65;SALERNO;55;TERNI;F;18
2024/2025;19;CREMONA;27;VENEZIA;F;38
2023/2024;27;VENEZIA;48;FIRENZE;M;43
2024/2025;17;BRESCIA;21;BOLZANO;M;13
2024/2025;26;TREVISO;24;VICENZA;F;122
2023/2024;58;ROMA;82;PALERMO;M;11
2023/2024;26;TREVISO;10;GENOVA;F;9
2024/2025;35;REGGIO EMILIA;23;VERONA;F;51
2024/2025;34;PARMA;27;VENEZIA;F;43
2024/2025;64;AVELLINO;52;SIENA;F;74
2024/2025;37;BOLOGNA;38;FERRARA;M;900
2023/2024;92;CAGLIARI;92;CAGLIARI;M;4545
2024/2025;20;MANTOVA;20;MANTOVA;M;25
2023/2024;77;MATERA;69;CHIETI;F;126
2024/2025;97;LECCO;27;VENEZIA;M;6
2023/2024;89;SIRACUSA;69;CHIETI;F;12
2024/2025;34;PARMA;33;PIACENZA;M;100
2024/2025;13;COMO;12;VARESE;F;607
2023/2024;58;ROMA;49;LIVORNO;M;32
2024/2025;81;TRAPANI;17;BRESCIA;F;10
2023/2024;76;POTENZA;70;CAMPOBASSO;F;26
2024/2025;85;CALTANISSETTA;28;PADOVA;M;46
2024/2025;94;ISERNIA;60;FROSINONE;F;127
2024/2025;20;MANTOVA;42;ANCONA;F;7
2024/2025;74;BRINDISI;73;TARANTO;M;53
2023/2024;37;BOLOGNA;39;RAVENNA;F;289
2023/2024;17;BRESCIA;83;MESSINA;F;6
2023/2024;41;PESARO E URBINO;58;ROMA;F;175
2024/2025;50;PISA;49;LIVORNO;M;29
2023/2024;63;NAPOLI;9;SAVONA;M;6
2023/2024;998;PROVINCIA ESTERA;29;ROVIGO;M;33
2024/2025;3;NOVARA;28;PADOVA;M;27
2023/2024;48;FIRENZE;23;VERONA;M;6
2023/2024;72;BARI;15;MILANO;M;168
2023/2024;1;TORINO;9;SAVONA;F;8
2023/2024;40;FORLI'-CESENA;23;VERONA;F;18
2023/2024;80;REGGIO CALABRIA;63;NAPOLI;F;78
2023/2024;50;PISA;22;TRENTO;M;6
2023/2024;91;NUORO;48;FIRENZE;M;35
2023/2024;25;BELLUNO;36;MODENA;M;19
2023/2024;58;ROMA;27;VENEZIA;M;81
2024/2025;30;UDINE;37;BOLOGNA;F;227
2023/2024;22;TRENTO;18;PAVIA;M;27
2023/2024;14;SONDRIO;58;ROMA;F;24
2024/2025;11;LA SPEZIA;54;PERUGIA;F;21
2024/2025;108;MONZA E BRIANZA;16;BERGAMO;M;501
2023/2024;60;FROSINONE;41;PESARO E URBINO;M;6
2023/2024;55;TERNI;38;FERRARA;F;10
2023/2024;100;PRATO;69;CHIETI;F;5
2024/2025;88;RAGUSA;12;VARESE;F;10
2023/2024;23;VERONA;50;PISA;M;21
2023/2024;65;SALERNO;75;LECCE;F;11
2024/2025;65;SALERNO;39;RAVENNA;M;16
2024/2025;65;SALERNO;59;LATINA;F;41
2024/2025;80;REGGIO CALABRIA;33;PIACENZA;F;10
2024/2025;65;SALERNO;3;NOVARA;M;5
2024/2025;84;AGRIGENTO;60;FROSINONE;M;12
2024/2025;29;ROVIGO;27;VENEZIA;M;83
2023/2024;15;MILANO;52;SIENA;M;31
2024/2025;71;FOGGIA;35;REGGIO EMILIA;F;46
2023/2024;70;CAMPOBASSO;42;ANCONA;M;130
2024/2025;42;ANCONA;109;FERMO;M;58
2024/2025;70;CAMPOBASSO;10;GENOVA;M;5
2024/2025;83;MESSINA;58;ROMA;F;553
2023/2024;76;POTENZA;72;BARI;M;217
2024/2025;27;VENEZIA;35;REGGIO EMILIA;M;5
2024/2025;97;LECCO;12;VARESE;F;57
2024/2025;22;TRENTO;30;UDINE;M;12
2023/2024;21;BOLZANO;39;RAVENNA;F;5
2024/2025;9;SAVONA;37;BOLOGNA;F;66
2023/2024;68;PESCARA;43;MACERATA;M;49
2023/2024;2;VERCELLI;37;BOLOGNA;F;12
2023/2024;35;REGGIO EMILIA;15;MILANO;F;103
2024/2025;84;AGRIGENTO;10;GENOVA;M;28
2024/2025;53;GROSSETO;58;ROMA;F;289
2023/2024;36;MODENA;21;BOLZANO;M;5
2024/2025;28;PADOVA;10;GENOVA;F;7
2024/2025;19;CREMONA;28;PADOVA;M;31
2024/2025;83;MESSINA;17;BRESCIA;F;7
2024/2025;58;ROMA;60;FROSINONE;M;34
2023/2024;22;TRENTO;27;VENEZIA;M;90
2023/2024;65;SALERNO;70;CAMPOBASSO;F;52
2024/2025;36;MODENA;27;VENEZIA;F;69
2023/2024;94;ISERNIA;70;CAMPOBASSO;F;278
2023/2024;57;RIETI;22;TRENTO;M;5
2023/2024;71;FOGGIA;70;CAMPOBASSO;M;155
2024/2025;11;LA SPEZIA;15;MILANO;M;90
2024/2025;65;SALERNO;13;COMO;F;6
2024/2025;60;FROSINONE;61;CASERTA;F;34
2024/2025;65;SALERNO;36;MODENA;F;40
2023/2024;87;CATANIA;99;RIMINI;M;8
2024/2025;63;NAPOLI;83;MESSINA;F;31
2024/2025;37;BOLOGNA;37;BOLOGNA;F;7486
2024/2025;59;LATINA;34;PARMA;M;14
2024/2025;63;NAPOLI;32;TRIESTE;M;50
2023/2024;14;SONDRIO;3;NOVARA;F;7
2023/2024;998;PROVINCIA ESTERA;15;MILANO;M;3786
2024/2025;80;REGGIO CALABRIA;35;REGGIO EMILIA;M;9
2024/2025;999;PROVINCIA NON DEFINITA;1;TORINO;F;6468
2024/2025;16;BERGAMO;19;CREMONA;F;30
2024/2025;46;LUCCA;46;LUCCA;F;45
2023/2024;110;BARLETTA - ANDRIA - TRANI;41;PESARO E URBINO;M;16
2024/2025;82;PALERMO;15;MILANO;F;273
2023/2024;61;CASERTA;67;TERAMO;M;6
2023/2024;16;BERGAMO;42;ANCONA;F;6
2024/2025;1;TORINO;34;PARMA;M;40
2024/2025;28;PADOVA;52;SIENA;M;7
2023/2024;60;FROSINONE;65;SALERNO;F;7
2023/2024;88;RAGUSA;40;FORLI'-CESENA;M;10
2023/2024;45;MASSA CARRARA;54;PERUGIA;M;5
2023/2024;998;PROVINCIA ESTERA;33;PIACENZA;F;164
2024/2025;90;SASSARI;27;VENEZIA;F;22
2023/2024;60;FROSINONE;18;PAVIA;M;5
2023/2024;61;CASERTA;90;SASSARI;F;8
2023/2024;65;SALERNO;22;TRENTO;F;17
2023/2024;101;CROTONE;58;ROMA;M;165
2024/2025;37;BOLOGNA;1;TORINO;F;66
2024/2025;15;MILANO;92;CAGLIARI;F;19
2024/2025;24;VICENZA;18;PAVIA;F;24
2023/2024;44;ASCOLI PICENO;63;NAPOLI;F;15
2023/2024;72;BARI;72;BARI;M;3300
2024/2025;58;ROMA;94;ISERNIA;F;8
2023/2024;96;BIELLA;15;MILANO;F;16
2023/2024;27;VENEZIA;37;BOLOGNA;F;297
2024/2025;15;MILANO;35;REGGIO EMILIA;F;28
2023/2024;41;PESARO E URBINO;15;MILANO;M;82
2023/2024;69;CHIETI;28;PADOVA;M;53
2024/2025;81;TRAPANI;34;PARMA;F;203
2024/2025;83;MESSINA;19;CREMONA;F;7
2023/2024;102;VIBO VALENTIA;36;MODENA;F;11
2023/2024;998;PROVINCIA ESTERA;38;FERRARA;M;326
2024/2025;23;VERONA;12;VARESE;M;11
2024/2025;91;NUORO;1;TORINO;M;43
2023/2024;54;PERUGIA;32;TRIESTE;F;18
2024/2025;38;FERRARA;37;BOLOGNA;F;929
2024/2025;16;BERGAMO;3;NOVARA;M;13
2023/2024;63;NAPOLI;40;FORLI'-CESENA;M;31
2024/2025;4;CUNEO;18;PAVIA;M;47
2023/2024;51;AREZZO;41;PESARO E URBINO;F;52
2023/2024;108;MONZA E BRIANZA;15;MILANO;M;4402
2024/2025;67;TERAMO;34;PARMA;F;33
2023/2024;98;LODI;10;GENOVA;M;6
2023/2024;15;MILANO;97;LECCO;M;72
2024/2025;15;MILANO;11;LA SPEZIA;M;17
2023/2024;73;TARANTO;30;UDINE;M;9
2023/2024;50;PISA;28;PADOVA;M;17
2023/2024;79;CATANZARO;1;TORINO;M;42
2024/2025;79;CATANZARO;18;PAVIA;F;22
2024/2025;4;CUNEO;7;AOSTA;F;36
2024/2025;39;RAVENNA;54;PERUGIA;F;20
2023/2024;27;VENEZIA;1;TORINO;F;56
2023/2024;65;SALERNO;67;TERAMO;F;13
2023/2024;21;BOLZANO;23;VERONA;M;130
2023/2024;12;VARESE;16;BERGAMO;F;47
2024/2025;72;BARI;56;VITERBO;M;49
2024/2025;76;POTENZA;6;ALESSANDRIA;F;6
2023/2024;13;COMO;50;PISA;M;16
2024/2025;52;SIENA;15;MILANO;M;68
2024/2025;998;PROVINCIA ESTERA;20;MANTOVA;M;7
2024/2025;48;FIRENZE;33;PIACENZA;M;6
2024/2025;58;ROMA;19;CREMONA;M;8
2024/2025;97;LECCO;97;LECCO;F;112
2023/2024;87;CATANIA;27;VENEZIA;M;36
2023/2024;103;VERBANO CUSIO OSSOLA;28;PADOVA;F;19
2024/2025;60;FROSINONE;54;PERUGIA;F;148
2024/2025;58;ROMA;51;AREZZO;F;15
2023/2024;42;ANCONA;18;PAVIA;M;18
2023/2024;44;ASCOLI PICENO;38;FERRARA;F;57
2023/2024;61;CASERTA;63;NAPOLI;F;7592
2023/2024;50;PISA;15;MILANO;M;59
2024/2025;60;FROSINONE;1;TORINO;F;38
2024/2025;47;PISTOIA;58;ROMA;M;33
2024/2025;96;BIELLA;48;FIRENZE;F;13
2024/2025;7;AOSTA;1;TORINO;F;29
2024/2025;1;TORINO;73;TARANTO;F;5
2024/2025;86;ENNA;86;ENNA;F;791
2023/2024;52;SIENA;54;PERUGIA;M;127
2023/2024;23;VERONA;59;LATINA;M;6
2024/2025;58;ROMA;33;PIACENZA;F;6
2024/2025;87;CATANIA;84;AGRIGENTO;F;6
2023/2024;10;GENOVA;54;PERUGIA;M;6
2023/2024;36;MODENA;28;PADOVA;F;162
2023/2024;79;CATANZARO;80;REGGIO CALABRIA;F;110
2024/2025;26;TREVISO;22;TRENTO;M;308
2023/2024;41;PESARO E URBINO;40;FORLI'-CESENA;F;177
2024/2025;59;LATINA;40;FORLI'-CESENA;F;16
2024/2025;998;PROVINCIA ESTERA;59;LATINA;M;25
2024/2025;5;ASTI;34;PARMA;F;10
2024/2025;11;LA SPEZIA;63;NAPOLI;F;8
2023/2024;17;BRESCIA;35;REGGIO EMILIA;F;24
2024/2025;89;SIRACUSA;28;PADOVA;F;49
2024/2025;30;UDINE;23;VERONA;F;68
2024/2025;87;CATANIA;33;PIACENZA;M;11
2023/2024;38;FERRARA;42;ANCONA;F;8
2024/2025;110;BARLETTA - ANDRIA - TRANI;37;BOLOGNA;F;112
2023/2024;69;CHIETI;94;ISERNIA;M;13
2023/2024;38;FERRARA;32;TRIESTE;M;14
2024/2025;37;BOLOGNA;50;PISA;M;25
2024/2025;79;CATANZARO;23;VERONA;F;7
2023/2024;81;TRAPANI;12;VARESE;F;6
2024/2025;24;VICENZA;1;TORINO;F;84
2023/2024;52;SIENA;48;FIRENZE;F;755
2024/2025;73;TARANTO;22;TRENTO;F;38
2023/2024;26;TREVISO;1;TORINO;M;37
2023/2024;72;BARI;48;FIRENZE;M;89
2024/2025;70;CAMPOBASSO;1;TORINO;M;39
2024/2025;67;TERAMO;38;FERRARA;F;58
2023/2024;108;MONZA E BRIANZA;34;PARMA;F;47
2024/2025;39;RAVENNA;28;PADOVA;F;102
2023/2024;14;SONDRIO;36;MODENA;M;5
2023/2024;57;RIETI;27;VENEZIA;F;7
2023/2024;90;SASSARI;90;SASSARI;M;2896
2023/2024;27;VENEZIA;48;FIRENZE;F;49
2024/2025;36;MODENA;50;PISA;M;32
2023/2024;72;BARI;76;POTENZA;F;78
2024/2025;998;PROVINCIA ESTERA;42;ANCONA;F;605
2024/2025;40;FORLI'-CESENA;27;VENEZIA;M;16
2024/2025;74;BRINDISI;10;GENOVA;F;5
2023/2024;60;FROSINONE;68;PESCARA;F;19
2024/2025;87;CATANIA;79;CATANZARO;F;35
2024/2025;58;ROMA;56;VITERBO;F;769
2023/2024;84;AGRIGENTO;4;CUNEO;F;7
2024/2025;21;BOLZANO;39;RAVENNA;M;5
2023/2024;52;SIENA;41;PESARO E URBINO;F;6
2024/2025;48;FIRENZE;36;MODENA;F;19
2023/2024;81;TRAPANI;32;TRIESTE;M;15
2023/2024;45;MASSA CARRARA;1;TORINO;M;15
2024/2025;75;LECCE;26;TREVISO;F;7
2023/2024;96;BIELLA;58;ROMA;M;15
2024/2025;94;ISERNIA;67;TERAMO;F;10
2024/2025;55;TERNI;42;ANCONA;M;13
2024/2025;2;VERCELLI;15;MILANO;M;137
2024/2025;70;CAMPOBASSO;58;ROMA;F;460
2024/2025;43;MACERATA;35;REGGIO EMILIA;F;14
2024/2025;56;VITERBO;34;PARMA;M;8
2023/2024;66;L'AQUILA;41;PESARO E URBINO;F;30
2024/2025;28;PADOVA;23;VERONA;F;349
2024/2025;60;FROSINONE;94;ISERNIA;M;60
2024/2025;66;L'AQUILA;83;MESSINA;F;8
2024/2025;47;PISTOIA;36;MODENA;F;7
2023/2024;6;ALESSANDRIA;40;FORLI'-CESENA;F;7
2023/2024;27;VENEZIA;41;PESARO E URBINO;F;37
2023/2024;998;PROVINCIA ESTERA;72;BARI;F;407
2024/2025;87;CATANIA;66;L'AQUILA;M;78
2024/2025;12;VARESE;41;PESARO E URBINO;M;5
2023/2024;17;BRESCIA;97;LECCO;M;8
2023/2024;97;LECCO;58;ROMA;F;30
2024/2025;40;FORLI'-CESENA;34;PARMA;F;44
2023/2024;58;ROMA;87;CATANIA;M;9
2023/2024;2;VERCELLI;1;TORINO;M;271
2023/2024;83;MESSINA;28;PADOVA;M;43
2024/2025;102;VIBO VALENTIA;83;MESSINA;F;248
2024/2025;15;MILANO;49;LIVORNO;M;12
2024/2025;22;TRENTO;99;RIMINI;F;15
2024/2025;77;MATERA;36;MODENA;F;26
2023/2024;101;CROTONE;37;BOLOGNA;M;78
2024/2025;36;MODENA;38;FERRARA;F;478
2024/2025;70;CAMPOBASSO;38;FERRARA;F;90
2023/2024;99;RIMINI;48;FIRENZE;M;30
2024/2025;23;VERONA;20;MANTOVA;F;49
2024/2025;99;RIMINI;99;RIMINI;F;593
2024/2025;97;LECCO;28;PADOVA;M;11
2023/2024;90;SASSARI;34;PARMA;M;28
2023/2024;44;ASCOLI PICENO;68;PESCARA;M;23
2024/2025;110;BARLETTA - ANDRIA - TRANI;28;PADOVA;M;28
2024/2025;10;GENOVA;22;TRENTO;M;16
2024/2025;67;TERAMO;50;PISA;F;39
2023/2024;33;PIACENZA;32;TRIESTE;F;10
2023/2024;8;IMPERIA;36;MODENA;M;5
2023/2024;1;TORINO;37;BOLOGNA;F;147
2023/2024;91;NUORO;10;GENOVA;F;15
2023/2024;44;ASCOLI PICENO;43;MACERATA;M;376
2023/2024;84;AGRIGENTO;85;CALTANISSETTA;M;62
2023/2024;12;VARESE;6;ALESSANDRIA;M;17
2023/2024;59;LATINA;90;SASSARI;M;5
2024/2025;78;COSENZA;48;FIRENZE;F;204
2024/2025;72;BARI;99;RIMINI;F;17
2024/2025;28;PADOVA;27;VENEZIA;F;1402
2024/2025;3;NOVARA;6;ALESSANDRIA;F;198
2023/2024;46;LUCCA;41;PESARO E URBINO;M;6
2023/2024;23;VERONA;52;SIENA;F;49
2023/2024;36;MODENA;48;FIRENZE;M;46
2024/2025;30;UDINE;15;MILANO;M;141
2024/2025;72;BARI;42;ANCONA;F;13
2023/2024;82;PALERMO;27;VENEZIA;M;30
2023/2024;58;ROMA;79;CATANZARO;M;14
2023/2024;21;BOLZANO;58;ROMA;F;77
2023/2024;94;ISERNIA;15;MILANO;M;25
2024/2025;87;CATANIA;17;BRESCIA;F;10
2024/2025;72;BARI;43;MACERATA;F;53
2023/2024;45;MASSA CARRARA;11;LA SPEZIA;M;86
2023/2024;29;ROVIGO;1;TORINO;M;8
2023/2024;93;PORDENONE;93;PORDENONE;F;153
2024/2025;3;NOVARA;15;MILANO;M;773
2024/2025;103;VERBANO CUSIO OSSOLA;17;BRESCIA;F;8
2024/2025;38;FERRARA;10;GENOVA;F;7
2023/2024;51;AREZZO;40;FORLI'-CESENA;F;39
2024/2025;97;LECCO;15;MILANO;M;1591
2023/2024;72;BARI;73;TARANTO;M;47
2024/2025;39;RAVENNA;41;PESARO E URBINO;M;40
2023/2024;22;TRENTO;31;GORIZIA;M;5
2023/2024;78;COSENZA;38;FERRARA;M;103
2024/2025;93;PORDENONE;28;PADOVA;F;733
2023/2024;65;SALERNO;49;LIVORNO;M;9
2023/2024;15;MILANO;66;L'AQUILA;F;19
2023/2024;16;BERGAMO;83;MESSINA;M;5
2024/2025;108;MONZA E BRIANZA;52;SIENA;M;6
2023/2024;58;ROMA;27;VENEZIA;F;181
2023/2024;85;CALTANISSETTA;35;REGGIO EMILIA;F;12
2024/2025;76;POTENZA;73;TARANTO;M;7
2023/2024;69;CHIETI;54;PERUGIA;F;74
2023/2024;91;NUORO;36;MODENA;M;19
2023/2024;109;FERMO;16;BERGAMO;F;5
2024/2025;80;REGGIO CALABRIA;78;COSENZA;M;1194
2023/2024;96;BIELLA;5;ASTI;F;5
2023/2024;46;LUCCA;100;PRATO;M;7
2024/2025;30;UDINE;37;BOLOGNA;M;123
2024/2025;35;REGGIO EMILIA;10;GENOVA;M;5
2023/2024;28;PADOVA;63;NAPOLI;M;8
2023/2024;76;POTENZA;70;CAMPOBASSO;M;18
2024/2025;15;MILANO;22;TRENTO;F;49
2023/2024;15;MILANO;20;MANTOVA;F;7
2024/2025;37;BOLOGNA;43;MACERATA;F;17
2023/2024;72;BARI;66;L'AQUILA;F;72
2024/2025;82;PALERMO;41;PESARO E URBINO;F;15
2023/2024;91;NUORO;40;FORLI'-CESENA;F;17
2024/2025;23;VERONA;28;PADOVA;F;1724
2024/2025;17;BRESCIA;83;MESSINA;M;6
2024/2025;66;L'AQUILA;38;FERRARA;M;6
2024/2025;39;RAVENNA;42;ANCONA;M;15
2024/2025;17;BRESCIA;34;PARMA;M;244
2024/2025;89;SIRACUSA;66;L'AQUILA;F;21
2023/2024;87;CATANIA;58;ROMA;F;608
2024/2025;108;MONZA E BRIANZA;98;LODI;M;10
2023/2024;101;CROTONE;63;NAPOLI;M;20
2023/2024;22;TRENTO;10;GENOVA;F;11
2024/2025;46;LUCCA;46;LUCCA;M;20
2024/2025;59;LATINA;83;MESSINA;F;7
2024/2025;39;RAVENNA;33;PIACENZA;F;8
2023/2024;68;PESCARA;27;VENEZIA;M;17
2023/2024;998;PROVINCIA ESTERA;25;BELLUNO;F;5
2024/2025;40;FORLI'-CESENA;32;TRIESTE;F;9
2023/2024;83;MESSINA;1;TORINO;F;140
2023/2024;49;LIVORNO;27;VENEZIA;F;24
2024/2025;90;SASSARI;92;CAGLIARI;M;611
2024/2025;99;RIMINI;1;TORINO;F;8
2023/2024;999;PROVINCIA NON DEFINITA;85;CALTANISSETTA;M;46
2024/2025;44;ASCOLI PICENO;38;FERRARA;M;16
2023/2024;90;SASSARI;32;TRIESTE;F;16
2023/2024;54;PERUGIA;41;PESARO E URBINO;M;59
2023/2024;60;FROSINONE;15;MILANO;M;66
2023/2024;108;MONZA E BRIANZA;38;FERRARA;M;10
2023/2024;3;NOVARA;18;PAVIA;M;99
2024/2025;61;CASERTA;27;VENEZIA;F;18
2024/2025;43;MACERATA;15;MILANO;M;97
2024/2025;14;SONDRIO;27;VENEZIA;F;20
2023/2024;73;TARANTO;75;LECCE;M;629
2024/2025;998;PROVINCIA ESTERA;68;PESCARA;M;54
2023/2024;1;TORINO;65;SALERNO;F;6
2023/2024;44;ASCOLI PICENO;109;FERMO;M;43
2024/2025;4;CUNEO;23;VERONA;M;6
2024/2025;9;SAVONA;37;BOLOGNA;M;33
2024/2025;65;SALERNO;54;PERUGIA;F;208
2024/2025;56;VITERBO;43;MACERATA;M;9
2024/2025;80;REGGIO CALABRIA;33;PIACENZA;M;5
2023/2024;60;FROSINONE;41;PESARO E URBINO;F;10
2024/2025;65;SALERNO;73;TARANTO;M;12
2024/2025;71;FOGGIA;44;ASCOLI PICENO;F;18
2024/2025;85;CALTANISSETTA;16;BERGAMO;F;11
2023/2024;62;BENEVENTO;48;FIRENZE;F;61
2023/2024;18;PAVIA;83;MESSINA;F;7
2023/2024;88;RAGUSA;41;PESARO E URBINO;M;22
2023/2024;103;VERBANO CUSIO OSSOLA;34;PARMA;M;11
2024/2025;16;BERGAMO;34;PARMA;F;107
2023/2024;65;SALERNO;40;FORLI'-CESENA;M;28
2023/2024;44;ASCOLI PICENO;44;ASCOLI PICENO;F;403
2023/2024;10;GENOVA;52;SIENA;F;32
2023/2024;73;TARANTO;44;ASCOLI PICENO;M;5
2023/2024;2;VERCELLI;10;GENOVA;M;12
2023/2024;88;RAGUSA;59;LATINA;F;13
2024/2025;21;BOLZANO;38;FERRARA;F;99
2023/2024;4;CUNEO;4;CUNEO;M;437
2023/2024;62;BENEVENTO;41;PESARO E URBINO;F;18
2024/2025;84;AGRIGENTO;90;SASSARI;F;7
2023/2024;76;POTENZA;10;GENOVA;M;15
2023/2024;108;MONZA E BRIANZA;1;TORINO;M;34
2023/2024;65;SALERNO;54;PERUGIA;F;181
2023/2024;71;FOGGIA;36;MODENA;M;121
2023/2024;26;TREVISO;93;PORDENONE;M;125
2023/2024;19;CREMONA;97;LECCO;M;7
2024/2025;71;FOGGIA;15;MILANO;M;286
2024/2025;10;GENOVA;37;BOLOGNA;F;137
2024/2025;22;TRENTO;1;TORINO;M;28
2024/2025;111;SUD SARDEGNA;90;SASSARI;F;154
2024/2025;53;GROSSETO;15;MILANO;F;17
2023/2024;37;BOLOGNA;22;TRENTO;M;18
2023/2024;108;MONZA E BRIANZA;58;ROMA;M;32
2024/2025;22;TRENTO;17;BRESCIA;M;65
2023/2024;99;RIMINI;55;TERNI;F;5
2023/2024;97;LECCO;40;FORLI'-CESENA;F;7
2023/2024;79;CATANZARO;15;MILANO;F;318
2024/2025;999;PROVINCIA NON DEFINITA;69;CHIETI;M;25
2024/2025;91;NUORO;35;REGGIO EMILIA;F;9
2023/2024;40;FORLI'-CESENA;15;MILANO;M;121
2024/2025;57;RIETI;15;MILANO;M;25
2023/2024;28;PADOVA;58;ROMA;F;172
2023/2024;58;ROMA;92;CAGLIARI;M;17
2023/2024;39;RAVENNA;66;L'AQUILA;F;5
2024/2025;16;BERGAMO;15;MILANO;F;707
2024/2025;81;TRAPANI;22;TRENTO;F;32
2024/2025;1;TORINO;54;PERUGIA;M;20
2024/2025;44;ASCOLI PICENO;37;BOLOGNA;F;300
2024/2025;3;NOVARA;22;TRENTO;M;5
2023/2024;95;ORISTANO;52;SIENA;F;9
2023/2024;42;ANCONA;40;FORLI'-CESENA;M;79
2023/2024;86;ENNA;36;MODENA;F;8
2024/2025;110;BARLETTA - ANDRIA - TRANI;66;L'AQUILA;M;48
2024/2025;75;LECCE;99;RIMINI;F;9
2023/2024;34;PARMA;17;BRESCIA;F;10
2024/2025;75;LECCE;38;FERRARA;M;221
2024/2025;109;FERMO;15;MILANO;F;15
2024/2025;9;SAVONA;27;VENEZIA;M;6
2024/2025;109;FERMO;23;VERONA;F;8
2024/2025;66;L'AQUILA;18;PAVIA;F;21
2024/2025;67;TERAMO;43;MACERATA;F;293
2023/2024;83;MESSINA;10;GENOVA;F;20
2023/2024;40;FORLI'-CESENA;63;NAPOLI;M;9
2024/2025;92;CAGLIARI;92;CAGLIARI;M;4426
2023/2024;54;PERUGIA;28;PADOVA;F;93
2023/2024;108;MONZA E BRIANZA;15;MILANO;F;6847
2024/2025;44;ASCOLI PICENO;1;TORINO;M;27
2023/2024;24;VICENZA;1;TORINO;M;31
2024/2025;30;UDINE;34;PARMA;F;33
2023/2024;54;PERUGIA;1;TORINO;F;88
2024/2025;69;CHIETI;94;ISERNIA;M;16
2023/2024;65;SALERNO;48;FIRENZE;F;228
2024/2025;86;ENNA;66;L'AQUILA;F;7
2024/2025;52;SIENA;50;PISA;M;209
2024/2025;7;AOSTA;32;TRIESTE;F;7
2023/2024;50;PISA;28;PADOVA;F;46
2023/2024;16;BERGAMO;17;BRESCIA;M;770
2024/2025;92;CAGLIARI;90;SASSARI;F;161
2024/2025;66;L'AQUILA;27;VENEZIA;F;9
2023/2024;63;NAPOLI;62;BENEVENTO;F;38
2023/2024;64;AVELLINO;60;FROSINONE;M;7
2023/2024;40;FORLI'-CESENA;28;PADOVA;M;37
2024/2025;36;MODENA;39;RAVENNA;F;53
2024/2025;20;MANTOVA;40;FORLI'-CESENA;F;30
2023/2024;56;VITERBO;54;PERUGIA;M;102
2024/2025;16;BERGAMO;34;PARMA;M;44
2023/2024;22;TRENTO;43;MACERATA;F;6
2024/2025;97;LECCO;12;VARESE;M;49
2024/2025;65;SALERNO;76;POTENZA;M;156
2023/2024;66;L'AQUILA;70;CAMPOBASSO;M;10
2024/2025;64;AVELLINO;32;TRIESTE;F;13
2023/2024;18;PAVIA;34;PARMA;M;21
2023/2024;80;REGGIO CALABRIA;41;PESARO E URBINO;F;20
2024/2025;67;TERAMO;58;ROMA;F;480
2023/2024;43;MACERATA;38;FERRARA;F;43
2023/2024;30;UDINE;66;L'AQUILA;F;8
2024/2025;70;CAMPOBASSO;62;BENEVENTO;F;15
2023/2024;35;REGGIO EMILIA;20;MANTOVA;F;5
2023/2024;102;VIBO VALENTIA;10;GENOVA;F;7
2023/2024;47;PISTOIA;54;PERUGIA;F;25
2023/2024;70;CAMPOBASSO;48;FIRENZE;M;45
2024/2025;27;VENEZIA;90;SASSARI;M;5
2023/2024;33;PIACENZA;21;BOLZANO;F;6
2024/2025;96;BIELLA;36;MODENA;F;5
2023/2024;11;LA SPEZIA;27;VENEZIA;M;7
2023/2024;103;VERBANO CUSIO OSSOLA;18;PAVIA;M;166
2023/2024;998;PROVINCIA ESTERA;37;BOLOGNA;M;1049
2023/2024;33;PIACENZA;18;PAVIA;M;249
2023/2024;54;PERUGIA;38;FERRARA;F;25
2024/2025;20;MANTOVA;41;PESARO E URBINO;F;7
2023/2024;998;PROVINCIA ESTERA;66;L'AQUILA;M;390
2023/2024;26;TREVISO;28;PADOVA;M;3358
2023/2024;62;BENEVENTO;32;TRIESTE;F;6
2024/2025;12;VARESE;59;LATINA;F;5
2024/2025;6;ALESSANDRIA;16;BERGAMO;F;5
2023/2024;53;GROSSETO;100;PRATO;F;10
2023/2024;88;RAGUSA;35;REGGIO EMILIA;F;14
2024/2025;5;ASTI;58;ROMA;F;19
2024/2025;59;LATINA;1;TORINO;F;38
2023/2024;92;CAGLIARI;41;PESARO E URBINO;F;10
2024/2025;85;CALTANISSETTA;38;FERRARA;M;36
2023/2024;16;BERGAMO;19;CREMONA;M;11
2024/2025;15;MILANO;82;PALERMO;M;5
2024/2025;26;TREVISO;25;BELLUNO;F;48
2024/2025;17;BRESCIA;17;BRESCIA;F;7780
2024/2025;75;LECCE;48;FIRENZE;M;150
2024/2025;998;PROVINCIA ESTERA;92;CAGLIARI;F;133
2024/2025;30;UDINE;48;FIRENZE;F;53
2023/2024;999;PROVINCIA NON DEFINITA;78;COSENZA;F;84
2023/2024;53;GROSSETO;54;PERUGIA;F;86
2024/2025;71;FOGGIA;28;PADOVA;F;82
2024/2025;90;SASSARI;11;LA SPEZIA;F;5
2023/2024;72;BARI;55;TERNI;F;9
2023/2024;66;L'AQUILA;28;PADOVA;F;24
2024/2025;13;COMO;63;NAPOLI;F;5
2023/2024;90;SASSARI;16;BERGAMO;M;9
2024/2025;70;CAMPOBASSO;42;ANCONA;F;77
2024/2025;39;RAVENNA;28;PADOVA;M;48
2024/2025;65;SALERNO;71;FOGGIA;M;23
2024/2025;15;MILANO;7;AOSTA;F;5
2023/2024;89;SIRACUSA;83;MESSINA;M;329
2024/2025;45;MASSA CARRARA;15;MILANO;M;33
2023/2024;44;ASCOLI PICENO;28;PADOVA;F;61
2023/2024;88;RAGUSA;22;TRENTO;M;7
2024/2025;110;BARLETTA - ANDRIA - TRANI;58;ROMA;M;166
2024/2025;73;TARANTO;58;ROMA;F;908
2024/2025;998;PROVINCIA ESTERA;51;AREZZO;F;29
2024/2025;64;AVELLINO;69;CHIETI;F;154
2023/2024;39;RAVENNA;99;RIMINI;M;98
2023/2024;33;PIACENZA;36;MODENA;M;23
2024/2025;41;PESARO E URBINO;1;TORINO;M;21
2023/2024;23;VERONA;31;GORIZIA;F;8
2023/2024;58;ROMA;44;ASCOLI PICENO;M;9
2024/2025;54;PERUGIA;63;NAPOLI;F;23
2024/2025;31;GORIZIA;22;TRENTO;M;9
2024/2025;47;PISTOIA;35;REGGIO EMILIA;F;6
2024/2025;110;BARLETTA - ANDRIA - TRANI;70;CAMPOBASSO;F;54
2023/2024;92;CAGLIARI;91;NUORO;F;15
2023/2024;9;SAVONA;11;LA SPEZIA;M;6
2024/2025;69;CHIETI;50;PISA;F;47
2023/2024;15;MILANO;83;MESSINA;M;9
2023/2024;66;L'AQUILA;41;PESARO E URBINO;M;7
2023/2024;76;POTENZA;37;BOLOGNA;M;195
2024/2025;1;TORINO;79;CATANZARO;F;15
2023/2024;998;PROVINCIA ESTERA;61;CASERTA;M;250
2023/2024;52;SIENA;23;VERONA;M;5
2023/2024;43;MACERATA;35;REGGIO EMILIA;M;9
2024/2025;37;BOLOGNA;42;ANCONA;M;13
2023/2024;7;AOSTA;16;BERGAMO;F;5
2023/2024;20;MANTOVA;33;PIACENZA;F;18
2023/2024;65;SALERNO;43;MACERATA;F;32
2024/2025;35;REGGIO EMILIA;17;BRESCIA;F;6
2023/2024;19;CREMONA;33;PIACENZA;F;5
2024/2025;77;MATERA;50;PISA;M;92
2024/2025;102;VIBO VALENTIA;34;PARMA;M;18
2023/2024;999;PROVINCIA NON DEFINITA;1;TORINO;M;2310
2024/2025;25;BELLUNO;58;ROMA;F;52
2023/2024;42;ANCONA;66;L'AQUILA;M;20
2023/2024;69;CHIETI;72;BARI;M;6
2023/2024;18;PAVIA;3;NOVARA;M;108
2024/2025;80;REGGIO CALABRIA;58;ROMA;F;878
2024/2025;108;MONZA E BRIANZA;41;PESARO E URBINO;F;10
2023/2024;109;FERMO;67;TERAMO;M;16
2024/2025;109;FERMO;52;SIENA;F;18
2024/2025;42;ANCONA;1;TORINO;F;31
2023/2024;13;COMO;37;BOLOGNA;F;49
2024/2025;41;PESARO E URBINO;109;FERMO;F;17
2023/2024;16;BERGAMO;1;TORINO;F;17
2024/2025;110;BARLETTA - ANDRIA - TRANI;28;PADOVA;F;44
2024/2025;75;LECCE;32;TRIESTE;M;17
2023/2024;85;CALTANISSETTA;54;PERUGIA;M;19
2023/2024;15;MILANO;79;CATANZARO;M;7
2023/2024;24;VICENZA;54;PERUGIA;F;32
2024/2025;33;PIACENZA;15;MILANO;M;275
2024/2025;110;BARLETTA - ANDRIA - TRANI;41;PESARO E URBINO;M;15
2024/2025;99;RIMINI;54;PERUGIA;F;24
2024/2025;75;LECCE;73;TARANTO;M;7
2024/2025;42;ANCONA;34;PARMA;M;24
2023/2024;101;CROTONE;40;FORLI'-CESENA;M;6
2024/2025;99;RIMINI;30;UDINE;F;6
2024/2025;75;LECCE;56;VITERBO;F;26
2024/2025;71;FOGGIA;65;SALERNO;F;19
2024/2025;72;BARI;42;ANCONA;M;8
2023/2024;83;MESSINA;37;BOLOGNA;F;178
2024/2025;1;TORINO;30;UDINE;F;8
2024/2025;79;CATANZARO;87;CATANIA;F;8
2023/2024;999;PROVINCIA NON DEFINITA;48;FIRENZE;F;163
2023/2024;75;LECCE;1;TORINO;F;383
2023/2024;36;MODENA;63;NAPOLI;M;10
2023/2024;12;VARESE;92;CAGLIARI;F;5
2023/2024;70;CAMPOBASSO;27;VENEZIA;M;6
2023/2024;89;SIRACUSA;22;TRENTO;M;10
2024/2025;23;VERONA;35;REGGIO EMILIA;F;38
2024/2025;16;BERGAMO;78;COSENZA;F;6
2023/2024;64;AVELLINO;62;BENEVENTO;F;495
2023/2024;69;CHIETI;23;VERONA;F;14
2023/2024;58;ROMA;17;BRESCIA;F;23
2023/2024;20;MANTOVA;24;VICENZA;F;11
2023/2024;30;UDINE;93;PORDENONE;M;147
2024/2025;61;CASERTA;50;PISA;M;52
2024/2025;37;BOLOGNA;58;ROMA;M;104
2024/2025;38;FERRARA;36;MODENA;F;97
2023/2024;19;CREMONA;92;CAGLIARI;M;6
2023/2024;63;NAPOLI;29;ROVIGO;F;14
2024/2025;25;BELLUNO;93;PORDENONE;M;16
2023/2024;14;SONDRIO;16;BERGAMO;F;118
2024/2025;90;SASSARI;15;MILANO;M;22
2023/2024;999;PROVINCIA NON DEFINITA;38;FERRARA;F;26
2024/2025;998;PROVINCIA ESTERA;87;CATANIA;M;332
2023/2024;61;CASERTA;41;PESARO E URBINO;M;11
2024/2025;99;RIMINI;15;MILANO;M;79
2023/2024;30;UDINE;99;RIMINI;F;7
2023/2024;27;VENEZIA;52;SIENA;F;21
2023/2024;48;FIRENZE;22;TRENTO;M;29
2023/2024;8;IMPERIA;34;PARMA;M;14
2023/2024;998;PROVINCIA ESTERA;17;BRESCIA;F;339
2024/2025;60;FROSINONE;61;CASERTA;M;18
2024/2025;101;CROTONE;83;MESSINA;F;24
2024/2025;81;TRAPANI;40;FORLI'-CESENA;F;12
2024/2025;34;PARMA;54;PERUGIA;F;21
2024/2025;92;CAGLIARI;58;ROMA;F;240
2024/2025;52;SIENA;41;PESARO E URBINO;F;6
2023/2024;999;PROVINCIA NON DEFINITA;27;VENEZIA;M;69
2023/2024;52;SIENA;58;ROMA;M;81
2024/2025;75;LECCE;67;TERAMO;M;9
2023/2024;71;FOGGIA;79;CATANZARO;F;5
2023/2024;100;PRATO;15;MILANO;M;56
2024/2025;13;COMO;97;LECCO;F;17
2023/2024;41;PESARO E URBINO;16;BERGAMO;F;7
2024/2025;73;TARANTO;73;TARANTO;M;212
2024/2025;10;GENOVA;23;VERONA;M;6
2024/2025;65;SALERNO;10;GENOVA;M;36
2024/2025;23;VERONA;63;NAPOLI;M;13
2023/2024;66;L'AQUILA;40;FORLI'-CESENA;F;8
2024/2025;108;MONZA E BRIANZA;98;LODI;F;65
2023/2024;75;LECCE;79;CATANZARO;F;36
2023/2024;36;MODENA;15;MILANO;F;222
2024/2025;72;BARI;10;GENOVA;F;22
2023/2024;85;CALTANISSETTA;63;NAPOLI;F;20
2024/2025;35;REGGIO EMILIA;50;PISA;M;13
2023/2024;20;MANTOVA;48;FIRENZE;M;11
2024/2025;110;BARLETTA - ANDRIA - TRANI;43;MACERATA;M;14
2024/2025;110;BARLETTA - ANDRIA - TRANI;63;NAPOLI;F;65
2023/2024;9;SAVONA;52;SIENA;M;5
2023/2024;25;BELLUNO;32;TRIESTE;F;213
2024/2025;40;FORLI'-CESENA;22;TRENTO;M;23
2024/2025;43;MACERATA;23;VERONA;M;12
2023/2024;99;RIMINI;36;MODENA;M;50
2024/2025;26;TREVISO;34;PARMA;F;146
2024/2025;26;TREVISO;36;MODENA;M;36
2024/2025;58;ROMA;94;ISERNIA;M;13
2024/2025;8;IMPERIA;16;BERGAMO;F;6
2024/2025;50;PISA;15;MILANO;F;19
2023/2024;66;L'AQUILA;37;BOLOGNA;M;104
2024/2025;3;NOVARA;1;TORINO;M;85
2023/2024;83;MESSINA;85;CALTANISSETTA;F;9
2024/2025;74;BRINDISI;75;LECCE;M;1044
2024/2025;72;BARI;39;RAVENNA;M;10
2023/2024;57;RIETI;52;SIENA;F;16
2024/2025;25;BELLUNO;50;PISA;F;10
2023/2024;65;SALERNO;27;VENEZIA;M;30
2024/2025;998;PROVINCIA ESTERA;11;LA SPEZIA;M;29
2023/2024;78;COSENZA;27;VENEZIA;M;10
2024/2025;22;TRENTO;22;TRENTO;F;3188
2023/2024;64;AVELLINO;28;PADOVA;M;25
2023/2024;37;BOLOGNA;22;TRENTO;F;23
2023/2024;73;TARANTO;108;MONZA E BRIANZA;F;5
2024/2025;33;PIACENZA;19;CREMONA;M;24
2023/2024;61;CASERTA;59;LATINA;M;29
2024/2025;97;LECCO;39;RAVENNA;F;6
2023/2024;36;MODENA;55;TERNI;F;9
2024/2025;63;NAPOLI;67;TERAMO;F;11
2024/2025;98;LODI;34;PARMA;M;186
2024/2025;71;FOGGIA;66;L'AQUILA;F;77
2024/2025;92;CAGLIARI;40;FORLI'-CESENA;F;22
2023/2024;97;LECCO;98;LODI;F;16
2023/2024;74;BRINDISI;73;TARANTO;M;37
2023/2024;60;FROSINONE;1;TORINO;M;60
2023/2024;68;PESCARA;12;VARESE;F;5
2024/2025;22;TRENTO;38;FERRARA;F;295
2024/2025;75;LECCE;3;NOVARA;M;8
2023/2024;54;PERUGIA;23;VERONA;M;6
2024/2025;73;TARANTO;77;MATERA;F;236
2023/2024;73;TARANTO;49;LIVORNO;F;5
2023/2024;9;SAVONA;54;PERUGIA;M;6
2023/2024;20;MANTOVA;38;FERRARA;F;233
2023/2024;49;LIVORNO;51;AREZZO;M;7
2023/2024;28;PADOVA;15;MILANO;F;60
2023/2024;81;TRAPANI;15;MILANO;M;197
2023/2024;54;PERUGIA;56;VITERBO;F;30
2023/2024;48;FIRENZE;10;GENOVA;M;13
2024/2025;23;VERONA;30;UDINE;M;14
2024/2025;19;CREMONA;34;PARMA;F;785
2023/2024;2;VERCELLI;6;ALESSANDRIA;M;129
2023/2024;9;SAVONA;37;BOLOGNA;F;58
2023/2024;90;SASSARI;104;OLBIA-TEMPIO;M;8
2023/2024;30;UDINE;39;RAVENNA;F;5
2024/2025;44;ASCOLI PICENO;41;PESARO E URBINO;F;152
2024/2025;21;BOLZANO;16;BERGAMO;M;5
2023/2024;18;PAVIA;32;TRIESTE;F;7
2024/2025;36;MODENA;48;FIRENZE;M;40
2024/2025;81;TRAPANI;38;FERRARA;M;120
2023/2024;24;VICENZA;17;BRESCIA;M;16
2023/2024;65;SALERNO;48;FIRENZE;M;165
2024/2025;58;ROMA;67;TERAMO;M;70
2024/2025;102;VIBO VALENTIA;36;MODENA;F;10
2024/2025;95;ORISTANO;1;TORINO;M;32
2023/2024;32;TRIESTE;50;PISA;F;11
2023/2024;31;GORIZIA;1;TORINO;F;18
2024/2025;59;LATINA;41;PESARO E URBINO;M;12
2023/2024;63;NAPOLI;4;CUNEO;M;16
2023/2024;58;ROMA;90;SASSARI;M;15
2024/2025;111;SUD SARDEGNA;50;PISA;M;29
2023/2024;71;FOGGIA;1;TORINO;M;78
2024/2025;47;PISTOIA;28;PADOVA;F;31
2023/2024;15;MILANO;72;BARI;M;7
2024/2025;72;BARI;15;MILANO;M;152
2024/2025;999;PROVINCIA NON DEFINITA;73;TARANTO;F;12
2024/2025;102;VIBO VALENTIA;48;FIRENZE;M;47
2023/2024;13;COMO;97;LECCO;F;21
2024/2025;44;ASCOLI PICENO;23;VERONA;F;16
2024/2025;110;BARLETTA - ANDRIA - TRANI;66;L'AQUILA;F;32
2024/2025;78;COSENZA;72;BARI;F;8
2024/2025;56;VITERBO;37;BOLOGNA;M;33
2024/2025;88;RAGUSA;52;SIENA;M;37
2023/2024;110;BARLETTA - ANDRIA - TRANI;68;PESCARA;F;21
2023/2024;98;LODI;58;ROMA;M;8
2023/2024;75;LECCE;10;GENOVA;F;21
2024/2025;67;TERAMO;58;ROMA;M;285
2024/2025;53;GROSSETO;36;MODENA;M;9
2023/2024;98;LODI;33;PIACENZA;F;128
2024/2025;98;LODI;28;PADOVA;F;8
2024/2025;46;LUCCA;58;ROMA;M;46
2023/2024;78;COSENZA;15;MILANO;M;250
2023/2024;27;VENEZIA;32;TRIESTE;M;503
2023/2024;46;LUCCA;11;LA SPEZIA;M;28
2024/2025;109;FERMO;35;REGGIO EMILIA;F;11
2024/2025;28;PADOVA;44;ASCOLI PICENO;F;5
2024/2025;3;NOVARA;90;SASSARI;M;5
2023/2024;62;BENEVENTO;71;FOGGIA;F;22
2024/2025;81;TRAPANI;41;PESARO E URBINO;F;23
2024/2025;998;PROVINCIA ESTERA;18;PAVIA;M;1377
2023/2024;84;AGRIGENTO;37;BOLOGNA;M;104
2023/2024;91;NUORO;52;SIENA;F;35
2023/2024;98;LODI;28;PADOVA;F;6
2024/2025;10;GENOVA;12;VARESE;F;8
2024/2025;46;LUCCA;35;REGGIO EMILIA;F;9
2024/2025;102;VIBO VALENTIA;16;BERGAMO;M;5
2023/2024;58;ROMA;68;PESCARA;M;8
2023/2024;59;LATINA;63;NAPOLI;F;502
2023/2024;66;L'AQUILA;52;SIENA;F;36
2024/2025;54;PERUGIA;39;RAVENNA;F;8
2024/2025;17;BRESCIA;21;BOLZANO;F;21
2024/2025;998;PROVINCIA ESTERA;35;REGGIO EMILIA;F;159
2024/2025;5;ASTI;4;CUNEO;M;6
2024/2025;59;LATINA;69;CHIETI;F;57
2023/2024;45;MASSA CARRARA;15;MILANO;M;55
2024/2025;37;BOLOGNA;22;TRENTO;F;19
2024/2025;87;CATANIA;49;LIVORNO;M;9
2023/2024;15;MILANO;18;PAVIA;M;1944
2023/2024;61;CASERTA;36;MODENA;F;16
2024/2025;110;BARLETTA - ANDRIA - TRANI;1;TORINO;F;60
2024/2025;15;MILANO;16;BERGAMO;M;686
2024/2025;29;ROVIGO;36;MODENA;F;8
2023/2024;108;MONZA E BRIANZA;13;COMO;M;45
2024/2025;74;BRINDISI;66;L'AQUILA;M;45
2023/2024;101;CROTONE;41;PESARO E URBINO;F;9
2023/2024;26;TREVISO;10;GENOVA;M;6
2023/2024;999;PROVINCIA NON DEFINITA;82;PALERMO;F;2425
2023/2024;44;ASCOLI PICENO;22;TRENTO;F;20
2023/2024;43;MACERATA;48;FIRENZE;F;59
2024/2025;21;BOLZANO;48;FIRENZE;F;79
2023/2024;33;PIACENZA;19;CREMONA;M;34
2023/2024;99;RIMINI;42;ANCONA;F;110
2023/2024;44;ASCOLI PICENO;69;CHIETI;M;102
2023/2024;93;PORDENONE;40;FORLI'-CESENA;M;9
2024/2025;16;BERGAMO;12;VARESE;M;17
2023/2024;83;MESSINA;66;L'AQUILA;M;46
2023/2024;86;ENNA;35;REGGIO EMILIA;F;5
2023/2024;66;L'AQUILA;57;RIETI;M;9
2024/2025;39;RAVENNA;63;NAPOLI;M;5
2024/2025;110;BARLETTA - ANDRIA - TRANI;75;LECCE;F;23
2024/2025;37;BOLOGNA;99;RIMINI;F;215
2023/2024;96;BIELLA;27;VENEZIA;M;7
2024/2025;32;TRIESTE;54;PERUGIA;M;8
2023/2024;1;TORINO;32;TRIESTE;M;14
2024/2025;19;CREMONA;16;BERGAMO;F;375
2023/2024;11;LA SPEZIA;54;PERUGIA;F;18
2024/2025;52;SIENA;63;NAPOLI;M;8
2023/2024;75;LECCE;75;LECCE;M;4633
2024/2025;4;CUNEO;42;ANCONA;F;5
2023/2024;998;PROVINCIA ESTERA;82;PALERMO;F;312
2024/2025;54;PERUGIA;1;TORINO;M;93
2024/2025;16;BERGAMO;17;BRESCIA;M;804
2024/2025;81;TRAPANI;15;MILANO;F;35
2023/2024;59;LATINA;83;MESSINA;F;6
2024/2025;74;BRINDISI;79;CATANZARO;F;15
2024/2025;74;BRINDISI;63;NAPOLI;M;39
2024/2025;27;VENEZIA;27;VENEZIA;M;2097
2023/2024;73;TARANTO;32;TRIESTE;F;33
2024/2025;99;RIMINI;39;RAVENNA;M;70
2024/2025;40;FORLI'-CESENA;30;UDINE;F;5
2023/2024;76;POTENZA;75;LECCE;M;8
2023/2024;1;TORINO;48;FIRENZE;M;32
2023/2024;65;SALERNO;58;ROMA;M;954
2023/2024;96;BIELLA;18;PAVIA;M;39
2023/2024;32;TRIESTE;18;PAVIA;M;5
2024/2025;55;TERNI;27;VENEZIA;M;7
2024/2025;35;REGGIO EMILIA;16;BERGAMO;M;5
2023/2024;48;FIRENZE;37;BOLOGNA;F;431
2024/2025;67;TERAMO;109;FERMO;F;19
2024/2025;27;VENEZIA;93;PORDENONE;F;39
2024/2025;90;SASSARI;56;VITERBO;F;7
2024/2025;88;RAGUSA;59;LATINA;M;6
2024/2025;108;MONZA E BRIANZA;3;NOVARA;M;11
2023/2024;27;VENEZIA;30;UDINE;M;208
2023/2024;30;UDINE;31;GORIZIA;F;320
2023/2024;70;CAMPOBASSO;18;PAVIA;M;16
2024/2025;59;LATINA;48;FIRENZE;M;53
2023/2024;79;CATANZARO;66;L'AQUILA;F;17
2023/2024;67;TERAMO;63;NAPOLI;M;7
2023/2024;80;REGGIO CALABRIA;50;PISA;M;164
2024/2025;47;PISTOIA;58;ROMA;F;88
2023/2024;50;PISA;36;MODENA;F;6
2024/2025;109;FERMO;68;PESCARA;F;11
2024/2025;37;BOLOGNA;27;VENEZIA;F;106
2023/2024;84;AGRIGENTO;36;MODENA;M;37
2024/2025;101;CROTONE;15;MILANO;F;133
2023/2024;56;VITERBO;22;TRENTO;M;7
2024/2025;22;TRENTO;39;RAVENNA;F;12
2024/2025;80;REGGIO CALABRIA;48;FIRENZE;F;120
2023/2024;36;MODENA;90;SASSARI;F;6
2024/2025;9;SAVONA;9;SAVONA;M;256
2023/2024;46;LUCCA;1;TORINO;M;26
2024/2025;64;AVELLINO;16;BERGAMO;F;11
2023/2024;63;NAPOLI;30;UDINE;F;24
2024/2025;109;FERMO;44;ASCOLI PICENO;M;54
2024/2025;76;POTENZA;78;COSENZA;F;69
2024/2025;12;VARESE;6;ALESSANDRIA;F;10
2023/2024;89;SIRACUSA;86;ENNA;F;357
2024/2025;65;SALERNO;78;COSENZA;M;27
2024/2025;39;RAVENNA;50;PISA;M;12
2023/2024;69;CHIETI;58;ROMA;M;398
2024/2025;66;L'AQUILA;63;NAPOLI;M;17
2024/2025;12;VARESE;27;VENEZIA;F;88
2023/2024;30;UDINE;15;MILANO;F;82
2024/2025;22;TRENTO;15;MILANO;M;211
2024/2025;34;PARMA;19;CREMONA;M;5
2023/2024;20;MANTOVA;1;TORINO;F;7
2024/2025;22;TRENTO;31;GORIZIA;F;7
2024/2025;86;ENNA;32;TRIESTE;F;6
2024/2025;998;PROVINCIA ESTERA;77;MATERA;M;7
2023/2024;102;VIBO VALENTIA;83;MESSINA;M;104
2024/2025;16;BERGAMO;11;LA SPEZIA;M;5
2024/2025;1;TORINO;48;FIRENZE;M;40
2023/2024;89;SIRACUSA;43;MACERATA;F;11
2023/2024;20;MANTOVA;16;BERGAMO;M;8
2024/2025;12;VARESE;1;TORINO;F;13
2024/2025;84;AGRIGENTO;17;BRESCIA;F;10
2024/2025;95;ORISTANO;1;TORINO;F;12
2023/2024;48;FIRENZE;23;VERONA;F;25
2023/2024;77;MATERA;52;SIENA;M;67
2023/2024;6;ALESSANDRIA;32;TRIESTE;M;5
2024/2025;58;ROMA;35;REGGIO EMILIA;M;22
2024/2025;21;BOLZANO;35;REGGIO EMILIA;F;5
2024/2025;32;TRIESTE;31;GORIZIA;M;88
2023/2024;63;NAPOLI;68;PESCARA;M;23
2024/2025;72;BARI;52;SIENA;M;33
2024/2025;67;TERAMO;32;TRIESTE;F;7
2023/2024;108;MONZA E BRIANZA;33;PIACENZA;M;12
2024/2025;63;NAPOLI;26;TREVISO;M;11
2023/2024;74;BRINDISI;1;TORINO;M;218
2024/2025;85;CALTANISSETTA;54;PERUGIA;M;19
2024/2025;46;LUCCA;23;VERONA;F;6
2023/2024;35;REGGIO EMILIA;15;MILANO;M;108
2024/2025;7;AOSTA;15;MILANO;M;68
2024/2025;39;RAVENNA;27;VENEZIA;F;71
2023/2024;44;ASCOLI PICENO;54;PERUGIA;F;118
2024/2025;78;COSENZA;80;REGGIO CALABRIA;M;62
2024/2025;87;CATANIA;40;FORLI'-CESENA;M;21
2023/2024;108;MONZA E BRIANZA;27;VENEZIA;F;51
2024/2025;65;SALERNO;24;VICENZA;M;7
2023/2024;81;TRAPANI;6;ALESSANDRIA;F;9
2024/2025;74;BRINDISI;37;BOLOGNA;M;132
2023/2024;24;VICENZA;28;PADOVA;M;3946
2024/2025;11;LA SPEZIA;28;PADOVA;M;13
2023/2024;78;COSENZA;72;BARI;M;85
2024/2025;18;PAVIA;27;VENEZIA;M;14
2024/2025;62;BENEVENTO;94;ISERNIA;M;9
2023/2024;111;SUD SARDEGNA;41;PESARO E URBINO;F;10
2024/2025;32;TRIESTE;30;UDINE;M;113
2023/2024;84;AGRIGENTO;19;CREMONA;M;6
2023/2024;89;SIRACUSA;1;TORINO;M;189
2023/2024;19;CREMONA;48;FIRENZE;F;15
2023/2024;27;VENEZIA;21;BOLZANO;M;7
2023/2024;50;PISA;37;BOLOGNA;F;82
2024/2025;87;CATANIA;1;TORINO;F;250
2024/2025;49;LIVORNO;52;SIENA;M;50
2024/2025;63;NAPOLI;99;RIMINI;F;14
2024/2025;998;PROVINCIA ESTERA;20;MANTOVA;F;7
2024/2025;102;VIBO VALENTIA;28;PADOVA;F;15
2023/2024;65;SALERNO;32;TRIESTE;M;22
2023/2024;59;LATINA;70;CAMPOBASSO;F;12
2024/2025;55;TERNI;36;MODENA;M;23
2024/2025;30;UDINE;54;PERUGIA;F;18
2024/2025;12;VARESE;32;TRIESTE;F;18
2024/2025;4;CUNEO;37;BOLOGNA;M;40
2024/2025;43;MACERATA;44;ASCOLI PICENO;M;119
2023/2024;87;CATANIA;26;TREVISO;M;5
2023/2024;21;BOLZANO;69;CHIETI;F;7
2024/2025;61;CASERTA;40;FORLI'-CESENA;M;10
2024/2025;72;BARI;68;PESCARA;F;41
2023/2024;65;SALERNO;60;FROSINONE;F;44
2023/2024;95;ORISTANO;28;PADOVA;M;25
2024/2025;18;PAVIA;33;PIACENZA;M;38
2023/2024;47;PISTOIA;41;PESARO E URBINO;F;10
2024/2025;16;BERGAMO;16;BERGAMO;M;4444
2023/2024;74;BRINDISI;19;CREMONA;F;5
2023/2024;35;REGGIO EMILIA;23;VERONA;M;24
2023/2024;35;REGGIO EMILIA;52;SIENA;F;18
2024/2025;84;AGRIGENTO;60;FROSINONE;F;6
2024/2025;101;CROTONE;79;CATANZARO;M;325
2023/2024;92;CAGLIARI;35;REGGIO EMILIA;F;6
2023/2024;41;PESARO E URBINO;99;RIMINI;F;112
2024/2025;89;SIRACUSA;27;VENEZIA;F;20
2023/2024;87;CATANIA;18;PAVIA;F;82
2023/2024;3;NOVARA;48;FIRENZE;M;13
2024/2025;57;RIETI;42;ANCONA;F;6
2024/2025;65;SALERNO;59;LATINA;M;15
2024/2025;87;CATANIA;36;MODENA;M;44
2023/2024;1;TORINO;2;VERCELLI;M;39
2023/2024;13;COMO;63;NAPOLI;F;9
2024/2025;71;FOGGIA;99;RIMINI;F;16
2023/2024;60;FROSINONE;65;SALERNO;M;5
2023/2024;95;ORISTANO;58;ROMA;F;76
2024/2025;61;CASERTA;16;BERGAMO;M;25
2024/2025;8;IMPERIA;38;FERRARA;M;10
2023/2024;64;AVELLINO;48;FIRENZE;F;112
2024/2025;83;MESSINA;82;PALERMO;M;501
2023/2024;66;L'AQUILA;63;NAPOLI;F;34
2023/2024;111;SUD SARDEGNA;54;PERUGIA;M;6
2024/2025;75;LECCE;54;PERUGIA;M;64
2023/2024;103;VERBANO CUSIO OSSOLA;50;PISA;F;5
2024/2025;102;VIBO VALENTIA;43;MACERATA;M;5
2023/2024;41;PESARO E URBINO;42;ANCONA;M;558
2023/2024;65;SALERNO;17;BRESCIA;M;13
2023/2024;11;LA SPEZIA;11;LA SPEZIA;F;259
2024/2025;99;RIMINI;48;FIRENZE;F;51
2024/2025;91;NUORO;40;FORLI'-CESENA;M;9
2024/2025;998;PROVINCIA ESTERA;63;NAPOLI;M;771
2024/2025;21;BOLZANO;23;VERONA;F;240
2023/2024;71;FOGGIA;23;VERONA;F;21
2024/2025;90;SASSARI;58;ROMA;F;266
2023/2024;28;PADOVA;35;REGGIO EMILIA;M;14
2023/2024;76;POTENZA;33;PIACENZA;M;7
2023/2024;999;PROVINCIA NON DEFINITA;83;MESSINA;M;142
2023/2024;94;ISERNIA;58;ROMA;M;126
2023/2024;73;TARANTO;74;BRINDISI;M;18
2024/2025;62;BENEVENTO;69;CHIETI;F;128
2023/2024;15;MILANO;23;VERONA;F;40
2023/2024;56;VITERBO;27;VENEZIA;M;5
2024/2025;81;TRAPANI;48;FIRENZE;M;57
2024/2025;74;BRINDISI;32;TRIESTE;F;23
2024/2025;64;AVELLINO;37;BOLOGNA;M;104
2024/2025;89;SIRACUSA;43;MACERATA;F;12
2023/2024;50;PISA;55;TERNI;M;8
2023/2024;79;CATANZARO;1;TORINO;F;22
2023/2024;27;VENEZIA;19;CREMONA;M;5
2024/2025;6;ALESSANDRIA;48;FIRENZE;F;20
2024/2025;15;MILANO;56;VITERBO;F;5
2024/2025;72;BARI;40;FORLI'-CESENA;M;30
2023/2024;72;BARI;28;PADOVA;F;142
2023/2024;47;PISTOIA;27;VENEZIA;M;11
2023/2024;63;NAPOLI;40;FORLI'-CESENA;F;44
2024/2025;2;VERCELLI;1;TORINO;M;147
2024/2025;65;SALERNO;39;RAVENNA;F;14
2023/2024;52;SIENA;37;BOLOGNA;M;119
2023/2024;59;LATINA;23;VERONA;M;8
2024/2025;86;ENNA;34;PARMA;F;13
2024/2025;20;MANTOVA;37;BOLOGNA;F;338
2024/2025;93;PORDENONE;23;VERONA;F;81
2023/2024;40;FORLI'-CESENA;67;TERAMO;M;6
2023/2024;998;PROVINCIA ESTERA;63;NAPOLI;M;582
2024/2025;27;VENEZIA;43;MACERATA;F;9
2024/2025;15;MILANO;2;VERCELLI;F;114
2023/2024;9;SAVONA;23;VERONA;F;8
2023/2024;83;MESSINA;32;TRIESTE;M;20
2024/2025;2;VERCELLI;37;BOLOGNA;M;9
2023/2024;11;LA SPEZIA;28;PADOVA;F;22
2023/2024;23;VERONA;59;LATINA;F;9
2024/2025;78;COSENZA;18;PAVIA;F;66
2023/2024;66;L'AQUILA;42;ANCONA;F;22
2023/2024;23;VERONA;41;PESARO E URBINO;M;11
2023/2024;32;TRIESTE;27;VENEZIA;M;69
2023/2024;59;LATINA;18;PAVIA;F;16
2023/2024;99;RIMINI;37;BOLOGNA;M;1063
2024/2025;51;AREZZO;1;TORINO;M;22
2023/2024;62;BENEVENTO;83;MESSINA;F;5
2023/2024;36;MODENA;28;PADOVA;M;84
2024/2025;48;FIRENZE;51;AREZZO;M;31
2023/2024;79;CATANZARO;80;REGGIO CALABRIA;M;69
2024/2025;65;SALERNO;43;MACERATA;M;21
2023/2024;20;MANTOVA;58;ROMA;F;46
2023/2024;15;MILANO;19;CREMONA;M;26
2023/2024;88;RAGUSA;1;TORINO;M;261
2023/2024;34;PARMA;70;CAMPOBASSO;F;6
2024/2025;48;FIRENZE;15;MILANO;F;102
2024/2025;76;POTENZA;69;CHIETI;M;98
2023/2024;79;CATANZARO;38;FERRARA;F;23
2024/2025;58;ROMA;18;PAVIA;M;45
2023/2024;48;FIRENZE;51;AREZZO;M;28
2024/2025;75;LECCE;78;COSENZA;M;9
2024/2025;86;ENNA;34;PARMA;M;5
2023/2024;76;POTENZA;37;BOLOGNA;F;229
2024/2025;25;BELLUNO;28;PADOVA;M;470
2023/2024;48;FIRENZE;27;VENEZIA;M;34
2024/2025;50;PISA;34;PARMA;F;13
2024/2025;77;MATERA;34;PARMA;M;78
2023/2024;25;BELLUNO;27;VENEZIA;F;238
2023/2024;89;SIRACUSA;35;REGGIO EMILIA;M;14
2023/2024;19;CREMONA;36;MODENA;M;25
2023/2024;61;CASERTA;50;PISA;M;45
2024/2025;86;ENNA;28;PADOVA;F;23
2023/2024;33;PIACENZA;22;TRENTO;M;15
2023/2024;16;BERGAMO;54;PERUGIA;F;42
2023/2024;59;LATINA;94;ISERNIA;M;10
2023/2024;1;TORINO;90;SASSARI;M;10
2023/2024;84;AGRIGENTO;34;PARMA;F;151
2024/2025;27;VENEZIA;82;PALERMO;M;5
2024/2025;54;PERUGIA;23;VERONA;F;10
2023/2024;95;ORISTANO;38;FERRARA;F;8
2024/2025;63;NAPOLI;19;CREMONA;M;6
2023/2024;66;L'AQUILA;28;PADOVA;M;16
2024/2025;26;TREVISO;30;UDINE;M;737
2024/2025;53;GROSSETO;41;PESARO E URBINO;F;5
2024/2025;55;TERNI;43;MACERATA;F;25
2023/2024;50;PISA;46;LUCCA;F;34
2024/2025;85;CALTANISSETTA;3;NOVARA;M;16
2023/2024;88;RAGUSA;36;MODENA;F;24
2023/2024;2;VERCELLI;15;MILANO;F;29
2024/2025;11;LA SPEZIA;10;GENOVA;F;418
2023/2024;75;LECCE;44;ASCOLI PICENO;M;6
2024/2025;8;IMPERIA;50;PISA;M;20
2024/2025;76;POTENZA;41;PESARO E URBINO;F;34
2023/2024;78;COSENZA;22;TRENTO;M;7
2023/2024;79;CATANZARO;63;NAPOLI;F;79
2024/2025;81;TRAPANI;59;LATINA;M;13
2023/2024;18;PAVIA;38;FERRARA;M;5
2024/2025;21;BOLZANO;27;VENEZIA;F;48
2024/2025;48;FIRENZE;16;BERGAMO;F;8
2024/2025;6;ALESSANDRIA;58;ROMA;F;54
2023/2024;15;MILANO;9;SAVONA;F;9
2023/2024;80;REGGIO CALABRIA;12;VARESE;M;14
2023/2024;38;FERRARA;40;FORLI'-CESENA;M;49
2023/2024;109;FERMO;58;ROMA;M;98
2024/2025;81;TRAPANI;108;MONZA E BRIANZA;M;6
2024/2025;46;LUCCA;11;LA SPEZIA;F;9
2023/2024;73;TARANTO;60;FROSINONE;M;6
2024/2025;37;BOLOGNA;43;MACERATA;M;6
2024/2025;66;L'AQUILA;60;FROSINONE;M;5
2023/2024;27;VENEZIA;40;FORLI'-CESENA;M;14
2023/2024;65;SALERNO;43;MACERATA;M;23
2023/2024;16;BERGAMO;27;VENEZIA;F;130
2024/2025;54;PERUGIA;51;AREZZO;F;41
2024/2025;27;VENEZIA;18;PAVIA;F;23
2024/2025;998;PROVINCIA ESTERA;77;MATERA;F;13
2024/2025;103;VERBANO CUSIO OSSOLA;48;FIRENZE;F;20
2024/2025;62;BENEVENTO;60;FROSINONE;M;6
2024/2025;68;PESCARA;18;PAVIA;M;20
2023/2024;39;RAVENNA;39;RAVENNA;F;474
2023/2024;61;CASERTA;54;PERUGIA;M;28
2024/2025;79;CATANZARO;42;ANCONA;F;5
2024/2025;90;SASSARI;18;PAVIA;M;23
2023/2024;15;MILANO;35;REGGIO EMILIA;M;16
2023/2024;998;PROVINCIA ESTERA;72;BARI;M;249
2024/2025;54;PERUGIA;38;FERRARA;F;28
2024/2025;60;FROSINONE;32;TRIESTE;M;5
2024/2025;4;CUNEO;15;MILANO;F;189
2023/2024;16;BERGAMO;18;PAVIA;F;434
2023/2024;66;L'AQUILA;54;PERUGIA;M;42
2023/2024;16;BERGAMO;11;LA SPEZIA;F;5
2024/2025;5;ASTI;1;TORINO;M;353
2024/2025;93;PORDENONE;41;PESARO E URBINO;M;8
2023/2024;24;VICENZA;30;UDINE;M;38
2024/2025;23;VERONA;1;TORINO;M;37
2024/2025;78;COSENZA;79;CATANZARO;M;710
2024/2025;27;VENEZIA;15;MILANO;F;228
2023/2024;89;SIRACUSA;34;PARMA;M;63
2023/2024;12;VARESE;35;REGGIO EMILIA;F;7
2023/2024;65;SALERNO;37;BOLOGNA;F;309
2024/2025;58;ROMA;11;LA SPEZIA;M;18
2023/2024;54;PERUGIA;52;SIENA;F;131
2023/2024;9;SAVONA;21;BOLZANO;F;6
2023/2024;47;PISTOIA;52;SIENA;F;60
2023/2024;69;CHIETI;15;MILANO;F;78
2024/2025;68;PESCARA;44;ASCOLI PICENO;F;21
2024/2025;86;ENNA;1;TORINO;M;38
2023/2024;64;AVELLINO;40;FORLI'-CESENA;F;11
2024/2025;65;SALERNO;52;SIENA;M;90
2023/2024;65;SALERNO;15;MILANO;F;563
2023/2024;51;AREZZO;1;TORINO;F;50
2023/2024;31;GORIZIA;37;BOLOGNA;M;26
2024/2025;76;POTENZA;62;BENEVENTO;M;5
2024/2025;34;PARMA;54;PERUGIA;M;5
2024/2025;31;GORIZIA;10;GENOVA;F;6
2024/2025;27;VENEZIA;23;VERONA;M;62
2024/2025;58;ROMA;7;AOSTA;F;5
2023/2024;1;TORINO;34;PARMA;M;54
2023/2024;31;GORIZIA;40;FORLI'-CESENA;F;5
2023/2024;109;FERMO;40;FORLI'-CESENA;M;17
2023/2024;13;COMO;15;MILANO;M;1925
2023/2024;77;MATERA;71;FOGGIA;F;26
2024/2025;1;TORINO;38;FERRARA;M;23
2024/2025;15;MILANO;42;ANCONA;F;19
2023/2024;15;MILANO;39;RAVENNA;F;19
2024/2025;8;IMPERIA;15;MILANO;M;22
2024/2025;87;CATANIA;59;LATINA;F;8
2023/2024;56;VITERBO;36;MODENA;F;5
2024/2025;109;FERMO;54;PERUGIA;M;75
2024/2025;78;COSENZA;17;BRESCIA;M;10
2024/2025;47;PISTOIA;10;GENOVA;F;8
2023/2024;48;FIRENZE;56;VITERBO;M;8
2023/2024;21;BOLZANO;58;ROMA;M;47
2024/2025;44;ASCOLI PICENO;36;MODENA;F;27
2023/2024;61;CASERTA;41;PESARO E URBINO;F;22
2023/2024;12;VARESE;36;MODENA;M;19
2024/2025;17;BRESCIA;10;GENOVA;F;40
2024/2025;37;BOLOGNA;17;BRESCIA;M;6
2024/2025;84;AGRIGENTO;33;PIACENZA;M;11
2024/2025;12;VARESE;32;TRIESTE;M;6
2024/2025;111;SUD SARDEGNA;90;SASSARI;M;49
2023/2024;57;RIETI;67;TERAMO;F;15
2024/2025;81;TRAPANI;50;PISA;F;200
2023/2024;110;BARLETTA - ANDRIA - TRANI;1;TORINO;M;41
2024/2025;77;MATERA;40;FORLI'-CESENA;M;12
2023/2024;81;TRAPANI;5;ASTI;M;6
2023/2024;48;FIRENZE;11;LA SPEZIA;M;14
2023/2024;64;AVELLINO;15;MILANO;M;65
2023/2024;52;SIENA;36;MODENA;F;6
2023/2024;6;ALESSANDRIA;38;FERRARA;M;5
2023/2024;90;SASSARI;10;GENOVA;M;37
2024/2025;61;CASERTA;54;PERUGIA;F;70
2024/2025;35;REGGIO EMILIA;50;PISA;F;23
2024/2025;72;BARI;10;GENOVA;M;13
2023/2024;998;PROVINCIA ESTERA;35;REGGIO EMILIA;F;153
2024/2025;88;RAGUSA;1;TORINO;F;209
2023/2024;998;PROVINCIA ESTERA;69;CHIETI;F;113
2024/2025;13;COMO;40;FORLI'-CESENA;M;5
2023/2024;66;L'AQUILA;32;TRIESTE;F;12
2024/2025;60;FROSINONE;43;MACERATA;F;31
2024/2025;108;MONZA E BRIANZA;34;PARMA;M;21
2024/2025;84;AGRIGENTO;41;PESARO E URBINO;M;8
2023/2024;68;PESCARA;50;PISA;M;60
2023/2024;59;LATINA;37;BOLOGNA;F;96
2024/2025;82;PALERMO;28;PADOVA;F;99
2024/2025;23;VERONA;28;PADOVA;M;1698
2024/2025;4;CUNEO;43;MACERATA;F;5
2024/2025;10;GENOVA;48;FIRENZE;F;57
2023/2024;16;BERGAMO;52;SIENA;M;11
2024/2025;23;VERONA;18;PAVIA;F;48
2024/2025;110;BARLETTA - ANDRIA - TRANI;35;REGGIO EMILIA;F;11
2023/2024;76;POTENZA;12;VARESE;F;6
2024/2025;49;LIVORNO;58;ROMA;M;62
2024/2025;82;PALERMO;30;UDINE;M;6
2024/2025;998;PROVINCIA ESTERA;10;GENOVA;M;1197
2024/2025;23;VERONA;52;SIENA;F;45
2023/2024;998;PROVINCIA ESTERA;7;AOSTA;M;14
2024/2025;1;TORINO;1;TORINO;F;2498
2023/2024;22;TRENTO;55;TERNI;F;6
2023/2024;103;VERBANO CUSIO OSSOLA;15;MILANO;F;582
2023/2024;88;RAGUSA;23;VERONA;F;25
2023/2024;111;SUD SARDEGNA;50;PISA;F;33
2024/2025;58;ROMA;82;PALERMO;M;11
2024/2025;19;CREMONA;20;MANTOVA;F;5
2023/2024;11;LA SPEZIA;10;GENOVA;F;443
2023/2024;23;VERONA;20;MANTOVA;M;31
2024/2025;79;CATANZARO;78;COSENZA;M;1435
2023/2024;111;SUD SARDEGNA;18;PAVIA;F;18
2023/2024;84;AGRIGENTO;1;TORINO;M;100
2024/2025;89;SIRACUSA;32;TRIESTE;M;22
2024/2025;95;ORISTANO;95;ORISTANO;F;21
2023/2024;2;VERCELLI;2;VERCELLI;F;169
2024/2025;18;PAVIA;58;ROMA;F;57
2024/2025;108;MONZA E BRIANZA;32;TRIESTE;M;8
2023/2024;84;AGRIGENTO;48;FIRENZE;F;65
2024/2025;24;VICENZA;35;REGGIO EMILIA;F;13
2024/2025;63;NAPOLI;40;FORLI'-CESENA;M;28
2023/2024;998;PROVINCIA ESTERA;68;PESCARA;F;94
2024/2025;27;VENEZIA;42;ANCONA;M;6
2024/2025;38;FERRARA;37;BOLOGNA;M;727
2023/2024;71;FOGGIA;1;TORINO;F;111
2024/2025;48;FIRENZE;22;TRENTO;M;31
2023/2024;88;RAGUSA;52;SIENA;F;91
2023/2024;64;AVELLINO;38;FERRARA;F;49
2023/2024;23;VERONA;20;MANTOVA;F;22
2024/2025;999;PROVINCIA NON DEFINITA;56;VITERBO;F;388
2023/2024;110;BARLETTA - ANDRIA - TRANI;23;VERONA;F;14
2023/2024;46;LUCCA;49;LIVORNO;F;10
2023/2024;58;ROMA;43;MACERATA;F;139
2023/2024;78;COSENZA;63;NAPOLI;M;119
2024/2025;85;CALTANISSETTA;88;RAGUSA;M;8
2023/2024;83;MESSINA;72;BARI;F;10
2024/2025;3;NOVARA;52;SIENA;F;12
2023/2024;52;SIENA;37;BOLOGNA;F;125
2023/2024;78;COSENZA;73;TARANTO;M;5
2023/2024;9;SAVONA;15;MILANO;F;27
2023/2024;40;FORLI'-CESENA;50;PISA;M;16
2023/2024;27;VENEZIA;41;PESARO E URBINO;M;13
2024/2025;73;TARANTO;42;ANCONA;F;23
2023/2024;48;FIRENZE;43;MACERATA;F;11
2024/2025;3;NOVARA;3;NOVARA;F;918
2024/2025;6;ALESSANDRIA;23;VERONA;M;7
2024/2025;45;MASSA CARRARA;15;MILANO;F;15
2023/2024;82;PALERMO;3;NOVARA;F;5
2024/2025;81;TRAPANI;66;L'AQUILA;F;31
2024/2025;63;NAPOLI;40;FORLI'-CESENA;F;41
2024/2025;45;MASSA CARRARA;69;CHIETI;F;5
2024/2025;19;CREMONA;33;PIACENZA;F;151
2023/2024;15;MILANO;33;PIACENZA;M;59
2023/2024;58;ROMA;51;AREZZO;F;10
2024/2025;15;MILANO;18;PAVIA;F;2138
2024/2025;61;CASERTA;62;BENEVENTO;M;78
2023/2024;100;PRATO;38;FERRARA;M;8
2024/2025;68;PESCARA;58;ROMA;F;569
2024/2025;15;MILANO;1;TORINO;F;350
2024/2025;21;BOLZANO;30;UDINE;M;7
2023/2024;999;PROVINCIA NON DEFINITA;73;TARANTO;M;13
2024/2025;109;FERMO;23;VERONA;M;6
2024/2025;41;PESARO E URBINO;43;MACERATA;M;49
2023/2024;72;BARI;43;MACERATA;F;64
2024/2025;94;ISERNIA;36;MODENA;M;9
2024/2025;93;PORDENONE;30;UDINE;M;841
2024/2025;94;ISERNIA;54;PERUGIA;F;22
2024/2025;14;SONDRIO;38;FERRARA;M;6
2024/2025;33;PIACENZA;34;PARMA;F;1309
2023/2024;71;FOGGIA;37;BOLOGNA;M;300
2024/2025;52;SIENA;39;RAVENNA;F;7
2024/2025;81;TRAPANI;57;RIETI;M;28
2023/2024;53;GROSSETO;48;FIRENZE;M;272
2024/2025;28;PADOVA;72;BARI;M;6
2024/2025;69;CHIETI;18;PAVIA;F;40
2023/2024;34;PARMA;33;PIACENZA;M;12
2024/2025;75;LECCE;99;RIMINI;M;6
2023/2024;4;CUNEO;37;BOLOGNA;F;107
2023/2024;77;MATERA;1;TORINO;M;93
2024/2025;46;LUCCA;63;NAPOLI;M;6
2024/2025;73;TARANTO;55;TERNI;F;6
2023/2024;83;MESSINA;80;REGGIO CALABRIA;M;68
2023/2024;75;LECCE;52;SIENA;F;105
2023/2024;52;SIENA;39;RAVENNA;F;6
2024/2025;54;PERUGIA;28;PADOVA;M;59
2023/2024;48;FIRENZE;65;SALERNO;F;5
2024/2025;93;PORDENONE;1;TORINO;F;8
2024/2025;109;FERMO;10;GENOVA;F;5
2024/2025;51;AREZZO;51;AREZZO;F;690
2023/2024;40;FORLI'-CESENA;22;TRENTO;M;20
2023/2024;82;PALERMO;66;L'AQUILA;F;32
2023/2024;1;TORINO;75;LECCE;F;6
2023/2024;33;PIACENZA;15;MILANO;F;126
2023/2024;49;LIVORNO;50;PISA;F;2910
2024/2025;63;NAPOLI;30;UDINE;M;16
2023/2024;17;BRESCIA;15;MILANO;F;359
2024/2025;28;PADOVA;82;PALERMO;F;7
2023/2024;50;PISA;22;TRENTO;F;13
2023/2024;998;PROVINCIA ESTERA;73;TARANTO;F;5
2024/2025;75;LECCE;69;CHIETI;M;130
2023/2024;108;MONZA E BRIANZA;43;MACERATA;F;8
2023/2024;12;VARESE;15;MILANO;F;739
2024/2025;83;MESSINA;89;SIRACUSA;M;10
2023/2024;68;PESCARA;23;VERONA;F;8
2023/2024;58;ROMA;100;PRATO;F;6
2023/2024;76;POTENZA;62;BENEVENTO;M;7
2024/2025;68;PESCARA;41;PESARO E URBINO;F;43
2023/2024;77;MATERA;63;NAPOLI;M;47
2024/2025;58;ROMA;68;PESCARA;M;5
2023/2024;4;CUNEO;22;TRENTO;F;22
2024/2025;65;SALERNO;83;MESSINA;M;21
2023/2024;12;VARESE;3;NOVARA;M;119
2023/2024;64;AVELLINO;18;PAVIA;F;21
2024/2025;23;VERONA;27;VENEZIA;M;212
2023/2024;73;TARANTO;72;BARI;M;1059
2024/2025;18;PAVIA;1;TORINO;M;19
2024/2025;71;FOGGIA;18;PAVIA;M;39
2024/2025;999;PROVINCIA NON DEFINITA;99;RIMINI;M;109
2024/2025;71;FOGGIA;75;LECCE;F;19
2024/2025;75;LECCE;34;PARMA;M;183
2023/2024;98;LODI;34;PARMA;M;188
2024/2025;65;SALERNO;79;CATANZARO;F;62
2024/2025;26;TREVISO;1;TORINO;M;49
2024/2025;4;CUNEO;54;PERUGIA;F;21
2023/2024;92;CAGLIARI;10;GENOVA;F;23
2024/2025;5;ASTI;54;PERUGIA;F;5
2023/2024;24;VICENZA;37;BOLOGNA;M;182
2023/2024;101;CROTONE;38;FERRARA;F;32
2024/2025;63;NAPOLI;4;CUNEO;F;9
2024/2025;23;VERONA;19;CREMONA;F;8
2023/2024;110;BARLETTA - ANDRIA - TRANI;56;VITERBO;M;11
2023/2024;43;MACERATA;40;FORLI'-CESENA;F;84
2024/2025;23;VERONA;42;ANCONA;F;17
2023/2024;39;RAVENNA;43;MACERATA;M;5
2023/2024;110;BARLETTA - ANDRIA - TRANI;74;BRINDISI;M;8
2023/2024;26;TREVISO;66;L'AQUILA;M;11
2023/2024;15;MILANO;1;TORINO;F;355
2024/2025;40;FORLI'-CESENA;63;NAPOLI;F;7
2024/2025;96;BIELLA;18;PAVIA;M;40
2023/2024;11;LA SPEZIA;34;PARMA;M;135
2024/2025;93;PORDENONE;40;FORLI'-CESENA;F;20
2023/2024;21;BOLZANO;28;PADOVA;F;153
2023/2024;110;BARLETTA - ANDRIA - TRANI;37;BOLOGNA;F;128
2024/2025;76;POTENZA;42;ANCONA;F;26
2023/2024;21;BOLZANO;54;PERUGIA;F;12
2024/2025;21;BOLZANO;52;SIENA;F;11
2023/2024;24;VICENZA;40;FORLI'-CESENA;M;18
2024/2025;61;CASERTA;55;TERNI;F;7
2024/2025;998;PROVINCIA ESTERA;93;PORDENONE;F;19
2023/2024;38;FERRARA;34;PARMA;F;57
2023/2024;15;MILANO;22;TRENTO;F;46
2023/2024;69;CHIETI;49;LIVORNO;M;5
2024/2025;81;TRAPANI;10;GENOVA;F;33
2024/2025;110;BARLETTA - ANDRIA - TRANI;74;BRINDISI;F;10
2023/2024;100;PRATO;15;MILANO;F;30
2023/2024;19;CREMONA;17;BRESCIA;F;627
2024/2025;57;RIETI;22;TRENTO;M;8
2023/2024;51;AREZZO;37;BOLOGNA;M;307
2023/2024;20;MANTOVA;50;PISA;F;13
2023/2024;15;MILANO;108;MONZA E BRIANZA;M;68
2023/2024;25;BELLUNO;15;MILANO;F;16
2024/2025;89;SIRACUSA;1;TORINO;F;56
2024/2025;36;MODENA;27;VENEZIA;M;22
2024/2025;84;AGRIGENTO;88;RAGUSA;F;11
2024/2025;59;LATINA;49;LIVORNO;M;7
2023/2024;74;BRINDISI;60;FROSINONE;M;6
2024/2025;40;FORLI'-CESENA;37;BOLOGNA;M;1346
2024/2025;22;TRENTO;58;ROMA;M;62
2024/2025;998;PROVINCIA ESTERA;86;ENNA;F;13
2023/2024;76;POTENZA;65;SALERNO;F;528
2023/2024;68;PESCARA;79;CATANZARO;F;6
2024/2025;49;LIVORNO;50;PISA;M;2459
2023/2024;12;VARESE;19;CREMONA;M;7
2024/2025;4;CUNEO;15;MILANO;M;132
2023/2024;65;SALERNO;67;TERAMO;M;15
2024/2025;88;RAGUSA;40;FORLI'-CESENA;M;11
2023/2024;52;SIENA;54;PERUGIA;F;214
2023/2024;44;ASCOLI PICENO;27;VENEZIA;F;26
2024/2025;46;LUCCA;15;MILANO;F;16
2023/2024;85;CALTANISSETTA;63;NAPOLI;M;11
2024/2025;39;RAVENNA;43;MACERATA;F;19
2024/2025;79;CATANZARO;41;PESARO E URBINO;F;7
2023/2024;73;TARANTO;68;PESCARA;F;51
2023/2024;4;CUNEO;90;SASSARI;M;9
2023/2024;58;ROMA;12;VARESE;M;19
2023/2024;50;PISA;1;TORINO;M;20
2024/2025;19;CREMONA;48;FIRENZE;F;18
2024/2025;64;AVELLINO;56;VITERBO;M;9
2024/2025;22;TRENTO;24;VICENZA;M;28
2024/2025;29;ROVIGO;37;BOLOGNA;F;189
2024/2025;26;TREVISO;70;CAMPOBASSO;F;5
2023/2024;12;VARESE;58;ROMA;F;98
2024/2025;87;CATANIA;10;GENOVA;M;14
2023/2024;58;ROMA;17;BRESCIA;M;23
2023/2024;58;ROMA;80;REGGIO CALABRIA;M;8
2024/2025;30;UDINE;93;PORDENONE;M;141
2023/2024;998;PROVINCIA ESTERA;20;MANTOVA;M;7
2023/2024;59;LATINA;40;FORLI'-CESENA;M;8
2023/2024;82;PALERMO;63;NAPOLI;F;36
2023/2024;27;VENEZIA;1;TORINO;M;21
2023/2024;42;ANCONA;36;MODENA;F;23
2024/2025;32;TRIESTE;63;NAPOLI;F;8
2024/2025;101;CROTONE;23;VERONA;F;11
2023/2024;95;ORISTANO;16;BERGAMO;F;6
2024/2025;30;UDINE;18;PAVIA;F;20
2024/2025;58;ROMA;33;PIACENZA;M;5
2024/2025;46;LUCCA;54;PERUGIA;M;6
2023/2024;72;BARI;67;TERAMO;M;9
2023/2024;97;LECCO;15;MILANO;F;299
2024/2025;82;PALERMO;1;TORINO;F;85
2023/2024;95;ORISTANO;90;SASSARI;F;375
2024/2025;64;AVELLINO;54;PERUGIA;M;33
2024/2025;6;ALESSANDRIA;50;PISA;F;25
2024/2025;53;GROSSETO;100;PRATO;M;6
2024/2025;3;NOVARA;16;BERGAMO;F;5
2023/2024;6;ALESSANDRIA;15;MILANO;M;91
2023/2024;17;BRESCIA;19;CREMONA;M;80
2024/2025;60;FROSINONE;22;TRENTO;F;6
2023/2024;73;TARANTO;15;MILANO;M;284
2024/2025;998;PROVINCIA ESTERA;29;ROVIGO;F;71
2024/2025;6;ALESSANDRIA;3;NOVARA;F;311
2024/2025;91;NUORO;28;PADOVA;M;34
2024/2025;78;COSENZA;10;GENOVA;F;21
2024/2025;92;CAGLIARI;54;PERUGIA;F;6
2024/2025;86;ENNA;79;CATANZARO;F;6
2024/2025;76;POTENZA;72;BARI;M;230
2024/2025;73;TARANTO;77;MATERA;M;42
2023/2024;77;MATERA;55;TERNI;F;8
2024/2025;11;LA SPEZIA;54;PERUGIA;M;10
2023/2024;37;BOLOGNA;34;PARMA;M;102
2024/2025;85;CALTANISSETTA;58;ROMA;M;168
2023/2024;109;FERMO;15;MILANO;F;80
2024/2025;999;PROVINCIA NON DEFINITA;97;LECCO;F;233
2023/2024;25;BELLUNO;1;TORINO;M;9
2024/2025;58;ROMA;97;LECCO;F;6
2023/2024;75;LECCE;86;ENNA;M;8
2023/2024;53;GROSSETO;32;TRIESTE;F;8
2023/2024;42;ANCONA;38;FERRARA;M;23
2023/2024;72;BARI;68;PESCARA;M;14
2023/2024;60;FROSINONE;63;NAPOLI;F;150
2024/2025;17;BRESCIA;36;MODENA;F;19
2024/2025;22;TRENTO;22;TRENTO;M;3022
2023/2024;36;MODENA;42;ANCONA;M;7
2023/2024;70;CAMPOBASSO;67;TERAMO;F;27
2023/2024;92;CAGLIARI;30;UDINE;M;5
2023/2024;94;ISERNIA;34;PARMA;M;5
2024/2025;75;LECCE;61;CASERTA;F;22
2024/2025;3;NOVARA;5;ASTI;F;8
2023/2024;61;CASERTA;63;NAPOLI;M;4296
2024/2025;60;FROSINONE;28;PADOVA;F;37
2024/2025;998;PROVINCIA ESTERA;15;MILANO;F;5869
2023/2024;98;LODI;38;FERRARA;M;5
2023/2024;71;FOGGIA;63;NAPOLI;F;209
2024/2025;95;ORISTANO;27;VENEZIA;F;13
2024/2025;29;ROVIGO;22;TRENTO;M;17
2023/2024;80;REGGIO CALABRIA;58;ROMA;M;556
2024/2025;77;MATERA;15;MILANO;M;57
2023/2024;64;AVELLINO;82;PALERMO;F;5
2024/2025;999;PROVINCIA NON DEFINITA;70;CAMPOBASSO;F;38
2023/2024;36;MODENA;99;RIMINI;F;56
2023/2024;18;PAVIA;18;PAVIA;M;2845
2024/2025;3;NOVARA;43;MACERATA;F;7
2023/2024;999;PROVINCIA NON DEFINITA;78;COSENZA;M;43
2023/2024;75;LECCE;40;FORLI'-CESENA;F;47
2023/2024;101;CROTONE;28;PADOVA;F;19
2023/2024;95;ORISTANO;32;TRIESTE;M;6
2023/2024;82;PALERMO;50;PISA;M;96
2024/2025;81;TRAPANI;40;FORLI'-CESENA;M;6
2023/2024;48;FIRENZE;48;FIRENZE;F;10588
2024/2025;63;NAPOLI;58;ROMA;F;2235
2024/2025;17;BRESCIA;41;PESARO E URBINO;F;23
2023/2024;3;NOVARA;58;ROMA;M;27
2024/2025;36;MODENA;18;PAVIA;M;12
2023/2024;82;PALERMO;37;BOLOGNA;M;168
2024/2025;10;GENOVA;10;GENOVA;F;9040
2024/2025;71;FOGGIA;67;TERAMO;F;30
2024/2025;81;TRAPANI;63;NAPOLI;F;29
2023/2024;79;CATANZARO;32;TRIESTE;M;7
2024/2025;67;TERAMO;40;FORLI'-CESENA;M;23
2024/2025;96;BIELLA;27;VENEZIA;M;6
2024/2025;32;TRIESTE;42;ANCONA;M;7
2023/2024;10;GENOVA;92;CAGLIARI;M;5
2023/2024;37;BOLOGNA;37;BOLOGNA;F;7191
2024/2025;111;SUD SARDEGNA;16;BERGAMO;F;5
2023/2024;89;SIRACUSA;12;VARESE;F;5
2023/2024;76;POTENZA;32;TRIESTE;F;18
2023/2024;23;VERONA;19;CREMONA;M;9
2024/2025;80;REGGIO CALABRIA;16;BERGAMO;F;18
2023/2024;68;PESCARA;30;UDINE;M;9
2024/2025;97;LECCO;22;TRENTO;M;6
2023/2024;43;MACERATA;36;MODENA;M;29
2024/2025;65;SALERNO;36;MODENA;M;60
2024/2025;5;ASTI;37;BOLOGNA;M;18
2023/2024;94;ISERNIA;35;REGGIO EMILIA;F;5
2023/2024;68;PESCARA;1;TORINO;F;45
2024/2025;61;CASERTA;43;MACERATA;F;20
2023/2024;79;CATANZARO;87;CATANIA;M;8
2023/2024;18;PAVIA;38;FERRARA;F;15
2024/2025;72;BARI;72;BARI;M;8150
2024/2025;30;UDINE;58;ROMA;F;123
2023/2024;47;PISTOIA;28;PADOVA;F;29
2023/2024;38;FERRARA;69;CHIETI;F;8
2024/2025;84;AGRIGENTO;35;REGGIO EMILIA;F;19
2024/2025;67;TERAMO;69;CHIETI;F;502
2023/2024;56;VITERBO;50;PISA;M;112
2024/2025;84;AGRIGENTO;52;SIENA;F;71
2024/2025;38;FERRARA;15;MILANO;M;52
2024/2025;36;MODENA;26;TREVISO;F;6
2023/2024;111;SUD SARDEGNA;1;TORINO;F;17
2023/2024;83;MESSINA;83;MESSINA;F;6867
2023/2024;96;BIELLA;1;TORINO;F;682
2024/2025;22;TRENTO;28;PADOVA;M;473
2023/2024;99;RIMINI;58;ROMA;F;80
2023/2024;34;PARMA;19;CREMONA;M;9
2023/2024;64;AVELLINO;1;TORINO;M;34
2023/2024;79;CATANZARO;34;PARMA;M;29
2024/2025;37;BOLOGNA;40;FORLI'-CESENA;M;636
2023/2024;71;FOGGIA;33;PIACENZA;M;6
2024/2025;88;RAGUSA;15;MILANO;F;39
2023/2024;43;MACERATA;69;CHIETI;F;79
2024/2025;5;ASTI;96;BIELLA;F;5
2024/2025;10;GENOVA;54;PERUGIA;M;9
2023/2024;999;PROVINCIA NON DEFINITA;59;LATINA;M;183
2024/2025;6;ALESSANDRIA;23;VERONA;F;11
2023/2024;81;TRAPANI;23;VERONA;M;19
2023/2024;50;PISA;27;VENEZIA;M;6
2023/2024;28;PADOVA;40;FORLI'-CESENA;F;40
2023/2024;64;AVELLINO;27;VENEZIA;F;12
2024/2025;44;ASCOLI PICENO;54;PERUGIA;F;131
2023/2024;109;FERMO;52;SIENA;F;23
2023/2024;71;FOGGIA;77;MATERA;M;6
2024/2025;88;RAGUSA;35;REGGIO EMILIA;M;10
2024/2025;51;AREZZO;37;BOLOGNA;F;286
2024/2025;27;VENEZIA;41;PESARO E URBINO;M;12
2023/2024;36;MODENA;32;TRIESTE;M;7
2024/2025;1;TORINO;82;PALERMO;F;16
2023/2024;3;NOVARA;40;FORLI'-CESENA;F;6
2023/2024;58;ROMA;28;PADOVA;M;121
2024/2025;2;VERCELLI;12;VARESE;F;14
2023/2024;20;MANTOVA;15;MILANO;F;286
2024/2025;58;ROMA;68;PESCARA;F;15
2023/2024;89;SIRACUSA;83;MESSINA;F;560
2023/2024;66;L'AQUILA;69;CHIETI;M;151
2024/2025;87;CATANIA;10;GENOVA;F;21
2023/2024;998;PROVINCIA ESTERA;60;FROSINONE;M;849
2024/2025;47;PISTOIA;52;SIENA;F;56
2023/2024;68;PESCARA;28;PADOVA;M;71
2024/2025;72;BARI;76;POTENZA;M;22
2024/2025;88;RAGUSA;85;CALTANISSETTA;M;6
2024/2025;40;FORLI'-CESENA;69;CHIETI;F;7
2024/2025;61;CASERTA;67;TERAMO;F;5
2023/2024;69;CHIETI;75;LECCE;F;5
2023/2024;93;PORDENONE;32;TRIESTE;M;494
2024/2025;68;PESCARA;72;BARI;F;6
2023/2024;2;VERCELLI;3;NOVARA;F;342
2024/2025;18;PAVIA;33;PIACENZA;F;72
2024/2025;96;BIELLA;2;VERCELLI;F;121
2023/2024;998;PROVINCIA ESTERA;93;PORDENONE;M;6
2023/2024;87;CATANIA;83;MESSINA;F;1327
2024/2025;1;TORINO;35;REGGIO EMILIA;F;10
2024/2025;12;VARESE;19;CREMONA;M;5
2023/2024;998;PROVINCIA ESTERA;2;VERCELLI;M;79
2023/2024;66;L'AQUILA;58;ROMA;M;598
2024/2025;29;ROVIGO;1;TORINO;M;5
2024/2025;108;MONZA E BRIANZA;23;VERONA;F;11
2023/2024;76;POTENZA;50;PISA;M;147
2024/2025;30;UDINE;27;VENEZIA;F;429
2023/2024;88;RAGUSA;55;TERNI;F;10
2024/2025;19;CREMONA;18;PAVIA;M;137
2023/2024;25;BELLUNO;40;FORLI'-CESENA;F;9
2023/2024;80;REGGIO CALABRIA;56;VITERBO;F;15
2024/2025;74;BRINDISI;48;FIRENZE;F;64
2023/2024;60;FROSINONE;10;GENOVA;F;5
2024/2025;60;FROSINONE;60;FROSINONE;M;1662
2023/2024;84;AGRIGENTO;32;TRIESTE;M;14
2023/2024;998;PROVINCIA ESTERA;11;LA SPEZIA;F;17
2024/2025;81;TRAPANI;1;TORINO;F;174
2023/2024;68;PESCARA;54;PERUGIA;F;50
2024/2025;13;COMO;27;VENEZIA;F;32
2023/2024;43;MACERATA;12;VARESE;M;9
2024/2025;84;AGRIGENTO;36;MODENA;M;34
2023/2024;32;TRIESTE;28;PADOVA;M;53
2023/2024;75;LECCE;3;NOVARA;M;6
2024/2025;32;TRIESTE;34;PARMA;M;5
2023/2024;77;MATERA;52;SIENA;F;124
2023/2024;13;COMO;18;PAVIA;F;98
2023/2024;12;VARESE;40;FORLI'-CESENA;F;15
2023/2024;12;VARESE;97;LECCO;M;18
2023/2024;76;POTENZA;68;PESCARA;F;95
2023/2024;80;REGGIO CALABRIA;50;PISA;F;180
2023/2024;998;PROVINCIA ESTERA;37;BOLOGNA;F;1280
2023/2024;37;BOLOGNA;1;TORINO;M;24
2023/2024;30;UDINE;28;PADOVA;F;543
2024/2025;78;COSENZA;39;RAVENNA;F;9
2024/2025;87;CATANIA;89;SIRACUSA;M;105
2024/2025;37;BOLOGNA;28;PADOVA;F;237
2024/2025;90;SASSARI;23;VERONA;F;17
2023/2024;88;RAGUSA;27;VENEZIA;M;9
2023/2024;54;PERUGIA;28;PADOVA;M;56
2023/2024;58;ROMA;26;TREVISO;F;13
2024/2025;22;TRENTO;42;ANCONA;M;9
2023/2024;61;CASERTA;58;ROMA;M;674
2024/2025;6;ALESSANDRIA;1;TORINO;F;836
2024/2025;33;PIACENZA;108;MONZA E BRIANZA;F;6
2024/2025;68;PESCARA;32;TRIESTE;M;10
2024/2025;60;FROSINONE;37;BOLOGNA;F;90
2023/2024;48;FIRENZE;39;RAVENNA;F;15
2023/2024;69;CHIETI;36;MODENA;F;57
2023/2024;52;SIENA;1;TORINO;F;45
2023/2024;90;SASSARI;32;TRIESTE;M;14
2023/2024;26;TREVISO;37;BOLOGNA;F;350
2024/2025;18;PAVIA;38;FERRARA;F;14
2023/2024;91;NUORO;10;GENOVA;M;14
2024/2025;26;TREVISO;29;ROVIGO;M;11
2024/2025;10;GENOVA;54;PERUGIA;F;31
2024/2025;55;TERNI;15;MILANO;M;58
2023/2024;76;POTENZA;62;BENEVENTO;F;9
2024/2025;78;COSENZA;22;TRENTO;F;10
2024/2025;95;ORISTANO;52;SIENA;F;7
2024/2025;78;COSENZA;61;CASERTA;F;22
2024/2025;55;TERNI;50;PISA;F;35
2024/2025;92;CAGLIARI;34;PARMA;M;11
2023/2024;100;PRATO;48;FIRENZE;F;2676
2024/2025;85;CALTANISSETTA;84;AGRIGENTO;F;61
2024/2025;998;PROVINCIA ESTERA;33;PIACENZA;M;60
2023/2024;1;TORINO;38;FERRARA;M;20
2023/2024;27;VENEZIA;24;VICENZA;M;213
2024/2025;29;ROVIGO;15;MILANO;F;8
2023/2024;73;TARANTO;41;PESARO E URBINO;M;46
2023/2024;48;FIRENZE;63;NAPOLI;F;29
2024/2025;52;SIENA;51;AREZZO;M;24
2024/2025;110;BARLETTA - ANDRIA - TRANI;22;TRENTO;M;26
2024/2025;65;SALERNO;66;L'AQUILA;M;195
2024/2025;64;AVELLINO;63;NAPOLI;M;900
2023/2024;29;ROVIGO;40;FORLI'-CESENA;M;10
2023/2024;110;BARLETTA - ANDRIA - TRANI;40;FORLI'-CESENA;F;14
2024/2025;36;MODENA;28;PADOVA;F;161
2023/2024;84;AGRIGENTO;87;CATANIA;F;466
2023/2024;109;FERMO;37;BOLOGNA;M;176
2024/2025;65;SALERNO;68;PESCARA;F;25
2024/2025;19;CREMONA;16;BERGAMO;M;183
2023/2024;61;CASERTA;69;CHIETI;F;72
2023/2024;93;PORDENONE;29;ROVIGO;F;5
2024/2025;88;RAGUSA;86;ENNA;M;72
2023/2024;998;PROVINCIA ESTERA;89;SIRACUSA;F;7
2023/2024;35;REGGIO EMILIA;1;TORINO;M;11
2023/2024;84;AGRIGENTO;3;NOVARA;M;17
2024/2025;98;LODI;50;PISA;F;6
2024/2025;80;REGGIO CALABRIA;58;ROMA;M;532
2024/2025;63;NAPOLI;66;L'AQUILA;F;206
2024/2025;101;CROTONE;37;BOLOGNA;M;74
2024/2025;7;AOSTA;27;VENEZIA;F;27
2024/2025;15;MILANO;43;MACERATA;F;18
2023/2024;91;NUORO;69;CHIETI;F;8
2024/2025;16;BERGAMO;32;TRIESTE;M;12
2024/2025;69;CHIETI;15;MILANO;M;147
2024/2025;101;CROTONE;58;ROMA;F;328
2024/2025;17;BRESCIA;54;PERUGIA;M;13
2023/2024;60;FROSINONE;44;ASCOLI PICENO;F;8
2024/2025;998;PROVINCIA ESTERA;41;PESARO E URBINO;M;294
2023/2024;103;VERBANO CUSIO OSSOLA;22;TRENTO;F;9
2023/2024;69;CHIETI;33;PIACENZA;M;6
2023/2024;34;PARMA;34;PARMA;F;4413
2023/2024;90;SASSARI;33;PIACENZA;F;8
2024/2025;88;RAGUSA;58;ROMA;M;236
2024/2025;88;RAGUSA;38;FERRARA;M;102
2023/2024;74;BRINDISI;48;FIRENZE;M;44
2023/2024;58;ROMA;61;CASERTA;F;32
2024/2025;70;CAMPOBASSO;28;PADOVA;F;38
2024/2025;19;CREMONA;32;TRIESTE;M;8
2024/2025;23;VERONA;40;FORLI'-CESENA;M;22
2023/2024;33;PIACENZA;35;REGGIO EMILIA;F;178
2024/2025;999;PROVINCIA NON DEFINITA;18;PAVIA;M;75
2024/2025;103;VERBANO CUSIO OSSOLA;52;SIENA;F;5
2024/2025;47;PISTOIA;48;FIRENZE;F;2941
2024/2025;25;BELLUNO;21;BOLZANO;M;6
2024/2025;17;BRESCIA;26;TREVISO;M;5
2023/2024;14;SONDRIO;40;FORLI'-CESENA;F;11
2023/2024;110;BARLETTA - ANDRIA - TRANI;72;BARI;F;2978
2023/2024;42;ANCONA;38;FERRARA;F;46
2023/2024;999;PROVINCIA NON DEFINITA;67;TERAMO;F;59
2024/2025;58;ROMA;38;FERRARA;F;49
2024/2025;79;CATANZARO;16;BERGAMO;M;5
2024/2025;44;ASCOLI PICENO;66;L'AQUILA;F;176
2024/2025;61;CASERTA;51;AREZZO;F;5
2023/2024;33;PIACENZA;17;BRESCIA;F;16
2023/2024;65;SALERNO;60;FROSINONE;M;41
2024/2025;83;MESSINA;85;CALTANISSETTA;F;10
2024/2025;63;NAPOLI;48;FIRENZE;M;266
2023/2024;55;TERNI;55;TERNI;M;323
2024/2025;111;SUD SARDEGNA;58;ROMA;F;61
2024/2025;5;ASTI;28;PADOVA;F;16
2023/2024;7;AOSTA;28;PADOVA;F;20
2024/2025;108;MONZA E BRIANZA;97;LECCO;F;63
2023/2024;81;TRAPANI;86;ENNA;M;43
2023/2024;9;SAVONA;69;CHIETI;F;5
2023/2024;48;FIRENZE;42;ANCONA;F;6
2023/2024;109;FERMO;1;TORINO;M;26
2024/2025;28;PADOVA;1;TORINO;M;34
2023/2024;50;PISA;37;BOLOGNA;M;58
2023/2024;23;VERONA;39;RAVENNA;M;5
2024/2025;72;BARI;72;BARI;F;1616
2023/2024;999;PROVINCIA NON DEFINITA;2;VERCELLI;M;10
2024/2025;86;ENNA;36;MODENA;M;5
2024/2025;92;CAGLIARI;1;TORINO;F;47
2024/2025;48;FIRENZE;40;FORLI'-CESENA;M;27
2024/2025;28;PADOVA;28;PADOVA;M;6775
2023/2024;61;CASERTA;66;L'AQUILA;F;166
2024/2025;9;SAVONA;15;MILANO;F;28
2024/2025;91;NUORO;32;TRIESTE;M;9
2024/2025;76;POTENZA;39;RAVENNA;F;7
2024/2025;2;VERCELLI;1;TORINO;F;458
2024/2025;43;MACERATA;23;VERONA;F;22
2023/2024;40;FORLI'-CESENA;39;RAVENNA;M;205
2023/2024;56;VITERBO;18;PAVIA;F;10
2023/2024;24;VICENZA;33;PIACENZA;F;8
2024/2025;89;SIRACUSA;83;MESSINA;F;542
2023/2024;30;UDINE;1;TORINO;F;55
2023/2024;35;REGGIO EMILIA;50;PISA;F;26
2023/2024;81;TRAPANI;38;FERRARA;M;126
2024/2025;15;MILANO;51;AREZZO;F;5
2024/2025;998;PROVINCIA ESTERA;42;ANCONA;M;644
2024/2025;61;CASERTA;55;TERNI;M;5
2024/2025;40;FORLI'-CESENA;15;MILANO;F;67
2024/2025;1;TORINO;42;ANCONA;M;8
2024/2025;53;GROSSETO;32;TRIESTE;F;7
2023/2024;94;ISERNIA;54;PERUGIA;F;24
2023/2024;14;SONDRIO;50;PISA;F;15
2024/2025;13;COMO;48;FIRENZE;F;31
2023/2024;108;MONZA E BRIANZA;40;FORLI'-CESENA;M;12
2023/2024;42;ANCONA;44;ASCOLI PICENO;F;97
2024/2025;69;CHIETI;34;PARMA;F;134
2024/2025;28;PADOVA;54;PERUGIA;M;10
2024/2025;87;CATANIA;59;LATINA;M;5
2024/2025;87;CATANIA;87;CATANIA;F;13196
2024/2025;109;FERMO;18;PAVIA;M;7
2024/2025;92;CAGLIARI;15;MILANO;M;47
2024/2025;34;PARMA;28;PADOVA;F;61
2023/2024;998;PROVINCIA ESTERA;70;CAMPOBASSO;M;16
2024/2025;48;FIRENZE;39;RAVENNA;F;13
2024/2025;998;PROVINCIA ESTERA;108;MONZA E BRIANZA;F;32
2023/2024;998;PROVINCIA ESTERA;86;ENNA;M;6
2024/2025;99;RIMINI;34;PARMA;F;54
2024/2025;75;LECCE;34;PARMA;F;282
2023/2024;110;BARLETTA - ANDRIA - TRANI;15;MILANO;F;180
2023/2024;19;CREMONA;17;BRESCIA;M;473
2024/2025;999;PROVINCIA NON DEFINITA;55;TERNI;F;7
2024/2025;90;SASSARI;33;PIACENZA;F;5
2023/2024;28;PADOVA;12;VARESE;M;5
2023/2024;98;LODI;34;PARMA;F;304
2024/2025;18;PAVIA;19;CREMONA;F;17
2023/2024;76;POTENZA;58;ROMA;M;585
2023/2024;20;MANTOVA;23;VERONA;M;372
2024/2025;26;TREVISO;42;ANCONA;M;7
2023/2024;67;TERAMO;67;TERAMO;M;686
2024/2025;39;RAVENNA;38;FERRARA;F;737
2024/2025;62;BENEVENTO;35;REGGIO EMILIA;F;5
2024/2025;63;NAPOLI;94;ISERNIA;M;35
2023/2024;72;BARI;50;PISA;M;107
2024/2025;46;LUCCA;100;PRATO;M;12
2023/2024;68;PESCARA;41;PESARO E URBINO;F;55
2023/2024;999;PROVINCIA NON DEFINITA;3;NOVARA;M;176
2024/2025;84;AGRIGENTO;63;NAPOLI;M;10
2023/2024;89;SIRACUSA;33;PIACENZA;M;8
2024/2025;70;CAMPOBASSO;15;MILANO;F;128
2023/2024;110;BARLETTA - ANDRIA - TRANI;36;MODENA;F;16
2023/2024;90;SASSARI;1;TORINO;F;64
2023/2024;7;AOSTA;15;MILANO;F;9
2023/2024;83;MESSINA;28;PADOVA;F;75
2024/2025;87;CATANIA;52;SIENA;F;34
2024/2025;99;RIMINI;38;FERRARA;F;160
2023/2024;63;NAPOLI;72;BARI;M;73
2023/2024;30;UDINE;22;TRENTO;F;110
2024/2025;82;PALERMO;40;FORLI'-CESENA;F;15
2023/2024;16;BERGAMO;32;TRIESTE;M;8
2024/2025;111;SUD SARDEGNA;48;FIRENZE;M;11
2023/2024;27;VENEZIA;28;PADOVA;F;3089
2023/2024;24;VICENZA;42;ANCONA;M;8
2024/2025;45;MASSA CARRARA;66;L'AQUILA;M;5
2024/2025;998;PROVINCIA ESTERA;9;SAVONA;M;74
2024/2025;97;LECCO;48;FIRENZE;F;12
2023/2024;58;ROMA;15;MILANO;M;563
2023/2024;10;GENOVA;9;SAVONA;F;332
2023/2024;56;VITERBO;10;GENOVA;F;7
2024/2025;50;PISA;52;SIENA;M;50
2023/2024;80;REGGIO CALABRIA;43;MACERATA;F;13
2023/2024;83;MESSINA;54;PERUGIA;M;32
2023/2024;32;TRIESTE;1;TORINO;M;16
2024/2025;12;VARESE;22;TRENTO;F;36
2023/2024;36;MODENA;35;REGGIO EMILIA;F;1849
2023/2024;23;VERONA;36;MODENA;F;45
2024/2025;60;FROSINONE;42;ANCONA;F;10
2023/2024;48;FIRENZE;15;MILANO;M;198
2024/2025;71;FOGGIA;27;VENEZIA;F;23
2023/2024;59;LATINA;59;LATINA;M;1072
2023/2024;72;BARI;44;ASCOLI PICENO;F;11
2024/2025;998;PROVINCIA ESTERA;40;FORLI'-CESENA;F;239
2023/2024;42;ANCONA;15;MILANO;F;242
2024/2025;10;GENOVA;66;L'AQUILA;F;8
2023/2024;87;CATANIA;23;VERONA;F;24
2024/2025;19;CREMONA;17;BRESCIA;F;623
2023/2024;77;MATERA;72;BARI;F;852
2023/2024;999;PROVINCIA NON DEFINITA;89;SIRACUSA;M;13
2024/2025;68;PESCARA;1;TORINO;F;59
2024/2025;15;MILANO;61;CASERTA;F;10
2024/2025;56;VITERBO;48;FIRENZE;M;49
2024/2025;17;BRESCIA;27;VENEZIA;F;208
2023/2024;72;BARI;40;FORLI'-CESENA;F;60
2023/2024;17;BRESCIA;12;VARESE;F;14
2024/2025;52;SIENA;38;FERRARA;M;6
2023/2024;999;PROVINCIA NON DEFINITA;42;ANCONA;F;15
2024/2025;42;ANCONA;27;VENEZIA;F;53
2024/2025;11;LA SPEZIA;58;ROMA;M;46
2023/2024;62;BENEVENTO;1;TORINO;M;59
2023/2024;11;LA SPEZIA;18;PAVIA;F;19
2024/2025;37;BOLOGNA;34;PARMA;M;100
2023/2024;71;FOGGIA;12;VARESE;F;10
2024/2025;3;NOVARA;35;REGGIO EMILIA;F;8
2024/2025;13;COMO;22;TRENTO;M;9
2024/2025;42;ANCONA;15;MILANO;F;217
2024/2025;76;POTENZA;41;PESARO E URBINO;M;28
2024/2025;96;BIELLA;58;ROMA;M;14
2023/2024;50;PISA;38;FERRARA;M;6
2023/2024;999;PROVINCIA NON DEFINITA;5;ASTI;M;28
2024/2025;999;PROVINCIA NON DEFINITA;83;MESSINA;F;341
2024/2025;39;RAVENNA;32;TRIESTE;M;7
2023/2024;26;TREVISO;63;NAPOLI;F;12
2023/2024;101;CROTONE;80;REGGIO CALABRIA;M;13
2024/2025;998;PROVINCIA ESTERA;23;VERONA;M;334
2024/2025;98;LODI;18;PAVIA;F;758
2024/2025;27;VENEZIA;24;VICENZA;F;75
2023/2024;79;CATANZARO;78;COSENZA;M;1424
2024/2025;28;PADOVA;99;RIMINI;M;5
2023/2024;55;TERNI;52;SIENA;M;50
2023/2024;36;MODENA;33;PIACENZA;F;19
2024/2025;54;PERUGIA;22;TRENTO;M;36
2024/2025;1;TORINO;52;SIENA;M;24
2024/2025;15;MILANO;33;PIACENZA;F;101
2024/2025;29;ROVIGO;36;MODENA;M;13
2024/2025;75;LECCE;17;BRESCIA;M;5
2024/2025;62;BENEVENTO;1;TORINO;M;58
2024/2025;81;TRAPANI;87;CATANIA;M;18
2023/2024;999;PROVINCIA NON DEFINITA;33;PIACENZA;F;309
2024/2025;999;PROVINCIA NON DEFINITA;54;PERUGIA;F;91
2024/2025;76;POTENZA;23;VERONA;M;9
2024/2025;76;POTENZA;35;REGGIO EMILIA;M;11
2023/2024;81;TRAPANI;72;BARI;M;6
2024/2025;84;AGRIGENTO;72;BARI;M;8
2023/2024;9;SAVONA;50;PISA;M;24
2024/2025;74;BRINDISI;63;NAPOLI;F;37
2023/2024;76;POTENZA;65;SALERNO;M;346
2024/2025;96;BIELLA;15;MILANO;M;121
2024/2025;9;SAVONA;58;ROMA;M;26
2024/2025;82;PALERMO;43;MACERATA;F;24
2024/2025;110;BARLETTA - ANDRIA - TRANI;1;TORINO;M;42
2023/2024;64;AVELLINO;16;BERGAMO;M;6
2023/2024;75;LECCE;15;MILANO;F;156
2024/2025;30;UDINE;24;VICENZA;M;14
2023/2024;87;CATANIA;33;PIACENZA;F;8
2024/2025;110;BARLETTA - ANDRIA - TRANI;63;NAPOLI;M;29
2023/2024;82;PALERMO;57;RIETI;M;12
2023/2024;17;BRESCIA;33;PIACENZA;M;22
2023/2024;70;CAMPOBASSO;36;MODENA;F;34
2024/2025;1;TORINO;36;MODENA;F;18
2024/2025;84;AGRIGENTO;89;SIRACUSA;F;12
2024/2025;42;ANCONA;42;ANCONA;F;1972
2023/2024;6;ALESSANDRIA;10;GENOVA;F;1043
2023/2024;49;LIVORNO;38;FERRARA;F;10
2024/2025;49;LIVORNO;34;PARMA;F;12
2024/2025;58;ROMA;80;REGGIO CALABRIA;F;9
2024/2025;58;ROMA;17;BRESCIA;M;23
2024/2025;1;TORINO;10;GENOVA;M;116
2023/2024;52;SIENA;22;TRENTO;M;11
2023/2024;75;LECCE;76;POTENZA;F;7
2024/2025;29;ROVIGO;37;BOLOGNA;M;146
2023/2024;53;GROSSETO;27;VENEZIA;F;20
2024/2025;47;PISTOIA;66;L'AQUILA;M;5
2023/2024;78;COSENZA;78;COSENZA;M;4835
2023/2024;23;VERONA;23;VERONA;M;3764
2023/2024;86;ENNA;88;RAGUSA;F;7
2023/2024;63;NAPOLI;26;TREVISO;F;7
2024/2025;34;PARMA;63;NAPOLI;F;8
2023/2024;999;PROVINCIA NON DEFINITA;95;ORISTANO;F;8
2023/2024;44;ASCOLI PICENO;27;VENEZIA;M;14
2023/2024;73;TARANTO;52;SIENA;F;121
2023/2024;12;VARESE;35;REGGIO EMILIA;M;6
2024/2025;23;VERONA;61;CASERTA;F;7
2023/2024;88;RAGUSA;6;ALESSANDRIA;F;7
2023/2024;17;BRESCIA;69;CHIETI;F;17
2023/2024;75;LECCE;68;PESCARA;F;60
2024/2025;6;ALESSANDRIA;63;NAPOLI;F;5
2024/2025;4;CUNEO;58;ROMA;F;75
2024/2025;999;PROVINCIA NON DEFINITA;30;UDINE;M;7
2024/2025;56;VITERBO;22;TRENTO;M;11
2023/2024;14;SONDRIO;12;VARESE;F;23
2023/2024;66;L'AQUILA;63;NAPOLI;M;15
2024/2025;6;ALESSANDRIA;15;MILANO;M;240
2024/2025;23;VERONA;66;L'AQUILA;F;5
2024/2025;16;BERGAMO;52;SIENA;F;29
2024/2025;42;ANCONA;28;PADOVA;M;118
2023/2024;998;PROVINCIA ESTERA;67;TERAMO;M;52
2024/2025;2;VERCELLI;3;NOVARA;F;316
2023/2024;37;BOLOGNA;48;FIRENZE;M;96
2024/2025;68;PESCARA;16;BERGAMO;M;11
2023/2024;50;PISA;18;PAVIA;F;8
2023/2024;73;TARANTO;35;REGGIO EMILIA;F;29
2023/2024;70;CAMPOBASSO;54;PERUGIA;F;77
2024/2025;7;AOSTA;5;ASTI;M;6
2024/2025;33;PIACENZA;19;CREMONA;F;6
2024/2025;84;AGRIGENTO;59;LATINA;F;22
2023/2024;67;TERAMO;44;ASCOLI PICENO;F;91
2024/2025;97;LECCO;1;TORINO;M;13
2023/2024;47;PISTOIA;15;MILANO;F;77
2023/2024;83;MESSINA;27;VENEZIA;M;10
2023/2024;48;FIRENZE;90;SASSARI;F;5
2023/2024;56;VITERBO;15;MILANO;F;52
2023/2024;25;BELLUNO;23;VERONA;F;155
2024/2025;27;VENEZIA;49;LIVORNO;F;21
2023/2024;87;CATANIA;34;PARMA;M;52
2023/2024;70;CAMPOBASSO;34;PARMA;M;65
2024/2025;999;PROVINCIA NON DEFINITA;28;PADOVA;F;103
2024/2025;17;BRESCIA;32;TRIESTE;F;52
2023/2024;76;POTENZA;76;POTENZA;F;1623
2024/2025;85;CALTANISSETTA;1;TORINO;M;65
2023/2024;34;PARMA;1;TORINO;F;49
2023/2024;37;BOLOGNA;36;MODENA;F;300
2023/2024;94;ISERNIA;38;FERRARA;F;6
2024/2025;73;TARANTO;15;MILANO;F;317
2023/2024;1;TORINO;5;ASTI;F;185
2024/2025;9;SAVONA;15;MILANO;M;140
2024/2025;41;PESARO E URBINO;59;LATINA;F;6
2024/2025;51;AREZZO;48;FIRENZE;F;2487
2024/2025;102;VIBO VALENTIA;72;BARI;F;6
2024/2025;82;PALERMO;27;VENEZIA;M;24
2024/2025;68;PESCARA;70;CAMPOBASSO;M;10
2023/2024;72;BARI;79;CATANZARO;F;20
2023/2024;19;CREMONA;52;SIENA;M;5
2023/2024;63;NAPOLI;6;ALESSANDRIA;F;9
2023/2024;998;PROVINCIA ESTERA;39;RAVENNA;F;110
2024/2025;18;PAVIA;48;FIRENZE;M;9
2023/2024;82;PALERMO;43;MACERATA;M;20
2023/2024;69;CHIETI;70;CAMPOBASSO;M;65
2024/2025;70;CAMPOBASSO;50;PISA;F;48
2023/2024;71;FOGGIA;73;TARANTO;F;10
2023/2024;94;ISERNIA;36;MODENA;F;10
2024/2025;72;BARI;50;PISA;F;91
2024/2025;108;MONZA E BRIANZA;40;FORLI'-CESENA;M;8
2023/2024;15;MILANO;75;LECCE;F;5
2024/2025;83;MESSINA;54;PERUGIA;F;30
2024/2025;76;POTENZA;10;GENOVA;M;11
2024/2025;79;CATANZARO;35;REGGIO EMILIA;F;13
2023/2024;20;MANTOVA;17;BRESCIA;M;270
2024/2025;64;AVELLINO;41;PESARO E URBINO;F;35
2024/2025;46;LUCCA;51;AREZZO;F;12
2023/2024;56;VITERBO;27;VENEZIA;F;15
2024/2025;88;RAGUSA;79;CATANZARO;F;12
2023/2024;80;REGGIO CALABRIA;83;MESSINA;M;1113
2024/2025;16;BERGAMO;19;CREMONA;M;10
2024/2025;44;ASCOLI PICENO;54;PERUGIA;M;80
2023/2024;69;CHIETI;32;TRIESTE;M;10
2023/2024;73;TARANTO;22;TRENTO;M;32
2023/2024;37;BOLOGNA;23;VERONA;F;40
2024/2025;93;PORDENONE;38;FERRARA;F;105
2024/2025;83;MESSINA;34;PARMA;M;27
2024/2025;71;FOGGIA;70;CAMPOBASSO;M;146
2023/2024;999;PROVINCIA NON DEFINITA;1;TORINO;F;2242
2023/2024;87;CATANIA;18;PAVIA;M;53
2024/2025;39;RAVENNA;23;VERONA;F;27
2023/2024;39;RAVENNA;22;TRENTO;F;26
2023/2024;63;NAPOLI;64;AVELLINO;M;112
2023/2024;22;TRENTO;41;PESARO E URBINO;F;33
2024/2025;82;PALERMO;82;PALERMO;M;10898
2024/2025;24;VICENZA;28;PADOVA;M;3963
2023/2024;81;TRAPANI;41;PESARO E URBINO;F;31
2024/2025;78;COSENZA;75;LECCE;F;11
2023/2024;74;BRINDISI;33;PIACENZA;F;12
2023/2024;35;REGGIO EMILIA;48;FIRENZE;F;51
2024/2025;76;POTENZA;52;SIENA;F;137
2023/2024;73;TARANTO;42;ANCONA;M;20
2024/2025;8;IMPERIA;9;SAVONA;F;50
2024/2025;19;CREMONA;52;SIENA;F;7
2023/2024;15;MILANO;69;CHIETI;F;39
2024/2025;36;MODENA;15;MILANO;M;124
2024/2025;1;TORINO;50;PISA;F;56
2023/2024;84;AGRIGENTO;16;BERGAMO;M;9
2024/2025;75;LECCE;77;MATERA;M;5
2024/2025;75;LECCE;61;CASERTA;M;35
2023/2024;35;REGGIO EMILIA;34;PARMA;F;1582
2024/2025;87;CATANIA;88;RAGUSA;M;43
2023/2024;29;ROVIGO;48;FIRENZE;F;11
2023/2024;24;VICENZA;38;FERRARA;F;791
2024/2025;68;PESCARA;23;VERONA;F;7
2023/2024;81;TRAPANI;30;UDINE;F;10
2024/2025;37;BOLOGNA;52;SIENA;M;6
2023/2024;78;COSENZA;17;BRESCIA;F;10
2023/2024;32;TRIESTE;34;PARMA;F;10
2024/2025;111;SUD SARDEGNA;34;PARMA;M;9
2023/2024;78;COSENZA;52;SIENA;F;120
2024/2025;77;MATERA;54;PERUGIA;M;41
2023/2024;63;NAPOLI;52;SIENA;M;48
2024/2025;88;RAGUSA;18;PAVIA;F;99
2023/2024;52;SIENA;66;L'AQUILA;M;11
2024/2025;72;BARI;15;MILANO;F;78
2024/2025;85;CALTANISSETTA;34;PARMA;F;53
2023/2024;32;TRIESTE;50;PISA;M;12
2024/2025;10;GENOVA;98;LODI;F;6
2023/2024;63;NAPOLI;17;BRESCIA;M;17
2024/2025;6;ALESSANDRIA;12;VARESE;F;7
2023/2024;111;SUD SARDEGNA;36;MODENA;M;7
2023/2024;96;BIELLA;22;TRENTO;F;13
2024/2025;998;PROVINCIA ESTERA;49;LIVORNO;F;14
2024/2025;88;RAGUSA;27;VENEZIA;F;20
2024/2025;14;SONDRIO;12;VARESE;F;24
2024/2025;98;LODI;28;PADOVA;M;8
2023/2024;1;TORINO;66;L'AQUILA;F;23
2023/2024;15;MILANO;50;PISA;M;71
2024/2025;8;IMPERIA;34;PARMA;M;10
2023/2024;70;CAMPOBASSO;37;BOLOGNA;F;226
2023/2024;67;TERAMO;27;VENEZIA;M;5
2023/2024;80;REGGIO CALABRIA;39;RAVENNA;F;11
2023/2024;96;BIELLA;12;VARESE;F;11
2024/2025;84;AGRIGENTO;12;VARESE;M;21
2024/2025;65;SALERNO;49;LIVORNO;M;9
2024/2025;61;CASERTA;60;FROSINONE;F;656
2024/2025;102;VIBO VALENTIA;1;TORINO;M;42
2024/2025;55;TERNI;34;PARMA;F;14
2023/2024;26;TREVISO;36;MODENA;F;18
2024/2025;59;LATINA;18;PAVIA;F;25
2023/2024;25;BELLUNO;41;PESARO E URBINO;M;6
2024/2025;82;PALERMO;25;BELLUNO;M;15
2024/2025;54;PERUGIA;39;RAVENNA;M;5
2024/2025;38;FERRARA;28;PADOVA;M;142
2024/2025;65;SALERNO;35;REGGIO EMILIA;M;16
2023/2024;71;FOGGIA;27;VENEZIA;M;9
2023/2024;78;COSENZA;71;FOGGIA;F;9
2023/2024;30;UDINE;41;PESARO E URBINO;F;18
2023/2024;85;CALTANISSETTA;26;TREVISO;F;6
2023/2024;48;FIRENZE;75;LECCE;F;5
2023/2024;80;REGGIO CALABRIA;10;GENOVA;F;27
2023/2024;15;MILANO;43;MACERATA;M;13
2023/2024;99;RIMINI;67;TERAMO;F;10
2023/2024;87;CATANIA;38;FERRARA;F;57
2024/2025;10;GENOVA;63;NAPOLI;F;7
2024/2025;60;FROSINONE;67;TERAMO;M;14
2023/2024;73;TARANTO;63;NAPOLI;M;55
2024/2025;94;ISERNIA;69;CHIETI;M;37
2023/2024;12;VARESE;16;BERGAMO;M;33
2024/2025;26;TREVISO;21;BOLZANO;M;10
2023/2024;2;VERCELLI;28;PADOVA;M;7
2024/2025;63;NAPOLI;61;CASERTA;F;2975
2024/2025;69;CHIETI;43;MACERATA;M;66
2024/2025;44;ASCOLI PICENO;40;FORLI'-CESENA;M;22
2024/2025;90;SASSARI;50;PISA;M;162
2023/2024;58;ROMA;32;TRIESTE;M;43
2023/2024;29;ROVIGO;36;MODENA;M;13
2023/2024;3;NOVARA;10;GENOVA;M;13
2023/2024;64;AVELLINO;94;ISERNIA;M;5
2023/2024;998;PROVINCIA ESTERA;26;TREVISO;M;49
2024/2025;71;FOGGIA;37;BOLOGNA;F;379
2023/2024;36;MODENA;20;MANTOVA;M;18
2023/2024;72;BARI;70;CAMPOBASSO;F;67
2024/2025;108;MONZA E BRIANZA;83;MESSINA;F;6
2024/2025;49;LIVORNO;38;FERRARA;F;13
2023/2024;1;TORINO;3;NOVARA;M;188
2024/2025;63;NAPOLI;16;BERGAMO;M;41
2023/2024;68;PESCARA;37;BOLOGNA;F;278
2023/2024;75;LECCE;61;CASERTA;M;29
2024/2025;73;TARANTO;60;FROSINONE;F;6
2024/2025;31;GORIZIA;1;TORINO;M;6
2023/2024;79;CATANZARO;78;COSENZA;F;1712
2023/2024;103;VERBANO CUSIO OSSOLA;48;FIRENZE;F;18
2023/2024;12;VARESE;37;BOLOGNA;M;61
2023/2024;89;SIRACUSA;82;PALERMO;F;97
2023/2024;18;PAVIA;33;PIACENZA;F;68
2023/2024;84;AGRIGENTO;40;FORLI'-CESENA;F;10
2024/2025;999;PROVINCIA NON DEFINITA;33;PIACENZA;F;50
2024/2025;26;TREVISO;79;CATANZARO;F;6
2024/2025;998;PROVINCIA ESTERA;1;TORINO;F;2619
2024/2025;59;LATINA;16;BERGAMO;F;6
2023/2024;110;BARLETTA - ANDRIA - TRANI;75;LECCE;F;31
2023/2024;39;RAVENNA;15;MILANO;M;89
2023/2024;17;BRESCIA;10;GENOVA;F;42
2024/2025;998;PROVINCIA ESTERA;82;PALERMO;M;343
2024/2025;22;TRENTO;27;VENEZIA;M;89
2023/2024;63;NAPOLI;76;POTENZA;M;17
2024/2025;73;TARANTO;32;TRIESTE;M;19
2024/2025;59;LATINA;58;ROMA;M;3369
2024/2025;998;PROVINCIA ESTERA;62;BENEVENTO;F;20
2024/2025;74;BRINDISI;56;VITERBO;M;16
2024/2025;19;CREMONA;18;PAVIA;F;287
2024/2025;68;PESCARA;1;TORINO;M;102
2024/2025;59;LATINA;67;TERAMO;M;7
2023/2024;999;PROVINCIA NON DEFINITA;84;AGRIGENTO;F;53
2023/2024;45;MASSA CARRARA;46;LUCCA;F;6
2024/2025;83;MESSINA;73;TARANTO;M;11
2023/2024;56;VITERBO;58;ROMA;M;1218
2024/2025;102;VIBO VALENTIA;35;REGGIO EMILIA;F;5
2023/2024;23;VERONA;3;NOVARA;F;8
2023/2024;66;L'AQUILA;69;CHIETI;F;460
2024/2025;28;PADOVA;32;TRIESTE;F;80
2023/2024;1;TORINO;99;RIMINI;F;14
2024/2025;75;LECCE;57;RIETI;F;10
2023/2024;999;PROVINCIA NON DEFINITA;52;SIENA;F;315
2023/2024;70;CAMPOBASSO;63;NAPOLI;F;129
2023/2024;60;FROSINONE;36;MODENA;F;10
2023/2024;94;ISERNIA;94;ISERNIA;F;95
2023/2024;71;FOGGIA;52;SIENA;F;67
2023/2024;24;VICENZA;26;TREVISO;F;182
2024/2025;41;PESARO E URBINO;68;PESCARA;F;5
2024/2025;93;PORDENONE;15;MILANO;F;100
2023/2024;89;SIRACUSA;51;AREZZO;F;7
2023/2024;1;TORINO;54;PERUGIA;F;50
2023/2024;77;MATERA;36;MODENA;F;27
2024/2025;49;LIVORNO;48;FIRENZE;F;714
2024/2025;86;ENNA;35;REGGIO EMILIA;F;7
2024/2025;57;RIETI;1;TORINO;F;13
2024/2025;84;AGRIGENTO;18;PAVIA;F;131
2024/2025;34;PARMA;15;MILANO;M;220
2024/2025;91;NUORO;54;PERUGIA;M;16
2024/2025;63;NAPOLI;108;MONZA E BRIANZA;F;5
2023/2024;41;PESARO E URBINO;23;VERONA;M;7
2024/2025;5;ASTI;18;PAVIA;F;61
2023/2024;33;PIACENZA;38;FERRARA;M;6
2023/2024;81;TRAPANI;81;TRAPANI;M;181
2024/2025;81;TRAPANI;42;ANCONA;F;11
2024/2025;19;CREMONA;15;MILANO;F;196
2023/2024;57;RIETI;1;TORINO;F;14
2023/2024;109;FERMO;66;L'AQUILA;F;29
2024/2025;1;TORINO;32;TRIESTE;M;14
2023/2024;10;GENOVA;50;PISA;F;124
2024/2025;87;CATANIA;73;TARANTO;M;9
2023/2024;61;CASERTA;35;REGGIO EMILIA;F;15
2024/2025;998;PROVINCIA ESTERA;78;COSENZA;M;425
2023/2024;62;BENEVENTO;56;VITERBO;M;12
2023/2024;44;ASCOLI PICENO;50;PISA;F;16
2023/2024;11;LA SPEZIA;1;TORINO;M;19
2023/2024;33;PIACENZA;37;BOLOGNA;M;60
2023/2024;78;COSENZA;32;TRIESTE;F;15
2024/2025;43;MACERATA;27;VENEZIA;M;17
2024/2025;18;PAVIA;16;BERGAMO;M;5
2024/2025;69;CHIETI;70;CAMPOBASSO;F;170
2024/2025;41;PESARO E URBINO;36;MODENA;F;41
2023/2024;40;FORLI'-CESENA;35;REGGIO EMILIA;M;11
2024/2025;46;LUCCA;37;BOLOGNA;M;60
2023/2024;67;TERAMO;40;FORLI'-CESENA;M;24
2024/2025;11;LA SPEZIA;9;SAVONA;F;8
2023/2024;68;PESCARA;35;REGGIO EMILIA;F;8
2024/2025;999;PROVINCIA NON DEFINITA;34;PARMA;M;165
2023/2024;61;CASERTA;40;FORLI'-CESENA;M;8
2023/2024;65;SALERNO;38;FERRARA;F;93
2024/2025;16;BERGAMO;17;BRESCIA;F;1100
2023/2024;17;BRESCIA;33;PIACENZA;F;51
2023/2024;13;COMO;22;TRENTO;M;7
2023/2024;103;VERBANO CUSIO OSSOLA;27;VENEZIA;F;11
2023/2024;73;TARANTO;17;BRESCIA;F;13
2023/2024;54;PERUGIA;82;PALERMO;M;5
2023/2024;67;TERAMO;50;PISA;M;28
2024/2025;12;VARESE;42;ANCONA;F;6
2024/2025;15;MILANO;11;LA SPEZIA;F;10
2024/2025;77;MATERA;48;FIRENZE;M;44
2024/2025;90;SASSARI;16;BERGAMO;M;9
2024/2025;40;FORLI'-CESENA;41;PESARO E URBINO;F;486
2023/2024;68;PESCARA;15;MILANO;F;242
2024/2025;83;MESSINA;80;REGGIO CALABRIA;F;188
2023/2024;73;TARANTO;36;MODENA;F;46
2024/2025;91;NUORO;36;MODENA;F;5
2024/2025;108;MONZA E BRIANZA;15;MILANO;F;6850
2023/2024;7;AOSTA;32;TRIESTE;F;10
2023/2024;15;MILANO;10;GENOVA;F;173
2023/2024;7;AOSTA;34;PARMA;F;11
2023/2024;22;TRENTO;66;L'AQUILA;M;8
2023/2024;998;PROVINCIA ESTERA;31;GORIZIA;M;38
2023/2024;63;NAPOLI;59;LATINA;M;74
2024/2025;75;LECCE;24;VICENZA;F;5
2024/2025;94;ISERNIA;61;CASERTA;F;16
2024/2025;20;MANTOVA;36;MODENA;M;307
2024/2025;65;SALERNO;23;VERONA;F;44
2023/2024;70;CAMPOBASSO;83;MESSINA;F;5
2023/2024;102;VIBO VALENTIA;1;TORINO;M;40
2024/2025;111;SUD SARDEGNA;54;PERUGIA;F;15
2023/2024;26;TREVISO;38;FERRARA;M;276
2023/2024;75;LECCE;11;LA SPEZIA;M;9
2024/2025;99;RIMINI;55;TERNI;F;7
2023/2024;68;PESCARA;34;PARMA;M;50
2024/2025;63;NAPOLI;34;PARMA;M;87
2023/2024;35;REGGIO EMILIA;18;PAVIA;M;11
2023/2024;95;ORISTANO;1;TORINO;F;12
2023/2024;8;IMPERIA;50;PISA;F;36
2024/2025;68;PESCARA;109;FERMO;M;29
2024/2025;54;PERUGIA;15;MILANO;M;130
2023/2024;85;CALTANISSETTA;22;TRENTO;F;21
2024/2025;76;POTENZA;36;MODENA;M;71
2023/2024;40;FORLI'-CESENA;39;RAVENNA;F;526
2023/2024;82;PALERMO;85;CALTANISSETTA;M;87
2024/2025;75;LECCE;55;TERNI;F;10
2023/2024;998;PROVINCIA ESTERA;108;MONZA E BRIANZA;M;10
2023/2024;89;SIRACUSA;79;CATANZARO;F;24
2024/2025;69;CHIETI;99;RIMINI;M;8
2023/2024;69;CHIETI;50;PISA;M;72
2023/2024;86;ENNA;37;BOLOGNA;F;54
2024/2025;48;FIRENZE;10;GENOVA;F;10
2023/2024;998;PROVINCIA ESTERA;73;TARANTO;M;5
2023/2024;37;BOLOGNA;99;RIMINI;M;121
2023/2024;48;FIRENZE;22;TRENTO;F;37
2024/2025;3;NOVARA;48;FIRENZE;M;11
2023/2024;21;BOLZANO;23;VERONA;F;217
2024/2025;35;REGGIO EMILIA;21;BOLZANO;F;12
2024/2025;90;SASSARI;48;FIRENZE;M;36
2023/2024;23;VERONA;32;TRIESTE;F;61
2023/2024;80;REGGIO CALABRIA;54;PERUGIA;M;32
2023/2024;6;ALESSANDRIA;34;PARMA;F;25
2023/2024;41;PESARO E URBINO;59;LATINA;F;6
2023/2024;4;CUNEO;27;VENEZIA;F;54
2024/2025;83;MESSINA;28;PADOVA;F;69
2023/2024;31;GORIZIA;34;PARMA;F;7
2023/2024;32;TRIESTE;28;PADOVA;F;81
2024/2025;65;SALERNO;40;FORLI'-CESENA;F;41
2023/2024;27;VENEZIA;28;PADOVA;M;2980
2024/2025;74;BRINDISI;42;ANCONA;F;22
2023/2024;63;NAPOLI;15;MILANO;F;112
2023/2024;39;RAVENNA;48;FIRENZE;M;26
2023/2024;12;VARESE;42;ANCONA;F;5
2023/2024;16;BERGAMO;90;SASSARI;F;6
2023/2024;64;AVELLINO;67;TERAMO;F;8
2023/2024;30;UDINE;63;NAPOLI;F;8
2024/2025;88;RAGUSA;87;CATANIA;M;909
2024/2025;5;ASTI;48;FIRENZE;F;5
2024/2025;68;PESCARA;42;ANCONA;F;129
2024/2025;25;BELLUNO;41;PESARO E URBINO;F;12
2024/2025;46;LUCCA;10;GENOVA;F;12
2023/2024;102;VIBO VALENTIA;72;BARI;F;6
2023/2024;84;AGRIGENTO;58;ROMA;F;405
2023/2024;87;CATANIA;15;MILANO;M;350
2024/2025;80;REGGIO CALABRIA;34;PARMA;M;40
2023/2024;82;PALERMO;58;ROMA;M;332
2024/2025;68;PESCARA;10;GENOVA;F;5
2024/2025;73;TARANTO;16;BERGAMO;M;11
2024/2025;32;TRIESTE;58;ROMA;M;30
2023/2024;78;COSENZA;56;VITERBO;M;11
2024/2025;60;FROSINONE;68;PESCARA;M;11
2023/2024;27;VENEZIA;15;MILANO;M;167
2024/2025;69;CHIETI;49;LIVORNO;M;6
2024/2025;85;CALTANISSETTA;12;VARESE;M;11
2023/2024;73;TARANTO;79;CATANZARO;F;26
2023/2024;58;ROMA;4;CUNEO;F;6
2024/2025;75;LECCE;3;NOVARA;F;13
2023/2024;71;FOGGIA;65;SALERNO;F;21
2024/2025;68;PESCARA;48;FIRENZE;M;36
2024/2025;24;VICENZA;25;BELLUNO;F;15
2024/2025;60;FROSINONE;42;ANCONA;M;10
2024/2025;22;TRENTO;18;PAVIA;M;24
2024/2025;13;COMO;19;CREMONA;F;21
2023/2024;75;LECCE;71;FOGGIA;M;34
2024/2025;95;ORISTANO;92;CAGLIARI;F;1333
2024/2025;66;L'AQUILA;15;MILANO;M;49
2024/2025;35;REGGIO EMILIA;58;ROMA;M;27
2023/2024;60;FROSINONE;27;VENEZIA;M;7
2023/2024;7;AOSTA;17;BRESCIA;F;10
2023/2024;69;CHIETI;22;TRENTO;M;19
2023/2024;15;MILANO;65;SALERNO;F;5
2023/2024;30;UDINE;27;VENEZIA;M;138
2024/2025;88;RAGUSA;16;BERGAMO;M;8
2023/2024;109;FERMO;63;NAPOLI;F;5
2023/2024;23;VERONA;69;CHIETI;F;19
2024/2025;89;SIRACUSA;15;MILANO;F;185
2023/2024;103;VERBANO CUSIO OSSOLA;36;MODENA;M;7
2023/2024;57;RIETI;57;RIETI;M;130
2024/2025;110;BARLETTA - ANDRIA - TRANI;71;FOGGIA;F;1053
2023/2024;998;PROVINCIA ESTERA;44;ASCOLI PICENO;F;26
2024/2025;28;PADOVA;34;PARMA;M;22
2023/2024;41;PESARO E URBINO;68;PESCARA;F;5
2023/2024;98;LODI;16;BERGAMO;M;10
2023/2024;1;TORINO;40;FORLI'-CESENA;M;16
2023/2024;85;CALTANISSETTA;43;MACERATA;F;10
2023/2024;102;VIBO VALENTIA;79;CATANZARO;M;252
2024/2025;90;SASSARI;99;RIMINI;F;5
2024/2025;76;POTENZA;76;POTENZA;F;1578
2024/2025;46;LUCCA;34;PARMA;M;11
2024/2025;91;NUORO;23;VERONA;M;6
2024/2025;78;COSENZA;38;FERRARA;F;132
2023/2024;95;ORISTANO;36;MODENA;F;6
2023/2024;15;MILANO;2;VERCELLI;F;89
2024/2025;41;PESARO E URBINO;44;ASCOLI PICENO;F;12
2023/2024;92;CAGLIARI;48;FIRENZE;M;31
2023/2024;86;ENNA;23;VERONA;F;8
2023/2024;102;VIBO VALENTIA;66;L'AQUILA;M;14
2023/2024;64;AVELLINO;32;TRIESTE;F;17
2024/2025;9;SAVONA;54;PERUGIA;M;7
2024/2025;25;BELLUNO;18;PAVIA;F;7
2023/2024;10;GENOVA;15;MILANO;M;141
2024/2025;46;LUCCA;1;TORINO;F;38
2024/2025;73;TARANTO;34;PARMA;M;99
2023/2024;31;GORIZIA;22;TRENTO;M;16
2023/2024;82;PALERMO;52;SIENA;F;46
2024/2025;18;PAVIA;28;PADOVA;F;25
2024/2025;77;MATERA;83;MESSINA;F;6
2024/2025;81;TRAPANI;92;CAGLIARI;F;5
2024/2025;77;MATERA;37;BOLOGNA;F;167
2024/2025;19;CREMONA;19;CREMONA;M;137
2023/2024;108;MONZA E BRIANZA;6;ALESSANDRIA;M;6
2023/2024;94;ISERNIA;61;CASERTA;M;5
2024/2025;83;MESSINA;79;CATANZARO;F;18
2024/2025;75;LECCE;71;FOGGIA;M;31
2023/2024;66;L'AQUILA;10;GENOVA;F;9
2024/2025;60;FROSINONE;27;VENEZIA;F;10
2024/2025;95;ORISTANO;15;MILANO;M;8
2024/2025;75;LECCE;6;ALESSANDRIA;M;5
2024/2025;31;GORIZIA;30;UDINE;F;428
2024/2025;47;PISTOIA;27;VENEZIA;M;9
2023/2024;7;AOSTA;15;MILANO;M;10
2024/2025;108;MONZA E BRIANZA;66;L'AQUILA;M;6
2023/2024;58;ROMA;99;RIMINI;F;12
2023/2024;100;PRATO;37;BOLOGNA;M;175
2024/2025;4;CUNEO;27;VENEZIA;M;16
2024/2025;66;L'AQUILA;68;PESCARA;M;207
2023/2024;89;SIRACUSA;50;PISA;M;98
2024/2025;78;COSENZA;55;TERNI;F;11
2023/2024;1;TORINO;30;UDINE;M;10
2024/2025;49;LIVORNO;48;FIRENZE;M;261
2023/2024;74;BRINDISI;28;PADOVA;F;76
2024/2025;67;TERAMO;23;VERONA;M;5
2023/2024;78;COSENZA;61;CASERTA;M;13
2023/2024;74;BRINDISI;99;RIMINI;M;8
2023/2024;69;CHIETI;43;MACERATA;M;79
2024/2025;84;AGRIGENTO;72;BARI;F;8
2023/2024;36;MODENA;19;CREMONA;F;5
2024/2025;70;CAMPOBASSO;66;L'AQUILA;F;39
2023/2024;17;BRESCIA;39;RAVENNA;M;5
2024/2025;77;MATERA;77;MATERA;M;99
2024/2025;59;LATINA;67;TERAMO;F;22
2023/2024;48;FIRENZE;50;PISA;F;848
2024/2025;48;FIRENZE;1;TORINO;F;100
2023/2024;84;AGRIGENTO;1;TORINO;F;63
2024/2025;76;POTENZA;35;REGGIO EMILIA;F;22
2023/2024;30;UDINE;26;TREVISO;M;14
2023/2024;999;PROVINCIA NON DEFINITA;33;PIACENZA;M;146
2024/2025;15;MILANO;75;LECCE;F;6
2024/2025;75;LECCE;1;TORINO;M;272
2024/2025;28;PADOVA;30;UDINE;M;21
2024/2025;12;VARESE;16;BERGAMO;M;34
2023/2024;56;VITERBO;66;L'AQUILA;F;34
2023/2024;24;VICENZA;43;MACERATA;M;5
2024/2025;998;PROVINCIA ESTERA;24;VICENZA;F;107
2023/2024;43;MACERATA;37;BOLOGNA;M;194
2024/2025;68;PESCARA;37;BOLOGNA;F;276
2024/2025;999;PROVINCIA NON DEFINITA;37;BOLOGNA;F;2254
2024/2025;48;FIRENZE;37;BOLOGNA;F;405
2024/2025;19;CREMONA;40;FORLI'-CESENA;F;11
2024/2025;109;FERMO;16;BERGAMO;F;5
2024/2025;9;SAVONA;22;TRENTO;M;7
2024/2025;38;FERRARA;30;UDINE;F;9
2023/2024;50;PISA;38;FERRARA;F;7
2023/2024;47;PISTOIA;46;LUCCA;F;9
2023/2024;998;PROVINCIA ESTERA;83;MESSINA;M;1057
2024/2025;999;PROVINCIA NON DEFINITA;33;PIACENZA;M;21
2023/2024;8;IMPERIA;4;CUNEO;F;9
2023/2024;99;RIMINI;52;SIENA;M;8
2024/2025;36;MODENA;43;MACERATA;F;9
2023/2024;82;PALERMO;35;REGGIO EMILIA;F;16
2024/2025;103;VERBANO CUSIO OSSOLA;2;VERCELLI;M;19
2023/2024;61;CASERTA;43;MACERATA;M;27
2024/2025;110;BARLETTA - ANDRIA - TRANI;75;LECCE;M;7
2023/2024;12;VARESE;69;CHIETI;M;5
2023/2024;92;CAGLIARI;15;MILANO;M;50
2023/2024;70;CAMPOBASSO;109;FERMO;M;7
2024/2025;75;LECCE;50;PISA;F;126
2023/2024;18;PAVIA;10;GENOVA;F;164
2024/2025;1;TORINO;90;SASSARI;F;30
2023/2024;32;TRIESTE;48;FIRENZE;M;12
2024/2025;82;PALERMO;42;ANCONA;F;5
2024/2025;63;NAPOLI;86;ENNA;F;10
2023/2024;93;PORDENONE;40;FORLI'-CESENA;F;28
2023/2024;11;LA SPEZIA;50;PISA;M;889
2023/2024;72;BARI;50;PISA;F;102
2024/2025;6;ALESSANDRIA;10;GENOVA;F;1024
2024/2025;79;CATANZARO;38;FERRARA;M;16
2023/2024;69;CHIETI;37;BOLOGNA;F;402
2023/2024;101;CROTONE;79;CATANZARO;M;311
2024/2025;71;FOGGIA;34;PARMA;M;133
2023/2024;21;BOLZANO;72;BARI;F;5
2023/2024;19;CREMONA;37;BOLOGNA;M;55
2023/2024;77;MATERA;36;MODENA;M;37
2023/2024;80;REGGIO CALABRIA;67;TERAMO;M;6
2024/2025;19;CREMONA;108;MONZA E BRIANZA;M;7
2024/2025;81;TRAPANI;18;PAVIA;F;71
2024/2025;81;TRAPANI;79;CATANZARO;F;6
2024/2025;74;BRINDISI;15;MILANO;F;246
2023/2024;80;REGGIO CALABRIA;83;MESSINA;F;2406
2024/2025;28;PADOVA;63;NAPOLI;F;5
2023/2024;54;PERUGIA;35;REGGIO EMILIA;F;16
2023/2024;111;SUD SARDEGNA;34;PARMA;M;8
2023/2024;84;AGRIGENTO;9;SAVONA;M;5
2024/2025;78;COSENZA;86;ENNA;M;13
2024/2025;72;BARI;48;FIRENZE;F;109
2024/2025;36;MODENA;99;RIMINI;F;47
2024/2025;58;ROMA;38;FERRARA;M;38
2024/2025;42;ANCONA;109;FERMO;F;39
2023/2024;6;ALESSANDRIA;12;VARESE;M;7
2024/2025;63;NAPOLI;15;MILANO;F;755
2023/2024;81;TRAPANI;23;VERONA;F;48
2024/2025;64;AVELLINO;82;PALERMO;F;5
2024/2025;81;TRAPANI;90;SASSARI;M;5
2023/2024;3;NOVARA;27;VENEZIA;F;36
2024/2025;47;PISTOIA;40;FORLI'-CESENA;M;9
2024/2025;14;SONDRIO;10;GENOVA;F;13
2023/2024;54;PERUGIA;10;GENOVA;M;8
2023/2024;67;TERAMO;15;MILANO;F;142
2023/2024;72;BARI;61;CASERTA;F;27
2024/2025;16;BERGAMO;18;PAVIA;M;221
2024/2025;49;LIVORNO;40;FORLI'-CESENA;M;5
2024/2025;46;LUCCA;49;LIVORNO;M;15
2024/2025;57;RIETI;37;BOLOGNA;M;31
2024/2025;10;GENOVA;37;BOLOGNA;M;83
2023/2024;75;LECCE;38;FERRARA;M;206
2023/2024;87;CATANIA;41;PESARO E URBINO;F;32
2023/2024;75;LECCE;72;BARI;M;371
2023/2024;95;ORISTANO;15;MILANO;F;48
2023/2024;96;BIELLA;52;SIENA;F;8
2024/2025;15;MILANO;30;UDINE;M;10
2023/2024;998;PROVINCIA ESTERA;55;TERNI;F;52
2024/2025;66;L'AQUILA;36;MODENA;M;29
2023/2024;16;BERGAMO;21;BOLZANO;F;12
2024/2025;8;IMPERIA;1;TORINO;M;261
2024/2025;10;GENOVA;27;VENEZIA;M;18
2023/2024;70;CAMPOBASSO;27;VENEZIA;F;14
2023/2024;56;VITERBO;51;AREZZO;F;7
2024/2025;999;PROVINCIA NON DEFINITA;96;BIELLA;F;74
2023/2024;54;PERUGIA;36;MODENA;M;29
2024/2025;999;PROVINCIA NON DEFINITA;12;VARESE;F;46
2023/2024;82;PALERMO;57;RIETI;F;26
2024/2025;22;TRENTO;92;CAGLIARI;M;5
2023/2024;22;TRENTO;36;MODENA;F;21
2024/2025;58;ROMA;48;FIRENZE;M;237
2023/2024;92;CAGLIARI;58;ROMA;M;119
2024/2025;74;BRINDISI;23;VERONA;M;7
2024/2025;91;NUORO;58;ROMA;M;67
2024/2025;9;SAVONA;8;IMPERIA;F;42
2024/2025;38;FERRARA;23;VERONA;F;54
2024/2025;67;TERAMO;52;SIENA;F;15
2023/2024;75;LECCE;32;TRIESTE;F;33
2024/2025;38;FERRARA;69;CHIETI;F;7
2023/2024;49;LIVORNO;1;TORINO;F;11
2024/2025;88;RAGUSA;82;PALERMO;M;51
2023/2024;998;PROVINCIA ESTERA;10;GENOVA;M;1247
2023/2024;47;PISTOIA;15;MILANO;M;44
2024/2025;84;AGRIGENTO;15;MILANO;M;167
2024/2025;10;GENOVA;55;TERNI;F;5
2024/2025;59;LATINA;17;BRESCIA;F;5
2023/2024;24;VICENZA;24;VICENZA;M;1334
2023/2024;25;BELLUNO;23;VERONA;M;69
2023/2024;69;CHIETI;1;TORINO;F;85
2024/2025;97;LECCO;1;TORINO;F;37
2024/2025;39;RAVENNA;58;ROMA;F;79
2023/2024;58;ROMA;78;COSENZA;M;10
2024/2025;16;BERGAMO;16;BERGAMO;F;6522
2024/2025;89;SIRACUSA;63;NAPOLI;F;21
2024/2025;3;NOVARA;27;VENEZIA;M;14
2023/2024;99;RIMINI;15;MILANO;F;215
2023/2024;35;REGGIO EMILIA;1;TORINO;F;45
2024/2025;76;POTENZA;75;LECCE;F;29
2024/2025;20;MANTOVA;1;TORINO;F;32
2023/2024;82;PALERMO;36;MODENA;F;30
2024/2025;62;BENEVENTO;61;CASERTA;F;200
2024/2025;12;VARESE;12;VARESE;F;2856
2024/2025;91;NUORO;92;CAGLIARI;M;1012
2023/2024;63;NAPOLI;15;MILANO;M;171
2023/2024;10;GENOVA;32;TRIESTE;F;12
2024/2025;56;VITERBO;54;PERUGIA;M;112
2024/2025;75;LECCE;54;PERUGIA;F;128
2023/2024;48;FIRENZE;36;MODENA;F;17
2023/2024;11;LA SPEZIA;49;LIVORNO;M;13
2024/2025;13;COMO;108;MONZA E BRIANZA;M;40
2024/2025;27;VENEZIA;22;TRENTO;M;102
2023/2024;21;BOLZANO;15;MILANO;F;122
2024/2025;97;LECCO;23;VERONA;F;5
2024/2025;16;BERGAMO;3;NOVARA;F;26
2024/2025;25;BELLUNO;26;TREVISO;F;48
2024/2025;48;FIRENZE;48;FIRENZE;M;8558
2024/2025;57;RIETI;1;TORINO;M;20
2024/2025;88;RAGUSA;87;CATANIA;F;1337
2023/2024;109;FERMO;15;MILANO;M;80
2023/2024;28;PADOVA;69;CHIETI;F;11
2023/2024;54;PERUGIA;40;FORLI'-CESENA;F;60
2023/2024;73;TARANTO;3;NOVARA;F;6
2023/2024;108;MONZA E BRIANZA;12;VARESE;M;239
2023/2024;28;PADOVA;36;MODENA;M;18
2024/2025;26;TREVISO;58;ROMA;M;97
2023/2024;76;POTENZA;23;VERONA;F;13
2023/2024;81;TRAPANI;1;TORINO;M;124
2024/2025;48;FIRENZE;90;SASSARI;M;5
2023/2024;5;ASTI;33;PIACENZA;F;5
2023/2024;93;PORDENONE;22;TRENTO;F;77
2024/2025;62;BENEVENTO;37;BOLOGNA;F;112
2024/2025;82;PALERMO;92;CAGLIARI;F;8
2024/2025;63;NAPOLI;32;TRIESTE;F;47
2024/2025;10;GENOVA;18;PAVIA;M;90
2024/2025;998;PROVINCIA ESTERA;58;ROMA;F;8537
2023/2024;101;CROTONE;54;PERUGIA;M;48
2023/2024;89;SIRACUSA;79;CATANZARO;M;17
2024/2025;72;BARI;35;REGGIO EMILIA;M;13
2023/2024;52;SIENA;15;MILANO;M;66
2024/2025;61;CASERTA;27;VENEZIA;M;10
2023/2024;72;BARI;58;ROMA;M;558
2023/2024;72;BARI;52;SIENA;M;35
2024/2025;58;ROMA;16;BERGAMO;F;51
2023/2024;71;FOGGIA;23;VERONA;M;16
2023/2024;9;SAVONA;1;TORINO;F;431
2023/2024;82;PALERMO;23;VERONA;F;34
2024/2025;6;ALESSANDRIA;90;SASSARI;F;7
2023/2024;34;PARMA;32;TRIESTE;F;9
2024/2025;14;SONDRIO;97;LECCO;M;33
2024/2025;73;TARANTO;75;LECCE;F;1584
2024/2025;70;CAMPOBASSO;40;FORLI'-CESENA;F;15
2024/2025;21;BOLZANO;36;MODENA;M;21
2024/2025;17;BRESCIA;35;REGGIO EMILIA;F;28
2023/2024;78;COSENZA;28;PADOVA;M;36
2024/2025;30;UDINE;39;RAVENNA;F;5
2023/2024;41;PESARO E URBINO;40;FORLI'-CESENA;M;196
2023/2024;49;LIVORNO;40;FORLI'-CESENA;F;13
2023/2024;37;BOLOGNA;15;MILANO;F;279
2023/2024;28;PADOVA;52;SIENA;M;11
2023/2024;68;PESCARA;67;TERAMO;M;325
2023/2024;81;TRAPANI;22;TRENTO;F;36
2023/2024;94;ISERNIA;63;NAPOLI;M;78
2024/2025;27;VENEZIA;26;TREVISO;F;407
2024/2025;26;TREVISO;31;GORIZIA;F;56
2023/2024;97;LECCO;12;VARESE;F;68
2024/2025;111;SUD SARDEGNA;38;FERRARA;F;7
2023/2024;40;FORLI'-CESENA;37;BOLOGNA;M;1358
2024/2025;21;BOLZANO;72;BARI;M;5
2023/2024;65;SALERNO;33;PIACENZA;F;5
2024/2025;85;CALTANISSETTA;83;MESSINA;F;257
2023/2024;58;ROMA;57;RIETI;F;31
2023/2024;70;CAMPOBASSO;18;PAVIA;F;16
2023/2024;60;FROSINONE;57;RIETI;F;5
2023/2024;32;TRIESTE;1;TORINO;F;6
2024/2025;5;ASTI;33;PIACENZA;F;5
2023/2024;24;VICENZA;29;ROVIGO;M;29
2024/2025;12;VARESE;11;LA SPEZIA;M;6
2023/2024;71;FOGGIA;44;ASCOLI PICENO;M;8
2024/2025;24;VICENZA;90;SASSARI;F;6
2023/2024;87;CATANIA;78;COSENZA;M;7
2024/2025;69;CHIETI;50;PISA;M;62
2023/2024;16;BERGAMO;30;UDINE;M;7
2024/2025;61;CASERTA;17;BRESCIA;M;6
2023/2024;3;NOVARA;10;GENOVA;F;33
2024/2025;66;L'AQUILA;52;SIENA;M;21
2023/2024;75;LECCE;15;MILANO;M;561
2024/2025;73;TARANTO;43;MACERATA;F;34
2024/2025;1;TORINO;82;PALERMO;M;12
2023/2024;58;ROMA;97;LECCO;F;5
2024/2025;24;VICENZA;23;VERONA;F;1962
2024/2025;87;CATANIA;61;CASERTA;M;9
2023/2024;67;TERAMO;35;REGGIO EMILIA;F;16
2024/2025;18;PAVIA;18;PAVIA;F;3366
2023/2024;99;RIMINI;27;VENEZIA;F;64
2024/2025;79;CATANZARO;66;L'AQUILA;F;15
2024/2025;87;CATANIA;87;CATANIA;M;9789
2023/2024;83;MESSINA;22;TRENTO;M;30
2024/2025;38;FERRARA;22;TRENTO;M;33
2024/2025;1;TORINO;12;VARESE;M;21
2024/2025;91;NUORO;52;SIENA;F;30
2023/2024;56;VITERBO;63;NAPOLI;F;8
2024/2025;58;ROMA;1;TORINO;F;113
2024/2025;68;PESCARA;34;PARMA;M;48
2023/2024;94;ISERNIA;27;VENEZIA;F;5
2024/2025;13;COMO;15;MILANO;M;1000
2023/2024;998;PROVINCIA ESTERA;71;FOGGIA;M;20
2023/2024;15;MILANO;97;LECCO;F;53
2023/2024;28;PADOVA;32;TRIESTE;M;41
2023/2024;90;SASSARI;40;FORLI'-CESENA;M;23
2024/2025;42;ANCONA;23;VERONA;F;33
2024/2025;55;TERNI;54;PERUGIA;F;934
2024/2025;66;L'AQUILA;18;PAVIA;M;18
2024/2025;24;VICENZA;17;BRESCIA;F;33
2024/2025;100;PRATO;36;MODENA;F;6
2024/2025;74;BRINDISI;68;PESCARA;F;16
2024/2025;56;VITERBO;41;PESARO E URBINO;F;9
2024/2025;108;MONZA E BRIANZA;12;VARESE;F;230
2023/2024;71;FOGGIA;66;L'AQUILA;M;79
2024/2025;35;REGGIO EMILIA;15;MILANO;M;97
2024/2025;63;NAPOLI;51;AREZZO;F;22
2024/2025;35;REGGIO EMILIA;1;TORINO;F;12
2023/2024;91;NUORO;22;TRENTO;M;10
2024/2025;17;BRESCIA;97;LECCO;F;7
2023/2024;85;CALTANISSETTA;86;ENNA;M;387
2023/2024;17;BRESCIA;72;BARI;F;8
2023/2024;78;COSENZA;23;VERONA;F;23
2023/2024;102;VIBO VALENTIA;15;MILANO;M;72
2024/2025;85;CALTANISSETTA;58;ROMA;F;283
2024/2025;15;MILANO;38;FERRARA;M;35
2023/2024;24;VICENZA;21;BOLZANO;M;22
2024/2025;8;IMPERIA;54;PERUGIA;F;7
2024/2025;24;VICENZA;15;MILANO;F;100
2024/2025;96;BIELLA;96;BIELLA;F;70
2023/2024;77;MATERA;16;BERGAMO;F;5
2023/2024;81;TRAPANI;12;VARESE;M;16
2024/2025;102;VIBO VALENTIA;50;PISA;M;58
2024/2025;36;MODENA;22;TRENTO;M;43
2024/2025;88;RAGUSA;18;PAVIA;M;58
2024/2025;100;PRATO;15;MILANO;F;69
2023/2024;79;CATANZARO;67;TERAMO;M;5
2023/2024;24;VICENZA;43;MACERATA;F;10
2024/2025;34;PARMA;28;PADOVA;M;37
2023/2024;59;LATINA;61;CASERTA;F;37
2024/2025;81;TRAPANI;82;PALERMO;M;1582
2024/2025;12;VARESE;40;FORLI'-CESENA;F;19
2024/2025;88;RAGUSA;32;TRIESTE;M;24
2023/2024;5;ASTI;10;GENOVA;M;46
2023/2024;88;RAGUSA;19;CREMONA;M;7
2024/2025;58;ROMA;40;FORLI'-CESENA;F;51
2023/2024;17;BRESCIA;20;MANTOVA;M;8
2023/2024;1;TORINO;16;BERGAMO;M;11
2024/2025;59;LATINA;16;BERGAMO;M;23
2024/2025;34;PARMA;37;BOLOGNA;F;327
2024/2025;41;PESARO E URBINO;52;SIENA;M;10
2023/2024;108;MONZA E BRIANZA;98;LODI;M;10
2023/2024;12;VARESE;15;MILANO;M;1705
2024/2025;15;MILANO;48;FIRENZE;M;72
2024/2025;55;TERNI;55;TERNI;F;350
2023/2024;108;MONZA E BRIANZA;32;TRIESTE;M;12
2024/2025;101;CROTONE;10;GENOVA;M;5
2023/2024;29;ROVIGO;37;BOLOGNA;M;163
2024/2025;76;POTENZA;37;BOLOGNA;M;194
2023/2024;88;RAGUSA;86;ENNA;M;67
2024/2025;1;TORINO;5;ASTI;M;278
2023/2024;75;LECCE;83;MESSINA;M;19
2023/2024;36;MODENA;38;FERRARA;M;288
2024/2025;41;PESARO E URBINO;39;RAVENNA;M;20
2024/2025;16;BERGAMO;90;SASSARI;F;10
2023/2024;53;GROSSETO;36;MODENA;M;13
2023/2024;71;FOGGIA;10;GENOVA;M;6
2024/2025;28;PADOVA;31;GORIZIA;F;9
2023/2024;93;PORDENONE;27;VENEZIA;F;485
2024/2025;19;CREMONA;32;TRIESTE;F;8
2023/2024;90;SASSARI;18;PAVIA;M;26
2024/2025;48;FIRENZE;100;PRATO;M;80
2023/2024;92;CAGLIARI;50;PISA;M;78
2023/2024;68;PESCARA;1;TORINO;M;98
2024/2025;110;BARLETTA - ANDRIA - TRANI;73;TARANTO;F;12
2024/2025;52;SIENA;36;MODENA;F;8
2024/2025;110;BARLETTA - ANDRIA - TRANI;37;BOLOGNA;M;74
2023/2024;74;BRINDISI;16;BERGAMO;F;8
2024/2025;27;VENEZIA;1;TORINO;M;48
2023/2024;4;CUNEO;10;GENOVA;F;150
2023/2024;21;BOLZANO;16;BERGAMO;M;6
2024/2025;63;NAPOLI;94;ISERNIA;F;55
2024/2025;31;GORIZIA;23;VERONA;F;7
2024/2025;1;TORINO;43;MACERATA;M;10
2023/2024;54;PERUGIA;39;RAVENNA;F;6
2023/2024;998;PROVINCIA ESTERA;97;LECCO;M;18
2024/2025;61;CASERTA;34;PARMA;F;22
2024/2025;24;VICENZA;30;UDINE;M;35
2023/2024;54;PERUGIA;36;MODENA;F;23
2024/2025;45;MASSA CARRARA;58;ROMA;F;59
2024/2025;59;LATINA;43;MACERATA;F;33
2023/2024;59;LATINA;67;TERAMO;M;12
2024/2025;108;MONZA E BRIANZA;10;GENOVA;F;24
2023/2024;102;VIBO VALENTIA;18;PAVIA;M;15
2024/2025;27;VENEZIA;48;FIRENZE;F;47
2024/2025;21;BOLZANO;58;ROMA;F;81
2023/2024;72;BARI;40;FORLI'-CESENA;M;35
2024/2025;999;PROVINCIA NON DEFINITA;57;RIETI;F;70
2024/2025;998;PROVINCIA ESTERA;100;PRATO;F;103
2024/2025;27;VENEZIA;59;LATINA;F;5
2024/2025;51;AREZZO;41;PESARO E URBINO;M;8
2023/2024;49;LIVORNO;1;TORINO;M;8
2023/2024;26;TREVISO;26;TREVISO;F;1119
2023/2024;30;UDINE;22;TRENTO;M;67
2023/2024;43;MACERATA;32;TRIESTE;F;11
2023/2024;71;FOGGIA;72;BARI;F;1099
2023/2024;56;VITERBO;37;BOLOGNA;F;65
2023/2024;76;POTENZA;27;VENEZIA;M;9
2023/2024;10;GENOVA;3;NOVARA;M;5
2024/2025;76;POTENZA;73;TARANTO;F;5
2024/2025;41;PESARO E URBINO;36;MODENA;M;37
2023/2024;65;SALERNO;50;PISA;F;150
2023/2024;29;ROVIGO;15;MILANO;M;28
2023/2024;54;PERUGIA;35;REGGIO EMILIA;M;5
2023/2024;61;CASERTA;59;LATINA;F;69
2024/2025;4;CUNEO;1;TORINO;M;1007
2024/2025;40;FORLI'-CESENA;52;SIENA;F;16
2023/2024;95;ORISTANO;92;CAGLIARI;F;1383
2023/2024;48;FIRENZE;46;LUCCA;F;10
2023/2024;42;ANCONA;54;PERUGIA;M;183
2024/2025;53;GROSSETO;52;SIENA;F;826
2024/2025;69;CHIETI;19;CREMONA;M;6
2023/2024;83;MESSINA;79;CATANZARO;M;6
2024/2025;11;LA SPEZIA;27;VENEZIA;M;10
2023/2024;99;RIMINI;70;CAMPOBASSO;F;5
2024/2025;14;SONDRIO;3;NOVARA;F;10
2024/2025;48;FIRENZE;18;PAVIA;M;13
2024/2025;998;PROVINCIA ESTERA;69;CHIETI;M;78
2024/2025;36;MODENA;58;ROMA;F;119
2023/2024;61;CASERTA;28;PADOVA;M;21
2023/2024;98;LODI;38;FERRARA;F;6
2023/2024;36;MODENA;18;PAVIA;F;21
2024/2025;40;FORLI'-CESENA;35;REGGIO EMILIA;F;26
2024/2025;54;PERUGIA;43;MACERATA;M;85
2023/2024;21;BOLZANO;43;MACERATA;F;5
2023/2024;87;CATANIA;21;BOLZANO;F;7
2024/2025;97;LECCO;22;TRENTO;F;15
2023/2024;85;CALTANISSETTA;15;MILANO;M;108
2023/2024;81;TRAPANI;81;TRAPANI;F;252
2024/2025;63;NAPOLI;3;NOVARA;M;17
2023/2024;24;VICENZA;24;VICENZA;F;1031
2024/2025;48;FIRENZE;48;FIRENZE;F;10815
2023/2024;57;RIETI;69;CHIETI;F;14
2023/2024;29;ROVIGO;58;ROMA;F;30
2023/2024;56;VITERBO;43;MACERATA;M;13
2023/2024;85;CALTANISSETTA;51;AREZZO;F;5
2023/2024;75;LECCE;29;ROVIGO;F;10
2023/2024;65;SALERNO;78;COSENZA;M;12
2023/2024;30;UDINE;63;NAPOLI;M;11
2024/2025;28;PADOVA;38;FERRARA;M;926
2023/2024;16;BERGAMO;38;FERRARA;M;30
2024/2025;58;ROMA;87;CATANIA;M;9
2023/2024;82;PALERMO;42;ANCONA;F;5
2023/2024;63;NAPOLI;64;AVELLINO;F;225
2023/2024;58;ROMA;21;BOLZANO;F;19
2023/2024;37;BOLOGNA;75;LECCE;F;5
2024/2025;58;ROMA;30;UDINE;M;16
2023/2024;63;NAPOLI;23;VERONA;M;35
2023/2024;56;VITERBO;41;PESARO E URBINO;F;8
2023/2024;101;CROTONE;54;PERUGIA;F;83
2024/2025;52;SIENA;23;VERONA;F;8
2023/2024;81;TRAPANI;27;VENEZIA;F;49
2024/2025;64;AVELLINO;15;MILANO;F;189
2024/2025;83;MESSINA;16;BERGAMO;F;8
2023/2024;33;PIACENZA;39;RAVENNA;F;12
2023/2024;56;VITERBO;1;TORINO;F;12
2023/2024;109;FERMO;37;BOLOGNA;F;169
2024/2025;999;PROVINCIA NON DEFINITA;77;MATERA;M;10
2024/2025;11;LA SPEZIA;50;PISA;F;1116
2024/2025;102;VIBO VALENTIA;58;ROMA;M;208
2024/2025;25;BELLUNO;34;PARMA;M;11
2024/2025;17;BRESCIA;63;NAPOLI;M;8
2023/2024;85;CALTANISSETTA;18;PAVIA;M;55
2024/2025;43;MACERATA;39;RAVENNA;F;14
2023/2024;70;CAMPOBASSO;38;FERRARA;M;60
2023/2024;63;NAPOLI;6;ALESSANDRIA;M;7
2024/2025;85;CALTANISSETTA;87;CATANIA;F;1083
2023/2024;62;BENEVENTO;69;CHIETI;F;146
2024/2025;79;CATANZARO;1;TORINO;M;38
2024/2025;74;BRINDISI;77;MATERA;F;40
2024/2025;55;TERNI;52;SIENA;M;46
2023/2024;6;ALESSANDRIA;34;PARMA;M;17
2024/2025;74;BRINDISI;36;MODENA;F;31
2024/2025;78;COSENZA;86;ENNA;F;15
2023/2024;38;FERRARA;24;VICENZA;F;10
2023/2024;77;MATERA;15;MILANO;M;130
2024/2025;64;AVELLINO;40;FORLI'-CESENA;F;14
2023/2024;68;PESCARA;38;FERRARA;M;16
2023/2024;87;CATANIA;35;REGGIO EMILIA;F;24
2023/2024;66;L'AQUILA;30;UDINE;F;7
2024/2025;14;SONDRIO;22;TRENTO;M;11
2024/2025;14;SONDRIO;23;VERONA;F;20
2024/2025;67;TERAMO;48;FIRENZE;F;59
2023/2024;103;VERBANO CUSIO OSSOLA;1;TORINO;M;61
2024/2025;47;PISTOIA;1;TORINO;F;25
2024/2025;19;CREMONA;35;REGGIO EMILIA;M;10
2024/2025;15;MILANO;40;FORLI'-CESENA;F;34
2024/2025;75;LECCE;1;TORINO;F;132
2024/2025;87;CATANIA;90;SASSARI;F;5
2024/2025;27;VENEZIA;10;GENOVA;M;12
2024/2025;109;FERMO;69;CHIETI;F;77
2023/2024;42;ANCONA;28;PADOVA;M;106
2023/2024;13;COMO;33;PIACENZA;F;7
2024/2025;23;VERONA;22;TRENTO;M;737
2024/2025;65;SALERNO;65;SALERNO;F;10522
2023/2024;82;PALERMO;26;TREVISO;F;5
2024/2025;91;NUORO;63;NAPOLI;F;9
2024/2025;57;RIETI;52;SIENA;F;14
2024/2025;83;MESSINA;30;UDINE;M;5
2024/2025;19;CREMONA;52;SIENA;M;6
2023/2024;44;ASCOLI PICENO;40;FORLI'-CESENA;M;23
2023/2024;108;MONZA E BRIANZA;27;VENEZIA;M;14
2024/2025;96;BIELLA;22;TRENTO;F;14
2023/2024;36;MODENA;20;MANTOVA;F;35
2024/2025;92;CAGLIARI;91;NUORO;M;7
2024/2025;57;RIETI;48;FIRENZE;M;34
2024/2025;40;FORLI'-CESENA;39;RAVENNA;M;207
2024/2025;43;MACERATA;56;VITERBO;M;6
2023/2024;18;PAVIA;23;VERONA;F;14
2024/2025;40;FORLI'-CESENA;23;VERONA;F;18
2023/2024;53;GROSSETO;66;L'AQUILA;M;7
2024/2025;87;CATANIA;12;VARESE;M;13
2024/2025;38;FERRARA;99;RIMINI;M;11
2023/2024;70;CAMPOBASSO;28;PADOVA;F;36
2023/2024;74;BRINDISI;36;MODENA;M;48
2024/2025;69;CHIETI;34;PARMA;M;115
2023/2024;75;LECCE;35;REGGIO EMILIA;F;64
2023/2024;998;PROVINCIA ESTERA;71;FOGGIA;F;51
2024/2025;998;PROVINCIA ESTERA;17;BRESCIA;M;298
2023/2024;91;NUORO;1;TORINO;F;119
2023/2024;9;SAVONA;33;PIACENZA;F;6
2024/2025;61;CASERTA;38;FERRARA;M;11
2023/2024;23;VERONA;39;RAVENNA;F;22
2023/2024;65;SALERNO;99;RIMINI;F;12
2023/2024;32;TRIESTE;93;PORDENONE;M;15
2024/2025;37;BOLOGNA;15;MILANO;M;129
2023/2024;82;PALERMO;15;MILANO;F;287
2024/2025;65;SALERNO;63;NAPOLI;F;4952
2023/2024;70;CAMPOBASSO;22;TRENTO;F;11
2024/2025;81;TRAPANI;12;VARESE;M;15
2023/2024;80;REGGIO CALABRIA;15;MILANO;M;105
2023/2024;110;BARLETTA - ANDRIA - TRANI;32;TRIESTE;M;12
2023/2024;90;SASSARI;15;MILANO;F;181
2024/2025;45;MASSA CARRARA;50;PISA;F;1671
2024/2025;73;TARANTO;1;TORINO;F;73
2024/2025;62;BENEVENTO;15;MILANO;M;84
2023/2024;72;BARI;49;LIVORNO;M;16
2023/2024;63;NAPOLI;12;VARESE;F;25
2024/2025;82;PALERMO;87;CATANIA;M;38
2023/2024;73;TARANTO;40;FORLI'-CESENA;F;27
2023/2024;108;MONZA E BRIANZA;50;PISA;F;17
2023/2024;44;ASCOLI PICENO;58;ROMA;M;242
2024/2025;4;CUNEO;27;VENEZIA;F;52
2023/2024;88;RAGUSA;12;VARESE;F;10
2023/2024;999;PROVINCIA NON DEFINITA;87;CATANIA;M;943
2024/2025;4;CUNEO;7;AOSTA;M;8
2023/2024;70;CAMPOBASSO;72;BARI;M;10
2023/2024;84;AGRIGENTO;84;AGRIGENTO;F;561
2024/2025;98;LODI;58;ROMA;M;15
2024/2025;89;SIRACUSA;69;CHIETI;M;6
2024/2025;28;PADOVA;100;PRATO;F;5
2023/2024;86;ENNA;15;MILANO;F;5
2023/2024;17;BRESCIA;26;TREVISO;M;5
2023/2024;48;FIRENZE;41;PESARO E URBINO;F;11
2023/2024;75;LECCE;66;L'AQUILA;M;122
2023/2024;33;PIACENZA;40;FORLI'-CESENA;F;9
2024/2025;1;TORINO;52;SIENA;F;53
2023/2024;75;LECCE;19;CREMONA;M;9
2024/2025;93;PORDENONE;93;PORDENONE;F;151
2024/2025;110;BARLETTA - ANDRIA - TRANI;27;VENEZIA;M;9
2023/2024;72;BARI;33;PIACENZA;F;8
2024/2025;42;ANCONA;16;BERGAMO;M;6
2024/2025;62;BENEVENTO;70;CAMPOBASSO;M;339
2023/2024;35;REGGIO EMILIA;23;VERONA;F;54
2024/2025;21;BOLZANO;35;REGGIO EMILIA;M;7
2024/2025;60;FROSINONE;57;RIETI;F;8
2023/2024;34;PARMA;58;ROMA;F;79
2024/2025;108;MONZA E BRIANZA;54;PERUGIA;F;21
2024/2025;26;TREVISO;54;PERUGIA;F;43
2023/2024;13;COMO;41;PESARO E URBINO;F;6
2024/2025;48;FIRENZE;41;PESARO E URBINO;F;10
2024/2025;60;FROSINONE;38;FERRARA;F;25
2023/2024;50;PISA;90;SASSARI;F;5
2023/2024;14;SONDRIO;48;FIRENZE;F;13
2024/2025;53;GROSSETO;48;FIRENZE;F;512
2024/2025;71;FOGGIA;18;PAVIA;F;42
2023/2024;41;PESARO E URBINO;67;TERAMO;F;10
2024/2025;44;ASCOLI PICENO;68;PESCARA;M;30
2023/2024;81;TRAPANI;3;NOVARA;F;13
2024/2025;64;AVELLINO;66;L'AQUILA;M;49
2023/2024;51;AREZZO;15;MILANO;M;121
2024/2025;22;TRENTO;28;PADOVA;F;623
2024/2025;110;BARLETTA - ANDRIA - TRANI;18;PAVIA;M;22
2024/2025;6;ALESSANDRIA;58;ROMA;M;22
2023/2024;71;FOGGIA;63;NAPOLI;M;98
2023/2024;5;ASTI;1;TORINO;F;127
2024/2025;93;PORDENONE;15;MILANO;M;88
2023/2024;5;ASTI;34;PARMA;M;7
2023/2024;8;IMPERIA;58;ROMA;M;30
2024/2025;13;COMO;22;TRENTO;F;21
2024/2025;34;PARMA;15;MILANO;F;299
2023/2024;57;RIETI;28;PADOVA;M;7
2024/2025;92;CAGLIARI;15;MILANO;F;139
2023/2024;61;CASERTA;61;CASERTA;M;4349
2024/2025;100;PRATO;28;PADOVA;F;30
2023/2024;92;CAGLIARI;39;RAVENNA;F;12
2024/2025;102;VIBO VALENTIA;15;MILANO;M;67
2023/2024;69;CHIETI;16;BERGAMO;M;7
2023/2024;54;PERUGIA;90;SASSARI;F;5
2023/2024;54;PERUGIA;52;SIENA;M;62
2024/2025;42;ANCONA;41;PESARO E URBINO;F;1100
2023/2024;95;ORISTANO;34;PARMA;F;24
2024/2025;47;PISTOIA;63;NAPOLI;F;5
2023/2024;59;LATINA;22;TRENTO;F;43
2024/2025;89;SIRACUSA;1;TORINO;M;171
2024/2025;67;TERAMO;50;PISA;M;28
2023/2024;23;VERONA;63;NAPOLI;M;10
2024/2025;108;MONZA E BRIANZA;37;BOLOGNA;F;70
2024/2025;82;PALERMO;86;ENNA;F;151
2023/2024;82;PALERMO;28;PADOVA;M;67
2024/2025;64;AVELLINO;70;CAMPOBASSO;M;114
2024/2025;998;PROVINCIA ESTERA;27;VENEZIA;F;1254
2023/2024;3;NOVARA;22;TRENTO;M;5
2023/2024;97;LECCO;52;SIENA;F;10
2023/2024;71;FOGGIA;34;PARMA;F;201
2023/2024;111;SUD SARDEGNA;58;ROMA;F;63
2023/2024;7;AOSTA;48;FIRENZE;F;22
2024/2025;52;SIENA;18;PAVIA;M;5
2023/2024;103;VERBANO CUSIO OSSOLA;58;ROMA;F;20
2023/2024;71;FOGGIA;18;PAVIA;M;34
2023/2024;17;BRESCIA;27;VENEZIA;M;72
2023/2024;11;LA SPEZIA;58;ROMA;M;40
2024/2025;35;REGGIO EMILIA;48;FIRENZE;M;24
2023/2024;999;PROVINCIA NON DEFINITA;97;LECCO;M;251
2024/2025;64;AVELLINO;64;AVELLINO;F;265
2023/2024;33;PIACENZA;23;VERONA;F;13
2023/2024;70;CAMPOBASSO;67;TERAMO;M;10
2024/2025;21;BOLZANO;52;SIENA;M;10
2023/2024;16;BERGAMO;16;BERGAMO;M;4288
2024/2025;89;SIRACUSA;87;CATANIA;M;1688
2024/2025;998;PROVINCIA ESTERA;84;AGRIGENTO;F;5
2023/2024;998;PROVINCIA ESTERA;57;RIETI;M;224
2024/2025;4;CUNEO;2;VERCELLI;F;5
2024/2025;2;VERCELLI;6;ALESSANDRIA;F;103
2024/2025;998;PROVINCIA ESTERA;32;TRIESTE;F;631
2024/2025;79;CATANZARO;34;PARMA;M;24
2024/2025;38;FERRARA;27;VENEZIA;M;28
2024/2025;42;ANCONA;48;FIRENZE;M;44
2023/2024;94;ISERNIA;34;PARMA;F;8
2023/2024;30;UDINE;18;PAVIA;M;13
2023/2024;18;PAVIA;16;BERGAMO;M;10
2023/2024;7;AOSTA;6;ALESSANDRIA;F;10
2024/2025;55;TERNI;48;FIRENZE;M;32
2024/2025;53;GROSSETO;66;L'AQUILA;M;11
2023/2024;1;TORINO;10;GENOVA;F;173
2023/2024;30;UDINE;54;PERUGIA;M;10
2024/2025;59;LATINA;94;ISERNIA;M;10
2023/2024;52;SIENA;69;CHIETI;F;9
2023/2024;23;VERONA;1;TORINO;F;11
2024/2025;90;SASSARI;104;OLBIA-TEMPIO;M;5
2023/2024;72;BARI;54;PERUGIA;F;76
2023/2024;64;AVELLINO;40;FORLI'-CESENA;M;10
2023/2024;58;ROMA;33;PIACENZA;M;5
2024/2025;100;PRATO;63;NAPOLI;F;6
2024/2025;52;SIENA;32;TRIESTE;M;6
2024/2025;71;FOGGIA;109;FERMO;F;8
2023/2024;22;TRENTO;31;GORIZIA;F;5
2023/2024;61;CASERTA;15;MILANO;M;213
2023/2024;9;SAVONA;22;TRENTO;M;10
2024/2025;111;SUD SARDEGNA;35;REGGIO EMILIA;F;5
2023/2024;100;PRATO;10;GENOVA;M;5
2023/2024;94;ISERNIA;50;PISA;F;15
2024/2025;20;MANTOVA;22;TRENTO;M;187
2024/2025;15;MILANO;41;PESARO E URBINO;F;34
2024/2025;1;TORINO;69;CHIETI;F;26
2024/2025;90;SASSARI;52;SIENA;M;11
2024/2025;7;AOSTA;5;ASTI;F;7
2024/2025;25;BELLUNO;31;GORIZIA;F;13
2023/2024;49;LIVORNO;38;FERRARA;M;6
2024/2025;53;GROSSETO;100;PRATO;F;12
2023/2024;65;SALERNO;34;PARMA;M;82
2023/2024;97;LECCO;13;COMO;F;62
2024/2025;62;BENEVENTO;38;FERRARA;F;30
2024/2025;71;FOGGIA;1;TORINO;M;132
2024/2025;58;ROMA;21;BOLZANO;F;16
2023/2024;102;VIBO VALENTIA;58;ROMA;M;219
2024/2025;95;ORISTANO;34;PARMA;M;10
2023/2024;92;CAGLIARI;12;VARESE;F;8
2024/2025;108;MONZA E BRIANZA;63;NAPOLI;F;8
2023/2024;90;SASSARI;66;L'AQUILA;F;7
2023/2024;56;VITERBO;34;PARMA;M;7
2023/2024;80;REGGIO CALABRIA;33;PIACENZA;M;7
2023/2024;26;TREVISO;21;BOLZANO;M;13
2024/2025;63;NAPOLI;64;AVELLINO;M;116
2023/2024;67;TERAMO;42;ANCONA;M;224
2023/2024;3;NOVARA;2;VERCELLI;F;277
2024/2025;81;TRAPANI;58;ROMA;F;439
2024/2025;34;PARMA;36;MODENA;F;174
2023/2024;9;SAVONA;6;ALESSANDRIA;F;9
2023/2024;11;LA SPEZIA;35;REGGIO EMILIA;F;15
2023/2024;41;PESARO E URBINO;69;CHIETI;M;9
2024/2025;76;POTENZA;71;FOGGIA;M;81
2024/2025;83;MESSINA;34;PARMA;F;49
2024/2025;94;ISERNIA;68;PESCARA;M;55
2024/2025;96;BIELLA;7;AOSTA;M;16
2024/2025;5;ASTI;48;FIRENZE;M;7
2024/2025;11;LA SPEZIA;40;FORLI'-CESENA;M;5
2023/2024;26;TREVISO;15;MILANO;F;399
2023/2024;17;BRESCIA;18;PAVIA;M;124
2023/2024;111;SUD SARDEGNA;18;PAVIA;M;7
2023/2024;67;TERAMO;32;TRIESTE;F;6
2023/2024;75;LECCE;63;NAPOLI;M;37
2024/2025;26;TREVISO;25;BELLUNO;M;11
2024/2025;30;UDINE;33;PIACENZA;F;5
2023/2024;16;BERGAMO;48;FIRENZE;M;37
2024/2025;70;CAMPOBASSO;1;TORINO;F;52
2023/2024;55;TERNI;36;MODENA;M;24
2023/2024;91;NUORO;91;NUORO;F;121
2023/2024;68;PESCARA;22;TRENTO;F;39
2023/2024;45;MASSA CARRARA;34;PARMA;F;231
2024/2025;28;PADOVA;42;ANCONA;F;9
2023/2024;86;ENNA;38;FERRARA;M;14
2023/2024;26;TREVISO;99;RIMINI;M;5
2023/2024;49;LIVORNO;15;MILANO;F;96
2023/2024;998;PROVINCIA ESTERA;12;VARESE;F;169
2023/2024;79;CATANZARO;55;TERNI;F;7
2024/2025;73;TARANTO;48;FIRENZE;M;89
2023/2024;62;BENEVENTO;58;ROMA;M;330
2023/2024;77;MATERA;54;PERUGIA;M;43
2024/2025;22;TRENTO;50;PISA;F;45
2023/2024;73;TARANTO;15;MILANO;F;62
2023/2024;49;LIVORNO;28;PADOVA;F;20
2024/2025;94;ISERNIA;52;SIENA;M;6
2024/2025;80;REGGIO CALABRIA;34;PARMA;F;69
2023/2024;78;COSENZA;41;PESARO E URBINO;F;40
2024/2025;75;LECCE;28;PADOVA;F;155
2024/2025;73;TARANTO;52;SIENA;M;43
2024/2025;999;PROVINCIA NON DEFINITA;5;ASTI;F;65
2023/2024;58;ROMA;38;FERRARA;F;51
2024/2025;22;TRENTO;48;FIRENZE;M;43
2024/2025;41;PESARO E URBINO;37;BOLOGNA;M;655
2023/2024;81;TRAPANI;41;PESARO E URBINO;M;12
2023/2024;95;ORISTANO;40;FORLI'-CESENA;F;9
2024/2025;29;ROVIGO;48;FIRENZE;F;16
2023/2024;22;TRENTO;99;RIMINI;F;11
2024/2025;109;FERMO;1;TORINO;F;21
2024/2025;79;CATANZARO;32;TRIESTE;F;9
2024/2025;78;COSENZA;51;AREZZO;F;12
2024/2025;103;VERBANO CUSIO OSSOLA;16;BERGAMO;F;12
2024/2025;75;LECCE;76;POTENZA;F;7
2024/2025;93;PORDENONE;36;MODENA;F;12
2024/2025;9;SAVONA;50;PISA;M;26
2024/2025;63;NAPOLI;92;CAGLIARI;F;148
2023/2024;83;MESSINA;22;TRENTO;F;47
2023/2024;73;TARANTO;18;PAVIA;F;91
2024/2025;91;NUORO;37;BOLOGNA;F;93
2024/2025;101;CROTONE;52;SIENA;F;14
2024/2025;59;LATINA;36;MODENA;M;22
2024/2025;94;ISERNIA;28;PADOVA;F;8
2024/2025;61;CASERTA;60;FROSINONE;M;312
2024/2025;26;TREVISO;16;BERGAMO;M;5
2023/2024;55;TERNI;40;FORLI'-CESENA;F;13
2024/2025;26;TREVISO;92;CAGLIARI;F;5
2024/2025;51;AREZZO;66;L'AQUILA;F;9
2024/2025;34;PARMA;39;RAVENNA;F;15
2023/2024;89;SIRACUSA;41;PESARO E URBINO;F;21
2024/2025;9;SAVONA;38;FERRARA;M;6
2024/2025;26;TREVISO;16;BERGAMO;F;13
2024/2025;21;BOLZANO;32;TRIESTE;F;24
2023/2024;80;REGGIO CALABRIA;80;REGGIO CALABRIA;M;1342
2024/2025;88;RAGUSA;28;PADOVA;M;52
2024/2025;16;BERGAMO;108;MONZA E BRIANZA;F;78
2024/2025;77;MATERA;54;PERUGIA;F;131
2023/2024;38;FERRARA;39;RAVENNA;M;10
2023/2024;30;UDINE;66;L'AQUILA;M;6
2024/2025;71;FOGGIA;38;FERRARA;M;90
2024/2025;109;FERMO;22;TRENTO;M;21
2023/2024;35;REGGIO EMILIA;35;REGGIO EMILIA;M;926
2024/2025;108;MONZA E BRIANZA;18;PAVIA;M;136
2023/2024;84;AGRIGENTO;42;ANCONA;F;8
2023/2024;95;ORISTANO;50;PISA;F;49
2024/2025;61;CASERTA;68;PESCARA;F;8
2024/2025;999;PROVINCIA NON DEFINITA;16;BERGAMO;M;23
2023/2024;9;SAVONA;10;GENOVA;M;1258
2024/2025;28;PADOVA;93;PORDENONE;M;7
2024/2025;62;BENEVENTO;58;ROMA;F;557
2023/2024;63;NAPOLI;17;BRESCIA;F;29
2024/2025;998;PROVINCIA ESTERA;21;BOLZANO;F;323
2023/2024;61;CASERTA;52;SIENA;F;58
2023/2024;76;POTENZA;52;SIENA;F;161
2023/2024;36;MODENA;16;BERGAMO;F;8
2024/2025;88;RAGUSA;40;FORLI'-CESENA;F;8
2023/2024;82;PALERMO;55;TERNI;F;8
2023/2024;15;MILANO;33;PIACENZA;F;108
2023/2024;87;CATANIA;66;L'AQUILA;F;30
2024/2025;10;GENOVA;63;NAPOLI;M;8
2024/2025;79;CATANZARO;15;MILANO;F;39
2024/2025;58;ROMA;83;MESSINA;F;40
2024/2025;6;ALESSANDRIA;68;PESCARA;F;12
2023/2024;82;PALERMO;37;BOLOGNA;F;179
2023/2024;64;AVELLINO;36;MODENA;F;15
2023/2024;75;LECCE;30;UDINE;F;11
2023/2024;45;MASSA CARRARA;15;MILANO;F;103
2023/2024;77;MATERA;41;PESARO E URBINO;F;37
2023/2024;80;REGGIO CALABRIA;65;SALERNO;F;5
2024/2025;999;PROVINCIA NON DEFINITA;70;CAMPOBASSO;M;13
2024/2025;61;CASERTA;15;MILANO;M;81
2023/2024;64;AVELLINO;60;FROSINONE;F;11
2023/2024;87;CATANIA;48;FIRENZE;M;82
2023/2024;28;PADOVA;32;TRIESTE;F;73
2024/2025;60;FROSINONE;27;VENEZIA;M;6
2024/2025;56;VITERBO;57;RIETI;F;11
2023/2024;37;BOLOGNA;15;MILANO;M;192
2023/2024;28;PADOVA;37;BOLOGNA;M;166
2023/2024;87;CATANIA;38;FERRARA;M;26
2023/2024;77;MATERA;76;POTENZA;F;257
2023/2024;96;BIELLA;2;VERCELLI;F;109
2023/2024;90;SASSARI;35;REGGIO EMILIA;F;9
2023/2024;61;CASERTA;71;FOGGIA;M;6
2024/2025;3;NOVARA;48;FIRENZE;F;20
2023/2024;17;BRESCIA;58;ROMA;F;161
2023/2024;73;TARANTO;73;TARANTO;F;895
2023/2024;16;BERGAMO;10;GENOVA;M;29
2023/2024;75;LECCE;28;PADOVA;M;81
2023/2024;21;BOLZANO;41;PESARO E URBINO;F;13
2023/2024;97;LECCO;22;TRENTO;M;6
2024/2025;39;RAVENNA;34;PARMA;F;55
2023/2024;39;RAVENNA;27;VENEZIA;M;19
2024/2025;63;NAPOLI;78;COSENZA;M;24
2023/2024;102;VIBO VALENTIA;37;BOLOGNA;F;77
2023/2024;87;CATANIA;26;TREVISO;F;17
2024/2025;60;FROSINONE;40;FORLI'-CESENA;M;8
2023/2024;75;LECCE;65;SALERNO;F;9
2024/2025;81;TRAPANI;94;ISERNIA;M;9
2024/2025;89;SIRACUSA;34;PARMA;F;60
2023/2024;69;CHIETI;33;PIACENZA;F;10
2023/2024;74;BRINDISI;18;PAVIA;F;64
2024/2025;94;ISERNIA;56;VITERBO;M;5
2023/2024;27;VENEZIA;58;ROMA;M;96
2023/2024;82;PALERMO;39;RAVENNA;F;10
2024/2025;10;GENOVA;21;BOLZANO;M;6
2023/2024;89;SIRACUSA;33;PIACENZA;F;6
2024/2025;101;CROTONE;72;BARI;M;11
2024/2025;65;SALERNO;10;GENOVA;F;39
2023/2024;21;BOLZANO;38;FERRARA;F;92
2024/2025;998;PROVINCIA ESTERA;19;CREMONA;M;9
2023/2024;92;CAGLIARI;40;FORLI'-CESENA;M;14
2024/2025;17;BRESCIA;15;MILANO;F;372
2023/2024;79;CATANZARO;43;MACERATA;F;10
2023/2024;102;VIBO VALENTIA;43;MACERATA;M;5
2024/2025;67;TERAMO;1;TORINO;F;55
2023/2024;17;BRESCIA;20;MANTOVA;F;10
2024/2025;7;AOSTA;3;NOVARA;M;13
2024/2025;44;ASCOLI PICENO;52;SIENA;F;16
2024/2025;52;SIENA;58;ROMA;M;88
2024/2025;70;CAMPOBASSO;109;FERMO;F;11
2023/2024;88;RAGUSA;33;PIACENZA;M;32
2024/2025;9;SAVONA;66;L'AQUILA;M;8
2023/2024;39;RAVENNA;50;PISA;F;13
2024/2025;58;ROMA;70;CAMPOBASSO;F;26
2024/2025;60;FROSINONE;48;FIRENZE;M;61
2023/2024;58;ROMA;37;BOLOGNA;F;460
2024/2025;63;NAPOLI;38;FERRARA;M;59
2023/2024;72;BARI;59;LATINA;F;8
2024/2025;53;GROSSETO;23;VERONA;M;5
2023/2024;102;VIBO VALENTIA;28;PADOVA;F;14
2023/2024;74;BRINDISI;43;MACERATA;M;17
2024/2025;108;MONZA E BRIANZA;38;FERRARA;M;8
2023/2024;54;PERUGIA;63;NAPOLI;M;12
2024/2025;52;SIENA;43;MACERATA;F;7
2023/2024;71;FOGGIA;12;VARESE;M;13
2023/2024;39;RAVENNA;37;BOLOGNA;M;1263
2024/2025;96;BIELLA;15;MILANO;F;164
2024/2025;84;AGRIGENTO;79;CATANZARO;F;15
2023/2024;47;PISTOIA;1;TORINO;M;9
2024/2025;103;VERBANO CUSIO OSSOLA;1;TORINO;F;107
2023/2024;97;LECCO;108;MONZA E BRIANZA;F;75
2024/2025;12;VARESE;69;CHIETI;M;5
2023/2024;6;ALESSANDRIA;59;LATINA;F;5
2024/2025;85;CALTANISSETTA;56;VITERBO;M;10
2023/2024;75;LECCE;99;RIMINI;M;5
2023/2024;36;MODENA;38;FERRARA;F;478
2023/2024;17;BRESCIA;50;PISA;M;51
2024/2025;96;BIELLA;27;VENEZIA;F;18
2023/2024;70;CAMPOBASSO;1;TORINO;F;46
2024/2025;72;BARI;12;VARESE;F;6
2023/2024;43;MACERATA;15;MILANO;F;62
2024/2025;26;TREVISO;41;PESARO E URBINO;M;23
2023/2024;75;LECCE;23;VERONA;F;38
2023/2024;75;LECCE;54;PERUGIA;M;63
2024/2025;23;VERONA;50;PISA;M;19
2023/2024;57;RIETI;56;VITERBO;M;45
2023/2024;50;PISA;58;ROMA;M;55
2023/2024;97;LECCO;22;TRENTO;F;12
2024/2025;70;CAMPOBASSO;67;TERAMO;F;30
2023/2024;39;RAVENNA;18;PAVIA;F;6
2024/2025;81;TRAPANI;27;VENEZIA;F;52
2023/2024;87;CATANIA;16;BERGAMO;M;13
2023/2024;24;VICENZA;92;CAGLIARI;F;5
2024/2025;15;MILANO;54;PERUGIA;F;98
2023/2024;4;CUNEO;34;PARMA;M;13
2024/2025;75;LECCE;72;BARI;F;567
2024/2025;65;SALERNO;42;ANCONA;F;16
2023/2024;58;ROMA;48;FIRENZE;M;237
2023/2024;77;MATERA;37;BOLOGNA;F;185
2023/2024;42;ANCONA;54;PERUGIA;F;340
2024/2025;74;BRINDISI;40;FORLI'-CESENA;F;24
2024/2025;63;NAPOLI;1;TORINO;F;59
2024/2025;63;NAPOLI;77;MATERA;F;9
2024/2025;999;PROVINCIA NON DEFINITA;50;PISA;M;217
2023/2024;92;CAGLIARI;37;BOLOGNA;F;131
2023/2024;109;FERMO;18;PAVIA;M;8
2024/2025;23;VERONA;15;MILANO;F;458
2024/2025;27;VENEZIA;63;NAPOLI;M;21
2023/2024;16;BERGAMO;11;LA SPEZIA;M;8
2024/2025;78;COSENZA;58;ROMA;F;1346
2024/2025;70;CAMPOBASSO;83;MESSINA;F;6
2024/2025;10;GENOVA;52;SIENA;F;34
2023/2024;111;SUD SARDEGNA;27;VENEZIA;F;18
2024/2025;73;TARANTO;66;L'AQUILA;F;40
2023/2024;90;SASSARI;63;NAPOLI;F;23
2023/2024;26;TREVISO;37;BOLOGNA;M;211
2024/2025;26;TREVISO;83;MESSINA;F;8
2023/2024;999;PROVINCIA NON DEFINITA;59;LATINA;F;265
2023/2024;13;COMO;39;RAVENNA;F;5
2024/2025;26;TREVISO;26;TREVISO;F;1194
2023/2024;51;AREZZO;66;L'AQUILA;M;9
2024/2025;65;SALERNO;90;SASSARI;F;7
2023/2024;78;COSENZA;40;FORLI'-CESENA;F;22
2023/2024;11;LA SPEZIA;69;CHIETI;F;6
2023/2024;63;NAPOLI;69;CHIETI;M;48
2024/2025;999;PROVINCIA NON DEFINITA;80;REGGIO CALABRIA;F;175
2023/2024;14;SONDRIO;1;TORINO;F;42
2024/2025;15;MILANO;50;PISA;F;66
2024/2025;80;REGGIO CALABRIA;28;PADOVA;M;50
2023/2024;79;CATANZARO;83;MESSINA;M;38
2024/2025;80;REGGIO CALABRIA;18;PAVIA;F;105
2023/2024;40;FORLI'-CESENA;27;VENEZIA;M;23
2023/2024;50;PISA;49;LIVORNO;M;22
2024/2025;91;NUORO;10;GENOVA;M;8
2023/2024;79;CATANZARO;18;PAVIA;F;36
2024/2025;25;BELLUNO;38;FERRARA;M;100
2024/2025;88;RAGUSA;22;TRENTO;F;20
2023/2024;26;TREVISO;87;CATANIA;F;6
2023/2024;56;VITERBO;22;TRENTO;F;14
2023/2024;15;MILANO;92;CAGLIARI;M;9
2023/2024;50;PISA;50;PISA;F;4116
2023/2024;76;POTENZA;67;TERAMO;M;8
2023/2024;54;PERUGIA;99;RIMINI;M;10
2023/2024;81;TRAPANI;18;PAVIA;M;80
2024/2025;51;AREZZO;41;PESARO E URBINO;F;51
2023/2024;90;SASSARI;37;BOLOGNA;F;152
2023/2024;20;MANTOVA;54;PERUGIA;F;10
2023/2024;110;BARLETTA - ANDRIA - TRANI;63;NAPOLI;F;61
2024/2025;16;BERGAMO;23;VERONA;M;38
2023/2024;85;CALTANISSETTA;33;PIACENZA;M;5
2024/2025;84;AGRIGENTO;59;LATINA;M;22
2024/2025;78;COSENZA;43;MACERATA;F;15
2024/2025;61;CASERTA;64;AVELLINO;F;57
2024/2025;1;TORINO;69;CHIETI;M;10
2024/2025;54;PERUGIA;43;MACERATA;F;140
2024/2025;102;VIBO VALENTIA;18;PAVIA;F;11
2023/2024;95;ORISTANO;15;MILANO;M;6
2024/2025;101;CROTONE;50;PISA;F;61
2023/2024;61;CASERTA;56;VITERBO;F;31
2024/2025;4;CUNEO;22;TRENTO;F;26
2023/2024;89;SIRACUSA;56;VITERBO;F;13
2023/2024;28;PADOVA;17;BRESCIA;F;15
2023/2024;41;PESARO E URBINO;48;FIRENZE;F;89
2024/2025;43;MACERATA;66;L'AQUILA;F;35
2023/2024;94;ISERNIA;15;MILANO;F;26
2023/2024;51;AREZZO;51;AREZZO;M;117
2024/2025;75;LECCE;16;BERGAMO;F;26
2024/2025;53;GROSSETO;37;BOLOGNA;F;100
2023/2024;56;VITERBO;55;TERNI;M;17
2024/2025;59;LATINA;50;PISA;M;61
2024/2025;36;MODENA;28;PADOVA;M;76
2023/2024;4;CUNEO;15;MILANO;F;212
2024/2025;89;SIRACUSA;22;TRENTO;F;17
2024/2025;76;POTENZA;15;MILANO;F;40
2023/2024;82;PALERMO;87;CATANIA;F;60
2023/2024;25;BELLUNO;41;PESARO E URBINO;F;9
2023/2024;59;LATINA;56;VITERBO;F;95
2024/2025;27;VENEZIA;99;RIMINI;F;12
2023/2024;66;L'AQUILA;50;PISA;M;31
2023/2024;58;ROMA;83;MESSINA;F;38
2023/2024;9;SAVONA;11;LA SPEZIA;F;5
2023/2024;42;ANCONA;63;NAPOLI;F;14
2024/2025;23;VERONA;58;ROMA;M;97
2024/2025;58;ROMA;54;PERUGIA;F;319
2023/2024;103;VERBANO CUSIO OSSOLA;18;PAVIA;F;217
2024/2025;82;PALERMO;79;CATANZARO;F;23
2024/2025;15;MILANO;5;ASTI;F;5
2024/2025;75;LECCE;19;CREMONA;M;6
2024/2025;62;BENEVENTO;34;PARMA;M;11
2023/2024;49;LIVORNO;49;LIVORNO;F;67
2024/2025;59;LATINA;35;REGGIO EMILIA;F;13
2024/2025;54;PERUGIA;56;VITERBO;F;24
2023/2024;48;FIRENZE;66;L'AQUILA;M;13
2024/2025;102;VIBO VALENTIA;52;SIENA;M;5
2024/2025;1;TORINO;40;FORLI'-CESENA;F;38
2023/2024;99;RIMINI;1;TORINO;F;5
2023/2024;71;FOGGIA;59;LATINA;F;6
2024/2025;74;BRINDISI;36;MODENA;M;38
2024/2025;60;FROSINONE;52;SIENA;M;40
2023/2024;69;CHIETI;44;ASCOLI PICENO;F;22
2023/2024;14;SONDRIO;97;LECCO;M;39
2023/2024;26;TREVISO;40;FORLI'-CESENA;F;48
2024/2025;73;TARANTO;54;PERUGIA;F;139
2024/2025;62;BENEVENTO;23;VERONA;F;8
2024/2025;75;LECCE;43;MACERATA;F;56
2024/2025;109;FERMO;99;RIMINI;M;7
2024/2025;62;BENEVENTO;54;PERUGIA;M;28
2023/2024;18;PAVIA;18;PAVIA;F;3278
2023/2024;18;PAVIA;1;TORINO;F;100
2024/2025;58;ROMA;4;CUNEO;F;5
2024/2025;41;PESARO E URBINO;41;PESARO E URBINO;M;1676
2023/2024;19;CREMONA;19;CREMONA;F;315
2023/2024;999;PROVINCIA NON DEFINITA;40;FORLI'-CESENA;F;307
2023/2024;77;MATERA;28;PADOVA;M;34
2024/2025;75;LECCE;83;MESSINA;M;21
2023/2024;82;PALERMO;72;BARI;F;10
2024/2025;27;VENEZIA;66;L'AQUILA;M;18
2023/2024;96;BIELLA;10;GENOVA;F;18
2023/2024;60;FROSINONE;28;PADOVA;M;21
2023/2024;24;VICENZA;58;ROMA;F;155
2023/2024;49;LIVORNO;99;RIMINI;F;6
2023/2024;54;PERUGIA;15;MILANO;F;76
2023/2024;15;MILANO;6;ALESSANDRIA;F;136
2023/2024;90;SASSARI;95;ORISTANO;F;12
2023/2024;91;NUORO;15;MILANO;M;42
2024/2025;28;PADOVA;48;FIRENZE;M;34
2023/2024;63;NAPOLI;108;MONZA E BRIANZA;M;8
2024/2025;66;L'AQUILA;44;ASCOLI PICENO;F;5
2023/2024;15;MILANO;18;PAVIA;F;2131
2023/2024;37;BOLOGNA;56;VITERBO;F;6
2024/2025;998;PROVINCIA ESTERA;96;BIELLA;F;7
2023/2024;108;MONZA E BRIANZA;22;TRENTO;F;14
2023/2024;69;CHIETI;27;VENEZIA;F;33
2024/2025;88;RAGUSA;90;SASSARI;F;5
2023/2024;44;ASCOLI PICENO;1;TORINO;M;31
2024/2025;49;LIVORNO;15;MILANO;M;26
2023/2024;109;FERMO;41;PESARO E URBINO;M;153
2024/2025;30;UDINE;66;L'AQUILA;F;8
2023/2024;75;LECCE;82;PALERMO;F;5
2024/2025;87;CATANIA;78;COSENZA;F;6
2023/2024;101;CROTONE;15;MILANO;F;138
2023/2024;54;PERUGIA;42;ANCONA;M;47
2024/2025;43;MACERATA;54;PERUGIA;M;225
2023/2024;84;AGRIGENTO;15;MILANO;F;210
2024/2025;88;RAGUSA;34;PARMA;F;115
2024/2025;15;MILANO;66;L'AQUILA;F;20
2024/2025;54;PERUGIA;27;VENEZIA;M;19
2024/2025;80;REGGIO CALABRIA;27;VENEZIA;F;21
2024/2025;89;SIRACUSA;54;PERUGIA;F;40
2023/2024;59;LATINA;18;PAVIA;M;15
2023/2024;999;PROVINCIA NON DEFINITA;32;TRIESTE;M;35
2024/2025;102;VIBO VALENTIA;63;NAPOLI;M;16
2024/2025;66;L'AQUILA;39;RAVENNA;F;8
2024/2025;21;BOLZANO;18;PAVIA;F;20
2024/2025;42;ANCONA;19;CREMONA;M;5
2023/2024;17;BRESCIA;98;LODI;F;20
2024/2025;79;CATANZARO;54;PERUGIA;M;19
2024/2025;81;TRAPANI;86;ENNA;F;105
2024/2025;20;MANTOVA;37;BOLOGNA;M;285
2023/2024;63;NAPOLI;35;REGGIO EMILIA;M;21
2023/2024;66;L'AQUILA;1;TORINO;M;30
2024/2025;17;BRESCIA;18;PAVIA;M;127
2024/2025;59;LATINA;60;FROSINONE;M;326
2024/2025;51;AREZZO;36;MODENA;F;17
2023/2024;55;TERNI;37;BOLOGNA;M;113
2023/2024;83;MESSINA;56;VITERBO;M;11
2024/2025;78;COSENZA;37;BOLOGNA;F;249
2023/2024;36;MODENA;67;TERAMO;F;5
2023/2024;75;LECCE;17;BRESCIA;F;10
2024/2025;77;MATERA;72;BARI;F;93
2023/2024;57;RIETI;43;MACERATA;M;6
2023/2024;84;AGRIGENTO;32;TRIESTE;F;10
2023/2024;16;BERGAMO;3;NOVARA;M;9
2023/2024;69;CHIETI;10;GENOVA;F;12
2024/2025;80;REGGIO CALABRIA;79;CATANZARO;F;749
2023/2024;84;AGRIGENTO;16;BERGAMO;F;22
2023/2024;57;RIETI;41;PESARO E URBINO;F;6
2024/2025;22;TRENTO;43;MACERATA;F;6
2023/2024;74;BRINDISI;49;LIVORNO;M;9
2023/2024;14;SONDRIO;10;GENOVA;F;17
2024/2025;40;FORLI'-CESENA;36;MODENA;F;38
2023/2024;44;ASCOLI PICENO;58;ROMA;F;390
2023/2024;97;LECCO;10;GENOVA;F;18
2024/2025;25;BELLUNO;27;VENEZIA;F;251
2024/2025;66;L'AQUILA;35;REGGIO EMILIA;F;5
2024/2025;82;PALERMO;58;ROMA;F;578
2024/2025;44;ASCOLI PICENO;58;ROMA;M;251
2023/2024;29;ROVIGO;48;FIRENZE;M;14
2023/2024;61;CASERTA;71;FOGGIA;F;13
2024/2025;56;VITERBO;50;PISA;M;106
2024/2025;78;COSENZA;77;MATERA;M;9
2023/2024;85;CALTANISSETTA;60;FROSINONE;M;9
2023/2024;101;CROTONE;18;PAVIA;F;24
2024/2025;30;UDINE;52;SIENA;M;12
2023/2024;102;VIBO VALENTIA;86;ENNA;F;5
2023/2024;101;CROTONE;28;PADOVA;M;9
2024/2025;17;BRESCIA;108;MONZA E BRIANZA;F;11
2024/2025;13;COMO;16;BERGAMO;F;100
2023/2024;57;RIETI;58;ROMA;M;796
2023/2024;13;COMO;40;FORLI'-CESENA;M;5
2024/2025;87;CATANIA;73;TARANTO;F;7
2023/2024;76;POTENZA;10;GENOVA;F;7
2023/2024;78;COSENZA;80;REGGIO CALABRIA;M;60
2024/2025;74;BRINDISI;19;CREMONA;F;5
2024/2025;998;PROVINCIA ESTERA;86;ENNA;M;9
2023/2024;73;TARANTO;17;BRESCIA;M;7
2024/2025;54;PERUGIA;27;VENEZIA;F;45
2024/2025;87;CATANIA;80;REGGIO CALABRIA;F;25
2024/2025;999;PROVINCIA NON DEFINITA;34;PARMA;F;379
2023/2024;79;CATANZARO;28;PADOVA;M;30
2024/2025;80;REGGIO CALABRIA;35;REGGIO EMILIA;F;17
2024/2025;3;NOVARA;6;ALESSANDRIA;M;200
2023/2024;75;LECCE;52;SIENA;M;50
2023/2024;101;CROTONE;34;PARMA;M;99
2023/2024;101;CROTONE;72;BARI;M;9
2024/2025;86;ENNA;58;ROMA;M;56
2024/2025;80;REGGIO CALABRIA;10;GENOVA;M;19
2024/2025;89;SIRACUSA;1;TORINO;M;99
2024/2025;2;VERCELLI;2;VERCELLI;F;206
2024/2025;71;FOGGIA;15;MILANO;F;73
2024/2025;998;PROVINCIA ESTERA;72;BARI;M;266
2024/2025;90;SASSARI;48;FIRENZE;F;76
2023/2024;38;FERRARA;37;BOLOGNA;M;715
2023/2024;93;PORDENONE;52;SIENA;F;13
2023/2024;64;AVELLINO;42;ANCONA;F;8
2023/2024;26;TREVISO;66;L'AQUILA;F;7
2024/2025;35;REGGIO EMILIA;52;SIENA;F;15
2024/2025;67;TERAMO;37;BOLOGNA;F;237
2023/2024;5;ASTI;1;TORINO;F;1029
2023/2024;998;PROVINCIA ESTERA;108;MONZA E BRIANZA;F;27
2023/2024;98;LODI;19;CREMONA;M;15
2024/2025;12;VARESE;98;LODI;M;9
2024/2025;82;PALERMO;69;CHIETI;F;16
2024/2025;41;PESARO E URBINO;22;TRENTO;F;45
2023/2024;23;VERONA;16;BERGAMO;F;23
2024/2025;1;TORINO;65;SALERNO;F;5
2024/2025;85;CALTANISSETTA;1;TORINO;F;30
2024/2025;3;NOVARA;15;MILANO;F;1331
2024/2025;88;RAGUSA;56;VITERBO;M;10
2024/2025;75;LECCE;40;FORLI'-CESENA;M;32
2024/2025;75;LECCE;10;GENOVA;M;18
2024/2025;53;GROSSETO;40;FORLI'-CESENA;F;7
2023/2024;32;TRIESTE;15;MILANO;M;53
2023/2024;80;REGGIO CALABRIA;69;CHIETI;M;14
2023/2024;84;AGRIGENTO;27;VENEZIA;M;17
2024/2025;82;PALERMO;22;TRENTO;F;35
2023/2024;26;TREVISO;29;ROVIGO;F;151
2023/2024;20;MANTOVA;83;MESSINA;F;5
2024/2025;3;NOVARA;96;BIELLA;F;16
2023/2024;8;IMPERIA;1;TORINO;F;408
2024/2025;61;CASERTA;17;BRESCIA;F;5
2023/2024;30;UDINE;16;BERGAMO;F;5
2024/2025;57;RIETI;69;CHIETI;F;9
2024/2025;43;MACERATA;27;VENEZIA;F;76
2024/2025;6;ALESSANDRIA;43;MACERATA;M;5
2023/2024;998;PROVINCIA ESTERA;38;FERRARA;F;380
2023/2024;28;PADOVA;38;FERRARA;M;954
2023/2024;78;COSENZA;83;MESSINA;F;81
2023/2024;89;SIRACUSA;6;ALESSANDRIA;M;5
2023/2024;21;BOLZANO;38;FERRARA;M;72
2023/2024;75;LECCE;19;CREMONA;M;7
2023/2024;61;CASERTA;1;TORINO;M;56
2024/2025;69;CHIETI;23;VERONA;M;8
2024/2025;18;PAVIA;22;TRENTO;M;17
2024/2025;55;TERNI;56;VITERBO;M;156
2023/2024;109;FERMO;55;TERNI;F;8
2023/2024;26;TREVISO;54;PERUGIA;F;35
2023/2024;42;ANCONA;41;PESARO E URBINO;M;578
2023/2024;1;TORINO;37;BOLOGNA;M;100
2024/2025;43;MACERATA;34;PARMA;F;50
2024/2025;9;SAVONA;1;TORINO;F;64
2023/2024;15;MILANO;33;PIACENZA;F;11
2023/2024;94;ISERNIA;37;BOLOGNA;F;34
2023/2024;70;CAMPOBASSO;48;FIRENZE;F;57
2023/2024;18;PAVIA;37;BOLOGNA;M;31
2023/2024;32;TRIESTE;40;FORLI'-CESENA;M;5
2023/2024;56;VITERBO;54;PERUGIA;F;221
2023/2024;58;ROMA;8;IMPERIA;F;5
2024/2025;83;MESSINA;38;FERRARA;F;25
2024/2025;99;RIMINI;58;ROMA;M;43
2024/2025;46;LUCCA;15;MILANO;M;55
2023/2024;91;NUORO;36;MODENA;F;6
2024/2025;76;POTENZA;38;FERRARA;M;58
2023/2024;52;SIENA;100;PRATO;M;6
2024/2025;48;FIRENZE;83;MESSINA;F;6
2023/2024;78;COSENZA;61;CASERTA;F;27
2023/2024;91;NUORO;90;SASSARI;M;468
2024/2025;87;CATANIA;99;RIMINI;M;5
2023/2024;110;BARLETTA - ANDRIA - TRANI;68;PESCARA;M;8
2023/2024;63;NAPOLI;94;ISERNIA;F;64
2023/2024;97;LECCO;15;MILANO;M;1568
2024/2025;102;VIBO VALENTIA;83;MESSINA;M;89
2024/2025;87;CATANIA;43;MACERATA;M;9
2023/2024;99;RIMINI;34;PARMA;M;46
2024/2025;55;TERNI;63;NAPOLI;M;11
2023/2024;103;VERBANO CUSIO OSSOLA;17;BRESCIA;F;6
2023/2024;17;BRESCIA;41;PESARO E URBINO;M;10
2024/2025;73;TARANTO;22;TRENTO;M;32
2023/2024;57;RIETI;15;MILANO;M;24
2023/2024;58;ROMA;73;TARANTO;M;17
2024/2025;73;TARANTO;78;COSENZA;F;8
2024/2025;999;PROVINCIA NON DEFINITA;103;VERBANO CUSIO OSSOLA;F;12
2023/2024;999;PROVINCIA NON DEFINITA;56;VITERBO;M;270
2023/2024;15;MILANO;92;CAGLIARI;F;20
2023/2024;4;CUNEO;4;CUNEO;F;1097
2024/2025;57;RIETI;43;MACERATA;F;9
2024/2025;16;BERGAMO;22;TRENTO;F;147
2024/2025;110;BARLETTA - ANDRIA - TRANI;71;FOGGIA;M;554
2023/2024;72;BARI;32;TRIESTE;F;55
2024/2025;40;FORLI'-CESENA;39;RAVENNA;F;507
2024/2025;18;PAVIA;66;L'AQUILA;M;6
2023/2024;11;LA SPEZIA;52;SIENA;M;12
2023/2024;73;TARANTO;54;PERUGIA;F;122
2023/2024;76;POTENZA;63;NAPOLI;F;640
2023/2024;1;TORINO;59;LATINA;F;12
2023/2024;87;CATANIA;85;CALTANISSETTA;F;10
2023/2024;31;GORIZIA;48;FIRENZE;F;13
2024/2025;75;LECCE;75;LECCE;M;4806
2023/2024;58;ROMA;79;CATANZARO;F;23
2023/2024;63;NAPOLI;55;TERNI;M;10
2023/2024;59;LATINA;63;NAPOLI;M;309
2023/2024;18;PAVIA;6;ALESSANDRIA;M;47
2023/2024;17;BRESCIA;39;RAVENNA;F;10
2023/2024;84;AGRIGENTO;58;ROMA;M;211
2023/2024;91;NUORO;32;TRIESTE;M;11
2024/2025;93;PORDENONE;39;RAVENNA;F;5
2024/2025;5;ASTI;3;NOVARA;F;55
2023/2024;999;PROVINCIA NON DEFINITA;74;BRINDISI;M;10
2023/2024;44;ASCOLI PICENO;109;FERMO;F;49
2024/2025;28;PADOVA;15;MILANO;M;101
2024/2025;64;AVELLINO;22;TRENTO;M;8
2024/2025;70;CAMPOBASSO;1;TORINO;F;45
2024/2025;8;IMPERIA;1;TORINO;F;67
2024/2025;30;UDINE;63;NAPOLI;F;7
2024/2025;55;TERNI;42;ANCONA;F;11
2023/2024;10;GENOVA;23;VERONA;M;5
2023/2024;87;CATANIA;80;REGGIO CALABRIA;F;24
2024/2025;999;PROVINCIA NON DEFINITA;69;CHIETI;F;40
2024/2025;43;MACERATA;15;MILANO;F;57
2023/2024;78;COSENZA;50;PISA;M;145
2024/2025;39;RAVENNA;66;L'AQUILA;F;5
2023/2024;39;RAVENNA;63;NAPOLI;M;6
2023/2024;46;LUCCA;58;ROMA;M;47
2023/2024;15;MILANO;90;SASSARI;M;15
2024/2025;20;MANTOVA;48;FIRENZE;M;16
2023/2024;64;AVELLINO;50;PISA;F;61
2024/2025;51;AREZZO;34;PARMA;F;17
2023/2024;60;FROSINONE;40;FORLI'-CESENA;M;8
2023/2024;14;SONDRIO;34;PARMA;M;9
2024/2025;57;RIETI;27;VENEZIA;F;7
2023/2024;65;SALERNO;36;MODENA;M;70
2023/2024;12;VARESE;22;TRENTO;M;14
2023/2024;20;MANTOVA;35;REGGIO EMILIA;F;285
2024/2025;54;PERUGIA;69;CHIETI;M;14
2024/2025;24;VICENZA;39;RAVENNA;F;25
2023/2024;50;PISA;100;PRATO;F;18
2024/2025;36;MODENA;38;FERRARA;M;321
2023/2024;86;ENNA;15;MILANO;F;64
2023/2024;60;FROSINONE;68;PESCARA;M;11
2024/2025;2;VERCELLI;15;MILANO;F;215
2024/2025;69;CHIETI;32;TRIESTE;F;11
2023/2024;26;TREVISO;38;FERRARA;F;432
2024/2025;22;TRENTO;92;CAGLIARI;F;9
2024/2025;23;VERONA;29;ROVIGO;F;34
2024/2025;16;BERGAMO;32;TRIESTE;F;25
2023/2024;108;MONZA E BRIANZA;108;MONZA E BRIANZA;M;86
2023/2024;10;GENOVA;52;SIENA;M;17
2024/2025;84;AGRIGENTO;28;PADOVA;M;34
2024/2025;77;MATERA;10;GENOVA;M;7
2023/2024;51;AREZZO;69;CHIETI;F;5
2023/2024;75;LECCE;35;REGGIO EMILIA;M;29
2023/2024;81;TRAPANI;55;TERNI;M;6
2023/2024;24;VICENZA;58;ROMA;M;53
2023/2024;26;TREVISO;1;TORINO;F;12
2023/2024;42;ANCONA;68;PESCARA;M;8
2024/2025;4;CUNEO;52;SIENA;F;19
2024/2025;58;ROMA;12;VARESE;M;18
2023/2024;32;TRIESTE;41;PESARO E URBINO;F;5
2023/2024;63;NAPOLI;15;MILANO;M;733
2023/2024;53;GROSSETO;28;PADOVA;M;8
2023/2024;101;CROTONE;32;TRIESTE;M;5
2024/2025;77;MATERA;58;ROMA;F;341
2023/2024;6;ALESSANDRIA;12;VARESE;F;7
2023/2024;12;VARESE;15;MILANO;M;3230
2024/2025;38;FERRARA;17;BRESCIA;F;5
2023/2024;15;MILANO;108;MONZA E BRIANZA;F;103
2023/2024;2;VERCELLI;1;TORINO;F;481
2024/2025;40;FORLI'-CESENA;37;BOLOGNA;F;2046
2024/2025;92;CAGLIARI;95;ORISTANO;M;20
2023/2024;60;FROSINONE;52;SIENA;M;49
2023/2024;75;LECCE;23;VERONA;M;15
2023/2024;63;NAPOLI;62;BENEVENTO;M;29
2023/2024;90;SASSARI;37;BOLOGNA;M;118
2024/2025;16;BERGAMO;35;REGGIO EMILIA;F;9
2024/2025;49;LIVORNO;28;PADOVA;F;24
2023/2024;43;MACERATA;38;FERRARA;M;23
2023/2024;60;FROSINONE;15;MILANO;F;97
2023/2024;998;PROVINCIA ESTERA;3;NOVARA;M;218
2024/2025;10;GENOVA;38;FERRARA;M;5
2024/2025;3;NOVARA;22;TRENTO;F;9
2023/2024;103;VERBANO CUSIO OSSOLA;19;CREMONA;F;5
2023/2024;59;LATINA;79;CATANZARO;F;5
2024/2025;100;PRATO;1;TORINO;F;11
2024/2025;64;AVELLINO;32;TRIESTE;M;5
2023/2024;42;ANCONA;40;FORLI'-CESENA;F;95
2023/2024;28;PADOVA;58;ROMA;M;89
2024/2025;61;CASERTA;35;REGGIO EMILIA;M;9
2024/2025;34;PARMA;1;TORINO;F;25
2024/2025;93;PORDENONE;15;MILANO;M;95
2024/2025;31;GORIZIA;27;VENEZIA;M;24
2023/2024;64;AVELLINO;43;MACERATA;M;18
2024/2025;87;CATANIA;22;TRENTO;F;78
2023/2024;27;VENEZIA;66;L'AQUILA;F;17
2023/2024;86;ENNA;86;ENNA;F;761
2023/2024;998;PROVINCIA ESTERA;88;RAGUSA;F;13
2023/2024;66;L'AQUILA;67;TERAMO;F;211
2024/2025;81;TRAPANI;6;ALESSANDRIA;F;9
2024/2025;108;MONZA E BRIANZA;52;SIENA;F;15
2024/2025;65;SALERNO;65;SALERNO;M;8692
2024/2025;15;MILANO;32;TRIESTE;M;15
2023/2024;93;PORDENONE;39;RAVENNA;F;9
2024/2025;31;GORIZIA;48;FIRENZE;M;7
2023/2024;72;BARI;66;L'AQUILA;M;121
2023/2024;37;BOLOGNA;42;ANCONA;M;11
2023/2024;29;ROVIGO;1;TORINO;F;8
2023/2024;22;TRENTO;34;PARMA;F;114
2023/2024;74;BRINDISI;56;VITERBO;M;17
2024/2025;75;LECCE;22;TRENTO;M;37
2023/2024;90;SASSARI;90;SASSARI;F;4734
2023/2024;58;ROMA;65;SALERNO;M;7
2024/2025;84;AGRIGENTO;57;RIETI;F;19
2024/2025;44;ASCOLI PICENO;38;FERRARA;F;52
2024/2025;98;LODI;16;BERGAMO;F;33
2024/2025;77;MATERA;36;MODENA;M;34
2024/2025;77;MATERA;82;PALERMO;F;5
2023/2024;58;ROMA;80;REGGIO CALABRIA;F;16
2023/2024;86;ENNA;58;ROMA;F;90
2024/2025;60;FROSINONE;59;LATINA;F;27
2023/2024;48;FIRENZE;66;L'AQUILA;F;14
2023/2024;88;RAGUSA;90;SASSARI;F;8
2023/2024;103;VERBANO CUSIO OSSOLA;3;NOVARA;M;101
2024/2025;15;MILANO;52;SIENA;F;61
2024/2025;1;TORINO;4;CUNEO;F;358
2024/2025;68;PESCARA;27;VENEZIA;M;21
2024/2025;84;AGRIGENTO;86;ENNA;F;566
2023/2024;30;UDINE;30;UDINE;M;2825
2023/2024;109;FERMO;36;MODENA;M;14
2024/2025;54;PERUGIA;44;ASCOLI PICENO;F;12
2023/2024;2;VERCELLI;18;PAVIA;F;70
2024/2025;26;TREVISO;28;PADOVA;F;3789
2024/2025;23;VERONA;16;BERGAMO;M;12
2024/2025;34;PARMA;69;CHIETI;F;8
2023/2024;56;VITERBO;83;MESSINA;F;5
2023/2024;14;SONDRIO;22;TRENTO;F;13
2024/2025;63;NAPOLI;42;ANCONA;F;21
2024/2025;68;PESCARA;27;VENEZIA;F;41
2023/2024;77;MATERA;41;PESARO E URBINO;M;36
2023/2024;71;FOGGIA;72;BARI;F;195
2023/2024;33;PIACENZA;15;MILANO;M;287
2023/2024;4;CUNEO;6;ALESSANDRIA;M;27
2023/2024;1;TORINO;1;TORINO;M;5711
2024/2025;80;REGGIO CALABRIA;18;PAVIA;M;58
2023/2024;23;VERONA;1;TORINO;F;87
2024/2025;72;BARI;26;TREVISO;M;5
2023/2024;70;CAMPOBASSO;38;FERRARA;F;79
2024/2025;998;PROVINCIA ESTERA;39;RAVENNA;F;197
2023/2024;12;VARESE;99;RIMINI;F;8
2023/2024;23;VERONA;1;TORINO;M;38
2024/2025;72;BARI;18;PAVIA;M;55
2023/2024;4;CUNEO;32;TRIESTE;F;21
2024/2025;65;SALERNO;56;VITERBO;M;27
2023/2024;41;PESARO E URBINO;99;RIMINI;M;67
2024/2025;76;POTENZA;54;PERUGIA;F;242
2024/2025;94;ISERNIA;52;SIENA;F;15
2023/2024;71;FOGGIA;68;PESCARA;M;214
2023/2024;41;PESARO E URBINO;55;TERNI;F;10
2023/2024;110;BARLETTA - ANDRIA - TRANI;72;BARI;M;790
2023/2024;73;TARANTO;48;FIRENZE;F;114
2023/2024;33;PIACENZA;27;VENEZIA;F;27
2023/2024;24;VICENZA;10;GENOVA;F;12
2024/2025;95;ORISTANO;38;FERRARA;M;5
2023/2024;76;POTENZA;18;PAVIA;F;40
2024/2025;51;AREZZO;28;PADOVA;M;34
2024/2025;34;PARMA;48;FIRENZE;M;13
2024/2025;59;LATINA;10;GENOVA;F;13
2023/2024;999;PROVINCIA NON DEFINITA;43;MACERATA;M;109
2023/2024;33;PIACENZA;48;FIRENZE;F;16
2024/2025;9;SAVONA;40;FORLI'-CESENA;F;8
2024/2025;59;LATINA;65;SALERNO;M;10
2023/2024;76;POTENZA;1;TORINO;F;142
2023/2024;88;RAGUSA;51;AREZZO;F;5
2024/2025;7;AOSTA;7;AOSTA;M;190
2024/2025;72;BARI;1;TORINO;F;155
2023/2024;51;AREZZO;28;PADOVA;F;64
2024/2025;102;VIBO VALENTIA;15;MILANO;M;16
2023/2024;38;FERRARA;34;PARMA;M;22
2023/2024;58;ROMA;52;SIENA;F;111
2024/2025;33;PIACENZA;83;MESSINA;F;6
2023/2024;103;VERBANO CUSIO OSSOLA;2;VERCELLI;M;17
2023/2024;63;NAPOLI;75;LECCE;M;30
2024/2025;77;MATERA;65;SALERNO;M;14
2024/2025;18;PAVIA;1;TORINO;M;73
2023/2024;83;MESSINA;87;CATANIA;F;367
2023/2024;43;MACERATA;109;FERMO;F;62
2024/2025;80;REGGIO CALABRIA;1;TORINO;M;107
2023/2024;30;UDINE;24;VICENZA;M;13
2023/2024;27;VENEZIA;56;VITERBO;M;7
2023/2024;83;MESSINA;36;MODENA;M;41
2024/2025;22;TRENTO;48;FIRENZE;F;125
2023/2024;75;LECCE;72;BARI;F;77
2024/2025;40;FORLI'-CESENA;28;PADOVA;F;76
2023/2024;15;MILANO;15;MILANO;M;5820
2023/2024;66;L'AQUILA;34;PARMA;F;21
2023/2024;54;PERUGIA;83;MESSINA;F;14
2023/2024;109;FERMO;99;RIMINI;M;8
2024/2025;73;TARANTO;61;CASERTA;M;17
2023/2024;90;SASSARI;66;L'AQUILA;M;7
2024/2025;108;MONZA E BRIANZA;27;VENEZIA;M;11
2024/2025;58;ROMA;59;LATINA;F;204
2023/2024;15;MILANO;37;BOLOGNA;M;164
2024/2025;60;FROSINONE;69;CHIETI;F;101
2023/2024;99;RIMINI;43;MACERATA;F;19
2023/2024;25;BELLUNO;52;SIENA;M;10
2024/2025;87;CATANIA;32;TRIESTE;F;44
2024/2025;61;CASERTA;76;POTENZA;F;5
2024/2025;51;AREZZO;43;MACERATA;F;16
2023/2024;31;GORIZIA;32;TRIESTE;M;614
2023/2024;37;BOLOGNA;38;FERRARA;F;1479
2024/2025;89;SIRACUSA;89;SIRACUSA;M;176
2023/2024;22;TRENTO;17;BRESCIA;M;62
2023/2024;88;RAGUSA;16;BERGAMO;M;7
2024/2025;73;TARANTO;1;TORINO;F;212
2023/2024;84;AGRIGENTO;6;ALESSANDRIA;F;17
2023/2024;11;LA SPEZIA;27;VENEZIA;F;15
2024/2025;33;PIACENZA;48;FIRENZE;M;7
2024/2025;43;MACERATA;35;REGGIO EMILIA;M;7
2024/2025;28;PADOVA;59;LATINA;F;11
2024/2025;110;BARLETTA - ANDRIA - TRANI;68;PESCARA;F;15
2024/2025;34;PARMA;38;FERRARA;M;16
2024/2025;61;CASERTA;58;ROMA;F;1371
2023/2024;77;MATERA;77;MATERA;F;458
2024/2025;15;MILANO;22;TRENTO;M;39
2024/2025;77;MATERA;32;TRIESTE;M;6
2024/2025;999;PROVINCIA NON DEFINITA;33;PIACENZA;F;280
2023/2024;12;VARESE;98;LODI;M;5
2024/2025;45;MASSA CARRARA;52;SIENA;F;26
2024/2025;59;LATINA;83;MESSINA;M;8
2024/2025;50;PISA;38;FERRARA;M;7
2024/2025;58;ROMA;48;FIRENZE;F;203
2024/2025;30;UDINE;1;TORINO;F;61
2023/2024;99;RIMINI;48;FIRENZE;F;61
2024/2025;58;ROMA;80;REGGIO CALABRIA;M;5
2024/2025;69;CHIETI;54;PERUGIA;F;77
2023/2024;36;MODENA;41;PESARO E URBINO;F;26
2024/2025;46;LUCCA;38;FERRARA;F;8
2024/2025;75;LECCE;15;MILANO;F;682
2024/2025;63;NAPOLI;64;AVELLINO;F;207
2024/2025;36;MODENA;52;SIENA;F;25
2024/2025;108;MONZA E BRIANZA;36;MODENA;M;8
2023/2024;39;RAVENNA;35;REGGIO EMILIA;F;29
2023/2024;22;TRENTO;12;VARESE;M;8
2024/2025;25;BELLUNO;25;BELLUNO;F;84
2024/2025;85;CALTANISSETTA;10;GENOVA;M;12
2024/2025;52;SIENA;36;MODENA;M;15
2023/2024;43;MACERATA;54;PERUGIA;F;333
2024/2025;22;TRENTO;52;SIENA;M;5
2024/2025;78;COSENZA;77;MATERA;F;35
2024/2025;60;FROSINONE;52;SIENA;F;96
2023/2024;49;LIVORNO;43;MACERATA;F;5
2024/2025;69;CHIETI;17;BRESCIA;F;6
2024/2025;23;VERONA;58;ROMA;F;179
2023/2024;88;RAGUSA;33;PIACENZA;F;21
2024/2025;83;MESSINA;52;SIENA;F;42
2023/2024;52;SIENA;32;TRIESTE;F;9
2023/2024;70;CAMPOBASSO;71;FOGGIA;M;22
2024/2025;39;RAVENNA;34;PARMA;M;20
2023/2024;30;UDINE;43;MACERATA;M;8
2023/2024;10;GENOVA;27;VENEZIA;F;50
2023/2024;56;VITERBO;59;LATINA;F;5
2024/2025;26;TREVISO;11;LA SPEZIA;M;5
2023/2024;11;LA SPEZIA;48;FIRENZE;F;142
2023/2024;15;MILANO;42;ANCONA;F;19
2023/2024;24;VICENZA;22;TRENTO;F;700
2023/2024;93;PORDENONE;15;MILANO;F;45
2024/2025;8;IMPERIA;58;ROMA;F;50
2023/2024;68;PESCARA;67;TERAMO;F;485
2024/2025;33;PIACENZA;27;VENEZIA;M;9
2023/2024;55;TERNI;34;PARMA;M;6
2024/2025;22;TRENTO;23;VERONA;F;1215
2023/2024;999;PROVINCIA NON DEFINITA;90;SASSARI;M;243
2024/2025;58;ROMA;83;MESSINA;M;28
2024/2025;52;SIENA;35;REGGIO EMILIA;F;7
2024/2025;98;LODI;3;NOVARA;F;7
2023/2024;66;L'AQUILA;94;ISERNIA;M;10
2024/2025;41;PESARO E URBINO;37;BOLOGNA;F;664
2023/2024;103;VERBANO CUSIO OSSOLA;52;SIENA;F;5
2024/2025;25;BELLUNO;31;GORIZIA;M;5
2024/2025;12;VARESE;37;BOLOGNA;M;61
2023/2024;17;BRESCIA;92;CAGLIARI;F;5
2024/2025;57;RIETI;58;ROMA;M;786
2023/2024;12;VARESE;27;VENEZIA;F;90
2023/2024;89;SIRACUSA;28;PADOVA;F;55
2024/2025;58;ROMA;30;UDINE;F;16
2024/2025;18;PAVIA;35;REGGIO EMILIA;M;5
2024/2025;85;CALTANISSETTA;22;TRENTO;M;11
2023/2024;85;CALTANISSETTA;56;VITERBO;M;11
2023/2024;4;CUNEO;48;FIRENZE;M;22
2023/2024;91;NUORO;15;MILANO;F;8
2024/2025;23;VERONA;17;BRESCIA;F;243
2023/2024;80;REGGIO CALABRIA;30;UDINE;F;9
2023/2024;18;PAVIA;17;BRESCIA;F;13
2023/2024;37;BOLOGNA;52;SIENA;M;5
2023/2024;54;PERUGIA;15;MILANO;M;140
2024/2025;17;BRESCIA;43;MACERATA;F;12
2024/2025;999;PROVINCIA NON DEFINITA;41;PESARO E URBINO;M;19
2024/2025;61;CASERTA;71;FOGGIA;M;9
2024/2025;16;BERGAMO;22;TRENTO;M;83
2024/2025;35;REGGIO EMILIA;28;PADOVA;M;41
2024/2025;15;MILANO;59;LATINA;F;14
2023/2024;61;CASERTA;94;ISERNIA;M;57
2024/2025;72;BARI;34;PARMA;M;56
2023/2024;43;MACERATA;15;MILANO;M;88
2024/2025;111;SUD SARDEGNA;54;PERUGIA;M;7
2023/2024;46;LUCCA;22;TRENTO;F;8
2024/2025;20;MANTOVA;34;PARMA;M;523
2023/2024;69;CHIETI;60;FROSINONE;M;5
2023/2024;1;TORINO;4;CUNEO;F;387
2023/2024;12;VARESE;39;RAVENNA;F;9
2024/2025;44;ASCOLI PICENO;37;BOLOGNA;M;255
2024/2025;72;BARI;43;MACERATA;M;31
2024/2025;92;CAGLIARI;63;NAPOLI;M;43
2024/2025;111;SUD SARDEGNA;32;TRIESTE;M;8
2024/2025;73;TARANTO;10;GENOVA;F;14
2024/2025;110;BARLETTA - ANDRIA - TRANI;39;RAVENNA;F;9
2023/2024;19;CREMONA;35;REGGIO EMILIA;M;8
2024/2025;74;BRINDISI;61;CASERTA;F;9
2023/2024;68;PESCARA;52;SIENA;F;27
2023/2024;63;NAPOLI;33;PIACENZA;F;13
2024/2025;25;BELLUNO;34;PARMA;F;19
2023/2024;29;ROVIGO;54;PERUGIA;F;6
2024/2025;17;BRESCIA;18;PAVIA;F;241
2023/2024;49;LIVORNO;15;MILANO;M;67
2023/2024;57;RIETI;44;ASCOLI PICENO;F;5
2023/2024;87;CATANIA;48;FIRENZE;F;97
2024/2025;62;BENEVENTO;15;MILANO;F;113
2023/2024;96;BIELLA;10;GENOVA;M;7
2023/2024;67;TERAMO;68;PESCARA;M;238
2023/2024;83;MESSINA;82;PALERMO;M;471
2023/2024;58;ROMA;63;NAPOLI;M;138
2023/2024;58;ROMA;19;CREMONA;M;6
2024/2025;47;PISTOIA;27;VENEZIA;F;20
2023/2024;89;SIRACUSA;41;PESARO E URBINO;M;19
2024/2025;52;SIENA;69;CHIETI;F;7
2023/2024;17;BRESCIA;20;MANTOVA;M;24
2023/2024;16;BERGAMO;10;GENOVA;F;51
2023/2024;71;FOGGIA;70;CAMPOBASSO;F;477
2023/2024;90;SASSARI;52;SIENA;M;11
2023/2024;108;MONZA E BRIANZA;1;TORINO;F;65
2023/2024;75;LECCE;74;BRINDISI;F;67
2023/2024;17;BRESCIA;40;FORLI'-CESENA;M;14
2023/2024;103;VERBANO CUSIO OSSOLA;1;TORINO;M;56
2023/2024;93;PORDENONE;1;TORINO;M;19
2024/2025;32;TRIESTE;66;L'AQUILA;M;5
2024/2025;99;RIMINI;27;VENEZIA;M;17
2023/2024;85;CALTANISSETTA;1;TORINO;M;121
2024/2025;109;FERMO;67;TERAMO;M;13
2023/2024;17;BRESCIA;63;NAPOLI;F;14
2023/2024;91;NUORO;37;BOLOGNA;F;97
2024/2025;108;MONZA E BRIANZA;37;BOLOGNA;M;33
2023/2024;19;CREMONA;99;RIMINI;F;6
2023/2024;42;ANCONA;36;MODENA;M;45
2024/2025;79;CATANZARO;18;PAVIA;M;23
2024/2025;90;SASSARI;55;TERNI;F;6
2024/2025;108;MONZA E BRIANZA;33;PIACENZA;M;14
2023/2024;38;FERRARA;22;TRENTO;F;35
2024/2025;79;CATANZARO;80;REGGIO CALABRIA;F;114
2024/2025;81;TRAPANI;22;TRENTO;M;39
2024/2025;81;TRAPANI;84;AGRIGENTO;F;25
2023/2024;84;AGRIGENTO;60;FROSINONE;F;12
2024/2025;74;BRINDISI;1;TORINO;M;187
2024/2025;71;FOGGIA;73;TARANTO;M;13
2024/2025;15;MILANO;10;GENOVA;F;193
2024/2025;26;TREVISO;15;MILANO;M;234
2024/2025;17;BRESCIA;23;VERONA;M;525
2023/2024;41;PESARO E URBINO;83;MESSINA;F;6
2024/2025;86;ENNA;22;TRENTO;F;12
2024/2025;6;ALESSANDRIA;1;TORINO;M;424
2023/2024;82;PALERMO;1;TORINO;F;93
2023/2024;81;TRAPANI;60;FROSINONE;F;8
2024/2025;69;CHIETI;10;GENOVA;F;12
2023/2024;72;BARI;10;GENOVA;F;23
2023/2024;12;VARESE;97;LECCO;F;14
2023/2024;88;RAGUSA;16;BERGAMO;F;9
2023/2024;63;NAPOLI;63;NAPOLI;M;31130
2023/2024;74;BRINDISI;50;PISA;F;74
2023/2024;48;FIRENZE;34;PARMA;M;13
2023/2024;75;LECCE;13;COMO;F;6
2023/2024;51;AREZZO;34;PARMA;M;12
2024/2025;17;BRESCIA;37;BOLOGNA;M;161
2024/2025;27;VENEZIA;41;PESARO E URBINO;F;36
2023/2024;10;GENOVA;23;VERONA;F;10
2023/2024;7;AOSTA;15;MILANO;M;72
2024/2025;80;REGGIO CALABRIA;3;NOVARA;F;15
2024/2025;76;POTENZA;15;MILANO;F;222
2024/2025;58;ROMA;78;COSENZA;M;12
2024/2025;26;TREVISO;69;CHIETI;F;10
2024/2025;110;BARLETTA - ANDRIA - TRANI;69;CHIETI;F;91
2023/2024;76;POTENZA;40;FORLI'-CESENA;M;14
2023/2024;38;FERRARA;37;BOLOGNA;F;898
2024/2025;72;BARI;41;PESARO E URBINO;F;85
2024/2025;13;COMO;92;CAGLIARI;F;7
2023/2024;999;PROVINCIA NON DEFINITA;2;VERCELLI;F;29
2024/2025;88;RAGUSA;92;CAGLIARI;M;7
2024/2025;58;ROMA;66;L'AQUILA;F;445
2024/2025;58;ROMA;70;CAMPOBASSO;M;24
2024/2025;83;MESSINA;37;BOLOGNA;M;118
2023/2024;91;NUORO;22;TRENTO;F;9
2024/2025;20;MANTOVA;50;PISA;F;13
2024/2025;16;BERGAMO;54;PERUGIA;M;6
2023/2024;34;PARMA;15;MILANO;M;244
2024/2025;41;PESARO E URBINO;55;TERNI;F;5
2023/2024;78;COSENZA;70;CAMPOBASSO;M;5
2023/2024;4;CUNEO;10;GENOVA;M;67
2024/2025;58;ROMA;52;SIENA;F;106
2023/2024;91;NUORO;15;MILANO;M;8
2024/2025;42;ANCONA;16;BERGAMO;F;5
2024/2025;83;MESSINA;38;FERRARA;M;11
2024/2025;15;MILANO;20;MANTOVA;F;33
2024/2025;95;ORISTANO;28;PADOVA;M;28
2023/2024;10;GENOVA;35;REGGIO EMILIA;M;5
2024/2025;35;REGGIO EMILIA;1;TORINO;M;38
2023/2024;23;VERONA;63;NAPOLI;F;5
2024/2025;95;ORISTANO;63;NAPOLI;F;8
2024/2025;10;GENOVA;33;PIACENZA;F;18
2023/2024;24;VICENZA;34;PARMA;F;56
2024/2025;45;MASSA CARRARA;54;PERUGIA;F;15
2023/2024;87;CATANIA;34;PARMA;F;71
2024/2025;15;MILANO;83;MESSINA;M;7
2023/2024;111;SUD SARDEGNA;48;FIRENZE;M;16
2023/2024;7;AOSTA;96;BIELLA;F;5
2024/2025;62;BENEVENTO;52;SIENA;F;75
2024/2025;69;CHIETI;40;FORLI'-CESENA;M;26
2023/2024;85;CALTANISSETTA;82;PALERMO;F;793
2024/2025;87;CATANIA;66;L'AQUILA;F;35
2023/2024;44;ASCOLI PICENO;67;TERAMO;F;153
2024/2025;67;TERAMO;72;BARI;F;7
2023/2024;19;CREMONA;37;BOLOGNA;F;83
2023/2024;41;PESARO E URBINO;48;FIRENZE;M;44
2023/2024;87;CATANIA;85;CALTANISSETTA;M;11
2023/2024;40;FORLI'-CESENA;27;VENEZIA;F;75
2023/2024;74;BRINDISI;27;VENEZIA;M;7
2024/2025;4;CUNEO;3;NOVARA;M;37
2024/2025;68;PESCARA;1;TORINO;M;29
2023/2024;49;LIVORNO;11;LA SPEZIA;M;13
2024/2025;51;AREZZO;52;SIENA;M;334
2023/2024;90;SASSARI;54;PERUGIA;M;22
2023/2024;81;TRAPANI;83;MESSINA;F;154
2023/2024;73;TARANTO;35;REGGIO EMILIA;M;14
2023/2024;20;MANTOVA;24;VICENZA;M;7
2024/2025;17;BRESCIA;19;CREMONA;M;18
2024/2025;80;REGGIO CALABRIA;39;RAVENNA;M;6
2024/2025;58;ROMA;8;IMPERIA;F;5
2023/2024;45;MASSA CARRARA;50;PISA;M;1313
2024/2025;44;ASCOLI PICENO;44;ASCOLI PICENO;M;398
2024/2025;74;BRINDISI;70;CAMPOBASSO;M;10
2024/2025;2;VERCELLI;3;NOVARA;M;224
2023/2024;1;TORINO;21;BOLZANO;F;6
2024/2025;999;PROVINCIA NON DEFINITA;81;TRAPANI;M;18
2023/2024;13;COMO;59;LATINA;F;5
2024/2025;103;VERBANO CUSIO OSSOLA;15;MILANO;M;158
2024/2025;998;PROVINCIA ESTERA;54;PERUGIA;M;861
2023/2024;72;BARI;32;TRIESTE;M;32
2024/2025;72;BARI;69;CHIETI;F;229
2023/2024;67;TERAMO;43;MACERATA;F;302
2023/2024;17;BRESCIA;52;SIENA;F;32
2024/2025;79;CATANZARO;34;PARMA;F;27
2024/2025;26;TREVISO;54;PERUGIA;M;21
2024/2025;26;TREVISO;41;PESARO E URBINO;F;38
2023/2024;77;MATERA;43;MACERATA;F;9
2024/2025;64;AVELLINO;48;FIRENZE;M;61
2023/2024;103;VERBANO CUSIO OSSOLA;10;GENOVA;M;11
2023/2024;75;LECCE;108;MONZA E BRIANZA;M;6
2023/2024;43;MACERATA;27;VENEZIA;F;66
2024/2025;22;TRENTO;35;REGGIO EMILIA;M;8
2023/2024;27;VENEZIA;66;L'AQUILA;M;16
2024/2025;72;BARI;36;MODENA;F;48
2024/2025;71;FOGGIA;79;CATANZARO;F;7
2023/2024;1;TORINO;22;TRENTO;M;23
2023/2024;76;POTENZA;60;FROSINONE;F;8
2023/2024;96;BIELLA;50;PISA;M;6
2024/2025;27;VENEZIA;39;RAVENNA;M;5
2024/2025;77;MATERA;17;BRESCIA;F;6
2023/2024;66;L'AQUILA;43;MACERATA;F;35
2024/2025;84;AGRIGENTO;3;NOVARA;M;11
2023/2024;18;PAVIA;66;L'AQUILA;M;7
2024/2025;25;BELLUNO;32;TRIESTE;M;181
2024/2025;4;CUNEO;32;TRIESTE;F;16
2023/2024;998;PROVINCIA ESTERA;88;RAGUSA;M;9
2024/2025;71;FOGGIA;83;MESSINA;M;5
2023/2024;22;TRENTO;48;FIRENZE;F;121
2023/2024;9;SAVONA;22;TRENTO;F;11
2024/2025;84;AGRIGENTO;28;PADOVA;F;50
2024/2025;103;VERBANO CUSIO OSSOLA;18;PAVIA;M;169
2024/2025;998;PROVINCIA ESTERA;59;LATINA;F;69
2023/2024;29;ROVIGO;24;VICENZA;M;35
2023/2024;81;TRAPANI;33;PIACENZA;F;9
2024/2025;94;ISERNIA;50;PISA;F;10
2024/2025;110;BARLETTA - ANDRIA - TRANI;15;MILANO;M;65
2023/2024;58;ROMA;23;VERONA;M;31
2024/2025;4;CUNEO;22;TRENTO;M;17
2023/2024;79;CATANZARO;16;BERGAMO;F;7
2023/2024;77;MATERA;35;REGGIO EMILIA;M;8
2024/2025;19;CREMONA;35;REGGIO EMILIA;F;55
2024/2025;78;COSENZA;56;VITERBO;F;13
2023/2024;52;SIENA;1;TORINO;M;14
2024/2025;1;TORINO;41;PESARO E URBINO;F;24
2024/2025;42;ANCONA;50;PISA;F;23
2024/2025;11;LA SPEZIA;1;TORINO;F;16
2024/2025;22;TRENTO;69;CHIETI;F;13
2023/2024;14;SONDRIO;97;LECCO;F;12
2023/2024;46;LUCCA;34;PARMA;M;17
2023/2024;24;VICENZA;22;TRENTO;M;701
2024/2025;109;FERMO;38;FERRARA;M;27
2024/2025;65;SALERNO;92;CAGLIARI;M;16
2023/2024;38;FERRARA;22;TRENTO;M;34
2024/2025;27;VENEZIA;30;UDINE;F;315
2024/2025;80;REGGIO CALABRIA;52;SIENA;F;50
2023/2024;95;ORISTANO;69;CHIETI;F;10
2024/2025;91;NUORO;95;ORISTANO;M;15
2024/2025;60;FROSINONE;72;BARI;F;5
2023/2024;33;PIACENZA;10;GENOVA;M;14
2023/2024;89;SIRACUSA;72;BARI;M;12
2023/2024;90;SASSARI;72;BARI;F;5
2024/2025;57;RIETI;1;TORINO;F;14
2023/2024;100;PRATO;1;TORINO;F;12
2024/2025;89;SIRACUSA;82;PALERMO;F;83
2024/2025;34;PARMA;40;FORLI'-CESENA;M;21
2023/2024;21;BOLZANO;35;REGGIO EMILIA;F;8
2023/2024;41;PESARO E URBINO;22;TRENTO;M;34
2023/2024;84;AGRIGENTO;56;VITERBO;F;11
2024/2025;76;POTENZA;71;FOGGIA;F;181
2023/2024;44;ASCOLI PICENO;41;PESARO E URBINO;M;105
2024/2025;29;ROVIGO;34;PARMA;F;18
2023/2024;80;REGGIO CALABRIA;16;BERGAMO;M;23
2023/2024;16;BERGAMO;20;MANTOVA;F;10
2023/2024;22;TRENTO;24;VICENZA;F;23
2024/2025;85;CALTANISSETTA;33;PIACENZA;M;5
2024/2025;81;TRAPANI;56;VITERBO;M;32
2024/2025;72;BARI;76;POTENZA;F;67
2024/2025;50;PISA;51;AREZZO;F;20
2023/2024;79;CATANZARO;82;PALERMO;F;5
2023/2024;998;PROVINCIA ESTERA;65;SALERNO;F;87
2023/2024;83;MESSINA;15;MILANO;M;100
2024/2025;2;VERCELLI;5;ASTI;M;8
2023/2024;36;MODENA;15;MILANO;M;145
2023/2024;37;BOLOGNA;48;FIRENZE;F;269
2023/2024;5;ASTI;22;TRENTO;F;5
2023/2024;998;PROVINCIA ESTERA;1;TORINO;F;2266
2024/2025;81;TRAPANI;32;TRIESTE;M;11
2023/2024;63;NAPOLI;51;AREZZO;M;7
2023/2024;90;SASSARI;41;PESARO E URBINO;M;19
2023/2024;30;UDINE;48;FIRENZE;F;53
2023/2024;70;CAMPOBASSO;58;ROMA;F;467
2023/2024;46;LUCCA;15;MILANO;F;101
2023/2024;16;BERGAMO;63;NAPOLI;M;11
2024/2025;12;VARESE;36;MODENA;F;5
2023/2024;36;MODENA;50;PISA;F;27
2024/2025;16;BERGAMO;18;PAVIA;F;435
2024/2025;83;MESSINA;22;TRENTO;M;32
2023/2024;999;PROVINCIA NON DEFINITA;73;TARANTO;F;15
2024/2025;90;SASSARI;34;PARMA;F;47
2023/2024;999;PROVINCIA NON DEFINITA;56;VITERBO;F;360
2023/2024;65;SALERNO;42;ANCONA;F;11
2023/2024;6;ALESSANDRIA;23;VERONA;M;5
2024/2025;95;ORISTANO;50;PISA;M;40
2024/2025;27;VENEZIA;29;ROVIGO;M;45
2024/2025;75;LECCE;36;MODENA;M;106
2023/2024;75;LECCE;34;PARMA;F;296
2023/2024;101;CROTONE;10;GENOVA;M;8
2024/2025;94;ISERNIA;66;L'AQUILA;M;22
2024/2025;40;FORLI'-CESENA;66;L'AQUILA;F;8
2024/2025;59;LATINA;54;PERUGIA;M;59
2024/2025;73;TARANTO;36;MODENA;F;44
2024/2025;77;MATERA;63;NAPOLI;M;42
2023/2024;53;GROSSETO;22;TRENTO;F;7
2023/2024;52;SIENA;27;VENEZIA;F;24
2024/2025;23;VERONA;33;PIACENZA;F;19
2024/2025;76;POTENZA;83;MESSINA;F;15
2024/2025;25;BELLUNO;24;VICENZA;F;21
2023/2024;998;PROVINCIA ESTERA;11;LA SPEZIA;M;33
2023/2024;82;PALERMO;48;FIRENZE;M;92
2023/2024;1;TORINO;63;NAPOLI;M;18
2023/2024;82;PALERMO;38;FERRARA;M;24
2024/2025;109;FERMO;18;PAVIA;F;13
2024/2025;26;TREVISO;63;NAPOLI;M;6
2023/2024;25;BELLUNO;1;TORINO;F;7
2023/2024;46;LUCCA;22;TRENTO;M;9
2023/2024;27;VENEZIA;11;LA SPEZIA;M;8
2023/2024;52;SIENA;18;PAVIA;F;10
2024/2025;61;CASERTA;51;AREZZO;M;5
2024/2025;98;LODI;36;MODENA;M;5
2024/2025;48;FIRENZE;38;FERRARA;F;34
2023/2024;89;SIRACUSA;59;LATINA;F;9
2024/2025;63;NAPOLI;6;ALESSANDRIA;M;13
2023/2024;62;BENEVENTO;27;VENEZIA;F;13
2023/2024;27;VENEZIA;54;PERUGIA;M;14
2023/2024;99;RIMINI;1;TORINO;M;14
2023/2024;65;SALERNO;66;L'AQUILA;F;130
2023/2024;68;PESCARA;63;NAPOLI;F;25
2024/2025;23;VERONA;24;VICENZA;F;190
2023/2024;109;FERMO;28;PADOVA;F;70
2024/2025;54;PERUGIA;48;FIRENZE;F;260
2024/2025;12;VARESE;63;NAPOLI;M;10
2023/2024;46;LUCCA;51;AREZZO;F;11
2024/2025;68;PESCARA;22;TRENTO;M;25
2024/2025;92;CAGLIARI;1;TORINO;M;73
2023/2024;82;PALERMO;90;SASSARI;F;6
2024/2025;74;BRINDISI;28;PADOVA;F;79
2024/2025;4;CUNEO;1;TORINO;M;2479
2023/2024;80;REGGIO CALABRIA;69;CHIETI;F;29
2023/2024;69;CHIETI;39;RAVENNA;M;9
2024/2025;74;BRINDISI;52;SIENA;M;18
2023/2024;110;BARLETTA - ANDRIA - TRANI;61;CASERTA;F;8
2023/2024;33;PIACENZA;48;FIRENZE;M;7
2023/2024;67;TERAMO;23;VERONA;M;6
2023/2024;63;NAPOLI;4;CUNEO;F;7
2023/2024;62;BENEVENTO;61;CASERTA;F;204
2023/2024;998;PROVINCIA ESTERA;86;ENNA;F;7
2024/2025;40;FORLI'-CESENA;67;TERAMO;F;5
2024/2025;10;GENOVA;1;TORINO;F;259
2024/2025;13;COMO;50;PISA;M;13
2024/2025;63;NAPOLI;76;POTENZA;M;20
2023/2024;5;ASTI;10;GENOVA;F;66
2023/2024;37;BOLOGNA;1;TORINO;F;26
2023/2024;80;REGGIO CALABRIA;12;VARESE;F;13
2024/2025;6;ALESSANDRIA;28;PADOVA;F;27
2023/2024;86;ENNA;79;CATANZARO;F;7
2024/2025;58;ROMA;1;TORINO;F;209
2024/2025;102;VIBO VALENTIA;10;GENOVA;F;8
2023/2024;96;BIELLA;15;MILANO;M;32
2024/2025;60;FROSINONE;41;PESARO E URBINO;M;5
2024/2025;4;CUNEO;48;FIRENZE;M;21
2024/2025;55;TERNI;43;MACERATA;M;21
2023/2024;6;ALESSANDRIA;15;MILANO;M;262
2023/2024;36;MODENA;58;ROMA;F;114
2024/2025;82;PALERMO;32;TRIESTE;M;19
2023/2024;63;NAPOLI;13;COMO;M;5
2023/2024;24;VICENZA;27;VENEZIA;M;671
2024/2025;5;ASTI;10;GENOVA;F;74
2023/2024;59;LATINA;60;FROSINONE;M;338
2024/2025;108;MONZA E BRIANZA;32;TRIESTE;F;10
2024/2025;46;LUCCA;15;MILANO;F;74
2023/2024;61;CASERTA;32;TRIESTE;M;8
2024/2025;88;RAGUSA;32;TRIESTE;F;16
2024/2025;72;BARI;56;VITERBO;F;16
2023/2024;44;ASCOLI PICENO;66;L'AQUILA;M;142
2023/2024;55;TERNI;50;PISA;M;55
2023/2024;87;CATANIA;23;VERONA;M;13
2024/2025;75;LECCE;66;L'AQUILA;M;116
2024/2025;58;ROMA;71;FOGGIA;M;11
2024/2025;998;PROVINCIA ESTERA;52;SIENA;M;728
2023/2024;73;TARANTO;34;PARMA;F;217
2024/2025;999;PROVINCIA NON DEFINITA;48;FIRENZE;M;213
2023/2024;110;BARLETTA - ANDRIA - TRANI;40;FORLI'-CESENA;M;5
2023/2024;58;ROMA;15;MILANO;F;332
2023/2024;58;ROMA;82;PALERMO;F;12
2023/2024;50;PISA;1;TORINO;M;25
2023/2024;8;IMPERIA;58;ROMA;F;49
2023/2024;6;ALESSANDRIA;83;MESSINA;F;6
2023/2024;17;BRESCIA;32;TRIESTE;M;22
2023/2024;111;SUD SARDEGNA;69;CHIETI;F;5
2024/2025;61;CASERTA;35;REGGIO EMILIA;F;16
2023/2024;21;BOLZANO;15;MILANO;F;11
2024/2025;82;PALERMO;56;VITERBO;M;25
2023/2024;999;PROVINCIA NON DEFINITA;79;CATANZARO;M;507
2024/2025;54;PERUGIA;50;PISA;M;78
2023/2024;40;FORLI'-CESENA;43;MACERATA;F;18
2024/2025;51;AREZZO;38;FERRARA;M;15
2023/2024;22;TRENTO;18;PAVIA;F;60
2023/2024;27;VENEZIA;1;TORINO;M;46
2023/2024;61;CASERTA;83;MESSINA;F;13
2023/2024;38;FERRARA;48;FIRENZE;M;29
2024/2025;44;ASCOLI PICENO;18;PAVIA;F;15
2024/2025;110;BARLETTA - ANDRIA - TRANI;15;MILANO;F;22
2023/2024;63;NAPOLI;99;RIMINI;F;22
2024/2025;60;FROSINONE;59;LATINA;M;17
2024/2025;64;AVELLINO;1;TORINO;M;72
2024/2025;13;COMO;15;MILANO;F;386
2023/2024;56;VITERBO;15;MILANO;M;33
2023/2024;29;ROVIGO;27;VENEZIA;M;89
2024/2025;64;AVELLINO;70;CAMPOBASSO;F;115
2023/2024;3;NOVARA;33;PIACENZA;F;8
2024/2025;23;VERONA;15;MILANO;M;369
2023/2024;41;PESARO E URBINO;30;UDINE;M;8
2023/2024;24;VICENZA;55;TERNI;F;9
2023/2024;84;AGRIGENTO;50;PISA;F;184
2023/2024;91;NUORO;90;SASSARI;F;982
2024/2025;14;SONDRIO;28;PADOVA;F;35
2024/2025;998;PROVINCIA ESTERA;97;LECCO;F;34
2024/2025;5;ASTI;28;PADOVA;M;7
2023/2024;38;FERRARA;18;PAVIA;M;8
2024/2025;33;PIACENZA;40;FORLI'-CESENA;F;11
2023/2024;7;AOSTA;1;TORINO;M;139
2023/2024;87;CATANIA;54;PERUGIA;F;60
2024/2025;13;COMO;30;UDINE;F;5
2024/2025;17;BRESCIA;42;ANCONA;M;8
2023/2024;93;PORDENONE;41;PESARO E URBINO;M;9
2024/2025;50;PISA;46;LUCCA;F;36
2024/2025;14;SONDRIO;17;BRESCIA;M;19
2023/2024;90;SASSARI;28;PADOVA;M;58
2023/2024;65;SALERNO;75;LECCE;M;5
2023/2024;48;FIRENZE;100;PRATO;M;95
2023/2024;44;ASCOLI PICENO;42;ANCONA;M;653
2023/2024;63;NAPOLI;70;CAMPOBASSO;M;66
2024/2025;69;CHIETI;52;SIENA;F;24
2024/2025;95;ORISTANO;15;MILANO;F;51
2023/2024;96;BIELLA;2;VERCELLI;M;56
2023/2024;83;MESSINA;18;PAVIA;F;51
2023/2024;77;MATERA;34;PARMA;F;121
2024/2025;70;CAMPOBASSO;22;TRENTO;M;6
2024/2025;41;PESARO E URBINO;34;PARMA;F;54
2023/2024;16;BERGAMO;32;TRIESTE;F;30
2023/2024;7;AOSTA;27;VENEZIA;M;7
2023/2024;110;BARLETTA - ANDRIA - TRANI;35;REGGIO EMILIA;F;11
2023/2024;998;PROVINCIA ESTERA;15;MILANO;F;5279
2023/2024;58;ROMA;11;LA SPEZIA;M;27
2024/2025;99;RIMINI;38;FERRARA;M;67
2023/2024;87;CATANIA;99;RIMINI;F;11
2024/2025;3;NOVARA;28;PADOVA;F;37
2024/2025;6;ALESSANDRIA;15;MILANO;F;434
2023/2024;11;LA SPEZIA;36;MODENA;F;9
2024/2025;27;VENEZIA;35;REGGIO EMILIA;F;12
2024/2025;29;ROVIGO;27;VENEZIA;F;189
2023/2024;54;PERUGIA;43;MACERATA;F;148
2023/2024;12;VARESE;28;PADOVA;M;38
2023/2024;35;REGGIO EMILIA;58;ROMA;M;28
2023/2024;2;VERCELLI;7;AOSTA;F;14
2023/2024;31;GORIZIA;37;BOLOGNA;F;29
2024/2025;79;CATANZARO;66;L'AQUILA;M;27
2024/2025;84;AGRIGENTO;1;TORINO;F;54
2023/2024;52;SIENA;34;PARMA;F;9
2023/2024;12;VARESE;15;MILANO;F;6022
2023/2024;30;UDINE;18;PAVIA;F;24
2024/2025;20;MANTOVA;20;MANTOVA;F;28
2023/2024;77;MATERA;42;ANCONA;F;7
2023/2024;110;BARLETTA - ANDRIA - TRANI;1;TORINO;F;58
2024/2025;57;RIETI;55;TERNI;F;32
2024/2025;22;TRENTO;23;VERONA;M;487
2023/2024;68;PESCARA;28;PADOVA;F;65
2023/2024;86;ENNA;63;NAPOLI;F;10
2024/2025;92;CAGLIARI;95;ORISTANO;F;9
2023/2024;52;SIENA;22;TRENTO;F;12
2024/2025;20;MANTOVA;10;GENOVA;F;8
2023/2024;77;MATERA;58;ROMA;M;186
2024/2025;998;PROVINCIA ESTERA;100;PRATO;M;41
2023/2024;67;TERAMO;22;TRENTO;M;9
2023/2024;1;TORINO;34;PARMA;F;71
2024/2025;94;ISERNIA;48;FIRENZE;F;24
2024/2025;51;AREZZO;34;PARMA;M;10
2024/2025;16;BERGAMO;98;LODI;F;66
2023/2024;103;VERBANO CUSIO OSSOLA;3;NOVARA;F;151
2024/2025;62;BENEVENTO;32;TRIESTE;M;6
2023/2024;999;PROVINCIA NON DEFINITA;3;NOVARA;F;457
2024/2025;54;PERUGIA;63;NAPOLI;M;11
2023/2024;21;BOLZANO;39;RAVENNA;M;6
2023/2024;68;PESCARA;43;MACERATA;F;123
2023/2024;24;VICENZA;30;UDINE;F;75
2023/2024;86;ENNA;38;FERRARA;F;26
2024/2025;59;LATINA;40;FORLI'-CESENA;M;7
2024/2025;53;GROSSETO;15;MILANO;M;43
2023/2024;89;SIRACUSA;36;MODENA;M;43
2023/2024;73;TARANTO;15;MILANO;M;120
2023/2024;97;LECCO;15;MILANO;F;2706
2023/2024;74;BRINDISI;48;FIRENZE;F;71
2024/2025;10;GENOVA;49;LIVORNO;M;5
2023/2024;70;CAMPOBASSO;62;BENEVENTO;F;20
2023/2024;1;TORINO;67;TERAMO;M;6
2024/2025;30;UDINE;32;TRIESTE;F;1508
2024/2025;84;AGRIGENTO;63;NAPOLI;F;19
2024/2025;87;CATANIA;15;MILANO;F;443
2024/2025;999;PROVINCIA NON DEFINITA;19;CREMONA;F;30
2024/2025;78;COSENZA;15;MILANO;F;32
2023/2024;80;REGGIO CALABRIA;87;CATANIA;F;31
2023/2024;37;BOLOGNA;23;VERONA;M;18
2023/2024;74;BRINDISI;22;TRENTO;M;21
2023/2024;41;PESARO E URBINO;18;PAVIA;M;17
2023/2024;76;POTENZA;68;PESCARA;M;69
2024/2025;5;ASTI;2;VERCELLI;M;12
2024/2025;28;PADOVA;17;BRESCIA;M;6
2023/2024;998;PROVINCIA ESTERA;80;REGGIO CALABRIA;M;20
2024/2025;69;CHIETI;69;CHIETI;F;1854
2024/2025;62;BENEVENTO;41;PESARO E URBINO;M;7
2024/2025;49;LIVORNO;46;LUCCA;F;10
2023/2024;91;NUORO;48;FIRENZE;F;67
2024/2025;99;RIMINI;67;TERAMO;F;5
2023/2024;91;NUORO;91;NUORO;M;75
2024/2025;76;POTENZA;59;LATINA;F;7
2024/2025;50;PISA;18;PAVIA;F;7
2023/2024;54;PERUGIA;37;BOLOGNA;F;295
2023/2024;56;VITERBO;34;PARMA;F;6
2023/2024;9;SAVONA;54;PERUGIA;F;11
2024/2025;19;CREMONA;54;PERUGIA;F;8
2023/2024;45;MASSA CARRARA;48;FIRENZE;F;270
2024/2025;99;RIMINI;58;ROMA;F;97
2023/2024;67;TERAMO;52;SIENA;M;15
2023/2024;999;PROVINCIA NON DEFINITA;97;LECCO;F;221
2023/2024;80;REGGIO CALABRIA;63;NAPOLI;M;35
2023/2024;63;NAPOLI;23;VERONA;F;38
2024/2025;57;RIETI;18;PAVIA;M;5
2023/2024;102;VIBO VALENTIA;12;VARESE;M;6
2023/2024;22;TRENTO;27;VENEZIA;F;194
2024/2025;17;BRESCIA;10;GENOVA;M;16
2023/2024;78;COSENZA;79;CATANZARO;M;747
2024/2025;78;COSENZA;87;CATANIA;F;6
2023/2024;24;VICENZA;15;MILANO;F;103
2023/2024;20;MANTOVA;27;VENEZIA;M;33
2023/2024;75;LECCE;27;VENEZIA;M;27
2023/2024;18;PAVIA;48;FIRENZE;F;7
2024/2025;61;CASERTA;56;VITERBO;F;31
2023/2024;76;POTENZA;72;BARI;F;433
2024/2025;15;MILANO;97;LECCO;M;79
2024/2025;13;COMO;16;BERGAMO;M;60
2024/2025;74;BRINDISI;18;PAVIA;F;60
2024/2025;88;RAGUSA;36;MODENA;F;22
2024/2025;84;AGRIGENTO;66;L'AQUILA;F;17
2023/2024;1;TORINO;5;ASTI;M;264
2023/2024;32;TRIESTE;15;MILANO;F;67
2023/2024;17;BRESCIA;15;MILANO;F;1761
2024/2025;76;POTENZA;54;PERUGIA;M;121
2024/2025;65;SALERNO;6;ALESSANDRIA;F;8
2023/2024;28;PADOVA;99;RIMINI;M;5
2023/2024;91;NUORO;1;TORINO;M;82
2023/2024;63;NAPOLI;65;SALERNO;F;3268
2024/2025;67;TERAMO;36;MODENA;F;20
2023/2024;31;GORIZIA;58;ROMA;M;9
2024/2025;84;AGRIGENTO;12;VARESE;F;8
2023/2024;1;TORINO;18;PAVIA;M;41
2024/2025;63;NAPOLI;37;BOLOGNA;M;251
2024/2025;999;PROVINCIA NON DEFINITA;65;SALERNO;M;101
2024/2025;54;PERUGIA;79;CATANZARO;F;6
2023/2024;44;ASCOLI PICENO;52;SIENA;F;20
2024/2025;65;SALERNO;27;VENEZIA;F;38
2024/2025;97;LECCO;16;BERGAMO;M;360
2024/2025;74;BRINDISI;75;LECCE;F;1885
2024/2025;70;CAMPOBASSO;35;REGGIO EMILIA;F;17
2024/2025;58;ROMA;51;AREZZO;M;9
2024/2025;58;ROMA;33;PIACENZA;M;7
2023/2024;52;SIENA;15;MILANO;M;76
2024/2025;36;MODENA;15;MILANO;M;129
2023/2024;73;TARANTO;23;VERONA;M;11
2024/2025;72;BARI;63;NAPOLI;F;146
2024/2025;67;TERAMO;39;RAVENNA;M;5
2024/2025;68;PESCARA;109;FERMO;F;19
2023/2024;43;MACERATA;12;VARESE;F;10
2024/2025;58;ROMA;61;CASERTA;M;23
2023/2024;77;MATERA;79;CATANZARO;M;14
2023/2024;36;MODENA;1;TORINO;M;32
2023/2024;83;MESSINA;50;PISA;M;81
2023/2024;109;FERMO;1;TORINO;F;12
2024/2025;38;FERRARA;1;TORINO;M;12
2023/2024;108;MONZA E BRIANZA;108;MONZA E BRIANZA;F;178
2023/2024;63;NAPOLI;41;PESARO E URBINO;M;61
2023/2024;59;LATINA;54;PERUGIA;M;62
2024/2025;62;BENEVENTO;61;CASERTA;M;104
2024/2025;19;CREMONA;97;LECCO;F;5
2024/2025;48;FIRENZE;33;PIACENZA;F;7
2024/2025;1;TORINO;63;NAPOLI;F;23
2023/2024;76;POTENZA;55;TERNI;F;10
2023/2024;24;VICENZA;25;BELLUNO;M;5
2024/2025;82;PALERMO;1;TORINO;F;168
2023/2024;82;PALERMO;69;CHIETI;F;18
2024/2025;65;SALERNO;1;TORINO;F;91
2024/2025;53;GROSSETO;34;PARMA;F;6
2024/2025;90;SASSARI;83;MESSINA;F;5
2023/2024;61;CASERTA;90;SASSARI;M;6
2023/2024;47;PISTOIA;51;AREZZO;M;5
2023/2024;86;ENNA;66;L'AQUILA;F;5
2024/2025;63;NAPOLI;60;FROSINONE;M;138
2024/2025;34;PARMA;38;FERRARA;F;39
2023/2024;76;POTENZA;12;VARESE;M;8
2024/2025;56;VITERBO;1;TORINO;M;16
2023/2024;998;PROVINCIA ESTERA;29;ROVIGO;F;63
2024/2025;999;PROVINCIA NON DEFINITA;1;TORINO;M;2741
2024/2025;56;VITERBO;41;PESARO E URBINO;M;9
2023/2024;61;CASERTA;16;BERGAMO;F;11
2023/2024;70;CAMPOBASSO;42;ANCONA;F;75
2023/2024;84;AGRIGENTO;3;NOVARA;F;14
2023/2024;33;PIACENZA;36;MODENA;F;54
2024/2025;9;SAVONA;63;NAPOLI;F;5
2024/2025;89;SIRACUSA;69;CHIETI;F;10
2024/2025;86;ENNA;36;MODENA;F;7
2023/2024;36;MODENA;32;TRIESTE;F;11
2024/2025;29;ROVIGO;58;ROMA;F;32
2024/2025;998;PROVINCIA ESTERA;98;LODI;F;25
2023/2024;53;GROSSETO;38;FERRARA;F;14
2024/2025;60;FROSINONE;23;VERONA;F;9
2023/2024;66;L'AQUILA;40;FORLI'-CESENA;M;7
2023/2024;48;FIRENZE;1;TORINO;F;35
2023/2024;83;MESSINA;34;PARMA;F;54
2023/2024;1;TORINO;96;BIELLA;M;8
2024/2025;93;PORDENONE;63;NAPOLI;F;5
2024/2025;39;RAVENNA;1;TORINO;F;9
2024/2025;72;BARI;28;PADOVA;F;136
2024/2025;42;ANCONA;41;PESARO E URBINO;M;602
2023/2024;101;CROTONE;1;TORINO;F;8
2024/2025;73;TARANTO;32;TRIESTE;F;32
2024/2025;41;PESARO E URBINO;42;ANCONA;M;561
2024/2025;79;CATANZARO;37;BOLOGNA;F;143
2024/2025;22;TRENTO;15;MILANO;F;70
2023/2024;34;PARMA;19;CREMONA;F;11
2023/2024;13;COMO;52;SIENA;F;7
2023/2024;66;L'AQUILA;15;MILANO;M;35
2024/2025;92;CAGLIARI;63;NAPOLI;F;72
2024/2025;36;MODENA;23;VERONA;M;57
2024/2025;38;FERRARA;24;VICENZA;M;8
2024/2025;89;SIRACUSA;10;GENOVA;M;8
2023/2024;1;TORINO;52;SIENA;F;53
2024/2025;34;PARMA;10;GENOVA;M;18
2024/2025;58;ROMA;71;FOGGIA;F;13
2023/2024;15;MILANO;21;BOLZANO;F;13
2023/2024;3;NOVARA;1;TORINO;F;285
2023/2024;81;TRAPANI;3;NOVARA;M;13
2024/2025;64;AVELLINO;66;L'AQUILA;F;32
2024/2025;7;AOSTA;50;PISA;M;8
2024/2025;65;SALERNO;42;ANCONA;M;7
2024/2025;28;PADOVA;54;PERUGIA;F;28
2023/2024;35;REGGIO EMILIA;38;FERRARA;M;56
2023/2024;101;CROTONE;80;REGGIO CALABRIA;F;26
2024/2025;1;TORINO;56;VITERBO;M;14
2024/2025;29;ROVIGO;38;FERRARA;M;817
2024/2025;36;MODENA;63;NAPOLI;M;7
2024/2025;81;TRAPANI;26;TREVISO;F;6
2023/2024;63;NAPOLI;1;TORINO;M;124
2023/2024;34;PARMA;16;BERGAMO;F;6
2023/2024;92;CAGLIARI;99;RIMINI;F;5
2023/2024;87;CATANIA;89;SIRACUSA;M;105
2024/2025;63;NAPOLI;51;AREZZO;M;9
2023/2024;102;VIBO VALENTIA;59;LATINA;F;7
2023/2024;76;POTENZA;99;RIMINI;F;9
2024/2025;17;BRESCIA;1;TORINO;M;46
2024/2025;12;VARESE;10;GENOVA;M;25
2023/2024;88;RAGUSA;36;MODENA;M;38
2023/2024;71;FOGGIA;50;PISA;M;78
2024/2025;17;BRESCIA;22;TRENTO;F;301
2023/2024;41;PESARO E URBINO;38;FERRARA;M;51
2023/2024;75;LECCE;61;CASERTA;F;31
2023/2024;34;PARMA;58;ROMA;M;39
2024/2025;41;PESARO E URBINO;39;RAVENNA;F;41
2023/2024;99;RIMINI;41;PESARO E URBINO;F;1048
2023/2024;89;SIRACUSA;82;PALERMO;M;50
2024/2025;13;COMO;50;PISA;F;13
2023/2024;85;CALTANISSETTA;87;CATANIA;M;728
2023/2024;84;AGRIGENTO;60;FROSINONE;M;17
2023/2024;108;MONZA E BRIANZA;37;BOLOGNA;M;38
2023/2024;18;PAVIA;36;MODENA;M;17
2024/2025;82;PALERMO;43;MACERATA;M;17
2024/2025;999;PROVINCIA NON DEFINITA;68;PESCARA;F;49
2023/2024;998;PROVINCIA ESTERA;66;L'AQUILA;F;236
2024/2025;46;LUCCA;28;PADOVA;M;21
2024/2025;999;PROVINCIA NON DEFINITA;97;LECCO;M;231
2023/2024;56;VITERBO;56;VITERBO;M;1244
2023/2024;88;RAGUSA;56;VITERBO;F;11
2024/2025;98;LODI;33;PIACENZA;F;154
2023/2024;86;ENNA;28;PADOVA;F;30
2024/2025;110;BARLETTA - ANDRIA - TRANI;73;TARANTO;M;8
2023/2024;85;CALTANISSETTA;84;AGRIGENTO;M;14
2023/2024;78;COSENZA;86;ENNA;M;9
2024/2025;96;BIELLA;15;MILANO;F;15
2023/2024;65;SALERNO;65;SALERNO;F;10692
2024/2025;73;TARANTO;50;PISA;M;146
2023/2024;4;CUNEO;5;ASTI;M;33
2024/2025;12;VARESE;42;ANCONA;M;6
2024/2025;24;VICENZA;29;ROVIGO;M;27
2024/2025;96;BIELLA;32;TRIESTE;F;9
2023/2024;87;CATANIA;12;VARESE;M;18
2024/2025;84;AGRIGENTO;83;MESSINA;M;170
2024/2025;16;BERGAMO;66;L'AQUILA;F;9
2024/2025;36;MODENA;54;PERUGIA;F;33
2024/2025;40;FORLI'-CESENA;52;SIENA;M;7
2024/2025;998;PROVINCIA ESTERA;69;CHIETI;F;121
2023/2024;16;BERGAMO;39;RAVENNA;F;16
2024/2025;12;VARESE;41;PESARO E URBINO;F;9
2023/2024;102;VIBO VALENTIA;17;BRESCIA;F;5
2023/2024;22;TRENTO;15;MILANO;M;167
2023/2024;77;MATERA;66;L'AQUILA;M;31
2023/2024;109;FERMO;1;TORINO;M;16
2024/2025;5;ASTI;2;VERCELLI;F;16
2024/2025;24;VICENZA;38;FERRARA;M;324
2024/2025;63;NAPOLI;39;RAVENNA;M;12
2023/2024;24;VICENZA;27;VENEZIA;F;1214
2023/2024;102;VIBO VALENTIA;18;PAVIA;F;11
2024/2025;49;LIVORNO;66;L'AQUILA;F;6
2023/2024;62;BENEVENTO;56;VITERBO;F;6
2023/2024;47;PISTOIA;50;PISA;M;531
2023/2024;998;PROVINCIA ESTERA;16;BERGAMO;M;385
2024/2025;4;CUNEO;34;PARMA;M;14
2024/2025;109;FERMO;67;TERAMO;F;14
2023/2024;72;BARI;41;PESARO E URBINO;M;39
2024/2025;70;CAMPOBASSO;22;TRENTO;F;9
2024/2025;79;CATANZARO;36;MODENA;F;16
2024/2025;75;LECCE;37;BOLOGNA;M;287
2023/2024;79;CATANZARO;42;ANCONA;F;6
2023/2024;50;PISA;49;LIVORNO;F;12
2023/2024;27;VENEZIA;90;SASSARI;F;5
2023/2024;42;ANCONA;52;SIENA;M;10
2024/2025;27;VENEZIA;17;BRESCIA;F;8
2024/2025;108;MONZA E BRIANZA;42;ANCONA;M;5
2023/2024;93;PORDENONE;24;VICENZA;M;24
2023/2024;13;COMO;32;TRIESTE;F;13
2024/2025;108;MONZA E BRIANZA;19;CREMONA;M;9
2023/2024;10;GENOVA;50;PISA;M;87
2024/2025;998;PROVINCIA ESTERA;74;BRINDISI;M;5
2024/2025;41;PESARO E URBINO;33;PIACENZA;M;5
2023/2024;91;NUORO;51;AREZZO;F;5
2023/2024;77;MATERA;99;RIMINI;F;6
2024/2025;55;TERNI;56;VITERBO;F;224
2024/2025;26;TREVISO;15;MILANO;F;366
2024/2025;66;L'AQUILA;70;CAMPOBASSO;M;13
2024/2025;29;ROVIGO;29;ROVIGO;M;91
2023/2024;83;MESSINA;27;VENEZIA;F;43
2023/2024;68;PESCARA;54;PERUGIA;M;25
2023/2024;65;SALERNO;62;BENEVENTO;F;87
2024/2025;42;ANCONA;55;TERNI;F;10
2024/2025;84;AGRIGENTO;87;CATANIA;M;283
2023/2024;72;BARI;78;COSENZA;F;5
2023/2024;102;VIBO VALENTIA;1;TORINO;F;17
2024/2025;79;CATANZARO;43;MACERATA;F;10
2023/2024;24;VICENZA;23;VERONA;F;1964
2024/2025;27;VENEZIA;24;VICENZA;M;211
2024/2025;67;TERAMO;54;PERUGIA;M;37
2023/2024;999;PROVINCIA NON DEFINITA;50;PISA;M;186
2024/2025;84;AGRIGENTO;15;MILANO;F;175
2024/2025;27;VENEZIA;54;PERUGIA;M;14
2023/2024;15;MILANO;17;BRESCIA;M;94
2023/2024;88;RAGUSA;15;MILANO;F;200
2024/2025;75;LECCE;76;POTENZA;M;7
2023/2024;52;SIENA;52;SIENA;M;1545
2024/2025;94;ISERNIA;63;NAPOLI;M;65
2023/2024;998;PROVINCIA ESTERA;30;UDINE;F;234
2023/2024;94;ISERNIA;15;MILANO;F;5
2023/2024;75;LECCE;79;CATANZARO;M;14
2024/2025;12;VARESE;2;VERCELLI;M;9
2024/2025;10;GENOVA;18;PAVIA;F;149
2024/2025;109;FERMO;58;ROMA;M;102
2024/2025;58;ROMA;10;GENOVA;F;48
2023/2024;14;SONDRIO;18;PAVIA;M;143
2024/2025;998;PROVINCIA ESTERA;4;CUNEO;M;31
2023/2024;111;SUD SARDEGNA;15;MILANO;F;5
2023/2024;7;AOSTA;10;GENOVA;F;24
2023/2024;76;POTENZA;66;L'AQUILA;F;31
2023/2024;72;BARI;56;VITERBO;F;20
2024/2025;102;VIBO VALENTIA;1;TORINO;F;60
2024/2025;18;PAVIA;48;FIRENZE;F;13
2024/2025;80;REGGIO CALABRIA;23;VERONA;M;10
2024/2025;12;VARESE;43;MACERATA;F;14
2024/2025;71;FOGGIA;32;TRIESTE;M;18
2024/2025;66;L'AQUILA;69;CHIETI;F;436
2023/2024;16;BERGAMO;43;MACERATA;F;9
2024/2025;65;SALERNO;41;PESARO E URBINO;F;63
2023/2024;99;RIMINI;22;TRENTO;M;25
2023/2024;85;CALTANISSETTA;12;VARESE;M;5
2024/2025;80;REGGIO CALABRIA;1;TORINO;F;219
2023/2024;65;SALERNO;40;FORLI'-CESENA;F;41
2024/2025;41;PESARO E URBINO;28;PADOVA;F;126
2024/2025;44;ASCOLI PICENO;42;ANCONA;M;634
2023/2024;23;VERONA;54;PERUGIA;M;11
2024/2025;48;FIRENZE;34;PARMA;M;16
2023/2024;38;FERRARA;54;PERUGIA;M;6
2024/2025;11;LA SPEZIA;22;TRENTO;M;7
2024/2025;10;GENOVA;8;IMPERIA;F;14
2024/2025;75;LECCE;15;MILANO;M;514
2024/2025;47;PISTOIA;43;MACERATA;F;12
2024/2025;39;RAVENNA;54;PERUGIA;M;8
2024/2025;60;FROSINONE;72;BARI;M;6
2024/2025;45;MASSA CARRARA;35;REGGIO EMILIA;F;17
2023/2024;9;SAVONA;90;SASSARI;M;6
2024/2025;44;ASCOLI PICENO;34;PARMA;F;52
2023/2024;86;ENNA;58;ROMA;M;56
2023/2024;76;POTENZA;27;VENEZIA;F;18
2023/2024;33;PIACENZA;83;MESSINA;F;6
2023/2024;65;SALERNO;3;NOVARA;M;9
2024/2025;65;SALERNO;15;MILANO;F;553
2023/2024;96;BIELLA;48;FIRENZE;F;12
2023/2024;7;AOSTA;4;CUNEO;M;5
2023/2024;3;NOVARA;18;PAVIA;F;142
2024/2025;76;POTENZA;70;CAMPOBASSO;M;18
2024/2025;111;SUD SARDEGNA;1;TORINO;M;33
2023/2024;70;CAMPOBASSO;41;PESARO E URBINO;F;49
2024/2025;84;AGRIGENTO;55;TERNI;M;5
2023/2024;72;BARI;1;TORINO;M;139
2023/2024;65;SALERNO;73;TARANTO;F;5
2024/2025;30;UDINE;32;TRIESTE;M;1053
2024/2025;89;SIRACUSA;48;FIRENZE;F;50
2023/2024;1;TORINO;4;CUNEO;M;94
2023/2024;110;BARLETTA - ANDRIA - TRANI;70;CAMPOBASSO;F;52
2024/2025;72;BARI;55;TERNI;M;8
2023/2024;32;TRIESTE;36;MODENA;M;7
2023/2024;1;TORINO;1;TORINO;F;2548
2023/2024;68;PESCARA;42;ANCONA;M;202
2023/2024;66;L'AQUILA;27;VENEZIA;M;8
2024/2025;26;TREVISO;44;ASCOLI PICENO;F;5
2024/2025;68;PESCARA;48;FIRENZE;F;49
2023/2024;48;FIRENZE;48;FIRENZE;M;8419
2024/2025;45;MASSA CARRARA;33;PIACENZA;M;5
2023/2024;99;RIMINI;1;TORINO;F;26
2024/2025;78;COSENZA;38;FERRARA;M;88
2023/2024;62;BENEVENTO;52;SIENA;M;34
2023/2024;39;RAVENNA;42;ANCONA;F;23
2024/2025;23;VERONA;83;MESSINA;F;7
2023/2024;110;BARLETTA - ANDRIA - TRANI;38;FERRARA;F;38
2023/2024;12;VARESE;22;TRENTO;F;32
2023/2024;10;GENOVA;15;MILANO;F;97
2024/2025;98;LODI;15;MILANO;F;138
2024/2025;28;PADOVA;29;ROVIGO;F;417
2023/2024;110;BARLETTA - ANDRIA - TRANI;58;ROMA;F;318
2023/2024;82;PALERMO;52;SIENA;M;25
2024/2025;99;RIMINI;28;PADOVA;M;60
2023/2024;66;L'AQUILA;70;CAMPOBASSO;F;23
2024/2025;15;MILANO;39;RAVENNA;F;22
2024/2025;82;PALERMO;25;BELLUNO;F;9
2024/2025;19;CREMONA;19;CREMONA;F;29
2024/2025;18;PAVIA;34;PARMA;F;63
2023/2024;6;ALESSANDRIA;36;MODENA;M;6
2023/2024;43;MACERATA;17;BRESCIA;M;5
2023/2024;59;LATINA;50;PISA;F;72
2024/2025;40;FORLI'-CESENA;42;ANCONA;F;52
2024/2025;43;MACERATA;52;SIENA;M;8
2023/2024;42;ANCONA;15;MILANO;M;117
2024/2025;42;ANCONA;44;ASCOLI PICENO;M;92
2023/2024;21;BOLZANO;18;PAVIA;M;7
2023/2024;4;CUNEO;1;TORINO;F;366
2024/2025;111;SUD SARDEGNA;48;FIRENZE;F;26
2024/2025;99;RIMINI;40;FORLI'-CESENA;M;516
2024/2025;1;TORINO;37;BOLOGNA;F;146
2023/2024;63;NAPOLI;35;REGGIO EMILIA;F;52
2024/2025;37;BOLOGNA;23;VERONA;M;13
2024/2025;63;NAPOLI;1;TORINO;F;242
2024/2025;30;UDINE;29;ROVIGO;F;6
2024/2025;25;BELLUNO;99;RIMINI;F;10
2024/2025;92;CAGLIARI;92;CAGLIARI;F;6252
2024/2025;1;TORINO;23;VERONA;M;11
2024/2025;79;CATANZARO;50;PISA;F;116
2024/2025;79;CATANZARO;17;BRESCIA;M;10
2023/2024;77;MATERA;65;SALERNO;M;12
2023/2024;28;PADOVA;72;BARI;M;5
2024/2025;10;GENOVA;1;TORINO;M;125
2023/2024;95;ORISTANO;15;MILANO;M;28
2023/2024;86;ENNA;86;ENNA;M;397
2024/2025;76;POTENZA;77;MATERA;F;182
2023/2024;35;REGGIO EMILIA;50;PISA;M;20
2023/2024;36;MODENA;39;RAVENNA;F;55
2024/2025;71;FOGGIA;39;RAVENNA;F;15
2023/2024;42;ANCONA;109;FERMO;F;45
2024/2025;64;AVELLINO;18;PAVIA;F;22
2024/2025;10;GENOVA;58;ROMA;F;174
2024/2025;62;BENEVENTO;28;PADOVA;F;29
2024/2025;76;POTENZA;58;ROMA;M;589
2023/2024;12;VARESE;19;CREMONA;F;10
2024/2025;5;ASTI;3;NOVARA;M;51
2023/2024;59;LATINA;15;MILANO;F;40
2024/2025;69;CHIETI;36;MODENA;M;112
2023/2024;79;CATANZARO;56;VITERBO;F;5
2023/2024;81;TRAPANI;37;BOLOGNA;M;131
2024/2025;52;SIENA;50;PISA;F;141
2024/2025;69;CHIETI;15;MILANO;F;80
2023/2024;42;ANCONA;32;TRIESTE;F;18
2024/2025;78;COSENZA;16;BERGAMO;F;15
2024/2025;18;PAVIA;12;VARESE;M;9
2023/2024;23;VERONA;92;CAGLIARI;F;11
2023/2024;73;TARANTO;99;RIMINI;F;11
2023/2024;48;FIRENZE;38;FERRARA;M;18
2023/2024;81;TRAPANI;50;PISA;M;218
2024/2025;24;VICENZA;15;MILANO;M;212
2023/2024;77;MATERA;27;VENEZIA;F;8
2024/2025;88;RAGUSA;22;TRENTO;M;9
2024/2025;998;PROVINCIA ESTERA;82;PALERMO;F;393
2023/2024;998;PROVINCIA ESTERA;28;PADOVA;F;3524
2024/2025;27;VENEZIA;26;TREVISO;M;290
2024/2025;999;PROVINCIA NON DEFINITA;38;FERRARA;F;21
2023/2024;63;NAPOLI;94;ISERNIA;M;47
2023/2024;102;VIBO VALENTIA;43;MACERATA;F;5
2023/2024;66;L'AQUILA;58;ROMA;F;822
2024/2025;59;LATINA;37;BOLOGNA;F;88
2023/2024;998;PROVINCIA ESTERA;61;CASERTA;F;178
2024/2025;97;LECCO;38;FERRARA;F;6
2024/2025;80;REGGIO CALABRIA;41;PESARO E URBINO;F;13
2024/2025;41;PESARO E URBINO;99;RIMINI;F;99
2024/2025;68;PESCARA;99;RIMINI;F;7
2023/2024;42;ANCONA;17;BRESCIA;M;9
2024/2025;36;MODENA;23;VERONA;F;180
2023/2024;4;CUNEO;50;PISA;F;23
2023/2024;34;PARMA;18;PAVIA;M;16
2024/2025;71;FOGGIA;73;TARANTO;F;5
2024/2025;16;BERGAMO;20;MANTOVA;F;8
2024/2025;999;PROVINCIA NON DEFINITA;48;FIRENZE;F;597
2023/2024;58;ROMA;44;ASCOLI PICENO;F;26
2024/2025;84;AGRIGENTO;9;SAVONA;M;5
2024/2025;63;NAPOLI;56;VITERBO;F;30
2024/2025;54;PERUGIA;69;CHIETI;F;29
2024/2025;4;CUNEO;3;NOVARA;F;72
2024/2025;37;BOLOGNA;58;ROMA;F;182
2024/2025;36;MODENA;35;REGGIO EMILIA;M;928
2024/2025;42;ANCONA;1;TORINO;M;41
2023/2024;85;CALTANISSETTA;16;BERGAMO;M;9
2023/2024;44;ASCOLI PICENO;28;PADOVA;M;50
2024/2025;63;NAPOLI;78;COSENZA;F;17
2023/2024;30;UDINE;26;TREVISO;F;13
2024/2025;30;UDINE;63;NAPOLI;M;14
2024/2025;43;MACERATA;33;PIACENZA;F;8
2023/2024;71;FOGGIA;54;PERUGIA;F;110
2024/2025;23;VERONA;27;VENEZIA;F;406
2024/2025;65;SALERNO;16;BERGAMO;M;26
2023/2024;63;NAPOLI;63;NAPOLI;F;42544
2024/2025;27;VENEZIA;83;MESSINA;M;7
2024/2025;111;SUD SARDEGNA;10;GENOVA;F;18
2023/2024;67;TERAMO;23;VERONA;F;14
2023/2024;16;BERGAMO;19;CREMONA;F;7
2024/2025;17;BRESCIA;17;BRESCIA;M;6471
2023/2024;8;IMPERIA;28;PADOVA;F;18
2023/2024;13;COMO;54;PERUGIA;F;12
2023/2024;100;PRATO;15;MILANO;F;76
2023/2024;76;POTENZA;58;ROMA;F;960
2024/2025;17;BRESCIA;99;RIMINI;F;8
2024/2025;68;PESCARA;28;PADOVA;F;71
2023/2024;43;MACERATA;27;VENEZIA;M;18
2023/2024;55;TERNI;10;GENOVA;F;7
2024/2025;92;CAGLIARI;58;ROMA;M;129
2023/2024;37;BOLOGNA;92;CAGLIARI;F;8
2023/2024;71;FOGGIA;61;CASERTA;F;16
2023/2024;53;GROSSETO;28;PADOVA;F;17
2024/2025;91;NUORO;69;CHIETI;F;11
2023/2024;998;PROVINCIA ESTERA;80;REGGIO CALABRIA;F;69
2024/2025;2;VERCELLI;58;ROMA;M;16
2024/2025;45;MASSA CARRARA;39;RAVENNA;F;6
2023/2024;81;TRAPANI;57;RIETI;M;27
2024/2025;91;NUORO;36;MODENA;M;20
2024/2025;15;MILANO;30;UDINE;F;11
2024/2025;78;COSENZA;32;TRIESTE;F;14
2024/2025;79;CATANZARO;87;CATANIA;M;6
2024/2025;40;FORLI'-CESENA;42;ANCONA;M;20
2023/2024;103;VERBANO CUSIO OSSOLA;16;BERGAMO;F;13
2024/2025;10;GENOVA;52;SIENA;M;18
2023/2024;78;COSENZA;52;SIENA;M;71
2024/2025;83;MESSINA;1;TORINO;M;146
2024/2025;18;PAVIA;15;MILANO;M;434
2023/2024;29;ROVIGO;32;TRIESTE;M;9
2023/2024;91;NUORO;52;SIENA;M;15
2024/2025;65;SALERNO;90;SASSARI;M;7
2024/2025;28;PADOVA;1;TORINO;F;23
2023/2024;88;RAGUSA;49;LIVORNO;M;5
2023/2024;109;FERMO;48;FIRENZE;M;28
2023/2024;23;VERONA;66;L'AQUILA;M;9
2024/2025;40;FORLI'-CESENA;15;MILANO;F;142
2023/2024;76;POTENZA;44;ASCOLI PICENO;F;5
2024/2025;78;COSENZA;18;PAVIA;M;30
2024/2025;37;BOLOGNA;42;ANCONA;F;32
2024/2025;1;TORINO;42;ANCONA;F;21
2023/2024;78;COSENZA;86;ENNA;F;10
2024/2025;41;PESARO E URBINO;38;FERRARA;M;45
2024/2025;83;MESSINA;66;L'AQUILA;F;31
2024/2025;79;CATANZARO;40;FORLI'-CESENA;F;10
2024/2025;45;MASSA CARRARA;40;FORLI'-CESENA;M;9
2024/2025;90;SASSARI;15;MILANO;F;21
2023/2024;18;PAVIA;3;NOVARA;F;149
2023/2024;89;SIRACUSA;54;PERUGIA;F;37
2023/2024;86;ENNA;50;PISA;M;12
2024/2025;13;COMO;33;PIACENZA;F;9
2024/2025;58;ROMA;23;VERONA;M;27
2024/2025;5;ASTI;6;ALESSANDRIA;M;143
2024/2025;3;NOVARA;1;TORINO;F;42
2023/2024;79;CATANZARO;87;CATANIA;F;5
2024/2025;97;LECCO;50;PISA;M;6
2023/2024;77;MATERA;58;ROMA;F;358
2024/2025;67;TERAMO;63;NAPOLI;F;14
2024/2025;36;MODENA;52;SIENA;M;12
2023/2024;53;GROSSETO;100;PRATO;M;6
2024/2025;45;MASSA CARRARA;1;TORINO;M;12
2023/2024;12;VARESE;2;VERCELLI;F;18
2024/2025;82;PALERMO;84;AGRIGENTO;F;86
2024/2025;63;NAPOLI;26;TREVISO;F;10
2023/2024;49;LIVORNO;66;L'AQUILA;F;7
2024/2025;999;PROVINCIA NON DEFINITA;94;ISERNIA;F;42
2024/2025;65;SALERNO;66;L'AQUILA;F;139
2024/2025;9;SAVONA;1;TORINO;M;153
2023/2024;5;ASTI;48;FIRENZE;F;8
2024/2025;63;NAPOLI;6;ALESSANDRIA;F;8
2023/2024;43;MACERATA;50;PISA;M;48
2024/2025;74;BRINDISI;32;TRIESTE;M;7
2023/2024;77;MATERA;68;PESCARA;F;26
2023/2024;12;VARESE;1;TORINO;M;15
2023/2024;17;BRESCIA;59;LATINA;F;8
2023/2024;14;SONDRIO;22;TRENTO;M;7
2023/2024;15;MILANO;32;TRIESTE;F;38
2024/2025;59;LATINA;60;FROSINONE;F;381
2023/2024;83;MESSINA;59;LATINA;F;5
2023/2024;71;FOGGIA;48;FIRENZE;M;68
2024/2025;58;ROMA;4;CUNEO;M;7
2023/2024;16;BERGAMO;43;MACERATA;M;8
2023/2024;69;CHIETI;50;PISA;F;49
2023/2024;53;GROSSETO;56;VITERBO;M;41
2023/2024;23;VERONA;15;MILANO;M;359
2023/2024;66;L'AQUILA;37;BOLOGNA;F;118
2023/2024;29;ROVIGO;28;PADOVA;F;775
2023/2024;74;BRINDISI;22;TRENTO;F;22
2023/2024;75;LECCE;38;FERRARA;F;392
2023/2024;94;ISERNIA;70;CAMPOBASSO;M;164
2023/2024;82;PALERMO;81;TRAPANI;F;108
2023/2024;60;FROSINONE;1;TORINO;F;29
2024/2025;85;CALTANISSETTA;1;TORINO;M;114
2024/2025;89;SIRACUSA;66;L'AQUILA;M;39
2024/2025;60;FROSINONE;44;ASCOLI PICENO;F;6
2024/2025;69;CHIETI;72;BARI;M;5
2023/2024;102;VIBO VALENTIA;1;TORINO;M;31
2024/2025;77;MATERA;70;CAMPOBASSO;F;8
2024/2025;85;CALTANISSETTA;63;NAPOLI;F;15
2023/2024;40;FORLI'-CESENA;38;FERRARA;F;224
2023/2024;64;AVELLINO;56;VITERBO;M;7
2023/2024;79;CATANZARO;16;BERGAMO;M;5
2024/2025;47;PISTOIA;38;FERRARA;M;5
2023/2024;999;PROVINCIA NON DEFINITA;51;AREZZO;F;5
2024/2025;71;FOGGIA;71;FOGGIA;M;2295
2024/2025;12;VARESE;2;VERCELLI;F;22
2023/2024;57;RIETI;15;MILANO;F;29
2023/2024;91;NUORO;27;VENEZIA;F;18
2023/2024;33;PIACENZA;27;VENEZIA;M;8
2023/2024;74;BRINDISI;35;REGGIO EMILIA;F;20
2023/2024;11;LA SPEZIA;49;LIVORNO;F;8
2023/2024;89;SIRACUSA;52;SIENA;F;51
2023/2024;65;SALERNO;32;TRIESTE;F;41
2023/2024;72;BARI;52;SIENA;F;94
2023/2024;72;BARI;1;TORINO;F;219
2024/2025;60;FROSINONE;10;GENOVA;F;6
2024/2025;12;VARESE;22;TRENTO;M;16
2023/2024;52;SIENA;51;AREZZO;M;14
2024/2025;1;TORINO;15;MILANO;F;587
2023/2024;25;BELLUNO;28;PADOVA;F;601
2024/2025;31;GORIZIA;93;PORDENONE;M;11
2023/2024;60;FROSINONE;43;MACERATA;M;25
2024/2025;21;BOLZANO;16;BERGAMO;F;10
2024/2025;89;SIRACUSA;83;MESSINA;M;317
2024/2025;61;CASERTA;56;VITERBO;M;67
2023/2024;60;FROSINONE;28;PADOVA;F;38
2023/2024;82;PALERMO;17;BRESCIA;M;6
2023/2024;76;POTENZA;86;ENNA;F;7
2024/2025;19;CREMONA;36;MODENA;F;22
2024/2025;73;TARANTO;43;MACERATA;M;13
2024/2025;68;PESCARA;83;MESSINA;F;5
2024/2025;63;NAPOLI;1;TORINO;M;248
2023/2024;999;PROVINCIA NON DEFINITA;1;TORINO;F;4989
2024/2025;20;MANTOVA;24;VICENZA;F;11
2023/2024;55;TERNI;15;MILANO;M;57
2023/2024;57;RIETI;52;SIENA;M;11
2024/2025;40;FORLI'-CESENA;58;ROMA;F;102
2024/2025;43;MACERATA;109;FERMO;M;71
2024/2025;47;PISTOIA;18;PAVIA;F;6
2023/2024;84;AGRIGENTO;10;GENOVA;F;40
2024/2025;999;PROVINCIA NON DEFINITA;75;LECCE;M;322
2023/2024;37;BOLOGNA;42;ANCONA;F;28
2024/2025;69;CHIETI;23;VERONA;F;15
2024/2025;27;VENEZIA;22;TRENTO;F;144
2023/2024;8;IMPERIA;40;FORLI'-CESENA;F;5
2023/2024;39;RAVENNA;22;TRENTO;M;15
2024/2025;74;BRINDISI;34;PARMA;M;68
2024/2025;97;LECCO;19;CREMONA;F;9
2023/2024;5;ASTI;22;TRENTO;M;5
2024/2025;63;NAPOLI;62;BENEVENTO;F;55
2023/2024;18;PAVIA;6;ALESSANDRIA;F;63
2024/2025;59;LATINA;41;PESARO E URBINO;F;13
2024/2025;56;VITERBO;40;FORLI'-CESENA;M;6
2023/2024;98;LODI;19;CREMONA;F;5
2023/2024;87;CATANIA;1;TORINO;M;245
2023/2024;999;PROVINCIA NON DEFINITA;27;VENEZIA;F;83
2023/2024;3;NOVARA;48;FIRENZE;F;19
2024/2025;49;LIVORNO;15;MILANO;F;21
2023/2024;63;NAPOLI;50;PISA;M;141
2023/2024;88;RAGUSA;22;TRENTO;F;19
2023/2024;35;REGGIO EMILIA;39;RAVENNA;F;31
2023/2024;47;PISTOIA;15;MILANO;F;21
2023/2024;70;CAMPOBASSO;69;CHIETI;F;389
2023/2024;16;BERGAMO;50;PISA;M;33
2023/2024;23;VERONA;28;PADOVA;M;1754
2023/2024;50;PISA;40;FORLI'-CESENA;F;14
2023/2024;12;VARESE;54;PERUGIA;F;35
2023/2024;91;NUORO;18;PAVIA;F;27
2024/2025;73;TARANTO;74;BRINDISI;M;19
2024/2025;84;AGRIGENTO;30;UDINE;F;6
2024/2025;48;FIRENZE;34;PARMA;F;35
2023/2024;43;MACERATA;48;FIRENZE;M;28
2023/2024;998;PROVINCIA ESTERA;17;BRESCIA;M;289
2024/2025;76;POTENZA;52;SIENA;M;66
2024/2025;30;UDINE;52;SIENA;F;29
2023/2024;15;MILANO;22;TRENTO;M;39
2023/2024;2;VERCELLI;6;ALESSANDRIA;F;136
2024/2025;998;PROVINCIA ESTERA;44;ASCOLI PICENO;M;33
2023/2024;54;PERUGIA;23;VERONA;F;11
2024/2025;24;VICENZA;31;GORIZIA;M;6
2023/2024;43;MACERATA;36;MODENA;F;26
2023/2024;64;AVELLINO;65;SALERNO;M;2102
2024/2025;20;MANTOVA;50;PISA;M;20
2024/2025;28;PADOVA;99;RIMINI;F;17
2024/2025;11;LA SPEZIA;46;LUCCA;M;5
2023/2024;10;GENOVA;1;TORINO;F;44
2024/2025;59;LATINA;58;ROMA;F;5352
2023/2024;66;L'AQUILA;52;SIENA;M;22
2023/2024;110;BARLETTA - ANDRIA - TRANI;50;PISA;F;29
2023/2024;82;PALERMO;5;ASTI;M;6
2024/2025;54;PERUGIA;22;TRENTO;F;42
2023/2024;22;TRENTO;42;ANCONA;F;9
2023/2024;48;FIRENZE;51;AREZZO;F;141
2023/2024;41;PESARO E URBINO;39;RAVENNA;F;39
2023/2024;68;PESCARA;21;BOLZANO;F;5
2024/2025;62;BENEVENTO;1;TORINO;F;24
2024/2025;18;PAVIA;52;SIENA;M;7
2023/2024;10;GENOVA;92;CAGLIARI;F;7
2024/2025;79;CATANZARO;23;VERONA;M;9
2023/2024;28;PADOVA;48;FIRENZE;M;38
2023/2024;72;BARI;75;LECCE;M;103
2023/2024;96;BIELLA;27;VENEZIA;F;19
2024/2025;51;AREZZO;38;FERRARA;F;26
2023/2024;37;BOLOGNA;12;VARESE;M;7
2024/2025;51;AREZZO;48;FIRENZE;M;1762
2024/2025;69;CHIETI;70;CAMPOBASSO;M;62
2024/2025;41;PESARO E URBINO;11;LA SPEZIA;M;5
2024/2025;111;SUD SARDEGNA;91;NUORO;M;6
2024/2025;99;RIMINI;39;RAVENNA;F;155
2024/2025;86;ENNA;37;BOLOGNA;F;51
2023/2024;52;SIENA;50;PISA;M;216
2023/2024;998;PROVINCIA ESTERA;83;MESSINA;F;902
2024/2025;2;VERCELLI;1;TORINO;F;63
2024/2025;39;RAVENNA;32;TRIESTE;F;12
2023/2024;59;LATINA;83;MESSINA;M;7
2024/2025;39;RAVENNA;63;NAPOLI;F;5
2023/2024;12;VARESE;90;SASSARI;M;5
2023/2024;1;TORINO;32;TRIESTE;F;31
2024/2025;70;CAMPOBASSO;18;PAVIA;M;17
2023/2024;33;PIACENZA;43;MACERATA;F;5
2024/2025;2;VERCELLI;33;PIACENZA;F;5
2024/2025;8;IMPERIA;15;MILANO;F;166
2024/2025;85;CALTANISSETTA;38;FERRARA;F;63
2023/2024;16;BERGAMO;92;CAGLIARI;F;5
2023/2024;95;ORISTANO;63;NAPOLI;M;7
2024/2025;17;BRESCIA;36;MODENA;M;28
2024/2025;998;PROVINCIA ESTERA;18;PAVIA;F;1775
2024/2025;36;MODENA;69;CHIETI;M;6
2023/2024;108;MONZA E BRIANZA;13;COMO;F;128
2024/2025;77;MATERA;69;CHIETI;F;125
2024/2025;76;POTENZA;67;TERAMO;F;13
2023/2024;39;RAVENNA;27;VENEZIA;F;69
2024/2025;71;FOGGIA;27;VENEZIA;M;11
2023/2024;27;VENEZIA;83;MESSINA;M;7
2024/2025;57;RIETI;55;TERNI;M;28
2023/2024;93;PORDENONE;43;MACERATA;F;6
2023/2024;66;L'AQUILA;22;TRENTO;F;14
2023/2024;6;ALESSANDRIA;37;BOLOGNA;M;31
2023/2024;92;CAGLIARI;38;FERRARA;F;9
2024/2025;93;PORDENONE;23;VERONA;M;25
2023/2024;44;ASCOLI PICENO;35;REGGIO EMILIA;F;7
2023/2024;83;MESSINA;34;PARMA;M;32
2023/2024;50;PISA;58;ROMA;F;92
2023/2024;67;TERAMO;15;MILANO;M;94
2023/2024;33;PIACENZA;19;CREMONA;F;6
2024/2025;91;NUORO;40;FORLI'-CESENA;F;22
2023/2024;92;CAGLIARI;48;FIRENZE;F;53
2023/2024;99;RIMINI;43;MACERATA;M;11
2024/2025;98;LODI;33;PIACENZA;M;97
2023/2024;75;LECCE;15;MILANO;M;238
2024/2025;77;MATERA;15;MILANO;F;30
2023/2024;15;MILANO;13;COMO;F;98
2024/2025;11;LA SPEZIA;90;SASSARI;F;8
2023/2024;101;CROTONE;52;SIENA;F;13
2023/2024;85;CALTANISSETTA;87;CATANIA;F;1045
2024/2025;34;PARMA;35;REGGIO EMILIA;M;107
2023/2024;84;AGRIGENTO;28;PADOVA;M;31
2024/2025;81;TRAPANI;15;MILANO;M;87
2024/2025;75;LECCE;63;NAPOLI;F;84
2023/2024;53;GROSSETO;49;LIVORNO;M;9
2023/2024;79;CATANZARO;58;ROMA;F;679
2023/2024;62;BENEVENTO;79;CATANZARO;F;10
2023/2024;66;L'AQUILA;42;ANCONA;M;25
2023/2024;35;REGGIO EMILIA;27;VENEZIA;F;53
2024/2025;25;BELLUNO;38;FERRARA;F;167
2024/2025;93;PORDENONE;32;TRIESTE;F;694
2023/2024;63;NAPOLI;61;CASERTA;F;2815
2024/2025;84;AGRIGENTO;34;PARMA;M;116
2023/2024;93;PORDENONE;50;PISA;F;11
2023/2024;73;TARANTO;72;BARI;F;183
2023/2024;33;PIACENZA;37;BOLOGNA;F;114
2024/2025;29;ROVIGO;30;UDINE;M;6
2023/2024;7;AOSTA;50;PISA;M;12
2023/2024;58;ROMA;11;LA SPEZIA;F;9
2024/2025;27;VENEZIA;93;PORDENONE;M;47
2023/2024;85;CALTANISSETTA;79;CATANZARO;F;8
2024/2025;999;PROVINCIA NON DEFINITA;19;CREMONA;M;45
2023/2024;66;L'AQUILA;51;AREZZO;F;7
2023/2024;111;SUD SARDEGNA;95;ORISTANO;M;11
2023/2024;95;ORISTANO;23;VERONA;F;9
2023/2024;103;VERBANO CUSIO OSSOLA;10;GENOVA;F;23
2023/2024;18;PAVIA;58;ROMA;F;57
2024/2025;12;VARESE;37;BOLOGNA;F;114
2024/2025;999;PROVINCIA NON DEFINITA;30;UDINE;F;5
2024/2025;35;REGGIO EMILIA;15;MILANO;F;171
2024/2025;19;CREMONA;1;TORINO;F;53
2024/2025;30;UDINE;1;TORINO;M;36
2024/2025;102;VIBO VALENTIA;41;PESARO E URBINO;M;5
2023/2024;93;PORDENONE;41;PESARO E URBINO;F;11
2024/2025;65;SALERNO;77;MATERA;F;15
2023/2024;72;BARI;67;TERAMO;F;10
2023/2024;83;MESSINA;23;VERONA;F;19
2024/2025;41;PESARO E URBINO;66;L'AQUILA;F;27
2023/2024;25;BELLUNO;52;SIENA;F;9
2024/2025;85;CALTANISSETTA;66;L'AQUILA;F;13
2024/2025;25;BELLUNO;29;ROVIGO;F;16
2023/2024;51;AREZZO;55;TERNI;M;15
2024/2025;64;AVELLINO;61;CASERTA;F;110
2023/2024;49;LIVORNO;52;SIENA;F;139
2023/2024;29;ROVIGO;26;TREVISO;M;8
2024/2025;94;ISERNIA;50;PISA;M;21
2024/2025;998;PROVINCIA ESTERA;55;TERNI;F;47
2024/2025;101;CROTONE;83;MESSINA;M;6
2024/2025;20;MANTOVA;38;FERRARA;M;166
2023/2024;39;RAVENNA;48;FIRENZE;F;65
2023/2024;18;PAVIA;1;TORINO;M;68
2023/2024;5;ASTI;15;MILANO;M;7
2024/2025;55;TERNI;18;PAVIA;F;11
2023/2024;11;LA SPEZIA;34;PARMA;F;187
2023/2024;67;TERAMO;10;GENOVA;M;5
2024/2025;41;PESARO E URBINO;41;PESARO E URBINO;F;3093
2024/2025;58;ROMA;35;REGGIO EMILIA;F;29
2024/2025;62;BENEVENTO;54;PERUGIA;F;54
2024/2025;80;REGGIO CALABRIA;56;VITERBO;M;12
2024/2025;62;BENEVENTO;48;FIRENZE;M;52
2024/2025;79;CATANZARO;6;ALESSANDRIA;M;5
2024/2025;92;CAGLIARI;1;TORINO;F;135
2023/2024;7;AOSTA;10;GENOVA;M;14
2024/2025;43;MACERATA;44;ASCOLI PICENO;F;137
2023/2024;15;MILANO;26;TREVISO;F;6
2023/2024;30;UDINE;24;VICENZA;F;10
2024/2025;12;VARESE;1;TORINO;M;68
2023/2024;74;BRINDISI;23;VERONA;M;7
2024/2025;37;BOLOGNA;36;MODENA;M;250
2023/2024;22;TRENTO;92;CAGLIARI;M;6
2023/2024;10;GENOVA;63;NAPOLI;M;7
2023/2024;101;CROTONE;65;SALERNO;M;7
2024/2025;76;POTENZA;79;CATANZARO;M;12
2024/2025;17;BRESCIA;11;LA SPEZIA;M;7
2024/2025;111;SUD SARDEGNA;15;MILANO;M;5
2024/2025;43;MACERATA;30;UDINE;F;5
2023/2024;11;LA SPEZIA;11;LA SPEZIA;M;300
2023/2024;72;BARI;28;PADOVA;M;102
2024/2025;23;VERONA;39;RAVENNA;M;6
2023/2024;62;BENEVENTO;50;PISA;M;60
2024/2025;4;CUNEO;9;SAVONA;F;14
2023/2024;998;PROVINCIA ESTERA;87;CATANIA;M;350
2024/2025;7;AOSTA;28;PADOVA;F;21
2024/2025;69;CHIETI;63;NAPOLI;M;48
2024/2025;74;BRINDISI;18;PAVIA;M;32
2023/2024;43;MACERATA;54;PERUGIA;M;211
2024/2025;64;AVELLINO;60;FROSINONE;M;6
2023/2024;998;PROVINCIA ESTERA;63;NAPOLI;F;617
2023/2024;70;CAMPOBASSO;65;SALERNO;F;20
2024/2025;110;BARLETTA - ANDRIA - TRANI;110;BARLETTA - ANDRIA - TRANI;M;103
2023/2024;23;VERONA;32;TRIESTE;M;20
2024/2025;94;ISERNIA;63;NAPOLI;F;139
2024/2025;91;NUORO;92;CAGLIARI;F;1746
2023/2024;27;VENEZIA;10;GENOVA;M;10
2023/2024;22;TRENTO;30;UDINE;F;31
2024/2025;73;TARANTO;76;POTENZA;F;31
2024/2025;9;SAVONA;15;MILANO;F;201
2024/2025;93;PORDENONE;58;ROMA;F;70
2023/2024;74;BRINDISI;17;BRESCIA;F;5
2023/2024;92;CAGLIARI;56;VITERBO;M;11
2024/2025;28;PADOVA;1;TORINO;M;32
2023/2024;8;IMPERIA;9;SAVONA;M;50
2024/2025;999;PROVINCIA NON DEFINITA;42;ANCONA;M;13
2024/2025;60;FROSINONE;68;PESCARA;F;20
2024/2025;83;MESSINA;35;REGGIO EMILIA;F;17
2023/2024;84;AGRIGENTO;56;VITERBO;M;7
2023/2024;10;GENOVA;90;SASSARI;M;6
2024/2025;88;RAGUSA;84;AGRIGENTO;F;5
2023/2024;1;TORINO;36;MODENA;F;9
2023/2024;74;BRINDISI;33;PIACENZA;M;10
2023/2024;68;PESCARA;42;ANCONA;F;120
2023/2024;76;POTENZA;33;PIACENZA;F;5
2024/2025;36;MODENA;15;MILANO;F;84
2023/2024;23;VERONA;33;PIACENZA;F;12
2024/2025;72;BARI;40;FORLI'-CESENA;F;52
2023/2024;27;VENEZIA;27;VENEZIA;M;2057
2023/2024;31;GORIZIA;22;TRENTO;F;11
2024/2025;62;BENEVENTO;69;CHIETI;M;31
2024/2025;60;FROSINONE;36;MODENA;M;30
2024/2025;50;PISA;38;FERRARA;F;7
2023/2024;13;COMO;13;COMO;M;342
2024/2025;28;PADOVA;83;MESSINA;F;6
2024/2025;82;PALERMO;1;TORINO;M;89
2024/2025;27;VENEZIA;52;SIENA;F;22
2023/2024;77;MATERA;40;FORLI'-CESENA;M;15
2023/2024;72;BARI;71;FOGGIA;M;231
2024/2025;80;REGGIO CALABRIA;87;CATANIA;M;18
2024/2025;8;IMPERIA;38;FERRARA;F;5
2023/2024;89;SIRACUSA;40;FORLI'-CESENA;M;6
2023/2024;76;POTENZA;75;LECCE;F;34
2024/2025;15;MILANO;2;VERCELLI;M;72
2024/2025;32;TRIESTE;30;UDINE;F;204
2024/2025;85;CALTANISSETTA;54;PERUGIA;F;54
2024/2025;35;REGGIO EMILIA;38;FERRARA;F;72
2024/2025;48;FIRENZE;51;AREZZO;F;129
2024/2025;84;AGRIGENTO;58;ROMA;M;210
2024/2025;92;CAGLIARI;15;MILANO;M;115
2024/2025;102;VIBO VALENTIA;43;MACERATA;F;5
2023/2024;46;LUCCA;10;GENOVA;F;23
2024/2025;77;MATERA;68;PESCARA;M;16
2023/2024;32;TRIESTE;1;TORINO;M;18
2024/2025;87;CATANIA;88;RAGUSA;F;150
2024/2025;74;BRINDISI;37;BOLOGNA;F;183
2023/2024;52;SIENA;15;MILANO;F;33
2023/2024;50;PISA;32;TRIESTE;F;10
2024/2025;45;MASSA CARRARA;28;PADOVA;F;18
2024/2025;59;LATINA;63;NAPOLI;F;439
2024/2025;74;BRINDISI;1;TORINO;F;58
2023/2024;82;PALERMO;34;PARMA;F;74
2024/2025;998;PROVINCIA ESTERA;70;CAMPOBASSO;M;22
2023/2024;28;PADOVA;23;VERONA;M;141
2023/2024;46;LUCCA;34;PARMA;F;21
2024/2025;97;LECCO;33;PIACENZA;F;6
2023/2024;6;ALESSANDRIA;4;CUNEO;F;18
2024/2025;57;RIETI;44;ASCOLI PICENO;F;10
2023/2024;81;TRAPANI;79;CATANZARO;F;8
2023/2024;109;FERMO;34;PARMA;M;22
2023/2024;99;RIMINI;37;BOLOGNA;F;1157
2024/2025;110;BARLETTA - ANDRIA - TRANI;38;FERRARA;M;23
2023/2024;49;LIVORNO;54;PERUGIA;F;32
2024/2025;79;CATANZARO;37;BOLOGNA;M;107
2024/2025;12;VARESE;90;SASSARI;F;12
2023/2024;97;LECCO;28;PADOVA;M;17
2023/2024;94;ISERNIA;72;BARI;F;5
2023/2024;82;PALERMO;66;L'AQUILA;M;65
2024/2025;47;PISTOIA;54;PERUGIA;M;6
2024/2025;56;VITERBO;1;TORINO;F;27
2023/2024;13;COMO;108;MONZA E BRIANZA;F;47
2024/2025;65;SALERNO;35;REGGIO EMILIA;F;42
2023/2024;76;POTENZA;51;AREZZO;F;5
2023/2024;40;FORLI'-CESENA;22;TRENTO;F;27
2024/2025;75;LECCE;69;CHIETI;F;253
2024/2025;3;NOVARA;90;SASSARI;F;14
2023/2024;85;CALTANISSETTA;58;ROMA;F;324
2024/2025;31;GORIZIA;30;UDINE;M;299
2023/2024;51;AREZZO;58;ROMA;M;89
2024/2025;85;CALTANISSETTA;15;MILANO;F;139
2023/2024;63;NAPOLI;37;BOLOGNA;M;295
2023/2024;75;LECCE;39;RAVENNA;F;17
2023/2024;57;RIETI;54;PERUGIA;F;179
2024/2025;89;SIRACUSA;3;NOVARA;F;6
2024/2025;83;MESSINA;15;MILANO;F;292
2024/2025;78;COSENZA;16;BERGAMO;M;5
2024/2025;27;VENEZIA;21;BOLZANO;M;6
2023/2024;39;RAVENNA;43;MACERATA;F;17
2023/2024;96;BIELLA;18;PAVIA;F;48
2024/2025;21;BOLZANO;23;VERONA;M;133
2023/2024;88;RAGUSA;87;CATANIA;F;1286
2024/2025;33;PIACENZA;22;TRENTO;M;12
2023/2024;71;FOGGIA;15;MILANO;F;443
2023/2024;33;PIACENZA;33;PIACENZA;M;97
2024/2025;98;LODI;35;REGGIO EMILIA;F;8
2024/2025;77;MATERA;34;PARMA;F;116
2024/2025;2;VERCELLI;22;TRENTO;F;5
2023/2024;71;FOGGIA;28;PADOVA;M;50
2023/2024;70;CAMPOBASSO;19;CREMONA;M;5
2024/2025;15;MILANO;48;FIRENZE;F;90
2023/2024;74;BRINDISI;55;TERNI;F;5
2023/2024;15;MILANO;23;VERONA;M;13
2024/2025;43;MACERATA;16;BERGAMO;M;6
2023/2024;90;SASSARI;43;MACERATA;F;7
2024/2025;48;FIRENZE;18;PAVIA;F;25
2024/2025;27;VENEZIA;82;PALERMO;F;6
2024/2025;65;SALERNO;60;FROSINONE;F;46
2023/2024;74;BRINDISI;42;ANCONA;F;22
2023/2024;64;AVELLINO;27;VENEZIA;M;6
2023/2024;88;RAGUSA;1;TORINO;F;90
2023/2024;73;TARANTO;72;BARI;M;472
2024/2025;55;TERNI;1;TORINO;F;24
2024/2025;2;VERCELLI;7;AOSTA;M;5
2024/2025;60;FROSINONE;15;MILANO;M;60
2023/2024;15;MILANO;9;SAVONA;M;5
2024/2025;27;VENEZIA;23;VERONA;F;152
2023/2024;15;MILANO;87;CATANIA;M;13
2023/2024;72;BARI;74;BRINDISI;F;110
2023/2024;71;FOGGIA;62;BENEVENTO;M;25
2024/2025;62;BENEVENTO;42;ANCONA;F;7
2023/2024;15;MILANO;82;PALERMO;M;6
2023/2024;20;MANTOVA;15;MILANO;M;171
2024/2025;15;MILANO;38;FERRARA;F;82
2023/2024;78;COSENZA;23;VERONA;M;8
2023/2024;4;CUNEO;48;FIRENZE;F;35
2024/2025;94;ISERNIA;54;PERUGIA;M;10
2024/2025;64;AVELLINO;62;BENEVENTO;M;422
2023/2024;54;PERUGIA;34;PARMA;F;39
2023/2024;70;CAMPOBASSO;15;MILANO;F;24
2023/2024;48;FIRENZE;43;MACERATA;M;11
2023/2024;61;CASERTA;50;PISA;F;28
2023/2024;76;POTENZA;28;PADOVA;F;65
2023/2024;2;VERCELLI;15;MILANO;M;32
2023/2024;61;CASERTA;54;PERUGIA;F;49
2023/2024;34;PARMA;1;TORINO;M;28
2024/2025;83;MESSINA;23;VERONA;M;10
2024/2025;1;TORINO;5;ASTI;F;205
2024/2025;16;BERGAMO;27;VENEZIA;M;30
2023/2024;1;TORINO;22;TRENTO;F;42
2023/2024;41;PESARO E URBINO;38;FERRARA;F;87
2023/2024;95;ORISTANO;95;ORISTANO;F;31
2024/2025;15;MILANO;18;PAVIA;M;1935
2024/2025;103;VERBANO CUSIO OSSOLA;18;PAVIA;F;228
2023/2024;12;VARESE;41;PESARO E URBINO;F;12
2023/2024;82;PALERMO;28;PADOVA;F;110
2024/2025;64;AVELLINO;37;BOLOGNA;F;153
2023/2024;69;CHIETI;16;BERGAMO;F;5
2024/2025;94;ISERNIA;36;MODENA;F;10
2024/2025;9;SAVONA;58;ROMA;F;54
2023/2024;2;VERCELLI;58;ROMA;F;21
2023/2024;43;MACERATA;39;RAVENNA;F;14
2024/2025;31;GORIZIA;1;TORINO;F;7
2023/2024;75;LECCE;54;PERUGIA;F;109
2023/2024;87;CATANIA;33;PIACENZA;M;11
2024/2025;58;ROMA;15;MILANO;M;500
2023/2024;43;MACERATA;23;VERONA;M;11
2024/2025;28;PADOVA;50;PISA;F;27
2024/2025;61;CASERTA;66;L'AQUILA;M;286
2024/2025;79;CATANZARO;36;MODENA;M;21
2024/2025;77;MATERA;32;TRIESTE;F;10
2023/2024;4;CUNEO;52;SIENA;M;7
2024/2025;89;SIRACUSA;32;TRIESTE;F;28
2024/2025;42;ANCONA;28;PADOVA;F;191
2024/2025;73;TARANTO;18;PAVIA;M;50
2024/2025;73;TARANTO;1;TORINO;M;149
2024/2025;85;CALTANISSETTA;50;PISA;M;74
2023/2024;63;NAPOLI;68;PESCARA;F;19
2024/2025;64;AVELLINO;28;PADOVA;F;31
2023/2024;11;LA SPEZIA;22;TRENTO;F;5
2023/2024;21;BOLZANO;30;UDINE;M;7
2023/2024;64;AVELLINO;41;PESARO E URBINO;F;42
2023/2024;29;ROVIGO;28;PADOVA;M;688
2024/2025;48;FIRENZE;15;MILANO;M;170
2023/2024;63;NAPOLI;38;FERRARA;F;60
2023/2024;89;SIRACUSA;48;FIRENZE;M;46
2024/2025;20;MANTOVA;58;ROMA;F;47
2024/2025;998;PROVINCIA ESTERA;99;RIMINI;M;174
2023/2024;77;MATERA;38;FERRARA;M;84
2023/2024;15;MILANO;11;LA SPEZIA;M;18
2023/2024;77;MATERA;48;FIRENZE;M;41
2023/2024;48;FIRENZE;56;VITERBO;F;7
2024/2025;96;BIELLA;1;TORINO;F;657
2024/2025;68;PESCARA;70;CAMPOBASSO;F;15
2023/2024;4;CUNEO;90;SASSARI;F;19
2023/2024;74;BRINDISI;27;VENEZIA;F;27
2024/2025;67;TERAMO;18;PAVIA;F;21
2024/2025;999;PROVINCIA NON DEFINITA;66;L'AQUILA;M;23
2023/2024;75;LECCE;18;PAVIA;F;168
2023/2024;71;FOGGIA;68;PESCARA;F;329
2024/2025;8;IMPERIA;27;VENEZIA;M;5
2023/2024;11;LA SPEZIA;58;ROMA;F;76
2023/2024;62;BENEVENTO;40;FORLI'-CESENA;F;14
2024/2025;61;CASERTA;66;L'AQUILA;F;173
2024/2025;96;BIELLA;18;PAVIA;F;56
2023/2024;103;VERBANO CUSIO OSSOLA;58;ROMA;M;6
2024/2025;8;IMPERIA;11;LA SPEZIA;M;6
2024/2025;11;LA SPEZIA;40;FORLI'-CESENA;F;14
2024/2025;1;TORINO;66;L'AQUILA;F;34
2023/2024;46;LUCCA;50;PISA;F;3887
2023/2024;63;NAPOLI;10;GENOVA;F;53
2024/2025;81;TRAPANI;43;MACERATA;M;9
2023/2024;94;ISERNIA;1;TORINO;F;15
2024/2025;72;BARI;72;BARI;M;3422
2024/2025;23;VERONA;22;TRENTO;F;823
2024/2025;108;MONZA E BRIANZA;36;MODENA;F;6
2023/2024;16;BERGAMO;27;VENEZIA;M;34
2023/2024;14;SONDRIO;15;MILANO;F;946
2023/2024;86;ENNA;1;TORINO;M;33
2023/2024;83;MESSINA;79;CATANZARO;F;16
2023/2024;998;PROVINCIA ESTERA;31;GORIZIA;F;54
2024/2025;75;LECCE;1;TORINO;M;303
2023/2024;48;FIRENZE;18;PAVIA;M;11
2023/2024;66;L'AQUILA;34;PARMA;M;9
2024/2025;3;NOVARA;27;VENEZIA;F;36
2023/2024;12;VARESE;27;VENEZIA;M;26
2024/2025;88;RAGUSA;89;SIRACUSA;M;55
2023/2024;23;VERONA;61;CASERTA;F;7
2023/2024;65;SALERNO;65;SALERNO;M;8839
2023/2024;110;BARLETTA - ANDRIA - TRANI;99;RIMINI;F;6
2024/2025;65;SALERNO;34;PARMA;F;83
2024/2025;15;MILANO;10;GENOVA;M;104
2023/2024;78;COSENZA;54;PERUGIA;M;143
2024/2025;84;AGRIGENTO;1;TORINO;M;97
2023/2024;16;BERGAMO;78;COSENZA;F;5
2024/2025;73;TARANTO;99;RIMINI;F;12
2023/2024;66;L'AQUILA;54;PERUGIA;F;74
2023/2024;87;CATANIA;30;UDINE;F;11
2023/2024;24;VICENZA;17;BRESCIA;F;25
2024/2025;103;VERBANO CUSIO OSSOLA;103;VERBANO CUSIO OSSOLA;F;8
2024/2025;85;CALTANISSETTA;33;PIACENZA;F;5
2023/2024;999;PROVINCIA NON DEFINITA;33;PIACENZA;M;6
2024/2025;85;CALTANISSETTA;88;RAGUSA;F;27
2023/2024;75;LECCE;72;BARI;M;112
2024/2025;63;NAPOLI;2;VERCELLI;F;7
2024/2025;57;RIETI;56;VITERBO;F;51
2024/2025;11;LA SPEZIA;36;MODENA;M;13
2023/2024;65;SALERNO;37;BOLOGNA;M;283
2024/2025;65;SALERNO;79;CATANZARO;M;44
2024/2025;102;VIBO VALENTIA;58;ROMA;F;329
2023/2024;68;PESCARA;66;L'AQUILA;M;504
2023/2024;85;CALTANISSETTA;88;RAGUSA;M;8
2024/2025;55;TERNI;37;BOLOGNA;F;79
2023/2024;83;MESSINA;78;COSENZA;M;7
2024/2025;63;NAPOLI;75;LECCE;F;24
2023/2024;69;CHIETI;28;PADOVA;F;81
2023/2024;56;VITERBO;36;MODENA;M;15
2023/2024;25;BELLUNO;37;BOLOGNA;F;161
2024/2025;76;POTENZA;10;GENOVA;F;8
2023/2024;58;ROMA;51;AREZZO;M;7
2024/2025;103;VERBANO CUSIO OSSOLA;27;VENEZIA;F;13
2023/2024;65;SALERNO;55;TERNI;M;11
2023/2024;28;PADOVA;39;RAVENNA;F;14
2024/2025;37;BOLOGNA;12;VARESE;M;5
2024/2025;16;BERGAMO;37;BOLOGNA;M;113
2024/2025;3;NOVARA;36;MODENA;M;7
2023/2024;51;AREZZO;15;MILANO;F;147
2023/2024;93;PORDENONE;28;PADOVA;M;653
2024/2025;20;MANTOVA;1;TORINO;M;17
2023/2024;16;BERGAMO;18;PAVIA;M;208
2023/2024;4;CUNEO;37;BOLOGNA;M;51
2024/2025;54;PERUGIA;54;PERUGIA;F;8051
2024/2025;108;MONZA E BRIANZA;27;VENEZIA;F;45
2024/2025;58;ROMA;27;VENEZIA;M;77
2024/2025;64;AVELLINO;52;SIENA;M;45
2023/2024;84;AGRIGENTO;1;TORINO;F;124
2024/2025;40;FORLI'-CESENA;99;RIMINI;F;489
2023/2024;1;TORINO;93;PORDENONE;M;5
2024/2025;50;PISA;15;MILANO;M;50
2024/2025;78;COSENZA;75;LECCE;M;11
2023/2024;19;CREMONA;20;MANTOVA;F;6
2023/2024;60;FROSINONE;18;PAVIA;F;18
2024/2025;31;GORIZIA;93;PORDENONE;F;13
2024/2025;99;RIMINI;43;MACERATA;M;9
2024/2025;68;PESCARA;44;ASCOLI PICENO;M;14
2024/2025;51;AREZZO;54;PERUGIA;M;483
2023/2024;14;SONDRIO;32;TRIESTE;M;7
2023/2024;38;FERRARA;36;MODENA;M;98
2023/2024;64;AVELLINO;58;ROMA;M;423
2023/2024;25;BELLUNO;15;MILANO;F;72
2024/2025;1;TORINO;50;PISA;M;48
2023/2024;84;AGRIGENTO;28;PADOVA;F;47
2024/2025;998;PROVINCIA ESTERA;63;NAPOLI;F;690
2024/2025;20;MANTOVA;18;PAVIA;F;32
2024/2025;71;FOGGIA;39;RAVENNA;M;6
2023/2024;9;SAVONA;18;PAVIA;F;104
2024/2025;79;CATANZARO;27;VENEZIA;F;16
2023/2024;9;SAVONA;27;VENEZIA;F;28
2023/2024;998;PROVINCIA ESTERA;7;AOSTA;F;33
2024/2025;110;BARLETTA - ANDRIA - TRANI;72;BARI;F;305
2024/2025;54;PERUGIA;23;VERONA;M;8
2024/2025;28;PADOVA;52;SIENA;F;13
2023/2024;27;VENEZIA;40;FORLI'-CESENA;F;34
2024/2025;58;ROMA;43;MACERATA;M;74
2023/2024;52;SIENA;40;FORLI'-CESENA;F;12
2023/2024;78;COSENZA;70;CAMPOBASSO;F;7
2023/2024;66;L'AQUILA;32;TRIESTE;M;5
2024/2025;38;FERRARA;28;PADOVA;F;275
2023/2024;99;RIMINI;27;VENEZIA;M;19
2023/2024;79;CATANZARO;56;VITERBO;M;5
2023/2024;59;LATINA;1;TORINO;M;79
2023/2024;73;TARANTO;23;VERONA;F;38
2023/2024;26;TREVISO;19;CREMONA;M;6
2024/2025;36;MODENA;59;LATINA;F;5
2024/2025;61;CASERTA;63;NAPOLI;F;7505
2023/2024;108;MONZA E BRIANZA;40;FORLI'-CESENA;F;12
2023/2024;82;PALERMO;38;FERRARA;F;44
2023/2024;71;FOGGIA;37;BOLOGNA;F;423
2024/2025;15;MILANO;1;TORINO;M;183
2024/2025;15;MILANO;32;TRIESTE;F;43
2023/2024;82;PALERMO;30;UDINE;M;13
2024/2025;87;CATANIA;69;CHIETI;F;12
2024/2025;44;ASCOLI PICENO;23;VERONA;M;9
2024/2025;14;SONDRIO;108;MONZA E BRIANZA;M;6
2023/2024;26;TREVISO;41;PESARO E URBINO;F;35
2024/2025;1;TORINO;8;IMPERIA;F;6
2024/2025;17;BRESCIA;66;L'AQUILA;M;14
2023/2024;46;LUCCA;10;GENOVA;M;11
2023/2024;58;ROMA;71;FOGGIA;M;12
2023/2024;92;CAGLIARI;69;CHIETI;F;11
2024/2025;85;CALTANISSETTA;84;AGRIGENTO;M;15
2024/2025;34;PARMA;52;SIENA;F;7
2024/2025;20;MANTOVA;18;PAVIA;M;12
2023/2024;13;COMO;13;COMO;F;609
2024/2025;84;AGRIGENTO;38;FERRARA;F;88
2024/2025;68;PESCARA;30;UDINE;M;8
2024/2025;75;LECCE;75;LECCE;F;7532
2023/2024;108;MONZA E BRIANZA;97;LECCO;M;82
2024/2025;39;RAVENNA;69;CHIETI;F;13
2023/2024;6;ALESSANDRIA;15;MILANO;F;45
2023/2024;78;COSENZA;17;BRESCIA;M;7
2023/2024;63;NAPOLI;39;RAVENNA;F;24
2024/2025;75;LECCE;77;MATERA;F;10
2023/2024;110;BARLETTA - ANDRIA - TRANI;66;L'AQUILA;F;21
2023/2024;103;VERBANO CUSIO OSSOLA;37;BOLOGNA;M;34
2023/2024;111;SUD SARDEGNA;1;TORINO;F;65
2023/2024;71;FOGGIA;27;VENEZIA;F;25
2023/2024;998;PROVINCIA ESTERA;79;CATANZARO;M;101
2023/2024;999;PROVINCIA NON DEFINITA;110;BARLETTA - ANDRIA - TRANI;F;12
2023/2024;2;VERCELLI;28;PADOVA;F;10
2024/2025;59;LATINA;65;SALERNO;F;7
2024/2025;37;BOLOGNA;40;FORLI'-CESENA;F;982
2024/2025;37;BOLOGNA;37;BOLOGNA;M;6749
2023/2024;68;PESCARA;63;NAPOLI;M;10
2023/2024;57;RIETI;54;PERUGIA;M;97
2024/2025;88;RAGUSA;69;CHIETI;F;16
2023/2024;19;CREMONA;21;BOLZANO;F;5
2023/2024;48;FIRENZE;38;FERRARA;F;32
2024/2025;998;PROVINCIA ESTERA;10;GENOVA;F;1216
2023/2024;998;PROVINCIA ESTERA;56;VITERBO;F;272
2023/2024;13;COMO;66;L'AQUILA;F;7
2023/2024;82;PALERMO;12;VARESE;M;24
2023/2024;25;BELLUNO;25;BELLUNO;M;25
2024/2025;998;PROVINCIA ESTERA;88;RAGUSA;M;31
2024/2025;50;PISA;37;BOLOGNA;M;42
2023/2024;38;FERRARA;29;ROVIGO;F;33
2023/2024;65;SALERNO;83;MESSINA;M;17
2024/2025;34;PARMA;22;TRENTO;M;18
2023/2024;37;BOLOGNA;10;GENOVA;F;8
2023/2024;18;PAVIA;15;MILANO;F;1506
2024/2025;78;COSENZA;22;TRENTO;M;5
2023/2024;99;RIMINI;15;MILANO;F;47
2024/2025;41;PESARO E URBINO;22;TRENTO;M;29
2024/2025;87;CATANIA;99;RIMINI;F;9
2023/2024;26;TREVISO;22;TRENTO;M;325
2024/2025;55;TERNI;57;RIETI;M;15
2024/2025;21;BOLZANO;1;TORINO;M;15
2024/2025;63;NAPOLI;86;ENNA;M;7
2023/2024;100;PRATO;50;PISA;M;121
2024/2025;57;RIETI;57;RIETI;F;152
2024/2025;98;LODI;15;MILANO;F;1277
2024/2025;75;LECCE;32;TRIESTE;F;33
2023/2024;6;ALESSANDRIA;5;ASTI;F;135
2023/2024;55;TERNI;35;REGGIO EMILIA;M;7
2023/2024;13;COMO;19;CREMONA;M;8
2023/2024;74;BRINDISI;72;BARI;F;108
2023/2024;42;ANCONA;27;VENEZIA;M;34
2023/2024;11;LA SPEZIA;50;PISA;F;1112
2024/2025;74;BRINDISI;22;TRENTO;M;25
2023/2024;32;TRIESTE;58;ROMA;M;38
2023/2024;68;PESCARA;52;SIENA;M;9
2024/2025;15;MILANO;27;VENEZIA;F;198
2023/2024;58;ROMA;90;SASSARI;F;25
2023/2024;96;BIELLA;96;BIELLA;M;21
2023/2024;109;FERMO;38;FERRARA;F;49
2024/2025;82;PALERMO;50;PISA;M;84
2024/2025;21;BOLZANO;50;PISA;M;12
2023/2024;4;CUNEO;1;TORINO;F;3837
2024/2025;42;ANCONA;67;TERAMO;F;13
2024/2025;109;FERMO;43;MACERATA;F;842
2024/2025;91;NUORO;28;PADOVA;F;66
2023/2024;9;SAVONA;58;ROMA;M;27
2024/2025;83;MESSINA;22;TRENTO;F;42
2024/2025;79;CATANZARO;83;MESSINA;M;38
2024/2025;71;FOGGIA;30;UDINE;F;9
2023/2024;62;BENEVENTO;22;TRENTO;M;5
2024/2025;2;VERCELLI;52;SIENA;F;5
2024/2025;82;PALERMO;85;CALTANISSETTA;F;201
2024/2025;58;ROMA;67;TERAMO;F;183
2023/2024;109;FERMO;99;RIMINI;F;10
2023/2024;16;BERGAMO;13;COMO;F;7
2023/2024;94;ISERNIA;67;TERAMO;M;6
2024/2025;92;CAGLIARI;50;PISA;F;54
2024/2025;49;LIVORNO;1;TORINO;M;11
2023/2024;20;MANTOVA;28;PADOVA;F;269
2024/2025;20;MANTOVA;1;TORINO;F;7
2023/2024;8;IMPERIA;1;TORINO;M;258
2023/2024;16;BERGAMO;40;FORLI'-CESENA;M;5
2023/2024;52;SIENA;23;VERONA;F;7
2024/2025;43;MACERATA;38;FERRARA;F;43
2023/2024;16;BERGAMO;6;ALESSANDRIA;F;10
2024/2025;89;SIRACUSA;52;SIENA;F;38
2023/2024;110;BARLETTA - ANDRIA - TRANI;44;ASCOLI PICENO;F;7
2023/2024;41;PESARO E URBINO;1;TORINO;F;49
2024/2025;60;FROSINONE;65;SALERNO;F;7
2024/2025;50;PISA;48;FIRENZE;F;1025
2023/2024;60;FROSINONE;38;FERRARA;M;11
2024/2025;29;ROVIGO;34;PARMA;M;9
2024/2025;26;TREVISO;37;BOLOGNA;M;201
2023/2024;101;CROTONE;50;PISA;M;72
2023/2024;108;MONZA E BRIANZA;16;BERGAMO;F;697
2024/2025;73;TARANTO;65;SALERNO;F;7
2023/2024;86;ENNA;32;TRIESTE;F;6
2023/2024;58;ROMA;63;NAPOLI;F;158
2024/2025;47;PISTOIA;99;RIMINI;F;5
2023/2024;108;MONZA E BRIANZA;97;LECCO;F;58
2024/2025;58;ROMA;66;L'AQUILA;M;409
2024/2025;58;ROMA;57;RIETI;M;56
2024/2025;99;RIMINI;37;BOLOGNA;M;1052
2024/2025;77;MATERA;41;PESARO E URBINO;M;34
2024/2025;73;TARANTO;27;VENEZIA;F;31
2024/2025;39;RAVENNA;22;TRENTO;F;29
2024/2025;42;ANCONA;17;BRESCIA;F;5
2023/2024;27;VENEZIA;22;TRENTO;F;139
2024/2025;89;SIRACUSA;50;PISA;F;123
2024/2025;22;TRENTO;16;BERGAMO;M;17
2023/2024;95;ORISTANO;91;NUORO;F;12
2024/2025;23;VERONA;32;TRIESTE;M;22
2023/2024;15;MILANO;61;CASERTA;F;11
2024/2025;57;RIETI;41;PESARO E URBINO;M;5
2023/2024;36;MODENA;70;CAMPOBASSO;F;5
2023/2024;1;TORINO;1;TORINO;F;21740
2024/2025;61;CASERTA;16;BERGAMO;F;9
2023/2024;32;TRIESTE;40;FORLI'-CESENA;F;11
2024/2025;33;PIACENZA;10;GENOVA;F;40
2023/2024;93;PORDENONE;66;L'AQUILA;F;5
2024/2025;39;RAVENNA;37;BOLOGNA;M;1276
2023/2024;73;TARANTO;54;PERUGIA;M;55
2024/2025;999;PROVINCIA NON DEFINITA;23;VERONA;F;113
2023/2024;88;RAGUSA;39;RAVENNA;F;10
2023/2024;3;NOVARA;1;TORINO;F;40
2024/2025;34;PARMA;34;PARMA;F;4626
2023/2024;66;L'AQUILA;38;FERRARA;M;6
2023/2024;12;VARESE;23;VERONA;F;14
2023/2024;47;PISTOIA;15;MILANO;M;36
2023/2024;13;COMO;97;LECCO;M;64
2023/2024;59;LATINA;43;MACERATA;F;30
2023/2024;61;CASERTA;10;GENOVA;F;8
2023/2024;68;PESCARA;36;MODENA;M;86
2024/2025;58;ROMA;79;CATANZARO;M;14
2024/2025;3;NOVARA;50;PISA;M;5
2023/2024;998;PROVINCIA ESTERA;4;CUNEO;M;24
2024/2025;101;CROTONE;36;MODENA;M;13
2023/2024;93;PORDENONE;34;PARMA;M;11
2023/2024;6;ALESSANDRIA;66;L'AQUILA;F;5
2023/2024;17;BRESCIA;38;FERRARA;M;52
2023/2024;9;SAVONA;8;IMPERIA;F;51
2024/2025;45;MASSA CARRARA;38;FERRARA;F;5
2023/2024;63;NAPOLI;73;TARANTO;F;9
2024/2025;62;BENEVENTO;18;PAVIA;F;20
2024/2025;36;MODENA;33;PIACENZA;F;27
2023/2024;81;TRAPANI;37;BOLOGNA;F;227
2024/2025;57;RIETI;37;BOLOGNA;F;32
2023/2024;90;SASSARI;41;PESARO E URBINO;F;23
2023/2024;63;NAPOLI;60;FROSINONE;F;272
2023/2024;61;CASERTA;1;TORINO;F;26
2023/2024;26;TREVISO;55;TERNI;F;14
2023/2024;93;PORDENONE;48;FIRENZE;M;15
2023/2024;87;CATANIA;56;VITERBO;F;5
2023/2024;52;SIENA;63;NAPOLI;F;9
2024/2025;11;LA SPEZIA;35;REGGIO EMILIA;F;15
2023/2024;31;GORIZIA;23;VERONA;M;8
2023/2024;67;TERAMO;18;PAVIA;F;17
2024/2025;22;TRENTO;15;MILANO;F;268
2023/2024;62;BENEVENTO;64;AVELLINO;M;24
2023/2024;68;PESCARA;40;FORLI'-CESENA;F;44
2023/2024;76;POTENZA;69;CHIETI;M;101
2023/2024;58;ROMA;49;LIVORNO;F;6
2024/2025;998;PROVINCIA ESTERA;89;SIRACUSA;M;8
2023/2024;20;MANTOVA;35;REGGIO EMILIA;M;99
2023/2024;17;BRESCIA;52;SIENA;M;15
2024/2025;80;REGGIO CALABRIA;1;TORINO;F;40
2024/2025;51;AREZZO;22;TRENTO;F;14
2023/2024;10;GENOVA;90;SASSARI;F;7
2023/2024;60;FROSINONE;48;FIRENZE;M;69
2023/2024;37;BOLOGNA;63;NAPOLI;M;6
2024/2025;108;MONZA E BRIANZA;50;PISA;F;17
2023/2024;86;ENNA;54;PERUGIA;F;13
2023/2024;101;CROTONE;48;FIRENZE;F;109
2024/2025;85;CALTANISSETTA;69;CHIETI;F;8
2023/2024;34;PARMA;69;CHIETI;F;9
2023/2024;62;BENEVENTO;63;NAPOLI;F;1519
2023/2024;48;FIRENZE;15;MILANO;F;273
2024/2025;76;POTENZA;38;FERRARA;F;98
2023/2024;999;PROVINCIA NON DEFINITA;17;BRESCIA;F;59
2023/2024;73;TARANTO;41;PESARO E URBINO;F;80
2024/2025;43;MACERATA;18;PAVIA;M;11
2023/2024;102;VIBO VALENTIA;80;REGGIO CALABRIA;M;74
2024/2025;999;PROVINCIA NON DEFINITA;82;PALERMO;M;1273
2024/2025;61;CASERTA;59;LATINA;M;31
2024/2025;59;LATINA;37;BOLOGNA;M;56
2023/2024;108;MONZA E BRIANZA;90;SASSARI;F;6
2024/2025;36;MODENA;40;FORLI'-CESENA;F;171
2024/2025;12;VARESE;98;LODI;F;26
2023/2024;78;COSENZA;66;L'AQUILA;M;49
2023/2024;109;FERMO;42;ANCONA;F;367
2024/2025;39;RAVENNA;48;FIRENZE;F;65
2024/2025;13;COMO;15;MILANO;M;1906
2023/2024;8;IMPERIA;16;BERGAMO;F;5
2023/2024;47;PISTOIA;54;PERUGIA;M;6
2024/2025;73;TARANTO;6;ALESSANDRIA;F;5
2023/2024;15;MILANO;13;COMO;M;49
2024/2025;94;ISERNIA;1;TORINO;M;5
2024/2025;7;AOSTA;2;VERCELLI;F;6
2023/2024;24;VICENZA;28;PADOVA;F;4610
2023/2024;108;MONZA E BRIANZA;32;TRIESTE;F;9
2024/2025;78;COSENZA;48;FIRENZE;M;119
2023/2024;23;VERONA;48;FIRENZE;F;81
2023/2024;18;PAVIA;5;ASTI;F;13
2024/2025;109;FERMO;63;NAPOLI;F;9
2024/2025;66;L'AQUILA;56;VITERBO;M;9
2024/2025;29;ROVIGO;48;FIRENZE;M;14
2023/2024;95;ORISTANO;40;FORLI'-CESENA;M;5
2024/2025;61;CASERTA;15;MILANO;M;196
2023/2024;111;SUD SARDEGNA;95;ORISTANO;F;8
2023/2024;10;GENOVA;28;PADOVA;M;25
2023/2024;76;POTENZA;43;MACERATA;M;14
2023/2024;22;TRENTO;33;PIACENZA;M;5
2024/2025;81;TRAPANI;38;FERRARA;F;161
2024/2025;3;NOVARA;12;VARESE;M;176
2023/2024;42;ANCONA;42;ANCONA;M;2351
2024/2025;70;CAMPOBASSO;52;SIENA;M;16
2024/2025;12;VARESE;16;BERGAMO;F;41
2024/2025;77;MATERA;10;GENOVA;F;7
2023/2024;10;GENOVA;12;VARESE;M;10
2023/2024;9;SAVONA;4;CUNEO;M;6
2023/2024;87;CATANIA;82;PALERMO;M;89
2024/2025;87;CATANIA;63;NAPOLI;M;51
2024/2025;999;PROVINCIA NON DEFINITA;20;MANTOVA;F;143
2023/2024;27;VENEZIA;52;SIENA;M;11
2023/2024;16;BERGAMO;23;VERONA;F;107
2023/2024;22;TRENTO;36;MODENA;M;42
2023/2024;998;PROVINCIA ESTERA;50;PISA;M;870
2023/2024;10;GENOVA;79;CATANZARO;F;5
2024/2025;103;VERBANO CUSIO OSSOLA;12;VARESE;M;172
2023/2024;17;BRESCIA;34;PARMA;M;271
2024/2025;72;BARI;23;VERONA;F;33
2024/2025;998;PROVINCIA ESTERA;2;VERCELLI;F;167
2024/2025;69;CHIETI;68;PESCARA;M;858
2023/2024;81;TRAPANI;28;PADOVA;M;39
2024/2025;61;CASERTA;71;FOGGIA;F;13
2023/2024;34;PARMA;22;TRENTO;F;29
2024/2025;60;FROSINONE;66;L'AQUILA;F;586
2023/2024;109;FERMO;23;VERONA;F;10
2024/2025;17;BRESCIA;58;ROMA;F;165
2024/2025;33;PIACENZA;37;BOLOGNA;M;63
2023/2024;34;PARMA;35;REGGIO EMILIA;M;117
2024/2025;41;PESARO E URBINO;1;TORINO;F;43
2024/2025;80;REGGIO CALABRIA;54;PERUGIA;F;68
2024/2025;60;FROSINONE;69;CHIETI;M;17
2023/2024;99;RIMINI;15;MILANO;M;93
2024/2025;85;CALTANISSETTA;35;REGGIO EMILIA;F;10
2024/2025;31;GORIZIA;32;TRIESTE;F;860
2024/2025;999;PROVINCIA NON DEFINITA;59;LATINA;M;138
2023/2024;91;NUORO;50;PISA;F;104
2024/2025;77;MATERA;58;ROMA;M;189
2024/2025;50;PISA;1;TORINO;M;25
2023/2024;92;CAGLIARI;15;MILANO;M;131
2023/2024;80;REGGIO CALABRIA;66;L'AQUILA;M;39
2024/2025;12;VARESE;15;MILANO;M;1702
2024/2025;48;FIRENZE;49;LIVORNO;F;11
2024/2025;24;VICENZA;22;TRENTO;M;692
2024/2025;101;CROTONE;48;FIRENZE;F;105
2023/2024;29;ROVIGO;34;PARMA;M;10
2024/2025;998;PROVINCIA ESTERA;30;UDINE;F;243
2024/2025;999;PROVINCIA NON DEFINITA;33;PIACENZA;M;146
2024/2025;92;CAGLIARI;91;NUORO;F;11
2023/2024;54;PERUGIA;83;MESSINA;M;6
2024/2025;26;TREVISO;15;MILANO;F;115
2023/2024;72;BARI;77;MATERA;M;89
2024/2025;17;BRESCIA;82;PALERMO;F;9
2023/2024;72;BARI;21;BOLZANO;F;6
2024/2025;4;CUNEO;50;PISA;F;21
2023/2024;62;BENEVENTO;23;VERONA;F;7
2023/2024;71;FOGGIA;67;TERAMO;M;27
2023/2024;69;CHIETI;1;TORINO;F;54
2023/2024;51;AREZZO;35;REGGIO EMILIA;F;6
2023/2024;11;LA SPEZIA;54;PERUGIA;M;6
2023/2024;10;GENOVA;21;BOLZANO;F;9
2023/2024;64;AVELLINO;38;FERRARA;M;23
2024/2025;39;RAVENNA;1;TORINO;M;16
2023/2024;92;CAGLIARI;95;ORISTANO;F;9
2024/2025;81;TRAPANI;48;FIRENZE;F;68
2024/2025;36;MODENA;36;MODENA;M;3336
2024/2025;80;REGGIO CALABRIA;69;CHIETI;M;9
2023/2024;999;PROVINCIA NON DEFINITA;22;TRENTO;M;46
2023/2024;49;LIVORNO;36;MODENA;M;10
2023/2024;16;BERGAMO;50;PISA;F;37
2023/2024;101;CROTONE;72;BARI;F;17
2024/2025;59;LATINA;61;CASERTA;F;43
2024/2025;21;BOLZANO;30;UDINE;F;6
2023/2024;78;COSENZA;33;PIACENZA;M;7
2023/2024;43;MACERATA;30;UDINE;F;6
2024/2025;73;TARANTO;19;CREMONA;M;5
2023/2024;67;TERAMO;63;NAPOLI;F;17
2023/2024;82;PALERMO;41;PESARO E URBINO;M;16
2023/2024;7;AOSTA;32;TRIESTE;M;5
2024/2025;62;BENEVENTO;59;LATINA;M;6
2024/2025;69;CHIETI;58;ROMA;M;394
2023/2024;28;PADOVA;30;UDINE;F;39
2023/2024;62;BENEVENTO;71;FOGGIA;M;8
2024/2025;76;POTENZA;3;NOVARA;F;6
2023/2024;72;BARI;1;TORINO;F;185
2023/2024;58;ROMA;15;MILANO;F;721
2024/2025;43;MACERATA;28;PADOVA;M;81
2024/2025;10;GENOVA;16;BERGAMO;F;12
2024/2025;12;VARESE;6;ALESSANDRIA;M;11
2024/2025;109;FERMO;38;FERRARA;F;38
2023/2024;73;TARANTO;69;CHIETI;F;289
2024/2025;71;FOGGIA;38;FERRARA;F;137
2023/2024;35;REGGIO EMILIA;32;TRIESTE;F;5
2024/2025;48;FIRENZE;61;CASERTA;F;6
2024/2025;71;FOGGIA;71;FOGGIA;M;7
2023/2024;87;CATANIA;52;SIENA;M;24
2023/2024;67;TERAMO;28;PADOVA;F;52
2023/2024;82;PALERMO;56;VITERBO;F;16
2023/2024;85;CALTANISSETTA;28;PADOVA;M;47
2024/2025;78;COSENZA;79;CATANZARO;F;1295
2024/2025;12;VARESE;19;CREMONA;F;25
2023/2024;91;NUORO;58;ROMA;M;72
2024/2025;73;TARANTO;42;ANCONA;M;17
2024/2025;33;PIACENZA;33;PIACENZA;F;718
2024/2025;100;PRATO;38;FERRARA;M;6
2024/2025;15;MILANO;87;CATANIA;M;14
2023/2024;89;SIRACUSA;59;LATINA;M;8
2024/2025;85;CALTANISSETTA;52;SIENA;F;66
2024/2025;998;PROVINCIA ESTERA;35;REGGIO EMILIA;M;103
2024/2025;8;IMPERIA;4;CUNEO;F;8
2024/2025;73;TARANTO;48;FIRENZE;F;98
2023/2024;62;BENEVENTO;39;RAVENNA;F;6
2024/2025;89;SIRACUSA;59;LATINA;F;6
2024/2025;1;TORINO;51;AREZZO;F;5
2023/2024;34;PARMA;15;MILANO;F;347
2024/2025;21;BOLZANO;69;CHIETI;F;5
2024/2025;87;CATANIA;72;BARI;F;11
2023/2024;84;AGRIGENTO;88;RAGUSA;F;15
2023/2024;81;TRAPANI;18;PAVIA;F;81
2023/2024;57;RIETI;50;PISA;M;9
2024/2025;74;BRINDISI;15;MILANO;M;57
2023/2024;110;BARLETTA - ANDRIA - TRANI;69;CHIETI;F;94
2024/2025;45;MASSA CARRARA;46;LUCCA;M;5
2024/2025;54;PERUGIA;58;ROMA;F;585
2023/2024;29;ROVIGO;34;PARMA;F;23
2023/2024;73;TARANTO;39;RAVENNA;M;5
2023/2024;72;BARI;108;MONZA E BRIANZA;F;5
2024/2025;111;SUD SARDEGNA;36;MODENA;M;8
2024/2025;95;ORISTANO;36;MODENA;M;5
2023/2024;14;SONDRIO;27;VENEZIA;M;6
2024/2025;999;PROVINCIA NON DEFINITA;92;CAGLIARI;F;1344
2024/2025;77;MATERA;12;VARESE;M;6
2023/2024;15;MILANO;1;TORINO;M;49
2023/2024;16;BERGAMO;1;TORINO;F;149
2024/2025;18;PAVIA;18;PAVIA;M;2925
2023/2024;55;TERNI;15;MILANO;F;29
2023/2024;13;COMO;83;MESSINA;F;5
2023/2024;71;FOGGIA;42;ANCONA;F;167
2023/2024;15;MILANO;35;REGGIO EMILIA;F;27
2024/2025;16;BERGAMO;40;FORLI'-CESENA;F;23
2023/2024;64;AVELLINO;71;FOGGIA;M;36
2023/2024;54;PERUGIA;69;CHIETI;F;26
2023/2024;77;MATERA;68;PESCARA;M;16
2023/2024;999;PROVINCIA NON DEFINITA;15;MILANO;F;3188
2023/2024;58;ROMA;66;L'AQUILA;M;405
2023/2024;63;NAPOLI;3;NOVARA;F;22
2024/2025;95;ORISTANO;92;CAGLIARI;M;907
2023/2024;39;RAVENNA;52;SIENA;M;5
2023/2024;999;PROVINCIA NON DEFINITA;79;CATANZARO;F;528
2024/2025;998;PROVINCIA ESTERA;109;FERMO;F;15
2024/2025;77;MATERA;42;ANCONA;M;8
2024/2025;22;TRENTO;55;TERNI;F;7
2023/2024;68;PESCARA;32;TRIESTE;F;10
2024/2025;110;BARLETTA - ANDRIA - TRANI;38;FERRARA;F;42
2023/2024;110;BARLETTA - ANDRIA - TRANI;10;GENOVA;F;12
2024/2025;91;NUORO;12;VARESE;M;5
2024/2025;24;VICENZA;22;TRENTO;F;698
2023/2024;15;MILANO;72;BARI;F;11
2024/2025;65;SALERNO;69;CHIETI;M;60
2023/2024;28;PADOVA;27;VENEZIA;F;1414
2023/2024;61;CASERTA;68;PESCARA;M;5
2023/2024;45;MASSA CARRARA;51;AREZZO;F;8
2024/2025;63;NAPOLI;17;BRESCIA;M;22
2024/2025;14;SONDRIO;40;FORLI'-CESENA;F;8
2024/2025;78;COSENZA;43;MACERATA;M;10
2023/2024;22;TRENTO;42;ANCONA;M;8
2023/2024;10;GENOVA;58;ROMA;F;158
2023/2024;78;COSENZA;76;POTENZA;M;24
2024/2025;62;BENEVENTO;68;PESCARA;M;14
2024/2025;93;PORDENONE;17;BRESCIA;F;6
2023/2024;80;REGGIO CALABRIA;79;CATANZARO;M;390
2024/2025;47;PISTOIA;37;BOLOGNA;F;139
2023/2024;12;VARESE;2;VERCELLI;M;6
2023/2024;63;NAPOLI;61;CASERTA;M;1943
2024/2025;72;BARI;74;BRINDISI;M;50
2023/2024;61;CASERTA;61;CASERTA;F;5934
2024/2025;73;TARANTO;17;BRESCIA;M;7
2024/2025;103;VERBANO CUSIO OSSOLA;38;FERRARA;M;7
2023/2024;75;LECCE;16;BERGAMO;M;11
2023/2024;43;MACERATA;67;TERAMO;F;18
2024/2025;99;RIMINI;15;MILANO;F;62
2023/2024;85;CALTANISSETTA;41;PESARO E URBINO;F;17
2024/2025;74;BRINDISI;50;PISA;M;81
2023/2024;60;FROSINONE;37;BOLOGNA;M;75
2024/2025;79;CATANZARO;1;TORINO;F;93
2024/2025;999;PROVINCIA NON DEFINITA;79;CATANZARO;F;536
2024/2025;36;MODENA;20;MANTOVA;M;18
2023/2024;50;PISA;55;TERNI;F;6
2024/2025;63;NAPOLI;11;LA SPEZIA;F;5
2023/2024;29;ROVIGO;32;TRIESTE;F;17
2023/2024;66;L'AQUILA;27;VENEZIA;F;15
2024/2025;103;VERBANO CUSIO OSSOLA;12;VARESE;F;142
2024/2025;26;TREVISO;17;BRESCIA;F;12
2024/2025;67;TERAMO;22;TRENTO;M;7
2024/2025;80;REGGIO CALABRIA;48;FIRENZE;M;68
2024/2025;99;RIMINI;50;PISA;M;17
2024/2025;97;LECCO;18;PAVIA;M;35
2023/2024;16;BERGAMO;19;CREMONA;F;31
2024/2025;11;LA SPEZIA;18;PAVIA;M;13
2024/2025;81;TRAPANI;3;NOVARA;M;9
2024/2025;99;RIMINI;32;TRIESTE;F;13
2023/2024;29;ROVIGO;26;TREVISO;F;13
2023/2024;65;SALERNO;92;CAGLIARI;M;16
2024/2025;15;MILANO;17;BRESCIA;M;93
2024/2025;12;VARESE;23;VERONA;M;11
2024/2025;38;FERRARA;42;ANCONA;F;9
2024/2025;33;PIACENZA;36;MODENA;F;47
2023/2024;87;CATANIA;63;NAPOLI;M;36
2023/2024;35;REGGIO EMILIA;58;ROMA;F;64
2024/2025;3;NOVARA;2;VERCELLI;F;297
2024/2025;5;ASTI;52;SIENA;F;8
2024/2025;18;PAVIA;2;VERCELLI;M;29
2024/2025;14;SONDRIO;38;FERRARA;F;18
2024/2025;72;BARI;41;PESARO E URBINO;M;33
2024/2025;26;TREVISO;22;TRENTO;F;356
2023/2024;65;SALERNO;77;MATERA;F;17
2023/2024;998;PROVINCIA ESTERA;23;VERONA;F;466
2024/2025;52;SIENA;55;TERNI;F;10
2024/2025;81;TRAPANI;16;BERGAMO;M;10
2023/2024;71;FOGGIA;66;L'AQUILA;F;87
2024/2025;89;SIRACUSA;33;PIACENZA;F;7
2023/2024;42;ANCONA;39;RAVENNA;M;16
2023/2024;1;TORINO;33;PIACENZA;M;9
2024/2025;999;PROVINCIA NON DEFINITA;17;BRESCIA;M;38
2023/2024;38;FERRARA;10;GENOVA;F;7
2024/2025;75;LECCE;65;SALERNO;M;5
2023/2024;18;PAVIA;98;LODI;F;18
2024/2025;85;CALTANISSETTA;86;ENNA;M;405
2023/2024;40;FORLI'-CESENA;38;FERRARA;M;100
2024/2025;111;SUD SARDEGNA;95;ORISTANO;M;9
2023/2024;13;COMO;27;VENEZIA;F;40
2024/2025;92;CAGLIARI;52;SIENA;F;15
2023/2024;65;SALERNO;52;SIENA;F;207
2023/2024;998;PROVINCIA ESTERA;70;CAMPOBASSO;F;21
2023/2024;90;SASSARI;38;FERRARA;F;23
2024/2025;82;PALERMO;30;UDINE;F;15
2024/2025;44;ASCOLI PICENO;50;PISA;F;17
2024/2025;101;CROTONE;78;COSENZA;F;1052
2023/2024;94;ISERNIA;48;FIRENZE;M;13
2023/2024;88;RAGUSA;79;CATANZARO;M;9
2024/2025;77;MATERA;68;PESCARA;F;29
2024/2025;17;BRESCIA;3;NOVARA;F;19
2023/2024;73;TARANTO;55;TERNI;F;9
2024/2025;68;PESCARA;71;FOGGIA;F;6
2024/2025;94;ISERNIA;15;MILANO;M;20
2023/2024;19;CREMONA;41;PESARO E URBINO;F;12
2024/2025;9;SAVONA;48;FIRENZE;M;13
2023/2024;47;PISTOIA;22;TRENTO;F;5
2024/2025;75;LECCE;63;NAPOLI;M;43
2024/2025;78;COSENZA;54;PERUGIA;F;247
2024/2025;54;PERUGIA;50;PISA;F;69
2024/2025;34;PARMA;40;FORLI'-CESENA;F;43
2023/2024;71;FOGGIA;38;FERRARA;M;97
2023/2024;109;FERMO;42;ANCONA;M;543
2024/2025;66;L'AQUILA;57;RIETI;M;7
2023/2024;96;BIELLA;96;BIELLA;F;30
2024/2025;77;MATERA;67;TERAMO;F;6
2023/2024;69;CHIETI;12;VARESE;F;6
2024/2025;24;VICENZA;37;BOLOGNA;M;170
2023/2024;91;NUORO;41;PESARO E URBINO;F;25
2023/2024;44;ASCOLI PICENO;23;VERONA;M;7
2024/2025;15;MILANO;65;SALERNO;M;7
2023/2024;63;NAPOLI;41;PESARO E URBINO;F;54
2024/2025;998;PROVINCIA ESTERA;4;CUNEO;F;62
2023/2024;111;SUD SARDEGNA;28;PADOVA;F;33
2023/2024;42;ANCONA;10;GENOVA;F;8
2023/2024;1;TORINO;36;MODENA;M;19
2024/2025;73;TARANTO;34;PARMA;F;183
2024/2025;998;PROVINCIA ESTERA;70;CAMPOBASSO;F;20
2024/2025;17;BRESCIA;20;MANTOVA;M;21
2023/2024;1;TORINO;39;RAVENNA;F;13
2024/2025;58;ROMA;37;BOLOGNA;M;235
2024/2025;58;ROMA;21;BOLZANO;M;22
2024/2025;36;MODENA;1;TORINO;M;34
2024/2025;999;PROVINCIA NON DEFINITA;95;ORISTANO;F;5
2024/2025;47;PISTOIA;28;PADOVA;M;14
2024/2025;998;PROVINCIA ESTERA;6;ALESSANDRIA;M;76
2024/2025;39;RAVENNA;48;FIRENZE;M;25
2023/2024;998;PROVINCIA ESTERA;97;LECCO;F;23
2024/2025;998;PROVINCIA ESTERA;80;REGGIO CALABRIA;M;24
2023/2024;59;LATINA;52;SIENA;M;25
2023/2024;6;ALESSANDRIA;16;BERGAMO;F;8
2024/2025;50;PISA;10;GENOVA;F;10
2023/2024;80;REGGIO CALABRIA;15;MILANO;M;319
2023/2024;44;ASCOLI PICENO;34;PARMA;M;35
2023/2024;30;UDINE;23;VERONA;M;22
2024/2025;51;AREZZO;22;TRENTO;M;6
2023/2024;68;PESCARA;22;TRENTO;M;22
2023/2024;59;LATINA;27;VENEZIA;F;26
2023/2024;71;FOGGIA;50;PISA;F;68
2023/2024;999;PROVINCIA NON DEFINITA;77;MATERA;F;9
2023/2024;998;PROVINCIA ESTERA;4;CUNEO;F;61
2024/2025;63;NAPOLI;73;TARANTO;M;33
2023/2024;51;AREZZO;55;TERNI;F;32
2023/2024;75;LECCE;44;ASCOLI PICENO;F;7
2023/2024;64;AVELLINO;76;POTENZA;F;21
2023/2024;63;NAPOLI;51;AREZZO;F;15
2023/2024;33;PIACENZA;58;ROMA;M;19
2024/2025;54;PERUGIA;41;PESARO E URBINO;F;178
2023/2024;43;MACERATA;23;VERONA;F;19
2024/2025;38;FERRARA;15;MILANO;F;86
2023/2024;32;TRIESTE;22;TRENTO;M;20
2023/2024;28;PADOVA;31;GORIZIA;F;10
2024/2025;14;SONDRIO;37;BOLOGNA;M;32
2024/2025;108;MONZA E BRIANZA;1;TORINO;M;5
2023/2024;7;AOSTA;3;NOVARA;M;13
2024/2025;13;COMO;66;L'AQUILA;M;5
2023/2024;89;SIRACUSA;43;MACERATA;M;7
2024/2025;108;MONZA E BRIANZA;90;SASSARI;F;6
2023/2024;27;VENEZIA;37;BOLOGNA;M;167
2023/2024;41;PESARO E URBINO;37;BOLOGNA;F;680
2024/2025;28;PADOVA;48;FIRENZE;F;59
2024/2025;96;BIELLA;1;TORINO;M;496
2023/2024;111;SUD SARDEGNA;63;NAPOLI;F;11
2024/2025;23;VERONA;54;PERUGIA;M;12
2023/2024;57;RIETI;15;MILANO;F;8
2024/2025;49;LIVORNO;15;MILANO;F;75
2023/2024;86;ENNA;34;PARMA;F;21
2024/2025;80;REGGIO CALABRIA;83;MESSINA;M;1033
2023/2024;998;PROVINCIA ESTERA;62;BENEVENTO;M;21
2024/2025;97;LECCO;108;MONZA E BRIANZA;F;113
2024/2025;46;LUCCA;52;SIENA;M;27
2023/2024;78;COSENZA;22;TRENTO;F;17
2024/2025;73;TARANTO;33;PIACENZA;M;10
2024/2025;110;BARLETTA - ANDRIA - TRANI;48;FIRENZE;F;30
2023/2024;999;PROVINCIA NON DEFINITA;23;VERONA;F;110
2023/2024;61;CASERTA;70;CAMPOBASSO;M;94
2024/2025;62;BENEVENTO;42;ANCONA;M;9
2024/2025;36;MODENA;15;MILANO;F;207
2023/2024;32;TRIESTE;31;GORIZIA;M;77
2024/2025;83;MESSINA;43;MACERATA;F;7
2023/2024;75;LECCE;78;COSENZA;F;6
2024/2025;83;MESSINA;66;L'AQUILA;M;48
2023/2024;1;TORINO;90;SASSARI;F;31
2023/2024;59;LATINA;69;CHIETI;M;8
2023/2024;999;PROVINCIA NON DEFINITA;6;ALESSANDRIA;F;55
2023/2024;72;BARI;74;BRINDISI;M;51
2023/2024;110;BARLETTA - ANDRIA - TRANI;48;FIRENZE;M;32
2023/2024;26;TREVISO;52;SIENA;M;15
2023/2024;27;VENEZIA;31;GORIZIA;F;45
2024/2025;91;NUORO;50;PISA;F;99
2023/2024;39;RAVENNA;21;BOLZANO;F;5
2023/2024;1;TORINO;7;AOSTA;F;99
2023/2024;23;VERONA;99;RIMINI;M;6
2023/2024;81;TRAPANI;39;RAVENNA;F;11
2024/2025;23;VERONA;97;LECCO;F;6
2023/2024;75;LECCE;18;PAVIA;M;136
2024/2025;56;VITERBO;1;TORINO;F;10
2024/2025;88;RAGUSA;3;NOVARA;F;7
2024/2025;83;MESSINA;15;MILANO;F;33
2024/2025;998;PROVINCIA ESTERA;20;MANTOVA;F;19
2024/2025;78;COSENZA;19;CREMONA;F;5
2023/2024;18;PAVIA;1;TORINO;M;19
2023/2024;60;FROSINONE;50;PISA;F;53
2024/2025;2;VERCELLI;28;PADOVA;M;7
2023/2024;18;PAVIA;40;FORLI'-CESENA;M;10
2024/2025;58;ROMA;72;BARI;M;26
2023/2024;77;MATERA;73;TARANTO;F;30
2024/2025;73;TARANTO;30;UDINE;M;8
2024/2025;998;PROVINCIA ESTERA;2;VERCELLI;M;131
2023/2024;35;REGGIO EMILIA;40;FORLI'-CESENA;M;39
2023/2024;83;MESSINA;40;FORLI'-CESENA;M;20
2024/2025;68;PESCARA;43;MACERATA;F;131
2024/2025;23;VERONA;31;GORIZIA;F;5
2023/2024;19;CREMONA;19;CREMONA;F;30
2023/2024;30;UDINE;48;FIRENZE;M;31
2023/2024;60;FROSINONE;1;TORINO;M;32
2024/2025;41;PESARO E URBINO;99;RIMINI;M;62
2023/2024;88;RAGUSA;57;RIETI;F;5
2023/2024;34;PARMA;27;VENEZIA;F;43
2023/2024;87;CATANIA;79;CATANZARO;M;22
2024/2025;54;PERUGIA;18;PAVIA;F;15
2024/2025;18;PAVIA;98;LODI;M;6
2023/2024;72;BARI;26;TREVISO;M;6
2023/2024;88;RAGUSA;50;PISA;M;267
2024/2025;13;COMO;28;PADOVA;M;22
2024/2025;54;PERUGIA;100;PRATO;F;7
2023/2024;91;NUORO;1;TORINO;F;25
2024/2025;68;PESCARA;22;TRENTO;F;43
2023/2024;71;FOGGIA;54;PERUGIA;M;46
2024/2025;109;FERMO;27;VENEZIA;M;9
2024/2025;102;VIBO VALENTIA;52;SIENA;F;8
2023/2024;39;RAVENNA;99;RIMINI;F;171
2023/2024;74;BRINDISI;73;TARANTO;M;61
2023/2024;73;TARANTO;33;PIACENZA;M;14
2023/2024;999;PROVINCIA NON DEFINITA;108;MONZA E BRIANZA;M;16
2023/2024;82;PALERMO;88;RAGUSA;F;7
2023/2024;25;BELLUNO;18;PAVIA;M;6
2024/2025;62;BENEVENTO;52;SIENA;M;26
2023/2024;75;LECCE;50;PISA;M;150
2023/2024;66;L'AQUILA;1;TORINO;M;81
2023/2024;61;CASERTA;62;BENEVENTO;M;67
2023/2024;62;BENEVENTO;68;PESCARA;M;16
2024/2025;13;COMO;18;PAVIA;F;98
2024/2025;54;PERUGIA;32;TRIESTE;F;16
2023/2024;76;POTENZA;16;BERGAMO;F;8
2024/2025;6;ALESSANDRIA;27;VENEZIA;M;13
2024/2025;48;FIRENZE;66;L'AQUILA;F;15
2023/2024;67;TERAMO;15;MILANO;M;111
2023/2024;21;BOLZANO;50;PISA;M;13
2024/2025;18;PAVIA;15;MILANO;F;216
2024/2025;23;VERONA;41;PESARO E URBINO;M;10
2023/2024;34;PARMA;35;REGGIO EMILIA;F;519
2024/2025;44;ASCOLI PICENO;28;PADOVA;M;59
2024/2025;71;FOGGIA;1;TORINO;F;43
2023/2024;83;MESSINA;43;MACERATA;M;8
2024/2025;36;MODENA;66;L'AQUILA;F;9
2023/2024;58;ROMA;33;PIACENZA;F;9
2024/2025;109;FERMO;43;MACERATA;M;488
2023/2024;28;PADOVA;42;ANCONA;F;10
2024/2025;64;AVELLINO;48;FIRENZE;F;92
2024/2025;110;BARLETTA - ANDRIA - TRANI;54;PERUGIA;F;29
2024/2025;61;CASERTA;50;PISA;F;29
2024/2025;35;REGGIO EMILIA;48;FIRENZE;F;48
2023/2024;23;VERONA;35;REGGIO EMILIA;M;24
2023/2024;45;MASSA CARRARA;37;BOLOGNA;M;49
2024/2025;101;CROTONE;80;REGGIO CALABRIA;F;29
2024/2025;58;ROMA;36;MODENA;M;131
2023/2024;81;TRAPANI;83;MESSINA;M;70
2023/2024;63;NAPOLI;83;MESSINA;M;18
2024/2025;48;FIRENZE;52;SIENA;F;557
2024/2025;96;BIELLA;12;VARESE;M;7
2024/2025;80;REGGIO CALABRIA;39;RAVENNA;F;6
2023/2024;38;FERRARA;23;VERONA;M;21
2023/2024;57;RIETI;1;TORINO;M;25
2024/2025;5;ASTI;5;ASTI;F;183
2023/2024;37;BOLOGNA;58;ROMA;F;169
2024/2025;64;AVELLINO;27;VENEZIA;M;7
2024/2025;63;NAPOLI;28;PADOVA;F;124
2023/2024;102;VIBO VALENTIA;54;PERUGIA;F;27
2023/2024;78;COSENZA;18;PAVIA;F;69
2024/2025;66;L'AQUILA;42;ANCONA;M;20
2023/2024;75;LECCE;67;TERAMO;M;13
2023/2024;37;BOLOGNA;33;PIACENZA;F;24
2024/2025;70;CAMPOBASSO;40;FORLI'-CESENA;M;19
2024/2025;71;FOGGIA;54;PERUGIA;F;100
2024/2025;39;RAVENNA;50;PISA;F;10
2023/2024;86;ENNA;85;CALTANISSETTA;F;7
2024/2025;45;MASSA CARRARA;27;VENEZIA;F;10
2024/2025;90;SASSARI;52;SIENA;F;24
2023/2024;50;PISA;66;L'AQUILA;F;6
2024/2025;109;FERMO;32;TRIESTE;F;7
2023/2024;80;REGGIO CALABRIA;51;AREZZO;F;5
2024/2025;73;TARANTO;79;CATANZARO;M;16
2024/2025;998;PROVINCIA ESTERA;87;CATANIA;F;226
2024/2025;41;PESARO E URBINO;34;PARMA;M;44
2023/2024;75;LECCE;33;PIACENZA;F;27
2023/2024;15;MILANO;58;ROMA;M;168
2023/2024;75;LECCE;22;TRENTO;M;42
2023/2024;97;LECCO;13;COMO;M;26
2024/2025;1;TORINO;38;FERRARA;F;55
2024/2025;2;VERCELLI;10;GENOVA;F;25
2024/2025;80;REGGIO CALABRIA;80;REGGIO CALABRIA;M;1504
2024/2025;2;VERCELLI;58;ROMA;F;22
2024/2025;67;TERAMO;54;PERUGIA;F;56
2024/2025;23;VERONA;49;LIVORNO;M;5
2023/2024;20;MANTOVA;48;FIRENZE;F;26
2023/2024;99;RIMINI;35;REGGIO EMILIA;M;7
2024/2025;64;AVELLINO;10;GENOVA;M;10
2024/2025;23;VERONA;38;FERRARA;F;591
2023/2024;27;VENEZIA;50;PISA;M;26
2024/2025;83;MESSINA;40;FORLI'-CESENA;F;21
2024/2025;4;CUNEO;6;ALESSANDRIA;M;20
2024/2025;15;MILANO;97;LECCO;F;65
2024/2025;59;LATINA;30;UDINE;F;6
2024/2025;32;TRIESTE;32;TRIESTE;M;1739
2023/2024;17;BRESCIA;38;FERRARA;F;148
2023/2024;44;ASCOLI PICENO;41;PESARO E URBINO;F;141
2024/2025;54;PERUGIA;10;GENOVA;F;10
2023/2024;53;GROSSETO;56;VITERBO;F;71
2023/2024;80;REGGIO CALABRIA;3;NOVARA;F;16
2023/2024;15;MILANO;63;NAPOLI;M;29
2023/2024;31;GORIZIA;15;MILANO;M;16
2023/2024;80;REGGIO CALABRIA;33;PIACENZA;F;11
2023/2024;69;CHIETI;109;FERMO;M;51
2023/2024;17;BRESCIA;66;L'AQUILA;F;6
2024/2025;43;MACERATA;18;PAVIA;F;26
2024/2025;20;MANTOVA;19;CREMONA;F;5
2024/2025;31;GORIZIA;23;VERONA;M;11
2023/2024;24;VICENZA;19;CREMONA;M;6
2023/2024;33;PIACENZA;19;CREMONA;M;22
2023/2024;91;NUORO;34;PARMA;M;19
2023/2024;74;BRINDISI;40;FORLI'-CESENA;F;27
2023/2024;58;ROMA;59;LATINA;M;173
2023/2024;30;UDINE;15;MILANO;F;224
2024/2025;999;PROVINCIA NON DEFINITA;67;TERAMO;F;77
2023/2024;63;NAPOLI;16;BERGAMO;F;29
2023/2024;60;FROSINONE;43;MACERATA;F;28
2023/2024;36;MODENA;22;TRENTO;M;40
2023/2024;31;GORIZIA;50;PISA;F;8
2024/2025;72;BARI;61;CASERTA;M;27
2024/2025;10;GENOVA;23;VERONA;F;9
2023/2024;100;PRATO;51;AREZZO;F;14
2024/2025;53;GROSSETO;27;VENEZIA;M;7
2024/2025;12;VARESE;1;TORINO;F;159
2023/2024;82;PALERMO;18;PAVIA;M;38
2023/2024;6;ALESSANDRIA;48;FIRENZE;M;8
2023/2024;28;PADOVA;39;RAVENNA;M;6
2024/2025;85;CALTANISSETTA;59;LATINA;F;19
2024/2025;81;TRAPANI;15;MILANO;F;270
2023/2024;7;AOSTA;7;AOSTA;F;401
2023/2024;88;RAGUSA;28;PADOVA;F;62
2023/2024;92;CAGLIARI;32;TRIESTE;M;13
2023/2024;58;ROMA;1;TORINO;M;155
2023/2024;83;MESSINA;66;L'AQUILA;F;34
2024/2025;50;PISA;1;TORINO;F;43
2023/2024;110;BARLETTA - ANDRIA - TRANI;15;MILANO;M;74
2024/2025;16;BERGAMO;13;COMO;F;6
2023/2024;43;MACERATA;1;TORINO;F;56
2023/2024;100;PRATO;52;SIENA;M;30
2024/2025;14;SONDRIO;22;TRENTO;F;16
2023/2024;23;VERONA;12;VARESE;F;5
2024/2025;8;IMPERIA;37;BOLOGNA;F;47
2023/2024;28;PADOVA;29;ROVIGO;F;411
2023/2024;64;AVELLINO;15;MILANO;F;33
2024/2025;33;PIACENZA;37;BOLOGNA;F;102
2024/2025;24;VICENZA;69;CHIETI;F;13
2023/2024;2;VERCELLI;50;PISA;F;6
2023/2024;22;TRENTO;92;CAGLIARI;F;9
2024/2025;45;MASSA CARRARA;1;TORINO;F;6
2023/2024;101;CROTONE;50;PISA;F;66
2024/2025;62;BENEVENTO;50;PISA;M;60
2024/2025;87;CATANIA;18;PAVIA;F;91
2023/2024;54;PERUGIA;50;PISA;M;81
2023/2024;89;SIRACUSA;88;RAGUSA;M;16
2023/2024;91;NUORO;23;VERONA;F;13
2024/2025;23;VERONA;19;CREMONA;M;10
2023/2024;76;POTENZA;78;COSENZA;M;49
2024/2025;84;AGRIGENTO;69;CHIETI;F;12
2023/2024;75;LECCE;59;LATINA;F;26
2023/2024;63;NAPOLI;50;PISA;F;129
2024/2025;14;SONDRIO;27;VENEZIA;M;7
2023/2024;68;PESCARA;83;MESSINA;F;5
2024/2025;75;LECCE;35;REGGIO EMILIA;F;54
2023/2024;41;PESARO E URBINO;42;ANCONA;F;415
2023/2024;109;FERMO;28;PADOVA;M;49
2023/2024;4;CUNEO;43;MACERATA;F;6
2023/2024;78;COSENZA;73;TARANTO;F;8
2024/2025;92;CAGLIARI;15;MILANO;F;36
2024/2025;68;PESCARA;35;REGGIO EMILIA;M;11
2024/2025;35;REGGIO EMILIA;15;MILANO;F;92
2023/2024;74;BRINDISI;28;PADOVA;M;33
2024/2025;95;ORISTANO;37;BOLOGNA;M;32
2023/2024;54;PERUGIA;56;VITERBO;M;42
2023/2024;102;VIBO VALENTIA;16;BERGAMO;F;7
2024/2025;998;PROVINCIA ESTERA;3;NOVARA;M;253
2024/2025;33;PIACENZA;17;BRESCIA;M;8
2024/2025;65;SALERNO;12;VARESE;M;26
2023/2024;1;TORINO;15;MILANO;M;55
2024/2025;24;VICENZA;31;GORIZIA;F;12
2023/2024;110;BARLETTA - ANDRIA - TRANI;39;RAVENNA;M;7
2024/2025;5;ASTI;5;ASTI;M;105
2023/2024;35;REGGIO EMILIA;28;PADOVA;M;37
2023/2024;20;MANTOVA;32;TRIESTE;F;10
2023/2024;77;MATERA;70;CAMPOBASSO;F;5
2023/2024;4;CUNEO;34;PARMA;F;35
2024/2025;29;ROVIGO;28;PADOVA;M;675
2023/2024;11;LA SPEZIA;63;NAPOLI;F;8
2024/2025;55;TERNI;1;TORINO;M;25
2024/2025;110;BARLETTA - ANDRIA - TRANI;16;BERGAMO;F;8
2024/2025;77;MATERA;18;PAVIA;M;25
2024/2025;58;ROMA;41;PESARO E URBINO;F;58
2023/2024;95;ORISTANO;28;PADOVA;F;26
2023/2024;88;RAGUSA;38;FERRARA;F;178
2024/2025;26;TREVISO;10;GENOVA;M;7
2024/2025;69;CHIETI;67;TERAMO;M;199
2023/2024;75;LECCE;48;FIRENZE;M;163
2023/2024;85;CALTANISSETTA;23;VERONA;F;19
2024/2025;7;AOSTA;96;BIELLA;F;5
2023/2024;73;TARANTO;56;VITERBO;M;20
2023/2024;998;PROVINCIA ESTERA;75;LECCE;M;103
2024/2025;20;MANTOVA;24;VICENZA;M;8
2023/2024;80;REGGIO CALABRIA;34;PARMA;M;46
2023/2024;12;VARESE;48;FIRENZE;M;21
2023/2024;43;MACERATA;42;ANCONA;F;757
2023/2024;998;PROVINCIA ESTERA;41;PESARO E URBINO;M;209
2024/2025;52;SIENA;40;FORLI'-CESENA;M;11
2023/2024;108;MONZA E BRIANZA;11;LA SPEZIA;M;5
2024/2025;72;BARI;78;COSENZA;F;7
2024/2025;85;CALTANISSETTA;43;MACERATA;F;6
2023/2024;60;FROSINONE;54;PERUGIA;M;62
2023/2024;22;TRENTO;38;FERRARA;M;156
2023/2024;65;SALERNO;72;BARI;M;47
2024/2025;48;FIRENZE;63;NAPOLI;F;36
2024/2025;62;BENEVENTO;67;TERAMO;M;7
2023/2024;1;TORINO;50;PISA;F;66
2023/2024;82;PALERMO;22;TRENTO;F;36
2024/2025;999;PROVINCIA NON DEFINITA;19;CREMONA;M;24
2024/2025;71;FOGGIA;43;MACERATA;F;99
2023/2024;97;LECCO;28;PADOVA;F;39
2023/2024;35;REGGIO EMILIA;15;MILANO;M;123
2024/2025;20;MANTOVA;63;NAPOLI;F;7
2024/2025;15;MILANO;79;CATANZARO;M;9
2023/2024;27;VENEZIA;39;RAVENNA;M;7
2024/2025;64;AVELLINO;79;CATANZARO;M;6
2024/2025;64;AVELLINO;15;MILANO;M;50
2023/2024;76;POTENZA;99;RIMINI;M;6
2024/2025;27;VENEZIA;42;ANCONA;F;10
2023/2024;999;PROVINCIA NON DEFINITA;96;BIELLA;M;22
2024/2025;74;BRINDISI;99;RIMINI;F;5
2023/2024;8;IMPERIA;4;CUNEO;M;10
2024/2025;36;MODENA;32;TRIESTE;M;8
2024/2025;89;SIRACUSA;10;GENOVA;F;11
2024/2025;11;LA SPEZIA;1;TORINO;M;31
2024/2025;56;VITERBO;18;PAVIA;F;7
2023/2024;100;PRATO;28;PADOVA;M;15
2023/2024;30;UDINE;30;UDINE;F;3237
2024/2025;89;SIRACUSA;36;MODENA;M;38
2024/2025;31;GORIZIA;15;MILANO;F;10
2023/2024;51;AREZZO;36;MODENA;F;16
2024/2025;90;SASSARI;10;GENOVA;F;27
2023/2024;11;LA SPEZIA;15;MILANO;F;167
2024/2025;4;CUNEO;56;VITERBO;M;5
2024/2025;94;ISERNIA;42;ANCONA;F;7
2023/2024;95;ORISTANO;18;PAVIA;M;11
2023/2024;51;AREZZO;52;SIENA;F;585
2023/2024;76;POTENZA;15;MILANO;F;35
2023/2024;3;NOVARA;35;REGGIO EMILIA;F;5
2023/2024;70;CAMPOBASSO;35;REGGIO EMILIA;M;14
2023/2024;83;MESSINA;39;RAVENNA;F;7
2023/2024;21;BOLZANO;17;BRESCIA;M;11
2024/2025;58;ROMA;108;MONZA E BRIANZA;F;5
2024/2025;22;TRENTO;66;L'AQUILA;M;8
2023/2024;40;FORLI'-CESENA;41;PESARO E URBINO;M;171
2024/2025;1;TORINO;19;CREMONA;M;6
2023/2024;90;SASSARI;91;NUORO;M;6
2023/2024;30;UDINE;58;ROMA;F;128
2024/2025;65;SALERNO;18;PAVIA;F;59
2023/2024;101;CROTONE;79;CATANZARO;F;516
2023/2024;75;LECCE;48;FIRENZE;F;181
2024/2025;61;CASERTA;1;TORINO;F;23
2024/2025;999;PROVINCIA NON DEFINITA;92;CAGLIARI;M;737
2024/2025;73;TARANTO;69;CHIETI;F;266
2023/2024;67;TERAMO;28;PADOVA;M;29
2023/2024;83;MESSINA;63;NAPOLI;F;40
2024/2025;53;GROSSETO;22;TRENTO;F;7
2024/2025;12;VARESE;10;GENOVA;F;42
2024/2025;86;ENNA;87;CATANIA;F;1240
2024/2025;102;VIBO VALENTIA;16;BERGAMO;F;8
2024/2025;46;LUCCA;22;TRENTO;M;9
2023/2024;32;TRIESTE;31;GORIZIA;F;140
2023/2024;59;LATINA;49;LIVORNO;M;8
2024/2025;73;TARANTO;33;PIACENZA;F;9
2024/2025;110;BARLETTA - ANDRIA - TRANI;48;FIRENZE;M;34
2023/2024;999;PROVINCIA NON DEFINITA;26;TREVISO;M;6
2023/2024;999;PROVINCIA NON DEFINITA;76;POTENZA;F;141
2024/2025;13;COMO;97;LECCO;M;8
2024/2025;42;ANCONA;22;TRENTO;F;49
2024/2025;54;PERUGIA;18;PAVIA;M;16
2024/2025;1;TORINO;18;PAVIA;F;87
2023/2024;92;CAGLIARI;36;MODENA;M;21
2024/2025;82;PALERMO;55;TERNI;F;11
2023/2024;65;SALERNO;58;ROMA;F;1560
2023/2024;110;BARLETTA - ANDRIA - TRANI;50;PISA;M;33
2024/2025;74;BRINDISI;23;VERONA;F;11
2023/2024;45;MASSA CARRARA;66;L'AQUILA;M;6
2023/2024;45;MASSA CARRARA;10;GENOVA;M;23
2023/2024;101;CROTONE;52;SIENA;M;5
2023/2024;59;LATINA;27;VENEZIA;M;5
2024/2025;1;TORINO;28;PADOVA;M;35
2023/2024;91;NUORO;28;PADOVA;M;27
2024/2025;87;CATANIA;43;MACERATA;F;15
2023/2024;87;CATANIA;1;TORINO;M;123
2024/2025;25;BELLUNO;1;TORINO;M;10
2023/2024;14;SONDRIO;15;MILANO;M;294
2023/2024;75;LECCE;33;PIACENZA;M;38
2024/2025;61;CASERTA;69;CHIETI;M;11
2024/2025;34;PARMA;70;CAMPOBASSO;F;5
2023/2024;21;BOLZANO;18;PAVIA;F;17
2024/2025;87;CATANIA;37;BOLOGNA;M;198
2023/2024;36;MODENA;15;MILANO;M;135
2023/2024;6;ALESSANDRIA;50;PISA;F;21
2024/2025;95;ORISTANO;91;NUORO;F;10
2024/2025;109;FERMO;1;TORINO;M;27
2023/2024;60;FROSINONE;66;L'AQUILA;F;550
2024/2025;19;CREMONA;1;TORINO;M;12
2024/2025;56;VITERBO;10;GENOVA;F;10
2024/2025;85;CALTANISSETTA;85;CALTANISSETTA;F;115
2024/2025;81;TRAPANI;85;CALTANISSETTA;M;17
2023/2024;17;BRESCIA;99;RIMINI;F;9
2024/2025;86;ENNA;52;SIENA;F;14
2023/2024;75;LECCE;56;VITERBO;F;26
2024/2025;16;BERGAMO;72;BARI;F;5
2024/2025;64;AVELLINO;50;PISA;M;60
2024/2025;95;ORISTANO;35;REGGIO EMILIA;F;7
2023/2024;26;TREVISO;24;VICENZA;M;364
2023/2024;19;CREMONA;16;BERGAMO;F;386
2023/2024;16;BERGAMO;58;ROMA;M;72
2023/2024;68;PESCARA;17;BRESCIA;M;6
2023/2024;70;CAMPOBASSO;10;GENOVA;M;5
2024/2025;7;AOSTA;18;PAVIA;M;19
2024/2025;9;SAVONA;38;FERRARA;F;10
2024/2025;98;LODI;33;PIACENZA;F;6
2024/2025;23;VERONA;41;PESARO E URBINO;F;22
2023/2024;28;PADOVA;42;ANCONA;M;5
2024/2025;7;AOSTA;6;ALESSANDRIA;F;8
2024/2025;85;CALTANISSETTA;37;BOLOGNA;M;66
2024/2025;15;MILANO;65;SALERNO;F;5
2023/2024;35;REGGIO EMILIA;27;VENEZIA;M;15
2023/2024;50;PISA;27;VENEZIA;F;17
2023/2024;48;FIRENZE;54;PERUGIA;M;37
2023/2024;74;BRINDISI;72;BARI;M;297
2024/2025;71;FOGGIA;67;TERAMO;M;23
2024/2025;58;ROMA;16;BERGAMO;M;56
2024/2025;80;REGGIO CALABRIA;80;REGGIO CALABRIA;F;2360
2024/2025;87;CATANIA;35;REGGIO EMILIA;M;17
2023/2024;103;VERBANO CUSIO OSSOLA;6;ALESSANDRIA;M;23
2024/2025;23;VERONA;38;FERRARA;M;330
2023/2024;65;SALERNO;54;PERUGIA;M;110
2024/2025;26;TREVISO;35;REGGIO EMILIA;M;8
2023/2024;43;MACERATA;16;BERGAMO;M;7
2024/2025;103;VERBANO CUSIO OSSOLA;36;MODENA;M;7
2023/2024;74;BRINDISI;32;TRIESTE;M;7
2023/2024;63;NAPOLI;5;ASTI;M;10
2024/2025;67;TERAMO;49;LIVORNO;M;5
2023/2024;78;COSENZA;87;CATANIA;F;9
2024/2025;999;PROVINCIA NON DEFINITA;78;COSENZA;M;55
2024/2025;32;TRIESTE;31;GORIZIA;F;153
2023/2024;110;BARLETTA - ANDRIA - TRANI;79;CATANZARO;F;5
2023/2024;70;CAMPOBASSO;65;SALERNO;M;16
2023/2024;11;LA SPEZIA;52;SIENA;F;22
2023/2024;85;CALTANISSETTA;30;UDINE;M;6
2024/2025;18;PAVIA;17;BRESCIA;F;10
2024/2025;68;PESCARA;15;MILANO;M;144
2024/2025;76;POTENZA;1;TORINO;M;83
2023/2024;34;PARMA;39;RAVENNA;F;15
2023/2024;100;PRATO;34;PARMA;F;5
2023/2024;33;PIACENZA;1;TORINO;F;33
2024/2025;111;SUD SARDEGNA;1;TORINO;F;15
2024/2025;68;PESCARA;56;VITERBO;M;5
2023/2024;30;UDINE;55;TERNI;F;7
2024/2025;102;VIBO VALENTIA;41;PESARO E URBINO;F;5
2023/2024;85;CALTANISSETTA;32;TRIESTE;F;20
2023/2024;999;PROVINCIA NON DEFINITA;85;CALTANISSETTA;F;58
2023/2024;39;RAVENNA;1;TORINO;M;6
2023/2024;63;NAPOLI;66;L'AQUILA;M;282
2024/2025;6;ALESSANDRIA;9;SAVONA;M;11
2024/2025;20;MANTOVA;33;PIACENZA;F;17
2024/2025;998;PROVINCIA ESTERA;15;MILANO;F;767
2023/2024;6;ALESSANDRIA;90;SASSARI;F;6
2024/2025;85;CALTANISSETTA;59;LATINA;M;8
2024/2025;999;PROVINCIA NON DEFINITA;99;RIMINI;F;308
2023/2024;111;SUD SARDEGNA;34;PARMA;F;17
2024/2025;82;PALERMO;87;CATANIA;F;52
2024/2025;83;MESSINA;56;VITERBO;M;6
2024/2025;76;POTENZA;27;VENEZIA;M;10
2024/2025;90;SASSARI;37;BOLOGNA;M;107
2023/2024;36;MODENA;69;CHIETI;F;10
2024/2025;37;BOLOGNA;38;FERRARA;F;1453
2023/2024;26;TREVISO;33;PIACENZA;F;6
2024/2025;79;CATANZARO;82;PALERMO;F;7
2024/2025;999;PROVINCIA NON DEFINITA;89;SIRACUSA;M;18
2024/2025;15;MILANO;58;ROMA;M;169
2024/2025;54;PERUGIA;66;L'AQUILA;M;30
2023/2024;37;BOLOGNA;18;PAVIA;M;7
2023/2024;49;LIVORNO;50;PISA;M;2440
2023/2024;102;VIBO VALENTIA;54;PERUGIA;M;18
2024/2025;63;NAPOLI;10;GENOVA;M;63
2024/2025;82;PALERMO;3;NOVARA;F;6
2024/2025;71;FOGGIA;32;TRIESTE;F;19
2024/2025;42;ANCONA;99;RIMINI;M;23
2023/2024;55;TERNI;67;TERAMO;F;11
2023/2024;33;PIACENZA;41;PESARO E URBINO;F;7
2023/2024;79;CATANZARO;52;SIENA;F;41
2023/2024;11;LA SPEZIA;38;FERRARA;F;11
2024/2025;29;ROVIGO;23;VERONA;F;120
2023/2024;52;SIENA;58;ROMA;F;134
2023/2024;30;UDINE;15;MILANO;M;149
2024/2025;15;MILANO;52;SIENA;M;30
2023/2024;23;VERONA;54;PERUGIA;F;37
2023/2024;64;AVELLINO;28;PADOVA;F;26
2023/2024;72;BARI;58;ROMA;F;956
2024/2025;72;BARI;83;MESSINA;F;21
2024/2025;15;MILANO;34;PARMA;F;182
2024/2025;99;RIMINI;36;MODENA;F;28
2023/2024;48;FIRENZE;55;TERNI;F;15
2023/2024;71;FOGGIA;36;MODENA;F;82
2023/2024;2;VERCELLI;12;VARESE;F;8
2024/2025;64;AVELLINO;34;PARMA;F;37
2023/2024;61;CASERTA;34;PARMA;M;21
2024/2025;73;TARANTO;76;POTENZA;M;23
2023/2024;80;REGGIO CALABRIA;35;REGGIO EMILIA;M;13
2024/2025;36;MODENA;16;BERGAMO;F;7
2024/2025;82;PALERMO;63;NAPOLI;M;29
2024/2025;57;RIETI;15;MILANO;F;8
2024/2025;84;AGRIGENTO;23;VERONA;F;26
2024/2025;15;MILANO;69;CHIETI;F;38
2024/2025;10;GENOVA;15;MILANO;F;449
2023/2024;59;LATINA;38;FERRARA;F;20
2023/2024;89;SIRACUSA;88;RAGUSA;F;66
2023/2024;999;PROVINCIA NON DEFINITA;39;RAVENNA;M;90
2023/2024;47;PISTOIA;27;VENEZIA;F;22
2024/2025;998;PROVINCIA ESTERA;65;SALERNO;M;70
2024/2025;89;SIRACUSA;17;BRESCIA;M;5
2023/2024;73;TARANTO;74;BRINDISI;F;19
2023/2024;12;VARESE;17;BRESCIA;M;7
2024/2025;19;CREMONA;50;PISA;M;15
2024/2025;55;TERNI;52;SIENA;F;72
2023/2024;69;CHIETI;97;LECCO;M;8
2024/2025;2;VERCELLI;37;BOLOGNA;F;10
2024/2025;37;BOLOGNA;69;CHIETI;M;5
2023/2024;90;SASSARI;50;PISA;F;130
2024/2025;61;CASERTA;83;MESSINA;F;13
2023/2024;110;BARLETTA - ANDRIA - TRANI;27;VENEZIA;M;10
2023/2024;12;VARESE;48;FIRENZE;F;45
2024/2025;82;PALERMO;12;VARESE;M;19
2023/2024;72;BARI;75;LECCE;F;243
2023/2024;94;ISERNIA;58;ROMA;F;190
2023/2024;75;LECCE;73;TARANTO;F;27
2023/2024;85;CALTANISSETTA;38;FERRARA;F;73
2024/2025;6;ALESSANDRIA;34;PARMA;M;14
2023/2024;20;MANTOVA;32;TRIESTE;M;6
2024/2025;80;REGGIO CALABRIA;43;MACERATA;F;17
2023/2024;15;MILANO;43;MACERATA;F;16
2023/2024;92;CAGLIARI;28;PADOVA;F;80
2024/2025;101;CROTONE;28;PADOVA;F;17
2023/2024;61;CASERTA;37;BOLOGNA;M;85
2024/2025;86;ENNA;58;ROMA;F;89
2023/2024;17;BRESCIA;54;PERUGIA;F;23
2024/2025;66;L'AQUILA;54;PERUGIA;F;82
2024/2025;16;BERGAMO;52;SIENA;M;12
2023/2024;102;VIBO VALENTIA;15;MILANO;M;21
2023/2024;91;NUORO;66;L'AQUILA;F;7
2024/2025;75;LECCE;38;FERRARA;F;377
2023/2024;52;SIENA;1;TORINO;M;24
2024/2025;75;LECCE;22;TRENTO;F;64
2024/2025;73;TARANTO;35;REGGIO EMILIA;M;14
2023/2024;35;REGGIO EMILIA;41;PESARO E URBINO;M;7
2024/2025;70;CAMPOBASSO;72;BARI;M;15
2024/2025;93;PORDENONE;48;FIRENZE;M;21
2023/2024;64;AVELLINO;76;POTENZA;M;15
2024/2025;11;LA SPEZIA;37;BOLOGNA;M;62
2024/2025;85;CALTANISSETTA;52;SIENA;M;17
2023/2024;87;CATANIA;49;LIVORNO;M;9
2023/2024;87;CATANIA;79;CATANZARO;F;32
2024/2025;96;BIELLA;28;PADOVA;F;28
2023/2024;15;MILANO;83;MESSINA;F;36
2024/2025;12;VARESE;97;LECCO;F;12
2024/2025;100;PRATO;39;RAVENNA;F;5
2023/2024;31;GORIZIA;15;MILANO;F;37
2024/2025;61;CASERTA;52;SIENA;M;21
2024/2025;58;ROMA;75;LECCE;M;14
2023/2024;32;TRIESTE;90;SASSARI;F;6
2023/2024;25;BELLUNO;50;PISA;M;11
2023/2024;6;ALESSANDRIA;35;REGGIO EMILIA;F;5
2023/2024;66;L'AQUILA;56;VITERBO;F;9
2023/2024;63;NAPOLI;75;LECCE;F;27
2023/2024;46;LUCCA;58;ROMA;F;92
2024/2025;66;L'AQUILA;67;TERAMO;M;118
2024/2025;85;CALTANISSETTA;15;MILANO;M;108
2023/2024;31;GORIZIA;10;GENOVA;F;7
2024/2025;24;VICENZA;97;LECCO;M;5
2024/2025;998;PROVINCIA ESTERA;73;TARANTO;F;7
2024/2025;63;NAPOLI;30;UDINE;F;34
2024/2025;42;ANCONA;27;VENEZIA;M;32
2024/2025;64;AVELLINO;58;ROMA;M;437
2024/2025;43;MACERATA;22;TRENTO;F;41
2024/2025;1;TORINO;1;TORINO;F;21328
2024/2025;54;PERUGIA;55;TERNI;M;81
2023/2024;28;PADOVA;21;BOLZANO;M;6
2023/2024;37;BOLOGNA;27;VENEZIA;F;98
2023/2024;64;AVELLINO;35;REGGIO EMILIA;M;8
2023/2024;79;CATANZARO;28;PADOVA;F;41
2023/2024;77;MATERA;40;FORLI'-CESENA;F;13
2024/2025;44;ASCOLI PICENO;69;CHIETI;F;234
2023/2024;999;PROVINCIA NON DEFINITA;97;LECCO;F;13
2024/2025;80;REGGIO CALABRIA;15;MILANO;F;463
2023/2024;77;MATERA;73;TARANTO;M;31
2024/2025;68;PESCARA;52;SIENA;M;6
2023/2024;85;CALTANISSETTA;59;LATINA;M;13
2024/2025;20;MANTOVA;1;TORINO;M;17
2023/2024;71;FOGGIA;28;PADOVA;F;86
2023/2024;91;NUORO;63;NAPOLI;F;12
2023/2024;64;AVELLINO;61;CASERTA;F;119
2024/2025;86;ENNA;82;PALERMO;F;125
2024/2025;94;ISERNIA;43;MACERATA;F;7
2024/2025;36;MODENA;63;NAPOLI;F;19
2023/2024;18;PAVIA;1;TORINO;F;9
2024/2025;72;BARI;73;TARANTO;M;50
2023/2024;78;COSENZA;65;SALERNO;M;59
2023/2024;77;MATERA;18;PAVIA;M;31
2023/2024;37;BOLOGNA;83;MESSINA;F;9
2023/2024;79;CATANZARO;79;CATANZARO;F;3042
2023/2024;71;FOGGIA;35;REGGIO EMILIA;F;45
2023/2024;35;REGGIO EMILIA;63;NAPOLI;M;7
2023/2024;110;BARLETTA - ANDRIA - TRANI;67;TERAMO;F;7
2024/2025;49;LIVORNO;15;MILANO;M;54
2024/2025;999;PROVINCIA NON DEFINITA;59;LATINA;F;227
2023/2024;4;CUNEO;55;TERNI;F;5
2023/2024;79;CATANZARO;27;VENEZIA;F;14
2024/2025;50;PISA;22;TRENTO;F;9
2024/2025;60;FROSINONE;40;FORLI'-CESENA;F;13
2023/2024;89;SIRACUSA;18;PAVIA;M;48
2023/2024;4;CUNEO;2;VERCELLI;F;5
2024/2025;77;MATERA;72;BARI;M;599
2023/2024;96;BIELLA;34;PARMA;M;10
2024/2025;96;BIELLA;38;FERRARA;F;10
2023/2024;5;ASTI;5;ASTI;M;100
2024/2025;21;BOLZANO;21;BOLZANO;M;691
2023/2024;23;VERONA;36;MODENA;M;96
2024/2025;999;PROVINCIA NON DEFINITA;24;VICENZA;F;6
2023/2024;9;SAVONA;50;PISA;F;31
2023/2024;78;COSENZA;35;REGGIO EMILIA;M;14
2024/2025;66;L'AQUILA;27;VENEZIA;M;7
2023/2024;95;ORISTANO;18;PAVIA;F;19
2024/2025;83;MESSINA;10;GENOVA;F;16
2023/2024;62;BENEVENTO;43;MACERATA;F;15
2024/2025;54;PERUGIA;40;FORLI'-CESENA;F;57
2024/2025;51;AREZZO;99;RIMINI;F;9
2024/2025;20;MANTOVA;15;MILANO;F;259
2023/2024;59;LATINA;32;TRIESTE;F;9
2023/2024;42;ANCONA;35;REGGIO EMILIA;F;12
2023/2024;42;ANCONA;67;TERAMO;F;16
2024/2025;13;COMO;34;PARMA;M;13
2023/2024;59;LATINA;15;MILANO;M;90
2024/2025;85;CALTANISSETTA;66;L'AQUILA;M;16
2024/2025;74;BRINDISI;43;MACERATA;M;14
2024/2025;50;PISA;10;GENOVA;M;10
2024/2025;97;LECCO;37;BOLOGNA;F;45
2023/2024;101;CROTONE;34;PARMA;F;159
2024/2025;75;LECCE;19;CREMONA;M;8
2023/2024;55;TERNI;23;VERONA;F;6
2023/2024;78;COSENZA;55;TERNI;M;8
2023/2024;86;ENNA;85;CALTANISSETTA;M;12
2023/2024;70;CAMPOBASSO;43;MACERATA;F;31
2023/2024;25;BELLUNO;27;VENEZIA;M;123
2024/2025;30;UDINE;43;MACERATA;F;9
2024/2025;17;BRESCIA;59;LATINA;F;6
2024/2025;89;SIRACUSA;72;BARI;M;17
2024/2025;38;FERRARA;35;REGGIO EMILIA;M;14
2023/2024;52;SIENA;43;MACERATA;F;11
2023/2024;76;POTENZA;54;PERUGIA;F;236
2023/2024;2;VERCELLI;27;VENEZIA;M;7
2023/2024;83;MESSINA;52;SIENA;M;15
2024/2025;26;TREVISO;35;REGGIO EMILIA;F;20
2024/2025;51;AREZZO;55;TERNI;F;34
2023/2024;98;LODI;36;MODENA;M;6
2024/2025;83;MESSINA;84;AGRIGENTO;F;6
2024/2025;25;BELLUNO;37;BOLOGNA;M;77
2023/2024;29;ROVIGO;40;FORLI'-CESENA;F;17
2023/2024;76;POTENZA;83;MESSINA;F;13
2023/2024;13;COMO;28;PADOVA;F;58
2024/2025;998;PROVINCIA ESTERA;88;RAGUSA;F;22
2024/2025;58;ROMA;15;MILANO;F;296
2023/2024;55;TERNI;56;VITERBO;M;143
2023/2024;89;SIRACUSA;80;REGGIO CALABRIA;F;5
2024/2025;16;BERGAMO;92;CAGLIARI;F;6
2024/2025;21;BOLZANO;28;PADOVA;F;162
2023/2024;3;NOVARA;41;PESARO E URBINO;F;5
2023/2024;56;VITERBO;52;SIENA;M;67
2023/2024;42;ANCONA;55;TERNI;F;18
2023/2024;81;TRAPANI;57;RIETI;F;28
2024/2025;38;FERRARA;48;FIRENZE;F;31
2024/2025;73;TARANTO;15;MILANO;M;101
2023/2024;27;VENEZIA;43;MACERATA;F;9
2024/2025;97;LECCO;27;VENEZIA;F;22
2023/2024;70;CAMPOBASSO;19;CREMONA;M;5
2023/2024;27;VENEZIA;90;SASSARI;M;5
2024/2025;43;MACERATA;58;ROMA;M;154
2023/2024;81;TRAPANI;82;PALERMO;F;2539
2023/2024;65;SALERNO;76;POTENZA;F;208
2023/2024;79;CATANZARO;41;PESARO E URBINO;M;5
2024/2025;48;FIRENZE;100;PRATO;F;186
2023/2024;41;PESARO E URBINO;36;MODENA;F;31
2024/2025;31;GORIZIA;1;TORINO;F;15
2024/2025;52;SIENA;28;PADOVA;F;29
2023/2024;32;TRIESTE;15;MILANO;F;20
2024/2025;85;CALTANISSETTA;27;VENEZIA;M;8
2024/2025;87;CATANIA;63;NAPOLI;F;42
2023/2024;51;AREZZO;1;TORINO;M;22
2023/2024;37;BOLOGNA;1;TORINO;F;58
2024/2025;39;RAVENNA;15;MILANO;M;77
2024/2025;75;LECCE;27;VENEZIA;F;50
2023/2024;63;NAPOLI;56;VITERBO;M;77
2023/2024;7;AOSTA;18;PAVIA;F;19
2023/2024;74;BRINDISI;38;FERRARA;F;152
2024/2025;78;COSENZA;78;COSENZA;M;5033
2023/2024;13;COMO;22;TRENTO;F;17
2024/2025;84;AGRIGENTO;26;TREVISO;F;5
2024/2025;16;BERGAMO;30;UDINE;M;7
2024/2025;85;CALTANISSETTA;82;PALERMO;M;608
2023/2024;32;TRIESTE;32;TRIESTE;M;1745
2024/2025;82;PALERMO;48;FIRENZE;F;78
2023/2024;23;VERONA;55;TERNI;F;6
2024/2025;1;TORINO;22;TRENTO;M;27
2023/2024;34;PARMA;63;NAPOLI;F;8
2023/2024;63;NAPOLI;58;ROMA;F;2129
2024/2025;4;CUNEO;10;GENOVA;F;146
2024/2025;59;LATINA;69;CHIETI;M;10
2023/2024;49;LIVORNO;34;PARMA;F;13
2024/2025;5;ASTI;1;TORINO;F;125
2024/2025;26;TREVISO;43;MACERATA;F;13
2023/2024;19;CREMONA;1;TORINO;F;40
2023/2024;71;FOGGIA;41;PESARO E URBINO;M;48
2023/2024;17;BRESCIA;90;SASSARI;M;7
2023/2024;108;MONZA E BRIANZA;16;BERGAMO;M;497
2024/2025;66;L'AQUILA;1;TORINO;M;71
2024/2025;75;LECCE;27;VENEZIA;M;32
2024/2025;67;TERAMO;63;NAPOLI;M;6
2024/2025;3;NOVARA;34;PARMA;F;28
2024/2025;56;VITERBO;58;ROMA;F;1785
2024/2025;82;PALERMO;38;FERRARA;F;39
2023/2024;74;BRINDISI;32;TRIESTE;F;20
2024/2025;72;BARI;22;TRENTO;M;107
2024/2025;82;PALERMO;10;GENOVA;M;15
2024/2025;80;REGGIO CALABRIA;32;TRIESTE;F;21
2024/2025;110;BARLETTA - ANDRIA - TRANI;110;BARLETTA - ANDRIA - TRANI;F;166
2023/2024;92;CAGLIARI;1;TORINO;M;74
2024/2025;85;CALTANISSETTA;63;NAPOLI;M;7
2023/2024;110;BARLETTA - ANDRIA - TRANI;76;POTENZA;F;8
2023/2024;16;BERGAMO;17;BRESCIA;F;1113
2024/2025;23;VERONA;15;MILANO;M;345
2024/2025;1;TORINO;87;CATANIA;F;8
2023/2024;20;MANTOVA;23;VERONA;F;785
2024/2025;16;BERGAMO;63;NAPOLI;F;11
2024/2025;73;TARANTO;17;BRESCIA;F;11
2024/2025;44;ASCOLI PICENO;109;FERMO;F;44
2024/2025;50;PISA;18;PAVIA;M;12
2023/2024;20;MANTOVA;36;MODENA;F;263
2023/2024;78;COSENZA;33;PIACENZA;F;6
2024/2025;86;ENNA;1;TORINO;M;30
2024/2025;48;FIRENZE;35;REGGIO EMILIA;F;10
2023/2024;91;NUORO;38;FERRARA;M;19
2024/2025;27;VENEZIA;28;PADOVA;F;3187
2023/2024;2;VERCELLI;37;BOLOGNA;M;8
2023/2024;3;NOVARA;15;MILANO;F;1360
2023/2024;76;POTENZA;71;FOGGIA;F;206
2023/2024;51;AREZZO;39;RAVENNA;F;6
2023/2024;84;AGRIGENTO;15;MILANO;M;60
2024/2025;67;TERAMO;32;TRIESTE;M;5
2024/2025;30;UDINE;28;PADOVA;F;567
2024/2025;32;TRIESTE;35;REGGIO EMILIA;F;6
2024/2025;97;LECCO;5;ASTI;F;5
2024/2025;90;SASSARI;33;PIACENZA;M;5
2024/2025;79;CATANZARO;52;SIENA;F;36
2023/2024;65;SALERNO;59;LATINA;F;33
2024/2025;110;BARLETTA - ANDRIA - TRANI;32;TRIESTE;M;11
2024/2025;67;TERAMO;15;MILANO;M;81
2023/2024;108;MONZA E BRIANZA;48;FIRENZE;M;18
2024/2025;53;GROSSETO;56;VITERBO;F;72
2024/2025;80;REGGIO CALABRIA;17;BRESCIA;M;8
2024/2025;83;MESSINA;17;BRESCIA;M;7
2023/2024;25;BELLUNO;29;ROVIGO;M;5
2023/2024;27;VENEZIA;63;NAPOLI;M;18
2024/2025;100;PRATO;100;PRATO;F;88
2024/2025;88;RAGUSA;17;BRESCIA;M;6
2024/2025;44;ASCOLI PICENO;48;FIRENZE;M;40
2024/2025;22;TRENTO;1;TORINO;F;16
2023/2024;69;CHIETI;15;MILANO;F;235
2023/2024;81;TRAPANI;36;MODENA;F;29
2024/2025;63;NAPOLI;12;VARESE;M;35
2024/2025;6;ALESSANDRIA;22;TRENTO;M;11
2023/2024;83;MESSINA;15;MILANO;F;40
2024/2025;55;TERNI;15;MILANO;M;39
2023/2024;41;PESARO E URBINO;44;ASCOLI PICENO;M;20
2024/2025;111;SUD SARDEGNA;82;PALERMO;F;5
2024/2025;77;MATERA;75;LECCE;M;51
2023/2024;55;TERNI;66;L'AQUILA;F;48
2023/2024;20;MANTOVA;27;VENEZIA;F;73
2023/2024;78;COSENZA;51;AREZZO;F;12
2023/2024;89;SIRACUSA;27;VENEZIA;M;13
2024/2025;24;VICENZA;42;ANCONA;M;8
2023/2024;49;LIVORNO;15;MILANO;F;21
2023/2024;89;SIRACUSA;40;FORLI'-CESENA;F;15
2024/2025;998;PROVINCIA ESTERA;7;AOSTA;M;11
2024/2025;22;TRENTO;18;PAVIA;F;64
2023/2024;1;TORINO;15;MILANO;F;45
2024/2025;73;TARANTO;74;BRINDISI;F;21
2024/2025;12;VARESE;13;COMO;M;165
2024/2025;109;FERMO;36;MODENA;M;18
2023/2024;82;PALERMO;34;PARMA;M;46
2023/2024;54;PERUGIA;67;TERAMO;M;5
2024/2025;103;VERBANO CUSIO OSSOLA;38;FERRARA;F;11
2024/2025;77;MATERA;16;BERGAMO;M;6
2024/2025;9;SAVONA;28;PADOVA;M;8
2024/2025;89;SIRACUSA;35;REGGIO EMILIA;M;11
2023/2024;108;MONZA E BRIANZA;30;UDINE;F;6
2023/2024;7;AOSTA;7;AOSTA;M;179
2023/2024;999;PROVINCIA NON DEFINITA;66;L'AQUILA;M;34
2024/2025;32;TRIESTE;50;PISA;M;10
2024/2025;47;PISTOIA;100;PRATO;M;15
2023/2024;42;ANCONA;58;ROMA;M;176
2024/2025;69;CHIETI;3;NOVARA;F;5
2024/2025;97;LECCO;18;PAVIA;F;87
2024/2025;28;PADOVA;92;CAGLIARI;F;5
2024/2025;108;MONZA E BRIANZA;6;ALESSANDRIA;M;6
2024/2025;11;LA SPEZIA;73;TARANTO;M;8
2023/2024;74;BRINDISI;76;POTENZA;M;5
2024/2025;34;PARMA;15;MILANO;M;202
2023/2024;84;AGRIGENTO;10;GENOVA;M;29
2024/2025;22;TRENTO;38;FERRARA;M;152
2023/2024;76;POTENZA;38;FERRARA;M;66
2023/2024;29;ROVIGO;23;VERONA;M;62
2023/2024;65;SALERNO;24;VICENZA;M;7
2024/2025;35;REGGIO EMILIA;36;MODENA;F;1222
2024/2025;35;REGGIO EMILIA;32;TRIESTE;F;9
2024/2025;14;SONDRIO;108;MONZA E BRIANZA;F;9
2023/2024;66;L'AQUILA;66;L'AQUILA;M;2050
2024/2025;57;RIETI;50;PISA;F;20
2023/2024;83;MESSINA;50;PISA;F;85
2023/2024;108;MONZA E BRIANZA;58;ROMA;F;79
2023/2024;95;ORISTANO;1;TORINO;F;59
2024/2025;23;VERONA;18;PAVIA;M;28
2023/2024;35;REGGIO EMILIA;35;REGGIO EMILIA;F;1617
2024/2025;72;BARI;32;TRIESTE;F;56
2024/2025;111;SUD SARDEGNA;23;VERONA;F;7
2024/2025;43;MACERATA;50;PISA;M;40
2024/2025;63;NAPOLI;82;PALERMO;M;20
2023/2024;73;TARANTO;67;TERAMO;F;10
2024/2025;96;BIELLA;34;PARMA;F;11
2024/2025;84;AGRIGENTO;1;TORINO;M;94
2024/2025;15;MILANO;15;MILANO;M;5976
2023/2024;81;TRAPANI;66;L'AQUILA;F;23
2023/2024;23;VERONA;58;ROMA;F;178
2023/2024;87;CATANIA;86;ENNA;M;202
2023/2024;79;CATANZARO;69;CHIETI;M;8
2023/2024;78;COSENZA;39;RAVENNA;F;10
2024/2025;14;SONDRIO;69;CHIETI;F;5
2024/2025;7;AOSTA;1;TORINO;F;551
2023/2024;13;COMO;38;FERRARA;F;11
2024/2025;94;ISERNIA;94;ISERNIA;F;91
2023/2024;87;CATANIA;92;CAGLIARI;F;5
2023/2024;59;LATINA;1;TORINO;F;37
2023/2024;88;RAGUSA;66;L'AQUILA;F;15
2023/2024;95;ORISTANO;41;PESARO E URBINO;M;9
2024/2025;2;VERCELLI;50;PISA;M;5
2024/2025;58;ROMA;58;ROMA;M;46869
2024/2025;2;VERCELLI;18;PAVIA;M;51
2024/2025;83;MESSINA;12;VARESE;M;5
2023/2024;26;TREVISO;55;TERNI;M;5
2023/2024;39;RAVENNA;38;FERRARA;M;390
2024/2025;29;ROVIGO;32;TRIESTE;F;17
2023/2024;20;MANTOVA;20;MANTOVA;M;155
2024/2025;1;TORINO;4;CUNEO;M;91
2024/2025;56;VITERBO;32;TRIESTE;F;9
2024/2025;22;TRENTO;16;BERGAMO;F;32
2024/2025;49;LIVORNO;36;MODENA;M;12
2024/2025;998;PROVINCIA ESTERA;44;ASCOLI PICENO;F;29
2024/2025;999;PROVINCIA NON DEFINITA;40;FORLI'-CESENA;F;315
2023/2024;61;CASERTA;70;CAMPOBASSO;F;212
2024/2025;15;MILANO;97;LECCO;M;5
2024/2025;20;MANTOVA;23;VERONA;M;397
2023/2024;54;PERUGIA;38;FERRARA;M;16
2024/2025;43;MACERATA;38;FERRARA;M;23
2023/2024;28;PADOVA;41;PESARO E URBINO;M;6
2023/2024;109;FERMO;1;TORINO;F;16
2024/2025;81;TRAPANI;57;RIETI;F;43
2023/2024;17;BRESCIA;1;TORINO;M;32
2024/2025;42;ANCONA;35;REGGIO EMILIA;M;8
2024/2025;78;COSENZA;34;PARMA;M;56
2024/2025;67;TERAMO;10;GENOVA;M;5
2023/2024;72;BARI;69;CHIETI;M;85
2023/2024;27;VENEZIA;15;MILANO;M;137
2023/2024;11;LA SPEZIA;1;TORINO;F;59
2023/2024;94;ISERNIA;48;FIRENZE;F;22
2024/2025;999;PROVINCIA NON DEFINITA;89;SIRACUSA;F;43
2023/2024;71;FOGGIA;15;MILANO;M;324
2024/2025;17;BRESCIA;50;PISA;F;42
2023/2024;1;TORINO;17;BRESCIA;M;9
2024/2025;56;VITERBO;40;FORLI'-CESENA;F;8
2024/2025;54;PERUGIA;15;MILANO;M;139
2024/2025;109;FERMO;15;MILANO;M;60
2023/2024;91;NUORO;1;TORINO;M;59
2024/2025;109;FERMO;27;VENEZIA;F;19
2023/2024;33;PIACENZA;58;ROMA;F;39
2024/2025;68;PESCARA;38;FERRARA;F;52
2023/2024;2;VERCELLI;58;ROMA;M;12
2024/2025;65;SALERNO;28;PADOVA;F;86
2023/2024;98;LODI;22;TRENTO;M;6
2023/2024;101;CROTONE;33;PIACENZA;M;6
2024/2025;13;COMO;28;PADOVA;F;54
2023/2024;72;BARI;83;MESSINA;F;19
2024/2025;80;REGGIO CALABRIA;12;VARESE;M;15
2024/2025;49;LIVORNO;18;PAVIA;F;15
2023/2024;78;COSENZA;60;FROSINONE;M;5
2024/2025;75;LECCE;72;BARI;M;366
2023/2024;998;PROVINCIA ESTERA;109;FERMO;F;7
2023/2024;43;MACERATA;52;SIENA;M;8
2024/2025;33;PIACENZA;33;PIACENZA;M;445
2023/2024;99;RIMINI;50;PISA;F;10
2023/2024;10;GENOVA;48;FIRENZE;F;64
2024/2025;109;FERMO;32;TRIESTE;M;8
2024/2025;17;BRESCIA;52;SIENA;F;33
2024/2025;71;FOGGIA;72;BARI;M;628
2023/2024;39;RAVENNA;15;MILANO;M;92
2023/2024;10;GENOVA;63;NAPOLI;F;9
2023/2024;999;PROVINCIA NON DEFINITA;20;MANTOVA;M;79
2023/2024;52;SIENA;28;PADOVA;M;27
2024/2025;34;PARMA;27;VENEZIA;M;16
2023/2024;102;VIBO VALENTIA;83;MESSINA;F;267
2024/2025;80;REGGIO CALABRIA;36;MODENA;F;34
2024/2025;91;NUORO;66;L'AQUILA;F;7
2024/2025;15;MILANO;12;VARESE;F;978
2024/2025;86;ENNA;90;SASSARI;F;5
2024/2025;33;PIACENZA;43;MACERATA;F;7
2023/2024;75;LECCE;36;MODENA;F;121
2024/2025;78;COSENZA;69;CHIETI;M;37
2023/2024;22;TRENTO;26;TREVISO;F;14
2024/2025;81;TRAPANI;5;ASTI;M;5
2024/2025;17;BRESCIA;58;ROMA;M;85
2024/2025;78;COSENZA;83;MESSINA;F;81
2024/2025;64;AVELLINO;23;VERONA;F;10
2023/2024;111;SUD SARDEGNA;92;CAGLIARI;M;1879
2024/2025;79;CATANZARO;58;ROMA;M;409
2023/2024;96;BIELLA;15;MILANO;M;133
2023/2024;69;CHIETI;99;RIMINI;M;8
2024/2025;103;VERBANO CUSIO OSSOLA;23;VERONA;F;12
2023/2024;39;RAVENNA;54;PERUGIA;F;16
2023/2024;34;PARMA;1;TORINO;F;21
2023/2024;999;PROVINCIA NON DEFINITA;40;FORLI'-CESENA;M;184
2024/2025;25;BELLUNO;15;MILANO;M;44
2024/2025;35;REGGIO EMILIA;23;VERONA;M;29
2024/2025;14;SONDRIO;15;MILANO;M;494
2024/2025;44;ASCOLI PICENO;18;PAVIA;M;15
2023/2024;78;COSENZA;18;PAVIA;M;28
2023/2024;27;VENEZIA;93;PORDENONE;F;37
2023/2024;69;CHIETI;72;BARI;F;9
2023/2024;12;VARESE;6;ALESSANDRIA;F;14
2023/2024;26;TREVISO;79;CATANZARO;F;5
2024/2025;73;TARANTO;23;VERONA;M;8
2024/2025;79;CATANZARO;22;TRENTO;F;14
2023/2024;76;POTENZA;35;REGGIO EMILIA;F;18
2024/2025;29;ROVIGO;24;VICENZA;M;37
2024/2025;10;GENOVA;11;LA SPEZIA;F;70
2023/2024;2;VERCELLI;5;ASTI;F;5
2023/2024;999;PROVINCIA NON DEFINITA;60;FROSINONE;F;177
2023/2024;42;ANCONA;37;BOLOGNA;F;601
2023/2024;71;FOGGIA;61;CASERTA;M;22
2023/2024;40;FORLI'-CESENA;35;REGGIO EMILIA;F;33
2024/2025;64;AVELLINO;1;TORINO;M;24
2024/2025;15;MILANO;50;PISA;M;70
2023/2024;63;NAPOLI;93;PORDENONE;M;5
2023/2024;51;AREZZO;22;TRENTO;M;10
2024/2025;103;VERBANO CUSIO OSSOLA;13;COMO;F;7
2024/2025;15;MILANO;42;ANCONA;M;22
2023/2024;13;COMO;15;MILANO;F;3149
2023/2024;15;MILANO;15;MILANO;M;18235
2024/2025;77;MATERA;73;TARANTO;M;36
2024/2025;84;AGRIGENTO;84;AGRIGENTO;F;648
2023/2024;48;FIRENZE;72;BARI;M;5
2023/2024;42;ANCONA;63;NAPOLI;M;11
2023/2024;54;PERUGIA;44;ASCOLI PICENO;F;14
2024/2025;98;LODI;41;PESARO E URBINO;M;5
2023/2024;83;MESSINA;58;ROMA;M;295
2024/2025;48;FIRENZE;36;MODENA;M;32
2023/2024;71;FOGGIA;83;MESSINA;M;6
2023/2024;26;TREVISO;27;VENEZIA;M;1862
2024/2025;64;AVELLINO;33;PIACENZA;F;5
2024/2025;999;PROVINCIA NON DEFINITA;6;ALESSANDRIA;M;42
2023/2024;998;PROVINCIA ESTERA;19;CREMONA;F;32
2024/2025;50;PISA;40;FORLI'-CESENA;M;7
2024/2025;22;TRENTO;32;TRIESTE;M;26
2023/2024;12;VARESE;23;VERONA;M;5
2024/2025;99;RIMINI;33;PIACENZA;M;6
2023/2024;55;TERNI;63;NAPOLI;F;12
2023/2024;25;BELLUNO;30;UDINE;F;212
2024/2025;23;VERONA;63;NAPOLI;F;5
2024/2025;48;FIRENZE;55;TERNI;M;5
2024/2025;8;IMPERIA;28;PADOVA;F;16
2024/2025;26;TREVISO;40;FORLI'-CESENA;F;51
2023/2024;80;REGGIO CALABRIA;36;MODENA;F;32
2023/2024;42;ANCONA;43;MACERATA;M;989
2023/2024;70;CAMPOBASSO;70;CAMPOBASSO;F;1555
2024/2025;82;PALERMO;79;CATANZARO;M;19
2023/2024;45;MASSA CARRARA;28;PADOVA;M;10
2024/2025;15;MILANO;90;SASSARI;M;21
2024/2025;18;PAVIA;50;PISA;F;13
2023/2024;20;MANTOVA;15;MILANO;M;210
2024/2025;9;SAVONA;36;MODENA;M;11
2023/2024;90;SASSARI;23;VERONA;M;15
2024/2025;90;SASSARI;92;CAGLIARI;F;831
2023/2024;52;SIENA;51;AREZZO;F;114
2024/2025;95;ORISTANO;95;ORISTANO;M;21
2023/2024;83;MESSINA;41;PESARO E URBINO;F;15
2024/2025;77;MATERA;28;PADOVA;F;53
2023/2024;75;LECCE;100;PRATO;F;6
2023/2024;11;LA SPEZIA;48;FIRENZE;M;48
2023/2024;30;UDINE;21;BOLZANO;M;8
2023/2024;39;RAVENNA;40;FORLI'-CESENA;F;480
2024/2025;103;VERBANO CUSIO OSSOLA;27;VENEZIA;M;7
2024/2025;40;FORLI'-CESENA;43;MACERATA;M;10
2024/2025;66;L'AQUILA;38;FERRARA;F;15
2023/2024;74;BRINDISI;23;VERONA;F;12
2023/2024;110;BARLETTA - ANDRIA - TRANI;43;MACERATA;M;16
2023/2024;39;RAVENNA;28;PADOVA;M;46
2024/2025;55;TERNI;40;FORLI'-CESENA;F;17
2024/2025;28;PADOVA;39;RAVENNA;F;14
2023/2024;88;RAGUSA;54;PERUGIA;F;97
2024/2025;81;TRAPANI;55;TERNI;F;10
2023/2024;66;L'AQUILA;15;MILANO;F;72
2024/2025;998;PROVINCIA ESTERA;97;LECCO;M;18
2024/2025;78;COSENZA;73;TARANTO;F;9
2023/2024;55;TERNI;57;RIETI;F;22
2023/2024;75;LECCE;94;ISERNIA;F;5
2023/2024;4;CUNEO;33;PIACENZA;F;9
2023/2024;12;VARESE;1;TORINO;F;9
2023/2024;14;SONDRIO;1;TORINO;M;19
2024/2025;73;TARANTO;49;LIVORNO;M;47
2023/2024;81;TRAPANI;10;GENOVA;F;34
2023/2024;17;BRESCIA;66;L'AQUILA;M;11
2024/2025;17;BRESCIA;3;NOVARA;M;9
2023/2024;71;FOGGIA;71;FOGGIA;M;2401
2024/2025;15;MILANO;108;MONZA E BRIANZA;F;143
2023/2024;998;PROVINCIA ESTERA;30;UDINE;M;186
2023/2024;998;PROVINCIA ESTERA;94;ISERNIA;F;5
2024/2025;108;MONZA E BRIANZA;22;TRENTO;M;7
2023/2024;92;CAGLIARI;63;NAPOLI;F;67
2023/2024;51;AREZZO;28;PADOVA;M;29
2024/2025;95;ORISTANO;15;MILANO;F;6
2024/2025;26;TREVISO;15;MILANO;M;212
2023/2024;78;COSENZA;16;BERGAMO;M;7
2023/2024;11;LA SPEZIA;33;PIACENZA;F;8
2024/2025;4;CUNEO;52;SIENA;M;7
2024/2025;96;BIELLA;1;TORINO;F;74
2023/2024;16;BERGAMO;23;VERONA;M;34
2023/2024;37;BOLOGNA;40;FORLI'-CESENA;M;633
2023/2024;85;CALTANISSETTA;18;PAVIA;F;73
2023/2024;6;ALESSANDRIA;58;ROMA;F;54
2024/2025;66;L'AQUILA;34;PARMA;F;20
2024/2025;61;CASERTA;61;CASERTA;F;5890
2024/2025;77;MATERA;79;CATANZARO;F;11
2023/2024;998;PROVINCIA ESTERA;77;MATERA;F;7
2024/2025;32;TRIESTE;18;PAVIA;F;8
2024/2025;21;BOLZANO;1;TORINO;F;35
2023/2024;17;BRESCIA;43;MACERATA;F;12
2024/2025;62;BENEVENTO;50;PISA;F;57
2023/2024;4;CUNEO;63;NAPOLI;F;6
2023/2024;23;VERONA;33;PIACENZA;M;6
2023/2024;9;SAVONA;58;ROMA;F;44
2024/2025;80;REGGIO CALABRIA;38;FERRARA;F;65
2023/2024;7;AOSTA;5;ASTI;F;6
2024/2025;34;PARMA;34;PARMA;M;3799
2024/2025;94;ISERNIA;70;CAMPOBASSO;M;174
2023/2024;21;BOLZANO;48;FIRENZE;F;69
2023/2024;76;POTENZA;73;TARANTO;F;5
2023/2024;3;NOVARA;6;ALESSANDRIA;M;269
2023/2024;88;RAGUSA;38;FERRARA;M;115
2024/2025;71;FOGGIA;94;ISERNIA;F;18
2023/2024;68;PESCARA;68;PESCARA;M;886
2023/2024;72;BARI;16;BERGAMO;F;13
2023/2024;58;ROMA;72;BARI;F;25
2024/2025;82;PALERMO;85;CALTANISSETTA;M;101
2024/2025;42;ANCONA;40;FORLI'-CESENA;M;78
2024/2025;85;CALTANISSETTA;57;RIETI;M;7
2023/2024;66;L'AQUILA;38;FERRARA;F;13
2024/2025;30;UDINE;1;TORINO;F;35
2023/2024;38;FERRARA;35;REGGIO EMILIA;F;60
2023/2024;110;BARLETTA - ANDRIA - TRANI;39;RAVENNA;F;9
2024/2025;93;PORDENONE;15;MILANO;F;43
2023/2024;31;GORIZIA;93;PORDENONE;M;7
2024/2025;13;COMO;15;MILANO;F;3135
2024/2025;74;BRINDISI;34;PARMA;F;87
2024/2025;66;L'AQUILA;15;MILANO;F;67
2024/2025;26;TREVISO;58;ROMA;F;205
2023/2024;999;PROVINCIA NON DEFINITA;10;GENOVA;F;21
2023/2024;40;FORLI'-CESENA;99;RIMINI;M;270
2024/2025;68;PESCARA;63;NAPOLI;F;22
2024/2025;2;VERCELLI;27;VENEZIA;F;13
2024/2025;3;NOVARA;23;VERONA;F;11
2023/2024;30;UDINE;1;TORINO;M;61
2023/2024;11;LA SPEZIA;51;AREZZO;F;5
2024/2025;84;AGRIGENTO;57;RIETI;M;19
2023/2024;74;BRINDISI;73;TARANTO;F;6
2023/2024;86;ENNA;22;TRENTO;M;8
2024/2025;43;MACERATA;37;BOLOGNA;F;281
2024/2025;87;CATANIA;41;PESARO E URBINO;M;14
2023/2024;24;VICENZA;35;REGGIO EMILIA;F;18
2023/2024;36;MODENA;10;GENOVA;M;7
2024/2025;71;FOGGIA;23;VERONA;M;12
2024/2025;61;CASERTA;38;FERRARA;F;21
2023/2024;65;SALERNO;68;PESCARA;M;23
2024/2025;999;PROVINCIA NON DEFINITA;15;MILANO;M;4446
2023/2024;19;CREMONA;98;LODI;F;29
2024/2025;72;BARI;27;VENEZIA;F;65
2023/2024;72;BARI;71;FOGGIA;F;568
2024/2025;998;PROVINCIA ESTERA;3;NOVARA;F;422
2023/2024;9;SAVONA;40;FORLI'-CESENA;F;10
2024/2025;29;ROVIGO;35;REGGIO EMILIA;F;8
2024/2025;38;FERRARA;50;PISA;M;13
2024/2025;44;ASCOLI PICENO;99;RIMINI;F;7
2023/2024;68;PESCARA;15;MILANO;F;100
2023/2024;43;MACERATA;44;ASCOLI PICENO;F;158
2023/2024;61;CASERTA;64;AVELLINO;M;32
2023/2024;10;GENOVA;66;L'AQUILA;F;10
2024/2025;58;ROMA;52;SIENA;M;62
2024/2025;88;RAGUSA;57;RIETI;F;6
2023/2024;17;BRESCIA;36;MODENA;F;22
2024/2025;79;CATANZARO;79;CATANZARO;M;1713
2023/2024;36;MODENA;1;TORINO;F;19
2023/2024;19;CREMONA;32;TRIESTE;F;8
2024/2025;24;VICENZA;36;MODENA;M;36
2023/2024;15;MILANO;50;PISA;F;80
2024/2025;58;ROMA;41;PESARO E URBINO;M;46
2023/2024;5;ASTI;32;TRIESTE;F;6
2023/2024;2;VERCELLI;34;PARMA;M;7
2024/2025;97;LECCO;16;BERGAMO;F;719
2024/2025;4;CUNEO;48;FIRENZE;F;34
2024/2025;85;CALTANISSETTA;90;SASSARI;F;6
2024/2025;41;PESARO E URBINO;40;FORLI'-CESENA;F;185
2023/2024;14;SONDRIO;23;VERONA;F;17
2024/2025;75;LECCE;15;MILANO;F;151
2024/2025;24;VICENZA;18;PAVIA;M;7
2023/2024;52;SIENA;1;TORINO;F;13
2023/2024;49;LIVORNO;58;ROMA;M;51
2024/2025;999;PROVINCIA NON DEFINITA;27;VENEZIA;F;85
2024/2025;5;ASTI;10;GENOVA;M;40
2024/2025;36;MODENA;50;PISA;F;30
2024/2025;60;FROSINONE;15;MILANO;F;38
2023/2024;89;SIRACUSA;18;PAVIA;F;60
2023/2024;998;PROVINCIA ESTERA;28;PADOVA;M;2260
2023/2024;999;PROVINCIA NON DEFINITA;18;PAVIA;M;86
2023/2024;35;REGGIO EMILIA;63;NAPOLI;F;10
2024/2025;89;SIRACUSA;85;CALTANISSETTA;F;5
2024/2025;74;BRINDISI;72;BARI;F;1119
2023/2024;16;BERGAMO;39;RAVENNA;M;8
2024/2025;998;PROVINCIA ESTERA;22;TRENTO;M;361
2023/2024;55;TERNI;16;BERGAMO;F;5
2024/2025;61;CASERTA;32;TRIESTE;F;9
2023/2024;96;BIELLA;37;BOLOGNA;F;35
2024/2025;101;CROTONE;35;REGGIO EMILIA;M;6
2024/2025;76;POTENZA;22;TRENTO;M;13
2023/2024;71;FOGGIA;32;TRIESTE;F;19
2024/2025;73;TARANTO;67;TERAMO;M;8
2024/2025;999;PROVINCIA NON DEFINITA;101;CROTONE;F;7
2023/2024;13;COMO;48;FIRENZE;M;13
2024/2025;50;PISA;46;LUCCA;M;8
2023/2024;62;BENEVENTO;52;SIENA;F;90
2024/2025;87;CATANIA;85;CALTANISSETTA;F;10
2024/2025;38;FERRARA;1;TORINO;F;6
2024/2025;72;BARI;28;PADOVA;M;113
2023/2024;15;MILANO;85;CALTANISSETTA;F;5
2024/2025;41;PESARO E URBINO;35;REGGIO EMILIA;F;7
2023/2024;58;ROMA;30;UDINE;M;17
2023/2024;34;PARMA;41;PESARO E URBINO;F;8
2023/2024;74;BRINDISI;61;CASERTA;F;11
2023/2024;71;FOGGIA;77;MATERA;F;11
2023/2024;63;NAPOLI;99;RIMINI;M;13
2023/2024;84;AGRIGENTO;30;UDINE;F;8
2024/2025;53;GROSSETO;10;GENOVA;F;6
2023/2024;75;LECCE;39;RAVENNA;M;11
2023/2024;58;ROMA;87;CATANIA;F;17
2024/2025;15;MILANO;23;VERONA;M;15
2023/2024;72;BARI;34;PARMA;F;93
2023/2024;72;BARI;83;MESSINA;M;6
2024/2025;999;PROVINCIA NON DEFINITA;60;FROSINONE;F;219
2024/2025;1;TORINO;11;LA SPEZIA;M;8
2024/2025;16;BERGAMO;48;FIRENZE;M;36
2024/2025;87;CATANIA;42;ANCONA;M;5
2024/2025;999;PROVINCIA NON DEFINITA;49;LIVORNO;M;12
2023/2024;26;TREVISO;15;MILANO;M;229
2024/2025;998;PROVINCIA ESTERA;12;VARESE;F;192
2024/2025;58;ROMA;17;BRESCIA;F;30
2023/2024;90;SASSARI;1;TORINO;F;160
2023/2024;65;SALERNO;51;AREZZO;F;16
2024/2025;4;CUNEO;34;PARMA;F;41
2023/2024;55;TERNI;42;ANCONA;F;7
2023/2024;15;MILANO;58;ROMA;F;351
2024/2025;10;GENOVA;34;PARMA;M;28
2023/2024;85;CALTANISSETTA;52;SIENA;M;28
2023/2024;87;CATANIA;73;TARANTO;M;11
2023/2024;70;CAMPOBASSO;68;PESCARA;M;167
2023/2024;19;CREMONA;108;MONZA E BRIANZA;M;9
2023/2024;84;AGRIGENTO;22;TRENTO;M;5
2024/2025;76;POTENZA;62;BENEVENTO;F;6
2024/2025;85;CALTANISSETTA;50;PISA;F;67
2024/2025;6;ALESSANDRIA;32;TRIESTE;F;7
2024/2025;48;FIRENZE;23;VERONA;F;22
2023/2024;27;VENEZIA;26;TREVISO;F;407
2023/2024;7;AOSTA;40;FORLI'-CESENA;F;5
2024/2025;69;CHIETI;52;SIENA;M;11
2023/2024;58;ROMA;16;BERGAMO;M;62
2024/2025;93;PORDENONE;66;L'AQUILA;F;5
2024/2025;998;PROVINCIA ESTERA;99;RIMINI;F;424
2024/2025;73;TARANTO;15;MILANO;F;50
2023/2024;17;BRESCIA;83;MESSINA;M;6
2024/2025;10;GENOVA;1;TORINO;F;41
2023/2024;88;RAGUSA;28;PADOVA;M;46
2024/2025;72;BARI;71;FOGGIA;F;551
2023/2024;74;BRINDISI;38;FERRARA;M;82
2024/2025;79;CATANZARO;58;ROMA;F;633
2023/2024;28;PADOVA;93;PORDENONE;M;6
2023/2024;80;REGGIO CALABRIA;1;TORINO;M;98
2024/2025;998;PROVINCIA ESTERA;61;CASERTA;F;169
2024/2025;58;ROMA;34;PARMA;F;87
2024/2025;102;VIBO VALENTIA;38;FERRARA;F;28
2023/2024;26;TREVISO;58;ROMA;M;99
2023/2024;63;NAPOLI;32;TRIESTE;M;60
2023/2024;63;NAPOLI;49;LIVORNO;F;5
2024/2025;41;PESARO E URBINO;18;PAVIA;M;18
2024/2025;28;PADOVA;50;PISA;M;29
2023/2024;101;CROTONE;37;BOLOGNA;F;108
2023/2024;87;CATANIA;30;UDINE;M;6
2024/2025;71;FOGGIA;72;BARI;F;240
2023/2024;55;TERNI;56;VITERBO;F;228
2024/2025;62;BENEVENTO;22;TRENTO;F;5
2024/2025;40;FORLI'-CESENA;38;FERRARA;M;94
2023/2024;998;PROVINCIA ESTERA;3;NOVARA;F;362
2023/2024;51;AREZZO;37;BOLOGNA;F;313
2023/2024;1;TORINO;92;CAGLIARI;M;9
2023/2024;8;IMPERIA;1;TORINO;F;67
2024/2025;90;SASSARI;72;BARI;M;6
2024/2025;61;CASERTA;69;CHIETI;F;69
2023/2024;83;MESSINA;18;PAVIA;M;37
2024/2025;102;VIBO VALENTIA;78;COSENZA;M;785
2024/2025;999;PROVINCIA NON DEFINITA;50;PISA;F;247
2023/2024;60;FROSINONE;55;TERNI;F;12
2024/2025;999;PROVINCIA NON DEFINITA;20;MANTOVA;M;73
2023/2024;30;UDINE;50;PISA;F;39
2024/2025;16;BERGAMO;10;GENOVA;F;52
2023/2024;75;LECCE;5;ASTI;M;5
2023/2024;67;TERAMO;36;MODENA;F;22
2023/2024;999;PROVINCIA NON DEFINITA;89;SIRACUSA;F;26
2023/2024;99;RIMINI;39;RAVENNA;M;67
2023/2024;69;CHIETI;1;TORINO;M;44
2023/2024;64;AVELLINO;63;NAPOLI;M;918
2024/2025;32;TRIESTE;38;FERRARA;M;8
2024/2025;998;PROVINCIA ESTERA;78;COSENZA;F;385
2023/2024;999;PROVINCIA NON DEFINITA;57;RIETI;F;68
2024/2025;18;PAVIA;37;BOLOGNA;M;34
2023/2024;16;BERGAMO;15;MILANO;F;688
2024/2025;18;PAVIA;92;CAGLIARI;F;5
2024/2025;68;PESCARA;39;RAVENNA;F;21
2024/2025;55;TERNI;39;RAVENNA;F;8
2023/2024;80;REGGIO CALABRIA;72;BARI;F;23
2023/2024;73;TARANTO;44;ASCOLI PICENO;F;10
2024/2025;56;VITERBO;21;BOLZANO;F;5
2024/2025;31;GORIZIA;48;FIRENZE;F;9
2024/2025;67;TERAMO;1;TORINO;M;37
2024/2025;17;BRESCIA;69;CHIETI;M;6
2024/2025;42;ANCONA;15;MILANO;F;64
2024/2025;29;ROVIGO;26;TREVISO;M;5
2024/2025;98;LODI;98;LODI;M;25
2024/2025;60;FROSINONE;65;SALERNO;M;5
2024/2025;49;LIVORNO;58;ROMA;F;126
2023/2024;25;BELLUNO;29;ROVIGO;F;19
2023/2024;64;AVELLINO;12;VARESE;M;8
2024/2025;1;TORINO;72;BARI;F;5
2023/2024;71;FOGGIA;71;FOGGIA;F;4311
2023/2024;20;MANTOVA;34;PARMA;M;510
2023/2024;26;TREVISO;50;PISA;M;35
2024/2025;15;MILANO;67;TERAMO;M;8
2023/2024;998;PROVINCIA ESTERA;99;RIMINI;F;380
2024/2025;88;RAGUSA;78;COSENZA;F;5
2024/2025;31;GORIZIA;31;GORIZIA;M;88
2024/2025;43;MACERATA;40;FORLI'-CESENA;M;49
2024/2025;48;FIRENZE;32;TRIESTE;F;12
2024/2025;10;GENOVA;9;SAVONA;M;264
2024/2025;60;FROSINONE;28;PADOVA;M;23
2024/2025;57;RIETI;43;MACERATA;M;7
2023/2024;99;RIMINI;69;CHIETI;F;14
2024/2025;53;GROSSETO;1;TORINO;F;39
2024/2025;82;PALERMO;16;BERGAMO;F;15
2023/2024;69;CHIETI;34;PARMA;F;138
2023/2024;6;ALESSANDRIA;48;FIRENZE;F;15
2023/2024;22;TRENTO;39;RAVENNA;F;11
2024/2025;999;PROVINCIA NON DEFINITA;4;CUNEO;F;335
2024/2025;55;TERNI;37;BOLOGNA;M;100
2024/2025;78;COSENZA;1;TORINO;M;73
2024/2025;28;PADOVA;17;BRESCIA;F;19
2024/2025;85;CALTANISSETTA;12;VARESE;F;9
2024/2025;11;LA SPEZIA;34;PARMA;M;134
2024/2025;82;PALERMO;10;GENOVA;F;19
2024/2025;45;MASSA CARRARA;27;VENEZIA;M;5
2024/2025;35;REGGIO EMILIA;34;PARMA;M;1017
2024/2025;40;FORLI'-CESENA;1;TORINO;F;38
2023/2024;25;BELLUNO;30;UDINE;M;152
2023/2024;44;ASCOLI PICENO;18;PAVIA;F;12
2024/2025;83;MESSINA;63;NAPOLI;F;41
2023/2024;93;PORDENONE;32;TRIESTE;F;643
2024/2025;4;CUNEO;23;VERONA;F;15
2023/2024;999;PROVINCIA NON DEFINITA;33;PIACENZA;F;22
2023/2024;70;CAMPOBASSO;62;BENEVENTO;M;37
2023/2024;77;MATERA;22;TRENTO;M;15
2024/2025;108;MONZA E BRIANZA;19;CREMONA;F;31
2024/2025;7;AOSTA;10;GENOVA;M;9
2024/2025;82;PALERMO;33;PIACENZA;F;5
2024/2025;88;RAGUSA;1;TORINO;M;179
2024/2025;74;BRINDISI;27;VENEZIA;M;7
2024/2025;6;ALESSANDRIA;54;PERUGIA;F;11
2024/2025;74;BRINDISI;1;TORINO;M;124
2024/2025;26;TREVISO;32;TRIESTE;F;742
2024/2025;63;NAPOLI;52;SIENA;M;41
2023/2024;57;RIETI;15;MILANO;M;15
2023/2024;93;PORDENONE;15;MILANO;F;122
2024/2025;24;VICENZA;99;RIMINI;F;12
2024/2025;84;AGRIGENTO;23;VERONA;M;17
2023/2024;3;NOVARA;23;VERONA;F;10
2024/2025;58;ROMA;44;ASCOLI PICENO;F;17
2024/2025;73;TARANTO;59;LATINA;F;11
2024/2025;73;TARANTO;44;ASCOLI PICENO;F;11
2023/2024;16;BERGAMO;36;MODENA;M;28
2023/2024;41;PESARO E URBINO;1;TORINO;M;21
2023/2024;70;CAMPOBASSO;60;FROSINONE;M;19
2024/2025;31;GORIZIA;52;SIENA;F;7
2023/2024;20;MANTOVA;40;FORLI'-CESENA;F;37
2024/2025;42;ANCONA;18;PAVIA;M;18
2024/2025;4;CUNEO;15;MILANO;M;19
2024/2025;65;SALERNO;70;CAMPOBASSO;F;58
2023/2024;3;NOVARA;38;FERRARA;F;13
2023/2024;47;PISTOIA;51;AREZZO;F;10
2023/2024;80;REGGIO CALABRIA;66;L'AQUILA;F;24
2023/2024;59;LATINA;33;PIACENZA;M;7
2023/2024;15;MILANO;34;PARMA;F;177
2023/2024;80;REGGIO CALABRIA;34;PARMA;F;65
2023/2024;68;PESCARA;40;FORLI'-CESENA;M;35
2024/2025;64;AVELLINO;94;ISERNIA;F;7
2024/2025;50;PISA;90;SASSARI;F;5
2023/2024;85;CALTANISSETTA;27;VENEZIA;M;8
2024/2025;22;TRENTO;36;MODENA;M;48
2023/2024;14;SONDRIO;34;PARMA;F;24
2024/2025;82;PALERMO;54;PERUGIA;F;38
2023/2024;998;PROVINCIA ESTERA;33;PIACENZA;M;108
2024/2025;48;FIRENZE;46;LUCCA;F;9
2023/2024;72;BARI;70;CAMPOBASSO;M;25
2023/2024;75;LECCE;49;LIVORNO;M;9
2024/2025;38;FERRARA;41;PESARO E URBINO;F;20
2023/2024;40;FORLI'-CESENA;36;MODENA;F;34
2024/2025;28;PADOVA;56;VITERBO;M;5
2023/2024;62;BENEVENTO;1;TORINO;F;49
2023/2024;43;MACERATA;109;FERMO;M;71
2023/2024;88;RAGUSA;29;ROVIGO;M;6
2023/2024;42;ANCONA;58;ROMA;F;393
2023/2024;108;MONZA E BRIANZA;10;GENOVA;M;22
2024/2025;42;ANCONA;32;TRIESTE;M;10
2023/2024;49;LIVORNO;15;MILANO;M;25
2024/2025;18;PAVIA;69;CHIETI;F;5
2023/2024;18;PAVIA;52;SIENA;M;8
2024/2025;73;TARANTO;72;BARI;F;205
2024/2025;19;CREMONA;50;PISA;F;20
2023/2024;70;CAMPOBASSO;50;PISA;M;82
2024/2025;12;VARESE;17;BRESCIA;M;6
2023/2024;98;LODI;48;FIRENZE;M;5
2024/2025;16;BERGAMO;43;MACERATA;F;12
2023/2024;51;AREZZO;23;VERONA;F;11
2023/2024;8;IMPERIA;54;PERUGIA;M;5
2024/2025;110;BARLETTA - ANDRIA - TRANI;1;TORINO;M;73
2024/2025;55;TERNI;58;ROMA;F;1108
2024/2025;48;FIRENZE;50;PISA;M;845
2023/2024;67;TERAMO;54;PERUGIA;F;48
2024/2025;88;RAGUSA;89;SIRACUSA;F;145
2023/2024;89;SIRACUSA;1;TORINO;F;173
2024/2025;51;AREZZO;69;CHIETI;F;6
2024/2025;53;GROSSETO;63;NAPOLI;M;11
2023/2024;85;CALTANISSETTA;1;TORINO;M;73
2024/2025;10;GENOVA;48;FIRENZE;M;26
2024/2025;76;POTENZA;63;NAPOLI;M;259
2023/2024;77;MATERA;1;TORINO;F;111
2024/2025;79;CATANZARO;79;CATANZARO;F;3154
2024/2025;3;NOVARA;33;PIACENZA;F;8
2023/2024;25;BELLUNO;22;TRENTO;F;256
2024/2025;11;LA SPEZIA;51;AREZZO;F;5
2024/2025;34;PARMA;17;BRESCIA;M;8
2023/2024;37;BOLOGNA;72;BARI;F;5
2024/2025;92;CAGLIARI;41;PESARO E URBINO;M;5
2023/2024;34;PARMA;10;GENOVA;M;15
2024/2025;109;FERMO;41;PESARO E URBINO;M;150
2023/2024;4;CUNEO;40;FORLI'-CESENA;M;5
2023/2024;86;ENNA;83;MESSINA;F;195
2024/2025;65;SALERNO;18;PAVIA;M;51
2024/2025;58;ROMA;42;ANCONA;F;37
2024/2025;38;FERRARA;32;TRIESTE;F;24
2024/2025;80;REGGIO CALABRIA;69;CHIETI;F;23
2024/2025;15;MILANO;44;ASCOLI PICENO;F;6
2023/2024;39;RAVENNA;34;PARMA;F;59
2024/2025;39;RAVENNA;36;MODENA;M;30
2023/2024;42;ANCONA;50;PISA;F;27
2023/2024;58;ROMA;19;CREMONA;M;10
2023/2024;67;TERAMO;55;TERNI;F;5
2024/2025;53;GROSSETO;22;TRENTO;M;6
2024/2025;71;FOGGIA;50;PISA;M;72
2024/2025;36;MODENA;99;RIMINI;M;21
2024/2025;71;FOGGIA;34;PARMA;F;198
2024/2025;109;FERMO;28;PADOVA;F;88
2024/2025;90;SASSARI;90;SASSARI;F;4676
2024/2025;83;MESSINA;36;MODENA;M;37
2023/2024;99;RIMINI;23;VERONA;M;10
2023/2024;20;MANTOVA;10;GENOVA;F;11
2023/2024;32;TRIESTE;27;VENEZIA;F;206
2024/2025;49;LIVORNO;23;VERONA;F;6
2023/2024;35;REGGIO EMILIA;1;TORINO;M;18
2024/2025;110;BARLETTA - ANDRIA - TRANI;34;PARMA;F;37
2024/2025;22;TRENTO;66;L'AQUILA;F;5
2024/2025;63;NAPOLI;79;CATANZARO;M;44
2023/2024;23;VERONA;37;BOLOGNA;M;299
2023/2024;46;LUCCA;36;MODENA;F;6
2023/2024;102;VIBO VALENTIA;78;COSENZA;M;746
2024/2025;70;CAMPOBASSO;15;MILANO;F;26
2024/2025;100;PRATO;22;TRENTO;F;10
2023/2024;48;FIRENZE;58;ROMA;M;206
2023/2024;36;MODENA;37;BOLOGNA;M;1488
2024/2025;65;SALERNO;56;VITERBO;F;20
2023/2024;17;BRESCIA;32;TRIESTE;F;49
2023/2024;31;GORIZIA;38;FERRARA;M;8
2024/2025;64;AVELLINO;76;POTENZA;F;19
2024/2025;93;PORDENONE;34;PARMA;F;19
2024/2025;78;COSENZA;34;PARMA;F;87
2024/2025;998;PROVINCIA ESTERA;34;PARMA;F;880
2024/2025;76;POTENZA;18;PAVIA;F;38
2023/2024;76;POTENZA;19;CREMONA;M;5
2024/2025;93;PORDENONE;22;TRENTO;F;83
2023/2024;60;FROSINONE;60;FROSINONE;M;1667
2024/2025;8;IMPERIA;52;SIENA;M;7
2023/2024;81;TRAPANI;28;PADOVA;F;55
2024/2025;11;LA SPEZIA;11;LA SPEZIA;M;323
2024/2025;90;SASSARI;63;NAPOLI;M;14
2023/2024;61;CASERTA;48;FIRENZE;M;164
2024/2025;61;CASERTA;82;PALERMO;M;5
2023/2024;26;TREVISO;23;VERONA;F;262
2023/2024;26;TREVISO;1;TORINO;F;108
2024/2025;109;FERMO;15;MILANO;F;82
2023/2024;57;RIETI;66;L'AQUILA;M;297
2023/2024;38;FERRARA;41;PESARO E URBINO;F;20
2023/2024;51;AREZZO;38;FERRARA;F;28
2024/2025;42;ANCONA;58;ROMA;F;408
2024/2025;65;SALERNO;26;TREVISO;M;8
2023/2024;27;VENEZIA;18;PAVIA;F;23
2024/2025;54;PERUGIA;41;PESARO E URBINO;M;50
2023/2024;27;VENEZIA;27;VENEZIA;F;2778
2023/2024;46;LUCCA;37;BOLOGNA;F;107
2023/2024;7;AOSTA;18;PAVIA;M;24
2024/2025;44;ASCOLI PICENO;1;TORINO;M;22
2024/2025;81;TRAPANI;84;AGRIGENTO;M;9
2024/2025;78;COSENZA;78;COSENZA;F;7419
2023/2024;29;ROVIGO;29;ROVIGO;F;286
2023/2024;27;VENEZIA;42;ANCONA;M;5
2024/2025;99;RIMINI;52;SIENA;F;7
2024/2025;28;PADOVA;22;TRENTO;F;167
2024/2025;75;LECCE;40;FORLI'-CESENA;F;56
2024/2025;10;GENOVA;38;FERRARA;F;11
2023/2024;102;VIBO VALENTIA;34;PARMA;M;19
2024/2025;78;COSENZA;10;GENOVA;M;13
2024/2025;62;BENEVENTO;64;AVELLINO;M;16
2024/2025;34;PARMA;63;NAPOLI;M;13
2024/2025;999;PROVINCIA NON DEFINITA;63;NAPOLI;M;2185
2023/2024;87;CATANIA;50;PISA;F;85
2023/2024;61;CASERTA;72;BARI;M;14
2024/2025;20;MANTOVA;35;REGGIO EMILIA;F;289
2023/2024;12;VARESE;13;COMO;M;160
2024/2025;11;LA SPEZIA;48;FIRENZE;M;57
2024/2025;19;CREMONA;17;BRESCIA;M;513
2023/2024;3;NOVARA;16;BERGAMO;F;7
2023/2024;21;BOLZANO;34;PARMA;F;33
2023/2024;39;RAVENNA;23;VERONA;F;25
2023/2024;38;FERRARA;66;L'AQUILA;M;5
2024/2025;63;NAPOLI;59;LATINA;M;75
2023/2024;65;SALERNO;35;REGGIO EMILIA;M;18
2024/2025;61;CASERTA;73;TARANTO;M;5
2024/2025;36;MODENA;32;TRIESTE;F;13
2024/2025;79;CATANZARO;69;CHIETI;M;8
2023/2024;65;SALERNO;61;CASERTA;M;161
2023/2024;83;MESSINA;52;SIENA;F;49
2024/2025;82;PALERMO;57;RIETI;F;23
2024/2025;61;CASERTA;30;UDINE;M;7
2024/2025;96;BIELLA;15;MILANO;M;28
2024/2025;81;TRAPANI;85;CALTANISSETTA;F;35
2023/2024;43;MACERATA;33;PIACENZA;F;5
2024/2025;36;MODENA;67;TERAMO;F;5
2023/2024;24;VICENZA;63;NAPOLI;M;6
2023/2024;77;MATERA;10;GENOVA;F;7
2024/2025;12;VARESE;19;CREMONA;M;14
2023/2024;77;MATERA;34;PARMA;M;93
2023/2024;99;RIMINI;50;PISA;M;19
2024/2025;20;MANTOVA;54;PERUGIA;F;12
2024/2025;45;MASSA CARRARA;10;GENOVA;F;77
2024/2025;58;ROMA;39;RAVENNA;M;8
2023/2024;48;FIRENZE;100;PRATO;F;172
2023/2024;44;ASCOLI PICENO;43;MACERATA;F;824
2023/2024;73;TARANTO;73;TARANTO;M;176
2024/2025;32;TRIESTE;15;MILANO;F;22
2024/2025;30;UDINE;19;CREMONA;M;5
2023/2024;87;CATANIA;28;PADOVA;F;110
2023/2024;37;BOLOGNA;1;TORINO;M;30
2023/2024;63;NAPOLI;5;ASTI;F;8
2024/2025;17;BRESCIA;1;TORINO;M;33
2023/2024;66;L'AQUILA;36;MODENA;F;7
2024/2025;62;BENEVENTO;32;TRIESTE;F;7
2024/2025;12;VARESE;66;L'AQUILA;M;8
2024/2025;30;UDINE;30;UDINE;M;2783
2023/2024;70;CAMPOBASSO;15;MILANO;M;91
2024/2025;56;VITERBO;15;MILANO;F;47
2024/2025;108;MONZA E BRIANZA;108;MONZA E BRIANZA;F;255
2023/2024;58;ROMA;50;PISA;F;196
2023/2024;95;ORISTANO;48;FIRENZE;M;20
2024/2025;89;SIRACUSA;15;MILANO;M;50
2023/2024;56;VITERBO;48;FIRENZE;F;76
2023/2024;5;ASTI;6;ALESSANDRIA;F;166
2024/2025;43;MACERATA;41;PESARO E URBINO;M;183
2024/2025;93;PORDENONE;50;PISA;F;9
2024/2025;44;ASCOLI PICENO;48;FIRENZE;F;60
2023/2024;83;MESSINA;86;ENNA;F;93
2023/2024;89;SIRACUSA;90;SASSARI;M;5
2024/2025;99;RIMINI;36;MODENA;M;51
2023/2024;89;SIRACUSA;12;VARESE;M;11
2023/2024;53;GROSSETO;1;TORINO;F;44
2023/2024;63;NAPOLI;72;BARI;F;50
2023/2024;40;FORLI'-CESENA;42;ANCONA;F;43
2023/2024;80;REGGIO CALABRIA;89;SIRACUSA;M;6
2024/2025;75;LECCE;70;CAMPOBASSO;F;35
2024/2025;15;MILANO;39;RAVENNA;M;7
2023/2024;78;COSENZA;28;PADOVA;F;50
2024/2025;91;NUORO;95;ORISTANO;F;8
2023/2024;88;RAGUSA;27;VENEZIA;F;30
2023/2024;84;AGRIGENTO;41;PESARO E URBINO;M;11
2024/2025;12;VARESE;43;MACERATA;M;5
2023/2024;38;FERRARA;28;PADOVA;M;135
2024/2025;51;AREZZO;54;PERUGIA;F;900
2024/2025;83;MESSINA;48;FIRENZE;F;68
2023/2024;20;MANTOVA;17;BRESCIA;F;326
2024/2025;999;PROVINCIA NON DEFINITA;84;AGRIGENTO;F;34
2023/2024;17;BRESCIA;71;FOGGIA;F;5
2023/2024;63;NAPOLI;71;FOGGIA;F;59
2023/2024;58;ROMA;40;FORLI'-CESENA;F;66
2023/2024;44;ASCOLI PICENO;15;MILANO;F;152
2024/2025;70;CAMPOBASSO;50;PISA;M;70
2023/2024;998;PROVINCIA ESTERA;19;CREMONA;M;16
2023/2024;81;TRAPANI;72;BARI;F;11
2024/2025;8;IMPERIA;28;PADOVA;M;10
2024/2025;18;PAVIA;1;TORINO;F;97
2023/2024;16;BERGAMO;108;MONZA E BRIANZA;M;45
2024/2025;65;SALERNO;61;CASERTA;F;460
2023/2024;42;ANCONA;43;MACERATA;F;1895
2023/2024;37;BOLOGNA;40;FORLI'-CESENA;F;939
2023/2024;999;PROVINCIA NON DEFINITA;71;FOGGIA;M;721
2024/2025;68;PESCARA;56;VITERBO;F;5
2024/2025;99;RIMINI;69;CHIETI;F;12
2024/2025;87;CATANIA;15;MILANO;M;332
2024/2025;62;BENEVENTO;65;SALERNO;M;253
2023/2024;20;MANTOVA;15;MILANO;F;92
2023/2024;46;LUCCA;15;MILANO;M;57
2023/2024;43;MACERATA;41;PESARO E URBINO;F;336
2023/2024;90;SASSARI;28;PADOVA;F;102
2023/2024;37;BOLOGNA;63;NAPOLI;F;15
2024/2025;75;LECCE;58;ROMA;F;1052
2023/2024;79;CATANZARO;52;SIENA;M;15
2024/2025;81;TRAPANI;1;TORINO;F;55
2024/2025;61;CASERTA;70;CAMPOBASSO;M;89
2023/2024;36;MODENA;54;PERUGIA;F;28
2023/2024;67;TERAMO;58;ROMA;F;454
2023/2024;58;ROMA;15;MILANO;M;639
2024/2025;69;CHIETI;68;PESCARA;F;954
2023/2024;50;PISA;48;FIRENZE;M;373
2024/2025;32;TRIESTE;1;TORINO;M;28
2024/2025;22;TRENTO;63;NAPOLI;F;8
2024/2025;59;LATINA;56;VITERBO;M;81
2023/2024;36;MODENA;39;RAVENNA;M;12
2024/2025;37;BOLOGNA;18;PAVIA;F;19
2023/2024;50;PISA;1;TORINO;F;14
2024/2025;20;MANTOVA;27;VENEZIA;F;81
2023/2024;50;PISA;10;GENOVA;M;8
2023/2024;88;RAGUSA;83;MESSINA;F;296
2023/2024;96;BIELLA;34;PARMA;F;12
2024/2025;63;NAPOLI;71;FOGGIA;M;41
2024/2025;8;IMPERIA;1;TORINO;F;406
2024/2025;18;PAVIA;6;ALESSANDRIA;F;59
2023/2024;81;TRAPANI;1;TORINO;M;187
2023/2024;66;L'AQUILA;66;L'AQUILA;F;2697
2024/2025;33;PIACENZA;48;FIRENZE;F;14
2023/2024;65;SALERNO;68;PESCARA;F;23
2024/2025;16;BERGAMO;1;TORINO;F;146
2024/2025;53;GROSSETO;28;PADOVA;M;13
2024/2025;29;ROVIGO;54;PERUGIA;F;6
2023/2024;38;FERRARA;36;MODENA;F;104
2024/2025;12;VARESE;13;COMO;F;319
2023/2024;16;BERGAMO;37;BOLOGNA;M;116
2023/2024;1;TORINO;27;VENEZIA;F;129
2024/2025;65;SALERNO;27;VENEZIA;M;20
2023/2024;26;TREVISO;34;PARMA;F;54
2024/2025;20;MANTOVA;23;VERONA;F;824
2023/2024;71;FOGGIA;16;BERGAMO;M;9
2024/2025;33;PIACENZA;36;MODENA;M;22
2023/2024;68;PESCARA;32;TRIESTE;M;10
2024/2025;75;LECCE;72;BARI;F;83
2023/2024;67;TERAMO;27;VENEZIA;F;30
2024/2025;32;TRIESTE;37;BOLOGNA;F;49
2024/2025;38;FERRARA;34;PARMA;M;24
2023/2024;38;FERRARA;63;NAPOLI;F;7
2024/2025;102;VIBO VALENTIA;1;TORINO;F;19
2024/2025;19;CREMONA;20;MANTOVA;F;9
2023/2024;999;PROVINCIA NON DEFINITA;39;RAVENNA;F;156
2023/2024;103;VERBANO CUSIO OSSOLA;34;PARMA;F;22
2024/2025;93;PORDENONE;99;RIMINI;F;7
2024/2025;48;FIRENZE;58;ROMA;F;328
2024/2025;61;CASERTA;41;PESARO E URBINO;F;22
2023/2024;21;BOLZANO;48;FIRENZE;M;56
2023/2024;9;SAVONA;18;PAVIA;M;55
2023/2024;38;FERRARA;15;MILANO;M;57
2023/2024;14;SONDRIO;54;PERUGIA;F;11
2024/2025;37;BOLOGNA;100;PRATO;F;9
2024/2025;11;LA SPEZIA;37;BOLOGNA;F;73
2024/2025;83;MESSINA;1;TORINO;F;142
2024/2025;56;VITERBO;66;L'AQUILA;F;41
2023/2024;67;TERAMO;67;TERAMO;F;907
2024/2025;32;TRIESTE;66;L'AQUILA;F;5
2024/2025;73;TARANTO;56;VITERBO;M;28
2024/2025;35;REGGIO EMILIA;92;CAGLIARI;F;6
2024/2025;67;TERAMO;36;MODENA;M;53
2024/2025;999;PROVINCIA NON DEFINITA;87;CATANIA;M;1355
2023/2024;1;TORINO;6;ALESSANDRIA;M;87
2023/2024;41;PESARO E URBINO;35;REGGIO EMILIA;F;11
2024/2025;61;CASERTA;68;PESCARA;M;6
2023/2024;70;CAMPOBASSO;99;RIMINI;F;9
2023/2024;63;NAPOLI;19;CREMONA;M;7
2023/2024;84;AGRIGENTO;12;VARESE;F;10
2023/2024;998;PROVINCIA ESTERA;55;TERNI;M;31
2024/2025;36;MODENA;1;TORINO;F;27
2023/2024;23;VERONA;34;PARMA;M;76
2023/2024;30;UDINE;37;BOLOGNA;M;115
2024/2025;998;PROVINCIA ESTERA;73;TARANTO;M;5
2023/2024;64;AVELLINO;1;TORINO;F;69
2024/2025;47;PISTOIA;37;BOLOGNA;M;76
2023/2024;16;BERGAMO;34;PARMA;F;95
2024/2025;67;TERAMO;42;ANCONA;M;205
2024/2025;42;ANCONA;10;GENOVA;M;9
2024/2025;65;SALERNO;67;TERAMO;M;14
2023/2024;45;MASSA CARRARA;22;TRENTO;F;5
2023/2024;45;MASSA CARRARA;18;PAVIA;M;8
2024/2025;102;VIBO VALENTIA;1;TORINO;M;39
2023/2024;71;FOGGIA;69;CHIETI;M;238
2024/2025;61;CASERTA;72;BARI;F;23
2024/2025;33;PIACENZA;18;PAVIA;F;370
2024/2025;25;BELLUNO;30;UDINE;F;199
2023/2024;38;FERRARA;58;ROMA;F;69
2024/2025;9;SAVONA;50;PISA;F;26
2023/2024;85;CALTANISSETTA;66;L'AQUILA;F;14
2023/2024;19;CREMONA;55;TERNI;F;5
2023/2024;46;LUCCA;32;TRIESTE;F;8
2024/2025;2;VERCELLI;7;AOSTA;F;15
2023/2024;95;ORISTANO;66;L'AQUILA;M;7
2023/2024;17;BRESCIA;37;BOLOGNA;F;285
2024/2025;90;SASSARI;63;NAPOLI;F;30
2023/2024;27;VENEZIA;17;BRESCIA;F;8
2024/2025;999;PROVINCIA NON DEFINITA;21;BOLZANO;M;10
2024/2025;73;TARANTO;39;RAVENNA;F;16
2023/2024;24;VICENZA;56;VITERBO;M;7
2023/2024;49;LIVORNO;1;TORINO;F;47
2023/2024;89;SIRACUSA;63;NAPOLI;M;16
2024/2025;57;RIETI;22;TRENTO;F;5
2024/2025;14;SONDRIO;28;PADOVA;M;17
2024/2025;70;CAMPOBASSO;15;MILANO;M;54
2023/2024;48;FIRENZE;11;LA SPEZIA;F;7
2023/2024;103;VERBANO CUSIO OSSOLA;22;TRENTO;M;6
2023/2024;99;RIMINI;99;RIMINI;M;403
2023/2024;17;BRESCIA;82;PALERMO;F;5
2024/2025;32;TRIESTE;15;MILANO;M;45
2023/2024;45;MASSA CARRARA;48;FIRENZE;M;83
2023/2024;16;BERGAMO;12;VARESE;F;30
2023/2024;23;VERONA;15;MILANO;F;167
2023/2024;83;MESSINA;89;SIRACUSA;F;29
2024/2025;18;PAVIA;36;MODENA;M;12
2024/2025;97;LECCO;15;MILANO;M;679
2023/2024;71;FOGGIA;32;TRIESTE;M;20
2024/2025;998;PROVINCIA ESTERA;22;TRENTO;F;431
2024/2025;65;SALERNO;99;RIMINI;F;10
2024/2025;98;LODI;19;CREMONA;F;7
2024/2025;999;PROVINCIA NON DEFINITA;39;RAVENNA;F;176
2023/2024;44;ASCOLI PICENO;15;MILANO;M;91
2024/2025;40;FORLI'-CESENA;54;PERUGIA;F;45
2024/2025;71;FOGGIA;76;POTENZA;F;14
2024/2025;62;BENEVENTO;72;BARI;F;16
2024/2025;46;LUCCA;63;NAPOLI;F;8
2023/2024;25;BELLUNO;48;FIRENZE;F;18
2023/2024;76;POTENZA;78;COSENZA;F;72
2024/2025;26;TREVISO;33;PIACENZA;M;7
2024/2025;85;CALTANISSETTA;40;FORLI'-CESENA;M;6
2024/2025;84;AGRIGENTO;42;ANCONA;F;6
2023/2024;16;BERGAMO;63;NAPOLI;F;15
2024/2025;28;PADOVA;28;PADOVA;F;7803
2024/2025;41;PESARO E URBINO;48;FIRENZE;M;50
2024/2025;103;VERBANO CUSIO OSSOLA;10;GENOVA;M;8
2023/2024;66;L'AQUILA;68;PESCARA;M;200
2023/2024;69;CHIETI;69;CHIETI;M;986
2023/2024;71;FOGGIA;110;BARLETTA - ANDRIA - TRANI;F;17
2023/2024;70;CAMPOBASSO;50;PISA;F;56
2023/2024;72;BARI;33;PIACENZA;M;8
2023/2024;65;SALERNO;71;FOGGIA;M;26
2024/2025;82;PALERMO;34;PARMA;M;41
2024/2025;99;RIMINI;52;SIENA;M;9
2023/2024;63;NAPOLI;82;PALERMO;F;15
2024/2025;75;LECCE;36;MODENA;F;109
2024/2025;34;PARMA;1;TORINO;F;47
2023/2024;998;PROVINCIA ESTERA;32;TRIESTE;F;562
2023/2024;89;SIRACUSA;89;SIRACUSA;F;507
2023/2024;4;CUNEO;36;MODENA;M;6
2023/2024;96;BIELLA;54;PERUGIA;F;8
2024/2025;89;SIRACUSA;18;PAVIA;F;63
2024/2025;95;ORISTANO;58;ROMA;M;43
2024/2025;66;L'AQUILA;41;PESARO E URBINO;F;26
2023/2024;98;LODI;98;LODI;M;15
2024/2025;39;RAVENNA;27;VENEZIA;M;19
2024/2025;17;BRESCIA;30;UDINE;F;10
2023/2024;999;PROVINCIA NON DEFINITA;88;RAGUSA;F;30
2024/2025;1;TORINO;16;BERGAMO;F;15
2023/2024;75;LECCE;12;VARESE;M;33
2023/2024;84;AGRIGENTO;12;VARESE;M;18
2023/2024;20;MANTOVA;39;RAVENNA;F;12
2023/2024;102;VIBO VALENTIA;34;PARMA;F;23
2023/2024;97;LECCO;37;BOLOGNA;M;27
2024/2025;14;SONDRIO;12;VARESE;M;19
2024/2025;1;TORINO;54;PERUGIA;F;71
2024/2025;4;CUNEO;90;SASSARI;M;8
2023/2024;64;AVELLINO;51;AREZZO;F;5
2023/2024;98;LODI;15;MILANO;M;809
2023/2024;53;GROSSETO;69;CHIETI;F;8
2024/2025;3;NOVARA;58;ROMA;M;28
2023/2024;69;CHIETI;34;PARMA;M;107
2024/2025;100;PRATO;50;PISA;F;97
2024/2025;111;SUD SARDEGNA;92;CAGLIARI;M;1724
2024/2025;24;VICENZA;50;PISA;F;29
2024/2025;97;LECCO;34;PARMA;M;6
2023/2024;60;FROSINONE;59;LATINA;F;29
2024/2025;59;LATINA;1;TORINO;M;26
2023/2024;5;ASTI;1;TORINO;M;357
2023/2024;27;VENEZIA;22;TRENTO;M;112
2024/2025;81;TRAPANI;1;TORINO;M;163
2023/2024;29;ROVIGO;38;FERRARA;M;784
2024/2025;62;BENEVENTO;64;AVELLINO;F;17
2023/2024;44;ASCOLI PICENO;38;FERRARA;M;15
2024/2025;70;CAMPOBASSO;27;VENEZIA;M;6
2023/2024;59;LATINA;66;L'AQUILA;F;104
2023/2024;81;TRAPANI;30;UDINE;M;10
2023/2024;999;PROVINCIA NON DEFINITA;44;ASCOLI PICENO;M;9
2023/2024;46;LUCCA;46;LUCCA;M;22
2024/2025;64;AVELLINO;41;PESARO E URBINO;M;23
2023/2024;101;CROTONE;27;VENEZIA;F;5
2023/2024;92;CAGLIARI;41;PESARO E URBINO;M;7
2023/2024;76;POTENZA;77;MATERA;M;30
2024/2025;62;BENEVENTO;18;PAVIA;M;10
2023/2024;48;FIRENZE;32;TRIESTE;F;14
2023/2024;76;POTENZA;36;MODENA;F;34
2024/2025;72;BARI;15;MILANO;F;487
2024/2025;84;AGRIGENTO;29;ROVIGO;F;5
2024/2025;11;LA SPEZIA;11;LA SPEZIA;F;263
2024/2025;68;PESCARA;39;RAVENNA;M;5
2024/2025;57;RIETI;68;PESCARA;M;5
2024/2025;999;PROVINCIA NON DEFINITA;81;TRAPANI;F;20
2023/2024;999;PROVINCIA NON DEFINITA;42;ANCONA;M;20
2023/2024;37;BOLOGNA;54;PERUGIA;F;34
2023/2024;56;VITERBO;48;FIRENZE;M;41
2024/2025;58;ROMA;73;TARANTO;F;8
2023/2024;15;MILANO;82;PALERMO;F;12
2023/2024;65;SALERNO;16;BERGAMO;M;26
2024/2025;998;PROVINCIA ESTERA;19;CREMONA;M;16
2024/2025;33;PIACENZA;32;TRIESTE;F;8
2024/2025;37;BOLOGNA;82;PALERMO;F;5
2023/2024;71;FOGGIA;99;RIMINI;M;6
2024/2025;42;ANCONA;63;NAPOLI;F;14
2024/2025;87;CATANIA;86;ENNA;F;645
2023/2024;30;UDINE;32;TRIESTE;M;1034
2023/2024;23;VERONA;18;PAVIA;M;29
2023/2024;70;CAMPOBASSO;72;BARI;F;11
2024/2025;69;CHIETI;36;MODENA;F;59
2024/2025;109;FERMO;28;PADOVA;M;64
2023/2024;81;TRAPANI;42;ANCONA;F;10
2024/2025;91;NUORO;54;PERUGIA;F;34
2023/2024;37;BOLOGNA;52;SIENA;F;24
2023/2024;39;RAVENNA;50;PISA;M;13
2024/2025;67;TERAMO;99;RIMINI;F;8
2023/2024;13;COMO;40;FORLI'-CESENA;F;9
2024/2025;92;CAGLIARI;23;VERONA;M;7
2023/2024;78;COSENZA;40;FORLI'-CESENA;M;16
2023/2024;35;REGGIO EMILIA;33;PIACENZA;M;18
2024/2025;72;BARI;77;MATERA;M;76
2023/2024;10;GENOVA;55;TERNI;F;6
2023/2024;7;AOSTA;15;MILANO;F;126
2023/2024;32;TRIESTE;54;PERUGIA;M;8
2024/2025;93;PORDENONE;1;TORINO;M;13
2024/2025;43;MACERATA;1;TORINO;F;63
2023/2024;26;TREVISO;30;UDINE;F;720
2024/2025;99;RIMINI;1;TORINO;F;33
2023/2024;101;CROTONE;63;NAPOLI;F;38
2024/2025;75;LECCE;41;PESARO E URBINO;F;116
2024/2025;93;PORDENONE;34;PARMA;M;11
2023/2024;42;ANCONA;50;PISA;M;48
2024/2025;90;SASSARI;38;FERRARA;F;23
2024/2025;51;AREZZO;28;PADOVA;F;61
2024/2025;68;PESCARA;69;CHIETI;M;945
2024/2025;52;SIENA;15;MILANO;F;69
2023/2024;1;TORINO;85;CALTANISSETTA;F;5
2024/2025;89;SIRACUSA;89;SIRACUSA;F;551
2024/2025;42;ANCONA;39;RAVENNA;F;23
2024/2025;110;BARLETTA - ANDRIA - TRANI;61;CASERTA;F;6
2024/2025;999;PROVINCIA NON DEFINITA;71;FOGGIA;M;1029
2024/2025;95;ORISTANO;32;TRIESTE;M;7
2024/2025;102;VIBO VALENTIA;78;COSENZA;F;1145
2023/2024;73;TARANTO;48;FIRENZE;M;94
2023/2024;77;MATERA;78;COSENZA;F;23
2024/2025;16;BERGAMO;11;LA SPEZIA;F;5
2024/2025;23;VERONA;26;TREVISO;F;22
2023/2024;110;BARLETTA - ANDRIA - TRANI;42;ANCONA;M;5
2023/2024;40;FORLI'-CESENA;34;PARMA;M;31
2024/2025;71;FOGGIA;61;CASERTA;F;18
2023/2024;16;BERGAMO;108;MONZA E BRIANZA;F;59
2023/2024;46;LUCCA;18;PAVIA;F;9
2023/2024;10;GENOVA;28;PADOVA;F;45
2023/2024;27;VENEZIA;18;PAVIA;M;10
2023/2024;45;MASSA CARRARA;1;TORINO;F;36
2024/2025;91;NUORO;1;TORINO;F;27
2023/2024;85;CALTANISSETTA;85;CALTANISSETTA;M;102
2024/2025;32;TRIESTE;37;BOLOGNA;M;40
2024/2025;72;BARI;55;TERNI;F;9
2024/2025;94;ISERNIA;66;L'AQUILA;F;34
2024/2025;8;IMPERIA;63;NAPOLI;F;5
2023/2024;22;TRENTO;17;BRESCIA;F;158
2023/2024;89;SIRACUSA;49;LIVORNO;M;6
2024/2025;43;MACERATA;68;PESCARA;M;7
2024/2025;6;ALESSANDRIA;42;ANCONA;F;5
2024/2025;94;ISERNIA;60;FROSINONE;M;83
2023/2024;46;LUCCA;40;FORLI'-CESENA;F;17
2023/2024;65;SALERNO;90;SASSARI;M;11
2024/2025;108;MONZA E BRIANZA;34;PARMA;F;45
2023/2024;66;L'AQUILA;83;MESSINA;F;8
2023/2024;23;VERONA;16;BERGAMO;M;12
2024/2025;53;GROSSETO;28;PADOVA;F;18
2024/2025;73;TARANTO;12;VARESE;F;13
2023/2024;86;ENNA;87;CATANIA;F;1311
2024/2025;54;PERUGIA;35;REGGIO EMILIA;F;8
2023/2024;23;VERONA;40;FORLI'-CESENA;M;26
2024/2025;70;CAMPOBASSO;43;MACERATA;M;18
2024/2025;58;ROMA;12;VARESE;F;14
2023/2024;91;NUORO;30;UDINE;F;5
2024/2025;64;AVELLINO;76;POTENZA;M;16
2023/2024;80;REGGIO CALABRIA;28;PADOVA;F;79
2024/2025;38;FERRARA;32;TRIESTE;M;12
2024/2025;42;ANCONA;68;PESCARA;F;10
2024/2025;999;PROVINCIA NON DEFINITA;63;NAPOLI;F;2028
2024/2025;80;REGGIO CALABRIA;82;PALERMO;F;17
2024/2025;47;PISTOIA;1;TORINO;M;9
2023/2024;68;PESCARA;50;PISA;F;39
2023/2024;23;VERONA;10;GENOVA;M;7
2023/2024;74;BRINDISI;69;CHIETI;M;42
2023/2024;111;SUD SARDEGNA;23;VERONA;F;6
2024/2025;76;POTENZA;99;RIMINI;F;9
2024/2025;1;TORINO;10;GENOVA;F;184
2024/2025;64;AVELLINO;36;MODENA;M;22
2023/2024;31;GORIZIA;27;VENEZIA;F;125
2024/2025;75;LECCE;39;RAVENNA;F;21
2023/2024;62;BENEVENTO;42;ANCONA;F;6
2023/2024;57;RIETI;48;FIRENZE;F;45
2024/2025;999;PROVINCIA NON DEFINITA;83;MESSINA;M;124
2023/2024;3;NOVARA;54;PERUGIA;F;10
2024/2025;41;PESARO E URBINO;54;PERUGIA;M;44
2024/2025;25;BELLUNO;15;MILANO;F;70
2024/2025;15;MILANO;54;PERUGIA;M;17
2024/2025;80;REGGIO CALABRIA;72;BARI;F;24
2024/2025;57;RIETI;34;PARMA;M;8
2024/2025;74;BRINDISI;41;PESARO E URBINO;F;32
2024/2025;76;POTENZA;34;PARMA;M;86
2024/2025;30;UDINE;28;PADOVA;M;470
2024/2025;69;CHIETI;39;RAVENNA;F;8
2024/2025;22;TRENTO;36;MODENA;F;17
2024/2025;63;NAPOLI;27;VENEZIA;M;66
2024/2025;76;POTENZA;23;VERONA;F;14
2023/2024;85;CALTANISSETTA;1;TORINO;F;29
2024/2025;42;ANCONA;36;MODENA;F;23
2024/2025;48;FIRENZE;38;FERRARA;M;15
2023/2024;7;AOSTA;33;PIACENZA;F;9
2023/2024;82;PALERMO;10;GENOVA;F;22
2024/2025;63;NAPOLI;22;TRENTO;M;31
2023/2024;61;CASERTA;1;TORINO;M;37
2023/2024;72;BARI;56;VITERBO;M;49
2023/2024;92;CAGLIARI;15;MILANO;F;165
2023/2024;70;CAMPOBASSO;43;MACERATA;M;19
2023/2024;35;REGGIO EMILIA;37;BOLOGNA;M;636
2023/2024;70;CAMPOBASSO;99;RIMINI;M;6
2024/2025;63;NAPOLI;33;PIACENZA;F;9
2024/2025;48;FIRENZE;11;LA SPEZIA;F;8
2023/2024;84;AGRIGENTO;33;PIACENZA;F;13
2024/2025;58;ROMA;28;PADOVA;M;121
2023/2024;11;LA SPEZIA;37;BOLOGNA;F;93
2024/2025;18;PAVIA;15;MILANO;M;724
2024/2025;42;ANCONA;66;L'AQUILA;M;24
2023/2024;78;COSENZA;12;VARESE;F;9
2023/2024;998;PROVINCIA ESTERA;34;PARMA;M;683
2023/2024;37;BOLOGNA;82;PALERMO;F;5
2024/2025;9;SAVONA;10;GENOVA;M;1296
2023/2024;26;TREVISO;59;LATINA;F;13
2023/2024;89;SIRACUSA;37;BOLOGNA;M;109
2023/2024;47;PISTOIA;1;TORINO;F;29
2023/2024;92;CAGLIARI;32;TRIESTE;F;14
2023/2024;68;PESCARA;15;MILANO;M;191
2024/2025;65;SALERNO;32;TRIESTE;F;40
2024/2025;72;BARI;74;BRINDISI;F;122
2024/2025;45;MASSA CARRARA;18;PAVIA;M;5
2023/2024;26;TREVISO;69;CHIETI;F;10
2023/2024;59;LATINA;58;ROMA;F;5418
2023/2024;89;SIRACUSA;54;PERUGIA;M;31
2023/2024;15;MILANO;1;TORINO;F;22
2023/2024;5;ASTI;37;BOLOGNA;M;21
2024/2025;9;SAVONA;1;TORINO;M;206
2023/2024;80;REGGIO CALABRIA;15;MILANO;F;496
2024/2025;47;PISTOIA;41;PESARO E URBINO;F;8
2023/2024;36;MODENA;33;PIACENZA;M;6
2024/2025;26;TREVISO;39;RAVENNA;F;16
2023/2024;1;TORINO;83;MESSINA;F;24
2023/2024;9;SAVONA;9;SAVONA;M;244
2023/2024;19;CREMONA;36;MODENA;F;19
2024/2025;89;SIRACUSA;59;LATINA;M;7
2024/2025;46;LUCCA;40;FORLI'-CESENA;F;14
2023/2024;998;PROVINCIA ESTERA;109;FERMO;M;6
2023/2024;94;ISERNIA;52;SIENA;M;14
2023/2024;16;BERGAMO;19;CREMONA;M;25
2024/2025;70;CAMPOBASSO;69;CHIETI;M;124
2023/2024;92;CAGLIARI;28;PADOVA;M;46
2023/2024;999;PROVINCIA NON DEFINITA;92;CAGLIARI;F;854
2023/2024;55;TERNI;43;MACERATA;F;30
2023/2024;45;MASSA CARRARA;40;FORLI'-CESENA;M;6
2024/2025;85;CALTANISSETTA;86;ENNA;F;722
2023/2024;20;MANTOVA;41;PESARO E URBINO;F;7
2024/2025;78;COSENZA;56;VITERBO;M;7
2023/2024;54;PERUGIA;54;PERUGIA;F;7794
2023/2024;59;LATINA;60;FROSINONE;F;389
2024/2025;24;VICENZA;93;PORDENONE;M;5
2023/2024;11;LA SPEZIA;46;LUCCA;F;13
2023/2024;42;ANCONA;39;RAVENNA;F;25
2023/2024;76;POTENZA;28;PADOVA;M;38
2023/2024;15;MILANO;19;CREMONA;M;33
2024/2025;55;TERNI;67;TERAMO;F;9
2023/2024;59;LATINA;23;VERONA;F;16
2023/2024;52;SIENA;50;PISA;F;136
2024/2025;89;SIRACUSA;33;PIACENZA;M;6
2024/2025;27;VENEZIA;1;TORINO;M;24
2024/2025;48;FIRENZE;11;LA SPEZIA;M;10
2024/2025;21;BOLZANO;72;BARI;F;5
2024/2025;108;MONZA E BRIANZA;59;LATINA;F;5
2023/2024;12;VARESE;11;LA SPEZIA;F;5
2023/2024;44;ASCOLI PICENO;42;ANCONA;F;481
2024/2025;22;TRENTO;26;TREVISO;F;12
2023/2024;82;PALERMO;56;VITERBO;M;21
2024/2025;54;PERUGIA;10;GENOVA;M;7
2024/2025;75;LECCE;28;PADOVA;M;85
2024/2025;48;FIRENZE;54;PERUGIA;M;45
2023/2024;28;PADOVA;30;UDINE;M;24
2023/2024;62;BENEVENTO;62;BENEVENTO;F;951
2023/2024;10;GENOVA;33;PIACENZA;M;12
2023/2024;79;CATANZARO;50;PISA;M;137
2024/2025;62;BENEVENTO;1;TORINO;F;51
2024/2025;3;NOVARA;10;GENOVA;M;15
2023/2024;49;LIVORNO;63;NAPOLI;M;7
2024/2025;35;REGGIO EMILIA;63;NAPOLI;M;5
2024/2025;26;TREVISO;66;L'AQUILA;F;7
2024/2025;69;CHIETI;71;FOGGIA;F;9
2024/2025;63;NAPOLI;17;BRESCIA;F;30
2024/2025;55;TERNI;48;FIRENZE;F;68
2024/2025;22;TRENTO;19;CREMONA;M;5
2023/2024;77;MATERA;50;PISA;M;97
2023/2024;999;PROVINCIA NON DEFINITA;72;BARI;M;665
2024/2025;4;CUNEO;12;VARESE;F;6
2024/2025;7;AOSTA;15;MILANO;M;10
2023/2024;12;VARESE;82;PALERMO;F;5
2024/2025;75;LECCE;73;TARANTO;M;37
2023/2024;58;ROMA;67;TERAMO;F;204
2023/2024;53;GROSSETO;18;PAVIA;F;5
2024/2025;5;ASTI;27;VENEZIA;F;14
2023/2024;22;TRENTO;20;MANTOVA;M;6
2023/2024;998;PROVINCIA ESTERA;23;VERONA;M;283
2024/2025;15;MILANO;17;BRESCIA;F;125
2023/2024;76;POTENZA;66;L'AQUILA;M;44
2024/2025;46;LUCCA;48;FIRENZE;M;304
2024/2025;42;ANCONA;10;GENOVA;F;9
2023/2024;15;MILANO;32;TRIESTE;M;15
2023/2024;43;MACERATA;52;SIENA;F;26
2024/2025;89;SIRACUSA;43;MACERATA;M;8
2023/2024;6;ALESSANDRIA;63;NAPOLI;F;5
2024/2025;83;MESSINA;83;MESSINA;M;4552
2023/2024;57;RIETI;50;PISA;F;21
2024/2025;94;ISERNIA;72;BARI;F;5
2024/2025;69;CHIETI;22;TRENTO;F;25
2024/2025;80;REGGIO CALABRIA;82;PALERMO;M;15
2023/2024;68;PESCARA;72;BARI;F;5
2024/2025;37;BOLOGNA;15;MILANO;M;182
2024/2025;75;LECCE;59;LATINA;F;22
2024/2025;73;TARANTO;38;FERRARA;M;127
2024/2025;76;POTENZA;67;TERAMO;M;8
2023/2024;98;LODI;16;BERGAMO;F;33
2024/2025;5;ASTI;4;CUNEO;F;25
2024/2025;82;PALERMO;18;PAVIA;M;38
2023/2024;72;BARI;38;FERRARA;F;97
2024/2025;79;CATANZARO;1;TORINO;M;55
2023/2024;86;ENNA;50;PISA;F;24
2024/2025;65;SALERNO;15;MILANO;M;114
2024/2025;33;PIACENZA;18;PAVIA;M;255
2024/2025;37;BOLOGNA;35;REGGIO EMILIA;M;83
2023/2024;47;PISTOIA;58;ROMA;M;40
2024/2025;78;COSENZA;33;PIACENZA;M;6
2024/2025;88;RAGUSA;83;MESSINA;F;320
2023/2024;1;TORINO;7;AOSTA;M;31
2024/2025;29;ROVIGO;30;UDINE;F;9
2023/2024;60;FROSINONE;58;ROMA;F;4299
2024/2025;33;PIACENZA;15;MILANO;M;393
2024/2025;102;VIBO VALENTIA;28;PADOVA;M;10
2024/2025;100;PRATO;58;ROMA;M;41
2023/2024;73;TARANTO;70;CAMPOBASSO;M;17
2023/2024;56;VITERBO;1;TORINO;F;31
2023/2024;14;SONDRIO;28;PADOVA;F;27
2023/2024;9;SAVONA;63;NAPOLI;F;5
2023/2024;88;RAGUSA;40;FORLI'-CESENA;F;7
2024/2025;998;PROVINCIA ESTERA;109;FERMO;M;13
2024/2025;76;POTENZA;56;VITERBO;M;9
2024/2025;58;ROMA;37;BOLOGNA;F;406
2023/2024;998;PROVINCIA ESTERA;49;LIVORNO;F;11
2023/2024;97;LECCO;97;LECCO;M;190
2024/2025;70;CAMPOBASSO;34;PARMA;M;69
2023/2024;110;BARLETTA - ANDRIA - TRANI;58;ROMA;M;168
2024/2025;73;TARANTO;73;TARANTO;M;860
2023/2024;45;MASSA CARRARA;39;RAVENNA;F;5
2023/2024;71;FOGGIA;94;ISERNIA;F;25
2023/2024;48;FIRENZE;21;BOLZANO;F;7
2023/2024;82;PALERMO;86;ENNA;M;60
2024/2025;65;SALERNO;30;UDINE;M;16
2023/2024;50;PISA;52;SIENA;F;138
2023/2024;999;PROVINCIA NON DEFINITA;108;MONZA E BRIANZA;F;23
2024/2025;40;FORLI'-CESENA;21;BOLZANO;F;10
2023/2024;13;COMO;16;BERGAMO;F;110
2023/2024;70;CAMPOBASSO;72;BARI;M;13
2024/2025;69;CHIETI;83;MESSINA;F;11
2024/2025;10;GENOVA;16;BERGAMO;M;5
2023/2024;9;SAVONA;36;MODENA;M;10
2024/2025;73;TARANTO;18;PAVIA;F;76
2023/2024;12;VARESE;52;SIENA;M;8
2023/2024;95;ORISTANO;10;GENOVA;F;13
2024/2025;82;PALERMO;35;REGGIO EMILIA;F;13
2023/2024;4;CUNEO;36;MODENA;F;11
2024/2025;12;VARESE;69;CHIETI;F;9
2023/2024;63;NAPOLI;16;BERGAMO;M;54
2024/2025;22;TRENTO;25;BELLUNO;F;16
2023/2024;23;VERONA;66;L'AQUILA;F;6
2023/2024;91;NUORO;58;ROMA;F;121
2023/2024;76;POTENZA;15;MILANO;M;181
2023/2024;71;FOGGIA;42;ANCONA;M;150
2024/2025;48;FIRENZE;66;L'AQUILA;M;16
2024/2025;88;RAGUSA;16;BERGAMO;F;9
2024/2025;28;PADOVA;1;TORINO;F;54
2024/2025;23;VERONA;12;VARESE;F;6
2023/2024;71;FOGGIA;38;FERRARA;F;146
2024/2025;998;PROVINCIA ESTERA;48;FIRENZE;M;1779
2023/2024;999;PROVINCIA NON DEFINITA;41;PESARO E URBINO;M;20
2024/2025;15;MILANO;33;PIACENZA;M;22
2024/2025;74;BRINDISI;70;CAMPOBASSO;F;16
2024/2025;108;MONZA E BRIANZA;11;LA SPEZIA;M;8
2023/2024;1;TORINO;51;AREZZO;F;5
2023/2024;85;CALTANISSETTA;16;BERGAMO;F;14
2024/2025;61;CASERTA;48;FIRENZE;M;159
2023/2024;33;PIACENZA;34;PARMA;F;1193
2023/2024;73;TARANTO;19;CREMONA;F;7
2023/2024;22;TRENTO;63;NAPOLI;M;6
2023/2024;78;COSENZA;54;PERUGIA;F;241
2023/2024;96;BIELLA;36;MODENA;M;6
2024/2025;74;BRINDISI;68;PESCARA;M;11
2023/2024;82;PALERMO;33;PIACENZA;M;10
2023/2024;11;LA SPEZIA;28;PADOVA;M;15
2024/2025;74;BRINDISI;76;POTENZA;F;9
2023/2024;110;BARLETTA - ANDRIA - TRANI;42;ANCONA;F;8
2024/2025;103;VERBANO CUSIO OSSOLA;19;CREMONA;F;7
2023/2024;63;NAPOLI;54;PERUGIA;M;90
2024/2025;60;FROSINONE;70;CAMPOBASSO;M;24
2023/2024;20;MANTOVA;38;FERRARA;M;146
2024/2025;26;TREVISO;63;NAPOLI;F;15
2024/2025;45;MASSA CARRARA;15;MILANO;M;61
2023/2024;26;TREVISO;48;FIRENZE;M;39
2024/2025;47;PISTOIA;23;VERONA;F;5
2023/2024;77;MATERA;79;CATANZARO;F;14
2023/2024;78;COSENZA;15;MILANO;M;58
2023/2024;49;LIVORNO;51;AREZZO;F;31
2023/2024;65;SALERNO;63;NAPOLI;F;5091
2024/2025;99;RIMINI;32;TRIESTE;M;11
2024/2025;32;TRIESTE;54;PERUGIA;F;10
2023/2024;65;SALERNO;11;LA SPEZIA;M;5
2023/2024;998;PROVINCIA ESTERA;54;PERUGIA;F;920
2024/2025;999;PROVINCIA NON DEFINITA;86;ENNA;M;24
2024/2025;41;PESARO E URBINO;33;PIACENZA;F;8
2024/2025;63;NAPOLI;58;ROMA;M;1501
2024/2025;81;TRAPANI;16;BERGAMO;F;12
2023/2024;35;REGGIO EMILIA;52;SIENA;M;5
2024/2025;76;POTENZA;36;MODENA;F;30
2023/2024;34;PARMA;38;FERRARA;M;13
2024/2025;92;CAGLIARI;27;VENEZIA;F;56
2023/2024;73;TARANTO;69;CHIETI;M;120
2024/2025;71;FOGGIA;110;BARLETTA - ANDRIA - TRANI;F;20
2023/2024;95;ORISTANO;50;PISA;M;45
2023/2024;999;PROVINCIA NON DEFINITA;60;FROSINONE;M;130
2023/2024;88;RAGUSA;89;SIRACUSA;F;151
2023/2024;6;ALESSANDRIA;54;PERUGIA;F;10
2024/2025;37;BOLOGNA;36;MODENA;F;305
2023/2024;34;PARMA;52;SIENA;F;14
2023/2024;91;NUORO;41;PESARO E URBINO;M;27
2024/2025;86;ENNA;18;PAVIA;M;10
2024/2025;97;LECCO;50;PISA;F;11
2023/2024;2;VERCELLI;16;BERGAMO;F;8
2023/2024;88;RAGUSA;23;VERONA;M;7
2024/2025;83;MESSINA;86;ENNA;F;98
2024/2025;75;LECCE;13;COMO;F;5
2024/2025;26;TREVISO;29;ROVIGO;F;131
2024/2025;11;LA SPEZIA;18;PAVIA;F;19
2024/2025;88;RAGUSA;88;RAGUSA;M;128
2024/2025;56;VITERBO;55;TERNI;M;13
2023/2024;65;SALERNO;87;CATANIA;M;7
2023/2024;8;IMPERIA;28;PADOVA;M;12
2024/2025;99;RIMINI;15;MILANO;M;137
2024/2025;39;RAVENNA;35;REGGIO EMILIA;M;9
2023/2024;110;BARLETTA - ANDRIA - TRANI;34;PARMA;F;30
2023/2024;58;ROMA;42;ANCONA;M;27
2024/2025;27;VENEZIA;11;LA SPEZIA;M;6
2024/2025;23;VERONA;37;BOLOGNA;M;264
2023/2024;108;MONZA E BRIANZA;3;NOVARA;F;36
2024/2025;56;VITERBO;36;MODENA;F;6
2023/2024;49;LIVORNO;10;GENOVA;M;17
2024/2025;35;REGGIO EMILIA;38;FERRARA;M;55
2023/2024;89;SIRACUSA;23;VERONA;M;5
2024/2025;36;MODENA;35;REGGIO EMILIA;F;1949
2024/2025;65;SALERNO;62;BENEVENTO;F;81
2023/2024;999;PROVINCIA NON DEFINITA;23;VERONA;M;73
2024/2025;82;PALERMO;56;VITERBO;F;15
2023/2024;109;FERMO;54;PERUGIA;M;63
2023/2024;20;MANTOVA;21;BOLZANO;F;8
2024/2025;63;NAPOLI;28;PADOVA;M;118
2023/2024;999;PROVINCIA NON DEFINITA;6;ALESSANDRIA;M;25
2024/2025;27;VENEZIA;58;ROMA;M;95
2023/2024;48;FIRENZE;83;MESSINA;F;6
2023/2024;59;LATINA;41;PESARO E URBINO;F;11
2023/2024;10;GENOVA;72;BARI;M;6
2023/2024;1;TORINO;70;CAMPOBASSO;F;9
2023/2024;999;PROVINCIA NON DEFINITA;15;MILANO;M;4242
2023/2024;37;BOLOGNA;33;PIACENZA;M;7
2024/2025;52;SIENA;1;TORINO;F;15
2023/2024;54;PERUGIA;69;CHIETI;M;15
2023/2024;85;CALTANISSETTA;86;ENNA;F;726
2023/2024;65;SALERNO;52;SIENA;M;113
2023/2024;15;MILANO;36;MODENA;M;74
2023/2024;1;TORINO;50;PISA;M;47
2024/2025;60;FROSINONE;18;PAVIA;F;14
2023/2024;45;MASSA CARRARA;58;ROMA;M;29
2023/2024;67;TERAMO;15;MILANO;F;46
2023/2024;49;LIVORNO;54;PERUGIA;M;11
2023/2024;19;CREMONA;34;PARMA;M;530
2023/2024;81;TRAPANI;35;REGGIO EMILIA;F;17
2023/2024;91;NUORO;56;VITERBO;M;7
2023/2024;27;VENEZIA;31;GORIZIA;M;19
2024/2025;61;CASERTA;18;PAVIA;F;14
2023/2024;39;RAVENNA;58;ROMA;M;28
2024/2025;54;PERUGIA;37;BOLOGNA;F;259
2024/2025;91;NUORO;48;FIRENZE;F;62
2024/2025;999;PROVINCIA NON DEFINITA;17;BRESCIA;F;68
2024/2025;21;BOLZANO;21;BOLZANO;F;1475
2023/2024;41;PESARO E URBINO;28;PADOVA;F;110
2023/2024;3;NOVARA;32;TRIESTE;F;9
2023/2024;44;ASCOLI PICENO;35;REGGIO EMILIA;M;9
2024/2025;41;PESARO E URBINO;15;MILANO;M;76
2023/2024;33;PIACENZA;33;PIACENZA;F;18
2023/2024;37;BOLOGNA;58;ROMA;M;89
2023/2024;13;COMO;3;NOVARA;F;25
2023/2024;16;BERGAMO;92;CAGLIARI;M;6
2024/2025;58;ROMA;72;BARI;F;24
2024/2025;77;MATERA;22;TRENTO;M;14
2023/2024;68;PESCARA;48;FIRENZE;F;47
2024/2025;66;L'AQUILA;94;ISERNIA;M;9
2024/2025;38;FERRARA;18;PAVIA;F;10
2023/2024;10;GENOVA;36;MODENA;M;23
2024/2025;59;LATINA;15;MILANO;M;73
2024/2025;999;PROVINCIA NON DEFINITA;23;VERONA;M;69
2024/2025;79;CATANZARO;48;FIRENZE;F;117
2023/2024;62;BENEVENTO;94;ISERNIA;F;11
2024/2025;72;BARI;65;SALERNO;F;11
2024/2025;76;POTENZA;37;BOLOGNA;F;208
2024/2025;23;VERONA;36;MODENA;M;97
2024/2025;12;VARESE;48;FIRENZE;F;45
2023/2024;97;LECCO;1;TORINO;M;14
2024/2025;44;ASCOLI PICENO;28;PADOVA;F;69
2024/2025;23;VERONA;43;MACERATA;M;6
2023/2024;58;ROMA;58;ROMA;F;59798
2024/2025;76;POTENZA;68;PESCARA;M;68
2024/2025;48;FIRENZE;52;SIENA;M;212
2023/2024;999;PROVINCIA NON DEFINITA;32;TRIESTE;F;42
2023/2024;60;FROSINONE;1;TORINO;F;43
2023/2024;75;LECCE;78;COSENZA;M;8
2024/2025;83;MESSINA;43;MACERATA;M;5
2023/2024;58;ROMA;33;PIACENZA;M;5
2024/2025;111;SUD SARDEGNA;15;MILANO;M;20
2024/2025;15;MILANO;40;FORLI'-CESENA;M;13
2024/2025;101;CROTONE;80;REGGIO CALABRIA;M;14
2024/2025;93;PORDENONE;28;PADOVA;M;652
2024/2025;94;ISERNIA;41;PESARO E URBINO;F;6
2023/2024;79;CATANZARO;58;ROMA;M;433
2024/2025;65;SALERNO;48;FIRENZE;F;212
2023/2024;15;MILANO;11;LA SPEZIA;F;8
2023/2024;42;ANCONA;66;L'AQUILA;F;33
2023/2024;30;UDINE;93;PORDENONE;F;69
2024/2025;29;ROVIGO;29;ROVIGO;F;285
2023/2024;48;FIRENZE;99;RIMINI;F;8
2024/2025;109;FERMO;50;PISA;M;33
2024/2025;13;COMO;1;TORINO;M;26
2023/2024;59;LATINA;67;TERAMO;F;14
2023/2024;999;PROVINCIA NON DEFINITA;99;RIMINI;F;277
2023/2024;69;CHIETI;99;RIMINI;F;16
2024/2025;998;PROVINCIA ESTERA;11;LA SPEZIA;F;14
2023/2024;21;BOLZANO;50;PISA;F;14
2024/2025;26;TREVISO;38;FERRARA;F;454
2024/2025;86;ENNA;85;CALTANISSETTA;M;10
2023/2024;999;PROVINCIA NON DEFINITA;4;CUNEO;F;209
2024/2025;14;SONDRIO;17;BRESCIA;F;24
2023/2024;15;MILANO;33;PIACENZA;M;19
2023/2024;36;MODENA;18;PAVIA;M;14
2023/2024;108;MONZA E BRIANZA;54;PERUGIA;F;17
2024/2025;88;RAGUSA;35;REGGIO EMILIA;F;15
2023/2024;83;MESSINA;37;BOLOGNA;M;134
2023/2024;33;PIACENZA;19;CREMONA;F;28
2023/2024;92;CAGLIARI;1;TORINO;F;51
2023/2024;18;PAVIA;69;CHIETI;F;5
2024/2025;9;SAVONA;6;ALESSANDRIA;F;13
2023/2024;78;COSENZA;37;BOLOGNA;M;191
2024/2025;12;VARESE;50;PISA;M;27
2023/2024;62;BENEVENTO;68;PESCARA;F;41
2023/2024;7;AOSTA;1;TORINO;F;33
2023/2024;27;VENEZIA;50;PISA;F;32
2023/2024;73;TARANTO;28;PADOVA;F;92
2024/2025;4;CUNEO;4;CUNEO;M;462
2023/2024;27;VENEZIA;43;MACERATA;M;9
2024/2025;1;TORINO;17;BRESCIA;M;5
2024/2025;65;SALERNO;38;FERRARA;F;91
2023/2024;93;PORDENONE;50;PISA;M;6
2024/2025;109;FERMO;52;SIENA;M;8
2024/2025;75;LECCE;49;LIVORNO;M;7
2023/2024;85;CALTANISSETTA;15;MILANO;F;154
2023/2024;64;AVELLINO;83;MESSINA;F;9
2023/2024;95;ORISTANO;92;CAGLIARI;M;919
2023/2024;32;TRIESTE;63;NAPOLI;F;10
2024/2025;66;L'AQUILA;42;ANCONA;F;27
2023/2024;93;PORDENONE;21;BOLZANO;F;9
2023/2024;56;VITERBO;57;RIETI;F;8
2023/2024;7;AOSTA;58;ROMA;F;20
2024/2025;48;FIRENZE;49;LIVORNO;M;25
2024/2025;57;RIETI;57;RIETI;M;144
2024/2025;43;MACERATA;26;TREVISO;F;6
2023/2024;100;PRATO;52;SIENA;F;66
2023/2024;45;MASSA CARRARA;37;BOLOGNA;F;72
2023/2024;109;FERMO;15;MILANO;M;28
2024/2025;69;CHIETI;1;TORINO;M;130
2024/2025;7;AOSTA;4;CUNEO;M;8
2023/2024;62;BENEVENTO;15;MILANO;M;79
2023/2024;66;L'AQUILA;23;VERONA;F;11
2024/2025;1;TORINO;61;CASERTA;M;8
2024/2025;67;TERAMO;18;PAVIA;M;14
2023/2024;45;MASSA CARRARA;15;MILANO;M;32
2024/2025;69;CHIETI;72;BARI;F;10
2023/2024;37;BOLOGNA;15;MILANO;M;155
2024/2025;15;MILANO;19;CREMONA;F;146
2024/2025;999;PROVINCIA NON DEFINITA;38;FERRARA;M;22
2023/2024;46;LUCCA;35;REGGIO EMILIA;F;8
2023/2024;62;BENEVENTO;50;PISA;F;66
2023/2024;100;PRATO;54;PERUGIA;F;12
2023/2024;43;MACERATA;69;CHIETI;M;41
2024/2025;46;LUCCA;28;PADOVA;F;67
2023/2024;23;VERONA;26;TREVISO;F;27
2024/2025;7;AOSTA;34;PARMA;F;10
2023/2024;80;REGGIO CALABRIA;38;FERRARA;F;71
2023/2024;46;LUCCA;100;PRATO;F;19
2023/2024;47;PISTOIA;40;FORLI'-CESENA;M;8
2024/2025;11;LA SPEZIA;69;CHIETI;F;5
2024/2025;7;AOSTA;58;ROMA;M;12
2023/2024;67;TERAMO;109;FERMO;F;19
2023/2024;111;SUD SARDEGNA;91;NUORO;M;8
2023/2024;61;CASERTA;28;PADOVA;F;39
2024/2025;74;BRINDISI;39;RAVENNA;F;6
2024/2025;100;PRATO;15;MILANO;M;88
2023/2024;49;LIVORNO;28;PADOVA;M;13
2024/2025;43;MACERATA;50;PISA;F;32
2024/2025;61;CASERTA;36;MODENA;F;18
2024/2025;111;SUD SARDEGNA;69;CHIETI;F;6
2024/2025;999;PROVINCIA NON DEFINITA;67;TERAMO;M;25
2023/2024;11;LA SPEZIA;90;SASSARI;F;6
2023/2024;45;MASSA CARRARA;54;PERUGIA;F;15
2024/2025;81;TRAPANI;15;MILANO;M;171
2023/2024;58;ROMA;59;LATINA;F;217
2024/2025;90;SASSARI;35;REGGIO EMILIA;F;8
2024/2025;8;IMPERIA;6;ALESSANDRIA;F;11
2023/2024;84;AGRIGENTO;55;TERNI;M;5
2023/2024;97;LECCO;10;GENOVA;M;10
2023/2024;29;ROVIGO;41;PESARO E URBINO;F;10
2024/2025;85;CALTANISSETTA;17;BRESCIA;M;12
2023/2024;80;REGGIO CALABRIA;48;FIRENZE;F;134
2023/2024;76;POTENZA;56;VITERBO;M;8
2024/2025;103;VERBANO CUSIO OSSOLA;37;BOLOGNA;M;35
2024/2025;84;AGRIGENTO;69;CHIETI;M;6
2023/2024;81;TRAPANI;43;MACERATA;F;12
2024/2025;60;FROSINONE;58;ROMA;F;4366
2023/2024;103;VERBANO CUSIO OSSOLA;38;FERRARA;M;7
2023/2024;16;BERGAMO;42;ANCONA;M;6
2024/2025;99;RIMINI;43;MACERATA;F;21
2024/2025;91;NUORO;15;MILANO;F;69
2024/2025;33;PIACENZA;50;PISA;F;12
2024/2025;21;BOLZANO;17;BRESCIA;M;8
2023/2024;1;TORINO;43;MACERATA;M;14
2024/2025;81;TRAPANI;69;CHIETI;M;10
2024/2025;78;COSENZA;101;CROTONE;M;6
2023/2024;78;COSENZA;79;CATANZARO;F;1279
2024/2025;10;GENOVA;3;NOVARA;F;5
2023/2024;48;FIRENZE;28;PADOVA;F;114
2024/2025;67;TERAMO;41;PESARO E URBINO;M;43
2023/2024;15;MILANO;63;NAPOLI;F;41
2024/2025;35;REGGIO EMILIA;99;RIMINI;M;10
2023/2024;44;ASCOLI PICENO;70;CAMPOBASSO;F;7
2023/2024;58;ROMA;71;FOGGIA;F;16
2024/2025;44;ASCOLI PICENO;50;PISA;M;23
2023/2024;78;COSENZA;43;MACERATA;M;10
2023/2024;9;SAVONA;37;BOLOGNA;M;31
2023/2024;998;PROVINCIA ESTERA;5;ASTI;F;26
2024/2025;80;REGGIO CALABRIA;87;CATANIA;F;25
2023/2024;63;NAPOLI;3;NOVARA;M;23
2023/2024;61;CASERTA;18;PAVIA;F;14
2024/2025;51;AREZZO;15;MILANO;M;119
2024/2025;998;PROVINCIA ESTERA;72;BARI;F;25
2023/2024;71;FOGGIA;43;MACERATA;M;52
2023/2024;1;TORINO;33;PIACENZA;F;15
2024/2025;98;LODI;34;PARMA;F;302
2024/2025;64;AVELLINO;18;PAVIA;M;12
2023/2024;74;BRINDISI;36;MODENA;F;40
2023/2024;54;PERUGIA;48;FIRENZE;F;257
2024/2025;72;BARI;38;FERRARA;F;94
2024/2025;32;TRIESTE;32;TRIESTE;F;2040
2024/2025;999;PROVINCIA NON DEFINITA;65;SALERNO;F;94
2024/2025;83;MESSINA;15;MILANO;M;181
2024/2025;73;TARANTO;19;CREMONA;F;8
2023/2024;63;NAPOLI;37;BOLOGNA;F;349
2023/2024;53;GROSSETO;52;SIENA;M;535
2024/2025;63;NAPOLI;50;PISA;M;127
2024/2025;22;TRENTO;21;BOLZANO;M;141
2023/2024;6;ALESSANDRIA;9;SAVONA;M;14
2023/2024;82;PALERMO;30;UDINE;F;10
2023/2024;43;MACERATA;42;ANCONA;M;1022
2023/2024;60;FROSINONE;40;FORLI'-CESENA;F;13
2024/2025;71;FOGGIA;1;TORINO;M;73
2024/2025;20;MANTOVA;19;CREMONA;M;6
2024/2025;31;GORIZIA;32;TRIESTE;M;619
2024/2025;97;LECCO;14;SONDRIO;F;5
2024/2025;15;MILANO;92;CAGLIARI;M;9
2023/2024;18;PAVIA;97;LECCO;F;5
2024/2025;42;ANCONA;23;VERONA;M;11
2023/2024;65;SALERNO;72;BARI;F;57
2023/2024;998;PROVINCIA ESTERA;62;BENEVENTO;F;13
2023/2024;109;FERMO;34;PARMA;F;36
2024/2025;19;CREMONA;34;PARMA;M;516
2023/2024;26;TREVISO;28;PADOVA;F;3625
2024/2025;81;TRAPANI;34;PARMA;M;134
2024/2025;17;BRESCIA;27;VENEZIA;M;61
2023/2024;4;CUNEO;28;PADOVA;M;10
2023/2024;5;ASTI;15;MILANO;M;38
2023/2024;103;VERBANO CUSIO OSSOLA;97;LECCO;M;5
2024/2025;102;VIBO VALENTIA;34;PARMA;F;22
2023/2024;41;PESARO E URBINO;32;TRIESTE;F;12
2024/2025;40;FORLI'-CESENA;50;PISA;M;14
2023/2024;81;TRAPANI;99;RIMINI;F;9
2024/2025;61;CASERTA;94;ISERNIA;F;92
2024/2025;1;TORINO;79;CATANZARO;M;11
2024/2025;90;SASSARI;6;ALESSANDRIA;F;5
2024/2025;71;FOGGIA;22;TRENTO;M;16
2023/2024;80;REGGIO CALABRIA;86;ENNA;F;40
2024/2025;8;IMPERIA;37;BOLOGNA;M;40
2024/2025;70;CAMPOBASSO;18;PAVIA;F;21
2024/2025;88;RAGUSA;19;CREMONA;M;8
2023/2024;25;BELLUNO;50;PISA;F;10
2023/2024;22;TRENTO;13;COMO;F;5
2023/2024;95;ORISTANO;63;NAPOLI;F;8
2024/2025;46;LUCCA;16;BERGAMO;F;5
2023/2024;63;NAPOLI;1;TORINO;F;64
2024/2025;62;BENEVENTO;36;MODENA;M;15
2023/2024;21;BOLZANO;17;BRESCIA;F;9
2024/2025;4;CUNEO;38;FERRARA;F;14
2024/2025;58;ROMA;26;TREVISO;F;12
2024/2025;59;LATINA;28;PADOVA;M;31
2023/2024;94;ISERNIA;52;SIENA;F;17
2023/2024;998;PROVINCIA ESTERA;20;MANTOVA;M;8
2023/2024;13;COMO;3;NOVARA;M;16
2023/2024;22;TRENTO;15;MILANO;F;72
2023/2024;23;VERONA;40;FORLI'-CESENA;F;43
2024/2025;95;ORISTANO;48;FIRENZE;F;20
2024/2025;98;LODI;19;CREMONA;M;12
2024/2025;23;VERONA;26;TREVISO;M;13
2024/2025;69;CHIETI;40;FORLI'-CESENA;F;34
2024/2025;34;PARMA;10;GENOVA;F;19
2024/2025;70;CAMPOBASSO;27;VENEZIA;F;14
2023/2024;1;TORINO;44;ASCOLI PICENO;F;8
2024/2025;12;VARESE;92;CAGLIARI;M;5
2024/2025;48;FIRENZE;42;ANCONA;F;5
2023/2024;63;NAPOLI;79;CATANZARO;F;61
2023/2024;87;CATANIA;39;RAVENNA;F;14
2023/2024;87;CATANIA;56;VITERBO;M;26
2024/2025;88;RAGUSA;15;MILANO;F;185
2023/2024;50;PISA;59;LATINA;F;6
2023/2024;59;LATINA;16;BERGAMO;M;19
2024/2025;39;RAVENNA;99;RIMINI;F;165
2023/2024;73;TARANTO;99;RIMINI;M;8
2023/2024;85;CALTANISSETTA;84;AGRIGENTO;F;43
2023/2024;69;CHIETI;60;FROSINONE;F;5
2023/2024;72;BARI;99;RIMINI;M;12
2024/2025;23;VERONA;36;MODENA;F;40
2024/2025;66;L'AQUILA;56;VITERBO;F;6
2023/2024;90;SASSARI;91;NUORO;F;21
2024/2025;67;TERAMO;38;FERRARA;M;22
2024/2025;75;LECCE;12;VARESE;M;30
2023/2024;6;ALESSANDRIA;37;BOLOGNA;F;62
2023/2024;64;AVELLINO;22;TRENTO;F;6
2024/2025;998;PROVINCIA ESTERA;57;RIETI;F;212
2024/2025;46;LUCCA;54;PERUGIA;F;17
2024/2025;72;BARI;69;CHIETI;M;68
2023/2024;16;BERGAMO;98;LODI;M;21
2023/2024;108;MONZA E BRIANZA;59;LATINA;F;5
2023/2024;13;COMO;52;SIENA;M;5
2024/2025;26;TREVISO;48;FIRENZE;M;41
2024/2025;85;CALTANISSETTA;108;MONZA E BRIANZA;M;5
2023/2024;3;NOVARA;1;TORINO;M;162
2024/2025;998;PROVINCIA ESTERA;50;PISA;M;1556
2024/2025;83;MESSINA;26;TREVISO;F;8
2023/2024;6;ALESSANDRIA;69;CHIETI;M;6
2023/2024;74;BRINDISI;50;PISA;M;88
2023/2024;75;LECCE;56;VITERBO;M;57
2024/2025;10;GENOVA;41;PESARO E URBINO;F;14
2023/2024;75;LECCE;19;CREMONA;F;6
2024/2025;80;REGGIO CALABRIA;27;VENEZIA;M;10
2024/2025;90;SASSARI;10;GENOVA;M;35
2023/2024;22;TRENTO;23;VERONA;F;1314
2023/2024;6;ALESSANDRIA;28;PADOVA;M;12
2023/2024;99;RIMINI;99;RIMINI;F;587
2023/2024;84;AGRIGENTO;43;MACERATA;M;13
2023/2024;58;ROMA;18;PAVIA;M;45
2024/2025;26;TREVISO;21;BOLZANO;F;42
2023/2024;10;GENOVA;1;TORINO;M;69
2023/2024;69;CHIETI;67;TERAMO;M;192
2024/2025;49;LIVORNO;37;BOLOGNA;F;80
2024/2025;37;BOLOGNA;83;MESSINA;F;8
2024/2025;8;IMPERIA;10;GENOVA;M;581
2024/2025;998;PROVINCIA ESTERA;19;CREMONA;F;54
2023/2024;98;LODI;15;MILANO;F;139
2024/2025;39;RAVENNA;1;TORINO;F;31
2024/2025;73;TARANTO;69;CHIETI;M;101
2023/2024;48;FIRENZE;54;PERUGIA;F;88
2023/2024;101;CROTONE;15;MILANO;M;27
2024/2025;63;NAPOLI;92;CAGLIARI;M;128
2023/2024;74;BRINDISI;69;CHIETI;F;129
2023/2024;84;AGRIGENTO;85;CALTANISSETTA;F;65
2023/2024;111;SUD SARDEGNA;48;FIRENZE;F;26
2023/2024;110;BARLETTA - ANDRIA - TRANI;52;SIENA;M;15
2023/2024;110;BARLETTA - ANDRIA - TRANI;66;L'AQUILA;M;40
2023/2024;28;PADOVA;26;TREVISO;F;236
2023/2024;42;ANCONA;48;FIRENZE;M;47
2023/2024;38;FERRARA;27;VENEZIA;M;30
2024/2025;21;BOLZANO;48;FIRENZE;M;54
2023/2024;2;VERCELLI;12;VARESE;M;10
2024/2025;87;CATANIA;32;TRIESTE;M;16
2023/2024;12;VARESE;97;LECCO;F;16
2023/2024;62;BENEVENTO;35;REGGIO EMILIA;M;5
2023/2024;89;SIRACUSA;86;ENNA;M;124
2024/2025;9;SAVONA;8;IMPERIA;M;21
2024/2025;62;BENEVENTO;16;BERGAMO;F;9
2023/2024;101;CROTONE;41;PESARO E URBINO;M;7
2023/2024;88;RAGUSA;30;UDINE;M;6
2024/2025;37;BOLOGNA;10;GENOVA;F;8
2023/2024;61;CASERTA;69;CHIETI;M;9
2024/2025;73;TARANTO;86;ENNA;M;5
2024/2025;5;ASTI;58;ROMA;M;12
2023/2024;4;CUNEO;23;VERONA;F;12
2023/2024;61;CASERTA;73;TARANTO;F;5
2023/2024;65;SALERNO;36;MODENA;F;47
2024/2025;42;ANCONA;99;RIMINI;F;56
2023/2024;4;CUNEO;38;FERRARA;F;9
2023/2024;64;AVELLINO;59;LATINA;F;6
2023/2024;65;SALERNO;1;TORINO;M;141
2024/2025;95;ORISTANO;1;TORINO;M;36
2024/2025;30;UDINE;69;CHIETI;F;6
2024/2025;64;AVELLINO;79;CATANZARO;F;7
2023/2024;86;ENNA;1;TORINO;F;15
2023/2024;97;LECCO;99;RIMINI;F;5
2024/2025;998;PROVINCIA ESTERA;13;COMO;M;49
2023/2024;999;PROVINCIA NON DEFINITA;17;BRESCIA;M;17
2023/2024;90;SASSARI;34;PARMA;F;64
2024/2025;57;RIETI;66;L'AQUILA;F;471
2023/2024;34;PARMA;19;CREMONA;M;9
2024/2025;35;REGGIO EMILIA;42;ANCONA;F;11
2023/2024;81;TRAPANI;50;PISA;F;220
2024/2025;41;PESARO E URBINO;48;FIRENZE;F;84
2024/2025;19;CREMONA;23;VERONA;F;56
2023/2024;88;RAGUSA;43;MACERATA;F;8
2024/2025;85;CALTANISSETTA;85;CALTANISSETTA;M;106
2024/2025;17;BRESCIA;71;FOGGIA;F;5
2024/2025;15;MILANO;67;TERAMO;F;10
2023/2024;30;UDINE;29;ROVIGO;F;7
2024/2025;64;AVELLINO;50;PISA;F;56
2024/2025;99;RIMINI;22;TRENTO;F;18
2024/2025;52;SIENA;48;FIRENZE;M;606
2024/2025;31;GORIZIA;27;VENEZIA;F;112
2024/2025;87;CATANIA;82;PALERMO;M;103
2024/2025;998;PROVINCIA ESTERA;15;MILANO;M;823
2023/2024;44;ASCOLI PICENO;23;VERONA;F;11
2024/2025;16;BERGAMO;50;PISA;M;28
2023/2024;18;PAVIA;22;TRENTO;M;12
2023/2024;89;SIRACUSA;66;L'AQUILA;F;16
2023/2024;45;MASSA CARRARA;18;PAVIA;F;10
2023/2024;20;MANTOVA;26;TREVISO;F;5
2024/2025;80;REGGIO CALABRIA;63;NAPOLI;F;64
2024/2025;54;PERUGIA;66;L'AQUILA;F;47
2023/2024;63;NAPOLI;78;COSENZA;M;20
2023/2024;42;ANCONA;42;ANCONA;F;1851
2023/2024;82;PALERMO;15;MILANO;M;104
2024/2025;61;CASERTA;10;GENOVA;F;11
2023/2024;47;PISTOIA;50;PISA;F;535
2023/2024;46;LUCCA;27;VENEZIA;M;14
2023/2024;49;LIVORNO;27;VENEZIA;M;10
2024/2025;81;TRAPANI;32;TRIESTE;F;19
2024/2025;998;PROVINCIA ESTERA;79;CATANZARO;F;134
2024/2025;31;GORIZIA;28;PADOVA;M;45
2024/2025;69;CHIETI;22;TRENTO;M;17
2024/2025;37;BOLOGNA;66;L'AQUILA;F;7
2023/2024;17;BRESCIA;42;ANCONA;F;11
2023/2024;5;ASTI;27;VENEZIA;F;14
2023/2024;7;AOSTA;22;TRENTO;F;7
2023/2024;27;VENEZIA;10;GENOVA;F;11
2024/2025;7;AOSTA;52;SIENA;F;6
2024/2025;16;BERGAMO;40;FORLI'-CESENA;M;11
2024/2025;77;MATERA;15;MILANO;M;121
2023/2024;60;FROSINONE;70;CAMPOBASSO;M;24
2023/2024;97;LECCO;34;PARMA;F;22
2024/2025;1;TORINO;83;MESSINA;F;22
2023/2024;5;ASTI;18;PAVIA;F;54
2024/2025;92;CAGLIARI;43;MACERATA;M;7
2024/2025;109;FERMO;58;ROMA;F;129
2024/2025;59;LATINA;22;TRENTO;M;24
2024/2025;90;SASSARI;39;RAVENNA;F;6
2024/2025;16;BERGAMO;67;TERAMO;F;5
2023/2024;65;SALERNO;41;PESARO E URBINO;F;71
2023/2024;110;BARLETTA - ANDRIA - TRANI;62;BENEVENTO;F;6
2023/2024;35;REGGIO EMILIA;36;MODENA;M;1336
2024/2025;85;CALTANISSETTA;10;GENOVA;F;14
2023/2024;20;MANTOVA;18;PAVIA;F;34
2024/2025;31;GORIZIA;15;MILANO;M;18
2024/2025;85;CALTANISSETTA;32;TRIESTE;M;7
2024/2025;71;FOGGIA;56;VITERBO;F;9
2024/2025;94;ISERNIA;37;BOLOGNA;M;27
2024/2025;27;VENEZIA;69;CHIETI;F;11
2023/2024;85;CALTANISSETTA;37;BOLOGNA;F;112
2023/2024;62;BENEVENTO;62;BENEVENTO;M;1128
2023/2024;76;POTENZA;1;TORINO;M;155
2024/2025;16;BERGAMO;7;AOSTA;F;5
2023/2024;48;FIRENZE;1;TORINO;F;98
2024/2025;72;BARI;108;MONZA E BRIANZA;F;7
2024/2025;89;SIRACUSA;1;TORINO;F;169
2023/2024;81;TRAPANI;85;CALTANISSETTA;F;27
2024/2025;998;PROVINCIA ESTERA;56;VITERBO;F;304
2023/2024;94;ISERNIA;66;L'AQUILA;M;25
2023/2024;44;ASCOLI PICENO;32;TRIESTE;F;10
2023/2024;13;COMO;37;BOLOGNA;M;55
2024/2025;63;NAPOLI;10;GENOVA;F;56
2024/2025;18;PAVIA;39;RAVENNA;F;5
2024/2025;81;TRAPANI;35;REGGIO EMILIA;F;13
2023/2024;61;CASERTA;37;BOLOGNA;F;114
2024/2025;999;PROVINCIA NON DEFINITA;75;LECCE;F;622
2023/2024;8;IMPERIA;9;SAVONA;F;54
2023/2024;89;SIRACUSA;52;SIENA;M;30
2023/2024;17;BRESCIA;16;BERGAMO;F;1262
2024/2025;54;PERUGIA;44;ASCOLI PICENO;M;9
2024/2025;22;TRENTO;17;BRESCIA;F;148
2023/2024;22;TRENTO;41;PESARO E URBINO;M;15
2023/2024;15;MILANO;69;CHIETI;M;5
2023/2024;69;CHIETI;69;CHIETI;F;1877
2024/2025;50;PISA;50;PISA;F;4184
2024/2025;93;PORDENONE;48;FIRENZE;F;33
2023/2024;44;ASCOLI PICENO;37;BOLOGNA;F;280
2024/2025;63;NAPOLI;67;TERAMO;M;22
2024/2025;998;PROVINCIA ESTERA;6;ALESSANDRIA;F;74
2024/2025;58;ROMA;57;RIETI;F;65
2023/2024;29;ROVIGO;50;PISA;M;5
2023/2024;82;PALERMO;41;PESARO E URBINO;F;24
2024/2025;101;CROTONE;37;BOLOGNA;F;98
2023/2024;28;PADOVA;23;VERONA;F;317
2023/2024;43;MACERATA;43;MACERATA;F;2626
2024/2025;40;FORLI'-CESENA;15;MILANO;M;97
2024/2025;39;RAVENNA;43;MACERATA;M;5
2023/2024;999;PROVINCIA NON DEFINITA;31;GORIZIA;F;5
2024/2025;40;FORLI'-CESENA;23;VERONA;M;9
2023/2024;88;RAGUSA;84;AGRIGENTO;F;5
2023/2024;63;NAPOLI;36;MODENA;M;136
2024/2025;13;COMO;1;TORINO;F;5
2023/2024;91;NUORO;95;ORISTANO;M;16
2024/2025;50;PISA;100;PRATO;F;18
2024/2025;87;CATANIA;39;RAVENNA;F;8
2023/2024;68;PESCARA;1;TORINO;F;58
2023/2024;9;SAVONA;16;BERGAMO;F;10
2024/2025;1;TORINO;23;VERONA;F;29
2023/2024;57;RIETI;58;ROMA;F;1280
2023/2024;12;VARESE;19;CREMONA;M;5
2023/2024;103;VERBANO CUSIO OSSOLA;12;VARESE;M;165
2024/2025;66;L'AQUILA;23;VERONA;F;6
2023/2024;44;ASCOLI PICENO;63;NAPOLI;M;6
2023/2024;97;LECCO;16;BERGAMO;F;747
2024/2025;998;PROVINCIA ESTERA;76;POTENZA;M;6
2023/2024;14;SONDRIO;97;LECCO;F;23
2024/2025;90;SASSARI;32;TRIESTE;M;14
2023/2024;63;NAPOLI;54;PERUGIA;F;129
2023/2024;75;LECCE;73;TARANTO;M;40
2023/2024;34;PARMA;43;MACERATA;F;7
2023/2024;87;CATANIA;61;CASERTA;M;9
2024/2025;16;BERGAMO;58;ROMA;F;138
2023/2024;77;MATERA;32;TRIESTE;F;10
2024/2025;15;MILANO;69;CHIETI;M;6
2023/2024;45;MASSA CARRARA;10;GENOVA;F;77
2024/2025;94;ISERNIA;27;VENEZIA;F;11
2024/2025;31;GORIZIA;50;PISA;F;7
2024/2025;78;COSENZA;12;VARESE;F;7
2023/2024;28;PADOVA;15;MILANO;M;109
2024/2025;77;MATERA;76;POTENZA;M;166
2024/2025;54;PERUGIA;1;TORINO;F;58
2023/2024;1;TORINO;11;LA SPEZIA;M;7
2024/2025;30;UDINE;90;SASSARI;F;5
2024/2025;108;MONZA E BRIANZA;48;FIRENZE;F;27
2023/2024;108;MONZA E BRIANZA;19;CREMONA;M;5
2024/2025;65;SALERNO;57;RIETI;M;8
2023/2024;75;LECCE;10;GENOVA;M;16
2024/2025;7;AOSTA;27;VENEZIA;M;5
2024/2025;34;PARMA;48;FIRENZE;F;26
2024/2025;19;CREMONA;38;FERRARA;F;34
2023/2024;87;CATANIA;1;TORINO;F;77
2023/2024;51;AREZZO;58;ROMA;F;227
2023/2024;999;PROVINCIA NON DEFINITA;70;CAMPOBASSO;F;46
2024/2025;47;PISTOIA;32;TRIESTE;F;5
2024/2025;998;PROVINCIA ESTERA;75;LECCE;F;223
2023/2024;43;MACERATA;26;TREVISO;F;6
2023/2024;2;VERCELLI;96;BIELLA;F;9
2024/2025;11;LA SPEZIA;1;TORINO;F;69
2024/2025;63;NAPOLI;72;BARI;M;89
2024/2025;82;PALERMO;73;TARANTO;M;5
2024/2025;98;LODI;10;GENOVA;M;6
2023/2024;65;SALERNO;66;L'AQUILA;M;179
2023/2024;78;COSENZA;10;GENOVA;F;24
2023/2024;30;UDINE;56;VITERBO;M;8
2023/2024;90;SASSARI;50;PISA;M;178
2023/2024;66;L'AQUILA;68;PESCARA;F;345
2024/2025;26;TREVISO;10;GENOVA;F;11
2023/2024;999;PROVINCIA NON DEFINITA;82;PALERMO;M;1718
2024/2025;64;AVELLINO;69;CHIETI;M;40
2024/2025;998;PROVINCIA ESTERA;39;RAVENNA;M;181
2024/2025;21;BOLZANO;34;PARMA;M;30
2023/2024;95;ORISTANO;27;VENEZIA;F;18
2023/2024;65;SALERNO;90;SASSARI;F;7
2023/2024;3;NOVARA;5;ASTI;F;5
2023/2024;84;AGRIGENTO;57;RIETI;F;14
2024/2025;100;PRATO;52;SIENA;F;68
2024/2025;1;TORINO;55;TERNI;F;14
2024/2025;91;NUORO;50;PISA;M;113
2024/2025;84;AGRIGENTO;81;TRAPANI;M;27
2024/2025;65;SALERNO;1;TORINO;F;152
2023/2024;29;ROVIGO;29;ROVIGO;M;88
2024/2025;999;PROVINCIA NON DEFINITA;24;VICENZA;M;5
2023/2024;63;NAPOLI;55;TERNI;F;20
2023/2024;72;BARI;42;ANCONA;F;10
2023/2024;6;ALESSANDRIA;15;MILANO;F;468
2024/2025;37;BOLOGNA;99;RIMINI;M;112
2024/2025;83;MESSINA;88;RAGUSA;F;12
2024/2025;63;NAPOLI;24;VICENZA;M;8
2024/2025;23;VERONA;54;PERUGIA;F;41
2024/2025;999;PROVINCIA NON DEFINITA;54;PERUGIA;M;54
2023/2024;57;RIETI;36;MODENA;M;10
2024/2025;67;TERAMO;66;L'AQUILA;M;828
2023/2024;101;CROTONE;66;L'AQUILA;M;7
2024/2025;65;SALERNO;64;AVELLINO;M;47
2023/2024;84;AGRIGENTO;18;PAVIA;M;111
2024/2025;998;PROVINCIA ESTERA;7;AOSTA;F;37
2024/2025;29;ROVIGO;38;FERRARA;F;979
2023/2024;11;LA SPEZIA;37;BOLOGNA;M;69
2023/2024;58;ROMA;86;ENNA;F;6
2023/2024;85;CALTANISSETTA;57;RIETI;F;5
2024/2025;48;FIRENZE;43;MACERATA;F;12
2023/2024;29;ROVIGO;36;MODENA;F;6
2024/2025;30;UDINE;21;BOLZANO;F;15
2024/2025;110;BARLETTA - ANDRIA - TRANI;72;BARI;F;3007
2024/2025;28;PADOVA;40;FORLI'-CESENA;M;16
2024/2025;72;BARI;73;TARANTO;F;18
2023/2024;86;ENNA;82;PALERMO;F;140
2023/2024;79;CATANZARO;27;VENEZIA;M;6
2024/2025;56;VITERBO;27;VENEZIA;M;6
2024/2025;59;LATINA;28;PADOVA;F;33
2024/2025;89;SIRACUSA;90;SASSARI;M;6
2024/2025;14;SONDRIO;15;MILANO;F;120
2024/2025;89;SIRACUSA;72;BARI;F;8
2023/2024;76;POTENZA;36;MODENA;M;73
2024/2025;58;ROMA;26;TREVISO;M;6
2024/2025;33;PIACENZA;58;ROMA;F;43
2023/2024;34;PARMA;33;PIACENZA;M;106
2024/2025;86;ENNA;48;FIRENZE;M;15
2023/2024;998;PROVINCIA ESTERA;20;MANTOVA;F;18
2024/2025;999;PROVINCIA NON DEFINITA;44;ASCOLI PICENO;F;9
2024/2025;17;BRESCIA;48;FIRENZE;F;63
2024/2025;77;MATERA;72;BARI;F;890
2024/2025;48;FIRENZE;54;PERUGIA;F;112
2024/2025;87;CATANIA;58;ROMA;M;378
2023/2024;9;SAVONA;15;MILANO;F;216
2023/2024;10;GENOVA;41;PESARO E URBINO;F;14
2023/2024;42;ANCONA;35;REGGIO EMILIA;M;9
2024/2025;82;PALERMO;32;TRIESTE;F;26
2023/2024;65;SALERNO;76;POTENZA;M;159
2023/2024;19;CREMONA;33;PIACENZA;M;26
2023/2024;97;LECCO;40;FORLI'-CESENA;M;5
2023/2024;89;SIRACUSA;35;REGGIO EMILIA;F;11
2023/2024;13;COMO;98;LODI;M;5
2024/2025;23;VERONA;42;ANCONA;M;11
2023/2024;63;NAPOLI;76;POTENZA;F;19
2024/2025;83;MESSINA;83;MESSINA;F;6911
2024/2025;6;ALESSANDRIA;40;FORLI'-CESENA;F;5
2024/2025;63;NAPOLI;108;MONZA E BRIANZA;M;5
2024/2025;54;PERUGIA;36;MODENA;F;26
2023/2024;61;CASERTA;72;BARI;F;18
2023/2024;56;VITERBO;39;RAVENNA;F;6
2024/2025;6;ALESSANDRIA;37;BOLOGNA;F;64
2023/2024;75;LECCE;1;TORINO;M;280
2024/2025;12;VARESE;50;PISA;F;25
2023/2024;70;CAMPOBASSO;1;TORINO;F;53
2024/2025;60;FROSINONE;41;PESARO E URBINO;F;11
2023/2024;89;SIRACUSA;22;TRENTO;F;16
2024/2025;29;ROVIGO;41;PESARO E URBINO;F;10
2023/2024;20;MANTOVA;1;TORINO;M;18
2023/2024;20;MANTOVA;16;BERGAMO;F;14
2023/2024;55;TERNI;28;PADOVA;M;15
2024/2025;69;CHIETI;61;CASERTA;M;6
2024/2025;83;MESSINA;78;COSENZA;M;7
2024/2025;32;TRIESTE;1;TORINO;F;5
2023/2024;63;NAPOLI;92;CAGLIARI;F;125
2023/2024;37;BOLOGNA;59;LATINA;F;8
2024/2025;33;PIACENZA;15;MILANO;F;137
2024/2025;70;CAMPOBASSO;43;MACERATA;F;36
2024/2025;101;CROTONE;15;MILANO;M;93
2024/2025;38;FERRARA;35;REGGIO EMILIA;F;64
2024/2025;72;BARI;67;TERAMO;F;12
2024/2025;77;MATERA;75;LECCE;F;126
2024/2025;55;TERNI;27;VENEZIA;F;16
2024/2025;35;REGGIO EMILIA;16;BERGAMO;F;7
2023/2024;22;TRENTO;52;SIENA;F;39
2023/2024;28;PADOVA;28;PADOVA;M;6668
2024/2025;67;TERAMO;55;TERNI;F;6
2024/2025;62;BENEVENTO;65;SALERNO;F;485
2023/2024;20;MANTOVA;52;SIENA;F;10
2024/2025;61;CASERTA;37;BOLOGNA;F;96
2024/2025;70;CAMPOBASSO;99;RIMINI;M;5
2023/2024;38;FERRARA;18;PAVIA;F;12
2024/2025;58;ROMA;92;CAGLIARI;M;19
2023/2024;71;FOGGIA;1;TORINO;F;49
2023/2024;44;ASCOLI PICENO;18;PAVIA;M;21
2024/2025;17;BRESCIA;34;PARMA;F;553
2023/2024;61;CASERTA;94;ISERNIA;F;88
2024/2025;1;TORINO;48;FIRENZE;F;96
2023/2024;59;LATINA;1;TORINO;M;30
2023/2024;81;TRAPANI;15;MILANO;F;39
2023/2024;54;PERUGIA;34;PARMA;M;16
2023/2024;52;SIENA;55;TERNI;M;8
2024/2025;109;FERMO;42;ANCONA;F;336
2023/2024;12;VARESE;42;ANCONA;M;6
2023/2024;97;LECCO;48;FIRENZE;M;8
2023/2024;15;MILANO;59;LATINA;F;17
2024/2025;55;TERNI;15;MILANO;F;22
2023/2024;59;LATINA;28;PADOVA;M;26
2023/2024;91;NUORO;38;FERRARA;F;23
2024/2025;94;ISERNIA;94;ISERNIA;M;129
2024/2025;42;ANCONA;35;REGGIO EMILIA;F;12
2023/2024;90;SASSARI;83;MESSINA;F;5
2024/2025;87;CATANIA;65;SALERNO;F;5
2024/2025;30;UDINE;31;GORIZIA;F;321
2023/2024;76;POTENZA;71;FOGGIA;M;91
2024/2025;56;VITERBO;43;MACERATA;F;18
2023/2024;111;SUD SARDEGNA;27;VENEZIA;M;5
2023/2024;59;LATINA;32;TRIESTE;M;13
2023/2024;83;MESSINA;23;VERONA;M;11
2024/2025;21;BOLZANO;28;PADOVA;M;144
2024/2025;78;COSENZA;101;CROTONE;F;6
2024/2025;92;CAGLIARI;10;GENOVA;M;21
2023/2024;83;MESSINA;12;VARESE;M;9
2023/2024;12;VARESE;59;LATINA;F;5
2023/2024;38;FERRARA;52;SIENA;F;12
2024/2025;89;SIRACUSA;18;PAVIA;M;42
2023/2024;999;PROVINCIA NON DEFINITA;72;BARI;F;493
2023/2024;110;BARLETTA - ANDRIA - TRANI;28;PADOVA;F;49
2024/2025;98;LODI;1;TORINO;M;8
2024/2025;41;PESARO E URBINO;21;BOLZANO;F;6
2023/2024;67;TERAMO;52;SIENA;F;17
2023/2024;62;BENEVENTO;65;SALERNO;M;251
2023/2024;34;PARMA;92;CAGLIARI;F;5
2023/2024;86;ENNA;37;BOLOGNA;M;36
2023/2024;80;REGGIO CALABRIA;48;FIRENZE;M;68
2024/2025;1;TORINO;34;PARMA;F;67
2024/2025;42;ANCONA;37;BOLOGNA;M;426
2024/2025;82;PALERMO;22;TRENTO;M;46
2024/2025;14;SONDRIO;32;TRIESTE;M;5
2024/2025;83;MESSINA;40;FORLI'-CESENA;M;17
2024/2025;99;RIMINI;33;PIACENZA;F;10
2024/2025;100;PRATO;100;PRATO;M;31
2023/2024;91;NUORO;34;PARMA;F;36
2024/2025;58;ROMA;15;MILANO;M;568
2023/2024;50;PISA;51;AREZZO;F;23
2024/2025;77;MATERA;15;MILANO;F;140
2024/2025;74;BRINDISI;59;LATINA;F;8
2024/2025;102;VIBO VALENTIA;56;VITERBO;M;5
2024/2025;110;BARLETTA - ANDRIA - TRANI;15;MILANO;F;186
2024/2025;76;POTENZA;28;PADOVA;M;37
2023/2024;23;VERONA;19;CREMONA;F;8
2024/2025;27;VENEZIA;28;PADOVA;M;3019
2023/2024;36;MODENA;21;BOLZANO;F;15
2023/2024;74;BRINDISI;1;TORINO;F;67
2023/2024;84;AGRIGENTO;15;MILANO;F;19
2024/2025;64;AVELLINO;12;VARESE;F;5
2024/2025;58;ROMA;39;RAVENNA;F;14
2023/2024;89;SIRACUSA;36;MODENA;F;16
2023/2024;73;TARANTO;78;COSENZA;F;7
2024/2025;83;MESSINA;28;PADOVA;M;41
2023/2024;86;ENNA;1;TORINO;M;27
2024/2025;33;PIACENZA;27;VENEZIA;F;25
2023/2024;1;TORINO;58;ROMA;M;190
2023/2024;65;SALERNO;35;REGGIO EMILIA;F;38
2023/2024;19;CREMONA;23;VERONA;M;16
2023/2024;44;ASCOLI PICENO;68;PESCARA;F;42
2023/2024;87;CATANIA;88;RAGUSA;F;185
2024/2025;23;VERONA;15;MILANO;F;180
2024/2025;18;PAVIA;35;REGGIO EMILIA;F;12
2023/2024;40;FORLI'-CESENA;15;MILANO;F;141
2023/2024;19;CREMONA;50;PISA;F;14
2024/2025;103;VERBANO CUSIO OSSOLA;2;VERCELLI;F;40
2024/2025;54;PERUGIA;82;PALERMO;F;6
2024/2025;108;MONZA E BRIANZA;13;COMO;F;114
2024/2025;24;VICENZA;33;PIACENZA;F;5
2024/2025;110;BARLETTA - ANDRIA - TRANI;56;VITERBO;M;9
2024/2025;17;BRESCIA;19;CREMONA;F;94
2024/2025;101;CROTONE;69;CHIETI;F;19
2024/2025;87;CATANIA;69;CHIETI;M;7
2023/2024;27;VENEZIA;42;ANCONA;F;10
2024/2025;37;BOLOGNA;33;PIACENZA;F;28
2023/2024;103;VERBANO CUSIO OSSOLA;38;FERRARA;F;10
2023/2024;43;MACERATA;28;PADOVA;M;82
2023/2024;2;VERCELLI;5;ASTI;M;9
2023/2024;47;PISTOIA;48;FIRENZE;F;2942
2024/2025;48;FIRENZE;35;REGGIO EMILIA;M;6
2023/2024;77;MATERA;72;BARI;M;326
2023/2024;48;FIRENZE;28;PADOVA;M;52
2024/2025;75;LECCE;18;PAVIA;M;125
2023/2024;63;NAPOLI;86;ENNA;F;9
2024/2025;51;AREZZO;87;CATANIA;F;5
2024/2025;26;TREVISO;37;BOLOGNA;F;351
2024/2025;85;CALTANISSETTA;23;VERONA;M;9
2024/2025;27;VENEZIA;1;TORINO;F;12
2024/2025;13;COMO;58;ROMA;F;60
2023/2024;51;AREZZO;1;TORINO;F;11
2023/2024;88;RAGUSA;32;TRIESTE;F;20
2024/2025;31;GORIZIA;38;FERRARA;M;7
2023/2024;57;RIETI;66;L'AQUILA;F;495
2023/2024;10;GENOVA;40;FORLI'-CESENA;F;26
2024/2025;24;VICENZA;25;BELLUNO;M;6
2024/2025;62;BENEVENTO;72;BARI;M;14
2024/2025;88;RAGUSA;38;FERRARA;F;158
2024/2025;73;TARANTO;99;RIMINI;M;7
2023/2024;89;SIRACUSA;37;BOLOGNA;F;132
2024/2025;25;BELLUNO;48;FIRENZE;M;9
2024/2025;78;COSENZA;50;PISA;M;136
2024/2025;58;ROMA;42;ANCONA;M;30
2024/2025;26;TREVISO;59;LATINA;F;9
2024/2025;75;LECCE;52;SIENA;F;95
2023/2024;16;BERGAMO;1;TORINO;M;23
2023/2024;27;VENEZIA;12;VARESE;M;5
2023/2024;71;FOGGIA;56;VITERBO;M;31
2024/2025;37;BOLOGNA;15;MILANO;F;134
2023/2024;30;UDINE;35;REGGIO EMILIA;F;9
2023/2024;78;COSENZA;48;FIRENZE;M;135
2024/2025;68;PESCARA;35;REGGIO EMILIA;F;10
2024/2025;90;SASSARI;58;ROMA;M;154
2023/2024;22;TRENTO;26;TREVISO;M;7
2023/2024;6;ALESSANDRIA;72;BARI;F;5
2023/2024;95;ORISTANO;37;BOLOGNA;M;41
2023/2024;84;AGRIGENTO;79;CATANZARO;F;14
2024/2025;62;BENEVENTO;71;FOGGIA;F;22
2023/2024;43;MACERATA;43;MACERATA;M;1450
2023/2024;65;SALERNO;59;LATINA;M;19
2023/2024;29;ROVIGO;23;VERONA;F;123
2024/2025;51;AREZZO;23;VERONA;F;10
2023/2024;47;PISTOIA;43;MACERATA;M;5
2024/2025;15;MILANO;15;MILANO;F;2870
2024/2025;69;CHIETI;66;L'AQUILA;M;459
2024/2025;44;ASCOLI PICENO;32;TRIESTE;F;9
2024/2025;50;PISA;54;PERUGIA;M;13
2024/2025;10;GENOVA;33;PIACENZA;M;9
2024/2025;88;RAGUSA;1;TORINO;F;89
2023/2024;40;FORLI'-CESENA;50;PISA;F;14
2023/2024;11;LA SPEZIA;1;TORINO;M;21
2024/2025;99;RIMINI;27;VENEZIA;F;68
2023/2024;14;SONDRIO;1;TORINO;F;6
2024/2025;63;NAPOLI;43;MACERATA;M;41
2024/2025;34;PARMA;50;PISA;M;21
2024/2025;44;ASCOLI PICENO;109;FERMO;M;55
2024/2025;80;REGGIO CALABRIA;22;TRENTO;M;14
2023/2024;98;LODI;58;ROMA;F;17
2024/2025;36;MODENA;42;ANCONA;M;11
2024/2025;77;MATERA;22;TRENTO;F;17
2024/2025;64;AVELLINO;62;BENEVENTO;F;471
2023/2024;59;LATINA;34;PARMA;M;15
2023/2024;60;FROSINONE;56;VITERBO;M;49
2024/2025;77;MATERA;66;L'AQUILA;M;26
2024/2025;96;BIELLA;58;ROMA;F;18
2023/2024;19;CREMONA;34;PARMA;F;760
2023/2024;72;BARI;16;BERGAMO;M;20
2024/2025;75;LECCE;68;PESCARA;M;33
2024/2025;68;PESCARA;52;SIENA;F;28
2023/2024;58;ROMA;72;BARI;M;21
2024/2025;74;BRINDISI;74;BRINDISI;M;158
2024/2025;60;FROSINONE;54;PERUGIA;M;62
2024/2025;33;PIACENZA;19;CREMONA;F;26
2023/2024;17;BRESCIA;1;TORINO;F;12
2024/2025;111;SUD SARDEGNA;40;FORLI'-CESENA;F;6
2024/2025;71;FOGGIA;33;PIACENZA;F;13
2023/2024;24;VICENZA;35;REGGIO EMILIA;M;5
2024/2025;7;AOSTA;37;BOLOGNA;M;15
2023/2024;12;VARESE;52;SIENA;F;23
2023/2024;58;ROMA;68;PESCARA;F;20
2024/2025;1;TORINO;6;ALESSANDRIA;M;72
2024/2025;14;SONDRIO;97;LECCO;F;16
2023/2024;14;SONDRIO;48;FIRENZE;M;6
2024/2025;111;SUD SARDEGNA;32;TRIESTE;F;10
2024/2025;998;PROVINCIA ESTERA;92;CAGLIARI;M;94
2024/2025;111;SUD SARDEGNA;91;NUORO;F;10
2024/2025;48;FIRENZE;72;BARI;M;5
2023/2024;76;POTENZA;77;MATERA;F;185
2024/2025;71;FOGGIA;42;ANCONA;F;147
2024/2025;64;AVELLINO;1;TORINO;F;40
2024/2025;24;VICENZA;50;PISA;M;32
2024/2025;34;PARMA;21;BOLZANO;F;5
2023/2024;1;TORINO;17;BRESCIA;F;8
2024/2025;72;BARI;1;TORINO;M;269
2023/2024;43;MACERATA;44;ASCOLI PICENO;M;103
2023/2024;70;CAMPOBASSO;63;NAPOLI;M;83
2024/2025;100;PRATO;10;GENOVA;F;7
2024/2025;68;PESCARA;38;FERRARA;M;16
2024/2025;27;VENEZIA;58;ROMA;F;188
2024/2025;53;GROSSETO;10;GENOVA;M;10
2024/2025;39;RAVENNA;15;MILANO;F;60
2024/2025;26;TREVISO;36;MODENA;F;13
2023/2024;92;CAGLIARI;16;BERGAMO;F;6
2024/2025;21;BOLZANO;34;PARMA;F;30
2024/2025;1;TORINO;15;MILANO;M;57
2024/2025;998;PROVINCIA ESTERA;52;SIENA;F;1030
2023/2024;73;TARANTO;34;PARMA;M;117
2023/2024;82;PALERMO;10;GENOVA;M;16
2024/2025;95;ORISTANO;18;PAVIA;F;18
2023/2024;998;PROVINCIA ESTERA;73;TARANTO;M;5
2023/2024;48;FIRENZE;16;BERGAMO;F;7
2023/2024;76;POTENZA;54;PERUGIA;M;111
2023/2024;44;ASCOLI PICENO;50;PISA;M;19
2024/2025;78;COSENZA;69;CHIETI;F;91
2023/2024;27;VENEZIA;15;MILANO;F;73
2024/2025;90;SASSARI;38;FERRARA;M;15
2023/2024;55;TERNI;42;ANCONA;M;14
2024/2025;103;VERBANO CUSIO OSSOLA;13;COMO;M;5
2023/2024;2;VERCELLI;27;VENEZIA;F;10
2024/2025;17;BRESCIA;50;PISA;M;37
2023/2024;47;PISTOIA;36;MODENA;M;16
2023/2024;39;RAVENNA;28;PADOVA;F;97
2024/2025;12;VARESE;27;VENEZIA;M;29
2024/2025;6;ALESSANDRIA;66;L'AQUILA;F;6
2024/2025;100;PRATO;69;CHIETI;F;5
2024/2025;70;CAMPOBASSO;32;TRIESTE;M;6
2024/2025;83;MESSINA;50;PISA;F;72
2024/2025;62;BENEVENTO;28;PADOVA;M;17
2024/2025;26;TREVISO;18;PAVIA;M;7
2023/2024;61;CASERTA;38;FERRARA;F;22
2023/2024;73;TARANTO;28;PADOVA;M;59
2023/2024;82;PALERMO;59;LATINA;M;7
2023/2024;48;FIRENZE;32;TRIESTE;M;13
2023/2024;78;COSENZA;15;MILANO;F;35
2023/2024;54;PERUGIA;99;RIMINI;F;12
2024/2025;97;LECCO;10;GENOVA;F;17
2023/2024;65;SALERNO;15;MILANO;M;446
2024/2025;38;FERRARA;1;TORINO;M;18
2024/2025;91;NUORO;48;FIRENZE;M;24
2023/2024;59;LATINA;52;SIENA;F;58
2024/2025;69;CHIETI;63;NAPOLI;F;73
2024/2025;14;SONDRIO;13;COMO;F;11
2023/2024;9;SAVONA;36;MODENA;F;5
2024/2025;74;BRINDISI;50;PISA;F;75
2024/2025;102;VIBO VALENTIA;18;PAVIA;M;12
2024/2025;43;MACERATA;48;FIRENZE;F;62
2023/2024;73;TARANTO;61;CASERTA;F;7
2024/2025;999;PROVINCIA NON DEFINITA;6;ALESSANDRIA;F;98
2023/2024;39;RAVENNA;15;MILANO;F;153
2024/2025;16;BERGAMO;33;PIACENZA;M;13
2024/2025;12;VARESE;34;PARMA;F;68
2024/2025;33;PIACENZA;98;LODI;F;15
2023/2024;57;RIETI;48;FIRENZE;M;26
2023/2024;14;SONDRIO;108;MONZA E BRIANZA;F;5
2023/2024;9;SAVONA;1;TORINO;M;159
2024/2025;48;FIRENZE;55;TERNI;F;11
2023/2024;15;MILANO;19;CREMONA;F;10
2023/2024;29;ROVIGO;38;FERRARA;F;930
2024/2025;70;CAMPOBASSO;99;RIMINI;F;8
2023/2024;62;BENEVENTO;16;BERGAMO;M;6
2023/2024;96;BIELLA;15;MILANO;F;200
2023/2024;20;MANTOVA;54;PERUGIA;M;9
2024/2025;65;SALERNO;34;PARMA;M;70
2023/2024;58;ROMA;10;GENOVA;F;60
2023/2024;73;TARANTO;83;MESSINA;F;13
2024/2025;55;TERNI;40;FORLI'-CESENA;M;9
2023/2024;998;PROVINCIA ESTERA;75;LECCE;F;229
2023/2024;4;CUNEO;33;PIACENZA;M;5
2023/2024;75;LECCE;37;BOLOGNA;M;334
2024/2025;23;VERONA;20;MANTOVA;M;52
2024/2025;42;ANCONA;36;MODENA;M;38
2023/2024;5;ASTI;58;ROMA;M;7
2023/2024;15;MILANO;15;MILANO;F;26979
2023/2024;6;ALESSANDRIA;1;TORINO;M;422
2023/2024;42;ANCONA;37;BOLOGNA;M;466
2024/2025;56;VITERBO;22;TRENTO;F;16
2024/2025;25;BELLUNO;54;PERUGIA;M;5
2023/2024;72;BARI;69;CHIETI;F;237
2023/2024;103;VERBANO CUSIO OSSOLA;23;VERONA;F;12
2023/2024;17;BRESCIA;82;PALERMO;M;7
2024/2025;65;SALERNO;94;ISERNIA;F;57
2024/2025;29;ROVIGO;24;VICENZA;F;21
2024/2025;19;CREMONA;92;CAGLIARI;F;6
2024/2025;10;GENOVA;11;LA SPEZIA;M;52
2023/2024;25;BELLUNO;48;FIRENZE;M;11
2023/2024;79;CATANZARO;69;CHIETI;F;23
2023/2024;8;IMPERIA;11;LA SPEZIA;M;6
2023/2024;70;CAMPOBASSO;70;CAMPOBASSO;M;867
2023/2024;17;BRESCIA;20;MANTOVA;F;37
2023/2024;79;CATANZARO;1;TORINO;M;58
2024/2025;72;BARI;52;SIENA;F;82
2024/2025;999;PROVINCIA NON DEFINITA;39;RAVENNA;M;93
2024/2025;24;VICENZA;40;FORLI'-CESENA;M;14
2023/2024;58;ROMA;94;ISERNIA;M;14
2023/2024;3;NOVARA;12;VARESE;M;154
2023/2024;95;ORISTANO;58;ROMA;M;46
2024/2025;30;UDINE;54;PERUGIA;M;14
2024/2025;95;ORISTANO;54;PERUGIA;F;12
2024/2025;60;FROSINONE;56;VITERBO;M;45
2023/2024;64;AVELLINO;79;CATANZARO;F;7
2024/2025;32;TRIESTE;93;PORDENONE;F;6
2023/2024;31;GORIZIA;27;VENEZIA;M;22
2023/2024;22;TRENTO;35;REGGIO EMILIA;F;25
2024/2025;42;ANCONA;40;FORLI'-CESENA;F;105
2023/2024;26;TREVISO;18;PAVIA;M;9
2024/2025;999;PROVINCIA NON DEFINITA;29;ROVIGO;F;10
2023/2024;19;CREMONA;15;MILANO;M;396
2024/2025;32;TRIESTE;18;PAVIA;M;6
2024/2025;14;SONDRIO;50;PISA;F;16
2024/2025;73;TARANTO;70;CAMPOBASSO;F;16
2024/2025;88;RAGUSA;27;VENEZIA;M;5
2023/2024;9;SAVONA;52;SIENA;F;14
2023/2024;76;POTENZA;35;REGGIO EMILIA;M;10
2024/2025;24;VICENZA;58;ROMA;M;64
2023/2024;73;TARANTO;1;TORINO;M;144
2024/2025;69;CHIETI;12;VARESE;F;6
2024/2025;78;COSENZA;1;TORINO;F;146
2023/2024;40;FORLI'-CESENA;40;FORLI'-CESENA;F;1063
2024/2025;22;TRENTO;32;TRIESTE;F;37
2023/2024;27;VENEZIA;21;BOLZANO;F;18
2023/2024;34;PARMA;1;TORINO;M;15
2023/2024;59;LATINA;58;ROMA;M;3407
2024/2025;25;BELLUNO;27;VENEZIA;M;114
2023/2024;54;PERUGIA;30;UDINE;F;5
2023/2024;111;SUD SARDEGNA;54;PERUGIA;F;14
2023/2024;80;REGGIO CALABRIA;39;RAVENNA;M;10
2023/2024;67;TERAMO;68;PESCARA;F;256
2024/2025;1;TORINO;58;ROMA;F;343
2023/2024;108;MONZA E BRIANZA;33;PIACENZA;F;25
2024/2025;108;MONZA E BRIANZA;22;TRENTO;F;14
2023/2024;18;PAVIA;54;PERUGIA;F;15
2024/2025;15;MILANO;12;VARESE;M;1052
2023/2024;19;CREMONA;35;REGGIO EMILIA;F;59
2023/2024;100;PRATO;54;PERUGIA;M;7
2024/2025;79;CATANZARO;52;SIENA;M;10
2023/2024;23;VERONA;42;ANCONA;M;11
2023/2024;48;FIRENZE;18;PAVIA;F;22
2024/2025;16;BERGAMO;63;NAPOLI;M;9
2024/2025;63;NAPOLI;22;TRENTO;F;35
2024/2025;89;SIRACUSA;27;VENEZIA;M;12
2023/2024;54;PERUGIA;61;CASERTA;F;5
2023/2024;98;LODI;1;TORINO;F;18
2023/2024;87;CATANIA;69;CHIETI;F;8
2023/2024;69;CHIETI;55;TERNI;F;5
2024/2025;77;MATERA;79;CATANZARO;M;13
2024/2025;79;CATANZARO;22;TRENTO;M;5
2024/2025;109;FERMO;50;PISA;F;21
2024/2025;54;PERUGIA;67;TERAMO;F;8
2024/2025;26;TREVISO;66;L'AQUILA;M;9
2023/2024;62;BENEVENTO;41;PESARO E URBINO;M;11
2023/2024;110;BARLETTA - ANDRIA - TRANI;1;TORINO;F;71
2024/2025;17;BRESCIA;52;SIENA;M;12
2023/2024;21;BOLZANO;22;TRENTO;F;318
2024/2025;998;PROVINCIA ESTERA;41;PESARO E URBINO;F;310
2023/2024;31;GORIZIA;93;PORDENONE;F;8
2024/2025;5;ASTI;18;PAVIA;M;26
2024/2025;43;MACERATA;37;BOLOGNA;M;197
2024/2025;63;NAPOLI;15;MILANO;M;155
2024/2025;38;FERRARA;50;PISA;F;18
2024/2025;13;COMO;34;PARMA;F;27
2024/2025;92;CAGLIARI;18;PAVIA;F;36
2023/2024;84;AGRIGENTO;35;REGGIO EMILIA;M;12
2024/2025;27;VENEZIA;55;TERNI;F;7
2024/2025;999;PROVINCIA NON DEFINITA;86;ENNA;F;69
2024/2025;33;PIACENZA;39;RAVENNA;F;11
2023/2024;62;BENEVENTO;60;FROSINONE;M;9
2024/2025;45;MASSA CARRARA;18;PAVIA;F;7
2023/2024;9;SAVONA;66;L'AQUILA;M;9
2024/2025;38;FERRARA;40;FORLI'-CESENA;M;55
2023/2024;1;TORINO;80;REGGIO CALABRIA;F;7
2024/2025;94;ISERNIA;70;CAMPOBASSO;F;270
2024/2025;5;ASTI;22;TRENTO;F;5
2024/2025;110;BARLETTA - ANDRIA - TRANI;58;ROMA;F;333
2023/2024;20;MANTOVA;20;MANTOVA;F;22
2023/2024;40;FORLI'-CESENA;54;PERUGIA;M;15
2024/2025;64;AVELLINO;42;ANCONA;F;5
2023/2024;999;PROVINCIA NON DEFINITA;65;SALERNO;M;75
2023/2024;15;MILANO;52;SIENA;F;56
2023/2024;63;NAPOLI;15;MILANO;F;775
2024/2025;1;TORINO;85;CALTANISSETTA;F;5
2024/2025;12;VARESE;82;PALERMO;F;7
2023/2024;78;COSENZA;36;MODENA;M;53
2023/2024;52;SIENA;100;PRATO;F;17
2024/2025;75;LECCE;52;SIENA;M;51
2024/2025;54;PERUGIA;15;MILANO;F;171
2024/2025;2;VERCELLI;18;PAVIA;F;76
2024/2025;34;PARMA;52;SIENA;M;6
2024/2025;15;MILANO;108;MONZA E BRIANZA;M;83
2023/2024;71;FOGGIA;99;RIMINI;F;20
2023/2024;35;REGGIO EMILIA;37;BOLOGNA;F;728
2024/2025;86;ENNA;22;TRENTO;M;9
2024/2025;100;PRATO;48;FIRENZE;F;2709
2023/2024;73;TARANTO;30;UDINE;F;7
2024/2025;999;PROVINCIA NON DEFINITA;41;PESARO E URBINO;F;14
2024/2025;56;VITERBO;37;BOLOGNA;F;60
2024/2025;90;SASSARI;1;TORINO;M;121
2024/2025;77;MATERA;1;TORINO;M;84
2023/2024;88;RAGUSA;32;TRIESTE;M;22
2024/2025;73;TARANTO;12;VARESE;M;11
2024/2025;999;PROVINCIA NON DEFINITA;15;MILANO;F;3444
2023/2024;45;MASSA CARRARA;58;ROMA;F;57
2023/2024;53;GROSSETO;48;FIRENZE;F;544
2024/2025;2;VERCELLI;27;VENEZIA;M;5
2024/2025;998;PROVINCIA ESTERA;49;LIVORNO;M;30
2023/2024;61;CASERTA;18;PAVIA;M;10
2024/2025;31;GORIZIA;38;FERRARA;F;15
2024/2025;51;AREZZO;15;MILANO;F;50
2023/2024;84;AGRIGENTO;92;CAGLIARI;M;8
2024/2025;108;MONZA E BRIANZA;6;ALESSANDRIA;F;8
2023/2024;81;TRAPANI;69;CHIETI;M;11
2024/2025;62;BENEVENTO;68;PESCARA;F;38
2024/2025;999;PROVINCIA NON DEFINITA;108;MONZA E BRIANZA;M;26
2023/2024;79;CATANZARO;90;SASSARI;M;5
2024/2025;70;CAMPOBASSO;62;BENEVENTO;M;36
2024/2025;67;TERAMO;39;RAVENNA;F;8
2023/2024;111;SUD SARDEGNA;50;PISA;M;30
2023/2024;62;BENEVENTO;59;LATINA;M;6
2024/2025;67;TERAMO;28;PADOVA;F;56
2023/2024;14;SONDRIO;21;BOLZANO;F;5
2024/2025;62;BENEVENTO;39;RAVENNA;M;5
2024/2025;76;POTENZA;61;CASERTA;F;15
2023/2024;55;TERNI;57;RIETI;M;15
2023/2024;78;COSENZA;72;BARI;F;7
2023/2024;999;PROVINCIA NON DEFINITA;92;CAGLIARI;M;492
2024/2025;74;BRINDISI;72;BARI;M;679
2023/2024;998;PROVINCIA ESTERA;59;LATINA;M;24
2023/2024;87;CATANIA;50;PISA;M;94
2023/2024;95;ORISTANO;37;BOLOGNA;F;41
2024/2025;30;UDINE;36;MODENA;F;8
2023/2024;10;GENOVA;15;MILANO;M;313
2023/2024;38;FERRARA;15;MILANO;F;28
2023/2024;83;MESSINA;48;FIRENZE;M;68
2023/2024;999;PROVINCIA NON DEFINITA;18;PAVIA;F;78
2024/2025;33;PIACENZA;58;ROMA;M;26
2023/2024;85;CALTANISSETTA;48;FIRENZE;M;42
2023/2024;29;ROVIGO;21;BOLZANO;F;5
2024/2025;59;LATINA;56;VITERBO;F;79
2024/2025;74;BRINDISI;48;FIRENZE;M;45
2023/2024;998;PROVINCIA ESTERA;33;PIACENZA;F;75
2023/2024;89;SIRACUSA;48;FIRENZE;F;54
2023/2024;61;CASERTA;12;VARESE;F;8
2024/2025;75;LECCE;86;ENNA;M;7
2023/2024;10;GENOVA;54;PERUGIA;F;22
2024/2025;80;REGGIO CALABRIA;37;BOLOGNA;F;180
2023/2024;15;MILANO;16;BERGAMO;F;875
2023/2024;87;CATANIA;73;TARANTO;F;8
2023/2024;86;ENNA;89;SIRACUSA;M;6
2023/2024;28;PADOVA;1;TORINO;F;16
2023/2024;18;PAVIA;27;VENEZIA;M;14
2023/2024;35;REGGIO EMILIA;38;FERRARA;F;71
2023/2024;81;TRAPANI;32;TRIESTE;F;25
2024/2025;69;CHIETI;15;MILANO;M;177
2023/2024;72;BARI;19;CREMONA;M;6
2023/2024;41;PESARO E URBINO;54;PERUGIA;M;36
2024/2025;13;COMO;3;NOVARA;M;15
2023/2024;999;PROVINCIA NON DEFINITA;19;CREMONA;M;24
2024/2025;18;PAVIA;67;TERAMO;M;5
2023/2024;48;FIRENZE;58;ROMA;F;320
2023/2024;58;ROMA;30;UDINE;F;15
2024/2025;65;SALERNO;80;REGGIO CALABRIA;M;7
2023/2024;62;BENEVENTO;34;PARMA;F;14
2023/2024;28;PADOVA;41;PESARO E URBINO;F;28
2024/2025;25;BELLUNO;28;PADOVA;F;559
2023/2024;48;FIRENZE;34;PARMA;F;40
2023/2024;42;ANCONA;90;SASSARI;F;5
2024/2025;33;PIACENZA;22;TRENTO;F;22
2023/2024;39;RAVENNA;16;BERGAMO;F;5
2023/2024;80;REGGIO CALABRIA;32;TRIESTE;F;20
2023/2024;63;NAPOLI;34;PARMA;M;85
2023/2024;72;BARI;42;ANCONA;M;8
2024/2025;6;ALESSANDRIA;7;AOSTA;F;8
2024/2025;87;CATANIA;58;ROMA;F;606
2023/2024;47;PISTOIA;66;L'AQUILA;M;5
2023/2024;41;PESARO E URBINO;41;PESARO E URBINO;F;3015
2024/2025;36;MODENA;48;FIRENZE;F;101
2024/2025;102;VIBO VALENTIA;10;GENOVA;M;5
2024/2025;47;PISTOIA;15;MILANO;F;69
2024/2025;30;UDINE;38;FERRARA;F;71
2023/2024;74;BRINDISI;44;ASCOLI PICENO;M;6
2023/2024;64;AVELLINO;50;PISA;M;66
2024/2025;66;L'AQUILA;60;FROSINONE;F;7
2023/2024;58;ROMA;58;ROMA;M;46143
2023/2024;17;BRESCIA;23;VERONA;F;1212
2023/2024;89;SIRACUSA;78;COSENZA;M;5
2024/2025;64;AVELLINO;33;PIACENZA;M;5
2023/2024;80;REGGIO CALABRIA;1;TORINO;F;45
2024/2025;16;BERGAMO;19;CREMONA;M;22
2024/2025;62;BENEVENTO;1;TORINO;M;29
2024/2025;77;MATERA;73;TARANTO;F;24
2024/2025;95;ORISTANO;15;MILANO;M;24
2023/2024;81;TRAPANI;94;ISERNIA;M;8
2023/2024;93;PORDENONE;93;PORDENONE;M;158
2023/2024;51;AREZZO;43;MACERATA;F;12
2023/2024;77;MATERA;48;FIRENZE;F;80
2024/2025;998;PROVINCIA ESTERA;33;PIACENZA;M;106
2024/2025;111;SUD SARDEGNA;27;VENEZIA;F;17
2024/2025;28;PADOVA;15;MILANO;F;54
2023/2024;99;RIMINI;39;RAVENNA;F;149
2024/2025;72;BARI;71;FOGGIA;M;204
2023/2024;84;AGRIGENTO;50;PISA;M;167
2023/2024;23;VERONA;1;TORINO;M;28
2024/2025;32;TRIESTE;38;FERRARA;F;7
2024/2025;54;PERUGIA;52;SIENA;F;107
2024/2025;48;FIRENZE;23;VERONA;M;7
2024/2025;998;PROVINCIA ESTERA;12;VARESE;M;138
2023/2024;29;ROVIGO;41;PESARO E URBINO;M;6
2024/2025;71;FOGGIA;62;BENEVENTO;M;31
2023/2024;77;MATERA;38;FERRARA;F;102
2023/2024;90;SASSARI;1;TORINO;M;85
2024/2025;90;SASSARI;36;MODENA;M;23
2024/2025;87;CATANIA;83;MESSINA;M;682
2024/2025;84;AGRIGENTO;4;CUNEO;F;8
2024/2025;37;BOLOGNA;1;TORINO;M;30
2023/2024;12;VARESE;40;FORLI'-CESENA;M;10
2024/2025;63;NAPOLI;35;REGGIO EMILIA;M;27
2024/2025;23;VERONA;35;REGGIO EMILIA;M;19
2024/2025;63;NAPOLI;55;TERNI;M;13
2024/2025;75;LECCE;37;BOLOGNA;F;397
2023/2024;26;TREVISO;50;PISA;F;36
2024/2025;25;BELLUNO;22;TRENTO;F;244
2023/2024;77;MATERA;42;ANCONA;M;15
2023/2024;87;CATANIA;16;BERGAMO;F;16
2023/2024;86;ENNA;52;SIENA;F;21
2023/2024;22;TRENTO;23;VERONA;M;523
2024/2025;62;BENEVENTO;22;TRENTO;M;5
2023/2024;111;SUD SARDEGNA;38;FERRARA;F;8
2023/2024;87;CATANIA;22;TRENTO;F;78
2024/2025;19;CREMONA;19;CREMONA;M;240
2023/2024;999;PROVINCIA NON DEFINITA;94;ISERNIA;F;50
2024/2025;79;CATANZARO;28;PADOVA;M;24
2024/2025;17;BRESCIA;22;TRENTO;M;319
2024/2025;64;AVELLINO;22;TRENTO;F;8
2024/2025;101;CROTONE;35;REGGIO EMILIA;F;17
2024/2025;42;ANCONA;15;MILANO;M;172
2023/2024;69;CHIETI;67;TERAMO;F;330
2023/2024;40;FORLI'-CESENA;23;VERONA;M;5
2024/2025;84;AGRIGENTO;87;CATANIA;F;467
2023/2024;84;AGRIGENTO;22;TRENTO;F;17
2023/2024;6;ALESSANDRIA;43;MACERATA;F;5
2024/2025;998;PROVINCIA ESTERA;61;CASERTA;M;274
2024/2025;7;AOSTA;48;FIRENZE;M;8
2024/2025;9;SAVONA;3;NOVARA;F;7
2023/2024;69;CHIETI;54;PERUGIA;M;47
2024/2025;61;CASERTA;23;VERONA;F;13
2024/2025;49;LIVORNO;10;GENOVA;F;9
2024/2025;18;PAVIA;40;FORLI'-CESENA;M;6
2023/2024;82;PALERMO;1;TORINO;F;179
2023/2024;85;CALTANISSETTA;34;PARMA;M;63
2023/2024;29;ROVIGO;1;TORINO;M;6
2023/2024;998;PROVINCIA ESTERA;69;CHIETI;M;80
2024/2025;27;VENEZIA;18;PAVIA;M;7
2024/2025;81;TRAPANI;56;VITERBO;F;24
2023/2024;63;NAPOLI;48;FIRENZE;M;254
2024/2025;59;LATINA;32;TRIESTE;M;11
2024/2025;69;CHIETI;35;REGGIO EMILIA;M;18
2023/2024;73;TARANTO;38;FERRARA;F;254
2024/2025;108;MONZA E BRIANZA;97;LECCO;F;40
2023/2024;45;MASSA CARRARA;28;PADOVA;F;21
2023/2024;89;SIRACUSA;72;BARI;F;5
2024/2025;42;ANCONA;37;BOLOGNA;F;585
2023/2024;83;MESSINA;80;REGGIO CALABRIA;F;184
2023/2024;3;NOVARA;38;FERRARA;M;6
2023/2024;38;FERRARA;1;TORINO;M;16
2024/2025;72;BARI;83;MESSINA;M;8
2023/2024;99;RIMINI;22;TRENTO;F;18
2023/2024;110;BARLETTA - ANDRIA - TRANI;18;PAVIA;M;21
2023/2024;999;PROVINCIA NON DEFINITA;74;BRINDISI;F;5
2024/2025;31;GORIZIA;58;ROMA;F;21
2024/2025;60;FROSINONE;37;BOLOGNA;M;80
2024/2025;90;SASSARI;54;PERUGIA;M;29
2023/2024;93;PORDENONE;15;MILANO;M;80
2024/2025;46;LUCCA;1;TORINO;M;8
2024/2025;89;SIRACUSA;22;TRENTO;M;19
2023/2024;58;ROMA;41;PESARO E URBINO;M;49
2024/2025;43;MACERATA;40;FORLI'-CESENA;F;87
2023/2024;87;CATANIA;58;ROMA;M;404
2024/2025;999;PROVINCIA NON DEFINITA;74;BRINDISI;F;11
2024/2025;40;FORLI'-CESENA;55;TERNI;F;7
2023/2024;63;NAPOLI;66;L'AQUILA;F;173
2023/2024;53;GROSSETO;15;MILANO;M;45
2024/2025;23;VERONA;92;CAGLIARI;F;11
2024/2025;17;BRESCIA;83;MESSINA;F;6
2023/2024;92;CAGLIARI;27;VENEZIA;M;18
2023/2024;62;BENEVENTO;65;SALERNO;F;498
2024/2025;74;BRINDISI;38;FERRARA;F;147
2024/2025;26;TREVISO;27;VENEZIA;M;1828
2024/2025;100;PRATO;1;TORINO;F;20
2024/2025;87;CATANIA;50;PISA;F;87
2024/2025;27;VENEZIA;15;MILANO;M;165
2023/2024;998;PROVINCIA ESTERA;100;PRATO;F;76
2023/2024;15;MILANO;14;SONDRIO;F;7
2024/2025;38;FERRARA;43;MACERATA;F;5
2023/2024;110;BARLETTA - ANDRIA - TRANI;41;PESARO E URBINO;F;29
2023/2024;11;LA SPEZIA;46;LUCCA;M;6
2023/2024;79;CATANZARO;48;FIRENZE;M;84
2023/2024;62;BENEVENTO;1;TORINO;M;28
2023/2024;58;ROMA;73;TARANTO;F;9
2023/2024;4;CUNEO;12;VARESE;F;5
2023/2024;81;TRAPANI;56;VITERBO;M;21
2024/2025;62;BENEVENTO;63;NAPOLI;M;776
2024/2025;99;RIMINI;42;ANCONA;M;76
2023/2024;77;MATERA;10;GENOVA;M;9
2023/2024;60;FROSINONE;42;ANCONA;F;10
2024/2025;72;BARI;82;PALERMO;F;6
2024/2025;90;SASSARI;40;FORLI'-CESENA;F;33
2023/2024;78;COSENZA;48;FIRENZE;F;231
2024/2025;55;TERNI;22;TRENTO;F;11
2023/2024;13;COMO;1;TORINO;M;22
2023/2024;72;BARI;39;RAVENNA;M;8
2024/2025;1;TORINO;99;RIMINI;F;11
2023/2024;109;FERMO;109;FERMO;M;91
2024/2025;92;CAGLIARI;90;SASSARI;M;71
2024/2025;24;VICENZA;26;TREVISO;M;89
2024/2025;67;TERAMO;66;L'AQUILA;F;1121
2024/2025;88;RAGUSA;34;PARMA;M;74
2024/2025;27;VENEZIA;31;GORIZIA;F;47
2024/2025;84;AGRIGENTO;6;ALESSANDRIA;M;5
2024/2025;40;FORLI'-CESENA;48;FIRENZE;F;93
2023/2024;83;MESSINA;72;BARI;M;9
2023/2024;103;VERBANO CUSIO OSSOLA;28;PADOVA;M;8
2023/2024;998;PROVINCIA ESTERA;44;ASCOLI PICENO;M;20
2024/2025;15;MILANO;23;VERONA;F;33
2023/2024;102;VIBO VALENTIA;78;COSENZA;F;1122
2023/2024;80;REGGIO CALABRIA;78;COSENZA;M;1169
2024/2025;58;ROMA;44;ASCOLI PICENO;M;12
2024/2025;77;MATERA;63;NAPOLI;F;75
2024/2025;97;LECCO;58;ROMA;M;5
2023/2024;76;POTENZA;41;PESARO E URBINO;M;29
2023/2024;54;PERUGIA;1;TORINO;M;47
2023/2024;67;TERAMO;54;PERUGIA;M;33
2024/2025;39;RAVENNA;22;TRENTO;M;17
2023/2024;6;ALESSANDRIA;9;SAVONA;F;20
2024/2025;4;CUNEO;18;PAVIA;F;109
2024/2025;48;FIRENZE;50;PISA;F;853
2024/2025;52;SIENA;54;PERUGIA;M;129
2023/2024;42;ANCONA;41;PESARO E URBINO;F;1108
2023/2024;39;RAVENNA;39;RAVENNA;M;226
2023/2024;84;AGRIGENTO;17;BRESCIA;F;8
2023/2024;48;FIRENZE;35;REGGIO EMILIA;F;12
2023/2024;67;TERAMO;36;MODENA;M;48
2024/2025;26;TREVISO;50;PISA;M;31
2024/2025;70;CAMPOBASSO;70;CAMPOBASSO;F;1554
2023/2024;71;FOGGIA;43;MACERATA;F;110
2024/2025;92;CAGLIARI;41;PESARO E URBINO;F;13
2023/2024;61;CASERTA;22;TRENTO;M;8
2024/2025;49;LIVORNO;28;PADOVA;M;16
2024/2025;18;PAVIA;58;ROMA;M;31
2024/2025;48;FIRENZE;32;TRIESTE;M;10
2023/2024;74;BRINDISI;58;ROMA;M;263
2024/2025;48;FIRENZE;43;MACERATA;M;8
2024/2025;111;SUD SARDEGNA;18;PAVIA;F;18
2024/2025;41;PESARO E URBINO;69;CHIETI;M;6
2023/2024;16;BERGAMO;97;LECCO;F;12
2023/2024;15;MILANO;39;RAVENNA;M;10
2024/2025;61;CASERTA;94;ISERNIA;M;68
2023/2024;93;PORDENONE;30;UDINE;M;844
2023/2024;81;TRAPANI;55;TERNI;F;9
2024/2025;42;ANCONA;32;TRIESTE;F;24
2024/2025;9;SAVONA;16;BERGAMO;F;8
2024/2025;59;LATINA;18;PAVIA;M;20
2024/2025;29;ROVIGO;26;TREVISO;F;13
2024/2025;63;NAPOLI;43;MACERATA;F;49
2024/2025;63;NAPOLI;18;PAVIA;M;69
2024/2025;80;REGGIO CALABRIA;22;TRENTO;F;18
2023/2024;999;PROVINCIA NON DEFINITA;100;PRATO;F;6
2024/2025;23;VERONA;23;VERONA;F;6087
2024/2025;94;ISERNIA;69;CHIETI;F;111
2023/2024;1;TORINO;48;FIRENZE;F;97
2024/2025;41;PESARO E URBINO;50;PISA;F;20
2024/2025;110;BARLETTA - ANDRIA - TRANI;70;CAMPOBASSO;M;16
2024/2025;44;ASCOLI PICENO;15;MILANO;F;49
2024/2025;15;MILANO;27;VENEZIA;M;82
2024/2025;110;BARLETTA - ANDRIA - TRANI;39;RAVENNA;M;9
2024/2025;11;LA SPEZIA;50;PISA;M;902
2024/2025;78;COSENZA;41;PESARO E URBINO;F;32
2024/2025;92;CAGLIARI;39;RAVENNA;F;10
2024/2025;94;ISERNIA;67;TERAMO;M;6
2024/2025;43;MACERATA;12;VARESE;F;7
2024/2025;55;TERNI;57;RIETI;F;31
2023/2024;88;RAGUSA;56;VITERBO;M;10
2024/2025;69;CHIETI;15;MILANO;F;202
2023/2024;72;BARI;21;BOLZANO;M;5
2024/2025;66;L'AQUILA;54;PERUGIA;M;47
2023/2024;60;FROSINONE;60;FROSINONE;F;2113
2023/2024;58;ROMA;12;VARESE;F;15
2024/2025;37;BOLOGNA;28;PADOVA;M;76
2023/2024;5;ASTI;52;SIENA;F;8
2023/2024;31;GORIZIA;38;FERRARA;F;14
2024/2025;108;MONZA E BRIANZA;50;PISA;M;18
2024/2025;33;PIACENZA;42;ANCONA;F;5
2024/2025;47;PISTOIA;54;PERUGIA;F;28
2024/2025;35;REGGIO EMILIA;66;L'AQUILA;F;5
2023/2024;65;SALERNO;63;NAPOLI;M;2835
2024/2025;20;MANTOVA;27;VENEZIA;M;38
2024/2025;3;NOVARA;12;VARESE;F;129
2023/2024;15;MILANO;61;CASERTA;M;7
2023/2024;53;GROSSETO;34;PARMA;F;9
2023/2024;10;GENOVA;15;MILANO;F;510
2024/2025;19;CREMONA;48;FIRENZE;M;11
2024/2025;76;POTENZA;1;TORINO;F;61
2024/2025;68;PESCARA;68;PESCARA;F;1098
2023/2024;109;FERMO;109;FERMO;F;102
2024/2025;61;CASERTA;28;PADOVA;M;22
2024/2025;36;MODENA;20;MANTOVA;F;34
2023/2024;23;VERONA;24;VICENZA;F;204
2023/2024;62;BENEVENTO;66;L'AQUILA;M;67
2024/2025;47;PISTOIA;38;FERRARA;F;8
2023/2024;12;VARESE;33;PIACENZA;M;6
2024/2025;101;CROTONE;1;TORINO;M;17
2024/2025;69;CHIETI;69;CHIETI;M;982
2023/2024;72;BARI;23;VERONA;F;40
2023/2024;98;LODI;19;CREMONA;M;16
2024/2025;69;CHIETI;54;PERUGIA;M;46
2023/2024;25;BELLUNO;37;BOLOGNA;M;91
2023/2024;4;CUNEO;40;FORLI'-CESENA;F;13
2024/2025;93;PORDENONE;69;CHIETI;F;5
2024/2025;27;VENEZIA;83;MESSINA;F;5
2023/2024;95;ORISTANO;1;TORINO;M;32
2024/2025;60;FROSINONE;34;PARMA;M;13
2023/2024;103;VERBANO CUSIO OSSOLA;1;TORINO;F;114
2024/2025;47;PISTOIA;15;MILANO;M;40
2023/2024;10;GENOVA;21;BOLZANO;M;8
2023/2024;108;MONZA E BRIANZA;37;BOLOGNA;F;72
2024/2025;80;REGGIO CALABRIA;90;SASSARI;M;6
2024/2025;53;GROSSETO;48;FIRENZE;M;251
2023/2024;102;VIBO VALENTIA;80;REGGIO CALABRIA;F;167
2024/2025;87;CATANIA;17;BRESCIA;M;7
2023/2024;88;RAGUSA;17;BRESCIA;F;9
2023/2024;9;SAVONA;1;TORINO;F;70
2023/2024;68;PESCARA;36;MODENA;F;38
2024/2025;41;PESARO E URBINO;38;FERRARA;F;80
2024/2025;998;PROVINCIA ESTERA;16;BERGAMO;F;610
2023/2024;13;COMO;23;VERONA;F;6
2023/2024;110;BARLETTA - ANDRIA - TRANI;22;TRENTO;F;33
2024/2025;80;REGGIO CALABRIA;66;L'AQUILA;F;29
2023/2024;62;BENEVENTO;63;NAPOLI;M;739
2024/2025;16;BERGAMO;1;TORINO;M;59
2024/2025;65;SALERNO;17;BRESCIA;M;12
2023/2024;6;ALESSANDRIA;1;TORINO;F;199
2024/2025;15;MILANO;43;MACERATA;M;18
2024/2025;66;L'AQUILA;28;PADOVA;M;21
2023/2024;58;ROMA;7;AOSTA;F;5
2024/2025;81;TRAPANI;54;PERUGIA;F;108
2024/2025;11;LA SPEZIA;38;FERRARA;M;6
2023/2024;78;COSENZA;12;VARESE;M;9
2023/2024;4;CUNEO;1;TORINO;M;2464
2024/2025;17;BRESCIA;1;TORINO;F;14
2023/2024;65;SALERNO;87;CATANIA;F;6
2024/2025;51;AREZZO;40;FORLI'-CESENA;F;39
2024/2025;99;RIMINI;37;BOLOGNA;F;1157
2024/2025;58;ROMA;75;LECCE;F;14
2023/2024;34;PARMA;37;BOLOGNA;M;207
2023/2024;999;PROVINCIA NON DEFINITA;110;BARLETTA - ANDRIA - TRANI;M;12
2024/2025;52;SIENA;48;FIRENZE;F;784
2023/2024;74;BRINDISI;99;RIMINI;F;5
2024/2025;998;PROVINCIA ESTERA;54;PERUGIA;F;1068
2023/2024;101;CROTONE;1;TORINO;F;42
2023/2024;59;LATINA;43;MACERATA;M;14
2024/2025;101;CROTONE;36;MODENA;F;20
2024/2025;69;CHIETI;28;PADOVA;M;55
2023/2024;68;PESCARA;69;CHIETI;F;1755
2023/2024;8;IMPERIA;34;PARMA;F;11
2023/2024;61;CASERTA;38;FERRARA;M;15
2023/2024;39;RAVENNA;23;VERONA;M;8
2024/2025;103;VERBANO CUSIO OSSOLA;50;PISA;F;7
2023/2024;71;FOGGIA;94;ISERNIA;M;9
2024/2025;1;TORINO;92;CAGLIARI;M;11
2023/2024;72;BARI;41;PESARO E URBINO;F;83
2024/2025;53;GROSSETO;54;PERUGIA;M;37
2024/2025;23;VERONA;10;GENOVA;F;9
2023/2024;76;POTENZA;43;MACERATA;F;28
2024/2025;46;LUCCA;41;PESARO E URBINO;F;5
2024/2025;37;BOLOGNA;35;REGGIO EMILIA;F;256
2024/2025;19;CREMONA;19;CREMONA;F;332
2023/2024;47;PISTOIA;34;PARMA;F;18
2024/2025;27;VENEZIA;54;PERUGIA;F;26
2023/2024;55;TERNI;43;MACERATA;M;27
2024/2025;17;BRESCIA;30;UDINE;M;5
2023/2024;60;FROSINONE;51;AREZZO;F;6
2024/2025;58;ROMA;79;CATANZARO;F;20
2024/2025;61;CASERTA;1;TORINO;M;43
2024/2025;70;CAMPOBASSO;34;PARMA;F;91
2023/2024;110;BARLETTA - ANDRIA - TRANI;73;TARANTO;F;10
2024/2025;73;TARANTO;65;SALERNO;M;6
2023/2024;1;TORINO;42;ANCONA;M;10
2023/2024;56;VITERBO;38;FERRARA;F;5
2023/2024;102;VIBO VALENTIA;1;TORINO;F;66
2023/2024;65;SALERNO;28;PADOVA;F;81
2024/2025;10;GENOVA;36;MODENA;F;15
2024/2025;3;NOVARA;41;PESARO E URBINO;F;6
2023/2024;64;AVELLINO;52;SIENA;M;50
2023/2024;78;COSENZA;69;CHIETI;F;102
2023/2024;35;REGGIO EMILIA;33;PIACENZA;F;20
2023/2024;62;BENEVENTO;23;VERONA;M;7
2024/2025;77;MATERA;41;PESARO E URBINO;F;33
2023/2024;1;TORINO;69;CHIETI;F;27
2024/2025;38;FERRARA;58;ROMA;F;63
2024/2025;23;VERONA;32;TRIESTE;F;67
2024/2025;76;POTENZA;72;BARI;F;451
2024/2025;72;BARI;21;BOLZANO;F;7
2024/2025;26;TREVISO;1;TORINO;F;18
2024/2025;12;VARESE;58;ROMA;M;56
2024/2025;12;VARESE;108;MONZA E BRIANZA;M;14
2024/2025;92;CAGLIARI;69;CHIETI;F;8
2023/2024;65;SALERNO;77;MATERA;M;14
2024/2025;35;REGGIO EMILIA;15;MILANO;M;112
2023/2024;999;PROVINCIA NON DEFINITA;19;CREMONA;F;23
2023/2024;51;AREZZO;32;TRIESTE;F;5
2023/2024;22;TRENTO;35;REGGIO EMILIA;M;7
2024/2025;75;LECCE;50;PISA;M;131
2024/2025;45;MASSA CARRARA;11;LA SPEZIA;M;90
2023/2024;51;AREZZO;34;PARMA;F;22
2023/2024;74;BRINDISI;15;MILANO;F;267
2023/2024;63;NAPOLI;60;FROSINONE;M;197
2023/2024;64;AVELLINO;56;VITERBO;F;6
2024/2025;14;SONDRIO;18;PAVIA;M;163
2023/2024;22;TRENTO;40;FORLI'-CESENA;M;28
2024/2025;77;MATERA;40;FORLI'-CESENA;F;14
2024/2025;56;VITERBO;28;PADOVA;M;19
2024/2025;21;BOLZANO;50;PISA;F;12
2023/2024;39;RAVENNA;1;TORINO;F;8
2024/2025;24;VICENZA;34;PARMA;F;58
2023/2024;23;VERONA;38;FERRARA;M;324
2023/2024;56;VITERBO;63;NAPOLI;M;6
2024/2025;66;L'AQUILA;63;NAPOLI;F;39
2024/2025;33;PIACENZA;1;TORINO;F;29
2024/2025;3;NOVARA;50;PISA;F;9
2023/2024;3;NOVARA;96;BIELLA;F;18
2024/2025;56;VITERBO;36;MODENA;M;14
2024/2025;38;FERRARA;26;TREVISO;F;5
2024/2025;4;CUNEO;9;SAVONA;M;9
2023/2024;999;PROVINCIA NON DEFINITA;22;TRENTO;F;38
2024/2025;87;CATANIA;23;VERONA;M;13
2024/2025;79;CATANZARO;83;MESSINA;F;96
2024/2025;58;ROMA;73;TARANTO;M;22
2024/2025;16;BERGAMO;39;RAVENNA;F;17
2023/2024;998;PROVINCIA ESTERA;76;POTENZA;F;5
2024/2025;62;BENEVENTO;63;NAPOLI;F;1482
2023/2024;64;AVELLINO;10;GENOVA;M;9
2024/2025;15;MILANO;98;LODI;M;39
2023/2024;42;ANCONA;16;BERGAMO;M;9
2024/2025;36;MODENA;36;MODENA;F;3258
2024/2025;90;SASSARI;27;VENEZIA;M;19
2024/2025;90;SASSARI;40;FORLI'-CESENA;M;13
2024/2025;72;BARI;75;LECCE;F;215
2023/2024;85;CALTANISSETTA;36;MODENA;F;30
2023/2024;108;MONZA E BRIANZA;1;TORINO;M;8
2024/2025;25;BELLUNO;52;SIENA;M;5
2024/2025;72;BARI;30;UDINE;M;19
2024/2025;101;CROTONE;78;COSENZA;M;777
2024/2025;28;PADOVA;15;MILANO;M;167
2023/2024;12;VARESE;12;VARESE;M;2774
2024/2025;72;BARI;66;L'AQUILA;F;85
2023/2024;54;PERUGIA;12;VARESE;M;9
2024/2025;88;RAGUSA;48;FIRENZE;F;87
2024/2025;73;TARANTO;27;VENEZIA;M;12
2024/2025;93;PORDENONE;40;FORLI'-CESENA;M;5
2023/2024;42;ANCONA;18;PAVIA;F;24
2023/2024;32;TRIESTE;37;BOLOGNA;F;50
2023/2024;62;BENEVENTO;64;AVELLINO;F;18
2024/2025;70;CAMPOBASSO;69;CHIETI;F;338
2024/2025;33;PIACENZA;28;PADOVA;F;32
2023/2024;35;REGGIO EMILIA;17;BRESCIA;F;6
2023/2024;101;CROTONE;10;GENOVA;F;9
2023/2024;24;VICENZA;1;TORINO;F;14
2023/2024;82;PALERMO;48;FIRENZE;F;89
2023/2024;6;ALESSANDRIA;27;VENEZIA;F;29
2024/2025;23;VERONA;37;BOLOGNA;F;392
2024/2025;71;FOGGIA;41;PESARO E URBINO;F;68
2023/2024;71;FOGGIA;69;CHIETI;F;543
2024/2025;30;UDINE;50;PISA;M;22
2024/2025;12;VARESE;52;SIENA;M;10
2023/2024;11;LA SPEZIA;15;MILANO;M;99
2024/2025;63;NAPOLI;15;MILANO;F;103
2024/2025;97;LECCO;15;MILANO;F;299
2023/2024;83;MESSINA;48;FIRENZE;F;77
2024/2025;24;VICENZA;43;MACERATA;M;6
2024/2025;95;ORISTANO;50;PISA;F;45
2024/2025;48;FIRENZE;16;BERGAMO;M;6
2023/2024;78;COSENZA;80;REGGIO CALABRIA;F;70
2024/2025;999;PROVINCIA NON DEFINITA;73;TARANTO;M;42
2024/2025;79;CATANZARO;78;COSENZA;F;1702
2024/2025;24;VICENZA;48;FIRENZE;F;63
2024/2025;24;VICENZA;17;BRESCIA;M;14
2024/2025;61;CASERTA;15;MILANO;F;32
2023/2024;73;TARANTO;12;VARESE;F;10
2024/2025;92;CAGLIARI;22;TRENTO;F;15
2024/2025;89;SIRACUSA;52;SIENA;M;19
2023/2024;62;BENEVENTO;22;TRENTO;F;5
2023/2024;100;PRATO;38;FERRARA;F;11
2024/2025;95;ORISTANO;66;L'AQUILA;M;7
2024/2025;97;LECCO;17;BRESCIA;F;21
2023/2024;12;VARESE;50;PISA;M;31
2023/2024;27;VENEZIA;36;MODENA;F;16
2023/2024;17;BRESCIA;3;NOVARA;M;5
2024/2025;21;BOLZANO;54;PERUGIA;F;13
