AnnoA;ClasseNUMERO;SedeR;ResidenzaR;Isc
2024/2025;L-18;LOMBARDIA;LOMBARDIA;17822
2023/2024;L-18;LOMBARDIA;LOMBARDIA;17299
2024/2025;L-18;CAMPANIA;CAMPANIA;11940
2023/2024;L-18;CAMPANIA;CAMPANIA;11905
2024/2025;LMG/01;LOMBARDIA;LOMBARDIA;11594
2023/2024;LMG/01;LOMBARDIA;LOMBARDIA;11435
2023/2024;LMG/01;CAMPANIA;CAMPANIA;10971
2024/2025;LMG/01;CAMPANIA;CAMPANIA;10517
2023/2024;L-18;LAZIO;LAZIO;10448
2024/2025;L-18;LAZIO;LAZIO;10316
2023/2024;LMG/01;LAZIO;LAZIO;10065
2024/2025;LMG/01;LAZIO;LAZIO;10012
2024/2025;LM-41;CAMPANIA;CAMPANIA;9609
2024/2025;LM-41;LAZIO;LAZIO;9373
2023/2024;LM-41;CAMPANIA;CAMPANIA;9201
2024/2025;LM-41;SICILIA;SICILIA;9188
2024/2025;L-20;LOMBARDIA;LOMBARDIA;9008
2023/2024;L-20;LOMBARDIA;LOMBARDIA;8989
2024/2025;LM-41;LOMBARDIA;LOMBARDIA;8481
2023/2024;LM-41;LAZIO;LAZIO;8401
2024/2025;L-18;EMILIA ROMAGNA;EMILIA ROMAGNA;8369
2024/2025;L-9;CAMPANIA;CAMPANIA;8262
2023/2024;LM-41;SICILIA;SICILIA;8192
2023/2024;L-18;EMILIA ROMAGNA;EMILIA ROMAGNA;8155
2024/2025;L-9;LAZIO;LAZIO;8147
2023/2024;L-9;CAMPANIA;CAMPANIA;8107
2023/2024;LM-41;LOMBARDIA;LOMBARDIA;7932
2023/2024;L-9;LAZIO;LAZIO;7853
2024/2025;L-9;LOMBARDIA;LOMBARDIA;7245
2023/2024;LMG/01;SICILIA;SICILIA;6704
2023/2024;L-9;LOMBARDIA;LOMBARDIA;6633
2023/2024;L-18;PIEMONTE;PIEMONTE;6577
2024/2025;LMG/01;SICILIA;SICILIA;6547
2024/2025;L-8;CAMPANIA;CAMPANIA;6537
2023/2024;L-11;CAMPANIA;CAMPANIA;6520
2023/2024;L-8;CAMPANIA;CAMPANIA;6483
2024/2025;L-18;PIEMONTE;PIEMONTE;6479
2023/2024;L/SNT1;LAZIO;LAZIO;6444
2024/2025;L-18;TOSCANA;TOSCANA;6417
2024/2025;L/SNT1;LAZIO;LAZIO;6311
2023/2024;L-18;TOSCANA;TOSCANA;6180
2024/2025;L-8;LAZIO;LAZIO;6057
2024/2025;L-11;CAMPANIA;CAMPANIA;6047
2023/2024;L-8;LAZIO;LAZIO;5839
2024/2025;L/SNT1;SICILIA;SICILIA;5824
2024/2025;L-20;LAZIO;LAZIO;5667
2024/2025;LM-85 bis;LOMBARDIA;LOMBARDIA;5661
2023/2024;L-20;LAZIO;LAZIO;5638
2024/2025;L-9;EMILIA ROMAGNA;EMILIA ROMAGNA;5602
2023/2024;LM-85 bis;LOMBARDIA;LOMBARDIA;5431
2024/2025;L-9;VENETO;VENETO;5373
2023/2024;L-9;EMILIA ROMAGNA;EMILIA ROMAGNA;5371
2023/2024;L-12;LOMBARDIA;LOMBARDIA;5346
2024/2025;L/SNT1;LOMBARDIA;LOMBARDIA;5280
2023/2024;L-9;VENETO;VENETO;5216
2024/2025;L-9;PIEMONTE;PIEMONTE;5192
2023/2024;L-10;CAMPANIA;CAMPANIA;5185
2023/2024;L-9;PIEMONTE;PIEMONTE;5184
2023/2024;L/SNT1;LOMBARDIA;LOMBARDIA;5150
2023/2024;L-19;LOMBARDIA;LOMBARDIA;5075
2023/2024;L-18;PUGLIA;PUGLIA;5074
2023/2024;L/SNT1;SICILIA;SICILIA;5030
2023/2024;L-8;LOMBARDIA;LOMBARDIA;4994
2024/2025;L-19;LAZIO;LAZIO;4982
2024/2025;L-18;PUGLIA;PUGLIA;4974
2024/2025;L-36;LAZIO;LAZIO;4955
2024/2025;L-33;LAZIO;LAZIO;4886
2023/2024;LM-77;LOMBARDIA;LOMBARDIA;4864
2023/2024;L-19;LAZIO;LAZIO;4862
2024/2025;LM-77;LOMBARDIA;LOMBARDIA;4848
2024/2025;L-19;LOMBARDIA;LOMBARDIA;4822
2023/2024;L-36;LAZIO;LAZIO;4801
2024/2025;LMG/01;PUGLIA;PUGLIA;4769
2023/2024;LMG/01;PUGLIA;PUGLIA;4763
2024/2025;L-18;SICILIA;SICILIA;4726
2024/2025;L-10;CAMPANIA;CAMPANIA;4713
2024/2025;LM-41;EMILIA ROMAGNA;EMILIA ROMAGNA;4684
2024/2025;L-12;LOMBARDIA;LOMBARDIA;4667
2024/2025;L-24;LOMBARDIA;LOMBARDIA;4655
2024/2025;L-24;LAZIO;LAZIO;4627
2024/2025;L-8;LOMBARDIA;LOMBARDIA;4624
2024/2025;LM-41;PUGLIA;PUGLIA;4613
2024/2025;L-9;LOMBARDIA;LOMBARDIA;4611
2023/2024;L-33;LAZIO;LAZIO;4609
2023/2024;L-9;LOMBARDIA;LOMBARDIA;4583
2024/2025;LM-77;LAZIO;LAZIO;4572
2023/2024;L-11;LAZIO;LAZIO;4553
2024/2025;LM-85 bis;CAMPANIA;CAMPANIA;4524
2024/2025;L-19;SICILIA;SICILIA;4520
2023/2024;L-18;SICILIA;SICILIA;4482
2024/2025;L-9;SICILIA;SICILIA;4479
2023/2024;LM-41;EMILIA ROMAGNA;EMILIA ROMAGNA;4465
2023/2024;L-24;LAZIO;LAZIO;4425
2023/2024;L-24;LOMBARDIA;LOMBARDIA;4392
2024/2025;LMG/01;TOSCANA;TOSCANA;4384
2023/2024;LM-77;LAZIO;LAZIO;4367
2024/2025;LM-41;TOSCANA;TOSCANA;4354
2023/2024;L-31;LOMBARDIA;LOMBARDIA;4339
2024/2025;L/SNT1;CAMPANIA;CAMPANIA;4318
2023/2024;L-18;VENETO;VENETO;4310
2023/2024;L-33;LOMBARDIA;LOMBARDIA;4295
2024/2025;LMG/01;EMILIA ROMAGNA;EMILIA ROMAGNA;4285
2024/2025;L-31;LOMBARDIA;LOMBARDIA;4265
2024/2025;L-24;SICILIA;SICILIA;4238
2023/2024;L-24;SICILIA;SICILIA;4238
2024/2025;L-18;VENETO;VENETO;4235
2023/2024;LMG/01;EMILIA ROMAGNA;EMILIA ROMAGNA;4220
2023/2024;LMG/01;TOSCANA;TOSCANA;4182
2023/2024;L-19;SICILIA;SICILIA;4169
2023/2024;LM-41;TOSCANA;TOSCANA;4158
2024/2025;L-11;LAZIO;LAZIO;4158
2023/2024;L-9;SICILIA;SICILIA;4149
2023/2024;L-13;CAMPANIA;CAMPANIA;4118
2023/2024;L/SNT1;CAMPANIA;CAMPANIA;4110
2023/2024;LM-41;PUGLIA;PUGLIA;4105
2024/2025;L-9;TOSCANA;TOSCANA;4094
2024/2025;L-33;LOMBARDIA;LOMBARDIA;4061
2024/2025;L-19;EMILIA ROMAGNA;EMILIA ROMAGNA;4028
2023/2024;LM-85 bis;CAMPANIA;CAMPANIA;4026
2024/2025;L-8;SICILIA;SICILIA;4006
2024/2025;L-22;CAMPANIA;CAMPANIA;4005
2024/2025;L-31;CAMPANIA;CAMPANIA;4004
2023/2024;L-19;EMILIA ROMAGNA;EMILIA ROMAGNA;3983
2023/2024;L-9;TOSCANA;TOSCANA;3978
2024/2025;L-13;CAMPANIA;CAMPANIA;3935
2024/2025;L-36;LOMBARDIA;LOMBARDIA;3918
2024/2025;LMG/01;PIEMONTE;PIEMONTE;3907
2023/2024;L-36;LOMBARDIA;LOMBARDIA;3906
2024/2025;LMG/01;VENETO;VENETO;3890
2023/2024;L-8;SICILIA;SICILIA;3881
2023/2024;L-31;CAMPANIA;CAMPANIA;3862
2024/2025;LM-85 bis;SICILIA;SICILIA;3836
2024/2025;L-8;EMILIA ROMAGNA;EMILIA ROMAGNA;3826
2023/2024;L/SNT1;TOSCANA;TOSCANA;3756
2024/2025;L-14;LOMBARDIA;LOMBARDIA;3719
2024/2025;L/SNT1;TOSCANA;TOSCANA;3714
2023/2024;LMG/01;PIEMONTE;PIEMONTE;3712
2023/2024;L-8;EMILIA ROMAGNA;EMILIA ROMAGNA;3689
2023/2024;L-14;LOMBARDIA;LOMBARDIA;3672
2024/2025;LM-41;PIEMONTE;PIEMONTE;3671
2023/2024;LMG/01;VENETO;VENETO;3661
2023/2024;LM-13;CAMPANIA;CAMPANIA;3655
2024/2025;L-20;PIEMONTE;PIEMONTE;3645
2023/2024;LM-41;PIEMONTE;PIEMONTE;3549
2023/2024;L-20;PIEMONTE;PIEMONTE;3537
2024/2025;LM-41;VENETO;VENETO;3530
2024/2025;L/SNT1;VENETO;VENETO;3502
2024/2025;L-11;LOMBARDIA;LOMBARDIA;3481
2024/2025;L-8;PIEMONTE;PIEMONTE;3469
2023/2024;L/SNT1;VENETO;VENETO;3450
2024/2025;LM-13;CAMPANIA;CAMPANIA;3449
2024/2025;LM-85 bis;LAZIO;LAZIO;3438
2023/2024;LM-85 bis;SICILIA;SICILIA;3437
2023/2024;L-22;CAMPANIA;CAMPANIA;3378
2023/2024;L-19;PUGLIA;PUGLIA;3372
2024/2025;L-10;LOMBARDIA;LOMBARDIA;3369
2023/2024;LM-13;LOMBARDIA;LOMBARDIA;3368
2024/2025;L-24;CAMPANIA;CAMPANIA;3363
2024/2025;L-19;PUGLIA;PUGLIA;3361
2023/2024;L-11;LOMBARDIA;LOMBARDIA;3346
2024/2025;LM-13;LOMBARDIA;LOMBARDIA;3317
2023/2024;L-24;CAMPANIA;CAMPANIA;3300
2023/2024;L-10;LAZIO;LAZIO;3297
2024/2025;L/SNT1;PUGLIA;PUGLIA;3283
2023/2024;L-8;PIEMONTE;PIEMONTE;3270
2023/2024;L-10;LOMBARDIA;LOMBARDIA;3258
2023/2024;LM-41;VENETO;VENETO;3227
2024/2025;L-10;LAZIO;LAZIO;3216
2024/2025;L-8;VENETO;VENETO;3198
2023/2024;L-33;CAMPANIA;CAMPANIA;3124
2023/2024;L-13;LAZIO;LAZIO;3119
2024/2025;L-13;LAZIO;LAZIO;3116
2024/2025;LM-77;CAMPANIA;CAMPANIA;3109
2024/2025;L-22;LOMBARDIA;LOMBARDIA;3104
2023/2024;L/SNT1;PUGLIA;PUGLIA;3101
2024/2025;L-33;VENETO;VENETO;3086
2024/2025;L/SNT1;PIEMONTE;PIEMONTE;3081
2023/2024;L-8;VENETO;VENETO;3070
2024/2025;L/SNT1;EMILIA ROMAGNA;EMILIA ROMAGNA;3067
2023/2024;L/SNT1;EMILIA ROMAGNA;EMILIA ROMAGNA;3063
2023/2024;LM-85 bis;LAZIO;LAZIO;3059
2023/2024;L/SNT1;PIEMONTE;PIEMONTE;3047
2023/2024;LM-77;CAMPANIA;CAMPANIA;3019
2024/2025;L-8;TOSCANA;TOSCANA;3016
2024/2025;L-33;CAMPANIA;CAMPANIA;3005
2023/2024;L-8;TOSCANA;TOSCANA;3000
2023/2024;L-22;LOMBARDIA;LOMBARDIA;2989
2024/2025;L-10;SICILIA;SICILIA;2984
2024/2025;L-9;PUGLIA;PUGLIA;2983
2023/2024;L-33;VENETO;VENETO;2982
2023/2024;L-10;SICILIA;SICILIA;2973
2024/2025;L-8;LOMBARDIA;LOMBARDIA;2946
2023/2024;LM-13;SICILIA;SICILIA;2903
2023/2024;L-20;SICILIA;SICILIA;2892
2024/2025;L-20;SICILIA;SICILIA;2866
2024/2025;L-5;LOMBARDIA;LOMBARDIA;2863
2023/2024;L-3;LAZIO;LAZIO;2859
2023/2024;L-19;CAMPANIA;CAMPANIA;2845
2023/2024;L-11;VENETO;VENETO;2834
2024/2025;L-20;EMILIA ROMAGNA;EMILIA ROMAGNA;2834
2023/2024;L-9;PUGLIA;PUGLIA;2824
2024/2025;L-36;VENETO;VENETO;2819
2023/2024;L-33;SICILIA;SICILIA;2806
2024/2025;L-11;VENETO;VENETO;2780
2024/2025;L-3;LAZIO;LAZIO;2766
2024/2025;L-22;LAZIO;LAZIO;2764
2024/2025;L-33;SICILIA;SICILIA;2760
2024/2025;L-19;CAMPANIA;CAMPANIA;2723
2023/2024;L-8;LOMBARDIA;LOMBARDIA;2719
2024/2025;LM-13;SICILIA;SICILIA;2716
2024/2025;LM-4cu;CAMPANIA;CAMPANIA;2687
2023/2024;L-18;SARDEGNA;SARDEGNA;2675
2024/2025;L/SNT2;LAZIO;LAZIO;2645
2023/2024;L-36;VENETO;VENETO;2644
2023/2024;L-22;SICILIA;SICILIA;2644
2023/2024;LMG/01;CALABRIA;CALABRIA;2639
2023/2024;L-22;LAZIO;LAZIO;2629
2023/2024;L-20;EMILIA ROMAGNA;EMILIA ROMAGNA;2628
2023/2024;LM-4cu;CAMPANIA;CAMPANIA;2612
2023/2024;L-5;LOMBARDIA;LOMBARDIA;2610
2023/2024;L-40;CAMPANIA;CAMPANIA;2588
2024/2025;L-18;SARDEGNA;SARDEGNA;2582
2024/2025;L-22;SICILIA;SICILIA;2578
2023/2024;L-10;PUGLIA;PUGLIA;2538
2024/2025;LMG/01;CALABRIA;CALABRIA;2537
2023/2024;LM-13;LAZIO;LAZIO;2533
2024/2025;L-8;CALABRIA;CALABRIA;2532
2024/2025;LM-13;LAZIO;LAZIO;2524
2024/2025;L-31;PIEMONTE;PIEMONTE;2519
2024/2025;L-36;TOSCANA;TOSCANA;2511
2024/2025;L-40;CAMPANIA;CAMPANIA;2501
2023/2024;L-11;SICILIA;SICILIA;2497
2024/2025;L-24;PUGLIA;PUGLIA;2487
2024/2025;LM-85 bis;TOSCANA;TOSCANA;2476
2023/2024;L-24;PUGLIA;PUGLIA;2467
2023/2024;L-8;CALABRIA;CALABRIA;2450
2023/2024;L/SNT2;LAZIO;LAZIO;2442
2023/2024;L-13;SICILIA;SICILIA;2404
2023/2024;L-36;TOSCANA;TOSCANA;2403
2024/2025;LM-41;SARDEGNA;SARDEGNA;2403
2024/2025;L-10;PUGLIA;PUGLIA;2400
2024/2025;L-11;SICILIA;SICILIA;2398
2024/2025;L-31;LAZIO;LAZIO;2398
2024/2025;L-8;PUGLIA;PUGLIA;2384
2024/2025;L-13;SICILIA;SICILIA;2364
2023/2024;L-31;LAZIO;LAZIO;2352
2023/2024;L-11;TOSCANA;TOSCANA;2348
2023/2024;L-31;PIEMONTE;PIEMONTE;2347
2023/2024;L-1;LOMBARDIA;LOMBARDIA;2340
2024/2025;LM-85 bis;EMILIA ROMAGNA;EMILIA ROMAGNA;2338
2024/2025;L-31;VENETO;VENETO;2331
2024/2025;L-33;PIEMONTE;PIEMONTE;2331
2023/2024;L-36;CAMPANIA;CAMPANIA;2329
2024/2025;LM-85 bis;PUGLIA;PUGLIA;2326
2024/2025;LM-85 bis;CALABRIA;CALABRIA;2319
2023/2024;L-19;TOSCANA;TOSCANA;2311
2024/2025;L-36;PIEMONTE;PIEMONTE;2305
2023/2024;L-31;VENETO;VENETO;2304
2024/2025;L-36;CAMPANIA;CAMPANIA;2302
2024/2025;L-30;LOMBARDIA;LOMBARDIA;2290
2023/2024;LM-41;SARDEGNA;SARDEGNA;2290
2024/2025;L-11;TOSCANA;TOSCANA;2289
2024/2025;LM-4cu;LAZIO;LAZIO;2289
2023/2024;LM-4cu;LAZIO;LAZIO;2278
2024/2025;L-1;LOMBARDIA;LOMBARDIA;2275
2023/2024;L-8;PUGLIA;PUGLIA;2268
2023/2024;L/SNT2;LOMBARDIA;LOMBARDIA;2266
2024/2025;L/SNT2;LOMBARDIA;LOMBARDIA;2266
2023/2024;L-1;LAZIO;LAZIO;2253
2023/2024;L-20;TOSCANA;TOSCANA;2250
2024/2025;L-1;LAZIO;LAZIO;2245
2024/2025;L-18;LIGURIA;LIGURIA;2244
2024/2025;L-20;TOSCANA;TOSCANA;2238
2024/2025;L-24;VENETO;VENETO;2230
2023/2024;LM-13;EMILIA ROMAGNA;EMILIA ROMAGNA;2228
2024/2025;L/SNT1;CALABRIA;CALABRIA;2222
2023/2024;LM-85 bis;CALABRIA;CALABRIA;2222
2024/2025;LM-51;LOMBARDIA;LOMBARDIA;2213
2024/2025;LM-13;EMILIA ROMAGNA;EMILIA ROMAGNA;2208
2023/2024;L-36;PIEMONTE;PIEMONTE;2205
2023/2024;LM-85 bis;TOSCANA;TOSCANA;2201
2024/2025;L-31;PUGLIA;PUGLIA;2193
2023/2024;L-24;VENETO;VENETO;2186
2023/2024;L-18;LIGURIA;LIGURIA;2182
2023/2024;LM-77;EMILIA ROMAGNA;EMILIA ROMAGNA;2177
2023/2024;LM-85 bis;EMILIA ROMAGNA;EMILIA ROMAGNA;2167
2023/2024;L-30;LOMBARDIA;LOMBARDIA;2166
2023/2024;L-1;CAMPANIA;CAMPANIA;2161
2024/2025;L-19;TOSCANA;TOSCANA;2160
2024/2025;LM-51;LAZIO;LAZIO;2140
2023/2024;L-13;LOMBARDIA;LOMBARDIA;2133
2024/2025;L-13;LOMBARDIA;LOMBARDIA;2132
2024/2025;L-31;SICILIA;SICILIA;2123
2024/2025;L/SNT3;LAZIO;LAZIO;2103
2024/2025;LM-77;EMILIA ROMAGNA;EMILIA ROMAGNA;2102
2023/2024;L-31;PUGLIA;PUGLIA;2092
2024/2025;L-19;VENETO;VENETO;2088
2023/2024;L-2;LOMBARDIA;LOMBARDIA;2087
2024/2025;L-1;CAMPANIA;CAMPANIA;2078
2024/2025;LM-41;CALABRIA;CALABRIA;2074
2024/2025;L-22;PUGLIA;PUGLIA;2072
2024/2025;L-31;EMILIA ROMAGNA;EMILIA ROMAGNA;2071
2024/2025;L-2;LOMBARDIA;LOMBARDIA;2060
2023/2024;LM-51;LOMBARDIA;LOMBARDIA;2060
2023/2024;LM-13;TOSCANA;TOSCANA;2055
2023/2024;LM-51;LAZIO;LAZIO;2054
2023/2024;L-31;EMILIA ROMAGNA;EMILIA ROMAGNA;2054
2023/2024;L-33;PUGLIA;PUGLIA;2043
2023/2024;LM-85 bis;PUGLIA;PUGLIA;2022
2024/2025;LM-13;TOSCANA;TOSCANA;2018
2023/2024;L-19;VENETO;VENETO;2018
2024/2025;L-33;PUGLIA;PUGLIA;2015
2024/2025;L-22;EMILIA ROMAGNA;EMILIA ROMAGNA;2015
2024/2025;LM-85 bis;PIEMONTE;PIEMONTE;2012
2023/2024;L-14;VENETO;VENETO;2007
2023/2024;L-12;PUGLIA;PUGLIA;2007
2023/2024;L-11;EMILIA ROMAGNA;EMILIA ROMAGNA;1986
2024/2025;L-18;CALABRIA;CALABRIA;1986
2023/2024;L-31;SICILIA;SICILIA;1977
2023/2024;L-12;VENETO;VENETO;1976
2024/2025;L-30;LAZIO;LAZIO;1971
2023/2024;L-22;PUGLIA;PUGLIA;1970
2024/2025;L-17;LOMBARDIA;LOMBARDIA;1961
2023/2024;L/SNT3;LAZIO;LAZIO;1953
2023/2024;L/SNT1;CALABRIA;CALABRIA;1947
2023/2024;LMG/01;SARDEGNA;SARDEGNA;1942
2023/2024;L-17;LOMBARDIA;LOMBARDIA;1939
2024/2025;LMG/01;SARDEGNA;SARDEGNA;1933
2024/2025;L-14;VENETO;VENETO;1930
2024/2025;L-12;VENETO;VENETO;1930
2024/2025;L-11;EMILIA ROMAGNA;EMILIA ROMAGNA;1922
2023/2024;L-18;CALABRIA;CALABRIA;1909
2023/2024;L-22;EMILIA ROMAGNA;EMILIA ROMAGNA;1904
2023/2024;LM-85 bis;PIEMONTE;PIEMONTE;1904
2024/2025;LM-41;LAZIO;CAMPANIA;1895
2024/2025;L-19;PIEMONTE;PIEMONTE;1858
2024/2025;L-36;EMILIA ROMAGNA;EMILIA ROMAGNA;1858
2024/2025;L-12;PUGLIA;PUGLIA;1844
2023/2024;L-19;PIEMONTE;PIEMONTE;1840
2024/2025;L-1;VENETO;VENETO;1834
2023/2024;L-1;VENETO;VENETO;1833
2024/2025;L-10;TOSCANA;TOSCANA;1828
2023/2024;LM-77;VENETO;VENETO;1824
2023/2024;L-13;PIEMONTE;PIEMONTE;1819
2023/2024;L-30;LAZIO;LAZIO;1819
2023/2024;L-12;CAMPANIA;CAMPANIA;1818
2023/2024;L-12;LAZIO;LAZIO;1815
2023/2024;L-10;TOSCANA;TOSCANA;1812
2024/2025;L-13;PIEMONTE;PIEMONTE;1808
2024/2025;LM-77;VENETO;VENETO;1801
2023/2024;L-33;PIEMONTE;PIEMONTE;1792
2024/2025;L-18;ABRUZZO;ABRUZZO;1786
2023/2024;L-24;TOSCANA;TOSCANA;1773
2024/2025;L-12;LAZIO;LAZIO;1771
2023/2024;LM-4cu;SICILIA;SICILIA;1752
2024/2025;L-4;LOMBARDIA;LOMBARDIA;1749
2024/2025;LM-77;PIEMONTE;PIEMONTE;1749
2024/2025;LM-4cu;SICILIA;SICILIA;1748
2023/2024;LM-41;CALABRIA;CALABRIA;1745
2023/2024;L-36;EMILIA ROMAGNA;EMILIA ROMAGNA;1739
2024/2025;L-9;LIGURIA;LIGURIA;1734
2024/2025;L-22;PIEMONTE;PIEMONTE;1732
2024/2025;L-18;LOMBARDIA;REGIONE ESTERA;1731
2023/2024;LM-77;PIEMONTE;PIEMONTE;1731
2023/2024;L-18;ABRUZZO;ABRUZZO;1719
2024/2025;L-24;TOSCANA;TOSCANA;1703
2024/2025;L-33;TOSCANA;TOSCANA;1699
2024/2025;L-5;LAZIO;LAZIO;1694
2024/2025;L-14;PIEMONTE;PIEMONTE;1691
2023/2024;L-33;TOSCANA;TOSCANA;1687
2024/2025;LM-85 bis;MARCHE;MARCHE;1665
2023/2024;L-4;LOMBARDIA;LOMBARDIA;1658
2023/2024;L-22;PIEMONTE;PIEMONTE;1658
2023/2024;L-9;LIGURIA;LIGURIA;1658
2023/2024;LM-13;PIEMONTE;PIEMONTE;1654
2023/2024;L-12;PIEMONTE;PIEMONTE;1650
2024/2025;L-20;SARDEGNA;SARDEGNA;1640
2023/2024;L-32;LOMBARDIA;LOMBARDIA;1631
2024/2025;L-20;CAMPANIA;CAMPANIA;1630
2024/2025;LM-13;PIEMONTE;PIEMONTE;1622
2023/2024;L-13;TOSCANA;TOSCANA;1621
2024/2025;L-31;TOSCANA;TOSCANA;1617
2024/2025;L-14;EMILIA ROMAGNA;EMILIA ROMAGNA;1617
2024/2025;L-13;TOSCANA;TOSCANA;1616
2023/2024;L-14;EMILIA ROMAGNA;EMILIA ROMAGNA;1615
2023/2024;L-20;CAMPANIA;CAMPANIA;1606
2024/2025;L-18;UMBRIA;UMBRIA;1604
2024/2025;L-39;CAMPANIA;CAMPANIA;1602
2024/2025;L-24;EMILIA ROMAGNA;EMILIA ROMAGNA;1599
2023/2024;L-19;CALABRIA;CALABRIA;1598
2023/2024;L-14;PIEMONTE;PIEMONTE;1590
2024/2025;L-18;FRIULI VENEZIA GIULIA;FRIULI VENEZIA GIULIA;1586
2023/2024;L-13;PUGLIA;PUGLIA;1580
2023/2024;LM-13;CALABRIA;CALABRIA;1578
2024/2025;L/SNT3;LOMBARDIA;LOMBARDIA;1578
2024/2025;L-10;VENETO;VENETO;1576
2024/2025;L-42;LOMBARDIA;LOMBARDIA;1575
2023/2024;L-18;UMBRIA;UMBRIA;1574
2023/2024;L-10;VENETO;VENETO;1574
2024/2025;LM-85 bis;VENETO;VENETO;1573
2024/2025;LM-14;CAMPANIA;CAMPANIA;1572
2023/2024;L-39;PUGLIA;PUGLIA;1569
2024/2025;LM-41;LOMBARDIA;REGIONE ESTERA;1569
2024/2025;L-12;CAMPANIA;CAMPANIA;1565
2023/2024;LM-85 bis;VENETO;VENETO;1565
2024/2025;L-13;PUGLIA;PUGLIA;1561
2024/2025;LM-13;CALABRIA;CALABRIA;1560
2023/2024;L-18;FRIULI VENEZIA GIULIA;FRIULI VENEZIA GIULIA;1560
2024/2025;LM-51;SICILIA;SICILIA;1560
2023/2024;L-20;SARDEGNA;SARDEGNA;1558
2024/2025;L-2;CAMPANIA;CAMPANIA;1558
2024/2025;L-33;MARCHE;MARCHE;1548
2024/2025;L-32;LOMBARDIA;LOMBARDIA;1547
2023/2024;LM-41;LAZIO;CAMPANIA;1547
2023/2024;LM-85 bis;MARCHE;MARCHE;1545
2023/2024;L-2;CAMPANIA;CAMPANIA;1539
2023/2024;L-1;TOSCANA;TOSCANA;1525
2024/2025;L-1;TOSCANA;TOSCANA;1524
2024/2025;L-42;LAZIO;LAZIO;1521
2023/2024;LM-14;CAMPANIA;CAMPANIA;1521
2023/2024;L-31;TOSCANA;TOSCANA;1517
2024/2025;L-39;PUGLIA;PUGLIA;1508
2024/2025;L-27;LOMBARDIA;LOMBARDIA;1496
2024/2025;L-12;PIEMONTE;PIEMONTE;1496
2024/2025;L-19;CALABRIA;CALABRIA;1496
2023/2024;L-42;LOMBARDIA;LOMBARDIA;1496
2023/2024;L/SNT3;LOMBARDIA;LOMBARDIA;1495
2023/2024;L-33;MARCHE;MARCHE;1492
2023/2024;L-42;LAZIO;LAZIO;1484
2023/2024;LM-13;PUGLIA;PUGLIA;1475
2023/2024;L-14;PUGLIA;PUGLIA;1474
2023/2024;LM-51;SICILIA;SICILIA;1463
2023/2024;L-5;LAZIO;LAZIO;1460
2024/2025;LM-41;LAZIO;PUGLIA;1455
2024/2025;L-14;PUGLIA;PUGLIA;1454
2024/2025;L-42;EMILIA ROMAGNA;EMILIA ROMAGNA;1451
2023/2024;L-39;CAMPANIA;CAMPANIA;1444
2023/2024;L-27;LAZIO;LAZIO;1444
2024/2025;L-10;EMILIA ROMAGNA;EMILIA ROMAGNA;1436
2023/2024;L-42;EMILIA ROMAGNA;EMILIA ROMAGNA;1435
2024/2025;L-27;LAZIO;LAZIO;1434
2024/2025;LM-41;EMILIA ROMAGNA;VENETO;1433
2023/2024;L/SNT1;LAZIO;CAMPANIA;1430
2023/2024;L-24;EMILIA ROMAGNA;EMILIA ROMAGNA;1428
2024/2025;LM-41;ABRUZZO;ABRUZZO;1412
2023/2024;LM-41;ABRUZZO;ABRUZZO;1411
2024/2025;L-9;CALABRIA;CALABRIA;1409
2024/2025;L-9;PUGLIA;PUGLIA;1408
2024/2025;L-36;SICILIA;SICILIA;1408
2023/2024;L-10;PIEMONTE;PIEMONTE;1408
2024/2025;L-18;MARCHE;MARCHE;1406
2024/2025;LM-13;PUGLIA;PUGLIA;1399
2023/2024;L-9;PUGLIA;PUGLIA;1386
2024/2025;L-10;PIEMONTE;PIEMONTE;1385
2023/2024;LM-41;LAZIO;PUGLIA;1382
2023/2024;99999;SICILIA;SICILIA;1382
2023/2024;L-10;EMILIA ROMAGNA;EMILIA ROMAGNA;1379
2023/2024;L-18;LOMBARDIA;REGIONE ESTERA;1373
2024/2025;L-13;EMILIA ROMAGNA;EMILIA ROMAGNA;1369
2024/2025;LM-51;CAMPANIA;CAMPANIA;1368
2023/2024;L-27;LOMBARDIA;LOMBARDIA;1365
2023/2024;L-39;LAZIO;LAZIO;1362
2023/2024;LM-6;CAMPANIA;CAMPANIA;1355
2024/2025;L-11;PIEMONTE;PIEMONTE;1345
2023/2024;LM-41;LOMBARDIA;REGIONE ESTERA;1344
2023/2024;LM-41;EMILIA ROMAGNA;VENETO;1343
2023/2024;L-36;SICILIA;SICILIA;1341
2024/2025;LM-6;CAMPANIA;CAMPANIA;1337
2023/2024;L-13;EMILIA ROMAGNA;EMILIA ROMAGNA;1328
2024/2025;L-19;SARDEGNA;SARDEGNA;1326
2023/2024;L-19;MARCHE;MARCHE;1322
2024/2025;L-2;SICILIA;SICILIA;1318
2024/2025;L-11;PUGLIA;PUGLIA;1317
2023/2024;L-11;PUGLIA;PUGLIA;1317
2023/2024;L-35;LOMBARDIA;LOMBARDIA;1316
2024/2025;L-19;MARCHE;MARCHE;1316
2023/2024;L-19;SARDEGNA;SARDEGNA;1304
2023/2024;99999;LAZIO;LAZIO;1302
2024/2025;L-8;MARCHE;MARCHE;1301
2024/2025;L-12;SICILIA;SICILIA;1298
2024/2025;LMG/01;LIGURIA;LIGURIA;1298
2023/2024;LM-37;CAMPANIA;CAMPANIA;1290
2023/2024;L-12;SICILIA;SICILIA;1288
2024/2025;L-13;MARCHE;MARCHE;1288
2024/2025;L-40;LAZIO;LAZIO;1287
2024/2025;LMG/01;MARCHE;MARCHE;1285
2024/2025;LM-77;PUGLIA;PUGLIA;1274
2023/2024;LM-77;PUGLIA;PUGLIA;1271
2023/2024;L-11;PIEMONTE;PIEMONTE;1270
2023/2024;L-18;MARCHE;MARCHE;1270
2023/2024;LM-77;TOSCANA;TOSCANA;1266
2024/2025;LM-32;PIEMONTE;PIEMONTE;1266
2024/2025;LM-37;CAMPANIA;CAMPANIA;1264
2024/2025;LM-52;LAZIO;LAZIO;1263
2024/2025;L/SNT1;LIGURIA;LIGURIA;1261
2023/2024;L-8;MARCHE;MARCHE;1260
2023/2024;L-9;CALABRIA;CALABRIA;1258
2023/2024;99999;PUGLIA;PUGLIA;1258
2024/2025;LM-4cu;TOSCANA;TOSCANA;1258
2024/2025;L-35;LOMBARDIA;LOMBARDIA;1255
2023/2024;LMG/01;MARCHE;MARCHE;1254
2024/2025;L-20;PUGLIA;PUGLIA;1251
2024/2025;L-35;LAZIO;LAZIO;1251
2023/2024;LM-51;CAMPANIA;CAMPANIA;1248
2024/2025;LM-77;SICILIA;SICILIA;1248
2023/2024;L-40;LAZIO;LAZIO;1247
2023/2024;L/SNT1;LIGURIA;LIGURIA;1243
2023/2024;L/SNT1;MARCHE;MARCHE;1242
2023/2024;L-13;MARCHE;MARCHE;1242
2024/2025;L-5;VENETO;VENETO;1238
2023/2024;LMG/01;LIGURIA;LIGURIA;1231
2024/2025;L/SNT1;LAZIO;CAMPANIA;1230
2024/2025;L-14;TOSCANA;TOSCANA;1226
2024/2025;LM-77;TOSCANA;TOSCANA;1226
2023/2024;L-2;SICILIA;SICILIA;1225
2023/2024;L-25;LOMBARDIA;LOMBARDIA;1224
2024/2025;L-39;LAZIO;LAZIO;1224
2024/2025;L/SNT2;CAMPANIA;CAMPANIA;1223
2024/2025;L-24;SARDEGNA;SARDEGNA;1222
2023/2024;LM-4cu;TOSCANA;TOSCANA;1221
2023/2024;L-24;SARDEGNA;SARDEGNA;1219
2024/2025;LM-41;MARCHE;MARCHE;1216
2024/2025;L/SNT2;SICILIA;SICILIA;1215
2023/2024;L-20;PUGLIA;PUGLIA;1208
2023/2024;LM-77;SICILIA;SICILIA;1203
2024/2025;L/SNT1;ABRUZZO;ABRUZZO;1202
2024/2025;L/SNT1;MARCHE;MARCHE;1200
2023/2024;99999;CAMPANIA;CAMPANIA;1200
2023/2024;L-7;CAMPANIA;CAMPANIA;1198
2024/2025;99999;SICILIA;SICILIA;1198
2023/2024;L-5;VENETO;VENETO;1196
2024/2025;L-7;CAMPANIA;CAMPANIA;1194
2024/2025;LM-41;FRIULI VENEZIA GIULIA;FRIULI VENEZIA GIULIA;1193
2023/2024;L-14;TOSCANA;TOSCANA;1190
2024/2025;LM-51;VENETO;VENETO;1189
2024/2025;L-4;CAMPANIA;CAMPANIA;1186
2024/2025;L-25;LOMBARDIA;LOMBARDIA;1185
2023/2024;L-33;CALABRIA;CALABRIA;1183
2023/2024;LM-85;SICILIA;SICILIA;1171
2024/2025;LM-77;LOMBARDIA;REGIONE ESTERA;1169
2023/2024;L-40;LOMBARDIA;LOMBARDIA;1168
2023/2024;L-35;LAZIO;LAZIO;1166
2024/2025;L-22;ABRUZZO;ABRUZZO;1166
2024/2025;L/SNT3;SICILIA;SICILIA;1163
2023/2024;L/SNT2;SICILIA;SICILIA;1162
2024/2025;L-40;LOMBARDIA;LOMBARDIA;1160
2024/2025;L-32;LAZIO;LAZIO;1156
2023/2024;LM-51;VENETO;VENETO;1155
2024/2025;L-33;LAZIO;REGIONE ESTERA;1153
2023/2024;L-33;EMILIA ROMAGNA;EMILIA ROMAGNA;1150
2023/2024;L/SNT1;ABRUZZO;ABRUZZO;1149
2023/2024;L/SNT2;CAMPANIA;CAMPANIA;1147
2024/2025;L-9;ABRUZZO;ABRUZZO;1147
2023/2024;L-7;LAZIO;LAZIO;1146
2024/2025;LM-41;LIGURIA;LIGURIA;1144
2024/2025;LM-41;LAZIO;REGIONE ESTERA;1143
2024/2025;L-22;VENETO;VENETO;1142
2023/2024;LMG/01;FRIULI VENEZIA GIULIA;FRIULI VENEZIA GIULIA;1138
2024/2025;L-8;SARDEGNA;SARDEGNA;1134
2024/2025;L-33;CALABRIA;CALABRIA;1132
2024/2025;L-9;SARDEGNA;SARDEGNA;1132
2023/2024;LM-41;FRIULI VENEZIA GIULIA;FRIULI VENEZIA GIULIA;1132
2023/2024;LM-41;MARCHE;MARCHE;1132
2023/2024;L-4;CAMPANIA;CAMPANIA;1132
2023/2024;L-39;TOSCANA;TOSCANA;1130
2023/2024;L-9;SARDEGNA;SARDEGNA;1130
2023/2024;L-7;LOMBARDIA;LOMBARDIA;1127
2024/2025;L-39;TOSCANA;TOSCANA;1122
2023/2024;LM-13;VENETO;VENETO;1117
2024/2025;99999;LAZIO;LAZIO;1116
2024/2025;L-2;EMILIA ROMAGNA;EMILIA ROMAGNA;1111
2024/2025;L-7;LOMBARDIA;LOMBARDIA;1111
2023/2024;LM-52;LAZIO;LAZIO;1109
2024/2025;LMG/01;FRIULI VENEZIA GIULIA;FRIULI VENEZIA GIULIA;1109
2023/2024;LM-32;PIEMONTE;PIEMONTE;1106
2023/2024;L-8;SARDEGNA;SARDEGNA;1100
2023/2024;L-9;ABRUZZO;ABRUZZO;1098
2024/2025;LM-13;VENETO;VENETO;1097
2024/2025;L/SNT1;SARDEGNA;SARDEGNA;1097
2024/2025;LM-41;UMBRIA;UMBRIA;1093
2023/2024;L/SNT1;UMBRIA;UMBRIA;1089
2023/2024;LM-41;LIGURIA;LIGURIA;1088
2024/2025;L-2;PIEMONTE;PIEMONTE;1088
2023/2024;L-15;LOMBARDIA;LOMBARDIA;1087
2023/2024;L-25;SICILIA;SICILIA;1084
2023/2024;L-32;LAZIO;LAZIO;1082
2023/2024;99999;LOMBARDIA;LOMBARDIA;1082
2024/2025;L/SNT3;CAMPANIA;CAMPANIA;1082
2024/2025;L-7;EMILIA ROMAGNA;EMILIA ROMAGNA;1081
2024/2025;LM-85;SICILIA;SICILIA;1080
2024/2025;L-24;PIEMONTE;PIEMONTE;1078
2024/2025;L-22;CALABRIA;CALABRIA;1077
2024/2025;L-17;LAZIO;LAZIO;1077
2023/2024;L-2;EMILIA ROMAGNA;EMILIA ROMAGNA;1077
2023/2024;L-1;SICILIA;SICILIA;1073
2024/2025;LM-41;EMILIA ROMAGNA;LOMBARDIA;1073
2023/2024;L-22;ABRUZZO;ABRUZZO;1069
2023/2024;L-2;LAZIO;LAZIO;1067
2023/2024;L/SNT1;SARDEGNA;SARDEGNA;1065
2023/2024;L-22;VENETO;VENETO;1065
2023/2024;LM-33;CAMPANIA;CAMPANIA;1064
2024/2025;LM-31;CAMPANIA;CAMPANIA;1064
2023/2024;L-7;EMILIA ROMAGNA;EMILIA ROMAGNA;1063
2024/2025;L-15;LOMBARDIA;LOMBARDIA;1062
2024/2025;L/SNT2;EMILIA ROMAGNA;EMILIA ROMAGNA;1059
2024/2025;L/SNT1;UMBRIA;UMBRIA;1059
2023/2024;L-17;LAZIO;LAZIO;1058
2024/2025;99999;PUGLIA;PUGLIA;1056
2024/2025;L-7;LAZIO;LAZIO;1053
2023/2024;LM-85;LOMBARDIA;LOMBARDIA;1051
2024/2025;L-33;EMILIA ROMAGNA;EMILIA ROMAGNA;1050
2023/2024;L-18;EMILIA ROMAGNA;VENETO;1047
2023/2024;L-2;PIEMONTE;PIEMONTE;1045
2023/2024;L-24;PIEMONTE;PIEMONTE;1045
2024/2025;L-17;PIEMONTE;PIEMONTE;1045
2023/2024;L-3;TOSCANA;TOSCANA;1044
2023/2024;L-17;PIEMONTE;PIEMONTE;1043
2023/2024;LM-4;LOMBARDIA;LOMBARDIA;1043
2023/2024;LM-77;LOMBARDIA;REGIONE ESTERA;1041
2024/2025;L-3;TOSCANA;TOSCANA;1040
2023/2024;LM-41;UMBRIA;UMBRIA;1040
2024/2025;L-14;ABRUZZO;CAMPANIA;1039
2023/2024;L-12;SARDEGNA;SARDEGNA;1038
2024/2025;L-24;CALABRIA;CALABRIA;1037
2023/2024;L-10;SARDEGNA;SARDEGNA;1035
2023/2024;L-29;CAMPANIA;CAMPANIA;1035
2024/2025;L-4;TOSCANA;TOSCANA;1034
2024/2025;LM-85;LOMBARDIA;LOMBARDIA;1034
2024/2025;LM-4;LOMBARDIA;REGIONE ESTERA;1031
2024/2025;L-25;SICILIA;SICILIA;1027
2023/2024;LM-31;CAMPANIA;CAMPANIA;1026
2023/2024;L-5;SICILIA;SICILIA;1025
2023/2024;LM-13;SARDEGNA;SARDEGNA;1021
2024/2025;L-2;LAZIO;LAZIO;1021
2023/2024;L-11;LIGURIA;LIGURIA;1020
2024/2025;L-5;SICILIA;SICILIA;1017
2024/2025;LM-33;CAMPANIA;CAMPANIA;1017
2024/2025;L-24;ABRUZZO;ABRUZZO;1016
2024/2025;L-3;PIEMONTE;PIEMONTE;1014
2023/2024;L-35;CAMPANIA;CAMPANIA;1014
2023/2024;L/SNT3;SICILIA;SICILIA;1012
2024/2025;L-10;SARDEGNA;SARDEGNA;1009
2024/2025;LM-85 bis;FRIULI VENEZIA GIULIA;FRIULI VENEZIA GIULIA;1004
2024/2025;L-1;SICILIA;SICILIA;1001
2024/2025;LM-13;SARDEGNA;SARDEGNA;1001
2023/2024;L-24;CALABRIA;CALABRIA;1000
2023/2024;L-33;LAZIO;REGIONE ESTERA;995
2024/2025;L-33;LOMBARDIA;REGIONE ESTERA;995
2024/2025;L-18;EMILIA ROMAGNA;VENETO;995
2023/2024;L/SNT2;EMILIA ROMAGNA;EMILIA ROMAGNA;993
2023/2024;LM-4;LOMBARDIA;REGIONE ESTERA;993
2024/2025;L-5;PIEMONTE;PIEMONTE;991
2023/2024;L-14;ABRUZZO;CAMPANIA;988
2023/2024;L-27;PIEMONTE;PIEMONTE;986
2023/2024;L-5;CAMPANIA;CAMPANIA;986
2023/2024;L/SNT3;CAMPANIA;CAMPANIA;984
2023/2024;99999;EMILIA ROMAGNA;EMILIA ROMAGNA;984
2023/2024;LM-41;EMILIA ROMAGNA;LOMBARDIA;982
2024/2025;L-22;TOSCANA;TOSCANA;982
2024/2025;LM-85 bis;ABRUZZO;ABRUZZO;981
2024/2025;L-5;CAMPANIA;CAMPANIA;976
2024/2025;L-35;CAMPANIA;CAMPANIA;975
2023/2024;L-22;TOSCANA;TOSCANA;974
2024/2025;L-29;CAMPANIA;CAMPANIA;973
2024/2025;L-24;UMBRIA;UMBRIA;973
2023/2024;LM-37;LAZIO;LAZIO;972
2024/2025;L-3;LOMBARDIA;LOMBARDIA;966
2024/2025;L-12;SARDEGNA;SARDEGNA;966
2023/2024;LM-14;LOMBARDIA;LOMBARDIA;965
2024/2025;L-20;VENETO;VENETO;964
2023/2024;L-4;TOSCANA;TOSCANA;963
2023/2024;L-16;PIEMONTE;PIEMONTE;963
2023/2024;L-9;FRIULI VENEZIA GIULIA;FRIULI VENEZIA GIULIA;960
2023/2024;LM-85 bis;ABRUZZO;ABRUZZO;960
2024/2025;L-9;FRIULI VENEZIA GIULIA;FRIULI VENEZIA GIULIA;959
2023/2024;L-5;PIEMONTE;PIEMONTE;959
2023/2024;L-24;ABRUZZO;ABRUZZO;958
2024/2025;LM-4;PIEMONTE;PIEMONTE;957
2023/2024;L-16;SICILIA;SICILIA;955
2024/2025;L-27;PIEMONTE;PIEMONTE;955
2023/2024;LM-56;CAMPANIA;CAMPANIA;953
2023/2024;L-3;LOMBARDIA;LOMBARDIA;950
2023/2024;L-39;SICILIA;SICILIA;949
2024/2025;L-8;LIGURIA;LIGURIA;949
2024/2025;L/SNT3;EMILIA ROMAGNA;EMILIA ROMAGNA;949
2024/2025;L-11;LIGURIA;LIGURIA;948
2024/2025;LM-32;LOMBARDIA;LOMBARDIA;947
2024/2025;L-5;EMILIA ROMAGNA;EMILIA ROMAGNA;946
2024/2025;L-42;TOSCANA;TOSCANA;944
2024/2025;LM-4;LOMBARDIA;LOMBARDIA;942
2024/2025;99999;CAMPANIA;CAMPANIA;940
2024/2025;LM-6;LAZIO;LAZIO;938
2024/2025;LM-59;LOMBARDIA;LOMBARDIA;937
2023/2024;L/SNT1;LAZIO;SICILIA;937
2024/2025;L-18;EMILIA ROMAGNA;LOMBARDIA;934
2024/2025;L-4;VENETO;VENETO;934
2024/2025;L-39;SICILIA;SICILIA;934
2024/2025;LM-41;LOMBARDIA;PUGLIA;933
2023/2024;L-42;TOSCANA;TOSCANA;931
2023/2024;L-7;LOMBARDIA;LOMBARDIA;929
2023/2024;L-3;PIEMONTE;PIEMONTE;929
2024/2025;L-14;LAZIO;LAZIO;929
2024/2025;99999;LOMBARDIA;LOMBARDIA;928
2024/2025;L-36;PUGLIA;PUGLIA;928
2023/2024;L-2;PUGLIA;PUGLIA;927
2023/2024;L-18;EMILIA ROMAGNA;LOMBARDIA;927
2023/2024;L-18;LOMBARDIA;PIEMONTE;927
2023/2024;L-11;MARCHE;MARCHE;927
2023/2024;L-5;EMILIA ROMAGNA;EMILIA ROMAGNA;926
2024/2025;L-9;MARCHE;MARCHE;924
2024/2025;L/SNT2;PIEMONTE;PIEMONTE;923
2024/2025;L-42;VENETO;VENETO;922
2023/2024;L-13;SARDEGNA;SARDEGNA;922
2024/2025;LM-14;LOMBARDIA;LOMBARDIA;921
2023/2024;L-24;UMBRIA;UMBRIA;920
2023/2024;L-20;VENETO;VENETO;919
2023/2024;L-14;LAZIO;LAZIO;919
2024/2025;LM-37;LAZIO;LAZIO;919
2024/2025;LM-32;LAZIO;LAZIO;918
2023/2024;L-7;SICILIA;SICILIA;916
2023/2024;LM-6;LAZIO;LAZIO;916
2024/2025;L-32;PIEMONTE;PIEMONTE;914
2023/2024;L-16;CAMPANIA;CAMPANIA;912
2024/2025;L-7;LOMBARDIA;LOMBARDIA;910
2023/2024;L-27;EMILIA ROMAGNA;EMILIA ROMAGNA;909
2024/2025;L-16;PIEMONTE;PIEMONTE;905
2024/2025;L-20;MARCHE;MARCHE;904
2024/2025;LM-19;LAZIO;LAZIO;904
2023/2024;L/SNT2;PIEMONTE;PIEMONTE;904
2023/2024;LM-4;PIEMONTE;PIEMONTE;903
2024/2025;L-3;EMILIA ROMAGNA;EMILIA ROMAGNA;903
2024/2025;L-36;SARDEGNA;SARDEGNA;902
2023/2024;LM-59;LOMBARDIA;LOMBARDIA;901
2023/2024;L-36;PUGLIA;PUGLIA;900
2024/2025;L-18;LOMBARDIA;PIEMONTE;899
2024/2025;L-10;ABRUZZO;ABRUZZO;898
2023/2024;L-15;PIEMONTE;PIEMONTE;897
2023/2024;L-18;LOMBARDIA;PUGLIA;896
2024/2025;L-17;VENETO;VENETO;893
2023/2024;LM-85 bis;FRIULI VENEZIA GIULIA;FRIULI VENEZIA GIULIA;890
2024/2025;L-8;PUGLIA;PUGLIA;889
2024/2025;L-27;EMILIA ROMAGNA;EMILIA ROMAGNA;889
2024/2025;LM-56;CAMPANIA;CAMPANIA;889
2024/2025;LM-31;LOMBARDIA;LOMBARDIA;886
2024/2025;L-30;CAMPANIA;CAMPANIA;884
2023/2024;L-36;SARDEGNA;SARDEGNA;884
2023/2024;L-16;LOMBARDIA;LOMBARDIA;883
2023/2024;L-9;MARCHE;MARCHE;882
2023/2024;L-8;LIGURIA;LIGURIA;882
2024/2025;L-7;SICILIA;SICILIA;882
2024/2025;L-42;PIEMONTE;PIEMONTE;880
2023/2024;L-10;ABRUZZO;ABRUZZO;879
2023/2024;LM-31;LOMBARDIA;LOMBARDIA;878
2023/2024;LM-32;LOMBARDIA;LOMBARDIA;878
2023/2024;LM-38;LOMBARDIA;LOMBARDIA;878
2023/2024;LM-41;LAZIO;REGIONE ESTERA;875
2023/2024;L-3;EMILIA ROMAGNA;EMILIA ROMAGNA;875
2023/2024;L-20;MARCHE;MARCHE;875
2024/2025;L-36;LIGURIA;LIGURIA;874
2024/2025;L-16;CAMPANIA;CAMPANIA;873
2023/2024;L-42;VENETO;VENETO;873
2024/2025;L-30;EMILIA ROMAGNA;EMILIA ROMAGNA;871
2024/2025;LM-32;CAMPANIA;CAMPANIA;871
2024/2025;L-1;PIEMONTE;PIEMONTE;870
2024/2025;L/SNT3;VENETO;VENETO;870
2024/2025;L-31;MARCHE;MARCHE;868
2023/2024;L/SNT3;EMILIA ROMAGNA;EMILIA ROMAGNA;868
2024/2025;LM-33;EMILIA ROMAGNA;EMILIA ROMAGNA;864
2024/2025;L-13;SARDEGNA;SARDEGNA;861
2024/2025;L-15;PIEMONTE;PIEMONTE;861
2023/2024;L-26;SICILIA;SICILIA;860
2024/2025;LMG/01;Provincia autonoma di TRENTO;VENETO;859
2024/2025;LM-6;LOMBARDIA;LOMBARDIA;858
2023/2024;L-30;CAMPANIA;CAMPANIA;858
2024/2025;L-30;TOSCANA;TOSCANA;858
2023/2024;99999;SARDEGNA;SARDEGNA;856
2023/2024;LM-6;LOMBARDIA;LOMBARDIA;856
2023/2024;LM-31;PIEMONTE;PIEMONTE;855
2023/2024;L-32;PIEMONTE;PIEMONTE;855
2024/2025;LM-59;LAZIO;LAZIO;855
2024/2025;LM-41;LAZIO;CALABRIA;854
2023/2024;L-41;VENETO;VENETO;853
2024/2025;L-16;LOMBARDIA;LOMBARDIA;853
2024/2025;L-19;EMILIA ROMAGNA;VENETO;850
2024/2025;L-2;PUGLIA;PUGLIA;850
2024/2025;99999;EMILIA ROMAGNA;EMILIA ROMAGNA;850
2024/2025;L-11;MARCHE;MARCHE;848
2024/2025;L-41;VENETO;VENETO;848
2023/2024;LMG/01;Provincia autonoma di TRENTO;VENETO;845
2023/2024;L-2;TOSCANA;TOSCANA;844
2023/2024;LM-32;CAMPANIA;CAMPANIA;842
2023/2024;LM-13;MARCHE;MARCHE;842
2023/2024;LMG/01;ABRUZZO;ABRUZZO;842
2024/2025;L-14;ABRUZZO;ABRUZZO;842
2023/2024;LM-33;EMILIA ROMAGNA;EMILIA ROMAGNA;841
2023/2024;LM-33;LAZIO;LAZIO;840
2024/2025;L-2;TOSCANA;TOSCANA;840
2024/2025;L-18;Provincia autonoma di TRENTO;Provincia autonoma di TRENTO;838
2024/2025;LM-31;PIEMONTE;PIEMONTE;838
2023/2024;LM-59;LAZIO;LAZIO;836
2023/2024;LM-41;LOMBARDIA;PUGLIA;835
2024/2025;L-27;TOSCANA;TOSCANA;835
2024/2025;LM-13;MARCHE;MARCHE;834
2023/2024;L-32;TOSCANA;TOSCANA;834
2023/2024;L-9;PIEMONTE;PUGLIA;833
2023/2024;L-27;TOSCANA;TOSCANA;832
2023/2024;L-17;VENETO;VENETO;830
2024/2025;L/SNT2;TOSCANA;TOSCANA;830
2024/2025;LM-4cu;PUGLIA;PUGLIA;828
2024/2025;LM-85 bis;UMBRIA;UMBRIA;828
2023/2024;LMG/01;LAZIO;CAMPANIA;825
2024/2025;L/SNT2;VENETO;VENETO;824
2024/2025;L/SNT1;FRIULI VENEZIA GIULIA;FRIULI VENEZIA GIULIA;824
2023/2024;L-9;PIEMONTE;SICILIA;824
2023/2024;L-31;FRIULI VENEZIA GIULIA;FRIULI VENEZIA GIULIA;822
2024/2025;L-22;EMILIA ROMAGNA;VENETO;822
2023/2024;L-1;PIEMONTE;PIEMONTE;821
2023/2024;LM-41;LAZIO;CALABRIA;821
2024/2025;LM-14;LAZIO;LAZIO;820
2024/2025;L-3;PUGLIA;PUGLIA;820
2023/2024;L/SNT1;FRIULI VENEZIA GIULIA;FRIULI VENEZIA GIULIA;819
2024/2025;LMG/01;ABRUZZO;ABRUZZO;819
2023/2024;LM-19;LAZIO;LAZIO;818
2023/2024;L-27;SICILIA;SICILIA;816
2023/2024;L-4;VENETO;VENETO;814
2023/2024;LM-14;LAZIO;LAZIO;814
2024/2025;L-30;PIEMONTE;PIEMONTE;814
2023/2024;LM-32;LAZIO;LAZIO;812
2024/2025;LM-31;LAZIO;LAZIO;811
2024/2025;L/SNT3;TOSCANA;TOSCANA;810
2023/2024;LM-31;LAZIO;LAZIO;808
2023/2024;L/SNT2;TOSCANA;TOSCANA;808
2024/2025;L-22;MARCHE;MARCHE;807
2023/2024;L-29;CALABRIA;CALABRIA;806
2023/2024;L-30;TOSCANA;TOSCANA;806
2024/2025;L-31;FRIULI VENEZIA GIULIA;FRIULI VENEZIA GIULIA;805
2024/2025;L-32;TOSCANA;TOSCANA;805
2023/2024;L-31;MARCHE;MARCHE;804
2024/2025;LMG/01;LAZIO;CAMPANIA;804
2024/2025;L-31;SICILIA;REGIONE ESTERA;803
2024/2025;L-16;SICILIA;SICILIA;802
2023/2024;L-27;CAMPANIA;CAMPANIA;801
2023/2024;L-18;Provincia autonoma di TRENTO;Provincia autonoma di TRENTO;801
2024/2025;LM-56;LAZIO;LAZIO;801
2024/2025;LM-41;FRIULI VENEZIA GIULIA;VENETO;800
2024/2025;LM-33;LAZIO;LAZIO;800
2024/2025;L-10;CALABRIA;CALABRIA;799
2023/2024;L-42;PIEMONTE;PIEMONTE;799
2024/2025;L-4;SICILIA;SICILIA;795
2023/2024;L-30;EMILIA ROMAGNA;EMILIA ROMAGNA;793
2023/2024;LM-4cu;PUGLIA;PUGLIA;792
2024/2025;L-14;CAMPANIA;CAMPANIA;792
2024/2025;L/SNT2;PUGLIA;PUGLIA;791
2023/2024;L-10;CALABRIA;CALABRIA;791
2023/2024;99999;PIEMONTE;PIEMONTE;788
2023/2024;LM-56;LAZIO;LAZIO;787
2023/2024;L-25;VENETO;VENETO;784
2023/2024;L-14;ABRUZZO;ABRUZZO;782
2023/2024;L-14;CAMPANIA;CAMPANIA;781
2024/2025;L-5;TOSCANA;TOSCANA;781
2024/2025;L-26;EMILIA ROMAGNA;EMILIA ROMAGNA;781
2023/2024;L/SNT2;VENETO;VENETO;780
2023/2024;L-1;PUGLIA;PUGLIA;778
2023/2024;L-39;PIEMONTE;PIEMONTE;777
2024/2025;L-27;CAMPANIA;CAMPANIA;775
2024/2025;L-12;EMILIA ROMAGNA;EMILIA ROMAGNA;774
2023/2024;L-26;LOMBARDIA;LOMBARDIA;774
2023/2024;L-22;MARCHE;MARCHE;773
2024/2025;L-29;CALABRIA;CALABRIA;773
2023/2024;L-23;LAZIO;LAZIO;771
2024/2025;LM-4cu;CALABRIA;CALABRIA;771
2023/2024;L-15;SICILIA;SICILIA;770
2024/2025;LM-38;LOMBARDIA;LOMBARDIA;770
2024/2025;L-9;PIEMONTE;SICILIA;768
2024/2025;L-1;PUGLIA;PUGLIA;768
2023/2024;L/SNT3;TOSCANA;TOSCANA;768
2023/2024;L-22;CALABRIA;CALABRIA;767
2023/2024;L-18;LOMBARDIA;VENETO;766
2024/2025;L-18;LOMBARDIA;PUGLIA;765
2023/2024;LM-85 bis;Provincia autonoma di BOLZANO;Provincia autonoma di BOLZANO;764
2024/2025;LM-33;PIEMONTE;PIEMONTE;764
2023/2024;L-25;PUGLIA;PUGLIA;764
2024/2025;LM-46;LOMBARDIA;LOMBARDIA;764
2024/2025;L/SNT3;PUGLIA;PUGLIA;763
2023/2024;L-36;LIGURIA;LIGURIA;761
2023/2024;L-41;LAZIO;LAZIO;760
2023/2024;L-18;LOMBARDIA;SICILIA;760
2023/2024;LM-41;FRIULI VENEZIA GIULIA;VENETO;760
2024/2025;LM-89;LAZIO;LAZIO;760
2023/2024;LM-33;PIEMONTE;PIEMONTE;759
2023/2024;L-5;TOSCANA;TOSCANA;759
2023/2024;L-41;LOMBARDIA;LOMBARDIA;759
2023/2024;LM-77;LAZIO;CAMPANIA;759
2024/2025;L-18;TOSCANA;REGIONE ESTERA;758
2024/2025;L-26;LOMBARDIA;LOMBARDIA;757
2023/2024;L/SNT3;VENETO;VENETO;757
2024/2025;LM-52;CAMPANIA;CAMPANIA;756
2024/2025;L-30;VENETO;VENETO;755
2023/2024;LM-77;MARCHE;MARCHE;752
2023/2024;LM-89;LAZIO;LAZIO;752
2023/2024;L-18;LAZIO;CAMPANIA;751
2023/2024;L-10;MARCHE;MARCHE;750
2024/2025;99999;SARDEGNA;SARDEGNA;750
2023/2024;L-4;SICILIA;SICILIA;749
2023/2024;L-22;EMILIA ROMAGNA;VENETO;748
2023/2024;L/SNT2;PUGLIA;PUGLIA;746
2024/2025;L-9;PIEMONTE;PUGLIA;746
2023/2024;L-12;EMILIA ROMAGNA;EMILIA ROMAGNA;744
2023/2024;LM-46;LOMBARDIA;LOMBARDIA;744
2023/2024;L-8;PUGLIA;PUGLIA;742
2024/2025;L-30;SICILIA;SICILIA;742
2024/2025;LMG/01;UMBRIA;UMBRIA;742
2024/2025;L-40;PUGLIA;PUGLIA;740
2023/2024;L-26;EMILIA ROMAGNA;EMILIA ROMAGNA;739
2024/2025;LM-41;EMILIA ROMAGNA;REGIONE ESTERA;737
2024/2025;LM-41;EMILIA ROMAGNA;PUGLIA;736
2023/2024;L-30;VENETO;VENETO;736
2023/2024;LM-85;LAZIO;LAZIO;735
2024/2025;L-10;MARCHE;MARCHE;734
2023/2024;L-15;LAZIO;LAZIO;734
2023/2024;L-25;CAMPANIA;CAMPANIA;733
2023/2024;L-11;CALABRIA;CALABRIA;732
2024/2025;L-18;PIEMONTE;LOMBARDIA;732
2024/2025;L-25;VENETO;VENETO;731
2023/2024;LM-14;PUGLIA;PUGLIA;731
2024/2025;L-22;UMBRIA;UMBRIA;730
2024/2025;LM-77;LAZIO;CAMPANIA;729
2023/2024;LM-85 bis;UMBRIA;UMBRIA;728
2023/2024;LM-4cu;EMILIA ROMAGNA;EMILIA ROMAGNA;728
2023/2024;LM-4cu;CALABRIA;CALABRIA;728
2024/2025;99999;PIEMONTE;PIEMONTE;724
2024/2025;L-7;VENETO;VENETO;722
2023/2024;LM-13;ABRUZZO;ABRUZZO;722
2023/2024;LM-37;LOMBARDIA;LOMBARDIA;720
2023/2024;L/SNT3;PUGLIA;PUGLIA;720
2023/2024;L-1;SARDEGNA;SARDEGNA;720
2023/2024;L-7;VENETO;VENETO;719
2024/2025;L-8;UMBRIA;UMBRIA;719
2023/2024;L-32;CAMPANIA;CAMPANIA;718
2023/2024;L-33;LOMBARDIA;REGIONE ESTERA;718
2024/2025;L-39;PIEMONTE;PIEMONTE;716
2023/2024;L-30;SICILIA;SICILIA;715
2023/2024;L-19;EMILIA ROMAGNA;VENETO;715
2024/2025;LM-77;MARCHE;MARCHE;715
2024/2025;L-23;LAZIO;LAZIO;714
2023/2024;L-25;TOSCANA;TOSCANA;712
2024/2025;L-18;LAZIO;CAMPANIA;709
2024/2025;LM-4cu;EMILIA ROMAGNA;EMILIA ROMAGNA;709
2024/2025;LM-33;LOMBARDIA;LOMBARDIA;708
2024/2025;L-26;SICILIA;SICILIA;707
2024/2025;L-32;CAMPANIA;CAMPANIA;706
2024/2025;L-17;SARDEGNA;SARDEGNA;706
2024/2025;L/SNT1;LAZIO;SICILIA;706
2024/2025;L-1;SARDEGNA;SARDEGNA;700
2023/2024;LMG/01;UMBRIA;UMBRIA;700
2024/2025;L-32;EMILIA ROMAGNA;EMILIA ROMAGNA;700
2024/2025;LM-46;LAZIO;LAZIO;700
2024/2025;LM-56;VENETO;VENETO;699
2024/2025;L-41;LOMBARDIA;LOMBARDIA;699
2023/2024;LM-31;LOMBARDIA;LOMBARDIA;699
2023/2024;L-40;PUGLIA;PUGLIA;697
2024/2025;L-15;SICILIA;SICILIA;697
2024/2025;LM-51;TOSCANA;TOSCANA;697
2024/2025;LM-85 bis;Provincia autonoma di BOLZANO;Provincia autonoma di BOLZANO;697
2024/2025;L-19;ABRUZZO;ABRUZZO;695
2024/2025;L-41;LAZIO;LAZIO;695
2024/2025;L-15;LAZIO;LAZIO;693
2023/2024;L-1;EMILIA ROMAGNA;EMILIA ROMAGNA;693
2024/2025;LM-85;LAZIO;LAZIO;691
2024/2025;LM-14;PUGLIA;PUGLIA;690
2023/2024;LM-56;VENETO;VENETO;688
2023/2024;L-30;PIEMONTE;PIEMONTE;687
2024/2025;L-18;LOMBARDIA;VENETO;687
2024/2025;LM-51;PUGLIA;PUGLIA;687
2023/2024;99999;TOSCANA;TOSCANA;686
2023/2024;L-31;SARDEGNA;SARDEGNA;685
2023/2024;LM-78;LOMBARDIA;LOMBARDIA;685
2024/2025;LM-41;LOMBARDIA;CAMPANIA;685
2023/2024;L-3;PUGLIA;PUGLIA;684
2023/2024;L-32;EMILIA ROMAGNA;EMILIA ROMAGNA;683
2023/2024;L-32;VENETO;VENETO;683
2024/2025;L-11;CALABRIA;CALABRIA;683
2024/2025;LM-32;EMILIA ROMAGNA;EMILIA ROMAGNA;680
2024/2025;L-25;PUGLIA;PUGLIA;679
2023/2024;L-18;PIEMONTE;LOMBARDIA;679
2023/2024;L-22;UMBRIA;UMBRIA;678
2024/2025;L-31;SARDEGNA;SARDEGNA;678
2024/2025;L-31;CALABRIA;CALABRIA;678
2023/2024;LM-67;SICILIA;SICILIA;678
2024/2025;L-18;LOMBARDIA;SICILIA;677
2024/2025;LM-31;LOMBARDIA;LOMBARDIA;677
2024/2025;LM-85 bis;BASILICATA;PUGLIA;674
2024/2025;L-1;EMILIA ROMAGNA;EMILIA ROMAGNA;673
2023/2024;LMG/01;EMILIA ROMAGNA;VENETO;673
2024/2025;L-13;VENETO;VENETO;672
2023/2024;LM-52;CAMPANIA;CAMPANIA;672
2023/2024;L-33;ABRUZZO;ABRUZZO;670
2023/2024;L-17;SARDEGNA;SARDEGNA;670
2024/2025;LM-67;SICILIA;SICILIA;669
2023/2024;LM-41;LAZIO;SICILIA;667
2024/2025;LM-37;LOMBARDIA;LOMBARDIA;667
2024/2025;L-25;TOSCANA;TOSCANA;667
2024/2025;L-27;SICILIA;SICILIA;667
2024/2025;L-33;ABRUZZO;ABRUZZO;665
2024/2025;LM-20;LAZIO;LAZIO;665
2024/2025;LM-46;CAMPANIA;CAMPANIA;665
2024/2025;L-18;LAZIO;REGIONE ESTERA;664
2024/2025;LM-14;SICILIA;SICILIA;662
2024/2025;L-24;VENETO;LOMBARDIA;662
2024/2025;LM-56;LOMBARDIA;LOMBARDIA;662
2024/2025;L-13;CALABRIA;CALABRIA;659
2024/2025;LM-78;LOMBARDIA;LOMBARDIA;659
2024/2025;LM-41;LAZIO;SICILIA;658
2023/2024;L-19;ABRUZZO;ABRUZZO;658
2023/2024;LM-20;LAZIO;LAZIO;657
2023/2024;L-25;EMILIA ROMAGNA;EMILIA ROMAGNA;656
2024/2025;LMG/01;EMILIA ROMAGNA;VENETO;655
2024/2025;L-2;EMILIA ROMAGNA;VENETO;653
2023/2024;L-25;PIEMONTE;PIEMONTE;650
2023/2024;LM-51;TOSCANA;TOSCANA;649
2024/2025;L-9;UMBRIA;UMBRIA;649
2024/2025;LM-65;LAZIO;LAZIO;649
2023/2024;LM-41;EMILIA ROMAGNA;PUGLIA;648
2023/2024;LM-12;LOMBARDIA;LOMBARDIA;647
2023/2024;LM-65;LAZIO;LAZIO;646
2024/2025;LM-4cu;LOMBARDIA;LOMBARDIA;645
2023/2024;L-19;UMBRIA;UMBRIA;644
2023/2024;L-13;CALABRIA;CALABRIA;643
2023/2024;L-12;TOSCANA;TOSCANA;643
2023/2024;LM-32;EMILIA ROMAGNA;EMILIA ROMAGNA;643
2024/2025;LM-85 bis;SARDEGNA;SARDEGNA;641
2024/2025;L-3;VENETO;VENETO;640
2024/2025;L-32;VENETO;VENETO;639
2024/2025;L-25;CAMPANIA;CAMPANIA;637
2023/2024;LM-46;LAZIO;LAZIO;635
2023/2024;L-20;EMILIA ROMAGNA;VENETO;635
2023/2024;LM-31;EMILIA ROMAGNA;EMILIA ROMAGNA;634
2024/2025;LM-41;PIEMONTE;LOMBARDIA;633
2023/2024;L-3;VENETO;VENETO;632
2023/2024;L-13;VENETO;VENETO;630
2023/2024;LM-41;PIEMONTE;LOMBARDIA;630
2023/2024;L-2;EMILIA ROMAGNA;VENETO;628
2023/2024;LM-56;LOMBARDIA;LOMBARDIA;627
2024/2025;LM-12;LOMBARDIA;LOMBARDIA;627
2024/2025;LM-12;LOMBARDIA;REGIONE ESTERA;627
2023/2024;L-31;LIGURIA;LIGURIA;626
2023/2024;LM-85 bis;BASILICATA;PUGLIA;625
2024/2025;LM-41;LOMBARDIA;SICILIA;622
2023/2024;L-24;VENETO;LOMBARDIA;620
2023/2024;L-7;TOSCANA;TOSCANA;620
2024/2025;99999;TOSCANA;TOSCANA;620
2024/2025;L-14;PIEMONTE;REGIONE ESTERA;620
2024/2025;LM-9;CAMPANIA;CAMPANIA;620
2024/2025;LMG/01;LOMBARDIA;PIEMONTE;619
2024/2025;L-14;ABRUZZO;PUGLIA;619
2023/2024;L-18;LOMBARDIA;CAMPANIA;619
2024/2025;L-14;ABRUZZO;LAZIO;617
2023/2024;LM-85 bis;SARDEGNA;SARDEGNA;616
2024/2025;L-7;TOSCANA;TOSCANA;616
2023/2024;L-31;SICILIA;REGIONE ESTERA;615
2023/2024;LM-41;LOMBARDIA;CAMPANIA;614
2023/2024;LM-46;CAMPANIA;CAMPANIA;613
2023/2024;LM-14;SICILIA;SICILIA;613
2023/2024;L-15;CAMPANIA;CAMPANIA;613
2023/2024;LMG/01;LOMBARDIA;PIEMONTE;613
2023/2024;L-32;SICILIA;SICILIA;612
2023/2024;L-31;CALABRIA;CALABRIA;612
2023/2024;L-12;ABRUZZO;ABRUZZO;611
2023/2024;LMG/01;LAZIO;CALABRIA;610
2024/2025;LM-31;EMILIA ROMAGNA;EMILIA ROMAGNA;609
2023/2024;LM-41;EMILIA ROMAGNA;REGIONE ESTERA;608
2024/2025;LM-51;PIEMONTE;PIEMONTE;608
2024/2025;LMG/01;LAZIO;CALABRIA;607
2024/2025;L-15;CAMPANIA;CAMPANIA;607
2024/2025;L-31;LIGURIA;LIGURIA;606
2023/2024;LM-51;PIEMONTE;PIEMONTE;606
2024/2025;L-42;CAMPANIA;CAMPANIA;605
2023/2024;L-42;CAMPANIA;CAMPANIA;602
2024/2025;LMG/01;Provincia autonoma di TRENTO;Provincia autonoma di TRENTO;602
2024/2025;L-25;EMILIA ROMAGNA;EMILIA ROMAGNA;601
2024/2025;LM-30;LOMBARDIA;LOMBARDIA;600
2023/2024;L-8;UMBRIA;UMBRIA;600
2024/2025;L-32;SICILIA;SICILIA;599
2024/2025;L-30;PUGLIA;PUGLIA;598
2023/2024;L-18;LOMBARDIA;EMILIA ROMAGNA;598
2024/2025;L-35;TOSCANA;TOSCANA;593
2023/2024;LM-4cu;LOMBARDIA;LOMBARDIA;591
2024/2025;L-8;FRIULI VENEZIA GIULIA;FRIULI VENEZIA GIULIA;591
2024/2025;L-27;VENETO;VENETO;590
2023/2024;LM-9;CAMPANIA;CAMPANIA;590
2023/2024;LM-51;PUGLIA;PUGLIA;590
2023/2024;L-27;VENETO;VENETO;589
2024/2025;LM-17;LOMBARDIA;LOMBARDIA;589
2024/2025;L/SNT3;PIEMONTE;PIEMONTE;588
2024/2025;L-2;VENETO;VENETO;587
2023/2024;LMG/01;EMILIA ROMAGNA;SICILIA;586
2024/2025;LM-77;LAZIO;REGIONE ESTERA;586
2023/2024;LMG/01;LOMBARDIA;SICILIA;585
2024/2025;L-20;EMILIA ROMAGNA;VENETO;585
2024/2025;L-13;EMILIA ROMAGNA;VENETO;584
2023/2024;LM-13;LIGURIA;LIGURIA;584
2023/2024;LM-21;LOMBARDIA;LOMBARDIA;584
2023/2024;LM-12;LOMBARDIA;REGIONE ESTERA;583
2023/2024;L-20;LOMBARDIA;PIEMONTE;583
2023/2024;L-4;PIEMONTE;PIEMONTE;582
2024/2025;L-19;UMBRIA;UMBRIA;582
2024/2025;L-12;ABRUZZO;ABRUZZO;580
2023/2024;L-26;TOSCANA;TOSCANA;580
2023/2024;L-7;PIEMONTE;PIEMONTE;580
2023/2024;L-19;EMILIA ROMAGNA;LOMBARDIA;579
2023/2024;LM-9;LOMBARDIA;LOMBARDIA;579
2023/2024;L/SNT3;PIEMONTE;PIEMONTE;578
2023/2024;L-35;TOSCANA;TOSCANA;577
2024/2025;L-7;PIEMONTE;PIEMONTE;576
2024/2025;L-25;PIEMONTE;PIEMONTE;575
2024/2025;LM-18;CAMPANIA;CAMPANIA;575
2023/2024;LM-17;LAZIO;LAZIO;575
2023/2024;LM-18;CAMPANIA;CAMPANIA;575
2023/2024;LM-30;LOMBARDIA;LOMBARDIA;575
2023/2024;LMG/01;LOMBARDIA;PUGLIA;574
2024/2025;L-18;LOMBARDIA;EMILIA ROMAGNA;573
2023/2024;LM-13;UMBRIA;UMBRIA;573
2023/2024;L-15;VENETO;VENETO;572
2023/2024;LM-77;LAZIO;REGIONE ESTERA;572
2024/2025;LM-18;LOMBARDIA;LOMBARDIA;572
2024/2025;L-35;VENETO;VENETO;572
2023/2024;LM-33;LOMBARDIA;LOMBARDIA;571
2023/2024;LM-20;LOMBARDIA;LOMBARDIA;570
2023/2024;L-19;LIGURIA;LIGURIA;570
2024/2025;L-4;LAZIO;LAZIO;570
2024/2025;LM-21;LOMBARDIA;LOMBARDIA;570
2024/2025;L-35;PIEMONTE;PIEMONTE;567
2024/2025;L-17;CAMPANIA;CAMPANIA;567
2023/2024;L-3;CAMPANIA;CAMPANIA;567
2023/2024;L-9;UMBRIA;UMBRIA;567
2024/2025;LM-13;UMBRIA;UMBRIA;566
2023/2024;LM-4;LAZIO;LAZIO;565
2023/2024;LM-6;SICILIA;SICILIA;565
2023/2024;L-30;PUGLIA;PUGLIA;565
2023/2024;L-14;ABRUZZO;LAZIO;565
2023/2024;L-39;EMILIA ROMAGNA;EMILIA ROMAGNA;564
2024/2025;LM-20;CAMPANIA;CAMPANIA;564
2023/2024;LMG/01;LAZIO;PUGLIA;564
2024/2025;L-36;EMILIA ROMAGNA;REGIONE NON FORNITA;563
2024/2025;L-4;PIEMONTE;PIEMONTE;561
2023/2024;L-26;PIEMONTE;PIEMONTE;561
2024/2025;L-33;FRIULI VENEZIA GIULIA;FRIULI VENEZIA GIULIA;560
2024/2025;L-12;TOSCANA;TOSCANA;560
2024/2025;L-19;LIGURIA;LIGURIA;559
2023/2024;L-25;SARDEGNA;SARDEGNA;559
2023/2024;L-33;FRIULI VENEZIA GIULIA;FRIULI VENEZIA GIULIA;559
2024/2025;LMG/01;LOMBARDIA;SICILIA;558
2024/2025;LM-9;LOMBARDIA;LOMBARDIA;558
2023/2024;LM-41;LOMBARDIA;SICILIA;557
2024/2025;L-35;EMILIA ROMAGNA;EMILIA ROMAGNA;556
2024/2025;L-26;PIEMONTE;PIEMONTE;556
2024/2025;LM-41;SICILIA;CALABRIA;556
2024/2025;L-20;LOMBARDIA;PIEMONTE;555
2023/2024;LM-77;CALABRIA;CALABRIA;553
2024/2025;L-39;EMILIA ROMAGNA;EMILIA ROMAGNA;553
2023/2024;L-39;LIGURIA;LIGURIA;553
2023/2024;L-11;VENETO;LOMBARDIA;553
2024/2025;LMG/01;LAZIO;PUGLIA;553
2024/2025;LM-41;LOMBARDIA;PIEMONTE;552
2023/2024;L-35;EMILIA ROMAGNA;EMILIA ROMAGNA;552
2024/2025;LM-17;LAZIO;LAZIO;551
2024/2025;L-14;MARCHE;MARCHE;551
2024/2025;L-22;SARDEGNA;SARDEGNA;550
2024/2025;L-36;SICILIA;REGIONE ESTERA;549
2023/2024;LM-20;CAMPANIA;CAMPANIA;549
2023/2024;L-35;PIEMONTE;PIEMONTE;548
2023/2024;L-4;LAZIO;LAZIO;547
2023/2024;L-2;VENETO;VENETO;547
2024/2025;L-19;EMILIA ROMAGNA;LOMBARDIA;547
2024/2025;L-10;FRIULI VENEZIA GIULIA;FRIULI VENEZIA GIULIA;547
2024/2025;L-39;VENETO;VENETO;546
2024/2025;L-5;PUGLIA;PUGLIA;546
2024/2025;LM-85;VENETO;VENETO;546
2023/2024;L-29;LAZIO;LAZIO;545
2023/2024;LM-21;LAZIO;LAZIO;545
2024/2025;LM-52;LOMBARDIA;LOMBARDIA;544
2023/2024;LM-18;LOMBARDIA;LOMBARDIA;543
2023/2024;L-26;PUGLIA;PUGLIA;543
2024/2025;LM-20;LOMBARDIA;LOMBARDIA;543
2024/2025;LM-84;LOMBARDIA;LOMBARDIA;542
2023/2024;L-26;CAMPANIA;CAMPANIA;541
2023/2024;L-14;ABRUZZO;PUGLIA;541
2023/2024;L-16;LAZIO;LAZIO;539
2023/2024;L-10;LIGURIA;LIGURIA;539
2024/2025;LM-31;PUGLIA;PUGLIA;539
2024/2025;L-39;LIGURIA;LIGURIA;538
2023/2024;L-22;SARDEGNA;SARDEGNA;538
2023/2024;L-10;FRIULI VENEZIA GIULIA;FRIULI VENEZIA GIULIA;537
2024/2025;LM-21;LAZIO;LAZIO;537
2023/2024;L-17;CAMPANIA;CAMPANIA;536
2023/2024;L-13;EMILIA ROMAGNA;VENETO;536
2023/2024;L-35;VENETO;VENETO;536
2023/2024;L-39;VENETO;VENETO;535
2023/2024;L-2;CALABRIA;CALABRIA;534
2024/2025;L-10;LIGURIA;LIGURIA;534
2024/2025;L-18;LOMBARDIA;CAMPANIA;533
2024/2025;L-3;CAMPANIA;CAMPANIA;533
2023/2024;L-14;SARDEGNA;SARDEGNA;533
2023/2024;L-19;VENETO;FRIULI VENEZIA GIULIA;532
2024/2025;L-18;EMILIA ROMAGNA;REGIONE ESTERA;532
2024/2025;LM-6;SICILIA;SICILIA;532
2024/2025;LM-78;LAZIO;LAZIO;531
2024/2025;L-25;SARDEGNA;SARDEGNA;531
2023/2024;L-8;FRIULI VENEZIA GIULIA;FRIULI VENEZIA GIULIA;531
2023/2024;99999;VENETO;VENETO;530
2023/2024;LM-31;LOMBARDIA;REGIONE ESTERA;529
2023/2024;LM-23;LAZIO;LAZIO;529
2023/2024;LM-33;LOMBARDIA;LOMBARDIA;527
2023/2024;LM-49;LAZIO;REGIONE ESTERA;527
2023/2024;LM-17;LOMBARDIA;LOMBARDIA;526
2023/2024;L-18;BASILICATA;BASILICATA;526
2024/2025;L-41;EMILIA ROMAGNA;EMILIA ROMAGNA;526
2024/2025;LM-31;LOMBARDIA;REGIONE ESTERA;526
2023/2024;LMG/01;Provincia autonoma di TRENTO;Provincia autonoma di TRENTO;524
2023/2024;L-41;EMILIA ROMAGNA;EMILIA ROMAGNA;523
2024/2025;LMG/01;EMILIA ROMAGNA;SICILIA;523
2023/2024;LM-52;LOMBARDIA;LOMBARDIA;522
2024/2025;L-15;VENETO;VENETO;522
2024/2025;L-18;FRIULI VENEZIA GIULIA;VENETO;521
2024/2025;L-20;UMBRIA;UMBRIA;520
2023/2024;LM-85;VENETO;VENETO;519
2024/2025;LM/SNT1;LAZIO;LAZIO;519
2023/2024;LM-4;VENETO;VENETO;519
2023/2024;L-39;LOMBARDIA;LOMBARDIA;519
2023/2024;L-20;UMBRIA;UMBRIA;518
2024/2025;L-16;LAZIO;LAZIO;518
2024/2025;L/SNT2;ABRUZZO;ABRUZZO;517
2023/2024;L-5;PUGLIA;PUGLIA;517
2023/2024;L-40;VENETO;VENETO;516
2023/2024;L-2;PIEMONTE;LOMBARDIA;516
2024/2025;LM-31;SICILIA;SICILIA;516
2024/2025;LM-4cu;ABRUZZO;ABRUZZO;516
2023/2024;L-24;MARCHE;MARCHE;515
2024/2025;LM-33;LOMBARDIA;LOMBARDIA;514
2024/2025;LM-4;LAZIO;LAZIO;514
2024/2025;L-11;VENETO;LOMBARDIA;513
2024/2025;L-14;SARDEGNA;SARDEGNA;513
2023/2024;LM-31;VENETO;VENETO;513
2023/2024;LM-31;SICILIA;SICILIA;512
2023/2024;L-11;FRIULI VENEZIA GIULIA;FRIULI VENEZIA GIULIA;512
2024/2025;L-19;VENETO;FRIULI VENEZIA GIULIA;512
2024/2025;L-40;VENETO;VENETO;512
2023/2024;L-14;PIEMONTE;REGIONE ESTERA;511
2023/2024;LM-85;PUGLIA;PUGLIA;510
2024/2025;L-39;LOMBARDIA;LOMBARDIA;509
2024/2025;LM-44;LOMBARDIA;LOMBARDIA;509
2023/2024;L-24;LIGURIA;LIGURIA;508
2023/2024;L-18;EMILIA ROMAGNA;PUGLIA;507
2024/2025;L-26;PUGLIA;PUGLIA;506
2023/2024;LMG/01;EMILIA ROMAGNA;PUGLIA;506
2024/2025;L-4;EMILIA ROMAGNA;EMILIA ROMAGNA;505
2023/2024;L-2;ABRUZZO;ABRUZZO;505
2024/2025;L-18;BASILICATA;BASILICATA;504
2024/2025;L-24;MARCHE;MARCHE;503
2024/2025;LM/SNT1;SICILIA;SICILIA;503
2024/2025;LM-84;LAZIO;LAZIO;503
2024/2025;LMG/01;LOMBARDIA;PUGLIA;501
2024/2025;LM-42;PIEMONTE;PIEMONTE;501
2024/2025;LM-85;PUGLIA;PUGLIA;500
2024/2025;L/SNT2;LIGURIA;LIGURIA;499
2023/2024;L-14;MARCHE;MARCHE;499
2023/2024;L-36;SICILIA;REGIONE ESTERA;498
2024/2025;L-26;TOSCANA;TOSCANA;498
2024/2025;LM-85 bis;LIGURIA;LIGURIA;498
2024/2025;LM-42;LOMBARDIA;LOMBARDIA;497
2024/2025;LM-6;EMILIA ROMAGNA;EMILIA ROMAGNA;497
2023/2024;LM-23;CAMPANIA;CAMPANIA;497
2023/2024;LM-44;LOMBARDIA;LOMBARDIA;497
2023/2024;LM-4cu;ABRUZZO;ABRUZZO;497
2023/2024;LM-31;PUGLIA;PUGLIA;496
2023/2024;L-7;CALABRIA;CALABRIA;496
2023/2024;L-4;EMILIA ROMAGNA;EMILIA ROMAGNA;496
2024/2025;LM-23;LAZIO;LAZIO;496
2024/2025;LM-6;TOSCANA;TOSCANA;496
2024/2025;LM-46;SICILIA;SICILIA;496
2024/2025;LM-4cu;VENETO;VENETO;496
2024/2025;L-36;LOMBARDIA;REGIONE ESTERA;495
2023/2024;L-35;SICILIA;SICILIA;495
2024/2025;L-2;PIEMONTE;LOMBARDIA;494
2023/2024;LM-77;SARDEGNA;SARDEGNA;494
2024/2025;L-9;EMILIA ROMAGNA;LOMBARDIA;493
2023/2024;L-7;PUGLIA;PUGLIA;492
2024/2025;LM-63;CAMPANIA;CAMPANIA;492
2024/2025;L-2;ABRUZZO;ABRUZZO;491
2023/2024;LM-41;LOMBARDIA;PIEMONTE;490
2023/2024;L-16;CALABRIA;CALABRIA;490
2024/2025;LM-4;VENETO;VENETO;490
2024/2025;LM-49;LAZIO;REGIONE ESTERA;489
2024/2025;LM-56;LAZIO;REGIONE ESTERA;489
2023/2024;L-41;CAMPANIA;CAMPANIA;488
2023/2024;LM-84;LOMBARDIA;LOMBARDIA;488
2024/2025;LM-22;CAMPANIA;CAMPANIA;488
2023/2024;L/SNT2;LIGURIA;LIGURIA;487
2024/2025;LM-77;CALABRIA;CALABRIA;487
2024/2025;L-7;CALABRIA;CALABRIA;486
2024/2025;L-11;FRIULI VENEZIA GIULIA;FRIULI VENEZIA GIULIA;486
2023/2024;LM/SNT1;SICILIA;SICILIA;485
2023/2024;LM-22;CAMPANIA;CAMPANIA;483
2023/2024;L/SNT2;ABRUZZO;ABRUZZO;483
2024/2025;LM-63;LOMBARDIA;LOMBARDIA;483
2024/2025;LM-85;EMILIA ROMAGNA;EMILIA ROMAGNA;482
2024/2025;LM-88;CAMPANIA;CAMPANIA;482
2024/2025;LMG/01;LAZIO;SICILIA;482
2024/2025;LM-32;SICILIA;SICILIA;482
2023/2024;L-24;SICILIA;CALABRIA;481
2023/2024;LM-13;EMILIA ROMAGNA;VENETO;480
2023/2024;LM-63;CAMPANIA;CAMPANIA;480
2023/2024;LM-77;LIGURIA;LIGURIA;479
2024/2025;L-37;LAZIO;LAZIO;479
2023/2024;L-29;TOSCANA;TOSCANA;478
2023/2024;LM-42;LOMBARDIA;LOMBARDIA;477
2024/2025;L-20;CALABRIA;CALABRIA;477
2023/2024;LM-78;LAZIO;LAZIO;476
2023/2024;LM-88;CAMPANIA;CAMPANIA;475
2024/2025;L-7;PUGLIA;PUGLIA;475
2024/2025;LM-67;LOMBARDIA;LOMBARDIA;475
2024/2025;LM-13;LIGURIA;LIGURIA;473
2023/2024;LM-77;LOMBARDIA;PUGLIA;473
2024/2025;L-2;CALABRIA;CALABRIA;473
2023/2024;L-34;LOMBARDIA;LOMBARDIA;473
2023/2024;LM-42;PIEMONTE;PIEMONTE;472
2024/2025;LM-77;ABRUZZO;ABRUZZO;472
2023/2024;L-38;LOMBARDIA;LOMBARDIA;471
2024/2025;L-40;EMILIA ROMAGNA;EMILIA ROMAGNA;471
2024/2025;L-26;CAMPANIA;CAMPANIA;470
2024/2025;LM-23;CAMPANIA;CAMPANIA;470
2024/2025;LM-92;LOMBARDIA;LOMBARDIA;470
2023/2024;LMG/01;LAZIO;SICILIA;469
2024/2025;L-24;LIGURIA;LIGURIA;468
2024/2025;L-14;ABRUZZO;SICILIA;468
2024/2025;L-35;PUGLIA;PUGLIA;468
2023/2024;L-3;SICILIA;SICILIA;468
2023/2024;L-9;EMILIA ROMAGNA;LOMBARDIA;468
2024/2025;L-2;UMBRIA;UMBRIA;467
2023/2024;LM-41;SICILIA;CALABRIA;466
2024/2025;LMG/01;EMILIA ROMAGNA;PUGLIA;466
2023/2024;LM-4cu;LOMBARDIA;LOMBARDIA;465
2024/2025;LM-13;EMILIA ROMAGNA;VENETO;465
2024/2025;L-38;LOMBARDIA;LOMBARDIA;464
2023/2024;LM-37;SICILIA;SICILIA;464
2023/2024;L-7;SARDEGNA;SARDEGNA;464
2024/2025;LM-4cu;LOMBARDIA;LOMBARDIA;464
2023/2024;L-37;LAZIO;LAZIO;463
2024/2025;L-29;LAZIO;LAZIO;463
2023/2024;LM-84;LAZIO;LAZIO;463
2024/2025;L-24;SICILIA;CALABRIA;462
2023/2024;LM-46;SICILIA;SICILIA;462
2023/2024;L-20;FRIULI VENEZIA GIULIA;FRIULI VENEZIA GIULIA;460
2023/2024;LM-56;PIEMONTE;PIEMONTE;459
2024/2025;L-7;SARDEGNA;SARDEGNA;459
2024/2025;L-14;TOSCANA;CAMPANIA;459
2024/2025;LMG/01;EMILIA ROMAGNA;LOMBARDIA;459
2024/2025;LM-9;PIEMONTE;PIEMONTE;458
2023/2024;LM-6;TOSCANA;TOSCANA;458
2023/2024;L-18;EMILIA ROMAGNA;REGIONE ESTERA;457
2023/2024;L-18;LAZIO;REGIONE ESTERA;457
2024/2025;LM-77;LIGURIA;LIGURIA;457
2024/2025;LM-77;SARDEGNA;SARDEGNA;456
2023/2024;L-38;EMILIA ROMAGNA;EMILIA ROMAGNA;456
2023/2024;LM-85;MARCHE;MARCHE;455
2024/2025;L-38;EMILIA ROMAGNA;EMILIA ROMAGNA;455
2024/2025;LM-33;PUGLIA;PUGLIA;455
2024/2025;LM-85;MARCHE;MARCHE;455
2024/2025;L-41;CAMPANIA;CAMPANIA;454
2023/2024;LM-77;LOMBARDIA;PIEMONTE;454
2024/2025;L-20;FRIULI VENEZIA GIULIA;FRIULI VENEZIA GIULIA;454
2023/2024;LM-38;CAMPANIA;CAMPANIA;454
2024/2025;LM-87;LAZIO;LAZIO;453
2024/2025;LM-38;SICILIA;SICILIA;453
2024/2025;LM-41;LOMBARDIA;CALABRIA;452
2023/2024;LM-67;LOMBARDIA;LOMBARDIA;452
2023/2024;LMG/01;LOMBARDIA;CALABRIA;451
2024/2025;LM-14;TOSCANA;TOSCANA;450
2023/2024;L-18;FRIULI VENEZIA GIULIA;VENETO;450
2023/2024;L/SNT1;MOLISE;CAMPANIA;450
2024/2025;LM-56;PIEMONTE;PIEMONTE;449
2023/2024;LM-37;VENETO;VENETO;448
2023/2024;L-20;LIGURIA;LIGURIA;447
2024/2025;LM-37;VENETO;VENETO;447
2023/2024;LM-85 bis;LIGURIA;LIGURIA;447
2024/2025;L-17;LIGURIA;LIGURIA;447
2024/2025;LM-67;EMILIA ROMAGNA;EMILIA ROMAGNA;447
2023/2024;L-25;LAZIO;LAZIO;446
2023/2024;LM-38;SICILIA;SICILIA;446
2023/2024;LM-33;PUGLIA;PUGLIA;445
2023/2024;LM-33;VENETO;VENETO;445
2023/2024;LM-6;EMILIA ROMAGNA;EMILIA ROMAGNA;445
2023/2024;LM/SNT1;LAZIO;LAZIO;445
2023/2024;LM-87;LAZIO;LAZIO;445
2023/2024;LM-77;LOMBARDIA;SICILIA;445
2024/2025;LM-37;SICILIA;SICILIA;445
2024/2025;LM-52;VENETO;VENETO;445
2024/2025;LM-85 bis;LAZIO;CAMPANIA;444
2024/2025;LM-16;LOMBARDIA;LOMBARDIA;444
2024/2025;L-35;SICILIA;SICILIA;444
2023/2024;LM-90;LAZIO;REGIONE ESTERA;444
2023/2024;LM-14;TOSCANA;TOSCANA;443
2024/2025;L-17;EMILIA ROMAGNA;EMILIA ROMAGNA;442
2023/2024;L-8;PIEMONTE;SICILIA;441
2023/2024;L-40;ABRUZZO;ABRUZZO;440
2023/2024;LM-89;LOMBARDIA;LOMBARDIA;440
2024/2025;L-29;TOSCANA;TOSCANA;439
2023/2024;L-35;PUGLIA;PUGLIA;439
2024/2025;LM-29;PIEMONTE;PIEMONTE;438
2024/2025;LM-33;VENETO;VENETO;437
2024/2025;LM-31;VENETO;VENETO;437
2024/2025;L-3;SICILIA;SICILIA;437
2023/2024;LM-77;ABRUZZO;ABRUZZO;437
2023/2024;L-33;SARDEGNA;SARDEGNA;437
2023/2024;LM-38;VENETO;VENETO;436
2023/2024;LM-54;LAZIO;LAZIO;435
2023/2024;LM-14;VENETO;VENETO;435
2024/2025;L-13;UMBRIA;UMBRIA;435
2024/2025;L-34;LOMBARDIA;LOMBARDIA;435
2024/2025;LM-21;CAMPANIA;CAMPANIA;435
2024/2025;L-9;LOMBARDIA;EMILIA ROMAGNA;434
2023/2024;LM-77;EMILIA ROMAGNA;LOMBARDIA;434
2023/2024;LM-63;LOMBARDIA;LOMBARDIA;434
2024/2025;99999;VENETO;VENETO;434
2023/2024;L-18;TOSCANA;REGIONE ESTERA;434
2023/2024;L-11;UMBRIA;UMBRIA;434
2023/2024;LM-32;SICILIA;SICILIA;433
2024/2025;L-11;UMBRIA;UMBRIA;432
2024/2025;L-18;EMILIA ROMAGNA;PUGLIA;431
2023/2024;LM-52;VENETO;VENETO;431
2023/2024;L-40;EMILIA ROMAGNA;EMILIA ROMAGNA;431
2023/2024;L-39;CALABRIA;CALABRIA;430
2024/2025;LM-51;SARDEGNA;SARDEGNA;430
2023/2024;L-14;ABRUZZO;SICILIA;429
2023/2024;L-17;LIGURIA;LIGURIA;428
2023/2024;L-14;TOSCANA;CAMPANIA;427
2023/2024;LMG/01;EMILIA ROMAGNA;LOMBARDIA;427
2023/2024;LM-85;EMILIA ROMAGNA;EMILIA ROMAGNA;426
2023/2024;L-19;LAZIO;CAMPANIA;426
2024/2025;LM-6;PIEMONTE;PIEMONTE;426
2024/2025;LM-85 bis;MOLISE;MOLISE;426
2024/2025;LMG/01;LAZIO;ABRUZZO;426
2024/2025;LM-62;LOMBARDIA;LOMBARDIA;425
2023/2024;LM-51;SARDEGNA;SARDEGNA;425
2024/2025;LM-13;ABRUZZO;ABRUZZO;425
2024/2025;LM-14;VENETO;VENETO;425
2023/2024;L-32;SARDEGNA;SARDEGNA;424
2024/2025;LM-41;CAMPANIA;REGIONE ESTERA;424
2024/2025;LM-13;EMILIA ROMAGNA;LOMBARDIA;423
2023/2024;LMG/01;LAZIO;ABRUZZO;423
2024/2025;L-16;CALABRIA;CALABRIA;422
2024/2025;L-24;FRIULI VENEZIA GIULIA;FRIULI VENEZIA GIULIA;422
2024/2025;L-9;LOMBARDIA;VENETO;422
2024/2025;L-24;VENETO;EMILIA ROMAGNA;422
2024/2025;L-36;FRIULI VENEZIA GIULIA;FRIULI VENEZIA GIULIA;422
2023/2024;LM-13;EMILIA ROMAGNA;LOMBARDIA;422
2023/2024;L-18;EMILIA ROMAGNA;SICILIA;421
2023/2024;LM-85 bis;LAZIO;CAMPANIA;421
2024/2025;LM-56;EMILIA ROMAGNA;REGIONE ESTERA;421
2024/2025;LM-8;LOMBARDIA;LOMBARDIA;420
2024/2025;L-12;CALABRIA;CALABRIA;420
2023/2024;L-33;LIGURIA;LIGURIA;420
2023/2024;L-20;CALABRIA;CALABRIA;420
2023/2024;L-24;FRIULI VENEZIA GIULIA;FRIULI VENEZIA GIULIA;419
2024/2025;L-22;LIGURIA;LIGURIA;419
2024/2025;L-8;PIEMONTE;SICILIA;419
2024/2025;L-33;SARDEGNA;SARDEGNA;418
2024/2025;L-23;CAMPANIA;CAMPANIA;418
2023/2024;L-8;PIEMONTE;PUGLIA;418
2023/2024;L-9;LOMBARDIA;EMILIA ROMAGNA;418
2023/2024;LM-4cu;VENETO;VENETO;418
2024/2025;LM-77;LOMBARDIA;PUGLIA;418
2024/2025;LM-77;LOMBARDIA;SICILIA;417
2024/2025;LM-85 bis;MOLISE;PUGLIA;417
2023/2024;LM-41;CAMPANIA;REGIONE ESTERA;417
2023/2024;L-18;LOMBARDIA;LAZIO;417
2023/2024;L-17;EMILIA ROMAGNA;EMILIA ROMAGNA;417
2023/2024;L-36;FRIULI VENEZIA GIULIA;FRIULI VENEZIA GIULIA;416
2024/2025;L-32;SARDEGNA;SARDEGNA;416
2024/2025;LM-90;LAZIO;REGIONE ESTERA;416
2024/2025;LM-51;VENETO;LOMBARDIA;415
2023/2024;L-4;LIGURIA;LIGURIA;415
2024/2025;LM-84;TOSCANA;TOSCANA;414
2023/2024;L-23;CAMPANIA;CAMPANIA;412
2024/2025;L-20;LOMBARDIA;REGIONE ESTERA;412
2024/2025;LM-85 bis;MARCHE;EMILIA ROMAGNA;412
2024/2025;LM-41;ABRUZZO;PUGLIA;412
2023/2024;L-2;UMBRIA;UMBRIA;411
2023/2024;LM-21;CAMPANIA;CAMPANIA;411
2023/2024;LM-67;EMILIA ROMAGNA;EMILIA ROMAGNA;410
2024/2025;L/SNT3;ABRUZZO;ABRUZZO;409
2024/2025;L/SNT3;SARDEGNA;SARDEGNA;408
2024/2025;LM-21;PIEMONTE;PIEMONTE;408
2023/2024;L/SNT1;LAZIO;PUGLIA;408
2023/2024;L-22;LIGURIA;LIGURIA;408
2024/2025;LM-41;LOMBARDIA;EMILIA ROMAGNA;408
2024/2025;LM-89;LOMBARDIA;LOMBARDIA;407
2023/2024;LM-20;PIEMONTE;PIEMONTE;407
2023/2024;LM-16;LOMBARDIA;LOMBARDIA;407
2024/2025;L-40;ABRUZZO;ABRUZZO;405
2024/2025;L-4;LIGURIA;LIGURIA;404
2024/2025;LM-20;PIEMONTE;PIEMONTE;404
2023/2024;L-24;ABRUZZO;LAZIO;404
2023/2024;L/SNT1;EMILIA ROMAGNA;SICILIA;404
2023/2024;L/SNT3;SARDEGNA;SARDEGNA;404
2024/2025;LM-32;VENETO;VENETO;403
2024/2025;L-36;UMBRIA;UMBRIA;403
2023/2024;LM-77;FRIULI VENEZIA GIULIA;FRIULI VENEZIA GIULIA;403
2023/2024;LM-77;LOMBARDIA;EMILIA ROMAGNA;403
2023/2024;L-40;SICILIA;SICILIA;402
2024/2025;LM-42;EMILIA ROMAGNA;EMILIA ROMAGNA;402
2024/2025;LM-41;SICILIA;REGIONE ESTERA;402
2023/2024;LM-92;LOMBARDIA;LOMBARDIA;401
2024/2025;LM-21;VENETO;VENETO;401
2023/2024;LM-21;VENETO;VENETO;400
2023/2024;LM-56;LAZIO;REGIONE ESTERA;399
2023/2024;LM-84;TOSCANA;TOSCANA;399
2024/2025;LM-77;EMILIA ROMAGNA;LOMBARDIA;399
2024/2025;L-18;LAZIO;PUGLIA;398
2024/2025;L-36;MARCHE;MARCHE;397
2023/2024;LM-54;LOMBARDIA;LOMBARDIA;397
2024/2025;LM-77;LOMBARDIA;PIEMONTE;397
2024/2025;LM-51;EMILIA ROMAGNA;EMILIA ROMAGNA;397
2024/2025;L-P03;EMILIA ROMAGNA;EMILIA ROMAGNA;396
2023/2024;L-32;FRIULI VENEZIA GIULIA;FRIULI VENEZIA GIULIA;396
2024/2025;L-25;LAZIO;LAZIO;396
2023/2024;LM-85 bis;MOLISE;MOLISE;395
2023/2024;L-36;UMBRIA;UMBRIA;395
2023/2024;LM-41;LOMBARDIA;CALABRIA;395
2024/2025;LMG/01;LOMBARDIA;CALABRIA;395
2023/2024;L-36;LOMBARDIA;REGIONE ESTERA;394
2024/2025;L/SNT1;Provincia autonoma di TRENTO;Provincia autonoma di TRENTO;394
2024/2025;L-33;LIGURIA;LIGURIA;394
2024/2025;L-8;PIEMONTE;REGIONE ESTERA;394
2024/2025;L-5;SARDEGNA;SARDEGNA;394
2023/2024;LM-89;VENETO;VENETO;393
2023/2024;LM-13;PIEMONTE;LOMBARDIA;393
2024/2025;LM-40;CAMPANIA;CAMPANIA;393
2024/2025;LM-62;LAZIO;LAZIO;393
2023/2024;LM-38;PIEMONTE;PIEMONTE;392
2023/2024;99999;FRIULI VENEZIA GIULIA;FRIULI VENEZIA GIULIA;392
2023/2024;L-18;LAZIO;PUGLIA;392
2024/2025;L-1;VENETO;LOMBARDIA;392
2024/2025;L-24;UMBRIA;TOSCANA;392
2024/2025;L-10;TOSCANA;REGIONE ESTERA;391
2023/2024;LM-77;LOMBARDIA;CAMPANIA;391
2023/2024;L-1;VENETO;LOMBARDIA;391
2024/2025;LM-87;PUGLIA;PUGLIA;391
2024/2025;LM-85 bis;FRIULI VENEZIA GIULIA;VENETO;391
2023/2024;L-24;VENETO;EMILIA ROMAGNA;390
2023/2024;L-9;LOMBARDIA;VENETO;390
2023/2024;LM-63;SICILIA;SICILIA;390
2023/2024;L-10;UMBRIA;UMBRIA;389
2023/2024;LM-32;VENETO;VENETO;388
2024/2025;L-12;MARCHE;MARCHE;388
2024/2025;L-3;LAZIO;REGIONE ESTERA;388
2024/2025;L-39;CALABRIA;CALABRIA;388
2024/2025;LM-31;TOSCANA;TOSCANA;387
2023/2024;LM-41;ABRUZZO;PUGLIA;387
2023/2024;L-8;LOMBARDIA;EMILIA ROMAGNA;387
2023/2024;LM-29;PIEMONTE;PIEMONTE;387
2023/2024;LM-16;LAZIO;LAZIO;386
2023/2024;L-13;UMBRIA;UMBRIA;386
2024/2025;LM-38;CAMPANIA;CAMPANIA;386
2024/2025;L-9;EMILIA ROMAGNA;VENETO;386
2024/2025;L-38;TOSCANA;TOSCANA;385
2024/2025;LM-41;EMILIA ROMAGNA;MARCHE;385
2024/2025;L-31;ABRUZZO;ABRUZZO;384
2024/2025;LM-16;LAZIO;LAZIO;384
2023/2024;LM-21;PIEMONTE;PIEMONTE;384
2023/2024;L-11;TOSCANA;REGIONE ESTERA;383
2024/2025;LM-33;TOSCANA;TOSCANA;383
2024/2025;L-19;LAZIO;CAMPANIA;383
2023/2024;L-12;MARCHE;MARCHE;382
2023/2024;L-26;VENETO;VENETO;382
2023/2024;LM-40;LOMBARDIA;LOMBARDIA;382
2023/2024;LM-33;TOSCANA;TOSCANA;382
2023/2024;L-8;ABRUZZO;ABRUZZO;381
2024/2025;LM-13;PIEMONTE;LOMBARDIA;381
2024/2025;L-8;PIEMONTE;PUGLIA;381
2024/2025;LM-33;LOMBARDIA;REGIONE ESTERA;380
2023/2024;LM-85 bis;MOLISE;PUGLIA;380
2023/2024;LM-51;VENETO;LOMBARDIA;380
2024/2025;LM-89;VENETO;VENETO;380
2024/2025;LM-54;LAZIO;LAZIO;379
2023/2024;LM-13;FRIULI VENEZIA GIULIA;FRIULI VENEZIA GIULIA;379
2024/2025;L-8;ABRUZZO;ABRUZZO;379
2023/2024;L-32;PUGLIA;PUGLIA;378
2023/2024;LMG/01;LOMBARDIA;CAMPANIA;377
2023/2024;LM-85 bis;BASILICATA;BASILICATA;376
2024/2025;L-31;UMBRIA;UMBRIA;376
2023/2024;99999;LIGURIA;LIGURIA;376
2023/2024;L/SNT3;ABRUZZO;ABRUZZO;376
2023/2024;LM-40;CAMPANIA;CAMPANIA;376
2024/2025;L-32;PUGLIA;PUGLIA;375
2024/2025;LM-24;LOMBARDIA;REGIONE ESTERA;375
2023/2024;LM-69;SICILIA;SICILIA;375
2023/2024;LM-8;LOMBARDIA;LOMBARDIA;375
2024/2025;LM-38;VENETO;VENETO;375
2024/2025;LM-81;LAZIO;LAZIO;375
2024/2025;LM-77;FRIULI VENEZIA GIULIA;FRIULI VENEZIA GIULIA;374
2023/2024;LM-42;EMILIA ROMAGNA;EMILIA ROMAGNA;374
2023/2024;L-9;EMILIA ROMAGNA;VENETO;374
2023/2024;LM/SNT1;LOMBARDIA;LOMBARDIA;373
2023/2024;LM-35;PIEMONTE;PIEMONTE;373
2023/2024;L-36;MARCHE;MARCHE;373
2024/2025;L-32;FRIULI VENEZIA GIULIA;FRIULI VENEZIA GIULIA;373
2024/2025;LM-41;LAZIO;ABRUZZO;373
2024/2025;LM-41;LOMBARDIA;VENETO;372
2024/2025;LM-77;LOMBARDIA;CAMPANIA;372
2024/2025;LM-87;SICILIA;SICILIA;372
2024/2025;LM-13;FRIULI VENEZIA GIULIA;FRIULI VENEZIA GIULIA;372
2024/2025;L-14;FRIULI VENEZIA GIULIA;FRIULI VENEZIA GIULIA;372
2024/2025;LM/SNT1;LOMBARDIA;LOMBARDIA;371
2024/2025;LM-85 bis;BASILICATA;BASILICATA;371
2023/2024;LM-62;LOMBARDIA;LOMBARDIA;370
2023/2024;LM-9;PIEMONTE;PIEMONTE;370
2023/2024;L-31;ABRUZZO;ABRUZZO;370
2024/2025;LMG/01;EMILIA ROMAGNA;MARCHE;369
2024/2025;LM-63;SICILIA;SICILIA;369
2023/2024;L/SNT1;BASILICATA;BASILICATA;368
2024/2025;L-9;Provincia autonoma di TRENTO;Provincia autonoma di TRENTO;368
2023/2024;LM-62;LAZIO;LAZIO;367
2024/2025;L-18;LOMBARDIA;LAZIO;367
2023/2024;L-20;ABRUZZO;ABRUZZO;367
2023/2024;LM-39;VENETO;VENETO;367
2023/2024;LM-25;LOMBARDIA;LOMBARDIA;367
2024/2025;LM-69;SICILIA;SICILIA;367
2024/2025;LMG/01;EMILIA ROMAGNA;ABRUZZO;366
2023/2024;LM-6;PUGLIA;PUGLIA;366
2023/2024;L/SNT1;Provincia autonoma di TRENTO;Provincia autonoma di TRENTO;366
2023/2024;L-12;VENETO;LOMBARDIA;366
2024/2025;L-10;UMBRIA;UMBRIA;366
2024/2025;L/SNT1;EMILIA ROMAGNA;SICILIA;366
2024/2025;L/SNT2;MARCHE;MARCHE;366
2023/2024;LMG/01;EMILIA ROMAGNA;ABRUZZO;366
2023/2024;LM-84;EMILIA ROMAGNA;EMILIA ROMAGNA;365
2023/2024;LM-77;LAZIO;PUGLIA;365
2023/2024;LM-14;EMILIA ROMAGNA;EMILIA ROMAGNA;365
2024/2025;LM-6;PUGLIA;PUGLIA;365
2024/2025;LM-57;LOMBARDIA;LOMBARDIA;365
2023/2024;L-21;VENETO;VENETO;364
2023/2024;LMG/01;EMILIA ROMAGNA;MARCHE;364
2023/2024;LMG/01;LOMBARDIA;VENETO;363
2023/2024;L/SNT1;EMILIA ROMAGNA;PUGLIA;363
2023/2024;LM-51;EMILIA ROMAGNA;EMILIA ROMAGNA;363
2024/2025;LM-41;LIGURIA;PIEMONTE;363
2024/2025;L-12;FRIULI VENEZIA GIULIA;FRIULI VENEZIA GIULIA;362
2024/2025;LM-32;LOMBARDIA;REGIONE ESTERA;362
2023/2024;LM-67;LAZIO;LAZIO;361
2023/2024;L-9;EMILIA ROMAGNA;MARCHE;361
2023/2024;L-9;EMILIA ROMAGNA;ABRUZZO;361
2023/2024;L-31;UMBRIA;UMBRIA;361
2024/2025;LM-54;LOMBARDIA;LOMBARDIA;361
2023/2024;LM-6;PIEMONTE;PIEMONTE;360
2023/2024;LM-37;TOSCANA;TOSCANA;360
2023/2024;LM-41;LOMBARDIA;EMILIA ROMAGNA;360
2024/2025;L-37;TOSCANA;TOSCANA;360
2024/2025;L-24;UMBRIA;MARCHE;359
2023/2024;LM-87;SICILIA;SICILIA;359
2024/2025;L/SNT2;CALABRIA;CALABRIA;359
2024/2025;L/SNT1;BASILICATA;BASILICATA;358
2023/2024;LM-85 bis;MARCHE;EMILIA ROMAGNA;358
2024/2025;99999;FRIULI VENEZIA GIULIA;FRIULI VENEZIA GIULIA;358
2024/2025;L-4;UMBRIA;UMBRIA;358
2023/2024;L-8;LOMBARDIA;VENETO;358
2023/2024;L-6;LOMBARDIA;LOMBARDIA;358
2023/2024;LM-40;LAZIO;LAZIO;357
2024/2025;L-26;VENETO;VENETO;357
2024/2025;L-18;VENETO;REGIONE ESTERA;357
2024/2025;LM-40;LOMBARDIA;LOMBARDIA;357
2024/2025;LMG/01;LOMBARDIA;VENETO;357
2024/2025;LM-85 bis;EMILIA ROMAGNA;LOMBARDIA;357
2024/2025;LM-84;VENETO;VENETO;357
2024/2025;LM-88;LOMBARDIA;LOMBARDIA;356
2024/2025;LMG/01;LOMBARDIA;CAMPANIA;356
2024/2025;LM-50;PUGLIA;PUGLIA;356
2024/2025;L-24;ABRUZZO;LAZIO;356
2024/2025;L-21;VENETO;VENETO;356
2024/2025;L/SNT4;SICILIA;SICILIA;356
2023/2024;L-37;TOSCANA;TOSCANA;356
2024/2025;L/SNT1;MOLISE;CAMPANIA;355
2024/2025;L-9;EMILIA ROMAGNA;MARCHE;355
2024/2025;LM-84;EMILIA ROMAGNA;EMILIA ROMAGNA;355
2023/2024;LM-89;SICILIA;SICILIA;354
2023/2024;LM-37;EMILIA ROMAGNA;EMILIA ROMAGNA;354
2024/2025;L-20;ABRUZZO;ABRUZZO;353
2024/2025;L-9;LOMBARDIA;PIEMONTE;353
2024/2025;LM-25;LOMBARDIA;LOMBARDIA;353
2024/2025;L-6;LOMBARDIA;LOMBARDIA;353
2024/2025;L-22;FRIULI VENEZIA GIULIA;FRIULI VENEZIA GIULIA;352
2023/2024;LM-42;CAMPANIA;CAMPANIA;352
2023/2024;L-1;LIGURIA;LIGURIA;352
2024/2025;LM-87;LOMBARDIA;LOMBARDIA;352
2023/2024;L-12;CALABRIA;CALABRIA;351
2023/2024;L-14;FRIULI VENEZIA GIULIA;FRIULI VENEZIA GIULIA;351
2024/2025;LM-18;TOSCANA;TOSCANA;351
2024/2025;L-9;EMILIA ROMAGNA;ABRUZZO;350
2023/2024;L-18;LAZIO;SICILIA;350
2023/2024;L-8;MARCHE;ABRUZZO;350
2023/2024;LM-31;TOSCANA;TOSCANA;349
2023/2024;L-16;PUGLIA;PUGLIA;349
2024/2025;LM-35;PIEMONTE;PIEMONTE;349
2024/2025;LM-37;TOSCANA;TOSCANA;349
2024/2025;L-38;PIEMONTE;PIEMONTE;349
2024/2025;L-8;MARCHE;ABRUZZO;348
2024/2025;L-17;LOMBARDIA;REGIONE ESTERA;348
2023/2024;L/SNT2;MARCHE;MARCHE;348
2023/2024;L-4;UMBRIA;UMBRIA;348
2024/2025;LM-77;LAZIO;PUGLIA;348
2024/2025;LM-41;MOLISE;CAMPANIA;348
2023/2024;L-25;MARCHE;MARCHE;347
2023/2024;L-12;FRIULI VENEZIA GIULIA;FRIULI VENEZIA GIULIA;347
2023/2024;LM-14;PIEMONTE;PIEMONTE;347
2023/2024;LM-41;EMILIA ROMAGNA;MARCHE;347
2023/2024;LM-57;LOMBARDIA;LOMBARDIA;346
2024/2025;L-13;ABRUZZO;ABRUZZO;346
2024/2025;L-19;BASILICATA;BASILICATA;345
2024/2025;L-18;EMILIA ROMAGNA;SICILIA;345
2024/2025;L-36;LAZIO;PUGLIA;345
2023/2024;L-14;TOSCANA;LAZIO;345
2024/2025;LM-68;CAMPANIA;CAMPANIA;345
2024/2025;LM-42;SICILIA;SICILIA;344
2023/2024;L-24;ABRUZZO;PUGLIA;344
2023/2024;LM-41;LAZIO;LOMBARDIA;344
2023/2024;LM-4;EMILIA ROMAGNA;REGIONE ESTERA;344
2024/2025;LM-12;CAMPANIA;CAMPANIA;344
2024/2025;L-20;LIGURIA;LIGURIA;344
2024/2025;L-23;PUGLIA;PUGLIA;343
2024/2025;L/SNT1;LAZIO;PUGLIA;343
2024/2025;LM/SNT1;EMILIA ROMAGNA;EMILIA ROMAGNA;343
2024/2025;LM-50;EMILIA ROMAGNA;EMILIA ROMAGNA;343
2024/2025;LM-67;LAZIO;LAZIO;343
2024/2025;LM-89;SICILIA;SICILIA;343
2024/2025;LM-85 bis;MOLISE;CAMPANIA;343
2024/2025;LM-56;TOSCANA;TOSCANA;342
2024/2025;LM-46;EMILIA ROMAGNA;EMILIA ROMAGNA;342
2024/2025;L-32;LIGURIA;LIGURIA;342
2023/2024;L-36;CALABRIA;CALABRIA;342
2023/2024;LM-56;EMILIA ROMAGNA;REGIONE ESTERA;341
2024/2025;L-9;LAZIO;REGIONE ESTERA;341
2024/2025;LM-32;TOSCANA;TOSCANA;341
2024/2025;LM-40;LAZIO;LAZIO;341
2024/2025;LM-67;CAMPANIA;CAMPANIA;341
2024/2025;LM-77;LOMBARDIA;EMILIA ROMAGNA;340
2024/2025;LM/SNT1;CAMPANIA;CAMPANIA;340
2024/2025;LM-14;EMILIA ROMAGNA;EMILIA ROMAGNA;340
2023/2024;LM-2;CAMPANIA;CAMPANIA;340
2023/2024;LM/SNT1;CAMPANIA;CAMPANIA;340
2023/2024;LM-24;LOMBARDIA;REGIONE ESTERA;339
2024/2025;L-1;LIGURIA;LIGURIA;339
2023/2024;LM-87;PUGLIA;PUGLIA;339
2023/2024;LM-81;LAZIO;LAZIO;339
2024/2025;LM-41;EMILIA ROMAGNA;SICILIA;338
2023/2024;LM-61;LAZIO;LAZIO;337
2024/2025;L-42;LAZIO;REGIONE ESTERA;337
2023/2024;LM-12;CAMPANIA;CAMPANIA;337
2023/2024;L-14;TOSCANA;SICILIA;337
2023/2024;LM-50;PUGLIA;PUGLIA;336
2023/2024;LM-89;TOSCANA;TOSCANA;336
2024/2025;L-16;PUGLIA;PUGLIA;336
2024/2025;LM-42;CAMPANIA;CAMPANIA;336
2024/2025;LM-6;MARCHE;MARCHE;336
2024/2025;LM-89;TOSCANA;TOSCANA;335
2024/2025;L-14;TOSCANA;LAZIO;335
2023/2024;LM-9;LAZIO;LAZIO;335
2023/2024;LM-87;LOMBARDIA;LOMBARDIA;335
2024/2025;LM-37;PIEMONTE;PIEMONTE;335
2023/2024;LM-41;LOMBARDIA;VENETO;335
2023/2024;L-9;Provincia autonoma di TRENTO;Provincia autonoma di TRENTO;335
2023/2024;L-38;TOSCANA;TOSCANA;335
2023/2024;LM-6;MARCHE;MARCHE;334
2024/2025;LM-14;PIEMONTE;PIEMONTE;334
2024/2025;L-35;PIEMONTE;PIEMONTE;334
2023/2024;LM-85 bis;FRIULI VENEZIA GIULIA;VENETO;334
2024/2025;L-17;TOSCANA;TOSCANA;334
2023/2024;LM-41;LAZIO;ABRUZZO;333
2024/2025;LM-67;PUGLIA;PUGLIA;333
2024/2025;LM-42;VENETO;VENETO;333
2024/2025;LM-44;ABRUZZO;REGIONE ESTERA;333
2023/2024;LM-41;TOSCANA;LOMBARDIA;332
2023/2024;LM-51;ABRUZZO;ABRUZZO;332
2023/2024;LM-46;EMILIA ROMAGNA;EMILIA ROMAGNA;332
2023/2024;L-9;EMILIA ROMAGNA;PUGLIA;332
2023/2024;L-38;PIEMONTE;PIEMONTE;332
2023/2024;99999;ABRUZZO;ABRUZZO;332
2024/2025;L-8;LOMBARDIA;EMILIA ROMAGNA;332
2024/2025;L-24;VENETO;REGIONE ESTERA;331
2024/2025;L-18;LAZIO;SICILIA;331
2024/2025;L-14;SICILIA;SICILIA;331
2023/2024;LM-67;CAMPANIA;CAMPANIA;331
2023/2024;LM-84;VENETO;VENETO;331
2023/2024;L-27;SARDEGNA;SARDEGNA;331
2023/2024;LM-41;LIGURIA;PIEMONTE;331
2023/2024;LM-32;TOSCANA;TOSCANA;330
2023/2024;L/SNT2;CALABRIA;CALABRIA;330
2024/2025;99999;LIGURIA;LIGURIA;330
2024/2025;LM-4;EMILIA ROMAGNA;REGIONE ESTERA;330
2024/2025;L-38;VENETO;VENETO;329
2024/2025;LM/SC-GIUR;LAZIO;LAZIO;329
2024/2025;LM-38;PIEMONTE;PIEMONTE;329
2023/2024;L-32;LIGURIA;LIGURIA;329
2023/2024;L-5;SARDEGNA;SARDEGNA;329
2024/2025;L-2;MARCHE;REGIONE ESTERA;328
2024/2025;L/GASTR;MARCHE;REGIONE ESTERA;328
2024/2025;L-11;ABRUZZO;ABRUZZO;328
2024/2025;L-24;ABRUZZO;PUGLIA;327
2024/2025;L-15;PUGLIA;PUGLIA;327
2024/2025;L-4;PUGLIA;PUGLIA;327
2023/2024;L-35;PIEMONTE;PIEMONTE;327
2023/2024;L-13;ABRUZZO;ABRUZZO;327
2023/2024;L-19;BASILICATA;BASILICATA;327
2024/2025;LM-41;TOSCANA;LOMBARDIA;327
2024/2025;LM-51;ABRUZZO;ABRUZZO;327
2024/2025;LM-59;PIEMONTE;PIEMONTE;327
2023/2024;L-20;LOMBARDIA;EMILIA ROMAGNA;326
2023/2024;LM-37;PIEMONTE;PIEMONTE;326
2023/2024;LM-42;VENETO;VENETO;326
2024/2025;LM-13;EMILIA ROMAGNA;REGIONE ESTERA;326
2023/2024;LM-77;EMILIA ROMAGNA;PUGLIA;326
2024/2025;L-14;TOSCANA;SICILIA;325
2023/2024;L-9;LOMBARDIA;PIEMONTE;325
2023/2024;L-26;LAZIO;LAZIO;325
2023/2024;L/SNT2;SARDEGNA;SARDEGNA;324
2023/2024;L-17;TOSCANA;TOSCANA;324
2023/2024;L-14;LIGURIA;LIGURIA;324
2023/2024;LM-77;EMILIA ROMAGNA;SICILIA;324
2024/2025;LM-32;PIEMONTE;SICILIA;324
2024/2025;LM-61;LAZIO;LAZIO;324
2024/2025;L-40;SICILIA;SICILIA;323
2023/2024;L-24;UMBRIA;TOSCANA;323
2023/2024;L-18;LOMBARDIA;CALABRIA;322
2024/2025;L-18;FRIULI VENEZIA GIULIA;REGIONE ESTERA;322
2024/2025;L/SNT4;LAZIO;LAZIO;322
2024/2025;LM-51;LOMBARDIA;REGIONE ESTERA;322
2024/2025;LM-41;PIEMONTE;REGIONE ESTERA;321
2024/2025;LM-9;LAZIO;LAZIO;321
2023/2024;L-15;PUGLIA;PUGLIA;321
2023/2024;L/SNT4;SICILIA;SICILIA;321
2023/2024;L-4;PUGLIA;PUGLIA;321
2023/2024;LM-50;EMILIA ROMAGNA;EMILIA ROMAGNA;321
2023/2024;LM-18;VENETO;VENETO;320
2023/2024;L-11;ABRUZZO;ABRUZZO;320
2024/2025;LM-32;PUGLIA;PUGLIA;320
2024/2025;L-27;SARDEGNA;SARDEGNA;319
2024/2025;L-12;VENETO;LOMBARDIA;319
2023/2024;LM-85 bis;LAZIO;SICILIA;319
2023/2024;L-14;SICILIA;SICILIA;319
2023/2024;LM-41;SICILIA;REGIONE ESTERA;319
2023/2024;L-20;LOMBARDIA;REGIONE ESTERA;318
2024/2025;L-8;LOMBARDIA;VENETO;318
2023/2024;LMG/01;EMILIA ROMAGNA;CALABRIA;317
2023/2024;LM-68;CAMPANIA;CAMPANIA;317
2024/2025;LM-46;PUGLIA;PUGLIA;317
2024/2025;LM-77;EMILIA ROMAGNA;PUGLIA;316
2024/2025;L/SNT2;FRIULI VENEZIA GIULIA;FRIULI VENEZIA GIULIA;316
2024/2025;L/SNT2;SARDEGNA;SARDEGNA;315
2023/2024;LM-85;CAMPANIA;CAMPANIA;315
2023/2024;LM-41;LIGURIA;LOMBARDIA;315
2023/2024;LM-56;TOSCANA;TOSCANA;315
2023/2024;L-22;FRIULI VENEZIA GIULIA;FRIULI VENEZIA GIULIA;314
2023/2024;L-36;LAZIO;PUGLIA;314
2023/2024;LM-82;LOMBARDIA;LOMBARDIA;314
2024/2025;L-25;MARCHE;MARCHE;314
2023/2024;L-P03;EMILIA ROMAGNA;EMILIA ROMAGNA;313
2023/2024;L-38;VENETO;VENETO;313
2023/2024;L-3;LAZIO;REGIONE ESTERA;313
2023/2024;L-18;LOMBARDIA;TOSCANA;313
2023/2024;L-16;SARDEGNA;SARDEGNA;313
2023/2024;L-18;VENETO;REGIONE ESTERA;313
2023/2024;LM-51;LOMBARDIA;REGIONE ESTERA;313
2023/2024;LM-30;LAZIO;LAZIO;313
2023/2024;LM-56;LOMBARDIA;REGIONE ESTERA;312
2023/2024;LM-59;PIEMONTE;PIEMONTE;312
2023/2024;LM-85 bis;MOLISE;CAMPANIA;312
2024/2025;L-14;LIGURIA;LIGURIA;311
2024/2025;L-27;PUGLIA;PUGLIA;311
2023/2024;L-10;BASILICATA;BASILICATA;311
2023/2024;L-39;ABRUZZO;ABRUZZO;311
2023/2024;L-23;PUGLIA;PUGLIA;310
2023/2024;L-18;LOMBARDIA;LIGURIA;310
2023/2024;L-18;LAZIO;ABRUZZO;310
2023/2024;LM-19;LOMBARDIA;LOMBARDIA;310
2023/2024;LM-2;LAZIO;LAZIO;310
2024/2025;L-36;CALABRIA;CALABRIA;310
2023/2024;LM-88;LOMBARDIA;LOMBARDIA;310
2024/2025;LM-39;VENETO;VENETO;310
2024/2025;L-11;Provincia autonoma di TRENTO;Provincia autonoma di TRENTO;309
2024/2025;L-39;ABRUZZO;ABRUZZO;309
2023/2024;LM-33;LOMBARDIA;REGIONE ESTERA;309
2023/2024;L-17;LOMBARDIA;REGIONE ESTERA;309
2023/2024;L-11;Provincia autonoma di TRENTO;Provincia autonoma di TRENTO;309
2023/2024;L-9;LOMBARDIA;PUGLIA;308
2023/2024;L-8;PIEMONTE;REGIONE ESTERA;308
2024/2025;L-26;LAZIO;LAZIO;308
2024/2025;LM-41;LAZIO;LOMBARDIA;308
2024/2025;LM-78;CAMPANIA;CAMPANIA;308
2024/2025;LM-51;VENETO;EMILIA ROMAGNA;307
2024/2025;L-9;EMILIA ROMAGNA;PUGLIA;307
2024/2025;LM-17;TOSCANA;TOSCANA;307
2023/2024;LM/SNT2;SICILIA;SICILIA;307
2023/2024;L/SNT4;LAZIO;LAZIO;306
2023/2024;L/SNT2;FRIULI VENEZIA GIULIA;FRIULI VENEZIA GIULIA;306
2024/2025;LM-52;TOSCANA;TOSCANA;306
2024/2025;LM-41;LIGURIA;LOMBARDIA;305
2024/2025;LM-19;LOMBARDIA;LOMBARDIA;305
2024/2025;L/SNT1;EMILIA ROMAGNA;PUGLIA;305
2023/2024;LMG/01;MOLISE;MOLISE;305
2023/2024;LM-67;PUGLIA;PUGLIA;305
2023/2024;LM-75;LOMBARDIA;LOMBARDIA;304
2024/2025;L-20;LOMBARDIA;EMILIA ROMAGNA;304
2024/2025;LM-2;LAZIO;LAZIO;304
2024/2025;LM-14;SARDEGNA;SARDEGNA;304
2023/2024;LM-46;PUGLIA;PUGLIA;304
2024/2025;LM-56;LOMBARDIA;REGIONE ESTERA;304
2024/2025;LM-59;CAMPANIA;CAMPANIA;303
2023/2024;L-20;EMILIA ROMAGNA;LOMBARDIA;303
2024/2025;L-18;LAZIO;CALABRIA;303
2024/2025;L-11;TOSCANA;REGIONE ESTERA;303
2024/2025;L-13;MARCHE;ABRUZZO;302
2023/2024;L-22;MOLISE;CAMPANIA;302
2023/2024;L-18;LAZIO;CALABRIA;302
2023/2024;LM-42;SICILIA;SICILIA;302
2023/2024;LM-29;LAZIO;LAZIO;302
2023/2024;LM-17;TOSCANA;TOSCANA;301
2024/2025;L-18;LAZIO;ABRUZZO;301
2023/2024;LM-77;EMILIA ROMAGNA;VENETO;301
2023/2024;LM-77;LOMBARDIA;VENETO;301
2024/2025;LM-37;EMILIA ROMAGNA;EMILIA ROMAGNA;301
2024/2025;LM-29;LAZIO;LAZIO;301
2024/2025;LM-41;ABRUZZO;LAZIO;301
2024/2025;LM-9;LOMBARDIA;REGIONE ESTERA;301
2024/2025;LM-68;LOMBARDIA;LOMBARDIA;300
2024/2025;L-5;LIGURIA;LIGURIA;300
2023/2024;LM-13;EMILIA ROMAGNA;PUGLIA;300
2023/2024;L-13;MARCHE;ABRUZZO;300
2023/2024;LM-24;LOMBARDIA;LOMBARDIA;299
2023/2024;LM-59;CAMPANIA;CAMPANIA;299
2024/2025;LM-18;VENETO;VENETO;299
2024/2025;L-20;EMILIA ROMAGNA;LOMBARDIA;299
2024/2025;LM-85 bis;LOMBARDIA;PIEMONTE;299
2024/2025;LM-82;LOMBARDIA;LOMBARDIA;299
2024/2025;LM-77;VENETO;REGIONE ESTERA;298
2024/2025;L-9;LOMBARDIA;PUGLIA;298
2024/2025;L-29;LOMBARDIA;LOMBARDIA;297
2024/2025;L-16;SARDEGNA;SARDEGNA;297
2023/2024;L-29;SICILIA;SICILIA;297
2024/2025;LMG/01;EMILIA ROMAGNA;CALABRIA;297
2024/2025;LM-56;EMILIA ROMAGNA;EMILIA ROMAGNA;297
2024/2025;LM-78;VENETO;VENETO;296
2024/2025;L/SNT3;LIGURIA;LIGURIA;296
2024/2025;L-9;PIEMONTE;REGIONE ESTERA;296
2023/2024;LM-18;TOSCANA;TOSCANA;295
2024/2025;LM-77;EMILIA ROMAGNA;VENETO;295
2024/2025;LM-24;LOMBARDIA;LOMBARDIA;294
2023/2024;LM-61;CAMPANIA;CAMPANIA;293
2023/2024;L-24;UMBRIA;MARCHE;293
2023/2024;L-11;SARDEGNA;SARDEGNA;293
2024/2025;LM-75;LOMBARDIA;LOMBARDIA;293
2024/2025;LM-78;TOSCANA;TOSCANA;293
2024/2025;LM-41;LOMBARDIA;LIGURIA;293
2024/2025;LM-46;TOSCANA;TOSCANA;293
2024/2025;LM-84;CAMPANIA;CAMPANIA;292
2023/2024;LM-32;PIEMONTE;SICILIA;292
2024/2025;LM-2;CAMPANIA;CAMPANIA;292
2023/2024;LM-78;TOSCANA;TOSCANA;292
2023/2024;LM-78;VENETO;VENETO;292
2023/2024;LM-89;EMILIA ROMAGNA;EMILIA ROMAGNA;291
2023/2024;LM-9;VENETO;VENETO;291
2024/2025;L-10;BASILICATA;BASILICATA;291
2024/2025;LM-29;CAMPANIA;CAMPANIA;291
2023/2024;LM-41;TOSCANA;PUGLIA;291
2023/2024;L-22;SICILIA;CALABRIA;291
2024/2025;LM-77;EMILIA ROMAGNA;SICILIA;291
2024/2025;LMG/01;MOLISE;MOLISE;291
2024/2025;LM-59;EMILIA ROMAGNA;EMILIA ROMAGNA;291
2023/2024;LM-41;PIEMONTE;REGIONE ESTERA;290
2023/2024;LM-39;TOSCANA;TOSCANA;290
2023/2024;LM-29;CAMPANIA;CAMPANIA;290
2024/2025;L-29;SICILIA;SICILIA;290
2024/2025;L-23;LOMBARDIA;LOMBARDIA;290
2023/2024;L-9;PIEMONTE;LIGURIA;289
2023/2024;L-31;BASILICATA;BASILICATA;289
2023/2024;L-13;LIGURIA;LIGURIA;289
2024/2025;L/SNT3;MARCHE;MARCHE;288
2024/2025;L-13;LIGURIA;LIGURIA;287
2024/2025;LM-30;LAZIO;LAZIO;287
2024/2025;L-9;FRIULI VENEZIA GIULIA;VENETO;287
2023/2024;L-24;VENETO;REGIONE ESTERA;287
2023/2024;LM/SNT1;EMILIA ROMAGNA;EMILIA ROMAGNA;287
2023/2024;L-9;MARCHE;ABRUZZO;286
2023/2024;LM-56;EMILIA ROMAGNA;EMILIA ROMAGNA;286
2023/2024;L-2;SARDEGNA;SARDEGNA;286
2023/2024;L-37;LOMBARDIA;LOMBARDIA;286
2023/2024;L-13;PIEMONTE;LOMBARDIA;286
2024/2025;LM-30;PIEMONTE;PIEMONTE;286
2024/2025;L-42;LIGURIA;LIGURIA;286
2024/2025;LM-89;EMILIA ROMAGNA;EMILIA ROMAGNA;286
2024/2025;LM-82;LAZIO;LAZIO;285
2024/2025;L-18;LOMBARDIA;CALABRIA;285
2023/2024;LM-85 bis;LOMBARDIA;PIEMONTE;285
2023/2024;LM-78;SICILIA;SICILIA;285
2023/2024;LM-78;CAMPANIA;CAMPANIA;285
2024/2025;L-42;PUGLIA;PUGLIA;284
2023/2024;LM-46;TOSCANA;TOSCANA;284
2023/2024;L-8;LOMBARDIA;PUGLIA;284
2023/2024;L-8;LOMBARDIA;LAZIO;284
2024/2025;LM-87;CAMPANIA;CAMPANIA;284
2024/2025;LM-41;CALABRIA;CAMPANIA;284
2023/2024;L-9;LOMBARDIA;LAZIO;283
2023/2024;LM-13;EMILIA ROMAGNA;REGIONE ESTERA;283
2023/2024;LM-30;PIEMONTE;PIEMONTE;283
2023/2024;LM-52;TOSCANA;TOSCANA;283
2024/2025;LM-23;PIEMONTE;PIEMONTE;283
2024/2025;L-23;LOMBARDIA;LOMBARDIA;283
2024/2025;L-36;EMILIA ROMAGNA;REGIONE ESTERA;282
2024/2025;L-33;EMILIA ROMAGNA;REGIONE ESTERA;282
2024/2025;L-31;BASILICATA;BASILICATA;282
2023/2024;LM-23;EMILIA ROMAGNA;EMILIA ROMAGNA;282
2023/2024;L-5;LIGURIA;LIGURIA;282
2023/2024;L-39;MARCHE;MARCHE;282
2023/2024;L-42;PUGLIA;PUGLIA;282
2024/2025;LM-41;TOSCANA;PUGLIA;282
2024/2025;LMG/01;LOMBARDIA;EMILIA ROMAGNA;281
2024/2025;LM-9;VENETO;VENETO;281
2023/2024;L-42;LIGURIA;LIGURIA;281
2023/2024;L-20;LOMBARDIA;VENETO;281
2023/2024;L-1;FRIULI VENEZIA GIULIA;FRIULI VENEZIA GIULIA;281
2023/2024;LM-25;VENETO;VENETO;281
2024/2025;L-31;MOLISE;MOLISE;281
2024/2025;L-38;PUGLIA;PUGLIA;281
2024/2025;L-21;LOMBARDIA;LOMBARDIA;280
2023/2024;LMG/01;LOMBARDIA;EMILIA ROMAGNA;280
2024/2025;LM/SNT1;TOSCANA;TOSCANA;279
2024/2025;LM-17;EMILIA ROMAGNA;EMILIA ROMAGNA;279
2023/2024;LM-14;SARDEGNA;SARDEGNA;279
2023/2024;L-29;LOMBARDIA;LOMBARDIA;279
2023/2024;L-34;LAZIO;LAZIO;278
2023/2024;L-14;TOSCANA;PUGLIA;278
2023/2024;L-9;FRIULI VENEZIA GIULIA;VENETO;278
2024/2025;L-9;MARCHE;ABRUZZO;278
2023/2024;LM-91;LAZIO;LAZIO;278
2024/2025;LM-77;LOMBARDIA;VENETO;278
2024/2025;L-18;LOMBARDIA;LIGURIA;277
2024/2025;L-9;LOMBARDIA;LAZIO;277
2023/2024;L-18;EMILIA ROMAGNA;MARCHE;277
2023/2024;L-21;LOMBARDIA;LOMBARDIA;277
2023/2024;L-27;PUGLIA;PUGLIA;276
2023/2024;L-25;FRIULI VENEZIA GIULIA;FRIULI VENEZIA GIULIA;276
2023/2024;L-31;MOLISE;MOLISE;276
2023/2024;L/SNT3;LIGURIA;LIGURIA;276
2023/2024;LM-25;PIEMONTE;PIEMONTE;276
2023/2024;LM-41;EMILIA ROMAGNA;SICILIA;276
2024/2025;LM-23;EMILIA ROMAGNA;EMILIA ROMAGNA;276
2024/2025;L-36;LAZIO;CAMPANIA;276
2024/2025;L-18;LOMBARDIA;TOSCANA;276
2023/2024;LM-87;CAMPANIA;CAMPANIA;276
2023/2024;LM-77;VENETO;REGIONE ESTERA;276
2024/2025;LM-9;EMILIA ROMAGNA;EMILIA ROMAGNA;276
2024/2025;LM-41;VENETO;REGIONE ESTERA;276
2024/2025;LM-51;CALABRIA;CALABRIA;276
2024/2025;LM-41;TOSCANA;SICILIA;275
2024/2025;L-30;FRIULI VENEZIA GIULIA;FRIULI VENEZIA GIULIA;275
2024/2025;L-9;PIEMONTE;LIGURIA;275
2024/2025;LM/SNT1;PIEMONTE;PIEMONTE;275
2024/2025;LM-16;LOMBARDIA;REGIONE ESTERA;275
2023/2024;LM-41;LOMBARDIA;LIGURIA;275
2023/2024;LM-32;LOMBARDIA;LOMBARDIA;275
2023/2024;L-18;TOSCANA;SICILIA;275
2023/2024;L-22;MOLISE;MOLISE;274
2023/2024;LM-6;VENETO;VENETO;274
2024/2025;LM/SNT2;SICILIA;SICILIA;274
2024/2025;LM-4cu;UMBRIA;UMBRIA;274
2024/2025;LMG/01;EMILIA ROMAGNA;TOSCANA;274
2024/2025;LM-78;SICILIA;SICILIA;273
2024/2025;LM-41;LAZIO;BASILICATA;273
2023/2024;L/SNT4;SARDEGNA;SARDEGNA;273
2023/2024;99999;MARCHE;MARCHE;272
2023/2024;L-38;PUGLIA;PUGLIA;272
2023/2024;LM-51;VENETO;EMILIA ROMAGNA;272
2024/2025;LM-32;LOMBARDIA;LOMBARDIA;272
2024/2025;L-34;LAZIO;LAZIO;272
2023/2024;LM-62;LOMBARDIA;REGIONE ESTERA;272
2024/2025;LM-61;SICILIA;SICILIA;272
2024/2025;LM-85 bis;LAZIO;SICILIA;271
2023/2024;LM-68;LOMBARDIA;LOMBARDIA;271
2023/2024;LM-77;LAZIO;SICILIA;271
2024/2025;L-18;MOLISE;MOLISE;271
2024/2025;LM-20;VENETO;VENETO;271
2024/2025;L-18;PIEMONTE;REGIONE ESTERA;270
2023/2024;LM-18;PIEMONTE;PIEMONTE;270
2024/2025;LM-6;VENETO;VENETO;270
2023/2024;L/SNT1;MOLISE;MOLISE;269
2024/2025;L/SNT3;CALABRIA;CALABRIA;269
2023/2024;LMG/01;EMILIA ROMAGNA;TOSCANA;269
2023/2024;LM-94;PUGLIA;PUGLIA;269
2024/2025;LM-32;CALABRIA;CALABRIA;269
2024/2025;L-14;TOSCANA;PUGLIA;268
2023/2024;L-18;Provincia autonoma di TRENTO;VENETO;268
2023/2024;LM-17;EMILIA ROMAGNA;EMILIA ROMAGNA;268
2023/2024;LM-22;LOMBARDIA;LOMBARDIA;268
2023/2024;LM-41;ABRUZZO;LAZIO;268
2023/2024;LM-37;PUGLIA;PUGLIA;268
2024/2025;LM-62;LOMBARDIA;REGIONE ESTERA;268
2024/2025;LM-39;TOSCANA;TOSCANA;267
2024/2025;LM-42;TOSCANA;TOSCANA;267
2023/2024;L-9;PIEMONTE;REGIONE ESTERA;267
2023/2024;LM-67;TOSCANA;TOSCANA;267
2024/2025;LM-25;PIEMONTE;PIEMONTE;267
2024/2025;L-22;MOLISE;MOLISE;266
2023/2024;LM/SC-GIUR;LAZIO;LAZIO;266
2024/2025;LM-39;LAZIO;LAZIO;266
2024/2025;LM-4;CAMPANIA;CAMPANIA;265
2023/2024;L-12;LOMBARDIA;PIEMONTE;265
2023/2024;L-35;LIGURIA;LIGURIA;265
2023/2024;L-41;TOSCANA;TOSCANA;264
2024/2025;L-2;SARDEGNA;SARDEGNA;264
2023/2024;LM-85;CALABRIA;CALABRIA;264
2024/2025;L-7;FRIULI VENEZIA GIULIA;FRIULI VENEZIA GIULIA;264
2024/2025;LM-9;PUGLIA;PUGLIA;264
2024/2025;LM-90;LAZIO;LAZIO;263
2024/2025;LM-13;EMILIA ROMAGNA;PUGLIA;263
2024/2025;LM-18;PIEMONTE;PIEMONTE;263
2023/2024;LM-85 bis;EMILIA ROMAGNA;LOMBARDIA;263
2024/2025;L-18;EMILIA ROMAGNA;MARCHE;263
2023/2024;L-36;LAZIO;CAMPANIA;263
2023/2024;LM-41;LAZIO;VENETO;263
2023/2024;L-23;LOMBARDIA;LOMBARDIA;262
2024/2025;L-18;Provincia autonoma di TRENTO;VENETO;262
2024/2025;LMG/01;Provincia autonoma di TRENTO;LOMBARDIA;262
2024/2025;LM-51;ABRUZZO;PUGLIA;262
2024/2025;LM-85;CALABRIA;CALABRIA;261
2024/2025;LM-84;PIEMONTE;PIEMONTE;261
2024/2025;L-1;FRIULI VENEZIA GIULIA;FRIULI VENEZIA GIULIA;261
2024/2025;L-11;SARDEGNA;SARDEGNA;261
2023/2024;L-36;EMILIA ROMAGNA;REGIONE ESTERA;261
2023/2024;L/SNT3;CALABRIA;CALABRIA;261
2023/2024;LM-44;ABRUZZO;REGIONE ESTERA;261
2023/2024;LM-54;SICILIA;SICILIA;261
2024/2025;L-10;VENETO;LOMBARDIA;260
2024/2025;L-14;CALABRIA;CALABRIA;260
2024/2025;L-18;Provincia autonoma di BOLZANO;Provincia autonoma di BOLZANO;260
2024/2025;L-18;TOSCANA;SICILIA;260
2024/2025;L-20;LOMBARDIA;VENETO;260
2023/2024;LM-91;LOMBARDIA;LOMBARDIA;260
2023/2024;LM-9;EMILIA ROMAGNA;EMILIA ROMAGNA;260
2024/2025;L-36;VENETO;LOMBARDIA;260
2024/2025;LM-21;TOSCANA;TOSCANA;259
2023/2024;LM-84;SICILIA;SICILIA;259
2023/2024;LM-84;CAMPANIA;CAMPANIA;259
2024/2025;L-23;EMILIA ROMAGNA;REGIONE ESTERA;259
2024/2025;L-13;PIEMONTE;LOMBARDIA;259
2023/2024;LM-50;TOSCANA;TOSCANA;259
2023/2024;L-11;VENETO;EMILIA ROMAGNA;259
2023/2024;L-3;LAZIO;CAMPANIA;259
2024/2025;LM-87;TOSCANA;TOSCANA;259
2024/2025;LM-61;TOSCANA;TOSCANA;258
2023/2024;L-41;CAMPANIA;REGIONE ESTERA;258
2023/2024;LM-41;LAZIO;TOSCANA;258
2024/2025;L/SNT1;MOLISE;MOLISE;258
2024/2025;L-41;TOSCANA;TOSCANA;258
2024/2025;L-41;CAMPANIA;REGIONE ESTERA;257
2024/2025;L-39;MARCHE;MARCHE;257
2023/2024;L-10;VENETO;LOMBARDIA;257
2023/2024;LM-39;LAZIO;LAZIO;256
2024/2025;L-36;LOMBARDIA;PIEMONTE;256
2024/2025;L-7;Provincia autonoma di TRENTO;Provincia autonoma di TRENTO;256
2024/2025;L-9;VENETO;FRIULI VENEZIA GIULIA;256
2024/2025;LM-Data;LOMBARDIA;LOMBARDIA;256
2024/2025;LM-84;SICILIA;SICILIA;255
2024/2025;L-22;UMBRIA;TOSCANA;255
2023/2024;LM-84;PIEMONTE;PIEMONTE;255
2023/2024;L-30;FRIULI VENEZIA GIULIA;FRIULI VENEZIA GIULIA;255
2023/2024;L-24;ABRUZZO;CAMPANIA;254
2023/2024;LM-41;LAZIO;BASILICATA;254
2023/2024;LM-42;TOSCANA;TOSCANA;254
2023/2024;LM-51;ABRUZZO;PUGLIA;254
2024/2025;LM-25;VENETO;VENETO;254
2024/2025;L-7;PUGLIA;PUGLIA;254
2024/2025;L-8;LOMBARDIA;TOSCANA;254
2024/2025;L-36;LAZIO;REGIONE ESTERA;254
2024/2025;LM-89;CAMPANIA;CAMPANIA;254
2024/2025;LM-41;LAZIO;TOSCANA;253
2024/2025;L-31;Provincia autonoma di TRENTO;VENETO;253
2024/2025;L-30;SARDEGNA;SARDEGNA;253
2024/2025;L/SNT4;SARDEGNA;SARDEGNA;253
2023/2024;LM-4;CAMPANIA;CAMPANIA;253
2023/2024;L-19;VENETO;Provincia autonoma di TRENTO;253
2023/2024;L-18;MOLISE;MOLISE;253
2023/2024;L-31;FRIULI VENEZIA GIULIA;VENETO;252
2023/2024;LM-32;PIEMONTE;PUGLIA;252
2023/2024;L-7;FRIULI VENEZIA GIULIA;FRIULI VENEZIA GIULIA;252
2024/2025;L-23;LAZIO;REGIONE ESTERA;252
2024/2025;L-38;CAMPANIA;CAMPANIA;252
2024/2025;LM-32;PIEMONTE;PUGLIA;252
2024/2025;LM-41;LAZIO;MARCHE;252
2024/2025;LM-77;EMILIA ROMAGNA;REGIONE ESTERA;252
2024/2025;LM-18;LAZIO;LAZIO;251
2024/2025;L-37;LOMBARDIA;LOMBARDIA;251
2024/2025;L-11;VENETO;EMILIA ROMAGNA;251
2023/2024;LM-61;TOSCANA;TOSCANA;251
2023/2024;LM/SNT1;TOSCANA;TOSCANA;251
2023/2024;LM-13;BASILICATA;BASILICATA;251
2023/2024;LM-32;PUGLIA;PUGLIA;251
2023/2024;L-30;LIGURIA;LIGURIA;251
2024/2025;LM-21;PUGLIA;PUGLIA;250
2024/2025;LM-77;UMBRIA;UMBRIA;250
2024/2025;LM-85;CAMPANIA;CAMPANIA;249
2024/2025;L-3;FRIULI VENEZIA GIULIA;FRIULI VENEZIA GIULIA;249
2023/2024;LM-77;LAZIO;CALABRIA;249
2024/2025;L-18;MARCHE;REGIONE ESTERA;249
2023/2024;L-31;Provincia autonoma di TRENTO;VENETO;249
2023/2024;L-18;LOMBARDIA;ABRUZZO;249
2023/2024;L-7;Provincia autonoma di TRENTO;Provincia autonoma di TRENTO;249
2023/2024;LM-18;LAZIO;LAZIO;249
2023/2024;LM-23;PIEMONTE;PIEMONTE;248
2023/2024;L-2;EMILIA ROMAGNA;PUGLIA;248
2023/2024;L-38;CAMPANIA;CAMPANIA;248
2023/2024;L-30;SARDEGNA;SARDEGNA;248
2024/2025;L-2;FRIULI VENEZIA GIULIA;FRIULI VENEZIA GIULIA;248
2023/2024;LM-70;EMILIA ROMAGNA;EMILIA ROMAGNA;248
2023/2024;LM-87;VENETO;VENETO;248
2024/2025;L-8;LOMBARDIA;LAZIO;248
2024/2025;LM-23;LOMBARDIA;REGIONE ESTERA;248
2024/2025;LM-50;TOSCANA;TOSCANA;248
2024/2025;LM-61;LOMBARDIA;LOMBARDIA;248
2024/2025;LM-41;TOSCANA;CALABRIA;247
2024/2025;LM-41;TOSCANA;CAMPANIA;247
2024/2025;LM-17;VENETO;VENETO;247
2024/2025;L-30;LIGURIA;LIGURIA;247
2024/2025;L-35;LIGURIA;LIGURIA;247
2024/2025;L-8;LOMBARDIA;PUGLIA;246
2024/2025;LM-14;CALABRIA;CALABRIA;246
2024/2025;LM-22;LOMBARDIA;LOMBARDIA;246
2023/2024;LM-82;LAZIO;LAZIO;246
2024/2025;L/SNT1;Provincia autonoma di BOLZANO;Provincia autonoma di BOLZANO;246
2023/2024;L-36;EMILIA ROMAGNA;LOMBARDIA;246
2023/2024;LM-23;SICILIA;SICILIA;246
2023/2024;L-9;EMILIA ROMAGNA;SICILIA;246
2023/2024;LM-42;PUGLIA;PUGLIA;246
2023/2024;LM-41;TOSCANA;VENETO;246
2023/2024;LM-4cu;UMBRIA;UMBRIA;246
2023/2024;LM-56;PUGLIA;PUGLIA;246
2023/2024;LM-57;CAMPANIA;CAMPANIA;246
2024/2025;LM-53;LOMBARDIA;LOMBARDIA;246
2024/2025;LM-61;CAMPANIA;CAMPANIA;245
2024/2025;LM-41;VENETO;LOMBARDIA;245
2024/2025;LM-9;SICILIA;SICILIA;245
2024/2025;LM-94;PUGLIA;PUGLIA;245
2023/2024;LM-53;LOMBARDIA;LOMBARDIA;245
2023/2024;LM-59;EMILIA ROMAGNA;EMILIA ROMAGNA;245
2023/2024;LM-17;VENETO;VENETO;245
2023/2024;L-13;SICILIA;CALABRIA;245
2024/2025;LM-13;LAZIO;REGIONE ESTERA;245
2024/2025;L-24;Provincia autonoma di TRENTO;VENETO;245
2024/2025;L-5;VENETO;LOMBARDIA;244
2023/2024;LM-77;LAZIO;ABRUZZO;244
2023/2024;L/SNT4;LOMBARDIA;LOMBARDIA;244
2023/2024;L/GASTR;EMILIA ROMAGNA;EMILIA ROMAGNA;244
2023/2024;L-36;LOMBARDIA;PIEMONTE;244
2023/2024;L-26;ABRUZZO;ABRUZZO;244
2023/2024;LM-17;CAMPANIA;CAMPANIA;244
2024/2025;LMG/01;FRIULI VENEZIA GIULIA;VENETO;244
2024/2025;LM-42;PUGLIA;PUGLIA;244
2024/2025;LM-85;SARDEGNA;SARDEGNA;243
2023/2024;LM-17;PIEMONTE;PIEMONTE;243
2023/2024;LM-32;CALABRIA;CALABRIA;243
2023/2024;LMG/01;CAMPANIA;BASILICATA;243
2024/2025;L-7;LIGURIA;LIGURIA;243
2024/2025;LM-17;PIEMONTE;PIEMONTE;243
2023/2024;L-8;Provincia autonoma di TRENTO;VENETO;242
2023/2024;LM-41;TOSCANA;SICILIA;242
2023/2024;L-4;LOMBARDIA;EMILIA ROMAGNA;242
2023/2024;L/SNT1;Provincia autonoma di BOLZANO;Provincia autonoma di BOLZANO;242
2024/2025;LMG/01;Provincia autonoma di TRENTO;SICILIA;242
2024/2025;LM-85;PIEMONTE;PIEMONTE;241
2023/2024;LM-23;LOMBARDIA;REGIONE ESTERA;241
2023/2024;LMG/01;FRIULI VENEZIA GIULIA;VENETO;241
2024/2025;L-18;TOSCANA;LIGURIA;241
2024/2025;L-19;FRIULI VENEZIA GIULIA;FRIULI VENEZIA GIULIA;240
2024/2025;L-2;MARCHE;MARCHE;240
2023/2024;LMG/01;Provincia autonoma di TRENTO;LOMBARDIA;240
2023/2024;L-8;LOMBARDIA;PIEMONTE;240
2023/2024;L-9;EMILIA ROMAGNA;TOSCANA;240
2023/2024;L/SNT4;PUGLIA;PUGLIA;240
2023/2024;L-23;LOMBARDIA;LOMBARDIA;240
2024/2025;LM-46;VENETO;VENETO;240
2024/2025;LM-67;TOSCANA;TOSCANA;239
2024/2025;LM-70;EMILIA ROMAGNA;EMILIA ROMAGNA;239
2024/2025;LM-Data;CAMPANIA;CAMPANIA;239
2023/2024;L-8;LOMBARDIA;TOSCANA;239
2023/2024;LM/SNT1;PIEMONTE;PIEMONTE;239
2023/2024;LM-1;LOMBARDIA;LOMBARDIA;239
2023/2024;LM-28;LOMBARDIA;REGIONE ESTERA;239
2024/2025;L/SNT4;TOSCANA;TOSCANA;239
2024/2025;LM-17;CAMPANIA;CAMPANIA;239
2024/2025;LM-1;LOMBARDIA;LOMBARDIA;238
2024/2025;L-29;VENETO;VENETO;238
2024/2025;L-19;VENETO;Provincia autonoma di TRENTO;238
2023/2024;LMG/01;Provincia autonoma di TRENTO;SICILIA;238
2023/2024;L-8;LOMBARDIA;SICILIA;238
2023/2024;L-7;LIGURIA;LIGURIA;238
2023/2024;L-22;UMBRIA;TOSCANA;238
2023/2024;L-3;CALABRIA;CALABRIA;238
2024/2025;LM-43;CAMPANIA;CAMPANIA;238
2024/2025;LM-46;PIEMONTE;PIEMONTE;237
2024/2025;LM-57;CAMPANIA;CAMPANIA;237
2024/2025;LMG/01;EMILIA ROMAGNA;CAMPANIA;237
2023/2024;L-11;MARCHE;EMILIA ROMAGNA;237
2023/2024;L-7;PUGLIA;PUGLIA;237
2023/2024;LM-16;LOMBARDIA;REGIONE ESTERA;237
2023/2024;LM-41;LAZIO;MARCHE;237
2024/2025;L-18;LOMBARDIA;ABRUZZO;237
2024/2025;L-9;EMILIA ROMAGNA;TOSCANA;237
2024/2025;LM-31;CALABRIA;CALABRIA;237
2024/2025;L-3;CALABRIA;CALABRIA;236
2024/2025;L-33;FRIULI VENEZIA GIULIA;VENETO;236
2024/2025;L-8;Provincia autonoma di TRENTO;VENETO;236
2023/2024;LM-61;LOMBARDIA;LOMBARDIA;236
2023/2024;LM-61;SICILIA;SICILIA;236
2023/2024;LM-21;TOSCANA;TOSCANA;236
2024/2025;LM-78;EMILIA ROMAGNA;EMILIA ROMAGNA;236
2024/2025;LM-50;LAZIO;LAZIO;236
2023/2024;LM-54;TOSCANA;TOSCANA;235
2023/2024;L-1;ABRUZZO;ABRUZZO;235
2023/2024;LMG/01;LOMBARDIA;LAZIO;235
2024/2025;L/SNT4;PUGLIA;PUGLIA;235
2024/2025;L/SNT4;LOMBARDIA;LOMBARDIA;235
2024/2025;LM-28;LOMBARDIA;REGIONE ESTERA;235
2024/2025;LM-14;ABRUZZO;ABRUZZO;235
2024/2025;LM-33;SICILIA;SICILIA;234
2024/2025;L-36;EMILIA ROMAGNA;LOMBARDIA;234
2023/2024;LM-9;PUGLIA;PUGLIA;234
2023/2024;LM-41;VENETO;REGIONE ESTERA;234
2023/2024;LM-1;PIEMONTE;PIEMONTE;234
2023/2024;L-9;VENETO;FRIULI VENEZIA GIULIA;234
2024/2025;LMG/01;CAMPANIA;BASILICATA;234
2024/2025;LM-91;LOMBARDIA;LOMBARDIA;234
2023/2024;LM-13;SICILIA;CALABRIA;233
2023/2024;L-2;FRIULI VENEZIA GIULIA;FRIULI VENEZIA GIULIA;233
2023/2024;L-29;MARCHE;MARCHE;233
2023/2024;L-42;EMILIA ROMAGNA;LOMBARDIA;233
2023/2024;LMG/01;EMILIA ROMAGNA;CAMPANIA;233
2023/2024;LM-92;VENETO;VENETO;233
2024/2025;L-5;CALABRIA;CALABRIA;232
2023/2024;L-18;TOSCANA;LIGURIA;232
2023/2024;LM-31;CALABRIA;CALABRIA;232
2023/2024;LM-41;MOLISE;CAMPANIA;232
2023/2024;LM-46;PIEMONTE;PIEMONTE;232
2024/2025;LM-41;LAZIO;VENETO;232
2024/2025;LM-54;SICILIA;SICILIA;232
2024/2025;LM-56;PUGLIA;PUGLIA;232
2024/2025;LM-63;PIEMONTE;PIEMONTE;231
2024/2025;LM-77;LAZIO;SICILIA;231
2023/2024;LM-41;TOSCANA;EMILIA ROMAGNA;231
2023/2024;LM-36;CAMPANIA;CAMPANIA;231
2024/2025;LM-13;BASILICATA;BASILICATA;231
2023/2024;LM-87;TOSCANA;TOSCANA;231
2023/2024;LM-77;UMBRIA;UMBRIA;231
2023/2024;LMG/01;Provincia autonoma di TRENTO;PUGLIA;230
2024/2025;LM-23;SICILIA;SICILIA;230
2023/2024;LM-52;PIEMONTE;PIEMONTE;230
2023/2024;L-19;MARCHE;EMILIA ROMAGNA;230
2023/2024;L-33;EMILIA ROMAGNA;REGIONE ESTERA;229
2023/2024;LM-41;TOSCANA;CALABRIA;229
2023/2024;L-9;LOMBARDIA;SICILIA;229
2024/2025;L-24;UMBRIA;LAZIO;229
2023/2024;LM-85;SARDEGNA;SARDEGNA;229
2024/2025;L-1;ABRUZZO;ABRUZZO;228
2024/2025;L-22;MOLISE;CAMPANIA;228
2024/2025;L-25;FRIULI VENEZIA GIULIA;FRIULI VENEZIA GIULIA;228
2024/2025;L-29;MARCHE;MARCHE;228
2024/2025;LM-35;LOMBARDIA;LOMBARDIA;228
2024/2025;LM-37;PUGLIA;PUGLIA;228
2023/2024;L-5;CALABRIA;CALABRIA;228
2023/2024;LM-14;CALABRIA;CALABRIA;228
2023/2024;LM-41;VENETO;Provincia autonoma di TRENTO;228
2023/2024;L-33;FRIULI VENEZIA GIULIA;VENETO;228
2023/2024;L-14;EMILIA ROMAGNA;VENETO;228
2024/2025;LM-41;VENETO;Provincia autonoma di TRENTO;228
2024/2025;LM-4;LAZIO;REGIONE ESTERA;227
2024/2025;LM-61;EMILIA ROMAGNA;EMILIA ROMAGNA;227
2024/2025;LM-77;LAZIO;ABRUZZO;227
2024/2025;LM-70;CAMPANIA;CAMPANIA;227
2024/2025;LM-78;PIEMONTE;PIEMONTE;227
2023/2024;L-39;SARDEGNA;SARDEGNA;227
2023/2024;L-36;VENETO;LOMBARDIA;227
2023/2024;L-3;FRIULI VENEZIA GIULIA;FRIULI VENEZIA GIULIA;227
2023/2024;LM-41;CALABRIA;CAMPANIA;227
2023/2024;LM-46;VENETO;VENETO;227
2024/2025;L-13;EMILIA ROMAGNA;LOMBARDIA;227
2023/2024;LM-85;PIEMONTE;PIEMONTE;227
2023/2024;LM-63;PIEMONTE;PIEMONTE;227
2024/2025;L-24;ABRUZZO;CAMPANIA;226
2024/2025;L-9;LAZIO;CAMPANIA;226
2024/2025;LM-19;EMILIA ROMAGNA;EMILIA ROMAGNA;226
2023/2024;L-9;LAZIO;REGIONE ESTERA;226
2023/2024;L-18;LOMBARDIA;MARCHE;226
2023/2024;L-16;FRIULI VENEZIA GIULIA;FRIULI VENEZIA GIULIA;226
2024/2025;LMG/01;LOMBARDIA;LAZIO;226
2024/2025;LM-63;LAZIO;LAZIO;226
2024/2025;LM-54;TOSCANA;TOSCANA;226
2024/2025;LM-51;UMBRIA;UMBRIA;226
2024/2025;LM-41;TOSCANA;VENETO;226
2024/2025;LM-41;EMILIA ROMAGNA;TOSCANA;226
2024/2025;LM-81;LAZIO;REGIONE ESTERA;225
2023/2024;L-2;MARCHE;MARCHE;225
2023/2024;L-33;LAZIO;CAMPANIA;225
2024/2025;LM-15;CAMPANIA;CAMPANIA;225
2024/2025;LM-21;PIEMONTE;PUGLIA;225
2024/2025;L-23;SICILIA;SICILIA;225
2024/2025;L-13;SICILIA;CALABRIA;225
2024/2025;L/SNT3;FRIULI VENEZIA GIULIA;FRIULI VENEZIA GIULIA;224
2024/2025;LM-29;EMILIA ROMAGNA;EMILIA ROMAGNA;224
2023/2024;L-9;BASILICATA;BASILICATA;224
2023/2024;LM-21;PUGLIA;PUGLIA;224
2023/2024;LM-19;EMILIA ROMAGNA;EMILIA ROMAGNA;224
2023/2024;LM-33;SICILIA;SICILIA;223
2023/2024;L/SNT3;MARCHE;MARCHE;223
2023/2024;L-1;UMBRIA;UMBRIA;223
2024/2025;L-34;EMILIA ROMAGNA;EMILIA ROMAGNA;223
2024/2025;L-8;Provincia autonoma di TRENTO;Provincia autonoma di TRENTO;223
2024/2025;L-14;EMILIA ROMAGNA;VENETO;223
2023/2024;LM-70;CAMPANIA;CAMPANIA;223
2023/2024;LM-90;LAZIO;LAZIO;223
2024/2025;LM-92;TOSCANA;TOSCANA;223
2024/2025;LM-66;LAZIO;LAZIO;223
2024/2025;LM-52;SICILIA;SICILIA;222
2024/2025;LM-41;EMILIA ROMAGNA;CALABRIA;222
2024/2025;LM-87;VENETO;VENETO;222
2023/2024;LM-63;CALABRIA;CALABRIA;222
2023/2024;LM-Data;LOMBARDIA;LOMBARDIA;221
2024/2025;LM-30;LOMBARDIA;REGIONE ESTERA;221
2023/2024;L-34;EMILIA ROMAGNA;EMILIA ROMAGNA;221
2024/2025;LM-53;PIEMONTE;PIEMONTE;221
2023/2024;L-18;FRIULI VENEZIA GIULIA;REGIONE ESTERA;220
2023/2024;LM-40;EMILIA ROMAGNA;EMILIA ROMAGNA;220
2023/2024;LM-15;CAMPANIA;CAMPANIA;220
2023/2024;LM-13;LAZIO;REGIONE ESTERA;220
2024/2025;L-24;MARCHE;EMILIA ROMAGNA;220
2024/2025;L-17;MARCHE;MARCHE;220
2024/2025;L-22;SICILIA;CALABRIA;220
2024/2025;L-8;LOMBARDIA;PIEMONTE;219
2024/2025;L-9;EMILIA ROMAGNA;SICILIA;219
2023/2024;L-9;PIEMONTE;CAMPANIA;219
2023/2024;LM-21;PIEMONTE;PUGLIA;219
2023/2024;LM-50;LAZIO;LAZIO;219
2023/2024;L/SNT4;TOSCANA;TOSCANA;219
2023/2024;L-29;VENETO;VENETO;219
2024/2025;LM-52;PIEMONTE;PIEMONTE;219
2024/2025;LMG/01;LAZIO;UMBRIA;219
2024/2025;LM-51;LAZIO;CAMPANIA;218
2023/2024;L-3;EMILIA ROMAGNA;LOMBARDIA;218
2023/2024;L-36;EMILIA ROMAGNA;VENETO;218
2023/2024;LM-41;LAZIO;EMILIA ROMAGNA;218
2023/2024;LM-32;LOMBARDIA;REGIONE ESTERA;218
2024/2025;L-1;UMBRIA;UMBRIA;218
2023/2024;LM-66;LAZIO;LAZIO;218
2023/2024;LM-9;SICILIA;SICILIA;217
2024/2025;L-3;LAZIO;CAMPANIA;217
2024/2025;L-33;Provincia autonoma di TRENTO;Provincia autonoma di TRENTO;217
2023/2024;LM-14;ABRUZZO;ABRUZZO;217
2023/2024;L-23;LAZIO;REGIONE ESTERA;217
2024/2025;LM-4cu;MARCHE;MARCHE;217
2024/2025;LM-41;TOSCANA;EMILIA ROMAGNA;217
2024/2025;LM-40;EMILIA ROMAGNA;EMILIA ROMAGNA;217
2024/2025;LM-59;SICILIA;SICILIA;216
2024/2025;LM-69;CAMPANIA;CAMPANIA;216
2023/2024;L-25;CALABRIA;CALABRIA;216
2023/2024;L-42;LAZIO;REGIONE ESTERA;216
2023/2024;L/SNT3;LAZIO;SICILIA;216
2023/2024;L/SNT1;ABRUZZO;PUGLIA;216
2023/2024;L-14;CALABRIA;CALABRIA;216
2023/2024;LM-23;LOMBARDIA;LOMBARDIA;216
2023/2024;LM-6;SARDEGNA;SARDEGNA;216
2024/2025;LM-29;SICILIA;SICILIA;216
2023/2024;LM-92;PIEMONTE;PIEMONTE;216
2024/2025;L-18;PUGLIA;BASILICATA;215
2024/2025;LM-23;TOSCANA;TOSCANA;215
2024/2025;LM-1;PIEMONTE;PIEMONTE;215
2024/2025;L-33;LAZIO;CAMPANIA;215
2024/2025;L-4;LOMBARDIA;EMILIA ROMAGNA;215
2023/2024;LM-50;EMILIA ROMAGNA;LOMBARDIA;215
2023/2024;LM-20;VENETO;VENETO;215
2023/2024;LM-23;TOSCANA;TOSCANA;214
2023/2024;LM-37;MARCHE;MARCHE;214
2023/2024;L-18;PIEMONTE;REGIONE ESTERA;214
2023/2024;LMG/01;PUGLIA;BASILICATA;214
2024/2025;LM-62;CAMPANIA;CAMPANIA;214
2024/2025;LM-59;TOSCANA;TOSCANA;214
2023/2024;LMG/01;LOMBARDIA;LIGURIA;213
2023/2024;LM-65;VENETO;VENETO;213
2023/2024;LM-68;PIEMONTE;PIEMONTE;213
2023/2024;LM-77;LOMBARDIA;TOSCANA;213
2024/2025;L-31;LOMBARDIA;PIEMONTE;213
2023/2024;L-3;SARDEGNA;SARDEGNA;213
2023/2024;LM-33;MARCHE;MARCHE;213
2023/2024;LM-44;PIEMONTE;PIEMONTE;213
2023/2024;LM-51;VENETO;REGIONE ESTERA;213
2023/2024;LM-29;SICILIA;SICILIA;213
2023/2024;LM-13;MARCHE;PUGLIA;213
2023/2024;LM-61;EMILIA ROMAGNA;EMILIA ROMAGNA;212
2023/2024;L-18;PUGLIA;BASILICATA;212
2024/2025;L-4;CALABRIA;CALABRIA;212
2023/2024;LM-78;EMILIA ROMAGNA;EMILIA ROMAGNA;212
2024/2025;L-20;LAZIO;CAMPANIA;212
2024/2025;LM-41;LAZIO;EMILIA ROMAGNA;212
2024/2025;L-36;ABRUZZO;ABRUZZO;211
2023/2024;L-24;UMBRIA;LAZIO;211
2023/2024;LM-50;LOMBARDIA;LOMBARDIA;211
2023/2024;LM-20;PIEMONTE;PUGLIA;211
2023/2024;LM-29;EMILIA ROMAGNA;EMILIA ROMAGNA;210
2023/2024;L-9;LOMBARDIA;TOSCANA;210
2023/2024;L-9;LAZIO;CAMPANIA;210
2023/2024;L-8;Provincia autonoma di TRENTO;Provincia autonoma di TRENTO;210
2023/2024;L-24;Provincia autonoma di TRENTO;VENETO;210
2023/2024;L-10;SICILIA;CALABRIA;210
2023/2024;L-17;MARCHE;MARCHE;210
2024/2025;L-31;FRIULI VENEZIA GIULIA;VENETO;210
2024/2025;L-17;LOMBARDIA;VENETO;210
2023/2024;LM-9;LOMBARDIA;REGIONE ESTERA;210
2024/2025;LM-41;EMILIA ROMAGNA;CAMPANIA;210
2024/2025;LM-Data;LOMBARDIA;REGIONE ESTERA;210
2024/2025;LM-92;PIEMONTE;PIEMONTE;210
2024/2025;LM-65;VENETO;VENETO;209
2023/2024;LM-85 bis;Provincia autonoma di BOLZANO;Provincia autonoma di TRENTO;209
2024/2025;L-30;CALABRIA;CALABRIA;209
2024/2025;L-26;ABRUZZO;ABRUZZO;209
2024/2025;L-9;EMILIA ROMAGNA;REGIONE ESTERA;209
2024/2025;L-9;LOMBARDIA;SICILIA;209
2023/2024;L-3;LAZIO;PUGLIA;209
2023/2024;L-38;FRIULI VENEZIA GIULIA;FRIULI VENEZIA GIULIA;209
2023/2024;L-42;CALABRIA;CALABRIA;208
2023/2024;L-36;ABRUZZO;ABRUZZO;208
2023/2024;L-24;MARCHE;EMILIA ROMAGNA;208
2023/2024;L-11;VENETO;FRIULI VENEZIA GIULIA;208
2023/2024;L/SNT1;LOMBARDIA;SICILIA;208
2023/2024;L-7;ABRUZZO;ABRUZZO;208
2023/2024;L-5;VENETO;LOMBARDIA;208
2023/2024;LM-12;LAZIO;LAZIO;208
2023/2024;LM-31;PIEMONTE;SICILIA;208
2023/2024;LM-35;LOMBARDIA;LOMBARDIA;208
2024/2025;L-9;LOMBARDIA;TOSCANA;208
2024/2025;LM-20;PIEMONTE;PUGLIA;208
2024/2025;LM-37;MARCHE;MARCHE;208
2024/2025;L-8;LOMBARDIA;SICILIA;208
2024/2025;L-5;ABRUZZO;ABRUZZO;208
2023/2024;LM-89;CAMPANIA;CAMPANIA;208
2024/2025;L-16;FRIULI VENEZIA GIULIA;FRIULI VENEZIA GIULIA;208
2024/2025;LMG/01;Provincia autonoma di TRENTO;PUGLIA;208
2024/2025;LM-77;LAZIO;CALABRIA;207
2024/2025;LM-76;LOMBARDIA;LOMBARDIA;207
2024/2025;L-24;LAZIO;CAMPANIA;207
2024/2025;L-42;EMILIA ROMAGNA;LOMBARDIA;207
2024/2025;LM-31;PIEMONTE;SICILIA;207
2024/2025;LM-25;CAMPANIA;CAMPANIA;207
2023/2024;LM-41;TOSCANA;CAMPANIA;207
2023/2024;LM-51;CALABRIA;CALABRIA;207
2023/2024;L-18;Provincia autonoma di BOLZANO;Provincia autonoma di BOLZANO;207
2023/2024;L-40;ABRUZZO;PUGLIA;207
2023/2024;L-24;LOMBARDIA;PIEMONTE;206
2023/2024;LM-59;SICILIA;SICILIA;206
2024/2025;L-42;CALABRIA;CALABRIA;206
2024/2025;L-8;EMILIA ROMAGNA;VENETO;206
2024/2025;L-17;LOMBARDIA;EMILIA ROMAGNA;206
2024/2025;LM-47;CAMPANIA;CAMPANIA;206
2024/2025;LM-69;PUGLIA;PUGLIA;205
2024/2025;LM-63;CALABRIA;CALABRIA;205
2024/2025;L-2;BASILICATA;BASILICATA;205
2024/2025;L-2;EMILIA ROMAGNA;PUGLIA;205
2024/2025;L-12;LOMBARDIA;PIEMONTE;205
2023/2024;LM-78;PIEMONTE;PIEMONTE;205
2023/2024;LM-67;ABRUZZO;ABRUZZO;205
2023/2024;LM-25;CAMPANIA;CAMPANIA;205
2023/2024;L-20;LAZIO;CAMPANIA;205
2023/2024;L-33;Provincia autonoma di TRENTO;Provincia autonoma di TRENTO;205
2023/2024;L-13;EMILIA ROMAGNA;LOMBARDIA;205
2023/2024;L-36;LAZIO;REGIONE ESTERA;204
2023/2024;L-31;VENETO;LOMBARDIA;204
2023/2024;L-4;CALABRIA;CALABRIA;204
2023/2024;L-24;VENETO;FRIULI VENEZIA GIULIA;204
2023/2024;L-8;EMILIA ROMAGNA;VENETO;204
2023/2024;L-9;PIEMONTE;ABRUZZO;204
2023/2024;LM-41;VENETO;LOMBARDIA;204
2023/2024;LM-41;ABRUZZO;MARCHE;204
2024/2025;LM-6;SARDEGNA;SARDEGNA;204
2024/2025;LM-41;EMILIA ROMAGNA;ABRUZZO;204
2024/2025;LM-39;SICILIA;SICILIA;204
2024/2025;LM-85 bis;Provincia autonoma di BOLZANO;Provincia autonoma di TRENTO;204
2024/2025;LM-41;MARCHE;EMILIA ROMAGNA;203
2023/2024;LM-54;PIEMONTE;PIEMONTE;203
2023/2024;L-2;BASILICATA;BASILICATA;203
2023/2024;LM-63;LAZIO;LAZIO;203
2024/2025;L-10;SICILIA;CALABRIA;203
2024/2025;L-18;LOMBARDIA;MARCHE;203
2024/2025;LM-14;UMBRIA;UMBRIA;203
2024/2025;LM-18;EMILIA ROMAGNA;EMILIA ROMAGNA;203
2024/2025;LM-23;LOMBARDIA;LOMBARDIA;202
2024/2025;L-36;EMILIA ROMAGNA;VENETO;202
2024/2025;L-39;SARDEGNA;SARDEGNA;202
2023/2024;L/GASTR;VENETO;VENETO;202
2023/2024;L-27;EMILIA ROMAGNA;VENETO;202
2023/2024;L-31;LOMBARDIA;PIEMONTE;202
2023/2024;LM-21;PIEMONTE;SICILIA;202
2024/2025;LM-56;SICILIA;SICILIA;202
2024/2025;LMG/01;LOMBARDIA;LIGURIA;201
2023/2024;LM-23;CALABRIA;CALABRIA;201
2023/2024;L-5;MARCHE;MARCHE;201
2023/2024;LM-56;SICILIA;SICILIA;201
2023/2024;L-17;LOMBARDIA;EMILIA ROMAGNA;201
2024/2025;L-24;Provincia autonoma di TRENTO;Provincia autonoma di TRENTO;201
2024/2025;L-3;SARDEGNA;SARDEGNA;201
2024/2025;L-3;EMILIA ROMAGNA;LOMBARDIA;201
2024/2025;LM-33;MARCHE;MARCHE;201
2023/2024;LM-61;PUGLIA;PUGLIA;201
2023/2024;LM-77;LOMBARDIA;LAZIO;201
2024/2025;L-19;MARCHE;EMILIA ROMAGNA;200
2024/2025;LM/SNT2;LAZIO;LAZIO;200
2023/2024;LM-30;LOMBARDIA;REGIONE ESTERA;200
2024/2025;LM-91;LAZIO;LAZIO;200
2024/2025;LM-68;PIEMONTE;PIEMONTE;200
2024/2025;LM-9;TOSCANA;TOSCANA;199
2023/2024;L-9;LOMBARDIA;ABRUZZO;199
2023/2024;L-9;EMILIA ROMAGNA;REGIONE ESTERA;199
2023/2024;LM-41;EMILIA ROMAGNA;TOSCANA;199
2023/2024;L-35;CALABRIA;CALABRIA;199
2024/2025;LM/SC-GIUR;LOMBARDIA;LOMBARDIA;199
2024/2025;LM-21;PIEMONTE;SICILIA;199
2024/2025;L-27;LIGURIA;LIGURIA;199
2024/2025;L-8;VENETO;REGIONE ESTERA;199
2024/2025;L-5;MARCHE;MARCHE;198
2024/2025;L-9;BASILICATA;BASILICATA;198
2024/2025;LM-17;EMILIA ROMAGNA;REGIONE ESTERA;198
2024/2025;L/SNT1;ABRUZZO;PUGLIA;198
2023/2024;LM-32;LIGURIA;LIGURIA;198
2024/2025;LM-41;LOMBARDIA;MARCHE;198
2024/2025;LM-41;LOMBARDIA;TOSCANA;198
2024/2025;LM-44;PIEMONTE;PIEMONTE;198
2024/2025;LM-4cu;Provincia autonoma di TRENTO;VENETO;198
2023/2024;LM-40;PIEMONTE;PIEMONTE;197
2023/2024;L-2;LIGURIA;LIGURIA;197
2024/2025;L-2;LIGURIA;LIGURIA;197
2023/2024;LM-76;LOMBARDIA;LOMBARDIA;197
2024/2025;LM-18;SICILIA;SICILIA;197
2024/2025;L-9;LOMBARDIA;ABRUZZO;197
2024/2025;LM-12;LAZIO;LAZIO;197
2024/2025;L-38;ABRUZZO;ABRUZZO;197
2024/2025;L-24;LOMBARDIA;PIEMONTE;196
2023/2024;L-34;TOSCANA;TOSCANA;196
2024/2025;LM-4;SARDEGNA;SARDEGNA;196
2024/2025;LMG/01;PUGLIA;BASILICATA;196
2023/2024;L-20;LOMBARDIA;SICILIA;195
2023/2024;LM-41;EMILIA ROMAGNA;CALABRIA;195
2023/2024;LM-41;LAZIO;PIEMONTE;195
2023/2024;LM-37;SARDEGNA;SARDEGNA;195
2023/2024;LM-54;CAMPANIA;CAMPANIA;195
2023/2024;LM-59;TOSCANA;TOSCANA;195
2024/2025;L-24;VENETO;FRIULI VENEZIA GIULIA;195
2024/2025;L-5;FRIULI VENEZIA GIULIA;FRIULI VENEZIA GIULIA;195
2024/2025;L-38;FRIULI VENEZIA GIULIA;FRIULI VENEZIA GIULIA;194
2023/2024;LMG/01;LAZIO;UMBRIA;194
2023/2024;LMG/01;LOMBARDIA;ABRUZZO;194
2024/2025;L-11;VENETO;FRIULI VENEZIA GIULIA;194
2023/2024;LM-23;VENETO;VENETO;194
2023/2024;LM-13;ABRUZZO;PUGLIA;194
2023/2024;L-23;SICILIA;SICILIA;194
2023/2024;L-37;EMILIA ROMAGNA;EMILIA ROMAGNA;194
2024/2025;LMG/01;TOSCANA;LIGURIA;194
2024/2025;LM-51;VENETO;REGIONE ESTERA;193
2023/2024;L/SNT3;FRIULI VENEZIA GIULIA;FRIULI VENEZIA GIULIA;193
2023/2024;LM-51;LAZIO;CAMPANIA;193
2023/2024;LM-49;LOMBARDIA;LOMBARDIA;193
2023/2024;LM-39;SICILIA;SICILIA;193
2023/2024;LM-41;LOMBARDIA;MARCHE;193
2024/2025;LM-38;LAZIO;LAZIO;193
2024/2025;LM-37;SARDEGNA;SARDEGNA;192
2024/2025;LM-36;CAMPANIA;CAMPANIA;192
2024/2025;L-9;PIEMONTE;ABRUZZO;192
2024/2025;L-7;ABRUZZO;ABRUZZO;192
2023/2024;LM-41;MARCHE;EMILIA ROMAGNA;192
2023/2024;L-10;EMILIA ROMAGNA;MARCHE;192
2023/2024;L-34;SICILIA;SICILIA;192
2024/2025;LM-41;MOLISE;MOLISE;192
2024/2025;LM-41;PUGLIA;REGIONE ESTERA;192
2024/2025;LM-65;LAZIO;REGIONE ESTERA;191
2024/2025;LM-6;LOMBARDIA;REGIONE ESTERA;191
2023/2024;L-27;LIGURIA;LIGURIA;191
2023/2024;L-30;CALABRIA;CALABRIA;191
2023/2024;LM-4cu;MARCHE;MARCHE;191
2023/2024;LM/SNT2;LAZIO;LAZIO;191
2023/2024;L-5;ABRUZZO;ABRUZZO;191
2024/2025;L-36;LAZIO;SICILIA;191
2024/2025;L-26;EMILIA ROMAGNA;LOMBARDIA;191
2024/2025;L-31;VENETO;LOMBARDIA;191
2024/2025;L-17;FRIULI VENEZIA GIULIA;FRIULI VENEZIA GIULIA;191
2024/2025;L-11;MARCHE;EMILIA ROMAGNA;190
2024/2025;L-12;FRIULI VENEZIA GIULIA;VENETO;190
2023/2024;LM-63;VENETO;VENETO;190
2024/2025;L-3;LAZIO;PUGLIA;190
2023/2024;LM-4cu;Provincia autonoma di TRENTO;VENETO;190
2023/2024;LM-4;LAZIO;REGIONE ESTERA;190
2023/2024;L-11;EMILIA ROMAGNA;LOMBARDIA;190
2024/2025;LM-67;ABRUZZO;ABRUZZO;190
2024/2025;LM-63;VENETO;VENETO;190
2024/2025;LM-41;ABRUZZO;MARCHE;190
2024/2025;LM-50;LOMBARDIA;LOMBARDIA;190
2024/2025;L-P01;LOMBARDIA;LOMBARDIA;190
2023/2024;L-10;EMILIA ROMAGNA;SICILIA;189
2023/2024;L-17;LOMBARDIA;VENETO;189
2023/2024;L-15;CALABRIA;CALABRIA;189
2023/2024;L-24;Provincia autonoma di TRENTO;Provincia autonoma di TRENTO;189
2023/2024;LM-4;SARDEGNA;SARDEGNA;189
2023/2024;LM-38;LAZIO;LAZIO;189
2023/2024;LM-51;UMBRIA;UMBRIA;189
2023/2024;L-8;EMILIA ROMAGNA;MARCHE;189
2023/2024;LM-18;EMILIA ROMAGNA;EMILIA ROMAGNA;189
2024/2025;L-25;CALABRIA;CALABRIA;189
2024/2025;L-9;PUGLIA;BASILICATA;189
2024/2025;LM-13;MARCHE;PUGLIA;189
2024/2025;LM-13;SICILIA;CALABRIA;189
2023/2024;LM-67;PIEMONTE;PIEMONTE;189
2023/2024;LM-91;VENETO;VENETO;189
2023/2024;LM-94;CAMPANIA;CAMPANIA;189
2024/2025;99999;ABRUZZO;ABRUZZO;188
2024/2025;L-16;LIGURIA;LIGURIA;188
2024/2025;LM-16;CAMPANIA;CAMPANIA;188
2024/2025;L-9;PIEMONTE;CAMPANIA;188
2023/2024;LM-24;LAZIO;LAZIO;188
2023/2024;LM-30;TOSCANA;TOSCANA;188
2023/2024;L-7;Provincia autonoma di TRENTO;VENETO;188
2023/2024;LM-56;CALABRIA;CALABRIA;188
2023/2024;L-38;ABRUZZO;ABRUZZO;188
2023/2024;L-17;FRIULI VENEZIA GIULIA;FRIULI VENEZIA GIULIA;188
2024/2025;LM-77;LOMBARDIA;TOSCANA;188
2024/2025;LM-4cu;Provincia autonoma di TRENTO;Provincia autonoma di TRENTO;188
2024/2025;LM-41;LOMBARDIA;LAZIO;187
2024/2025;LMG/01;LAZIO;BASILICATA;187
2023/2024;L-34;CAMPANIA;CAMPANIA;187
2023/2024;L-36;EMILIA ROMAGNA;MARCHE;187
2023/2024;LM-13;LOMBARDIA;PIEMONTE;187
2024/2025;L-9;PIEMONTE;LAZIO;187
2024/2025;LM-16;EMILIA ROMAGNA;EMILIA ROMAGNA;187
2023/2024;LM-87;PIEMONTE;PIEMONTE;187
2023/2024;LM-67;VENETO;VENETO;186
2024/2025;L-18;SICILIA;REGIONE ESTERA;186
2024/2025;LM-3;LOMBARDIA;REGIONE ESTERA;186
2024/2025;L-34;VENETO;VENETO;186
2024/2025;L-42;FRIULI VENEZIA GIULIA;FRIULI VENEZIA GIULIA;186
2023/2024;LM-17;SICILIA;SICILIA;186
2023/2024;LM-36;LAZIO;LAZIO;186
2023/2024;LM-41;MOLISE;MOLISE;186
2023/2024;L-22;LOMBARDIA;PIEMONTE;186
2023/2024;L-1;Provincia autonoma di TRENTO;Provincia autonoma di TRENTO;186
2023/2024;99999;PUGLIA;PUGLIA;186
2024/2025;LM-84;SARDEGNA;SARDEGNA;186
2024/2025;LM-74;LOMBARDIA;LOMBARDIA;185
2024/2025;LM-41;LAZIO;UMBRIA;185
2024/2025;LM-54;CAMPANIA;CAMPANIA;185
2023/2024;L-18;EMILIA ROMAGNA;ABRUZZO;185
2023/2024;L-27;CALABRIA;CALABRIA;185
2023/2024;L-36;Provincia autonoma di TRENTO;VENETO;185
2023/2024;L-40;CALABRIA;CALABRIA;185
2023/2024;L-42;EMILIA ROMAGNA;VENETO;185
2023/2024;LM-22;SICILIA;SICILIA;185
2023/2024;LM-25;TOSCANA;TOSCANA;185
2023/2024;LM-28;SICILIA;SICILIA;185
2024/2025;LM-20;LOMBARDIA;REGIONE ESTERA;185
2024/2025;L-22;LOMBARDIA;PIEMONTE;185
2023/2024;LM-69;CAMPANIA;CAMPANIA;185
2023/2024;LM-62;CAMPANIA;CAMPANIA;184
2023/2024;LM-9;TOSCANA;TOSCANA;184
2024/2025;L-22;MARCHE;EMILIA ROMAGNA;184
2024/2025;L-15;FRIULI VENEZIA GIULIA;FRIULI VENEZIA GIULIA;184
2024/2025;LM-24;LAZIO;LAZIO;184
2024/2025;L-9;LAZIO;ABRUZZO;184
2024/2025;L-8;EMILIA ROMAGNA;REGIONE ESTERA;184
2024/2025;L-31;LAZIO;REGIONE ESTERA;184
2024/2025;L-30;UMBRIA;UMBRIA;184
2023/2024;LM-20;LOMBARDIA;REGIONE ESTERA;184
2023/2024;L-9;PIEMONTE;CALABRIA;184
2023/2024;LM-39;VENETO;REGIONE ESTERA;184
2023/2024;L-20;LOMBARDIA;PUGLIA;184
2023/2024;L/SNT1;MOLISE;PUGLIA;184
2023/2024;L-12;FRIULI VENEZIA GIULIA;VENETO;183
2023/2024;LM-38;ABRUZZO;ABRUZZO;183
2023/2024;LM-33;PIEMONTE;PUGLIA;183
2023/2024;LM-13;MARCHE;LAZIO;183
2024/2025;L-34;TOSCANA;TOSCANA;183
2024/2025;L-9;PIEMONTE;SARDEGNA;183
2024/2025;LM-25;TOSCANA;TOSCANA;183
2023/2024;LM-85;LIGURIA;LIGURIA;183
2024/2025;LM-67;PIEMONTE;PIEMONTE;183
2024/2025;LM-62;PIEMONTE;PIEMONTE;183
2024/2025;LMG/01;LOMBARDIA;TOSCANA;183
2024/2025;LM-92;VENETO;VENETO;182
2024/2025;LM-83;CAMPANIA;CAMPANIA;182
2024/2025;LM-56;VENETO;REGIONE ESTERA;182
2024/2025;LM-41;MARCHE;REGIONE ESTERA;182
2024/2025;LM-41;CALABRIA;REGIONE ESTERA;182
2023/2024;LM-62;PIEMONTE;PIEMONTE;182
2024/2025;L-11;EMILIA ROMAGNA;LOMBARDIA;182
2024/2025;L/SNT4;VENETO;VENETO;182
2024/2025;LM-25;EMILIA ROMAGNA;EMILIA ROMAGNA;182
2024/2025;LM-29;LOMBARDIA;LOMBARDIA;182
2024/2025;LM-23;VENETO;VENETO;182
2024/2025;LM-23;LAZIO;REGIONE ESTERA;182
2024/2025;LM-22;LAZIO;LAZIO;182
2024/2025;LM-18;FRIULI VENEZIA GIULIA;FRIULI VENEZIA GIULIA;182
2023/2024;L-9;PIEMONTE;LAZIO;182
2023/2024;LM-22;LAZIO;LAZIO;182
2023/2024;LM-30;VENETO;VENETO;182
2023/2024;99999;SICILIA;CALABRIA;182
2023/2024;L-26;EMILIA ROMAGNA;LOMBARDIA;182
2023/2024;L-26;FRIULI VENEZIA GIULIA;FRIULI VENEZIA GIULIA;182
2023/2024;L-36;LAZIO;SICILIA;181
2023/2024;L-31;Provincia autonoma di TRENTO;Provincia autonoma di TRENTO;181
2023/2024;LM-14;UMBRIA;UMBRIA;181
2024/2025;L-35;CALABRIA;CALABRIA;181
2024/2025;L-33;TOSCANA;REGIONE ESTERA;181
2024/2025;L-31;Provincia autonoma di TRENTO;Provincia autonoma di TRENTO;181
2024/2025;L-7;Provincia autonoma di TRENTO;VENETO;181
2024/2025;L-10;EMILIA ROMAGNA;MARCHE;181
2024/2025;L/GASTR;EMILIA ROMAGNA;EMILIA ROMAGNA;181
2023/2024;LMG/01;LOMBARDIA;TOSCANA;181
2024/2025;LM-41;PUGLIA;BASILICATA;181
2024/2025;LM-41;LAZIO;PIEMONTE;181
2024/2025;LM-54;PIEMONTE;PIEMONTE;181
2024/2025;LM-67;VENETO;VENETO;181
2024/2025;LM-85;TOSCANA;TOSCANA;181
2024/2025;LM-39;VENETO;REGIONE ESTERA;180
2023/2024;LM-82;VENETO;VENETO;180
2024/2025;L-10;EMILIA ROMAGNA;LOMBARDIA;180
2024/2025;L/SNT3;LAZIO;SICILIA;180
2024/2025;L/SNT1;LOMBARDIA;SICILIA;180
2024/2025;LM-30;TOSCANA;TOSCANA;180
2023/2024;L-9;LAZIO;ABRUZZO;180
2023/2024;LM-51;LIGURIA;LIGURIA;179
2023/2024;L-30;UMBRIA;UMBRIA;179
2023/2024;L-22;MARCHE;EMILIA ROMAGNA;179
2023/2024;L-24;LAZIO;CAMPANIA;179
2023/2024;L-16;LIGURIA;LIGURIA;179
2024/2025;LM-16;VENETO;VENETO;179
2024/2025;L-9;PIEMONTE;CALABRIA;179
2024/2025;L-36;Provincia autonoma di TRENTO;VENETO;179
2024/2025;L/SNT3;EMILIA ROMAGNA;VENETO;179
2023/2024;LM-78;PUGLIA;PUGLIA;179
2023/2024;LM-77;EMILIA ROMAGNA;REGIONE ESTERA;179
2023/2024;LM-69;LOMBARDIA;LOMBARDIA;179
2023/2024;LMG/01;TOSCANA;LIGURIA;179
2024/2025;LM-50;EMILIA ROMAGNA;LOMBARDIA;179
2024/2025;LM-39;EMILIA ROMAGNA;EMILIA ROMAGNA;178
2024/2025;LM-41;Provincia autonoma di TRENTO;Provincia autonoma di TRENTO;178
2024/2025;LM-42;EMILIA ROMAGNA;LOMBARDIA;178
2023/2024;LM-87;CALABRIA;CALABRIA;178
2023/2024;LM-69;PUGLIA;PUGLIA;178
2024/2025;L/GASTR;VENETO;VENETO;178
2024/2025;L-9;LAZIO;PUGLIA;178
2024/2025;LM-22;SICILIA;SICILIA;178
2023/2024;99999;CALABRIA;CALABRIA;178
2023/2024;L-10;Provincia autonoma di TRENTO;Provincia autonoma di TRENTO;178
2023/2024;L-33;LOMBARDIA;PIEMONTE;178
2023/2024;LM-52;SICILIA;SICILIA;178
2023/2024;LM-15;LAZIO;LAZIO;178
2023/2024;LM-51;VENETO;TOSCANA;177
2023/2024;LM-4cu;Provincia autonoma di TRENTO;Provincia autonoma di TRENTO;177
2023/2024;LM-41;CAMPANIA;PUGLIA;177
2023/2024;L-10;TOSCANA;REGIONE ESTERA;177
2023/2024;L/SNT1;PIEMONTE;SICILIA;177
2024/2025;LM-30;VENETO;VENETO;177
2024/2025;LM-37;CALABRIA;CALABRIA;177
2024/2025;L-8;EMILIA ROMAGNA;MARCHE;177
2024/2025;LM-78;PUGLIA;PUGLIA;177
2024/2025;LM-55;LOMBARDIA;LOMBARDIA;176
2024/2025;L-40;CALABRIA;CALABRIA;176
2024/2025;LM-20;PIEMONTE;SICILIA;176
2024/2025;L-1;Provincia autonoma di TRENTO;Provincia autonoma di TRENTO;176
2024/2025;L-21;PIEMONTE;PIEMONTE;176
2024/2025;L-24;ABRUZZO;MARCHE;176
2023/2024;LM-68;LAZIO;LAZIO;176
2023/2024;LM-74;LOMBARDIA;LOMBARDIA;176
2023/2024;LMG/01;LAZIO;BASILICATA;176
2023/2024;L-33;LAZIO;ABRUZZO;176
2023/2024;LM-47;CAMPANIA;CAMPANIA;176
2023/2024;LM-28;LAZIO;LAZIO;176
2023/2024;L-9;PIEMONTE;SARDEGNA;176
2023/2024;L-5;FRIULI VENEZIA GIULIA;FRIULI VENEZIA GIULIA;176
2023/2024;L-9;Provincia autonoma di TRENTO;VENETO;176
2023/2024;LM-23;LAZIO;REGIONE ESTERA;175
2023/2024;LM-16;EMILIA ROMAGNA;EMILIA ROMAGNA;175
2023/2024;LM-48;PIEMONTE;PIEMONTE;175
2023/2024;L-42;FRIULI VENEZIA GIULIA;FRIULI VENEZIA GIULIA;175
2023/2024;L-1;PUGLIA;REGIONE ESTERA;175
2023/2024;L-15;FRIULI VENEZIA GIULIA;FRIULI VENEZIA GIULIA;175
2024/2025;L-15;TOSCANA;TOSCANA;175
2024/2025;L-10;Provincia autonoma di TRENTO;Provincia autonoma di TRENTO;175
2024/2025;LM-87;PIEMONTE;PIEMONTE;175
2024/2025;LM-52;LAZIO;REGIONE ESTERA;174
2024/2025;LM-51;SICILIA;CALABRIA;174
2023/2024;LM-84;SARDEGNA;SARDEGNA;174
2024/2025;LM-21;SICILIA;SICILIA;174
2023/2024;LM-47;LAZIO;LAZIO;174
2023/2024;LM-35;CAMPANIA;CAMPANIA;174
2023/2024;LM-18;FRIULI VENEZIA GIULIA;FRIULI VENEZIA GIULIA;174
2023/2024;LM-3;LOMBARDIA;REGIONE ESTERA;174
2023/2024;LM/SNT3;LAZIO;LAZIO;174
2023/2024;LM/SC-GIUR;LOMBARDIA;LOMBARDIA;173
2023/2024;LM-49;PUGLIA;PUGLIA;173
2023/2024;LM-53;PIEMONTE;PIEMONTE;173
2024/2025;LM-13;LOMBARDIA;PIEMONTE;173
2024/2025;L-36;EMILIA ROMAGNA;MARCHE;173
2024/2025;L-33;LAZIO;ABRUZZO;173
2023/2024;LM-81;LOMBARDIA;LOMBARDIA;173
2023/2024;LM-91;VENETO;REGIONE ESTERA;173
2023/2024;LMG/01;TOSCANA;SICILIA;173
2024/2025;L-20;LOMBARDIA;PUGLIA;173
2024/2025;LM-40;PIEMONTE;PIEMONTE;173
2024/2025;LM-88;LAZIO;LAZIO;173
2024/2025;LM-49;LOMBARDIA;LOMBARDIA;172
2024/2025;LM-46;SARDEGNA;SARDEGNA;172
2024/2025;LM-56;CALABRIA;CALABRIA;172
2024/2025;L-24;FRIULI VENEZIA GIULIA;VENETO;172
2024/2025;L-37;EMILIA ROMAGNA;EMILIA ROMAGNA;172
2024/2025;L-4;ABRUZZO;ABRUZZO;172
2024/2025;LM-27;PIEMONTE;PIEMONTE;172
2023/2024;L-7;MARCHE;MARCHE;172
2023/2024;LM-27;VENETO;VENETO;172
2023/2024;LM-15;SICILIA;SICILIA;172
2023/2024;L/SNT3;EMILIA ROMAGNA;VENETO;172
2023/2024;L-10;EMILIA ROMAGNA;LOMBARDIA;172
2023/2024;L/SNT1;LAZIO;CALABRIA;172
2023/2024;L-12;LIGURIA;LIGURIA;171
2023/2024;LM-27;PIEMONTE;PIEMONTE;171
2024/2025;LM-38;EMILIA ROMAGNA;EMILIA ROMAGNA;171
2024/2025;LM-17;SICILIA;SICILIA;171
2024/2025;L-26;FRIULI VENEZIA GIULIA;FRIULI VENEZIA GIULIA;171
2024/2025;L-18;EMILIA ROMAGNA;TOSCANA;171
2024/2025;L-1;PUGLIA;REGIONE ESTERA;171
2023/2024;LM-9;CALABRIA;CALABRIA;171
2023/2024;LM-77;LOMBARDIA;CALABRIA;171
2023/2024;LM-61;SARDEGNA;SARDEGNA;171
2024/2025;LM-52;PUGLIA;PUGLIA;171
2024/2025;LM-51;VENETO;TOSCANA;170
2024/2025;LM-48;PIEMONTE;PIEMONTE;170
2024/2025;LM-42;SARDEGNA;SARDEGNA;170
2024/2025;LM-81;LOMBARDIA;LOMBARDIA;170
2024/2025;LM-77;Provincia autonoma di TRENTO;Provincia autonoma di TRENTO;170
2024/2025;LMG/01;LOMBARDIA;ABRUZZO;170
2024/2025;LMG/01;LAZIO;TOSCANA;170
2023/2024;LM-85;TOSCANA;TOSCANA;170
2024/2025;L/DS;CAMPANIA;CAMPANIA;170
2024/2025;L-22;LAZIO;CAMPANIA;170
2024/2025;L-2;EMILIA ROMAGNA;LOMBARDIA;170
2024/2025;LM-33;PIEMONTE;PUGLIA;170
2023/2024;L-9;PUGLIA;BASILICATA;170
2023/2024;LM-56;VENETO;REGIONE ESTERA;170
2023/2024;LM-6;LOMBARDIA;REGIONE ESTERA;170
2023/2024;LM-40;TOSCANA;TOSCANA;170
2023/2024;LM-41;LOMBARDIA;LAZIO;170
2023/2024;L-18;EMILIA ROMAGNA;TOSCANA;170
2023/2024;L-18;VENETO;FRIULI VENEZIA GIULIA;170
2023/2024;LM-41;LOMBARDIA;TOSCANA;169
2023/2024;LM-41;PUGLIA;BASILICATA;169
2023/2024;LM-41;EMILIA ROMAGNA;CAMPANIA;169
2023/2024;LM-33;FRIULI VENEZIA GIULIA;FRIULI VENEZIA GIULIA;169
2023/2024;LM-24;PIEMONTE;PIEMONTE;169
2024/2025;LM-32;LIGURIA;LIGURIA;169
2024/2025;L-31;LOMBARDIA;REGIONE ESTERA;169
2024/2025;L-7;UMBRIA;UMBRIA;169
2024/2025;LM-9;CALABRIA;CALABRIA;169
2024/2025;LM-85;LIGURIA;LIGURIA;169
2024/2025;LM-85 bis;MARCHE;ABRUZZO;169
2024/2025;LM-41;CALABRIA;PUGLIA;169
2024/2025;LM-85 bis;VENETO;Provincia autonoma di TRENTO;168
2024/2025;LM-37;VENETO;REGIONE ESTERA;168
2024/2025;LM-23;CALABRIA;CALABRIA;168
2024/2025;LM-15;LAZIO;LAZIO;168
2023/2024;LM-18;SICILIA;SICILIA;168
2023/2024;L-9;LAZIO;PUGLIA;168
2023/2024;LM-33;LIGURIA;LIGURIA;168
2023/2024;LM-37;CALABRIA;CALABRIA;168
2023/2024;LM-41;PUGLIA;REGIONE ESTERA;168
2023/2024;L-10;EMILIA ROMAGNA;PUGLIA;168
2023/2024;L-40;UMBRIA;LAZIO;168
2023/2024;L-3;EMILIA ROMAGNA;VENETO;167
2023/2024;L/SNT1;SICILIA;CALABRIA;167
2024/2025;LM-2;SICILIA;SICILIA;167
2024/2025;LM-28;SICILIA;SICILIA;167
2024/2025;L-24;VALLE D'AOSTA;PIEMONTE;167
2024/2025;L-20;LOMBARDIA;SICILIA;167
2024/2025;L-18;EMILIA ROMAGNA;ABRUZZO;167
2024/2025;L-18;VENETO;FRIULI VENEZIA GIULIA;167
2024/2025;LM-41;EMILIA ROMAGNA;Provincia autonoma di TRENTO;167
2024/2025;LM-47;LAZIO;LAZIO;167
2024/2025;LM-49;PUGLIA;PUGLIA;167
2024/2025;LM-51;ABRUZZO;LAZIO;167
2024/2025;LM-54;EMILIA ROMAGNA;EMILIA ROMAGNA;167
2024/2025;LM-69;EMILIA ROMAGNA;EMILIA ROMAGNA;167
2024/2025;LM-41;PUGLIA;CAMPANIA;166
2024/2025;LM-40;SICILIA;SICILIA;166
2024/2025;LM-9;VENETO;REGIONE ESTERA;166
2023/2024;LM-85 bis;VENETO;Provincia autonoma di TRENTO;166
2023/2024;LM-81;LAZIO;REGIONE ESTERA;166
2024/2025;L-27;EMILIA ROMAGNA;VENETO;166
2024/2025;LM-16;TOSCANA;TOSCANA;166
2024/2025;L-9;VENETO;LOMBARDIA;166
2023/2024;L/SNT1;VENETO;Provincia autonoma di TRENTO;166
2023/2024;L-11;CAMPANIA;PUGLIA;166
2023/2024;L-13;MARCHE;EMILIA ROMAGNA;166
2023/2024;L-36;EMILIA ROMAGNA;PUGLIA;166
2023/2024;LM-42;EMILIA ROMAGNA;LOMBARDIA;166
2023/2024;LM-33;EMILIA ROMAGNA;PUGLIA;165
2023/2024;L-8;EMILIA ROMAGNA;PUGLIA;165
2023/2024;LM-16;CAMPANIA;CAMPANIA;165
2023/2024;LM-29;LOMBARDIA;LOMBARDIA;165
2023/2024;L-15;TOSCANA;TOSCANA;165
2023/2024;L-11;LAZIO;CAMPANIA;165
2024/2025;L-3;EMILIA ROMAGNA;VENETO;165
2024/2025;L-34;SICILIA;SICILIA;165
2023/2024;LM-87;ABRUZZO;ABRUZZO;165
2023/2024;LMG/01;TOSCANA;CALABRIA;165
2024/2025;L/SNT1;SICILIA;CALABRIA;165
2024/2025;LM-41;TOSCANA;LIGURIA;165
2024/2025;LM-41;UMBRIA;TOSCANA;164
2024/2025;LM-4cu;ABRUZZO;PUGLIA;164
2024/2025;LM-65;EMILIA ROMAGNA;REGIONE ESTERA;164
2024/2025;LM-61;SARDEGNA;SARDEGNA;164
2024/2025;LM-77;LOMBARDIA;CALABRIA;164
2024/2025;L-23;MARCHE;MARCHE;164
2023/2024;LM-92;TOSCANA;TOSCANA;164
2023/2024;LM-83;CAMPANIA;CAMPANIA;164
2024/2025;L-33;LOMBARDIA;PIEMONTE;164
2023/2024;L-10;LAZIO;CAMPANIA;164
2023/2024;L-22;LAZIO;CAMPANIA;164
2023/2024;LM-4;LIGURIA;LIGURIA;164
2023/2024;LM-41;UMBRIA;TOSCANA;164
2023/2024;LM-41;EMILIA ROMAGNA;Provincia autonoma di TRENTO;164
2023/2024;LM-52;LAZIO;REGIONE ESTERA;164
2023/2024;LM-51;SICILIA;CALABRIA;163
2023/2024;LM-59;PUGLIA;PUGLIA;163
2023/2024;LM-55;LOMBARDIA;LOMBARDIA;163
2023/2024;LM-41;LAZIO;UMBRIA;163
2023/2024;LM-24;CAMPANIA;CAMPANIA;163
2023/2024;LM-25;EMILIA ROMAGNA;EMILIA ROMAGNA;163
2023/2024;L-20;LAZIO;PUGLIA;163
2023/2024;L-4;ABRUZZO;ABRUZZO;163
2024/2025;LM-28;LOMBARDIA;LOMBARDIA;163
2024/2025;LM-28;LAZIO;LAZIO;163
2024/2025;LM-35;LAZIO;LAZIO;163
2023/2024;LM-69;EMILIA ROMAGNA;EMILIA ROMAGNA;163
2023/2024;LM-85 bis;MARCHE;ABRUZZO;163
2024/2025;LM-77;LOMBARDIA;LAZIO;163
2024/2025;LM-52;LIGURIA;LIGURIA;163
2024/2025;LM-41;ABRUZZO;CAMPANIA;163
2024/2025;LM-52;EMILIA ROMAGNA;EMILIA ROMAGNA;162
2024/2025;LM-87;CALABRIA;CALABRIA;162
2024/2025;LM-89;PUGLIA;PUGLIA;162
2023/2024;LMG/01;LAZIO;TOSCANA;162
2024/2025;99999;SICILIA;CALABRIA;162
2024/2025;L-10;LOMBARDIA;PIEMONTE;162
2024/2025;L-24;UMBRIA;CAMPANIA;162
2024/2025;L-8;EMILIA ROMAGNA;LOMBARDIA;162
2023/2024;L-40;UMBRIA;UMBRIA;162
2023/2024;L-34;VENETO;VENETO;162
2023/2024;L-33;EMILIA ROMAGNA;VENETO;162
2023/2024;L-20;LOMBARDIA;LIGURIA;162
2023/2024;L-22;VENETO;Provincia autonoma di TRENTO;162
2023/2024;L-1;CALABRIA;CALABRIA;162
2023/2024;L-13;MARCHE;PUGLIA;162
2023/2024;L-2;EMILIA ROMAGNA;LOMBARDIA;162
2023/2024;L-9;PIEMONTE;BASILICATA;162
2023/2024;LM-39;EMILIA ROMAGNA;EMILIA ROMAGNA;162
2023/2024;L-19;LOMBARDIA;PIEMONTE;161
2024/2025;LM-13;MARCHE;LAZIO;161
2024/2025;L-13;MARCHE;EMILIA ROMAGNA;161
2023/2024;LM-88;LAZIO;LAZIO;161
2023/2024;LM-65;TOSCANA;TOSCANA;161
2023/2024;LM-65;LOMBARDIA;LOMBARDIA;161
2024/2025;LMG/01;LAZIO;MARCHE;161
2024/2025;LM-51;VENETO;FRIULI VENEZIA GIULIA;161
2024/2025;LM-59;PUGLIA;PUGLIA;160
2024/2025;LM-65;LOMBARDIA;LOMBARDIA;160
2024/2025;LM-65;SICILIA;SICILIA;160
2024/2025;LM-50;PIEMONTE;PIEMONTE;160
2023/2024;LM-91;LOMBARDIA;REGIONE ESTERA;160
2024/2025;L-20;PIEMONTE;LIGURIA;160
2024/2025;LM-14;UMBRIA;REGIONE ESTERA;160
2024/2025;L-9;PIEMONTE;LOMBARDIA;160
2024/2025;L-33;MARCHE;REGIONE ESTERA;160
2024/2025;L-31;Provincia autonoma di BOLZANO;Provincia autonoma di BOLZANO;160
2023/2024;L-23;PIEMONTE;PIEMONTE;160
2023/2024;LM-35;LAZIO;LAZIO;160
2023/2024;LM-54;EMILIA ROMAGNA;EMILIA ROMAGNA;160
2023/2024;L-9;PIEMONTE;LOMBARDIA;160
2023/2024;L-8;EMILIA ROMAGNA;REGIONE ESTERA;160
2023/2024;LM-22;VENETO;VENETO;159
2023/2024;LM-4cu;ABRUZZO;PUGLIA;159
2023/2024;L-35;MARCHE;MARCHE;159
2023/2024;L-2;EMILIA ROMAGNA;SICILIA;159
2024/2025;L-40;ABRUZZO;PUGLIA;159
2024/2025;LM-15;SICILIA;SICILIA;159
2024/2025;LM-38;ABRUZZO;ABRUZZO;159
2024/2025;L-12;LIGURIA;LIGURIA;159
2024/2025;L-1;CALABRIA;CALABRIA;159
2024/2025;L/GASTR;CAMPANIA;CAMPANIA;159
2024/2025;LM-41;LOMBARDIA;ABRUZZO;159
2024/2025;LM-69;LOMBARDIA;LOMBARDIA;159
2024/2025;LM-94;CAMPANIA;CAMPANIA;159
2024/2025;LM-41;PIEMONTE;PUGLIA;158
2024/2025;LM-41;CAMPANIA;PUGLIA;158
2024/2025;LM-51;LIGURIA;LIGURIA;158
2024/2025;LM/DS;LIGURIA;REGIONE ESTERA;158
2024/2025;L-9;Provincia autonoma di TRENTO;VENETO;158
2024/2025;LM/SNT1;CALABRIA;CALABRIA;158
2024/2025;L-8;LAZIO;ABRUZZO;158
2023/2024;L/SNT4;CAMPANIA;CAMPANIA;158
2023/2024;L-10;LOMBARDIA;PIEMONTE;158
2023/2024;LM-4cu;BASILICATA;BASILICATA;158
2023/2024;LM-56;ABRUZZO;ABRUZZO;158
2023/2024;LM-6;CALABRIA;CALABRIA;158
2023/2024;LM-3;LAZIO;LAZIO;158
2023/2024;LM-16;VENETO;VENETO;158
2023/2024;L-9;LIGURIA;PIEMONTE;157
2023/2024;LM-41;EMILIA ROMAGNA;ABRUZZO;157
2023/2024;LM-42;SARDEGNA;SARDEGNA;157
2023/2024;L-24;ABRUZZO;MARCHE;157
2023/2024;L-29;PIEMONTE;PIEMONTE;157
2024/2025;L-42;EMILIA ROMAGNA;VENETO;157
2024/2025;L-34;CAMPANIA;CAMPANIA;157
2024/2025;LM/SC-GIUR;EMILIA ROMAGNA;REGIONE ESTERA;157
2024/2025;LM/SNT1;PUGLIA;PUGLIA;157
2024/2025;LM/SNT1;SARDEGNA;SARDEGNA;157
2023/2024;LMG/01;LOMBARDIA;MARCHE;157
2023/2024;LM-9;VENETO;REGIONE ESTERA;157
2023/2024;LM-65;LAZIO;REGIONE ESTERA;157
2024/2025;L/SNT2;Provincia autonoma di TRENTO;Provincia autonoma di TRENTO;157
2024/2025;L-23;PIEMONTE;PIEMONTE;157
2024/2025;L-18;LAZIO;UMBRIA;157
2024/2025;LM-41;UMBRIA;LAZIO;157
2024/2025;LM-56;ABRUZZO;ABRUZZO;157
2024/2025;LM-41;EMILIA ROMAGNA;PIEMONTE;156
2024/2025;LM-41;CALABRIA;SICILIA;156
2023/2024;LM-65;SICILIA;SICILIA;156
2023/2024;LM-77;Provincia autonoma di TRENTO;Provincia autonoma di TRENTO;156
2024/2025;LM-2;TOSCANA;TOSCANA;156
2023/2024;L-20;PIEMONTE;LIGURIA;156
2023/2024;L-18;VALLE D'AOSTA;VALLE D'AOSTA;156
2023/2024;L-18;EMILIA ROMAGNA;CALABRIA;155
2023/2024;L-21;PIEMONTE;PIEMONTE;155
2023/2024;L-3;LAZIO;SICILIA;155
2023/2024;L-35;FRIULI VENEZIA GIULIA;FRIULI VENEZIA GIULIA;155
2023/2024;L-32;MARCHE;MARCHE;155
2023/2024;L-32;CALABRIA;CALABRIA;155
2023/2024;LM-41;CAMPANIA;LAZIO;155
2023/2024;LM-52;EMILIA ROMAGNA;EMILIA ROMAGNA;155
2023/2024;L-8;LOMBARDIA;CAMPANIA;155
2024/2025;LM-36;LAZIO;LAZIO;155
2024/2025;LM-27;LOMBARDIA;REGIONE ESTERA;155
2024/2025;LM-20;TOSCANA;TOSCANA;155
2024/2025;L-3;LAZIO;SICILIA;155
2024/2025;L-8;VENETO;FRIULI VENEZIA GIULIA;155
2023/2024;LM-69;TOSCANA;TOSCANA;155
2023/2024;LM-89;PUGLIA;PUGLIA;155
2024/2025;L-18;VALLE D'AOSTA;VALLE D'AOSTA;155
2024/2025;L-14;UMBRIA;UMBRIA;155
2024/2025;L/SNT1;LAZIO;CALABRIA;155
2024/2025;L-14;ABRUZZO;CALABRIA;155
2024/2025;LM-4;PIEMONTE;REGIONE ESTERA;155
2024/2025;LM-41;PIEMONTE;SICILIA;155
2024/2025;LM-82;VENETO;VENETO;155
2024/2025;LM-Data;VENETO;VENETO;154
2024/2025;L-8;PUGLIA;BASILICATA;154
2024/2025;L-7;MARCHE;MARCHE;154
2024/2025;LM-22;LOMBARDIA;REGIONE ESTERA;154
2024/2025;LM-33;FRIULI VENEZIA GIULIA;FRIULI VENEZIA GIULIA;154
2024/2025;L-9;CAMPANIA;PUGLIA;154
2023/2024;L-8;FRIULI VENEZIA GIULIA;VENETO;154
2023/2024;LM-17;VENETO;REGIONE ESTERA;154
2023/2024;LM-21;SICILIA;SICILIA;154
2023/2024;LM-23;PUGLIA;PUGLIA;154
2023/2024;LM-27;VENETO;REGIONE ESTERA;154
2023/2024;LM-33;UMBRIA;UMBRIA;154
2023/2024;L-42;EMILIA ROMAGNA;MARCHE;154
2023/2024;L-12;LOMBARDIA;EMILIA ROMAGNA;154
2023/2024;L/SNT4;VENETO;VENETO;153
2023/2024;L-13;MOLISE;MOLISE;153
2023/2024;LM-38;EMILIA ROMAGNA;EMILIA ROMAGNA;153
2023/2024;LM-41;CALABRIA;PUGLIA;153
2023/2024;LM-50;PIEMONTE;PIEMONTE;153
2023/2024;LM-31;PIEMONTE;PUGLIA;153
2023/2024;LM-20;PIEMONTE;SICILIA;153
2023/2024;L-7;UMBRIA;UMBRIA;153
2024/2025;L-9;PIEMONTE;BASILICATA;153
2024/2025;LM-24;PIEMONTE;PIEMONTE;153
2024/2025;L-20;LAZIO;PUGLIA;153
2023/2024;LM-74;LAZIO;LAZIO;153
2024/2025;LMG/01;LOMBARDIA;REGIONE ESTERA;153
2024/2025;L-Sc.Mat.;LOMBARDIA;LOMBARDIA;153
2024/2025;LM-87;ABRUZZO;ABRUZZO;153
2024/2025;LM-40;TOSCANA;TOSCANA;153
2024/2025;LM-51;LOMBARDIA;PIEMONTE;153
2024/2025;LM-42;PIEMONTE;LOMBARDIA;153
2024/2025;LM-4cu;FRIULI VENEZIA GIULIA;FRIULI VENEZIA GIULIA;152
2024/2025;L-19;LOMBARDIA;PIEMONTE;152
2024/2025;L-23;ABRUZZO;ABRUZZO;152
2024/2025;LM-33;LIGURIA;LIGURIA;152
2024/2025;LM-33;PIEMONTE;SICILIA;152
2024/2025;L-38;EMILIA ROMAGNA;LOMBARDIA;152
2024/2025;L-36;EMILIA ROMAGNA;PUGLIA;152
2023/2024;LM-42;ABRUZZO;LAZIO;152
2023/2024;L-18;MARCHE;REGIONE ESTERA;152
2023/2024;L-18;LAZIO;UMBRIA;152
2023/2024;L-11;LOMBARDIA;PIEMONTE;152
2023/2024;L-42;EMILIA ROMAGNA;TOSCANA;152
2023/2024;L-31;EMILIA ROMAGNA;LOMBARDIA;152
2023/2024;L-28;CAMPANIA;CAMPANIA;152
2023/2024;L-26;SARDEGNA;SARDEGNA;152
2023/2024;L-24;FRIULI VENEZIA GIULIA;VENETO;152
2023/2024;L-11;EMILIA ROMAGNA;VENETO;151
2023/2024;L-14;UMBRIA;UMBRIA;151
2023/2024;LM-37;VENETO;REGIONE ESTERA;151
2023/2024;LM-4;PIEMONTE;REGIONE ESTERA;151
2023/2024;LM-33;PIEMONTE;SICILIA;151
2023/2024;L-7;BASILICATA;BASILICATA;151
2023/2024;LM-29;VENETO;VENETO;151
2024/2025;L-35;MARCHE;MARCHE;151
2024/2025;L-35;FRIULI VENEZIA GIULIA;FRIULI VENEZIA GIULIA;151
2024/2025;L-31;EMILIA ROMAGNA;VENETO;151
2024/2025;L-10;EMILIA ROMAGNA;SICILIA;151
2024/2025;LM-59;LAZIO;REGIONE ESTERA;151
2024/2025;LMG/01;LOMBARDIA;MARCHE;150
2024/2025;99999;PUGLIA;PUGLIA;150
2024/2025;L-27;CALABRIA;CALABRIA;150
2024/2025;LM-33;LAZIO;REGIONE ESTERA;150
2024/2025;L-9;LIGURIA;TOSCANA;150
2023/2024;LM-16;TOSCANA;TOSCANA;150
2023/2024;L-8;EMILIA ROMAGNA;LOMBARDIA;150
2023/2024;LM-40;VENETO;VENETO;150
2023/2024;L-11;LIGURIA;PIEMONTE;150
2023/2024;L-20;MARCHE;EMILIA ROMAGNA;150
2023/2024;L-4;MARCHE;MARCHE;150
2023/2024;L-39;EMILIA ROMAGNA;LOMBARDIA;149
2023/2024;LM-41;CALABRIA;REGIONE ESTERA;149
2023/2024;LM-45;LOMBARDIA;LOMBARDIA;149
2023/2024;LM-46;SARDEGNA;SARDEGNA;149
2023/2024;LM-54;VENETO;VENETO;149
2023/2024;LM-52;PUGLIA;PUGLIA;149
2023/2024;L-5;EMILIA ROMAGNA;LOMBARDIA;149
2023/2024;LM/SNT1;VENETO;VENETO;149
2023/2024;LM-13;FRIULI VENEZIA GIULIA;VENETO;149
2023/2024;LM-2;TOSCANA;TOSCANA;149
2023/2024;LM-28;LOMBARDIA;LOMBARDIA;149
2024/2025;L-36;VENETO;FRIULI VENEZIA GIULIA;149
2024/2025;L-8;FRIULI VENEZIA GIULIA;VENETO;149
2023/2024;LMG/01;LAZIO;MARCHE;149
2024/2025;L/SNT4;CAMPANIA;CAMPANIA;149
2024/2025;L-15;CALABRIA;CALABRIA;149
2024/2025;LM-6;LIGURIA;LIGURIA;149
2024/2025;LM-42;ABRUZZO;LAZIO;149
2024/2025;LM-41;CAMPANIA;LAZIO;148
2024/2025;LM-4;LIGURIA;LIGURIA;148
2024/2025;LM-46;LAZIO;CAMPANIA;148
2024/2025;LMG/01;TOSCANA;SICILIA;148
2024/2025;LM-69;TOSCANA;TOSCANA;148
2024/2025;L/SNT2;EMILIA ROMAGNA;VENETO;148
2024/2025;L-40;UMBRIA;UMBRIA;148
2024/2025;L-36;EMILIA ROMAGNA;TOSCANA;148
2024/2025;L-39;EMILIA ROMAGNA;LOMBARDIA;148
2024/2025;L-9;LIGURIA;PIEMONTE;148
2023/2024;LM-41;TOSCANA;LIGURIA;148
2023/2024;LM-41;PIEMONTE;PUGLIA;148
2023/2024;L-26;UMBRIA;UMBRIA;148
2023/2024;L/SNT1;EMILIA ROMAGNA;VENETO;147
2023/2024;L-1;MARCHE;MARCHE;147
2023/2024;L-12;LOMBARDIA;PUGLIA;147
2023/2024;L-18;TOSCANA;CALABRIA;147
2023/2024;L-18;SICILIA;CALABRIA;147
2023/2024;LM-51;ABRUZZO;LAZIO;147
2023/2024;LM-27;LOMBARDIA;REGIONE ESTERA;147
2024/2025;LM-29;VENETO;VENETO;147
2024/2025;L-38;SICILIA;SICILIA;147
2024/2025;L-5;EMILIA ROMAGNA;LOMBARDIA;147
2024/2025;L-24;UMBRIA;SICILIA;147
2024/2025;L-11;LAZIO;CAMPANIA;147
2023/2024;LM-94;PIEMONTE;PIEMONTE;147
2024/2025;LM-61;PUGLIA;PUGLIA;147
2024/2025;LM-68;LAZIO;LAZIO;147
2024/2025;LM-67;EMILIA ROMAGNA;VENETO;146
2024/2025;LM-46;ABRUZZO;ABRUZZO;146
2024/2025;LM-46;TOSCANA;REGIONE ESTERA;146
2024/2025;LM-77;LOMBARDIA;LIGURIA;146
2023/2024;LM-87;EMILIA ROMAGNA;EMILIA ROMAGNA;146
2023/2024;LM-82;EMILIA ROMAGNA;EMILIA ROMAGNA;146
2024/2025;L-10;LAZIO;CAMPANIA;146
2024/2025;L-18;VENETO;LOMBARDIA;146
2024/2025;L-40;UMBRIA;LAZIO;146
2024/2025;LM-29;TOSCANA;TOSCANA;146
2024/2025;LM-33;EMILIA ROMAGNA;REGIONE ESTERA;146
2024/2025;LM-33;UMBRIA;UMBRIA;146
2024/2025;LM-1;EMILIA ROMAGNA;EMILIA ROMAGNA;146
2023/2024;LM-13;MARCHE;REGIONE ESTERA;146
2023/2024;LM-46;ABRUZZO;ABRUZZO;146
2023/2024;LM-33;EMILIA ROMAGNA;SICILIA;146
2023/2024;L-11;LAZIO;UMBRIA;146
2023/2024;L-36;EMILIA ROMAGNA;TOSCANA;146
2023/2024;L-36;VENETO;FRIULI VENEZIA GIULIA;145
2023/2024;L-40;ABRUZZO;CAMPANIA;145
2023/2024;L-25;UMBRIA;UMBRIA;145
2023/2024;L-31;EMILIA ROMAGNA;VENETO;145
2023/2024;L-23;ABRUZZO;ABRUZZO;145
2023/2024;L-24;VALLE D'AOSTA;PIEMONTE;145
2023/2024;L-10;TOSCANA;SICILIA;145
2023/2024;L-10;EMILIA ROMAGNA;VENETO;145
2023/2024;L-12;TOSCANA;SICILIA;145
2023/2024;LM-35;LOMBARDIA;LOMBARDIA;145
2023/2024;LM-40;SICILIA;SICILIA;145
2023/2024;LM-46;TOSCANA;REGIONE ESTERA;145
2023/2024;LM-53;VENETO;VENETO;145
2023/2024;L-8;TOSCANA;SICILIA;145
2023/2024;LM-2;LOMBARDIA;LOMBARDIA;145
2023/2024;LM-2;SICILIA;SICILIA;145
2024/2025;LM/SNT3;LAZIO;LAZIO;145
2024/2025;LM-18;PUGLIA;PUGLIA;145
2024/2025;L-29;SARDEGNA;SARDEGNA;145
2024/2025;L/GASTR;SICILIA;SICILIA;145
2023/2024;LM-77;LOMBARDIA;ABRUZZO;145
2023/2024;LM-77;LOMBARDIA;LIGURIA;145
2024/2025;LM-49;LOMBARDIA;REGIONE ESTERA;145
2024/2025;LM-41;SICILIA;PUGLIA;145
2024/2025;LM-41;SICILIA;CAMPANIA;145
2024/2025;LM-65;PIEMONTE;PIEMONTE;145
2024/2025;LM-65;CAMPANIA;CAMPANIA;144
2024/2025;LM-60;LOMBARDIA;LOMBARDIA;144
2024/2025;LM-6;CALABRIA;CALABRIA;144
2024/2025;LM-41;UMBRIA;MARCHE;144
2024/2025;L/SNT1;EMILIA ROMAGNA;REGIONE ESTERA;144
2024/2025;L-13;MOLISE;MOLISE;144
2024/2025;L-18;MARCHE;EMILIA ROMAGNA;144
2024/2025;L-22;UMBRIA;MARCHE;144
2024/2025;L-5;LOMBARDIA;PIEMONTE;144
2024/2025;L-8;PIEMONTE;LIGURIA;144
2024/2025;LM-23;EMILIA ROMAGNA;REGIONE ESTERA;144
2023/2024;L-8;LOMBARDIA;ABRUZZO;144
2023/2024;LM/SNT1;CALABRIA;CALABRIA;144
2023/2024;LM-42;PIEMONTE;LOMBARDIA;144
2023/2024;L-23;MARCHE;MARCHE;144
2023/2024;L-4;LOMBARDIA;VENETO;144
2023/2024;L-22;ABRUZZO;PUGLIA;143
2023/2024;L/GASTR;CAMPANIA;CAMPANIA;143
2023/2024;L-11;Provincia autonoma di TRENTO;VENETO;143
2023/2024;L-8;LAZIO;ABRUZZO;143
2024/2025;LM-23;PUGLIA;PUGLIA;143
2024/2025;LM-22;VENETO;VENETO;143
2024/2025;LM-33;EMILIA ROMAGNA;PUGLIA;143
2024/2025;LM-17;VENETO;REGIONE ESTERA;143
2024/2025;LM-13;MARCHE;REGIONE ESTERA;143
2024/2025;LM-13;FRIULI VENEZIA GIULIA;VENETO;143
2024/2025;L-36;LAZIO;ABRUZZO;143
2024/2025;L-24;ABRUZZO;BASILICATA;143
2024/2025;L-10;TOSCANA;LIGURIA;143
2024/2025;L/SNT1;PIEMONTE;SICILIA;143
2023/2024;LMG/01;EMILIA ROMAGNA;LAZIO;143
2024/2025;LMG/01;EMILIA ROMAGNA;LAZIO;143
2024/2025;LMG/01;VENETO;LOMBARDIA;142
2024/2025;LM-75;LOMBARDIA;REGIONE ESTERA;142
2024/2025;LM-74;LAZIO;LAZIO;142
2024/2025;LM-4cu;BASILICATA;BASILICATA;142
2023/2024;LM-70;LOMBARDIA;LOMBARDIA;142
2024/2025;L-10;EMILIA ROMAGNA;VENETO;142
2024/2025;L-24;EMILIA ROMAGNA;LOMBARDIA;142
2024/2025;L-7;BASILICATA;BASILICATA;142
2024/2025;L-26;SARDEGNA;SARDEGNA;142
2024/2025;L-32;MARCHE;MARCHE;142
2024/2025;L-32;CALABRIA;CALABRIA;142
2023/2024;L-8;VENETO;FRIULI VENEZIA GIULIA;142
2023/2024;LM-42;ABRUZZO;ABRUZZO;142
2023/2024;L-11;VENETO;SICILIA;142
2023/2024;L-11;EMILIA ROMAGNA;SICILIA;142
2023/2024;L/SNT2;EMILIA ROMAGNA;VENETO;141
2023/2024;L-18;LOMBARDIA;SARDEGNA;141
2023/2024;L-33;Provincia autonoma di TRENTO;VENETO;141
2023/2024;LM-41;PIEMONTE;SICILIA;141
2023/2024;LM-33;EMILIA ROMAGNA;VENETO;141
2023/2024;LM-38;SARDEGNA;SARDEGNA;141
2023/2024;LM-56;SARDEGNA;SARDEGNA;141
2023/2024;LM-61;CALABRIA;CALABRIA;141
2023/2024;LM-4cu;FRIULI VENEZIA GIULIA;FRIULI VENEZIA GIULIA;141
2023/2024;LM-51;LAZIO;PUGLIA;141
2023/2024;L-8;PUGLIA;BASILICATA;141
2023/2024;L-9;LIGURIA;TOSCANA;141
2024/2025;L-33;EMILIA ROMAGNA;VENETO;141
2024/2025;L-42;EMILIA ROMAGNA;TOSCANA;141
2024/2025;L-36;LAZIO;TOSCANA;141
2024/2025;L-14;LOMBARDIA;PIEMONTE;141
2024/2025;L/SNT2;UMBRIA;UMBRIA;141
2024/2025;L-11;LOMBARDIA;PIEMONTE;141
2023/2024;LM-9;ABRUZZO;ABRUZZO;141
2024/2025;LM-70;LOMBARDIA;LOMBARDIA;141
2024/2025;LM-9;ABRUZZO;ABRUZZO;140
2024/2025;LM-82;EMILIA ROMAGNA;EMILIA ROMAGNA;140
2024/2025;LMG/01;TOSCANA;CALABRIA;140
2024/2025;LM-41;BASILICATA;BASILICATA;140
2024/2025;LM-63;SARDEGNA;SARDEGNA;140
2023/2024;LM-65;CAMPANIA;CAMPANIA;140
2024/2025;L/SNT4;ABRUZZO;ABRUZZO;140
2024/2025;L-26;UMBRIA;UMBRIA;140
2024/2025;L-29;MARCHE;EMILIA ROMAGNA;140
2024/2025;LM-1;LAZIO;LAZIO;140
2024/2025;LM-32;LOMBARDIA;EMILIA ROMAGNA;140
2024/2025;LM-25;LOMBARDIA;LOMBARDIA;140
2023/2024;L-5;LOMBARDIA;PIEMONTE;140
2023/2024;LM-28;VENETO;VENETO;140
2023/2024;LM-32;LOMBARDIA;EMILIA ROMAGNA;140
2023/2024;LM-52;LIGURIA;LIGURIA;140
2023/2024;L-36;LAZIO;ABRUZZO;140
2023/2024;L-39;UMBRIA;UMBRIA;140
2023/2024;L-28;PUGLIA;PUGLIA;140
2023/2024;L-27;FRIULI VENEZIA GIULIA;FRIULI VENEZIA GIULIA;140
2023/2024;L-14;ABRUZZO;CALABRIA;140
2023/2024;L-29;MARCHE;EMILIA ROMAGNA;139
2023/2024;L-9;LOMBARDIA;CAMPANIA;139
2023/2024;L-8;VENETO;REGIONE ESTERA;139
2023/2024;LM-1;EMILIA ROMAGNA;EMILIA ROMAGNA;139
2024/2025;LM-25;PUGLIA;PUGLIA;139
2024/2025;LM-3;LAZIO;LAZIO;139
2024/2025;LM-28;VENETO;VENETO;139
2024/2025;LM-35;CAMPANIA;CAMPANIA;139
2024/2025;L-9;LOMBARDIA;CAMPANIA;139
2024/2025;LM-18;VENETO;REGIONE ESTERA;139
2024/2025;L-31;PIEMONTE;LOMBARDIA;139
2024/2025;L-8;LAZIO;CAMPANIA;139
2024/2025;L-11;LAZIO;UMBRIA;139
2024/2025;L-16;LAZIO;REGIONE ESTERA;139
2023/2024;LMG/01;LOMBARDIA;REGIONE ESTERA;139
2023/2024;LM-94;LAZIO;LAZIO;139
2024/2025;LM-56;SARDEGNA;SARDEGNA;139
2024/2025;LM-4;VENETO;REGIONE ESTERA;139
2024/2025;LM-41;TOSCANA;REGIONE ESTERA;139
2024/2025;LMG/01;EMILIA ROMAGNA;REGIONE ESTERA;139
2024/2025;LM-85 bis;UMBRIA;TOSCANA;138
2024/2025;LM-61;CALABRIA;CALABRIA;138
2024/2025;L-18;SICILIA;CALABRIA;138
2024/2025;L/SNT1;MOLISE;PUGLIA;138
2024/2025;L-8;EMILIA ROMAGNA;PUGLIA;138
2024/2025;L-40;Provincia autonoma di TRENTO;Provincia autonoma di TRENTO;138
2023/2024;LM-18;LIGURIA;LIGURIA;138
2023/2024;L-20;LAZIO;ABRUZZO;138
2023/2024;L-24;ABRUZZO;BASILICATA;138
2023/2024;L-31;Provincia autonoma di BOLZANO;Provincia autonoma di BOLZANO;138
2023/2024;L-13;EMILIA ROMAGNA;PUGLIA;138
2023/2024;L/SNT2;UMBRIA;UMBRIA;137
2023/2024;L-31;TOSCANA;SICILIA;137
2023/2024;L-20;LOMBARDIA;TOSCANA;137
2023/2024;L-43;LOMBARDIA;LOMBARDIA;137
2023/2024;LM-41;Provincia autonoma di TRENTO;Provincia autonoma di TRENTO;137
2023/2024;LM-40;PUGLIA;PUGLIA;137
2024/2025;L-42;EMILIA ROMAGNA;MARCHE;137
2024/2025;L-35;SARDEGNA;SARDEGNA;137
2024/2025;L-29;PIEMONTE;PIEMONTE;137
2024/2025;LM-32;PIEMONTE;REGIONE ESTERA;137
2024/2025;L-21;TOSCANA;TOSCANA;137
2023/2024;LM-76;VENETO;VENETO;137
2024/2025;LM-68;PUGLIA;PUGLIA;137
2024/2025;LM-39;LOMBARDIA;LOMBARDIA;137
2024/2025;LM-88;PIEMONTE;PIEMONTE;137
2024/2025;LM-83;LAZIO;LAZIO;137
2024/2025;LM-85 bis;ABRUZZO;LAZIO;137
2023/2024;LM-63;SARDEGNA;SARDEGNA;136
2024/2025;L-20;LOMBARDIA;LIGURIA;136
2024/2025;L/SNT2;LOMBARDIA;PIEMONTE;136
2024/2025;L-11;EMILIA ROMAGNA;VENETO;136
2024/2025;LM-29;EMILIA ROMAGNA;REGIONE ESTERA;136
2024/2025;LM-15;PUGLIA;PUGLIA;136
2024/2025;LM/SNT1;VENETO;VENETO;136
2024/2025;L-33;VENETO;REGIONE ESTERA;136
2024/2025;L-33;LOMBARDIA;VENETO;136
2024/2025;L-36;LOMBARDIA;EMILIA ROMAGNA;136
2023/2024;LM-4cu;BASILICATA;PUGLIA;136
2023/2024;L-9;CAMPANIA;PUGLIA;136
2023/2024;LM-26;LOMBARDIA;LOMBARDIA;136
2023/2024;L-29;SARDEGNA;SARDEGNA;136
2023/2024;L-35;SARDEGNA;SARDEGNA;136
2023/2024;L/SNT2;LOMBARDIA;PIEMONTE;136
2023/2024;L-2;MARCHE;REGIONE ESTERA;136
2023/2024;L-11;EMILIA ROMAGNA;PUGLIA;135
2023/2024;L-38;SICILIA;SICILIA;135
2023/2024;L-41;SICILIA;SICILIA;135
2023/2024;L-3;EMILIA ROMAGNA;TOSCANA;135
2023/2024;L-20;LAZIO;CALABRIA;135
2023/2024;L-22;EMILIA ROMAGNA;LOMBARDIA;135
2023/2024;L-21;TOSCANA;TOSCANA;135
2023/2024;LM-20;TOSCANA;TOSCANA;135
2023/2024;L-9;EMILIA ROMAGNA;CALABRIA;135
2023/2024;LM-1;LAZIO;LAZIO;135
2023/2024;LM-51;LOMBARDIA;PIEMONTE;135
2023/2024;LM-51;MARCHE;MARCHE;135
2023/2024;LM-4;VENETO;REGIONE ESTERA;135
2024/2025;LM-17;PUGLIA;PUGLIA;135
2024/2025;LM-32;MARCHE;MARCHE;135
2024/2025;L-11;CAMPANIA;PUGLIA;135
2024/2025;L-10;EMILIA ROMAGNA;PUGLIA;135
2023/2024;LM-67;UMBRIA;UMBRIA;135
2023/2024;LM-67;EMILIA ROMAGNA;VENETO;135
2023/2024;LMG/01;EMILIA ROMAGNA;REGIONE ESTERA;135
2024/2025;LM-87;EMILIA ROMAGNA;EMILIA ROMAGNA;135
2024/2025;LM-87;SARDEGNA;SARDEGNA;135
2024/2025;LM-70;SICILIA;SICILIA;135
2024/2025;LM-73;VENETO;VENETO;135
2024/2025;LM-77;EMILIA ROMAGNA;MARCHE;135
2024/2025;LM-94;PIEMONTE;PIEMONTE;135
2024/2025;LM-91;VENETO;VENETO;135
2024/2025;LM-41;VENETO;PUGLIA;135
2024/2025;LM-45;LOMBARDIA;LOMBARDIA;135
2024/2025;LM-60;PIEMONTE;PIEMONTE;135
2024/2025;LM-54;VENETO;VENETO;135
2024/2025;LM-88;EMILIA ROMAGNA;EMILIA ROMAGNA;134
2023/2024;LM-88;PIEMONTE;PIEMONTE;134
2023/2024;LM-87;SARDEGNA;SARDEGNA;134
2023/2024;LM-65;PIEMONTE;PIEMONTE;134
2024/2025;L-20;LAZIO;CALABRIA;134
2024/2025;L-24;LAZIO;PUGLIA;134
2024/2025;L-24;LOMBARDIA;REGIONE ESTERA;134
2023/2024;L-8;EMILIA ROMAGNA;ABRUZZO;134
2023/2024;L/SNT1;TOSCANA;SICILIA;134
2023/2024;L-18;TOSCANA;PUGLIA;134
2023/2024;L-17;PIEMONTE;REGIONE ESTERA;133
2023/2024;L-11;LAZIO;CALABRIA;133
2023/2024;L/SNT2;Provincia autonoma di TRENTO;Provincia autonoma di TRENTO;133
2023/2024;L/SNT2;LAZIO;SICILIA;133
2023/2024;L-25;BASILICATA;BASILICATA;133
2023/2024;L-29;EMILIA ROMAGNA;EMILIA ROMAGNA;133
2023/2024;L-36;EMILIA ROMAGNA;SICILIA;133
2023/2024;LM-25;LOMBARDIA;LOMBARDIA;133
2023/2024;LM-23;SARDEGNA;SARDEGNA;133
2023/2024;LM-22;LOMBARDIA;REGIONE ESTERA;133
2023/2024;LM-38;VENETO;LOMBARDIA;133
2023/2024;LM-51;LAZIO;CALABRIA;133
2023/2024;LM-50;VENETO;VENETO;133
2024/2025;L-30;MARCHE;MARCHE;133
2024/2025;L-8;LOMBARDIA;CAMPANIA;133
2024/2025;LM-27;VENETO;VENETO;133
2024/2025;L-20;LAZIO;ABRUZZO;133
2024/2025;L/SNT1;EMILIA ROMAGNA;VENETO;133
2024/2025;L-11;Provincia autonoma di TRENTO;VENETO;133
2023/2024;LM-70;PUGLIA;PUGLIA;133
2023/2024;LM-71;LAZIO;LAZIO;133
2023/2024;LM-75;LOMBARDIA;REGIONE ESTERA;133
2023/2024;LM-Data;CAMPANIA;CAMPANIA;133
2024/2025;LM-69;VENETO;VENETO;133
2024/2025;LM-77;SICILIA;REGIONE ESTERA;133
2024/2025;LM-42;EMILIA ROMAGNA;VENETO;133
2024/2025;LM-41;TOSCANA;PIEMONTE;133
2024/2025;LM-41;SARDEGNA;LOMBARDIA;133
2024/2025;LM-51;MARCHE;MARCHE;132
2023/2024;LMG/01;VENETO;LOMBARDIA;132
2023/2024;LM-85 bis;ABRUZZO;LAZIO;132
2023/2024;LM-70;LAZIO;LAZIO;132
2024/2025;L-10;TOSCANA;SICILIA;132
2024/2025;L/SNT1;LAZIO;REGIONE ESTERA;132
2024/2025;L-1;MARCHE;MARCHE;132
2024/2025;L-24;LAZIO;CALABRIA;132
2024/2025;L-18;PIEMONTE;SICILIA;132
2024/2025;LM-2;LOMBARDIA;LOMBARDIA;132
2024/2025;L-4;MARCHE;MARCHE;132
2024/2025;L-24;UMBRIA;PUGLIA;132
2024/2025;L-25;UMBRIA;UMBRIA;132
2023/2024;LM-41;LOMBARDIA;ABRUZZO;132
2023/2024;LM-29;TOSCANA;TOSCANA;132
2023/2024;L-8;PIEMONTE;LIGURIA;132
2023/2024;L-33;LOMBARDIA;VENETO;132
2023/2024;L-39;FRIULI VENEZIA GIULIA;FRIULI VENEZIA GIULIA;132
2023/2024;L/SNT3;LAZIO;CAMPANIA;132
2023/2024;L-1;LOMBARDIA;PIEMONTE;132
2023/2024;L-19;FRIULI VENEZIA GIULIA;FRIULI VENEZIA GIULIA;132
2023/2024;L-18;MARCHE;EMILIA ROMAGNA;131
2023/2024;L-11;SICILIA;CALABRIA;131
2023/2024;L-31;LAZIO;REGIONE ESTERA;131
2023/2024;L-8;LAZIO;CAMPANIA;131
2023/2024;L-9;TOSCANA;SICILIA;131
2023/2024;LM-13;EMILIA ROMAGNA;SICILIA;131
2023/2024;LM-15;PUGLIA;PUGLIA;131
2023/2024;LM-41;MOLISE;PUGLIA;131
2023/2024;LM-41;CAMPANIA;BASILICATA;131
2023/2024;LM-41;UMBRIA;MARCHE;131
2023/2024;LM-33;LAZIO;REGIONE ESTERA;131
2024/2025;L-35;LOMBARDIA;REGIONE ESTERA;131
2024/2025;LM-27;EMILIA ROMAGNA;REGIONE ESTERA;131
2024/2025;LM-24;CAMPANIA;CAMPANIA;131
2024/2025;L-18;MARCHE;ABRUZZO;131
2024/2025;L-20;VENETO;LOMBARDIA;131
2023/2024;LM-70;SICILIA;SICILIA;131
2023/2024;LM-63;PUGLIA;PUGLIA;131
2023/2024;LM-63;FRIULI VENEZIA GIULIA;FRIULI VENEZIA GIULIA;131
2024/2025;LM-4cu;BASILICATA;PUGLIA;131
2024/2025;LM-59;LOMBARDIA;REGIONE ESTERA;131
2024/2025;LM-88;PUGLIA;PUGLIA;131
2024/2025;LM-94;SARDEGNA;SARDEGNA;131
2024/2025;LM-71;CAMPANIA;CAMPANIA;130
2024/2025;LM-76;VENETO;VENETO;130
2024/2025;LM-52;SARDEGNA;SARDEGNA;130
2024/2025;LM-49;VENETO;VENETO;130
2024/2025;LM-51;LAZIO;PUGLIA;130
2024/2025;LM-42;ABRUZZO;ABRUZZO;130
2024/2025;LM-38;VENETO;LOMBARDIA;130
2024/2025;LM-41;CAMPANIA;BASILICATA;130
2023/2024;LM-73;VENETO;VENETO;130
2023/2024;LM-77;LOMBARDIA;MARCHE;130
2023/2024;L-P01;LOMBARDIA;LOMBARDIA;130
2024/2025;99999;MARCHE;MARCHE;130
2024/2025;L-22;EMILIA ROMAGNA;LOMBARDIA;130
2024/2025;L/SNT1;VENETO;Provincia autonoma di TRENTO;130
2024/2025;L-10;PUGLIA;BASILICATA;130
2024/2025;L-11;LIGURIA;PIEMONTE;130
2024/2025;LM-22;PIEMONTE;PIEMONTE;130
2024/2025;LM-31;PIEMONTE;PUGLIA;130
2024/2025;LM/SNT1;MARCHE;MARCHE;130
2024/2025;L-31;EMILIA ROMAGNA;LOMBARDIA;130
2024/2025;L-31;TOSCANA;SICILIA;130
2024/2025;L-28;CAMPANIA;CAMPANIA;130
2024/2025;L-36;Provincia autonoma di TRENTO;Provincia autonoma di TRENTO;130
2023/2024;LM-32;MARCHE;MARCHE;130
2023/2024;LM-51;PIEMONTE;SICILIA;130
2023/2024;LM-6;MARCHE;REGIONE ESTERA;130
2023/2024;LM-17;EMILIA ROMAGNA;REGIONE ESTERA;130
2023/2024;LM-31;LIGURIA;LIGURIA;130
2023/2024;LM/SC-GIUR;EMILIA ROMAGNA;REGIONE ESTERA;130
2023/2024;L-21;SICILIA;SICILIA;130
2023/2024;L-38;EMILIA ROMAGNA;LOMBARDIA;130
2023/2024;L-32;EMILIA ROMAGNA;LOMBARDIA;130
2023/2024;99999;EMILIA ROMAGNA;LOMBARDIA;130
2023/2024;L-10;TOSCANA;LIGURIA;130
2023/2024;L-10;LAZIO;CALABRIA;130
2023/2024;L-18;LOMBARDIA;FRIULI VENEZIA GIULIA;130
2023/2024;L-18;ABRUZZO;PUGLIA;130
2023/2024;L-18;VENETO;LOMBARDIA;130
2023/2024;L-18;LOMBARDIA;BASILICATA;129
2023/2024;L-16;LAZIO;REGIONE ESTERA;129
2023/2024;L/GASTR;SICILIA;SICILIA;129
2023/2024;L-36;Provincia autonoma di TRENTO;Provincia autonoma di TRENTO;129
2023/2024;L-20;LAZIO;SICILIA;129
2023/2024;L-24;UMBRIA;SICILIA;129
2023/2024;L-9;VENETO;LOMBARDIA;129
2023/2024;LM-18;VENETO;REGIONE ESTERA;129
2023/2024;LM-59;LAZIO;REGIONE ESTERA;129
2023/2024;LM-51;VENETO;FRIULI VENEZIA GIULIA;129
2023/2024;LM-32;PIEMONTE;REGIONE ESTERA;129
2023/2024;LM-41;EMILIA ROMAGNA;PIEMONTE;129
2024/2025;L-39;FRIULI VENEZIA GIULIA;FRIULI VENEZIA GIULIA;129
2024/2025;L-8;VENETO;LOMBARDIA;129
2024/2025;L-33;Provincia autonoma di TRENTO;VENETO;129
2024/2025;LM-19;SARDEGNA;SARDEGNA;129
2024/2025;LM-31;LIGURIA;LIGURIA;129
2024/2025;LM-27;LAZIO;LAZIO;129
2024/2025;L-20;MARCHE;EMILIA ROMAGNA;129
2024/2025;L-18;EMILIA ROMAGNA;CALABRIA;129
2023/2024;LMG/01;SICILIA;CALABRIA;129
2024/2025;LM-41;VENETO;FRIULI VENEZIA GIULIA;129
2024/2025;LM-51;LAZIO;CALABRIA;129
2024/2025;LM-65;TOSCANA;TOSCANA;129
2024/2025;LM-51;LAZIO;REGIONE ESTERA;128
2024/2025;LM-38;SARDEGNA;SARDEGNA;128
2024/2025;LM-77;LAZIO;UMBRIA;128
2024/2025;LM-71;EMILIA ROMAGNA;EMILIA ROMAGNA;128
2024/2025;LM-85 bis;VALLE D'AOSTA;VALLE D'AOSTA;128
2024/2025;LM-91;PIEMONTE;PIEMONTE;128
2023/2024;LM-8;LAZIO;LAZIO;128
2023/2024;LM-71;EMILIA ROMAGNA;EMILIA ROMAGNA;128
2023/2024;LM-69;VENETO;VENETO;128
2024/2025;LM-29;LAZIO;REGIONE ESTERA;128
2024/2025;LM-33;EMILIA ROMAGNA;VENETO;128
2024/2025;L-31;TOSCANA;REGIONE ESTERA;128
2024/2025;L-8;LOMBARDIA;ABRUZZO;128
2023/2024;LM-41;MARCHE;REGIONE ESTERA;128
2023/2024;LM-41;CALABRIA;SICILIA;128
2023/2024;LM-27;LOMBARDIA;LOMBARDIA;128
2023/2024;L-9;LOMBARDIA;MARCHE;128
2023/2024;L-30;MARCHE;MARCHE;128
2023/2024;L-33;LAZIO;PUGLIA;128
2023/2024;L-33;LAZIO;SICILIA;128
2023/2024;L/SNT1;VENETO;SICILIA;128
2023/2024;L-11;CAMPANIA;CALABRIA;128
2023/2024;L-11;EMILIA ROMAGNA;TOSCANA;128
2023/2024;L-10;LAZIO;ABRUZZO;127
2023/2024;L-18;LOMBARDIA;Provincia autonoma di TRENTO;127
2023/2024;L-18;PIEMONTE;SICILIA;127
2023/2024;L-19;MARCHE;ABRUZZO;127
2023/2024;L-31;LOMBARDIA;EMILIA ROMAGNA;127
2023/2024;L-31;LOMBARDIA;REGIONE ESTERA;127
2023/2024;L-3;EMILIA ROMAGNA;REGIONE ESTERA;127
2023/2024;L-25;FRIULI VENEZIA GIULIA;VENETO;127
2023/2024;L-8;PIEMONTE;SARDEGNA;127
2023/2024;LM/SNT3;SICILIA;SICILIA;127
2023/2024;LM-25;SICILIA;SICILIA;127
2023/2024;LM-41;SICILIA;PUGLIA;127
2023/2024;LM-60;LOMBARDIA;LOMBARDIA;127
2024/2025;L-40;ABRUZZO;CAMPANIA;127
2024/2025;LM-25;SICILIA;SICILIA;127
2024/2025;LM-18;LIGURIA;LIGURIA;127
2023/2024;LM-85 bis;VALLE D'AOSTA;VALLE D'AOSTA;127
2024/2025;L-15;EMILIA ROMAGNA;EMILIA ROMAGNA;127
2024/2025;LM-8;TOSCANA;TOSCANA;127
2024/2025;LM-8;LAZIO;LAZIO;126
2024/2025;LMG/01;TOSCANA;REGIONE ESTERA;126
2024/2025;LM-51;PIEMONTE;SICILIA;126
2024/2025;LM-59;LOMBARDIA;PIEMONTE;126
2024/2025;L-22;VENETO;Provincia autonoma di TRENTO;126
2023/2024;LM-65;SARDEGNA;SARDEGNA;126
2023/2024;LM-77;LAZIO;UMBRIA;126
2024/2025;L-9;EMILIA ROMAGNA;CALABRIA;126
2024/2025;L-32;EMILIA ROMAGNA;LOMBARDIA;126
2023/2024;LM-4cu;EMILIA ROMAGNA;MARCHE;126
2023/2024;L-22;EMILIA ROMAGNA;SICILIA;126
2023/2024;L-12;PIEMONTE;REGIONE ESTERA;126
2023/2024;L-12;PIEMONTE;SICILIA;126
2023/2024;L-14;LOMBARDIA;PIEMONTE;125
2023/2024;L-19;VENETO;LOMBARDIA;125
2023/2024;L-20;VENETO;LOMBARDIA;125
2023/2024;L-36;LOMBARDIA;EMILIA ROMAGNA;125
2023/2024;LM-49;VENETO;VENETO;125
2023/2024;LM-25;PUGLIA;PUGLIA;125
2024/2025;L-3;EMILIA ROMAGNA;TOSCANA;125
2024/2025;LM/SC-GIUR;PUGLIA;PUGLIA;125
2024/2025;LM-14;LIGURIA;LIGURIA;125
2024/2025;LM-23;LOMBARDIA;LOMBARDIA;125
2023/2024;LMG/01;CAMPANIA;LAZIO;125
2024/2025;L-19;VENETO;LOMBARDIA;125
2024/2025;LM-53;VENETO;VENETO;125
2024/2025;LM-63;PUGLIA;PUGLIA;125
2024/2025;LM-4;EMILIA ROMAGNA;REGIONE ESTERA;125
2024/2025;LM-40;VENETO;VENETO;125
2024/2025;LM-42;UMBRIA;LAZIO;125
2024/2025;LM-77;LAZIO;MARCHE;125
2024/2025;LM-89;PIEMONTE;PIEMONTE;124
2024/2025;LM-50;VENETO;VENETO;124
2024/2025;LM-5;LAZIO;LAZIO;124
2024/2025;LM-41;TOSCANA;LAZIO;124
2024/2025;LM-65;EMILIA ROMAGNA;EMILIA ROMAGNA;124
2024/2025;LM-68;LAZIO;REGIONE ESTERA;124
2024/2025;L-20;LAZIO;SICILIA;124
2024/2025;L-18;LIGURIA;PIEMONTE;124
2023/2024;LMG/01;LOMBARDIA;SARDEGNA;124
2024/2025;L/DS;PIEMONTE;PIEMONTE;124
2023/2024;LM-77;TOSCANA;SICILIA;124
2023/2024;LM-8;VENETO;VENETO;124
2024/2025;LM-27;VENETO;REGIONE ESTERA;124
2024/2025;LM-3;LAZIO;REGIONE ESTERA;124
2024/2025;L-3;TOSCANA;REGIONE ESTERA;124
2024/2025;L-27;UMBRIA;UMBRIA;124
2023/2024;LM-27;LAZIO;LAZIO;124
2023/2024;LM-22;PIEMONTE;PIEMONTE;124
2023/2024;LM/SNT1;ABRUZZO;ABRUZZO;124
2023/2024;LM-41;PUGLIA;CAMPANIA;124
2023/2024;L-4;LOMBARDIA;PIEMONTE;124
2023/2024;L-24;ABRUZZO;MOLISE;124
2023/2024;L-3;EMILIA ROMAGNA;MARCHE;124
2023/2024;99999;EMILIA ROMAGNA;VENETO;124
2023/2024;L-10;EMILIA ROMAGNA;TOSCANA;124
2023/2024;L-18;PIEMONTE;LIGURIA;123
2023/2024;L-25;EMILIA ROMAGNA;LOMBARDIA;123
2023/2024;LM-4;LOMBARDIA;VENETO;123
2023/2024;LM-6;LOMBARDIA;PIEMONTE;123
2024/2025;L-3;EMILIA ROMAGNA;MARCHE;123
2024/2025;L-35;ABRUZZO;ABRUZZO;123
2024/2025;L-39;UMBRIA;UMBRIA;123
2024/2025;L-4;LOMBARDIA;VENETO;123
2024/2025;L-35;UMBRIA;UMBRIA;123
2024/2025;L-5;VENETO;FRIULI VENEZIA GIULIA;123
2024/2025;LM-23;SARDEGNA;SARDEGNA;123
2024/2025;LM-35;VENETO;VENETO;123
2024/2025;LM-18;MARCHE;MARCHE;123
2024/2025;L-9;TOSCANA;LIGURIA;123
2024/2025;L-9;EMILIA ROMAGNA;EMILIA ROMAGNA;123
2023/2024;LM-77;SICILIA;REGIONE ESTERA;123
2023/2024;LM-89;PIEMONTE;PIEMONTE;123
2024/2025;LM-4cu;CALABRIA;SICILIA;123
2024/2025;LM-88;VENETO;VENETO;123
2024/2025;LM-94;LAZIO;LAZIO;123
2024/2025;LM-93;EMILIA ROMAGNA;EMILIA ROMAGNA;123
2024/2025;LM-91;VENETO;REGIONE ESTERA;122
2024/2025;LMG/01;SICILIA;CALABRIA;122
2024/2025;LMG/01;EMILIA ROMAGNA;BASILICATA;122
2024/2025;LM-41;MOLISE;PUGLIA;122
2024/2025;LM-52;EMILIA ROMAGNA;REGIONE ESTERA;122
2023/2024;LMG/01;TOSCANA;PUGLIA;122
2023/2024;LMG/01;CAMPANIA;CALABRIA;122
2023/2024;LM-8;TOSCANA;TOSCANA;122
2024/2025;L-18;LOMBARDIA;Provincia autonoma di TRENTO;122
2024/2025;L-21;SICILIA;SICILIA;122
2024/2025;L/GASTR;LAZIO;LAZIO;122
2024/2025;L/SNT3;LAZIO;CAMPANIA;122
2024/2025;LM/SNT1;ABRUZZO;ABRUZZO;122
2024/2025;LM-30;CALABRIA;CALABRIA;122
2024/2025;LM-27;LOMBARDIA;LOMBARDIA;122
2024/2025;LM-26;LOMBARDIA;LOMBARDIA;122
2024/2025;L-43;LOMBARDIA;LOMBARDIA;122
2024/2025;L-4;LOMBARDIA;REGIONE ESTERA;122
2024/2025;L-33;LAZIO;SICILIA;122
2024/2025;L-27;FRIULI VENEZIA GIULIA;FRIULI VENEZIA GIULIA;122
2024/2025;L-27;MARCHE;MARCHE;122
2023/2024;LM-48;LOMBARDIA;REGIONE ESTERA;122
2023/2024;LM-41;TOSCANA;REGIONE ESTERA;122
2023/2024;LM-41;SICILIA;CAMPANIA;122
2023/2024;LM-41;SICILIA;LOMBARDIA;122
2023/2024;LM-29;LAZIO;REGIONE ESTERA;122
2023/2024;L-18;LAZIO;BASILICATA;122
2023/2024;L-15;EMILIA ROMAGNA;EMILIA ROMAGNA;122
2023/2024;L-12;LOMBARDIA;SICILIA;122
2023/2024;L/DS;PIEMONTE;PIEMONTE;121
2023/2024;L-24;VENETO;Provincia autonoma di TRENTO;121
2023/2024;L-22;UMBRIA;MARCHE;121
2023/2024;LM-15;LOMBARDIA;LOMBARDIA;121
2023/2024;LM/SC-GIUR;PUGLIA;PUGLIA;121
2023/2024;LM-42;UMBRIA;LAZIO;121
2023/2024;LM-49;LOMBARDIA;REGIONE ESTERA;121
2024/2025;L-5;UMBRIA;UMBRIA;121
2024/2025;L-8;EMILIA ROMAGNA;ABRUZZO;121
2024/2025;LM-21;LOMBARDIA;LOMBARDIA;121
2024/2025;LM-12;TOSCANA;TOSCANA;121
2024/2025;L-1;LOMBARDIA;PIEMONTE;121
2024/2025;L-18;LOMBARDIA;SARDEGNA;121
2024/2025;L-17;PIEMONTE;REGIONE ESTERA;121
2023/2024;LM-84;LIGURIA;LIGURIA;121
2023/2024;LM-77;LAZIO;TOSCANA;121
2023/2024;LMG/01;TOSCANA;LAZIO;121
2024/2025;LM-41;SICILIA;LOMBARDIA;121
2024/2025;LMG/01;TOSCANA;LAZIO;121
2024/2025;LM-77;LOMBARDIA;ABRUZZO;121
2024/2025;LM-70;VENETO;VENETO;120
2024/2025;LM-89;MARCHE;MARCHE;120
2024/2025;LM-84;FRIULI VENEZIA GIULIA;FRIULI VENEZIA GIULIA;120
2024/2025;LM-91;LOMBARDIA;REGIONE ESTERA;120
2024/2025;LM-39;TOSCANA;REGIONE ESTERA;120
2024/2025;LM-51;VENETO;PUGLIA;120
2023/2024;LM-88;EMILIA ROMAGNA;EMILIA ROMAGNA;120
2023/2024;LM-75;CAMPANIA;CAMPANIA;120
2023/2024;LM-70;VENETO;VENETO;120
2023/2024;LM-69;LAZIO;LAZIO;120
2024/2025;L-22;ABRUZZO;PUGLIA;120
2024/2025;L-11;LAZIO;CALABRIA;120
2024/2025;L-8;TOSCANA;SICILIA;120
2024/2025;L-3;EMILIA ROMAGNA;REGIONE ESTERA;120
2024/2025;L-25;BASILICATA;BASILICATA;120
2024/2025;L-33;LAZIO;PUGLIA;120
2023/2024;LM-51;VENETO;SICILIA;120
2023/2024;LM/DS;LIGURIA;REGIONE ESTERA;120
2023/2024;LM-21;LOMBARDIA;LOMBARDIA;120
2023/2024;L-11;EMILIA ROMAGNA;MARCHE;120
2023/2024;L-11;LAZIO;SICILIA;120
2023/2024;L-13;ABRUZZO;LAZIO;120
2023/2024;L-11;VENETO;PIEMONTE;119
2023/2024;L-20;PIEMONTE;LOMBARDIA;119
2023/2024;L-20;EMILIA ROMAGNA;PUGLIA;119
2023/2024;L-27;UMBRIA;UMBRIA;119
2023/2024;L-38;ABRUZZO;LAZIO;119
2023/2024;L-33;LAZIO;CALABRIA;119
2023/2024;LM-17;PUGLIA;PUGLIA;119
2023/2024;LM-18;PUGLIA;PUGLIA;119
2023/2024;LM-31;LOMBARDIA;EMILIA ROMAGNA;119
2023/2024;LM-23;EMILIA ROMAGNA;REGIONE ESTERA;119
2023/2024;L-5;VENETO;REGIONE ESTERA;119
2024/2025;L-24;VENETO;Provincia autonoma di TRENTO;119
2024/2025;L-30;ABRUZZO;ABRUZZO;119
2024/2025;LM-27;PUGLIA;PUGLIA;119
2024/2025;LM-35;LOMBARDIA;LOMBARDIA;119
2024/2025;L-13;MARCHE;PUGLIA;119
2024/2025;L-13;EMILIA ROMAGNA;PUGLIA;119
2024/2025;L-22;VENETO;LOMBARDIA;119
2023/2024;LM-77;EMILIA ROMAGNA;MARCHE;119
2023/2024;LM-77;Provincia autonoma di TRENTO;VENETO;119
2023/2024;LMG/01;PIEMONTE;SICILIA;119
2023/2024;LMG/01;EMILIA ROMAGNA;BASILICATA;119
2024/2025;LM-4;LOMBARDIA;EMILIA ROMAGNA;119
2024/2025;LM-Data;LAZIO;LAZIO;119
2024/2025;LM-70;EMILIA ROMAGNA;REGIONE ESTERA;118
2024/2025;LM-76;LOMBARDIA;REGIONE ESTERA;118
2024/2025;LM-81;PIEMONTE;PIEMONTE;118
2024/2025;LM-40;PUGLIA;PUGLIA;118
2024/2025;LM-66;LOMBARDIA;LOMBARDIA;118
2024/2025;LM-6;LOMBARDIA;PIEMONTE;118
2024/2025;L/DS;SARDEGNA;SARDEGNA;118
2023/2024;LM-88;VENETO;VENETO;118
2023/2024;LM-84;MARCHE;MARCHE;118
2023/2024;LM-65;EMILIA ROMAGNA;REGIONE ESTERA;118
2024/2025;L-20;PIEMONTE;REGIONE ESTERA;118
2024/2025;L-18;LAZIO;TOSCANA;118
2024/2025;L-17;LOMBARDIA;PIEMONTE;118
2024/2025;LM-32;VENETO;REGIONE ESTERA;118
2024/2025;L-9;LOMBARDIA;MARCHE;118
2024/2025;LM-15;LOMBARDIA;LOMBARDIA;118
2024/2025;L-3;ABRUZZO;ABRUZZO;118
2024/2025;L-24;UMBRIA;CALABRIA;118
2024/2025;L-36;EMILIA ROMAGNA;SICILIA;118
2023/2024;LM/SNT1;MARCHE;MARCHE;118
2023/2024;LM-13;LOMBARDIA;PUGLIA;118
2023/2024;LM-27;CALABRIA;CALABRIA;118
2023/2024;LM-31;FRIULI VENEZIA GIULIA;FRIULI VENEZIA GIULIA;118
2023/2024;LM-30;CALABRIA;CALABRIA;118
2023/2024;LM-4cu;CALABRIA;SICILIA;118
2023/2024;LM-41;UMBRIA;LAZIO;118
2023/2024;LM-4;TOSCANA;TOSCANA;118
2023/2024;L-27;MARCHE;MARCHE;118
2023/2024;L-36;LAZIO;TOSCANA;117
2023/2024;L-35;UMBRIA;UMBRIA;117
2023/2024;L-4;LIGURIA;REGIONE ESTERA;117
2023/2024;L-18;LAZIO;MARCHE;117
2023/2024;L/SNT2;ABRUZZO;LAZIO;117
2023/2024;LM-60;EMILIA ROMAGNA;EMILIA ROMAGNA;117
2023/2024;LM-53;LAZIO;LAZIO;117
2023/2024;LM-13;TOSCANA;LAZIO;117
2024/2025;L-24;UMBRIA;LOMBARDIA;117
2024/2025;L-9;LOMBARDIA;PIEMONTE;117
2024/2025;L-10;LAZIO;CALABRIA;117
2024/2025;L/SNT2;ABRUZZO;LAZIO;117
2024/2025;L/SNT2;LAZIO;SICILIA;117
2024/2025;LM-65;SARDEGNA;SARDEGNA;117
2024/2025;LM-51;VENETO;SICILIA;117
2024/2025;LM-51;PIEMONTE;LOMBARDIA;117
2024/2025;LM-56;TOSCANA;REGIONE ESTERA;117
2024/2025;LM-75;CAMPANIA;CAMPANIA;117
2024/2025;LM-70;PUGLIA;PUGLIA;117
2024/2025;LM-85 bis;CALABRIA;SICILIA;117
2024/2025;LMG/01;LAZIO;MOLISE;117
2024/2025;LMG/01;TOSCANA;PUGLIA;117
2024/2025;LM-67;UMBRIA;UMBRIA;116
2024/2025;LM-63;ABRUZZO;ABRUZZO;116
2024/2025;LM-41;LAZIO;MOLISE;116
2024/2025;L/SNT1;LOMBARDIA;PIEMONTE;116
2024/2025;L-1;VENETO;FRIULI VENEZIA GIULIA;116
2024/2025;L-13;LOMBARDIA;PIEMONTE;116
2024/2025;L-11;EMILIA ROMAGNA;SICILIA;116
2024/2025;L-24;ABRUZZO;MOLISE;116
2023/2024;LM-83;LAZIO;LAZIO;116
2024/2025;L-9;LOMBARDIA;REGIONE ESTERA;116
2024/2025;LM-33;EMILIA ROMAGNA;SICILIA;116
2024/2025;LM-25;LAZIO;LAZIO;116
2024/2025;L-8;TOSCANA;REGIONE ESTERA;116
2023/2024;L-9;LOMBARDIA;CALABRIA;116
2023/2024;LM-25;LAZIO;LAZIO;116
2023/2024;LM-2;EMILIA ROMAGNA;EMILIA ROMAGNA;116
2023/2024;LM-49;LAZIO;LAZIO;116
2023/2024;LM-46;LAZIO;CAMPANIA;116
2023/2024;LM-37;ABRUZZO;ABRUZZO;116
2023/2024;L/SNT1;LOMBARDIA;PIEMONTE;116
2023/2024;L/SNT4;ABRUZZO;ABRUZZO;116
2023/2024;L-17;LOMBARDIA;PIEMONTE;116
2023/2024;L-24;LAZIO;CALABRIA;116
2023/2024;L-24;LOMBARDIA;REGIONE ESTERA;115
2023/2024;L-3;LAZIO;ABRUZZO;115
2023/2024;L-30;ABRUZZO;ABRUZZO;115
2023/2024;L-41;PUGLIA;PUGLIA;115
2023/2024;L-40;Provincia autonoma di TRENTO;Provincia autonoma di TRENTO;115
2023/2024;L/GASTR;LAZIO;LAZIO;115
2023/2024;LM-35;EMILIA ROMAGNA;EMILIA ROMAGNA;115
2023/2024;LM-42;EMILIA ROMAGNA;VENETO;115
2023/2024;LM-41;LOMBARDIA;Provincia autonoma di TRENTO;115
2023/2024;LM-51;PIEMONTE;LOMBARDIA;115
2023/2024;LM-56;LAZIO;CAMPANIA;115
2023/2024;LM-6;LIGURIA;LIGURIA;115
2024/2025;L-25;FRIULI VENEZIA GIULIA;VENETO;115
2024/2025;LM-14;MARCHE;MARCHE;115
2023/2024;LM-63;ABRUZZO;ABRUZZO;115
2023/2024;LMG/01;TOSCANA;REGIONE ESTERA;115
2023/2024;LMG/01;LAZIO;MOLISE;115
2024/2025;L-18;TOSCANA;CALABRIA;115
2024/2025;L-12;LOMBARDIA;EMILIA ROMAGNA;115
2024/2025;LM-41;UMBRIA;PUGLIA;115
2024/2025;LM-51;ABRUZZO;CAMPANIA;115
2024/2025;LM-55;SICILIA;REGIONE ESTERA;115
2024/2025;LM-64;LAZIO;LAZIO;114
2024/2025;LM-4cu;EMILIA ROMAGNA;MARCHE;114
2024/2025;LMG/01;CAMPANIA;LAZIO;114
2024/2025;LM-74;TOSCANA;TOSCANA;114
2024/2025;LM-77;LOMBARDIA;MARCHE;114
2024/2025;L-12;TOSCANA;REGIONE ESTERA;114
2024/2025;L-12;TOSCANA;SICILIA;114
2024/2025;L-12;PIEMONTE;SICILIA;114
2024/2025;L-11;EMILIA ROMAGNA;TOSCANA;114
2024/2025;L-11;EMILIA ROMAGNA;PUGLIA;114
2024/2025;L-11;VENETO;SICILIA;114
2024/2025;L-10;LAZIO;ABRUZZO;114
2024/2025;L-18;PIEMONTE;LIGURIA;114
2024/2025;L-18;EMILIA ROMAGNA;BASILICATA;114
2024/2025;L-15;SARDEGNA;SARDEGNA;114
2024/2025;99999;EMILIA ROMAGNA;VENETO;114
2023/2024;LM-9;PIEMONTE;REGIONE ESTERA;114
2023/2024;LM-85 bis;CALABRIA;SICILIA;114
2023/2024;LM-85;UMBRIA;UMBRIA;114
2023/2024;LM-68;LAZIO;REGIONE ESTERA;114
2023/2024;LM-77;LAZIO;MARCHE;114
2024/2025;LM-2;VENETO;VENETO;114
2024/2025;L-9;TOSCANA;SICILIA;114
2024/2025;LM-12;LAZIO;REGIONE ESTERA;114
2024/2025;LM-33;ABRUZZO;ABRUZZO;114
2024/2025;L-24;VALLE D'AOSTA;VALLE D'AOSTA;114
2024/2025;L-8;LOMBARDIA;REGIONE ESTERA;114
2023/2024;LM-41;ABRUZZO;CAMPANIA;114
2023/2024;LM-41;TOSCANA;PIEMONTE;114
2023/2024;LM-35;SICILIA;SICILIA;114
2023/2024;LM-33;ABRUZZO;ABRUZZO;114
2023/2024;LM-33;CALABRIA;CALABRIA;114
2023/2024;LM-39;TOSCANA;REGIONE ESTERA;114
2023/2024;L-8;VENETO;LOMBARDIA;114
2023/2024;LM-13;PUGLIA;REGIONE ESTERA;114
2023/2024;LM-14;LIGURIA;LIGURIA;114
2023/2024;L-10;PUGLIA;BASILICATA;114
2023/2024;L-18;LAZIO;TOSCANA;114
2023/2024;L-13;EMILIA ROMAGNA;SICILIA;114
2023/2024;L-15;SARDEGNA;SARDEGNA;114
2023/2024;L-36;LAZIO;UMBRIA;114
2023/2024;L-33;VENETO;REGIONE ESTERA;114
2023/2024;L-31;PIEMONTE;LOMBARDIA;114
2023/2024;L-3;ABRUZZO;ABRUZZO;114
2023/2024;L-24;LAZIO;PUGLIA;114
2023/2024;L-24;LOMBARDIA;EMILIA ROMAGNA;113
2023/2024;L-24;UMBRIA;CAMPANIA;113
2023/2024;L-2;UMBRIA;TOSCANA;113
2023/2024;L-33;TOSCANA;REGIONE ESTERA;113
2023/2024;L/GASTR;FRIULI VENEZIA GIULIA;FRIULI VENEZIA GIULIA;113
2023/2024;LM-1;VENETO;VENETO;113
2023/2024;L-8;VENETO;EMILIA ROMAGNA;113
2023/2024;L-9;EMILIA ROMAGNA;EMILIA ROMAGNA;113
2023/2024;LM-18;MARCHE;MARCHE;113
2023/2024;LM-42;MARCHE;MARCHE;113
2023/2024;LM-41;VENETO;FRIULI VENEZIA GIULIA;113
2024/2025;L-27;ABRUZZO;ABRUZZO;113
2024/2025;L-3;LAZIO;ABRUZZO;113
2024/2025;LM-32;PIEMONTE;CAMPANIA;113
2023/2024;LM-84;FRIULI VENEZIA GIULIA;FRIULI VENEZIA GIULIA;113
2023/2024;LM-71;VENETO;VENETO;113
2024/2025;L/SNT3;UMBRIA;UMBRIA;113
2024/2025;L-11;LAZIO;PUGLIA;113
2024/2025;L-11;PIEMONTE;LOMBARDIA;113
2024/2025;L-12;PIEMONTE;REGIONE ESTERA;113
2024/2025;LM-84;LIGURIA;LIGURIA;113
2024/2025;LM-42;UMBRIA;UMBRIA;113
2024/2025;LM-65;PUGLIA;PUGLIA;113
2024/2025;LM-41;LOMBARDIA;Provincia autonoma di TRENTO;112
2024/2025;LM-4;EMILIA ROMAGNA;EMILIA ROMAGNA;112
2024/2025;LM-84;MARCHE;MARCHE;112
2024/2025;LMG/01;CAMPANIA;CALABRIA;112
2024/2025;LMG/01;PIEMONTE;SICILIA;112
2024/2025;L-18;ABRUZZO;MOLISE;112
2024/2025;L-2;EMILIA ROMAGNA;SICILIA;112
2023/2024;LM-68;EMILIA ROMAGNA;EMILIA ROMAGNA;112
2024/2025;99999;CALABRIA;CALABRIA;112
2024/2025;L-8;VENETO;EMILIA ROMAGNA;112
2024/2025;L-41;SICILIA;SICILIA;112
2023/2024;LM-33;EMILIA ROMAGNA;CAMPANIA;112
2023/2024;LM-35;VENETO;REGIONE ESTERA;112
2023/2024;LM-51;ABRUZZO;CAMPANIA;112
2023/2024;LM-32;LIGURIA;REGIONE ESTERA;112
2023/2024;L-5;UMBRIA;UMBRIA;112
2023/2024;L/SNT1;EMILIA ROMAGNA;REGIONE ESTERA;112
2023/2024;L-11;CAMPANIA;LAZIO;112
2023/2024;L-11;VENETO;Provincia autonoma di TRENTO;112
2023/2024;L-33;MARCHE;REGIONE ESTERA;112
2023/2024;L-38;FRIULI VENEZIA GIULIA;VENETO;112
2023/2024;L-29;PUGLIA;PUGLIA;112
2023/2024;L-35;LOMBARDIA;REGIONE ESTERA;111
2023/2024;L-1;VENETO;FRIULI VENEZIA GIULIA;111
2023/2024;L-9;LAZIO;CALABRIA;111
2023/2024;L-8;LOMBARDIA;CALABRIA;111
2023/2024;L-9;TOSCANA;LIGURIA;111
2023/2024;LM-12;TOSCANA;TOSCANA;111
2023/2024;LM-52;LAZIO;CAMPANIA;111
2023/2024;LM-38;PIEMONTE;SICILIA;111
2024/2025;L-7;LOMBARDIA;REGIONE ESTERA;111
2024/2025;L-31;PIEMONTE;PUGLIA;111
2024/2025;LM-28;PUGLIA;PUGLIA;111
2024/2025;LM-13;EMILIA ROMAGNA;SICILIA;111
2023/2024;LM-68;PUGLIA;PUGLIA;111
2024/2025;L-20;LOMBARDIA;TOSCANA;111
2024/2025;LM-85;LAZIO;CAMPANIA;111
2024/2025;LM-71;VENETO;VENETO;111
2024/2025;LM-7;TOSCANA;TOSCANA;111
2024/2025;LM-42;MARCHE;MARCHE;111
2024/2025;LM-68;MARCHE;MARCHE;111
2024/2025;LM-68;EMILIA ROMAGNA;EMILIA ROMAGNA;110
2024/2025;LM-4;LOMBARDIA;VENETO;110
2024/2025;LM-70;LAZIO;LAZIO;110
2024/2025;LM-77;EMILIA ROMAGNA;TOSCANA;110
2024/2025;LM-8;LOMBARDIA;REGIONE ESTERA;110
2024/2025;L-18;LAZIO;BASILICATA;110
2024/2025;L-18;LOMBARDIA;FRIULI VENEZIA GIULIA;110
2024/2025;L-13;ABRUZZO;LAZIO;110
2024/2025;L/SNT1;VENETO;SICILIA;110
2023/2024;LM-77;FRIULI VENEZIA GIULIA;VENETO;110
2024/2025;L/GASTR;FRIULI VENEZIA GIULIA;FRIULI VENEZIA GIULIA;110
2023/2024;LMG/01;TOSCANA;CAMPANIA;110
2023/2024;LMG/01;LOMBARDIA;BASILICATA;110
2023/2024;LM-89;MARCHE;MARCHE;110
2024/2025;LM-2;EMILIA ROMAGNA;EMILIA ROMAGNA;110
2024/2025;LM-18;TOSCANA;REGIONE ESTERA;110
2024/2025;LM-30;VENETO;REGIONE ESTERA;110
2024/2025;L-33;LAZIO;CALABRIA;110
2024/2025;L-8;PIEMONTE;SARDEGNA;110
2024/2025;L-5;VENETO;REGIONE ESTERA;110
2024/2025;L-40;ABRUZZO;MARCHE;110
2023/2024;LM-46;LIGURIA;LIGURIA;110
2023/2024;LM-5;LAZIO;LAZIO;110
2023/2024;LM-52;VENETO;REGIONE ESTERA;110
2023/2024;LM-29;LOMBARDIA;LOMBARDIA;110
2023/2024;LM-24;TOSCANA;TOSCANA;110
2023/2024;L-10;EMILIA ROMAGNA;ABRUZZO;110
2023/2024;L-11;LAZIO;PUGLIA;110
2023/2024;L-11;LAZIO;ABRUZZO;110
2023/2024;L-15;LIGURIA;LIGURIA;110
2023/2024;L-13;LOMBARDIA;PIEMONTE;110
2023/2024;L-18;ABRUZZO;MOLISE;110
2023/2024;L-33;LOMBARDIA;PUGLIA;110
2023/2024;L-20;EMILIA ROMAGNA;MARCHE;110
2023/2024;L-24;UMBRIA;CALABRIA;110
2023/2024;L-24;UMBRIA;PUGLIA;109
2023/2024;L-18;EMILIA ROMAGNA;CAMPANIA;109
2023/2024;L-19;EMILIA ROMAGNA;Provincia autonoma di TRENTO;109
2023/2024;L-11;PIEMONTE;LOMBARDIA;109
2023/2024;L-5;VENETO;FRIULI VENEZIA GIULIA;109
2023/2024;LM-41;SARDEGNA;LOMBARDIA;109
2024/2025;L-36;VALLE D'AOSTA;VALLE D'AOSTA;109
2024/2025;L-31;PIEMONTE;REGIONE ESTERA;109
2024/2025;L-31;LOMBARDIA;EMILIA ROMAGNA;109
2024/2025;L-25;EMILIA ROMAGNA;LOMBARDIA;109
2024/2025;LM-28;PIEMONTE;PIEMONTE;109
2024/2025;L-9;Provincia autonoma di BOLZANO;Provincia autonoma di BOLZANO;109
2024/2025;L-9;PIEMONTE;TOSCANA;109
2023/2024;LM-94;SARDEGNA;SARDEGNA;109
2023/2024;L-Sc.Mat.;LOMBARDIA;LOMBARDIA;109
2023/2024;LM-70;PIEMONTE;PIEMONTE;109
2024/2025;L/SNT1;VENETO;LOMBARDIA;109
2024/2025;L-24;LOMBARDIA;EMILIA ROMAGNA;109
2024/2025;LM-84;VENETO;REGIONE ESTERA;109
2024/2025;LMG/01;EMILIA ROMAGNA;SARDEGNA;109
2024/2025;LM-46;LIGURIA;LIGURIA;109
2024/2025;LM-4cu;TOSCANA;REGIONE ESTERA;108
2024/2025;LM-50;CAMPANIA;CAMPANIA;108
2024/2025;LM-41;VENETO;MARCHE;108
2024/2025;LM-60;EMILIA ROMAGNA;EMILIA ROMAGNA;108
2024/2025;LM-56;MARCHE;MARCHE;108
2024/2025;L-P01;EMILIA ROMAGNA;EMILIA ROMAGNA;108
2024/2025;LM-82;TOSCANA;TOSCANA;108
2024/2025;L-20;EMILIA ROMAGNA;MARCHE;108
2024/2025;L-20;EMILIA ROMAGNA;PUGLIA;108
2024/2025;L-18;LAZIO;MARCHE;108
2024/2025;L-19;EMILIA ROMAGNA;TOSCANA;108
2024/2025;L/SNT1;EMILIA ROMAGNA;LOMBARDIA;108
2024/2025;L-11;SICILIA;CALABRIA;108
2023/2024;LM-7;TOSCANA;TOSCANA;108
2023/2024;LM-65;EMILIA ROMAGNA;EMILIA ROMAGNA;108
2023/2024;LM-65;PUGLIA;PUGLIA;108
2023/2024;LM-77;PIEMONTE;LOMBARDIA;108
2023/2024;LM-90;PIEMONTE;PIEMONTE;108
2024/2025;L-9;LAZIO;UMBRIA;108
2024/2025;LM-2;SARDEGNA;SARDEGNA;108
2024/2025;LM-13;MARCHE;EMILIA ROMAGNA;108
2024/2025;LM-32;LIGURIA;REGIONE ESTERA;108
2024/2025;LM-37;ABRUZZO;ABRUZZO;108
2024/2025;L-24;VENETO;MARCHE;108
2024/2025;L-24;MOLISE;MOLISE;108
2024/2025;L-36;LAZIO;LOMBARDIA;108
2024/2025;L-36;LAZIO;UMBRIA;108
2023/2024;LM-41;LAZIO;MOLISE;108
2023/2024;LM-39;LOMBARDIA;LOMBARDIA;108
2023/2024;LM-4;LOMBARDIA;EMILIA ROMAGNA;108
2023/2024;LM-32;VENETO;REGIONE ESTERA;108
2023/2024;LM-52;SARDEGNA;SARDEGNA;108
2023/2024;L-8;LOMBARDIA;MARCHE;108
2023/2024;L-8;PIEMONTE;ABRUZZO;108
2023/2024;L-9;LAZIO;UMBRIA;108
2023/2024;L-9;LOMBARDIA;PIEMONTE;108
2023/2024;L-9;LOMBARDIA;FRIULI VENEZIA GIULIA;108
2023/2024;L-17;VENETO;FRIULI VENEZIA GIULIA;108
2023/2024;L-24;EMILIA ROMAGNA;LOMBARDIA;108
2023/2024;L-20;LOMBARDIA;CAMPANIA;108
2023/2024;L-33;PUGLIA;BASILICATA;108
2023/2024;L-35;EMILIA ROMAGNA;MARCHE;107
2023/2024;L-20;LAZIO;UMBRIA;107
2023/2024;L-3;PIEMONTE;LOMBARDIA;107
2023/2024;L-18;EMILIA ROMAGNA;BASILICATA;107
2023/2024;L-18;MARCHE;ABRUZZO;107
2023/2024;L-14;TOSCANA;CALABRIA;107
2023/2024;L-1;BASILICATA;BASILICATA;107
2023/2024;L/GASTR;MARCHE;MARCHE;107
2023/2024;L/DS;SARDEGNA;SARDEGNA;107
2023/2024;L-9;EMILIA ROMAGNA;BASILICATA;107
2023/2024;LM-13;MARCHE;ABRUZZO;107
2023/2024;LM-13;MARCHE;SICILIA;107
2023/2024;LM-30;EMILIA ROMAGNA;EMILIA ROMAGNA;107
2023/2024;LM-14;MARCHE;MARCHE;107
2023/2024;LM-6;EMILIA ROMAGNA;PUGLIA;107
2023/2024;LM-51;LAZIO;REGIONE ESTERA;107
2023/2024;LM-35;VENETO;VENETO;107
2023/2024;LM-35;LOMBARDIA;REGIONE ESTERA;107
2023/2024;LM-41;TOSCANA;LAZIO;107
2023/2024;LM-41;VENETO;PUGLIA;107
2024/2025;L-38;FRIULI VENEZIA GIULIA;VENETO;107
2024/2025;L-4;LOMBARDIA;PIEMONTE;107
2024/2025;L-8;PIEMONTE;ABRUZZO;107
2024/2025;L-24;UMBRIA;EMILIA ROMAGNA;107
2024/2025;L-30;LOMBARDIA;PIEMONTE;107
2024/2025;L-34;PIEMONTE;PIEMONTE;107
2024/2025;L-35;EMILIA ROMAGNA;MARCHE;107
2024/2025;LM-38;PIEMONTE;SICILIA;107
2024/2025;LM-29;LOMBARDIA;LOMBARDIA;107
2024/2025;L-9;EMILIA ROMAGNA;BASILICATA;107
2023/2024;LMG/01;EMILIA ROMAGNA;SARDEGNA;107
2023/2024;LM-8;EMILIA ROMAGNA;EMILIA ROMAGNA;107
2024/2025;L-11;EMILIA ROMAGNA;MARCHE;107
2024/2025;L-18;TOSCANA;PUGLIA;107
2024/2025;L-17;EMILIA ROMAGNA;REGIONE ESTERA;107
2024/2025;LM-76;CAMPANIA;CAMPANIA;107
2024/2025;LM-69;LAZIO;LAZIO;107
2024/2025;LM-41;EMILIA ROMAGNA;BASILICATA;107
2024/2025;LM-43;SICILIA;SICILIA;107
2024/2025;LM-4;TOSCANA;TOSCANA;106
2024/2025;LM-63;FRIULI VENEZIA GIULIA;FRIULI VENEZIA GIULIA;106
2024/2025;LM-77;LAZIO;TOSCANA;106
2024/2025;LM-8;VENETO;VENETO;106
2024/2025;L-14;TOSCANA;CALABRIA;106
2023/2024;LM-77;LOMBARDIA;SARDEGNA;106
2023/2024;LM-70;TOSCANA;TOSCANA;106
2024/2025;LM-13;LAZIO;CAMPANIA;106
2024/2025;LM-29;CALABRIA;CALABRIA;106
2024/2025;L-3;PIEMONTE;LOMBARDIA;106
2023/2024;LM-32;PIEMONTE;CAMPANIA;106
2023/2024;LM-51;PIEMONTE;PUGLIA;106
2023/2024;LM-46;FRIULI VENEZIA GIULIA;FRIULI VENEZIA GIULIA;106
2023/2024;LM-54;EMILIA ROMAGNA;REGIONE ESTERA;106
2023/2024;LM-2;SARDEGNA;SARDEGNA;106
2023/2024;LM-13;MARCHE;EMILIA ROMAGNA;106
2023/2024;LM/SNT1;SARDEGNA;SARDEGNA;106
2023/2024;L-9;EMILIA ROMAGNA;MOLISE;106
2023/2024;L-9;LOMBARDIA;LIGURIA;106
2023/2024;L/SNT3;UMBRIA;UMBRIA;106
2023/2024;L-11;EMILIA ROMAGNA;REGIONE ESTERA;106
2023/2024;L-10;LAZIO;UMBRIA;106
2023/2024;L-18;LIGURIA;PIEMONTE;106
2023/2024;L-17;EMILIA ROMAGNA;REGIONE ESTERA;106
2023/2024;L-18;TOSCANA;BASILICATA;106
2023/2024;L-36;FRIULI VENEZIA GIULIA;VENETO;106
2023/2024;L-35;ABRUZZO;ABRUZZO;105
2023/2024;L-4;LOMBARDIA;REGIONE ESTERA;105
2023/2024;L-31;EMILIA ROMAGNA;MARCHE;105
2023/2024;L-27;ABRUZZO;ABRUZZO;105
2023/2024;L-24;VENETO;MARCHE;105
2023/2024;L-18;TOSCANA;CAMPANIA;105
2023/2024;L/SNT4;FRIULI VENEZIA GIULIA;FRIULI VENEZIA GIULIA;105
2023/2024;LM-23;LOMBARDIA;LOMBARDIA;105
2023/2024;LM-59;LOMBARDIA;REGIONE ESTERA;105
2023/2024;LM-51;VENETO;PUGLIA;105
2024/2025;L-41;PUGLIA;PUGLIA;105
2024/2025;LM-35;EMILIA ROMAGNA;EMILIA ROMAGNA;105
2024/2025;LM-30;PUGLIA;PUGLIA;105
2024/2025;LM-33;CALABRIA;CALABRIA;105
2024/2025;L-9;EMILIA ROMAGNA;LOMBARDIA;105
2024/2025;L-9;LOMBARDIA;CALABRIA;105
2023/2024;LM-88;SICILIA;SICILIA;105
2024/2025;L-18;CAMPANIA;REGIONE ESTERA;105
2024/2025;L/SNT2;LAZIO;PUGLIA;105
2024/2025;L-10;EMILIA ROMAGNA;TOSCANA;105
2024/2025;LM-90;PIEMONTE;PIEMONTE;105
2024/2025;LM-52;VENETO;REGIONE ESTERA;105
2024/2025;LM-41;EMILIA ROMAGNA;LAZIO;105
2024/2025;LM-67;MARCHE;MARCHE;104
2024/2025;LM-78;LIGURIA;LIGURIA;104
2024/2025;LM-77;CAMPANIA;REGIONE ESTERA;104
2024/2025;L-11;LAZIO;SICILIA;104
2024/2025;L-18;LOMBARDIA;BASILICATA;104
2024/2025;L-20;LAZIO;UMBRIA;104
2024/2025;L-20;PIEMONTE;LOMBARDIA;104
2023/2024;LM-64;LAZIO;LAZIO;104
2023/2024;LM-77;EMILIA ROMAGNA;CALABRIA;104
2024/2025;LM/SNT2;CALABRIA;CALABRIA;104
2024/2025;LM-16;MARCHE;MARCHE;104
2024/2025;LM-38;PIEMONTE;PUGLIA;104
2024/2025;L-4;VENETO;FRIULI VENEZIA GIULIA;104
2023/2024;LM-42;UMBRIA;UMBRIA;104
2023/2024;LM-27;LAZIO;REGIONE ESTERA;104
2023/2024;LM-31;LOMBARDIA;VENETO;104
2023/2024;L-8;EMILIA ROMAGNA;TOSCANA;104
2023/2024;L-9;PIEMONTE;VALLE D'AOSTA;104
2023/2024;L/SNT2;ABRUZZO;PUGLIA;104
2023/2024;L-18;CAMPANIA;BASILICATA;104
2023/2024;L-11;VENETO;TOSCANA;104
2023/2024;L-13;FRIULI VENEZIA GIULIA;FRIULI VENEZIA GIULIA;104
2023/2024;L-12;VENETO;EMILIA ROMAGNA;104
2023/2024;L-34;PIEMONTE;PIEMONTE;104
2023/2024;L-39;MOLISE;MOLISE;103
2023/2024;L-24;Provincia autonoma di TRENTO;LOMBARDIA;103
2023/2024;L-20;EMILIA ROMAGNA;TOSCANA;103
2023/2024;L-20;FRIULI VENEZIA GIULIA;VENETO;103
2023/2024;L/SNT1;BASILICATA;PUGLIA;103
2023/2024;L/SNT3;LAZIO;PUGLIA;103
2023/2024;LM-12;VENETO;VENETO;103
2023/2024;L-8;EMILIA ROMAGNA;SICILIA;103
2023/2024;L-8;LOMBARDIA;REGIONE ESTERA;103
2023/2024;LM-29;CALABRIA;CALABRIA;103
2023/2024;LM-2;VENETO;VENETO;103
2023/2024;LM-51;EMILIA ROMAGNA;REGIONE ESTERA;103
2023/2024;LM-50;CAMPANIA;CAMPANIA;103
2023/2024;LM-6;EMILIA ROMAGNA;VENETO;103
2024/2025;L-33;PUGLIA;BASILICATA;103
2024/2025;LM-33;EMILIA ROMAGNA;LOMBARDIA;103
2024/2025;LM-22;EMILIA ROMAGNA;EMILIA ROMAGNA;103
2024/2025;L-9;LOMBARDIA;FRIULI VENEZIA GIULIA;103
2023/2024;LM-75;VENETO;VENETO;103
2024/2025;L-18;CAMPANIA;BASILICATA;103
2024/2025;L-14;TOSCANA;LOMBARDIA;103
2024/2025;L-11;CAMPANIA;LAZIO;103
2024/2025;LM-8;EMILIA ROMAGNA;EMILIA ROMAGNA;103
2024/2025;LM-6;EMILIA ROMAGNA;VENETO;103
2024/2025;LM-52;UMBRIA;UMBRIA;103
2024/2025;LM-54;EMILIA ROMAGNA;REGIONE ESTERA;103
2024/2025;LM-56;LAZIO;CAMPANIA;103
2024/2025;LM-41;SARDEGNA;PIEMONTE;103
2024/2025;LM-46;FRIULI VENEZIA GIULIA;FRIULI VENEZIA GIULIA;103
2024/2025;LM-46;CALABRIA;CALABRIA;102
2024/2025;LM-41;VENETO;SICILIA;102
2024/2025;LM-67;CALABRIA;CALABRIA;102
2024/2025;LM-77;FRIULI VENEZIA GIULIA;VENETO;102
2024/2025;LMG/01;Provincia autonoma di TRENTO;FRIULI VENEZIA GIULIA;102
2024/2025;LMG/01;TOSCANA;CAMPANIA;102
2024/2025;LMG/01;LOMBARDIA;SARDEGNA;102
2024/2025;L/SNT1;TOSCANA;SICILIA;102
2024/2025;L-19;MARCHE;ABRUZZO;102
2023/2024;LM-77;EMILIA ROMAGNA;ABRUZZO;102
2023/2024;LM-71;CAMPANIA;CAMPANIA;102
2023/2024;LM-90;VENETO;VENETO;102
2023/2024;LM-93;EMILIA ROMAGNA;EMILIA ROMAGNA;102
2024/2025;99999;EMILIA ROMAGNA;LOMBARDIA;102
2024/2025;LM-1;VENETO;VENETO;102
2024/2025;LM-24;TOSCANA;TOSCANA;102
2024/2025;L-24;Provincia autonoma di TRENTO;LOMBARDIA;102
2024/2025;L-8;EMILIA ROMAGNA;TOSCANA;102
2023/2024;LM-33;PIEMONTE;REGIONE ESTERA;102
2023/2024;LM-14;UMBRIA;REGIONE ESTERA;102
2023/2024;LM-27;EMILIA ROMAGNA;REGIONE ESTERA;102
2023/2024;L-9;Provincia autonoma di BOLZANO;Provincia autonoma di BOLZANO;102
2023/2024;L-12;LOMBARDIA;REGIONE ESTERA;102
2023/2024;L-18;LOMBARDIA;UMBRIA;102
2023/2024;L-19;EMILIA ROMAGNA;TOSCANA;102
2023/2024;L-20;EMILIA ROMAGNA;REGIONE ESTERA;102
2023/2024;L-23;TOSCANA;TOSCANA;102
2023/2024;L-31;EMILIA ROMAGNA;PUGLIA;102
2023/2024;L-30;LOMBARDIA;PIEMONTE;101
2023/2024;L-40;ABRUZZO;MARCHE;101
2023/2024;L-36;LAZIO;LOMBARDIA;101
2023/2024;L-11;TOSCANA;SICILIA;101
2023/2024;L-14;PUGLIA;BASILICATA;101
2023/2024;L/SNT1;LAZIO;REGIONE ESTERA;101
2023/2024;LM/SNT1;PUGLIA;PUGLIA;101
2023/2024;LM-13;UMBRIA;LAZIO;101
2023/2024;L-5;EMILIA ROMAGNA;VENETO;101
2023/2024;LM-22;EMILIA ROMAGNA;EMILIA ROMAGNA;101
2023/2024;LM-16;MARCHE;MARCHE;101
2023/2024;LM-59;LOMBARDIA;PIEMONTE;101
2024/2025;L-9;TOSCANA;REGIONE ESTERA;101
2024/2025;LM-19;PUGLIA;PUGLIA;101
2024/2025;LM-18;SARDEGNA;SARDEGNA;101
2023/2024;LM-90;VENETO;REGIONE ESTERA;101
2023/2024;LM-88;PUGLIA;PUGLIA;101
2023/2024;LM-70;EMILIA ROMAGNA;REGIONE ESTERA;101
2023/2024;LM-77;EMILIA ROMAGNA;CAMPANIA;101
2023/2024;LM-77;EMILIA ROMAGNA;TOSCANA;101
2023/2024;LM-76;CAMPANIA;CAMPANIA;101
2023/2024;LM-74;TOSCANA;TOSCANA;101
2024/2025;L/SNT2;LAZIO;CAMPANIA;101
2024/2025;LM-85;UMBRIA;UMBRIA;101
2024/2025;LM-85 bis;EMILIA ROMAGNA;VENETO;101
2024/2025;LM-41;LOMBARDIA;BASILICATA;101
2024/2025;LM-51;EMILIA ROMAGNA;REGIONE ESTERA;101
2024/2025;LM-51;EMILIA ROMAGNA;LOMBARDIA;101
2024/2025;LM-4cu;EMILIA ROMAGNA;VENETO;100
2024/2025;LM-49;LAZIO;LAZIO;100
2024/2025;LM-41;UMBRIA;LOMBARDIA;100
2024/2025;LM-69;EMILIA ROMAGNA;REGIONE ESTERA;100
2024/2025;LM-51;PIEMONTE;PUGLIA;100
2024/2025;LM-51;VENETO;MARCHE;100
2024/2025;LM-71;EMILIA ROMAGNA;REGIONE ESTERA;100
2024/2025;LMG/01;LOMBARDIA;FRIULI VENEZIA GIULIA;100
2024/2025;L-11;FRIULI VENEZIA GIULIA;VENETO;100
2024/2025;L-11;VENETO;PIEMONTE;100
2024/2025;L-15;LIGURIA;LIGURIA;100
2024/2025;L-17;VENETO;FRIULI VENEZIA GIULIA;100
2024/2025;LM-13;LOMBARDIA;PUGLIA;100
2024/2025;L-9;CAMPANIA;LAZIO;100
2024/2025;L-9;LIGURIA;LOMBARDIA;100
2024/2025;LM-32;LOMBARDIA;LAZIO;100
2024/2025;LM-31;FRIULI VENEZIA GIULIA;FRIULI VENEZIA GIULIA;100
2024/2025;LM-35;LOMBARDIA;REGIONE ESTERA;100
2024/2025;L-41;CALABRIA;CALABRIA;100
2024/2025;L-36;FRIULI VENEZIA GIULIA;VENETO;100
2024/2025;L-24;UMBRIA;BASILICATA;100
2024/2025;L-29;EMILIA ROMAGNA;EMILIA ROMAGNA;100
2024/2025;L-33;LOMBARDIA;PUGLIA;100
2023/2024;LM-43;CAMPANIA;CAMPANIA;100
2023/2024;LM-41;BASILICATA;BASILICATA;100
2023/2024;L-9;LIGURIA;LOMBARDIA;100
2023/2024;L-31;PIEMONTE;PUGLIA;100
2023/2024;L-23;EMILIA ROMAGNA;EMILIA ROMAGNA;100
2023/2024;L-22;VENETO;LOMBARDIA;99
2023/2024;L-20;PIEMONTE;SICILIA;99
2023/2024;L-31;PUGLIA;BASILICATA;99
2023/2024;L-36;LAZIO;CALABRIA;99
2023/2024;L-36;LOMBARDIA;VENETO;99
2023/2024;L/SNT1;EMILIA ROMAGNA;LOMBARDIA;99
2023/2024;L/GASTR;EMILIA ROMAGNA;LOMBARDIA;99
2023/2024;L-14;TOSCANA;LOMBARDIA;99
2023/2024;L-5;EMILIA ROMAGNA;TOSCANA;99
2023/2024;LM-13;LAZIO;CAMPANIA;99
2023/2024;LM-12;LAZIO;REGIONE ESTERA;99
2023/2024;L-9;TOSCANA;CALABRIA;99
2023/2024;LM-21;LIGURIA;LIGURIA;99
2023/2024;LM-41;UMBRIA;LOMBARDIA;99
2023/2024;LM-33;EMILIA ROMAGNA;REGIONE ESTERA;99
2023/2024;LM-34;LIGURIA;LIGURIA;99
2024/2025;L-36;Provincia autonoma di TRENTO;LOMBARDIA;99
2024/2025;L-38;ABRUZZO;LAZIO;99
2024/2025;LM-33;PUGLIA;PUGLIA;99
2024/2025;LM-25;LOMBARDIA;REGIONE ESTERA;99
2024/2025;LM-27;LAZIO;REGIONE ESTERA;99
2024/2025;L-9;LAZIO;CALABRIA;99
2024/2025;LM/SNT3;SICILIA;SICILIA;99
2024/2025;LM-13;TOSCANA;LAZIO;99
2024/2025;L-22;EMILIA ROMAGNA;SICILIA;99
2024/2025;L-12;LOMBARDIA;PUGLIA;99
2024/2025;L-13;FRIULI VENEZIA GIULIA;FRIULI VENEZIA GIULIA;99
2024/2025;L-10;LAZIO;UMBRIA;99
2024/2025;L/SNT4;EMILIA ROMAGNA;EMILIA ROMAGNA;99
2023/2024;LM-63;EMILIA ROMAGNA;EMILIA ROMAGNA;99
2024/2025;LM-Data;SICILIA;SICILIA;99
2024/2025;L-P03;PIEMONTE;PIEMONTE;99
2024/2025;LM-77;EMILIA ROMAGNA;CAMPANIA;99
2024/2025;LM-88;SICILIA;SICILIA;99
2024/2025;LM-53;LOMBARDIA;REGIONE ESTERA;99
2024/2025;LM-59;LOMBARDIA;EMILIA ROMAGNA;99
2024/2025;LM-41;UMBRIA;CAMPANIA;99
2024/2025;LM-48;LOMBARDIA;LOMBARDIA;99
2024/2025;LM-49;TOSCANA;TOSCANA;98
2024/2025;LM-62;TOSCANA;TOSCANA;98
2024/2025;LM-85 bis;MOLISE;ABRUZZO;98
2024/2025;LM-71;LAZIO;LAZIO;98
2024/2025;LM-77;PIEMONTE;LOMBARDIA;98
2023/2024;LM-61;VENETO;REGIONE ESTERA;98
2023/2024;LM-67;MARCHE;MARCHE;98
2023/2024;LM-76;LOMBARDIA;REGIONE ESTERA;98
2023/2024;LM-78;LIGURIA;LIGURIA;98
2023/2024;LMG/01;MARCHE;ABRUZZO;98
2024/2025;L/SNT2;Provincia autonoma di BOLZANO;Provincia autonoma di BOLZANO;98
2024/2025;L-20;Provincia autonoma di TRENTO;Provincia autonoma di TRENTO;98
2024/2025;L-20;LOMBARDIA;CAMPANIA;98
2024/2025;L-20;EMILIA ROMAGNA;REGIONE ESTERA;98
2024/2025;L-18;ABRUZZO;PUGLIA;98
2024/2025;L-18;TOSCANA;BASILICATA;98
2024/2025;L-9;LOMBARDIA;LIGURIA;98
2024/2025;L-9;PIEMONTE;VENETO;98
2024/2025;LM-34;LIGURIA;LIGURIA;98
2024/2025;L-5;EMILIA ROMAGNA;VENETO;98
2024/2025;L-32;FRIULI VENEZIA GIULIA;VENETO;98
2023/2024;LM-38;PIEMONTE;PUGLIA;98
2023/2024;LM-59;LOMBARDIA;SICILIA;98
2023/2024;LM-60;PIEMONTE;PIEMONTE;98
2023/2024;LM-18;ABRUZZO;ABRUZZO;98
2023/2024;LM-28;PIEMONTE;PIEMONTE;98
2023/2024;L-8;TOSCANA;PUGLIA;98
2023/2024;L-12;MARCHE;ABRUZZO;98
2023/2024;L-4;VENETO;FRIULI VENEZIA GIULIA;98
2023/2024;L-22;EMILIA ROMAGNA;PUGLIA;98
2023/2024;L-22;MARCHE;PUGLIA;97
2023/2024;L-24;UMBRIA;LOMBARDIA;97
2023/2024;L-26;FRIULI VENEZIA GIULIA;VENETO;97
2023/2024;L-41;CALABRIA;CALABRIA;97
2023/2024;L-11;FRIULI VENEZIA GIULIA;VENETO;97
2023/2024;L-9;EMILIA ROMAGNA;LOMBARDIA;97
2023/2024;L-9;CAMPANIA;LAZIO;97
2023/2024;LM-13;EMILIA ROMAGNA;MARCHE;97
2023/2024;LM-56;MARCHE;MARCHE;97
2023/2024;LM-36;VENETO;VENETO;97
2024/2025;L-31;PUGLIA;BASILICATA;97
2024/2025;L-5;EMILIA ROMAGNA;TOSCANA;97
2024/2025;L-42;SICILIA;SICILIA;97
2024/2025;LM-35;SICILIA;SICILIA;97
2024/2025;LM-31;LOMBARDIA;EMILIA ROMAGNA;97
2024/2025;LM-13;MARCHE;ABRUZZO;97
2024/2025;LM-18;EMILIA ROMAGNA;REGIONE ESTERA;97
2024/2025;L-2;Provincia autonoma di TRENTO;Provincia autonoma di TRENTO;97
2024/2025;L/GASTR;MARCHE;MARCHE;97
2024/2025;L/SNT1;BASILICATA;PUGLIA;97
2024/2025;L-11;CAMPANIA;CALABRIA;97
2023/2024;LMG/01;Provincia autonoma di TRENTO;FRIULI VENEZIA GIULIA;97
2024/2025;LM-75;VENETO;VENETO;97
2024/2025;LM-85 bis;LOMBARDIA;VENETO;97
2024/2025;LM-89;ABRUZZO;ABRUZZO;97
2024/2025;LM-6;EMILIA ROMAGNA;PUGLIA;97
2024/2025;LM-51;LOMBARDIA;EMILIA ROMAGNA;97
2024/2025;LM-48;LOMBARDIA;REGIONE ESTERA;97
2024/2025;LM-41;VENETO;EMILIA ROMAGNA;97
2024/2025;LM-41;SICILIA;PIEMONTE;97
2024/2025;LM-6;EMILIA ROMAGNA;LOMBARDIA;96
2024/2025;LM-59;LOMBARDIA;SICILIA;96
2024/2025;LM-77;Provincia autonoma di TRENTO;VENETO;96
2024/2025;LM-77;TOSCANA;SICILIA;96
2024/2025;LMG/01;Provincia autonoma di TRENTO;Provincia autonoma di BOLZANO;96
2024/2025;LMG/01;VENETO;FRIULI VENEZIA GIULIA;96
2024/2025;LM-9;PIEMONTE;LOMBARDIA;96
2023/2024;LM-85 bis;EMILIA ROMAGNA;VENETO;96
2024/2025;L-20;FRIULI VENEZIA GIULIA;VENETO;96
2024/2025;LM-13;MARCHE;SICILIA;96
2024/2025;LM-13;UMBRIA;LAZIO;96
2024/2025;LM-12;LOMBARDIA;EMILIA ROMAGNA;96
2024/2025;LM-32;PUGLIA;PUGLIA;96
2024/2025;LM-27;CALABRIA;CALABRIA;96
2024/2025;LM-24;PUGLIA;PUGLIA;96
2024/2025;L-36;VENETO;Provincia autonoma di TRENTO;96
2023/2024;LM-33;EMILIA ROMAGNA;LOMBARDIA;96
2023/2024;LM-6;EMILIA ROMAGNA;SICILIA;96
2023/2024;LM-52;EMILIA ROMAGNA;REGIONE ESTERA;96
2023/2024;LM-13;TOSCANA;PUGLIA;96
2023/2024;LM-28;PUGLIA;PUGLIA;96
2023/2024;LM-25;LOMBARDIA;REGIONE ESTERA;96
2023/2024;L-1;VENETO;EMILIA ROMAGNA;96
2023/2024;L-2;Provincia autonoma di TRENTO;Provincia autonoma di TRENTO;96
2023/2024;L-31;PIEMONTE;SICILIA;96
2023/2024;L-22;SICILIA;REGIONE ESTERA;96
2023/2024;L-20;EMILIA ROMAGNA;SICILIA;96
2023/2024;L-24;VENETO;TOSCANA;95
2023/2024;L-26;MARCHE;MARCHE;95
2023/2024;L-27;EMILIA ROMAGNA;LOMBARDIA;95
2023/2024;L-3;TOSCANA;REGIONE ESTERA;95
2023/2024;L-35;Provincia autonoma di TRENTO;VENETO;95
2023/2024;L-39;LAZIO;PUGLIA;95
2023/2024;LM-24;PUGLIA;PUGLIA;95
2023/2024;LM-27;PUGLIA;PUGLIA;95
2023/2024;LM-30;VENETO;REGIONE ESTERA;95
2023/2024;L-8;PIEMONTE;CAMPANIA;95
2023/2024;LM-4cu;EMILIA ROMAGNA;PUGLIA;95
2023/2024;LM-46;CALABRIA;CALABRIA;95
2023/2024;LM-41;UMBRIA;PUGLIA;95
2023/2024;LM-40;LIGURIA;LIGURIA;95
2024/2025;L-8;UMBRIA;REGIONE ESTERA;95
2024/2025;L-31;PIEMONTE;SICILIA;95
2024/2025;L-33;FRIULI VENEZIA GIULIA;REGIONE ESTERA;95
2024/2025;L-34;TOSCANA;REGIONE ESTERA;95
2024/2025;LM-35;VENETO;REGIONE ESTERA;95
2024/2025;LM-36;VENETO;VENETO;95
2024/2025;L-18;TOSCANA;CAMPANIA;95
2024/2025;L-18;LAZIO;MOLISE;95
2024/2025;L-10;MARCHE;EMILIA ROMAGNA;95
2024/2025;L-13;EMILIA ROMAGNA;SICILIA;95
2023/2024;LMG/01;Provincia autonoma di TRENTO;EMILIA ROMAGNA;95
2023/2024;LMG/01;Provincia autonoma di TRENTO;Provincia autonoma di BOLZANO;95
2023/2024;LMG/01;LOMBARDIA;FRIULI VENEZIA GIULIA;95
2023/2024;LM-77;LAZIO;VENETO;95
2023/2024;LM-77;TOSCANA;CAMPANIA;95
2023/2024;LM-68;MARCHE;MARCHE;95
2023/2024;LM-68;VENETO;VENETO;95
2024/2025;LM-78;CALABRIA;CALABRIA;95
2024/2025;LM-81;VENETO;REGIONE ESTERA;95
2024/2025;LM-75;LAZIO;LAZIO;95
2024/2025;LM-65;LAZIO;CAMPANIA;95
2024/2025;LM-66;VENETO;VENETO;95
2024/2025;LM-41;SICILIA;LAZIO;95
2024/2025;LM-45;LAZIO;LAZIO;95
2024/2025;LM-51;EMILIA ROMAGNA;MARCHE;95
2024/2025;LM-61;VENETO;REGIONE ESTERA;94
2024/2025;LM-51;PIEMONTE;LIGURIA;94
2023/2024;LM-68;TOSCANA;TOSCANA;94
2023/2024;LM-62;ABRUZZO;ABRUZZO;94
2023/2024;LM-78;MARCHE;MARCHE;94
2024/2025;L-11;VENETO;TOSCANA;94
2024/2025;L-2;UMBRIA;TOSCANA;94
2024/2025;LM-12;VENETO;VENETO;94
2024/2025;L-9;TOSCANA;CALABRIA;94
2024/2025;L-31;EMILIA ROMAGNA;MARCHE;94
2024/2025;L-28;SICILIA;SICILIA;94
2024/2025;L-24;VENETO;TOSCANA;94
2024/2025;L-27;EMILIA ROMAGNA;LOMBARDIA;94
2024/2025;L-8;LOMBARDIA;FRIULI VENEZIA GIULIA;94
2024/2025;L-8;EMILIA ROMAGNA;SICILIA;94
2023/2024;LM-37;FRIULI VENEZIA GIULIA;FRIULI VENEZIA GIULIA;94
2023/2024;LM-53;LOMBARDIA;REGIONE ESTERA;94
2023/2024;L-8;LOMBARDIA;FRIULI VENEZIA GIULIA;94
2023/2024;L-8;PIEMONTE;LAZIO;94
2023/2024;L-5;Provincia autonoma di TRENTO;Provincia autonoma di TRENTO;94
2023/2024;LM-19;LAZIO;CAMPANIA;94
2023/2024;L-38;CALABRIA;CALABRIA;94
2023/2024;L-4;LOMBARDIA;PUGLIA;94
2023/2024;L-3;LAZIO;CALABRIA;94
2023/2024;L-10;MOLISE;MOLISE;94
2023/2024;L-10;EMILIA ROMAGNA;CALABRIA;93
2023/2024;L-20;MOLISE;MOLISE;93
2023/2024;L-33;LOMBARDIA;SICILIA;93
2023/2024;L-33;LOMBARDIA;EMILIA ROMAGNA;93
2023/2024;LM-32;LAZIO;REGIONE ESTERA;93
2023/2024;LM-22;TOSCANA;TOSCANA;93
2023/2024;LM-59;LOMBARDIA;EMILIA ROMAGNA;93
2023/2024;LM-32;LOMBARDIA;LAZIO;93
2023/2024;LM-41;LAZIO;LIGURIA;93
2023/2024;LM-43;EMILIA ROMAGNA;EMILIA ROMAGNA;93
2024/2025;LM-13;ABRUZZO;PUGLIA;93
2024/2025;LM-31;LOMBARDIA;VENETO;93
2023/2024;LM-89;ABRUZZO;ABRUZZO;93
2024/2025;LM-51;Provincia autonoma di TRENTO;VENETO;93
2024/2025;LM-6;MARCHE;REGIONE ESTERA;93
2024/2025;LM-68;TOSCANA;TOSCANA;93
2024/2025;LM-67;SICILIA;CALABRIA;93
2024/2025;LM-77;EMILIA ROMAGNA;ABRUZZO;93
2024/2025;LM-70;TOSCANA;TOSCANA;93
2024/2025;LM-81;TOSCANA;REGIONE ESTERA;93
2024/2025;LMG/01;Provincia autonoma di TRENTO;EMILIA ROMAGNA;93
2024/2025;LM-Data;CAMPANIA;REGIONE ESTERA;92
2024/2025;LMG/01;LOMBARDIA;BASILICATA;92
2024/2025;LM-90;VENETO;VENETO;92
2024/2025;LM-77;PUGLIA;BASILICATA;92
2024/2025;LM-77;EMILIA ROMAGNA;CALABRIA;92
2024/2025;LM-77;LAZIO;VENETO;92
2024/2025;LM-6;VENETO;REGIONE ESTERA;92
2024/2025;LM-4cu;EMILIA ROMAGNA;PUGLIA;92
2023/2024;LM-85;LAZIO;CAMPANIA;92
2023/2024;LM-85 bis;UMBRIA;TOSCANA;92
2023/2024;LM-Data;LOMBARDIA;REGIONE ESTERA;92
2023/2024;LM-84;VENETO;REGIONE ESTERA;92
2023/2024;LM-81;PIEMONTE;PIEMONTE;92
2023/2024;LM-62;MARCHE;MARCHE;92
2024/2025;L-20;PIEMONTE;SICILIA;92
2024/2025;L-14;PUGLIA;BASILICATA;92
2024/2025;L-10;VENETO;REGIONE ESTERA;92
2024/2025;LM-37;FRIULI VENEZIA GIULIA;FRIULI VENEZIA GIULIA;92
2024/2025;LM-33;PIEMONTE;REGIONE ESTERA;92
2024/2025;LM-23;CAMPANIA;REGIONE ESTERA;92
2024/2025;LM-21;EMILIA ROMAGNA;EMILIA ROMAGNA;92
2024/2025;LM-13;EMILIA ROMAGNA;MARCHE;92
2024/2025;L-9;PIEMONTE;VALLE D'AOSTA;92
2024/2025;L-9;EMILIA ROMAGNA;MOLISE;92
2024/2025;LM-19;LIGURIA;LIGURIA;92
2024/2025;L-36;LAZIO;CALABRIA;92
2024/2025;L-39;Provincia autonoma di TRENTO;Provincia autonoma di TRENTO;92
2024/2025;L-33;LOMBARDIA;SICILIA;92
2023/2024;LM-41;SICILIA;PIEMONTE;92
2023/2024;LM-41;VENETO;SICILIA;92
2023/2024;LM-41;EMILIA ROMAGNA;BASILICATA;92
2023/2024;LM-46;EMILIA ROMAGNA;VENETO;92
2023/2024;LM-49;TOSCANA;TOSCANA;92
2023/2024;LM-51;LOMBARDIA;PUGLIA;92
2023/2024;LM-31;LOMBARDIA;LAZIO;92
2023/2024;LM-21;CALABRIA;CALABRIA;92
2023/2024;LM-15;VENETO;VENETO;92
2023/2024;L-9;EMILIA ROMAGNA;CAMPANIA;92
2023/2024;LM-12;LOMBARDIA;EMILIA ROMAGNA;92
2023/2024;L-36;TOSCANA;LIGURIA;92
2023/2024;L-24;VALLE D'AOSTA;VALLE D'AOSTA;92
2023/2024;L-24;UMBRIA;BASILICATA;92
2023/2024;L-11;CAMPANIA;BASILICATA;92
2023/2024;L-18;EMILIA ROMAGNA;LIGURIA;92
2023/2024;L-12;PIEMONTE;PUGLIA;92
2023/2024;L-11;VENETO;PUGLIA;91
2023/2024;L-18;LAZIO;MOLISE;91
2023/2024;L-18;PIEMONTE;PUGLIA;91
2023/2024;L-20;LOMBARDIA;CALABRIA;91
2023/2024;L-41;FRIULI VENEZIA GIULIA;FRIULI VENEZIA GIULIA;91
2023/2024;L-36;Provincia autonoma di TRENTO;LOMBARDIA;91
2023/2024;LM-13;LOMBARDIA;SICILIA;91
2023/2024;L-9;VENETO;Provincia autonoma di TRENTO;91
2023/2024;L-8;TOSCANA;CALABRIA;91
2023/2024;LM-3;LAZIO;REGIONE ESTERA;91
2023/2024;LM-28;EMILIA ROMAGNA;EMILIA ROMAGNA;91
2023/2024;LM-25;LOMBARDIA;REGIONE ESTERA;91
2023/2024;LM-51;LOMBARDIA;SICILIA;91
2023/2024;LM-59;LOMBARDIA;VENETO;91
2023/2024;LM-59;LAZIO;CAMPANIA;91
2023/2024;LM-55;Provincia autonoma di TRENTO;REGIONE ESTERA;91
2023/2024;LM-41;SICILIA;LAZIO;91
2023/2024;LM-32;LOMBARDIA;VENETO;91
2023/2024;LM-32;PUGLIA;PUGLIA;91
2024/2025;L-26;MARCHE;MARCHE;91
2024/2025;L-36;TOSCANA;LIGURIA;91
2024/2025;L-8;LOMBARDIA;PIEMONTE;91
2024/2025;L-5;Provincia autonoma di TRENTO;Provincia autonoma di TRENTO;91
2024/2025;LM-33;TOSCANA;REGIONE ESTERA;91
2024/2025;L-11;VENETO;Provincia autonoma di TRENTO;91
2024/2025;L-12;LOMBARDIA;REGIONE ESTERA;91
2024/2025;L/SNT3;LOMBARDIA;PIEMONTE;91
2024/2025;L-18;PIEMONTE;PUGLIA;91
2023/2024;LM-61;VENETO;VENETO;91
2023/2024;LM-77;VENETO;FRIULI VENEZIA GIULIA;91
2023/2024;LM-78;CALABRIA;CALABRIA;91
2023/2024;LM-77;MARCHE;EMILIA ROMAGNA;91
2023/2024;LM-77;MOLISE;MOLISE;91
2023/2024;LM-88;TOSCANA;TOSCANA;91
2024/2025;LM-50;VENETO;FRIULI VENEZIA GIULIA;91
2024/2025;LM-41;TOSCANA;BASILICATA;91
2024/2025;LM-53;CAMPANIA;CAMPANIA;91
2024/2025;LM-77;LAZIO;BASILICATA;91
2024/2025;LM-70;PIEMONTE;PIEMONTE;91
2024/2025;LM-84;CALABRIA;CALABRIA;91
2024/2025;LM-89;LAZIO;REGIONE ESTERA;90
2024/2025;LM-78;MARCHE;MARCHE;90
2024/2025;LM-92;LIGURIA;LIGURIA;90
2024/2025;LMG/01;MARCHE;ABRUZZO;90
2024/2025;LM-63;EMILIA ROMAGNA;EMILIA ROMAGNA;90
2023/2024;LM-85 bis;MARCHE;PUGLIA;90
2023/2024;LM-81;EMILIA ROMAGNA;EMILIA ROMAGNA;90
2023/2024;LM-65;LAZIO;CAMPANIA;90
2024/2025;L/SNT3;LAZIO;PUGLIA;90
2024/2025;L-1;BASILICATA;BASILICATA;90
2024/2025;LM-32;LOMBARDIA;VENETO;90
2024/2025;LM-33;EMILIA ROMAGNA;MARCHE;90
2024/2025;L-9;EMILIA ROMAGNA;CAMPANIA;90
2024/2025;L-4;SARDEGNA;SARDEGNA;90
2024/2025;L-40;Provincia autonoma di TRENTO;VENETO;90
2024/2025;L-31;EMILIA ROMAGNA;REGIONE ESTERA;90
2023/2024;LM-33;EMILIA ROMAGNA;MARCHE;90
2023/2024;LM-41;CAMPANIA;CALABRIA;90
2023/2024;LM-19;LIGURIA;LIGURIA;90
2023/2024;L-9;EMILIA ROMAGNA;LAZIO;90
2023/2024;L-9;PIEMONTE;TOSCANA;90
2023/2024;L-34;CALABRIA;CALABRIA;90
2023/2024;L-12;PUGLIA;BASILICATA;90
2023/2024;L/SNT3;LOMBARDIA;PIEMONTE;90
2023/2024;L/SNT1;LAZIO;BASILICATA;90
2023/2024;L/SNT2;LAZIO;CAMPANIA;89
2023/2024;L-10;FRIULI VENEZIA GIULIA;VENETO;89
2023/2024;L-42;SICILIA;SICILIA;89
2023/2024;L-39;Provincia autonoma di TRENTO;Provincia autonoma di TRENTO;89
2023/2024;L-20;PIEMONTE;PUGLIA;89
2023/2024;L-3;LOMBARDIA;PIEMONTE;89
2023/2024;L-3;EMILIA ROMAGNA;PUGLIA;89
2023/2024;L-9;LAZIO;SICILIA;89
2023/2024;L-8;TOSCANA;LAZIO;89
2023/2024;L-8;PIEMONTE;LOMBARDIA;89
2023/2024;LM-2;PUGLIA;PUGLIA;89
2023/2024;LM-41;SARDEGNA;PIEMONTE;89
2023/2024;LM-46;ABRUZZO;PUGLIA;89
2023/2024;LM-45;LAZIO;LAZIO;89
2023/2024;LM-56;TOSCANA;REGIONE ESTERA;89
2023/2024;LM-58;LAZIO;LAZIO;89
2023/2024;LM-4cu;TOSCANA;REGIONE ESTERA;89
2024/2025;L-33;LAZIO;UMBRIA;89
2024/2025;L-9;ABRUZZO;LAZIO;89
2024/2025;L-8;PIEMONTE;LAZIO;89
2024/2025;L-9;EMILIA ROMAGNA;LAZIO;89
2024/2025;L-9;PIEMONTE;EMILIA ROMAGNA;89
2024/2025;LM/SNT3;PUGLIA;PUGLIA;89
2024/2025;LM-30;EMILIA ROMAGNA;EMILIA ROMAGNA;89
2024/2025;L-12;LOMBARDIA;SICILIA;89
2024/2025;L-14;ABRUZZO;LOMBARDIA;89
2024/2025;L-22;ABRUZZO;LAZIO;89
2024/2025;L-22;PUGLIA;BASILICATA;89
2023/2024;LM-85 bis;VENETO;LOMBARDIA;89
2024/2025;LM-61;MARCHE;MARCHE;89
2024/2025;LM-53;LAZIO;LAZIO;89
2024/2025;LM-52;LAZIO;CAMPANIA;89
2024/2025;LM-51;LOMBARDIA;PUGLIA;89
2024/2025;LM-49;TOSCANA;REGIONE ESTERA;89
2024/2025;L-P01;VENETO;VENETO;89
2024/2025;LM-77;VENETO;LOMBARDIA;89
2024/2025;LM-85 bis;VENETO;LOMBARDIA;88
2024/2025;LM-87;LIGURIA;LIGURIA;88
2024/2025;LM-85 bis;LIGURIA;PIEMONTE;88
2024/2025;LMG/01;PIEMONTE;LIGURIA;88
2024/2025;LM-46;ABRUZZO;LAZIO;88
2024/2025;LM-41;LAZIO;LIGURIA;88
2024/2025;LM-41;CAMPANIA;CALABRIA;88
2024/2025;LM-38;PUGLIA;PUGLIA;88
2024/2025;LM-55;Provincia autonoma di TRENTO;REGIONE ESTERA;88
2023/2024;LM-67;SICILIA;CALABRIA;88
2023/2024;LM-77;LOMBARDIA;FRIULI VENEZIA GIULIA;88
2023/2024;LM-77;VENETO;LOMBARDIA;88
2024/2025;L-2;FRIULI VENEZIA GIULIA;VENETO;88
2024/2025;L-9;UMBRIA;REGIONE ESTERA;88
2024/2025;LM-2;PUGLIA;PUGLIA;88
2024/2025;L-38;MARCHE;MARCHE;88
2024/2025;L-35;Provincia autonoma di TRENTO;VENETO;88
2023/2024;LM-4cu;EMILIA ROMAGNA;VENETO;88
2023/2024;LM-51;EMILIA ROMAGNA;LOMBARDIA;88
2023/2024;LM-51;VENETO;MARCHE;88
2023/2024;LM-46;ABRUZZO;LAZIO;88
2023/2024;LM-41;ABRUZZO;LOMBARDIA;88
2023/2024;LM-19;SARDEGNA;SARDEGNA;88
2023/2024;LM-21;EMILIA ROMAGNA;EMILIA ROMAGNA;88
2023/2024;LM-32;FRIULI VENEZIA GIULIA;FRIULI VENEZIA GIULIA;88
2023/2024;L-9;LOMBARDIA;REGIONE ESTERA;88
2023/2024;L-9;MOLISE;MOLISE;88
2023/2024;LM-14;EMILIA ROMAGNA;LOMBARDIA;88
2023/2024;L-3;LAZIO;UMBRIA;88
2023/2024;L-28;SICILIA;SICILIA;88
2023/2024;L-36;EMILIA ROMAGNA;ABRUZZO;88
2023/2024;L-11;MARCHE;ABRUZZO;88
2023/2024;L-2;FRIULI VENEZIA GIULIA;VENETO;88
2023/2024;L-2;ABRUZZO;LAZIO;87
2023/2024;L/SNT1;VENETO;LOMBARDIA;87
2023/2024;L-10;TOSCANA;CALABRIA;87
2023/2024;L-4;LOMBARDIA;SICILIA;87
2023/2024;L-3;LAZIO;TOSCANA;87
2023/2024;L-20;TOSCANA;LIGURIA;87
2023/2024;L-24;LAZIO;TOSCANA;87
2023/2024;LM-12;PIEMONTE;PIEMONTE;87
2023/2024;LM-13;ABRUZZO;MOLISE;87
2023/2024;LM-33;PIEMONTE;CAMPANIA;87
2023/2024;LM-37;UMBRIA;UMBRIA;87
2023/2024;LM-4;EMILIA ROMAGNA;EMILIA ROMAGNA;87
2023/2024;LM-4;MARCHE;MARCHE;87
2023/2024;LM-59;LOMBARDIA;PUGLIA;87
2023/2024;LM-52;UMBRIA;UMBRIA;87
2024/2025;L-31;Provincia autonoma di TRENTO;LOMBARDIA;87
2024/2025;L-8;PIEMONTE;CAMPANIA;87
2024/2025;L-5;EMILIA ROMAGNA;MARCHE;87
2024/2025;L-41;FRIULI VENEZIA GIULIA;FRIULI VENEZIA GIULIA;87
2024/2025;L-9;VENETO;EMILIA ROMAGNA;87
2024/2025;L-9;VENETO;Provincia autonoma di TRENTO;87
2024/2025;LM-21;LIGURIA;LIGURIA;87
2024/2025;LM-31;ABRUZZO;ABRUZZO;87
2024/2025;L-20;EMILIA ROMAGNA;SICILIA;87
2024/2025;L-20;TOSCANA;REGIONE ESTERA;87
2024/2025;L-18;TOSCANA;EMILIA ROMAGNA;87
2024/2025;L-18;EMILIA ROMAGNA;CAMPANIA;87
2024/2025;L-14;ABRUZZO;TOSCANA;87
2024/2025;L-12;VENETO;EMILIA ROMAGNA;87
2024/2025;L-11;LAZIO;ABRUZZO;87
2024/2025;L-10;EMILIA ROMAGNA;ABRUZZO;87
2023/2024;LM-77;LAZIO;BASILICATA;87
2023/2024;LMG/01;EMILIA ROMAGNA;MOLISE;87
2023/2024;LM-92;LAZIO;LAZIO;87
2023/2024;LMG/01;PIEMONTE;VALLE D'AOSTA;87
2024/2025;LM-63;LIGURIA;LIGURIA;87
2024/2025;LM-41;PUGLIA;CALABRIA;87
2024/2025;LM-46;ABRUZZO;PUGLIA;87
2024/2025;LMG/01;PIEMONTE;VALLE D'AOSTA;87
2024/2025;LMG/01;Provincia autonoma di TRENTO;MARCHE;87
2024/2025;LM-87;MARCHE;MARCHE;87
2024/2025;LM-89;VENETO;LOMBARDIA;87
2024/2025;LM-62;ABRUZZO;ABRUZZO;86
2023/2024;LMG/01;Provincia autonoma di TRENTO;MARCHE;86
2023/2024;LM-91;PIEMONTE;PIEMONTE;86
2023/2024;LM-93;EMILIA ROMAGNA;VENETO;86
2023/2024;LM-85 bis;MOLISE;ABRUZZO;86
2023/2024;LM-89;VENETO;LOMBARDIA;86
2023/2024;LM-75;LAZIO;LAZIO;86
2023/2024;LM-81;EMILIA ROMAGNA;REGIONE ESTERA;86
2023/2024;LM-81;PIEMONTE;REGIONE ESTERA;86
2023/2024;LM-82;PIEMONTE;PIEMONTE;86
2023/2024;LM-63;TOSCANA;TOSCANA;86
2023/2024;LM-62;TOSCANA;TOSCANA;86
2024/2025;L/SNT4;PIEMONTE;PIEMONTE;86
2024/2025;L-12;VALLE D'AOSTA;VALLE D'AOSTA;86
2024/2025;L-16;LOMBARDIA;REGIONE ESTERA;86
2024/2025;L-24;LAZIO;SICILIA;86
2024/2025;L-24;EMILIA ROMAGNA;MARCHE;86
2024/2025;L-20;PIEMONTE;PUGLIA;86
2024/2025;LM-33;EMILIA ROMAGNA;CAMPANIA;86
2024/2025;LM-28;CAMPANIA;CAMPANIA;86
2024/2025;L-8;LOMBARDIA;REGIONE ESTERA;86
2024/2025;L-8;LOMBARDIA;MARCHE;86
2024/2025;L-8;LOMBARDIA;CALABRIA;86
2024/2025;L-39;LAZIO;PUGLIA;86
2024/2025;L-31;VENETO;REGIONE ESTERA;86
2024/2025;L-33;LOMBARDIA;LAZIO;86
2023/2024;LM-41;CAMPANIA;LOMBARDIA;86
2023/2024;LM-41;EMILIA ROMAGNA;LAZIO;86
2023/2024;LM-41;LOMBARDIA;BASILICATA;86
2023/2024;LM-21;LOMBARDIA;REGIONE ESTERA;86
2023/2024;L-40;Provincia autonoma di TRENTO;VENETO;86
2023/2024;L-19;EMILIA ROMAGNA;PUGLIA;86
2023/2024;L-19;EMILIA ROMAGNA;SICILIA;86
2023/2024;L-12;LOMBARDIA;VENETO;85
2023/2024;L/SNT4;PIEMONTE;PIEMONTE;85
2023/2024;L/SNT1;LOMBARDIA;PUGLIA;85
2023/2024;L-4;VENETO;LOMBARDIA;85
2023/2024;L-4;EMILIA ROMAGNA;VENETO;85
2023/2024;L-36;VENETO;Provincia autonoma di TRENTO;85
2023/2024;L-32;LOMBARDIA;PIEMONTE;85
2023/2024;L-20;Provincia autonoma di TRENTO;Provincia autonoma di TRENTO;85
2023/2024;L-25;VENETO;Provincia autonoma di TRENTO;85
2023/2024;LM-25;PIEMONTE;PUGLIA;85
2023/2024;LM-13;TOSCANA;SICILIA;85
2023/2024;L-5;EMILIA ROMAGNA;SICILIA;85
2023/2024;LM-33;SARDEGNA;SARDEGNA;85
2023/2024;LM-54;SARDEGNA;SARDEGNA;85
2024/2025;L-3;LOMBARDIA;PIEMONTE;85
2024/2025;L-3;LAZIO;TOSCANA;85
2024/2025;L-3;LAZIO;UMBRIA;85
2024/2025;L-36;LOMBARDIA;VENETO;85
2024/2025;L-8;TOSCANA;CALABRIA;85
2024/2025;L-7;SICILIA;REGIONE ESTERA;85
2024/2025;LM-22;TOSCANA;TOSCANA;85
2024/2025;LM-17;FRIULI VENEZIA GIULIA;FRIULI VENEZIA GIULIA;85
2024/2025;L-20;MOLISE;MOLISE;85
2024/2025;L-24;LAZIO;UMBRIA;85
2024/2025;L-17;LOMBARDIA;PUGLIA;85
2024/2025;L-10;MOLISE;MOLISE;85
2024/2025;L-11;LAZIO;REGIONE ESTERA;85
2024/2025;L-11;PIEMONTE;REGIONE ESTERA;85
2023/2024;LM-66;LOMBARDIA;LOMBARDIA;85
2023/2024;LM-74;CAMPANIA;CAMPANIA;85
2023/2024;LM-8;LOMBARDIA;REGIONE ESTERA;85
2023/2024;LM-9;PIEMONTE;LOMBARDIA;85
2023/2024;LM-87;LIGURIA;LIGURIA;85
2023/2024;LM-94;LOMBARDIA;LOMBARDIA;85
2023/2024;L-P01;EMILIA ROMAGNA;EMILIA ROMAGNA;85
2023/2024;LMG/01;VENETO;FRIULI VENEZIA GIULIA;85
2024/2025;LM-58;LAZIO;LAZIO;85
2024/2025;LM-51;VENETO;SARDEGNA;85
2024/2025;LM-41;MARCHE;ABRUZZO;85
2024/2025;LM-85 bis;MARCHE;UMBRIA;85
2024/2025;LM-76;LAZIO;REGIONE ESTERA;85
2024/2025;LM-92;LAZIO;LAZIO;85
2024/2025;LM-92;CALABRIA;CALABRIA;85
2024/2025;LM-90;LOMBARDIA;LOMBARDIA;84
2024/2025;LM-9;PIEMONTE;REGIONE ESTERA;84
2024/2025;LM-77;MARCHE;ABRUZZO;84
2024/2025;LM-77;VENETO;EMILIA ROMAGNA;84
2024/2025;LM-85 bis;MARCHE;PUGLIA;84
2024/2025;LM-85 bis;UMBRIA;LAZIO;84
2024/2025;LM-46;EMILIA ROMAGNA;VENETO;84
2024/2025;LM-43;EMILIA ROMAGNA;EMILIA ROMAGNA;84
2024/2025;LM-51;LAZIO;SICILIA;84
2024/2025;LM-53;VENETO;REGIONE ESTERA;84
2023/2024;LM-85 bis;LIGURIA;PIEMONTE;84
2023/2024;LM-71;PIEMONTE;PIEMONTE;84
2023/2024;LM-61;TOSCANA;VENETO;84
2024/2025;L-11;CAMPANIA;BASILICATA;84
2024/2025;L/SNT3;Provincia autonoma di BOLZANO;Provincia autonoma di BOLZANO;84
2024/2025;L/SNT2;ABRUZZO;PUGLIA;84
2024/2025;L-24;LAZIO;TOSCANA;84
2024/2025;L-22;EMILIA ROMAGNA;PUGLIA;84
2024/2025;LM-17;LIGURIA;LIGURIA;84
2024/2025;LM-18;LOMBARDIA;REGIONE ESTERA;84
2024/2025;LM/SNT3;CAMPANIA;CAMPANIA;84
2024/2025;LM-32;LOMBARDIA;PUGLIA;84
2024/2025;L-29;PUGLIA;PUGLIA;84
2024/2025;L-33;VENETO;LOMBARDIA;84
2024/2025;L-30;Provincia autonoma di TRENTO;VENETO;84
2023/2024;LM-51;LOMBARDIA;EMILIA ROMAGNA;84
2023/2024;LM-37;LAZIO;CAMPANIA;84
2023/2024;LM-41;VENETO;MARCHE;84
2023/2024;L-6;LAZIO;LAZIO;84
2023/2024;L-9;CAMPANIA;BASILICATA;84
2023/2024;L-9;ABRUZZO;LAZIO;84
2023/2024;L-9;PIEMONTE;VENETO;84
2023/2024;L-3;LAZIO;MARCHE;84
2023/2024;L-32;FRIULI VENEZIA GIULIA;VENETO;84
2023/2024;L/SNT2;ABRUZZO;MARCHE;84
2023/2024;L/SNT1;VALLE D'AOSTA;VALLE D'AOSTA;84
2023/2024;L/SNT1;EMILIA ROMAGNA;MARCHE;84
2023/2024;L-10;LAZIO;PUGLIA;83
2023/2024;L-10;MARCHE;EMILIA ROMAGNA;83
2023/2024;L-11;VENETO;MARCHE;83
2023/2024;L-14;ABRUZZO;LOMBARDIA;83
2023/2024;L-31;EMILIA ROMAGNA;REGIONE ESTERA;83
2023/2024;L-2;UMBRIA;LAZIO;83
2023/2024;LM/DS;LIGURIA;LIGURIA;83
2023/2024;LM-14;EMILIA ROMAGNA;VENETO;83
2023/2024;LM-13;FRIULI VENEZIA GIULIA;REGIONE ESTERA;83
2023/2024;L-8;MARCHE;PUGLIA;83
2023/2024;L-8;LOMBARDIA;PIEMONTE;83
2023/2024;LM-41;TOSCANA;BASILICATA;83
2023/2024;LM-43;SICILIA;SICILIA;83
2023/2024;LM-34;CAMPANIA;CAMPANIA;83
2023/2024;LM-35;CALABRIA;CALABRIA;83
2023/2024;LM-33;EMILIA ROMAGNA;LAZIO;83
2023/2024;LM-57;TOSCANA;TOSCANA;83
2023/2024;LM-56;EMILIA ROMAGNA;VENETO;83
2023/2024;LM-6;EMILIA ROMAGNA;LOMBARDIA;83
2023/2024;LM-6;LAZIO;CAMPANIA;83
2024/2025;L-8;LAZIO;CALABRIA;83
2024/2025;L-8;PIEMONTE;LOMBARDIA;83
2024/2025;L-36;EMILIA ROMAGNA;ABRUZZO;83
2024/2025;L-4;EMILIA ROMAGNA;VENETO;83
2024/2025;L-4;VENETO;LOMBARDIA;83
2024/2025;LM-37;LAZIO;REGIONE ESTERA;83
2024/2025;LM-18;CALABRIA;CALABRIA;83
2024/2025;L-20;LOMBARDIA;CALABRIA;83
2024/2025;L-19;PUGLIA;BASILICATA;83
2024/2025;L-14;LOMBARDIA;REGIONE ESTERA;83
2024/2025;L/SNT1;LAZIO;BASILICATA;83
2023/2024;LM-82;TOSCANA;TOSCANA;83
2023/2024;LM-84;CALABRIA;CALABRIA;83
2023/2024;LM-81;VENETO;REGIONE ESTERA;83
2023/2024;LM-89;EMILIA ROMAGNA;LOMBARDIA;83
2024/2025;LM-56;EMILIA ROMAGNA;VENETO;83
2024/2025;LM-41;EMILIA ROMAGNA;FRIULI VENEZIA GIULIA;83
2024/2025;LM-41;UMBRIA;REGIONE ESTERA;83
2024/2025;LM-85 bis;LAZIO;CALABRIA;83
2024/2025;LM-93;EMILIA ROMAGNA;VENETO;83
2024/2025;LM-89;LIGURIA;LIGURIA;82
2024/2025;LM-81;VENETO;VENETO;82
2024/2025;LM-81;PIEMONTE;REGIONE ESTERA;82
2024/2025;LM-81;EMILIA ROMAGNA;EMILIA ROMAGNA;82
2024/2025;LM-41;UMBRIA;VENETO;82
2024/2025;LM-41;TOSCANA;MARCHE;82
2024/2025;LM-41;ABRUZZO;LOMBARDIA;82
2024/2025;LM-5;PIEMONTE;PIEMONTE;82
2024/2025;LM-59;LOMBARDIA;VENETO;82
2024/2025;LM-52;LAZIO;PUGLIA;82
2023/2024;LM-89;SARDEGNA;SARDEGNA;82
2023/2024;LM-87;MARCHE;MARCHE;82
2023/2024;LM-Data;CAMPANIA;REGIONE ESTERA;82
2024/2025;L-10;EMILIA ROMAGNA;CALABRIA;82
2024/2025;L-12;MARCHE;ABRUZZO;82
2024/2025;L-18;LOMBARDIA;UMBRIA;82
2024/2025;L-19;EMILIA ROMAGNA;Provincia autonoma di TRENTO;82
2024/2025;L-20;TOSCANA;LIGURIA;82
2024/2025;L-23;EMILIA ROMAGNA;EMILIA ROMAGNA;82
2024/2025;L-23;TOSCANA;TOSCANA;82
2024/2025;LM/SNT2;TOSCANA;TOSCANA;82
2024/2025;LM/SNT1;UMBRIA;UMBRIA;82
2024/2025;LM/SNT1;LIGURIA;LIGURIA;82
2024/2025;L-9;MOLISE;MOLISE;82
2024/2025;LM-37;UMBRIA;UMBRIA;82
2024/2025;LM-35;CALABRIA;CALABRIA;82
2024/2025;L-39;LAZIO;SICILIA;82
2024/2025;L-38;CALABRIA;CALABRIA;82
2024/2025;L-32;ABRUZZO;ABRUZZO;82
2024/2025;L-32;LOMBARDIA;PIEMONTE;82
2023/2024;LM-6;VENETO;REGIONE ESTERA;82
2023/2024;LM-56;BASILICATA;BASILICATA;82
2023/2024;LM-51;ABRUZZO;MARCHE;82
2023/2024;LM-51;Provincia autonoma di TRENTO;VENETO;82
2023/2024;LM-39;PIEMONTE;PIEMONTE;82
2023/2024;LM-41;TOSCANA;MARCHE;82
2023/2024;L-5;EMILIA ROMAGNA;MARCHE;82
2023/2024;L-8;CAMPANIA;BASILICATA;82
2023/2024;LM-30;PUGLIA;PUGLIA;82
2023/2024;LM-30;SICILIA;SICILIA;82
2023/2024;LM-20;LOMBARDIA;EMILIA ROMAGNA;82
2023/2024;LM-18;SARDEGNA;SARDEGNA;82
2023/2024;L-24;LAZIO;UMBRIA;82
2023/2024;L-30;Provincia autonoma di TRENTO;VENETO;82
2023/2024;L-3;EMILIA ROMAGNA;SICILIA;82
2023/2024;L-4;LOMBARDIA;LAZIO;82
2023/2024;L-42;EMILIA ROMAGNA;PUGLIA;82
2023/2024;L-12;VENETO;Provincia autonoma di TRENTO;82
2023/2024;L-18;TOSCANA;SARDEGNA;82
2023/2024;L-19;Provincia autonoma di BOLZANO;Provincia autonoma di BOLZANO;82
2023/2024;L-19;PUGLIA;BASILICATA;82
2023/2024;L-11;CAMPANIA;SICILIA;82
2023/2024;L-1;EMILIA ROMAGNA;LOMBARDIA;82
2023/2024;L/SNT2;LAZIO;PUGLIA;82
2023/2024;L/SNT3;Provincia autonoma di BOLZANO;Provincia autonoma di BOLZANO;82
2023/2024;L-12;LOMBARDIA;CALABRIA;81
2023/2024;L-12;ABRUZZO;PUGLIA;81
2023/2024;L-34;FRIULI VENEZIA GIULIA;FRIULI VENEZIA GIULIA;81
2023/2024;L-35;LOMBARDIA;PIEMONTE;81
2023/2024;L-25;EMILIA ROMAGNA;VENETO;81
2023/2024;L-24;UMBRIA;EMILIA ROMAGNA;81
2023/2024;L-20;LOMBARDIA;FRIULI VENEZIA GIULIA;81
2023/2024;L-20;LOMBARDIA;MARCHE;81
2023/2024;LM-31;PIEMONTE;CAMPANIA;81
2023/2024;LM-31;EMILIA ROMAGNA;PUGLIA;81
2023/2024;L-7;EMILIA ROMAGNA;VENETO;81
2023/2024;L-43;LAZIO;LAZIO;81
2023/2024;L-8;TOSCANA;LIGURIA;81
2023/2024;L-9;LAZIO;MOLISE;81
2023/2024;LM/DS;PIEMONTE;PIEMONTE;81
2023/2024;LM/SNT1;UMBRIA;UMBRIA;81
2023/2024;LM-32;LOMBARDIA;SICILIA;81
2023/2024;LM-52;Provincia autonoma di TRENTO;REGIONE ESTERA;81
2024/2025;L-8;TOSCANA;LIGURIA;81
2024/2025;LM-33;SARDEGNA;SARDEGNA;81
2024/2025;LM-32;LOMBARDIA;SICILIA;81
2024/2025;LM-20;LOMBARDIA;EMILIA ROMAGNA;81
2024/2025;LM-12;LOMBARDIA;VENETO;81
2024/2025;LM-2;LAZIO;REGIONE ESTERA;81
2024/2025;L-2;ABRUZZO;LAZIO;81
2024/2025;L-14;VENETO;LOMBARDIA;81
2023/2024;LM-71;LOMBARDIA;LOMBARDIA;81
2023/2024;LM-67;EMILIA ROMAGNA;PUGLIA;81
2024/2025;LM-59;LOMBARDIA;PUGLIA;81
2024/2025;LM-59;LAZIO;CAMPANIA;81
2024/2025;LM-61;TOSCANA;VENETO;81
2024/2025;LM-69;PIEMONTE;PIEMONTE;81
2024/2025;LM-51;LOMBARDIA;SICILIA;81
2024/2025;LM-41;CAMPANIA;LOMBARDIA;81
2024/2025;LM-77;EMILIA ROMAGNA;PIEMONTE;81
2024/2025;LM-74;CAMPANIA;CAMPANIA;81
2024/2025;LM-88;TOSCANA;TOSCANA;81
2024/2025;LM-87;FRIULI VENEZIA GIULIA;FRIULI VENEZIA GIULIA;81
2024/2025;LM-73;VENETO;REGIONE ESTERA;80
2024/2025;LM-71;LOMBARDIA;LOMBARDIA;80
2024/2025;LM-77;LOMBARDIA;SARDEGNA;80
2024/2025;LM-81;EMILIA ROMAGNA;REGIONE ESTERA;80
2024/2025;LM-9;EMILIA ROMAGNA;VENETO;80
2024/2025;LMG/01;EMILIA ROMAGNA;MOLISE;80
2023/2024;LM-71;EMILIA ROMAGNA;REGIONE ESTERA;80
2023/2024;LM-81;VENETO;VENETO;80
2023/2024;LM-94;FRIULI VENEZIA GIULIA;FRIULI VENEZIA GIULIA;80
2023/2024;LM-85 bis;LOMBARDIA;VENETO;80
2024/2025;L/SNT1;FRIULI VENEZIA GIULIA;VENETO;80
2024/2025;L/SNT1;MOLISE;LAZIO;80
2024/2025;L-9;CAMPANIA;BASILICATA;80
2024/2025;LM-33;EMILIA ROMAGNA;LAZIO;80
2024/2025;LM-31;MARCHE;MARCHE;80
2024/2025;L-7;EMILIA ROMAGNA;VENETO;80
2024/2025;L-30;Provincia autonoma di TRENTO;Provincia autonoma di TRENTO;80
2024/2025;L-28;PUGLIA;PUGLIA;80
2024/2025;L-3;EMILIA ROMAGNA;PUGLIA;80
2024/2025;L-24;TOSCANA;EMILIA ROMAGNA;80
2023/2024;LM-6;ABRUZZO;ABRUZZO;80
2023/2024;LM-51;PIEMONTE;LIGURIA;80
2023/2024;LM-51;VENETO;Provincia autonoma di TRENTO;80
2023/2024;LM-51;LOMBARDIA;LIGURIA;80
2023/2024;LM-13;EMILIA ROMAGNA;ABRUZZO;80
2023/2024;LM-12;LIGURIA;LIGURIA;80
2023/2024;L-8;LOMBARDIA;REGIONE ESTERA;80
2023/2024;LM-29;SICILIA;REGIONE ESTERA;80
2023/2024;LM-23;FRIULI VENEZIA GIULIA;FRIULI VENEZIA GIULIA;80
2023/2024;LM-23;MARCHE;MARCHE;80
2023/2024;L-24;EMILIA ROMAGNA;MARCHE;80
2023/2024;L-40;ABRUZZO;LAZIO;80
2023/2024;L-13;TOSCANA;SICILIA;80
2023/2024;L/SNT4;EMILIA ROMAGNA;EMILIA ROMAGNA;80
2023/2024;L-10;LOMBARDIA;EMILIA ROMAGNA;80
2023/2024;L-1;TOSCANA;LIGURIA;80
2023/2024;99999;Provincia autonoma di TRENTO;Provincia autonoma di TRENTO;80
2023/2024;L/SNT4;CALABRIA;CALABRIA;79
2023/2024;L/SNT3;LAZIO;REGIONE ESTERA;79
2023/2024;L-14;TOSCANA;LIGURIA;79
2023/2024;L-12;VALLE D'AOSTA;VALLE D'AOSTA;79
2023/2024;L-19;SICILIA;CALABRIA;79
2023/2024;L-17;LOMBARDIA;PUGLIA;79
2023/2024;L-36;EMILIA ROMAGNA;LAZIO;79
2023/2024;L-2;UMBRIA;PUGLIA;79
2023/2024;L-22;ABRUZZO;LAZIO;79
2023/2024;LM-29;EMILIA ROMAGNA;REGIONE ESTERA;79
2023/2024;LM-31;MARCHE;MARCHE;79
2023/2024;LM-32;LOMBARDIA;CAMPANIA;79
2023/2024;LM-15;TOSCANA;TOSCANA;79
2023/2024;LM-18;TOSCANA;REGIONE ESTERA;79
2023/2024;LM/SNT3;CAMPANIA;CAMPANIA;79
2023/2024;LM-50;VENETO;FRIULI VENEZIA GIULIA;79
2023/2024;LM-53;CAMPANIA;CAMPANIA;79
2023/2024;LM-55;SICILIA;REGIONE ESTERA;79
2023/2024;LM-41;TOSCANA;Provincia autonoma di TRENTO;79
2023/2024;LM-46;ABRUZZO;CAMPANIA;79
2024/2025;L-3;EMILIA ROMAGNA;SICILIA;79
2024/2025;L-34;CALABRIA;CALABRIA;79
2024/2025;L-34;FRIULI VENEZIA GIULIA;FRIULI VENEZIA GIULIA;79
2024/2025;L-8;TOSCANA;PUGLIA;79
2024/2025;L-6;LAZIO;LAZIO;79
2024/2025;L-36;LAZIO;VENETO;79
2024/2025;L-39;PUGLIA;BASILICATA;79
2024/2025;LM-31;PIEMONTE;CAMPANIA;79
2024/2025;LM-21;LOMBARDIA;REGIONE ESTERA;79
2024/2025;LM-21;MARCHE;MARCHE;79
2024/2025;L-9;LAZIO;SICILIA;79
2024/2025;LM/DS;PIEMONTE;PIEMONTE;79
2024/2025;L-10;LAZIO;REGIONE ESTERA;79
2024/2025;L-1;VENETO;EMILIA ROMAGNA;79
2024/2025;L/SNT4;FRIULI VENEZIA GIULIA;FRIULI VENEZIA GIULIA;79
2024/2025;L-13;VENETO;REGIONE ESTERA;79
2023/2024;LM-9;EMILIA ROMAGNA;PUGLIA;79
2023/2024;LM-9;EMILIA ROMAGNA;VENETO;79
2023/2024;LM-77;VENETO;EMILIA ROMAGNA;79
2023/2024;LM-77;MARCHE;ABRUZZO;79
2023/2024;LM-69;PIEMONTE;PIEMONTE;79
2023/2024;LM-63;LIGURIA;LIGURIA;79
2024/2025;LM-90;VENETO;REGIONE ESTERA;79
2024/2025;LM-84;PUGLIA;PUGLIA;79
2024/2025;LM-39;PIEMONTE;PIEMONTE;79
2024/2025;LM-41;UMBRIA;SICILIA;79
2024/2025;LM-49;CAMPANIA;CAMPANIA;79
2024/2025;LM-46;FRIULI VENEZIA GIULIA;VENETO;79
2024/2025;LM-46;LAZIO;PUGLIA;79
2024/2025;LM-62;MARCHE;MARCHE;79
2024/2025;LM-56;BASILICATA;BASILICATA;79
2024/2025;LM-51;VENETO;PIEMONTE;79
2024/2025;LM-6;MARCHE;ABRUZZO;78
2024/2025;LM-46;UMBRIA;UMBRIA;78
2024/2025;LM-4cu;TOSCANA;EMILIA ROMAGNA;78
2024/2025;LM-51;FRIULI VENEZIA GIULIA;FRIULI VENEZIA GIULIA;78
2024/2025;LM-50;EMILIA ROMAGNA;VENETO;78
2024/2025;LM-41;LOMBARDIA;FRIULI VENEZIA GIULIA;78
2024/2025;LM-9;EMILIA ROMAGNA;PUGLIA;78
2024/2025;LM-91;PUGLIA;PUGLIA;78
2024/2025;LM-Data;PUGLIA;PUGLIA;78
2024/2025;L-12;PIEMONTE;PUGLIA;78
2024/2025;L-11;EMILIA ROMAGNA;REGIONE ESTERA;78
2024/2025;L-10;TOSCANA;CALABRIA;78
2024/2025;L/GASTR;PIEMONTE;PIEMONTE;78
2024/2025;L-14;TOSCANA;LIGURIA;78
2024/2025;L-19;EMILIA ROMAGNA;PUGLIA;78
2024/2025;L-22;MARCHE;PUGLIA;78
2024/2025;LM-12;PIEMONTE;PIEMONTE;78
2024/2025;LM-13;EMILIA ROMAGNA;TOSCANA;78
2024/2025;LM-19;LAZIO;CAMPANIA;78
2024/2025;LM-13;TOSCANA;PUGLIA;78
2024/2025;LM-23;MARCHE;MARCHE;78
2024/2025;LM-26;LIGURIA;REGIONE ESTERA;78
2024/2025;LM-33;LOMBARDIA;EMILIA ROMAGNA;78
2024/2025;LM-33;PIEMONTE;CAMPANIA;78
2024/2025;L-4;VENETO;EMILIA ROMAGNA;78
2024/2025;L-37;SICILIA;SICILIA;78
2024/2025;L-8;TOSCANA;LAZIO;78
2024/2025;L-8;VENETO;Provincia autonoma di TRENTO;78
2024/2025;L-35;Provincia autonoma di TRENTO;Provincia autonoma di TRENTO;78
2023/2024;LM-42;SICILIA;CALABRIA;78
2023/2024;LM-41;UMBRIA;CAMPANIA;78
2023/2024;LM-6;MARCHE;ABRUZZO;78
2023/2024;LM-52;LAZIO;PUGLIA;78
2023/2024;LM-12;EMILIA ROMAGNA;EMILIA ROMAGNA;78
2023/2024;LM-12;LOMBARDIA;VENETO;78
2023/2024;LM-13;TOSCANA;CALABRIA;78
2023/2024;L-9;PIEMONTE;EMILIA ROMAGNA;78
2023/2024;L-9;LOMBARDIA;Provincia autonoma di TRENTO;78
2023/2024;LM-18;CALABRIA;CALABRIA;78
2023/2024;L-26;BASILICATA;BASILICATA;78
2023/2024;L-26;CALABRIA;CALABRIA;78
2023/2024;L-3;LOMBARDIA;EMILIA ROMAGNA;78
2023/2024;L-36;LAZIO;VENETO;78
2023/2024;L-34;ABRUZZO;ABRUZZO;78
2023/2024;L-31;VENETO;Provincia autonoma di TRENTO;78
2023/2024;L-36;TOSCANA;SICILIA;78
2023/2024;L-39;PUGLIA;BASILICATA;78
2023/2024;L-17;PIEMONTE;SICILIA;78
2023/2024;L-18;LAZIO;LOMBARDIA;78
2023/2024;L-12;LAZIO;CAMPANIA;78
2023/2024;L-14;EMILIA ROMAGNA;PUGLIA;78
2023/2024;L-11;LAZIO;REGIONE ESTERA;78
2023/2024;L/SNT1;PIEMONTE;LOMBARDIA;78
2023/2024;L/SNT1;FRIULI VENEZIA GIULIA;VENETO;78
2023/2024;L/SNT1;BASILICATA;CAMPANIA;77
2023/2024;L-12;PIEMONTE;LIGURIA;77
2023/2024;L-17;PIEMONTE;PUGLIA;77
2023/2024;L-42;EMILIA ROMAGNA;SICILIA;77
2023/2024;L-36;LAZIO;MARCHE;77
2023/2024;L-3;LAZIO;SARDEGNA;77
2023/2024;L-21;SARDEGNA;SARDEGNA;77
2023/2024;LM-15;CALABRIA;CALABRIA;77
2023/2024;L-8;VENETO;Provincia autonoma di TRENTO;77
2023/2024;LM-13;TOSCANA;CAMPANIA;77
2023/2024;LM-14;EMILIA ROMAGNA;SICILIA;77
2023/2024;LM-43;TOSCANA;TOSCANA;77
2023/2024;LM-33;LOMBARDIA;EMILIA ROMAGNA;77
2023/2024;LM-38;LOMBARDIA;PUGLIA;77
2024/2025;L-34;ABRUZZO;ABRUZZO;77
2024/2025;L-33;LOMBARDIA;EMILIA ROMAGNA;77
2024/2025;L-36;LAZIO;MARCHE;77
2024/2025;LM-35;EMILIA ROMAGNA;REGIONE ESTERA;77
2024/2025;LM-33;CAMPANIA;REGIONE ESTERA;77
2024/2025;LM-21;CALABRIA;CALABRIA;77
2024/2025;LM-15;EMILIA ROMAGNA;EMILIA ROMAGNA;77
2024/2025;L-9;LAZIO;MOLISE;77
2024/2025;L-9;PIEMONTE;MARCHE;77
2024/2025;L-20;UMBRIA;REGIONE ESTERA;77
2024/2025;L-20;EMILIA ROMAGNA;TOSCANA;77
2024/2025;L-2;VENETO;LOMBARDIA;77
2024/2025;L/SNT2;EMILIA ROMAGNA;LOMBARDIA;77
2024/2025;L-10;VENETO;FRIULI VENEZIA GIULIA;77
2024/2025;L-12;PUGLIA;BASILICATA;77
2023/2024;LM-67;EMILIA ROMAGNA;SICILIA;77
2023/2024;LM-77;LAZIO;SARDEGNA;77
2023/2024;LM-85 bis;LAZIO;CALABRIA;77
2023/2024;LM-86;CAMPANIA;CAMPANIA;77
2023/2024;LMG/01;PIEMONTE;LIGURIA;77
2024/2025;LMG/01;EMILIA ROMAGNA;LIGURIA;77
2024/2025;LMG/01;EMILIA ROMAGNA;FRIULI VENEZIA GIULIA;77
2024/2025;LM-92;UMBRIA;UMBRIA;77
2024/2025;LM-77;MOLISE;MOLISE;77
2024/2025;LM-77;LOMBARDIA;FRIULI VENEZIA GIULIA;77
2024/2025;LM-41;PIEMONTE;LIGURIA;77
2024/2025;LM-38;VENETO;EMILIA ROMAGNA;77
2024/2025;LM-4;MARCHE;MARCHE;77
2024/2025;LM-41;BASILICATA;CAMPANIA;77
2024/2025;LM-41;ABRUZZO;REGIONE ESTERA;77
2024/2025;LM-43;TOSCANA;TOSCANA;77
2024/2025;LM-6;EMILIA ROMAGNA;SICILIA;77
2024/2025;LM-61;VENETO;VENETO;76
2024/2025;LM-65;FRIULI VENEZIA GIULIA;FRIULI VENEZIA GIULIA;76
2024/2025;LM-51;ABRUZZO;MARCHE;76
2024/2025;LM-77;LAZIO;SARDEGNA;76
2024/2025;LM-74;SICILIA;SICILIA;76
2024/2025;LM-77;VENETO;FRIULI VENEZIA GIULIA;76
2024/2025;LM-82;CAMPANIA;CAMPANIA;76
2024/2025;LMG/01;LIGURIA;PIEMONTE;76
2024/2025;LMG/01;PIEMONTE;LOMBARDIA;76
2024/2025;L-P01;FRIULI VENEZIA GIULIA;FRIULI VENEZIA GIULIA;76
2023/2024;LM-89;LAZIO;REGIONE ESTERA;76
2024/2025;L-11;VENETO;PUGLIA;76
2024/2025;L-10;FRIULI VENEZIA GIULIA;VENETO;76
2024/2025;L-18;EMILIA ROMAGNA;LIGURIA;76
2024/2025;L-9;TOSCANA;PUGLIA;76
2024/2025;LM/SC-GIUR;LOMBARDIA;REGIONE ESTERA;76
2024/2025;LM-13;FRIULI VENEZIA GIULIA;REGIONE ESTERA;76
2024/2025;LM-12;LIGURIA;LIGURIA;76
2024/2025;LM-15;VENETO;VENETO;76
2024/2025;LM-13;LOMBARDIA;SICILIA;76
2024/2025;LM-18;FRIULI VENEZIA GIULIA;VENETO;76
2024/2025;LM-33;EMILIA ROMAGNA;ABRUZZO;76
2024/2025;LM-38;EMILIA ROMAGNA;REGIONE ESTERA;76
2024/2025;L-40;MARCHE;MARCHE;76
2024/2025;L-8;MARCHE;PUGLIA;76
2024/2025;L-8;CAMPANIA;BASILICATA;76
2024/2025;L-42;VENETO;LOMBARDIA;76
2024/2025;L-26;BASILICATA;BASILICATA;76
2023/2024;LM-38;LOMBARDIA;REGIONE ESTERA;76
2023/2024;LM-32;LOMBARDIA;PUGLIA;76
2023/2024;LM-41;UMBRIA;VENETO;76
2023/2024;LM-51;FRIULI VENEZIA GIULIA;FRIULI VENEZIA GIULIA;76
2023/2024;LM-53;VENETO;REGIONE ESTERA;76
2023/2024;L-8;LOMBARDIA;LIGURIA;76
2023/2024;L-8;LOMBARDIA;EMILIA ROMAGNA;76
2023/2024;L-9;PIEMONTE;MARCHE;76
2023/2024;L-9;EMILIA ROMAGNA;UMBRIA;76
2023/2024;L-7;SICILIA;REGIONE ESTERA;76
2023/2024;LM-15;EMILIA ROMAGNA;EMILIA ROMAGNA;76
2023/2024;LM-17;LAZIO;REGIONE ESTERA;76
2023/2024;LM-19;MARCHE;MARCHE;76
2023/2024;LM-31;ABRUZZO;ABRUZZO;76
2023/2024;LM-22;CALABRIA;CALABRIA;76
2023/2024;L-23;EMILIA ROMAGNA;REGIONE ESTERA;76
2023/2024;L-24;LOMBARDIA;PUGLIA;76
2023/2024;L-27;EMILIA ROMAGNA;PUGLIA;76
2023/2024;L-33;LAZIO;UMBRIA;76
2023/2024;L-39;LAZIO;SICILIA;76
2023/2024;L-36;VALLE D'AOSTA;VALLE D'AOSTA;76
2023/2024;L-38;MARCHE;MARCHE;76
2023/2024;L-18;Provincia autonoma di TRENTO;Provincia autonoma di BOLZANO;76
2023/2024;L-11;PIEMONTE;REGIONE ESTERA;76
2023/2024;L-14;ABRUZZO;TOSCANA;76
2023/2024;99999;PUGLIA;BASILICATA;76
2023/2024;L/DS;CAMPANIA;CAMPANIA;75
2023/2024;L/SNT1;MARCHE;ABRUZZO;75
2023/2024;L-10;TOSCANA;CAMPANIA;75
2023/2024;L-10;EMILIA ROMAGNA;CAMPANIA;75
2023/2024;L-2;MARCHE;EMILIA ROMAGNA;75
2023/2024;L-37;SICILIA;SICILIA;75
2023/2024;L-32;ABRUZZO;ABRUZZO;75
2023/2024;L-24;PUGLIA;BASILICATA;75
2023/2024;L-24;LAZIO;SICILIA;75
2023/2024;LM-23;ABRUZZO;ABRUZZO;75
2023/2024;LM-28;CAMPANIA;CAMPANIA;75
2023/2024;LM-32;EMILIA ROMAGNA;MARCHE;75
2023/2024;LM-17;LIGURIA;LIGURIA;75
2023/2024;L-8;LAZIO;CALABRIA;75
2023/2024;L-7;LOMBARDIA;PIEMONTE;75
2023/2024;LM-13;EMILIA ROMAGNA;Provincia autonoma di TRENTO;75
2023/2024;LM/SNT4;LAZIO;LAZIO;75
2023/2024;L-9;TOSCANA;PUGLIA;75
2023/2024;LM-49;CAMPANIA;CAMPANIA;75
2023/2024;LM-41;EMILIA ROMAGNA;FRIULI VENEZIA GIULIA;75
2023/2024;LM-33;PUGLIA;PUGLIA;75
2024/2025;L-24;PIEMONTE;LIGURIA;75
2024/2025;L-34;MARCHE;MARCHE;75
2024/2025;L-30;VENETO;LOMBARDIA;75
2024/2025;L-8;LAZIO;MOLISE;75
2024/2025;L-39;MOLISE;MOLISE;75
2024/2025;L-4;LOMBARDIA;SICILIA;75
2024/2025;LM-38;LOMBARDIA;REGIONE ESTERA;75
2024/2025;LM-37;LOMBARDIA;REGIONE ESTERA;75
2024/2025;LM-35;PUGLIA;PUGLIA;75
2024/2025;LM-30;SICILIA;SICILIA;75
2024/2025;LM-29;SICILIA;REGIONE ESTERA;75
2024/2025;LM-19;EMILIA ROMAGNA;LOMBARDIA;75
2024/2025;LM-13;LAZIO;CALABRIA;75
2024/2025;LM-14;FRIULI VENEZIA GIULIA;FRIULI VENEZIA GIULIA;75
2024/2025;LM-15;CALABRIA;CALABRIA;75
2024/2025;LM/SC-GIUR;EMILIA ROMAGNA;EMILIA ROMAGNA;75
2024/2025;L-17;PIEMONTE;SICILIA;75
2024/2025;L-18;TOSCANA;LAZIO;75
2024/2025;L-14;TOSCANA;EMILIA ROMAGNA;75
2024/2025;L-2;LOMBARDIA;PIEMONTE;75
2024/2025;L-21;ABRUZZO;ABRUZZO;75
2024/2025;L-10;LAZIO;PUGLIA;75
2024/2025;L/SNT1;VALLE D'AOSTA;VALLE D'AOSTA;75
2023/2024;LMG/01;EMILIA ROMAGNA;PIEMONTE;75
2023/2024;LM-77;EMILIA ROMAGNA;LAZIO;75
2023/2024;LM-84;PUGLIA;PUGLIA;75
2024/2025;LMG/01;LAZIO;SARDEGNA;75
2024/2025;LMG/01;LAZIO;LOMBARDIA;75
2024/2025;LM-94;FRIULI VENEZIA GIULIA;FRIULI VENEZIA GIULIA;75
2024/2025;LM-86;CAMPANIA;CAMPANIA;75
2024/2025;LM-77;MARCHE;EMILIA ROMAGNA;75
2024/2025;LM-77;LAZIO;LOMBARDIA;75
2024/2025;LM-44;LOMBARDIA;REGIONE ESTERA;75
2024/2025;LM-40;CALABRIA;CALABRIA;75
2024/2025;LM-41;SICILIA;VENETO;75
2024/2025;LM-41;SARDEGNA;REGIONE ESTERA;75
2024/2025;LM-56;LOMBARDIA;PIEMONTE;75
2024/2025;LM-51;UMBRIA;TOSCANA;74
2024/2025;LM-42;SICILIA;CALABRIA;74
2024/2025;LM-46;ABRUZZO;CAMPANIA;74
2024/2025;LM-94;LOMBARDIA;LOMBARDIA;74
2024/2025;LM-92;VENETO;REGIONE ESTERA;74
2024/2025;LM-Data;VENETO;REGIONE ESTERA;74
2024/2025;L-P01;TOSCANA;TOSCANA;74
2023/2024;LM-77;PUGLIA;BASILICATA;74
2023/2024;LM-66;VENETO;VENETO;74
2023/2024;LMG/01;EMILIA ROMAGNA;LIGURIA;74
2023/2024;LM-85 bis;MARCHE;UMBRIA;74
2024/2025;L/SNT1;PIEMONTE;LOMBARDIA;74
2024/2025;L-10;LAZIO;SICILIA;74
2024/2025;L-1;EMILIA ROMAGNA;LOMBARDIA;74
2024/2025;L-2;MARCHE;EMILIA ROMAGNA;74
2024/2025;L-2;UMBRIA;PUGLIA;74
2024/2025;LM/SNT1;EMILIA ROMAGNA;VENETO;74
2024/2025;LM/DS;CAMPANIA;CAMPANIA;74
2024/2025;LM-25;EMILIA ROMAGNA;REGIONE ESTERA;74
2024/2025;LM-20;LOMBARDIA;VENETO;74
2024/2025;LM-31;EMILIA ROMAGNA;MARCHE;74
2024/2025;LM-32;FRIULI VENEZIA GIULIA;FRIULI VENEZIA GIULIA;74
2024/2025;LM-34;CAMPANIA;CAMPANIA;74
2024/2025;L-36;MOLISE;MOLISE;74
2024/2025;L-31;EMILIA ROMAGNA;PUGLIA;74
2024/2025;L-31;TOSCANA;LIGURIA;74
2024/2025;L-31;MARCHE;ABRUZZO;74
2024/2025;L-35;LOMBARDIA;PIEMONTE;74
2024/2025;L-33;PIEMONTE;LIGURIA;74
2024/2025;L-33;PIEMONTE;SICILIA;74
2024/2025;L-24;VENETO;SICILIA;74
2024/2025;L-26;FRIULI VENEZIA GIULIA;VENETO;74
2024/2025;L-3;LAZIO;MARCHE;74
2023/2024;LM-33;EMILIA ROMAGNA;TOSCANA;74
2023/2024;LM-38;VENETO;EMILIA ROMAGNA;74
2023/2024;LM-41;VENETO;EMILIA ROMAGNA;74
2023/2024;LM-46;LAZIO;PUGLIA;74
2023/2024;LM-4cu;TOSCANA;PUGLIA;74
2023/2024;LM-52;LAZIO;LOMBARDIA;74
2023/2024;LM-51;VENETO;PIEMONTE;74
2023/2024;LM-51;Provincia autonoma di TRENTO;Provincia autonoma di TRENTO;74
2023/2024;LM-13;EMILIA ROMAGNA;CALABRIA;74
2023/2024;LM-14;FRIULI VENEZIA GIULIA;FRIULI VENEZIA GIULIA;74
2023/2024;L-8;EMILIA ROMAGNA;CALABRIA;74
2023/2024;L-5;EMILIA ROMAGNA;PUGLIA;74
2023/2024;L-8;LIGURIA;PIEMONTE;74
2023/2024;L-8;PIEMONTE;CALABRIA;74
2023/2024;LM-23;VENETO;REGIONE ESTERA;74
2023/2024;L-30;EMILIA ROMAGNA;LOMBARDIA;74
2023/2024;L-30;EMILIA ROMAGNA;MARCHE;74
2023/2024;L-31;EMILIA ROMAGNA;ABRUZZO;74
2023/2024;L-31;Provincia autonoma di TRENTO;LOMBARDIA;74
2023/2024;L-36;LOMBARDIA;PUGLIA;74
2023/2024;L-18;TOSCANA;EMILIA ROMAGNA;74
2023/2024;L-14;TOSCANA;ABRUZZO;74
2023/2024;L-18;UMBRIA;LAZIO;73
2023/2024;L-17;LOMBARDIA;TOSCANA;73
2023/2024;L-18;EMILIA ROMAGNA;UMBRIA;73
2023/2024;L-1;TOSCANA;SICILIA;73
2023/2024;L-10;LAZIO;SICILIA;73
2023/2024;L-11;EMILIA ROMAGNA;CALABRIA;73
2023/2024;L-33;VENETO;LOMBARDIA;73
2023/2024;L-31;PIEMONTE;REGIONE ESTERA;73
2023/2024;L-33;LOMBARDIA;LAZIO;73
2023/2024;L-39;LAZIO;CAMPANIA;73
2023/2024;L-22;EMILIA ROMAGNA;CALABRIA;73
2023/2024;LM-30;PIEMONTE;PUGLIA;73
2023/2024;LM-21;LOMBARDIA;EMILIA ROMAGNA;73
2023/2024;L-9;VENETO;EMILIA ROMAGNA;73
2023/2024;LM-52;LAZIO;SICILIA;73
2023/2024;LM-5;TOSCANA;TOSCANA;73
2024/2025;L-3;LAZIO;CALABRIA;73
2024/2025;L-30;FRIULI VENEZIA GIULIA;VENETO;73
2024/2025;L-8;PIEMONTE;BASILICATA;73
2024/2025;LM-30;PIEMONTE;PUGLIA;73
2024/2025;LM-18;Provincia autonoma di TRENTO;VENETO;73
2024/2025;L-2;UMBRIA;LAZIO;73
2024/2025;L-20;LOMBARDIA;MARCHE;73
2024/2025;L-2;EMILIA ROMAGNA;REGIONE ESTERA;73
2024/2025;L-18;Provincia autonoma di TRENTO;Provincia autonoma di BOLZANO;73
2024/2025;L-19;EMILIA ROMAGNA;SICILIA;73
2024/2025;L-18;EMILIA ROMAGNA;MOLISE;73
2024/2025;L-1;TOSCANA;SICILIA;73
2024/2025;L/SNT1;BASILICATA;CAMPANIA;73
2024/2025;L-11;CAMPANIA;SICILIA;73
2023/2024;LMG/01;EMILIA ROMAGNA;FRIULI VENEZIA GIULIA;73
2023/2024;LM-92;UMBRIA;UMBRIA;73
2023/2024;LM-91;PUGLIA;PUGLIA;73
2023/2024;LM-92;LIGURIA;LIGURIA;73
2023/2024;LM-92;CALABRIA;CALABRIA;73
2023/2024;LM-92;SICILIA;SICILIA;73
2023/2024;LM-65;FRIULI VENEZIA GIULIA;FRIULI VENEZIA GIULIA;73
2023/2024;LM-70;EMILIA ROMAGNA;LOMBARDIA;73
2023/2024;LM-78;FRIULI VENEZIA GIULIA;FRIULI VENEZIA GIULIA;73
2023/2024;LM-76;LAZIO;LAZIO;73
2024/2025;LMG/01;EMILIA ROMAGNA;PIEMONTE;73
2024/2025;LM-77;LOMBARDIA;UMBRIA;73
2024/2025;LM-77;TOSCANA;REGIONE ESTERA;73
2024/2025;LM-77;TOSCANA;CAMPANIA;73
2024/2025;LM-82;PIEMONTE;PIEMONTE;73
2024/2025;LM-85 bis;MARCHE;REGIONE ESTERA;73
2024/2025;LM-51;LOMBARDIA;LIGURIA;73
2024/2025;LM-51;LAZIO;TOSCANA;73
2024/2025;LM-51;VENETO;Provincia autonoma di TRENTO;73
2024/2025;LM-51;UMBRIA;MARCHE;73
2024/2025;LM-54;SARDEGNA;SARDEGNA;73
2024/2025;LM-51;VENETO;LAZIO;72
2024/2025;LM-51;PIEMONTE;SARDEGNA;72
2024/2025;LM-51;VENETO;CAMPANIA;72
2024/2025;LM-52;LOMBARDIA;REGIONE ESTERA;72
2024/2025;LM-68;VENETO;VENETO;72
2024/2025;LM-41;EMILIA ROMAGNA;MOLISE;72
2024/2025;LM-40;LIGURIA;LIGURIA;72
2024/2025;LM-41;ABRUZZO;MOLISE;72
2024/2025;LM-89;SARDEGNA;SARDEGNA;72
2024/2025;LM-77;PIEMONTE;SICILIA;72
2024/2025;LM-80;LAZIO;LAZIO;72
2024/2025;LMR/02;LAZIO;LAZIO;72
2024/2025;LM-9;TOSCANA;REGIONE ESTERA;72
2024/2025;L-P03;LOMBARDIA;LOMBARDIA;72
2023/2024;LM-77;PIEMONTE;SICILIA;72
2023/2024;LM-81;TOSCANA;REGIONE ESTERA;72
2023/2024;LM-67;CALABRIA;CALABRIA;72
2023/2024;L-P03;LOMBARDIA;LOMBARDIA;72
2023/2024;LM-90;PIEMONTE;REGIONE ESTERA;72
2024/2025;L-10;LIGURIA;PIEMONTE;72
2024/2025;L/SNT3;LAZIO;REGIONE ESTERA;72
2024/2025;L-18;LAZIO;LOMBARDIA;72
2024/2025;L-19;EMILIA ROMAGNA;MARCHE;72
2024/2025;LM-20;EMILIA ROMAGNA;EMILIA ROMAGNA;72
2024/2025;LM-17;CALABRIA;CALABRIA;72
2024/2025;LM-14;EMILIA ROMAGNA;LOMBARDIA;72
2024/2025;LM-13;LOMBARDIA;REGIONE ESTERA;72
2024/2025;LM-30;MARCHE;REGIONE ESTERA;72
2024/2025;LM-25;LOMBARDIA;REGIONE ESTERA;72
2024/2025;L-7;EMILIA ROMAGNA;LOMBARDIA;72
2024/2025;L-43;LAZIO;LAZIO;72
2023/2024;LM-48;LOMBARDIA;LOMBARDIA;72
2023/2024;LM-51;VENETO;LAZIO;72
2023/2024;LM-51;EMILIA ROMAGNA;MARCHE;72
2023/2024;LM-41;SICILIA;VENETO;72
2023/2024;LM-41;LOMBARDIA;FRIULI VENEZIA GIULIA;72
2023/2024;LM-41;PIEMONTE;LIGURIA;72
2023/2024;LM-41;MARCHE;ABRUZZO;72
2023/2024;LM-35;PUGLIA;PUGLIA;72
2023/2024;LM-13;MARCHE;CAMPANIA;72
2023/2024;LM-21;LOMBARDIA;PUGLIA;72
2023/2024;LM-20;LOMBARDIA;VENETO;72
2023/2024;LM-2;PIEMONTE;PIEMONTE;72
2023/2024;LM-31;EMILIA ROMAGNA;MARCHE;72
2023/2024;LM-24;ABRUZZO;ABRUZZO;72
2023/2024;L-24;PIEMONTE;LIGURIA;72
2023/2024;L-30;VENETO;LOMBARDIA;72
2023/2024;L-25;MARCHE;ABRUZZO;72
2023/2024;L-4;Provincia autonoma di BOLZANO;REGIONE ESTERA;72
2023/2024;L-33;EMILIA ROMAGNA;LOMBARDIA;72
2023/2024;L/DS;SICILIA;SICILIA;72
2023/2024;L-10;MARCHE;ABRUZZO;72
2023/2024;L/SNT2;Provincia autonoma di BOLZANO;Provincia autonoma di BOLZANO;72
2023/2024;L-19;EMILIA ROMAGNA;LIGURIA;72
2023/2024;L-14;EMILIA ROMAGNA;LOMBARDIA;72
2023/2024;L-12;TOSCANA;PUGLIA;72
2023/2024;L-12;VENETO;FRIULI VENEZIA GIULIA;72
2023/2024;L-19;EMILIA ROMAGNA;MARCHE;71
2023/2024;L/SNT2;EMILIA ROMAGNA;LOMBARDIA;71
2023/2024;L-42;TOSCANA;LIGURIA;71
2023/2024;L-24;PIEMONTE;LOMBARDIA;71
2023/2024;L-24;VENETO;PIEMONTE;71
2023/2024;L-22;LAZIO;CALABRIA;71
2023/2024;L-20;LOMBARDIA;SARDEGNA;71
2023/2024;L-20;LAZIO;TOSCANA;71
2023/2024;L-20;PIEMONTE;VALLE D'AOSTA;71
2023/2024;LM-25;PIEMONTE;SICILIA;71
2023/2024;LM-29;PIEMONTE;REGIONE ESTERA;71
2023/2024;LM-2;LOMBARDIA;REGIONE ESTERA;71
2023/2024;LM-13;EMILIA ROMAGNA;TOSCANA;71
2023/2024;LM/SNT1;LAZIO;CAMPANIA;71
2023/2024;LM/SNT3;PUGLIA;PUGLIA;71
2023/2024;L-42;VENETO;LOMBARDIA;71
2023/2024;LM-35;EMILIA ROMAGNA;REGIONE ESTERA;71
2023/2024;LM-32;SARDEGNA;SARDEGNA;71
2023/2024;LM-41;EMILIA ROMAGNA;MOLISE;71
2023/2024;LM-50;SARDEGNA;SARDEGNA;71
2023/2024;LM-51;LAZIO;SICILIA;71
2023/2024;LM-51;PIEMONTE;TOSCANA;71
2023/2024;LM-46;FRIULI VENEZIA GIULIA;VENETO;71
2023/2024;LM-6;LOMBARDIA;SICILIA;71
2023/2024;LM-59;UMBRIA;UMBRIA;71
2024/2025;L-5;EMILIA ROMAGNA;PUGLIA;71
2024/2025;L-36;LAZIO;SARDEGNA;71
2024/2025;L-4;LOMBARDIA;LAZIO;71
2024/2025;L-4;Provincia autonoma di BOLZANO;REGIONE ESTERA;71
2024/2025;L-3;PIEMONTE;LIGURIA;71
2024/2025;L-31;EMILIA ROMAGNA;ABRUZZO;71
2024/2025;LM-28;EMILIA ROMAGNA;EMILIA ROMAGNA;71
2024/2025;LM-31;EMILIA ROMAGNA;PUGLIA;71
2024/2025;LM-13;LOMBARDIA;EMILIA ROMAGNA;71
2024/2025;LM-2;PIEMONTE;PIEMONTE;71
2024/2025;LM-2;LOMBARDIA;REGIONE ESTERA;71
2024/2025;L-17;PIEMONTE;LOMBARDIA;71
2024/2025;L-19;LAZIO;UMBRIA;71
2024/2025;L-1;TOSCANA;LIGURIA;71
2024/2025;L/SNT1;LOMBARDIA;PUGLIA;71
2024/2025;L-10;TOSCANA;LAZIO;71
2024/2025;L-10;LOMBARDIA;EMILIA ROMAGNA;71
2024/2025;L-11;MARCHE;ABRUZZO;71
2024/2025;L-11;LOMBARDIA;REGIONE ESTERA;71
2023/2024;LM-89;LIGURIA;LIGURIA;71
2023/2024;L-P03;PIEMONTE;PIEMONTE;71
2023/2024;LMG/01;TOSCANA;BASILICATA;71
2023/2024;LM-62;PUGLIA;PUGLIA;71
2023/2024;LM-80;LAZIO;LAZIO;71
2023/2024;LM-77;EMILIA ROMAGNA;BASILICATA;71
2024/2025;LM-94;EMILIA ROMAGNA;EMILIA ROMAGNA;71
2024/2025;LM-77;Provincia autonoma di BOLZANO;Provincia autonoma di BOLZANO;71
2024/2025;LM-89;EMILIA ROMAGNA;LOMBARDIA;71
2024/2025;LM-84;BASILICATA;BASILICATA;71
2024/2025;LM-48;LOMBARDIA;LOMBARDIA;71
2024/2025;LM-67;EMILIA ROMAGNA;SICILIA;71
2024/2025;LM-63;TOSCANA;TOSCANA;71
2024/2025;LM-61;ABRUZZO;ABRUZZO;71
2024/2025;LM-62;SARDEGNA;SARDEGNA;71
2024/2025;LM-6;FRIULI VENEZIA GIULIA;FRIULI VENEZIA GIULIA;70
2024/2025;LM-52;VENETO;LOMBARDIA;70
2024/2025;LM-57;TOSCANA;TOSCANA;70
2024/2025;LM-46;LOMBARDIA;PIEMONTE;70
2024/2025;LM-4cu;TOSCANA;UMBRIA;70
2024/2025;LM-4;LOMBARDIA;PIEMONTE;70
2024/2025;LM-82;CALABRIA;CALABRIA;70
2024/2025;LM-70;VENETO;REGIONE ESTERA;70
2024/2025;LMR/02;CAMPANIA;CAMPANIA;70
2024/2025;LM-Data;SICILIA;REGIONE ESTERA;70
2023/2024;LM-77;TOSCANA;REGIONE ESTERA;70
2023/2024;LM-82;CALABRIA;CALABRIA;70
2023/2024;LM-74;EMILIA ROMAGNA;EMILIA ROMAGNA;70
2023/2024;L-P01;VENETO;VENETO;70
2023/2024;LMR/02;PIEMONTE;PIEMONTE;70
2023/2024;LM-87;Provincia autonoma di TRENTO;Provincia autonoma di TRENTO;70
2024/2025;L-10;TOSCANA;CAMPANIA;70
2024/2025;L/SNT1;MARCHE;ABRUZZO;70
2024/2025;L-17;PIEMONTE;PUGLIA;70
2024/2025;L-14;TOSCANA;PIEMONTE;70
2024/2025;L-18;LAZIO;EMILIA ROMAGNA;70
2024/2025;LM-2;VENETO;REGIONE ESTERA;70
2024/2025;LM-31;PUGLIA;PUGLIA;70
2024/2025;LM-38;LOMBARDIA;PUGLIA;70
2024/2025;LM-26;VENETO;VENETO;70
2024/2025;LM-29;MARCHE;MARCHE;70
2024/2025;LM-21;LOMBARDIA;VENETO;70
2024/2025;L-33;MARCHE;ABRUZZO;70
2024/2025;L-30;EMILIA ROMAGNA;VENETO;70
2024/2025;L-30;EMILIA ROMAGNA;MARCHE;70
2024/2025;L-25;VENETO;Provincia autonoma di TRENTO;70
2024/2025;L-8;LIGURIA;PIEMONTE;70
2023/2024;LM-4cu;TOSCANA;CALABRIA;70
2023/2024;LM-51;PIEMONTE;SARDEGNA;70
2023/2024;LM-51;LOMBARDIA;TOSCANA;70
2023/2024;LM-40;CALABRIA;CALABRIA;70
2023/2024;L-5;LOMBARDIA;EMILIA ROMAGNA;70
2023/2024;L-8;LAZIO;MOLISE;70
2023/2024;L-7;EMILIA ROMAGNA;LOMBARDIA;70
2023/2024;L-8;PIEMONTE;BASILICATA;70
2023/2024;L-9;LOMBARDIA;UMBRIA;70
2023/2024;LM-2;VENETO;REGIONE ESTERA;70
2023/2024;LM-31;EMILIA ROMAGNA;SICILIA;70
2023/2024;LM-31;PUGLIA;PUGLIA;70
2023/2024;LM-23;PUGLIA;PUGLIA;70
2023/2024;L-2;UMBRIA;MARCHE;70
2023/2024;L-24;TOSCANA;EMILIA ROMAGNA;70
2023/2024;L-22;PUGLIA;BASILICATA;70
2023/2024;L-3;LOMBARDIA;VENETO;70
2023/2024;L-33;EMILIA ROMAGNA;PUGLIA;70
2023/2024;L-33;MARCHE;ABRUZZO;70
2023/2024;L-31;PIEMONTE;LIGURIA;70
2023/2024;L-31;LOMBARDIA;PUGLIA;70
2023/2024;L-31;TOSCANA;REGIONE ESTERA;70
2023/2024;L-34;PUGLIA;PUGLIA;70
2023/2024;L/SNT1;EMILIA ROMAGNA;CALABRIA;70
2023/2024;L/GASTR;PIEMONTE;PIEMONTE;70
2023/2024;L-2;LOMBARDIA;PIEMONTE;70
2023/2024;L-11;TOSCANA;LIGURIA;70
2023/2024;L-14;ABRUZZO;VENETO;70
2023/2024;L-14;LAZIO;CAMPANIA;70
2023/2024;L-18;EMILIA ROMAGNA;MOLISE;69
2023/2024;L/GASTR;ABRUZZO;ABRUZZO;69
2023/2024;L-10;VENETO;FRIULI VENEZIA GIULIA;69
2023/2024;L-34;LIGURIA;LIGURIA;69
2023/2024;L-35;Provincia autonoma di TRENTO;Provincia autonoma di TRENTO;69
2023/2024;L-36;MOLISE;MOLISE;69
2023/2024;L-31;LOMBARDIA;VENETO;69
2023/2024;L-24;ABRUZZO;CALABRIA;69
2023/2024;L-22;ABRUZZO;MARCHE;69
2023/2024;LM-21;MARCHE;MARCHE;69
2023/2024;L-43;TOSCANA;TOSCANA;69
2023/2024;LM/SNT2;LOMBARDIA;LOMBARDIA;69
2023/2024;L-9;PIEMONTE;UMBRIA;69
2023/2024;LM-41;ABRUZZO;REGIONE ESTERA;69
2023/2024;LM-33;EMILIA ROMAGNA;ABRUZZO;69
2023/2024;LM-4cu;LAZIO;CAMPANIA;69
2023/2024;LM-58;LOMBARDIA;LOMBARDIA;69
2024/2025;L-42;EMILIA ROMAGNA;PUGLIA;69
2024/2025;L-36;LAZIO;EMILIA ROMAGNA;69
2024/2025;L-36;VENETO;EMILIA ROMAGNA;69
2024/2025;L-25;EMILIA ROMAGNA;VENETO;69
2024/2025;L-24;PUGLIA;BASILICATA;69
2024/2025;L-30;EMILIA ROMAGNA;LOMBARDIA;69
2024/2025;L-34;LIGURIA;LIGURIA;69
2024/2025;L-31;PIEMONTE;LIGURIA;69
2024/2025;L-31;VENETO;Provincia autonoma di TRENTO;69
2024/2025;LM-23;ABRUZZO;ABRUZZO;69
2024/2025;LM-22;CALABRIA;CALABRIA;69
2024/2025;LM-25;PIEMONTE;PUGLIA;69
2024/2025;L-22;ABRUZZO;MARCHE;69
2024/2025;L-24;LAZIO;LOMBARDIA;69
2024/2025;L/GASTR;PUGLIA;PUGLIA;69
2024/2025;L/SNT1;EMILIA ROMAGNA;MARCHE;69
2024/2025;L-10;EMILIA ROMAGNA;CAMPANIA;69
2024/2025;L-11;TOSCANA;SICILIA;69
2024/2025;L-12;TOSCANA;PUGLIA;69
2024/2025;L-12;LOMBARDIA;VENETO;69
2024/2025;L-14;EMILIA ROMAGNA;LOMBARDIA;69
2023/2024;LM-85 bis;MARCHE;REGIONE ESTERA;69
2023/2024;LM-85 bis;EMILIA ROMAGNA;MARCHE;69
2023/2024;LM-85;MARCHE;EMILIA ROMAGNA;69
2023/2024;LM-90;LOMBARDIA;LOMBARDIA;69
2023/2024;LMG/01;EMILIA ROMAGNA;UMBRIA;69
2023/2024;LMG/01;LAZIO;SARDEGNA;69
2023/2024;LMG/01;LAZIO;LOMBARDIA;69
2023/2024;LM-73;VENETO;REGIONE ESTERA;69
2023/2024;LM-67;LAZIO;CAMPANIA;69
2023/2024;LM-67;LIGURIA;LIGURIA;69
2023/2024;LM-77;LOMBARDIA;UMBRIA;69
2024/2025;LMG/01;LAZIO;VENETO;69
2024/2025;L-P02;TOSCANA;TOSCANA;69
2024/2025;LM-92;SICILIA;SICILIA;69
2024/2025;LM-74;EMILIA ROMAGNA;EMILIA ROMAGNA;69
2024/2025;LM-84;EMILIA ROMAGNA;REGIONE ESTERA;69
2024/2025;LM-70;EMILIA ROMAGNA;LOMBARDIA;68
2024/2025;LM-80;VENETO;VENETO;68
2024/2025;LM-41;EMILIA ROMAGNA;LIGURIA;68
2024/2025;LM-41;LAZIO;SARDEGNA;68
2024/2025;LM-47;VENETO;VENETO;68
2024/2025;LM-58;LOMBARDIA;LOMBARDIA;68
2024/2025;LM-59;MARCHE;MARCHE;68
2024/2025;LM-52;TOSCANA;REGIONE ESTERA;68
2024/2025;LM-67;FRIULI VENEZIA GIULIA;FRIULI VENEZIA GIULIA;68
2023/2024;LM-77;Provincia autonoma di BOLZANO;Provincia autonoma di BOLZANO;68
2023/2024;LM-77;LAZIO;LOMBARDIA;68
2023/2024;LM-84;BASILICATA;BASILICATA;68
2023/2024;LMG/01;LIGURIA;PIEMONTE;68
2023/2024;LM-94;EMILIA ROMAGNA;EMILIA ROMAGNA;68
2023/2024;LM-91;CAMPANIA;CAMPANIA;68
2024/2025;L-12;VENETO;Provincia autonoma di TRENTO;68
2024/2025;L-11;TOSCANA;LIGURIA;68
2024/2025;L/SNT4;MARCHE;MARCHE;68
2024/2025;L-19;Provincia autonoma di BOLZANO;Provincia autonoma di BOLZANO;68
2024/2025;L-14;Provincia autonoma di TRENTO;VENETO;68
2024/2025;L-14;TOSCANA;ABRUZZO;68
2024/2025;L-14;ABRUZZO;VENETO;68
2024/2025;LM-26;LOMBARDIA;REGIONE ESTERA;68
2024/2025;LM-26;LAZIO;LAZIO;68
2024/2025;LM-29;PIEMONTE;REGIONE ESTERA;68
2024/2025;LM-38;MARCHE;MARCHE;68
2024/2025;LM-32;EMILIA ROMAGNA;MARCHE;68
2024/2025;LM-31;LOMBARDIA;LAZIO;68
2024/2025;LM-33;EMILIA ROMAGNA;TOSCANA;68
2024/2025;LM-19;VENETO;VENETO;68
2024/2025;LM-13;TOSCANA;SICILIA;68
2024/2025;L-33;VENETO;FRIULI VENEZIA GIULIA;68
2024/2025;L-36;TOSCANA;SICILIA;68
2024/2025;L-4;LOMBARDIA;PUGLIA;68
2023/2024;LM-4cu;LAZIO;ABRUZZO;68
2023/2024;LM-4cu;TOSCANA;EMILIA ROMAGNA;68
2023/2024;LM-51;ABRUZZO;BASILICATA;68
2023/2024;LM-37;LAZIO;REGIONE ESTERA;68
2023/2024;LM-41;UMBRIA;REGIONE ESTERA;68
2023/2024;LM/SNT1;LIGURIA;LIGURIA;68
2023/2024;LM-13;LAZIO;CALABRIA;68
2023/2024;LM-13;LIGURIA;PIEMONTE;68
2023/2024;LM-13;LOMBARDIA;EMILIA ROMAGNA;68
2023/2024;L-8;LOMBARDIA;SICILIA;68
2023/2024;LM-18;FRIULI VENEZIA GIULIA;VENETO;68
2023/2024;L-2;VENETO;LOMBARDIA;68
2023/2024;L-24;MOLISE;MOLISE;68
2023/2024;L-30;Provincia autonoma di TRENTO;Provincia autonoma di TRENTO;68
2023/2024;L-27;LOMBARDIA;PIEMONTE;68
2023/2024;L-33;FRIULI VENEZIA GIULIA;REGIONE ESTERA;68
2023/2024;L-36;LAZIO;EMILIA ROMAGNA;68
2023/2024;L-36;EMILIA ROMAGNA;LIGURIA;68
2023/2024;L-34;MARCHE;MARCHE;68
2023/2024;L-40;MARCHE;MARCHE;68
2023/2024;L-4;VENETO;EMILIA ROMAGNA;68
2023/2024;L-10;VENETO;REGIONE ESTERA;68
2023/2024;L/SNT4;MARCHE;MARCHE;68
2023/2024;L-18;EMILIA ROMAGNA;SARDEGNA;68
2023/2024;L-18;Provincia autonoma di BOLZANO;VENETO;68
2023/2024;L-14;VENETO;Provincia autonoma di TRENTO;68
2023/2024;L-11;TOSCANA;CALABRIA;68
2023/2024;L-12;LAZIO;PUGLIA;68
2023/2024;L-14;TOSCANA;EMILIA ROMAGNA;67
2023/2024;L-18;UMBRIA;MARCHE;67
2023/2024;L-18;VENETO;Provincia autonoma di TRENTO;67
2023/2024;L-18;EMILIA ROMAGNA;PIEMONTE;67
2023/2024;L-18;LAZIO;EMILIA ROMAGNA;67
2023/2024;L-18;Provincia autonoma di BOLZANO;Provincia autonoma di TRENTO;67
2023/2024;L-11;LIGURIA;REGIONE ESTERA;67
2023/2024;L-11;LOMBARDIA;REGIONE ESTERA;67
2023/2024;L-39;ABRUZZO;PUGLIA;67
2023/2024;L-31;TOSCANA;SARDEGNA;67
2023/2024;L-27;EMILIA ROMAGNA;MARCHE;67
2023/2024;L-24;LOMBARDIA;VENETO;67
2023/2024;L-24;LOMBARDIA;LIGURIA;67
2023/2024;L-20;LAZIO;BASILICATA;67
2023/2024;L-21;ABRUZZO;ABRUZZO;67
2023/2024;LM-18;LOMBARDIA;REGIONE ESTERA;67
2023/2024;LM-12;PUGLIA;PUGLIA;67
2023/2024;LM/SNT1;EMILIA ROMAGNA;VENETO;67
2023/2024;LM/SNT4;TOSCANA;TOSCANA;67
2023/2024;LM-41;ABRUZZO;MOLISE;67
2023/2024;LM-40;FRIULI VENEZIA GIULIA;FRIULI VENEZIA GIULIA;67
2023/2024;LM-32;UMBRIA;UMBRIA;67
2023/2024;LM-51;LAZIO;TOSCANA;67
2024/2025;L-4;UMBRIA;PUGLIA;67
2024/2025;L-8;LOMBARDIA;EMILIA ROMAGNA;67
2024/2025;L-8;LOMBARDIA;LIGURIA;67
2024/2025;L-33;ABRUZZO;MOLISE;67
2024/2025;L-3;LOMBARDIA;VENETO;67
2024/2025;L-27;LOMBARDIA;PIEMONTE;67
2024/2025;LM-14;EMILIA ROMAGNA;VENETO;67
2024/2025;L-9;LOMBARDIA;Provincia autonoma di TRENTO;67
2024/2025;L-9;EMILIA ROMAGNA;LIGURIA;67
2024/2025;LM-12;EMILIA ROMAGNA;EMILIA ROMAGNA;67
2024/2025;LM/SNT1;LAZIO;CAMPANIA;67
2024/2025;LM-37;LAZIO;CAMPANIA;67
2024/2025;LM-30;PIEMONTE;SICILIA;67
2024/2025;L-14;EMILIA ROMAGNA;PUGLIA;67
2024/2025;L-14;TOSCANA;VENETO;67
2024/2025;L-20;LAZIO;BASILICATA;67
2024/2025;L-10;MARCHE;ABRUZZO;67
2024/2025;L-12;LOMBARDIA;CALABRIA;67
2023/2024;LM-Data;VENETO;VENETO;67
2023/2024;LM-77;LAZIO;EMILIA ROMAGNA;67
2023/2024;LM-77;EMILIA ROMAGNA;PIEMONTE;67
2023/2024;LM-66;PUGLIA;PUGLIA;67
2024/2025;LM-62;PUGLIA;PUGLIA;67
2024/2025;LM-52;LAZIO;SICILIA;67
2024/2025;LM-51;PIEMONTE;TOSCANA;67
2024/2025;LM-51;Provincia autonoma di TRENTO;Provincia autonoma di TRENTO;67
2024/2025;LM-4cu;ABRUZZO;MOLISE;67
2024/2025;LM-51;LAZIO;UMBRIA;67
2024/2025;LM-5;TOSCANA;TOSCANA;67
2024/2025;LM-41;TOSCANA;ABRUZZO;67
2024/2025;LM-71;LOMBARDIA;REGIONE ESTERA;67
2024/2025;LM-77;EMILIA ROMAGNA;BASILICATA;67
2024/2025;LM-85;ABRUZZO;ABRUZZO;67
2024/2025;LM-87;Provincia autonoma di TRENTO;Provincia autonoma di TRENTO;67
2024/2025;LMR/02;SICILIA;SICILIA;67
2024/2025;LMG/01;PIEMONTE;PUGLIA;67
2024/2025;LMG/01;LAZIO;EMILIA ROMAGNA;67
2024/2025;LMG/01;EMILIA ROMAGNA;UMBRIA;67
2024/2025;LM-49;SICILIA;SICILIA;66
2024/2025;LM-4cu;TOSCANA;PUGLIA;66
2024/2025;LM-4cu;TOSCANA;CALABRIA;66
2024/2025;LM-52;Provincia autonoma di TRENTO;REGIONE ESTERA;66
2024/2025;LM-6;TOSCANA;REGIONE ESTERA;66
2024/2025;LM-67;EMILIA ROMAGNA;PUGLIA;66
2024/2025;LM-69;LOMBARDIA;REGIONE ESTERA;66
2024/2025;LM-65;ABRUZZO;ABRUZZO;66
2023/2024;LM-69;CALABRIA;CALABRIA;66
2023/2024;LM-78;ABRUZZO;ABRUZZO;66
2023/2024;L-P02;VENETO;VENETO;66
2024/2025;99999;Provincia autonoma di TRENTO;Provincia autonoma di TRENTO;66
2023/2024;LM-9;FRIULI VENEZIA GIULIA;FRIULI VENEZIA GIULIA;66
2023/2024;LM-87;FRIULI VENEZIA GIULIA;FRIULI VENEZIA GIULIA;66
2023/2024;LM-86;SARDEGNA;SARDEGNA;66
2024/2025;L/SNT3;MOLISE;CAMPANIA;66
2024/2025;L/SNT1;ABRUZZO;LAZIO;66
2024/2025;L/SNT2;ABRUZZO;MARCHE;66
2024/2025;L/SNT2;MOLISE;MOLISE;66
2024/2025;L-20;LAZIO;REGIONE ESTERA;66
2024/2025;L-20;SICILIA;CALABRIA;66
2024/2025;L-14;MARCHE;REGIONE ESTERA;66
2024/2025;LM-29;PIEMONTE;PUGLIA;66
2024/2025;LM-22;EMILIA ROMAGNA;REGIONE ESTERA;66
2024/2025;LM-21;LOMBARDIA;EMILIA ROMAGNA;66
2024/2025;LM-12;LOMBARDIA;PIEMONTE;66
2024/2025;L-9;PIEMONTE;UMBRIA;66
2024/2025;L-9;LOMBARDIA;VENETO;66
2024/2025;LM/SC-GIUR;TOSCANA;TOSCANA;66
2024/2025;LM-19;MARCHE;MARCHE;66
2024/2025;L-3;LOMBARDIA;EMILIA ROMAGNA;66
2024/2025;L-24;VENETO;PIEMONTE;66
2024/2025;L-24;UMBRIA;VENETO;66
2024/2025;L-33;TOSCANA;LIGURIA;66
2024/2025;L-8;MARCHE;MOLISE;66
2024/2025;L-8;LAZIO;PUGLIA;66
2024/2025;L-36;LIGURIA;PIEMONTE;66
2023/2024;LM-48;LOMBARDIA;LOMBARDIA;66
2023/2024;LM-55;LAZIO;REGIONE ESTERA;66
2023/2024;LM-4;LOMBARDIA;PIEMONTE;66
2023/2024;LM-4;LOMBARDIA;LAZIO;66
2023/2024;LM-41;TOSCANA;ABRUZZO;66
2023/2024;LM/SNT2;TOSCANA;TOSCANA;66
2023/2024;LM/SNT2;CAMPANIA;CAMPANIA;66
2023/2024;L-8;MARCHE;MOLISE;66
2023/2024;L-8;LAZIO;PUGLIA;66
2023/2024;LM-17;CALABRIA;CALABRIA;66
2023/2024;LM-29;PIEMONTE;SICILIA;66
2023/2024;LM-30;PIEMONTE;SICILIA;66
2023/2024;L-24;VENETO;SICILIA;66
2023/2024;L-3;PIEMONTE;LIGURIA;66
2023/2024;L-3;LAZIO;LOMBARDIA;66
2023/2024;L-33;EMILIA ROMAGNA;MARCHE;66
2023/2024;L-36;PIEMONTE;LIGURIA;66
2023/2024;99999;EMILIA ROMAGNA;PUGLIA;66
2023/2024;L/DS;CAMPANIA;LAZIO;66
2023/2024;L/SNT1;LAZIO;ABRUZZO;66
2023/2024;L-18;UMBRIA;TOSCANA;66
2023/2024;L-2;LOMBARDIA;EMILIA ROMAGNA;66
2023/2024;L-14;TOSCANA;SARDEGNA;65
2023/2024;L-14;TOSCANA;VENETO;65
2023/2024;L-15;PIEMONTE;LOMBARDIA;65
2023/2024;L-12;LOMBARDIA;LIGURIA;65
2023/2024;L-12;VENETO;SICILIA;65
2023/2024;L-12;EMILIA ROMAGNA;PUGLIA;65
2023/2024;L/DS;EMILIA ROMAGNA;LAZIO;65
2023/2024;L/SNT2;EMILIA ROMAGNA;SICILIA;65
2023/2024;L/SNT3;LOMBARDIA;SICILIA;65
2023/2024;L/SNT3;EMILIA ROMAGNA;SICILIA;65
2023/2024;L-33;ABRUZZO;MOLISE;65
2023/2024;L-31;TOSCANA;LIGURIA;65
2023/2024;L-20;VENETO;Provincia autonoma di TRENTO;65
2023/2024;L-20;LAZIO;MARCHE;65
2023/2024;LM-30;LOMBARDIA;EMILIA ROMAGNA;65
2023/2024;LM-29;PIEMONTE;PUGLIA;65
2023/2024;LM-32;EMILIA ROMAGNA;PUGLIA;65
2023/2024;L-8;LOMBARDIA;UMBRIA;65
2023/2024;L-9;EMILIA ROMAGNA;Provincia autonoma di TRENTO;65
2023/2024;L-9;TOSCANA;BASILICATA;65
2023/2024;LM-44;LOMBARDIA;REGIONE ESTERA;65
2023/2024;LM-37;LOMBARDIA;REGIONE ESTERA;65
2023/2024;LM-4cu;TOSCANA;UMBRIA;65
2023/2024;LM-51;VENETO;SARDEGNA;65
2024/2025;L-36;PIEMONTE;LIGURIA;65
2024/2025;L-7;FRIULI VENEZIA GIULIA;VENETO;65
2024/2025;L-42;EMILIA ROMAGNA;SICILIA;65
2024/2025;L-31;LAZIO;CAMPANIA;65
2024/2025;LM-13;EMILIA ROMAGNA;CALABRIA;65
2024/2025;LM-23;FRIULI VENEZIA GIULIA;FRIULI VENEZIA GIULIA;65
2024/2025;LM-32;PIEMONTE;LAZIO;65
2024/2025;LM-32;LAZIO;REGIONE ESTERA;65
2024/2025;L-14;PIEMONTE;LOMBARDIA;65
2024/2025;L-15;ABRUZZO;ABRUZZO;65
2024/2025;L-17;LOMBARDIA;TOSCANA;65
2024/2025;L-20;LOMBARDIA;FRIULI VENEZIA GIULIA;65
2024/2025;L-19;SICILIA;CALABRIA;65
2024/2025;L/SNT2;FRIULI VENEZIA GIULIA;VENETO;65
2024/2025;L/SNT4;Provincia autonoma di TRENTO;Provincia autonoma di TRENTO;65
2024/2025;L-1;VENETO;Provincia autonoma di TRENTO;65
2024/2025;L-13;LAZIO;UMBRIA;65
2024/2025;L-11;Provincia autonoma di TRENTO;LOMBARDIA;65
2023/2024;LMR/02;LAZIO;LAZIO;65
2023/2024;LM-84;EMILIA ROMAGNA;REGIONE ESTERA;65
2023/2024;LM-78;VENETO;LOMBARDIA;65
2023/2024;LM-67;FRIULI VENEZIA GIULIA;FRIULI VENEZIA GIULIA;65
2023/2024;LM-67;MOLISE;MOLISE;65
2024/2025;LM-67;SARDEGNA;SARDEGNA;65
2024/2025;LM-6;MARCHE;EMILIA ROMAGNA;65
2024/2025;LM-59;LOMBARDIA;TOSCANA;65
2024/2025;LM-59;UMBRIA;UMBRIA;65
2024/2025;LM-59;FRIULI VENEZIA GIULIA;FRIULI VENEZIA GIULIA;65
2024/2025;LM-4cu;LAZIO;CAMPANIA;65
2024/2025;LM-89;FRIULI VENEZIA GIULIA;FRIULI VENEZIA GIULIA;65
2024/2025;LM-84;EMILIA ROMAGNA;LOMBARDIA;65
2024/2025;LM-77;EMILIA ROMAGNA;LAZIO;65
2024/2025;LM-76;VENETO;REGIONE ESTERA;65
2024/2025;LM-71;PIEMONTE;PIEMONTE;65
2024/2025;LM-8;PIEMONTE;PIEMONTE;64
2024/2025;LM-77;Provincia autonoma di TRENTO;REGIONE ESTERA;64
2024/2025;LMR/02;PIEMONTE;PIEMONTE;64
2024/2025;L-P01;LAZIO;LAZIO;64
2024/2025;LM-40;FRIULI VENEZIA GIULIA;FRIULI VENEZIA GIULIA;64
2024/2025;LM-58;EMILIA ROMAGNA;REGIONE ESTERA;64
2024/2025;LM-6;LAZIO;CAMPANIA;64
2024/2025;LM-60;CAMPANIA;CAMPANIA;64
2024/2025;LM-62;MOLISE;MOLISE;64
2023/2024;LM-69;EMILIA ROMAGNA;REGIONE ESTERA;64
2023/2024;LM-69;LOMBARDIA;REGIONE ESTERA;64
2023/2024;LM-78;SARDEGNA;SARDEGNA;64
2023/2024;LM-76;VENETO;REGIONE ESTERA;64
2023/2024;LM-77;LOMBARDIA;BASILICATA;64
2023/2024;LM-75;TOSCANA;TOSCANA;64
2023/2024;LM-74;SICILIA;SICILIA;64
2024/2025;L/GASTR;ABRUZZO;ABRUZZO;64
2023/2024;LM-92;EMILIA ROMAGNA;EMILIA ROMAGNA;64
2024/2025;L-12;VENETO;FRIULI VENEZIA GIULIA;64
2024/2025;L-1;LOMBARDIA;REGIONE ESTERA;64
2024/2025;L/SNT3;EMILIA ROMAGNA;PUGLIA;64
2024/2025;LM-23;LIGURIA;LIGURIA;64
2024/2025;LM-23;PUGLIA;PUGLIA;64
2024/2025;LM-22;VENETO;REGIONE ESTERA;64
2024/2025;LM-29;PIEMONTE;SICILIA;64
2024/2025;LM-25;PIEMONTE;SICILIA;64
2024/2025;LM-25;CALABRIA;CALABRIA;64
2024/2025;L-9;VENETO;MARCHE;64
2024/2025;LM-13;VENETO;LOMBARDIA;64
2024/2025;LM-13;LAZIO;PUGLIA;64
2024/2025;L-33;EMILIA ROMAGNA;MARCHE;64
2024/2025;L-3;LAZIO;SARDEGNA;64
2024/2025;L-42;EMILIA ROMAGNA;REGIONE ESTERA;64
2024/2025;L-8;EMILIA ROMAGNA;CALABRIA;64
2024/2025;L-8;PIEMONTE;CALABRIA;64
2024/2025;L-36;LOMBARDIA;SICILIA;64
2024/2025;L-36;EMILIA ROMAGNA;LIGURIA;64
2023/2024;LM-51;LOMBARDIA;CAMPANIA;64
2023/2024;LM-51;PIEMONTE;CAMPANIA;64
2023/2024;LM-46;EMILIA ROMAGNA;LOMBARDIA;64
2023/2024;LM-46;LOMBARDIA;PIEMONTE;64
2023/2024;LM-57;VENETO;VENETO;64
2023/2024;LM-52;VENETO;LOMBARDIA;64
2023/2024;LM-6;MARCHE;EMILIA ROMAGNA;64
2023/2024;LM-61;ABRUZZO;ABRUZZO;64
2023/2024;LM-38;LIGURIA;LIGURIA;64
2023/2024;LM-4;EMILIA ROMAGNA;REGIONE ESTERA;64
2023/2024;LM-41;UMBRIA;EMILIA ROMAGNA;64
2023/2024;LM-41;PUGLIA;CALABRIA;64
2023/2024;LM/SC-GIUR;TOSCANA;TOSCANA;64
2023/2024;LM-13;LAZIO;PUGLIA;64
2023/2024;LM-14;EMILIA ROMAGNA;REGIONE ESTERA;64
2023/2024;L-9;LOMBARDIA;VENETO;64
2023/2024;LM-28;LOMBARDIA;REGIONE ESTERA;64
2023/2024;LM-21;LOMBARDIA;VENETO;64
2023/2024;LM-2;LAZIO;REGIONE ESTERA;64
2023/2024;L-24;VENETO;PUGLIA;64
2023/2024;L-36;EMILIA ROMAGNA;SARDEGNA;64
2023/2024;L-38;UMBRIA;UMBRIA;64
2023/2024;L-42;EMILIA ROMAGNA;ABRUZZO;64
2023/2024;L-10;ABRUZZO;PUGLIA;64
2023/2024;L-12;ABRUZZO;MOLISE;64
2023/2024;L-13;MARCHE;REGIONE ESTERA;64
2023/2024;L-18;TOSCANA;UMBRIA;64
2023/2024;L-18;Provincia autonoma di BOLZANO;REGIONE ESTERA;63
2023/2024;L-14;VENETO;LOMBARDIA;63
2023/2024;L-14;TOSCANA;PIEMONTE;63
2023/2024;L-10;LOMBARDIA;SICILIA;63
2023/2024;L-11;FRIULI VENEZIA GIULIA;REGIONE ESTERA;63
2023/2024;L/SNT4;Provincia autonoma di TRENTO;Provincia autonoma di TRENTO;63
2023/2024;L-1;LOMBARDIA;EMILIA ROMAGNA;63
2023/2024;L/SNT1;TOSCANA;PUGLIA;63
2023/2024;L-40;ABRUZZO;MOLISE;63
2023/2024;L-36;EMILIA ROMAGNA;CAMPANIA;63
2023/2024;L-33;TOSCANA;SICILIA;63
2023/2024;L-31;MARCHE;ABRUZZO;63
2023/2024;L-20;LOMBARDIA;ABRUZZO;63
2023/2024;L-21;CAMPANIA;CAMPANIA;63
2023/2024;LM-17;FRIULI VENEZIA GIULIA;FRIULI VENEZIA GIULIA;63
2023/2024;LM-26;LAZIO;LAZIO;63
2023/2024;LM-31;PIEMONTE;REGIONE ESTERA;63
2023/2024;L-9;LAZIO;BASILICATA;63
2023/2024;LM-14;EMILIA ROMAGNA;PUGLIA;63
2023/2024;L-9;TOSCANA;LAZIO;63
2023/2024;LM-32;PIEMONTE;LAZIO;63
2023/2024;LM-6;LAZIO;PUGLIA;63
2023/2024;LM-57;LAZIO;LAZIO;63
2023/2024;LM-46;UMBRIA;UMBRIA;63
2023/2024;LM-51;LOMBARDIA;VENETO;63
2024/2025;L-36;EMILIA ROMAGNA;LAZIO;63
2024/2025;L-4;UMBRIA;MARCHE;63
2024/2025;L-4;LOMBARDIA;TOSCANA;63
2024/2025;L-8;TOSCANA;UMBRIA;63
2024/2025;L-8;CAMPANIA;LAZIO;63
2024/2025;L-5;EMILIA ROMAGNA;SICILIA;63
2024/2025;L-24;PIEMONTE;LOMBARDIA;63
2024/2025;L-24;LOMBARDIA;VENETO;63
2024/2025;L-26;CALABRIA;CALABRIA;63
2024/2025;L-31;LOMBARDIA;VENETO;63
2024/2025;LM-13;TOSCANA;CAMPANIA;63
2024/2025;LM-14;EMILIA ROMAGNA;PUGLIA;63
2024/2025;LM-15;TOSCANA;TOSCANA;63
2024/2025;L-9;LOMBARDIA;UMBRIA;63
2024/2025;L-9;EMILIA ROMAGNA;Provincia autonoma di TRENTO;63
2024/2025;LM/SNT2;CAMPANIA;CAMPANIA;63
2024/2025;LM/SNT4;TOSCANA;TOSCANA;63
2024/2025;LM-27;CAMPANIA;CAMPANIA;63
2024/2025;LM-30;LOMBARDIA;EMILIA ROMAGNA;63
2024/2025;LM-24;ABRUZZO;ABRUZZO;63
2024/2025;LM-32;LOMBARDIA;CAMPANIA;63
2024/2025;LM-37;VENETO;LOMBARDIA;63
2024/2025;L-12;PIEMONTE;LIGURIA;63
2024/2025;L-14;ABRUZZO;SARDEGNA;63
2024/2025;L-11;VENETO;MARCHE;63
2024/2025;L-12;ABRUZZO;PUGLIA;63
2024/2025;L-10;TOSCANA;LOMBARDIA;63
2024/2025;L-20;LAZIO;MARCHE;63
2024/2025;L-20;PIEMONTE;VALLE D'AOSTA;63
2024/2025;L-2;Provincia autonoma di TRENTO;VENETO;63
2024/2025;L-15;PIEMONTE;LOMBARDIA;63
2024/2025;L-18;EMILIA ROMAGNA;PIEMONTE;63
2024/2025;L-19;EMILIA ROMAGNA;LIGURIA;63
2023/2024;LM-92;VENETO;REGIONE ESTERA;63
2023/2024;LMR/02;CAMPANIA;CAMPANIA;63
2023/2024;LMR/02;SICILIA;SICILIA;63
2023/2024;LMG/01;VENETO;Provincia autonoma di TRENTO;63
2023/2024;LMG/01;PIEMONTE;PUGLIA;63
2023/2024;LM-86;LOMBARDIA;LOMBARDIA;63
2023/2024;LM-89;EMILIA ROMAGNA;VENETO;63
2023/2024;LM-77;VENETO;SICILIA;63
2023/2024;LM-84;EMILIA ROMAGNA;LOMBARDIA;63
2024/2025;LM-60;LAZIO;LAZIO;63
2024/2025;LM-6;EMILIA ROMAGNA;REGIONE ESTERA;63
2024/2025;LM-52;LAZIO;LOMBARDIA;63
2024/2025;LM-41;TOSCANA;Provincia autonoma di TRENTO;63
2024/2025;LM-41;UMBRIA;EMILIA ROMAGNA;63
2024/2025;LM-41;EMILIA ROMAGNA;SARDEGNA;63
2024/2025;LM-41;EMILIA ROMAGNA;UMBRIA;63
2024/2025;LM-41;PIEMONTE;VALLE D'AOSTA;63
2024/2025;LM-41;MARCHE;LOMBARDIA;63
2024/2025;LM-41;MARCHE;PUGLIA;63
2024/2025;LM-4cu;LAZIO;ABRUZZO;63
2024/2025;LM-51;ABRUZZO;BASILICATA;63
2024/2025;LM-Sc.Mat.;LOMBARDIA;LOMBARDIA;63
2024/2025;LM-78;VENETO;LOMBARDIA;63
2024/2025;LM-81;TOSCANA;TOSCANA;62
2024/2025;LM-77;PIEMONTE;REGIONE ESTERA;62
2024/2025;LM-78;ABRUZZO;ABRUZZO;62
2024/2025;LM-85 bis;EMILIA ROMAGNA;MARCHE;62
2024/2025;LM-85 bis;CAMPANIA;BASILICATA;62
2024/2025;LMG/01;TOSCANA;BASILICATA;62
2024/2025;LMG/01;MARCHE;EMILIA ROMAGNA;62
2024/2025;LM-90;PIEMONTE;REGIONE ESTERA;62
2024/2025;LM-9;EMILIA ROMAGNA;REGIONE ESTERA;62
2024/2025;LM-51;LOMBARDIA;TOSCANA;62
2024/2025;LM-51;EMILIA ROMAGNA;TOSCANA;62
2024/2025;LM-4cu;LAZIO;PUGLIA;62
2024/2025;LM-48;TOSCANA;REGIONE ESTERA;62
2024/2025;LM-46;MARCHE;MARCHE;62
2024/2025;LM-41;Provincia autonoma di TRENTO;VENETO;62
2024/2025;LM-41;SARDEGNA;SICILIA;62
2024/2025;LM-4;TOSCANA;REGIONE ESTERA;62
2024/2025;LM-6;ABRUZZO;ABRUZZO;62
2024/2025;LM-59;LOMBARDIA;LIGURIA;62
2024/2025;LM-6;UMBRIA;UMBRIA;62
2024/2025;LM-65;LAZIO;PUGLIA;62
2023/2024;LM-80;EMILIA ROMAGNA;EMILIA ROMAGNA;62
2023/2024;LM-69;MARCHE;MARCHE;62
2023/2024;LM-73;LAZIO;LAZIO;62
2023/2024;LM-62;SARDEGNA;SARDEGNA;62
2023/2024;LM-89;FRIULI VENEZIA GIULIA;FRIULI VENEZIA GIULIA;62
2023/2024;LM-87;LAZIO;PUGLIA;62
2023/2024;LM-85 bis;LOMBARDIA;SICILIA;62
2023/2024;L-P02;TOSCANA;TOSCANA;62
2024/2025;L/GASTR;EMILIA ROMAGNA;LOMBARDIA;62
2024/2025;L-18;UMBRIA;LAZIO;62
2024/2025;L-18;Provincia autonoma di BOLZANO;Provincia autonoma di TRENTO;62
2024/2025;L-14;TOSCANA;SARDEGNA;62
2024/2025;L-21;SARDEGNA;SARDEGNA;62
2024/2025;L-13;MARCHE;REGIONE ESTERA;62
2024/2025;LM-32;EMILIA ROMAGNA;REGIONE ESTERA;62
2024/2025;LM-13;EMILIA ROMAGNA;Provincia autonoma di TRENTO;62
2024/2025;LM-13;EMILIA ROMAGNA;ABRUZZO;62
2024/2025;L-9;LAZIO;BASILICATA;62
2024/2025;L-9;TOSCANA;LAZIO;62
2024/2025;LM-18;CAMPANIA;REGIONE ESTERA;62
2024/2025;L-27;EMILIA ROMAGNA;PUGLIA;62
2024/2025;L-41;EMILIA ROMAGNA;REGIONE ESTERA;62
2024/2025;L-7;LOMBARDIA;PIEMONTE;62
2024/2025;L-4;LOMBARDIA;MARCHE;62
2024/2025;L-38;UMBRIA;UMBRIA;62
2023/2024;LM-46;MARCHE;MARCHE;62
2023/2024;LM-4cu;LAZIO;PUGLIA;62
2023/2024;LM-56;LOMBARDIA;PIEMONTE;62
2023/2024;LM-41;ABRUZZO;VENETO;62
2023/2024;LM-18;EMILIA ROMAGNA;REGIONE ESTERA;62
2023/2024;LM-19;PUGLIA;PUGLIA;62
2023/2024;L-20;UMBRIA;REGIONE ESTERA;62
2023/2024;L-30;FRIULI VENEZIA GIULIA;VENETO;62
2023/2024;L-31;EMILIA ROMAGNA;SICILIA;62
2023/2024;L-31;LAZIO;CAMPANIA;62
2023/2024;L-25;Provincia autonoma di TRENTO;Provincia autonoma di TRENTO;62
2023/2024;L-33;LOMBARDIA;CALABRIA;62
2023/2024;L-36;PIEMONTE;LOMBARDIA;62
2023/2024;L-4;UMBRIA;PUGLIA;62
2023/2024;L-4;PIEMONTE;LOMBARDIA;62
2023/2024;L-42;EMILIA ROMAGNA;REGIONE ESTERA;62
2023/2024;L/SNT2;MOLISE;MOLISE;62
2023/2024;L-10;TOSCANA;PUGLIA;62
2023/2024;L-10;LAZIO;REGIONE ESTERA;62
2023/2024;L-10;LIGURIA;PIEMONTE;62
2023/2024;L-14;ABRUZZO;BASILICATA;62
2023/2024;L-13;LAZIO;UMBRIA;62
2023/2024;L-18;LAZIO;SARDEGNA;62
2023/2024;L-17;LOMBARDIA;SICILIA;62
2023/2024;L-18;Provincia autonoma di TRENTO;LOMBARDIA;62
2023/2024;L-2;Provincia autonoma di TRENTO;VENETO;62
2023/2024;L-2;EMILIA ROMAGNA;CALABRIA;62
2023/2024;L-17;EMILIA ROMAGNA;LOMBARDIA;61
2023/2024;L-13;UMBRIA;LAZIO;61
2023/2024;L-14;Provincia autonoma di TRENTO;VENETO;61
2023/2024;L-1;VENETO;Provincia autonoma di TRENTO;61
2023/2024;L-11;LOMBARDIA;EMILIA ROMAGNA;61
2023/2024;L/SNT1;CALABRIA;SICILIA;61
2023/2024;L-42;LOMBARDIA;PIEMONTE;61
2023/2024;L-40;UMBRIA;TOSCANA;61
2023/2024;L-4;LOMBARDIA;MARCHE;61
2023/2024;L-4;LOMBARDIA;TOSCANA;61
2023/2024;L-4;LIGURIA;TOSCANA;61
2023/2024;L-36;LOMBARDIA;SICILIA;61
2023/2024;L-29;ABRUZZO;ABRUZZO;61
2023/2024;L-22;ABRUZZO;BASILICATA;61
2023/2024;L-24;LAZIO;ABRUZZO;61
2023/2024;L-24;LAZIO;BASILICATA;61
2023/2024;L-22;PIEMONTE;LIGURIA;61
2023/2024;LM-23;Provincia autonoma di TRENTO;Provincia autonoma di TRENTO;61
2023/2024;LM-13;LOMBARDIA;VENETO;61
2023/2024;LM-38;LOMBARDIA;SICILIA;61
2023/2024;LM-37;VENETO;LOMBARDIA;61
2023/2024;LM-56;LAZIO;PUGLIA;61
2023/2024;LM-52;SICILIA;REGIONE ESTERA;61
2023/2024;LM-4cu;ABRUZZO;MOLISE;61
2023/2024;LM-49;PIEMONTE;REGIONE ESTERA;61
2023/2024;LM-51;ABRUZZO;CALABRIA;61
2024/2025;L-4;TOSCANA;EMILIA ROMAGNA;61
2024/2025;L-8;TOSCANA;CAMPANIA;61
2024/2025;L-8;TOSCANA;BASILICATA;61
2024/2025;L-8;LAZIO;UMBRIA;61
2024/2025;L-42;VENETO;FRIULI VENEZIA GIULIA;61
2024/2025;L-42;TOSCANA;LIGURIA;61
2024/2025;L-5;LOMBARDIA;EMILIA ROMAGNA;61
2024/2025;L-25;MARCHE;ABRUZZO;61
2024/2025;L-34;SARDEGNA;SARDEGNA;61
2024/2025;LM-16;CALABRIA;CALABRIA;61
2024/2025;LM-14;EMILIA ROMAGNA;SICILIA;61
2024/2025;L-9;PIEMONTE;MOLISE;61
2024/2025;LM-32;PIEMONTE;CALABRIA;61
2024/2025;LM-32;UMBRIA;UMBRIA;61
2024/2025;LM-23;Provincia autonoma di TRENTO;Provincia autonoma di TRENTO;61
2024/2025;LM-21;LOMBARDIA;PUGLIA;61
2024/2025;LM-20;SICILIA;SICILIA;61
2024/2025;L-11;FRIULI VENEZIA GIULIA;REGIONE ESTERA;61
2024/2025;L/SNT2;LIGURIA;PIEMONTE;61
2024/2025;L-22;LAZIO;UMBRIA;61
2024/2025;L-18;Provincia autonoma di BOLZANO;REGIONE ESTERA;61
2024/2025;L-18;TOSCANA;SARDEGNA;61
2023/2024;LMG/01;PIEMONTE;LOMBARDIA;61
2023/2024;LM-85 bis;LOMBARDIA;EMILIA ROMAGNA;61
2023/2024;LM-85 bis;LAZIO;PUGLIA;61
2024/2025;LM-6;TOSCANA;SICILIA;61
2024/2025;LM-4;PIEMONTE;PUGLIA;61
2024/2025;LM-41;LOMBARDIA;SARDEGNA;61
2024/2025;LM-46;EMILIA ROMAGNA;LOMBARDIA;61
2024/2025;LM-51;LOMBARDIA;VENETO;61
2024/2025;LM-86;SARDEGNA;SARDEGNA;61
2024/2025;LM-76;PIEMONTE;PIEMONTE;61
2024/2025;LM-77;LAZIO;EMILIA ROMAGNA;61
2024/2025;LM-75;EMILIA ROMAGNA;EMILIA ROMAGNA;60
2024/2025;LM-86;LOMBARDIA;LOMBARDIA;60
2024/2025;LM-85;MARCHE;EMILIA ROMAGNA;60
2024/2025;LM-85 bis;LOMBARDIA;Provincia autonoma di TRENTO;60
2024/2025;LM-92;TOSCANA;REGIONE ESTERA;60
2024/2025;LMG/01;VENETO;Provincia autonoma di TRENTO;60
2024/2025;L-Sc.Mat.;EMILIA ROMAGNA;EMILIA ROMAGNA;60
2024/2025;LM-4cu;TOSCANA;MARCHE;60
2024/2025;LM-41;UMBRIA;CALABRIA;60
2024/2025;LM-6;LOMBARDIA;SICILIA;60
2024/2025;LM-66;PUGLIA;PUGLIA;60
2024/2025;LM-56;PUGLIA;REGIONE ESTERA;60
2024/2025;LM-51;UMBRIA;CAMPANIA;60
2024/2025;LM-52;SICILIA;REGIONE ESTERA;60
2023/2024;LMG/01;Provincia autonoma di TRENTO;LAZIO;60
2024/2025;99999;PUGLIA;BASILICATA;60
2023/2024;LMG/01;LAZIO;EMILIA ROMAGNA;60
2023/2024;LM-62;MOLISE;MOLISE;60
2023/2024;LM-69;SARDEGNA;SARDEGNA;60
2024/2025;L-18;ABRUZZO;LAZIO;60
2024/2025;L-18;LAZIO;SARDEGNA;60
2024/2025;L-14;LAZIO;CAMPANIA;60
2024/2025;L-22;PIEMONTE;LIGURIA;60
2024/2025;L-24;LAZIO;ABRUZZO;60
2024/2025;L-20;LAZIO;TOSCANA;60
2024/2025;L-11;VENETO;LIGURIA;60
2024/2025;L-12;ABRUZZO;MOLISE;60
2024/2025;L-12;LAZIO;PUGLIA;60
2024/2025;LM-30;CAMPANIA;CAMPANIA;60
2024/2025;LM-32;SARDEGNA;SARDEGNA;60
2024/2025;LM-32;PIEMONTE;SARDEGNA;60
2024/2025;LM-32;LOMBARDIA;PIEMONTE;60
2024/2025;LM-31;PIEMONTE;LAZIO;60
2024/2025;LM-31;EMILIA ROMAGNA;SICILIA;60
2024/2025;L-9;TOSCANA;SARDEGNA;60
2024/2025;L-34;PUGLIA;PUGLIA;60
2024/2025;L-33;LOMBARDIA;TOSCANA;60
2024/2025;L-31;EMILIA ROMAGNA;SICILIA;60
2024/2025;L-25;Provincia autonoma di TRENTO;Provincia autonoma di TRENTO;60
2024/2025;L-3;LAZIO;LOMBARDIA;60
2024/2025;L-3;TOSCANA;LIGURIA;60
2024/2025;L-39;LAZIO;CAMPANIA;60
2024/2025;L-36;LAZIO;BASILICATA;60
2023/2024;LM-51;LAZIO;UMBRIA;60
2023/2024;LM-51;VENETO;CAMPANIA;60
2023/2024;LM-4cu;LAZIO;UMBRIA;60
2023/2024;LM-56;LAZIO;SICILIA;60
2023/2024;LM-60;LAZIO;LAZIO;60
2023/2024;LM-59;LOMBARDIA;LIGURIA;60
2023/2024;LM-59;LAZIO;SICILIA;60
2023/2024;LM-38;ABRUZZO;PUGLIA;60
2023/2024;LM-32;LOMBARDIA;TOSCANA;60
2023/2024;LM-33;Provincia autonoma di TRENTO;Provincia autonoma di TRENTO;60
2023/2024;LM-35;TOSCANA;TOSCANA;60
2023/2024;LM-36;VENETO;LOMBARDIA;60
2023/2024;LM-41;ABRUZZO;EMILIA ROMAGNA;60
2023/2024;LM-41;LAZIO;SARDEGNA;60
2023/2024;L-9;EMILIA ROMAGNA;SARDEGNA;60
2023/2024;L-8;TOSCANA;UMBRIA;60
2023/2024;L-8;TOSCANA;SARDEGNA;60
2023/2024;L-7;FRIULI VENEZIA GIULIA;VENETO;60
2023/2024;LM-24;MARCHE;MARCHE;60
2023/2024;LM-22;EMILIA ROMAGNA;REGIONE ESTERA;60
2023/2024;LM-31;SICILIA;REGIONE ESTERA;60
2023/2024;LM-31;LOMBARDIA;PUGLIA;60
2023/2024;LM-29;SARDEGNA;SARDEGNA;60
2023/2024;LM-30;EMILIA ROMAGNA;REGIONE ESTERA;60
2023/2024;LM-18;Provincia autonoma di TRENTO;Provincia autonoma di TRENTO;60
2023/2024;L-22;UMBRIA;CALABRIA;60
2023/2024;L-20;Provincia autonoma di TRENTO;VENETO;60
2023/2024;L-25;MOLISE;MOLISE;60
2023/2024;L-31;LAZIO;PUGLIA;60
2023/2024;L-36;EMILIA ROMAGNA;FRIULI VENEZIA GIULIA;60
2023/2024;L-34;SARDEGNA;SARDEGNA;60
2023/2024;99999;LOMBARDIA;PIEMONTE;60
2023/2024;L/SNT1;LIGURIA;PIEMONTE;60
2023/2024;L-10;TOSCANA;LAZIO;60
2023/2024;L-10;ABRUZZO;LAZIO;60
2023/2024;L-10;EMILIA ROMAGNA;BASILICATA;60
2023/2024;L/SNT2;EMILIA ROMAGNA;PUGLIA;60
2023/2024;L/SNT3;EMILIA ROMAGNA;PUGLIA;60
2023/2024;L-15;EMILIA ROMAGNA;VENETO;60
2023/2024;L-18;TOSCANA;LAZIO;60
2023/2024;L-19;ABRUZZO;LAZIO;60
2023/2024;L-19;LAZIO;SICILIA;60
2023/2024;L-2;EMILIA ROMAGNA;REGIONE ESTERA;59
2023/2024;L-17;VENETO;LOMBARDIA;59
2023/2024;L-18;LAZIO;VENETO;59
2023/2024;L-18;EMILIA ROMAGNA;Provincia autonoma di TRENTO;59
2023/2024;L-12;LAZIO;SICILIA;59
2023/2024;L-12;ABRUZZO;LAZIO;59
2023/2024;L-12;EMILIA ROMAGNA;TOSCANA;59
2023/2024;L-11;Provincia autonoma di TRENTO;LOMBARDIA;59
2023/2024;L-33;VENETO;FRIULI VENEZIA GIULIA;59
2023/2024;L-33;TOSCANA;LIGURIA;59
2023/2024;L-36;LAZIO;SARDEGNA;59
2023/2024;L-31;LOMBARDIA;SICILIA;59
2023/2024;L-31;VENETO;REGIONE ESTERA;59
2023/2024;L-36;VENETO;EMILIA ROMAGNA;59
2023/2024;L-4;SARDEGNA;SARDEGNA;59
2023/2024;L-30;EMILIA ROMAGNA;VENETO;59
2023/2024;L-20;LAZIO;REGIONE ESTERA;59
2023/2024;LM-18;Provincia autonoma di BOLZANO;REGIONE ESTERA;59
2023/2024;LM-19;LAZIO;PUGLIA;59
2023/2024;LM-29;MARCHE;MARCHE;59
2023/2024;LM-31;FRIULI VENEZIA GIULIA;VENETO;59
2023/2024;LM-26;LIGURIA;LIGURIA;59
2023/2024;L-5;VENETO;EMILIA ROMAGNA;59
2023/2024;L-8;TOSCANA;CAMPANIA;59
2023/2024;LM/SNT1;FRIULI VENEZIA GIULIA;FRIULI VENEZIA GIULIA;59
2023/2024;LM-11;LAZIO;LAZIO;59
2023/2024;LM-35;SARDEGNA;SARDEGNA;59
2023/2024;LM-6;TOSCANA;CAMPANIA;59
2023/2024;LM-49;TOSCANA;REGIONE ESTERA;59
2023/2024;LM-52;LOMBARDIA;REGIONE ESTERA;59
2024/2025;L-36;EMILIA ROMAGNA;SARDEGNA;59
2024/2025;L-43;TOSCANA;TOSCANA;59
2024/2025;L-25;LAZIO;REGIONE ESTERA;59
2024/2025;L-24;MOLISE;CAMPANIA;59
2024/2025;L-33;EMILIA ROMAGNA;PUGLIA;59
2024/2025;L-33;TOSCANA;SICILIA;59
2024/2025;LM/DS;LIGURIA;LIGURIA;59
2024/2025;LM/SNT4;LAZIO;LAZIO;59
2024/2025;LM-16;TOSCANA;REGIONE ESTERA;59
2024/2025;LM-16;Provincia autonoma di TRENTO;Provincia autonoma di TRENTO;59
2024/2025;LM-31;LOMBARDIA;REGIONE ESTERA;59
2024/2025;LM-30;EMILIA ROMAGNA;REGIONE ESTERA;59
2024/2025;L-13;UMBRIA;LAZIO;59
2024/2025;L/SNT2;MOLISE;LAZIO;59
2024/2025;L/SNT2;SICILIA;CALABRIA;59
2024/2025;L-24;LAZIO;MARCHE;59
2024/2025;L-21;CAMPANIA;CAMPANIA;59
2024/2025;L-21;LAZIO;LAZIO;59
2024/2025;L-18;Provincia autonoma di BOLZANO;VENETO;59
2024/2025;L-18;Provincia autonoma di TRENTO;LOMBARDIA;59
2024/2025;L-18;UMBRIA;MARCHE;59
2023/2024;LM-65;ABRUZZO;ABRUZZO;59
2023/2024;LM-8;LAZIO;REGIONE ESTERA;59
2023/2024;LM-83;LOMBARDIA;LOMBARDIA;59
2023/2024;LM-82;CAMPANIA;CAMPANIA;59
2023/2024;LM-91;SARDEGNA;SARDEGNA;59
2023/2024;LM-85 bis;LOMBARDIA;Provincia autonoma di TRENTO;59
2023/2024;LM-85;SICILIA;CALABRIA;59
2023/2024;LM-85;VENETO;Provincia autonoma di TRENTO;59
2023/2024;LM-86;VENETO;VENETO;59
2024/2025;LM-57;LAZIO;LAZIO;59
2024/2025;LM-67;MOLISE;MOLISE;59
2024/2025;LM-69;CALABRIA;CALABRIA;59
2024/2025;LM-49;PIEMONTE;REGIONE ESTERA;59
2024/2025;LM-75;TOSCANA;TOSCANA;59
2024/2025;LM-75;PUGLIA;PUGLIA;58
2024/2025;LM-77;EMILIA ROMAGNA;LIGURIA;58
2024/2025;LM-73;LAZIO;LAZIO;58
2024/2025;LM-82;LOMBARDIA;REGIONE ESTERA;58
2024/2025;LM-41;UMBRIA;PIEMONTE;58
2024/2025;LM-42;LAZIO;LAZIO;58
2024/2025;LM-4;FRIULI VENEZIA GIULIA;FRIULI VENEZIA GIULIA;58
2024/2025;LM-52;LAZIO;TOSCANA;58
2023/2024;LM-Data;LAZIO;LAZIO;58
2023/2024;LM-77;TOSCANA;PUGLIA;58
2024/2025;L-18;TOSCANA;LOMBARDIA;58
2024/2025;L-17;VENETO;LOMBARDIA;58
2024/2025;L-14;PIEMONTE;SICILIA;58
2024/2025;L-14;VENETO;Provincia autonoma di TRENTO;58
2024/2025;L/SNT1;EMILIA ROMAGNA;CALABRIA;58
2024/2025;LM-21;PIEMONTE;SARDEGNA;58
2024/2025;LM-32;EMILIA ROMAGNA;PUGLIA;58
2024/2025;LM-38;LIGURIA;LIGURIA;58
2024/2025;LM-33;PIEMONTE;LAZIO;58
2024/2025;LM-13;MARCHE;CAMPANIA;58
2024/2025;LM-13;PUGLIA;BASILICATA;58
2024/2025;LM-16;LAZIO;REGIONE ESTERA;58
2024/2025;L-9;TOSCANA;BASILICATA;58
2024/2025;L-9;EMILIA ROMAGNA;UMBRIA;58
2024/2025;L-35;Provincia autonoma di TRENTO;LOMBARDIA;58
2024/2025;L-33;EMILIA ROMAGNA;LOMBARDIA;58
2024/2025;L-31;LOMBARDIA;PUGLIA;58
2024/2025;L-24;UMBRIA;ABRUZZO;58
2024/2025;L-24;VENETO;PUGLIA;58
2024/2025;L-5;Provincia autonoma di TRENTO;VENETO;58
2024/2025;L-5;PIEMONTE;LOMBARDIA;58
2024/2025;L-42;LOMBARDIA;PIEMONTE;58
2024/2025;L-42;EMILIA ROMAGNA;ABRUZZO;58
2024/2025;L-8;TOSCANA;SARDEGNA;58
2024/2025;L-4;LIGURIA;REGIONE ESTERA;58
2024/2025;L-4;UMBRIA;TOSCANA;58
2024/2025;L-40;ABRUZZO;BASILICATA;58
2023/2024;LM-48;VENETO;VENETO;58
2023/2024;LM-59;FRIULI VENEZIA GIULIA;FRIULI VENEZIA GIULIA;58
2023/2024;LM-6;FRIULI VENEZIA GIULIA;FRIULI VENEZIA GIULIA;58
2023/2024;LM-53;PUGLIA;PUGLIA;58
2023/2024;LM-33;MARCHE;ABRUZZO;58
2023/2024;LM-4;TOSCANA;REGIONE ESTERA;58
2023/2024;LM-41;EMILIA ROMAGNA;SARDEGNA;58
2023/2024;LM-41;LOMBARDIA;SARDEGNA;58
2023/2024;LM-41;UMBRIA;PIEMONTE;58
2023/2024;LM-13;LAZIO;ABRUZZO;58
2023/2024;LM-13;EMILIA ROMAGNA;BASILICATA;58
2023/2024;L-9;ABRUZZO;PUGLIA;58
2023/2024;LM-25;CALABRIA;CALABRIA;58
2023/2024;LM-25;EMILIA ROMAGNA;REGIONE ESTERA;58
2023/2024;LM-23;CAMPANIA;REGIONE ESTERA;58
2023/2024;LM-22;PIEMONTE;SICILIA;58
2023/2024;LM-31;LOMBARDIA;SICILIA;58
2023/2024;LM-19;VENETO;VENETO;58
2023/2024;LM-20;EMILIA ROMAGNA;EMILIA ROMAGNA;58
2023/2024;LM-18;Provincia autonoma di TRENTO;VENETO;58
2023/2024;LM-14;TOSCANA;SICILIA;58
2023/2024;L-21;LAZIO;LAZIO;58
2023/2024;L-3;LAZIO;BASILICATA;58
2023/2024;L-3;EMILIA ROMAGNA;SARDEGNA;58
2023/2024;L-40;ABRUZZO;BASILICATA;58
2023/2024;L-36;SICILIA;CALABRIA;58
2023/2024;L-33;LAZIO;MARCHE;58
2023/2024;L-33;LOMBARDIA;TOSCANA;58
2023/2024;L-36;EMILIA ROMAGNA;PIEMONTE;58
2023/2024;L-10;Provincia autonoma di TRENTO;VENETO;58
2023/2024;L-11;VENETO;LIGURIA;58
2023/2024;L-12;VALLE D'AOSTA;PIEMONTE;58
2023/2024;L-14;VENETO;FRIULI VENEZIA GIULIA;58
2023/2024;L-14;PUGLIA;CAMPANIA;58
2023/2024;L-13;VENETO;REGIONE ESTERA;58
2023/2024;L-17;PIEMONTE;LOMBARDIA;58
2023/2024;L-2;EMILIA ROMAGNA;MARCHE;58
2023/2024;L-19;LAZIO;UMBRIA;58
2023/2024;L-19;LAZIO;ABRUZZO;57
2023/2024;L-19;ABRUZZO;CAMPANIA;57
2023/2024;L-13;EMILIA ROMAGNA;Provincia autonoma di TRENTO;57
2023/2024;L-12;TOSCANA;BASILICATA;57
2023/2024;L-11;VENETO;SARDEGNA;57
2023/2024;L-10;PIEMONTE;LOMBARDIA;57
2023/2024;L/SNT2;FRIULI VENEZIA GIULIA;VENETO;57
2023/2024;L/SNT2;LIGURIA;PIEMONTE;57
2023/2024;L-36;EMILIA ROMAGNA;Provincia autonoma di TRENTO;57
2023/2024;L-36;LIGURIA;PIEMONTE;57
2023/2024;L-35;BASILICATA;BASILICATA;57
2023/2024;L-33;LAZIO;MOLISE;57
2023/2024;L-4;MARCHE;ABRUZZO;57
2023/2024;L-25;Provincia autonoma di BOLZANO;Provincia autonoma di BOLZANO;57
2023/2024;L-20;TOSCANA;REGIONE ESTERA;57
2023/2024;L-24;UMBRIA;VENETO;57
2023/2024;LM-31;LOMBARDIA;REGIONE ESTERA;57
2023/2024;LM-31;EMILIA ROMAGNA;LOMBARDIA;57
2023/2024;LM-30;LOMBARDIA;VENETO;57
2023/2024;LM-26;VENETO;VENETO;57
2023/2024;L-8;PIEMONTE;TOSCANA;57
2023/2024;L-9;EMILIA ROMAGNA;LIGURIA;57
2023/2024;L-5;SICILIA;CALABRIA;57
2023/2024;L-7;LOMBARDIA;REGIONE ESTERA;57
2023/2024;L-9;TOSCANA;SARDEGNA;57
2023/2024;LM-41;SARDEGNA;SICILIA;57
2023/2024;LM-41;UMBRIA;SICILIA;57
2023/2024;LM-33;PIEMONTE;ABRUZZO;57
2023/2024;LM-33;CAMPANIA;REGIONE ESTERA;57
2023/2024;LM-6;TOSCANA;LAZIO;57
2023/2024;LM-47;EMILIA ROMAGNA;EMILIA ROMAGNA;57
2023/2024;LM-46;LAZIO;CALABRIA;57
2023/2024;LM-46;LAZIO;SICILIA;57
2023/2024;LM-52;LAZIO;TOSCANA;57
2023/2024;LM-51;EMILIA ROMAGNA;SARDEGNA;57
2024/2025;L-40;ABRUZZO;LAZIO;57
2024/2025;L-4;PIEMONTE;LOMBARDIA;57
2024/2025;L-36;LOMBARDIA;PUGLIA;57
2024/2025;L-36;SICILIA;CALABRIA;57
2024/2025;L-5;VENETO;EMILIA ROMAGNA;57
2024/2025;L-33;LAZIO;MARCHE;57
2024/2025;L-9;FRIULI VENEZIA GIULIA;REGIONE ESTERA;57
2024/2025;LM-13;UMBRIA;TOSCANA;57
2024/2025;LM-36;VENETO;LOMBARDIA;57
2024/2025;LM-31;PIEMONTE;EMILIA ROMAGNA;57
2024/2025;LM-32;PIEMONTE;TOSCANA;57
2024/2025;LM-32;Provincia autonoma di TRENTO;VENETO;57
2024/2025;LM-33;BASILICATA;BASILICATA;57
2024/2025;L-13;TOSCANA;SICILIA;57
2024/2025;L-11;EMILIA ROMAGNA;CALABRIA;57
2024/2025;L-10;LOMBARDIA;SICILIA;57
2024/2025;L-17;VENETO;Provincia autonoma di TRENTO;57
2024/2025;L-22;LAZIO;CALABRIA;57
2023/2024;LM-65;LAZIO;PUGLIA;57
2023/2024;LM-61;UMBRIA;UMBRIA;57
2023/2024;LM-60;VENETO;VENETO;57
2023/2024;LM-67;LOMBARDIA;PIEMONTE;57
2023/2024;LM-70;VENETO;REGIONE ESTERA;57
2023/2024;LMG/01;MARCHE;EMILIA ROMAGNA;57
2023/2024;LM-89;UMBRIA;UMBRIA;57
2024/2025;LM-59;LOMBARDIA;CAMPANIA;57
2024/2025;LM-42;EMILIA ROMAGNA;REGIONE ESTERA;57
2024/2025;LM-51;EMILIA ROMAGNA;PUGLIA;57
2024/2025;LM-46;ABRUZZO;REGIONE ESTERA;57
2024/2025;LM-82;SICILIA;SICILIA;57
2024/2025;LM-80;EMILIA ROMAGNA;EMILIA ROMAGNA;57
2024/2025;LMG/01;VENETO;Provincia autonoma di BOLZANO;57
2024/2025;L-P03;CAMPANIA;CAMPANIA;57
2024/2025;LM-91;EMILIA ROMAGNA;EMILIA ROMAGNA;56
2024/2025;LM-77;TOSCANA;LIGURIA;56
2024/2025;LM-77;TOSCANA;PUGLIA;56
2024/2025;LM-83;PIEMONTE;PIEMONTE;56
2024/2025;LM-51;LAZIO;ABRUZZO;56
2024/2025;LM-51;LAZIO;LOMBARDIA;56
2024/2025;LM-56;EMILIA ROMAGNA;PUGLIA;56
2024/2025;LM-51;PIEMONTE;CALABRIA;56
2023/2024;LM-94;FRIULI VENEZIA GIULIA;VENETO;56
2024/2025;99999;EMILIA ROMAGNA;PUGLIA;56
2024/2025;L/DS;EMILIA ROMAGNA;LAZIO;56
2023/2024;L-P01;FRIULI VENEZIA GIULIA;FRIULI VENEZIA GIULIA;56
2023/2024;LM-67;SARDEGNA;SARDEGNA;56
2023/2024;LM-62;CALABRIA;CALABRIA;56
2023/2024;LM-65;LAZIO;SICILIA;56
2023/2024;LM-77;TOSCANA;LIGURIA;56
2023/2024;LM-77;CAMPANIA;REGIONE ESTERA;56
2024/2025;L-22;UMBRIA;CALABRIA;56
2024/2025;L-20;LOMBARDIA;ABRUZZO;56
2024/2025;L-2;EMILIA ROMAGNA;CALABRIA;56
2024/2025;L-18;UMBRIA;TOSCANA;56
2024/2025;L-19;LAZIO;ABRUZZO;56
2024/2025;L-11;LIGURIA;REGIONE ESTERA;56
2024/2025;L-14;ABRUZZO;MARCHE;56
2024/2025;L-12;EMILIA ROMAGNA;MARCHE;56
2024/2025;L-12;LAZIO;CAMPANIA;56
2024/2025;L-12;VALLE D'AOSTA;PIEMONTE;56
2024/2025;L/SNT2;MOLISE;CAMPANIA;56
2024/2025;L/SNT2;EMILIA ROMAGNA;SICILIA;56
2024/2025;L/SNT3;Provincia autonoma di TRENTO;Provincia autonoma di TRENTO;56
2024/2025;L-10;ABRUZZO;LAZIO;56
2024/2025;LM-31;PIEMONTE;REGIONE ESTERA;56
2024/2025;LM-21;ABRUZZO;ABRUZZO;56
2024/2025;LM-29;SARDEGNA;SARDEGNA;56
2024/2025;LM-13;TOSCANA;CALABRIA;56
2024/2025;LM-13;LIGURIA;PIEMONTE;56
2024/2025;LM/SNT1;FRIULI VENEZIA GIULIA;FRIULI VENEZIA GIULIA;56
2024/2025;LM/SNT3;LOMBARDIA;LOMBARDIA;56
2024/2025;LM/SNT2;VENETO;VENETO;56
2024/2025;L-27;EMILIA ROMAGNA;MARCHE;56
2024/2025;L-36;LAZIO;PIEMONTE;56
2024/2025;L-40;Provincia autonoma di TRENTO;LOMBARDIA;56
2024/2025;L-4;LIGURIA;TOSCANA;56
2023/2024;LM-51;EMILIA ROMAGNA;PUGLIA;56
2023/2024;LM-52;LAZIO;ABRUZZO;56
2023/2024;LM-5;PIEMONTE;PIEMONTE;56
2023/2024;LM-6;EMILIA ROMAGNA;CAMPANIA;56
2023/2024;LM-59;MARCHE;MARCHE;56
2023/2024;LM-37;EMILIA ROMAGNA;VENETO;56
2023/2024;LM-4;PIEMONTE;SICILIA;56
2023/2024;LM-38;MARCHE;MARCHE;56
2023/2024;LM-37;Provincia autonoma di TRENTO;Provincia autonoma di TRENTO;56
2023/2024;LM-41;UMBRIA;CALABRIA;56
2023/2024;LM-41;PIEMONTE;VALLE D'AOSTA;56
2023/2024;LM-41;CALABRIA;LAZIO;56
2023/2024;LM/SNT3;VENETO;VENETO;56
2023/2024;LM-13;VENETO;LOMBARDIA;56
2023/2024;L-8;EMILIA ROMAGNA;BASILICATA;56
2023/2024;L-8;CAMPANIA;LAZIO;56
2023/2024;L-9;EMILIA ROMAGNA;FRIULI VENEZIA GIULIA;56
2023/2024;L-9;PIEMONTE;MOLISE;56
2023/2024;L-8;TOSCANA;BASILICATA;56
2023/2024;LM-27;CAMPANIA;CAMPANIA;56
2023/2024;LM-31;EMILIA ROMAGNA;CAMPANIA;56
2023/2024;L-24;LAZIO;LOMBARDIA;56
2023/2024;L-2;SICILIA;CALABRIA;56
2023/2024;L-25;LOMBARDIA;PIEMONTE;56
2023/2024;L-4;UMBRIA;MARCHE;56
2023/2024;L-4;ABRUZZO;PUGLIA;56
2023/2024;L-33;EMILIA ROMAGNA;TOSCANA;56
2023/2024;L-35;EMILIA ROMAGNA;LOMBARDIA;56
2023/2024;L/SNT2;SICILIA;CALABRIA;56
2023/2024;L-1;LAZIO;CAMPANIA;56
2023/2024;L-11;LOMBARDIA;SICILIA;56
2023/2024;99999;TOSCANA;LIGURIA;56
2023/2024;L-13;EMILIA ROMAGNA;BASILICATA;56
2023/2024;L-14;LOMBARDIA;SICILIA;56
2023/2024;L-19;LIGURIA;PIEMONTE;56
2023/2024;L-18;EMILIA ROMAGNA;LAZIO;56
2023/2024;L-17;VENETO;Provincia autonoma di TRENTO;55
2023/2024;L-18;TOSCANA;LOMBARDIA;55
2023/2024;L-14;MARCHE;REGIONE ESTERA;55
2023/2024;L-15;ABRUZZO;ABRUZZO;55
2023/2024;L-14;ABRUZZO;MARCHE;55
2023/2024;L-14;ABRUZZO;SARDEGNA;55
2023/2024;L/GASTR;FRIULI VENEZIA GIULIA;VENETO;55
2023/2024;L/GASTR;PUGLIA;PUGLIA;55
2023/2024;L/SNT1;LIGURIA;SICILIA;55
2023/2024;L-11;LAZIO;TOSCANA;55
2023/2024;L-35;Provincia autonoma di TRENTO;LOMBARDIA;55
2023/2024;L-33;LOMBARDIA;CAMPANIA;55
2023/2024;L-31;TOSCANA;PUGLIA;55
2023/2024;L-40;LOMBARDIA;PIEMONTE;55
2023/2024;L-25;LAZIO;REGIONE ESTERA;55
2023/2024;L-22;ABRUZZO;MOLISE;55
2023/2024;L-22;MARCHE;SARDEGNA;55
2023/2024;LM-23;Provincia autonoma di TRENTO;VENETO;55
2023/2024;LM-23;LIGURIA;LIGURIA;55
2023/2024;LM-19;EMILIA ROMAGNA;LOMBARDIA;55
2023/2024;LM-21;VENETO;LOMBARDIA;55
2023/2024;L-8;LAZIO;UMBRIA;55
2023/2024;L-5;Provincia autonoma di TRENTO;VENETO;55
2023/2024;LM-41;EMILIA ROMAGNA;UMBRIA;55
2023/2024;LM-38;LOMBARDIA;PIEMONTE;55
2023/2024;LM-4;PIEMONTE;PUGLIA;55
2023/2024;LM-33;PIEMONTE;LAZIO;55
2023/2024;LM-6;UMBRIA;UMBRIA;55
2023/2024;LM-56;EMILIA ROMAGNA;SICILIA;55
2023/2024;LM-4cu;TOSCANA;SICILIA;55
2023/2024;LM-51;UMBRIA;MARCHE;55
2024/2025;L-36;EMILIA ROMAGNA;CAMPANIA;55
2024/2025;L-24;LOMBARDIA;PUGLIA;55
2024/2025;L-24;TOSCANA;LIGURIA;55
2024/2025;L-33;LOMBARDIA;LIGURIA;55
2024/2025;L-33;LAZIO;BASILICATA;55
2024/2025;L-31;VENETO;FRIULI VENEZIA GIULIA;55
2024/2025;L-31;FRIULI VENEZIA GIULIA;REGIONE ESTERA;55
2024/2025;LM/SNT2;EMILIA ROMAGNA;EMILIA ROMAGNA;55
2024/2025;LM-13;EMILIA ROMAGNA;BASILICATA;55
2024/2025;L-9;ABRUZZO;PUGLIA;55
2024/2025;LM-18;ABRUZZO;ABRUZZO;55
2024/2025;LM-2;EMILIA ROMAGNA;VENETO;55
2024/2025;LM-25;VENETO;REGIONE ESTERA;55
2024/2025;LM-20;PUGLIA;PUGLIA;55
2024/2025;LM-31;LOMBARDIA;PUGLIA;55
2024/2025;LM-32;PIEMONTE;ABRUZZO;55
2024/2025;LM-37;Provincia autonoma di TRENTO;Provincia autonoma di TRENTO;55
2024/2025;L-10;ABRUZZO;PUGLIA;55
2024/2025;L/SNT4;CALABRIA;CALABRIA;55
2024/2025;L/GASTR;PIEMONTE;REGIONE ESTERA;55
2024/2025;L-14;ABRUZZO;BASILICATA;55
2024/2025;L-11;LOMBARDIA;EMILIA ROMAGNA;55
2024/2025;L-11;EMILIA ROMAGNA;ABRUZZO;55
2024/2025;L-18;EMILIA ROMAGNA;LAZIO;55
2024/2025;L-18;EMILIA ROMAGNA;UMBRIA;55
2024/2025;L-18;EMILIA ROMAGNA;SARDEGNA;55
2024/2025;L-20;LOMBARDIA;SARDEGNA;55
2024/2025;L-24;ABRUZZO;CALABRIA;55
2024/2025;L-22;FRIULI VENEZIA GIULIA;VENETO;55
2024/2025;L-22;EMILIA ROMAGNA;CALABRIA;55
2024/2025;L-20;VENETO;Provincia autonoma di TRENTO;55
2024/2025;L-20;Provincia autonoma di TRENTO;VENETO;55
2023/2024;LM-81;TOSCANA;TOSCANA;55
2024/2025;L/DS;SICILIA;SICILIA;55
2023/2024;LM-Data;SICILIA;SICILIA;55
2023/2024;LM-9;UMBRIA;UMBRIA;55
2023/2024;LM-86;PIEMONTE;PIEMONTE;55
2024/2025;LM-52;EMILIA ROMAGNA;LOMBARDIA;55
2024/2025;LM-59;LAZIO;SICILIA;55
2024/2025;LM-68;SICILIA;SICILIA;55
2024/2025;LM-67;EMILIA ROMAGNA;CALABRIA;55
2024/2025;LM-6;FRIULI VENEZIA GIULIA;VENETO;55
2024/2025;LM-62;VENETO;VENETO;55
2024/2025;LM-62;CALABRIA;CALABRIA;55
2024/2025;LM-51;ABRUZZO;MOLISE;55
2024/2025;LM-46;LAZIO;CALABRIA;55
2024/2025;LM-43;EMILIA ROMAGNA;REGIONE ESTERA;55
2024/2025;LM-44;CAMPANIA;CAMPANIA;55
2024/2025;LM-45;EMILIA ROMAGNA;EMILIA ROMAGNA;55
2024/2025;LM-41;VENETO;ABRUZZO;55
2024/2025;LM-41;SARDEGNA;VENETO;55
2024/2025;LM-41;SARDEGNA;EMILIA ROMAGNA;55
2024/2025;LM-41;LOMBARDIA;MOLISE;55
2024/2025;LM-41;MARCHE;VENETO;55
2024/2025;LM-4;VENETO;FRIULI VENEZIA GIULIA;55
2024/2025;LM-41;ABRUZZO;BASILICATA;55
2024/2025;LM-85 bis;LAZIO;ABRUZZO;55
2024/2025;LM-85 bis;LAZIO;PUGLIA;55
2024/2025;LM-77;LOMBARDIA;Provincia autonoma di TRENTO;55
2024/2025;LM-76;LAZIO;LAZIO;55
2024/2025;LM-77;LAZIO;MOLISE;54
2024/2025;LM-69;VENETO;REGIONE ESTERA;54
2024/2025;LM-78;UMBRIA;UMBRIA;54
2024/2025;LM-78;Provincia autonoma di TRENTO;Provincia autonoma di TRENTO;54
2024/2025;LM-83;LOMBARDIA;LOMBARDIA;54
2024/2025;L-P02;VENETO;VENETO;54
2024/2025;LMG/01;Provincia autonoma di TRENTO;LAZIO;54
2024/2025;LM-41;ABRUZZO;VENETO;54
2024/2025;LM-41;CALABRIA;LAZIO;54
2024/2025;LM-4;LOMBARDIA;LAZIO;54
2024/2025;LM-38;VENETO;SICILIA;54
2024/2025;LM-51;LOMBARDIA;CAMPANIA;54
2024/2025;LM-60;VENETO;VENETO;54
2024/2025;LM-62;SICILIA;SICILIA;54
2024/2025;LM-60;TOSCANA;TOSCANA;54
2024/2025;LM-60;CALABRIA;CALABRIA;54
2024/2025;LM-58;EMILIA ROMAGNA;EMILIA ROMAGNA;54
2024/2025;LM-56;VALLE D'AOSTA;VALLE D'AOSTA;54
2024/2025;LM-59;ABRUZZO;ABRUZZO;54
2024/2025;LM-54;EMILIA ROMAGNA;VENETO;54
2023/2024;LMG/01;VENETO;Provincia autonoma di BOLZANO;54
2023/2024;LM-84;VENETO;LOMBARDIA;54
2023/2024;LM-74;VENETO;VENETO;54
2023/2024;LM-75;PUGLIA;PUGLIA;54
2023/2024;LM-61;MARCHE;MARCHE;54
2024/2025;L-2;LOMBARDIA;EMILIA ROMAGNA;54
2024/2025;L-19;ABRUZZO;LAZIO;54
2024/2025;L-18;TOSCANA;UMBRIA;54
2024/2025;L-14;VENETO;FRIULI VENEZIA GIULIA;54
2024/2025;L-14;FRIULI VENEZIA GIULIA;VENETO;54
2024/2025;L-17;LOMBARDIA;SICILIA;54
2024/2025;L-11;LOMBARDIA;SICILIA;54
2024/2025;L-13;TOSCANA;LIGURIA;54
2024/2025;L-12;LAZIO;SICILIA;54
2024/2025;L-12;LAZIO;CALABRIA;54
2024/2025;L/SNT3;ABRUZZO;PUGLIA;54
2024/2025;LM-33;MARCHE;ABRUZZO;54
2024/2025;LM-23;Provincia autonoma di TRENTO;VENETO;54
2024/2025;LM-28;EMILIA ROMAGNA;REGIONE ESTERA;54
2024/2025;LM-24;MARCHE;MARCHE;54
2024/2025;LM-18;Provincia autonoma di TRENTO;Provincia autonoma di TRENTO;54
2024/2025;LM-14;EMILIA ROMAGNA;REGIONE ESTERA;54
2024/2025;LM/SNT3;VENETO;VENETO;54
2024/2025;L-27;BASILICATA;BASILICATA;54
2024/2025;L-25;MOLISE;MOLISE;54
2024/2025;L-29;ABRUZZO;ABRUZZO;54
2024/2025;L-36;EMILIA ROMAGNA;FRIULI VENEZIA GIULIA;54
2024/2025;L-35;VENETO;LOMBARDIA;54
2024/2025;L-39;ABRUZZO;PUGLIA;54
2024/2025;L-8;SICILIA;CALABRIA;54
2023/2024;LM-51;ABRUZZO;MOLISE;54
2023/2024;LM-6;TOSCANA;SICILIA;54
2023/2024;LM-59;LOMBARDIA;CAMPANIA;54
2023/2024;LM-38;PUGLIA;PUGLIA;54
2023/2024;L-5;PIEMONTE;LOMBARDIA;54
2023/2024;LM-13;LOMBARDIA;LIGURIA;54
2023/2024;LM/SNT2;MARCHE;MARCHE;54
2023/2024;LM-23;BASILICATA;BASILICATA;54
2023/2024;LM-28;EMILIA ROMAGNA;REGIONE ESTERA;54
2023/2024;LM-32;EMILIA ROMAGNA;VENETO;54
2023/2024;L-35;VENETO;LOMBARDIA;54
2023/2024;L-11;ABRUZZO;MOLISE;54
2023/2024;L/SNT2;LAZIO;CALABRIA;54
2023/2024;L/SNT3;MOLISE;CAMPANIA;54
2023/2024;99999;EMILIA ROMAGNA;ABRUZZO;54
2023/2024;L-13;PIEMONTE;SICILIA;54
2023/2024;L-2;EMILIA ROMAGNA;Provincia autonoma di TRENTO;54
2023/2024;L-17;PIEMONTE;LIGURIA;54
2023/2024;L-18;ABRUZZO;LAZIO;54
2023/2024;L-18;LOMBARDIA;MOLISE;54
2023/2024;L-17;LOMBARDIA;LAZIO;53
2023/2024;L-17;FRIULI VENEZIA GIULIA;VENETO;53
2023/2024;L-13;TOSCANA;LIGURIA;53
2023/2024;L/SNT1;VENETO;PUGLIA;53
2023/2024;L/SNT1;ABRUZZO;LAZIO;53
2023/2024;L-10;PIEMONTE;SICILIA;53
2023/2024;L-36;EMILIA ROMAGNA;CALABRIA;53
2023/2024;L-33;EMILIA ROMAGNA;SICILIA;53
2023/2024;L-39;LIGURIA;PIEMONTE;53
2023/2024;L-24;TOSCANA;LIGURIA;53
2023/2024;L-25;Provincia autonoma di TRENTO;VENETO;53
2023/2024;LM-31;LOMBARDIA;CAMPANIA;53
2023/2024;LM-31;PIEMONTE;LAZIO;53
2023/2024;LM-3;LOMBARDIA;LOMBARDIA;53
2023/2024;LM-26;LIGURIA;REGIONE ESTERA;53
2023/2024;LM-21;EMILIA ROMAGNA;REGIONE ESTERA;53
2023/2024;LM/SNT2;CALABRIA;CALABRIA;53
2023/2024;LM/SNT2;ABRUZZO;CAMPANIA;53
2023/2024;LM/SC-GIUR;EMILIA ROMAGNA;EMILIA ROMAGNA;53
2023/2024;L-42;VENETO;FRIULI VENEZIA GIULIA;53
2023/2024;L-8;TOSCANA;REGIONE ESTERA;53
2023/2024;L-8;SICILIA;CALABRIA;53
2023/2024;L-8;Provincia autonoma di TRENTO;LOMBARDIA;53
2023/2024;L-9;LOMBARDIA;BASILICATA;53
2023/2024;LM-32;PIEMONTE;SARDEGNA;53
2023/2024;LM-41;LAZIO;FRIULI VENEZIA GIULIA;53
2023/2024;LM-44;LOMBARDIA;VENETO;53
2023/2024;LM-60;CALABRIA;CALABRIA;53
2023/2024;LM-54;EMILIA ROMAGNA;VENETO;53
2023/2024;LM-54;LIGURIA;LIGURIA;53
2023/2024;LM-51;LAZIO;ABRUZZO;53
2023/2024;LM-52;EMILIA ROMAGNA;LOMBARDIA;53
2023/2024;LM-4cu;TOSCANA;CAMPANIA;53
2024/2025;L-8;LOMBARDIA;SICILIA;53
2024/2025;L-8;LOMBARDIA;UMBRIA;53
2024/2025;L-5;LAZIO;CAMPANIA;53
2024/2025;L-40;UMBRIA;TOSCANA;53
2024/2025;L-39;LIGURIA;PIEMONTE;53
2024/2025;L-36;EMILIA ROMAGNA;Provincia autonoma di TRENTO;53
2024/2025;L-36;PIEMONTE;LOMBARDIA;53
2024/2025;L-38;VENETO;REGIONE ESTERA;53
2024/2025;L-3;EMILIA ROMAGNA;SARDEGNA;53
2024/2025;L-3;LAZIO;BASILICATA;53
2024/2025;L-33;LAZIO;MOLISE;53
2024/2025;L-33;LOMBARDIA;CAMPANIA;53
2024/2025;LM/SNT3;CALABRIA;CALABRIA;53
2024/2025;LM-13;LAZIO;ABRUZZO;53
2024/2025;LM-12;PUGLIA;PUGLIA;53
2024/2025;LM-13;UMBRIA;MARCHE;53
2024/2025;LM-14;VENETO;LOMBARDIA;53
2024/2025;LM-19;LAZIO;PUGLIA;53
2024/2025;LM-22;PIEMONTE;SICILIA;53
2024/2025;LM-20;PIEMONTE;CAMPANIA;53
2024/2025;LM-21;PIEMONTE;LAZIO;53
2024/2025;LM-31;MARCHE;ABRUZZO;53
2024/2025;LM-31;SICILIA;REGIONE ESTERA;53
2024/2025;LM-32;EMILIA ROMAGNA;VENETO;53
2024/2025;LM-38;LOMBARDIA;SICILIA;53
2024/2025;L/SNT1;PUGLIA;BASILICATA;53
2024/2025;L-1;VENETO;REGIONE ESTERA;53
2024/2025;L-10;TOSCANA;PUGLIA;53
2024/2025;L-10;PIEMONTE;SICILIA;53
2024/2025;L-18;VENETO;Provincia autonoma di TRENTO;53
2024/2025;L-19;EMILIA ROMAGNA;FRIULI VENEZIA GIULIA;53
2024/2025;L-19;PIEMONTE;LIGURIA;53
2024/2025;L-2;UMBRIA;MARCHE;53
2024/2025;L-22;ABRUZZO;MOLISE;53
2024/2025;L-22;Provincia autonoma di TRENTO;Provincia autonoma di TRENTO;53
2024/2025;L-24;LOMBARDIA;LIGURIA;53
2023/2024;LM-61;PIEMONTE;PIEMONTE;53
2023/2024;LM-61;TOSCANA;SICILIA;53
2023/2024;LM-72;CAMPANIA;CAMPANIA;53
2023/2024;LM-77;VENETO;Provincia autonoma di TRENTO;53
2023/2024;LM-85;ABRUZZO;ABRUZZO;53
2023/2024;LM-83;PIEMONTE;PIEMONTE;53
2023/2024;LM-78;UMBRIA;UMBRIA;53
2023/2024;L-P01;LAZIO;LAZIO;53
2024/2025;L/GASTR;FRIULI VENEZIA GIULIA;VENETO;53
2023/2024;LM-Data;PUGLIA;PUGLIA;53
2023/2024;LM-9;EMILIA ROMAGNA;REGIONE ESTERA;53
2023/2024;LM-9;EMILIA ROMAGNA;SICILIA;53
2024/2025;LM-52;LAZIO;CALABRIA;53
2024/2025;LM-57;VENETO;VENETO;53
2024/2025;LM-56;LAZIO;SICILIA;53
2024/2025;LM-67;LAZIO;CAMPANIA;53
2024/2025;LM-42;VENETO;FRIULI VENEZIA GIULIA;53
2024/2025;LM-85 bis;LOMBARDIA;SICILIA;53
2024/2025;LM-85 bis;TOSCANA;LIGURIA;53
2024/2025;LM-87;EMILIA ROMAGNA;LOMBARDIA;53
2024/2025;LM-78;SARDEGNA;SARDEGNA;53
2024/2025;LM-73;Provincia autonoma di BOLZANO;REGIONE ESTERA;53
2024/2025;LM-74;VENETO;VENETO;53
2024/2025;LM-89;EMILIA ROMAGNA;REGIONE ESTERA;52
2024/2025;LM-89;Provincia autonoma di TRENTO;Provincia autonoma di TRENTO;52
2024/2025;LM-89;EMILIA ROMAGNA;VENETO;52
2024/2025;LM-85 bis;MARCHE;VENETO;52
2024/2025;LM-85 bis;LAZIO;UMBRIA;52
2024/2025;LM-85;MARCHE;ABRUZZO;52
2024/2025;LM-85;VENETO;Provincia autonoma di TRENTO;52
2024/2025;LMG/01;EMILIA ROMAGNA;Provincia autonoma di TRENTO;52
2024/2025;LM-92;EMILIA ROMAGNA;EMILIA ROMAGNA;52
2024/2025;LM-42;UMBRIA;TOSCANA;52
2024/2025;LM-42;PIEMONTE;LIGURIA;52
2024/2025;LM-46;LAZIO;SICILIA;52
2024/2025;LM-45;SICILIA;SICILIA;52
2024/2025;LM-50;SARDEGNA;SARDEGNA;52
2024/2025;LM-4cu;TOSCANA;SICILIA;52
2024/2025;LM-4cu;LAZIO;UMBRIA;52
2024/2025;LM-41;ABRUZZO;EMILIA ROMAGNA;52
2024/2025;LM-40;MARCHE;MARCHE;52
2024/2025;LM-41;PIEMONTE;CALABRIA;52
2024/2025;LM-68;EMILIA ROMAGNA;REGIONE ESTERA;52
2024/2025;LM-69;MARCHE;MARCHE;52
2024/2025;LM-60;EMILIA ROMAGNA;REGIONE ESTERA;52
2024/2025;LM-61;PIEMONTE;PIEMONTE;52
2024/2025;LM-56;MARCHE;REGIONE ESTERA;52
2024/2025;LM-52;LAZIO;ABRUZZO;52
2024/2025;LM-53;PIEMONTE;REGIONE ESTERA;52
2023/2024;LM-89;CALABRIA;CALABRIA;52
2023/2024;LM-85 bis;EMILIA ROMAGNA;PUGLIA;52
2023/2024;LM-78;EMILIA ROMAGNA;LOMBARDIA;52
2023/2024;LM-77;TOSCANA;CALABRIA;52
2023/2024;LM-77;ABRUZZO;MOLISE;52
2023/2024;LM-74;CALABRIA;CALABRIA;52
2024/2025;L-24;LAZIO;BASILICATA;52
2024/2025;L-2;SICILIA;CALABRIA;52
2024/2025;L-14;LAZIO;REGIONE ESTERA;52
2024/2025;L-11;TOSCANA;CALABRIA;52
2024/2025;L-13;EMILIA ROMAGNA;Provincia autonoma di TRENTO;52
2024/2025;L/SNT3;LAZIO;CALABRIA;52
2024/2025;L/SNT1;LIGURIA;PIEMONTE;52
2024/2025;L/SNT1;CALABRIA;SICILIA;52
2024/2025;LM-31;PIEMONTE;LIGURIA;52
2024/2025;LM-32;LOMBARDIA;TOSCANA;52
2024/2025;LM-21;PIEMONTE;MARCHE;52
2024/2025;LM-16;EMILIA ROMAGNA;REGIONE ESTERA;52
2024/2025;LM-13;LOMBARDIA;VENETO;52
2024/2025;LM/SNT4;SICILIA;SICILIA;52
2024/2025;L-9;CAMPANIA;MOLISE;52
2024/2025;L-9;EMILIA ROMAGNA;FRIULI VENEZIA GIULIA;52
2024/2025;L-9;EMILIA ROMAGNA;SARDEGNA;52
2024/2025;L-33;EMILIA ROMAGNA;TOSCANA;52
2024/2025;L-31;LOMBARDIA;SICILIA;52
2024/2025;L-25;Provincia autonoma di TRENTO;VENETO;52
2024/2025;L-36;EMILIA ROMAGNA;CALABRIA;52
2024/2025;L-5;TOSCANA;LIGURIA;52
2024/2025;L-8;PIEMONTE;TOSCANA;52
2023/2024;LM-51;EMILIA ROMAGNA;CAMPANIA;52
2023/2024;LM-52;TOSCANA;REGIONE ESTERA;52
2023/2024;LM-6;TOSCANA;REGIONE ESTERA;52
2023/2024;LM-6;LOMBARDIA;PUGLIA;52
2023/2024;LM-44;LOMBARDIA;EMILIA ROMAGNA;52
2023/2024;LM-41;EMILIA ROMAGNA;LIGURIA;52
2023/2024;LM-41;MARCHE;LOMBARDIA;52
2023/2024;LM-32;LOMBARDIA;PIEMONTE;52
2023/2024;LM/SC-GIUR;LOMBARDIA;REGIONE ESTERA;52
2023/2024;LM/SNT2;EMILIA ROMAGNA;EMILIA ROMAGNA;52
2023/2024;LM-13;LOMBARDIA;REGIONE ESTERA;52
2023/2024;LM-13;PIEMONTE;SICILIA;52
2023/2024;LM-13;UMBRIA;TOSCANA;52
2023/2024;LM-20;SICILIA;SICILIA;52
2023/2024;LM-29;PUGLIA;PUGLIA;52
2023/2024;LM-32;EMILIA ROMAGNA;REGIONE ESTERA;52
2023/2024;LM-32;ABRUZZO;ABRUZZO;52
2023/2024;L-27;BASILICATA;BASILICATA;52
2023/2024;L-22;PIEMONTE;VALLE D'AOSTA;52
2023/2024;L-22;LAZIO;UMBRIA;52
2023/2024;L-20;SICILIA;CALABRIA;52
2023/2024;L-39;SICILIA;CALABRIA;52
2023/2024;L-38;EMILIA ROMAGNA;VENETO;52
2023/2024;L-33;ABRUZZO;PUGLIA;52
2023/2024;L-36;LOMBARDIA;LIGURIA;52
2023/2024;L-34;TOSCANA;REGIONE ESTERA;52
2023/2024;L-34;UMBRIA;UMBRIA;52
2023/2024;L-10;LAZIO;MARCHE;52
2023/2024;L/SNT2;MOLISE;LAZIO;52
2023/2024;L-1;EMILIA ROMAGNA;MARCHE;52
2023/2024;L/GASTR;PIEMONTE;REGIONE ESTERA;52
2023/2024;99999;FRIULI VENEZIA GIULIA;VENETO;52
2023/2024;L-14;PIEMONTE;LOMBARDIA;52
2023/2024;L-13;LAZIO;CALABRIA;51
2023/2024;L-11;PUGLIA;BASILICATA;51
2023/2024;L/SNT3;LAZIO;CALABRIA;51
2023/2024;L-10;PIEMONTE;VALLE D'AOSTA;51
2023/2024;L-10;CAMPANIA;BASILICATA;51
2023/2024;L-10;TOSCANA;MARCHE;51
2023/2024;L-36;PIEMONTE;PUGLIA;51
2023/2024;L-31;VENETO;FRIULI VENEZIA GIULIA;51
2023/2024;L-42;EMILIA ROMAGNA;LAZIO;51
2023/2024;L-24;LAZIO;MARCHE;51
2023/2024;L-27;EMILIA ROMAGNA;ABRUZZO;51
2023/2024;L-3;EMILIA ROMAGNA;CAMPANIA;51
2023/2024;L-30;LAZIO;ABRUZZO;51
2023/2024;LM-30;SARDEGNA;SARDEGNA;51
2023/2024;LM-20;LOMBARDIA;PUGLIA;51
2023/2024;LM-21;PIEMONTE;SARDEGNA;51
2023/2024;LM-19;LAZIO;SICILIA;51
2023/2024;LM-2;EMILIA ROMAGNA;VENETO;51
2023/2024;LM-16;TOSCANA;REGIONE ESTERA;51
2023/2024;LM-16;LOMBARDIA;PIEMONTE;51
2023/2024;LM-13;PUGLIA;BASILICATA;51
2023/2024;L-9;VENETO;MARCHE;51
2023/2024;L-9;FRIULI VENEZIA GIULIA;REGIONE ESTERA;51
2023/2024;LM-33;BASILICATA;BASILICATA;51
2023/2024;LM-33;Provincia autonoma di TRENTO;VENETO;51
2023/2024;LM-41;PIEMONTE;CALABRIA;51
2023/2024;LM-42;UMBRIA;TOSCANA;51
2023/2024;LM-60;TOSCANA;TOSCANA;51
2023/2024;LM-56;EMILIA ROMAGNA;TOSCANA;51
2023/2024;LM-56;EMILIA ROMAGNA;PUGLIA;51
2023/2024;LM-51;LOMBARDIA;CALABRIA;51
2023/2024;LM-51;PIEMONTE;EMILIA ROMAGNA;51
2023/2024;LM-51;PIEMONTE;CALABRIA;51
2023/2024;LM-51;PIEMONTE;VENETO;51
2023/2024;LM-4cu;TOSCANA;MARCHE;51
2023/2024;LM-48;TOSCANA;TOSCANA;51
2023/2024;LM-48;VENETO;REGIONE ESTERA;51
2024/2025;L-7;EMILIA ROMAGNA;ABRUZZO;51
2024/2025;L-38;EMILIA ROMAGNA;VENETO;51
2024/2025;L-4;ABRUZZO;PUGLIA;51
2024/2025;L-25;Provincia autonoma di BOLZANO;Provincia autonoma di BOLZANO;51
2024/2025;L-30;LAZIO;ABRUZZO;51
2024/2025;L-30;Provincia autonoma di TRENTO;LOMBARDIA;51
2024/2025;L-33;ABRUZZO;PUGLIA;51
2024/2025;L-33;LAZIO;TOSCANA;51
2024/2025;L-35;EMILIA ROMAGNA;VENETO;51
2024/2025;L-9;PIEMONTE;FRIULI VENEZIA GIULIA;51
2024/2025;LM/SNT2;ABRUZZO;CAMPANIA;51
2024/2025;LM/SNT2;LOMBARDIA;LOMBARDIA;51
2024/2025;LM-16;LOMBARDIA;PIEMONTE;51
2024/2025;LM-22;SARDEGNA;SARDEGNA;51
2024/2025;LM-23;PIEMONTE;REGIONE ESTERA;51
2024/2025;LM-31;PIEMONTE;ABRUZZO;51
2024/2025;LM-35;SARDEGNA;SARDEGNA;51
2024/2025;LM-33;PIEMONTE;LIGURIA;51
2024/2025;L/SNT1;LAZIO;ABRUZZO;51
2024/2025;L/SNT3;EMILIA ROMAGNA;SICILIA;51
2024/2025;L/SNT3;EMILIA ROMAGNA;LOMBARDIA;51
2024/2025;L/SNT3;LAZIO;UMBRIA;51
2024/2025;L/SNT4;LIGURIA;LIGURIA;51
2024/2025;L-1;EMILIA ROMAGNA;MARCHE;51
2024/2025;L-1;FRIULI VENEZIA GIULIA;VENETO;51
2024/2025;L-10;LAZIO;MARCHE;51
2024/2025;L-14;ABRUZZO;MOLISE;51
2024/2025;L-12;EMILIA ROMAGNA;TOSCANA;51
2024/2025;L-12;VENETO;SICILIA;51
2024/2025;L-10;Provincia autonoma di TRENTO;VENETO;51
2024/2025;L-10;PIEMONTE;LOMBARDIA;51
2024/2025;L-15;EMILIA ROMAGNA;VENETO;51
2024/2025;L-17;PIEMONTE;LIGURIA;51
2024/2025;L-17;LIGURIA;PIEMONTE;51
2024/2025;L-18;LAZIO;VENETO;51
2024/2025;L-19;LIGURIA;PIEMONTE;51
2024/2025;L-24;EMILIA ROMAGNA;PUGLIA;51
2023/2024;LM-77;EMILIA ROMAGNA;SARDEGNA;51
2023/2024;LM-77;EMILIA ROMAGNA;LIGURIA;51
2023/2024;LM-77;LAZIO;MOLISE;51
2023/2024;LM-80;VENETO;VENETO;51
2023/2024;LM-84;EMILIA ROMAGNA;VENETO;51
2023/2024;LM-85 bis;LAZIO;ABRUZZO;51
2023/2024;LMG/01;LAZIO;VENETO;51
2024/2025;L/DS;CAMPANIA;LAZIO;51
2024/2025;LM-52;LAZIO;EMILIA ROMAGNA;51
2024/2025;LM-56;LOMBARDIA;VENETO;51
2024/2025;LM-55;LOMBARDIA;REGIONE ESTERA;51
2024/2025;LM-6;TOSCANA;LAZIO;51
2024/2025;LM-6;LAZIO;PUGLIA;51
2024/2025;LM-65;LAZIO;SICILIA;51
2024/2025;LM-41;VENETO;Provincia autonoma di BOLZANO;51
2024/2025;LM-49;SICILIA;REGIONE ESTERA;51
2024/2025;LM-51;EMILIA ROMAGNA;VENETO;51
2024/2025;LM-44;VENETO;VENETO;51
2024/2025;LM-43;PIEMONTE;REGIONE ESTERA;51
2024/2025;LM-44;LOMBARDIA;EMILIA ROMAGNA;51
2024/2025;LM-91;SARDEGNA;SARDEGNA;51
2024/2025;LM-9;UMBRIA;UMBRIA;51
2024/2025;LM-9;FRIULI VENEZIA GIULIA;FRIULI VENEZIA GIULIA;51
2024/2025;LM-85 bis;EMILIA ROMAGNA;PUGLIA;51
2024/2025;LM-85 bis;LOMBARDIA;EMILIA ROMAGNA;51
2024/2025;LM-88;Provincia autonoma di TRENTO;VENETO;51
2024/2025;LM-77;EMILIA ROMAGNA;SARDEGNA;51
2024/2025;LM-77;LOMBARDIA;BASILICATA;51
2024/2025;LM-7;LOMBARDIA;REGIONE ESTERA;51
2024/2025;LM-78;FRIULI VENEZIA GIULIA;FRIULI VENEZIA GIULIA;51
2024/2025;LM-78;LOMBARDIA;PIEMONTE;50
2024/2025;LM-72;CAMPANIA;CAMPANIA;50
2024/2025;LM-82;EMILIA ROMAGNA;REGIONE ESTERA;50
2024/2025;LM-44;LOMBARDIA;VENETO;50
2024/2025;LM-41;LOMBARDIA;UMBRIA;50
2024/2025;LM-40;UMBRIA;UMBRIA;50
2024/2025;LM-4;PIEMONTE;SICILIA;50
2024/2025;LM-6;TOSCANA;CAMPANIA;50
2024/2025;LM-61;EMILIA ROMAGNA;LOMBARDIA;50
2024/2025;LM-55;LAZIO;LAZIO;50
2024/2025;LM-56;EMILIA ROMAGNA;SICILIA;50
2024/2025;LM-52;EMILIA ROMAGNA;SICILIA;50
2024/2025;LM-51;MARCHE;EMILIA ROMAGNA;50
2024/2025;99999;TOSCANA;LIGURIA;50
2024/2025;L/DS;TOSCANA;PUGLIA;50
2024/2025;99999;LOMBARDIA;PIEMONTE;50
2023/2024;LM-93;LAZIO;LAZIO;50
2023/2024;LM-85 bis;CAMPANIA;BASILICATA;50
2023/2024;LM-87;EMILIA ROMAGNA;LOMBARDIA;50
2023/2024;LM-89;EMILIA ROMAGNA;REGIONE ESTERA;50
2023/2024;LM-88;Provincia autonoma di TRENTO;Provincia autonoma di TRENTO;50
2023/2024;LM-88;Provincia autonoma di TRENTO;VENETO;50
2023/2024;LM-75;EMILIA ROMAGNA;EMILIA ROMAGNA;50
2024/2025;L-2;EMILIA ROMAGNA;MARCHE;50
2024/2025;L-20;Provincia autonoma di BOLZANO;Provincia autonoma di BOLZANO;50
2024/2025;L-18;CAMPANIA;LAZIO;50
2024/2025;L-19;ABRUZZO;CAMPANIA;50
2024/2025;L-17;EMILIA ROMAGNA;LOMBARDIA;50
2024/2025;L-12;EMILIA ROMAGNA;PUGLIA;50
2024/2025;L-1;LOMBARDIA;EMILIA ROMAGNA;50
2024/2025;L/SNT1;LIGURIA;SICILIA;50
2024/2025;L/SNT2;Provincia autonoma di TRENTO;VENETO;50
2024/2025;LM-35;TOSCANA;TOSCANA;50
2024/2025;LM-37;LIGURIA;LIGURIA;50
2024/2025;LM-32;ABRUZZO;ABRUZZO;50
2024/2025;LM-31;LOMBARDIA;CAMPANIA;50
2024/2025;LM-31;EMILIA ROMAGNA;LOMBARDIA;50
2024/2025;LM-32;PIEMONTE;LIGURIA;50
2024/2025;LM-21;VENETO;LOMBARDIA;50
2024/2025;LM-24;LOMBARDIA;LOMBARDIA;50
2024/2025;LM-28;LOMBARDIA;REGIONE ESTERA;50
2024/2025;LM-28;TOSCANA;TOSCANA;50
2024/2025;LM-30;LOMBARDIA;VENETO;50
2024/2025;LM-14;TOSCANA;SICILIA;50
2024/2025;LM-14;EMILIA ROMAGNA;MARCHE;50
2024/2025;LM-19;EMILIA ROMAGNA;PUGLIA;50
2024/2025;LM-18;TOSCANA;SICILIA;50
2024/2025;LM-18;LIGURIA;REGIONE ESTERA;50
2024/2025;LM/SNT2;MARCHE;MARCHE;50
2024/2025;LM-12;LOMBARDIA;PUGLIA;50
2024/2025;L-9;LOMBARDIA;BASILICATA;50
2024/2025;L-35;BASILICATA;BASILICATA;50
2024/2025;L-31;LAZIO;TOSCANA;50
2024/2025;L-25;LOMBARDIA;PIEMONTE;50
2024/2025;L-27;EMILIA ROMAGNA;ABRUZZO;50
2024/2025;L-25;EMILIA ROMAGNA;REGIONE ESTERA;50
2024/2025;L-24;UMBRIA;LIGURIA;50
2024/2025;L-8;LAZIO;SICILIA;50
2023/2024;LM-51;EMILIA ROMAGNA;SICILIA;50
2023/2024;LM-50;EMILIA ROMAGNA;VENETO;50
2023/2024;LM-56;LOMBARDIA;EMILIA ROMAGNA;50
2023/2024;LM-59;SARDEGNA;SARDEGNA;50
2023/2024;LM-45;EMILIA ROMAGNA;EMILIA ROMAGNA;50
2023/2024;LM-41;SARDEGNA;VENETO;50
2023/2024;LM-42;PIEMONTE;LIGURIA;50
2023/2024;LM-38;LOMBARDIA;CAMPANIA;50
2023/2024;LM-38;EMILIA ROMAGNA;REGIONE ESTERA;50
2023/2024;LM-4;LOMBARDIA;TOSCANA;50
2023/2024;LM-39;TOSCANA;SICILIA;50
2023/2024;L-7;PIEMONTE;SICILIA;50
2023/2024;L-7;EMILIA ROMAGNA;REGIONE ESTERA;50
2023/2024;L-7;EMILIA ROMAGNA;ABRUZZO;50
2023/2024;LM/SNT3;TOSCANA;TOSCANA;50
2023/2024;LM-15;PIEMONTE;PIEMONTE;50
2023/2024;LM-18;Provincia autonoma di TRENTO;REGIONE ESTERA;50
2023/2024;LM-30;CAMPANIA;CAMPANIA;50
2023/2024;LM-28;LOMBARDIA;LOMBARDIA;50
2023/2024;LM-26;LOMBARDIA;REGIONE ESTERA;50
2023/2024;L-3;EMILIA ROMAGNA;ABRUZZO;50
2023/2024;L-3;TOSCANA;LIGURIA;50
2023/2024;L-27;EMILIA ROMAGNA;TOSCANA;50
2023/2024;L-25;VENETO;LOMBARDIA;50
2023/2024;L-22;CAMPANIA;BASILICATA;50
2023/2024;L-20;EMILIA ROMAGNA;FRIULI VENEZIA GIULIA;50
2023/2024;L-40;Provincia autonoma di TRENTO;LOMBARDIA;50
2023/2024;L-4;UMBRIA;TOSCANA;50
2023/2024;L-33;TOSCANA;CAMPANIA;50
2023/2024;L-11;LAZIO;MARCHE;50
2023/2024;L/SNT3;ABRUZZO;PUGLIA;50
2023/2024;L/SNT1;EMILIA ROMAGNA;CAMPANIA;50
2023/2024;L/SNT1;EMILIA ROMAGNA;TOSCANA;50
2023/2024;L-11;MARCHE;PUGLIA;50
2023/2024;L-12;LAZIO;CALABRIA;50
2023/2024;L-14;ABRUZZO;MOLISE;50
2023/2024;L-19;LAZIO;PUGLIA;50
2023/2024;L-18;CAMPANIA;LAZIO;49
2023/2024;L-14;ABRUZZO;PIEMONTE;49
2023/2024;L-14;EMILIA ROMAGNA;SICILIA;49
2023/2024;L-14;FRIULI VENEZIA GIULIA;VENETO;49
2023/2024;L-15;PIEMONTE;REGIONE ESTERA;49
2023/2024;L-13;FRIULI VENEZIA GIULIA;VENETO;49
2023/2024;L-13;CAMPANIA;BASILICATA;49
2023/2024;L/SNT3;LAZIO;UMBRIA;49
2023/2024;L/SNT4;LIGURIA;LIGURIA;49
2023/2024;L-11;ABRUZZO;PUGLIA;49
2023/2024;L-1;TOSCANA;CALABRIA;49
2023/2024;L-10;LAZIO;MOLISE;49
2023/2024;L-35;FRIULI VENEZIA GIULIA;VENETO;49
2023/2024;L-33;LAZIO;TOSCANA;49
2023/2024;L-33;PIEMONTE;SICILIA;49
2023/2024;L-4;PIEMONTE;SICILIA;49
2023/2024;L-42;EMILIA ROMAGNA;UMBRIA;49
2023/2024;L-4;EMILIA ROMAGNA;PIEMONTE;49
2023/2024;L-39;PIEMONTE;LOMBARDIA;49
2023/2024;L-20;LOMBARDIA;LAZIO;49
2023/2024;L-22;EMILIA ROMAGNA;Provincia autonoma di TRENTO;49
2023/2024;L-22;UMBRIA;LAZIO;49
2023/2024;L-27;VENETO;FRIULI VENEZIA GIULIA;49
2023/2024;LM-31;EMILIA ROMAGNA;CALABRIA;49
2023/2024;LM-17;SARDEGNA;SARDEGNA;49
2023/2024;LM-14;VENETO;LOMBARDIA;49
2023/2024;LM-14;MOLISE;MOLISE;49
2023/2024;LM-21;TOSCANA;CALABRIA;49
2023/2024;L-9;VENETO;SICILIA;49
2023/2024;LM-13;VENETO;FRIULI VENEZIA GIULIA;49
2023/2024;LM-12;LOMBARDIA;SICILIA;49
2023/2024;LM-12;LOMBARDIA;PUGLIA;49
2023/2024;L-7;EMILIA ROMAGNA;MARCHE;49
2023/2024;LM-4;LIGURIA;REGIONE ESTERA;49
2023/2024;LM-32;PIEMONTE;ABRUZZO;49
2023/2024;LM-42;EMILIA ROMAGNA;REGIONE ESTERA;49
2023/2024;LM-45;SICILIA;SICILIA;49
2023/2024;LM-41;CALABRIA;LOMBARDIA;49
2023/2024;LM-4;VENETO;FRIULI VENEZIA GIULIA;49
2023/2024;LM-60;CAMPANIA;CAMPANIA;49
2023/2024;LM-56;LAZIO;TOSCANA;49
2024/2025;L-40;ABRUZZO;MOLISE;49
2024/2025;L-4;Provincia autonoma di BOLZANO;Provincia autonoma di BOLZANO;49
2024/2025;L-27;VENETO;FRIULI VENEZIA GIULIA;49
2024/2025;L-31;TOSCANA;SARDEGNA;49
2024/2025;L-33;LOMBARDIA;CALABRIA;49
2024/2025;LM/SC-GIUR;ABRUZZO;ABRUZZO;49
2024/2025;LM-12;LOMBARDIA;SICILIA;49
2024/2025;LM/SNT1;PIEMONTE;LOMBARDIA;49
2024/2025;LM-18;Provincia autonoma di BOLZANO;REGIONE ESTERA;49
2024/2025;LM-13;VENETO;FRIULI VENEZIA GIULIA;49
2024/2025;LM-13;LOMBARDIA;LIGURIA;49
2024/2025;LM-15;PIEMONTE;PIEMONTE;49
2024/2025;LM-29;ABRUZZO;ABRUZZO;49
2024/2025;LM-29;LOMBARDIA;REGIONE ESTERA;49
2024/2025;LM-24;LIGURIA;REGIONE ESTERA;49
2024/2025;LM-32;PIEMONTE;EMILIA ROMAGNA;49
2024/2025;LM-31;FRIULI VENEZIA GIULIA;VENETO;49
2024/2025;LM-31;PIEMONTE;TOSCANA;49
2024/2025;LM-33;Provincia autonoma di TRENTO;VENETO;49
2024/2025;LM-33;Provincia autonoma di TRENTO;Provincia autonoma di TRENTO;49
2024/2025;L/SNT2;LAZIO;CALABRIA;49
2024/2025;L/SNT1;TOSCANA;PUGLIA;49
2024/2025;L-12;SICILIA;CALABRIA;49
2024/2025;L-14;ABRUZZO;UMBRIA;49
2024/2025;L-10;TOSCANA;MARCHE;49
2024/2025;L-11;PUGLIA;BASILICATA;49
2024/2025;L-14;TOSCANA;BASILICATA;49
2024/2025;L-18;EMILIA ROMAGNA;Provincia autonoma di TRENTO;49
2024/2025;L-18;LOMBARDIA;Provincia autonoma di BOLZANO;49
2024/2025;L-22;UMBRIA;LAZIO;49
2023/2024;LM-77;LAZIO;PIEMONTE;49
2023/2024;LM-77;MARCHE;PUGLIA;49
2023/2024;LM-78;Provincia autonoma di TRENTO;Provincia autonoma di TRENTO;49
2023/2024;LM-67;ABRUZZO;PUGLIA;49
2023/2024;LM-69;FRIULI VENEZIA GIULIA;FRIULI VENEZIA GIULIA;49
2023/2024;LM-89;EMILIA ROMAGNA;TOSCANA;49
2023/2024;LM-9;LOMBARDIA;SICILIA;49
2023/2024;LM-85 bis;TOSCANA;LIGURIA;49
2023/2024;LM-85 bis;EMILIA ROMAGNA;TOSCANA;49
2023/2024;LMG/01;PIEMONTE;CALABRIA;49
2023/2024;LMG/01;Provincia autonoma di TRENTO;ABRUZZO;49
2024/2025;LM-52;LAZIO;MARCHE;49
2024/2025;LM-53;EMILIA ROMAGNA;EMILIA ROMAGNA;49
2024/2025;LM-56;LOMBARDIA;PUGLIA;49
2024/2025;LM-69;EMILIA ROMAGNA;LOMBARDIA;49
2024/2025;LM-43;CALABRIA;CALABRIA;49
2024/2025;LM-51;LOMBARDIA;CALABRIA;49
2024/2025;LM-51;ABRUZZO;CALABRIA;49
2024/2025;LM-85 bis;EMILIA ROMAGNA;TOSCANA;49
2024/2025;LM-85;VENETO;LOMBARDIA;49
2024/2025;LM-89;UMBRIA;UMBRIA;49
2024/2025;LM-87;VENETO;LOMBARDIA;49
2024/2025;LM-75;FRIULI VENEZIA GIULIA;FRIULI VENEZIA GIULIA;49
2024/2025;LM-77;VENETO;Provincia autonoma di TRENTO;49
2024/2025;LM-92;SICILIA;REGIONE ESTERA;49
2024/2025;LM-94;VENETO;VENETO;49
2024/2025;L-P01;CAMPANIA;CAMPANIA;49
2024/2025;LMG/01;PIEMONTE;CALABRIA;48
2024/2025;LMG/01;EMILIA ROMAGNA;Provincia autonoma di BOLZANO;48
2024/2025;LM-90;PUGLIA;PUGLIA;48
2024/2025;LM-7;PIEMONTE;PIEMONTE;48
2024/2025;LM-51;EMILIA ROMAGNA;SARDEGNA;48
2024/2025;LM-49;CALABRIA;CALABRIA;48
2024/2025;LM-42;VENETO;LOMBARDIA;48
2024/2025;LM-45;EMILIA ROMAGNA;REGIONE ESTERA;48
2024/2025;LM-47;EMILIA ROMAGNA;EMILIA ROMAGNA;48
2024/2025;LM-41;CALABRIA;LOMBARDIA;48
2024/2025;LM-41;TOSCANA;SARDEGNA;48
2024/2025;LM-67;LIGURIA;LIGURIA;48
2024/2025;LM-66;VENETO;REGIONE ESTERA;48
2024/2025;LM-56;FRIULI VENEZIA GIULIA;FRIULI VENEZIA GIULIA;48
2024/2025;LM-56;LAZIO;PUGLIA;48
2024/2025;LM-52;LAZIO;VENETO;48
2023/2024;LMG/01;EMILIA ROMAGNA;Provincia autonoma di TRENTO;48
2023/2024;LM-94;VENETO;VENETO;48
2023/2024;LM-87;VENETO;LOMBARDIA;48
2023/2024;LM-89;Provincia autonoma di TRENTO;Provincia autonoma di TRENTO;48
2023/2024;LM-64;VENETO;VENETO;48
2023/2024;LM-65;EMILIA ROMAGNA;LOMBARDIA;48
2023/2024;LM-8;EMILIA ROMAGNA;PUGLIA;48
2024/2025;L-22;PIEMONTE;VALLE D'AOSTA;48
2024/2025;L-24;LAZIO;VENETO;48
2024/2025;L-22;ABRUZZO;BASILICATA;48
2024/2025;L-20;MARCHE;ABRUZZO;48
2024/2025;L-20;EMILIA ROMAGNA;ABRUZZO;48
2024/2025;L-17;LOMBARDIA;LAZIO;48
2024/2025;L-11;LAZIO;TOSCANA;48
2024/2025;L-12;ABRUZZO;LAZIO;48
2024/2025;L-11;ABRUZZO;MOLISE;48
2024/2025;L-14;ABRUZZO;PIEMONTE;48
2024/2025;L-13;VENETO;LOMBARDIA;48
2024/2025;L-13;UMBRIA;TOSCANA;48
2024/2025;L-12;TOSCANA;BASILICATA;48
2024/2025;L/SNT1;VENETO;PUGLIA;48
2024/2025;L/SNT3;ABRUZZO;LAZIO;48
2024/2025;L/SNT1;LAZIO;UMBRIA;48
2024/2025;L/SNT4;UMBRIA;UMBRIA;48
2024/2025;L/SNT3;LOMBARDIA;SICILIA;48
2024/2025;LM-33;PIEMONTE;ABRUZZO;48
2024/2025;LM-37;EMILIA ROMAGNA;VENETO;48
2024/2025;LM-38;ABRUZZO;PUGLIA;48
2024/2025;LM-30;SARDEGNA;SARDEGNA;48
2024/2025;LM-31;LOMBARDIA;SICILIA;48
2024/2025;LM-32;MARCHE;ABRUZZO;48
2024/2025;LM-21;EMILIA ROMAGNA;REGIONE ESTERA;48
2024/2025;LM-29;PUGLIA;PUGLIA;48
2024/2025;LM-19;EMILIA ROMAGNA;SICILIA;48
2024/2025;LM/SNT1;Provincia autonoma di BOLZANO;Provincia autonoma di BOLZANO;48
2024/2025;LM/SNT2;ABRUZZO;ABRUZZO;48
2024/2025;L-9;VENETO;SICILIA;48
2024/2025;L-34;UMBRIA;UMBRIA;48
2024/2025;L-32;PIEMONTE;LOMBARDIA;48
2024/2025;L-24;UMBRIA;PIEMONTE;48
2024/2025;L-24;UMBRIA;SARDEGNA;48
2024/2025;L-4;PIEMONTE;PUGLIA;48
2024/2025;L-36;CAMPANIA;BASILICATA;48
2024/2025;L-36;LOMBARDIA;LIGURIA;48
2024/2025;L-8;EMILIA ROMAGNA;BASILICATA;48
2024/2025;L-7;PIEMONTE;REGIONE ESTERA;48
2024/2025;L-8;PIEMONTE;VENETO;48
2024/2025;L-41;EMILIA ROMAGNA;MARCHE;48
2023/2024;LM-56;PUGLIA;REGIONE ESTERA;48
2023/2024;LM-53;TOSCANA;TOSCANA;48
2023/2024;LM-59;LAZIO;PUGLIA;48
2023/2024;LM-59;LOMBARDIA;TOSCANA;48
2023/2024;LM-51;EMILIA ROMAGNA;TOSCANA;48
2023/2024;LM-5;EMILIA ROMAGNA;EMILIA ROMAGNA;48
2023/2024;LM-41;ABRUZZO;BASILICATA;48
2023/2024;LM-41;Provincia autonoma di TRENTO;VENETO;48
2023/2024;LM-41;MOLISE;LAZIO;48
2023/2024;LM-41;LOMBARDIA;MOLISE;48
2023/2024;LM-46;ABRUZZO;REGIONE ESTERA;48
2023/2024;LM-43;CALABRIA;CALABRIA;48
2023/2024;LM-34;FRIULI VENEZIA GIULIA;FRIULI VENEZIA GIULIA;48
2023/2024;LM-4;PIEMONTE;LAZIO;48
2023/2024;LM-37;MARCHE;EMILIA ROMAGNA;48
2023/2024;L-7;PIEMONTE;PUGLIA;48
2023/2024;L-8;LAZIO;SICILIA;48
2023/2024;LM/SNT4;SARDEGNA;SARDEGNA;48
2023/2024;LM/SNT1;Provincia autonoma di BOLZANO;Provincia autonoma di BOLZANO;48
2023/2024;LM/SNT2;SARDEGNA;SARDEGNA;48
2023/2024;LM/SNT3;EMILIA ROMAGNA;EMILIA ROMAGNA;48
2023/2024;LM-20;PUGLIA;PUGLIA;48
2023/2024;LM-16;LOMBARDIA;PUGLIA;48
2023/2024;LM-31;PIEMONTE;EMILIA ROMAGNA;48
2023/2024;LM-31;MARCHE;ABRUZZO;48
2023/2024;LM-22;VENETO;REGIONE ESTERA;48
2023/2024;L-29;MARCHE;PUGLIA;48
2023/2024;L-3;PIEMONTE;SICILIA;48
2023/2024;L-30;TOSCANA;SICILIA;48
2023/2024;L-31;ABRUZZO;LAZIO;48
2023/2024;L-20;EMILIA ROMAGNA;CALABRIA;48
2023/2024;L-2;UMBRIA;CALABRIA;48
2023/2024;L-39;MARCHE;EMILIA ROMAGNA;48
2023/2024;L-42;EMILIA ROMAGNA;PIEMONTE;48
2023/2024;L-4;PIEMONTE;PUGLIA;48
2023/2024;L-33;PIEMONTE;LIGURIA;48
2023/2024;L-10;LOMBARDIA;CALABRIA;48
2023/2024;L-1;LAZIO;PUGLIA;48
2023/2024;L/SNT2;MOLISE;CAMPANIA;48
2023/2024;L/SNT1;PUGLIA;BASILICATA;48
2023/2024;L/DS;EMILIA ROMAGNA;CAMPANIA;48
2023/2024;L-14;LOMBARDIA;PUGLIA;48
2023/2024;L-14;LOMBARDIA;EMILIA ROMAGNA;48
2023/2024;L-17;VENETO;REGIONE ESTERA;48
2023/2024;L-19;EMILIA ROMAGNA;CALABRIA;48
2023/2024;L-2;EMILIA ROMAGNA;ABRUZZO;48
2023/2024;L-13;VENETO;LOMBARDIA;47
2023/2024;L-15;FRIULI VENEZIA GIULIA;VENETO;47
2023/2024;L-11;TOSCANA;EMILIA ROMAGNA;47
2023/2024;L/SNT1;LIGURIA;TOSCANA;47
2023/2024;L-33;LOMBARDIA;LIGURIA;47
2023/2024;L-33;LAZIO;BASILICATA;47
2023/2024;L-36;PIEMONTE;SICILIA;47
2023/2024;L-36;LAZIO;PIEMONTE;47
2023/2024;L-36;CAMPANIA;BASILICATA;47
2023/2024;L-39;TOSCANA;LIGURIA;47
2023/2024;L-20;EMILIA ROMAGNA;Provincia autonoma di TRENTO;47
2023/2024;L-20;EMILIA ROMAGNA;ABRUZZO;47
2023/2024;L-30;LOMBARDIA;EMILIA ROMAGNA;47
2023/2024;LM-22;ABRUZZO;ABRUZZO;47
2023/2024;LM-23;PIEMONTE;REGIONE ESTERA;47
2023/2024;LM-31;PIEMONTE;ABRUZZO;47
2023/2024;LM-32;LOMBARDIA;MARCHE;47
2023/2024;LM-30;MARCHE;REGIONE ESTERA;47
2023/2024;LM-16;LAZIO;REGIONE ESTERA;47
2023/2024;LM-20;PIEMONTE;CAMPANIA;47
2023/2024;LM-21;LOMBARDIA;TOSCANA;47
2023/2024;LM-21;LOMBARDIA;LAZIO;47
2023/2024;LM/SNT2;VENETO;VENETO;47
2023/2024;LM-13;UMBRIA;MARCHE;47
2023/2024;LM-13;MARCHE;LOMBARDIA;47
2023/2024;L-8;LOMBARDIA;BASILICATA;47
2023/2024;L-8;LOMBARDIA;PUGLIA;47
2023/2024;L-7;EMILIA ROMAGNA;PUGLIA;47
2023/2024;LM-38;LOMBARDIA;EMILIA ROMAGNA;47
2023/2024;LM-4;LOMBARDIA;CAMPANIA;47
2023/2024;LM-38;VENETO;SICILIA;47
2023/2024;LM-37;EMILIA ROMAGNA;PUGLIA;47
2023/2024;LM-42;VENETO;FRIULI VENEZIA GIULIA;47
2023/2024;LM-44;VENETO;VENETO;47
2023/2024;LM-41;VENETO;ABRUZZO;47
2023/2024;LM-41;VENETO;Provincia autonoma di BOLZANO;47
2023/2024;LM-41;TOSCANA;FRIULI VENEZIA GIULIA;47
2023/2024;LM-41;MARCHE;VENETO;47
2023/2024;LM-40;MARCHE;MARCHE;47
2023/2024;LM-48;CAMPANIA;CAMPANIA;47
2023/2024;LM-52;EMILIA ROMAGNA;VENETO;47
2023/2024;LM-52;FRIULI VENEZIA GIULIA;FRIULI VENEZIA GIULIA;47
2023/2024;LM-52;MARCHE;REGIONE ESTERA;47
2023/2024;LM-6;EMILIA ROMAGNA;CALABRIA;47
2023/2024;LM-6;MARCHE;PUGLIA;47
2023/2024;LM-56;FRIULI VENEZIA GIULIA;FRIULI VENEZIA GIULIA;47
2024/2025;L-8;LOMBARDIA;PUGLIA;47
2024/2025;L-7;TOSCANA;REGIONE ESTERA;47
2024/2025;L-36;TOSCANA;REGIONE ESTERA;47
2024/2025;L-39;VENETO;LOMBARDIA;47
2024/2025;L-4;MARCHE;ABRUZZO;47
2024/2025;L-31;ABRUZZO;LAZIO;47
2024/2025;LM/SC-GIUR;VENETO;VENETO;47
2024/2025;LM-2;EMILIA ROMAGNA;REGIONE ESTERA;47
2024/2025;LM-17;SARDEGNA;SARDEGNA;47
2024/2025;LM-14;MOLISE;MOLISE;47
2024/2025;LM-13;UMBRIA;REGIONE ESTERA;47
2024/2025;LM-21;VENETO;EMILIA ROMAGNA;47
2024/2025;LM-32;LOMBARDIA;MARCHE;47
2024/2025;LM-31;EMILIA ROMAGNA;ABRUZZO;47
2024/2025;LM-31;PIEMONTE;CALABRIA;47
2024/2025;LM-31;VENETO;REGIONE ESTERA;47
2024/2025;L/SNT3;VENETO;LOMBARDIA;47
2024/2025;L-1;LAZIO;CAMPANIA;47
2024/2025;L-1;LAZIO;UMBRIA;47
2024/2025;L-1;TOSCANA;REGIONE ESTERA;47
2024/2025;L/SNT2;EMILIA ROMAGNA;PUGLIA;47
2024/2025;L-13;LAZIO;CALABRIA;47
2024/2025;L-13;PIEMONTE;SICILIA;47
2024/2025;L-10;PIEMONTE;VALLE D'AOSTA;47
2024/2025;L-11;VENETO;REGIONE ESTERA;47
2024/2025;L-11;VENETO;SARDEGNA;47
2024/2025;L-11;PIEMONTE;SICILIA;47
2024/2025;L-15;PIEMONTE;REGIONE ESTERA;47
2024/2025;L-14;LOMBARDIA;PUGLIA;47
2024/2025;L-18;TOSCANA;MARCHE;47
2024/2025;L-20;LOMBARDIA;LAZIO;47
2024/2025;L-20;VENETO;FRIULI VENEZIA GIULIA;47
2024/2025;L-22;EMILIA ROMAGNA;Provincia autonoma di TRENTO;47
2024/2025;L-22;MARCHE;SARDEGNA;47
2023/2024;LM-8;PIEMONTE;PIEMONTE;47
2023/2024;LM-78;LOMBARDIA;PIEMONTE;47
2023/2024;LM-79;SICILIA;SICILIA;47
2023/2024;LM-82;SICILIA;SICILIA;47
2023/2024;LM-77;LOMBARDIA;Provincia autonoma di TRENTO;47
2023/2024;LM-74;SARDEGNA;SARDEGNA;47
2023/2024;LM-75;SICILIA;SICILIA;47
2023/2024;LM-65;EMILIA ROMAGNA;TOSCANA;47
2023/2024;LM-67;EMILIA ROMAGNA;CALABRIA;47
2023/2024;LM-9;LOMBARDIA;EMILIA ROMAGNA;47
2023/2024;LM-9;TOSCANA;REGIONE ESTERA;47
2023/2024;LMG/01;EMILIA ROMAGNA;Provincia autonoma di BOLZANO;47
2023/2024;LMG/01;LOMBARDIA;Provincia autonoma di BOLZANO;47
2023/2024;LMG/01;PUGLIA;CALABRIA;47
2024/2025;LM-51;PIEMONTE;CAMPANIA;47
2024/2025;LM-51;UMBRIA;LAZIO;47
2024/2025;LM-56;LOMBARDIA;EMILIA ROMAGNA;47
2024/2025;LM-54;LIGURIA;LIGURIA;47
2024/2025;LM-67;MOLISE;CAMPANIA;47
2024/2025;LM-69;SARDEGNA;SARDEGNA;47
2024/2025;LM-61;EMILIA ROMAGNA;VENETO;47
2024/2025;LM-41;LAZIO;FRIULI VENEZIA GIULIA;47
2024/2025;LM-4cu;TOSCANA;CAMPANIA;47
2024/2025;LM-51;LAZIO;VENETO;47
2024/2025;LM-51;LOMBARDIA;SARDEGNA;47
2024/2025;LM-77;LAZIO;PIEMONTE;47
2024/2025;LM-77;VENETO;SICILIA;47
2024/2025;LM-77;PIEMONTE;PUGLIA;47
2024/2025;LM-87;LAZIO;PUGLIA;47
2024/2025;LM-85 bis;PUGLIA;BASILICATA;47
2024/2025;LM-84;VENETO;LOMBARDIA;47
2024/2025;LMG/01;Provincia autonoma di TRENTO;ABRUZZO;47
2024/2025;LM-9;PIEMONTE;SICILIA;46
2024/2025;LM-92;UMBRIA;REGIONE ESTERA;46
2024/2025;LM-88;Provincia autonoma di TRENTO;Provincia autonoma di TRENTO;46
2024/2025;LM-8;LAZIO;REGIONE ESTERA;46
2024/2025;LM-8;CAMPANIA;CAMPANIA;46
2024/2025;LM-48;VENETO;VENETO;46
2024/2025;LM-41;MOLISE;LAZIO;46
2024/2025;LM-61;UMBRIA;UMBRIA;46
2024/2025;LM-6;MARCHE;PUGLIA;46
2024/2025;LM-6;LOMBARDIA;PUGLIA;46
2024/2025;LM-6;LIGURIA;PIEMONTE;46
2024/2025;LM-69;FRIULI VENEZIA GIULIA;FRIULI VENEZIA GIULIA;46
2024/2025;LM-56;LAZIO;TOSCANA;46
2024/2025;LM-56;VENETO;FRIULI VENEZIA GIULIA;46
2024/2025;LM-51;PIEMONTE;VENETO;46
2023/2024;LMG/01;LOMBARDIA;Provincia autonoma di TRENTO;46
2023/2024;LM-9;LOMBARDIA;PUGLIA;46
2023/2024;LM-9;LIGURIA;LIGURIA;46
2023/2024;LM-69;FRIULI VENEZIA GIULIA;VENETO;46
2023/2024;LM-70;EMILIA ROMAGNA;PUGLIA;46
2023/2024;LM-7;PIEMONTE;PIEMONTE;46
2023/2024;LM-61;TOSCANA;EMILIA ROMAGNA;46
2023/2024;LM-77;PIEMONTE;REGIONE ESTERA;46
2024/2025;L-20;EMILIA ROMAGNA;CALABRIA;46
2024/2025;L-2;UMBRIA;CALABRIA;46
2024/2025;L-19;LAZIO;SICILIA;46
2024/2025;L-19;LAZIO;PUGLIA;46
2024/2025;L-14;LOMBARDIA;SICILIA;46
2024/2025;L-14;PUGLIA;CAMPANIA;46
2024/2025;L-11;VENETO;ABRUZZO;46
2024/2025;L-13;FRIULI VENEZIA GIULIA;VENETO;46
2024/2025;L-12;LAZIO;ABRUZZO;46
2024/2025;L-12;LOMBARDIA;LIGURIA;46
2024/2025;L/SNT1;EMILIA ROMAGNA;CAMPANIA;46
2024/2025;L/GASTR;PIEMONTE;LOMBARDIA;46
2024/2025;LM-31;LOMBARDIA;TOSCANA;46
2024/2025;LM-13;VENETO;Provincia autonoma di TRENTO;46
2024/2025;LM-14;LAZIO;CAMPANIA;46
2024/2025;LM-17;VENETO;LOMBARDIA;46
2024/2025;LM-2;EMILIA ROMAGNA;LOMBARDIA;46
2024/2025;L-9;LOMBARDIA;REGIONE ESTERA;46
2024/2025;L-9;LAZIO;TOSCANA;46
2024/2025;LM/SNT4;SARDEGNA;SARDEGNA;46
2024/2025;LM/SNT3;SARDEGNA;SARDEGNA;46
2024/2025;LM-11;LAZIO;LAZIO;46
2024/2025;LM-12;VENETO;PUGLIA;46
2024/2025;L-35;EMILIA ROMAGNA;LOMBARDIA;46
2024/2025;L-4;EMILIA ROMAGNA;PIEMONTE;46
2024/2025;L-39;MARCHE;EMILIA ROMAGNA;46
2024/2025;L-7;PIEMONTE;PUGLIA;46
2024/2025;L-7;EMILIA ROMAGNA;MARCHE;46
2024/2025;L-5;SICILIA;CALABRIA;46
2023/2024;LM-56;LOMBARDIA;LAZIO;46
2023/2024;LM-53;EMILIA ROMAGNA;EMILIA ROMAGNA;46
2023/2024;LM-50;EMILIA ROMAGNA;PUGLIA;46
2023/2024;LM-51;MARCHE;EMILIA ROMAGNA;46
2023/2024;LM-49;CALABRIA;CALABRIA;46
2023/2024;LM-49;FRIULI VENEZIA GIULIA;FRIULI VENEZIA GIULIA;46
2023/2024;LM-40;Provincia autonoma di TRENTO;VENETO;46
2023/2024;LM-40;UMBRIA;UMBRIA;46
2023/2024;LM-4;LOMBARDIA;PUGLIA;46
2023/2024;L-43;VENETO;VENETO;46
2023/2024;L-5;EMILIA ROMAGNA;CALABRIA;46
2023/2024;L-5;LAZIO;CAMPANIA;46
2023/2024;L-5;TOSCANA;LIGURIA;46
2023/2024;L-9;LIGURIA;SICILIA;46
2023/2024;L-9;PIEMONTE;FRIULI VENEZIA GIULIA;46
2023/2024;LM-13;LOMBARDIA;CALABRIA;46
2023/2024;LM-13;UMBRIA;PUGLIA;46
2023/2024;LM-14;EMILIA ROMAGNA;MARCHE;46
2023/2024;LM-12;LOMBARDIA;PIEMONTE;46
2023/2024;LM-13;EMILIA ROMAGNA;CAMPANIA;46
2023/2024;LM/SNT3;LOMBARDIA;LOMBARDIA;46
2023/2024;L-9;TOSCANA;REGIONE ESTERA;46
2023/2024;LM-20;LOMBARDIA;PIEMONTE;46
2023/2024;LM-18;UMBRIA;UMBRIA;46
2023/2024;LM-14;Provincia autonoma di TRENTO;Provincia autonoma di TRENTO;46
2023/2024;LM-31;PIEMONTE;TOSCANA;46
2023/2024;LM-31;LOMBARDIA;PIEMONTE;46
2023/2024;LM-23;LOMBARDIA;REGIONE ESTERA;46
2023/2024;L-2;UMBRIA;SICILIA;46
2023/2024;L-22;FRIULI VENEZIA GIULIA;VENETO;46
2023/2024;L-20;TOSCANA;SICILIA;46
2023/2024;L-24;EMILIA ROMAGNA;VENETO;46
2023/2024;L-24;EMILIA ROMAGNA;PUGLIA;46
2023/2024;L-25;EMILIA ROMAGNA;REGIONE ESTERA;46
2023/2024;L-38;VENETO;REGIONE ESTERA;46
2023/2024;L-39;CALABRIA;LAZIO;46
2023/2024;L-36;TOSCANA;REGIONE ESTERA;46
2023/2024;L-41;EMILIA ROMAGNA;MARCHE;46
2023/2024;L-35;EMILIA ROMAGNA;VENETO;46
2023/2024;L-33;TOSCANA;PUGLIA;46
2023/2024;L-31;MARCHE;EMILIA ROMAGNA;46
2023/2024;99999;EMILIA ROMAGNA;MARCHE;46
2023/2024;L/SNT1;VENETO;EMILIA ROMAGNA;46
2023/2024;99999;Provincia autonoma di TRENTO;VENETO;46
2023/2024;L-10;EMILIA ROMAGNA;REGIONE ESTERA;46
2023/2024;L-11;Provincia autonoma di TRENTO;Provincia autonoma di BOLZANO;46
2023/2024;L-12;LOMBARDIA;CAMPANIA;46
2023/2024;L-15;MOLISE;MOLISE;46
2023/2024;L-14;TOSCANA;BASILICATA;46
2023/2024;L-18;TOSCANA;MARCHE;46
2023/2024;L-2;EMILIA ROMAGNA;BASILICATA;45
2023/2024;L-17;MARCHE;ABRUZZO;45
2023/2024;L-14;PIEMONTE;SICILIA;45
2023/2024;L-13;MARCHE;LAZIO;45
2023/2024;L-12;SICILIA;CALABRIA;45
2023/2024;L-12;MARCHE;PUGLIA;45
2023/2024;L-13;EMILIA ROMAGNA;CALABRIA;45
2023/2024;L-12;LAZIO;ABRUZZO;45
2023/2024;L-11;VENETO;LAZIO;45
2023/2024;L-11;VENETO;REGIONE ESTERA;45
2023/2024;L-1;LAZIO;UMBRIA;45
2023/2024;L-36;MARCHE;EMILIA ROMAGNA;45
2023/2024;L-39;Provincia autonoma di TRENTO;VENETO;45
2023/2024;L-24;UMBRIA;ABRUZZO;45
2023/2024;L-22;LOMBARDIA;EMILIA ROMAGNA;45
2023/2024;L-20;LOMBARDIA;Provincia autonoma di TRENTO;45
2023/2024;L-20;MARCHE;ABRUZZO;45
2023/2024;L-20;PIEMONTE;REGIONE ESTERA;45
2023/2024;L-3;PIEMONTE;PUGLIA;45
2023/2024;L-30;EMILIA ROMAGNA;PUGLIA;45
2023/2024;L-3;LAZIO;VENETO;45
2023/2024;LM-25;VENETO;REGIONE ESTERA;45
2023/2024;LM-31;PIEMONTE;CALABRIA;45
2023/2024;LM-31;LOMBARDIA;TOSCANA;45
2023/2024;LM-31;VENETO;REGIONE ESTERA;45
2023/2024;LM-18;FRIULI VENEZIA GIULIA;REGIONE ESTERA;45
2023/2024;LM-19;EMILIA ROMAGNA;PUGLIA;45
2023/2024;LM-19;EMILIA ROMAGNA;SICILIA;45
2023/2024;LM-12;VENETO;PUGLIA;45
2023/2024;LM-14;LOMBARDIA;PIEMONTE;45
2023/2024;L-9;LOMBARDIA;REGIONE ESTERA;45
2023/2024;L-9;LAZIO;TOSCANA;45
2023/2024;LM-39;EMILIA ROMAGNA;PUGLIA;45
2023/2024;LM-35;PIEMONTE;REGIONE ESTERA;45
2023/2024;LM-33;TOSCANA;REGIONE ESTERA;45
2023/2024;LM-35;LOMBARDIA;REGIONE ESTERA;45
2023/2024;LM-32;Provincia autonoma di TRENTO;VENETO;45
2023/2024;LM-41;ABRUZZO;PIEMONTE;45
2023/2024;LM-41;MARCHE;PUGLIA;45
2023/2024;LM-4cu;LAZIO;CALABRIA;45
2023/2024;LM-52;LAZIO;EMILIA ROMAGNA;45
2023/2024;LM-58;EMILIA ROMAGNA;EMILIA ROMAGNA;45
2023/2024;LM-56;VALLE D'AOSTA;VALLE D'AOSTA;45
2023/2024;LM-59;ABRUZZO;ABRUZZO;45
2024/2025;L-7;EMILIA ROMAGNA;REGIONE ESTERA;45
2024/2025;L-8;LAZIO;BASILICATA;45
2024/2025;L-8;LIGURIA;REGIONE ESTERA;45
2024/2025;L-39;SICILIA;CALABRIA;45
2024/2025;L-4;TOSCANA;REGIONE ESTERA;45
2024/2025;L-38;UMBRIA;LAZIO;45
2024/2025;L-36;PIEMONTE;PUGLIA;45
2024/2025;L-36;EMILIA ROMAGNA;PIEMONTE;45
2024/2025;L-27;EMILIA ROMAGNA;TOSCANA;45
2024/2025;L-3;EMILIA ROMAGNA;ABRUZZO;45
2024/2025;LM/SNT1;Provincia autonoma di TRENTO;Provincia autonoma di TRENTO;45
2024/2025;LM/SNT1;MOLISE;CAMPANIA;45
2024/2025;LM/SNT2;SARDEGNA;SARDEGNA;45
2024/2025;L-9;CAMPANIA;SICILIA;45
2024/2025;LM/SNT1;ABRUZZO;LAZIO;45
2024/2025;LM-19;EMILIA ROMAGNA;VENETO;45
2024/2025;LM-13;TOSCANA;LIGURIA;45
2024/2025;LM-13;PIEMONTE;SICILIA;45
2024/2025;LM-13;MARCHE;LOMBARDIA;45
2024/2025;LM-31;EMILIA ROMAGNA;CALABRIA;45
2024/2025;LM-33;LOMBARDIA;VENETO;45
2024/2025;LM-20;PIEMONTE;LAZIO;45
2024/2025;LM-21;PIEMONTE;ABRUZZO;45
2024/2025;LM-25;PIEMONTE;REGIONE ESTERA;45
2024/2025;L-10;CAMPANIA;BASILICATA;45
2024/2025;L/SNT3;SICILIA;CALABRIA;45
2024/2025;L/SNT3;FRIULI VENEZIA GIULIA;VENETO;45
2024/2025;L-13;PIEMONTE;LIGURIA;45
2024/2025;L-13;MARCHE;LAZIO;45
2024/2025;L-18;VENETO;SICILIA;45
2024/2025;L-18;LOMBARDIA;MOLISE;45
2024/2025;L-17;VENETO;REGIONE ESTERA;45
2024/2025;L-20;LOMBARDIA;Provincia autonoma di TRENTO;45
2024/2025;L-20;PUGLIA;BASILICATA;45
2023/2024;LM-76;VENETO;LOMBARDIA;45
2023/2024;LM-77;EMILIA ROMAGNA;MOLISE;45
2023/2024;LM-83;FRIULI VENEZIA GIULIA;FRIULI VENEZIA GIULIA;45
2023/2024;LM-66;TOSCANA;TOSCANA;45
2023/2024;LM-65;VENETO;LOMBARDIA;45
2023/2024;LM-7;SICILIA;SICILIA;45
2023/2024;LM-73;Provincia autonoma di BOLZANO;REGIONE ESTERA;45
2023/2024;LM-69;EMILIA ROMAGNA;LOMBARDIA;45
2023/2024;LM-67;MOLISE;CAMPANIA;45
2023/2024;LMG/01;CAMPANIA;PUGLIA;45
2024/2025;LM-56;LAZIO;CALABRIA;45
2024/2025;LM-56;EMILIA ROMAGNA;LOMBARDIA;45
2024/2025;LM-56;LOMBARDIA;SICILIA;45
2024/2025;LM-41;UMBRIA;BASILICATA;45
2024/2025;LM-41;SARDEGNA;TOSCANA;45
2024/2025;LM-4;LOMBARDIA;PUGLIA;45
2024/2025;LM-39;EMILIA ROMAGNA;PUGLIA;45
2024/2025;LM-8;EMILIA ROMAGNA;VENETO;45
2024/2025;LM-78;EMILIA ROMAGNA;LOMBARDIA;45
2024/2025;LM-77;ABRUZZO;MOLISE;45
2024/2025;LM-73;PIEMONTE;PIEMONTE;45
2024/2025;LM-9;SARDEGNA;SARDEGNA;45
2024/2025;LM-91;EMILIA ROMAGNA;REGIONE ESTERA;45
2024/2025;LMG/01;UMBRIA;LAZIO;45
2024/2025;L-P01;LIGURIA;LIGURIA;45
2024/2025;LMG/01;CAMPANIA;PUGLIA;45
2024/2025;LMG/01;LOMBARDIA;Provincia autonoma di TRENTO;44
2024/2025;L-Sc.Mat.;VENETO;VENETO;44
2024/2025;LM-74;ABRUZZO;REGIONE ESTERA;44
2024/2025;LM-70;FRIULI VENEZIA GIULIA;FRIULI VENEZIA GIULIA;44
2024/2025;LM-8;SICILIA;SICILIA;44
2024/2025;LM-89;CALABRIA;CALABRIA;44
2024/2025;LM-86;EMILIA ROMAGNA;EMILIA ROMAGNA;44
2024/2025;LM-86;VENETO;VENETO;44
2024/2025;LM-84;EMILIA ROMAGNA;MARCHE;44
2024/2025;LM-85;SICILIA;CALABRIA;44
2024/2025;LM-85 bis;LAZIO;TOSCANA;44
2024/2025;LM-39;EMILIA ROMAGNA;TOSCANA;44
2024/2025;LM-4;LOMBARDIA;CAMPANIA;44
2024/2025;LM-4;LIGURIA;REGIONE ESTERA;44
2024/2025;LM-41;SICILIA;EMILIA ROMAGNA;44
2024/2025;LM-48;VENETO;REGIONE ESTERA;44
2024/2025;LM-4cu;LAZIO;CALABRIA;44
2024/2025;LM-51;LAZIO;MARCHE;44
2024/2025;LM-56;PIEMONTE;REGIONE ESTERA;44
2024/2025;LM-56;EMILIA ROMAGNA;TOSCANA;44
2024/2025;LM-59;PIEMONTE;SICILIA;44
2024/2025;LM-51;PIEMONTE;EMILIA ROMAGNA;44
2024/2025;LM-53;TOSCANA;TOSCANA;44
2024/2025;LM-52;LOMBARDIA;PIEMONTE;44
2024/2025;LM-67;LOMBARDIA;PIEMONTE;44
2024/2025;LM-67;ABRUZZO;PUGLIA;44
2024/2025;LM-64;VENETO;VENETO;44
2024/2025;99999;FRIULI VENEZIA GIULIA;VENETO;44
2024/2025;99999;EMILIA ROMAGNA;ABRUZZO;44
2023/2024;LM-9;BASILICATA;BASILICATA;44
2023/2024;LM-85 bis;PUGLIA;BASILICATA;44
2023/2024;LM-85;MARCHE;ABRUZZO;44
2023/2024;LM-67;EMILIA ROMAGNA;LOMBARDIA;44
2023/2024;LM-73;TOSCANA;TOSCANA;44
2023/2024;LM-7;VENETO;VENETO;44
2023/2024;LM-75;FRIULI VENEZIA GIULIA;FRIULI VENEZIA GIULIA;44
2024/2025;L-22;LOMBARDIA;EMILIA ROMAGNA;44
2024/2025;L-24;EMILIA ROMAGNA;VENETO;44
2024/2025;L-20;EMILIA ROMAGNA;Provincia autonoma di TRENTO;44
2024/2025;L-19;EMILIA ROMAGNA;PIEMONTE;44
2024/2025;L-15;UMBRIA;REGIONE ESTERA;44
2024/2025;L-17;FRIULI VENEZIA GIULIA;VENETO;44
2024/2025;L-11;PIEMONTE;LIGURIA;44
2024/2025;L-10;LOMBARDIA;CALABRIA;44
2024/2025;L/SNT3;Provincia autonoma di TRENTO;VENETO;44
2024/2025;L/SNT3;MOLISE;MOLISE;44
2024/2025;L/SNT1;LAZIO;TOSCANA;44
2024/2025;LM-20;LOMBARDIA;PUGLIA;44
2024/2025;LM-20;PIEMONTE;VENETO;44
2024/2025;LM-32;PIEMONTE;BASILICATA;44
2024/2025;LM-31;EMILIA ROMAGNA;CAMPANIA;44
2024/2025;LM-37;MARCHE;EMILIA ROMAGNA;44
2024/2025;LM-13;LAZIO;SICILIA;44
2024/2025;LM-14;VENETO;REGIONE ESTERA;44
2024/2025;LM/SNT3;TOSCANA;TOSCANA;44
2024/2025;L-3;PIEMONTE;SICILIA;44
2024/2025;L-25;Provincia autonoma di TRENTO;LOMBARDIA;44
2024/2025;L-35;PIEMONTE;PUGLIA;44
2024/2025;L-32;EMILIA ROMAGNA;VENETO;44
2024/2025;L-31;MARCHE;EMILIA ROMAGNA;44
2024/2025;L-4;PIEMONTE;SICILIA;44
2024/2025;L-8;ABRUZZO;LAZIO;44
2024/2025;L-42;EMILIA ROMAGNA;LAZIO;44
2023/2024;LM-59;EMILIA ROMAGNA;TOSCANA;44
2023/2024;LM-6;FRIULI VENEZIA GIULIA;VENETO;44
2023/2024;LM-6;LIGURIA;PIEMONTE;44
2023/2024;LM-52;LOMBARDIA;PUGLIA;44
2023/2024;LM-51;LAZIO;LOMBARDIA;44
2023/2024;LM-4cu;EMILIA ROMAGNA;SICILIA;44
2023/2024;LM-49;SICILIA;REGIONE ESTERA;44
2023/2024;LM-41;EMILIA ROMAGNA;Provincia autonoma di BOLZANO;44
2023/2024;LM-41;BASILICATA;CAMPANIA;44
2023/2024;LM-4;VENETO;LOMBARDIA;44
2023/2024;LM-41;SARDEGNA;EMILIA ROMAGNA;44
2023/2024;LM-41;SICILIA;EMILIA ROMAGNA;44
2023/2024;LM-32;PIEMONTE;CALABRIA;44
2023/2024;LM-37;SICILIA;REGIONE ESTERA;44
2023/2024;L-5;EMILIA ROMAGNA;CAMPANIA;44
2023/2024;L-8;LAZIO;BASILICATA;44
2023/2024;LM-14;BASILICATA;BASILICATA;44
2023/2024;LM/DS;CAMPANIA;CAMPANIA;44
2023/2024;LM-18;CAMPANIA;REGIONE ESTERA;44
2023/2024;LM-27;EMILIA ROMAGNA;EMILIA ROMAGNA;44
2023/2024;LM-23;PIEMONTE;PUGLIA;44
2023/2024;L-30;LAZIO;CAMPANIA;44
2023/2024;L-25;MOLISE;CAMPANIA;44
2023/2024;L-20;Provincia autonoma di BOLZANO;Provincia autonoma di BOLZANO;44
2023/2024;L-20;LAZIO;VENETO;44
2023/2024;L-24;UMBRIA;SARDEGNA;44
2023/2024;L-24;LOMBARDIA;TOSCANA;44
2023/2024;L-39;VENETO;LOMBARDIA;44
2023/2024;L-38;ABRUZZO;MARCHE;44
2023/2024;L-41;EMILIA ROMAGNA;REGIONE ESTERA;44
2023/2024;L-42;EMILIA ROMAGNA;Provincia autonoma di TRENTO;44
2023/2024;L-31;LOMBARDIA;LIGURIA;44
2023/2024;99999;CAMPANIA;BASILICATA;44
2023/2024;99999;TOSCANA;PUGLIA;44
2023/2024;L/SNT1;UMBRIA;SICILIA;44
2023/2024;L/SNT3;SICILIA;CALABRIA;44
2023/2024;L/SNT2;Provincia autonoma di TRENTO;VENETO;44
2023/2024;L/SNT3;EMILIA ROMAGNA;LOMBARDIA;44
2023/2024;L-1;TOSCANA;REGIONE ESTERA;44
2023/2024;L-11;CAMPANIA;ABRUZZO;44
2023/2024;L-10;TOSCANA;LOMBARDIA;44
2023/2024;L-12;EMILIA ROMAGNA;MARCHE;44
2023/2024;L-11;PIEMONTE;LIGURIA;44
2023/2024;L-12;LOMBARDIA;MARCHE;44
2023/2024;L-13;TOSCANA;CALABRIA;44
2023/2024;L-15;PIEMONTE;LIGURIA;44
2023/2024;L-18;LOMBARDIA;Provincia autonoma di BOLZANO;44
2023/2024;L-19;LAZIO;CALABRIA;44
2023/2024;L-19;CAMPANIA;BASILICATA;43
2023/2024;L-19;EMILIA ROMAGNA;PIEMONTE;43
2023/2024;L-19;LAZIO;TOSCANA;43
2023/2024;L-18;MOLISE;CAMPANIA;43
2023/2024;L-14;MARCHE;EMILIA ROMAGNA;43
2023/2024;L-14;TOSCANA;MARCHE;43
2023/2024;L-13;UMBRIA;TOSCANA;43
2023/2024;L-14;EMILIA ROMAGNA;MARCHE;43
2023/2024;L-12;FRIULI VENEZIA GIULIA;PUGLIA;43
2023/2024;L-10;EMILIA ROMAGNA;PIEMONTE;43
2023/2024;L/SNT3;ABRUZZO;LAZIO;43
2023/2024;L-1;LAZIO;REGIONE ESTERA;43
2023/2024;L-1;MOLISE;MOLISE;43
2023/2024;L/GASTR;PIEMONTE;LOMBARDIA;43
2023/2024;L-31;PIEMONTE;SARDEGNA;43
2023/2024;L-32;TOSCANA;LIGURIA;43
2023/2024;L-35;PIEMONTE;SICILIA;43
2023/2024;L-35;PIEMONTE;PUGLIA;43
2023/2024;L-40;ABRUZZO;SICILIA;43
2023/2024;L-36;VENETO;MARCHE;43
2023/2024;L-22;UMBRIA;SICILIA;43
2023/2024;L-31;CAMPANIA;BASILICATA;43
2023/2024;LM-24;LOMBARDIA;LOMBARDIA;43
2023/2024;LM-32;LOMBARDIA;CALABRIA;43
2023/2024;LM-32;LAZIO;CAMPANIA;43
2023/2024;LM-31;LOMBARDIA;MARCHE;43
2023/2024;LM-2;EMILIA ROMAGNA;LOMBARDIA;43
2023/2024;LM-20;LOMBARDIA;LAZIO;43
2023/2024;LM-13;UMBRIA;REGIONE ESTERA;43
2023/2024;LM-13;TOSCANA;BASILICATA;43
2023/2024;L-6;SARDEGNA;SARDEGNA;43
2023/2024;L-7;LOMBARDIA;PIEMONTE;43
2023/2024;L-9;CAMPANIA;SICILIA;43
2023/2024;LM-37;PIEMONTE;REGIONE ESTERA;43
2023/2024;LM-32;MARCHE;ABRUZZO;43
2023/2024;LM-32;PIEMONTE;LIGURIA;43
2023/2024;LM-33;EMILIA ROMAGNA;CALABRIA;43
2023/2024;LM-37;EMILIA ROMAGNA;SICILIA;43
2023/2024;LM-41;SARDEGNA;REGIONE ESTERA;43
2023/2024;LM-41;CAMPANIA;EMILIA ROMAGNA;43
2023/2024;LM-41;CAMPANIA;SICILIA;43
2023/2024;LM-51;EMILIA ROMAGNA;VENETO;43
2023/2024;LM-52;LOMBARDIA;PIEMONTE;43
2023/2024;LM-56;PIEMONTE;REGIONE ESTERA;43
2024/2025;L-7;PIEMONTE;SICILIA;43
2024/2025;L-8;PIEMONTE;VALLE D'AOSTA;43
2024/2025;L-30;VENETO;FRIULI VENEZIA GIULIA;43
2024/2025;L-30;TOSCANA;LIGURIA;43
2024/2025;L-31;LAZIO;ABRUZZO;43
2024/2025;L-26;EMILIA ROMAGNA;REGIONE ESTERA;43
2024/2025;L-3;PIEMONTE;PUGLIA;43
2024/2025;L-3;EMILIA ROMAGNA;CAMPANIA;43
2024/2025;L-3;LAZIO;VENETO;43
2024/2025;L-27;FRIULI VENEZIA GIULIA;VENETO;43
2024/2025;LM/SNT3;MARCHE;MARCHE;43
2024/2025;LM/SNT3;EMILIA ROMAGNA;EMILIA ROMAGNA;43
2024/2025;LM-1;TOSCANA;TOSCANA;43
2024/2025;LM-12;LOMBARDIA;LAZIO;43
2024/2025;LM-14;LAZIO;CALABRIA;43
2024/2025;LM-18;MARCHE;REGIONE ESTERA;43
2024/2025;LM-16;LOMBARDIA;SICILIA;43
2024/2025;LM-17;ABRUZZO;ABRUZZO;43
2024/2025;LM-34;FRIULI VENEZIA GIULIA;FRIULI VENEZIA GIULIA;43
2024/2025;LM-32;EMILIA ROMAGNA;ABRUZZO;43
2024/2025;LM-33;FRIULI VENEZIA GIULIA;VENETO;43
2024/2025;LM-33;EMILIA ROMAGNA;CALABRIA;43
2024/2025;LM-20;LOMBARDIA;PIEMONTE;43
2024/2025;LM-21;TOSCANA;CALABRIA;43
2024/2025;LM-21;VENETO;SARDEGNA;43
2024/2025;LM-22;ABRUZZO;ABRUZZO;43
2024/2025;LM-26;LIGURIA;LIGURIA;43
2024/2025;LM-29;LIGURIA;LIGURIA;43
2024/2025;L/SNT1;EMILIA ROMAGNA;TOSCANA;43
2024/2025;L-10;TOSCANA;EMILIA ROMAGNA;43
2024/2025;L-11;CAMPANIA;ABRUZZO;43
2024/2025;L-11;MARCHE;PUGLIA;43
2024/2025;L-13;MOLISE;LAZIO;43
2024/2025;L-12;FRIULI VENEZIA GIULIA;LOMBARDIA;43
2024/2025;L-13;CAMPANIA;BASILICATA;43
2024/2025;L-14;TOSCANA;MARCHE;43
2024/2025;L-14;PIEMONTE;VENETO;43
2024/2025;L-18;MOLISE;CAMPANIA;43
2024/2025;L-2;EMILIA ROMAGNA;Provincia autonoma di TRENTO;43
2023/2024;LM-77;EMILIA ROMAGNA;UMBRIA;43
2023/2024;LM-8;EMILIA ROMAGNA;VENETO;43
2023/2024;LM-61;EMILIA ROMAGNA;VENETO;43
2023/2024;LM-85;EMILIA ROMAGNA;LOMBARDIA;43
2023/2024;LM-85 bis;MARCHE;VENETO;43
2023/2024;LM-85 bis;UMBRIA;LAZIO;43
2023/2024;LM-91;CAMPANIA;REGIONE ESTERA;43
2023/2024;LM-91;EMILIA ROMAGNA;EMILIA ROMAGNA;43
2023/2024;LMG/01;TOSCANA;SARDEGNA;43
2024/2025;LM-64;PIEMONTE;PIEMONTE;43
2024/2025;LM-62;ABRUZZO;PUGLIA;43
2024/2025;LM-52;MARCHE;REGIONE ESTERA;43
2024/2025;LM-6;EMILIA ROMAGNA;CAMPANIA;43
2024/2025;LM-54;MARCHE;MARCHE;43
2024/2025;LM-51;LAZIO;BASILICATA;43
2024/2025;LM-4cu;TOSCANA;LIGURIA;43
2024/2025;LM-48;CAMPANIA;CAMPANIA;43
2024/2025;LM-43;LAZIO;LAZIO;43
2024/2025;LM-41;TOSCANA;UMBRIA;43
2024/2025;LM-41;TOSCANA;FRIULI VENEZIA GIULIA;43
2024/2025;LM-41;FRIULI VENEZIA GIULIA;LOMBARDIA;43
2024/2025;LM-41;CALABRIA;BASILICATA;43
2024/2025;LM-41;ABRUZZO;CALABRIA;43
2024/2025;LM-41;ABRUZZO;PIEMONTE;43
2024/2025;LM-40;Provincia autonoma di TRENTO;VENETO;43
2024/2025;LM-4;VENETO;LOMBARDIA;43
2024/2025;LM-85;LOMBARDIA;PIEMONTE;43
2024/2025;LM-84;EMILIA ROMAGNA;SICILIA;43
2024/2025;LM-86;PIEMONTE;PIEMONTE;43
2024/2025;LM-8;EMILIA ROMAGNA;PUGLIA;43
2024/2025;LM-7;EMILIA ROMAGNA;EMILIA ROMAGNA;43
2024/2025;LM-73;LOMBARDIA;REGIONE ESTERA;43
2024/2025;LM-93;LAZIO;LAZIO;43
2024/2025;LM-94;FRIULI VENEZIA GIULIA;VENETO;43
2024/2025;LM-9;BASILICATA;BASILICATA;42
2024/2025;L-P01;LOMBARDIA;PIEMONTE;42
2024/2025;LMG/01;TOSCANA;SARDEGNA;42
2024/2025;L-Sc.Mat.;PIEMONTE;PIEMONTE;42
2024/2025;LM-74;CALABRIA;CALABRIA;42
2024/2025;LM-77;ABRUZZO;PUGLIA;42
2024/2025;LM-75;SICILIA;SICILIA;42
2024/2025;LM-77;MARCHE;PUGLIA;42
2024/2025;LM-89;LAZIO;CAMPANIA;42
2024/2025;LM-4;PIEMONTE;SARDEGNA;42
2024/2025;LM-41;SARDEGNA;LAZIO;42
2024/2025;LM-42;UMBRIA;MARCHE;42
2024/2025;LM-42;MARCHE;EMILIA ROMAGNA;42
2024/2025;LM-46;LIGURIA;PIEMONTE;42
2024/2025;LM-46;LOMBARDIA;REGIONE ESTERA;42
2024/2025;LM-51;EMILIA ROMAGNA;CAMPANIA;42
2024/2025;LM-51;LOMBARDIA;LAZIO;42
2024/2025;LM-50;EMILIA ROMAGNA;TOSCANA;42
2024/2025;LM-54;CALABRIA;CALABRIA;42
2024/2025;LM-52;LAZIO;PIEMONTE;42
2024/2025;LM-52;EMILIA ROMAGNA;VENETO;42
2024/2025;LM-52;FRIULI VENEZIA GIULIA;FRIULI VENEZIA GIULIA;42
2024/2025;LM-66;TOSCANA;TOSCANA;42
2023/2024;LMG/01;UMBRIA;LAZIO;42
2023/2024;L-Sc.Mat.;EMILIA ROMAGNA;EMILIA ROMAGNA;42
2023/2024;LM-9;FRIULI VENEZIA GIULIA;VENETO;42
2023/2024;LM-86;EMILIA ROMAGNA;EMILIA ROMAGNA;42
2023/2024;LM-87;UMBRIA;UMBRIA;42
2023/2024;LM-85;MARCHE;PUGLIA;42
2023/2024;LM-85;VENETO;LOMBARDIA;42
2023/2024;LM-62;VENETO;VENETO;42
2023/2024;LM-64;PIEMONTE;PIEMONTE;42
2023/2024;LM-8;CAMPANIA;CAMPANIA;42
2023/2024;LM-84;EMILIA ROMAGNA;MARCHE;42
2023/2024;LM-76;PIEMONTE;PIEMONTE;42
2024/2025;L-2;EMILIA ROMAGNA;ABRUZZO;42
2024/2025;L-2;EMILIA ROMAGNA;BASILICATA;42
2024/2025;L-19;LAZIO;CALABRIA;42
2024/2025;L-2;UMBRIA;BASILICATA;42
2024/2025;L-20;PIEMONTE;CALABRIA;42
2024/2025;L-22;SICILIA;REGIONE ESTERA;42
2024/2025;L-22;UMBRIA;SICILIA;42
2024/2025;L-22;EMILIA ROMAGNA;BASILICATA;42
2024/2025;L-15;FRIULI VENEZIA GIULIA;VENETO;42
2024/2025;L-15;UMBRIA;UMBRIA;42
2024/2025;L-13;TOSCANA;CALABRIA;42
2024/2025;L-11;LAZIO;MARCHE;42
2024/2025;L-11;VENETO;LAZIO;42
2024/2025;LM-30;PIEMONTE;CAMPANIA;42
2024/2025;LM-3;LOMBARDIA;LOMBARDIA;42
2024/2025;LM-21;VENETO;PUGLIA;42
2024/2025;LM-22;LIGURIA;LIGURIA;42
2024/2025;LM-20;PIEMONTE;ABRUZZO;42
2024/2025;LM-32;SICILIA;REGIONE ESTERA;42
2024/2025;LM-31;LOMBARDIA;ABRUZZO;42
2024/2025;LM-35;LOMBARDIA;REGIONE ESTERA;42
2024/2025;LM-38;CALABRIA;CALABRIA;42
2024/2025;LM-16;MARCHE;REGIONE ESTERA;42
2024/2025;LM-17;LAZIO;REGIONE ESTERA;42
2024/2025;LM-19;LAZIO;SICILIA;42
2024/2025;L-3;PIEMONTE;REGIONE ESTERA;42
2024/2025;L-24;PIEMONTE;PUGLIA;42
2024/2025;L-31;LAZIO;PUGLIA;42
2024/2025;L-31;LOMBARDIA;LIGURIA;42
2024/2025;L-8;PIEMONTE;MARCHE;42
2024/2025;L-7;EMILIA ROMAGNA;PUGLIA;42
2024/2025;L-7;EMILIA ROMAGNA;TOSCANA;42
2024/2025;L-4;LOMBARDIA;LIGURIA;42
2024/2025;L-36;PIEMONTE;SICILIA;42
2024/2025;L-36;LOMBARDIA;LAZIO;42
2023/2024;LM-56;EMILIA ROMAGNA;LOMBARDIA;42
2023/2024;LM-53;PIEMONTE;PIEMONTE;42
2023/2024;LM-6;PIEMONTE;REGIONE ESTERA;42
2023/2024;LM-6;TOSCANA;PUGLIA;42
2023/2024;LM-52;LAZIO;CALABRIA;42
2023/2024;LM-49;PIEMONTE;PIEMONTE;42
2023/2024;LM-4cu;TOSCANA;LAZIO;42
2023/2024;LM-41;FRIULI VENEZIA GIULIA;LOMBARDIA;42
2023/2024;LM-41;LOMBARDIA;UMBRIA;42
2023/2024;LM-41;PIEMONTE;VENETO;42
2023/2024;LM-42;VENETO;LOMBARDIA;42
2023/2024;LM-35;Provincia autonoma di TRENTO;VENETO;42
2023/2024;LM-37;LAZIO;UMBRIA;42
2023/2024;L-9;CAMPANIA;MOLISE;42
2023/2024;L-9;CAMPANIA;CALABRIA;42
2023/2024;L-9;LAZIO;MARCHE;42
2023/2024;L-8;PIEMONTE;MARCHE;42
2023/2024;L-7;EMILIA ROMAGNA;TOSCANA;42
2023/2024;L-5;EMILIA ROMAGNA;ABRUZZO;42
2023/2024;LM-13;MARCHE;UMBRIA;42
2023/2024;LM-14;LAZIO;PUGLIA;42
2023/2024;LM-14;LAZIO;CAMPANIA;42
2023/2024;LM/SNT1;PIEMONTE;LOMBARDIA;42
2023/2024;LM-1;EMILIA ROMAGNA;LOMBARDIA;42
2023/2024;LM-20;PIEMONTE;VENETO;42
2023/2024;LM-21;PIEMONTE;LAZIO;42
2023/2024;LM-21;PIEMONTE;MARCHE;42
2023/2024;LM-32;BASILICATA;BASILICATA;42
2023/2024;LM-21;VENETO;SARDEGNA;42
2023/2024;L-24;LAZIO;VENETO;42
2023/2024;L-22;EMILIA ROMAGNA;TOSCANA;42
2023/2024;L-4;TOSCANA;EMILIA ROMAGNA;42
2023/2024;99999;LAZIO;ABRUZZO;42
2023/2024;L/SNT4;UMBRIA;UMBRIA;42
2023/2024;L/SNT2;EMILIA ROMAGNA;MARCHE;42
2023/2024;L-10;ABRUZZO;MOLISE;42
2023/2024;L-1;VENETO;SICILIA;42
2023/2024;L-11;EMILIA ROMAGNA;ABRUZZO;42
2023/2024;L-11;PIEMONTE;SICILIA;42
2023/2024;L-11;UMBRIA;MARCHE;42
2023/2024;L-14;TOSCANA;UMBRIA;42
2023/2024;L-15;UMBRIA;UMBRIA;42
2023/2024;L-16;FRIULI VENEZIA GIULIA;VENETO;42
2023/2024;L-2;ABRUZZO;PUGLIA;42
2023/2024;L-19;TOSCANA;UMBRIA;42
2023/2024;L-2;LOMBARDIA;PUGLIA;42
2023/2024;L-17;LOMBARDIA;CAMPANIA;41
2023/2024;L-17;LOMBARDIA;MARCHE;41
2023/2024;L-18;PIEMONTE;VALLE D'AOSTA;41
2023/2024;L-18;LAZIO;PIEMONTE;41
2023/2024;L-14;LOMBARDIA;REGIONE ESTERA;41
2023/2024;L-10;TOSCANA;UMBRIA;41
2023/2024;L-1;TOSCANA;EMILIA ROMAGNA;41
2023/2024;L-10;LOMBARDIA;PUGLIA;41
2023/2024;L/SNT3;ABRUZZO;MARCHE;41
2023/2024;L-1;FRIULI VENEZIA GIULIA;VENETO;41
2023/2024;L/DS;TOSCANA;PUGLIA;41
2023/2024;L/SNT1;TOSCANA;CAMPANIA;41
2023/2024;L/SNT1;LAZIO;UMBRIA;41
2023/2024;L/SNT1;PIEMONTE;PUGLIA;41
2023/2024;L-4;TOSCANA;REGIONE ESTERA;41
2023/2024;L-4;LOMBARDIA;CAMPANIA;41
2023/2024;L-38;UMBRIA;LAZIO;41
2023/2024;L-36;LOMBARDIA;CALABRIA;41
2023/2024;L-36;LOMBARDIA;CAMPANIA;41
2023/2024;L-36;LAZIO;BASILICATA;41
2023/2024;L-20;PIEMONTE;SARDEGNA;41
2023/2024;L-20;PIEMONTE;CALABRIA;41
2023/2024;L-2;UMBRIA;CAMPANIA;41
2023/2024;L-24;PIEMONTE;PUGLIA;41
2023/2024;L-3;EMILIA ROMAGNA;FRIULI VENEZIA GIULIA;41
2023/2024;LM-23;CALABRIA;REGIONE ESTERA;41
2023/2024;LM-22;SARDEGNA;SARDEGNA;41
2023/2024;LM-27;TOSCANA;TOSCANA;41
2023/2024;LM-31;PIEMONTE;SARDEGNA;41
2023/2024;LM-29;FRIULI VENEZIA GIULIA;FRIULI VENEZIA GIULIA;41
2023/2024;LM-29;ABRUZZO;ABRUZZO;41
2023/2024;LM-21;LOMBARDIA;MARCHE;41
2023/2024;LM-20;PIEMONTE;LAZIO;41
2023/2024;LM-2;EMILIA ROMAGNA;REGIONE ESTERA;41
2023/2024;LM-18;TOSCANA;SICILIA;41
2023/2024;LM-14;LOMBARDIA;SICILIA;41
2023/2024;LM-16;Provincia autonoma di TRENTO;Provincia autonoma di TRENTO;41
2023/2024;L-9;TOSCANA;CAMPANIA;41
2023/2024;LM-13;BASILICATA;CAMPANIA;41
2023/2024;L-5;LAZIO;ABRUZZO;41
2023/2024;L-8;PIEMONTE;VALLE D'AOSTA;41
2023/2024;LM-37;PIEMONTE;SICILIA;41
2023/2024;LM-37;MARCHE;ABRUZZO;41
2023/2024;LM-4;FRIULI VENEZIA GIULIA;FRIULI VENEZIA GIULIA;41
2023/2024;LM-43;PIEMONTE;REGIONE ESTERA;41
2023/2024;LM-41;TOSCANA;UMBRIA;41
2023/2024;LM-41;CAMPANIA;VENETO;41
2023/2024;LM-41;ABRUZZO;CALABRIA;41
2023/2024;LM-48;SARDEGNA;SARDEGNA;41
2023/2024;LM-52;LAZIO;MARCHE;41
2023/2024;LM-52;LAZIO;VENETO;41
2023/2024;LM-51;LAZIO;MARCHE;41
2023/2024;LM-59;PIEMONTE;SICILIA;41
2023/2024;LM-59;LOMBARDIA;CALABRIA;41
2023/2024;LM-54;UMBRIA;UMBRIA;41
2023/2024;LM-56;LOMBARDIA;SICILIA;41
2024/2025;L-36;LOMBARDIA;TOSCANA;41
2024/2025;L-36;MARCHE;EMILIA ROMAGNA;41
2024/2025;L-36;CAMPANIA;LAZIO;41
2024/2025;L-36;VENETO;REGIONE ESTERA;41
2024/2025;L-8;LOMBARDIA;BASILICATA;41
2024/2025;L-9;ABRUZZO;MOLISE;41
2024/2025;L-42;EMILIA ROMAGNA;UMBRIA;41
2024/2025;L-5;LAZIO;ABRUZZO;41
2024/2025;L-43;VENETO;VENETO;41
2024/2025;L-5;EMILIA ROMAGNA;CALABRIA;41
2024/2025;L-30;LOMBARDIA;EMILIA ROMAGNA;41
2024/2025;L-24;VENETO;Provincia autonoma di BOLZANO;41
2024/2025;L-26;MOLISE;MOLISE;41
2024/2025;L-25;VENETO;LOMBARDIA;41
2024/2025;L-25;MOLISE;CAMPANIA;41
2024/2025;LM-18;TOSCANA;PUGLIA;41
2024/2025;LM-16;LOMBARDIA;VENETO;41
2024/2025;LM-18;ABRUZZO;REGIONE ESTERA;41
2024/2025;LM-13;LOMBARDIA;CALABRIA;41
2024/2025;LM-14;BASILICATA;BASILICATA;41
2024/2025;LM/SNT4;LOMBARDIA;LOMBARDIA;41
2024/2025;L-9;LAZIO;MARCHE;41
2024/2025;L-9;LIGURIA;REGIONE ESTERA;41
2024/2025;LM-21;LAZIO;PUGLIA;41
2024/2025;LM-23;BASILICATA;BASILICATA;41
2024/2025;LM-24;LAZIO;REGIONE ESTERA;41
2024/2025;L-13;PUGLIA;BASILICATA;41
2024/2025;L-12;LOMBARDIA;MARCHE;41
2024/2025;L/SNT1;UMBRIA;TOSCANA;41
2024/2025;L/SNT3;MOLISE;LAZIO;41
2024/2025;L-1;LAZIO;SICILIA;41
2024/2025;L-10;EMILIA ROMAGNA;BASILICATA;41
2024/2025;L-10;ABRUZZO;MOLISE;41
2024/2025;L-1;TOSCANA;EMILIA ROMAGNA;41
2024/2025;L-1;Provincia autonoma di TRENTO;VENETO;41
2024/2025;L-14;TOSCANA;UMBRIA;41
2024/2025;L-14;PIEMONTE;LIGURIA;41
2024/2025;L-14;EMILIA ROMAGNA;SICILIA;41
2024/2025;L-18;LAZIO;PIEMONTE;41
2024/2025;L-18;TOSCANA;VENETO;41
2024/2025;L-22;CAMPANIA;BASILICATA;41
2024/2025;L-2;UMBRIA;SICILIA;41
2023/2024;LM-76;LAZIO;REGIONE ESTERA;41
2023/2024;LM-77;LIGURIA;PIEMONTE;41
2023/2024;LM-77;Provincia autonoma di TRENTO;REGIONE ESTERA;41
2023/2024;LM-61;TOSCANA;PIEMONTE;41
2023/2024;LM-7;LOMBARDIA;LOMBARDIA;41
2023/2024;LM-69;UMBRIA;UMBRIA;41
2023/2024;LM-85 bis;BASILICATA;CALABRIA;41
2023/2024;LM-85 bis;LAZIO;UMBRIA;41
2024/2025;L/DS;EMILIA ROMAGNA;CAMPANIA;41
2023/2024;LMG/01;LOMBARDIA;UMBRIA;41
2023/2024;LMG/01;MOLISE;CAMPANIA;41
2023/2024;LMG/01;LAZIO;REGIONE ESTERA;41
2024/2025;LM-65;EMILIA ROMAGNA;LOMBARDIA;41
2024/2025;LM-67;EMILIA ROMAGNA;LOMBARDIA;41
2024/2025;LM-68;LIGURIA;LIGURIA;41
2024/2025;LM-6;EMILIA ROMAGNA;MARCHE;41
2024/2025;LM-51;VENETO;LIGURIA;41
2024/2025;LM-52;VENETO;TOSCANA;41
2024/2025;LM-52;LOMBARDIA;PUGLIA;41
2024/2025;LM-52;VENETO;EMILIA ROMAGNA;41
2024/2025;LM-56;LIGURIA;LIGURIA;41
2024/2025;LM-59;EMILIA ROMAGNA;TOSCANA;41
2024/2025;LM-5;EMILIA ROMAGNA;EMILIA ROMAGNA;41
2024/2025;LM-50;CALABRIA;CALABRIA;41
2024/2025;LM-51;EMILIA ROMAGNA;SICILIA;41
2024/2025;LM-4cu;EMILIA ROMAGNA;LOMBARDIA;41
2024/2025;LM-48;SARDEGNA;SARDEGNA;41
2024/2025;LM-41;EMILIA ROMAGNA;Provincia autonoma di BOLZANO;41
2024/2025;LM-41;PIEMONTE;BASILICATA;41
2024/2025;LM-86;EMILIA ROMAGNA;REGIONE ESTERA;41
2024/2025;LM-85 bis;UMBRIA;CAMPANIA;41
2024/2025;LM-87;UMBRIA;UMBRIA;41
2024/2025;LM-85 bis;BASILICATA;CALABRIA;41
2024/2025;LM-77;Provincia autonoma di BOLZANO;Provincia autonoma di TRENTO;41
2024/2025;LM-8;PUGLIA;PUGLIA;41
2024/2025;LM-7;SICILIA;SICILIA;41
2024/2025;LMG/01;LAZIO;PIEMONTE;41
2024/2025;LMG/01;LOMBARDIA;UMBRIA;40
2024/2025;LMG/01;LOMBARDIA;MOLISE;40
2024/2025;LMG/01;LOMBARDIA;Provincia autonoma di BOLZANO;40
2024/2025;LMG/01;UMBRIA;TOSCANA;40
2024/2025;LMG/01;TOSCANA;EMILIA ROMAGNA;40
2024/2025;L-P01;ABRUZZO;ABRUZZO;40
2024/2025;LM-9;LAZIO;CAMPANIA;40
2024/2025;LM-9;LIGURIA;LIGURIA;40
2024/2025;LM-77;EMILIA ROMAGNA;MOLISE;40
2024/2025;LM-81;PUGLIA;PUGLIA;40
2024/2025;LM-84;EMILIA ROMAGNA;TOSCANA;40
2024/2025;LM-85;EMILIA ROMAGNA;LOMBARDIA;40
2024/2025;LM-41;VENETO;CAMPANIA;40
2024/2025;LM-38;VENETO;FRIULI VENEZIA GIULIA;40
2024/2025;LM-46;SICILIA;CALABRIA;40
2024/2025;LM-48;TOSCANA;TOSCANA;40
2024/2025;LM-4cu;LAZIO;SICILIA;40
2024/2025;LM-50;EMILIA ROMAGNA;PUGLIA;40
2024/2025;LM-59;MARCHE;EMILIA ROMAGNA;40
2024/2025;LM-52;MARCHE;MARCHE;40
2024/2025;LM-52;PIEMONTE;SICILIA;40
2024/2025;LM-6;LIGURIA;LOMBARDIA;40
2024/2025;LM-6;TOSCANA;PUGLIA;40
2024/2025;LM-65;VENETO;LOMBARDIA;40
2023/2024;LMG/01;MARCHE;REGIONE ESTERA;40
2023/2024;LMG/01;LOMBARDIA;MOLISE;40
2024/2025;99999;TOSCANA;PUGLIA;40
2024/2025;99999;EMILIA ROMAGNA;MARCHE;40
2023/2024;LM-85 bis;LAZIO;TOSCANA;40
2023/2024;LM-85 bis;LOMBARDIA;PUGLIA;40
2023/2024;LM-87;LAZIO;CAMPANIA;40
2023/2024;LM-89;LAZIO;CAMPANIA;40
2023/2024;LM-73;PIEMONTE;PIEMONTE;40
2023/2024;LM-74;ABRUZZO;ABRUZZO;40
2023/2024;LM-73;VENETO;Provincia autonoma di TRENTO;40
2023/2024;LM-71;TOSCANA;TOSCANA;40
2023/2024;LM-68;EMILIA ROMAGNA;REGIONE ESTERA;40
2023/2024;LM-61;TOSCANA;PUGLIA;40
2023/2024;LM-65;EMILIA ROMAGNA;VENETO;40
2023/2024;LM-65;LAZIO;ABRUZZO;40
2023/2024;LM-65;VENETO;REGIONE ESTERA;40
2023/2024;LM-74;PIEMONTE;PIEMONTE;40
2023/2024;LM-81;CALABRIA;CALABRIA;40
2024/2025;L-20;PIEMONTE;SARDEGNA;40
2024/2025;L-15;PIEMONTE;LIGURIA;40
2024/2025;L-17;MARCHE;ABRUZZO;40
2024/2025;L-10;LAZIO;MOLISE;40
2024/2025;L/SNT1;VENETO;FRIULI VENEZIA GIULIA;40
2024/2025;L/SNT2;VENETO;LOMBARDIA;40
2024/2025;L/SNT2;LOMBARDIA;SICILIA;40
2024/2025;L/SNT1;LIGURIA;TOSCANA;40
2024/2025;L-14;EMILIA ROMAGNA;MARCHE;40
2024/2025;L-11;ABRUZZO;PUGLIA;40
2024/2025;LM-23;PIEMONTE;PUGLIA;40
2024/2025;LM-21;PIEMONTE;TOSCANA;40
2024/2025;LM-28;LOMBARDIA;LOMBARDIA;40
2024/2025;LM-37;SICILIA;REGIONE ESTERA;40
2024/2025;LM-37;EMILIA ROMAGNA;LOMBARDIA;40
2024/2025;LM-36;TOSCANA;TOSCANA;40
2024/2025;L-9;VENETO;PUGLIA;40
2024/2025;LM-1;EMILIA ROMAGNA;LOMBARDIA;40
2024/2025;LM-1;EMILIA ROMAGNA;TOSCANA;40
2024/2025;LM-12;LOMBARDIA;TOSCANA;40
2024/2025;LM-13;UMBRIA;PUGLIA;40
2024/2025;LM-14;LOMBARDIA;EMILIA ROMAGNA;40
2024/2025;LM-18;UMBRIA;UMBRIA;40
2024/2025;L-31;CAMPANIA;BASILICATA;40
2024/2025;L-33;Provincia autonoma di BOLZANO;Provincia autonoma di BOLZANO;40
2024/2025;L-5;LAZIO;PUGLIA;40
2024/2025;L-42;EMILIA ROMAGNA;Provincia autonoma di TRENTO;40
2024/2025;L-7;MOLISE;MOLISE;40
2024/2025;L-8;EMILIA ROMAGNA;UMBRIA;40
2024/2025;L-4;LIGURIA;PIEMONTE;40
2023/2024;LM-56;LOMBARDIA;PUGLIA;40
2023/2024;LM-57;EMILIA ROMAGNA;EMILIA ROMAGNA;40
2023/2024;LM-56;LIGURIA;LIGURIA;40
2023/2024;LM-59;MARCHE;EMILIA ROMAGNA;40
2023/2024;LM-59;LOMBARDIA;MARCHE;40
2023/2024;LM-6;EMILIA ROMAGNA;MARCHE;40
2023/2024;LM-6;EMILIA ROMAGNA;LAZIO;40
2023/2024;LM-6;LOMBARDIA;EMILIA ROMAGNA;40
2023/2024;LM-51;LOMBARDIA;LAZIO;40
2023/2024;LM-51;PIEMONTE;LAZIO;40
2023/2024;LM-51;VENETO;LIGURIA;40
2023/2024;LM-51;UMBRIA;TOSCANA;40
2023/2024;LM-48;TOSCANA;REGIONE ESTERA;40
2023/2024;LM-46;LOMBARDIA;REGIONE ESTERA;40
2023/2024;LM-4cu;TOSCANA;LIGURIA;40
2023/2024;LM-4cu;LAZIO;SICILIA;40
2023/2024;LM-40;EMILIA ROMAGNA;MARCHE;40
2023/2024;LM-40;SARDEGNA;SARDEGNA;40
2023/2024;LM-41;TOSCANA;SARDEGNA;40
2023/2024;LM-44;FRIULI VENEZIA GIULIA;FRIULI VENEZIA GIULIA;40
2023/2024;LM-37;LIGURIA;LIGURIA;40
2023/2024;LM-35;LIGURIA;LIGURIA;40
2023/2024;LM-33;PIEMONTE;BASILICATA;40
2023/2024;LM-32;PIEMONTE;BASILICATA;40
2023/2024;L-8;LOMBARDIA;Provincia autonoma di TRENTO;40
2023/2024;L-7;LOMBARDIA;LAZIO;40
2023/2024;LM-13;ABRUZZO;LAZIO;40
2023/2024;LM-12;LOMBARDIA;TOSCANA;40
2023/2024;LM-13;TOSCANA;LIGURIA;40
2023/2024;LM/DS;PIEMONTE;LAZIO;40
2023/2024;LM-20;PIEMONTE;ABRUZZO;40
2023/2024;LM-21;TOSCANA;PUGLIA;40
2023/2024;LM-29;LIGURIA;LIGURIA;40
2023/2024;LM-30;LIGURIA;LIGURIA;40
2023/2024;LM-32;EMILIA ROMAGNA;LOMBARDIA;40
2023/2024;LM-32;LOMBARDIA;ABRUZZO;40
2023/2024;LM-31;PIEMONTE;LIGURIA;40
2023/2024;LM-28;TOSCANA;TOSCANA;40
2023/2024;LM-27;LOMBARDIA;REGIONE ESTERA;40
2023/2024;L-3;LAZIO;MOLISE;40
2023/2024;L-22;MOLISE;PUGLIA;40
2023/2024;L-20;VENETO;FRIULI VENEZIA GIULIA;40
2023/2024;L-36;LOMBARDIA;TOSCANA;40
2023/2024;L-32;EMILIA ROMAGNA;VENETO;40
2023/2024;L-37;EMILIA ROMAGNA;VENETO;40
2023/2024;L-4;Provincia autonoma di BOLZANO;Provincia autonoma di BOLZANO;40
2023/2024;L-4;LOMBARDIA;LIGURIA;40
2023/2024;L-40;UMBRIA;MARCHE;40
2023/2024;L/SNT1;LAZIO;TOSCANA;40
2023/2024;L/DS;EMILIA ROMAGNA;EMILIA ROMAGNA;40
2023/2024;99999;LAZIO;CALABRIA;40
2023/2024;99999;LIGURIA;PIEMONTE;40
2023/2024;99999;MARCHE;LAZIO;40
2023/2024;99999;CAMPANIA;LAZIO;40
2023/2024;L-1;LAZIO;SICILIA;40
2023/2024;L-1;TOSCANA;CAMPANIA;40
2023/2024;L-1;TOSCANA;LOMBARDIA;40
2023/2024;L-14;LOMBARDIA;CALABRIA;40
2023/2024;L-14;ABRUZZO;LIGURIA;40
2023/2024;L-13;PUGLIA;BASILICATA;40
2023/2024;L-13;TOSCANA;BASILICATA;40
2023/2024;L-11;VENETO;ABRUZZO;40
2023/2024;L-12;LAZIO;UMBRIA;40
2023/2024;L-12;LOMBARDIA;TOSCANA;40
2023/2024;L-12;TOSCANA;UMBRIA;40
2023/2024;L-17;LIGURIA;PIEMONTE;40
2023/2024;L-17;LOMBARDIA;Provincia autonoma di TRENTO;40
2023/2024;L-16;MOLISE;MOLISE;40
2023/2024;L-19;EMILIA ROMAGNA;FRIULI VENEZIA GIULIA;40
2023/2024;L-19;BASILICATA;PUGLIA;40
2023/2024;L-18;ABRUZZO;CAMPANIA;39
2023/2024;L-18;PIEMONTE;CALABRIA;39
2023/2024;L-13;EMILIA ROMAGNA;ABRUZZO;39
2023/2024;L-13;CAMPANIA;LAZIO;39
2023/2024;L-13;EMILIA ROMAGNA;MARCHE;39
2023/2024;L-12;PIEMONTE;SARDEGNA;39
2023/2024;L-13;MOLISE;LAZIO;39
2023/2024;L-15;LOMBARDIA;PIEMONTE;39
2023/2024;L-14;PIEMONTE;LIGURIA;39
2023/2024;L-10;PIEMONTE;LIGURIA;39
2023/2024;L/SNT2;VENETO;LOMBARDIA;39
2023/2024;L/SNT2;LOMBARDIA;SICILIA;39
2023/2024;L/DS;EMILIA ROMAGNA;PUGLIA;39
2023/2024;L/SNT1;EMILIA ROMAGNA;BASILICATA;39
2023/2024;L/SNT1;LOMBARDIA;CALABRIA;39
2023/2024;L/SNT1;VENETO;FRIULI VENEZIA GIULIA;39
2023/2024;L-42;EMILIA ROMAGNA;CALABRIA;39
2023/2024;L-36;TOSCANA;LAZIO;39
2023/2024;L-32;PIEMONTE;LOMBARDIA;39
2023/2024;L-33;LAZIO;VENETO;39
2023/2024;L-30;EMILIA ROMAGNA;TOSCANA;39
2023/2024;L-30;TOSCANA;CALABRIA;39
2023/2024;L-26;MOLISE;MOLISE;39
2023/2024;LM-22;LIGURIA;LIGURIA;39
2023/2024;LM-32;EMILIA ROMAGNA;SICILIA;39
2023/2024;LM-32;EMILIA ROMAGNA;ABRUZZO;39
2023/2024;LM-29;PIEMONTE;CAMPANIA;39
2023/2024;LM-21;VENETO;EMILIA ROMAGNA;39
2023/2024;LM-21;PIEMONTE;CAMPANIA;39
2023/2024;LM-18;TOSCANA;PUGLIA;39
2023/2024;LM-16;LOMBARDIA;VENETO;39
2023/2024;LM/DS;PIEMONTE;PUGLIA;39
2023/2024;L-9;TOSCANA;UMBRIA;39
2023/2024;LM/SC-GIUR;VENETO;VENETO;39
2023/2024;LM/SNT4;PUGLIA;PUGLIA;39
2023/2024;LM/SNT4;LOMBARDIA;LOMBARDIA;39
2023/2024;LM-1;PIEMONTE;LOMBARDIA;39
2023/2024;LM/SNT1;MOLISE;CAMPANIA;39
2023/2024;LM-14;LOMBARDIA;EMILIA ROMAGNA;39
2023/2024;LM-13;VENETO;Provincia autonoma di TRENTO;39
2023/2024;LM-14;EMILIA ROMAGNA;CALABRIA;39
2023/2024;LM-12;Provincia autonoma di BOLZANO;REGIONE ESTERA;39
2023/2024;LM-12;LOMBARDIA;LAZIO;39
2023/2024;LM-13;EMILIA ROMAGNA;Provincia autonoma di BOLZANO;39
2023/2024;L-5;LOMBARDIA;PUGLIA;39
2023/2024;L-8;PIEMONTE;UMBRIA;39
2023/2024;L-8;UMBRIA;REGIONE ESTERA;39
2023/2024;L-9;LIGURIA;REGIONE ESTERA;39
2023/2024;LM-33;LOMBARDIA;PUGLIA;39
2023/2024;LM-33;EMILIA ROMAGNA;BASILICATA;39
2023/2024;LM-39;LAZIO;CAMPANIA;39
2023/2024;LM-41;UMBRIA;BASILICATA;39
2023/2024;LM-41;ABRUZZO;UMBRIA;39
2023/2024;LM-41;MOLISE;ABRUZZO;39
2023/2024;LM-4cu;LIGURIA;LIGURIA;39
2023/2024;LM-51;TOSCANA;EMILIA ROMAGNA;39
2023/2024;LM-50;EMILIA ROMAGNA;TOSCANA;39
2023/2024;LM-61;EMILIA ROMAGNA;LOMBARDIA;39
2023/2024;LM-60;EMILIA ROMAGNA;REGIONE ESTERA;39
2023/2024;LM-6;EMILIA ROMAGNA;TOSCANA;39
2023/2024;LM-56;EMILIA ROMAGNA;MARCHE;39
2023/2024;LM-54;PUGLIA;PUGLIA;39
2023/2024;LM-56;LOMBARDIA;VENETO;39
2023/2024;LM-56;LOMBARDIA;CAMPANIA;39
2024/2025;L-39;Provincia autonoma di TRENTO;VENETO;39
2024/2025;L-40;CAMPANIA;BASILICATA;39
2024/2025;L-40;LOMBARDIA;PIEMONTE;39
2024/2025;L-36;VENETO;Provincia autonoma di BOLZANO;39
2024/2025;L-36;VENETO;MARCHE;39
2024/2025;L-8;FRIULI VENEZIA GIULIA;REGIONE ESTERA;39
2024/2025;L-8;PIEMONTE;EMILIA ROMAGNA;39
2024/2025;L-42;EMILIA ROMAGNA;PIEMONTE;39
2024/2025;L-42;EMILIA ROMAGNA;CALABRIA;39
2024/2025;L-5;PIEMONTE;LIGURIA;39
2024/2025;L-33;Provincia autonoma di BOLZANO;REGIONE ESTERA;39
2024/2025;L-35;PIEMONTE;SICILIA;39
2024/2025;L-35;FRIULI VENEZIA GIULIA;VENETO;39
2024/2025;L-31;LOMBARDIA;LAZIO;39
2024/2025;L-31;PIEMONTE;SARDEGNA;39
2024/2025;L-31;PIEMONTE;VALLE D'AOSTA;39
2024/2025;LM-17;UMBRIA;UMBRIA;39
2024/2025;LM-13;TOSCANA;REGIONE ESTERA;39
2024/2025;LM-13;ABRUZZO;MOLISE;39
2024/2025;L-9;CAMPANIA;ABRUZZO;39
2024/2025;LM-38;LOMBARDIA;PIEMONTE;39
2024/2025;LM-32;EMILIA ROMAGNA;LOMBARDIA;39
2024/2025;LM-32;Provincia autonoma di TRENTO;Provincia autonoma di TRENTO;39
2024/2025;LM-32;PIEMONTE;LOMBARDIA;39
2024/2025;LM-33;LOMBARDIA;LAZIO;39
2024/2025;LM-30;LOMBARDIA;LAZIO;39
2024/2025;LM-27;EMILIA ROMAGNA;EMILIA ROMAGNA;39
2024/2025;LM-20;LOMBARDIA;LAZIO;39
2024/2025;LM-21;VENETO;SICILIA;39
2024/2025;L-10;PIEMONTE;LIGURIA;39
2024/2025;L-13;EMILIA ROMAGNA;BASILICATA;39
2024/2025;L/SNT2;LOMBARDIA;VENETO;39
2024/2025;L/SNT2;VENETO;Provincia autonoma di TRENTO;39
2024/2025;L-10;EMILIA ROMAGNA;SARDEGNA;39
2024/2025;L-1;VENETO;SICILIA;39
2024/2025;L-1;LAZIO;PUGLIA;39
2024/2025;L-1;LIGURIA;PIEMONTE;39
2024/2025;L-15;MARCHE;MARCHE;39
2024/2025;L-15;LOMBARDIA;PIEMONTE;39
2024/2025;L-14;LOMBARDIA;EMILIA ROMAGNA;39
2024/2025;L-19;EMILIA ROMAGNA;CALABRIA;39
2024/2025;L-19;EMILIA ROMAGNA;REGIONE ESTERA;39
2024/2025;L-18;VENETO;MARCHE;39
2024/2025;L-18;VENETO;EMILIA ROMAGNA;39
2024/2025;L-22;LAZIO;ABRUZZO;39
2024/2025;L-24;LAZIO;EMILIA ROMAGNA;39
2023/2024;LM-78;LOMBARDIA;EMILIA ROMAGNA;39
2023/2024;LM-82;LOMBARDIA;REGIONE ESTERA;39
2023/2024;LM-77;ABRUZZO;PUGLIA;39
2023/2024;LM-77;PIEMONTE;PUGLIA;39
2023/2024;LM-62;SICILIA;SICILIA;39
2023/2024;LM-72;SICILIA;SICILIA;39
2023/2024;LM-70;TOSCANA;REGIONE ESTERA;39
2023/2024;LM-69;VENETO;REGIONE ESTERA;39
2023/2024;LM-70;FRIULI VENEZIA GIULIA;FRIULI VENEZIA GIULIA;39
2023/2024;LM-70;CALABRIA;CALABRIA;39
2023/2024;LM-89;EMILIA ROMAGNA;SICILIA;39
2023/2024;LM-9;LAZIO;CAMPANIA;39
2023/2024;LM-87;LAZIO;SICILIA;39
2023/2024;LM-88;ABRUZZO;ABRUZZO;39
2023/2024;LMG/01;TOSCANA;EMILIA ROMAGNA;39
2023/2024;L-P03;CAMPANIA;CAMPANIA;39
2023/2024;LMG/01;MARCHE;UMBRIA;39
2023/2024;LMG/01;LAZIO;PIEMONTE;39
2024/2025;LM-65;EMILIA ROMAGNA;TOSCANA;39
2024/2025;LM-6;EMILIA ROMAGNA;TOSCANA;39
2024/2025;LM-62;FRIULI VENEZIA GIULIA;FRIULI VENEZIA GIULIA;39
2024/2025;LM-57;EMILIA ROMAGNA;EMILIA ROMAGNA;39
2024/2025;LM-4cu;TOSCANA;LAZIO;39
2024/2025;LM-49;FRIULI VENEZIA GIULIA;FRIULI VENEZIA GIULIA;39
2024/2025;LM-49;PIEMONTE;PIEMONTE;39
2024/2025;LM-38;TOSCANA;TOSCANA;39
2024/2025;LM-39;EMILIA ROMAGNA;REGIONE ESTERA;39
2024/2025;LM-39;EMILIA ROMAGNA;LOMBARDIA;39
2024/2025;LM-4;PIEMONTE;LAZIO;39
2024/2025;LM-4;LOMBARDIA;TOSCANA;39
2024/2025;LM-40;EMILIA ROMAGNA;MARCHE;39
2024/2025;LM-41;MOLISE;ABRUZZO;39
2024/2025;LM-84;EMILIA ROMAGNA;VENETO;39
2024/2025;LM-83;FRIULI VENEZIA GIULIA;FRIULI VENEZIA GIULIA;39
2024/2025;LM-77;LIGURIA;PIEMONTE;39
2024/2025;LM-70;TOSCANA;REGIONE ESTERA;39
2024/2025;LM-73;TOSCANA;TOSCANA;39
2024/2025;LM-74;ABRUZZO;ABRUZZO;39
2024/2025;LM-9;LOMBARDIA;EMILIA ROMAGNA;39
2024/2025;LMG/01;PUGLIA;CALABRIA;39
2024/2025;LM-Data;FRIULI VENEZIA GIULIA;FRIULI VENEZIA GIULIA;39
2024/2025;LM-Data;TOSCANA;TOSCANA;39
2024/2025;LMG/01;MARCHE;LAZIO;38
2024/2025;LMG/01;MARCHE;REGIONE ESTERA;38
2024/2025;LMG/01;LAZIO;REGIONE ESTERA;38
2024/2025;L-P01;MARCHE;MARCHE;38
2024/2025;L-P01;SARDEGNA;SARDEGNA;38
2024/2025;LM-9;LOMBARDIA;SICILIA;38
2024/2025;LM-9;LOMBARDIA;PIEMONTE;38
2024/2025;LM-94;LIGURIA;LIGURIA;38
2024/2025;LM-7;VENETO;VENETO;38
2024/2025;LM-7;CAMPANIA;CAMPANIA;38
2024/2025;LM-77;Provincia autonoma di BOLZANO;REGIONE ESTERA;38
2024/2025;LM-77;PIEMONTE;LIGURIA;38
2024/2025;LM-89;EMILIA ROMAGNA;TOSCANA;38
2024/2025;LM-40;SARDEGNA;SARDEGNA;38
2024/2025;LM-4;LOMBARDIA;LIGURIA;38
2024/2025;LM-59;LAZIO;PUGLIA;38
2024/2025;LM-56;LOMBARDIA;LAZIO;38
2024/2025;LM-61;TOSCANA;SICILIA;38
2024/2025;LM-65;EMILIA ROMAGNA;PUGLIA;38
2023/2024;LM-92;UMBRIA;REGIONE ESTERA;38
2024/2025;99999;CAMPANIA;BASILICATA;38
2024/2025;99999;LAZIO;REGIONE NON FORNITA;38
2023/2024;LM-87;MOLISE;MOLISE;38
2023/2024;LM-85;LOMBARDIA;PIEMONTE;38
2023/2024;LM-91;LAZIO;REGIONE ESTERA;38
2023/2024;LM-70;EMILIA ROMAGNA;SICILIA;38
2023/2024;LM-71;LAZIO;REGIONE ESTERA;38
2023/2024;LM-62;ABRUZZO;PUGLIA;38
2023/2024;LM-65;EMILIA ROMAGNA;PUGLIA;38
2023/2024;LM-77;TOSCANA;BASILICATA;38
2023/2024;LM-84;EMILIA ROMAGNA;TOSCANA;38
2024/2025;L-22;EMILIA ROMAGNA;TOSCANA;38
2024/2025;L-20;TOSCANA;SICILIA;38
2024/2025;L-18;UMBRIA;REGIONE ESTERA;38
2024/2025;L-18;ABRUZZO;BASILICATA;38
2024/2025;L-14;LOMBARDIA;VENETO;38
2024/2025;L-1;TOSCANA;PUGLIA;38
2024/2025;L-1;TOSCANA;LOMBARDIA;38
2024/2025;L/SNT2;BASILICATA;BASILICATA;38
2024/2025;L/SNT1;VENETO;EMILIA ROMAGNA;38
2024/2025;L-12;FRIULI VENEZIA GIULIA;PUGLIA;38
2024/2025;L-14;ABRUZZO;EMILIA ROMAGNA;38
2024/2025;L-13;EMILIA ROMAGNA;TOSCANA;38
2024/2025;LM-24;EMILIA ROMAGNA;REGIONE ESTERA;38
2024/2025;LM-21;LOMBARDIA;MARCHE;38
2024/2025;LM-21;LOMBARDIA;TOSCANA;38
2024/2025;LM-27;LOMBARDIA;REGIONE ESTERA;38
2024/2025;LM-37;PIEMONTE;REGIONE ESTERA;38
2024/2025;L-9;EMILIA ROMAGNA;PIEMONTE;38
2024/2025;LM/DS;PIEMONTE;LAZIO;38
2024/2025;LM/SC-GIUR;LAZIO;REGIONE ESTERA;38
2024/2025;LM-13;BASILICATA;CAMPANIA;38
2024/2025;LM-11;EMILIA ROMAGNA;REGIONE ESTERA;38
2024/2025;LM-13;TOSCANA;BASILICATA;38
2024/2025;LM-14;Provincia autonoma di TRENTO;Provincia autonoma di TRENTO;38
2024/2025;LM-16;LOMBARDIA;PUGLIA;38
2024/2025;L-31;TOSCANA;PUGLIA;38
2024/2025;L-31;EMILIA ROMAGNA;TOSCANA;38
2024/2025;L-33;TOSCANA;PUGLIA;38
2024/2025;L-33;TOSCANA;CAMPANIA;38
2024/2025;L-33;PIEMONTE;PUGLIA;38
2024/2025;L-33;LOMBARDIA;MARCHE;38
2024/2025;L-30;LAZIO;CAMPANIA;38
2024/2025;L-30;EMILIA ROMAGNA;TOSCANA;38
2024/2025;L-42;EMILIA ROMAGNA;FRIULI VENEZIA GIULIA;38
2024/2025;L-8;CAMPANIA;MOLISE;38
2024/2025;L-8;CAMPANIA;PUGLIA;38
2024/2025;L-36;LOMBARDIA;CALABRIA;38
2024/2025;L-40;ABRUZZO;SICILIA;38
2024/2025;L-4;CALABRIA;SICILIA;38
2023/2024;LM-56;VENETO;FRIULI VENEZIA GIULIA;38
2023/2024;LM-54;PIEMONTE;SICILIA;38
2023/2024;LM-54;MARCHE;MARCHE;38
2023/2024;LM-52;VENETO;SICILIA;38
2023/2024;LM-6;EMILIA ROMAGNA;ABRUZZO;38
2023/2024;LM-59;EMILIA ROMAGNA;PUGLIA;38
2023/2024;LM-51;EMILIA ROMAGNA;CALABRIA;38
2023/2024;LM-51;LOMBARDIA;SARDEGNA;38
2023/2024;LM-52;EMILIA ROMAGNA;SICILIA;38
2023/2024;LM-52;EMILIA ROMAGNA;LAZIO;38
2023/2024;LM-52;MARCHE;MARCHE;38
2023/2024;LM-4cu;TOSCANA;SARDEGNA;38
2023/2024;LM-41;SARDEGNA;TOSCANA;38
2023/2024;LM-42;MARCHE;EMILIA ROMAGNA;38
2023/2024;LM-38;VENETO;PUGLIA;38
2023/2024;LM-37;LAZIO;PUGLIA;38
2023/2024;LM-38;MARCHE;PUGLIA;38
2023/2024;LM-38;EMILIA ROMAGNA;SICILIA;38
2023/2024;LM-33;LOMBARDIA;VENETO;38
2023/2024;LM-36;VENETO;EMILIA ROMAGNA;38
2023/2024;LM-37;EMILIA ROMAGNA;REGIONE ESTERA;38
2023/2024;LM-37;EMILIA ROMAGNA;MARCHE;38
2023/2024;L-9;ABRUZZO;MOLISE;38
2023/2024;L-5;LAZIO;UMBRIA;38
2023/2024;L-8;CAMPANIA;MOLISE;38
2023/2024;L-8;CAMPANIA;PUGLIA;38
2023/2024;L-8;EMILIA ROMAGNA;MOLISE;38
2023/2024;LM-12;SICILIA;SICILIA;38
2023/2024;LM/SNT1;Provincia autonoma di TRENTO;Provincia autonoma di TRENTO;38
2023/2024;LM/SC-GIUR;LAZIO;REGIONE ESTERA;38
2023/2024;LM-14;PUGLIA;BASILICATA;38
2023/2024;LM-18;LIGURIA;REGIONE ESTERA;38
2023/2024;LM-17;ABRUZZO;ABRUZZO;38
2023/2024;LM-21;VENETO;FRIULI VENEZIA GIULIA;38
2023/2024;LM-20;LOMBARDIA;SICILIA;38
2023/2024;LM-20;PIEMONTE;SARDEGNA;38
2023/2024;LM-28;LIGURIA;LIGURIA;38
2023/2024;LM-25;LOMBARDIA;VENETO;38
2023/2024;L-25;Provincia autonoma di TRENTO;LOMBARDIA;38
2023/2024;L-27;LAZIO;ABRUZZO;38
2023/2024;L-27;PIEMONTE;PUGLIA;38
2023/2024;L-30;Provincia autonoma di TRENTO;LOMBARDIA;38
2023/2024;L-31;LAZIO;TOSCANA;38
2023/2024;L-22;ABRUZZO;CAMPANIA;38
2023/2024;L-20;TOSCANA;CALABRIA;38
2023/2024;L-22;EMILIA ROMAGNA;MARCHE;38
2023/2024;L-20;LAZIO;SARDEGNA;38
2023/2024;L-24;LAZIO;EMILIA ROMAGNA;38
2023/2024;L-31;SICILIA;CALABRIA;38
2023/2024;L-39;Provincia autonoma di BOLZANO;Provincia autonoma di BOLZANO;38
2023/2024;L/SNT1;ABRUZZO;CAMPANIA;38
2023/2024;99999;TOSCANA;CALABRIA;38
2023/2024;99999;MARCHE;ABRUZZO;38
2023/2024;L/SNT2;VENETO;Provincia autonoma di TRENTO;38
2023/2024;L/SNT3;EMILIA ROMAGNA;TOSCANA;38
2023/2024;L/SNT3;LAZIO;ABRUZZO;38
2023/2024;L/SNT3;VENETO;Provincia autonoma di TRENTO;38
2023/2024;L-10;EMILIA ROMAGNA;SARDEGNA;38
2023/2024;L-1;TOSCANA;PUGLIA;38
2023/2024;L-10;TOSCANA;BASILICATA;38
2023/2024;L-14;PIEMONTE;VENETO;38
2023/2024;L-14;SICILIA;CALABRIA;38
2023/2024;L-13;MARCHE;SICILIA;38
2023/2024;L-13;UMBRIA;MARCHE;38
2023/2024;L-13;UMBRIA;PUGLIA;38
2023/2024;L-12;TOSCANA;CAMPANIA;38
2023/2024;L-12;CAMPANIA;PUGLIA;38
2023/2024;L-18;EMILIA ROMAGNA;FRIULI VENEZIA GIULIA;38
2023/2024;L-18;CAMPANIA;CALABRIA;38
2023/2024;L-18;VENETO;SICILIA;38
2023/2024;L-19;EMILIA ROMAGNA;ABRUZZO;38
2023/2024;L-19;EMILIA ROMAGNA;SARDEGNA;38
2023/2024;L-18;TOSCANA;VENETO;38
2023/2024;L-18;UMBRIA;REGIONE ESTERA;37
2023/2024;L-2;EMILIA ROMAGNA;TOSCANA;37
2023/2024;L-18;PIEMONTE;SARDEGNA;37
2023/2024;L-11;TOSCANA;SARDEGNA;37
2023/2024;L-13;TOSCANA;CAMPANIA;37
2023/2024;L-13;TOSCANA;PUGLIA;37
2023/2024;L-13;MARCHE;LOMBARDIA;37
2023/2024;L-13;PIEMONTE;LIGURIA;37
2023/2024;L-14;ABRUZZO;EMILIA ROMAGNA;37
2023/2024;L-14;EMILIA ROMAGNA;CALABRIA;37
2023/2024;L-14;LAZIO;PUGLIA;37
2023/2024;L-10;VENETO;SICILIA;37
2023/2024;L-1;VENETO;PIEMONTE;37
2023/2024;L-1;VENETO;REGIONE ESTERA;37
2023/2024;L-1;Provincia autonoma di TRENTO;VENETO;37
2023/2024;L/SNT3;LOMBARDIA;EMILIA ROMAGNA;37
2023/2024;L/SNT2;VENETO;FRIULI VENEZIA GIULIA;37
2023/2024;L/SNT2;LOMBARDIA;EMILIA ROMAGNA;37
2023/2024;L-39;MOLISE;CAMPANIA;37
2023/2024;L-39;EMILIA ROMAGNA;PUGLIA;37
2023/2024;L-39;EMILIA ROMAGNA;SICILIA;37
2023/2024;L-39;TOSCANA;SICILIA;37
2023/2024;L-42;EMILIA ROMAGNA;SARDEGNA;37
2023/2024;L-31;MARCHE;UMBRIA;37
2023/2024;L-33;LOMBARDIA;ABRUZZO;37
2023/2024;L-36;LOMBARDIA;LAZIO;37
2023/2024;L-36;EMILIA ROMAGNA;BASILICATA;37
2023/2024;L-36;CAMPANIA;LAZIO;37
2023/2024;L-33;SICILIA;CALABRIA;37
2023/2024;L-24;VENETO;LAZIO;37
2023/2024;L-24;VENETO;Provincia autonoma di BOLZANO;37
2023/2024;L-2;UMBRIA;BASILICATA;37
2023/2024;L-22;EMILIA ROMAGNA;BASILICATA;37
2023/2024;L-22;LAZIO;PUGLIA;37
2023/2024;L-31;LAZIO;ABRUZZO;37
2023/2024;L-30;EMILIA ROMAGNA;SICILIA;37
2023/2024;L-30;EMILIA ROMAGNA;ABRUZZO;37
2023/2024;L-3;PIEMONTE;REGIONE ESTERA;37
2023/2024;LM-22;PIEMONTE;PUGLIA;37
2023/2024;LM-23;UMBRIA;UMBRIA;37
2023/2024;LM-29;LOMBARDIA;REGIONE ESTERA;37
2023/2024;LM-30;LOMBARDIA;LAZIO;37
2023/2024;LM-30;PIEMONTE;CAMPANIA;37
2023/2024;LM-31;LOMBARDIA;ABRUZZO;37
2023/2024;LM-20;PIEMONTE;CALABRIA;37
2023/2024;LM-21;VENETO;PUGLIA;37
2023/2024;LM-21;PIEMONTE;ABRUZZO;37
2023/2024;LM-21;LOMBARDIA;SICILIA;37
2023/2024;LM-17;EMILIA ROMAGNA;MARCHE;37
2023/2024;LM-17;VENETO;LOMBARDIA;37
2023/2024;LM-14;VENETO;REGIONE ESTERA;37
2023/2024;LM/SC-GIUR;ABRUZZO;ABRUZZO;37
2023/2024;L-9;UMBRIA;REGIONE ESTERA;37
2023/2024;LM/SNT2;PUGLIA;PUGLIA;37
2023/2024;LM-13;UMBRIA;SICILIA;37
2023/2024;L-7;PIEMONTE;REGIONE ESTERA;37
2023/2024;L-8;PIEMONTE;VENETO;37
2023/2024;LM-32;LOMBARDIA;REGIONE ESTERA;37
2023/2024;LM-37;LOMBARDIA;PIEMONTE;37
2023/2024;LM-38;VENETO;FRIULI VENEZIA GIULIA;37
2023/2024;LM-39;EMILIA ROMAGNA;TOSCANA;37
2023/2024;LM-39;EMILIA ROMAGNA;CAMPANIA;37
2023/2024;LM-4;LOMBARDIA;LIGURIA;37
2023/2024;LM-44;PIEMONTE;PUGLIA;37
2023/2024;LM-4cu;EMILIA ROMAGNA;LOMBARDIA;37
2023/2024;LM-49;SICILIA;SICILIA;37
2023/2024;LM-52;LOMBARDIA;SICILIA;37
2023/2024;LM-51;VENETO;CALABRIA;37
2023/2024;LM-51;LAZIO;SARDEGNA;37
2023/2024;LM-58;EMILIA ROMAGNA;REGIONE ESTERA;37
2023/2024;LM-56;EMILIA ROMAGNA;CAMPANIA;37
2023/2024;LM-56;LAZIO;ABRUZZO;37
2024/2025;L-4;UMBRIA;SICILIA;37
2024/2025;L-36;TOSCANA;LAZIO;37
2024/2025;L-38;TOSCANA;LIGURIA;37
2024/2025;L-8;LAZIO;REGIONE ESTERA;37
2024/2025;L-7;LOMBARDIA;PIEMONTE;37
2024/2025;L-8;LOMBARDIA;SARDEGNA;37
2024/2025;L-8;LOMBARDIA;VENETO;37
2024/2025;L-8;TOSCANA;EMILIA ROMAGNA;37
2024/2025;L-5;VENETO;Provincia autonoma di TRENTO;37
2024/2025;L-5;LAZIO;UMBRIA;37
2024/2025;L-5;EMILIA ROMAGNA;CAMPANIA;37
2024/2025;L-5;EMILIA ROMAGNA;ABRUZZO;37
2024/2025;L-30;EMILIA ROMAGNA;PUGLIA;37
2024/2025;L-3;FRIULI VENEZIA GIULIA;VENETO;37
2024/2025;L-27;ABRUZZO;LAZIO;37
2024/2025;L-24;PIEMONTE;SICILIA;37
2024/2025;L-24;LOMBARDIA;SICILIA;37
2024/2025;L-33;MARCHE;EMILIA ROMAGNA;37
2024/2025;LM-13;MARCHE;UMBRIA;37
2024/2025;LM-17;EMILIA ROMAGNA;MARCHE;37
2024/2025;LM-13;EMILIA ROMAGNA;CAMPANIA;37
2024/2025;LM-13;EMILIA ROMAGNA;Provincia autonoma di BOLZANO;37
2024/2025;LM/SNT2;PUGLIA;PUGLIA;37
2024/2025;L-9;TOSCANA;CAMPANIA;37
2024/2025;LM-37;PIEMONTE;SICILIA;37
2024/2025;LM-37;EMILIA ROMAGNA;SICILIA;37
2024/2025;LM-38;LOMBARDIA;EMILIA ROMAGNA;37
2024/2025;LM-33;PIEMONTE;LOMBARDIA;37
2024/2025;LM-33;PIEMONTE;MARCHE;37
2024/2025;LM-32;PIEMONTE;MARCHE;37
2024/2025;LM-32;LAZIO;CAMPANIA;37
2024/2025;LM-27;SARDEGNA;SARDEGNA;37
2024/2025;LM-29;UMBRIA;UMBRIA;37
2024/2025;LM-21;LOMBARDIA;SICILIA;37
2024/2025;LM-20;LOMBARDIA;TOSCANA;37
2024/2025;LM-21;LAZIO;CAMPANIA;37
2024/2025;LM-21;TOSCANA;PUGLIA;37
2024/2025;L-13;MARCHE;LOMBARDIA;37
2024/2025;L-14;ABRUZZO;LIGURIA;37
2024/2025;L-13;CAMPANIA;LAZIO;37
2024/2025;L-10;TOSCANA;BASILICATA;37
2024/2025;L/SNT1;LAZIO;LOMBARDIA;37
2024/2025;L-1;TOSCANA;CALABRIA;37
2024/2025;L-1;MOLISE;MOLISE;37
2024/2025;L-10;EMILIA ROMAGNA;REGIONE ESTERA;37
2024/2025;L-10;EMILIA ROMAGNA;PIEMONTE;37
2024/2025;L/SNT3;EMILIA ROMAGNA;TOSCANA;37
2024/2025;L-14;MARCHE;EMILIA ROMAGNA;37
2024/2025;L-17;LOMBARDIA;FRIULI VENEZIA GIULIA;37
2024/2025;L-22;EMILIA ROMAGNA;MARCHE;37
2024/2025;L-22;UMBRIA;SARDEGNA;37
2023/2024;LM-8;SICILIA;SICILIA;37
2023/2024;LM-63;LOMBARDIA;PIEMONTE;37
2023/2024;LM-7;LOMBARDIA;REGIONE ESTERA;37
2023/2024;LM-70;ABRUZZO;ABRUZZO;37
2023/2024;LM-68;ABRUZZO;ABRUZZO;37
2023/2024;LM-68;VENETO;LOMBARDIA;37
2023/2024;LM-91;EMILIA ROMAGNA;REGIONE ESTERA;37
2023/2024;LM-90;UMBRIA;REGIONE ESTERA;37
2023/2024;LM-85 bis;MARCHE;TOSCANA;37
2023/2024;L-P01;LIGURIA;LIGURIA;37
2023/2024;L-P01;ABRUZZO;ABRUZZO;37
2023/2024;LMG/01;TOSCANA;LOMBARDIA;37
2023/2024;LMG/01;Provincia autonoma di TRENTO;SARDEGNA;37
2023/2024;LMG/01;MARCHE;LAZIO;37
2024/2025;LM-65;EMILIA ROMAGNA;VENETO;37
2024/2025;LM-68;ABRUZZO;ABRUZZO;37
2024/2025;LM-61;TOSCANA;EMILIA ROMAGNA;37
2024/2025;LM-62;LAZIO;REGIONE ESTERA;37
2024/2025;LM-6;EMILIA ROMAGNA;LAZIO;37
2024/2025;LM-6;PIEMONTE;LOMBARDIA;37
2024/2025;LM-54;LOMBARDIA;PIEMONTE;37
2024/2025;LM-55;LAZIO;REGIONE ESTERA;37
2024/2025;LM-54;UMBRIA;UMBRIA;37
2024/2025;LM-54;PUGLIA;PUGLIA;37
2024/2025;LM-59;SARDEGNA;SARDEGNA;37
2024/2025;LM-51;UMBRIA;PUGLIA;37
2024/2025;LM-51;PIEMONTE;LAZIO;37
2024/2025;LM-39;VENETO;LOMBARDIA;37
2024/2025;LM-38;VENETO;PUGLIA;37
2024/2025;LM-41;SICILIA;ABRUZZO;37
2024/2025;LM-41;SICILIA;TOSCANA;37
2024/2025;LM-41;UMBRIA;ABRUZZO;37
2024/2025;LM-51;LAZIO;EMILIA ROMAGNA;37
2024/2025;LM-86;TOSCANA;TOSCANA;37
2024/2025;LM-85 bis;LOMBARDIA;PUGLIA;37
2024/2025;LM-85 bis;PIEMONTE;LIGURIA;37
2024/2025;LM-77;TOSCANA;CALABRIA;37
2024/2025;LM-81;EMILIA ROMAGNA;LOMBARDIA;37
2024/2025;LM-74;MARCHE;MARCHE;37
2024/2025;LM-91;CAMPANIA;CAMPANIA;37
2024/2025;L-P01;SICILIA;SICILIA;37
2024/2025;LMG/01;MOLISE;CAMPANIA;36
2024/2025;LMG/01;MARCHE;UMBRIA;36
2024/2025;LM-9;FRIULI VENEZIA GIULIA;VENETO;36
2024/2025;LM-9;EMILIA ROMAGNA;SICILIA;36
2024/2025;LM-70;ABRUZZO;ABRUZZO;36
2024/2025;LM-76;VENETO;LOMBARDIA;36
2024/2025;LM-78;PIEMONTE;LOMBARDIA;36
2024/2025;LM-4cu;ABRUZZO;LAZIO;36
2024/2025;LM-4cu;EMILIA ROMAGNA;SICILIA;36
2024/2025;LM-46;LAZIO;REGIONE ESTERA;36
2024/2025;LM-44;PIEMONTE;PUGLIA;36
2024/2025;LM-41;LIGURIA;REGIONE ESTERA;36
2024/2025;LM-38;VENETO;TOSCANA;36
2024/2025;LM-39;TOSCANA;SICILIA;36
2024/2025;LM-40;VENETO;REGIONE ESTERA;36
2024/2025;LM-41;ABRUZZO;UMBRIA;36
2024/2025;LM-51;TOSCANA;EMILIA ROMAGNA;36
2024/2025;LM-52;EMILIA ROMAGNA;TOSCANA;36
2024/2025;LM-51;VENETO;CALABRIA;36
2024/2025;LM-59;PIEMONTE;PUGLIA;36
2024/2025;LM-6;EMILIA ROMAGNA;CALABRIA;36
2024/2025;LM-59;LOMBARDIA;CALABRIA;36
2024/2025;LM-59;LOMBARDIA;MARCHE;36
2024/2025;LM-59;EMILIA ROMAGNA;PUGLIA;36
2024/2025;LM-56;EMILIA ROMAGNA;MARCHE;36
2024/2025;LM-56;LOMBARDIA;CAMPANIA;36
2024/2025;LM-6;EMILIA ROMAGNA;PIEMONTE;36
2024/2025;LM-62;LAZIO;CAMPANIA;36
2024/2025;LM-65;VENETO;REGIONE ESTERA;36
2023/2024;LM-92;TOSCANA;REGIONE ESTERA;36
2023/2024;L-P01;UMBRIA;UMBRIA;36
2024/2025;99999;TOSCANA;CALABRIA;36
2024/2025;99999;SICILIA;LOMBARDIA;36
2023/2024;LM-90;PUGLIA;PUGLIA;36
2023/2024;LM-9;EMILIA ROMAGNA;TOSCANA;36
2023/2024;LM-71;PUGLIA;PUGLIA;36
2023/2024;LM-66;MOLISE;MOLISE;36
2023/2024;LM-77;PIEMONTE;LIGURIA;36
2024/2025;L-22;UMBRIA;PUGLIA;36
2024/2025;L-20;LAZIO;VENETO;36
2024/2025;L-2;UMBRIA;CAMPANIA;36
2024/2025;L-16;MOLISE;MOLISE;36
2024/2025;L-16;FRIULI VENEZIA GIULIA;VENETO;36
2024/2025;L-19;CAMPANIA;BASILICATA;36
2024/2025;L/SNT3;LAZIO;ABRUZZO;36
2024/2025;L-1;TOSCANA;CAMPANIA;36
2024/2025;L/SNT1;TOSCANA;CAMPANIA;36
2024/2025;L/SNT1;ABRUZZO;CAMPANIA;36
2024/2025;L-10;VENETO;Provincia autonoma di TRENTO;36
2024/2025;L-11;EMILIA ROMAGNA;LIGURIA;36
2024/2025;L-11;UMBRIA;MARCHE;36
2024/2025;L-11;TOSCANA;EMILIA ROMAGNA;36
2024/2025;L-11;LAZIO;SARDEGNA;36
2024/2025;L-12;PIEMONTE;LOMBARDIA;36
2024/2025;L-12;EMILIA ROMAGNA;SICILIA;36
2024/2025;L-13;MARCHE;MOLISE;36
2024/2025;L-13;MOLISE;CAMPANIA;36
2024/2025;L-13;LAZIO;CAMPANIA;36
2024/2025;L-13;EMILIA ROMAGNA;MARCHE;36
2024/2025;LM-23;EMILIA ROMAGNA;VENETO;36
2024/2025;LM-21;PUGLIA;PUGLIA;36
2024/2025;LM-21;PIEMONTE;CAMPANIA;36
2024/2025;LM-27;LIGURIA;REGIONE ESTERA;36
2024/2025;LM-31;TOSCANA;REGIONE ESTERA;36
2024/2025;LM-35;Provincia autonoma di TRENTO;VENETO;36
2024/2025;LM-37;LAZIO;UMBRIA;36
2024/2025;LM-37;SICILIA;CALABRIA;36
2024/2025;L-9;TOSCANA;UMBRIA;36
2024/2025;LM/SC-GIUR;TOSCANA;REGIONE ESTERA;36
2024/2025;LM-16;LOMBARDIA;TOSCANA;36
2024/2025;LM-13;PIEMONTE;PUGLIA;36
2024/2025;LM-14;LOMBARDIA;SICILIA;36
2024/2025;LM-14;LOMBARDIA;PIEMONTE;36
2024/2025;L-33;LAZIO;LOMBARDIA;36
2024/2025;L-33;EMILIA ROMAGNA;SICILIA;36
2024/2025;L-33;VENETO;Provincia autonoma di TRENTO;36
2024/2025;L-30;EMILIA ROMAGNA;ABRUZZO;36
2024/2025;L-5;LOMBARDIA;PUGLIA;36
2024/2025;L-42;LAZIO;TOSCANA;36
2024/2025;L-41;MARCHE;MARCHE;36
2024/2025;L-8;Provincia autonoma di TRENTO;LOMBARDIA;36
2024/2025;L-8;LOMBARDIA;Provincia autonoma di TRENTO;36
2024/2025;L-38;ABRUZZO;MARCHE;36
2024/2025;L-36;PUGLIA;BASILICATA;36
2024/2025;L-36;PUGLIA;SICILIA;36
2024/2025;L-39;TOSCANA;LIGURIA;36
2023/2024;LM-56;VENETO;LOMBARDIA;36
2023/2024;LM-51;LAZIO;VENETO;36
2023/2024;LM-51;LAZIO;EMILIA ROMAGNA;36
2023/2024;LM-46;SICILIA;CALABRIA;36
2023/2024;LM-46;ABRUZZO;SICILIA;36
2023/2024;LM-42;UMBRIA;MARCHE;36
2023/2024;LM-42;CAMPANIA;LAZIO;36
2023/2024;LM-41;SICILIA;ABRUZZO;36
2023/2024;LM-40;LOMBARDIA;PIEMONTE;36
2023/2024;LM-4;PIEMONTE;SARDEGNA;36
2023/2024;LM-33;PIEMONTE;LIGURIA;36
2023/2024;LM-33;FRIULI VENEZIA GIULIA;VENETO;36
2023/2024;LM-36;TOSCANA;TOSCANA;36
2023/2024;L-9;LOMBARDIA;SICILIA;36
2023/2024;L-7;LOMBARDIA;VENETO;36
2023/2024;LM-14;EMILIA ROMAGNA;TOSCANA;36
2023/2024;LM-13;UMBRIA;CAMPANIA;36
2023/2024;LM-1;VENETO;LOMBARDIA;36
2023/2024;L-9;VENETO;PUGLIA;36
2023/2024;LM-16;LOMBARDIA;CAMPANIA;36
2023/2024;LM-16;LOMBARDIA;EMILIA ROMAGNA;36
2023/2024;LM-15;SARDEGNA;SARDEGNA;36
2023/2024;LM-21;LAZIO;PUGLIA;36
2023/2024;LM-31;EMILIA ROMAGNA;ABRUZZO;36
2023/2024;LM-29;LOMBARDIA;REGIONE ESTERA;36
2023/2024;LM-29;UMBRIA;UMBRIA;36
2023/2024;L-3;EMILIA ROMAGNA;LAZIO;36
2023/2024;L-30;LAZIO;PUGLIA;36
2023/2024;L-28;PUGLIA;SICILIA;36
2023/2024;L-22;LAZIO;ABRUZZO;36
2023/2024;L-20;PUGLIA;BASILICATA;36
2023/2024;L-20;EMILIA ROMAGNA;BASILICATA;36
2023/2024;L-20;MARCHE;PUGLIA;36
2023/2024;L-24;LOMBARDIA;SICILIA;36
2023/2024;L-24;Provincia autonoma di TRENTO;EMILIA ROMAGNA;36
2023/2024;L-22;UMBRIA;CAMPANIA;36
2023/2024;L-33;PIEMONTE;PUGLIA;36
2023/2024;L-31;LOMBARDIA;TOSCANA;36
2023/2024;L-31;LOMBARDIA;LAZIO;36
2023/2024;L-40;CAMPANIA;BASILICATA;36
2023/2024;L-38;TOSCANA;LIGURIA;36
2023/2024;99999;LAZIO;CAMPANIA;36
2023/2024;99999;LAZIO;REGIONE NON FORNITA;36
2023/2024;L/SNT1;MARCHE;PUGLIA;36
2023/2024;L-1;LIGURIA;PIEMONTE;36
2023/2024;L/SNT3;VENETO;LOMBARDIA;36
2023/2024;L-11;EMILIA ROMAGNA;LIGURIA;36
2023/2024;L-13;MOLISE;CAMPANIA;36
2023/2024;L-13;MARCHE;MOLISE;36
2023/2024;L-13;MARCHE;VENETO;36
2023/2024;L-14;LOMBARDIA;VENETO;36
2023/2024;L-15;MARCHE;MARCHE;36
2023/2024;L-11;TOSCANA;PUGLIA;36
2023/2024;L-12;CAMPANIA;CALABRIA;36
2023/2024;L-17;LOMBARDIA;FRIULI VENEZIA GIULIA;36
2023/2024;L-19;PIEMONTE;LIGURIA;36
2023/2024;L-18;VENETO;EMILIA ROMAGNA;36
2023/2024;L-19;EMILIA ROMAGNA;REGIONE ESTERA;36
2023/2024;L-19;ABRUZZO;PUGLIA;35
2023/2024;L-19;UMBRIA;TOSCANA;35
2023/2024;L-2;EMILIA ROMAGNA;CAMPANIA;35
2023/2024;L-12;FRIULI VENEZIA GIULIA;LOMBARDIA;35
2023/2024;L-12;EMILIA ROMAGNA;LOMBARDIA;35
2023/2024;L-11;TOSCANA;CAMPANIA;35
2023/2024;L-13;LAZIO;CAMPANIA;35
2023/2024;L-13;LAZIO;SICILIA;35
2023/2024;L-11;LAZIO;MOLISE;35
2023/2024;L-11;LOMBARDIA;PUGLIA;35
2023/2024;L/SNT2;LOMBARDIA;VENETO;35
2023/2024;L/SNT2;LAZIO;REGIONE ESTERA;35
2023/2024;L/SNT1;LAZIO;SARDEGNA;35
2023/2024;L/SNT1;UMBRIA;TOSCANA;35
2023/2024;L/DS;TOSCANA;TOSCANA;35
2023/2024;L-36;PIEMONTE;SARDEGNA;35
2023/2024;L-36;VENETO;Provincia autonoma di BOLZANO;35
2023/2024;L-36;VENETO;SICILIA;35
2023/2024;L-4;LIGURIA;LOMBARDIA;35
2023/2024;L-4;LIGURIA;PIEMONTE;35
2023/2024;L-33;LIGURIA;PIEMONTE;35
2023/2024;L-36;LAZIO;MOLISE;35
2023/2024;L-20;PIEMONTE;TOSCANA;35
2023/2024;L-22;EMILIA ROMAGNA;FRIULI VENEZIA GIULIA;35
2023/2024;L-22;LAZIO;SICILIA;35
2023/2024;L-28;CALABRIA;CALABRIA;35
2023/2024;L-30;TOSCANA;PUGLIA;35
2023/2024;L-30;TOSCANA;LIGURIA;35
2023/2024;L-31;EMILIA ROMAGNA;TOSCANA;35
2023/2024;LM-25;PIEMONTE;REGIONE ESTERA;35
2023/2024;LM-21;LAZIO;CAMPANIA;35
2023/2024;LM-20;LOMBARDIA;TOSCANA;35
2023/2024;LM-20;LOMBARDIA;CAMPANIA;35
2023/2024;LM-16;CALABRIA;CALABRIA;35
2023/2024;LM-16;EMILIA ROMAGNA;REGIONE ESTERA;35
2023/2024;LM-16;PUGLIA;PUGLIA;35
2023/2024;LM-18;MARCHE;REGIONE ESTERA;35
2023/2024;LM-17;UMBRIA;UMBRIA;35
2023/2024;L-9;TOSCANA;ABRUZZO;35
2023/2024;LM/SNT1;ABRUZZO;LAZIO;35
2023/2024;LM-1;EMILIA ROMAGNA;VENETO;35
2023/2024;LM/SNT1;MOLISE;PUGLIA;35
2023/2024;LM-13;LAZIO;SICILIA;35
2023/2024;LM-13;BASILICATA;PUGLIA;35
2023/2024;L-7;MARCHE;ABRUZZO;35
2023/2024;L-5;EMILIA ROMAGNA;LAZIO;35
2023/2024;L-8;LOMBARDIA;SARDEGNA;35
2023/2024;L-8;LOMBARDIA;VENETO;35
2023/2024;LM-35;BASILICATA;BASILICATA;35
2023/2024;LM-32;Provincia autonoma di TRENTO;Provincia autonoma di TRENTO;35
2023/2024;LM-39;TOSCANA;CAMPANIA;35
2023/2024;LM-4;VENETO;LAZIO;35
2023/2024;LM-41;CALABRIA;BASILICATA;35
2023/2024;LM-41;ABRUZZO;TOSCANA;35
2023/2024;LM-42;EMILIA ROMAGNA;TOSCANA;35
2023/2024;LM-46;PUGLIA;CAMPANIA;35
2023/2024;LM-56;EMILIA ROMAGNA;LAZIO;35
2023/2024;LM-53;LOMBARDIA;REGIONE ESTERA;35
2023/2024;LM-6;LAZIO;SICILIA;35
2024/2025;L-4;LOMBARDIA;CAMPANIA;35
2024/2025;L-36;PIEMONTE;SARDEGNA;35
2024/2025;L-36;VENETO;SICILIA;35
2024/2025;L-7;LOMBARDIA;VENETO;35
2024/2025;L-8;EMILIA ROMAGNA;MOLISE;35
2024/2025;L-6;SARDEGNA;SARDEGNA;35
2024/2025;L-3;VENETO;FRIULI VENEZIA GIULIA;35
2024/2025;L-24;LOMBARDIA;TOSCANA;35
2024/2025;L-33;LIGURIA;PIEMONTE;35
2024/2025;L-31;LAZIO;CALABRIA;35
2024/2025;L-31;TOSCANA;LAZIO;35
2024/2025;LM-16;LOMBARDIA;EMILIA ROMAGNA;35
2024/2025;LM-19;LAZIO;ABRUZZO;35
2024/2025;LM-37;MARCHE;ABRUZZO;35
2024/2025;LM-37;LOMBARDIA;PIEMONTE;35
2024/2025;LM-37;EMILIA ROMAGNA;MARCHE;35
2024/2025;LM-30;LOMBARDIA;PIEMONTE;35
2024/2025;L-13;LAZIO;SICILIA;35
2024/2025;L-13;TOSCANA;PUGLIA;35
2024/2025;L-11;LOMBARDIA;PUGLIA;35
2024/2025;L-10;TOSCANA;UMBRIA;35
2024/2025;L/SNT2;VENETO;FRIULI VENEZIA GIULIA;35
2024/2025;L-1;LAZIO;REGIONE ESTERA;35
2024/2025;L-19;BASILICATA;PUGLIA;35
2024/2025;L-18;Provincia autonoma di BOLZANO;LOMBARDIA;35
2024/2025;L-17;LOMBARDIA;MARCHE;35
2024/2025;L-17;LOMBARDIA;CAMPANIA;35
2024/2025;L-19;UMBRIA;TOSCANA;35
2024/2025;L-19;TOSCANA;UMBRIA;35
2024/2025;L-22;ABRUZZO;CAMPANIA;35
2024/2025;L-20;UMBRIA;MARCHE;35
2023/2024;LM-77;Provincia autonoma di BOLZANO;Provincia autonoma di TRENTO;35
2023/2024;LM-71;LOMBARDIA;REGIONE ESTERA;35
2023/2024;LM-9;LAZIO;PUGLIA;35
2023/2024;LM-9;Provincia autonoma di TRENTO;Provincia autonoma di TRENTO;35
2023/2024;LM-89;EMILIA ROMAGNA;PUGLIA;35
2023/2024;LM-89;EMILIA ROMAGNA;MARCHE;35
2023/2024;LM-85 bis;EMILIA ROMAGNA;SICILIA;35
2023/2024;LM-86;TOSCANA;TOSCANA;35
2023/2024;L-P01;CAMPANIA;CAMPANIA;35
2023/2024;LMG/01;UMBRIA;TOSCANA;35
2023/2024;LM-94;LIGURIA;LIGURIA;35
2024/2025;LM-68;LOMBARDIA;PIEMONTE;35
2024/2025;LM-41;CAMPANIA;EMILIA ROMAGNA;35
2024/2025;LM-41;ABRUZZO;SICILIA;35
2024/2025;LM-41;SARDEGNA;LIGURIA;35
2024/2025;LM-41;PUGLIA;LOMBARDIA;35
2024/2025;LM-46;PUGLIA;CAMPANIA;35
2024/2025;LM-5;VENETO;VENETO;35
2024/2025;LM-81;SICILIA;REGIONE ESTERA;35
2024/2025;LM-81;SICILIA;SICILIA;35
2024/2025;LM-77;TOSCANA;BASILICATA;35
2024/2025;LM-75;MARCHE;MARCHE;35
2024/2025;LM-77;EMILIA ROMAGNA;UMBRIA;35
2024/2025;LM-85 bis;ABRUZZO;MARCHE;35
2024/2025;LM-85;EMILIA ROMAGNA;VENETO;35
2024/2025;LM-85;MARCHE;PUGLIA;35
2024/2025;LM-84;VENETO;FRIULI VENEZIA GIULIA;35
2024/2025;LM-88;ABRUZZO;ABRUZZO;35
2024/2025;LM-92;LOMBARDIA;REGIONE ESTERA;35
2024/2025;LM-91;PIEMONTE;REGIONE ESTERA;35
2024/2025;LM-92;CAMPANIA;CAMPANIA;35
2024/2025;L-P01;UMBRIA;UMBRIA;35
2024/2025;LMG/01;VENETO;SICILIA;35
2024/2025;LMG/01;UMBRIA;CALABRIA;35
2024/2025;LMG/01;TOSCANA;LOMBARDIA;34
2024/2025;LMG/01;Provincia autonoma di TRENTO;PIEMONTE;34
2024/2025;LMG/01;PIEMONTE;SARDEGNA;34
2024/2025;LM-Sc.Mat.;LOMBARDIA;REGIONE ESTERA;34
2024/2025;LM-Sc.Mat.;VENETO;VENETO;34
2024/2025;LM-9;VENETO;LOMBARDIA;34
2024/2025;L-P03;UMBRIA;UMBRIA;34
2024/2025;LM-87;ABRUZZO;PUGLIA;34
2024/2025;LM-85 bis;UMBRIA;LOMBARDIA;34
2024/2025;LM-89;LOMBARDIA;PIEMONTE;34
2024/2025;LM-82;LOMBARDIA;VENETO;34
2024/2025;LM-7;LAZIO;REGIONE ESTERA;34
2024/2025;LM-71;TOSCANA;TOSCANA;34
2024/2025;LM-77;Provincia autonoma di BOLZANO;VENETO;34
2024/2025;LM-78;EMILIA ROMAGNA;SICILIA;34
2024/2025;LM-78;EMILIA ROMAGNA;VENETO;34
2024/2025;LM-78;VENETO;FRIULI VENEZIA GIULIA;34
2024/2025;LM-4cu;TOSCANA;SARDEGNA;34
2024/2025;LM-46;LAZIO;LOMBARDIA;34
2024/2025;LM-43;PIEMONTE;PIEMONTE;34
2024/2025;LM-41;SICILIA;BASILICATA;34
2024/2025;LM-4;PIEMONTE;CAMPANIA;34
2024/2025;LM-65;LAZIO;TOSCANA;34
2024/2025;LM-56;LAZIO;ABRUZZO;34
2024/2025;LM-52;EMILIA ROMAGNA;MARCHE;34
2024/2025;LM-52;UMBRIA;REGIONE ESTERA;34
2024/2025;LM-54;ABRUZZO;ABRUZZO;34
2023/2024;LMG/01;MARCHE;PUGLIA;34
2023/2024;LM-Data;SICILIA;REGIONE ESTERA;34
2023/2024;L-P01;MARCHE;MARCHE;34
2023/2024;LMG/01;TOSCANA;PIEMONTE;34
2024/2025;L/DS;EMILIA ROMAGNA;PUGLIA;34
2024/2025;99999;LAZIO;ABRUZZO;34
2023/2024;LM-85 bis;PIEMONTE;LIGURIA;34
2023/2024;LM-87;MARCHE;EMILIA ROMAGNA;34
2023/2024;LM-85 bis;EMILIA ROMAGNA;ABRUZZO;34
2023/2024;LM-9;MARCHE;MARCHE;34
2023/2024;LM-7;CAMPANIA;CAMPANIA;34
2023/2024;LM-7;EMILIA ROMAGNA;EMILIA ROMAGNA;34
2023/2024;LM-68;LIGURIA;LIGURIA;34
2023/2024;LM-64;SICILIA;SICILIA;34
2023/2024;LM-61;LAZIO;CAMPANIA;34
2023/2024;LM-63;FRIULI VENEZIA GIULIA;VENETO;34
2023/2024;LM-62;LAZIO;REGIONE ESTERA;34
2023/2024;LM-77;Provincia autonoma di BOLZANO;VENETO;34
2023/2024;LM-78;EMILIA ROMAGNA;PUGLIA;34
2023/2024;LM-74;MARCHE;MARCHE;34
2023/2024;LM-75;MARCHE;MARCHE;34
2023/2024;LM-78;VENETO;FRIULI VENEZIA GIULIA;34
2023/2024;LM-84;LOMBARDIA;PIEMONTE;34
2023/2024;LM-82;EMILIA ROMAGNA;MARCHE;34
2023/2024;LM-82;EMILIA ROMAGNA;REGIONE ESTERA;34
2024/2025;L-22;EMILIA ROMAGNA;FRIULI VENEZIA GIULIA;34
2024/2025;L-22;MARCHE;ABRUZZO;34
2024/2025;L-2;EMILIA ROMAGNA;FRIULI VENEZIA GIULIA;34
2024/2025;L-2;LAZIO;REGIONE ESTERA;34
2024/2025;L-2;LOMBARDIA;PUGLIA;34
2024/2025;L-17;LOMBARDIA;Provincia autonoma di TRENTO;34
2024/2025;L-14;MOLISE;MOLISE;34
2024/2025;L-14;PIEMONTE;EMILIA ROMAGNA;34
2024/2025;L-18;PIEMONTE;VALLE D'AOSTA;34
2024/2025;L-19;EMILIA ROMAGNA;ABRUZZO;34
2024/2025;L-1;LAZIO;ABRUZZO;34
2024/2025;L/SNT3;ABRUZZO;MARCHE;34
2024/2025;L-10;TOSCANA;PIEMONTE;34
2024/2025;L-11;LAZIO;MOLISE;34
2024/2025;L-12;EMILIA ROMAGNA;LOMBARDIA;34
2024/2025;L-12;CAMPANIA;CALABRIA;34
2024/2025;L-12;LOMBARDIA;CAMPANIA;34
2024/2025;L-13;EMILIA ROMAGNA;CALABRIA;34
2024/2025;LM-30;PIEMONTE;LAZIO;34
2024/2025;LM-30;LIGURIA;REGIONE ESTERA;34
2024/2025;LM-29;PIEMONTE;CAMPANIA;34
2024/2025;LM-27;TOSCANA;TOSCANA;34
2024/2025;LM-20;LOMBARDIA;SICILIA;34
2024/2025;LM-20;PIEMONTE;CALABRIA;34
2024/2025;LM-20;PIEMONTE;SARDEGNA;34
2024/2025;LM-23;CALABRIA;REGIONE ESTERA;34
2024/2025;LM-24;LIGURIA;LIGURIA;34
2024/2025;LM-21;VENETO;MARCHE;34
2024/2025;LM-37;LAZIO;PUGLIA;34
2024/2025;LM-36;VENETO;EMILIA ROMAGNA;34
2024/2025;LM-33;PIEMONTE;BASILICATA;34
2024/2025;LM-31;PIEMONTE;SARDEGNA;34
2024/2025;LM-32;LOMBARDIA;REGIONE ESTERA;34
2024/2025;LM-32;LOMBARDIA;CALABRIA;34
2024/2025;LM-32;TOSCANA;REGIONE ESTERA;34
2024/2025;LM-33;LOMBARDIA;REGIONE ESTERA;34
2024/2025;LM-33;EMILIA ROMAGNA;FRIULI VENEZIA GIULIA;34
2024/2025;LM-17;EMILIA ROMAGNA;SICILIA;34
2024/2025;LM-17;TOSCANA;SICILIA;34
2024/2025;LM-15;ABRUZZO;ABRUZZO;34
2024/2025;LM-13;UMBRIA;CAMPANIA;34
2024/2025;LM-14;EMILIA ROMAGNA;TOSCANA;34
2024/2025;LM/SC-GIUR;LAZIO;CAMPANIA;34
2024/2025;L-9;TOSCANA;ABRUZZO;34
2024/2025;L-9;VENETO;ABRUZZO;34
2024/2025;L-9;LOMBARDIA;SARDEGNA;34
2024/2025;LM/SNT1;SICILIA;CALABRIA;34
2024/2025;LM-12;Provincia autonoma di BOLZANO;REGIONE ESTERA;34
2024/2025;LM-1;PIEMONTE;LOMBARDIA;34
2024/2025;L-31;TOSCANA;CALABRIA;34
2024/2025;L-31;TOSCANA;CAMPANIA;34
2024/2025;L-31;LOMBARDIA;TOSCANA;34
2024/2025;L-31;LAZIO;SICILIA;34
2024/2025;L-30;TOSCANA;PUGLIA;34
2024/2025;L-32;TOSCANA;LIGURIA;34
2024/2025;L-24;VENETO;LAZIO;34
2024/2025;L-25;PUGLIA;BASILICATA;34
2024/2025;L-30;EMILIA ROMAGNA;SICILIA;34
2024/2025;L-27;PIEMONTE;LOMBARDIA;34
2024/2025;L-3;EMILIA ROMAGNA;FRIULI VENEZIA GIULIA;34
2024/2025;L-5;VENETO;LAZIO;34
2024/2025;L-42;EMILIA ROMAGNA;CAMPANIA;34
2024/2025;L-7;MARCHE;ABRUZZO;34
2024/2025;L-7;EMILIA ROMAGNA;CALABRIA;34
2024/2025;L-36;PUGLIA;LIGURIA;34
2024/2025;L-36;LOMBARDIA;CAMPANIA;34
2024/2025;L-36;EMILIA ROMAGNA;BASILICATA;34
2024/2025;L-4;LIGURIA;LOMBARDIA;34
2024/2025;L-39;PIEMONTE;LOMBARDIA;34
2024/2025;L-40;MARCHE;EMILIA ROMAGNA;34
2023/2024;LM-59;PIEMONTE;PUGLIA;34
2023/2024;LM-54;CALABRIA;CALABRIA;34
2023/2024;LM-56;LAZIO;CALABRIA;34
2023/2024;LM-48;PIEMONTE;REGIONE ESTERA;34
2023/2024;LM-4cu;ABRUZZO;LAZIO;34
2023/2024;LM-50;EMILIA ROMAGNA;SICILIA;34
2023/2024;LM-52;EMILIA ROMAGNA;MARCHE;34
2023/2024;LM-52;EMILIA ROMAGNA;TOSCANA;34
2023/2024;LM-52;LAZIO;UMBRIA;34
2023/2024;LM-52;LAZIO;PIEMONTE;34
2023/2024;LM-41;SARDEGNA;LAZIO;34
2023/2024;LM-43;EMILIA ROMAGNA;REGIONE ESTERA;34
2023/2024;LM-44;CAMPANIA;CAMPANIA;34
2023/2024;LM-44;LOMBARDIA;ABRUZZO;34
2023/2024;LM-41;PUGLIA;LOMBARDIA;34
2023/2024;LM-39;EMILIA ROMAGNA;REGIONE ESTERA;34
2023/2024;LM-39;EMILIA ROMAGNA;LOMBARDIA;34
2023/2024;LM-38;VENETO;MARCHE;34
2023/2024;LM-38;LOMBARDIA;CALABRIA;34
2023/2024;LM-32;PIEMONTE;EMILIA ROMAGNA;34
2023/2024;LM-37;EMILIA ROMAGNA;LOMBARDIA;34
2023/2024;L-8;MARCHE;EMILIA ROMAGNA;34
2023/2024;L-9;LOMBARDIA;SARDEGNA;34
2023/2024;L-5;LAZIO;PUGLIA;34
2023/2024;L-8;ABRUZZO;LAZIO;34
2023/2024;LM-13;EMILIA ROMAGNA;MOLISE;34
2023/2024;LM/SNT2;LAZIO;CAMPANIA;34
2023/2024;LM/SNT2;LIGURIA;LIGURIA;34
2023/2024;LM-1;TOSCANA;TOSCANA;34
2023/2024;LM-17;LOMBARDIA;PIEMONTE;34
2023/2024;LM-17;EMILIA ROMAGNA;VENETO;34
2023/2024;LM-21;VENETO;MARCHE;34
2023/2024;LM-31;EMILIA ROMAGNA;VENETO;34
2023/2024;L-3;FRIULI VENEZIA GIULIA;VENETO;34
2023/2024;L-20;EMILIA ROMAGNA;LAZIO;34
2023/2024;L-20;EMILIA ROMAGNA;CAMPANIA;34
2023/2024;L-22;UMBRIA;PUGLIA;34
2023/2024;L-23;FRIULI VENEZIA GIULIA;FRIULI VENEZIA GIULIA;34
2023/2024;L-24;EMILIA ROMAGNA;TOSCANA;34
2023/2024;L-24;PIEMONTE;EMILIA ROMAGNA;34
2023/2024;L-24;UMBRIA;LIGURIA;34
2023/2024;L-36;EMILIA ROMAGNA;UMBRIA;34
2023/2024;L-33;Provincia autonoma di BOLZANO;REGIONE ESTERA;34
2023/2024;L-33;VENETO;Provincia autonoma di TRENTO;34
2023/2024;L-35;EMILIA ROMAGNA;ABRUZZO;34
2023/2024;L-31;LOMBARDIA;CAMPANIA;34
2023/2024;L-31;LAZIO;SICILIA;34
2023/2024;L-31;LIGURIA;PIEMONTE;34
2023/2024;L-31;PIEMONTE;VALLE D'AOSTA;34
2023/2024;L-31;TOSCANA;CAMPANIA;34
2023/2024;L-36;VENETO;REGIONE ESTERA;34
2023/2024;L-37;UMBRIA;UMBRIA;34
2023/2024;L-40;ABRUZZO;LOMBARDIA;34
2023/2024;L-4;Provincia autonoma di BOLZANO;Provincia autonoma di TRENTO;34
2023/2024;L-4;UMBRIA;SICILIA;34
2023/2024;L-42;EMILIA ROMAGNA;LIGURIA;34
2023/2024;L-42;EMILIA ROMAGNA;CAMPANIA;34
2023/2024;L-42;LAZIO;UMBRIA;34
2023/2024;L/SNT1;EMILIA ROMAGNA;ABRUZZO;34
2023/2024;99999;VENETO;LOMBARDIA;34
2023/2024;L/SNT3;LAZIO;BASILICATA;34
2023/2024;L/SNT3;FRIULI VENEZIA GIULIA;VENETO;34
2023/2024;L-1;LAZIO;CALABRIA;34
2023/2024;L-1;EMILIA ROMAGNA;REGIONE ESTERA;34
2023/2024;L-10;EMILIA ROMAGNA;LAZIO;34
2023/2024;L-10;LOMBARDIA;LIGURIA;34
2023/2024;L-13;EMILIA ROMAGNA;FRIULI VENEZIA GIULIA;34
2023/2024;L-12;CAMPANIA;LAZIO;34
2023/2024;L-15;LOMBARDIA;VENETO;34
2023/2024;L-18;VENETO;MARCHE;34
2023/2024;L-18;LIGURIA;REGIONE ESTERA;34
2023/2024;L-16;PIEMONTE;LOMBARDIA;33
2023/2024;L-17;CALABRIA;CALABRIA;33
2023/2024;L-19;EMILIA ROMAGNA;Provincia autonoma di BOLZANO;33
2023/2024;L-18;VENETO;PUGLIA;33
2023/2024;L-19;LAZIO;BASILICATA;33
2023/2024;L-2;LAZIO;UMBRIA;33
2023/2024;L-19;MARCHE;PUGLIA;33
2023/2024;L-15;CALABRIA;REGIONE ESTERA;33
2023/2024;L-13;LOMBARDIA;SICILIA;33
2023/2024;L-12;ABRUZZO;BASILICATA;33
2023/2024;L-12;EMILIA ROMAGNA;SICILIA;33
2023/2024;L-12;EMILIA ROMAGNA;VENETO;33
2023/2024;L-12;FRIULI VENEZIA GIULIA;SICILIA;33
2023/2024;L-11;TOSCANA;LAZIO;33
2023/2024;L-13;EMILIA ROMAGNA;TOSCANA;33
2023/2024;L-11;LAZIO;SARDEGNA;33
2023/2024;L/SNT3;LIGURIA;PIEMONTE;33
2023/2024;L/SNT2;LAZIO;ABRUZZO;33
2023/2024;L/DS;TOSCANA;LAZIO;33
2023/2024;L/GASTR;UMBRIA;UMBRIA;33
2023/2024;L-41;VENETO;FRIULI VENEZIA GIULIA;33
2023/2024;L-40;VENETO;FRIULI VENEZIA GIULIA;33
2023/2024;L-4;VENETO;REGIONE ESTERA;33
2023/2024;L-36;PUGLIA;BASILICATA;33
2023/2024;L-31;LOMBARDIA;CALABRIA;33
2023/2024;L-33;Provincia autonoma di BOLZANO;Provincia autonoma di BOLZANO;33
2023/2024;L-32;PIEMONTE;VALLE D'AOSTA;33
2023/2024;L-35;EMILIA ROMAGNA;PUGLIA;33
2023/2024;L-35;LOMBARDIA;EMILIA ROMAGNA;33
2023/2024;L-34;EMILIA ROMAGNA;LOMBARDIA;33
2023/2024;L-33;Provincia autonoma di TRENTO;LOMBARDIA;33
2023/2024;L-36;PIEMONTE;VALLE D'AOSTA;33
2023/2024;L-25;EMILIA ROMAGNA;PUGLIA;33
2023/2024;L-20;EMILIA ROMAGNA;PIEMONTE;33
2023/2024;L-20;MOLISE;CAMPANIA;33
2023/2024;L-3;LOMBARDIA;LIGURIA;33
2023/2024;L-3;LOMBARDIA;SICILIA;33
2023/2024;L-3;EMILIA ROMAGNA;PIEMONTE;33
2023/2024;L-31;LAZIO;UMBRIA;33
2023/2024;L-31;LAZIO;CALABRIA;33
2023/2024;L-30;VENETO;FRIULI VENEZIA GIULIA;33
2023/2024;L-27;PIEMONTE;LIGURIA;33
2023/2024;L-27;FRIULI VENEZIA GIULIA;VENETO;33
2023/2024;LM-30;LIGURIA;REGIONE ESTERA;33
2023/2024;LM-27;SICILIA;SICILIA;33
2023/2024;LM-28;SARDEGNA;SARDEGNA;33
2023/2024;LM-23;PIEMONTE;SICILIA;33
2023/2024;LM-21;LOMBARDIA;ABRUZZO;33
2023/2024;LM-18;PIEMONTE;PUGLIA;33
2023/2024;LM/SNT3;MARCHE;MARCHE;33
2023/2024;LM/SNT1;EMILIA ROMAGNA;LOMBARDIA;33
2023/2024;LM/DS;TOSCANA;PUGLIA;33
2023/2024;LM-13;PIEMONTE;PUGLIA;33
2023/2024;LM-14;LAZIO;ABRUZZO;33
2023/2024;L-7;LOMBARDIA;PUGLIA;33
2023/2024;L-7;EMILIA ROMAGNA;CALABRIA;33
2023/2024;L-5;EMILIA ROMAGNA;SARDEGNA;33
2023/2024;L-5;EMILIA ROMAGNA;PIEMONTE;33
2023/2024;L-5;VENETO;PIEMONTE;33
2023/2024;L-9;MARCHE;MOLISE;33
2023/2024;LM-33;LOMBARDIA;REGIONE ESTERA;33
2023/2024;LM-4;EMILIA ROMAGNA;EMILIA ROMAGNA;33
2023/2024;LM-39;VENETO;LOMBARDIA;33
2023/2024;LM-41;PIEMONTE;BASILICATA;33
2023/2024;LM-41;LAZIO;Provincia autonoma di TRENTO;33
2023/2024;LM-41;SARDEGNA;LIGURIA;33
2023/2024;LM-41;SICILIA;TOSCANA;33
2023/2024;LM-52;PIEMONTE;LOMBARDIA;33
2023/2024;LM-52;PIEMONTE;SICILIA;33
2023/2024;LM-51;TOSCANA;CALABRIA;33
2023/2024;LM-46;LOMBARDIA;SICILIA;33
2023/2024;LM-46;LIGURIA;PIEMONTE;33
2023/2024;LM-6;EMILIA ROMAGNA;REGIONE ESTERA;33
2023/2024;LM-6;LAZIO;ABRUZZO;33
2023/2024;LM-6;MOLISE;MOLISE;33
2024/2025;L-4;PIEMONTE;LIGURIA;33
2024/2025;L-7;PIEMONTE;LIGURIA;33
2024/2025;L-40;VENETO;FRIULI VENEZIA GIULIA;33
2024/2025;L-5;EMILIA ROMAGNA;REGIONE ESTERA;33
2024/2025;L-28;LIGURIA;LIGURIA;33
2024/2025;L-28;LIGURIA;REGIONE ESTERA;33
2024/2025;L-3;LOMBARDIA;LIGURIA;33
2024/2025;L-30;TOSCANA;SARDEGNA;33
2024/2025;L-31;LOMBARDIA;CAMPANIA;33
2024/2025;L-31;SICILIA;CALABRIA;33
2024/2025;L-31;PUGLIA;SICILIA;33
2024/2025;L-32;LIGURIA;PIEMONTE;33
2024/2025;LM-12;CALABRIA;CALABRIA;33
2024/2025;LM-12;LOMBARDIA;FRIULI VENEZIA GIULIA;33
2024/2025;LM-13;EMILIA ROMAGNA;MOLISE;33
2024/2025;LM/SNT2;LIGURIA;LIGURIA;33
2024/2025;LM/SNT3;PIEMONTE;PIEMONTE;33
2024/2025;L-9;LIGURIA;SICILIA;33
2024/2025;L-9;CAMPANIA;TOSCANA;33
2024/2025;LM/DS;PIEMONTE;EMILIA ROMAGNA;33
2024/2025;LM/DS;TOSCANA;PUGLIA;33
2024/2025;LM-14;LAZIO;UMBRIA;33
2024/2025;LM-14;TOSCANA;CALABRIA;33
2024/2025;LM-19;EMILIA ROMAGNA;TOSCANA;33
2024/2025;LM-19;LAZIO;TOSCANA;33
2024/2025;LM-33;LOMBARDIA;PUGLIA;33
2024/2025;LM-32;EMILIA ROMAGNA;SICILIA;33
2024/2025;LM-31;LOMBARDIA;PIEMONTE;33
2024/2025;LM-35;Provincia autonoma di TRENTO;Provincia autonoma di TRENTO;33
2024/2025;LM-38;PIEMONTE;CAMPANIA;33
2024/2025;LM-21;VENETO;FRIULI VENEZIA GIULIA;33
2024/2025;LM-23;LOMBARDIA;REGIONE ESTERA;33
2024/2025;LM-21;LOMBARDIA;ABRUZZO;33
2024/2025;LM-27;PUGLIA;PUGLIA;33
2024/2025;LM-28;PIEMONTE;SICILIA;33
2024/2025;LM-30;LIGURIA;LIGURIA;33
2024/2025;LM-3;PIEMONTE;PIEMONTE;33
2024/2025;L-12;TOSCANA;CAMPANIA;33
2024/2025;L-12;MARCHE;PUGLIA;33
2024/2025;L-12;FRIULI VENEZIA GIULIA;SICILIA;33
2024/2025;L-13;TOSCANA;CAMPANIA;33
2024/2025;L-13;UMBRIA;MARCHE;33
2024/2025;L-11;PIEMONTE;PUGLIA;33
2024/2025;L-11;TOSCANA;CAMPANIA;33
2024/2025;L/SNT1;VENETO;REGIONE ESTERA;33
2024/2025;L/SNT1;EMILIA ROMAGNA;BASILICATA;33
2024/2025;L/SNT3;PIEMONTE;LOMBARDIA;33
2024/2025;L-1;VENETO;PIEMONTE;33
2024/2025;L-18;ABRUZZO;CAMPANIA;33
2024/2025;L-17;TOSCANA;REGIONE ESTERA;33
2024/2025;L-14;Provincia autonoma di TRENTO;Provincia autonoma di TRENTO;33
2024/2025;L-17;LOMBARDIA;LIGURIA;33
2024/2025;L-15;MOLISE;MOLISE;33
2024/2025;L-2;EMILIA ROMAGNA;TOSCANA;33
2024/2025;L-20;EMILIA ROMAGNA;BASILICATA;33
2024/2025;L-20;EMILIA ROMAGNA;FRIULI VENEZIA GIULIA;33
2024/2025;L-20;PIEMONTE;TOSCANA;33
2024/2025;L-22;UMBRIA;BASILICATA;33
2024/2025;L-22;PIEMONTE;SICILIA;33
2024/2025;L-22;UMBRIA;CAMPANIA;33
2024/2025;L-22;VENETO;FRIULI VENEZIA GIULIA;33
2024/2025;L-24;EMILIA ROMAGNA;TOSCANA;33
2023/2024;LM-84;EMILIA ROMAGNA;SICILIA;33
2023/2024;LM-84;VENETO;FRIULI VENEZIA GIULIA;33
2023/2024;LM-84;VENETO;Provincia autonoma di TRENTO;33
2023/2024;LM-79;VENETO;REGIONE ESTERA;33
2023/2024;LM-75;SARDEGNA;SARDEGNA;33
2023/2024;LM-77;EMILIA ROMAGNA;FRIULI VENEZIA GIULIA;33
2023/2024;LM-78;EMILIA ROMAGNA;SICILIA;33
2023/2024;LM-62;LAZIO;PUGLIA;33
2023/2024;LM-62;FRIULI VENEZIA GIULIA;FRIULI VENEZIA GIULIA;33
2023/2024;LM-63;LOMBARDIA;PUGLIA;33
2023/2024;LM-65;LAZIO;TOSCANA;33
2023/2024;LM-68;SICILIA;SICILIA;33
2023/2024;LM-9;EMILIA ROMAGNA;CALABRIA;33
2023/2024;LM-9;ABRUZZO;LAZIO;33
2023/2024;L-P02;LAZIO;REGIONE ESTERA;33
2023/2024;LMG/01;VENETO;PUGLIA;33
2023/2024;LMG/01;LAZIO;REGIONE NON FORNITA;33
2023/2024;LM-94;PIEMONTE;PUGLIA;33
2023/2024;LM-92;LOMBARDIA;PIEMONTE;33
2024/2025;LM-52;EMILIA ROMAGNA;PUGLIA;33
2024/2025;LM-52;EMILIA ROMAGNA;LAZIO;33
2024/2025;LM-6;EMILIA ROMAGNA;ABRUZZO;33
2024/2025;LM-6;LAZIO;SICILIA;33
2024/2025;LM-6;MOLISE;MOLISE;33
2024/2025;LM-60;PIEMONTE;LOMBARDIA;33
2024/2025;LM-41;PUGLIA;SICILIA;33
2024/2025;LM-41;VENETO;LAZIO;33
2024/2025;LM-41;VENETO;PIEMONTE;33
2024/2025;LM-41;VENETO;TOSCANA;33
2024/2025;LM-41;VENETO;SARDEGNA;33
2024/2025;LM-42;CAMPANIA;LAZIO;33
2024/2025;LM-42;EMILIA ROMAGNA;FRIULI VENEZIA GIULIA;33
2024/2025;LM-41;PIEMONTE;CAMPANIA;33
2024/2025;LM-41;PIEMONTE;VENETO;33
2024/2025;LM-43;VENETO;REGIONE ESTERA;33
2024/2025;LM-44;LOMBARDIA;PIEMONTE;33
2024/2025;LM-42;EMILIA ROMAGNA;TOSCANA;33
2024/2025;LM-4cu;EMILIA ROMAGNA;TOSCANA;33
2024/2025;LM-50;EMILIA ROMAGNA;MARCHE;33
2024/2025;LM-51;FRIULI VENEZIA GIULIA;VENETO;33
2024/2025;LM-51;LAZIO;SARDEGNA;33
2024/2025;LM-77;VENETO;TOSCANA;33
2024/2025;LM-69;UMBRIA;UMBRIA;33
2024/2025;LM-70;EMILIA ROMAGNA;PUGLIA;33
2024/2025;LM-77;FRIULI VENEZIA GIULIA;REGIONE ESTERA;33
2024/2025;LM-76;EMILIA ROMAGNA;REGIONE ESTERA;33
2024/2025;LM-84;Provincia autonoma di TRENTO;VENETO;33
2024/2025;LM-85 bis;EMILIA ROMAGNA;ABRUZZO;33
2024/2025;LM-85 bis;EMILIA ROMAGNA;SICILIA;33
2024/2025;LM-89;EMILIA ROMAGNA;SICILIA;33
2024/2025;LM-89;EMILIA ROMAGNA;CAMPANIA;33
2024/2025;LM-86;PUGLIA;PUGLIA;33
2024/2025;LM-9;EMILIA ROMAGNA;LOMBARDIA;33
2024/2025;LM-9;LOMBARDIA;PUGLIA;33
2024/2025;LM-9;LAZIO;PUGLIA;33
2024/2025;LM-9;MARCHE;MARCHE;33
2024/2025;LM-94;PIEMONTE;SICILIA;33
2024/2025;LMG/01;TOSCANA;PIEMONTE;33
2024/2025;LMG/01;TOSCANA;VENETO;32
2024/2025;LMG/01;Provincia autonoma di TRENTO;SARDEGNA;32
2024/2025;LMG/01;VENETO;PUGLIA;32
2024/2025;LM-94;LAZIO;CAMPANIA;32
2024/2025;LM-90;TOSCANA;TOSCANA;32
2024/2025;LM-85 bis;TOSCANA;SICILIA;32
2024/2025;LM-85 bis;MARCHE;TOSCANA;32
2024/2025;LM-83;PUGLIA;PUGLIA;32
2024/2025;LM-70;EMILIA ROMAGNA;MARCHE;32
2024/2025;LM-70;LOMBARDIA;REGIONE ESTERA;32
2024/2025;LM-73;MARCHE;MARCHE;32
2024/2025;LM-72;SICILIA;SICILIA;32
2024/2025;LM-74;SARDEGNA;SARDEGNA;32
2024/2025;LM-73;VENETO;Provincia autonoma di TRENTO;32
2024/2025;LM-77;MARCHE;LOMBARDIA;32
2024/2025;LM-77;SICILIA;CALABRIA;32
2024/2025;LM-80;TOSCANA;REGIONE ESTERA;32
2024/2025;LM-4cu;LOMBARDIA;PIEMONTE;32
2024/2025;LM-4cu;EMILIA ROMAGNA;ABRUZZO;32
2024/2025;LM-42;SARDEGNA;LOMBARDIA;32
2024/2025;LM-44;LOMBARDIA;LAZIO;32
2024/2025;LM-43;PUGLIA;PUGLIA;32
2024/2025;LM-41;PIEMONTE;EMILIA ROMAGNA;32
2024/2025;LM-41;MARCHE;PIEMONTE;32
2024/2025;LM-42;ABRUZZO;MARCHE;32
2024/2025;LM-41;PUGLIA;LAZIO;32
2024/2025;LM-41;CAMPANIA;VENETO;32
2024/2025;LM-40;Provincia autonoma di TRENTO;LOMBARDIA;32
2024/2025;LM-40;LOMBARDIA;PIEMONTE;32
2024/2025;LM-4;VENETO;LAZIO;32
2024/2025;LM-61;TOSCANA;PUGLIA;32
2024/2025;LM-66;MOLISE;MOLISE;32
2024/2025;LM-64;TOSCANA;TOSCANA;32
2024/2025;LM-59;LOMBARDIA;SARDEGNA;32
2024/2025;LM-59;LAZIO;CALABRIA;32
2024/2025;LM-59;EMILIA ROMAGNA;VENETO;32
2024/2025;LM-56;PIEMONTE;PUGLIA;32
2024/2025;LM-52;EMILIA ROMAGNA;CAMPANIA;32
2024/2025;LM-52;PIEMONTE;LOMBARDIA;32
2023/2024;LM-93;LOMBARDIA;LOMBARDIA;32
2023/2024;LMG/01;VENETO;SICILIA;32
2023/2024;LMG/01;UMBRIA;CALABRIA;32
2024/2025;99999;CAMPANIA;LAZIO;32
2024/2025;99999;BASILICATA;BASILICATA;32
2024/2025;99999;LAZIO;CAMPANIA;32
2024/2025;99999;Provincia autonoma di TRENTO;VENETO;32
2024/2025;L/DS;EMILIA ROMAGNA;SICILIA;32
2024/2025;L/DS;TOSCANA;LAZIO;32
2023/2024;LM-89;LAZIO;ABRUZZO;32
2023/2024;LM-88;EMILIA ROMAGNA;LOMBARDIA;32
2023/2024;LM-9;LOMBARDIA;CALABRIA;32
2023/2024;LM-9;LOMBARDIA;PIEMONTE;32
2023/2024;LM-9;PIEMONTE;SICILIA;32
2023/2024;LM-90;TOSCANA;TOSCANA;32
2023/2024;LM-9;SARDEGNA;SARDEGNA;32
2023/2024;LM-85;EMILIA ROMAGNA;VENETO;32
2023/2024;LM-87;EMILIA ROMAGNA;PUGLIA;32
2023/2024;LM-70;UMBRIA;UMBRIA;32
2023/2024;LM-63;Provincia autonoma di BOLZANO;Provincia autonoma di BOLZANO;32
2023/2024;LM-61;TOSCANA;LIGURIA;32
2023/2024;LM-61;TOSCANA;CAMPANIA;32
2023/2024;LM-78;EMILIA ROMAGNA;CAMPANIA;32
2023/2024;LM-78;EMILIA ROMAGNA;VENETO;32
2023/2024;LM-77;Provincia autonoma di BOLZANO;REGIONE ESTERA;32
2023/2024;LM-77;Provincia autonoma di TRENTO;PUGLIA;32
2023/2024;LM-8;LOMBARDIA;PIEMONTE;32
2023/2024;LM-80;TOSCANA;TOSCANA;32
2023/2024;LM-81;EMILIA ROMAGNA;VENETO;32
2023/2024;LM-85;ABRUZZO;CAMPANIA;32
2023/2024;LM-82;LOMBARDIA;EMILIA ROMAGNA;32
2023/2024;LM-83;PUGLIA;PUGLIA;32
2024/2025;L-24;EMILIA ROMAGNA;REGIONE ESTERA;32
2024/2025;L-22;MARCHE;REGIONE ESTERA;32
2024/2025;L-22;LAZIO;SICILIA;32
2024/2025;L-20;UMBRIA;TOSCANA;32
2024/2025;L-20;SICILIA;REGIONE ESTERA;32
2024/2025;L-20;MOLISE;CAMPANIA;32
2024/2025;L-2;VENETO;Provincia autonoma di TRENTO;32
2024/2025;L-15;VENETO;REGIONE ESTERA;32
2024/2025;L-1;TOSCANA;UMBRIA;32
2024/2025;L/SNT3;EMILIA ROMAGNA;MARCHE;32
2024/2025;L/SNT1;TOSCANA;LIGURIA;32
2024/2025;L/SNT2;LOMBARDIA;EMILIA ROMAGNA;32
2024/2025;L-11;UMBRIA;TOSCANA;32
2024/2025;L-12;CAMPANIA;PUGLIA;32
2024/2025;L-11;Provincia autonoma di TRENTO;Provincia autonoma di BOLZANO;32
2024/2025;L-10;TOSCANA;SARDEGNA;32
2024/2025;L-10;LOMBARDIA;PUGLIA;32
2024/2025;L-11;EMILIA ROMAGNA;SARDEGNA;32
2024/2025;L-12;FRIULI VENEZIA GIULIA;EMILIA ROMAGNA;32
2024/2025;LM-3;TOSCANA;TOSCANA;32
2024/2025;LM-30;MARCHE;MARCHE;32
2024/2025;LM-28;SARDEGNA;SARDEGNA;32
2024/2025;LM-28;ABRUZZO;ABRUZZO;32
2024/2025;LM-27;LIGURIA;LIGURIA;32
2024/2025;LM-25;LOMBARDIA;VENETO;32
2024/2025;LM-21;LIGURIA;REGIONE ESTERA;32
2024/2025;LM-21;LOMBARDIA;LAZIO;32
2024/2025;LM-20;LOMBARDIA;ABRUZZO;32
2024/2025;LM-23;UMBRIA;UMBRIA;32
2024/2025;LM-35;PIEMONTE;REGIONE ESTERA;32
2024/2025;LM-35;TOSCANA;REGIONE ESTERA;32
2024/2025;LM-33;PIEMONTE;CALABRIA;32
2024/2025;LM-31;EMILIA ROMAGNA;VENETO;32
2024/2025;LM-32;LOMBARDIA;ABRUZZO;32
2024/2025;LM-31;PUGLIA;BASILICATA;32
2024/2025;LM-2;ABRUZZO;ABRUZZO;32
2024/2025;LM-17;LOMBARDIA;PIEMONTE;32
2024/2025;LM-17;MARCHE;MARCHE;32
2024/2025;LM-14;PIEMONTE;SICILIA;32
2024/2025;LM-14;EMILIA ROMAGNA;CAMPANIA;32
2024/2025;LM/SNT1;LAZIO;PUGLIA;32
2024/2025;L-9;TOSCANA;EMILIA ROMAGNA;32
2024/2025;LM/SNT4;CAMPANIA;CAMPANIA;32
2024/2025;LM/SNT4;VENETO;VENETO;32
2024/2025;LM/SNT2;LAZIO;CAMPANIA;32
2024/2025;LM-13;CAMPANIA;BASILICATA;32
2024/2025;LM-12;TOSCANA;REGIONE ESTERA;32
2024/2025;LM-12;LOMBARDIA;CAMPANIA;32
2024/2025;L-31;LOMBARDIA;CALABRIA;32
2024/2025;L-30;TOSCANA;SICILIA;32
2024/2025;L-33;LOMBARDIA;ABRUZZO;32
2024/2025;L-33;LAZIO;VENETO;32
2024/2025;L-33;PIEMONTE;VALLE D'AOSTA;32
2024/2025;L-33;Provincia autonoma di TRENTO;LOMBARDIA;32
2024/2025;L-33;SICILIA;CALABRIA;32
2024/2025;L-3;LAZIO;EMILIA ROMAGNA;32
2024/2025;L-3;EMILIA ROMAGNA;LIGURIA;32
2024/2025;L-3;LAZIO;MOLISE;32
2024/2025;L-28;CALABRIA;CALABRIA;32
2024/2025;L-29;VENETO;Provincia autonoma di TRENTO;32
2024/2025;L-29;MARCHE;PUGLIA;32
2024/2025;L-24;VENETO;CALABRIA;32
2024/2025;L-5;LOMBARDIA;VENETO;32
2024/2025;L-41;VENETO;LOMBARDIA;32
2024/2025;L-42;LAZIO;UMBRIA;32
2024/2025;L-42;LOMBARDIA;EMILIA ROMAGNA;32
2024/2025;L-8;PIEMONTE;MOLISE;32
2024/2025;L-8;LOMBARDIA;CALABRIA;32
2024/2025;L-36;PIEMONTE;VALLE D'AOSTA;32
2024/2025;L-37;UMBRIA;UMBRIA;32
2023/2024;LM-59;LOMBARDIA;LAZIO;32
2023/2024;LM-59;LAZIO;UMBRIA;32
2023/2024;LM-59;LAZIO;CALABRIA;32
2023/2024;LM-56;PIEMONTE;PUGLIA;32
2023/2024;LM-56;PIEMONTE;LOMBARDIA;32
2023/2024;LM-52;VENETO;EMILIA ROMAGNA;32
2023/2024;LM-52;VENETO;FRIULI VENEZIA GIULIA;32
2023/2024;LM-46;LOMBARDIA;EMILIA ROMAGNA;32
2023/2024;LM-46;LAZIO;LOMBARDIA;32
2023/2024;LM-51;UMBRIA;LAZIO;32
2023/2024;LM-51;VENETO;UMBRIA;32
2023/2024;LM-41;VENETO;CAMPANIA;32
2023/2024;LM-44;LOMBARDIA;LAZIO;32
2023/2024;LM-42;PUGLIA;CAMPANIA;32
2023/2024;LM-4;PIEMONTE;CAMPANIA;32
2023/2024;LM-39;EMILIA ROMAGNA;SICILIA;32
2023/2024;LM-38;PIEMONTE;CAMPANIA;32
2023/2024;LM-37;SICILIA;CALABRIA;32
2023/2024;LM-33;LOMBARDIA;LAZIO;32
2023/2024;LM-33;PIEMONTE;MARCHE;32
2023/2024;LM-33;EMILIA ROMAGNA;FRIULI VENEZIA GIULIA;32
2023/2024;LM-32;PIEMONTE;TOSCANA;32
2023/2024;L-9;CAMPANIA;ABRUZZO;32
2023/2024;L-9;EMILIA ROMAGNA;PIEMONTE;32
2023/2024;L-8;LOMBARDIA;CALABRIA;32
2023/2024;L-5;VENETO;Provincia autonoma di TRENTO;32
2023/2024;L-8;EMILIA ROMAGNA;CAMPANIA;32
2023/2024;L-8;EMILIA ROMAGNA;UMBRIA;32
2023/2024;L-8;FRIULI VENEZIA GIULIA;REGIONE ESTERA;32
2023/2024;LM-14;LOMBARDIA;PUGLIA;32
2023/2024;LM-13;TOSCANA;UMBRIA;32
2023/2024;LM-13;ABRUZZO;CAMPANIA;32
2023/2024;LM-13;CAMPANIA;BASILICATA;32
2023/2024;LM-12;TOSCANA;REGIONE ESTERA;32
2023/2024;LM/SNT1;ABRUZZO;PUGLIA;32
2023/2024;LM/SC-GIUR;SARDEGNA;SARDEGNA;32
2023/2024;L-9;VENETO;ABRUZZO;32
2023/2024;LM-11;LAZIO;REGIONE ESTERA;32
2023/2024;LM-11;EMILIA ROMAGNA;REGIONE ESTERA;32
2023/2024;LM/SNT4;VENETO;VENETO;32
2023/2024;LM-15;ABRUZZO;ABRUZZO;32
2023/2024;LM-20;PIEMONTE;LIGURIA;32
2023/2024;LM-20;EMILIA ROMAGNA;REGIONE ESTERA;32
2023/2024;LM-19;LAZIO;TOSCANA;32
2023/2024;LM-24;LAZIO;REGIONE ESTERA;32
2023/2024;LM-22;EMILIA ROMAGNA;CAMPANIA;32
2023/2024;LM-28;PIEMONTE;SICILIA;32
2023/2024;LM-3;TOSCANA;TOSCANA;32
2023/2024;L-27;PIEMONTE;LOMBARDIA;32
2023/2024;L-28;PUGLIA;LAZIO;32
2023/2024;L-30;VENETO;MARCHE;32
2023/2024;L-30;LOMBARDIA;PUGLIA;32
2023/2024;L-3;EMILIA ROMAGNA;LIGURIA;32
2023/2024;L-20;TOSCANA;CAMPANIA;32
2023/2024;L-25;EMILIA ROMAGNA;MARCHE;32
2023/2024;L-24;VENETO;SARDEGNA;32
2023/2024;L-25;BASILICATA;CAMPANIA;32
2023/2024;L-24;UMBRIA;PIEMONTE;32
2023/2024;L-24;PIEMONTE;SICILIA;32
2023/2024;L-24;PUGLIA;CAMPANIA;32
2023/2024;L-24;LOMBARDIA;CALABRIA;32
2023/2024;L-22;PIEMONTE;PUGLIA;32
2023/2024;L-36;LOMBARDIA;SARDEGNA;32
2023/2024;L-36;LOMBARDIA;ABRUZZO;32
2023/2024;L-36;CAMPANIA;PUGLIA;32
2023/2024;L-34;EMILIA ROMAGNA;VENETO;32
2023/2024;L-33;LAZIO;LOMBARDIA;32
2023/2024;L-31;TOSCANA;CALABRIA;32
2023/2024;L-31;TOSCANA;LAZIO;32
2023/2024;L-36;TOSCANA;PUGLIA;32
2023/2024;L-4;LOMBARDIA;FRIULI VENEZIA GIULIA;32
2023/2024;L-39;EMILIA ROMAGNA;VENETO;32
2023/2024;L-4;UMBRIA;CALABRIA;32
2023/2024;L-40;UMBRIA;CAMPANIA;32
2023/2024;L-42;LOMBARDIA;EMILIA ROMAGNA;32
2023/2024;99999;VENETO;FRIULI VENEZIA GIULIA;32
2023/2024;99999;SICILIA;LOMBARDIA;32
2023/2024;99999;PIEMONTE;VALLE D'AOSTA;32
2023/2024;99999;LAZIO;MOLISE;32
2023/2024;L/SNT2;LAZIO;UMBRIA;32
2023/2024;L/SNT2;MOLISE;PUGLIA;32
2023/2024;L/SNT2;PIEMONTE;LOMBARDIA;32
2023/2024;L/SNT4;MOLISE;MOLISE;32
2023/2024;L-1;BASILICATA;PUGLIA;32
2023/2024;L-11;EMILIA ROMAGNA;SARDEGNA;32
2023/2024;L-11;EMILIA ROMAGNA;PIEMONTE;32
2023/2024;L-10;VENETO;Provincia autonoma di TRENTO;32
2023/2024;L-10;TOSCANA;SARDEGNA;32
2023/2024;L-10;LAZIO;TOSCANA;32
2023/2024;L-10;EMILIA ROMAGNA;UMBRIA;32
2023/2024;L-10;Provincia autonoma di TRENTO;LOMBARDIA;32
2023/2024;L-13;LAZIO;PUGLIA;32
2023/2024;L-12;VENETO;PUGLIA;32
2023/2024;L-12;TOSCANA;LAZIO;32
2023/2024;L-12;LOMBARDIA;SARDEGNA;32
2023/2024;L-13;UMBRIA;BASILICATA;32
2023/2024;L-14;ABRUZZO;UMBRIA;32
2023/2024;L-15;UMBRIA;REGIONE ESTERA;32
2023/2024;L-19;UMBRIA;LAZIO;32
2023/2024;L-2;CAMPANIA;PUGLIA;32
2023/2024;L-17;TOSCANA;REGIONE ESTERA;32
2023/2024;L-17;LOMBARDIA;LIGURIA;31
2023/2024;L-18;MARCHE;PUGLIA;31
2023/2024;L-2;PIEMONTE;SICILIA;31
2023/2024;L-18;TOSCANA;ABRUZZO;31
2023/2024;L-13;VENETO;FRIULI VENEZIA GIULIA;31
2023/2024;L-12;LIGURIA;PIEMONTE;31
2023/2024;L-12;LOMBARDIA;ABRUZZO;31
2023/2024;L-12;PIEMONTE;LOMBARDIA;31
2023/2024;L-11;MARCHE;REGIONE ESTERA;31
2023/2024;L-11;LOMBARDIA;LIGURIA;31
2023/2024;L-12;FRIULI VENEZIA GIULIA;EMILIA ROMAGNA;31
2023/2024;L-10;CAMPANIA;CALABRIA;31
2023/2024;L-1;TOSCANA;UMBRIA;31
2023/2024;L-10;TOSCANA;EMILIA ROMAGNA;31
2023/2024;L/SNT4;ABRUZZO;PUGLIA;31
2023/2024;L/SNT3;Provincia autonoma di TRENTO;VENETO;31
2023/2024;L/SNT1;LAZIO;LOMBARDIA;31
2023/2024;L/SNT1;LOMBARDIA;EMILIA ROMAGNA;31
2023/2024;L-42;LIGURIA;PIEMONTE;31
2023/2024;L-4;EMILIA ROMAGNA;LOMBARDIA;31
2023/2024;L-31;LOMBARDIA;MARCHE;31
2023/2024;L-33;LOMBARDIA;MARCHE;31
2023/2024;L-22;PIEMONTE;SICILIA;31
2023/2024;L-24;LIGURIA;PIEMONTE;31
2023/2024;L-22;LAZIO;TOSCANA;31
2023/2024;L-20;EMILIA ROMAGNA;SARDEGNA;31
2023/2024;L-2;VENETO;Provincia autonoma di TRENTO;31
2023/2024;L-3;EMILIA ROMAGNA;BASILICATA;31
2023/2024;L-3;EMILIA ROMAGNA;UMBRIA;31
2023/2024;L-3;LOMBARDIA;TOSCANA;31
2023/2024;L-30;LAZIO;SICILIA;31
2023/2024;L-28;PUGLIA;CAMPANIA;31
2023/2024;L-27;SICILIA;CALABRIA;31
2023/2024;L-26;EMILIA ROMAGNA;REGIONE ESTERA;31
2023/2024;LM-30;PIEMONTE;LAZIO;31
2023/2024;LM-32;EMILIA ROMAGNA;CAMPANIA;31
2023/2024;LM-28;FRIULI VENEZIA GIULIA;FRIULI VENEZIA GIULIA;31
2023/2024;LM-27;SARDEGNA;SARDEGNA;31
2023/2024;LM-22;LOMBARDIA;CAMPANIA;31
2023/2024;LM-19;EMILIA ROMAGNA;VENETO;31
2023/2024;LM-21;TOSCANA;SICILIA;31
2023/2024;LM-21;PIEMONTE;TOSCANA;31
2023/2024;LM-14;TOSCANA;CALABRIA;31
2023/2024;LM-14;PIEMONTE;PUGLIA;31
2023/2024;LM-16;LOMBARDIA;TOSCANA;31
2023/2024;LM-1;VENETO;REGIONE ESTERA;31
2023/2024;LM-1;UMBRIA;UMBRIA;31
2023/2024;LM-1;EMILIA ROMAGNA;TOSCANA;31
2023/2024;LM/SNT3;ABRUZZO;ABRUZZO;31
2023/2024;L-9;VENETO;Provincia autonoma di BOLZANO;31
2023/2024;LM/SNT1;LAZIO;PUGLIA;31
2023/2024;LM-13;TOSCANA;REGIONE ESTERA;31
2023/2024;LM-14;LAZIO;CALABRIA;31
2023/2024;LM-14;EMILIA ROMAGNA;CAMPANIA;31
2023/2024;L-5;VENETO;LAZIO;31
2023/2024;L-5;LOMBARDIA;VENETO;31
2023/2024;L-5;PIEMONTE;LIGURIA;31
2023/2024;LM-32;PIEMONTE;LOMBARDIA;31
2023/2024;LM-32;PIEMONTE;MARCHE;31
2023/2024;LM-35;Provincia autonoma di TRENTO;Provincia autonoma di TRENTO;31
2023/2024;LM-35;MARCHE;MARCHE;31
2023/2024;LM-37;LAZIO;SICILIA;31
2023/2024;LM-41;VENETO;LAZIO;31
2023/2024;LM-42;EMILIA ROMAGNA;FRIULI VENEZIA GIULIA;31
2023/2024;LM-41;PIEMONTE;CAMPANIA;31
2023/2024;LM-51;UMBRIA;CALABRIA;31
2023/2024;LM-51;Provincia autonoma di TRENTO;LOMBARDIA;31
2023/2024;LM-52;LOMBARDIA;EMILIA ROMAGNA;31
2023/2024;LM-51;LAZIO;BASILICATA;31
2023/2024;LM-46;EMILIA ROMAGNA;PUGLIA;31
2023/2024;LM-46;LOMBARDIA;CAMPANIA;31
2023/2024;LM-47;VENETO;VENETO;31
2023/2024;LM-46;SARDEGNA;SICILIA;31
2023/2024;LM-4cu;EMILIA ROMAGNA;TOSCANA;31
2023/2024;LM-5;VENETO;VENETO;31
2023/2024;LM-4cu;TOSCANA;BASILICATA;31
2023/2024;LM-52;TOSCANA;PUGLIA;31
2023/2024;LM-53;LOMBARDIA;LOMBARDIA;31
2023/2024;LM-54;FRIULI VENEZIA GIULIA;FRIULI VENEZIA GIULIA;31
2023/2024;LM-54;EMILIA ROMAGNA;LOMBARDIA;31
2023/2024;LM-56;LOMBARDIA;TOSCANA;31
2023/2024;LM-6;FRIULI VENEZIA GIULIA;REGIONE ESTERA;31
2023/2024;LM-6;ABRUZZO;LAZIO;31
2023/2024;LM-60;EMILIA ROMAGNA;VENETO;31
2024/2025;L-36;LAZIO;MOLISE;31
2024/2025;L-4;UMBRIA;CALABRIA;31
2024/2025;L-4;UMBRIA;LAZIO;31
2024/2025;L-39;Provincia autonoma di BOLZANO;Provincia autonoma di BOLZANO;31
2024/2025;L-39;EMILIA ROMAGNA;SICILIA;31
2024/2025;L-39;TOSCANA;SICILIA;31
2024/2025;L-8;VENETO;SICILIA;31
2024/2025;L-8;EMILIA ROMAGNA;CAMPANIA;31
2024/2025;L-7;Provincia autonoma di TRENTO;LOMBARDIA;31
2024/2025;L-5;LOMBARDIA;LIGURIA;31
2024/2025;L-24;PIEMONTE;EMILIA ROMAGNA;31
2024/2025;L-27;PIEMONTE;LIGURIA;31
2024/2025;L-27;LAZIO;ABRUZZO;31
2024/2025;L-30;LAZIO;PUGLIA;31
2024/2025;L-3;VENETO;LOMBARDIA;31
2024/2025;L-3;TOSCANA;LOMBARDIA;31
2024/2025;L-3;TOSCANA;SICILIA;31
2024/2025;L-33;LAZIO;EMILIA ROMAGNA;31
2024/2025;L-35;LOMBARDIA;EMILIA ROMAGNA;31
2024/2025;L-30;VENETO;MARCHE;31
2024/2025;LM/SNT2;PIEMONTE;PIEMONTE;31
2024/2025;LM/SNT1;MOLISE;MOLISE;31
2024/2025;LM-1;PIEMONTE;LIGURIA;31
2024/2025;LM/SNT4;PUGLIA;PUGLIA;31
2024/2025;LM/SC-GIUR;SARDEGNA;SARDEGNA;31
2024/2025;L-9;CAMPANIA;CALABRIA;31
2024/2025;L-9;LOMBARDIA;MOLISE;31
2024/2025;L-9;LOMBARDIA;SICILIA;31
2024/2025;L-9;MARCHE;MOLISE;31
2024/2025;LM-14;LAZIO;ABRUZZO;31
2024/2025;LM-14;EMILIA ROMAGNA;CALABRIA;31
2024/2025;LM-14;PUGLIA;BASILICATA;31
2024/2025;LM-2;LIGURIA;LIGURIA;31
2024/2025;LM-31;PIEMONTE;BASILICATA;31
2024/2025;LM-32;BASILICATA;BASILICATA;31
2024/2025;LM-31;LOMBARDIA;MARCHE;31
2024/2025;LM-32;PIEMONTE;VENETO;31
2024/2025;LM-35;LIGURIA;LIGURIA;31
2024/2025;LM-37;EMILIA ROMAGNA;REGIONE ESTERA;31
2024/2025;LM-21;TOSCANA;SICILIA;31
2024/2025;L-12;LOMBARDIA;TOSCANA;31
2024/2025;L-12;PIEMONTE;SARDEGNA;31
2024/2025;L-13;EMILIA ROMAGNA;FRIULI VENEZIA GIULIA;31
2024/2025;L-13;TOSCANA;BASILICATA;31
2024/2025;L-13;LOMBARDIA;EMILIA ROMAGNA;31
2024/2025;L-10;VENETO;MARCHE;31
2024/2025;L-10;Provincia autonoma di TRENTO;LOMBARDIA;31
2024/2025;L-11;TOSCANA;SARDEGNA;31
2024/2025;L/SNT2;LAZIO;UMBRIA;31
2024/2025;L/SNT1;MARCHE;PUGLIA;31
2024/2025;L/SNT3;LAZIO;BASILICATA;31
2024/2025;L/SNT3;LIGURIA;PIEMONTE;31
2024/2025;L/SNT3;VENETO;Provincia autonoma di TRENTO;31
2024/2025;L-1;PIEMONTE;LIGURIA;31
2024/2025;L-10;EMILIA ROMAGNA;UMBRIA;31
2024/2025;L-10;LAZIO;BASILICATA;31
2024/2025;L-14;SICILIA;CALABRIA;31
2024/2025;L-18;EMILIA ROMAGNA;FRIULI VENEZIA GIULIA;31
2024/2025;L-18;CAMPANIA;CALABRIA;31
2024/2025;L-18;PIEMONTE;CALABRIA;31
2024/2025;L-18;PIEMONTE;TOSCANA;31
2024/2025;L-20;LAZIO;SARDEGNA;31
2023/2024;LM-84;EMILIA ROMAGNA;ABRUZZO;31
2023/2024;LM-83;EMILIA ROMAGNA;EMILIA ROMAGNA;31
2023/2024;LM-82;EMILIA ROMAGNA;PUGLIA;31
2023/2024;LM-77;VENETO;PUGLIA;31
2023/2024;LM-61;LOMBARDIA;PIEMONTE;31
2023/2024;LM-63;CAMPANIA;LAZIO;31
2023/2024;LM-66;VENETO;REGIONE ESTERA;31
2023/2024;LM-68;MARCHE;PUGLIA;31
2023/2024;LM-86;PUGLIA;PUGLIA;31
2023/2024;LM-85 bis;ABRUZZO;MARCHE;31
2023/2024;LM-85 bis;ABRUZZO;PUGLIA;31
2023/2024;LMG/01;UMBRIA;MARCHE;31
2023/2024;LM-Sc.Mat.;LOMBARDIA;LOMBARDIA;31
2023/2024;LM-94;PIEMONTE;SICILIA;31
2023/2024;LM-94;LAZIO;PUGLIA;31
2023/2024;LMG/01;LAZIO;FRIULI VENEZIA GIULIA;31
2024/2025;LM-52;VENETO;FRIULI VENEZIA GIULIA;31
2024/2025;LM-53;PUGLIA;PUGLIA;31
2024/2025;LM-51;UMBRIA;CALABRIA;31
2024/2025;LM-51;UMBRIA;SICILIA;31
2024/2025;LM-51;PIEMONTE;MARCHE;31
2024/2025;LM-54;PIEMONTE;SICILIA;31
2024/2025;LM-56;EMILIA ROMAGNA;LAZIO;31
2024/2025;LM-59;EMILIA ROMAGNA;LOMBARDIA;31
2024/2025;LM-6;EMILIA ROMAGNA;BASILICATA;31
2024/2025;LM-64;SICILIA;SICILIA;31
2024/2025;LM-68;VENETO;LOMBARDIA;31
2024/2025;LM-69;FRIULI VENEZIA GIULIA;VENETO;31
2024/2025;LM-61;TOSCANA;LIGURIA;31
2024/2025;LM-62;LAZIO;TOSCANA;31
2024/2025;LM-62;LAZIO;PUGLIA;31
2024/2025;LM-6;TOSCANA;EMILIA ROMAGNA;31
2024/2025;LM-6;LAZIO;ABRUZZO;31
2024/2025;LM-6;LOMBARDIA;EMILIA ROMAGNA;31
2024/2025;LM-41;ABRUZZO;TOSCANA;31
2024/2025;LM-39;EMILIA ROMAGNA;SICILIA;31
2024/2025;LM-41;PUGLIA;EMILIA ROMAGNA;31
2024/2025;LM-41;LAZIO;Provincia autonoma di TRENTO;31
2024/2025;LM-44;LOMBARDIA;ABRUZZO;31
2024/2025;LM-42;PUGLIA;BASILICATA;31
2024/2025;LM-46;UMBRIA;REGIONE ESTERA;31
2024/2025;LM-51;EMILIA ROMAGNA;CALABRIA;31
2024/2025;LM-79;VENETO;REGIONE ESTERA;31
2024/2025;LM-78;EMILIA ROMAGNA;PUGLIA;31
2024/2025;LM-74;PIEMONTE;PIEMONTE;31
2024/2025;LM-71;PUGLIA;PUGLIA;31
2024/2025;LM-7;LOMBARDIA;LOMBARDIA;31
2024/2025;LM-77;CAMPANIA;BASILICATA;31
2024/2025;LM-85;ABRUZZO;CAMPANIA;31
2024/2025;LM-85 bis;UMBRIA;PUGLIA;31
2024/2025;LM-89;EMILIA ROMAGNA;MARCHE;31
2024/2025;LM-88;EMILIA ROMAGNA;LOMBARDIA;31
2024/2025;LM-9;Provincia autonoma di TRENTO;Provincia autonoma di TRENTO;31
2024/2025;LM-94;EMILIA ROMAGNA;TOSCANA;31
2024/2025;LM-91;LAZIO;REGIONE ESTERA;31
2024/2025;LM-Sc.Mat.;PIEMONTE;PIEMONTE;31
2024/2025;LM-Sc.Mat.;VENETO;REGIONE ESTERA;31
2024/2025;LMG/01;UMBRIA;MARCHE;31
2024/2025;L-P02;EMILIA ROMAGNA;EMILIA ROMAGNA;30
2024/2025;LM-Sc.Mat.;LAZIO;REGIONE ESTERA;30
2024/2025;LMG/01;MARCHE;PUGLIA;30
2024/2025;LM-9;PIEMONTE;PUGLIA;30
2024/2025;LM-85 bis;UMBRIA;PIEMONTE;30
2024/2025;LM-87;LAZIO;SICILIA;30
2024/2025;LM-87;MARCHE;EMILIA ROMAGNA;30
2024/2025;LM-84;LOMBARDIA;PIEMONTE;30
2024/2025;LM-82;LOMBARDIA;EMILIA ROMAGNA;30
2024/2025;LM-70;PIEMONTE;REGIONE ESTERA;30
2024/2025;LM-71;VENETO;REGIONE ESTERA;30
2024/2025;LM-74;PUGLIA;PUGLIA;30
2024/2025;LM-78;LOMBARDIA;REGIONE ESTERA;30
2024/2025;LM-77;MARCHE;REGIONE ESTERA;30
2024/2025;LM-8;LOMBARDIA;PIEMONTE;30
2024/2025;LM-80;TOSCANA;TOSCANA;30
2024/2025;LM-81;EMILIA ROMAGNA;VENETO;30
2024/2025;LM-4cu;CAMPANIA;BASILICATA;30
2024/2025;LM-48;PIEMONTE;REGIONE ESTERA;30
2024/2025;LM-46;LOMBARDIA;SICILIA;30
2024/2025;LM-46;LOMBARDIA;CAMPANIA;30
2024/2025;LM-46;ABRUZZO;SICILIA;30
2024/2025;LM-42;PUGLIA;CAMPANIA;30
2024/2025;LM-44;LOMBARDIA;TOSCANA;30
2024/2025;LM-42;EMILIA ROMAGNA;LAZIO;30
2024/2025;LM-42;EMILIA ROMAGNA;MARCHE;30
2024/2025;LM-41;CAMPANIA;SICILIA;30
2024/2025;LM-41;CAMPANIA;PIEMONTE;30
2024/2025;LM-40;Provincia autonoma di TRENTO;Provincia autonoma di TRENTO;30
2024/2025;LM-6;MARCHE;LOMBARDIA;30
2024/2025;LM-6;PIEMONTE;REGIONE ESTERA;30
2024/2025;LM-60;SICILIA;SICILIA;30
2024/2025;LM-68;UMBRIA;UMBRIA;30
2024/2025;LM-67;MARCHE;PUGLIA;30
2024/2025;LM-6;ABRUZZO;LAZIO;30
2024/2025;LM-59;LOMBARDIA;LAZIO;30
2024/2025;LM-55;SICILIA;SICILIA;30
2023/2024;LMG/01;LAZIO;LIGURIA;30
2023/2024;L-P01;SICILIA;SICILIA;30
2023/2024;L-P02;ABRUZZO;ABRUZZO;30
2023/2024;LMG/01;TOSCANA;ABRUZZO;30
2024/2025;L/DS;TOSCANA;TOSCANA;30
2024/2025;99999;MARCHE;LAZIO;30
2024/2025;99999;LAZIO;CALABRIA;30
2023/2024;LM-87;PIEMONTE;PUGLIA;30
2023/2024;LM-9;TOSCANA;CAMPANIA;30
2023/2024;LM-89;LOMBARDIA;PIEMONTE;30
2023/2024;LM-7;LAZIO;LAZIO;30
2023/2024;LM-70;PIEMONTE;REGIONE ESTERA;30
2023/2024;LM-61;TOSCANA;LAZIO;30
2023/2024;LM-75;VENETO;REGIONE ESTERA;30
2023/2024;LM-76;VENETO;FRIULI VENEZIA GIULIA;30
2023/2024;LM-84;EMILIA ROMAGNA;PUGLIA;30
2023/2024;LM-81;EMILIA ROMAGNA;LOMBARDIA;30
2023/2024;LM-8;PUGLIA;PUGLIA;30
2023/2024;LM-78;PIEMONTE;PUGLIA;30
2024/2025;L-2;EMILIA ROMAGNA;CAMPANIA;30
2024/2025;L-19;LAZIO;TOSCANA;30
2024/2025;L-24;LIGURIA;PIEMONTE;30
2024/2025;L-24;LOMBARDIA;CALABRIA;30
2024/2025;L-19;EMILIA ROMAGNA;Provincia autonoma di BOLZANO;30
2024/2025;L-19;EMILIA ROMAGNA;SARDEGNA;30
2024/2025;L-19;LAZIO;BASILICATA;30
2024/2025;L-18;LIGURIA;LOMBARDIA;30
2024/2025;L-18;MARCHE;PUGLIA;30
2024/2025;L/SNT1;LOMBARDIA;CALABRIA;30
2024/2025;L/SNT1;PIEMONTE;PUGLIA;30
2024/2025;L/SNT2;LAZIO;REGIONE ESTERA;30
2024/2025;L/SNT2;PUGLIA;BASILICATA;30
2024/2025;L/SNT2;PIEMONTE;LOMBARDIA;30
2024/2025;L/SNT1;UMBRIA;SICILIA;30
2024/2025;L/SNT2;EMILIA ROMAGNA;MARCHE;30
2024/2025;L-12;ABRUZZO;BASILICATA;30
2024/2025;L-11;LOMBARDIA;VENETO;30
2024/2025;L-10;Provincia autonoma di TRENTO;Provincia autonoma di BOLZANO;30
2024/2025;L-10;UMBRIA;REGIONE ESTERA;30
2024/2025;L-10;VENETO;SICILIA;30
2024/2025;L-13;SICILIA;REGIONE ESTERA;30
2024/2025;L-13;VENETO;EMILIA ROMAGNA;30
2024/2025;L-13;EMILIA ROMAGNA;ABRUZZO;30
2024/2025;LM-20;PIEMONTE;LIGURIA;30
2024/2025;LM-21;PIEMONTE;EMILIA ROMAGNA;30
2024/2025;LM-21;SARDEGNA;SARDEGNA;30
2024/2025;LM-28;LIGURIA;LIGURIA;30
2024/2025;LM-28;FRIULI VENEZIA GIULIA;FRIULI VENEZIA GIULIA;30
2024/2025;LM-29;LOMBARDIA;REGIONE ESTERA;30
2024/2025;LM-38;PIEMONTE;CALABRIA;30
2024/2025;LM-38;EMILIA ROMAGNA;SICILIA;30
2024/2025;LM-33;EMILIA ROMAGNA;BASILICATA;30
2024/2025;LM-16;LOMBARDIA;CAMPANIA;30
2024/2025;LM-14;LAZIO;PUGLIA;30
2024/2025;L-9;TOSCANA;LOMBARDIA;30
2024/2025;LM-1;UMBRIA;UMBRIA;30
2024/2025;LM-1;VENETO;REGIONE ESTERA;30
2024/2025;L-30;TOSCANA;LAZIO;30
2024/2025;L-31;LAZIO;UMBRIA;30
2024/2025;L-31;TOSCANA;BASILICATA;30
2024/2025;L-3;LOMBARDIA;SICILIA;30
2024/2025;L-28;CAMPANIA;SICILIA;30
2024/2025;L-3;EMILIA ROMAGNA;LAZIO;30
2024/2025;L-3;EMILIA ROMAGNA;BASILICATA;30
2024/2025;L-24;TOSCANA;UMBRIA;30
2024/2025;L-25;EMILIA ROMAGNA;PUGLIA;30
2024/2025;L-25;TOSCANA;LIGURIA;30
2024/2025;L-5;VENETO;PIEMONTE;30
2024/2025;L-5;VENETO;TOSCANA;30
2024/2025;L-5;EMILIA ROMAGNA;PIEMONTE;30
2024/2025;L-42;LAZIO;SICILIA;30
2024/2025;L-42;LIGURIA;PIEMONTE;30
2024/2025;L-7;LOMBARDIA;LAZIO;30
2024/2025;L-7;CAMPANIA;REGIONE ESTERA;30
2024/2025;L-8;PIEMONTE;UMBRIA;30
2024/2025;L-4;LOMBARDIA;ABRUZZO;30
2024/2025;L-39;MOLISE;CAMPANIA;30
2024/2025;L-4;VENETO;REGIONE ESTERA;30
2024/2025;L-4;Provincia autonoma di BOLZANO;VENETO;30
2024/2025;L-36;Provincia autonoma di TRENTO;PUGLIA;30
2024/2025;L-38;VENETO;LOMBARDIA;30
2024/2025;L-39;ABRUZZO;LAZIO;30
2024/2025;L-36;TOSCANA;SARDEGNA;30
2024/2025;L-36;UMBRIA;TOSCANA;30
2023/2024;LM-60;SARDEGNA;SARDEGNA;30
2023/2024;LM-6;MARCHE;LAZIO;30
2023/2024;LM-6;LOMBARDIA;VENETO;30
2023/2024;LM-6;SICILIA;CALABRIA;30
2023/2024;LM-6;LIGURIA;LOMBARDIA;30
2023/2024;LM-6;LAZIO;CALABRIA;30
2023/2024;LM-6;CAMPANIA;LAZIO;30
2023/2024;LM-59;EMILIA ROMAGNA;LOMBARDIA;30
2023/2024;LM-59;LAZIO;ABRUZZO;30
2023/2024;LM-4cu;LOMBARDIA;PIEMONTE;30
2023/2024;LM-4cu;VENETO;FRIULI VENEZIA GIULIA;30
2023/2024;LM-41;PIEMONTE;EMILIA ROMAGNA;30
2023/2024;LM-41;ABRUZZO;SICILIA;30
2023/2024;LM-41;CAMPANIA;MOLISE;30
2023/2024;LM-42;SARDEGNA;LOMBARDIA;30
2023/2024;LM-44;LOMBARDIA;TOSCANA;30
2023/2024;LM-37;LAZIO;CALABRIA;30
2023/2024;LM-38;PIEMONTE;LIGURIA;30
2023/2024;LM-34;FRIULI VENEZIA GIULIA;VENETO;30
2023/2024;LM-33;Provincia autonoma di TRENTO;REGIONE ESTERA;30
2023/2024;LM-37;LAZIO;ABRUZZO;30
2023/2024;L-5;LOMBARDIA;SICILIA;30
2023/2024;L-5;VENETO;PUGLIA;30
2023/2024;L-7;LOMBARDIA;EMILIA ROMAGNA;30
2023/2024;L-9;LOMBARDIA;PUGLIA;30
2023/2024;LM-14;LAZIO;UMBRIA;30
2023/2024;LM-13;UMBRIA;BASILICATA;30
2023/2024;LM-12;LOMBARDIA;MARCHE;30
2023/2024;LM/SC-GIUR;LAZIO;CAMPANIA;30
2023/2024;L-9;TOSCANA;EMILIA ROMAGNA;30
2023/2024;LM/SNT3;PIEMONTE;PIEMONTE;30
2023/2024;LM/SNT3;LAZIO;CAMPANIA;30
2023/2024;LM-1;PIEMONTE;TOSCANA;30
2023/2024;LM/SNT4;CAMPANIA;CAMPANIA;30
2023/2024;LM-17;TOSCANA;SICILIA;30
2023/2024;LM-17;Provincia autonoma di TRENTO;Provincia autonoma di TRENTO;30
2023/2024;LM-17;TOSCANA;CALABRIA;30
2023/2024;LM-2;ABRUZZO;ABRUZZO;30
2023/2024;LM-19;EMILIA ROMAGNA;TOSCANA;30
2023/2024;LM-19;EMILIA ROMAGNA;CAMPANIA;30
2023/2024;LM-20;LOMBARDIA;ABRUZZO;30
2023/2024;LM-2;EMILIA ROMAGNA;SICILIA;30
2023/2024;LM-24;LIGURIA;LIGURIA;30
2023/2024;LM-24;EMILIA ROMAGNA;EMILIA ROMAGNA;30
2023/2024;LM-27;PUGLIA;PUGLIA;30
2023/2024;LM-25;TOSCANA;SICILIA;30
2023/2024;LM-24;SICILIA;SICILIA;30
2023/2024;LM-31;TOSCANA;REGIONE ESTERA;30
2023/2024;LM-31;EMILIA ROMAGNA;UMBRIA;30
2023/2024;LM-30;PIEMONTE;REGIONE ESTERA;30
2023/2024;LM-30;LOMBARDIA;PIEMONTE;30
2023/2024;L-26;EMILIA ROMAGNA;PUGLIA;30
2023/2024;L-26;MOLISE;CAMPANIA;30
2023/2024;L-26;LOMBARDIA;PIEMONTE;30
2023/2024;L-25;PUGLIA;BASILICATA;30
2023/2024;L-30;VENETO;PUGLIA;30
2023/2024;L-31;EMILIA ROMAGNA;MOLISE;30
2023/2024;L-3;LAZIO;EMILIA ROMAGNA;30
2023/2024;L-22;MARCHE;ABRUZZO;30
2023/2024;L-33;EMILIA ROMAGNA;FRIULI VENEZIA GIULIA;30
2023/2024;L-36;LAZIO;FRIULI VENEZIA GIULIA;30
2023/2024;L-4;LOMBARDIA;ABRUZZO;30
2023/2024;L-36;TOSCANA;SARDEGNA;30
2023/2024;L-42;EMILIA ROMAGNA;FRIULI VENEZIA GIULIA;30
2023/2024;L-41;LOMBARDIA;PIEMONTE;30
2023/2024;L-4;UMBRIA;CAMPANIA;30
2023/2024;L-40;EMILIA ROMAGNA;LOMBARDIA;30
2023/2024;L/SNT1;UMBRIA;MARCHE;30
2023/2024;L/SNT2;BASILICATA;BASILICATA;30
2023/2024;L/SNT1;TOSCANA;CALABRIA;30
2023/2024;L/DS;EMILIA ROMAGNA;SICILIA;30
2023/2024;99999;BASILICATA;BASILICATA;30
2023/2024;L/SNT2;PUGLIA;BASILICATA;30
2023/2024;L-11;EMILIA ROMAGNA;LAZIO;30
2023/2024;L-11;EMILIA ROMAGNA;CAMPANIA;30
2023/2024;L-10;Provincia autonoma di TRENTO;Provincia autonoma di BOLZANO;30
2023/2024;L-10;MOLISE;CAMPANIA;30
2023/2024;L-11;UMBRIA;TOSCANA;30
2023/2024;L-11;PIEMONTE;PUGLIA;30
2023/2024;L-11;TOSCANA;UMBRIA;30
2023/2024;L-11;UMBRIA;LAZIO;30
2023/2024;L-13;VENETO;Provincia autonoma di TRENTO;30
2023/2024;L-2;LOMBARDIA;SICILIA;30
2023/2024;L-2;EMILIA ROMAGNA;FRIULI VENEZIA GIULIA;30
2023/2024;L-19;VENETO;Provincia autonoma di BOLZANO;30
2023/2024;L-19;LOMBARDIA;VENETO;30
2023/2024;L-17;VENETO;EMILIA ROMAGNA;30
2023/2024;L-18;ABRUZZO;BASILICATA;30
2023/2024;L-18;EMILIA ROMAGNA;Provincia autonoma di BOLZANO;30
2023/2024;L-17;LOMBARDIA;ABRUZZO;30
2023/2024;L-18;BASILICATA;CAMPANIA;29
2023/2024;L-19;MARCHE;REGIONE ESTERA;29
2023/2024;L-13;UMBRIA;SICILIA;29
2023/2024;L-13;MARCHE;BASILICATA;29
2023/2024;L-15;PIEMONTE;PUGLIA;29
2023/2024;L-14;PIEMONTE;EMILIA ROMAGNA;29
2023/2024;L-14;Provincia autonoma di TRENTO;Provincia autonoma di TRENTO;29
2023/2024;L-11;LOMBARDIA;VENETO;29
2023/2024;L-12;ABRUZZO;CAMPANIA;29
2023/2024;L-12;LOMBARDIA;BASILICATA;29
2023/2024;L-13;CAMPANIA;PUGLIA;29
2023/2024;L-10;PIEMONTE;CALABRIA;29
2023/2024;L-10;LAZIO;BASILICATA;29
2023/2024;L-11;LAZIO;BASILICATA;29
2023/2024;L-11;LIGURIA;LOMBARDIA;29
2023/2024;L/SNT2;LAZIO;BASILICATA;29
2023/2024;L/SNT3;MOLISE;MOLISE;29
2023/2024;L/SNT3;PIEMONTE;LOMBARDIA;29
2023/2024;L-1;CAMPANIA;BASILICATA;29
2023/2024;L-1;LAZIO;ABRUZZO;29
2023/2024;L/SNT1;EMILIA ROMAGNA;SARDEGNA;29
2023/2024;L/SNT1;LAZIO;MARCHE;29
2023/2024;L-40;LAZIO;ABRUZZO;29
2023/2024;L-4;UMBRIA;LAZIO;29
2023/2024;L-4;PIEMONTE;LIGURIA;29
2023/2024;L-40;MARCHE;EMILIA ROMAGNA;29
2023/2024;L-42;LAZIO;SICILIA;29
2023/2024;L-36;TOSCANA;LOMBARDIA;29
2023/2024;L-36;TOSCANA;CALABRIA;29
2023/2024;L-38;SICILIA;CALABRIA;29
2023/2024;L-4;EMILIA ROMAGNA;PUGLIA;29
2023/2024;L-39;ABRUZZO;LAZIO;29
2023/2024;L-34;BASILICATA;BASILICATA;29
2023/2024;L-35;LOMBARDIA;PUGLIA;29
2023/2024;L-33;EMILIA ROMAGNA;CALABRIA;29
2023/2024;L-32;PIEMONTE;LIGURIA;29
2023/2024;L-31;TOSCANA;ABRUZZO;29
2023/2024;L-22;MARCHE;CALABRIA;29
2023/2024;L-22;MARCHE;CAMPANIA;29
2023/2024;L-20;EMILIA ROMAGNA;LIGURIA;29
2023/2024;L-20;LOMBARDIA;BASILICATA;29
2023/2024;L-22;UMBRIA;BASILICATA;29
2023/2024;L-22;VENETO;FRIULI VENEZIA GIULIA;29
2023/2024;L-24;MARCHE;UMBRIA;29
2023/2024;L-24;TOSCANA;UMBRIA;29
2023/2024;L-31;FRIULI VENEZIA GIULIA;REGIONE ESTERA;29
2023/2024;L-31;EMILIA ROMAGNA;BASILICATA;29
2023/2024;L-25;TOSCANA;LIGURIA;29
2023/2024;L-25;PIEMONTE;LIGURIA;29
2023/2024;L-29;TOSCANA;LIGURIA;29
2023/2024;LM-25;LOMBARDIA;EMILIA ROMAGNA;29
2023/2024;LM-27;PIEMONTE;REGIONE ESTERA;29
2023/2024;LM-28;ABRUZZO;ABRUZZO;29
2023/2024;LM-24;EMILIA ROMAGNA;REGIONE ESTERA;29
2023/2024;LM-24;LIGURIA;REGIONE ESTERA;29
2023/2024;LM-23;EMILIA ROMAGNA;VENETO;29
2023/2024;LM-2;LIGURIA;LIGURIA;29
2023/2024;LM-16;LOMBARDIA;LAZIO;29
2023/2024;LM/SNT4;SICILIA;SICILIA;29
2023/2024;LM-1;BASILICATA;PUGLIA;29
2023/2024;LM/SNT2;PIEMONTE;PIEMONTE;29
2023/2024;LM-13;LAZIO;BASILICATA;29
2023/2024;LM-13;UMBRIA;CALABRIA;29
2023/2024;LM-14;EMILIA ROMAGNA;ABRUZZO;29
2023/2024;L-9;LOMBARDIA;MOLISE;29
2023/2024;L-9;MARCHE;PUGLIA;29
2023/2024;L-8;LIGURIA;REGIONE ESTERA;29
2023/2024;L-8;PIEMONTE;MOLISE;29
2023/2024;L-8;PIEMONTE;EMILIA ROMAGNA;29
2023/2024;L-8;TOSCANA;EMILIA ROMAGNA;29
2023/2024;L-7;LOMBARDIA;ABRUZZO;29
2023/2024;L-5;LOMBARDIA;LIGURIA;29
2023/2024;L-42;TOSCANA;SICILIA;29
2023/2024;LM-36;VENETO;SICILIA;29
2023/2024;LM-32;TOSCANA;REGIONE ESTERA;29
2023/2024;LM-33;PIEMONTE;LOMBARDIA;29
2023/2024;LM-33;PIEMONTE;CALABRIA;29
2023/2024;LM-38;PIEMONTE;CALABRIA;29
2023/2024;LM-38;PIEMONTE;SARDEGNA;29
2023/2024;LM-38;LAZIO;PUGLIA;29
2023/2024;LM-38;VENETO;Provincia autonoma di TRENTO;29
2023/2024;LM-44;LOMBARDIA;PIEMONTE;29
2023/2024;LM-42;PUGLIA;BASILICATA;29
2023/2024;LM-42;EMILIA ROMAGNA;LAZIO;29
2023/2024;LM-42;EMILIA ROMAGNA;MARCHE;29
2023/2024;LM-41;UMBRIA;ABRUZZO;29
2023/2024;LM-41;CAMPANIA;PIEMONTE;29
2023/2024;LM-40;VENETO;REGIONE ESTERA;29
2023/2024;LM-4;VENETO;EMILIA ROMAGNA;29
2023/2024;LM-40;Provincia autonoma di TRENTO;Provincia autonoma di TRENTO;29
2023/2024;LM-41;PUGLIA;LAZIO;29
2023/2024;LM-41;PUGLIA;SICILIA;29
2023/2024;LM-4cu;EMILIA ROMAGNA;CAMPANIA;29
2023/2024;LM-4cu;EMILIA ROMAGNA;ABRUZZO;29
2023/2024;LM-49;MARCHE;MARCHE;29
2023/2024;LM-46;LOMBARDIA;PUGLIA;29
2023/2024;LM-51;PIEMONTE;MARCHE;29
2023/2024;LM-51;EMILIA ROMAGNA;UMBRIA;29
2023/2024;LM-52;PIEMONTE;PUGLIA;29
2023/2024;LM-52;EMILIA ROMAGNA;CAMPANIA;29
2023/2024;LM-58;VENETO;VENETO;29
2023/2024;LM-6;EMILIA ROMAGNA;BASILICATA;29
2023/2024;LM-6;LAZIO;UMBRIA;29
2023/2024;LM-6;PIEMONTE;LOMBARDIA;29
2023/2024;LM-56;PIEMONTE;SICILIA;29
2023/2024;LM-55;Provincia autonoma di TRENTO;VENETO;29
2023/2024;LM-53;PIEMONTE;REGIONE ESTERA;29
2023/2024;LM-54;LOMBARDIA;PIEMONTE;29
2023/2024;LM-52;TOSCANA;SICILIA;29
2024/2025;L-36;VALLE D'AOSTA;PIEMONTE;29
2024/2025;L-36;TOSCANA;EMILIA ROMAGNA;29
2024/2025;L-36;VENETO;TOSCANA;29
2024/2025;L-36;LIGURIA;LOMBARDIA;29
2024/2025;L-36;LAZIO;FRIULI VENEZIA GIULIA;29
2024/2025;L-8;VENETO;MARCHE;29
2024/2025;L-8;MARCHE;EMILIA ROMAGNA;29
2024/2025;L-7;LOMBARDIA;PUGLIA;29
2024/2025;L-8;EMILIA ROMAGNA;LAZIO;29
2024/2025;L-8;EMILIA ROMAGNA;Provincia autonoma di TRENTO;29
2024/2025;L-42;EMILIA ROMAGNA;LIGURIA;29
2024/2025;L-42;EMILIA ROMAGNA;SARDEGNA;29
2024/2025;L-41;VENETO;FRIULI VENEZIA GIULIA;29
2024/2025;L-5;PUGLIA;BASILICATA;29
2024/2025;L-26;EMILIA ROMAGNA;VENETO;29
2024/2025;L-26;EMILIA ROMAGNA;MARCHE;29
2024/2025;L-25;BASILICATA;CAMPANIA;29
2024/2025;L-24;TOSCANA;LOMBARDIA;29
2024/2025;L-29;TOSCANA;LIGURIA;29
2024/2025;L-31;MARCHE;UMBRIA;29
2024/2025;L-31;PIEMONTE;BASILICATA;29
2024/2025;L-30;TOSCANA;CALABRIA;29
2024/2025;L-30;VENETO;PUGLIA;29
2024/2025;L-30;LOMBARDIA;REGIONE ESTERA;29
2024/2025;L-35;EMILIA ROMAGNA;TOSCANA;29
2024/2025;L-34;VENETO;REGIONE ESTERA;29
2024/2025;LM-1;VENETO;LOMBARDIA;29
2024/2025;LM-12;SICILIA;SICILIA;29
2024/2025;L-9;VENETO;Provincia autonoma di BOLZANO;29
2024/2025;LM/DS;PIEMONTE;LOMBARDIA;29
2024/2025;LM-13;PIEMONTE;REGIONE ESTERA;29
2024/2025;LM-13;PUGLIA;REGIONE ESTERA;29
2024/2025;LM-16;PUGLIA;PUGLIA;29
2024/2025;LM-17;EMILIA ROMAGNA;VENETO;29
2024/2025;LM-19;LAZIO;CALABRIA;29
2024/2025;LM-33;EMILIA ROMAGNA;SARDEGNA;29
2024/2025;LM-31;PIEMONTE;UMBRIA;29
2024/2025;LM-38;LAZIO;PUGLIA;29
2024/2025;LM-37;EMILIA ROMAGNA;PUGLIA;29
2024/2025;LM-36;CAMPANIA;PUGLIA;29
2024/2025;LM-33;PIEMONTE;SARDEGNA;29
2024/2025;LM-27;SICILIA;SICILIA;29
2024/2025;LM-27;PIEMONTE;REGIONE ESTERA;29
2024/2025;LM-21;MARCHE;REGIONE ESTERA;29
2024/2025;LM-21;PIEMONTE;CALABRIA;29
2024/2025;LM-21;FRIULI VENEZIA GIULIA;FRIULI VENEZIA GIULIA;29
2024/2025;LM-23;PIEMONTE;SICILIA;29
2024/2025;L-13;TOSCANA;LAZIO;29
2024/2025;L-10;UMBRIA;MARCHE;29
2024/2025;L-10;TOSCANA;ABRUZZO;29
2024/2025;L-12;ABRUZZO;CAMPANIA;29
2024/2025;L/SNT1;PIEMONTE;REGIONE ESTERA;29
2024/2025;L/SNT1;LAZIO;SARDEGNA;29
2024/2025;L/SNT1;EMILIA ROMAGNA;ABRUZZO;29
2024/2025;L-10;LAZIO;TOSCANA;29
2024/2025;L-1;LAZIO;CALABRIA;29
2024/2025;L-18;PIEMONTE;EMILIA ROMAGNA;29
2024/2025;L-14;TOSCANA;Provincia autonoma di BOLZANO;29
2024/2025;L-14;LOMBARDIA;CALABRIA;29
2024/2025;L-16;PIEMONTE;LOMBARDIA;29
2024/2025;L-24;LAZIO;REGIONE ESTERA;29
2024/2025;L-20;TOSCANA;CALABRIA;29
2024/2025;L-20;TOSCANA;CAMPANIA;29
2024/2025;L-19;MARCHE;PUGLIA;29
2024/2025;L-19;UMBRIA;LAZIO;29
2024/2025;L-2;CAMPANIA;PUGLIA;29
2024/2025;L-20;EMILIA ROMAGNA;LAZIO;29
2024/2025;L-20;EMILIA ROMAGNA;LIGURIA;29
2024/2025;L-20;EMILIA ROMAGNA;PIEMONTE;29
2023/2024;LM-78;Provincia autonoma di TRENTO;VENETO;29
2023/2024;LM-82;EMILIA ROMAGNA;TOSCANA;29
2023/2024;LM-77;TOSCANA;LAZIO;29
2023/2024;LM-77;Provincia autonoma di TRENTO;LOMBARDIA;29
2023/2024;LM-77;SICILIA;CALABRIA;29
2023/2024;LM-61;TOSCANA;LOMBARDIA;29
2023/2024;LM-62;LAZIO;CAMPANIA;29
2023/2024;LM-62;LOMBARDIA;EMILIA ROMAGNA;29
2023/2024;LM-73;SARDEGNA;SARDEGNA;29
2023/2024;LM-73;EMILIA ROMAGNA;EMILIA ROMAGNA;29
2023/2024;LM-67;LAZIO;REGIONE ESTERA;29
2023/2024;LM-67;UMBRIA;MARCHE;29
2023/2024;LM-88;EMILIA ROMAGNA;VENETO;29
2023/2024;LM-87;VENETO;FRIULI VENEZIA GIULIA;29
2023/2024;LM-87;TOSCANA;SICILIA;29
2023/2024;LM-87;MOLISE;CAMPANIA;29
2023/2024;LM-86;SICILIA;SICILIA;29
2023/2024;LM-85 bis;UMBRIA;CAMPANIA;29
2023/2024;LM-85 bis;EMILIA ROMAGNA;Provincia autonoma di TRENTO;29
2023/2024;LMG/01;PIEMONTE;SARDEGNA;29
2023/2024;LM-Data;VENETO;REGIONE ESTERA;29
2023/2024;LMG/01;ABRUZZO;MARCHE;29
2024/2025;LM-56;EMILIA ROMAGNA;CAMPANIA;29
2024/2025;LM-59;LAZIO;UMBRIA;29
2024/2025;LM-51;UMBRIA;EMILIA ROMAGNA;29
2024/2025;LM-52;TOSCANA;SICILIA;29
2024/2025;LM-52;PIEMONTE;PUGLIA;29
2024/2025;LM-67;LAZIO;REGIONE ESTERA;29
2024/2025;LM-65;LAZIO;CALABRIA;29
2024/2025;LM-60;EMILIA ROMAGNA;VENETO;29
2024/2025;LM-6;LOMBARDIA;VENETO;29
2024/2025;LM-62;SICILIA;REGIONE ESTERA;29
2024/2025;LM-41;CALABRIA;PIEMONTE;29
2024/2025;LM-39;LAZIO;CAMPANIA;29
2024/2025;LM-39;EMILIA ROMAGNA;MARCHE;29
2024/2025;LM-38;VENETO;MARCHE;29
2024/2025;LM-4;LOMBARDIA;MARCHE;29
2024/2025;LM-4;LOMBARDIA;SICILIA;29
2024/2025;LM-46;EMILIA ROMAGNA;PUGLIA;29
2024/2025;LM-46;LOMBARDIA;EMILIA ROMAGNA;29
2024/2025;LM-4cu;CAMPANIA;LAZIO;29
2024/2025;LM-77;Provincia autonoma di TRENTO;LOMBARDIA;29
2024/2025;LM-78;LOMBARDIA;SICILIA;29
2024/2025;LM-7;LAZIO;LAZIO;29
2024/2025;LM-74;UMBRIA;UMBRIA;29
2024/2025;LM-77;LOMBARDIA;MOLISE;29
2024/2025;LM-84;EMILIA ROMAGNA;ABRUZZO;29
2024/2025;LM-85 bis;CAMPANIA;PUGLIA;29
2024/2025;LM-85 bis;UMBRIA;MARCHE;29
2024/2025;LM-86;SICILIA;SICILIA;29
2024/2025;LM-9;Provincia autonoma di TRENTO;VENETO;29
2024/2025;LMG/01;LAZIO;FRIULI VENEZIA GIULIA;29
2024/2025;LMG/01;TOSCANA;UMBRIA;29
2024/2025;LMG/01;TOSCANA;ABRUZZO;28
2024/2025;LM-9;CAMPANIA;REGIONE ESTERA;28
2024/2025;LM-87;Provincia autonoma di TRENTO;VENETO;28
2024/2025;LM-88;EMILIA ROMAGNA;VENETO;28
2024/2025;LM-85 bis;CAMPANIA;LAZIO;28
2024/2025;LM-84;EMILIA ROMAGNA;PUGLIA;28
2024/2025;LM-83;EMILIA ROMAGNA;EMILIA ROMAGNA;28
2024/2025;LM-82;LOMBARDIA;PIEMONTE;28
2024/2025;LM-84;VENETO;Provincia autonoma di TRENTO;28
2024/2025;LM-75;PIEMONTE;PIEMONTE;28
2024/2025;LM-75;SARDEGNA;SARDEGNA;28
2024/2025;LM-75;VENETO;REGIONE ESTERA;28
2024/2025;LM-73;LOMBARDIA;LOMBARDIA;28
2024/2025;LM-78;LOMBARDIA;EMILIA ROMAGNA;28
2024/2025;LM-77;VENETO;MARCHE;28
2024/2025;LM-81;CALABRIA;CALABRIA;28
2024/2025;LM-8;TOSCANA;REGIONE ESTERA;28
2024/2025;LM-8;EMILIA ROMAGNA;SICILIA;28
2024/2025;LM-4cu;LOMBARDIA;PIEMONTE;28
2024/2025;LM-4cu;LIGURIA;LIGURIA;28
2024/2025;LM-4cu;TOSCANA;BASILICATA;28
2024/2025;LM-4cu;Provincia autonoma di TRENTO;LOMBARDIA;28
2024/2025;LM-51;LOMBARDIA;MARCHE;28
2024/2025;LM-5;LOMBARDIA;LOMBARDIA;28
2024/2025;LM-46;LOMBARDIA;PUGLIA;28
2024/2025;LM-46;LAZIO;TOSCANA;28
2024/2025;LM-46;LAZIO;VENETO;28
2024/2025;LM-44;PIEMONTE;SICILIA;28
2024/2025;LM-42;MARCHE;LAZIO;28
2024/2025;LM-42;UMBRIA;LOMBARDIA;28
2024/2025;LM-39;TOSCANA;LAZIO;28
2024/2025;LM-40;TOSCANA;REGIONE ESTERA;28
2024/2025;LM-41;LIGURIA;EMILIA ROMAGNA;28
2024/2025;LM-41;MOLISE;EMILIA ROMAGNA;28
2024/2025;LM-6;LAZIO;UMBRIA;28
2024/2025;LM-60;TOSCANA;REGIONE ESTERA;28
2024/2025;LM-6;TOSCANA;VENETO;28
2024/2025;LM-6;SICILIA;CALABRIA;28
2024/2025;LM-63;LOMBARDIA;PIEMONTE;28
2024/2025;LM-63;LOMBARDIA;PUGLIA;28
2024/2025;LM-67;UMBRIA;TOSCANA;28
2024/2025;LM-52;PIEMONTE;TOSCANA;28
2024/2025;LM-52;VENETO;LAZIO;28
2024/2025;LM-54;FRIULI VENEZIA GIULIA;FRIULI VENEZIA GIULIA;28
2024/2025;LM-54;EMILIA ROMAGNA;PUGLIA;28
2024/2025;LM-53;LAZIO;REGIONE ESTERA;28
2024/2025;LM-51;Provincia autonoma di TRENTO;LOMBARDIA;28
2024/2025;LM-59;LAZIO;TOSCANA;28
2024/2025;LM-56;VENETO;LOMBARDIA;28
2024/2025;LM-56;LOMBARDIA;TOSCANA;28
2023/2024;LMG/01;MARCHE;CAMPANIA;28
2023/2024;LM-92;SICILIA;REGIONE ESTERA;28
2023/2024;LMG/01;Provincia autonoma di TRENTO;CALABRIA;28
2023/2024;LMG/01;Provincia autonoma di TRENTO;PIEMONTE;28
2023/2024;LMG/01;TOSCANA;UMBRIA;28
2023/2024;L-P01;LOMBARDIA;PIEMONTE;28
2023/2024;L-P02;PUGLIA;PUGLIA;28
2023/2024;L-P03;MARCHE;MARCHE;28
2023/2024;LM-Sc.Mat.;LOMBARDIA;REGIONE ESTERA;28
2024/2025;99999;PIEMONTE;VALLE D'AOSTA;28
2024/2025;99999;LAZIO;MOLISE;28
2024/2025;99999;LIGURIA;PIEMONTE;28
2024/2025;99999;PIEMONTE;LOMBARDIA;28
2024/2025;L/DS;EMILIA ROMAGNA;EMILIA ROMAGNA;28
2023/2024;LM-85 bis;LOMBARDIA;CALABRIA;28
2023/2024;LM-85 bis;MOLISE;LAZIO;28
2023/2024;LM-85 bis;CAMPANIA;LAZIO;28
2023/2024;LM-89;EMILIA ROMAGNA;CAMPANIA;28
2023/2024;LM-9;PUGLIA;BASILICATA;28
2023/2024;LM-9;PIEMONTE;PUGLIA;28
2023/2024;LM-67;MARCHE;EMILIA ROMAGNA;28
2023/2024;LM-69;BASILICATA;BASILICATA;28
2023/2024;LM-73;MARCHE;MARCHE;28
2023/2024;LM-73;LAZIO;REGIONE ESTERA;28
2023/2024;LM-63;CAMPANIA;PUGLIA;28
2023/2024;LM-61;TOSCANA;CALABRIA;28
2023/2024;LM-61;LAZIO;PUGLIA;28
2023/2024;LM-65;VENETO;EMILIA ROMAGNA;28
2023/2024;LM-77;VENETO;MARCHE;28
2023/2024;LM-77;VENETO;TOSCANA;28
2023/2024;LM-75;PIEMONTE;PIEMONTE;28
2023/2024;LM-74;UMBRIA;UMBRIA;28
2023/2024;LM-77;LAZIO;FRIULI VENEZIA GIULIA;28
2023/2024;LM-82;EMILIA ROMAGNA;VENETO;28
2023/2024;LM-78;LOMBARDIA;SICILIA;28
2024/2025;L-2;LAZIO;UMBRIA;28
2024/2025;L-19;LOMBARDIA;VENETO;28
2024/2025;L-20;TOSCANA;LOMBARDIA;28
2024/2025;L-22;LAZIO;TOSCANA;28
2024/2025;L-17;LAZIO;PUGLIA;28
2024/2025;L-14;TOSCANA;REGIONE ESTERA;28
2024/2025;L-17;VENETO;EMILIA ROMAGNA;28
2024/2025;L-1;EMILIA ROMAGNA;REGIONE ESTERA;28
2024/2025;L-1;LAZIO;MARCHE;28
2024/2025;L/SNT4;MOLISE;MOLISE;28
2024/2025;L/SNT3;VENETO;FRIULI VENEZIA GIULIA;28
2024/2025;L/SNT3;LOMBARDIA;EMILIA ROMAGNA;28
2024/2025;L-1;TOSCANA;LAZIO;28
2024/2025;L/SNT1;Provincia autonoma di BOLZANO;Provincia autonoma di TRENTO;28
2024/2025;L/SNT2;LAZIO;ABRUZZO;28
2024/2025;L/SNT1;TOSCANA;REGIONE ESTERA;28
2024/2025;L-11;MARCHE;REGIONE ESTERA;28
2024/2025;L-11;EMILIA ROMAGNA;PIEMONTE;28
2024/2025;L-11;CAMPANIA;MOLISE;28
2024/2025;L-13;UMBRIA;BASILICATA;28
2024/2025;L-13;VENETO;Provincia autonoma di TRENTO;28
2024/2025;LM-22;EMILIA ROMAGNA;CAMPANIA;28
2024/2025;LM-24;SICILIA;SICILIA;28
2024/2025;LM-33;PIEMONTE;EMILIA ROMAGNA;28
2024/2025;LM-37;LAZIO;CALABRIA;28
2024/2025;LM-37;LAZIO;SICILIA;28
2024/2025;LM-37;MARCHE;PUGLIA;28
2024/2025;LM-38;PIEMONTE;LIGURIA;28
2024/2025;LM-38;LOMBARDIA;CAMPANIA;28
2024/2025;LM-31;PIEMONTE;MARCHE;28
2024/2025;LM-31;EMILIA ROMAGNA;TOSCANA;28
2024/2025;LM-33;LOMBARDIA;ABRUZZO;28
2024/2025;LM-18;PIEMONTE;PUGLIA;28
2024/2025;LM-18;LOMBARDIA;PIEMONTE;28
2024/2025;LM-13;PIEMONTE;LIGURIA;28
2024/2025;LM-14;EMILIA ROMAGNA;ABRUZZO;28
2024/2025;LM-13;UMBRIA;SICILIA;28
2024/2025;LM-13;UMBRIA;CALABRIA;28
2024/2025;LM-15;SARDEGNA;SARDEGNA;28
2024/2025;LM/SNT1;EMILIA ROMAGNA;LOMBARDIA;28
2024/2025;L-9;LOMBARDIA;PUGLIA;28
2024/2025;L-9;LIGURIA;SARDEGNA;28
2024/2025;LM-1;EMILIA ROMAGNA;VENETO;28
2024/2025;LM/SNT1;MOLISE;PUGLIA;28
2024/2025;LM/SNT3;ABRUZZO;ABRUZZO;28
2024/2025;L-34;BASILICATA;BASILICATA;28
2024/2025;L-35;EMILIA ROMAGNA;PUGLIA;28
2024/2025;L-33;EMILIA ROMAGNA;CALABRIA;28
2024/2025;L-32;VENETO;FRIULI VENEZIA GIULIA;28
2024/2025;L-30;LAZIO;UMBRIA;28
2024/2025;L-31;LOMBARDIA;MARCHE;28
2024/2025;L-29;LAZIO;REGIONE ESTERA;28
2024/2025;L-24;PIEMONTE;CALABRIA;28
2024/2025;L-26;EMILIA ROMAGNA;PUGLIA;28
2024/2025;L-25;PIEMONTE;LIGURIA;28
2024/2025;L-5;LOMBARDIA;SICILIA;28
2024/2025;L-5;VENETO;SICILIA;28
2024/2025;L-5;EMILIA ROMAGNA;BASILICATA;28
2024/2025;L-5;EMILIA ROMAGNA;LAZIO;28
2024/2025;L-40;VENETO;LOMBARDIA;28
2024/2025;L-40;UMBRIA;MARCHE;28
2024/2025;L-41;EMILIA ROMAGNA;VENETO;28
2024/2025;L-8;LAZIO;MARCHE;28
2024/2025;L-7;LOMBARDIA;EMILIA ROMAGNA;28
2024/2025;L-36;EMILIA ROMAGNA;UMBRIA;28
2024/2025;L-38;SICILIA;CALABRIA;28
2024/2025;L-40;Provincia autonoma di TRENTO;Provincia autonoma di BOLZANO;28
2024/2025;L-40;ABRUZZO;CALABRIA;28
2024/2025;L-40;EMILIA ROMAGNA;LOMBARDIA;28
2024/2025;L-39;EMILIA ROMAGNA;PUGLIA;28
2024/2025;L-4;LOMBARDIA;SARDEGNA;28
2024/2025;L-39;VENETO;FRIULI VENEZIA GIULIA;28
2023/2024;LM-6;CAMPANIA;REGIONE ESTERA;28
2023/2024;LM-59;EMILIA ROMAGNA;VENETO;28
2023/2024;LM-59;LAZIO;MARCHE;28
2023/2024;LM-59;LAZIO;TOSCANA;28
2023/2024;LM-51;UMBRIA;CAMPANIA;28
2023/2024;LM-47;LAZIO;CAMPANIA;28
2023/2024;LM-41;PUGLIA;EMILIA ROMAGNA;28
2023/2024;LM-41;LIGURIA;SICILIA;28
2023/2024;LM-42;MARCHE;LAZIO;28
2023/2024;LM-42;MARCHE;TOSCANA;28
2023/2024;LM-42;TOSCANA;LIGURIA;28
2023/2024;LM-43;PUGLIA;PUGLIA;28
2023/2024;LM-46;ABRUZZO;MOLISE;28
2023/2024;LM-39;TOSCANA;LIGURIA;28
2023/2024;LM-4;VENETO;CAMPANIA;28
2023/2024;LM-4;LOMBARDIA;FRIULI VENEZIA GIULIA;28
2023/2024;LM-38;LOMBARDIA;LIGURIA;28
2023/2024;LM-38;LOMBARDIA;VENETO;28
2023/2024;L-5;EMILIA ROMAGNA;BASILICATA;28
2023/2024;L-7;MOLISE;MOLISE;28
2023/2024;L-7;LAZIO;CAMPANIA;28
2023/2024;L-9;LIGURIA;SARDEGNA;28
2023/2024;LM-13;PIEMONTE;LIGURIA;28
2023/2024;LM/SNT1;SICILIA;CALABRIA;28
2023/2024;LM/SNT2;ABRUZZO;ABRUZZO;28
2023/2024;L-9;TOSCANA;LOMBARDIA;28
2023/2024;LM-16;EMILIA ROMAGNA;TOSCANA;28
2023/2024;LM-16;EMILIA ROMAGNA;CAMPANIA;28
2023/2024;LM-20;LOMBARDIA;MARCHE;28
2023/2024;LM-31;EMILIA ROMAGNA;TOSCANA;28
2023/2024;LM-31;LOMBARDIA;PIEMONTE;28
2023/2024;LM-32;LOMBARDIA;FRIULI VENEZIA GIULIA;28
2023/2024;L-25;LOMBARDIA;VENETO;28
2023/2024;L-26;EMILIA ROMAGNA;VENETO;28
2023/2024;L-3;TOSCANA;PUGLIA;28
2023/2024;L-24;MOLISE;CAMPANIA;28
2023/2024;L-24;TOSCANA;LOMBARDIA;28
2023/2024;L-22;UMBRIA;SARDEGNA;28
2023/2024;L-23;LOMBARDIA;PIEMONTE;28
2023/2024;L-24;CAMPANIA;LAZIO;28
2023/2024;L-20;LAZIO;EMILIA ROMAGNA;28
2023/2024;L-22;CAMPANIA;CALABRIA;28
2023/2024;L-20;UMBRIA;TOSCANA;28
2023/2024;L-31;PIEMONTE;CALABRIA;28
2023/2024;L-32;LIGURIA;PIEMONTE;28
2023/2024;L-33;CALABRIA;REGIONE ESTERA;28
2023/2024;L-33;MARCHE;EMILIA ROMAGNA;28
2023/2024;L-35;LAZIO;ABRUZZO;28
2023/2024;L-33;TOSCANA;CALABRIA;28
2023/2024;L-38;VENETO;LOMBARDIA;28
2023/2024;L-4;CALABRIA;SICILIA;28
2023/2024;L-37;MARCHE;MARCHE;28
2023/2024;L-36;TOSCANA;EMILIA ROMAGNA;28
2023/2024;L-36;TOSCANA;UMBRIA;28
2023/2024;L-42;PIEMONTE;VALLE D'AOSTA;28
2023/2024;L-40;UMBRIA;SICILIA;28
2023/2024;L-4;PIEMONTE;REGIONE ESTERA;28
2023/2024;L-4;UMBRIA;BASILICATA;28
2023/2024;L-40;ABRUZZO;CALABRIA;28
2023/2024;99999;Provincia autonoma di TRENTO;Provincia autonoma di BOLZANO;28
2023/2024;99999;MARCHE;PUGLIA;28
2023/2024;99999;PUGLIA;CALABRIA;28
2023/2024;99999;ABRUZZO;PUGLIA;28
2023/2024;99999;LAZIO;PUGLIA;28
2023/2024;99999;MARCHE;CAMPANIA;28
2023/2024;L-1;LAZIO;TOSCANA;28
2023/2024;L-1;LOMBARDIA;VENETO;28
2023/2024;L-11;CAMPANIA;MOLISE;28
2023/2024;L-1;VENETO;TOSCANA;28
2023/2024;L-13;LAZIO;TOSCANA;28
2023/2024;L-13;LOMBARDIA;EMILIA ROMAGNA;28
2023/2024;L-13;LAZIO;ABRUZZO;28
2023/2024;L-12;PIEMONTE;CALABRIA;28
2023/2024;L-12;TOSCANA;CALABRIA;28
2023/2024;L-14;Provincia autonoma di TRENTO;REGIONE ESTERA;28
2023/2024;L-13;PIEMONTE;VALLE D'AOSTA;28
2023/2024;L-18;Provincia autonoma di BOLZANO;LOMBARDIA;28
2023/2024;L-19;BASILICATA;CAMPANIA;28
2023/2024;L-19;EMILIA ROMAGNA;BASILICATA;28
2023/2024;L-18;LIGURIA;LOMBARDIA;28
2023/2024;L-18;LOMBARDIA;VALLE D'AOSTA;28
2023/2024;L-18;PIEMONTE;EMILIA ROMAGNA;27
2023/2024;L-18;LAZIO;LIGURIA;27
2023/2024;L-15;VENETO;FRIULI VENEZIA GIULIA;27
2023/2024;L-15;VENETO;LOMBARDIA;27
2023/2024;L-2;LAZIO;CALABRIA;27
2023/2024;L-13;VENETO;EMILIA ROMAGNA;27
2023/2024;L-12;LOMBARDIA;LAZIO;27
2023/2024;L-11;VENETO;UMBRIA;27
2023/2024;L-1;TOSCANA;LAZIO;27
2023/2024;L-10;VENETO;MARCHE;27
2023/2024;L-10;VENETO;EMILIA ROMAGNA;27
2023/2024;L-1;LOMBARDIA;REGIONE ESTERA;27
2023/2024;L-1;TOSCANA;ABRUZZO;27
2023/2024;L/SNT3;PUGLIA;BASILICATA;27
2023/2024;L/SNT3;VENETO;FRIULI VENEZIA GIULIA;27
2023/2024;L/SNT1;TOSCANA;LIGURIA;27
2023/2024;L/SNT1;Provincia autonoma di BOLZANO;Provincia autonoma di TRENTO;27
2023/2024;L-40;ABRUZZO;SARDEGNA;27
2023/2024;L-40;LAZIO;PUGLIA;27
2023/2024;L-40;EMILIA ROMAGNA;VENETO;27
2023/2024;L-4;TOSCANA;CALABRIA;27
2023/2024;L-4;Provincia autonoma di BOLZANO;VENETO;27
2023/2024;L-41;EMILIA ROMAGNA;TOSCANA;27
2023/2024;L-41;VENETO;LOMBARDIA;27
2023/2024;L-37;EMILIA ROMAGNA;LOMBARDIA;27
2023/2024;L-38;TOSCANA;LAZIO;27
2023/2024;L-39;CAMPANIA;BASILICATA;27
2023/2024;L-33;TOSCANA;LAZIO;27
2023/2024;L-36;LOMBARDIA;MARCHE;27
2023/2024;L-35;PUGLIA;BASILICATA;27
2023/2024;L-31;PIEMONTE;BASILICATA;27
2023/2024;L-31;TOSCANA;BASILICATA;27
2023/2024;L-20;SICILIA;REGIONE ESTERA;27
2023/2024;L-22;LOMBARDIA;SICILIA;27
2023/2024;L-20;LAZIO;LOMBARDIA;27
2023/2024;L-20;PIEMONTE;EMILIA ROMAGNA;27
2023/2024;L-20;PIEMONTE;VENETO;27
2023/2024;L-24;LOMBARDIA;CAMPANIA;27
2023/2024;L-25;EMILIA ROMAGNA;ABRUZZO;27
2023/2024;L-3;TOSCANA;SICILIA;27
2023/2024;L-3;VENETO;LOMBARDIA;27
2023/2024;L-29;MARCHE;ABRUZZO;27
2023/2024;L-28;CAMPANIA;SICILIA;27
2023/2024;LM-31;PIEMONTE;UMBRIA;27
2023/2024;LM-3;LIGURIA;LOMBARDIA;27
2023/2024;LM-22;LOMBARDIA;EMILIA ROMAGNA;27
2023/2024;LM-21;VENETO;SICILIA;27
2023/2024;LM-25;LOMBARDIA;PUGLIA;27
2023/2024;LM-21;FRIULI VENEZIA GIULIA;FRIULI VENEZIA GIULIA;27
2023/2024;LM-21;PIEMONTE;LIGURIA;27
2023/2024;LM-18;TOSCANA;CAMPANIA;27
2023/2024;LM-16;EMILIA ROMAGNA;SICILIA;27
2023/2024;LM-16;UMBRIA;UMBRIA;27
2023/2024;LM-14;TOSCANA;LIGURIA;27
2023/2024;LM-14;TOSCANA;PUGLIA;27
2023/2024;LM-14;SICILIA;CALABRIA;27
2023/2024;LM-17;MARCHE;MARCHE;27
2023/2024;LM-17;EMILIA ROMAGNA;TOSCANA;27
2023/2024;LM/SC-GIUR;MARCHE;MARCHE;27
2023/2024;LM-13;MARCHE;VENETO;27
2023/2024;LM-12;LOMBARDIA;FRIULI VENEZIA GIULIA;27
2023/2024;LM-12;MARCHE;MARCHE;27
2023/2024;L-9;EMILIA ROMAGNA;Provincia autonoma di BOLZANO;27
2023/2024;L-7;EMILIA ROMAGNA;SICILIA;27
2023/2024;L-8;CAMPANIA;CALABRIA;27
2023/2024;L-5;EMILIA ROMAGNA;LIGURIA;27
2023/2024;L-5;LOMBARDIA;TOSCANA;27
2023/2024;LM-33;EMILIA ROMAGNA;LIGURIA;27
2023/2024;LM-37;EMILIA ROMAGNA;TOSCANA;27
2023/2024;LM-35;TOSCANA;REGIONE ESTERA;27
2023/2024;LM-36;CAMPANIA;PUGLIA;27
2023/2024;LM-41;SICILIA;BASILICATA;27
2023/2024;LM-41;LIGURIA;REGIONE ESTERA;27
2023/2024;LM-41;MOLISE;EMILIA ROMAGNA;27
2023/2024;LM-4cu;CAMPANIA;LAZIO;27
2023/2024;LM-4cu;LOMBARDIA;PIEMONTE;27
2023/2024;LM-52;EMILIA ROMAGNA;PUGLIA;27
2023/2024;LM-52;EMILIA ROMAGNA;SARDEGNA;27
2023/2024;LM-50;EMILIA ROMAGNA;MARCHE;27
2023/2024;LM-51;LOMBARDIA;MARCHE;27
2023/2024;LM-6;CAMPANIA;PUGLIA;27
2023/2024;LM-53;Provincia autonoma di TRENTO;Provincia autonoma di TRENTO;27
2023/2024;LM-53;PIEMONTE;REGIONE ESTERA;27
2023/2024;LM-53;TOSCANA;REGIONE ESTERA;27
2023/2024;LM-54;EMILIA ROMAGNA;MARCHE;27
2023/2024;LM-56;LAZIO;MARCHE;27
2024/2025;L-4;EMILIA ROMAGNA;PUGLIA;27
2024/2025;L-4;LOMBARDIA;FRIULI VENEZIA GIULIA;27
2024/2025;L-40;LAZIO;ABRUZZO;27
2024/2025;L-40;LOMBARDIA;EMILIA ROMAGNA;27
2024/2025;L-4;Provincia autonoma di BOLZANO;Provincia autonoma di TRENTO;27
2024/2025;L-4;UMBRIA;CAMPANIA;27
2024/2025;L-37;EMILIA ROMAGNA;VENETO;27
2024/2025;L-36;TOSCANA;LOMBARDIA;27
2024/2025;L-8;UMBRIA;TOSCANA;27
2024/2025;L-42;PIEMONTE;VALLE D'AOSTA;27
2024/2025;L-24;MARCHE;UMBRIA;27
2024/2025;L-24;Provincia autonoma di TRENTO;EMILIA ROMAGNA;27
2024/2025;L-24;VENETO;SARDEGNA;27
2024/2025;L-3;EMILIA ROMAGNA;PIEMONTE;27
2024/2025;L-27;PIEMONTE;PUGLIA;27
2024/2025;L-31;EMILIA ROMAGNA;CALABRIA;27
2024/2025;L-33;CAMPANIA;BASILICATA;27
2024/2025;L-32;PIEMONTE;VALLE D'AOSTA;27
2024/2025;L-32;PUGLIA;BASILICATA;27
2024/2025;L-35;LAZIO;ABRUZZO;27
2024/2025;L-33;TOSCANA;UMBRIA;27
2024/2025;LM/SNT4;MOLISE;CAMPANIA;27
2024/2025;LM-11;LOMBARDIA;LOMBARDIA;27
2024/2025;LM-13;BASILICATA;PUGLIA;27
2024/2025;LM-13;EMILIA ROMAGNA;FRIULI VENEZIA GIULIA;27
2024/2025;LM-16;LOMBARDIA;LAZIO;27
2024/2025;LM-16;EMILIA ROMAGNA;TOSCANA;27
2024/2025;LM-13;MARCHE;VENETO;27
2024/2025;LM-17;TOSCANA;CALABRIA;27
2024/2025;LM-17;LOMBARDIA;REGIONE ESTERA;27
2024/2025;LM-17;EMILIA ROMAGNA;LOMBARDIA;27
2024/2025;LM-18;Provincia autonoma di BOLZANO;Provincia autonoma di BOLZANO;27
2024/2025;LM-18;Provincia autonoma di TRENTO;REGIONE ESTERA;27
2024/2025;LM-18;TOSCANA;CAMPANIA;27
2024/2025;LM-19;EMILIA ROMAGNA;CAMPANIA;27
2024/2025;LM-2;EMILIA ROMAGNA;SICILIA;27
2024/2025;LM-33;LOMBARDIA;TOSCANA;27
2024/2025;LM-33;LOMBARDIA;PIEMONTE;27
2024/2025;LM-33;EMILIA ROMAGNA;UMBRIA;27
2024/2025;LM-32;LAZIO;SICILIA;27
2024/2025;LM-38;MARCHE;PUGLIA;27
2024/2025;LM-37;LAZIO;ABRUZZO;27
2024/2025;LM-34;FRIULI VENEZIA GIULIA;VENETO;27
2024/2025;LM-36;VENETO;SICILIA;27
2024/2025;LM-22;PIEMONTE;PUGLIA;27
2024/2025;LM-20;LAZIO;PUGLIA;27
2024/2025;LM-20;LOMBARDIA;CAMPANIA;27
2024/2025;LM-21;MARCHE;ABRUZZO;27
2024/2025;L-14;EMILIA ROMAGNA;CALABRIA;27
2024/2025;L-13;PIEMONTE;VALLE D'AOSTA;27
2024/2025;L-12;TOSCANA;LAZIO;27
2024/2025;L-11;EMILIA ROMAGNA;CAMPANIA;27
2024/2025;L-10;TOSCANA;VENETO;27
2024/2025;L-10;MOLISE;CAMPANIA;27
2024/2025;L-11;LOMBARDIA;LIGURIA;27
2024/2025;L-11;TOSCANA;UMBRIA;27
2024/2025;L-1;Provincia autonoma di TRENTO;LOMBARDIA;27
2024/2025;L-1;VENETO;TOSCANA;27
2024/2025;L-18;LAZIO;LIGURIA;27
2024/2025;L-18;PIEMONTE;SARDEGNA;27
2024/2025;L-19;EMILIA ROMAGNA;CAMPANIA;27
2024/2025;L-18;VENETO;PUGLIA;27
2024/2025;L-22;LAZIO;PUGLIA;27
2024/2025;L-22;MOLISE;PUGLIA;27
2024/2025;L-21;BASILICATA;PUGLIA;27
2024/2025;L-19;UMBRIA;MARCHE;27
2024/2025;L-20;LOMBARDIA;BASILICATA;27
2024/2025;L-20;LAZIO;LOMBARDIA;27
2024/2025;L-20;PIEMONTE;EMILIA ROMAGNA;27
2023/2024;LM-78;LAZIO;CAMPANIA;27
2023/2024;LM-78;TOSCANA;SICILIA;27
2023/2024;LM-80;TOSCANA;REGIONE ESTERA;27
2023/2024;LM-84;EMILIA ROMAGNA;LAZIO;27
2023/2024;LM-84;Provincia autonoma di TRENTO;VENETO;27
2023/2024;LM-76;LOMBARDIA;PIEMONTE;27
2023/2024;LM-77;Provincia autonoma di TRENTO;EMILIA ROMAGNA;27
2023/2024;LM-77;LOMBARDIA;MOLISE;27
2023/2024;LM-65;LAZIO;CALABRIA;27
2023/2024;LM-61;LOMBARDIA;VENETO;27
2023/2024;LM-71;VENETO;REGIONE ESTERA;27
2023/2024;LM-70;PIEMONTE;LOMBARDIA;27
2023/2024;LM-9;EMILIA ROMAGNA;LOMBARDIA;27
2023/2024;LM-9;TOSCANA;SICILIA;27
2023/2024;LM-88;VENETO;LOMBARDIA;27
2023/2024;LM-89;LOMBARDIA;EMILIA ROMAGNA;27
2023/2024;LM-89;LAZIO;UMBRIA;27
2023/2024;LM-85 bis;CAMPANIA;PUGLIA;27
2023/2024;LM-85 bis;UMBRIA;MARCHE;27
2023/2024;LM-85 bis;UMBRIA;PUGLIA;27
2023/2024;LM-86;ABRUZZO;ABRUZZO;27
2023/2024;LM-85 bis;VENETO;FRIULI VENEZIA GIULIA;27
2023/2024;LM-Sc.Mat.;LIGURIA;LIGURIA;27
2023/2024;LM-92;PIEMONTE;SICILIA;27
2023/2024;LM-92;CAMPANIA;CAMPANIA;27
2023/2024;LM-94;LAZIO;CAMPANIA;27
2023/2024;LMG/01;ABRUZZO;LAZIO;27
2023/2024;LMG/01;CAMPANIA;MOLISE;27
2024/2025;LM-56;PIEMONTE;SICILIA;27
2024/2025;LM-51;VENETO;ABRUZZO;27
2024/2025;LM-51;VENETO;UMBRIA;27
2024/2025;LM-52;LIGURIA;REGIONE ESTERA;27
2024/2025;LM-52;LAZIO;UMBRIA;27
2024/2025;LM-52;VENETO;SICILIA;27
2024/2025;LM-65;LAZIO;ABRUZZO;27
2024/2025;LM-60;VENETO;REGIONE ESTERA;27
2024/2025;LM-6;LAZIO;CALABRIA;27
2024/2025;LM-6;MARCHE;LAZIO;27
2024/2025;LM-6;MARCHE;VENETO;27
2024/2025;LM-62;LOMBARDIA;PIEMONTE;27
2024/2025;LM-62;ABRUZZO;CAMPANIA;27
2024/2025;LM-41;SICILIA;MARCHE;27
2024/2025;LM-41;CAMPANIA;MOLISE;27
2024/2025;LM-41;CALABRIA;VENETO;27
2024/2025;LM-39;TOSCANA;LIGURIA;27
2024/2025;LM-4;PIEMONTE;LIGURIA;27
2024/2025;LM-46;SARDEGNA;SICILIA;27
2024/2025;LM-50;EMILIA ROMAGNA;SICILIA;27
2024/2025;LM-77;Provincia autonoma di TRENTO;EMILIA ROMAGNA;27
2024/2025;LM-73;SARDEGNA;SARDEGNA;27
2024/2025;LM-70;EMILIA ROMAGNA;SICILIA;27
2024/2025;LM-77;LAZIO;FRIULI VENEZIA GIULIA;27
2024/2025;LM-77;EMILIA ROMAGNA;FRIULI VENEZIA GIULIA;27
2024/2025;LM-85 bis;ABRUZZO;PUGLIA;27
2024/2025;LM-89;VENETO;EMILIA ROMAGNA;27
2024/2025;LM-89;VENETO;REGIONE ESTERA;27
2024/2025;LM-87;PIEMONTE;PUGLIA;27
2024/2025;LM-87;PIEMONTE;LIGURIA;27
2024/2025;LM-87;EMILIA ROMAGNA;PUGLIA;27
2024/2025;LM-85 bis;UMBRIA;EMILIA ROMAGNA;27
2024/2025;LM-92;LOMBARDIA;PIEMONTE;27
2024/2025;LM-Sc.Mat.;PIEMONTE;REGIONE ESTERA;27
2024/2025;LMG/01;LAZIO;LIGURIA;27
2024/2025;LMG/01;ABRUZZO;LAZIO;27
2024/2025;LM-Data;LAZIO;REGIONE ESTERA;26
2024/2025;LMG/01;FRIULI VENEZIA GIULIA;REGIONE ESTERA;26
2024/2025;LMG/01;Provincia autonoma di TRENTO;CAMPANIA;26
2024/2025;LM-92;PIEMONTE;SICILIA;26
2024/2025;LM-94;PIEMONTE;PUGLIA;26
2024/2025;LM-9;EMILIA ROMAGNA;CALABRIA;26
2024/2025;LM-9;TOSCANA;SICILIA;26
2024/2025;LM-91;CAMPANIA;REGIONE ESTERA;26
2024/2025;L-Sc.Mat.;LIGURIA;LIGURIA;26
2024/2025;LM-87;PIEMONTE;LOMBARDIA;26
2024/2025;LM-87;MOLISE;MOLISE;26
2024/2025;LM-89;LAZIO;ABRUZZO;26
2024/2025;LM-85;PUGLIA;BASILICATA;26
2024/2025;LM-75;EMILIA ROMAGNA;REGIONE ESTERA;26
2024/2025;LM-77;TOSCANA;LAZIO;26
2024/2025;LM-79;TOSCANA;TOSCANA;26
2024/2025;LM-78;Provincia autonoma di TRENTO;VENETO;26
2024/2025;LM-51;EMILIA ROMAGNA;LIGURIA;26
2024/2025;LM-4cu;LAZIO;MOLISE;26
2024/2025;LM-4cu;LOMBARDIA;EMILIA ROMAGNA;26
2024/2025;LM-4cu;EMILIA ROMAGNA;CAMPANIA;26
2024/2025;LM-46;LOMBARDIA;VENETO;26
2024/2025;LM-46;ABRUZZO;MOLISE;26
2024/2025;LM-42;TOSCANA;LIGURIA;26
2024/2025;LM-42;UMBRIA;SICILIA;26
2024/2025;LM-42;MARCHE;TOSCANA;26
2024/2025;LM-44;ABRUZZO;ABRUZZO;26
2024/2025;LM-38;VENETO;Provincia autonoma di TRENTO;26
2024/2025;LM-40;EMILIA ROMAGNA;LOMBARDIA;26
2024/2025;LM-41;LIGURIA;SICILIA;26
2024/2025;LM-61;TOSCANA;CAMPANIA;26
2024/2025;LM-61;LOMBARDIA;PIEMONTE;26
2024/2025;LM-62;EMILIA ROMAGNA;REGIONE ESTERA;26
2024/2025;LM-6;FRIULI VENEZIA GIULIA;REGIONE ESTERA;26
2024/2025;LM-6;TOSCANA;PIEMONTE;26
2024/2025;LM-63;FRIULI VENEZIA GIULIA;VENETO;26
2024/2025;LM-69;TOSCANA;REGIONE ESTERA;26
2024/2025;LM-67;EMILIA ROMAGNA;SARDEGNA;26
2024/2025;LM-53;LOMBARDIA;REGIONE ESTERA;26
2024/2025;LM-53;Provincia autonoma di TRENTO;VENETO;26
2024/2025;LM-52;LOMBARDIA;LIGURIA;26
2024/2025;LM-52;LOMBARDIA;EMILIA ROMAGNA;26
2024/2025;LM-51;VENETO;Provincia autonoma di BOLZANO;26
2024/2025;LM-51;TOSCANA;LIGURIA;26
2024/2025;LM-56;PIEMONTE;LOMBARDIA;26
2024/2025;LM-55;Provincia autonoma di TRENTO;LOMBARDIA;26
2023/2024;LM-94;EMILIA ROMAGNA;TOSCANA;26
2023/2024;L-P02;EMILIA ROMAGNA;EMILIA ROMAGNA;26
2023/2024;LMG/01;TOSCANA;VENETO;26
2024/2025;99999;VENETO;FRIULI VENEZIA GIULIA;26
2024/2025;99999;LAZIO;PUGLIA;26
2023/2024;LM-87;ABRUZZO;PUGLIA;26
2023/2024;LM-85 bis;TOSCANA;SICILIA;26
2023/2024;LM-85;VENETO;EMILIA ROMAGNA;26
2023/2024;LM-90;MARCHE;MARCHE;26
2023/2024;LM-74;ABRUZZO;REGIONE ESTERA;26
2023/2024;LM-67;MARCHE;PUGLIA;26
2023/2024;LM-67;EMILIA ROMAGNA;SARDEGNA;26
2023/2024;LM-62;LAZIO;LOMBARDIA;26
2023/2024;LM-65;VENETO;LAZIO;26
2023/2024;LM-65;EMILIA ROMAGNA;CAMPANIA;26
2023/2024;LM-77;PIEMONTE;CALABRIA;26
2023/2024;LM-78;LAZIO;PUGLIA;26
2023/2024;LM-77;CAMPANIA;BASILICATA;26
2023/2024;LM-81;PUGLIA;PUGLIA;26
2023/2024;LM-82;LOMBARDIA;VENETO;26
2024/2025;L-20;ABRUZZO;MARCHE;26
2024/2025;L-2;PIEMONTE;SICILIA;26
2024/2025;L-19;PIEMONTE;VALLE D'AOSTA;26
2024/2025;L-19;MARCHE;REGIONE ESTERA;26
2024/2025;L-19;LAZIO;MOLISE;26
2024/2025;L-2;LOMBARDIA;SICILIA;26
2024/2025;L-2;ABRUZZO;PUGLIA;26
2024/2025;L-2;EMILIA ROMAGNA;LAZIO;26
2024/2025;L-21;VENETO;FRIULI VENEZIA GIULIA;26
2024/2025;L-24;ABRUZZO;UMBRIA;26
2024/2025;L-22;TOSCANA;LIGURIA;26
2024/2025;L-19;EMILIA ROMAGNA;BASILICATA;26
2024/2025;L-18;LOMBARDIA;VALLE D'AOSTA;26
2024/2025;L-14;LAZIO;PUGLIA;26
2024/2025;L-14;PIEMONTE;PUGLIA;26
2024/2025;L-17;LOMBARDIA;ABRUZZO;26
2024/2025;L-10;CAMPANIA;LAZIO;26
2024/2025;L-10;LAZIO;LOMBARDIA;26
2024/2025;L-1;LOMBARDIA;VENETO;26
2024/2025;L/SNT1;UMBRIA;LAZIO;26
2024/2025;L/SNT1;UMBRIA;MARCHE;26
2024/2025;L/SNT1;LIGURIA;LOMBARDIA;26
2024/2025;L/SNT1;LOMBARDIA;EMILIA ROMAGNA;26
2024/2025;L-11;TOSCANA;PUGLIA;26
2024/2025;L-11;LIGURIA;LOMBARDIA;26
2024/2025;L-11;PIEMONTE;VALLE D'AOSTA;26
2024/2025;L-10;PIEMONTE;CALABRIA;26
2024/2025;L-10;PIEMONTE;PUGLIA;26
2024/2025;L-10;LOMBARDIA;LIGURIA;26
2024/2025;L-11;LAZIO;BASILICATA;26
2024/2025;L-13;CAMPANIA;PUGLIA;26
2024/2025;L-12;EMILIA ROMAGNA;VENETO;26
2024/2025;L-13;MARCHE;VENETO;26
2024/2025;L-13;LAZIO;ABRUZZO;26
2024/2025;L-14;ABRUZZO;FRIULI VENEZIA GIULIA;26
2024/2025;LM-20;LOMBARDIA;MARCHE;26
2024/2025;LM-22;LOMBARDIA;CAMPANIA;26
2024/2025;LM-22;EMILIA ROMAGNA;MARCHE;26
2024/2025;LM-29;FRIULI VENEZIA GIULIA;FRIULI VENEZIA GIULIA;26
2024/2025;LM-30;Provincia autonoma di TRENTO;Provincia autonoma di TRENTO;26
2024/2025;LM-30;LOMBARDIA;SICILIA;26
2024/2025;LM-35;BASILICATA;BASILICATA;26
2024/2025;LM-33;PIEMONTE;VENETO;26
2024/2025;LM-38;MARCHE;ABRUZZO;26
2024/2025;LM-38;PIEMONTE;TOSCANA;26
2024/2025;LM-32;LAZIO;ABRUZZO;26
2024/2025;LM-19;VENETO;LOMBARDIA;26
2024/2025;LM-18;SICILIA;REGIONE ESTERA;26
2024/2025;LM-17;EMILIA ROMAGNA;TOSCANA;26
2024/2025;LM-18;CALABRIA;REGIONE ESTERA;26
2024/2025;LM-13;LAZIO;UMBRIA;26
2024/2025;LM-13;TOSCANA;UMBRIA;26
2024/2025;LM-16;EMILIA ROMAGNA;CAMPANIA;26
2024/2025;LM-15;MARCHE;MARCHE;26
2024/2025;LM-14;TOSCANA;CAMPANIA;26
2024/2025;LM-14;TOSCANA;PUGLIA;26
2024/2025;L-9;LIGURIA;EMILIA ROMAGNA;26
2024/2025;L-35;EMILIA ROMAGNA;ABRUZZO;26
2024/2025;L-34;EMILIA ROMAGNA;VENETO;26
2024/2025;L-31;LAZIO;LOMBARDIA;26
2024/2025;L-30;PIEMONTE;LIGURIA;26
2024/2025;L-30;VENETO;SICILIA;26
2024/2025;L-31;TOSCANA;ABRUZZO;26
2024/2025;L-27;PIEMONTE;SICILIA;26
2024/2025;L-29;MARCHE;ABRUZZO;26
2024/2025;L-29;MARCHE;CAMPANIA;26
2024/2025;L-28;PUGLIA;CAMPANIA;26
2024/2025;L-25;EMILIA ROMAGNA;MARCHE;26
2024/2025;L-24;Provincia autonoma di TRENTO;Provincia autonoma di BOLZANO;26
2024/2025;L-41;EMILIA ROMAGNA;TOSCANA;26
2024/2025;L-5;EMILIA ROMAGNA;SARDEGNA;26
2024/2025;L-5;LOMBARDIA;REGIONE ESTERA;26
2024/2025;L-5;FRIULI VENEZIA GIULIA;VENETO;26
2024/2025;L-5;VENETO;MARCHE;26
2024/2025;L-8;UMBRIA;LAZIO;26
2024/2025;L-8;Provincia autonoma di BOLZANO;Provincia autonoma di BOLZANO;26
2024/2025;L-8;EMILIA ROMAGNA;SARDEGNA;26
2024/2025;L-36;UMBRIA;REGIONE ESTERA;26
2024/2025;L-36;LOMBARDIA;ABRUZZO;26
2024/2025;L-4;UMBRIA;BASILICATA;26
2024/2025;L-4;TOSCANA;LOMBARDIA;26
2024/2025;L-4;PIEMONTE;REGIONE ESTERA;26
2024/2025;L-40;UMBRIA;CAMPANIA;26
2024/2025;L-40;ABRUZZO;LOMBARDIA;26
2023/2024;LM-53;Provincia autonoma di TRENTO;VENETO;26
2023/2024;LM-52;TOSCANA;LAZIO;26
2023/2024;LM-52;Provincia autonoma di TRENTO;VENETO;26
2023/2024;LM-52;VENETO;TOSCANA;26
2023/2024;LM-59;TOSCANA;SICILIA;26
2023/2024;LM-6;TOSCANA;VENETO;26
2023/2024;LM-6;TOSCANA;EMILIA ROMAGNA;26
2023/2024;LM-52;LAZIO;SARDEGNA;26
2023/2024;LM-52;PIEMONTE;TOSCANA;26
2023/2024;LM-46;LAZIO;VENETO;26
2023/2024;LM-46;LAZIO;TOSCANA;26
2023/2024;LM-46;LAZIO;REGIONE ESTERA;26
2023/2024;LM-41;VENETO;TOSCANA;26
2023/2024;LM-42;ABRUZZO;MARCHE;26
2023/2024;LM-37;FRIULI VENEZIA GIULIA;VENETO;26
2023/2024;LM-33;PIEMONTE;VENETO;26
2023/2024;LM-33;EMILIA ROMAGNA;UMBRIA;26
2023/2024;LM-33;EMILIA ROMAGNA;SARDEGNA;26
2023/2024;LM-38;LOMBARDIA;TOSCANA;26
2023/2024;LM-38;LAZIO;CAMPANIA;26
2023/2024;LM-38;PIEMONTE;TOSCANA;26
2023/2024;LM-38;EMILIA ROMAGNA;PUGLIA;26
2023/2024;LM-38;EMILIA ROMAGNA;TOSCANA;26
2023/2024;LM-39;TOSCANA;LAZIO;26
2023/2024;LM-38;VENETO;CAMPANIA;26
2023/2024;L-5;EMILIA ROMAGNA;REGIONE ESTERA;26
2023/2024;L-5;LAZIO;TOSCANA;26
2023/2024;L-7;PIEMONTE;LIGURIA;26
2023/2024;L-8;EMILIA ROMAGNA;SARDEGNA;26
2023/2024;L-8;LAZIO;REGIONE ESTERA;26
2023/2024;L-8;LOMBARDIA;MOLISE;26
2023/2024;LM-13;CAMPANIA;LAZIO;26
2023/2024;LM-13;EMILIA ROMAGNA;FRIULI VENEZIA GIULIA;26
2023/2024;LM/DS;TOSCANA;TOSCANA;26
2023/2024;LM/SNT3;LIGURIA;LIGURIA;26
2023/2024;LM-1;PIEMONTE;LIGURIA;26
2023/2024;LM-14;PIEMONTE;SICILIA;26
2023/2024;LM-16;Provincia autonoma di TRENTO;VENETO;26
2023/2024;LM-16;LAZIO;CAMPANIA;26
2023/2024;LM-19;EMILIA ROMAGNA;MARCHE;26
2023/2024;LM-21;PIEMONTE;CALABRIA;26
2023/2024;LM-21;LOMBARDIA;CAMPANIA;26
2023/2024;LM-21;LAZIO;CALABRIA;26
2023/2024;LM-25;PIEMONTE;CAMPANIA;26
2023/2024;LM-27;LOMBARDIA;LOMBARDIA;26
2023/2024;LM-27;LIGURIA;LIGURIA;26
2023/2024;LM-31;PIEMONTE;MARCHE;26
2023/2024;L-29;TOSCANA;SICILIA;26
2023/2024;L-26;EMILIA ROMAGNA;PIEMONTE;26
2023/2024;L-26;EMILIA ROMAGNA;SICILIA;26
2023/2024;L-27;ABRUZZO;LAZIO;26
2023/2024;L-3;VENETO;FRIULI VENEZIA GIULIA;26
2023/2024;L-3;TOSCANA;LOMBARDIA;26
2023/2024;L-3;PIEMONTE;SARDEGNA;26
2023/2024;L-3;LAZIO;FRIULI VENEZIA GIULIA;26
2023/2024;L-30;LAZIO;UMBRIA;26
2023/2024;L-30;LOMBARDIA;LIGURIA;26
2023/2024;L-24;PIEMONTE;CALABRIA;26
2023/2024;L-24;LOMBARDIA;Provincia autonoma di TRENTO;26
2023/2024;L-24;CAMPANIA;CALABRIA;26
2023/2024;L-24;ABRUZZO;UMBRIA;26
2023/2024;L-20;TOSCANA;PUGLIA;26
2023/2024;L-33;CAMPANIA;BASILICATA;26
2023/2024;L-33;EMILIA ROMAGNA;PIEMONTE;26
2023/2024;L-35;TOSCANA;SICILIA;26
2023/2024;L-36;MARCHE;ABRUZZO;26
2023/2024;L-33;TOSCANA;UMBRIA;26
2023/2024;L-35;EMILIA ROMAGNA;TOSCANA;26
2023/2024;L-35;LAZIO;CAMPANIA;26
2023/2024;L-39;LAZIO;CALABRIA;26
2023/2024;L-38;TOSCANA;LOMBARDIA;26
2023/2024;L-38;EMILIA ROMAGNA;TOSCANA;26
2023/2024;L-36;Provincia autonoma di TRENTO;SICILIA;26
2023/2024;L-41;EMILIA ROMAGNA;VENETO;26
2023/2024;L-40;UMBRIA;LOMBARDIA;26
2023/2024;L-40;ABRUZZO;VENETO;26
2023/2024;L-40;ABRUZZO;EMILIA ROMAGNA;26
2023/2024;L/SNT1;LAZIO;VENETO;26
2023/2024;99999;PIEMONTE;LOMBARDIA;26
2023/2024;99999;EMILIA ROMAGNA;TOSCANA;26
2023/2024;L-1;PIEMONTE;VALLE D'AOSTA;26
2023/2024;L-1;PIEMONTE;LIGURIA;26
2023/2024;L/SNT3;Provincia autonoma di TRENTO;Provincia autonoma di TRENTO;26
2023/2024;L-11;LOMBARDIA;CALABRIA;26
2023/2024;L-1;TOSCANA;MARCHE;26
2023/2024;L-12;CAMPANIA;BASILICATA;26
2023/2024;L-11;MARCHE;UMBRIA;26
2023/2024;L-11;TOSCANA;MARCHE;26
2023/2024;L-13;LIGURIA;PIEMONTE;26
2023/2024;L-12;VENETO;MARCHE;26
2023/2024;L-12;VENETO;CALABRIA;26
2023/2024;L-14;EMILIA ROMAGNA;REGIONE ESTERA;26
2023/2024;L-14;LAZIO;LOMBARDIA;26
2023/2024;L-14;TOSCANA;Provincia autonoma di BOLZANO;26
2023/2024;L-14;PIEMONTE;PUGLIA;26
2023/2024;L-15;SICILIA;REGIONE ESTERA;26
2023/2024;L-19;UMBRIA;MARCHE;26
2023/2024;L-19;PIEMONTE;VALLE D'AOSTA;26
2023/2024;L-19;LOMBARDIA;Provincia autonoma di TRENTO;26
2023/2024;L-18;SARDEGNA;REGIONE ESTERA;26
2023/2024;L-18;TOSCANA;PIEMONTE;26
2023/2024;L-17;EMILIA ROMAGNA;PUGLIA;26
2023/2024;L-17;LOMBARDIA;UMBRIA;26
2023/2024;L-17;PIEMONTE;SARDEGNA;26
2023/2024;L-17/L-23;LAZIO;LAZIO;26
2023/2024;L-18;PIEMONTE;TOSCANA;25
2023/2024;L-18;VENETO;PIEMONTE;25
2023/2024;L-19;LAZIO;MOLISE;25
2023/2024;L-2;CAMPANIA;LAZIO;25
2023/2024;L-13;MARCHE;CAMPANIA;25
2023/2024;L-12;PIEMONTE;VALLE D'AOSTA;25
2023/2024;L-10;LOMBARDIA;REGIONE ESTERA;25
2023/2024;L-11;CAMPANIA;EMILIA ROMAGNA;25
2023/2024;L-10;TOSCANA;ABRUZZO;25
2023/2024;L/SNT3;LAZIO;MARCHE;25
2023/2024;L/SNT3;EMILIA ROMAGNA;MARCHE;25
2023/2024;L-1;EMILIA ROMAGNA;SICILIA;25
2023/2024;L/GASTR;EMILIA ROMAGNA;PIEMONTE;25
2023/2024;L/SNT1;LOMBARDIA;CAMPANIA;25
2023/2024;L/SNT1;LIGURIA;SARDEGNA;25
2023/2024;L/SNT1;UMBRIA;LAZIO;25
2023/2024;L/SNT1;UMBRIA;CALABRIA;25
2023/2024;L/SNT2;ABRUZZO;CAMPANIA;25
2023/2024;L-40;LAZIO;CAMPANIA;25
2023/2024;L-4;LOMBARDIA;SARDEGNA;25
2023/2024;L-4;LOMBARDIA;UMBRIA;25
2023/2024;L-40;UMBRIA;VENETO;25
2023/2024;L-40;UMBRIA;PUGLIA;25
2023/2024;L-40;VENETO;LOMBARDIA;25
2023/2024;L-42;LAZIO;ABRUZZO;25
2023/2024;L-36;TOSCANA;CAMPANIA;25
2023/2024;L-39;ABRUZZO;BASILICATA;25
2023/2024;L-35;LIGURIA;PIEMONTE;25
2023/2024;L-35;TOSCANA;PUGLIA;25
2023/2024;L-33;ABRUZZO;CAMPANIA;25
2023/2024;L-31;VENETO;EMILIA ROMAGNA;25
2023/2024;L-31;Provincia autonoma di BOLZANO;REGIONE ESTERA;25
2023/2024;L-20;TOSCANA;LOMBARDIA;25
2023/2024;L-21;BASILICATA;PUGLIA;25
2023/2024;L-22;MARCHE;REGIONE ESTERA;25
2023/2024;L-22;MARCHE;SICILIA;25
2023/2024;L-20;LAZIO;MOLISE;25
2023/2024;L-20;LOMBARDIA;UMBRIA;25
2023/2024;L-24;EMILIA ROMAGNA;REGIONE ESTERA;25
2023/2024;L-24;LAZIO;MOLISE;25
2023/2024;L-24;VENETO;ABRUZZO;25
2023/2024;L-30;TOSCANA;SARDEGNA;25
2023/2024;L-30;TOSCANA;LAZIO;25
2023/2024;L-31;EMILIA ROMAGNA;CALABRIA;25
2023/2024;L-3;LAZIO;LIGURIA;25
2023/2024;L-3;LOMBARDIA;PUGLIA;25
2023/2024;L-26;EMILIA ROMAGNA;MARCHE;25
2023/2024;L-25;LAZIO;UMBRIA;25
2023/2024;L-29;MARCHE;VENETO;25
2023/2024;L-29;MARCHE;CAMPANIA;25
2023/2024;L-28;LIGURIA;LIGURIA;25
2023/2024;L-27;VENETO;LOMBARDIA;25
2023/2024;LM-31;PIEMONTE;BASILICATA;25
2023/2024;LM-31;PUGLIA;BASILICATA;25
2023/2024;LM-32;LOMBARDIA;BASILICATA;25
2023/2024;LM-32;LAZIO;ABRUZZO;25
2023/2024;LM-30;LOMBARDIA;CAMPANIA;25
2023/2024;LM-27;ABRUZZO;ABRUZZO;25
2023/2024;LM-21;LAZIO;SICILIA;25
2023/2024;LM-21;LIGURIA;REGIONE ESTERA;25
2023/2024;LM-21;FRIULI VENEZIA GIULIA;SARDEGNA;25
2023/2024;LM-21;LOMBARDIA;SICILIA;25
2023/2024;LM-21;TOSCANA;SARDEGNA;25
2023/2024;LM-19;LAZIO;ABRUZZO;25
2023/2024;LM-19;LAZIO;CALABRIA;25
2023/2024;LM-14;TOSCANA;CAMPANIA;25
2023/2024;LM-14;UMBRIA;MARCHE;25
2023/2024;LM-14;VENETO;FRIULI VENEZIA GIULIA;25
2023/2024;LM-18;EMILIA ROMAGNA;MARCHE;25
2023/2024;LM/SNT4;PIEMONTE;PIEMONTE;25
2023/2024;LM/SNT2;UMBRIA;UMBRIA;25
2023/2024;LM/DS;PIEMONTE;CAMPANIA;25
2023/2024;L-9;UMBRIA;TOSCANA;25
2023/2024;LM-13;EMILIA ROMAGNA;LAZIO;25
2023/2024;LM-13;LOMBARDIA;BASILICATA;25
2023/2024;LM-12;VENETO;EMILIA ROMAGNA;25
2023/2024;LM-11;LOMBARDIA;LOMBARDIA;25
2023/2024;LM-13;PIEMONTE;REGIONE ESTERA;25
2023/2024;LM-14;LAZIO;SICILIA;25
2023/2024;L-8;UMBRIA;TOSCANA;25
2023/2024;L-8;TOSCANA;MOLISE;25
2023/2024;L-7;Provincia autonoma di TRENTO;LOMBARDIA;25
2023/2024;L-5;LAZIO;CALABRIA;25
2023/2024;L-5;CAMPANIA;BASILICATA;25
2023/2024;L-5;VENETO;SICILIA;25
2023/2024;LM-38;TOSCANA;TOSCANA;25
2023/2024;LM-37;VENETO;EMILIA ROMAGNA;25
2023/2024;LM-32;PIEMONTE;VENETO;25
2023/2024;LM-37;CAMPANIA;BASILICATA;25
2023/2024;LM-42;EMILIA ROMAGNA;Provincia autonoma di TRENTO;25
2023/2024;LM-41;SICILIA;UMBRIA;25
2023/2024;LM-42;UMBRIA;VENETO;25
2023/2024;LM-41;MOLISE;VENETO;25
2023/2024;LM-41;CALABRIA;VENETO;25
2023/2024;LM-46;UMBRIA;REGIONE ESTERA;25
2023/2024;LM-49;MARCHE;REGIONE ESTERA;25
2023/2024;LM-4cu;LAZIO;MOLISE;25
2023/2024;LM-51;PIEMONTE;ABRUZZO;25
2023/2024;LM-53;FRIULI VENEZIA GIULIA;FRIULI VENEZIA GIULIA;25
2023/2024;LM-54;ABRUZZO;ABRUZZO;25
2024/2025;L-4;TOSCANA;VENETO;25
2024/2025;L-4;EMILIA ROMAGNA;LOMBARDIA;25
2024/2025;L-39;CALABRIA;LAZIO;25
2024/2025;L-39;CAMPANIA;BASILICATA;25
2024/2025;L-36;CAMPANIA;PUGLIA;25
2024/2025;L-35;TOSCANA;PUGLIA;25
2024/2025;L-36;TOSCANA;MARCHE;25
2024/2025;L-36;TOSCANA;CALABRIA;25
2024/2025;L-38;TOSCANA;LAZIO;25
2024/2025;L-8;MARCHE;REGIONE ESTERA;25
2024/2025;L-5;PIEMONTE;PUGLIA;25
2024/2025;L-5;LAZIO;SICILIA;25
2024/2025;L-42;TOSCANA;REGIONE ESTERA;25
2024/2025;L-24;TOSCANA;CALABRIA;25
2024/2025;L-25;LOMBARDIA;VENETO;25
2024/2025;L-26;EMILIA ROMAGNA;PIEMONTE;25
2024/2025;L-26;LOMBARDIA;PIEMONTE;25
2024/2025;L-29;TOSCANA;SICILIA;25
2024/2025;L-29;VENETO;LOMBARDIA;25
2024/2025;L-27;TOSCANA;PUGLIA;25
2024/2025;L-27;LOMBARDIA;EMILIA ROMAGNA;25
2024/2025;L-3;LOMBARDIA;TOSCANA;25
2024/2025;L-3;PIEMONTE;SARDEGNA;25
2024/2025;L-3;EMILIA ROMAGNA;UMBRIA;25
2024/2025;L-31;PIEMONTE;CALABRIA;25
2024/2025;L-30;LOMBARDIA;PUGLIA;25
2024/2025;L-31;LIGURIA;PIEMONTE;25
2024/2025;L-31;CAMPANIA;LAZIO;25
2024/2025;L-34;LOMBARDIA;PIEMONTE;25
2024/2025;L-33;TOSCANA;CALABRIA;25
2024/2025;L-35;LOMBARDIA;PUGLIA;25
2024/2025;L-9;EMILIA ROMAGNA;Provincia autonoma di BOLZANO;25
2024/2025;LM/DS;PIEMONTE;PUGLIA;25
2024/2025;L-9;Provincia autonoma di TRENTO;Provincia autonoma di BOLZANO;25
2024/2025;LM-13;LAZIO;BASILICATA;25
2024/2025;LM-12;LOMBARDIA;MARCHE;25
2024/2025;LM/SNT4;EMILIA ROMAGNA;EMILIA ROMAGNA;25
2024/2025;LM/SNT3;LIGURIA;LIGURIA;25
2024/2025;LM/SNT3;LAZIO;CAMPANIA;25
2024/2025;LM-13;LOMBARDIA;BASILICATA;25
2024/2025;LM-17;Provincia autonoma di TRENTO;VENETO;25
2024/2025;LM-18;LAZIO;REGIONE ESTERA;25
2024/2025;LM-18;EMILIA ROMAGNA;LOMBARDIA;25
2024/2025;LM-17;FRIULI VENEZIA GIULIA;VENETO;25
2024/2025;LM-18;VENETO;LOMBARDIA;25
2024/2025;LM-20;EMILIA ROMAGNA;REGIONE ESTERA;25
2024/2025;LM-31;EMILIA ROMAGNA;MOLISE;25
2024/2025;LM-31;LOMBARDIA;PIEMONTE;25
2024/2025;LM-38;PIEMONTE;LOMBARDIA;25
2024/2025;LM-37;EMILIA ROMAGNA;TOSCANA;25
2024/2025;LM-33;Provincia autonoma di BOLZANO;REGIONE ESTERA;25
2024/2025;LM-35;MARCHE;MARCHE;25
2024/2025;LM-30;LOMBARDIA;TOSCANA;25
2024/2025;LM-30;PIEMONTE;REGIONE ESTERA;25
2024/2025;LM-30;LOMBARDIA;CAMPANIA;25
2024/2025;LM-3;LIGURIA;LOMBARDIA;25
2024/2025;LM-24;LOMBARDIA;PIEMONTE;25
2024/2025;LM-27;LOMBARDIA;LOMBARDIA;25
2024/2025;LM-21;FRIULI VENEZIA GIULIA;SARDEGNA;25
2024/2025;LM-20;PIEMONTE;TOSCANA;25
2024/2025;L-13;VENETO;FRIULI VENEZIA GIULIA;25
2024/2025;L-13;UMBRIA;PUGLIA;25
2024/2025;L-13;UMBRIA;SICILIA;25
2024/2025;L-13;LAZIO;TOSCANA;25
2024/2025;L-13;LAZIO;PUGLIA;25
2024/2025;L-13;MARCHE;SICILIA;25
2024/2025;L-12;LAZIO;UMBRIA;25
2024/2025;L-12;VENETO;PUGLIA;25
2024/2025;L-10;VENETO;EMILIA ROMAGNA;25
2024/2025;L-11;MARCHE;UMBRIA;25
2024/2025;L-11;LOMBARDIA;CALABRIA;25
2024/2025;L/SNT1;TOSCANA;CALABRIA;25
2024/2025;L/SNT2;ABRUZZO;CAMPANIA;25
2024/2025;L/SNT2;MOLISE;PUGLIA;25
2024/2025;L-1;LOMBARDIA;SICILIA;25
2024/2025;L-1;PIEMONTE;VALLE D'AOSTA;25
2024/2025;L-10;EMILIA ROMAGNA;LAZIO;25
2024/2025;L/SNT4;ABRUZZO;PUGLIA;25
2024/2025;L/SNT3;PUGLIA;BASILICATA;25
2024/2025;L-16;LOMBARDIA;PIEMONTE;25
2024/2025;L-15;VENETO;LOMBARDIA;25
2024/2025;L-15;PIEMONTE;PUGLIA;25
2024/2025;L-15;LOMBARDIA;VENETO;25
2024/2025;L-14;PIEMONTE;SARDEGNA;25
2024/2025;L-19;BASILICATA;CAMPANIA;25
2024/2025;L-18;VENETO;Provincia autonoma di BOLZANO;25
2024/2025;L-24;CAMPANIA;LAZIO;25
2024/2025;L-24;EMILIA ROMAGNA;SICILIA;25
2024/2025;L-24;CAMPANIA;CALABRIA;25
2024/2025;L-24;LAZIO;MOLISE;25
2024/2025;L-20;TOSCANA;EMILIA ROMAGNA;25
2024/2025;L-22;MARCHE;CAMPANIA;25
2024/2025;L-2;CAMPANIA;LAZIO;25
2024/2025;L-2;LAZIO;CAMPANIA;25
2024/2025;L-2;UMBRIA;ABRUZZO;25
2024/2025;L-20;PIEMONTE;VENETO;25
2024/2025;L-20;LAZIO;MOLISE;25
2023/2024;LM-8;EMILIA ROMAGNA;SICILIA;25
2023/2024;LM-77;MARCHE;REGIONE ESTERA;25
2023/2024;LM-64;TOSCANA;TOSCANA;25
2023/2024;LM-62;LAZIO;TOSCANA;25
2023/2024;LM-62;ABRUZZO;CAMPANIA;25
2023/2024;LM-70;EMILIA ROMAGNA;PIEMONTE;25
2023/2024;LM-7;PUGLIA;PUGLIA;25
2023/2024;LM-70;BASILICATA;BASILICATA;25
2023/2024;LM-9;TOSCANA;CALABRIA;25
2023/2024;LM-9;VENETO;LOMBARDIA;25
2023/2024;LM-9;EMILIA ROMAGNA;ABRUZZO;25
2023/2024;LM-9;Provincia autonoma di TRENTO;VENETO;25
2023/2024;LM-89;VENETO;REGIONE ESTERA;25
2023/2024;LM-85;VENETO;FRIULI VENEZIA GIULIA;25
2023/2024;LM-85;PUGLIA;BASILICATA;25
2023/2024;LM-85 bis;LAZIO;BASILICATA;25
2023/2024;LM-87;PIEMONTE;LOMBARDIA;25
2023/2024;L-Sc.Mat.;PIEMONTE;PIEMONTE;25
2023/2024;LM-91;PIEMONTE;REGIONE ESTERA;25
2023/2024;LM-92;LOMBARDIA;PUGLIA;25
2023/2024;LMG/01;LOMBARDIA;VALLE D'AOSTA;25
2024/2025;LM-58;LAZIO;REGIONE ESTERA;25
2024/2025;LM-6;CAMPANIA;LAZIO;25
2024/2025;LM-6;CAMPANIA;PUGLIA;25
2024/2025;LM-51;VENETO;BASILICATA;25
2024/2025;LM-51;UMBRIA;LOMBARDIA;25
2024/2025;LM-52;LOMBARDIA;SICILIA;25
2024/2025;LM-52;TOSCANA;PUGLIA;25
2024/2025;LM-52;VENETO;PIEMONTE;25
2024/2025;LM-67;MARCHE;EMILIA ROMAGNA;25
2024/2025;LM-69;BASILICATA;BASILICATA;25
2024/2025;LM-68;LAZIO;CAMPANIA;25
2024/2025;LM-65;VENETO;EMILIA ROMAGNA;25
2024/2025;LM-6;VENETO;EMILIA ROMAGNA;25
2024/2025;LM-60;SARDEGNA;SARDEGNA;25
2024/2025;LM-61;TOSCANA;PIEMONTE;25
2024/2025;LM-61;TOSCANA;CALABRIA;25
2024/2025;LM-40;BASILICATA;BASILICATA;25
2024/2025;LM-41;CAMPANIA;TOSCANA;25
2024/2025;LM-41;BASILICATA;PUGLIA;25
2024/2025;LM-38;VENETO;PIEMONTE;25
2024/2025;LM-4;LOMBARDIA;FRIULI VENEZIA GIULIA;25
2024/2025;LM-42;UMBRIA;VENETO;25
2024/2025;LM-42;VENETO;Provincia autonoma di TRENTO;25
2024/2025;LM-47;SICILIA;SICILIA;25
2024/2025;LM-4cu;LOMBARDIA;SICILIA;25
2024/2025;LM-4cu;LOMBARDIA;VENETO;25
2024/2025;LM-4cu;TOSCANA;LOMBARDIA;25
2024/2025;LM-78;VENETO;EMILIA ROMAGNA;25
2024/2025;LM-78;EMILIA ROMAGNA;MARCHE;25
2024/2025;LM-78;EMILIA ROMAGNA;CAMPANIA;25
2024/2025;LM-78;LAZIO;PUGLIA;25
2024/2025;LM-78;PIEMONTE;PUGLIA;25
2024/2025;LM-74;VENETO;REGIONE ESTERA;25
2024/2025;LM-76;LOMBARDIA;PIEMONTE;25
2024/2025;LM-73;EMILIA ROMAGNA;EMILIA ROMAGNA;25
2024/2025;LM-85;VENETO;FRIULI VENEZIA GIULIA;25
2024/2025;LM-85 bis;EMILIA ROMAGNA;CALABRIA;25
2024/2025;LM-85 bis;MOLISE;LAZIO;25
2024/2025;LM-85 bis;EMILIA ROMAGNA;Provincia autonoma di TRENTO;25
2024/2025;LM-85 bis;LOMBARDIA;CALABRIA;25
2024/2025;LM-89;VENETO;FRIULI VENEZIA GIULIA;25
2024/2025;LM-89;EMILIA ROMAGNA;PIEMONTE;25
2024/2025;LM-87;LAZIO;CAMPANIA;25
2024/2025;LM-9;EMILIA ROMAGNA;ABRUZZO;25
2024/2025;LM-9;EMILIA ROMAGNA;TOSCANA;25
2024/2025;LMG/01;Provincia autonoma di TRENTO;CALABRIA;25
2024/2025;LMG/01;PIEMONTE;BASILICATA;25
2024/2025;LMG/01;TOSCANA;MARCHE;25
2024/2025;LMR/02;PUGLIA;PUGLIA;25
2024/2025;LMG/01;LOMBARDIA;VALLE D'AOSTA;25
2024/2025;LMG/01;CAMPANIA;MOLISE;25
2024/2025;L-P02;ABRUZZO;ABRUZZO;24
2024/2025;LM-9;EMILIA ROMAGNA;MARCHE;24
2024/2025;LM-9;LAZIO;ABRUZZO;24
2024/2025;LM-94;LAZIO;PUGLIA;24
2024/2025;LM-92;PIEMONTE;PUGLIA;24
2024/2025;LM-92;LOMBARDIA;PUGLIA;24
2024/2025;LM-92;EMILIA ROMAGNA;LOMBARDIA;24
2024/2025;LM-87;VENETO;FRIULI VENEZIA GIULIA;24
2024/2025;LM-89;EMILIA ROMAGNA;PUGLIA;24
2024/2025;LM-88;VENETO;LOMBARDIA;24
2024/2025;LM-9;ABRUZZO;LAZIO;24
2024/2025;LM-85 bis;LAZIO;BASILICATA;24
2024/2025;LM-74;LIGURIA;LIGURIA;24
2024/2025;LM-7;TOSCANA;SICILIA;24
2024/2025;LM-77;VENETO;PUGLIA;24
2024/2025;LM-77;Provincia autonoma di TRENTO;PUGLIA;24
2024/2025;LM-79;LOMBARDIA;REGIONE ESTERA;24
2024/2025;LM-4cu;TOSCANA;ABRUZZO;24
2024/2025;LM-4cu;FRIULI VENEZIA GIULIA;VENETO;24
2024/2025;LM-49;MARCHE;REGIONE ESTERA;24
2024/2025;LM-5;CAMPANIA;CAMPANIA;24
2024/2025;LM-42;MARCHE;LOMBARDIA;24
2024/2025;LM-43;TOSCANA;SICILIA;24
2024/2025;LM-4;PIEMONTE;LOMBARDIA;24
2024/2025;LM-38;VENETO;CAMPANIA;24
2024/2025;LM-38;VENETO;LAZIO;24
2024/2025;LM-39;TOSCANA;CAMPANIA;24
2024/2025;LM-39;EMILIA ROMAGNA;CAMPANIA;24
2024/2025;LM-41;CALABRIA;EMILIA ROMAGNA;24
2024/2025;LM-41;LIGURIA;CAMPANIA;24
2024/2025;LM-41;LOMBARDIA;VALLE D'AOSTA;24
2024/2025;LM-41;LOMBARDIA;Provincia autonoma di BOLZANO;24
2024/2025;LM-41;PIEMONTE;LAZIO;24
2024/2025;LM-41;Provincia autonoma di BOLZANO;Provincia autonoma di BOLZANO;24
2024/2025;LM-41;SICILIA;UMBRIA;24
2024/2025;LM-41;VENETO;CALABRIA;24
2024/2025;LM-61;LOMBARDIA;VENETO;24
2024/2025;LM-63;CAMPANIA;LAZIO;24
2024/2025;LM-6;PIEMONTE;SICILIA;24
2024/2025;LM-65;PIEMONTE;LOMBARDIA;24
2024/2025;LM-63;Provincia autonoma di BOLZANO;Provincia autonoma di BOLZANO;24
2024/2025;LM-65;FRIULI VENEZIA GIULIA;VENETO;24
2024/2025;LM-68;MARCHE;PUGLIA;24
2024/2025;LM-53;TOSCANA;REGIONE ESTERA;24
2024/2025;LM-54;EMILIA ROMAGNA;LOMBARDIA;24
2024/2025;LM-52;LOMBARDIA;VENETO;24
2024/2025;LM-52;LAZIO;SARDEGNA;24
2024/2025;LM-52;FRIULI VENEZIA GIULIA;VENETO;24
2024/2025;LM-52;LAZIO;LIGURIA;24
2023/2024;LMG/01;CAMPANIA;ABRUZZO;24
2023/2024;LM-94;CALABRIA;CALABRIA;24
2023/2024;LMG/01;Provincia autonoma di TRENTO;TOSCANA;24
2023/2024;LMG/01;PIEMONTE;BASILICATA;24
2023/2024;L-P01;SARDEGNA;SARDEGNA;24
2023/2024;LMR/02;PUGLIA;PUGLIA;24
2023/2024;LM-87;PIEMONTE;LIGURIA;24
2023/2024;LM-87;EMILIA ROMAGNA;SICILIA;24
2023/2024;LM-87;Provincia autonoma di TRENTO;VENETO;24
2023/2024;LM-85;MARCHE;UMBRIA;24
2023/2024;LM-89;VENETO;EMILIA ROMAGNA;24
2023/2024;LM-89;TOSCANA;LIGURIA;24
2023/2024;LM-89;LAZIO;SICILIA;24
2023/2024;LM-89;LAZIO;PUGLIA;24
2023/2024;LM-89;MOLISE;MOLISE;24
2023/2024;LM-88;EMILIA ROMAGNA;TOSCANA;24
2023/2024;LM-9;LAZIO;ABRUZZO;24
2023/2024;LM-9;TOSCANA;PUGLIA;24
2023/2024;LM-70;EMILIA ROMAGNA;MARCHE;24
2023/2024;LM-70;PIEMONTE;SICILIA;24
2023/2024;LM-69;EMILIA ROMAGNA;PUGLIA;24
2023/2024;LM-68;LOMBARDIA;PIEMONTE;24
2023/2024;LM-68;CALABRIA;CALABRIA;24
2023/2024;LM-68;LAZIO;CALABRIA;24
2023/2024;LM-61;SICILIA;CALABRIA;24
2023/2024;LM-62;LOMBARDIA;PIEMONTE;24
2023/2024;LM-63;LOMBARDIA;EMILIA ROMAGNA;24
2023/2024;LM-65;VENETO;TOSCANA;24
2023/2024;LM-78;EMILIA ROMAGNA;MARCHE;24
2023/2024;LM-74;PUGLIA;PUGLIA;24
2023/2024;LM-79;TOSCANA;TOSCANA;24
2023/2024;LM-79;SICILIA;REGIONE ESTERA;24
2023/2024;LM-84;LAZIO;ABRUZZO;24
2024/2025;L-20;LAZIO;EMILIA ROMAGNA;24
2024/2025;L-19;MARCHE;UMBRIA;24
2024/2025;L-22;PIEMONTE;PUGLIA;24
2024/2025;L-20;TOSCANA;PUGLIA;24
2024/2025;L-19;FRIULI VENEZIA GIULIA;VENETO;24
2024/2025;L-18;FRIULI VENEZIA GIULIA;SICILIA;24
2024/2025;L-18;LIGURIA;REGIONE ESTERA;24
2024/2025;L-14;Provincia autonoma di TRENTO;LOMBARDIA;24
2024/2025;L-14;MARCHE;ABRUZZO;24
2024/2025;L-14;TOSCANA;MOLISE;24
2024/2025;L-14;TOSCANA;FRIULI VENEZIA GIULIA;24
2024/2025;L-15;LAZIO;REGIONE ESTERA;24
2024/2025;L-15;LOMBARDIA;EMILIA ROMAGNA;24
2024/2025;L/SNT3;LOMBARDIA;PUGLIA;24
2024/2025;L-1;BASILICATA;PUGLIA;24
2024/2025;L-1;CAMPANIA;BASILICATA;24
2024/2025;L-1;EMILIA ROMAGNA;PUGLIA;24
2024/2025;L-1;LAZIO;TOSCANA;24
2024/2025;L-10;EMILIA ROMAGNA;LIGURIA;24
2024/2025;L-1;TOSCANA;ABRUZZO;24
2024/2025;L-1;VENETO;MARCHE;24
2024/2025;L/SNT2;LAZIO;BASILICATA;24
2024/2025;L/SNT2;ABRUZZO;SICILIA;24
2024/2025;L/SNT1;LOMBARDIA;CAMPANIA;24
2024/2025;L/SNT1;LOMBARDIA;LIGURIA;24
2024/2025;L/SNT1;EMILIA ROMAGNA;SARDEGNA;24
2024/2025;L-11;LAZIO;EMILIA ROMAGNA;24
2024/2025;L-11;VENETO;Provincia autonoma di BOLZANO;24
2024/2025;L-11;EMILIA ROMAGNA;MOLISE;24
2024/2025;L-11;EMILIA ROMAGNA;LAZIO;24
2024/2025;L-12;TOSCANA;UMBRIA;24
2024/2025;L-12;LIGURIA;PIEMONTE;24
2024/2025;L-12;LOMBARDIA;SARDEGNA;24
2024/2025;L-12;PIEMONTE;CALABRIA;24
2024/2025;L-13;MARCHE;UMBRIA;24
2024/2025;L-13;LOMBARDIA;REGIONE ESTERA;24
2024/2025;LM-20;VENETO;REGIONE ESTERA;24
2024/2025;LM-21;LOMBARDIA;SICILIA;24
2024/2025;LM-21;LAZIO;SICILIA;24
2024/2025;LM-21;PIEMONTE;VENETO;24
2024/2025;LM-22;LOMBARDIA;EMILIA ROMAGNA;24
2024/2025;LM-23;VENETO;REGIONE ESTERA;24
2024/2025;LM-27;Provincia autonoma di TRENTO;Provincia autonoma di TRENTO;24
2024/2025;LM-25;ABRUZZO;REGIONE ESTERA;24
2024/2025;LM-37;EMILIA ROMAGNA;CALABRIA;24
2024/2025;LM-38;LOMBARDIA;CALABRIA;24
2024/2025;LM-38;LAZIO;CAMPANIA;24
2024/2025;LM-31;LOMBARDIA;LIGURIA;24
2024/2025;LM-32;LOMBARDIA;BASILICATA;24
2024/2025;LM-32;LOMBARDIA;FRIULI VENEZIA GIULIA;24
2024/2025;LM-32;LOMBARDIA;UMBRIA;24
2024/2025;LM-33;LOMBARDIA;CAMPANIA;24
2024/2025;LM-19;LAZIO;EMILIA ROMAGNA;24
2024/2025;LM-19;EMILIA ROMAGNA;MARCHE;24
2024/2025;LM-17;TOSCANA;PUGLIA;24
2024/2025;LM-17;Provincia autonoma di TRENTO;Provincia autonoma di TRENTO;24
2024/2025;LM-17;VENETO;EMILIA ROMAGNA;24
2024/2025;LM-14;SICILIA;CALABRIA;24
2024/2025;LM-15;LIGURIA;LIGURIA;24
2024/2025;LM-15;EMILIA ROMAGNA;SICILIA;24
2024/2025;LM-16;EMILIA ROMAGNA;SICILIA;24
2024/2025;LM-12;VENETO;EMILIA ROMAGNA;24
2024/2025;LM/DS;PIEMONTE;CAMPANIA;24
2024/2025;L-9;LOMBARDIA;EMILIA ROMAGNA;24
2024/2025;L-9;MARCHE;PUGLIA;24
2024/2025;L-35;PUGLIA;BASILICATA;24
2024/2025;L-35;TOSCANA;LAZIO;24
2024/2025;L-34;EMILIA ROMAGNA;LOMBARDIA;24
2024/2025;L-33;EMILIA ROMAGNA;CAMPANIA;24
2024/2025;L-33;EMILIA ROMAGNA;FRIULI VENEZIA GIULIA;24
2024/2025;L-33;PIEMONTE;CALABRIA;24
2024/2025;L-30;LOMBARDIA;SICILIA;24
2024/2025;L-3;LAZIO;PIEMONTE;24
2024/2025;L-3;TOSCANA;PUGLIA;24
2024/2025;L-28;PUGLIA;SICILIA;24
2024/2025;L-24;LOMBARDIA;Provincia autonoma di TRENTO;24
2024/2025;L-41;LOMBARDIA;PIEMONTE;24
2024/2025;L-5;LAZIO;CALABRIA;24
2024/2025;L-5;LOMBARDIA;TOSCANA;24
2024/2025;L-8;MARCHE;UMBRIA;24
2024/2025;L-8;LOMBARDIA;MOLISE;24
2024/2025;L-7;VENETO;FRIULI VENEZIA GIULIA;24
2024/2025;L-38;PIEMONTE;LIGURIA;24
2024/2025;L-36;VENETO;ABRUZZO;24
2024/2025;L-36;LOMBARDIA;MARCHE;24
2024/2025;L-36;LOMBARDIA;FRIULI VENEZIA GIULIA;24
2024/2025;L-36;MARCHE;ABRUZZO;24
2024/2025;L-4;UMBRIA;ABRUZZO;24
2024/2025;L-4;TOSCANA;PUGLIA;24
2024/2025;L-40;ABRUZZO;SARDEGNA;24
2024/2025;L-40;ABRUZZO;EMILIA ROMAGNA;24
2024/2025;L-40;LAZIO;PUGLIA;24
2023/2024;LM-54;EMILIA ROMAGNA;SICILIA;24
2023/2024;LM-54;EMILIA ROMAGNA;ABRUZZO;24
2023/2024;LM-52;VENETO;PIEMONTE;24
2023/2024;LM-60;SICILIA;SICILIA;24
2023/2024;LM-6;MARCHE;LOMBARDIA;24
2023/2024;LM-6;LOMBARDIA;CALABRIA;24
2023/2024;LM-6;EMILIA ROMAGNA;PIEMONTE;24
2023/2024;LM-6;FRIULI VENEZIA GIULIA;LOMBARDIA;24
2023/2024;LM-59;LOMBARDIA;SARDEGNA;24
2023/2024;LM-50;EMILIA ROMAGNA;SARDEGNA;24
2023/2024;LM-51;FRIULI VENEZIA GIULIA;VENETO;24
2023/2024;LM-52;PIEMONTE;EMILIA ROMAGNA;24
2023/2024;LM-52;EMILIA ROMAGNA;ABRUZZO;24
2023/2024;LM-4cu;CALABRIA;REGIONE ESTERA;24
2023/2024;LM-4cu;LOMBARDIA;EMILIA ROMAGNA;24
2023/2024;LM-4cu;TOSCANA;ABRUZZO;24
2023/2024;LM-47;MOLISE;MOLISE;24
2023/2024;LM-46;LOMBARDIA;VENETO;24
2023/2024;LM-41;CALABRIA;PIEMONTE;24
2023/2024;LM-40;BASILICATA;BASILICATA;24
2023/2024;LM-41;LOMBARDIA;VALLE D'AOSTA;24
2023/2024;LM-41;PIEMONTE;MARCHE;24
2023/2024;LM-41;LIGURIA;EMILIA ROMAGNA;24
2023/2024;LM-42;UMBRIA;SICILIA;24
2023/2024;LM-42;VENETO;Provincia autonoma di TRENTO;24
2023/2024;LM-45;LOMBARDIA;PIEMONTE;24
2023/2024;LM-44;LOMBARDIA;MARCHE;24
2023/2024;LM-41;SICILIA;MARCHE;24
2023/2024;LM-42;ABRUZZO;EMILIA ROMAGNA;24
2023/2024;LM-35;LIGURIA;REGIONE ESTERA;24
2023/2024;LM-32;LOMBARDIA;UMBRIA;24
2023/2024;LM-32;SICILIA;REGIONE ESTERA;24
2023/2024;LM-33;LAZIO;CAMPANIA;24
2023/2024;LM-37;MARCHE;PUGLIA;24
2023/2024;LM-38;PIEMONTE;REGIONE ESTERA;24
2023/2024;LM-38;PIEMONTE;LOMBARDIA;24
2023/2024;LM-38;MARCHE;ABRUZZO;24
2023/2024;LM-38;VENETO;TOSCANA;24
2023/2024;LM-39;EMILIA ROMAGNA;MARCHE;24
2023/2024;L-5;EMILIA ROMAGNA;FRIULI VENEZIA GIULIA;24
2023/2024;L-5;LAZIO;SICILIA;24
2023/2024;L-8;EMILIA ROMAGNA;Provincia autonoma di TRENTO;24
2023/2024;L-8;EMILIA ROMAGNA;LAZIO;24
2023/2024;L-7;LAZIO;MOLISE;24
2023/2024;L-9;FRIULI VENEZIA GIULIA;SICILIA;24
2023/2024;LM-14;LOMBARDIA;CALABRIA;24
2023/2024;LM-13;UMBRIA;ABRUZZO;24
2023/2024;LM-12;TOSCANA;SICILIA;24
2023/2024;LM-13;LIGURIA;LOMBARDIA;24
2023/2024;LM-13;LAZIO;UMBRIA;24
2023/2024;L-9;SICILIA;CALABRIA;24
2023/2024;LM/SNT3;EMILIA ROMAGNA;VENETO;24
2023/2024;LM/SNT4;MOLISE;CAMPANIA;24
2023/2024;LM-18;EMILIA ROMAGNA;PUGLIA;24
2023/2024;LM-18;ABRUZZO;REGIONE ESTERA;24
2023/2024;LM-17;VENETO;EMILIA ROMAGNA;24
2023/2024;LM-18;LOMBARDIA;PIEMONTE;24
2023/2024;LM-17;EMILIA ROMAGNA;SICILIA;24
2023/2024;LM-17;LOMBARDIA;EMILIA ROMAGNA;24
2023/2024;LM-16;LOMBARDIA;SICILIA;24
2023/2024;LM-16;CALABRIA;REGIONE ESTERA;24
2023/2024;LM-20;LAZIO;PUGLIA;24
2023/2024;LM-21;PIEMONTE;BASILICATA;24
2023/2024;LM-21;LOMBARDIA;SARDEGNA;24
2023/2024;LM-20;PIEMONTE;TOSCANA;24
2023/2024;LM-25;PIEMONTE;ABRUZZO;24
2023/2024;LM-30;LAZIO;REGIONE ESTERA;24
2023/2024;LM-32;LAZIO;SICILIA;24
2023/2024;L-28;CAMPANIA;CALABRIA;24
2023/2024;L-29;LAZIO;REGIONE ESTERA;24
2023/2024;L-27;TOSCANA;PUGLIA;24
2023/2024;L-25;VENETO;FRIULI VENEZIA GIULIA;24
2023/2024;L-30;FRIULI VENEZIA GIULIA;LOMBARDIA;24
2023/2024;L-31;CAMPANIA;LAZIO;24
2023/2024;L-30;VENETO;SICILIA;24
2023/2024;L-24;VENETO;LIGURIA;24
2023/2024;L-24;VENETO;CALABRIA;24
2023/2024;L-24;TOSCANA;SICILIA;24
2023/2024;L-24;TOSCANA;CALABRIA;24
2023/2024;L-24;Provincia autonoma di TRENTO;Provincia autonoma di BOLZANO;24
2023/2024;L-20;ABRUZZO;MARCHE;24
2023/2024;L-22;MARCHE;BASILICATA;24
2023/2024;L-21;BASILICATA;BASILICATA;24
2023/2024;L-32;LIGURIA;LOMBARDIA;24
2023/2024;L-35;TOSCANA;LIGURIA;24
2023/2024;L-36;LOMBARDIA;FRIULI VENEZIA GIULIA;24
2023/2024;L-36;LAZIO;LIGURIA;24
2023/2024;L-33;TOSCANA;BASILICATA;24
2023/2024;L-33;VENETO;Provincia autonoma di BOLZANO;24
2023/2024;L-34;LOMBARDIA;PIEMONTE;24
2023/2024;L-39;VENETO;FRIULI VENEZIA GIULIA;24
2023/2024;L-36;UMBRIA;REGIONE ESTERA;24
2023/2024;L-4;TOSCANA;PUGLIA;24
2023/2024;L-40;LOMBARDIA;EMILIA ROMAGNA;24
2023/2024;L-40;ABRUZZO;TOSCANA;24
2023/2024;L-4;VENETO;LAZIO;24
2023/2024;L/GASTR;EMILIA ROMAGNA;VENETO;24
2023/2024;L-1;LOMBARDIA;CALABRIA;24
2023/2024;L/SNT2;PIEMONTE;VALLE D'AOSTA;24
2023/2024;L-10;TOSCANA;VENETO;24
2023/2024;L-10;UMBRIA;REGIONE ESTERA;24
2023/2024;L-11;FRIULI VENEZIA GIULIA;SICILIA;24
2023/2024;L-11;EMILIA ROMAGNA;Provincia autonoma di TRENTO;24
2023/2024;L-10;LOMBARDIA;CAMPANIA;24
2023/2024;L-1;VENETO;MARCHE;24
2023/2024;L-10;CAMPANIA;LAZIO;24
2023/2024;L-12;PIEMONTE;EMILIA ROMAGNA;24
2023/2024;L-12;LOMBARDIA;Provincia autonoma di TRENTO;24
2023/2024;L-13;LAZIO;BASILICATA;24
2023/2024;L-11;TOSCANA;BASILICATA;24
2023/2024;L-12;FRIULI VENEZIA GIULIA;PIEMONTE;24
2023/2024;L-13;UMBRIA;CALABRIA;24
2023/2024;L-14;LAZIO;TOSCANA;24
2023/2024;L-14;EMILIA ROMAGNA;FRIULI VENEZIA GIULIA;24
2023/2024;L-15;TOSCANA;LIGURIA;24
2023/2024;L-14;PIEMONTE;SARDEGNA;24
2023/2024;L-18;UMBRIA;SICILIA;24
2023/2024;L-18;CALABRIA;REGIONE ESTERA;24
2023/2024;L-18;PIEMONTE;VENETO;23
2023/2024;L-17;LAZIO;PUGLIA;23
2023/2024;L-18;TOSCANA;MOLISE;23
2023/2024;L-2;LAZIO;CAMPANIA;23
2023/2024;L-2;LAZIO;PUGLIA;23
2023/2024;L-2;LAZIO;REGIONE ESTERA;23
2023/2024;L-2;LAZIO;SICILIA;23
2023/2024;L-2;PUGLIA;BASILICATA;23
2023/2024;L-14;MARCHE;ABRUZZO;23
2023/2024;L-13;LOMBARDIA;PUGLIA;23
2023/2024;L-12;FRIULI VENEZIA GIULIA;TOSCANA;23
2023/2024;L-11;VENETO;CALABRIA;23
2023/2024;L-11;TOSCANA;VENETO;23
2023/2024;L-12;VENETO;Provincia autonoma di BOLZANO;23
2023/2024;L-13;CAMPANIA;CALABRIA;23
2023/2024;L-12;LAZIO;TOSCANA;23
2023/2024;L-12;PUGLIA;CALABRIA;23
2023/2024;L-10;EMILIA ROMAGNA;MOLISE;23
2023/2024;L-11;EMILIA ROMAGNA;BASILICATA;23
2023/2024;L-11;EMILIA ROMAGNA;FRIULI VENEZIA GIULIA;23
2023/2024;L-11;LAZIO;EMILIA ROMAGNA;23
2023/2024;L-10;UMBRIA;MARCHE;23
2023/2024;L/SNT2;LAZIO;TOSCANA;23
2023/2024;L/SNT3;BASILICATA;BASILICATA;23
2023/2024;L/SNT3;LOMBARDIA;PUGLIA;23
2023/2024;L/GASTR;EMILIA ROMAGNA;LIGURIA;23
2023/2024;L/DS;EMILIA ROMAGNA;TOSCANA;23
2023/2024;L-40;CAMPANIA;LAZIO;23
2023/2024;L-4;TOSCANA;VENETO;23
2023/2024;L-4;UMBRIA;ABRUZZO;23
2023/2024;L-4;MARCHE;PUGLIA;23
2023/2024;L-37;EMILIA ROMAGNA;LAZIO;23
2023/2024;L-36;VENETO;PUGLIA;23
2023/2024;L-36;TOSCANA;ABRUZZO;23
2023/2024;L-36;Provincia autonoma di TRENTO;PUGLIA;23
2023/2024;L-38;EMILIA ROMAGNA;SICILIA;23
2023/2024;L-38;PIEMONTE;LIGURIA;23
2023/2024;L-39;TOSCANA;SARDEGNA;23
2023/2024;L-39;LAZIO;BASILICATA;23
2023/2024;L-36;LIGURIA;REGIONE ESTERA;23
2023/2024;L-35;TOSCANA;LAZIO;23
2023/2024;L-35;VENETO;FRIULI VENEZIA GIULIA;23
2023/2024;L-33;EMILIA ROMAGNA;ABRUZZO;23
2023/2024;L-32;VENETO;FRIULI VENEZIA GIULIA;23
2023/2024;L-33;PIEMONTE;CALABRIA;23
2023/2024;L-31;LOMBARDIA;SARDEGNA;23
2023/2024;L-32;EMILIA ROMAGNA;MARCHE;23
2023/2024;L-20;TOSCANA;LAZIO;23
2023/2024;L-20;UMBRIA;MARCHE;23
2023/2024;L-24;EMILIA ROMAGNA;PIEMONTE;23
2023/2024;L-23;ABRUZZO;PUGLIA;23
2023/2024;L-31;LAZIO;LOMBARDIA;23
2023/2024;L-31;FRIULI VENEZIA GIULIA;PUGLIA;23
2023/2024;L-30;LAZIO;CALABRIA;23
2023/2024;L-25;TOSCANA;SICILIA;23
2023/2024;L-27;PIEMONTE;SICILIA;23
2023/2024;L-27;LAZIO;CAMPANIA;23
2023/2024;L-28;SICILIA;CALABRIA;23
2023/2024;L-28;CAMPANIA;LAZIO;23
2023/2024;LM-32;EMILIA ROMAGNA;TOSCANA;23
2023/2024;LM-31;PIEMONTE;LOMBARDIA;23
2023/2024;LM-31;LAZIO;UMBRIA;23
2023/2024;LM-30;LOMBARDIA;SICILIA;23
2023/2024;LM-30;LOMBARDIA;TOSCANA;23
2023/2024;LM-27;Provincia autonoma di TRENTO;Provincia autonoma di TRENTO;23
2023/2024;LM-22;EMILIA ROMAGNA;MARCHE;23
2023/2024;LM-21;MARCHE;REGIONE ESTERA;23
2023/2024;LM-21;MARCHE;ABRUZZO;23
2023/2024;LM-2;TOSCANA;SICILIA;23
2023/2024;LM-2;EMILIA ROMAGNA;MARCHE;23
2023/2024;LM-19;LAZIO;LOMBARDIA;23
2023/2024;LM-19;VENETO;LOMBARDIA;23
2023/2024;LM-19;SICILIA;SICILIA;23
2023/2024;LM-14;Provincia autonoma di TRENTO;VENETO;23
2023/2024;LM-18;PIEMONTE;SICILIA;23
2023/2024;LM-12;VENETO;FRIULI VENEZIA GIULIA;23
2023/2024;LM-12;LOMBARDIA;CAMPANIA;23
2023/2024;L-9;LIGURIA;LAZIO;23
2023/2024;L-9;LOMBARDIA;EMILIA ROMAGNA;23
2023/2024;L-8;VENETO;SICILIA;23
2023/2024;L-7;LAZIO;ABRUZZO;23
2023/2024;L-7;Provincia autonoma di TRENTO;Provincia autonoma di BOLZANO;23
2023/2024;L-5;EMILIA ROMAGNA;UMBRIA;23
2023/2024;L-6;LOMBARDIA;PIEMONTE;23
2023/2024;L-5;LOMBARDIA;REGIONE ESTERA;23
2023/2024;L-5;PUGLIA;BASILICATA;23
2023/2024;LM-38;VENETO;PIEMONTE;23
2023/2024;LM-4;PIEMONTE;LIGURIA;23
2023/2024;LM-4;PIEMONTE;LOMBARDIA;23
2023/2024;LM-37;VENETO;SICILIA;23
2023/2024;LM-37;LOMBARDIA;SICILIA;23
2023/2024;LM-37;LOMBARDIA;CALABRIA;23
2023/2024;LM-33;EMILIA ROMAGNA;MOLISE;23
2023/2024;LM-33;PIEMONTE;SARDEGNA;23
2023/2024;LM-33;LOMBARDIA;CAMPANIA;23
2023/2024;LM-33;LOMBARDIA;TOSCANA;23
2023/2024;LM-33;Provincia autonoma di BOLZANO;REGIONE ESTERA;23
2023/2024;LM-41;VENETO;SARDEGNA;23
2023/2024;LM-42;MARCHE;VENETO;23
2023/2024;LM-46;ABRUZZO;MARCHE;23
2023/2024;LM-42;UMBRIA;LOMBARDIA;23
2023/2024;LM-41;FRIULI VENEZIA GIULIA;Provincia autonoma di TRENTO;23
2023/2024;LM-41;MARCHE;PIEMONTE;23
2023/2024;LM-41;MOLISE;MARCHE;23
2023/2024;LM-40;EMILIA ROMAGNA;VENETO;23
2023/2024;LM-40;Provincia autonoma di TRENTO;LOMBARDIA;23
2023/2024;LM-41;CAMPANIA;TOSCANA;23
2023/2024;LM-46;LOMBARDIA;CALABRIA;23
2023/2024;LM-46;EMILIA ROMAGNA;TOSCANA;23
2023/2024;LM-49;FRIULI VENEZIA GIULIA;VENETO;23
2023/2024;LM-4cu;LOMBARDIA;REGIONE ESTERA;23
2023/2024;LM-4cu;LOMBARDIA;SICILIA;23
2023/2024;LM-4cu;TOSCANA;LOMBARDIA;23
2023/2024;LM-5;CAMPANIA;CAMPANIA;23
2023/2024;LM-4cu;CAMPANIA;BASILICATA;23
2023/2024;LM-4cu;EMILIA ROMAGNA;CALABRIA;23
2023/2024;LM-4cu;EMILIA ROMAGNA;UMBRIA;23
2023/2024;LM-52;CAMPANIA;PUGLIA;23
2023/2024;LM-51;UMBRIA;SICILIA;23
2023/2024;LM-51;EMILIA ROMAGNA;PIEMONTE;23
2023/2024;LM-59;EMILIA ROMAGNA;SICILIA;23
2023/2024;LM-6;LOMBARDIA;LIGURIA;23
2023/2024;LM-52;UMBRIA;REGIONE ESTERA;23
2023/2024;LM-52;VENETO;PUGLIA;23
2023/2024;LM-55;SICILIA;SICILIA;23
2024/2025;L-40;ABRUZZO;TOSCANA;23
2024/2025;L-4;PIEMONTE;EMILIA ROMAGNA;23
2024/2025;L-4;UMBRIA;REGIONE ESTERA;23
2024/2025;L-36;LOMBARDIA;SARDEGNA;23
2024/2025;L-36;Provincia autonoma di TRENTO;SICILIA;23
2024/2025;L-35;VENETO;FRIULI VENEZIA GIULIA;23
2024/2025;L-36;UMBRIA;MARCHE;23
2024/2025;L-36;TOSCANA;PUGLIA;23
2024/2025;L-38;VENETO;Provincia autonoma di TRENTO;23
2024/2025;L-7;PUGLIA;BASILICATA;23
2024/2025;L-7;EMILIA ROMAGNA;SICILIA;23
2024/2025;L-7;LOMBARDIA;ABRUZZO;23
2024/2025;L-5;LIGURIA;PIEMONTE;23
2024/2025;L-5;LAZIO;TOSCANA;23
2024/2025;L-24;PUGLIA;CAMPANIA;23
2024/2025;L-24;VENETO;LIGURIA;23
2024/2025;L-26;MOLISE;CAMPANIA;23
2024/2025;L-26;EMILIA ROMAGNA;SICILIA;23
2024/2025;L-27;SICILIA;CALABRIA;23
2024/2025;L-30;LAZIO;SICILIA;23
2024/2025;L-3;LAZIO;LIGURIA;23
2024/2025;L-31;EMILIA ROMAGNA;MOLISE;23
2024/2025;L-31;Provincia autonoma di BOLZANO;Provincia autonoma di TRENTO;23
2024/2025;L-31;PUGLIA;CAMPANIA;23
2024/2025;L-32;PIEMONTE;LIGURIA;23
2024/2025;L-33;ABRUZZO;CAMPANIA;23
2024/2025;L-32;VENETO;Provincia autonoma di TRENTO;23
2024/2025;L-33;TOSCANA;LAZIO;23
2024/2025;L-35;LIGURIA;PIEMONTE;23
2024/2025;L-35;EMILIA ROMAGNA;REGIONE ESTERA;23
2024/2025;L-9;LIGURIA;LAZIO;23
2024/2025;L-9;VENETO;SARDEGNA;23
2024/2025;L-9;UMBRIA;TOSCANA;23
2024/2025;LM-12;VENETO;FRIULI VENEZIA GIULIA;23
2024/2025;LM-13;EMILIA ROMAGNA;LAZIO;23
2024/2025;LM-12;LOMBARDIA;LIGURIA;23
2024/2025;LM-11;LAZIO;REGIONE ESTERA;23
2024/2025;LM/SNT4;ABRUZZO;ABRUZZO;23
2024/2025;LM-1;PIEMONTE;TOSCANA;23
2024/2025;LM-14;VENETO;FRIULI VENEZIA GIULIA;23
2024/2025;LM-14;LOMBARDIA;PUGLIA;23
2024/2025;LM-13;LIGURIA;REGIONE ESTERA;23
2024/2025;LM-13;UMBRIA;BASILICATA;23
2024/2025;LM-14;LAZIO;SICILIA;23
2024/2025;LM-17;SICILIA;REGIONE ESTERA;23
2024/2025;LM-18;EMILIA ROMAGNA;PUGLIA;23
2024/2025;LM-16;UMBRIA;UMBRIA;23
2024/2025;LM-19;LAZIO;LOMBARDIA;23
2024/2025;LM-18;TOSCANA;LAZIO;23
2024/2025;LM-33;LOMBARDIA;SICILIA;23
2024/2025;LM-32;PIEMONTE;UMBRIA;23
2024/2025;LM-31;CAMPANIA;REGIONE ESTERA;23
2024/2025;LM-38;EMILIA ROMAGNA;PUGLIA;23
2024/2025;LM-38;PIEMONTE;SARDEGNA;23
2024/2025;LM-37;PIEMONTE;LOMBARDIA;23
2024/2025;LM-33;Provincia autonoma di TRENTO;REGIONE ESTERA;23
2024/2025;LM-29;VENETO;REGIONE ESTERA;23
2024/2025;LM-24;EMILIA ROMAGNA;EMILIA ROMAGNA;23
2024/2025;LM-22;EMILIA ROMAGNA;TOSCANA;23
2024/2025;LM-21;PIEMONTE;LIGURIA;23
2024/2025;LM-21;LOMBARDIA;PIEMONTE;23
2024/2025;LM-21;LAZIO;CALABRIA;23
2024/2025;LM-20;PIEMONTE;MARCHE;23
2024/2025;LM-20;PIEMONTE;EMILIA ROMAGNA;23
2024/2025;L-13;MARCHE;CAMPANIA;23
2024/2025;L-14;EMILIA ROMAGNA;ABRUZZO;23
2024/2025;L-12;FRIULI VENEZIA GIULIA;PIEMONTE;23
2024/2025;L-12;VENETO;Provincia autonoma di BOLZANO;23
2024/2025;L-11;CAMPANIA;SARDEGNA;23
2024/2025;L-10;LOMBARDIA;MARCHE;23
2024/2025;L-10;LOMBARDIA;REGIONE ESTERA;23
2024/2025;L-12;CAMPANIA;BASILICATA;23
2024/2025;L/SNT1;LAZIO;VENETO;23
2024/2025;L/SNT1;LIGURIA;REGIONE ESTERA;23
2024/2025;L/SNT1;LAZIO;MARCHE;23
2024/2025;L/SNT1;PIEMONTE;LIGURIA;23
2024/2025;L/SNT2;LAZIO;MARCHE;23
2024/2025;L-1;TOSCANA;MARCHE;23
2024/2025;L-17;EMILIA ROMAGNA;PUGLIA;23
2024/2025;L-17;CALABRIA;CALABRIA;23
2024/2025;L-14;EMILIA ROMAGNA;REGIONE ESTERA;23
2024/2025;L-14;LAZIO;ABRUZZO;23
2024/2025;L-17;PIEMONTE;SARDEGNA;23
2024/2025;L-18;EMILIA ROMAGNA;Provincia autonoma di BOLZANO;23
2024/2025;L-19;EMILIA ROMAGNA;LAZIO;23
2024/2025;L-19;ABRUZZO;PUGLIA;23
2024/2025;L-18;UMBRIA;CAMPANIA;23
2024/2025;L-19;VENETO;Provincia autonoma di BOLZANO;23
2024/2025;L-2;LAZIO;CALABRIA;23
2024/2025;L-2;BASILICATA;CAMPANIA;23
2024/2025;L-20;LOMBARDIA;UMBRIA;23
2024/2025;L-20;PIEMONTE;BASILICATA;23
2024/2025;L-20;PIEMONTE;CAMPANIA;23
2024/2025;L-20;MARCHE;PUGLIA;23
2024/2025;L-2;Provincia autonoma di TRENTO;LOMBARDIA;23
2024/2025;L-2;PUGLIA;BASILICATA;23
2023/2024;LM-81;SICILIA;SICILIA;23
2023/2024;LM-8;EMILIA ROMAGNA;LOMBARDIA;23
2023/2024;LM-81;EMILIA ROMAGNA;LAZIO;23
2023/2024;LM-80;EMILIA ROMAGNA;LOMBARDIA;23
2023/2024;LM-81;EMILIA ROMAGNA;TOSCANA;23
2023/2024;LM-76;LOMBARDIA;VENETO;23
2023/2024;LM-76;VENETO;TOSCANA;23
2023/2024;LM-77;LOMBARDIA;VALLE D'AOSTA;23
2023/2024;LM-65;LAZIO;UMBRIA;23
2023/2024;LM-65;EMILIA ROMAGNA;SICILIA;23
2023/2024;LM-65;LAZIO;LOMBARDIA;23
2023/2024;LM-68;LAZIO;CAMPANIA;23
2023/2024;LM-67;UMBRIA;TOSCANA;23
2023/2024;LM-70;SARDEGNA;SARDEGNA;23
2023/2024;LM-70;EMILIA ROMAGNA;ABRUZZO;23
2023/2024;LM-7;UMBRIA;UMBRIA;23
2023/2024;LM-7;EMILIA ROMAGNA;VENETO;23
2023/2024;LM-73;CALABRIA;CALABRIA;23
2023/2024;LM-91;LOMBARDIA;EMILIA ROMAGNA;23
2023/2024;LM-88;Provincia autonoma di TRENTO;LOMBARDIA;23
2023/2024;LM-89;MARCHE;ABRUZZO;23
2023/2024;LM-89;VENETO;FRIULI VENEZIA GIULIA;23
2023/2024;LMR/02;EMILIA ROMAGNA;EMILIA ROMAGNA;23
2023/2024;L-P02;LAZIO;LAZIO;23
2023/2024;LM-92;VENETO;LOMBARDIA;23
2023/2024;LM-92;SARDEGNA;SARDEGNA;23
2023/2024;LM-94;PUGLIA;BASILICATA;23
2024/2025;LM-52;EMILIA ROMAGNA;PIEMONTE;23
2024/2025;LM-52;EMILIA ROMAGNA;ABRUZZO;23
2024/2025;LM-51;UMBRIA;BASILICATA;23
2024/2025;LM-52;Provincia autonoma di TRENTO;LOMBARDIA;23
2024/2025;LM-52;Provincia autonoma di TRENTO;VENETO;23
2024/2025;LM-53;PIEMONTE;PUGLIA;23
2024/2025;LM-53;Provincia autonoma di TRENTO;Provincia autonoma di TRENTO;23
2024/2025;LM-53;FRIULI VENEZIA GIULIA;FRIULI VENEZIA GIULIA;23
2024/2025;LM-59;TOSCANA;SICILIA;23
2024/2025;LM-59;LAZIO;MARCHE;23
2024/2025;LM-54;TOSCANA;REGIONE ESTERA;23
2024/2025;LM-68;VENETO;Provincia autonoma di TRENTO;23
2024/2025;LM-67;TOSCANA;REGIONE ESTERA;23
2024/2025;LM-65;EMILIA ROMAGNA;SICILIA;23
2024/2025;LM-65;PIEMONTE;PUGLIA;23
2024/2025;LM-6;TOSCANA;CALABRIA;23
2024/2025;LM-62;LAZIO;LOMBARDIA;23
2024/2025;LM-62;LAZIO;UMBRIA;23
2024/2025;LM-42;ABRUZZO;PUGLIA;23
2024/2025;LM-41;PIEMONTE;MARCHE;23
2024/2025;LM-41;LIGURIA;PUGLIA;23
2024/2025;LM-39;LOMBARDIA;REGIONE ESTERA;23
2024/2025;LM-38;VENETO;ABRUZZO;23
2024/2025;LM-42;VENETO;REGIONE ESTERA;23
2024/2025;LM-44;PIEMONTE;CAMPANIA;23
2024/2025;LM-46;VENETO;Provincia autonoma di TRENTO;23
2024/2025;LM-46;PUGLIA;BASILICATA;23
2024/2025;LM-4cu;VENETO;FRIULI VENEZIA GIULIA;23
2024/2025;LM-51;EMILIA ROMAGNA;PIEMONTE;23
2024/2025;LM-49;MARCHE;MARCHE;23
2024/2025;LM-4cu;CALABRIA;REGIONE ESTERA;23
2024/2025;LM-4cu;LAZIO;REGIONE ESTERA;23
2024/2025;LM-4cu;SARDEGNA;SARDEGNA;23
2024/2025;LM-4cu;MARCHE;ABRUZZO;23
2024/2025;LM-77;Provincia autonoma di TRENTO;SICILIA;23
2024/2025;LM-77;PIEMONTE;CALABRIA;23
2024/2025;LM-70;BASILICATA;BASILICATA;23
2024/2025;LM-70;EMILIA ROMAGNA;VENETO;23
2024/2025;LM-76;VENETO;FRIULI VENEZIA GIULIA;23
2024/2025;LM-84;TOSCANA;LIGURIA;23
2024/2025;LM-82;EMILIA ROMAGNA;PUGLIA;23
2024/2025;LM-89;MARCHE;ABRUZZO;23
2024/2025;LM-89;MOLISE;MOLISE;23
2024/2025;LM-86;FRIULI VENEZIA GIULIA;FRIULI VENEZIA GIULIA;23
2024/2025;LM-85 bis;VENETO;FRIULI VENEZIA GIULIA;23
2024/2025;LM-86;ABRUZZO;ABRUZZO;23
2024/2025;LM-91;LOMBARDIA;VENETO;23
2024/2025;LM-93;LOMBARDIA;LOMBARDIA;23
2024/2025;LM-9;PUGLIA;BASILICATA;23
2024/2025;LM-Sc.Mat.;LIGURIA;LIGURIA;23
2024/2025;LMG/01;Provincia autonoma di TRENTO;TOSCANA;23
2024/2025;LMG/01;Provincia autonoma di TRENTO;UMBRIA;23
2024/2025;LM-94;PUGLIA;BASILICATA;23
2024/2025;L-P03;MARCHE;MARCHE;23
2024/2025;L-P03;LIGURIA;LIGURIA;23
2024/2025;LMR/02;MARCHE;MARCHE;22
2024/2025;LMR/02;CALABRIA;CALABRIA;22
2024/2025;LM-90;SICILIA;REGIONE ESTERA;22
2024/2025;LM-9;VENETO;FRIULI VENEZIA GIULIA;22
2024/2025;LM-9;LAZIO;CALABRIA;22
2024/2025;LM-9;PIEMONTE;SARDEGNA;22
2024/2025;LM-94;EMILIA ROMAGNA;LOMBARDIA;22
2024/2025;LM-86;EMILIA ROMAGNA;LOMBARDIA;22
2024/2025;LM-89;LAZIO;LOMBARDIA;22
2024/2025;LM-88;LOMBARDIA;PUGLIA;22
2024/2025;LM-88;LOMBARDIA;SICILIA;22
2024/2025;LM-82;EMILIA ROMAGNA;MARCHE;22
2024/2025;LM-84;EMILIA ROMAGNA;LAZIO;22
2024/2025;LM-85;EMILIA ROMAGNA;MARCHE;22
2024/2025;LM-85;EMILIA ROMAGNA;PUGLIA;22
2024/2025;LM-84;LOMBARDIA;REGIONE ESTERA;22
2024/2025;LM-85;MARCHE;UMBRIA;22
2024/2025;LM-76;VENETO;PIEMONTE;22
2024/2025;LM-77;LAZIO;LIGURIA;22
2024/2025;LM-77;MARCHE;LAZIO;22
2024/2025;LM-74;EMILIA ROMAGNA;LOMBARDIA;22
2024/2025;LM-77;SARDEGNA;REGIONE ESTERA;22
2024/2025;LM-78;EMILIA ROMAGNA;ABRUZZO;22
2024/2025;LM-78;EMILIA ROMAGNA;TOSCANA;22
2024/2025;LM-78;LAZIO;CAMPANIA;22
2024/2025;LM-79;SICILIA;SICILIA;22
2024/2025;LM-81;PIEMONTE;LOMBARDIA;22
2024/2025;LM-4cu;EMILIA ROMAGNA;CALABRIA;22
2024/2025;LM-50;EMILIA ROMAGNA;FRIULI VENEZIA GIULIA;22
2024/2025;LM-50;EMILIA ROMAGNA;SARDEGNA;22
2024/2025;LM-46;LAZIO;PIEMONTE;22
2024/2025;LM-44;FRIULI VENEZIA GIULIA;FRIULI VENEZIA GIULIA;22
2024/2025;LM-42;PIEMONTE;REGIONE ESTERA;22
2024/2025;LM-41;FRIULI VENEZIA GIULIA;Provincia autonoma di TRENTO;22
2024/2025;LM-41;MOLISE;VENETO;22
2024/2025;LM-41;PIEMONTE;TOSCANA;22
2024/2025;LM-41;MOLISE;MARCHE;22
2024/2025;LM-42;ABRUZZO;EMILIA ROMAGNA;22
2024/2025;LM-41;UMBRIA;LIGURIA;22
2024/2025;LM-62;LOMBARDIA;SICILIA;22
2024/2025;LM-62;MOLISE;CAMPANIA;22
2024/2025;LM-61;CALABRIA;REGIONE ESTERA;22
2024/2025;LM-6;FRIULI VENEZIA GIULIA;LOMBARDIA;22
2024/2025;LM-6;FRIULI VENEZIA GIULIA;EMILIA ROMAGNA;22
2024/2025;LM-65;LAZIO;LOMBARDIA;22
2024/2025;LM-59;LAZIO;ABRUZZO;22
2024/2025;LM-59;LOMBARDIA;FRIULI VENEZIA GIULIA;22
2024/2025;LM-52;VENETO;PUGLIA;22
2024/2025;LM-52;PIEMONTE;VENETO;22
2023/2024;LMG/01;MOLISE;PUGLIA;22
2023/2024;LMR/02;CALABRIA;CALABRIA;22
2023/2024;LMG/01;Provincia autonoma di TRENTO;UMBRIA;22
2023/2024;LMG/01;Provincia autonoma di TRENTO;CAMPANIA;22
2023/2024;LMG/01;Provincia autonoma di TRENTO;LIGURIA;22
2023/2024;LMG/01;TOSCANA;MARCHE;22
2024/2025;99999;ABRUZZO;PUGLIA;22
2024/2025;99999;PUGLIA;CALABRIA;22
2024/2025;99999;VENETO;LOMBARDIA;22
2024/2025;99999;TOSCANA;BASILICATA;22
2023/2024;LM-89;TOSCANA;SICILIA;22
2023/2024;LM-88;LOMBARDIA;PIEMONTE;22
2023/2024;LM-9;VENETO;EMILIA ROMAGNA;22
2023/2024;LM-9;CAMPANIA;REGIONE ESTERA;22
2023/2024;LM-85 bis;EMILIA ROMAGNA;CALABRIA;22
2023/2024;LM-87;Provincia autonoma di BOLZANO;Provincia autonoma di BOLZANO;22
2023/2024;LM-86;EMILIA ROMAGNA;REGIONE ESTERA;22
2023/2024;LM-73;VENETO;LOMBARDIA;22
2023/2024;LM-70;MARCHE;MARCHE;22
2023/2024;LM-65;LOMBARDIA;PIEMONTE;22
2023/2024;LM-62;MOLISE;CAMPANIA;22
2023/2024;LM-61;EMILIA ROMAGNA;PUGLIA;22
2023/2024;LM-62;ABRUZZO;LAZIO;22
2023/2024;LM-77;MARCHE;SICILIA;22
2023/2024;LM-77;PIEMONTE;CAMPANIA;22
2023/2024;LM-77;ABRUZZO;CAMPANIA;22
2023/2024;LM-77;LAZIO;LIGURIA;22
2023/2024;LM-78;LOMBARDIA;REGIONE ESTERA;22
2024/2025;L-20;EMILIA ROMAGNA;SARDEGNA;22
2024/2025;L-2;LOMBARDIA;REGIONE ESTERA;22
2024/2025;L-19;LOMBARDIA;Provincia autonoma di TRENTO;22
2024/2025;L-22;CAMPANIA;CALABRIA;22
2024/2025;L-24;FRIULI VENEZIA GIULIA;REGIONE ESTERA;22
2024/2025;L-24;EMILIA ROMAGNA;PIEMONTE;22
2024/2025;L-18;UMBRIA;SICILIA;22
2024/2025;L-18;TOSCANA;ABRUZZO;22
2024/2025;L-18;CAMPANIA;PUGLIA;22
2024/2025;L-14;LIGURIA;PIEMONTE;22
2024/2025;L-14;LOMBARDIA;LIGURIA;22
2024/2025;L-14;PIEMONTE;TOSCANA;22
2024/2025;L-17;LIGURIA;LOMBARDIA;22
2024/2025;L-17;LAZIO;SICILIA;22
2024/2025;L-17;LOMBARDIA;UMBRIA;22
2024/2025;L-1;TOSCANA;BASILICATA;22
2024/2025;L-1;LOMBARDIA;PUGLIA;22
2024/2025;L-1;Provincia autonoma di TRENTO;Provincia autonoma di BOLZANO;22
2024/2025;L-10;CAMPANIA;CALABRIA;22
2024/2025;L-1;EMILIA ROMAGNA;SICILIA;22
2024/2025;L/SNT3;EMILIA ROMAGNA;REGIONE ESTERA;22
2024/2025;L/SNT2;LAZIO;LOMBARDIA;22
2024/2025;L/SNT1;UMBRIA;PUGLIA;22
2024/2025;L/SNT2;LAZIO;TOSCANA;22
2024/2025;L/SNT1;LOMBARDIA;VENETO;22
2024/2025;L-12;CAMPANIA;LAZIO;22
2024/2025;L-11;UMBRIA;LAZIO;22
2024/2025;L-11;VENETO;CALABRIA;22
2024/2025;L-11;LAZIO;LOMBARDIA;22
2024/2025;L-10;MARCHE;PUGLIA;22
2024/2025;L-12;LOMBARDIA;ABRUZZO;22
2024/2025;L-14;EMILIA ROMAGNA;FRIULI VENEZIA GIULIA;22
2024/2025;L-13;UMBRIA;CALABRIA;22
2024/2025;LM-22;PIEMONTE;REGIONE ESTERA;22
2024/2025;LM-30;LAZIO;REGIONE ESTERA;22
2024/2025;LM-25;LOMBARDIA;PUGLIA;22
2024/2025;LM-34;LIGURIA;TOSCANA;22
2024/2025;LM-37;VENETO;EMILIA ROMAGNA;22
2024/2025;LM-37;LOMBARDIA;EMILIA ROMAGNA;22
2024/2025;LM-38;LOMBARDIA;LIGURIA;22
2024/2025;LM-38;EMILIA ROMAGNA;TOSCANA;22
2024/2025;LM-31;EMILIA ROMAGNA;UMBRIA;22
2024/2025;LM-31;PIEMONTE;VENETO;22
2024/2025;LM-32;LOMBARDIA;LIGURIA;22
2024/2025;LM-18;TOSCANA;LIGURIA;22
2024/2025;LM-18;TOSCANA;SARDEGNA;22
2024/2025;LM-18;Provincia autonoma di TRENTO;LOMBARDIA;22
2024/2025;LM-19;EMILIA ROMAGNA;REGIONE ESTERA;22
2024/2025;LM-2;TOSCANA;SICILIA;22
2024/2025;LM-18;EMILIA ROMAGNA;VENETO;22
2024/2025;LM-18;LOMBARDIA;PUGLIA;22
2024/2025;LM-18;LOMBARDIA;EMILIA ROMAGNA;22
2024/2025;LM-17;TOSCANA;CAMPANIA;22
2024/2025;LM-14;CAMPANIA;BASILICATA;22
2024/2025;LM-13;VENETO;REGIONE ESTERA;22
2024/2025;LM-14;PIEMONTE;PUGLIA;22
2024/2025;LM-14;VENETO;SICILIA;22
2024/2025;L-9;TOSCANA;MARCHE;22
2024/2025;LM/SNT1;EMILIA ROMAGNA;PUGLIA;22
2024/2025;L-9;LAZIO;VENETO;22
2024/2025;L-35;SICILIA;CALABRIA;22
2024/2025;L-33;PIEMONTE;REGIONE ESTERA;22
2024/2025;L-33;LAZIO;SARDEGNA;22
2024/2025;L-31;VENETO;EMILIA ROMAGNA;22
2024/2025;L-31;MARCHE;REGIONE ESTERA;22
2024/2025;L-31;LOMBARDIA;FRIULI VENEZIA GIULIA;22
2024/2025;L-30;FRIULI VENEZIA GIULIA;LOMBARDIA;22
2024/2025;L-27;EMILIA ROMAGNA;SICILIA;22
2024/2025;L-29;MARCHE;LAZIO;22
2024/2025;L-3;EMILIA ROMAGNA;Provincia autonoma di TRENTO;22
2024/2025;L-24;VENETO;CAMPANIA;22
2024/2025;L-24;VALLE D'AOSTA;LOMBARDIA;22
2024/2025;L-24;TOSCANA;VENETO;22
2024/2025;L-24;TOSCANA;SICILIA;22
2024/2025;L-25;EMILIA ROMAGNA;ABRUZZO;22
2024/2025;L-5;EMILIA ROMAGNA;LIGURIA;22
2024/2025;L-5;TOSCANA;PUGLIA;22
2024/2025;L-5;VENETO;PUGLIA;22
2024/2025;L-41;VENETO;MARCHE;22
2024/2025;L-42;TOSCANA;SICILIA;22
2024/2025;L-42;LOMBARDIA;REGIONE ESTERA;22
2024/2025;L-7;LAZIO;MOLISE;22
2024/2025;L-7;LAZIO;ABRUZZO;22
2024/2025;L-7;LOMBARDIA;REGIONE ESTERA;22
2024/2025;L-7;Provincia autonoma di TRENTO;Provincia autonoma di BOLZANO;22
2024/2025;L-8;LAZIO;TOSCANA;22
2024/2025;L-8;TOSCANA;MARCHE;22
2024/2025;L-8;TOSCANA;MOLISE;22
2024/2025;L-8;TOSCANA;ABRUZZO;22
2024/2025;L-8;UMBRIA;MARCHE;22
2024/2025;L-38;PUGLIA;BASILICATA;22
2024/2025;L-36;TOSCANA;CAMPANIA;22
2024/2025;L-36;TOSCANA;UMBRIA;22
2024/2025;L-35;TOSCANA;LOMBARDIA;22
2024/2025;L-35;TOSCANA;SICILIA;22
2024/2025;L-36;PIEMONTE;TOSCANA;22
2024/2025;L-4;PIEMONTE;SARDEGNA;22
2024/2025;L-4;TOSCANA;CALABRIA;22
2024/2025;L-40;ABRUZZO;VENETO;22
2024/2025;L-40;EMILIA ROMAGNA;MARCHE;22
2024/2025;L-39;EMILIA ROMAGNA;TOSCANA;22
2024/2025;L-39;LAZIO;CALABRIA;22
2024/2025;L-4;LOMBARDIA;UMBRIA;22
2023/2024;LM-52;VENETO;LAZIO;22
2023/2024;LM-54;EMILIA ROMAGNA;TOSCANA;22
2023/2024;LM-54;PIEMONTE;SARDEGNA;22
2023/2024;LM-6;LOMBARDIA;CAMPANIA;22
2023/2024;LM-6;MARCHE;CAMPANIA;22
2023/2024;LM-6;TOSCANA;CALABRIA;22
2023/2024;LM-6;TOSCANA;PIEMONTE;22
2023/2024;LM-60;EMILIA ROMAGNA;LOMBARDIA;22
2023/2024;LM-50;EMILIA ROMAGNA;LIGURIA;22
2023/2024;LM-50;TOSCANA;EMILIA ROMAGNA;22
2023/2024;LM-51;MARCHE;UMBRIA;22
2023/2024;LM-52;PIEMONTE;LIGURIA;22
2023/2024;LM-4cu;Provincia autonoma di TRENTO;LOMBARDIA;22
2023/2024;LM-46;VENETO;Provincia autonoma di TRENTO;22
2023/2024;LM-41;CALABRIA;EMILIA ROMAGNA;22
2023/2024;LM-40;ABRUZZO;ABRUZZO;22
2023/2024;LM-41;LIGURIA;CAMPANIA;22
2023/2024;LM-41;LAZIO;REGIONE NON FORNITA;22
2023/2024;LM-42;PIEMONTE;SICILIA;22
2023/2024;LM-42;VENETO;REGIONE ESTERA;22
2023/2024;LM-43;TOSCANA;SICILIA;22
2023/2024;LM-44;ABRUZZO;ABRUZZO;22
2023/2024;LM-45;EMILIA ROMAGNA;REGIONE ESTERA;22
2023/2024;LM-44;LOMBARDIA;PUGLIA;22
2023/2024;LM-44;PIEMONTE;SICILIA;22
2023/2024;LM-42;EMILIA ROMAGNA;PUGLIA;22
2023/2024;LM-41;VENETO;PIEMONTE;22
2023/2024;LM-41;TOSCANA;MOLISE;22
2023/2024;LM-37;CAMPANIA;CALABRIA;22
2023/2024;LM-37;EMILIA ROMAGNA;CALABRIA;22
2023/2024;LM-32;TOSCANA;SICILIA;22
2023/2024;LM-4;EMILIA ROMAGNA;LOMBARDIA;22
2023/2024;LM-38;VENETO;ABRUZZO;22
2023/2024;LM-39;TOSCANA;PUGLIA;22
2023/2024;L-5;VENETO;MARCHE;22
2023/2024;L-5;FRIULI VENEZIA GIULIA;VENETO;22
2023/2024;L-7;PUGLIA;BASILICATA;22
2023/2024;L-7;VENETO;FRIULI VENEZIA GIULIA;22
2023/2024;L-8;LAZIO;MARCHE;22
2023/2024;L-8;MARCHE;UMBRIA;22
2023/2024;L-9;LIGURIA;CALABRIA;22
2023/2024;L-9;LIGURIA;EMILIA ROMAGNA;22
2023/2024;L-9;LAZIO;VENETO;22
2023/2024;L-9;LAZIO;LOMBARDIA;22
2023/2024;LM-12;LOMBARDIA;LIGURIA;22
2023/2024;LM-13;LOMBARDIA;ABRUZZO;22
2023/2024;LM-13;LOMBARDIA;CAMPANIA;22
2023/2024;LM-14;CAMPANIA;BASILICATA;22
2023/2024;LM/SNT1;MOLISE;MOLISE;22
2023/2024;L-9;TOSCANA;MOLISE;22
2023/2024;LM/SNT1;ABRUZZO;MARCHE;22
2023/2024;LM-18;LOMBARDIA;PUGLIA;22
2023/2024;LM-17;EMILIA ROMAGNA;LOMBARDIA;22
2023/2024;LM-17;LOMBARDIA;REGIONE ESTERA;22
2023/2024;LM-17;Provincia autonoma di TRENTO;VENETO;22
2023/2024;LM-17;TOSCANA;CAMPANIA;22
2023/2024;LM-15;EMILIA ROMAGNA;SICILIA;22
2023/2024;LM-15;MARCHE;MARCHE;22
2023/2024;LM-16;LOMBARDIA;ABRUZZO;22
2023/2024;LM-18;TOSCANA;LIGURIA;22
2023/2024;LM-18;TOSCANA;SARDEGNA;22
2023/2024;LM-2;UMBRIA;UMBRIA;22
2023/2024;LM-20;LAZIO;CAMPANIA;22
2023/2024;LM-20;PIEMONTE;EMILIA ROMAGNA;22
2023/2024;LM-21;LAZIO;ABRUZZO;22
2023/2024;LM-22;LOMBARDIA;PUGLIA;22
2023/2024;LM-24;LOMBARDIA;PIEMONTE;22
2023/2024;LM-25;LOMBARDIA;TOSCANA;22
2023/2024;LM-25;ABRUZZO;REGIONE ESTERA;22
2023/2024;LM-31;LOMBARDIA;LIGURIA;22
2023/2024;LM-32;FRIULI VENEZIA GIULIA;VENETO;22
2023/2024;L-29;MARCHE;LAZIO;22
2023/2024;L-27;EMILIA ROMAGNA;SICILIA;22
2023/2024;L-25;UMBRIA;TOSCANA;22
2023/2024;L-25;UMBRIA;LAZIO;22
2023/2024;L-26;ABRUZZO;MARCHE;22
2023/2024;L-26;VENETO;Provincia autonoma di TRENTO;22
2023/2024;L-30;LOMBARDIA;REGIONE ESTERA;22
2023/2024;L-30;LOMBARDIA;VENETO;22
2023/2024;L-30;VENETO;EMILIA ROMAGNA;22
2023/2024;L-3;LAZIO;PIEMONTE;22
2023/2024;L-3;EMILIA ROMAGNA;Provincia autonoma di TRENTO;22
2023/2024;L-29;VENETO;Provincia autonoma di TRENTO;22
2023/2024;L-22;VENETO;Provincia autonoma di BOLZANO;22
2023/2024;L-22;TOSCANA;LIGURIA;22
2023/2024;L-24;VENETO;CAMPANIA;22
2023/2024;L-25;EMILIA ROMAGNA;SICILIA;22
2023/2024;L-24;VENETO;UMBRIA;22
2023/2024;L-20;TOSCANA;VENETO;22
2023/2024;L-20;TOSCANA;EMILIA ROMAGNA;22
2023/2024;L-21;VENETO;FRIULI VENEZIA GIULIA;22
2023/2024;L-22;EMILIA ROMAGNA;REGIONE ESTERA;22
2023/2024;L-2;UMBRIA;ABRUZZO;22
2023/2024;L-33;LOMBARDIA;Provincia autonoma di TRENTO;22
2023/2024;L-32;VENETO;Provincia autonoma di TRENTO;22
2023/2024;L-33;EMILIA ROMAGNA;CAMPANIA;22
2023/2024;L-35;VENETO;Provincia autonoma di TRENTO;22
2023/2024;L-36;Provincia autonoma di TRENTO;EMILIA ROMAGNA;22
2023/2024;L-36;PIEMONTE;LAZIO;22
2023/2024;L-33;TOSCANA;EMILIA ROMAGNA;22
2023/2024;L-38;VENETO;Provincia autonoma di TRENTO;22
2023/2024;L-36;PUGLIA;LIGURIA;22
2023/2024;L-36;VENETO;SARDEGNA;22
2023/2024;L-36;VENETO;TOSCANA;22
2023/2024;L-36;UMBRIA;MARCHE;22
2023/2024;L-4;PIEMONTE;EMILIA ROMAGNA;22
2023/2024;99999;TOSCANA;SICILIA;22
2023/2024;99999;TOSCANA;BASILICATA;22
2023/2024;L/DS;TOSCANA;SICILIA;22
2023/2024;L/SNT1;ABRUZZO;MOLISE;22
2023/2024;L/SNT2;ABRUZZO;SICILIA;22
2023/2024;L/SNT1;LOMBARDIA;LIGURIA;22
2023/2024;L/SNT1;LOMBARDIA;SARDEGNA;22
2023/2024;L/SNT1;LOMBARDIA;VENETO;22
2023/2024;L/SNT1;LIGURIA;LOMBARDIA;22
2023/2024;99999;EMILIA ROMAGNA;CALABRIA;22
2023/2024;99999;CAMPANIA;LOMBARDIA;22
2023/2024;L/SNT3;LAZIO;MOLISE;22
2023/2024;L/SNT2;LAZIO;LOMBARDIA;22
2023/2024;L-1;LOMBARDIA;PUGLIA;22
2023/2024;L-1;EMILIA ROMAGNA;PUGLIA;22
2023/2024;L/SNT3;VENETO;SICILIA;22
2023/2024;L-1;EMILIA ROMAGNA;ABRUZZO;22
2023/2024;L-10;VENETO;PIEMONTE;22
2023/2024;L-11;LIGURIA;TOSCANA;22
2023/2024;L-11;EMILIA ROMAGNA;MOLISE;22
2023/2024;L-10;EMILIA ROMAGNA;LIGURIA;22
2023/2024;L-1;VENETO;PUGLIA;22
2023/2024;L-12;FRIULI VENEZIA GIULIA;CAMPANIA;22
2023/2024;L-12;EMILIA ROMAGNA;CAMPANIA;22
2023/2024;L-14;EMILIA ROMAGNA;BASILICATA;22
2023/2024;L-14;ABRUZZO;FRIULI VENEZIA GIULIA;22
2023/2024;L-2;LOMBARDIA;VENETO;22
2023/2024;L-2;LOMBARDIA;REGIONE ESTERA;22
2023/2024;L-2;LIGURIA;PIEMONTE;22
2023/2024;L-18;Provincia autonoma di TRENTO;PUGLIA;22
2023/2024;L-18;Provincia autonoma di TRENTO;SICILIA;22
2023/2024;L-18;VENETO;Provincia autonoma di BOLZANO;22
2023/2024;L-19;LAZIO;REGIONE NON FORNITA;22
2023/2024;L-19;LAZIO;SARDEGNA;22
2023/2024;L-15;VENETO;REGIONE ESTERA;22
2023/2024;L-16;LOMBARDIA;PIEMONTE;22
2023/2024;L-17;PIEMONTE;VALLE D'AOSTA;22
2023/2024;L-17/L-23;SICILIA;SICILIA;22
2023/2024;L-17;TOSCANA;EMILIA ROMAGNA;21
2023/2024;L-16;TOSCANA;TOSCANA;21
2023/2024;L-19;ABRUZZO;BASILICATA;21
2023/2024;L-18;UMBRIA;CAMPANIA;21
2023/2024;L-2;EMILIA ROMAGNA;LAZIO;21
2023/2024;L-2;PIEMONTE;VALLE D'AOSTA;21
2023/2024;L-2;MARCHE;PUGLIA;21
2023/2024;L-2;BASILICATA;CAMPANIA;21
2023/2024;L-19;UMBRIA;CALABRIA;21
2023/2024;L-13;MOLISE;PUGLIA;21
2023/2024;L-14;MARCHE;LAZIO;21
2023/2024;L-15;LAZIO;CAMPANIA;21
2023/2024;L-12;EMILIA ROMAGNA;REGIONE ESTERA;21
2023/2024;L-11;UMBRIA;SICILIA;21
2023/2024;L-11;PIEMONTE;CALABRIA;21
2023/2024;L-12;TOSCANA;EMILIA ROMAGNA;21
2023/2024;L-12;TOSCANA;REGIONE ESTERA;21
2023/2024;L-10;EMILIA ROMAGNA;Provincia autonoma di TRENTO;21
2023/2024;L-11;CAMPANIA;SARDEGNA;21
2023/2024;L-11;LAZIO;LOMBARDIA;21
2023/2024;L-11;CAMPANIA;LOMBARDIA;21
2023/2024;L-11;CALABRIA;REGIONE ESTERA;21
2023/2024;L-1;LAZIO;MARCHE;21
2023/2024;L-1;LOMBARDIA;SICILIA;21
2023/2024;L-1;TOSCANA;BASILICATA;21
2023/2024;L-1;PUGLIA;BASILICATA;21
2023/2024;L/SNT2;LAZIO;MARCHE;21
2023/2024;L/SNT2;EMILIA ROMAGNA;TOSCANA;21
2023/2024;L/SNT3;PIEMONTE;SICILIA;21
2023/2024;L/SNT3;ABRUZZO;CAMPANIA;21
2023/2024;L/SNT3;ABRUZZO;MOLISE;21
2023/2024;L/SNT1;UMBRIA;PUGLIA;21
2023/2024;L/SNT1;VENETO;REGIONE ESTERA;21
2023/2024;L/SNT1;PIEMONTE;VALLE D'AOSTA;21
2023/2024;L/SNT1;CAMPANIA;BASILICATA;21
2023/2024;L/SNT1;ABRUZZO;BASILICATA;21
2023/2024;L/DS;EMILIA ROMAGNA;REGIONE ESTERA;21
2023/2024;L/DS;EMILIA ROMAGNA;LOMBARDIA;21
2023/2024;L-4;PIEMONTE;SARDEGNA;21
2023/2024;L-4;UMBRIA;REGIONE ESTERA;21
2023/2024;L-40;LOMBARDIA;LIGURIA;21
2023/2024;L-4;VENETO;MARCHE;21
2023/2024;L-4;VENETO;PIEMONTE;21
2023/2024;L-42;FRIULI VENEZIA GIULIA;VENETO;21
2023/2024;L-42;EMILIA ROMAGNA;BASILICATA;21
2023/2024;L-42;LAZIO;TOSCANA;21
2023/2024;L-42;LAZIO;PUGLIA;21
2023/2024;L-41;LAZIO;ABRUZZO;21
2023/2024;L-41;LOMBARDIA;EMILIA ROMAGNA;21
2023/2024;L-36;UMBRIA;TOSCANA;21
2023/2024;L-38;CAMPANIA;LAZIO;21
2023/2024;L-38;UMBRIA;TOSCANA;21
2023/2024;L-35;PIEMONTE;LAZIO;21
2023/2024;L-36;Provincia autonoma di TRENTO;FRIULI VENEZIA GIULIA;21
2023/2024;L-35;TOSCANA;LOMBARDIA;21
2023/2024;L-33;LOMBARDIA;FRIULI VENEZIA GIULIA;21
2023/2024;L-33;LAZIO;EMILIA ROMAGNA;21
2023/2024;L-31;LIGURIA;REGIONE ESTERA;21
2023/2024;L-20;CAMPANIA;BASILICATA;21
2023/2024;L-22;EMILIA ROMAGNA;ABRUZZO;21
2023/2024;L-21;VENETO;LOMBARDIA;21
2023/2024;L-25;EMILIA ROMAGNA;Provincia autonoma di TRENTO;21
2023/2024;L-24;VALLE D'AOSTA;LOMBARDIA;21
2023/2024;L-24;UMBRIA;FRIULI VENEZIA GIULIA;21
2023/2024;L-24;PIEMONTE;TOSCANA;21
2023/2024;L-24;TOSCANA;CAMPANIA;21
2023/2024;L-24;MARCHE;ABRUZZO;21
2023/2024;L-24;EMILIA ROMAGNA;SICILIA;21
2023/2024;L-24;LAZIO;REGIONE ESTERA;21
2023/2024;L-24;LAZIO;SARDEGNA;21
2023/2024;L-31;EMILIA ROMAGNA;CAMPANIA;21
2023/2024;L-30;TOSCANA;CAMPANIA;21
2023/2024;L-30;TOSCANA;EMILIA ROMAGNA;21
2023/2024;L-30;TOSCANA;ABRUZZO;21
2023/2024;L-27;LOMBARDIA;EMILIA ROMAGNA;21
2023/2024;L-27;TOSCANA;LAZIO;21
2023/2024;L-29;CALABRIA;REGIONE ESTERA;21
2023/2024;LM-31;LOMBARDIA;UMBRIA;21
2023/2024;LM-29;PIEMONTE;LAZIO;21
2023/2024;LM-22;EMILIA ROMAGNA;TOSCANA;21
2023/2024;LM-20;EMILIA ROMAGNA;MARCHE;21
2023/2024;LM-19;EMILIA ROMAGNA;ABRUZZO;21
2023/2024;LM-19;LAZIO;UMBRIA;21
2023/2024;LM-16;EMILIA ROMAGNA;VENETO;21
2023/2024;LM-14;PIEMONTE;VALLE D'AOSTA;21
2023/2024;LM-17;TOSCANA;PUGLIA;21
2023/2024;LM-18;CALABRIA;REGIONE ESTERA;21
2023/2024;LM/DS;PIEMONTE;SICILIA;21
2023/2024;L-9;VENETO;REGIONE ESTERA;21
2023/2024;LM-13;MARCHE;TOSCANA;21
2023/2024;LM-13;CAMPANIA;PUGLIA;21
2023/2024;L-8;LAZIO;TOSCANA;21
2023/2024;L-8;VENETO;MARCHE;21
2023/2024;L-8;TOSCANA;ABRUZZO;21
2023/2024;L-8;Provincia autonoma di TRENTO;Provincia autonoma di BOLZANO;21
2023/2024;L-7;TOSCANA;REGIONE ESTERA;21
2023/2024;L-5;LIGURIA;PIEMONTE;21
2023/2024;L-43;MARCHE;MARCHE;21
2023/2024;L-5;VENETO;TOSCANA;21
2023/2024;L-5;Provincia autonoma di TRENTO;LOMBARDIA;21
2023/2024;L-5;PIEMONTE;PUGLIA;21
2023/2024;LM-38;VENETO;LAZIO;21
2023/2024;LM-39;VENETO;PUGLIA;21
2023/2024;LM-4;LAZIO;CAMPANIA;21
2023/2024;LM-38;PIEMONTE;LAZIO;21
2023/2024;LM-33;LOMBARDIA;SICILIA;21
2023/2024;LM-33;LOMBARDIA;ABRUZZO;21
2023/2024;LM-36;CAMPANIA;SICILIA;21
2023/2024;LM-35;UMBRIA;UMBRIA;21
2023/2024;LM-33;PIEMONTE;UMBRIA;21
2023/2024;LM-35;ABRUZZO;ABRUZZO;21
2023/2024;LM-41;SICILIA;SARDEGNA;21
2023/2024;LM-41;PUGLIA;VENETO;21
2023/2024;LM-41;VENETO;CALABRIA;21
2023/2024;LM-43;PIEMONTE;PIEMONTE;21
2023/2024;LM-42;PIEMONTE;VENETO;21
2023/2024;LM-42;UMBRIA;EMILIA ROMAGNA;21
2023/2024;LM-42;TOSCANA;SICILIA;21
2023/2024;LM-41;LOMBARDIA;Provincia autonoma di BOLZANO;21
2023/2024;LM-41;FRIULI VENEZIA GIULIA;PUGLIA;21
2023/2024;LM-41;FRIULI VENEZIA GIULIA;SICILIA;21
2023/2024;LM-41;PIEMONTE;TOSCANA;21
2023/2024;LM-4;VENETO;Provincia autonoma di TRENTO;21
2023/2024;LM-40;LAZIO;CAMPANIA;21
2023/2024;LM-41;CALABRIA;ABRUZZO;21
2023/2024;LM-46;LAZIO;UMBRIA;21
2023/2024;LM-46;PUGLIA;BASILICATA;21
2023/2024;LM-4cu;SARDEGNA;SARDEGNA;21
2023/2024;LM-4cu;LOMBARDIA;VENETO;21
2023/2024;LM-52;PIEMONTE;CAMPANIA;21
2023/2024;LM-52;LOMBARDIA;LIGURIA;21
2023/2024;LM-52;LAZIO;LIGURIA;21
2023/2024;LM-51;UMBRIA;EMILIA ROMAGNA;21
2023/2024;LM-51;EMILIA ROMAGNA;LAZIO;21
2023/2024;LM-51;EMILIA ROMAGNA;LIGURIA;21
2023/2024;LM-6;TOSCANA;BASILICATA;21
2023/2024;LM-61;CALABRIA;REGIONE ESTERA;21
2023/2024;LM-60;PIEMONTE;LOMBARDIA;21
2023/2024;LM-6;PIEMONTE;SICILIA;21
2023/2024;LM-59;FRIULI VENEZIA GIULIA;VENETO;21
2023/2024;LM-54;PIEMONTE;PUGLIA;21
2023/2024;LM-52;PIEMONTE;VENETO;21
2023/2024;LM-52;Provincia autonoma di TRENTO;LOMBARDIA;21
2023/2024;LM-53;LAZIO;REGIONE ESTERA;21
2023/2024;LM-56;LOMBARDIA;LIGURIA;21
2024/2025;L-4;VENETO;TOSCANA;21
2024/2025;L-40;EMILIA ROMAGNA;TOSCANA;21
2024/2025;L-4;TOSCANA;SICILIA;21
2024/2025;L-36;PIEMONTE;REGIONE ESTERA;21
2024/2025;L-36;VENETO;SARDEGNA;21
2024/2025;L-39;ABRUZZO;BASILICATA;21
2024/2025;L-8;VENETO;PUGLIA;21
2024/2025;L-9;ABRUZZO;BASILICATA;21
2024/2025;L-42;LAZIO;CAMPANIA;21
2024/2025;L-41;LOMBARDIA;EMILIA ROMAGNA;21
2024/2025;L-40;UMBRIA;LOMBARDIA;21
2024/2025;L-40;UMBRIA;SICILIA;21
2024/2025;L-5;EMILIA ROMAGNA;UMBRIA;21
2024/2025;L-24;VENETO;ABRUZZO;21
2024/2025;L-24;TOSCANA;LAZIO;21
2024/2025;L-24;MARCHE;ABRUZZO;21
2024/2025;L-28;PUGLIA;LAZIO;21
2024/2025;L-27;EMILIA ROMAGNA;REGIONE ESTERA;21
2024/2025;L-27;LAZIO;CAMPANIA;21
2024/2025;L-27;VENETO;LOMBARDIA;21
2024/2025;L-27;VENETO;Provincia autonoma di TRENTO;21
2024/2025;L-30;LAZIO;CALABRIA;21
2024/2025;L-31;LAZIO;BASILICATA;21
2024/2025;L-30;TOSCANA;ABRUZZO;21
2024/2025;L-31;Provincia autonoma di BOLZANO;REGIONE ESTERA;21
2024/2025;L-31;VENETO;PUGLIA;21
2024/2025;L-33;LAZIO;PIEMONTE;21
2024/2025;L-33;LOMBARDIA;FRIULI VENEZIA GIULIA;21
2024/2025;L-35;TOSCANA;LIGURIA;21
2024/2025;L-35;EMILIA ROMAGNA;SICILIA;21
2024/2025;L-9;VENETO;REGIONE ESTERA;21
2024/2025;LM-12;VENETO;LOMBARDIA;21
2024/2025;LM-16;LAZIO;CAMPANIA;21
2024/2025;LM-14;Provincia autonoma di TRENTO;VENETO;21
2024/2025;LM-14;TOSCANA;LIGURIA;21
2024/2025;LM-13;UMBRIA;ABRUZZO;21
2024/2025;LM-13;MARCHE;CALABRIA;21
2024/2025;LM-13;MARCHE;MOLISE;21
2024/2025;LM-17;Provincia autonoma di TRENTO;LOMBARDIA;21
2024/2025;LM-18;EMILIA ROMAGNA;CAMPANIA;21
2024/2025;LM-16;Provincia autonoma di TRENTO;VENETO;21
2024/2025;LM-20;LAZIO;CAMPANIA;21
2024/2025;LM-19;EMILIA ROMAGNA;CALABRIA;21
2024/2025;LM-32;PUGLIA;BASILICATA;21
2024/2025;LM-33;LAZIO;CAMPANIA;21
2024/2025;LM-33;EMILIA ROMAGNA;LIGURIA;21
2024/2025;LM-30;PIEMONTE;VENETO;21
2024/2025;LM-31;LOMBARDIA;CALABRIA;21
2024/2025;LM-31;LAZIO;UMBRIA;21
2024/2025;LM-38;PIEMONTE;REGIONE ESTERA;21
2024/2025;LM-38;LOMBARDIA;VENETO;21
2024/2025;LM-33;PUGLIA;BASILICATA;21
2024/2025;LM-36;VENETO;PIEMONTE;21
2024/2025;LM-37;CAMPANIA;BASILICATA;21
2024/2025;LM-35;LOMBARDIA;PIEMONTE;21
2024/2025;LM-25;LOMBARDIA;EMILIA ROMAGNA;21
2024/2025;LM-27;Provincia autonoma di TRENTO;VENETO;21
2024/2025;LM-30;LOMBARDIA;LIGURIA;21
2024/2025;LM-22;LOMBARDIA;PUGLIA;21
2024/2025;LM-21;VENETO;ABRUZZO;21
2024/2025;LM-21;LIGURIA;PIEMONTE;21
2024/2025;L-13;LOMBARDIA;SICILIA;21
2024/2025;L-12;EMILIA ROMAGNA;CAMPANIA;21
2024/2025;L-12;VENETO;MARCHE;21
2024/2025;L-12;PIEMONTE;VALLE D'AOSTA;21
2024/2025;L-10;MARCHE;REGIONE ESTERA;21
2024/2025;L-11;EMILIA ROMAGNA;BASILICATA;21
2024/2025;L-11;CAMPANIA;EMILIA ROMAGNA;21
2024/2025;L-11;TOSCANA;BASILICATA;21
2024/2025;L/SNT1;PIEMONTE;VALLE D'AOSTA;21
2024/2025;L/SNT1;TOSCANA;SARDEGNA;21
2024/2025;L-1;VENETO;PUGLIA;21
2024/2025;L-10;LAZIO;VENETO;21
2024/2025;L-1;VENETO;Provincia autonoma di BOLZANO;21
2024/2025;L-16;TOSCANA;TOSCANA;21
2024/2025;L-14;MOLISE;CAMPANIA;21
2024/2025;L-14;Provincia autonoma di TRENTO;REGIONE ESTERA;21
2024/2025;L-14;Provincia autonoma di TRENTO;FRIULI VENEZIA GIULIA;21
2024/2025;L-18;BASILICATA;CAMPANIA;21
2024/2025;L-17;PIEMONTE;TOSCANA;21
2024/2025;L-17;TOSCANA;EMILIA ROMAGNA;21
2024/2025;L-18;PIEMONTE;BASILICATA;21
2024/2025;L-18;Provincia autonoma di TRENTO;SICILIA;21
2024/2025;L-18;TOSCANA;PIEMONTE;21
2024/2025;L-18;VENETO;PIEMONTE;21
2024/2025;L-24;ABRUZZO;SICILIA;21
2024/2025;L-24;LAZIO;PIEMONTE;21
2024/2025;L-24;LAZIO;SARDEGNA;21
2024/2025;L-22;LOMBARDIA;REGIONE ESTERA;21
2024/2025;L-20;EMILIA ROMAGNA;CAMPANIA;21
2023/2024;LM-81;EMILIA ROMAGNA;PUGLIA;21
2023/2024;LM-8;LOMBARDIA;SICILIA;21
2023/2024;LM-8;TOSCANA;REGIONE ESTERA;21
2023/2024;LM-82;LOMBARDIA;PIEMONTE;21
2023/2024;LM-84;TOSCANA;LIGURIA;21
2023/2024;LM-77;ABRUZZO;LAZIO;21
2023/2024;LM-76;VENETO;PIEMONTE;21
2023/2024;LM-76;LOMBARDIA;SICILIA;21
2023/2024;LM-76;SARDEGNA;SARDEGNA;21
2023/2024;LM-76;EMILIA ROMAGNA;REGIONE ESTERA;21
2023/2024;LM-77;MARCHE;LAZIO;21
2023/2024;LM-77;MARCHE;VENETO;21
2023/2024;LM-78;EMILIA ROMAGNA;TOSCANA;21
2023/2024;LM-78;EMILIA ROMAGNA;ABRUZZO;21
2023/2024;LM-61;LAZIO;SICILIA;21
2023/2024;LM-62;LOMBARDIA;VENETO;21
2023/2024;LM-62;SICILIA;REGIONE ESTERA;21
2023/2024;LM-65;VENETO;FRIULI VENEZIA GIULIA;21
2023/2024;LM-63;LOMBARDIA;SICILIA;21
2023/2024;LM-70;LOMBARDIA;REGIONE ESTERA;21
2023/2024;LM-73;LOMBARDIA;LOMBARDIA;21
2023/2024;LM-71;LIGURIA;LIGURIA;21
2023/2024;LM-67;LOMBARDIA;PUGLIA;21
2023/2024;LM-68;MARCHE;EMILIA ROMAGNA;21
2023/2024;LM-68;UMBRIA;UMBRIA;21
2023/2024;LM-85 bis;UMBRIA;SICILIA;21
2023/2024;LM-85;EMILIA ROMAGNA;MARCHE;21
2023/2024;LM-9;LAZIO;CALABRIA;21
2023/2024;LM-9;EMILIA ROMAGNA;MARCHE;21
2023/2024;LM-9;PIEMONTE;TOSCANA;21
2023/2024;LM-88;EMILIA ROMAGNA;PUGLIA;21
2023/2024;LM-89;LOMBARDIA;VENETO;21
2023/2024;LM-89;LAZIO;LOMBARDIA;21
2023/2024;LM-89;LAZIO;TOSCANA;21
2024/2025;L/DS;TOSCANA;SICILIA;21
2023/2024;LMR/02;MARCHE;MARCHE;21
2023/2024;LMG/01;MARCHE;SICILIA;21
2023/2024;LM-Data;TOSCANA;TOSCANA;21
2023/2024;LM-92;PIEMONTE;PUGLIA;21
2024/2025;LM-52;PIEMONTE;LIGURIA;21
2024/2025;LM-52;TOSCANA;LAZIO;21
2024/2025;LM-52;LOMBARDIA;CALABRIA;21
2024/2025;LM-59;PIEMONTE;LIGURIA;21
2024/2025;LM-59;PIEMONTE;SARDEGNA;21
2024/2025;LM-59;EMILIA ROMAGNA;SICILIA;21
2024/2025;LM-58;VENETO;VENETO;21
2024/2025;LM-56;SICILIA;REGIONE ESTERA;21
2024/2025;LM-54;PIEMONTE;LOMBARDIA;21
2024/2025;LM-55;LOMBARDIA;PIEMONTE;21
2024/2025;LM-56;LAZIO;MARCHE;21
2024/2025;LM-65;LOMBARDIA;PIEMONTE;21
2024/2025;LM-65;LOMBARDIA;EMILIA ROMAGNA;21
2024/2025;LM-65;LOMBARDIA;SICILIA;21
2024/2025;LM-61;LAZIO;CAMPANIA;21
2024/2025;LM-61;SICILIA;CALABRIA;21
2024/2025;LM-61;TOSCANA;LAZIO;21
2024/2025;LM-61;TOSCANA;LOMBARDIA;21
2024/2025;LM-62;ABRUZZO;LAZIO;21
2024/2025;LM-62;LOMBARDIA;VENETO;21
2024/2025;LM-62;LAZIO;SICILIA;21
2024/2025;LM-42;ABRUZZO;CAMPANIA;21
2024/2025;LM-41;PIEMONTE;SARDEGNA;21
2024/2025;LM-41;FRIULI VENEZIA GIULIA;PUGLIA;21
2024/2025;LM-41;FRIULI VENEZIA GIULIA;REGIONE ESTERA;21
2024/2025;LM-41;FRIULI VENEZIA GIULIA;SICILIA;21
2024/2025;LM-41;LAZIO;Provincia autonoma di BOLZANO;21
2024/2025;LM-4;MARCHE;ABRUZZO;21
2024/2025;LM-4;LOMBARDIA;Provincia autonoma di TRENTO;21
2024/2025;LM-39;VENETO;FRIULI VENEZIA GIULIA;21
2024/2025;LM-4;LAZIO;CAMPANIA;21
2024/2025;LM-4;EMILIA ROMAGNA;LOMBARDIA;21
2024/2025;LM-4;VENETO;CAMPANIA;21
2024/2025;LM-40;EMILIA ROMAGNA;VENETO;21
2024/2025;LM-42;MARCHE;VENETO;21
2024/2025;LM-42;UMBRIA;EMILIA ROMAGNA;21
2024/2025;LM-44;LOMBARDIA;MARCHE;21
2024/2025;LM-44;LOMBARDIA;PUGLIA;21
2024/2025;LM-46;EMILIA ROMAGNA;TOSCANA;21
2024/2025;LM-46;EMILIA ROMAGNA;REGIONE ESTERA;21
2024/2025;LM-46;EMILIA ROMAGNA;CALABRIA;21
2024/2025;LM-46;ABRUZZO;MARCHE;21
2024/2025;LM-46;UMBRIA;TOSCANA;21
2024/2025;LM-47;LAZIO;CAMPANIA;21
2024/2025;LM-50;EMILIA ROMAGNA;LAZIO;21
2024/2025;LM-51;LAZIO;LIGURIA;21
2024/2025;LM-51;LOMBARDIA;ABRUZZO;21
2024/2025;LM-4cu;EMILIA ROMAGNA;Provincia autonoma di TRENTO;21
2024/2025;LM-4cu;LAZIO;BASILICATA;21
2024/2025;LM-8;EMILIA ROMAGNA;LOMBARDIA;21
2024/2025;LM-78;TOSCANA;LIGURIA;21
2024/2025;LM-78;LOMBARDIA;PUGLIA;21
2024/2025;LM-78;PIEMONTE;REGIONE ESTERA;21
2024/2025;LM-78;EMILIA ROMAGNA;LAZIO;21
2024/2025;LM-73;VENETO;LOMBARDIA;21
2024/2025;LM-73;CAMPANIA;CAMPANIA;21
2024/2025;LM-70;PIEMONTE;LOMBARDIA;21
2024/2025;LM-70;UMBRIA;UMBRIA;21
2024/2025;LM-70;MARCHE;MARCHE;21
2024/2025;LM-70;CALABRIA;CALABRIA;21
2024/2025;LM-70;EMILIA ROMAGNA;ABRUZZO;21
2024/2025;LM-7;UMBRIA;UMBRIA;21
2024/2025;LM-77;ABRUZZO;CAMPANIA;21
2024/2025;LM-85;VENETO;EMILIA ROMAGNA;21
2024/2025;LM-84;EMILIA ROMAGNA;SARDEGNA;21
2024/2025;LM-82;EMILIA ROMAGNA;VENETO;21
2024/2025;LM-82;LAZIO;REGIONE ESTERA;21
2024/2025;LM-88;VENETO;FRIULI VENEZIA GIULIA;21
2024/2025;LM-88;Provincia autonoma di TRENTO;REGIONE ESTERA;21
2024/2025;LM-89;LAZIO;SICILIA;21
2024/2025;LM-87;EMILIA ROMAGNA;SICILIA;21
2024/2025;LM-90;MARCHE;MARCHE;21
2024/2025;LM-9;TOSCANA;CAMPANIA;21
2024/2025;LMR/02;EMILIA ROMAGNA;EMILIA ROMAGNA;21
2024/2025;LMG/01;VENETO;EMILIA ROMAGNA;21
2024/2025;LM-94;PIEMONTE;LOMBARDIA;21
2024/2025;LMG/01;CAMPANIA;ABRUZZO;21
2024/2025;LMG/01;MARCHE;CAMPANIA;21
2024/2025;LMG/01;LAZIO;REGIONE NON FORNITA;21
2024/2025;LMG/01;ABRUZZO;MARCHE;20
2024/2025;L-P02;LAZIO;REGIONE ESTERA;20
2024/2025;LMG/01;TOSCANA;Provincia autonoma di BOLZANO;20
2024/2025;LM-9;PIEMONTE;TOSCANA;20
2024/2025;LM-91;LAZIO;CAMPANIA;20
2024/2025;LM-90;FRIULI VENEZIA GIULIA;FRIULI VENEZIA GIULIA;20
2024/2025;LM-91;PIEMONTE;PIEMONTE;20
2024/2025;LM-91;LOMBARDIA;EMILIA ROMAGNA;20
2024/2025;L-Sc.Mat.;PUGLIA;PUGLIA;20
2024/2025;LM-85 bis;UMBRIA;SICILIA;20
2024/2025;LM-89;LAZIO;UMBRIA;20
2024/2025;LM-89;LOMBARDIA;VENETO;20
2024/2025;LM-89;Provincia autonoma di TRENTO;VENETO;20
2024/2025;LM-89;Provincia autonoma di TRENTO;LOMBARDIA;20
2024/2025;LM-89;TOSCANA;LOMBARDIA;20
2024/2025;LM-88;LOMBARDIA;PIEMONTE;20
2024/2025;LM-83;UMBRIA;UMBRIA;20
2024/2025;LM-76;SARDEGNA;SARDEGNA;20
2024/2025;LM-76;LOMBARDIA;VENETO;20
2024/2025;LM-76;LOMBARDIA;EMILIA ROMAGNA;20
2024/2025;LM-70;EMILIA ROMAGNA;PIEMONTE;20
2024/2025;LM-70;PIEMONTE;SICILIA;20
2024/2025;LM-71;LAZIO;REGIONE ESTERA;20
2024/2025;LM-74;UMBRIA;REGIONE ESTERA;20
2024/2025;LM-78;LAZIO;ABRUZZO;20
2024/2025;LM-77;VENETO;PIEMONTE;20
2024/2025;LM-4cu;LAZIO;MARCHE;20
2024/2025;LM-4cu;LAZIO;EMILIA ROMAGNA;20
2024/2025;LM-4cu;LOMBARDIA;REGIONE ESTERA;20
2024/2025;LM-4cu;Provincia autonoma di TRENTO;Provincia autonoma di BOLZANO;20
2024/2025;LM-4cu;CAMPANIA;MOLISE;20
2024/2025;LM-51;LAZIO;PIEMONTE;20
2024/2025;LM-51;EMILIA ROMAGNA;FRIULI VENEZIA GIULIA;20
2024/2025;LM-51;EMILIA ROMAGNA;LAZIO;20
2024/2025;LM-50;EMILIA ROMAGNA;CALABRIA;20
2024/2025;LM-46;ABRUZZO;LOMBARDIA;20
2024/2025;LM-46;LAZIO;EMILIA ROMAGNA;20
2024/2025;LM-44;LOMBARDIA;SICILIA;20
2024/2025;LM-42;TOSCANA;REGIONE ESTERA;20
2024/2025;LM-39;TOSCANA;PUGLIA;20
2024/2025;LM-41;Provincia autonoma di TRENTO;LOMBARDIA;20
2024/2025;LM-42;EMILIA ROMAGNA;Provincia autonoma di TRENTO;20
2024/2025;LM-42;EMILIA ROMAGNA;PUGLIA;20
2024/2025;LM-41;TOSCANA;Provincia autonoma di BOLZANO;20
2024/2025;LM-41;TOSCANA;MOLISE;20
2024/2025;LM-41;PUGLIA;PIEMONTE;20
2024/2025;LM-6;LAZIO;REGIONE ESTERA;20
2024/2025;LM-6;LOMBARDIA;CALABRIA;20
2024/2025;LM-60;PIEMONTE;VENETO;20
2024/2025;LM-65;PIEMONTE;LIGURIA;20
2024/2025;LM-65;VENETO;PUGLIA;20
2024/2025;LM-65;EMILIA ROMAGNA;CAMPANIA;20
2024/2025;LM-64;EMILIA ROMAGNA;EMILIA ROMAGNA;20
2024/2025;LM-63;LOMBARDIA;EMILIA ROMAGNA;20
2024/2025;LM-67;UMBRIA;MARCHE;20
2024/2025;LM-67;EMILIA ROMAGNA;BASILICATA;20
2024/2025;LM-68;EMILIA ROMAGNA;VENETO;20
2024/2025;LM-56;LOMBARDIA;CALABRIA;20
2024/2025;LM-55;Provincia autonoma di TRENTO;VENETO;20
2024/2025;LM-54;PIEMONTE;SARDEGNA;20
2024/2025;LM-56;VENETO;EMILIA ROMAGNA;20
2024/2025;LM-59;TOSCANA;PUGLIA;20
2024/2025;LM-51;PIEMONTE;VALLE D'AOSTA;20
2024/2025;LM-52;TOSCANA;CALABRIA;20
2024/2025;LM-52;PIEMONTE;EMILIA ROMAGNA;20
2024/2025;LM-52;PIEMONTE;LAZIO;20
2024/2025;LM-54;EMILIA ROMAGNA;MARCHE;20
2024/2025;LM-54;EMILIA ROMAGNA;SICILIA;20
2024/2025;LM-54;EMILIA ROMAGNA;TOSCANA;20
2023/2024;LM-94;PIEMONTE;CAMPANIA;20
2023/2024;LM-Data;FRIULI VENEZIA GIULIA;FRIULI VENEZIA GIULIA;20
2023/2024;L-P01;TOSCANA;TOSCANA;20
2023/2024;L-P01;PUGLIA;PUGLIA;20
2024/2025;99999;TOSCANA;SICILIA;20
2024/2025;99999;Provincia autonoma di TRENTO;Provincia autonoma di BOLZANO;20
2024/2025;99999;MARCHE;ABRUZZO;20
2024/2025;99999;MARCHE;CAMPANIA;20
2023/2024;LM-89;LOMBARDIA;SICILIA;20
2023/2024;LM-88;LOMBARDIA;PUGLIA;20
2023/2024;LM-89;EMILIA ROMAGNA;PIEMONTE;20
2023/2024;LM-89;FRIULI VENEZIA GIULIA;VENETO;20
2023/2024;LM-9;PIEMONTE;SARDEGNA;20
2023/2024;LM-9;LOMBARDIA;LAZIO;20
2023/2024;LM-9;LOMBARDIA;VENETO;20
2023/2024;LM-9;TOSCANA;EMILIA ROMAGNA;20
2023/2024;LM-91;LAZIO;CAMPANIA;20
2023/2024;LM-85 bis;Provincia autonoma di BOLZANO;VENETO;20
2023/2024;LM-88;CALABRIA;CALABRIA;20
2023/2024;LM-68;VENETO;Provincia autonoma di TRENTO;20
2023/2024;LM-7;TOSCANA;SICILIA;20
2023/2024;LM-63;LOMBARDIA;CALABRIA;20
2023/2024;LM-65;FRIULI VENEZIA GIULIA;VENETO;20
2023/2024;LM-67;ABRUZZO;LAZIO;20
2023/2024;LM-65;LOMBARDIA;PUGLIA;20
2023/2024;LM-65;PIEMONTE;PUGLIA;20
2023/2024;LM-65;PIEMONTE;LOMBARDIA;20
2023/2024;LM-63;LAZIO;PUGLIA;20
2023/2024;LM-62;LAZIO;SICILIA;20
2023/2024;LM-62;EMILIA ROMAGNA;REGIONE ESTERA;20
2023/2024;LM-77;VENETO;PIEMONTE;20
2023/2024;LM-77;MARCHE;CAMPANIA;20
2023/2024;LM-74;LIGURIA;LIGURIA;20
2023/2024;LM-8;VENETO;LOMBARDIA;20
2023/2024;LM-78;PIEMONTE;LOMBARDIA;20
2023/2024;LM-78;VENETO;EMILIA ROMAGNA;20
2024/2025;L-2;VENETO;FRIULI VENEZIA GIULIA;20
2024/2025;L-20;CAMPANIA;BASILICATA;20
2024/2025;L-19;LAZIO;SARDEGNA;20
2024/2025;L-2;EMILIA ROMAGNA;MOLISE;20
2024/2025;L-22;MARCHE;BASILICATA;20
2024/2025;L-20;TOSCANA;LAZIO;20
2024/2025;L-24;FRIULI VENEZIA GIULIA;LOMBARDIA;20
2024/2025;L-23;ABRUZZO;MOLISE;20
2024/2025;L-23;LOMBARDIA;PIEMONTE;20
2024/2025;L-24;ABRUZZO;EMILIA ROMAGNA;20
2024/2025;L-18;PIEMONTE;ABRUZZO;20
2024/2025;L-17;PIEMONTE;VALLE D'AOSTA;20
2024/2025;L-17/L-23;LAZIO;LAZIO;20
2024/2025;L-17/L-23;SICILIA;SICILIA;20
2024/2025;L-14;VENETO;EMILIA ROMAGNA;20
2024/2025;L-14;PIEMONTE;VALLE D'AOSTA;20
2024/2025;L-14;PIEMONTE;CALABRIA;20
2024/2025;L-14;LAZIO;CALABRIA;20
2024/2025;L-17;LAZIO;CAMPANIA;20
2024/2025;L-17;LOMBARDIA;CALABRIA;20
2024/2025;L-15;PIEMONTE;SICILIA;20
2024/2025;L/SNT3;LOMBARDIA;VENETO;20
2024/2025;L/SNT3;PIEMONTE;SICILIA;20
2024/2025;L-1;CAMPANIA;CALABRIA;20
2024/2025;L/SNT1;LOMBARDIA;REGIONE ESTERA;20
2024/2025;L/SNT1;CAMPANIA;PUGLIA;20
2024/2025;L/SNT1;CALABRIA;PUGLIA;20
2024/2025;L/GASTR;UMBRIA;UMBRIA;20
2024/2025;L-11;TOSCANA;MARCHE;20
2024/2025;L-11;VENETO;UMBRIA;20
2024/2025;L-11;LOMBARDIA;CAMPANIA;20
2024/2025;L-11;PIEMONTE;CALABRIA;20
2024/2025;L-11;LOMBARDIA;TOSCANA;20
2024/2025;L-11;EMILIA ROMAGNA;Provincia autonoma di TRENTO;20
2024/2025;L-10;LOMBARDIA;CAMPANIA;20
2024/2025;L-12;VENETO;CALABRIA;20
2024/2025;L-13;CAMPANIA;CALABRIA;20
2024/2025;L-12;EMILIA ROMAGNA;CALABRIA;20
2024/2025;L-12;LAZIO;TOSCANA;20
2024/2025;L-13;MARCHE;BASILICATA;20
2024/2025;L-13;LIGURIA;PIEMONTE;20
2024/2025;L-14;EMILIA ROMAGNA;CAMPANIA;20
2024/2025;L-14;EMILIA ROMAGNA;BASILICATA;20
2024/2025;LM-21;LOMBARDIA;CAMPANIA;20
2024/2025;LM-21;TOSCANA;SARDEGNA;20
2024/2025;LM-23;EMILIA ROMAGNA;ABRUZZO;20
2024/2025;LM-30;LOMBARDIA;PUGLIA;20
2024/2025;LM-30;LOMBARDIA;ABRUZZO;20
2024/2025;LM-26;PIEMONTE;PIEMONTE;20
2024/2025;LM-27;ABRUZZO;ABRUZZO;20
2024/2025;LM-36;CAMPANIA;SICILIA;20
2024/2025;LM-36;VENETO;MARCHE;20
2024/2025;LM-38;ABRUZZO;BASILICATA;20
2024/2025;LM-37;VENETO;SICILIA;20
2024/2025;LM-31;LOMBARDIA;SICILIA;20
2024/2025;LM-32;EMILIA ROMAGNA;CAMPANIA;20
2024/2025;LM-32;TOSCANA;SICILIA;20
2024/2025;LM-32;PIEMONTE;MOLISE;20
2024/2025;LM-19;EMILIA ROMAGNA;LAZIO;20
2024/2025;LM-18;PIEMONTE;SICILIA;20
2024/2025;LM-2;UMBRIA;UMBRIA;20
2024/2025;LM-17;CAMPANIA;REGIONE ESTERA;20
2024/2025;LM-17;LAZIO;CAMPANIA;20
2024/2025;LM-13;MARCHE;TOSCANA;20
2024/2025;LM-13;LOMBARDIA;CAMPANIA;20
2024/2025;LM-14;FRIULI VENEZIA GIULIA;VENETO;20
2024/2025;LM-14;LIGURIA;PIEMONTE;20
2024/2025;LM-16;LOMBARDIA;ABRUZZO;20
2024/2025;LM-16;EMILIA ROMAGNA;VENETO;20
2024/2025;LM-15;EMILIA ROMAGNA;PUGLIA;20
2024/2025;LM-13;CAMPANIA;LAZIO;20
2024/2025;LM-12;LAZIO;CAMPANIA;20
2024/2025;LM-1;PIEMONTE;VENETO;20
2024/2025;LM/SNT2;UMBRIA;UMBRIA;20
2024/2025;LM/SNT2;VENETO;LOMBARDIA;20
2024/2025;LM/SNT2;SICILIA;CALABRIA;20
2024/2025;LM/SC-GIUR;MARCHE;MARCHE;20
2024/2025;L-9;LIGURIA;CALABRIA;20
2024/2025;L-9;LIGURIA;VENETO;20
2024/2025;L-9;LOMBARDIA;Provincia autonoma di BOLZANO;20
2024/2025;L-35;LAZIO;CAMPANIA;20
2024/2025;L-33;TOSCANA;ABRUZZO;20
2024/2025;L-33;EMILIA ROMAGNA;PIEMONTE;20
2024/2025;L-31;UMBRIA;TOSCANA;20
2024/2025;L-32;ABRUZZO;LAZIO;20
2024/2025;L-32;LOMBARDIA;EMILIA ROMAGNA;20
2024/2025;L-32;EMILIA ROMAGNA;MARCHE;20
2024/2025;L-30;TOSCANA;CAMPANIA;20
2024/2025;L-30;VENETO;EMILIA ROMAGNA;20
2024/2025;L-30;LOMBARDIA;LIGURIA;20
2024/2025;L-30;PIEMONTE;VALLE D'AOSTA;20
2024/2025;L-31;EMILIA ROMAGNA;BASILICATA;20
2024/2025;L-30;LAZIO;MARCHE;20
2024/2025;L-30;EMILIA ROMAGNA;REGIONE ESTERA;20
2024/2025;L-30;ABRUZZO;LAZIO;20
2024/2025;L-3;LAZIO;FRIULI VENEZIA GIULIA;20
2024/2025;L-3;SICILIA;CALABRIA;20
2024/2025;L-28;CAMPANIA;CALABRIA;20
2024/2025;L-3;EMILIA ROMAGNA;CALABRIA;20
2024/2025;L-29;MARCHE;VENETO;20
2024/2025;L-24;UMBRIA;MOLISE;20
2024/2025;L-26;PUGLIA;BASILICATA;20
2024/2025;L-25;TOSCANA;REGIONE ESTERA;20
2024/2025;L-25;VENETO;FRIULI VENEZIA GIULIA;20
2024/2025;L-26;ABRUZZO;MARCHE;20
2024/2025;L-5;EMILIA ROMAGNA;FRIULI VENEZIA GIULIA;20
2024/2025;L-41;LAZIO;ABRUZZO;20
2024/2025;L-8;VENETO;Provincia autonoma di BOLZANO;20
2024/2025;L-8;LIGURIA;LOMBARDIA;20
2024/2025;L-38;TOSCANA;LOMBARDIA;20
2024/2025;L-38;MARCHE;LAZIO;20
2024/2025;L-36;VENETO;PIEMONTE;20
2024/2025;L-36;VENETO;PUGLIA;20
2024/2025;L-37;EMILIA ROMAGNA;MARCHE;20
2024/2025;L-37;MARCHE;MARCHE;20
2024/2025;L-36;TOSCANA;VENETO;20
2024/2025;L-36;UMBRIA;LAZIO;20
2024/2025;L-36;TOSCANA;ABRUZZO;20
2024/2025;L-36;Provincia autonoma di TRENTO;EMILIA ROMAGNA;20
2024/2025;L-36;LIGURIA;REGIONE ESTERA;20
2024/2025;L-35;TOSCANA;SARDEGNA;20
2024/2025;L-36;FRIULI VENEZIA GIULIA;REGIONE ESTERA;20
2024/2025;L-4;VENETO;Provincia autonoma di TRENTO;20
2024/2025;L-4;VENETO;MARCHE;20
2024/2025;L-4;VENETO;LAZIO;20
2024/2025;L-4;PIEMONTE;TOSCANA;20
2024/2025;L-40;UMBRIA;EMILIA ROMAGNA;20
2024/2025;L-39;LAZIO;BASILICATA;20
2023/2024;LM-57;LOMBARDIA;PIEMONTE;20
2023/2024;LM-52;VENETO;CAMPANIA;20
2023/2024;LM-52;Provincia autonoma di TRENTO;Provincia autonoma di TRENTO;20
2023/2024;LM-54;EMILIA ROMAGNA;PUGLIA;20
2023/2024;LM-54;TOSCANA;REGIONE ESTERA;20
2023/2024;LM-53;PIEMONTE;PUGLIA;20
2023/2024;LM-59;LOMBARDIA;UMBRIA;20
2023/2024;LM-6;MARCHE;VENETO;20
2023/2024;LM-6;TOSCANA;LOMBARDIA;20
2023/2024;LM-51;LOMBARDIA;ABRUZZO;20
2023/2024;LM-52;CAMPANIA;BASILICATA;20
2023/2024;LM-52;LIGURIA;REGIONE ESTERA;20
2023/2024;LM-4cu;EMILIA ROMAGNA;Provincia autonoma di TRENTO;20
2023/2024;LM-4cu;ABRUZZO;CAMPANIA;20
2023/2024;LM-46;EMILIA ROMAGNA;REGIONE ESTERA;20
2023/2024;LM-41;LAZIO;Provincia autonoma di BOLZANO;20
2023/2024;LM-41;LIGURIA;PUGLIA;20
2023/2024;LM-42;SICILIA;LOMBARDIA;20
2023/2024;LM-43;VENETO;REGIONE ESTERA;20
2023/2024;LM-41;SARDEGNA;FRIULI VENEZIA GIULIA;20
2023/2024;LM-41;SICILIA;LIGURIA;20
2023/2024;LM-41;UMBRIA;LIGURIA;20
2023/2024;LM-36;VENETO;MARCHE;20
2023/2024;LM-36;VENETO;TOSCANA;20
2023/2024;LM-37;ABRUZZO;PUGLIA;20
2023/2024;LM-33;LOMBARDIA;PIEMONTE;20
2023/2024;LM-32;TOSCANA;LAZIO;20
2023/2024;LM-38;PIEMONTE;ABRUZZO;20
2023/2024;LM-38;ABRUZZO;CAMPANIA;20
2023/2024;LM-39;VENETO;FRIULI VENEZIA GIULIA;20
2023/2024;LM-4;EMILIA ROMAGNA;LOMBARDIA;20
2023/2024;LM-39;LAZIO;ABRUZZO;20
2023/2024;L-5;Provincia autonoma di TRENTO;Provincia autonoma di BOLZANO;20
2023/2024;L-5;MARCHE;ABRUZZO;20
2023/2024;L-5;LAZIO;MARCHE;20
2023/2024;L-7;LAZIO;UMBRIA;20
2023/2024;L-7;CAMPANIA;BASILICATA;20
2023/2024;L-7;PIEMONTE;CALABRIA;20
2023/2024;L-7;LIGURIA;PIEMONTE;20
2023/2024;L-8;UMBRIA;LAZIO;20
2023/2024;L-8;TOSCANA;VENETO;20
2023/2024;L-8;LIGURIA;LOMBARDIA;20
2023/2024;L-9;CAMPANIA;TOSCANA;20
2023/2024;LM-13;PIEMONTE;CALABRIA;20
2023/2024;LM-13;MARCHE;MOLISE;20
2023/2024;LM-13;MARCHE;CALABRIA;20
2023/2024;LM-13;PIEMONTE;VALLE D'AOSTA;20
2023/2024;LM-14;ABRUZZO;PUGLIA;20
2023/2024;LM-13;VENETO;REGIONE ESTERA;20
2023/2024;LM-14;EMILIA ROMAGNA;LAZIO;20
2023/2024;L-9;Provincia autonoma di TRENTO;Provincia autonoma di BOLZANO;20
2023/2024;LM/DS;TOSCANA;LAZIO;20
2023/2024;LM-18;LOMBARDIA;VENETO;20
2023/2024;LM-17;SICILIA;REGIONE ESTERA;20
2023/2024;LM-17;FRIULI VENEZIA GIULIA;VENETO;20
2023/2024;LM-17;EMILIA ROMAGNA;ABRUZZO;20
2023/2024;LM-16;EMILIA ROMAGNA;LOMBARDIA;20
2023/2024;LM-16;LOMBARDIA;CALABRIA;20
2023/2024;LM-16;MARCHE;REGIONE ESTERA;20
2023/2024;LM-19;EMILIA ROMAGNA;SARDEGNA;20
2023/2024;LM-19;EMILIA ROMAGNA;CALABRIA;20
2023/2024;LM-18;VENETO;LOMBARDIA;20
2023/2024;LM-2;EMILIA ROMAGNA;Provincia autonoma di TRENTO;20
2023/2024;LM-21;ABRUZZO;ABRUZZO;20
2023/2024;LM-21;LOMBARDIA;FRIULI VENEZIA GIULIA;20
2023/2024;LM-21;LOMBARDIA;PIEMONTE;20
2023/2024;LM-22;EMILIA ROMAGNA;PUGLIA;20
2023/2024;LM-22;EMILIA ROMAGNA;SICILIA;20
2023/2024;LM-22;CAMPANIA;REGIONE ESTERA;20
2023/2024;LM-24;PIEMONTE;REGIONE ESTERA;20
2023/2024;LM-23;FRIULI VENEZIA GIULIA;VENETO;20
2023/2024;LM-25;LOMBARDIA;SICILIA;20
2023/2024;LM-25;LOMBARDIA;LAZIO;20
2023/2024;LM-25;TOSCANA;PUGLIA;20
2023/2024;LM-27;TOSCANA;REGIONE ESTERA;20
2023/2024;LM-30;PIEMONTE;LIGURIA;20
2023/2024;LM-31;LOMBARDIA;VENETO;20
2023/2024;LM-31;LOMBARDIA;SICILIA;20
2023/2024;L-29;LAZIO;CAMPANIA;20
2023/2024;L-26;BASILICATA;CAMPANIA;20
2023/2024;L-25;LOMBARDIA;EMILIA ROMAGNA;20
2023/2024;L-25;PIEMONTE;VALLE D'AOSTA;20
2023/2024;L-30;PIEMONTE;PUGLIA;20
2023/2024;L-30;PIEMONTE;LIGURIA;20
2023/2024;L-30;PIEMONTE;VALLE D'AOSTA;20
2023/2024;L-30;LOMBARDIA;SICILIA;20
2023/2024;L-30;LAZIO;MARCHE;20
2023/2024;L-30;EMILIA ROMAGNA;CAMPANIA;20
2023/2024;L-3;TOSCANA;VENETO;20
2023/2024;L-3;TOSCANA;EMILIA ROMAGNA;20
2023/2024;L-24;FRIULI VENEZIA GIULIA;REGIONE ESTERA;20
2023/2024;L-24;CAMPANIA;PUGLIA;20
2023/2024;L-24;ABRUZZO;SICILIA;20
2023/2024;L-24;ABRUZZO;EMILIA ROMAGNA;20
2023/2024;L-24;MARCHE;PUGLIA;20
2023/2024;L-24;MARCHE;REGIONE ESTERA;20
2023/2024;L-24;TOSCANA;LAZIO;20
2023/2024;L-25;EMILIA ROMAGNA;TOSCANA;20
2023/2024;L-20;TOSCANA;SARDEGNA;20
2023/2024;L-2;TOSCANA;LIGURIA;20
2023/2024;L-20;LOMBARDIA;VALLE D'AOSTA;20
2023/2024;L-31;UMBRIA;TOSCANA;20
2023/2024;L-33;LAZIO;PIEMONTE;20
2023/2024;L-33;LAZIO;SARDEGNA;20
2023/2024;L-32;LOMBARDIA;EMILIA ROMAGNA;20
2023/2024;L-32;PUGLIA;BASILICATA;20
2023/2024;L-35;SICILIA;CALABRIA;20
2023/2024;L-36;FRIULI VENEZIA GIULIA;REGIONE ESTERA;20
2023/2024;L-36;PIEMONTE;REGIONE ESTERA;20
2023/2024;L-36;PIEMONTE;CALABRIA;20
2023/2024;L-36;LIGURIA;LOMBARDIA;20
2023/2024;L-35;EMILIA ROMAGNA;REGIONE ESTERA;20
2023/2024;L-39;EMILIA ROMAGNA;CALABRIA;20
2023/2024;L-36;UMBRIA;LAZIO;20
2023/2024;L-37;EMILIA ROMAGNA;MARCHE;20
2023/2024;L-36;TOSCANA;BASILICATA;20
2023/2024;L-36;TOSCANA;MARCHE;20
2023/2024;L-41;LAZIO;UMBRIA;20
2023/2024;L-41;MARCHE;MARCHE;20
2023/2024;L-42;LAZIO;CAMPANIA;20
2023/2024;L-42;PIEMONTE;LIGURIA;20
2023/2024;L-41;VENETO;MARCHE;20
2023/2024;L-40;EMILIA ROMAGNA;TOSCANA;20
2023/2024;99999;MARCHE;SICILIA;20
2023/2024;L/SNT1;TOSCANA;SARDEGNA;20
2023/2024;L/SNT1;PIEMONTE;REGIONE ESTERA;20
2023/2024;99999;ABRUZZO;LAZIO;20
2023/2024;99999;CAMPANIA;CALABRIA;20
2023/2024;99999;LAZIO;UMBRIA;20
2023/2024;L-1;LOMBARDIA;LIGURIA;20
2023/2024;L-1;FRIULI VENEZIA GIULIA;REGIONE ESTERA;20
2023/2024;L-11;LOMBARDIA;TOSCANA;20
2023/2024;L-10;EMILIA ROMAGNA;FRIULI VENEZIA GIULIA;20
2023/2024;L-1;VENETO;Provincia autonoma di BOLZANO;20
2023/2024;L-1;VENETO;LAZIO;20
2023/2024;L-10;PIEMONTE;PUGLIA;20
2023/2024;L-13;EMILIA ROMAGNA;CAMPANIA;20
2023/2024;L-12;PIEMONTE;CAMPANIA;20
2023/2024;L-11;UMBRIA;REGIONE ESTERA;20
2023/2024;L-11;VENETO;Provincia autonoma di BOLZANO;20
2023/2024;L-15;LOMBARDIA;REGIONE ESTERA;20
2023/2024;L-15;LOMBARDIA;LIGURIA;20
2023/2024;L-14;LOMBARDIA;LIGURIA;20
2023/2024;L-13;MARCHE;UMBRIA;20
2023/2024;L-13;TOSCANA;LAZIO;20
2023/2024;L-14;EMILIA ROMAGNA;ABRUZZO;20
2023/2024;L-14;LAZIO;ABRUZZO;20
2023/2024;L-19;UMBRIA;SICILIA;20
2023/2024;L-2;ABRUZZO;MARCHE;20
2023/2024;L-19;TOSCANA;LIGURIA;20
2023/2024;L-2;MARCHE;LOMBARDIA;20
2023/2024;L-2;EMILIA ROMAGNA;MOLISE;20
2023/2024;L-16;SICILIA;CALABRIA;20
2023/2024;L-17;EMILIA ROMAGNA;LOMBARDIA;20
2023/2024;L-18;CAMPANIA;MOLISE;20
2023/2024;L-18;CAMPANIA;PUGLIA;20
2023/2024;L-18;CAMPANIA;REGIONE ESTERA;20
2023/2024;L-18;FRIULI VENEZIA GIULIA;SICILIA;20
2023/2024;L-17;EMILIA ROMAGNA;EMILIA ROMAGNA;19
2023/2024;L-17;VENETO;MARCHE;19
2023/2024;L-17;LAZIO;CAMPANIA;19
2023/2024;L-17;LAZIO;UMBRIA;19
2023/2024;L-2;PIEMONTE;LIGURIA;19
2023/2024;L-19;MARCHE;UMBRIA;19
2023/2024;L-18;UMBRIA;CALABRIA;19
2023/2024;L-18;Provincia autonoma di TRENTO;FRIULI VENEZIA GIULIA;19
2023/2024;L-14;LOMBARDIA;Provincia autonoma di TRENTO;19
2023/2024;L-14;EMILIA ROMAGNA;CAMPANIA;19
2023/2024;L-13;LOMBARDIA;VENETO;19
2023/2024;L-14;Provincia autonoma di TRENTO;LOMBARDIA;19
2023/2024;L-14;TOSCANA;FRIULI VENEZIA GIULIA;19
2023/2024;L-15;LAZIO;TOSCANA;19
2023/2024;L-15;LAZIO;REGIONE ESTERA;19
2023/2024;L-14;VENETO;EMILIA ROMAGNA;19
2023/2024;L-11;TOSCANA;LOMBARDIA;19
2023/2024;L-12;VENETO;ABRUZZO;19
2023/2024;L-13;EMILIA ROMAGNA;LIGURIA;19
2023/2024;L-13;LOMBARDIA;CALABRIA;19
2023/2024;L-10;LOMBARDIA;VENETO;19
2023/2024;L-11;CAMPANIA;TOSCANA;19
2023/2024;L-11;FRIULI VENEZIA GIULIA;PUGLIA;19
2023/2024;L-10;VENETO;PUGLIA;19
2023/2024;L-1;EMILIA ROMAGNA;TOSCANA;19
2023/2024;L-1;Provincia autonoma di TRENTO;LOMBARDIA;19
2023/2024;L-1;Provincia autonoma di TRENTO;Provincia autonoma di BOLZANO;19
2023/2024;L/SNT4;LAZIO;SICILIA;19
2023/2024;L/SNT2;LOMBARDIA;PUGLIA;19
2023/2024;L/SNT1;LOMBARDIA;REGIONE ESTERA;19
2023/2024;L/SNT1;LOMBARDIA;TOSCANA;19
2023/2024;L/GASTR;PIEMONTE;LIGURIA;19
2023/2024;L/GASTR;EMILIA ROMAGNA;PUGLIA;19
2023/2024;L-40;EMILIA ROMAGNA;MARCHE;19
2023/2024;L-4;VENETO;Provincia autonoma di TRENTO;19
2023/2024;L-4;VENETO;TOSCANA;19
2023/2024;L-4;PIEMONTE;TOSCANA;19
2023/2024;L-4;PIEMONTE;VENETO;19
2023/2024;L-42;TOSCANA;LOMBARDIA;19
2023/2024;L-41;LOMBARDIA;PUGLIA;19
2023/2024;L-36;VALLE D'AOSTA;PIEMONTE;19
2023/2024;L-36;VENETO;ABRUZZO;19
2023/2024;L-38;PIEMONTE;LOMBARDIA;19
2023/2024;L-38;PUGLIA;BASILICATA;19
2023/2024;L-39;ABRUZZO;CAMPANIA;19
2023/2024;L-39;TOSCANA;PUGLIA;19
2023/2024;L-35;EMILIA ROMAGNA;SICILIA;19
2023/2024;L-33;TOSCANA;ABRUZZO;19
2023/2024;L-36;CAMPANIA;CALABRIA;19
2023/2024;L-32;LOMBARDIA;REGIONE ESTERA;19
2023/2024;L-32;TOSCANA;SICILIA;19
2023/2024;L-32;EMILIA ROMAGNA;PUGLIA;19
2023/2024;L-32;ABRUZZO;LAZIO;19
2023/2024;L-31;LOMBARDIA;FRIULI VENEZIA GIULIA;19
2023/2024;L-31;MARCHE;PUGLIA;19
2023/2024;L-2;VENETO;FRIULI VENEZIA GIULIA;19
2023/2024;L-24;CAMPANIA;BASILICATA;19
2023/2024;L-24;EMILIA ROMAGNA;LAZIO;19
2023/2024;L-24;FRIULI VENEZIA GIULIA;LOMBARDIA;19
2023/2024;L-24;LAZIO;LIGURIA;19
2023/2024;L-3;TOSCANA;CAMPANIA;19
2023/2024;L-3;CAMPANIA;BASILICATA;19
2023/2024;L-3;FRIULI VENEZIA GIULIA;REGIONE ESTERA;19
2023/2024;L-3;LOMBARDIA;MARCHE;19
2023/2024;L-31;EMILIA ROMAGNA;SARDEGNA;19
2023/2024;L-25;Provincia autonoma di BOLZANO;Provincia autonoma di TRENTO;19
2023/2024;L-25;TOSCANA;CALABRIA;19
2023/2024;L-25/L-26;SICILIA;SICILIA;19
2023/2024;L-26;PUGLIA;BASILICATA;19
2023/2024;L-29;LAZIO;PUGLIA;19
2023/2024;L-29;MARCHE;SICILIA;19
2023/2024;L-28;CAMPANIA;ABRUZZO;19
2023/2024;L-27;VENETO;Provincia autonoma di TRENTO;19
2023/2024;L-27;TOSCANA;LIGURIA;19
2023/2024;L-27;EMILIA ROMAGNA;FRIULI VENEZIA GIULIA;19
2023/2024;LM-30;LOMBARDIA;MARCHE;19
2023/2024;LM-30;LOMBARDIA;ABRUZZO;19
2023/2024;LM-29;PIEMONTE;BASILICATA;19
2023/2024;LM-3;LIGURIA;PIEMONTE;19
2023/2024;LM-29;EMILIA ROMAGNA;VENETO;19
2023/2024;LM-29;EMILIA ROMAGNA;SICILIA;19
2023/2024;LM-28;LAZIO;REGIONE ESTERA;19
2023/2024;LM-25;LOMBARDIA;CAMPANIA;19
2023/2024;LM-22;EMILIA ROMAGNA;VENETO;19
2023/2024;LM-21;VENETO;ABRUZZO;19
2023/2024;LM-21;LIGURIA;SARDEGNA;19
2023/2024;LM-21;LIGURIA;PIEMONTE;19
2023/2024;LM-20;PIEMONTE;MARCHE;19
2023/2024;LM-2;EMILIA ROMAGNA;CAMPANIA;19
2023/2024;LM-20;LOMBARDIA;CALABRIA;19
2023/2024;LM-19;LAZIO;EMILIA ROMAGNA;19
2023/2024;LM-16;LAZIO;CALABRIA;19
2023/2024;LM-15;LIGURIA;LIGURIA;19
2023/2024;LM-18;LOMBARDIA;SICILIA;19
2023/2024;LM-18;Provincia autonoma di BOLZANO;Provincia autonoma di BOLZANO;19
2023/2024;LM/GASTR;LAZIO;LAZIO;19
2023/2024;L-9;Provincia autonoma di TRENTO;LOMBARDIA;19
2023/2024;L-9;TOSCANA;MARCHE;19
2023/2024;LM/SNT2;SICILIA;CALABRIA;19
2023/2024;LM-1;BASILICATA;BASILICATA;19
2023/2024;LM-14;EMILIA ROMAGNA;SARDEGNA;19
2023/2024;LM-13;TOSCANA;ABRUZZO;19
2023/2024;LM-13;TOSCANA;VENETO;19
2023/2024;LM-13;MARCHE;PIEMONTE;19
2023/2024;LM-13;CALABRIA;REGIONE ESTERA;19
2023/2024;LM-12;EMILIA ROMAGNA;SICILIA;19
2023/2024;LM-12;PIEMONTE;PUGLIA;19
2023/2024;L-9;CALABRIA;REGIONE ESTERA;19
2023/2024;L-9;LOMBARDIA;CALABRIA;19
2023/2024;L-9;MARCHE;EMILIA ROMAGNA;19
2023/2024;L-8;VENETO;PUGLIA;19
2023/2024;L-8;TOSCANA;MARCHE;19
2023/2024;L-7;LAZIO;CALABRIA;19
2023/2024;L-5;ABRUZZO;LAZIO;19
2023/2024;LM-39;VENETO;SICILIA;19
2023/2024;LM-4;LOMBARDIA;MARCHE;19
2023/2024;LM-4;LOMBARDIA;SICILIA;19
2023/2024;LM-38;EMILIA ROMAGNA;CALABRIA;19
2023/2024;LM-38;EMILIA ROMAGNA;CAMPANIA;19
2023/2024;LM-37;LOMBARDIA;EMILIA ROMAGNA;19
2023/2024;LM-37;LAZIO;MARCHE;19
2023/2024;LM-37;VENETO;CAMPANIA;19
2023/2024;LM-38;ABRUZZO;BASILICATA;19
2023/2024;LM-32;LOMBARDIA;LIGURIA;19
2023/2024;LM-32;PIEMONTE;UMBRIA;19
2023/2024;LM-33;PIEMONTE;MOLISE;19
2023/2024;LM-36;VENETO;PIEMONTE;19
2023/2024;LM-41;TOSCANA;Provincia autonoma di BOLZANO;19
2023/2024;LM-42;EMILIA ROMAGNA;SICILIA;19
2023/2024;LM-42;MARCHE;LOMBARDIA;19
2023/2024;LM-42;PIEMONTE;REGIONE ESTERA;19
2023/2024;LM-42;PUGLIA;CALABRIA;19
2023/2024;LM-46;ABRUZZO;CALABRIA;19
2023/2024;LM-41;PIEMONTE;ABRUZZO;19
2023/2024;LM-41;BASILICATA;PUGLIA;19
2023/2024;LM-46;LAZIO;PIEMONTE;19
2023/2024;LM-49;LOMBARDIA;PIEMONTE;19
2023/2024;LM-49;LOMBARDIA;PUGLIA;19
2023/2024;LM-49;Provincia autonoma di TRENTO;Provincia autonoma di TRENTO;19
2023/2024;LM-4cu;CAMPANIA;REGIONE ESTERA;19
2023/2024;LM-4cu;FRIULI VENEZIA GIULIA;REGIONE ESTERA;19
2023/2024;LM-4cu;FRIULI VENEZIA GIULIA;VENETO;19
2023/2024;LM-52;PIEMONTE;LAZIO;19
2023/2024;LM-51;VENETO;ABRUZZO;19
2023/2024;LM-51;PUGLIA;BASILICATA;19
2023/2024;LM-51;TOSCANA;LIGURIA;19
2023/2024;LM-6;VENETO;PUGLIA;19
2023/2024;LM-59;EMILIA ROMAGNA;MARCHE;19
2023/2024;LM-53;LOMBARDIA;PIEMONTE;19
2023/2024;LM-56;VENETO;EMILIA ROMAGNA;19
2023/2024;LM-56;PIEMONTE;TOSCANA;19
2023/2024;LM-56;PIEMONTE;SARDEGNA;19
2023/2024;LM-55;Provincia autonoma di TRENTO;Provincia autonoma di TRENTO;19
2023/2024;LM-56;ABRUZZO;MOLISE;19
2024/2025;L-39;TOSCANA;SARDEGNA;19
2024/2025;L-40;EMILIA ROMAGNA;VENETO;19
2024/2025;L-40;LAZIO;MARCHE;19
2024/2025;L-36;LAZIO;LIGURIA;19
2024/2025;L-36;PUGLIA;LAZIO;19
2024/2025;L-37;EMILIA ROMAGNA;LAZIO;19
2024/2025;L-37;EMILIA ROMAGNA;LOMBARDIA;19
2024/2025;L-38;EMILIA ROMAGNA;TOSCANA;19
2024/2025;L-38;UMBRIA;TOSCANA;19
2024/2025;L-8;Provincia autonoma di TRENTO;REGIONE ESTERA;19
2024/2025;L-7;PIEMONTE;LAZIO;19
2024/2025;L-40;UMBRIA;PUGLIA;19
2024/2025;L-42;LAZIO;PUGLIA;19
2024/2025;L-42;LAZIO;ABRUZZO;19
2024/2025;L-42;PIEMONTE;LIGURIA;19
2024/2025;L-5;Provincia autonoma di TRENTO;LOMBARDIA;19
2024/2025;L-26;BASILICATA;CAMPANIA;19
2024/2025;L-25;PIEMONTE;VALLE D'AOSTA;19
2024/2025;L-24;UMBRIA;FRIULI VENEZIA GIULIA;19
2024/2025;L-24;MARCHE;REGIONE ESTERA;19
2024/2025;L-24;TOSCANA;CAMPANIA;19
2024/2025;L-28;CAMPANIA;LAZIO;19
2024/2025;L-27;MARCHE;ABRUZZO;19
2024/2025;L-3;PUGLIA;BASILICATA;19
2024/2025;L-3;LOMBARDIA;PUGLIA;19
2024/2025;L-31;FRIULI VENEZIA GIULIA;PUGLIA;19
2024/2025;L-31;LAZIO;EMILIA ROMAGNA;19
2024/2025;L-30;PUGLIA;BASILICATA;19
2024/2025;L-30;PIEMONTE;SICILIA;19
2024/2025;L-30;PIEMONTE;PUGLIA;19
2024/2025;L-30;VENETO;Provincia autonoma di TRENTO;19
2024/2025;L-32;LIGURIA;LOMBARDIA;19
2024/2025;L-31;PUGLIA;LAZIO;19
2024/2025;L-31;LOMBARDIA;SARDEGNA;19
2024/2025;L-31;PIEMONTE;ABRUZZO;19
2024/2025;L-31;MOLISE;CAMPANIA;19
2024/2025;L-32;TOSCANA;SICILIA;19
2024/2025;L-32;SICILIA;CALABRIA;19
2024/2025;L-33;LOMBARDIA;Provincia autonoma di TRENTO;19
2024/2025;L-33;PIEMONTE;LOMBARDIA;19
2024/2025;L-33;Provincia autonoma di BOLZANO;VENETO;19
2024/2025;L-33;TOSCANA;EMILIA ROMAGNA;19
2024/2025;L-33;VENETO;Provincia autonoma di BOLZANO;19
2024/2025;L-35;PIEMONTE;LIGURIA;19
2024/2025;L-9;LAZIO;LOMBARDIA;19
2024/2025;L-9;LAZIO;SARDEGNA;19
2024/2025;L-9;TOSCANA;MOLISE;19
2024/2025;L-9;Provincia autonoma di TRENTO;LOMBARDIA;19
2024/2025;LM-1;EMILIA ROMAGNA;SICILIA;19
2024/2025;LM-1;BASILICATA;BASILICATA;19
2024/2025;LM/SNT3;PUGLIA;CAMPANIA;19
2024/2025;LM-13;CAMPANIA;PUGLIA;19
2024/2025;LM-12;TOSCANA;SICILIA;19
2024/2025;LM-16;EMILIA ROMAGNA;PUGLIA;19
2024/2025;LM-14;EMILIA ROMAGNA;LAZIO;19
2024/2025;LM-13;LOMBARDIA;Provincia autonoma di TRENTO;19
2024/2025;LM-17;LOMBARDIA;EMILIA ROMAGNA;19
2024/2025;LM-17;VENETO;SICILIA;19
2024/2025;LM-19;LAZIO;VENETO;19
2024/2025;LM-2;FRIULI VENEZIA GIULIA;FRIULI VENEZIA GIULIA;19
2024/2025;LM-19;EMILIA ROMAGNA;SARDEGNA;19
2024/2025;LM-19;LAZIO;MARCHE;19
2024/2025;LM-32;PIEMONTE;FRIULI VENEZIA GIULIA;19
2024/2025;LM-32;EMILIA ROMAGNA;CALABRIA;19
2024/2025;LM-32;EMILIA ROMAGNA;TOSCANA;19
2024/2025;LM-31;LOMBARDIA;FRIULI VENEZIA GIULIA;19
2024/2025;LM-37;FRIULI VENEZIA GIULIA;VENETO;19
2024/2025;LM-37;VENETO;Provincia autonoma di TRENTO;19
2024/2025;LM-37;PIEMONTE;LIGURIA;19
2024/2025;LM-37;PIEMONTE;PUGLIA;19
2024/2025;LM-36;CAMPANIA;CALABRIA;19
2024/2025;LM-37;CAMPANIA;CALABRIA;19
2024/2025;LM-36;VENETO;TOSCANA;19
2024/2025;LM-35;PIEMONTE;VENETO;19
2024/2025;LM-33;PIEMONTE;TOSCANA;19
2024/2025;LM-33;PIEMONTE;UMBRIA;19
2024/2025;LM-35;ABRUZZO;ABRUZZO;19
2024/2025;LM-25;TOSCANA;SICILIA;19
2024/2025;LM-25;LOMBARDIA;LAZIO;19
2024/2025;LM-29;PIEMONTE;BASILICATA;19
2024/2025;LM-29;PIEMONTE;LAZIO;19
2024/2025;LM-24;LOMBARDIA;EMILIA ROMAGNA;19
2024/2025;LM-21;LIGURIA;LOMBARDIA;19
2024/2025;LM-21;LIGURIA;SARDEGNA;19
2024/2025;LM-21;PIEMONTE;UMBRIA;19
2024/2025;LM-20;PIEMONTE;LOMBARDIA;19
2024/2025;LM-20;LAZIO;REGIONE ESTERA;19
2024/2025;LM-20;LOMBARDIA;CALABRIA;19
2024/2025;LM-20;TOSCANA;REGIONE ESTERA;19
2024/2025;L-13;TOSCANA;LOMBARDIA;19
2024/2025;L-13;LOMBARDIA;PUGLIA;19
2024/2025;L-13;LAZIO;BASILICATA;19
2024/2025;L-12;FRIULI VENEZIA GIULIA;CAMPANIA;19
2024/2025;L-12;EMILIA ROMAGNA;REGIONE ESTERA;19
2024/2025;L-12;FRIULI VENEZIA GIULIA;TOSCANA;19
2024/2025;L-12;PUGLIA;CALABRIA;19
2024/2025;L-12;PIEMONTE;EMILIA ROMAGNA;19
2024/2025;L-11;EMILIA ROMAGNA;FRIULI VENEZIA GIULIA;19
2024/2025;L-11;TOSCANA;VENETO;19
2024/2025;L/SNT1;VENETO;Provincia autonoma di BOLZANO;19
2024/2025;L/SNT2;LAZIO;EMILIA ROMAGNA;19
2024/2025;L/SNT2;MARCHE;ABRUZZO;19
2024/2025;L/SNT2;PIEMONTE;VALLE D'AOSTA;19
2024/2025;L-10;LOMBARDIA;ABRUZZO;19
2024/2025;L-10;EMILIA ROMAGNA;MOLISE;19
2024/2025;L-17;PIEMONTE;EMILIA ROMAGNA;19
2024/2025;L-17;TOSCANA;PUGLIA;19
2024/2025;L-18;PIEMONTE;VENETO;19
2024/2025;L-24;ABRUZZO;LOMBARDIA;19
2024/2025;L-24;EMILIA ROMAGNA;CALABRIA;19
2024/2025;L-21;BASILICATA;BASILICATA;19
2024/2025;L-20;UMBRIA;LAZIO;19
2023/2024;LM-78;LAZIO;ABRUZZO;19
2023/2024;LM-78;LOMBARDIA;TOSCANA;19
2023/2024;LM-78;LOMBARDIA;VENETO;19
2023/2024;LM-8;LOMBARDIA;CALABRIA;19
2023/2024;LM-84;EMILIA ROMAGNA;CAMPANIA;19
2023/2024;LM-84;EMILIA ROMAGNA;SARDEGNA;19
2023/2024;LM-84;FRIULI VENEZIA GIULIA;VENETO;19
2023/2024;LM-74;VENETO;REGIONE ESTERA;19
2023/2024;LM-76;LOMBARDIA;EMILIA ROMAGNA;19
2023/2024;LM-76;LOMBARDIA;PUGLIA;19
2023/2024;LM-76;VENETO;EMILIA ROMAGNA;19
2023/2024;LM-77;EMILIA ROMAGNA;Provincia autonoma di TRENTO;19
2023/2024;LM-77;MARCHE;LOMBARDIA;19
2023/2024;LM-77;PIEMONTE;SARDEGNA;19
2023/2024;LM-77;SARDEGNA;REGIONE ESTERA;19
2023/2024;LM-77;VENETO;CAMPANIA;19
2023/2024;LM-77;TOSCANA;UMBRIA;19
2023/2024;LM-61;LAZIO;LOMBARDIA;19
2023/2024;LM-62;LAZIO;UMBRIA;19
2023/2024;LM-62;LAZIO;CALABRIA;19
2023/2024;LM-70;MOLISE;MOLISE;19
2023/2024;LM-70;EMILIA ROMAGNA;VENETO;19
2023/2024;LM-71;EMILIA ROMAGNA;LOMBARDIA;19
2023/2024;LM-67;VENETO;Provincia autonoma di TRENTO;19
2023/2024;LM-67;EMILIA ROMAGNA;BASILICATA;19
2023/2024;LM-86;UMBRIA;UMBRIA;19
2023/2024;LM-85;LAZIO;PUGLIA;19
2023/2024;LM-85 bis;LAZIO;EMILIA ROMAGNA;19
2023/2024;LM-85 bis;PIEMONTE;SICILIA;19
2023/2024;LM-91;LOMBARDIA;PUGLIA;19
2023/2024;LM-90;SICILIA;SICILIA;19
2023/2024;LM-9;PIEMONTE;CALABRIA;19
2023/2024;LM-88;LOMBARDIA;EMILIA ROMAGNA;19
2024/2025;L/DS;EMILIA ROMAGNA;LOMBARDIA;19
2023/2024;LM-Sc.Mat.;PIEMONTE;PIEMONTE;19
2023/2024;LM-Data;PUGLIA;PUGLIA;19
2023/2024;LMG/01;FRIULI VENEZIA GIULIA;REGIONE ESTERA;19
2023/2024;LM-94;LAZIO;SICILIA;19
2023/2024;LM-94;FRIULI VENEZIA GIULIA;LOMBARDIA;19
2023/2024;LM-91;Provincia autonoma di TRENTO;VENETO;19
2024/2025;LM-54;BASILICATA;BASILICATA;19
2024/2025;LM-53;LOMBARDIA;VENETO;19
2024/2025;LM-52;PIEMONTE;CAMPANIA;19
2024/2025;LM-52;TOSCANA;CAMPANIA;19
2024/2025;LM-51;MARCHE;UMBRIA;19
2024/2025;LM-51;PIEMONTE;ABRUZZO;19
2024/2025;LM-52;CAMPANIA;PUGLIA;19
2024/2025;LM-6;CAMPANIA;REGIONE ESTERA;19
2024/2025;LM-59;LOMBARDIA;ABRUZZO;19
2024/2025;LM-59;EMILIA ROMAGNA;REGIONE ESTERA;19
2024/2025;LM-54;VENETO;REGIONE ESTERA;19
2024/2025;LM-54;PIEMONTE;PUGLIA;19
2024/2025;LM-55;Provincia autonoma di TRENTO;Provincia autonoma di TRENTO;19
2024/2025;LM-67;UMBRIA;CALABRIA;19
2024/2025;LM-65;VENETO;PIEMONTE;19
2024/2025;LM-65;LOMBARDIA;PUGLIA;19
2024/2025;LM-6;TOSCANA;ABRUZZO;19
2024/2025;LM-6;TOSCANA;BASILICATA;19
2024/2025;LM-62;LOMBARDIA;EMILIA ROMAGNA;19
2024/2025;LM-63;CAMPANIA;PUGLIA;19
2024/2025;LM-61;LAZIO;PUGLIA;19
2024/2025;LM-41;SARDEGNA;CAMPANIA;19
2024/2025;LM-41;SICILIA;SARDEGNA;19
2024/2025;LM-41;UMBRIA;MOLISE;19
2024/2025;LM-41;Provincia autonoma di TRENTO;Provincia autonoma di BOLZANO;19
2024/2025;LM-41;PIEMONTE;ABRUZZO;19
2024/2025;LM-39;LAZIO;ABRUZZO;19
2024/2025;LM-4;VENETO;EMILIA ROMAGNA;19
2024/2025;LM-4;SICILIA;SICILIA;19
2024/2025;LM-41;CALABRIA;ABRUZZO;19
2024/2025;LM-42;TOSCANA;LAZIO;19
2024/2025;LM-42;PIEMONTE;SICILIA;19
2024/2025;LM-44;PIEMONTE;VENETO;19
2024/2025;LM-45;LOMBARDIA;PUGLIA;19
2024/2025;LM-46;LAZIO;UMBRIA;19
2024/2025;LM-46;LIGURIA;REGIONE ESTERA;19
2024/2025;LM-46;ABRUZZO;CALABRIA;19
2024/2025;LM-50;EMILIA ROMAGNA;LIGURIA;19
2024/2025;LM-51;CAMPANIA;LAZIO;19
2024/2025;LM-51;EMILIA ROMAGNA;UMBRIA;19
2024/2025;LM-49;FRIULI VENEZIA GIULIA;VENETO;19
2024/2025;LM-4cu;EMILIA ROMAGNA;UMBRIA;19
2024/2025;LM-77;MARCHE;SICILIA;19
2024/2025;LM-77;Provincia autonoma di TRENTO;FRIULI VENEZIA GIULIA;19
2024/2025;LM-77;PIEMONTE;VALLE D'AOSTA;19
2024/2025;LM-78;TOSCANA;SICILIA;19
2024/2025;LM-78;PIEMONTE;TOSCANA;19
2024/2025;LM-81;EMILIA ROMAGNA;LAZIO;19
2024/2025;LM-8;VENETO;LOMBARDIA;19
2024/2025;LM-80;PIEMONTE;LOMBARDIA;19
2024/2025;LM-80;PIEMONTE;PIEMONTE;19
2024/2025;LM-74;FRIULI VENEZIA GIULIA;FRIULI VENEZIA GIULIA;19
2024/2025;LM-73;LAZIO;REGIONE ESTERA;19
2024/2025;LM-7;PUGLIA;PUGLIA;19
2024/2025;LM-7;EMILIA ROMAGNA;VENETO;19
2024/2025;LM-69;VENETO;Provincia autonoma di TRENTO;19
2024/2025;LM-82;EMILIA ROMAGNA;TOSCANA;19
2024/2025;LM-85;LIGURIA;PIEMONTE;19
2024/2025;LM-85;LAZIO;PUGLIA;19
2024/2025;LM-85 bis;LAZIO;VENETO;19
2024/2025;LM-88;EMILIA ROMAGNA;TOSCANA;19
2024/2025;LM-88;LOMBARDIA;EMILIA ROMAGNA;19
2024/2025;LM-88;Provincia autonoma di TRENTO;LOMBARDIA;19
2024/2025;LM-89;BASILICATA;BASILICATA;19
2024/2025;LM-89;LAZIO;PUGLIA;19
2024/2025;LM-85 bis;PIEMONTE;SICILIA;19
2024/2025;LM-87;TOSCANA;SICILIA;19
2024/2025;LM-87;Provincia autonoma di BOLZANO;Provincia autonoma di BOLZANO;19
2024/2025;LM-93;EMILIA ROMAGNA;LOMBARDIA;19
2024/2025;LM-94;LAZIO;SICILIA;19
2024/2025;LM-94;FRIULI VENEZIA GIULIA;PUGLIA;19
2024/2025;LM-9;TOSCANA;CALABRIA;19
2024/2025;LM-9;TOSCANA;PUGLIA;19
2024/2025;L-P02;LAZIO;LAZIO;19
2024/2025;L-P02;PUGLIA;PUGLIA;19
2024/2025;L-P01;PUGLIA;PUGLIA;19
2024/2025;LM-Data;VENETO;LOMBARDIA;19
2024/2025;LM-Data;PUGLIA;PUGLIA;19
2024/2025;LMG/01;PIEMONTE;ABRUZZO;19
2024/2025;LMG/01;MARCHE;SICILIA;18
2024/2025;LMG/01;VENETO;REGIONE ESTERA;18
2024/2025;LM-9;VENETO;EMILIA ROMAGNA;18
2024/2025;LM-90;LOMBARDIA;REGIONE ESTERA;18
2024/2025;LM-9;LOMBARDIA;CALABRIA;18
2024/2025;LM-94;FRIULI VENEZIA GIULIA;LOMBARDIA;18
2024/2025;LM-94;PIEMONTE;CALABRIA;18
2024/2025;LM-94;PIEMONTE;CAMPANIA;18
2024/2025;LM-92;LOMBARDIA;LIGURIA;18
2024/2025;LM-92;EMILIA ROMAGNA;VENETO;18
2024/2025;L-P03;EMILIA ROMAGNA;VENETO;18
2024/2025;L-P03;TOSCANA;TOSCANA;18
2024/2025;LM-88;CALABRIA;CALABRIA;18
2024/2025;LM-85 bis;Provincia autonoma di BOLZANO;VENETO;18
2024/2025;LM-85 bis;UMBRIA;CALABRIA;18
2024/2025;LM-86;SARDEGNA;REGIONE ESTERA;18
2024/2025;LM-87;ABRUZZO;LAZIO;18
2024/2025;LM-89;MARCHE;EMILIA ROMAGNA;18
2024/2025;LM-89;LOMBARDIA;EMILIA ROMAGNA;18
2024/2025;LM-85 bis;EMILIA ROMAGNA;PIEMONTE;18
2024/2025;LM-84;Provincia autonoma di TRENTO;LOMBARDIA;18
2024/2025;LM-84;Provincia autonoma di TRENTO;Provincia autonoma di TRENTO;18
2024/2025;LM-84;LAZIO;ABRUZZO;18
2024/2025;LM-85;ABRUZZO;PUGLIA;18
2024/2025;LM-70;SICILIA;REGIONE ESTERA;18
2024/2025;LM-76;LOMBARDIA;LAZIO;18
2024/2025;LM-77;ABRUZZO;LAZIO;18
2024/2025;LM-77;CAMPANIA;LAZIO;18
2024/2025;LM-77;MARCHE;CAMPANIA;18
2024/2025;LM-81;EMILIA ROMAGNA;PUGLIA;18
2024/2025;LM-81;PIEMONTE;SICILIA;18
2024/2025;LM-8;LOMBARDIA;EMILIA ROMAGNA;18
2024/2025;LM-79;SICILIA;REGIONE ESTERA;18
2024/2025;LM-77;PIEMONTE;SARDEGNA;18
2024/2025;LM-77;Provincia autonoma di TRENTO;LAZIO;18
2024/2025;LM-77;MARCHE;VENETO;18
2024/2025;LM-77;TOSCANA;ABRUZZO;18
2024/2025;LM-77;VENETO;SARDEGNA;18
2024/2025;LM-4cu;FRIULI VENEZIA GIULIA;REGIONE ESTERA;18
2024/2025;LM-4cu;Provincia autonoma di TRENTO;FRIULI VENEZIA GIULIA;18
2024/2025;LM-4cu;ABRUZZO;CAMPANIA;18
2024/2025;LM-4cu;EMILIA ROMAGNA;BASILICATA;18
2024/2025;LM-4cu;CAMPANIA;CALABRIA;18
2024/2025;LM-4cu;CAMPANIA;REGIONE ESTERA;18
2024/2025;LM-46;LOMBARDIA;CALABRIA;18
2024/2025;LM-46;LAZIO;ABRUZZO;18
2024/2025;LM-45;LOMBARDIA;PIEMONTE;18
2024/2025;LM-45;EMILIA ROMAGNA;VENETO;18
2024/2025;LM-44;PIEMONTE;LAZIO;18
2024/2025;LM-43;VENETO;VENETO;18
2024/2025;LM-42;TOSCANA;SICILIA;18
2024/2025;LM-41;CALABRIA;TOSCANA;18
2024/2025;LM-40;EMILIA ROMAGNA;ABRUZZO;18
2024/2025;LM-4;FRIULI VENEZIA GIULIA;VENETO;18
2024/2025;LM-41;PUGLIA;ABRUZZO;18
2024/2025;LM-41;UMBRIA;Provincia autonoma di TRENTO;18
2024/2025;LM-42;LOMBARDIA;REGIONE ESTERA;18
2024/2025;LM-41;SARDEGNA;FRIULI VENEZIA GIULIA;18
2024/2025;LM-61;MOLISE;MOLISE;18
2024/2025;LM-62;Provincia autonoma di TRENTO;VENETO;18
2024/2025;LM-62;EMILIA ROMAGNA;EMILIA ROMAGNA;18
2024/2025;LM-6;TOSCANA;LOMBARDIA;18
2024/2025;LM-6;LOMBARDIA;ABRUZZO;18
2024/2025;LM-6;MARCHE;CAMPANIA;18
2024/2025;LM-6;LAZIO;TOSCANA;18
2024/2025;LM-6;FRIULI VENEZIA GIULIA;SICILIA;18
2024/2025;LM-6;EMILIA ROMAGNA;MOLISE;18
2024/2025;LM-65;PIEMONTE;REGIONE ESTERA;18
2024/2025;LM-65;EMILIA ROMAGNA;LAZIO;18
2024/2025;LM-68;CALABRIA;CALABRIA;18
2024/2025;LM-67;MARCHE;SARDEGNA;18
2024/2025;LM-67;ABRUZZO;MARCHE;18
2024/2025;LM-56;PIEMONTE;SARDEGNA;18
2024/2025;LM-59;EMILIA ROMAGNA;MARCHE;18
2024/2025;LM-57;LOMBARDIA;PIEMONTE;18
2024/2025;LM-59;LAZIO;VENETO;18
2024/2025;LM-59;LAZIO;SARDEGNA;18
2024/2025;LM-52;CAMPANIA;BASILICATA;18
2024/2025;LM-51;PIEMONTE;BASILICATA;18
2024/2025;LM-51;Provincia autonoma di TRENTO;EMILIA ROMAGNA;18
2024/2025;LM-51;TOSCANA;CALABRIA;18
2024/2025;LM-52;Provincia autonoma di TRENTO;LAZIO;18
2024/2025;LM-52;VENETO;CAMPANIA;18
2023/2024;LM-92;LOMBARDIA;LIGURIA;18
2023/2024;LM-94;PIEMONTE;LOMBARDIA;18
2023/2024;LM-94;EMILIA ROMAGNA;LOMBARDIA;18
2023/2024;LMG/01;FRIULI VENEZIA GIULIA;SICILIA;18
2023/2024;LMG/01;TOSCANA;Provincia autonoma di BOLZANO;18
2024/2025;L/DS;EMILIA ROMAGNA;VENETO;18
2024/2025;99999;LAZIO;UMBRIA;18
2024/2025;99999;FRIULI VENEZIA GIULIA;REGIONE ESTERA;18
2023/2024;LM-89;EMILIA ROMAGNA;LAZIO;18
2023/2024;LM-89;MARCHE;EMILIA ROMAGNA;18
2023/2024;LM-9;FRIULI VENEZIA GIULIA;SICILIA;18
2023/2024;LM-85 bis;LAZIO;VENETO;18
2023/2024;LM-85;LAZIO;CALABRIA;18
2023/2024;LM-67;TOSCANA;CAMPANIA;18
2023/2024;LM-67;LOMBARDIA;SICILIA;18
2023/2024;LM-73;LOMBARDIA;REGIONE ESTERA;18
2023/2024;LM-70;FRIULI VENEZIA GIULIA;VENETO;18
2023/2024;LM-62;LOMBARDIA;LAZIO;18
2023/2024;LM-62;Provincia autonoma di TRENTO;VENETO;18
2023/2024;LM-61;LOMBARDIA;EMILIA ROMAGNA;18
2023/2024;LM-62;EMILIA ROMAGNA;EMILIA ROMAGNA;18
2023/2024;LM-62;LAZIO;ABRUZZO;18
2023/2024;LM-61;TOSCANA;FRIULI VENEZIA GIULIA;18
2023/2024;LM-65;VENETO;CAMPANIA;18
2023/2024;LM-65;VENETO;PIEMONTE;18
2023/2024;LM-65;VENETO;PUGLIA;18
2023/2024;LM-77;VENETO;SARDEGNA;18
2023/2024;LM-78;EMILIA ROMAGNA;LAZIO;18
2023/2024;LM-78;LAZIO;SICILIA;18
2023/2024;LM-77;Provincia autonoma di TRENTO;FRIULI VENEZIA GIULIA;18
2023/2024;LM-77;MARCHE;MOLISE;18
2023/2024;LM-77;ABRUZZO;BASILICATA;18
2023/2024;LM-74;FRIULI VENEZIA GIULIA;FRIULI VENEZIA GIULIA;18
2023/2024;LM-82;VENETO;LOMBARDIA;18
2023/2024;LM-83;UMBRIA;UMBRIA;18
2023/2024;LM-81;PIEMONTE;PUGLIA;18
2023/2024;LM-82;EMILIA ROMAGNA;CAMPANIA;18
2023/2024;LM-80;PIEMONTE;PIEMONTE;18
2023/2024;LM-78;Provincia autonoma di TRENTO;LOMBARDIA;18
2024/2025;L-21;VENETO;LOMBARDIA;18
2024/2025;L-20;Provincia autonoma di BOLZANO;REGIONE ESTERA;18
2024/2025;L-24;EMILIA ROMAGNA;LIGURIA;18
2024/2025;L-24;LOMBARDIA;CAMPANIA;18
2024/2025;L-2;MARCHE;PUGLIA;18
2024/2025;L-2;LAZIO;PUGLIA;18
2024/2025;L-20;LOMBARDIA;VALLE D'AOSTA;18
2024/2025;L-20;LIGURIA;PIEMONTE;18
2024/2025;L-18;Provincia autonoma di TRENTO;PUGLIA;18
2024/2025;L-17;LAZIO;UMBRIA;18
2024/2025;L-15;TOSCANA;LIGURIA;18
2024/2025;L-15;SICILIA;REGIONE ESTERA;18
2024/2025;L-15;VENETO;FRIULI VENEZIA GIULIA;18
2024/2025;L-16;LAZIO;CAMPANIA;18
2024/2025;L-16;PIEMONTE;LIGURIA;18
2024/2025;L-16;PUGLIA;SICILIA;18
2024/2025;L-14;PUGLIA;LOMBARDIA;18
2024/2025;L-1;LOMBARDIA;CALABRIA;18
2024/2025;L-1;EMILIA ROMAGNA;PIEMONTE;18
2024/2025;L-1;EMILIA ROMAGNA;ABRUZZO;18
2024/2025;L-1;LAZIO;LOMBARDIA;18
2024/2025;L/SNT3;LAZIO;MARCHE;18
2024/2025;L/SNT3;ABRUZZO;CAMPANIA;18
2024/2025;L/SNT3;BASILICATA;BASILICATA;18
2024/2025;L/GASTR;PIEMONTE;LIGURIA;18
2024/2025;L/SNT1;ABRUZZO;MOLISE;18
2024/2025;L/SNT1;LAZIO;LIGURIA;18
2024/2025;L-11;UMBRIA;SICILIA;18
2024/2025;L-11;CAMPANIA;TOSCANA;18
2024/2025;L-11;EMILIA ROMAGNA;UMBRIA;18
2024/2025;L-12;TOSCANA;CALABRIA;18
2024/2025;L-12;PIEMONTE;BASILICATA;18
2024/2025;L-13;EMILIA ROMAGNA;LIGURIA;18
2024/2025;L-12;LAZIO;MARCHE;18
2024/2025;LM-20;LOMBARDIA;LIGURIA;18
2024/2025;LM-21;PIEMONTE;LOMBARDIA;18
2024/2025;LM-21;PIEMONTE;BASILICATA;18
2024/2025;LM-21;LOMBARDIA;LIGURIA;18
2024/2025;LM-23;ABRUZZO;REGIONE ESTERA;18
2024/2025;LM-23;EMILIA ROMAGNA;PUGLIA;18
2024/2025;LM-22;EMILIA ROMAGNA;ABRUZZO;18
2024/2025;LM-29;EMILIA ROMAGNA;VENETO;18
2024/2025;LM-29;VENETO;FRIULI VENEZIA GIULIA;18
2024/2025;LM-30;PIEMONTE;ABRUZZO;18
2024/2025;LM-30;PIEMONTE;TOSCANA;18
2024/2025;LM-30;PIEMONTE;LIGURIA;18
2024/2025;LM-25;TOSCANA;PUGLIA;18
2024/2025;LM-26;VENETO;REGIONE ESTERA;18
2024/2025;LM-27;TOSCANA;REGIONE ESTERA;18
2024/2025;LM-35;PIEMONTE;PUGLIA;18
2024/2025;LM-35;UMBRIA;UMBRIA;18
2024/2025;LM-35;LIGURIA;REGIONE ESTERA;18
2024/2025;LM-36;VENETO;PUGLIA;18
2024/2025;LM-31;Provincia autonoma di TRENTO;Provincia autonoma di TRENTO;18
2024/2025;LM-32;MARCHE;REGIONE ESTERA;18
2024/2025;LM-19;LAZIO;UMBRIA;18
2024/2025;LM-19;EMILIA ROMAGNA;ABRUZZO;18
2024/2025;LM-19;SICILIA;SICILIA;18
2024/2025;LM-2;LOMBARDIA;PIEMONTE;18
2024/2025;LM-17;PIEMONTE;PUGLIA;18
2024/2025;LM-13;LAZIO;LOMBARDIA;18
2024/2025;LM-13;PIEMONTE;VALLE D'AOSTA;18
2024/2025;LM-16;EMILIA ROMAGNA;MARCHE;18
2024/2025;LM-14;LOMBARDIA;CALABRIA;18
2024/2025;LM-14;UMBRIA;LAZIO;18
2024/2025;LM-14;UMBRIA;MARCHE;18
2024/2025;LM-12;UMBRIA;UMBRIA;18
2024/2025;LM-12;LOMBARDIA;ABRUZZO;18
2024/2025;LM-12;MARCHE;MARCHE;18
2024/2025;LM-12;LAZIO;PUGLIA;18
2024/2025;LM-1;PIEMONTE;SARDEGNA;18
2024/2025;L-9;SICILIA;CALABRIA;18
2024/2025;LM/DS;PIEMONTE;SICILIA;18
2024/2025;LM/GASTR;LAZIO;LAZIO;18
2024/2025;LM/GASTR;SICILIA;SICILIA;18
2024/2025;L-9;FRIULI VENEZIA GIULIA;SICILIA;18
2024/2025;L-9;MOLISE;CAMPANIA;18
2024/2025;L-34;EMILIA ROMAGNA;REGIONE ESTERA;18
2024/2025;L-33;Provincia autonoma di TRENTO;PUGLIA;18
2024/2025;L-32;PIEMONTE;SICILIA;18
2024/2025;L-32;TOSCANA;REGIONE ESTERA;18
2024/2025;L-33;EMILIA ROMAGNA;Provincia autonoma di TRENTO;18
2024/2025;L-31;MARCHE;CAMPANIA;18
2024/2025;L-31;TOSCANA;MARCHE;18
2024/2025;L-30;VENETO;PIEMONTE;18
2024/2025;L-30;VENETO;ABRUZZO;18
2024/2025;L-30;TOSCANA;VENETO;18
2024/2025;L-3;PIEMONTE;VALLE D'AOSTA;18
2024/2025;L-3;TOSCANA;MARCHE;18
2024/2025;L-27;TOSCANA;LAZIO;18
2024/2025;L-25;CAMPANIA;LAZIO;18
2024/2025;L-24;VENETO;UMBRIA;18
2024/2025;L-25;PUGLIA;CALABRIA;18
2024/2025;L-25;UMBRIA;TOSCANA;18
2024/2025;L-25;UMBRIA;ABRUZZO;18
2024/2025;L-26;TOSCANA;REGIONE ESTERA;18
2024/2025;L-5;PIEMONTE;VALLE D'AOSTA;18
2024/2025;L-5;ABRUZZO;LAZIO;18
2024/2025;L-42;PIEMONTE;LOMBARDIA;18
2024/2025;L-42;TOSCANA;SARDEGNA;18
2024/2025;L-42;TOSCANA;CALABRIA;18
2024/2025;L-41;EMILIA ROMAGNA;LOMBARDIA;18
2024/2025;L-41;VENETO;SICILIA;18
2024/2025;L-7;LOMBARDIA;SICILIA;18
2024/2025;L-7;LAZIO;CAMPANIA;18
2024/2025;L-7;LIGURIA;PIEMONTE;18
2024/2025;L-7;EMILIA ROMAGNA;CAMPANIA;18
2024/2025;L-8;CAMPANIA;CALABRIA;18
2024/2025;L-8;Provincia autonoma di TRENTO;EMILIA ROMAGNA;18
2024/2025;L-37;UMBRIA;REGIONE ESTERA;18
2024/2025;L-36;PIEMONTE;CAMPANIA;18
2024/2025;L-36;CAMPANIA;CALABRIA;18
2024/2025;L-40;PUGLIA;BASILICATA;18
2024/2025;L-39;FRIULI VENEZIA GIULIA;VENETO;18
2024/2025;L-39;EMILIA ROMAGNA;CALABRIA;18
2024/2025;L-4;EMILIA ROMAGNA;SICILIA;18
2023/2024;LM-55;LOMBARDIA;REGIONE ESTERA;18
2023/2024;LM-56;MARCHE;REGIONE ESTERA;18
2023/2024;LM-56;SICILIA;REGIONE ESTERA;18
2023/2024;LM-53;LOMBARDIA;VENETO;18
2023/2024;LM-53;LOMBARDIA;EMILIA ROMAGNA;18
2023/2024;LM-52;Provincia autonoma di TRENTO;LAZIO;18
2023/2024;LM-54;CALABRIA;REGIONE ESTERA;18
2023/2024;LM-59;LOMBARDIA;FRIULI VENEZIA GIULIA;18
2023/2024;LM-59;LAZIO;VENETO;18
2023/2024;LM-59;LOMBARDIA;ABRUZZO;18
2023/2024;LM-59;TOSCANA;PUGLIA;18
2023/2024;LM-59;PIEMONTE;LOMBARDIA;18
2023/2024;LM-59;PIEMONTE;SARDEGNA;18
2023/2024;LM-60;PIEMONTE;VENETO;18
2023/2024;LM-60;PUGLIA;PUGLIA;18
2023/2024;LM-6;TOSCANA;ABRUZZO;18
2023/2024;LM-6;MARCHE;MOLISE;18
2023/2024;LM-51;VENETO;BASILICATA;18
2023/2024;LM-52;PIEMONTE;CALABRIA;18
2023/2024;LM-52;LOMBARDIA;TOSCANA;18
2023/2024;LM-52;LOMBARDIA;VENETO;18
2023/2024;LM-52;LAZIO;FRIULI VENEZIA GIULIA;18
2023/2024;LM-52;FRIULI VENEZIA GIULIA;VENETO;18
2023/2024;LM-51;PIEMONTE;UMBRIA;18
2023/2024;LM-51;PIEMONTE;VALLE D'AOSTA;18
2023/2024;LM-4cu;LAZIO;BASILICATA;18
2023/2024;LM-4cu;LAZIO;MARCHE;18
2023/2024;LM-4cu;MARCHE;ABRUZZO;18
2023/2024;LM-5;LOMBARDIA;LOMBARDIA;18
2023/2024;LM-48;SICILIA;SICILIA;18
2023/2024;LM-47;SICILIA;SICILIA;18
2023/2024;LM-46;UMBRIA;TOSCANA;18
2023/2024;LM-46;TOSCANA;LAZIO;18
2023/2024;LM-40;CALABRIA;REGIONE ESTERA;18
2023/2024;LM-41;MOLISE;PIEMONTE;18
2023/2024;LM-41;PIEMONTE;SARDEGNA;18
2023/2024;LM-41;PUGLIA;PIEMONTE;18
2023/2024;LM-45;LOMBARDIA;SICILIA;18
2023/2024;LM-44;LOMBARDIA;SICILIA;18
2023/2024;LM-42;SARDEGNA;PIEMONTE;18
2023/2024;LM-42;ABRUZZO;CAMPANIA;18
2023/2024;LM-36;CAMPANIA;LAZIO;18
2023/2024;LM-37;EMILIA ROMAGNA;LAZIO;18
2023/2024;LM-34;LIGURIA;TOSCANA;18
2023/2024;LM-35;LAZIO;REGIONE ESTERA;18
2023/2024;LM-35;LOMBARDIA;PIEMONTE;18
2023/2024;LM-33;VENETO;FRIULI VENEZIA GIULIA;18
2023/2024;LM-33;PIEMONTE;EMILIA ROMAGNA;18
2023/2024;LM-33;LOMBARDIA;MARCHE;18
2023/2024;LM-33;LIGURIA;PIEMONTE;18
2023/2024;LM-32;TOSCANA;PUGLIA;18
2023/2024;LM-37;VENETO;Provincia autonoma di TRENTO;18
2023/2024;LM-37;LAZIO;MOLISE;18
2023/2024;LM-38;ABRUZZO;MOLISE;18
2023/2024;LM-39;LAZIO;PUGLIA;18
2023/2024;LM-38;VENETO;SARDEGNA;18
2023/2024;L-5;ABRUZZO;PUGLIA;18
2023/2024;L-5;VENETO;ABRUZZO;18
2023/2024;L-5;UMBRIA;MARCHE;18
2023/2024;L-7;EMILIA ROMAGNA;MOLISE;18
2023/2024;L-7;EMILIA ROMAGNA;CAMPANIA;18
2023/2024;L-7;LOMBARDIA;REGIONE ESTERA;18
2023/2024;L-8;VENETO;Provincia autonoma di BOLZANO;18
2023/2024;L-9;ABRUZZO;BASILICATA;18
2023/2024;L-9;MOLISE;CAMPANIA;18
2023/2024;LM-12;LAZIO;PUGLIA;18
2023/2024;LM-13;EMILIA ROMAGNA;LIGURIA;18
2023/2024;LM-13;ABRUZZO;BASILICATA;18
2023/2024;LM-14;LAZIO;MARCHE;18
2023/2024;LM-14;LIGURIA;PIEMONTE;18
2023/2024;LM-14;ABRUZZO;MOLISE;18
2023/2024;LM/SNT4;EMILIA ROMAGNA;EMILIA ROMAGNA;18
2023/2024;LM-1;VENETO;FRIULI VENEZIA GIULIA;18
2023/2024;LM/SNT2;VENETO;LOMBARDIA;18
2023/2024;LM/SNT1;VENETO;Provincia autonoma di TRENTO;18
2023/2024;LM/DS;PIEMONTE;LOMBARDIA;18
2023/2024;LM/SC-GIUR;EMILIA ROMAGNA;LOMBARDIA;18
2023/2024;LM-18;Provincia autonoma di TRENTO;LOMBARDIA;18
2023/2024;LM-16;VENETO;Provincia autonoma di TRENTO;18
2023/2024;LM-17;Provincia autonoma di TRENTO;LOMBARDIA;18
2023/2024;LM-16;EMILIA ROMAGNA;MARCHE;18
2023/2024;LM-16;EMILIA ROMAGNA;CALABRIA;18
2023/2024;LM-16;LAZIO;PUGLIA;18
2023/2024;LM-16;LOMBARDIA;LIGURIA;18
2023/2024;LM-14;TOSCANA;MARCHE;18
2023/2024;LM-15;EMILIA ROMAGNA;PUGLIA;18
2023/2024;LM-14;VENETO;PUGLIA;18
2023/2024;LM-19;LAZIO;VENETO;18
2023/2024;LM-2;TOSCANA;LIGURIA;18
2023/2024;LM-2;TOSCANA;LOMBARDIA;18
2023/2024;LM-2;EMILIA ROMAGNA;PUGLIA;18
2023/2024;LM-2;LOMBARDIA;PIEMONTE;18
2023/2024;LM-20;TOSCANA;REGIONE ESTERA;18
2023/2024;LM-21;LOMBARDIA;LIGURIA;18
2023/2024;LM-22;EMILIA ROMAGNA;ABRUZZO;18
2023/2024;LM-22;LOMBARDIA;TOSCANA;18
2023/2024;LM-23;EMILIA ROMAGNA;PUGLIA;18
2023/2024;LM-25;CALABRIA;REGIONE ESTERA;18
2023/2024;LM-27;Provincia autonoma di TRENTO;VENETO;18
2023/2024;LM-27;PIEMONTE;SICILIA;18
2023/2024;LM-29;LOMBARDIA;EMILIA ROMAGNA;18
2023/2024;LM-29;VENETO;REGIONE ESTERA;18
2023/2024;LM-30;PIEMONTE;ABRUZZO;18
2023/2024;LM-30;VENETO;FRIULI VENEZIA GIULIA;18
2023/2024;LM-31;CAMPANIA;BASILICATA;18
2023/2024;LM-31;LOMBARDIA;CALABRIA;18
2023/2024;LM-31;LAZIO;ABRUZZO;18
2023/2024;LM-32;EMILIA ROMAGNA;UMBRIA;18
2023/2024;LM-32;LAZIO;PUGLIA;18
2023/2024;L-27;EMILIA ROMAGNA;MOLISE;18
2023/2024;L-27;EMILIA ROMAGNA;Provincia autonoma di TRENTO;18
2023/2024;L-27;LIGURIA;PIEMONTE;18
2023/2024;L-27;LAZIO;PUGLIA;18
2023/2024;L-27;UMBRIA;TOSCANA;18
2023/2024;L-27;MARCHE;ABRUZZO;18
2023/2024;L-26;TOSCANA;EMILIA ROMAGNA;18
2023/2024;L-25;UMBRIA;ABRUZZO;18
2023/2024;L-25;Provincia autonoma di TRENTO;EMILIA ROMAGNA;18
2023/2024;L-30;TOSCANA;BASILICATA;18
2023/2024;L-30;TOSCANA;LOMBARDIA;18
2023/2024;L-3;ABRUZZO;MARCHE;18
2023/2024;L-3;EMILIA ROMAGNA;CALABRIA;18
2023/2024;L-24;LAZIO;PIEMONTE;18
2023/2024;L-23;PIEMONTE;PUGLIA;18
2023/2024;L-24;UMBRIA;MOLISE;18
2023/2024;L-20;EMILIA ROMAGNA;Provincia autonoma di BOLZANO;18
2023/2024;L-20;LIGURIA;PIEMONTE;18
2023/2024;L-20;Provincia autonoma di BOLZANO;REGIONE ESTERA;18
2023/2024;L-20;PIEMONTE;CAMPANIA;18
2023/2024;L-22;LOMBARDIA;PUGLIA;18
2023/2024;L-31;MARCHE;CAMPANIA;18
2023/2024;L-31;LOMBARDIA;ABRUZZO;18
2023/2024;L-31;Provincia autonoma di TRENTO;FRIULI VENEZIA GIULIA;18
2023/2024;L-31;PUGLIA;CAMPANIA;18
2023/2024;L-31;UMBRIA;MARCHE;18
2023/2024;L-31;PUGLIA;SICILIA;18
2023/2024;L-35;TOSCANA;CAMPANIA;18
2023/2024;L-36;LOMBARDIA;Provincia autonoma di TRENTO;18
2023/2024;L-36;PIEMONTE;TOSCANA;18
2023/2024;L-36;PIEMONTE;VENETO;18
2023/2024;L-36;Provincia autonoma di TRENTO;MARCHE;18
2023/2024;L-33;Provincia autonoma di BOLZANO;VENETO;18
2023/2024;L-4;ABRUZZO;MOLISE;18
2023/2024;L-4;EMILIA ROMAGNA;MARCHE;18
2023/2024;L-4;EMILIA ROMAGNA;SICILIA;18
2023/2024;L-4;LAZIO;PUGLIA;18
2023/2024;L-39;FRIULI VENEZIA GIULIA;VENETO;18
2023/2024;L-39;LAZIO;ABRUZZO;18
2023/2024;L-39;EMILIA ROMAGNA;TOSCANA;18
2023/2024;L-39;LAZIO;UMBRIA;18
2023/2024;L-38;TOSCANA;SICILIA;18
2023/2024;L-38;FRIULI VENEZIA GIULIA;LOMBARDIA;18
2023/2024;L-38;ABRUZZO;SICILIA;18
2023/2024;L-37;EMILIA ROMAGNA;TOSCANA;18
2023/2024;L-36;VENETO;PIEMONTE;18
2023/2024;L-36;TOSCANA;VENETO;18
2023/2024;L-40;Provincia autonoma di TRENTO;Provincia autonoma di BOLZANO;18
2023/2024;L-40;PUGLIA;BASILICATA;18
2023/2024;L-40;UMBRIA;EMILIA ROMAGNA;18
2023/2024;L/GASTR;EMILIA ROMAGNA;TOSCANA;18
2023/2024;L/SNT1;ABRUZZO;MARCHE;18
2023/2024;L/SNT1;CAMPANIA;PUGLIA;18
2023/2024;L/SNT1;MOLISE;LAZIO;18
2023/2024;L/SNT1;TOSCANA;REGIONE ESTERA;18
2023/2024;L/SNT1;TOSCANA;BASILICATA;18
2023/2024;99999;MARCHE;EMILIA ROMAGNA;18
2023/2024;99999;LOMBARDIA;LOMBARDIA;18
2023/2024;99999;LAZIO;BASILICATA;18
2023/2024;99999;FRIULI VENEZIA GIULIA;REGIONE ESTERA;18
2023/2024;99999;ABRUZZO;MOLISE;18
2023/2024;L/SNT3;EMILIA ROMAGNA;ABRUZZO;18
2023/2024;L/SNT3;LOMBARDIA;VENETO;18
2023/2024;L-1;PIEMONTE;LOMBARDIA;18
2023/2024;L-1;LAZIO;LOMBARDIA;18
2023/2024;L-10;UMBRIA;CALABRIA;18
2023/2024;L-11;EMILIA ROMAGNA;UMBRIA;18
2023/2024;L-10;LOMBARDIA;MARCHE;18
2023/2024;L-10;MARCHE;REGIONE ESTERA;18
2023/2024;L-10;LAZIO;VENETO;18
2023/2024;L-10;LAZIO;LOMBARDIA;18
2023/2024;L-11;TOSCANA;ABRUZZO;18
2023/2024;L-11;VENETO;CAMPANIA;18
2023/2024;L-12;EMILIA ROMAGNA;CALABRIA;18
2023/2024;L-14;VENETO;Provincia autonoma di BOLZANO;18
2023/2024;L-14;LOMBARDIA;ABRUZZO;18
2023/2024;L-14;EMILIA ROMAGNA;TOSCANA;18
2023/2024;L-18;VENETO;SARDEGNA;18
2023/2024;L-19;ABRUZZO;MOLISE;18
2023/2024;L-19;LAZIO;REGIONE ESTERA;18
2023/2024;L-19;MARCHE;CAMPANIA;18
2023/2024;L-19;LOMBARDIA;REGIONE ESTERA;18
2023/2024;L-19;PIEMONTE;SICILIA;18
2023/2024;L-2;LOMBARDIA;TOSCANA;18
2023/2024;L-17;LOMBARDIA;CALABRIA;18
2023/2024;L-17;LOMBARDIA;SARDEGNA;18
2023/2024;L-16;CAMPANIA;PUGLIA;18
2023/2024;L-17/L-23;TOSCANA;TOSCANA;18
2023/2024;L-18;PIEMONTE;ABRUZZO;18
2023/2024;L-18;PIEMONTE;BASILICATA;18
2023/2024;L-18;LIGURIA;SICILIA;18
2023/2024;L-16;LAZIO;CAMPANIA;17
2023/2024;L-17;EMILIA ROMAGNA;MARCHE;17
2023/2024;L-17;LAZIO;ABRUZZO;17
2023/2024;L-17;LAZIO;SICILIA;17
2023/2024;L-17;VENETO;SICILIA;17
2023/2024;L-17;TOSCANA;PUGLIA;17
2023/2024;L-19;UMBRIA;BASILICATA;17
2023/2024;L-19;LAZIO;VENETO;17
2023/2024;L-19;EMILIA ROMAGNA;CAMPANIA;17
2023/2024;L-18;VENETO;CAMPANIA;17
2023/2024;L-14;LAZIO;CALABRIA;17
2023/2024;L-13;PIEMONTE;PUGLIA;17
2023/2024;L-13;UMBRIA;CAMPANIA;17
2023/2024;L-14;MOLISE;MOLISE;17
2023/2024;L-11;PIEMONTE;EMILIA ROMAGNA;17
2023/2024;L-11;PIEMONTE;VALLE D'AOSTA;17
2023/2024;L-11;Provincia autonoma di TRENTO;REGIONE ESTERA;17
2023/2024;L-13;EMILIA ROMAGNA;REGIONE ESTERA;17
2023/2024;L-12;VENETO;CAMPANIA;17
2023/2024;L-12;PIEMONTE;BASILICATA;17
2023/2024;L-10;LAZIO;EMILIA ROMAGNA;17
2023/2024;L-10;LOMBARDIA;ABRUZZO;17
2023/2024;L-10;MARCHE;PUGLIA;17
2023/2024;L-1;TOSCANA;VENETO;17
2023/2024;L-10;BASILICATA;CAMPANIA;17
2023/2024;L-10;TOSCANA;PIEMONTE;17
2023/2024;L-1;MARCHE;ABRUZZO;17
2023/2024;L/SNT3;TOSCANA;UMBRIA;17
2023/2024;L/SNT4;MOLISE;CAMPANIA;17
2023/2024;L/SNT3;MOLISE;LAZIO;17
2023/2024;L/SNT2;CAMPANIA;BASILICATA;17
2023/2024;L/SNT2;EMILIA ROMAGNA;ABRUZZO;17
2023/2024;L/SNT1;LAZIO;EMILIA ROMAGNA;17
2023/2024;L/SNT1;CAMPANIA;CALABRIA;17
2023/2024;L/SNT1;CALABRIA;PUGLIA;17
2023/2024;L/GASTR;EMILIA ROMAGNA;SICILIA;17
2023/2024;L/GASTR;UMBRIA;REGIONE ESTERA;17
2023/2024;L/DS;EMILIA ROMAGNA;PIEMONTE;17
2023/2024;L/DS;EMILIA ROMAGNA;VENETO;17
2023/2024;L-40;UMBRIA;CALABRIA;17
2023/2024;L-40;VENETO;EMILIA ROMAGNA;17
2023/2024;L-41;EMILIA ROMAGNA;LOMBARDIA;17
2023/2024;L-41;EMILIA ROMAGNA;UMBRIA;17
2023/2024;L-42;TOSCANA;CALABRIA;17
2023/2024;L-42;LAZIO;CALABRIA;17
2023/2024;L-4;Provincia autonoma di BOLZANO;LOMBARDIA;17
2023/2024;L-4;UMBRIA;EMILIA ROMAGNA;17
2023/2024;L-4;TOSCANA;LOMBARDIA;17
2023/2024;L-4;VENETO;PUGLIA;17
2023/2024;L-40;EMILIA ROMAGNA;SICILIA;17
2023/2024;L-40;LAZIO;SICILIA;17
2023/2024;L-36;TOSCANA;PIEMONTE;17
2023/2024;L-38;LOMBARDIA;EMILIA ROMAGNA;17
2023/2024;L-38;LOMBARDIA;PIEMONTE;17
2023/2024;L-39;LIGURIA;LOMBARDIA;17
2023/2024;L-39;TOSCANA;CALABRIA;17
2023/2024;L-35;EMILIA ROMAGNA;CAMPANIA;17
2023/2024;L-35;PIEMONTE;PUGLIA;17
2023/2024;L-35;MARCHE;ABRUZZO;17
2023/2024;L-35;LOMBARDIA;SICILIA;17
2023/2024;L-35;LOMBARDIA;LAZIO;17
2023/2024;L-36;Provincia autonoma di TRENTO;PIEMONTE;17
2023/2024;L-36;PIEMONTE;EMILIA ROMAGNA;17
2023/2024;L-36;EMILIA ROMAGNA;Provincia autonoma di BOLZANO;17
2023/2024;L-36;EMILIA ROMAGNA;MOLISE;17
2023/2024;L-31;TOSCANA;MARCHE;17
2023/2024;L-31;UMBRIA;LAZIO;17
2023/2024;L-31;VENETO;SICILIA;17
2023/2024;L-31;VENETO;PUGLIA;17
2023/2024;L-31;VENETO;Provincia autonoma di BOLZANO;17
2023/2024;L-31;LOMBARDIA;Provincia autonoma di TRENTO;17
2023/2024;L-33;EMILIA ROMAGNA;Provincia autonoma di TRENTO;17
2023/2024;L-33;EMILIA ROMAGNA;LAZIO;17
2023/2024;L-32;LOMBARDIA;VENETO;17
2023/2024;L-33;LOMBARDIA;BASILICATA;17
2023/2024;L-33;LOMBARDIA;UMBRIA;17
2023/2024;L-33;MARCHE;MOLISE;17
2023/2024;L-33;PIEMONTE;VALLE D'AOSTA;17
2023/2024;L-22;CAMPANIA;LAZIO;17
2023/2024;L-22;EMILIA ROMAGNA;LIGURIA;17
2023/2024;L-22;EMILIA ROMAGNA;SARDEGNA;17
2023/2024;L-20;TOSCANA;UMBRIA;17
2023/2024;L-20;MARCHE;LOMBARDIA;17
2023/2024;L-20;CALABRIA;REGIONE ESTERA;17
2023/2024;L-2;Provincia autonoma di TRENTO;LOMBARDIA;17
2023/2024;L-24;LOMBARDIA;LAZIO;17
2023/2024;L-3;ABRUZZO;LAZIO;17
2023/2024;L-30;ABRUZZO;LAZIO;17
2023/2024;L-30;CAMPANIA;BASILICATA;17
2023/2024;L-30;VENETO;Provincia autonoma di TRENTO;17
2023/2024;L-31;LAZIO;EMILIA ROMAGNA;17
2023/2024;L-25;TOSCANA;LAZIO;17
2023/2024;L-25;TOSCANA;PUGLIA;17
2023/2024;L-25;TOSCANA;REGIONE ESTERA;17
2023/2024;L-27;EMILIA ROMAGNA;CALABRIA;17
2023/2024;L-28;LIGURIA;REGIONE ESTERA;17
2023/2024;LM-31;PIEMONTE;VENETO;17
2023/2024;LM-31;CAMPANIA;REGIONE ESTERA;17
2023/2024;LM-31;LOMBARDIA;FRIULI VENEZIA GIULIA;17
2023/2024;LM-30;LOMBARDIA;LIGURIA;17
2023/2024;LM-30;MARCHE;MARCHE;17
2023/2024;LM-29;VENETO;FRIULI VENEZIA GIULIA;17
2023/2024;LM-29;EMILIA ROMAGNA;ABRUZZO;17
2023/2024;LM-26;UMBRIA;UMBRIA;17
2023/2024;LM-25;LOMBARDIA;MARCHE;17
2023/2024;LM-25;PIEMONTE;LAZIO;17
2023/2024;LM-23;MOLISE;MOLISE;17
2023/2024;LM-23;VENETO;FRIULI VENEZIA GIULIA;17
2023/2024;LM-22;PIEMONTE;CAMPANIA;17
2023/2024;LM-23;EMILIA ROMAGNA;MARCHE;17
2023/2024;LM-22;LOMBARDIA;LAZIO;17
2023/2024;LM-21;PIEMONTE;LOMBARDIA;17
2023/2024;LM-21;PIEMONTE;EMILIA ROMAGNA;17
2023/2024;LM-20;VENETO;FRIULI VENEZIA GIULIA;17
2023/2024;LM-20;PIEMONTE;FRIULI VENEZIA GIULIA;17
2023/2024;LM-21;FRIULI VENEZIA GIULIA;VENETO;17
2023/2024;LM-18;VENETO;FRIULI VENEZIA GIULIA;17
2023/2024;LM-18;TOSCANA;LAZIO;17
2023/2024;LM-14;VENETO;SICILIA;17
2023/2024;LM-14;LOMBARDIA;VENETO;17
2023/2024;LM-17;CAMPANIA;REGIONE ESTERA;17
2023/2024;LM-18;LAZIO;REGIONE ESTERA;17
2023/2024;LM-18;EMILIA ROMAGNA;LOMBARDIA;17
2023/2024;LM/SNT1;EMILIA ROMAGNA;PUGLIA;17
2023/2024;L-9;VENETO;TOSCANA;17
2023/2024;LM/SNT1;TOSCANA;EMILIA ROMAGNA;17
2023/2024;LM-1;PIEMONTE;VENETO;17
2023/2024;LM-1;EMILIA ROMAGNA;SICILIA;17
2023/2024;LM-14;EMILIA ROMAGNA;PIEMONTE;17
2023/2024;LM-14;LAZIO;BASILICATA;17
2023/2024;LM-13;LOMBARDIA;Provincia autonoma di TRENTO;17
2023/2024;LM-12;VENETO;TOSCANA;17
2023/2024;LM-13;ABRUZZO;MARCHE;17
2023/2024;LM-13;LIGURIA;REGIONE ESTERA;17
2023/2024;L-9;LIGURIA;VENETO;17
2023/2024;L-9;LOMBARDIA;Provincia autonoma di TRENTO;17
2023/2024;L-9;ABRUZZO;MARCHE;17
2023/2024;L-8;Provincia autonoma di BOLZANO;Provincia autonoma di BOLZANO;17
2023/2024;L-8;LOMBARDIA;SARDEGNA;17
2023/2024;L-7;PIEMONTE;LOMBARDIA;17
2023/2024;L-7;PIEMONTE;VALLE D'AOSTA;17
2023/2024;L-7;TOSCANA;CALABRIA;17
2023/2024;L-7;ABRUZZO;LAZIO;17
2023/2024;L-5;PIEMONTE;VALLE D'AOSTA;17
2023/2024;L-42;TOSCANA;SARDEGNA;17
2023/2024;LM-39;EMILIA ROMAGNA;VENETO;17
2023/2024;LM-4;LOMBARDIA;Provincia autonoma di TRENTO;17
2023/2024;LM-4;SICILIA;SICILIA;17
2023/2024;LM-37;LOMBARDIA;CAMPANIA;17
2023/2024;LM-37;LOMBARDIA;PUGLIA;17
2023/2024;LM-37;PIEMONTE;LOMBARDIA;17
2023/2024;LM-33;LOMBARDIA;VENETO;17
2023/2024;LM-33;PUGLIA;BASILICATA;17
2023/2024;LM-37;EMILIA ROMAGNA;CAMPANIA;17
2023/2024;LM-36;CAMPANIA;CALABRIA;17
2023/2024;LM-42;ABRUZZO;PUGLIA;17
2023/2024;LM-43;VENETO;VENETO;17
2023/2024;LM-44;PIEMONTE;CAMPANIA;17
2023/2024;LM-46;ABRUZZO;LOMBARDIA;17
2023/2024;LM-44;PIEMONTE;VENETO;17
2023/2024;LM-41;MOLISE;TOSCANA;17
2023/2024;LM-41;MOLISE;LOMBARDIA;17
2023/2024;LM-41;LIGURIA;TOSCANA;17
2023/2024;LM-41;FRIULI VENEZIA GIULIA;REGIONE ESTERA;17
2023/2024;LM-40;EMILIA ROMAGNA;LOMBARDIA;17
2023/2024;LM-40;LOMBARDIA;REGIONE ESTERA;17
2023/2024;LM-41;ABRUZZO;Provincia autonoma di TRENTO;17
2023/2024;LM-46;TOSCANA;LOMBARDIA;17
2023/2024;LM-46;EMILIA ROMAGNA;SICILIA;17
2023/2024;LM-46;LAZIO;BASILICATA;17
2023/2024;LM-4cu;PUGLIA;BASILICATA;17
2023/2024;LM-4cu;Provincia autonoma di TRENTO;FRIULI VENEZIA GIULIA;17
2023/2024;LM-4cu;EMILIA ROMAGNA;BASILICATA;17
2023/2024;LM-51;LAZIO;PIEMONTE;17
2023/2024;LM-51;LOMBARDIA;Provincia autonoma di TRENTO;17
2023/2024;LM-52;LAZIO;MOLISE;17
2023/2024;LM-52;LOMBARDIA;SARDEGNA;17
2023/2024;LM-51;TOSCANA;SICILIA;17
2023/2024;LM-6;LOMBARDIA;ABRUZZO;17
2023/2024;LM-6;LOMBARDIA;MARCHE;17
2023/2024;LM-6;LAZIO;TOSCANA;17
2023/2024;LM-60;VENETO;REGIONE ESTERA;17
2023/2024;LM-6;VENETO;LOMBARDIA;17
2023/2024;LM-6;FRIULI VENEZIA GIULIA;EMILIA ROMAGNA;17
2023/2024;LM-59;EMILIA ROMAGNA;PIEMONTE;17
2023/2024;LM-56;PIEMONTE;LIGURIA;17
2023/2024;LM-55;LOMBARDIA;PIEMONTE;17
2023/2024;LM-56;LOMBARDIA;CALABRIA;17
2024/2025;L-4;EMILIA ROMAGNA;REGIONE ESTERA;17
2024/2025;L-4;EMILIA ROMAGNA;MARCHE;17
2024/2025;L-4;LAZIO;PUGLIA;17
2024/2025;L-39;EMILIA ROMAGNA;VENETO;17
2024/2025;L-39;LIGURIA;LOMBARDIA;17
2024/2025;L-39;TOSCANA;CALABRIA;17
2024/2025;L-40;EMILIA ROMAGNA;SICILIA;17
2024/2025;L-40;LAZIO;TOSCANA;17
2024/2025;L-4;VENETO;PUGLIA;17
2024/2025;L-35;VENETO;Provincia autonoma di TRENTO;17
2024/2025;L-36;PIEMONTE;VENETO;17
2024/2025;L-36;Provincia autonoma di TRENTO;Provincia autonoma di BOLZANO;17
2024/2025;L-38;CAMPANIA;LAZIO;17
2024/2025;L-38;EMILIA ROMAGNA;SICILIA;17
2024/2025;L-38;FRIULI VENEZIA GIULIA;LOMBARDIA;17
2024/2025;L-36;TOSCANA;BASILICATA;17
2024/2025;L-8;Provincia autonoma di TRENTO;Provincia autonoma di BOLZANO;17
2024/2025;L-9;ABRUZZO;MARCHE;17
2024/2025;L-8;VENETO;LAZIO;17
2024/2025;L-7;CAMPANIA;BASILICATA;17
2024/2025;L-7;LOMBARDIA;TOSCANA;17
2024/2025;L-41;VENETO;EMILIA ROMAGNA;17
2024/2025;L-42;EMILIA ROMAGNA;BASILICATA;17
2024/2025;L-42;FRIULI VENEZIA GIULIA;VENETO;17
2024/2025;L-5;CAMPANIA;BASILICATA;17
2024/2025;L-42;VENETO;Provincia autonoma di TRENTO;17
2024/2025;L-5;LAZIO;LOMBARDIA;17
2024/2025;L-7;ABRUZZO;LAZIO;17
2024/2025;L-6;LOMBARDIA;PIEMONTE;17
2024/2025;L-5;TOSCANA;REGIONE ESTERA;17
2024/2025;L-5;TOSCANA;SICILIA;17
2024/2025;L-5;UMBRIA;MARCHE;17
2024/2025;L-26;EMILIA ROMAGNA;LIGURIA;17
2024/2025;L-25;TOSCANA;LOMBARDIA;17
2024/2025;L-25;TOSCANA;EMILIA ROMAGNA;17
2024/2025;L-25;Provincia autonoma di TRENTO;EMILIA ROMAGNA;17
2024/2025;L-25;Provincia autonoma di BOLZANO;Provincia autonoma di TRENTO;17
2024/2025;L-25;LAZIO;UMBRIA;17
2024/2025;L-25;LOMBARDIA;EMILIA ROMAGNA;17
2024/2025;L-24;UMBRIA;Provincia autonoma di TRENTO;17
2024/2025;L-24;PIEMONTE;SARDEGNA;17
2024/2025;L-24;Provincia autonoma di TRENTO;FRIULI VENEZIA GIULIA;17
2024/2025;L-24;MARCHE;PUGLIA;17
2024/2025;L-3;TOSCANA;EMILIA ROMAGNA;17
2024/2025;L-3;PIEMONTE;CALABRIA;17
2024/2025;L-30;TOSCANA;LOMBARDIA;17
2024/2025;L-30;TOSCANA;MARCHE;17
2024/2025;L-31;LIGURIA;REGIONE ESTERA;17
2024/2025;L-32;LOMBARDIA;REGIONE ESTERA;17
2024/2025;L-31;Provincia autonoma di TRENTO;FRIULI VENEZIA GIULIA;17
2024/2025;L-31;Provincia autonoma di BOLZANO;LOMBARDIA;17
2024/2025;L-33;EMILIA ROMAGNA;LAZIO;17
2024/2025;L-33;Provincia autonoma di TRENTO;Provincia autonoma di BOLZANO;17
2024/2025;L-33;LOMBARDIA;SARDEGNA;17
2024/2025;L-33;LOMBARDIA;UMBRIA;17
2024/2025;L-35;EMILIA ROMAGNA;CAMPANIA;17
2024/2025;L-33;TOSCANA;BASILICATA;17
2024/2025;L-33;TOSCANA;LOMBARDIA;17
2024/2025;L-35;PIEMONTE;ABRUZZO;17
2024/2025;L-35;LOMBARDIA;LAZIO;17
2024/2025;L-9;MARCHE;EMILIA ROMAGNA;17
2024/2025;LM/SC-GIUR;LOMBARDIA;PIEMONTE;17
2024/2025;LM/GASTR;PIEMONTE;PIEMONTE;17
2024/2025;LM/DS;PIEMONTE;TOSCANA;17
2024/2025;LM/DS;TOSCANA;SICILIA;17
2024/2025;LM/SNT1;LAZIO;SICILIA;17
2024/2025;LM/SNT1;VENETO;Provincia autonoma di TRENTO;17
2024/2025;LM-12;ABRUZZO;ABRUZZO;17
2024/2025;LM-12;LOMBARDIA;CALABRIA;17
2024/2025;LM-13;ABRUZZO;CAMPANIA;17
2024/2025;LM-13;ABRUZZO;LAZIO;17
2024/2025;LM-14;TOSCANA;SARDEGNA;17
2024/2025;LM-14;PIEMONTE;LOMBARDIA;17
2024/2025;LM-16;LOMBARDIA;CALABRIA;17
2024/2025;LM-16;LOMBARDIA;LIGURIA;17
2024/2025;LM-15;TOSCANA;SICILIA;17
2024/2025;LM-13;PIEMONTE;CALABRIA;17
2024/2025;LM-13;LAZIO;MOLISE;17
2024/2025;LM-13;LOMBARDIA;ABRUZZO;17
2024/2025;LM-13;LIGURIA;LOMBARDIA;17
2024/2025;LM-13;VENETO;PUGLIA;17
2024/2025;LM-18;LOMBARDIA;SICILIA;17
2024/2025;LM-2;MARCHE;MARCHE;17
2024/2025;LM-19;LOMBARDIA;REGIONE ESTERA;17
2024/2025;LM-2;EMILIA ROMAGNA;MARCHE;17
2024/2025;LM-2;EMILIA ROMAGNA;Provincia autonoma di TRENTO;17
2024/2025;LM-18;VENETO;FRIULI VENEZIA GIULIA;17
2024/2025;LM-32;VENETO;LOMBARDIA;17
2024/2025;LM-31;TOSCANA;SICILIA;17
2024/2025;LM-31;LOMBARDIA;UMBRIA;17
2024/2025;LM-37;LOMBARDIA;CALABRIA;17
2024/2025;LM-38;EMILIA ROMAGNA;CALABRIA;17
2024/2025;LM-38;ABRUZZO;MOLISE;17
2024/2025;LM-27;Provincia autonoma di TRENTO;REGIONE ESTERA;17
2024/2025;LM-28;LAZIO;REGIONE ESTERA;17
2024/2025;LM-27;ABRUZZO;REGIONE ESTERA;17
2024/2025;LM-25;PIEMONTE;VENETO;17
2024/2025;LM-25;PIEMONTE;CAMPANIA;17
2024/2025;LM-25;LOMBARDIA;MARCHE;17
2024/2025;LM-30;LOMBARDIA;MARCHE;17
2024/2025;LM-22;EMILIA ROMAGNA;VENETO;17
2024/2025;LM-22;EMILIA ROMAGNA;PUGLIA;17
2024/2025;LM-21;VENETO;TOSCANA;17
2024/2025;LM-22;LOMBARDIA;PIEMONTE;17
2024/2025;LM-22;LOMBARDIA;TOSCANA;17
2024/2025;LM-22;EMILIA ROMAGNA;SICILIA;17
2024/2025;LM-22;LAZIO;REGIONE ESTERA;17
2024/2025;LM-21;LOMBARDIA;SARDEGNA;17
2024/2025;L-12;FRIULI VENEZIA GIULIA;REGIONE ESTERA;17
2024/2025;L-12;LOMBARDIA;LAZIO;17
2024/2025;L-12;PIEMONTE;CAMPANIA;17
2024/2025;L-12;LOMBARDIA;Provincia autonoma di TRENTO;17
2024/2025;L-13;EMILIA ROMAGNA;CAMPANIA;17
2024/2025;L-12;VENETO;PIEMONTE;17
2024/2025;L-13;EMILIA ROMAGNA;REGIONE ESTERA;17
2024/2025;L-13;UMBRIA;CAMPANIA;17
2024/2025;L-11;CAMPANIA;LOMBARDIA;17
2024/2025;L-10;LOMBARDIA;VENETO;17
2024/2025;L-10;UMBRIA;CALABRIA;17
2024/2025;L-11;TOSCANA;LOMBARDIA;17
2024/2025;L-12;CAMPANIA;MOLISE;17
2024/2025;L-11;PIEMONTE;SARDEGNA;17
2024/2025;L-11;FRIULI VENEZIA GIULIA;SICILIA;17
2024/2025;L/SNT1;CAMPANIA;BASILICATA;17
2024/2025;L/SNT1;ABRUZZO;MARCHE;17
2024/2025;L/GASTR;Provincia autonoma di BOLZANO;Provincia autonoma di BOLZANO;17
2024/2025;L/SNT1;LIGURIA;SARDEGNA;17
2024/2025;L/SNT1;PIEMONTE;SARDEGNA;17
2024/2025;L/SNT2;EMILIA ROMAGNA;ABRUZZO;17
2024/2025;L/SNT3;VENETO;SICILIA;17
2024/2025;L-1;LAZIO;EMILIA ROMAGNA;17
2024/2025;L-1;EMILIA ROMAGNA;TOSCANA;17
2024/2025;L-1;LAZIO;VENETO;17
2024/2025;L-1;LOMBARDIA;LIGURIA;17
2024/2025;L-1;PIEMONTE;SICILIA;17
2024/2025;L-1;PUGLIA;BASILICATA;17
2024/2025;L-1;VENETO;LAZIO;17
2024/2025;L-1;TOSCANA;VENETO;17
2024/2025;L-1;TOSCANA;SARDEGNA;17
2024/2025;L-10;BASILICATA;CAMPANIA;17
2024/2025;L-15;LAZIO;CAMPANIA;17
2024/2025;L-14;EMILIA ROMAGNA;TOSCANA;17
2024/2025;L-14;LOMBARDIA;ABRUZZO;17
2024/2025;L-14;MARCHE;UMBRIA;17
2024/2025;L-17;LOMBARDIA;SARDEGNA;17
2024/2025;L-18;Provincia autonoma di TRENTO;FRIULI VENEZIA GIULIA;17
2024/2025;L-17;TOSCANA;UMBRIA;17
2024/2025;L-18;MOLISE;PUGLIA;17
2024/2025;L-20;MARCHE;REGIONE ESTERA;17
2024/2025;L-20;MARCHE;LOMBARDIA;17
2024/2025;L-20;Provincia autonoma di BOLZANO;Provincia autonoma di TRENTO;17
2024/2025;L-2;PIEMONTE;REGIONE ESTERA;17
2024/2025;L-2;MARCHE;LOMBARDIA;17
2024/2025;L-2;PIEMONTE;LIGURIA;17
2024/2025;L-2;EMILIA ROMAGNA;PIEMONTE;17
2024/2025;L-2;ABRUZZO;MARCHE;17
2024/2025;L-19;LOMBARDIA;EMILIA ROMAGNA;17
2024/2025;L-19;UMBRIA;SICILIA;17
2024/2025;L-19;TOSCANA;LIGURIA;17
2024/2025;L-24;LAZIO;LIGURIA;17
2024/2025;L-24;CAMPANIA;PUGLIA;17
2024/2025;L-23;PIEMONTE;PUGLIA;17
2024/2025;L-23;FRIULI VENEZIA GIULIA;FRIULI VENEZIA GIULIA;17
2024/2025;L-21;VENETO;Provincia autonoma di TRENTO;17
2024/2025;L-20;VENETO;EMILIA ROMAGNA;17
2024/2025;L-22;MARCHE;SICILIA;17
2024/2025;L-22;EMILIA ROMAGNA;ABRUZZO;17
2023/2024;LM-78;LOMBARDIA;LAZIO;17
2023/2024;LM-78;LOMBARDIA;PUGLIA;17
2023/2024;LM-8;VENETO;FRIULI VENEZIA GIULIA;17
2023/2024;LM-8;LOMBARDIA;EMILIA ROMAGNA;17
2023/2024;LM-8;EMILIA ROMAGNA;CALABRIA;17
2023/2024;LM-8;LOMBARDIA;PUGLIA;17
2023/2024;LM-74;UMBRIA;REGIONE ESTERA;17
2023/2024;LM-75;LOMBARDIA;PIEMONTE;17
2023/2024;LM-75;FRIULI VENEZIA GIULIA;VENETO;17
2023/2024;LM-76;VENETO;LAZIO;17
2023/2024;LM-77;TOSCANA;ABRUZZO;17
2023/2024;LM-65;VENETO;SICILIA;17
2023/2024;LM-67;ABRUZZO;MARCHE;17
2023/2024;LM-65;PIEMONTE;LIGURIA;17
2023/2024;LM-65;LAZIO;SARDEGNA;17
2023/2024;LM-65;EMILIA ROMAGNA;MARCHE;17
2023/2024;LM-65;CALABRIA;CALABRIA;17
2023/2024;LM-65;EMILIA ROMAGNA;LAZIO;17
2023/2024;LM-64;EMILIA ROMAGNA;EMILIA ROMAGNA;17
2023/2024;LM-62;LOMBARDIA;TOSCANA;17
2023/2024;LM-73;CAMPANIA;CAMPANIA;17
2023/2024;LM-67;LAZIO;SICILIA;17
2023/2024;LM-85;EMILIA ROMAGNA;Provincia autonoma di TRENTO;17
2023/2024;LM-85;EMILIA ROMAGNA;PUGLIA;17
2023/2024;LM-85 bis;CAMPANIA;CALABRIA;17
2023/2024;LM-87;ABRUZZO;LAZIO;17
2023/2024;LM-86;FRIULI VENEZIA GIULIA;FRIULI VENEZIA GIULIA;17
2023/2024;LM-86;SARDEGNA;REGIONE ESTERA;17
2023/2024;LM-87;PUGLIA;BASILICATA;17
2023/2024;LM-87;SICILIA;CALABRIA;17
2023/2024;LM-87;TOSCANA;PUGLIA;17
2023/2024;LM-87;FRIULI VENEZIA GIULIA;VENETO;17
2023/2024;LM-87;MARCHE;SICILIA;17
2023/2024;LM-9;LAZIO;SICILIA;17
2023/2024;LM-91;LOMBARDIA;CAMPANIA;17
2023/2024;LM-89;LAZIO;CALABRIA;17
2023/2024;LM-89;Provincia autonoma di TRENTO;VENETO;17
2023/2024;LM-89;VENETO;Provincia autonoma di TRENTO;17
2023/2024;LM-88;UMBRIA;LAZIO;17
2023/2024;LM-88;EMILIA ROMAGNA;MARCHE;17
2023/2024;LM-88;EMILIA ROMAGNA;CAMPANIA;17
2023/2024;LM-88;LOMBARDIA;SICILIA;17
2023/2024;LMG/01;UMBRIA;ABRUZZO;17
2023/2024;LM-Sc.Mat.;VENETO;VENETO;17
2023/2024;LM-94;VENETO;EMILIA ROMAGNA;17
2023/2024;LM-94;LAZIO;ABRUZZO;17
2023/2024;LM-94;LAZIO;CALABRIA;17
2023/2024;LM-92;EMILIA ROMAGNA;VENETO;17
2023/2024;LM-92;TOSCANA;SICILIA;17
2023/2024;LM-91;LOMBARDIA;VENETO;17
2024/2025;LM-53;LOMBARDIA;EMILIA ROMAGNA;17
2024/2025;LM-54;CALABRIA;REGIONE ESTERA;17
2024/2025;LM-51;TOSCANA;UMBRIA;17
2024/2025;LM-51;TOSCANA;PUGLIA;17
2024/2025;LM-52;CAMPANIA;REGIONE ESTERA;17
2024/2025;LM-52;CAMPANIA;SICILIA;17
2024/2025;LM-52;LAZIO;FRIULI VENEZIA GIULIA;17
2024/2025;LM-52;LAZIO;BASILICATA;17
2024/2025;LM-52;EMILIA ROMAGNA;SARDEGNA;17
2024/2025;LM-56;VENETO;SICILIA;17
2024/2025;LM-56;PIEMONTE;CAMPANIA;17
2024/2025;LM-56;LAZIO;VENETO;17
2024/2025;LM-56;ABRUZZO;MOLISE;17
2024/2025;LM-54;LOMBARDIA;REGIONE ESTERA;17
2024/2025;LM-67;EMILIA ROMAGNA;MARCHE;17
2024/2025;LM-67;FRIULI VENEZIA GIULIA;VENETO;17
2024/2025;LM-67;LOMBARDIA;SICILIA;17
2024/2025;LM-67;TOSCANA;CAMPANIA;17
2024/2025;LM-67;VENETO;Provincia autonoma di TRENTO;17
2024/2025;LM-68;MARCHE;EMILIA ROMAGNA;17
2024/2025;LM-69;EMILIA ROMAGNA;PUGLIA;17
2024/2025;LM-69;EMILIA ROMAGNA;VENETO;17
2024/2025;LM-65;LAZIO;BASILICATA;17
2024/2025;LM-63;LOMBARDIA;VENETO;17
2024/2025;LM-63;UMBRIA;UMBRIA;17
2024/2025;LM-65;LAZIO;UMBRIA;17
2024/2025;LM-65;LAZIO;MARCHE;17
2024/2025;LM-65;VENETO;TOSCANA;17
2024/2025;LM-66;LOMBARDIA;PIEMONTE;17
2024/2025;LM-66;LOMBARDIA;PUGLIA;17
2024/2025;LM-6;LOMBARDIA;LIGURIA;17
2024/2025;LM-6;VENETO;LOMBARDIA;17
2024/2025;LM-61;EMILIA ROMAGNA;PUGLIA;17
2024/2025;LM-41;SICILIA;LIGURIA;17
2024/2025;LM-41;VENETO;BASILICATA;17
2024/2025;LM-4;EMILIA ROMAGNA;EMILIA ROMAGNA;17
2024/2025;LM-4;LOMBARDIA;ABRUZZO;17
2024/2025;LM-39;VENETO;SICILIA;17
2024/2025;LM-39;LAZIO;REGIONE ESTERA;17
2024/2025;LM-39;TOSCANA;MARCHE;17
2024/2025;LM-40;FRIULI VENEZIA GIULIA;VENETO;17
2024/2025;LM-40;LOMBARDIA;REGIONE ESTERA;17
2024/2025;LM-40;Provincia autonoma di TRENTO;PUGLIA;17
2024/2025;LM-42;SICILIA;LOMBARDIA;17
2024/2025;LM-44;PIEMONTE;LOMBARDIA;17
2024/2025;LM-45;LOMBARDIA;VENETO;17
2024/2025;LM-49;Provincia autonoma di TRENTO;Provincia autonoma di TRENTO;17
2024/2025;LM-51;LOMBARDIA;Provincia autonoma di TRENTO;17
2024/2025;LM-51;ABRUZZO;UMBRIA;17
2024/2025;LM-77;VENETO;CAMPANIA;17
2024/2025;LM-78;LAZIO;CALABRIA;17
2024/2025;LM-8;LOMBARDIA;PUGLIA;17
2024/2025;LM-80;EMILIA ROMAGNA;LOMBARDIA;17
2024/2025;LM-77;EMILIA ROMAGNA;Provincia autonoma di TRENTO;17
2024/2025;LM-75;FRIULI VENEZIA GIULIA;VENETO;17
2024/2025;LM-73;CALABRIA;CALABRIA;17
2024/2025;LM-84;LAZIO;REGIONE ESTERA;17
2024/2025;LM-84;PIEMONTE;LOMBARDIA;17
2024/2025;LM-85 bis;LAZIO;EMILIA ROMAGNA;17
2024/2025;LM-89;TOSCANA;LIGURIA;17
2024/2025;LM-88;VENETO;EMILIA ROMAGNA;17
2024/2025;LM-89;EMILIA ROMAGNA;UMBRIA;17
2024/2025;LM-89;FRIULI VENEZIA GIULIA;VENETO;17
2024/2025;LM-89;EMILIA ROMAGNA;LAZIO;17
2024/2025;LM-88;EMILIA ROMAGNA;CAMPANIA;17
2024/2025;LM-85 bis;UMBRIA;VENETO;17
2024/2025;LM-85 bis;TOSCANA;UMBRIA;17
2024/2025;LM-87;Provincia autonoma di TRENTO;LOMBARDIA;17
2024/2025;LM-87;PUGLIA;BASILICATA;17
2024/2025;LM-91;LOMBARDIA;PUGLIA;17
2024/2025;LM-92;EMILIA ROMAGNA;CAMPANIA;17
2024/2025;LM-94;EMILIA ROMAGNA;VENETO;17
2024/2025;LM-92;VENETO;LOMBARDIA;17
2024/2025;LM-9;MARCHE;EMILIA ROMAGNA;17
2024/2025;LM-9;PIEMONTE;CALABRIA;17
2024/2025;LM-9;ABRUZZO;REGIONE ESTERA;17
2024/2025;LM-9;EMILIA ROMAGNA;CAMPANIA;17
2024/2025;LM-90;UMBRIA;UMBRIA;17
2024/2025;LM-9;TOSCANA;EMILIA ROMAGNA;17
2024/2025;LM-9;SICILIA;CALABRIA;17
2024/2025;LMG/01;Provincia autonoma di TRENTO;LIGURIA;17
2024/2025;LMG/01;PIEMONTE;CAMPANIA;17
2024/2025;LMG/01;MOLISE;PUGLIA;17
2024/2025;LMG/01;FRIULI VENEZIA GIULIA;SICILIA;17
2024/2025;LMG/01;UMBRIA;PUGLIA;16
2024/2025;LMR/02;SARDEGNA;SARDEGNA;16
2024/2025;LM-90;UMBRIA;REGIONE ESTERA;16
2024/2025;LM-9;EMILIA ROMAGNA;LAZIO;16
2024/2025;LM-89;VENETO;Provincia autonoma di TRENTO;16
2024/2025;LM-9;LOMBARDIA;VENETO;16
2024/2025;LM-9;PIEMONTE;EMILIA ROMAGNA;16
2024/2025;LM-9;LAZIO;SICILIA;16
2024/2025;LM-94;CALABRIA;CALABRIA;16
2024/2025;LM-94;EMILIA ROMAGNA;PUGLIA;16
2024/2025;LM-94;FRIULI VENEZIA GIULIA;CAMPANIA;16
2024/2025;LM-92;LIGURIA;REGIONE ESTERA;16
2024/2025;LM-92;TOSCANA;SICILIA;16
2024/2025;LM-87;PIEMONTE;SICILIA;16
2024/2025;LM-87;TOSCANA;PUGLIA;16
2024/2025;LM-87;LOMBARDIA;PUGLIA;16
2024/2025;LM-87;CAMPANIA;BASILICATA;16
2024/2025;LM-88;LOMBARDIA;CAMPANIA;16
2024/2025;LM-88;LOMBARDIA;VENETO;16
2024/2025;LM-89;TOSCANA;PUGLIA;16
2024/2025;LM-89;TOSCANA;SICILIA;16
2024/2025;LM-89;LAZIO;TOSCANA;16
2024/2025;LM-85 bis;LAZIO;LOMBARDIA;16
2024/2025;LM-85 bis;LAZIO;MARCHE;16
2024/2025;LM-85 bis;LOMBARDIA;CAMPANIA;16
2024/2025;LM-85;EMILIA ROMAGNA;TOSCANA;16
2024/2025;LM-85;VENETO;Provincia autonoma di BOLZANO;16
2024/2025;LM-82;VENETO;LOMBARDIA;16
2024/2025;LM-71;EMILIA ROMAGNA;MARCHE;16
2024/2025;LM-71;LIGURIA;LIGURIA;16
2024/2025;LM-74;BASILICATA;BASILICATA;16
2024/2025;LM-70;MOLISE;CAMPANIA;16
2024/2025;LM-76;VENETO;EMILIA ROMAGNA;16
2024/2025;LM-76;VENETO;TOSCANA;16
2024/2025;LM-77;ABRUZZO;BASILICATA;16
2024/2025;LM-81;PIEMONTE;PUGLIA;16
2024/2025;LM-8;EMILIA ROMAGNA;CALABRIA;16
2024/2025;LM-78;TOSCANA;VENETO;16
2024/2025;LM-78;PIEMONTE;SICILIA;16
2024/2025;LM-78;LOMBARDIA;LIGURIA;16
2024/2025;LM-78;LOMBARDIA;TOSCANA;16
2024/2025;LM-77;UMBRIA;LAZIO;16
2024/2025;LM-51;MARCHE;PUGLIA;16
2024/2025;LM-49;LOMBARDIA;VENETO;16
2024/2025;LM-4cu;EMILIA ROMAGNA;REGIONE ESTERA;16
2024/2025;LM-4cu;CAMPANIA;PUGLIA;16
2024/2025;LM-4cu;PUGLIA;BASILICATA;16
2024/2025;LM-46;EMILIA ROMAGNA;SICILIA;16
2024/2025;LM-47;MOLISE;MOLISE;16
2024/2025;LM-42;TOSCANA;LOMBARDIA;16
2024/2025;LM-42;UMBRIA;REGIONE ESTERA;16
2024/2025;LM-40;ABRUZZO;ABRUZZO;16
2024/2025;LM-40;EMILIA ROMAGNA;REGIONE ESTERA;16
2024/2025;LM-4;PIEMONTE;VALLE D'AOSTA;16
2024/2025;LM-4;PIEMONTE;CALABRIA;16
2024/2025;LM-41;CALABRIA;UMBRIA;16
2024/2025;LM-41;CAMPANIA;MARCHE;16
2024/2025;LM-41;CAMPANIA;ABRUZZO;16
2024/2025;LM-39;TOSCANA;CALABRIA;16
2024/2025;LM-39;PIEMONTE;SICILIA;16
2024/2025;LM-39;LOMBARDIA;SICILIA;16
2024/2025;LM-39;EMILIA ROMAGNA;LAZIO;16
2024/2025;LM-4;EMILIA ROMAGNA;LOMBARDIA;16
2024/2025;LM-42;ABRUZZO;LOMBARDIA;16
2024/2025;LM-41;PUGLIA;VENETO;16
2024/2025;LM-41;MOLISE;TOSCANA;16
2024/2025;LM-41;MOLISE;PIEMONTE;16
2024/2025;LM-41;MARCHE;UMBRIA;16
2024/2025;LM-41;MOLISE;LOMBARDIA;16
2024/2025;LM-41;LIGURIA;TOSCANA;16
2024/2025;LM-61;LOMBARDIA;EMILIA ROMAGNA;16
2024/2025;LM-62;MARCHE;EMILIA ROMAGNA;16
2024/2025;LM-62;UMBRIA;UMBRIA;16
2024/2025;LM-6;MARCHE;MOLISE;16
2024/2025;LM-65;VENETO;SICILIA;16
2024/2025;LM-65;PIEMONTE;SICILIA;16
2024/2025;LM-69;MOLISE;CAMPANIA;16
2024/2025;LM-69;MARCHE;ABRUZZO;16
2024/2025;LM-67;LOMBARDIA;PUGLIA;16
2024/2025;LM-67;LAZIO;SICILIA;16
2024/2025;LM-56;LOMBARDIA;LIGURIA;16
2024/2025;LM-56;LAZIO;LOMBARDIA;16
2024/2025;LM-56;PIEMONTE;TOSCANA;16
2024/2025;LM-56;SARDEGNA;REGIONE ESTERA;16
2024/2025;LM-59;LOMBARDIA;UMBRIA;16
2024/2025;LM-59;PIEMONTE;LOMBARDIA;16
2024/2025;LM-52;LAZIO;MOLISE;16
2024/2025;LM-52;CAMPANIA;CALABRIA;16
2024/2025;LM-51;TOSCANA;SICILIA;16
2024/2025;LM-51;UMBRIA;VENETO;16
2024/2025;LM-51;PIEMONTE;FRIULI VENEZIA GIULIA;16
2024/2025;LM-52;TOSCANA;FRIULI VENEZIA GIULIA;16
2024/2025;LM-52;TOSCANA;LOMBARDIA;16
2024/2025;LM-52;TOSCANA;UMBRIA;16
2024/2025;LM-52;PIEMONTE;REGIONE ESTERA;16
2024/2025;LM-52;Provincia autonoma di TRENTO;Provincia autonoma di TRENTO;16
2024/2025;LM-52;LOMBARDIA;TOSCANA;16
2023/2024;LM-92;LIGURIA;REGIONE ESTERA;16
2023/2024;LM-92;EMILIA ROMAGNA;CAMPANIA;16
2023/2024;LM-92;LOMBARDIA;CAMPANIA;16
2023/2024;LM-92;LOMBARDIA;VENETO;16
2023/2024;LM-94;LAZIO;TOSCANA;16
2023/2024;LM-94;EMILIA ROMAGNA;PUGLIA;16
2023/2024;LM-94;EMILIA ROMAGNA;VENETO;16
2023/2024;LM-Data;LAZIO;REGIONE ESTERA;16
2023/2024;LMG/01;MARCHE;LOMBARDIA;16
2023/2024;LM-Sc.Mat.;PIEMONTE;REGIONE ESTERA;16
2023/2024;L-P03;LIGURIA;LIGURIA;16
2023/2024;LMG/01;TOSCANA;MOLISE;16
2024/2025;99999;LAZIO;BASILICATA;16
2024/2025;99999;EMILIA ROMAGNA;CALABRIA;16
2024/2025;99999;CAMPANIA;CALABRIA;16
2024/2025;L/DS;EMILIA ROMAGNA;TOSCANA;16
2024/2025;L/DS;EMILIA ROMAGNA;REGIONE ESTERA;16
2023/2024;LM-88;Provincia autonoma di TRENTO;REGIONE ESTERA;16
2023/2024;LM-89;EMILIA ROMAGNA;SARDEGNA;16
2023/2024;LM-89;TOSCANA;LOMBARDIA;16
2023/2024;LM-90;UMBRIA;UMBRIA;16
2023/2024;LM-9;TOSCANA;LOMBARDIA;16
2023/2024;LM-9;EMILIA ROMAGNA;CAMPANIA;16
2023/2024;LM-87;Provincia autonoma di TRENTO;LOMBARDIA;16
2023/2024;LM-88;ABRUZZO;PUGLIA;16
2023/2024;LM-86;EMILIA ROMAGNA;LOMBARDIA;16
2023/2024;LM-85 bis;ABRUZZO;CAMPANIA;16
2023/2024;LM-85 bis;LAZIO;MARCHE;16
2023/2024;LM-85 bis;EMILIA ROMAGNA;PIEMONTE;16
2023/2024;LM-85 bis;MARCHE;CAMPANIA;16
2023/2024;LM-67;MOLISE;PUGLIA;16
2023/2024;LM-67;EMILIA ROMAGNA;CAMPANIA;16
2023/2024;LM-67;EMILIA ROMAGNA;MARCHE;16
2023/2024;LM-67;FRIULI VENEZIA GIULIA;VENETO;16
2023/2024;LM-69;MOLISE;MOLISE;16
2023/2024;LM-72;SICILIA;CALABRIA;16
2023/2024;LM-74;EMILIA ROMAGNA;LOMBARDIA;16
2023/2024;LM-70;SICILIA;REGIONE ESTERA;16
2023/2024;LM-62;MARCHE;EMILIA ROMAGNA;16
2023/2024;LM-62;LAZIO;EMILIA ROMAGNA;16
2023/2024;LM-61;LAZIO;CALABRIA;16
2023/2024;LM-65;LAZIO;BASILICATA;16
2023/2024;LM-65;LOMBARDIA;SICILIA;16
2023/2024;LM-65;TOSCANA;LIGURIA;16
2023/2024;LM-77;Provincia autonoma di TRENTO;TOSCANA;16
2023/2024;LM-77;MOLISE;CAMPANIA;16
2023/2024;LM-77;LOMBARDIA;Provincia autonoma di BOLZANO;16
2023/2024;LM-77;CAMPANIA;LAZIO;16
2023/2024;LM-8;LOMBARDIA;LAZIO;16
2023/2024;LM-78;LOMBARDIA;LIGURIA;16
2023/2024;LM-78;LAZIO;CALABRIA;16
2023/2024;LM-78;TOSCANA;LIGURIA;16
2023/2024;LM-82;EMILIA ROMAGNA;LAZIO;16
2023/2024;LM-82;EMILIA ROMAGNA;LOMBARDIA;16
2023/2024;LM-81;PIEMONTE;SICILIA;16
2024/2025;L-22;EMILIA ROMAGNA;LIGURIA;16
2024/2025;L-20;TOSCANA;SARDEGNA;16
2024/2025;L-23;ABRUZZO;PUGLIA;16
2024/2025;L-24;EMILIA ROMAGNA;ABRUZZO;16
2024/2025;L-24;EMILIA ROMAGNA;LAZIO;16
2024/2025;L-19;UMBRIA;CALABRIA;16
2024/2025;L-19;PIEMONTE;SICILIA;16
2024/2025;L-19;LAZIO;VENETO;16
2024/2025;L-2;EMILIA ROMAGNA;Provincia autonoma di BOLZANO;16
2024/2025;L-2;LOMBARDIA;CALABRIA;16
2024/2025;L-20;PIEMONTE;ABRUZZO;16
2024/2025;L-17;PIEMONTE;VENETO;16
2024/2025;L-18;UMBRIA;BASILICATA;16
2024/2025;L-18;UMBRIA;CALABRIA;16
2024/2025;L-18;PUGLIA;REGIONE ESTERA;16
2024/2025;L-18;VENETO;SARDEGNA;16
2024/2025;L-19;ABRUZZO;MOLISE;16
2024/2025;L-19;ABRUZZO;BASILICATA;16
2024/2025;L-18;UMBRIA;PUGLIA;16
2024/2025;L-18;VENETO;CAMPANIA;16
2024/2025;L-17;LIGURIA;REGIONE ESTERA;16
2024/2025;L-16;PUGLIA;BASILICATA;16
2024/2025;L-16;PUGLIA;LAZIO;16
2024/2025;L-15;LOMBARDIA;SICILIA;16
2024/2025;L-15;PIEMONTE;SARDEGNA;16
2024/2025;L-14;LOMBARDIA;Provincia autonoma di TRENTO;16
2024/2025;L-10;EMILIA ROMAGNA;Provincia autonoma di TRENTO;16
2024/2025;L-1;UMBRIA;LAZIO;16
2024/2025;L-1;UMBRIA;MARCHE;16
2024/2025;L-1;PIEMONTE;LOMBARDIA;16
2024/2025;L/SNT2;CAMPANIA;BASILICATA;16
2024/2025;L/SNT2;EMILIA ROMAGNA;CALABRIA;16
2024/2025;L/SNT2;ABRUZZO;MOLISE;16
2024/2025;L/SNT1;UMBRIA;CALABRIA;16
2024/2025;L/SNT2;LOMBARDIA;PUGLIA;16
2024/2025;L/SNT1;LOMBARDIA;SARDEGNA;16
2024/2025;L/SNT1;MARCHE;EMILIA ROMAGNA;16
2024/2025;L-11;LIGURIA;TOSCANA;16
2024/2025;L-11;TOSCANA;LAZIO;16
2024/2025;L-10;UMBRIA;TOSCANA;16
2024/2025;L-13;UMBRIA;ABRUZZO;16
2024/2025;L-13;UMBRIA;REGIONE ESTERA;16
2024/2025;L-13;VENETO;PIEMONTE;16
2024/2025;L-12;VENETO;CAMPANIA;16
2024/2025;L-12;PIEMONTE;ABRUZZO;16
2024/2025;L-12;LOMBARDIA;BASILICATA;16
2024/2025;LM-21;LOMBARDIA;FRIULI VENEZIA GIULIA;16
2024/2025;LM-20;LAZIO;SICILIA;16
2024/2025;LM-20;PIEMONTE;BASILICATA;16
2024/2025;LM-22;PIEMONTE;CAMPANIA;16
2024/2025;LM-22;CAMPANIA;REGIONE ESTERA;16
2024/2025;LM-23;PIEMONTE;CAMPANIA;16
2024/2025;LM-23;VENETO;FRIULI VENEZIA GIULIA;16
2024/2025;LM-30;PIEMONTE;EMILIA ROMAGNA;16
2024/2025;LM-28;SICILIA;REGIONE ESTERA;16
2024/2025;LM-29;PIEMONTE;MARCHE;16
2024/2025;LM-29;PIEMONTE;TOSCANA;16
2024/2025;LM-29;PIEMONTE;CALABRIA;16
2024/2025;LM-29;PIEMONTE;ABRUZZO;16
2024/2025;LM-29;LOMBARDIA;LAZIO;16
2024/2025;LM-29;LOMBARDIA;SICILIA;16
2024/2025;LM-25;LOMBARDIA;PIEMONTE;16
2024/2025;LM-25;LOMBARDIA;CAMPANIA;16
2024/2025;LM-27;CALABRIA;REGIONE ESTERA;16
2024/2025;LM-25;VENETO;FRIULI VENEZIA GIULIA;16
2024/2025;LM-28;LOMBARDIA;SICILIA;16
2024/2025;LM-38;LIGURIA;PIEMONTE;16
2024/2025;LM-38;CAMPANIA;PUGLIA;16
2024/2025;LM-37;Provincia autonoma di TRENTO;VENETO;16
2024/2025;LM-37;VENETO;FRIULI VENEZIA GIULIA;16
2024/2025;LM-37;ABRUZZO;MOLISE;16
2024/2025;LM-37;ABRUZZO;PUGLIA;16
2024/2025;LM-36;CAMPANIA;LAZIO;16
2024/2025;LM-35;LAZIO;REGIONE ESTERA;16
2024/2025;LM-33;VENETO;FRIULI VENEZIA GIULIA;16
2024/2025;LM-31;LAZIO;CAMPANIA;16
2024/2025;LM-30;VENETO;FRIULI VENEZIA GIULIA;16
2024/2025;LM-31;PIEMONTE;LOMBARDIA;16
2024/2025;LM-32;EMILIA ROMAGNA;UMBRIA;16
2024/2025;LM-32;FRIULI VENEZIA GIULIA;VENETO;16
2024/2025;LM-33;ABRUZZO;LAZIO;16
2024/2025;LM-33;LIGURIA;PIEMONTE;16
2024/2025;LM-33;LOMBARDIA;MARCHE;16
2024/2025;LM-32;LAZIO;PUGLIA;16
2024/2025;LM-32;TOSCANA;PUGLIA;16
2024/2025;LM-32;TOSCANA;LAZIO;16
2024/2025;LM-2;TOSCANA;LIGURIA;16
2024/2025;LM-2;TOSCANA;LOMBARDIA;16
2024/2025;LM-20;CAMPANIA;PUGLIA;16
2024/2025;LM-18;LOMBARDIA;VENETO;16
2024/2025;LM-18;EMILIA ROMAGNA;MARCHE;16
2024/2025;LM-17;TOSCANA;LAZIO;16
2024/2025;LM-17;EMILIA ROMAGNA;ABRUZZO;16
2024/2025;LM-17;EMILIA ROMAGNA;CAMPANIA;16
2024/2025;LM-13;TOSCANA;VENETO;16
2024/2025;LM-14;EMILIA ROMAGNA;PIEMONTE;16
2024/2025;LM-14;ABRUZZO;PUGLIA;16
2024/2025;LM-14;LAZIO;MARCHE;16
2024/2025;LM-16;LAZIO;PUGLIA;16
2024/2025;LM-16;LAZIO;CALABRIA;16
2024/2025;LM-16;EMILIA ROMAGNA;LOMBARDIA;16
2024/2025;LM-14;MARCHE;EMILIA ROMAGNA;16
2024/2025;LM-14;TOSCANA;REGIONE ESTERA;16
2024/2025;LM-12;LAZIO;SICILIA;16
2024/2025;LM-12;PIEMONTE;PUGLIA;16
2024/2025;LM-1;VENETO;EMILIA ROMAGNA;16
2024/2025;LM-1;VENETO;FRIULI VENEZIA GIULIA;16
2024/2025;LM/SNT3;EMILIA ROMAGNA;VENETO;16
2024/2025;LM-1;PIEMONTE;LAZIO;16
2024/2025;LM-1;BASILICATA;PUGLIA;16
2024/2025;LM/SNT4;PIEMONTE;PIEMONTE;16
2024/2025;LM/SNT1;ABRUZZO;PUGLIA;16
2024/2025;L-9;LOMBARDIA;CALABRIA;16
2024/2025;L-35;TOSCANA;CAMPANIA;16
2024/2025;L-34;MARCHE;REGIONE ESTERA;16
2024/2025;L-33;Provincia autonoma di BOLZANO;Provincia autonoma di TRENTO;16
2024/2025;L-33;MARCHE;PUGLIA;16
2024/2025;L-33;Provincia autonoma di BOLZANO;LOMBARDIA;16
2024/2025;L-33;EMILIA ROMAGNA;ABRUZZO;16
2024/2025;L-31;Provincia autonoma di TRENTO;EMILIA ROMAGNA;16
2024/2025;L-31;Provincia autonoma di TRENTO;MARCHE;16
2024/2025;L-31;Provincia autonoma di TRENTO;Provincia autonoma di BOLZANO;16
2024/2025;L-31;MOLISE;ABRUZZO;16
2024/2025;L-31;MARCHE;PUGLIA;16
2024/2025;L-31;PIEMONTE;LAZIO;16
2024/2025;L-32;LOMBARDIA;VENETO;16
2024/2025;L-31;VENETO;Provincia autonoma di BOLZANO;16
2024/2025;L-31;LOMBARDIA;ABRUZZO;16
2024/2025;L-31;LOMBARDIA;BASILICATA;16
2024/2025;L-31;LAZIO;VENETO;16
2024/2025;L-31;LAZIO;SARDEGNA;16
2024/2025;L-30;TOSCANA;BASILICATA;16
2024/2025;L-30;PIEMONTE;REGIONE ESTERA;16
2024/2025;L-30;PIEMONTE;LOMBARDIA;16
2024/2025;L-30;SICILIA;CALABRIA;16
2024/2025;L-30;LOMBARDIA;VENETO;16
2024/2025;L-3;LOMBARDIA;MARCHE;16
2024/2025;L-3;TOSCANA;CAMPANIA;16
2024/2025;L-3;LOMBARDIA;ABRUZZO;16
2024/2025;L-3;TOSCANA;UMBRIA;16
2024/2025;L-3;TOSCANA;VENETO;16
2024/2025;L-3;VENETO;REGIONE ESTERA;16
2024/2025;L-30;EMILIA ROMAGNA;CAMPANIA;16
2024/2025;L-28;CAMPANIA;ABRUZZO;16
2024/2025;L-29;TOSCANA;REGIONE ESTERA;16
2024/2025;L-3;CAMPANIA;BASILICATA;16
2024/2025;L-24;TOSCANA;PIEMONTE;16
2024/2025;L-25;TOSCANA;CALABRIA;16
2024/2025;L-25;UMBRIA;LAZIO;16
2024/2025;L-25;UMBRIA;MARCHE;16
2024/2025;L-25;TOSCANA;SICILIA;16
2024/2025;L-25/L-26;SICILIA;SICILIA;16
2024/2025;L-26;VENETO;Provincia autonoma di TRENTO;16
2024/2025;L-5;VENETO;ABRUZZO;16
2024/2025;L-5;PIEMONTE;SICILIA;16
2024/2025;L-5;LOMBARDIA;LAZIO;16
2024/2025;L-42;PIEMONTE;SICILIA;16
2024/2025;L-41;LAZIO;UMBRIA;16
2024/2025;L-7;LOMBARDIA;CAMPANIA;16
2024/2025;L-7;PIEMONTE;VALLE D'AOSTA;16
2024/2025;L-7;PIEMONTE;SARDEGNA;16
2024/2025;L-7;EMILIA ROMAGNA;MOLISE;16
2024/2025;L-7;LAZIO;CALABRIA;16
2024/2025;L-7;TOSCANA;CALABRIA;16
2024/2025;L-8;TOSCANA;LOMBARDIA;16
2024/2025;L-8;PIEMONTE;FRIULI VENEZIA GIULIA;16
2024/2025;L-8;MARCHE;LAZIO;16
2024/2025;L-36;VENETO;LAZIO;16
2024/2025;L-38;LOMBARDIA;EMILIA ROMAGNA;16
2024/2025;L-38;TOSCANA;SICILIA;16
2024/2025;L-36;PUGLIA;CAMPANIA;16
2024/2025;L-36;PIEMONTE;LAZIO;16
2024/2025;L-4;VENETO;SICILIA;16
2024/2025;L-4;PIEMONTE;VENETO;16
2024/2025;L-4;TOSCANA;MARCHE;16
2024/2025;L-40;LAZIO;UMBRIA;16
2024/2025;L-40;LAZIO;SICILIA;16
2024/2025;L-40;CAMPANIA;LAZIO;16
2024/2025;L-39;EMILIA ROMAGNA;MARCHE;16
2024/2025;L-4;LAZIO;CALABRIA;16
2023/2024;LM-56;LAZIO;VENETO;16
2023/2024;LM-56;LAZIO;SARDEGNA;16
2023/2024;LM-56;EMILIA ROMAGNA;CALABRIA;16
2023/2024;LM-56;PIEMONTE;CAMPANIA;16
2023/2024;LM-53;PIEMONTE;SICILIA;16
2023/2024;LM-54;PIEMONTE;VENETO;16
2023/2024;LM-54;LAZIO;CAMPANIA;16
2023/2024;LM-54;PIEMONTE;LAZIO;16
2023/2024;LM-52;TOSCANA;CALABRIA;16
2023/2024;LM-52;TOSCANA;LOMBARDIA;16
2023/2024;LM-59;EMILIA ROMAGNA;REGIONE ESTERA;16
2023/2024;LM-59;LAZIO;BASILICATA;16
2023/2024;LM-59;LAZIO;EMILIA ROMAGNA;16
2023/2024;LM-59;LAZIO;SARDEGNA;16
2023/2024;LM-6;FRIULI VENEZIA GIULIA;SICILIA;16
2023/2024;LM-59;PIEMONTE;LIGURIA;16
2023/2024;LM-60;TOSCANA;REGIONE ESTERA;16
2023/2024;LM-61;EMILIA ROMAGNA;MARCHE;16
2023/2024;LM-6;LIGURIA;LAZIO;16
2023/2024;LM-6;MARCHE;PIEMONTE;16
2023/2024;LM-6;MARCHE;SICILIA;16
2023/2024;LM-6;PUGLIA;BASILICATA;16
2023/2024;LM-6;SARDEGNA;REGIONE ESTERA;16
2023/2024;LM-51;TOSCANA;SARDEGNA;16
2023/2024;LM-51;VENETO;Provincia autonoma di BOLZANO;16
2023/2024;LM-52;PIEMONTE;REGIONE ESTERA;16
2023/2024;LM-51;Provincia autonoma di TRENTO;EMILIA ROMAGNA;16
2023/2024;LM-51;PIEMONTE;BASILICATA;16
2023/2024;LM-51;LOMBARDIA;UMBRIA;16
2023/2024;LM-51;ABRUZZO;UMBRIA;16
2023/2024;LM-50;VENETO;EMILIA ROMAGNA;16
2023/2024;LM-4cu;CAMPANIA;CALABRIA;16
2023/2024;LM-4cu;CAMPANIA;MOLISE;16
2023/2024;LM-4cu;Provincia autonoma di TRENTO;Provincia autonoma di BOLZANO;16
2023/2024;LM-50;EMILIA ROMAGNA;CALABRIA;16
2023/2024;LM-46;EMILIA ROMAGNA;CALABRIA;16
2023/2024;LM-46;LIGURIA;REGIONE ESTERA;16
2023/2024;LM-41;CAMPANIA;MARCHE;16
2023/2024;LM-41;CAMPANIA;ABRUZZO;16
2023/2024;LM-41;PIEMONTE;LAZIO;16
2023/2024;LM-45;LOMBARDIA;PUGLIA;16
2023/2024;LM-44;PIEMONTE;LIGURIA;16
2023/2024;LM-44;LOMBARDIA;CAMPANIA;16
2023/2024;LM-42;PUGLIA;SICILIA;16
2023/2024;LM-42;TOSCANA;LAZIO;16
2023/2024;LM-42;ABRUZZO;LOMBARDIA;16
2023/2024;LM-42;LOMBARDIA;PIEMONTE;16
2023/2024;LM-41;SARDEGNA;CAMPANIA;16
2023/2024;LM-35;PIEMONTE;PUGLIA;16
2023/2024;LM-33;PIEMONTE;TOSCANA;16
2023/2024;LM-32;PUGLIA;BASILICATA;16
2023/2024;LM-32;VENETO;FRIULI VENEZIA GIULIA;16
2023/2024;LM-37;PIEMONTE;LIGURIA;16
2023/2024;LM-38;PIEMONTE;BASILICATA;16
2023/2024;LM-4;LOMBARDIA;CALABRIA;16
2023/2024;LM-39;EMILIA ROMAGNA;ABRUZZO;16
2023/2024;LM-39;LOMBARDIA;REGIONE ESTERA;16
2023/2024;LM-39;VENETO;CAMPANIA;16
2023/2024;LM-39;PIEMONTE;SICILIA;16
2023/2024;LM-39;TOSCANA;BASILICATA;16
2023/2024;L-5;LOMBARDIA;CAMPANIA;16
2023/2024;L-5;TOSCANA;PUGLIA;16
2023/2024;L-7;LOMBARDIA;CALABRIA;16
2023/2024;L-9;LOMBARDIA;Provincia autonoma di BOLZANO;16
2023/2024;L-9;LAZIO;SARDEGNA;16
2023/2024;L-9;LIGURIA;PUGLIA;16
2023/2024;LM-12;EMILIA ROMAGNA;VENETO;16
2023/2024;LM-12;ABRUZZO;ABRUZZO;16
2023/2024;LM-13;TOSCANA;SARDEGNA;16
2023/2024;LM-14;FRIULI VENEZIA GIULIA;VENETO;16
2023/2024;LM-13;VENETO;PUGLIA;16
2023/2024;LM-1;EMILIA ROMAGNA;CAMPANIA;16
2023/2024;LM/SNT4;ABRUZZO;ABRUZZO;16
2023/2024;LM-1;PIEMONTE;LAZIO;16
2023/2024;LM-1;PIEMONTE;SARDEGNA;16
2023/2024;LM/GASTR;PIEMONTE;PIEMONTE;16
2023/2024;LM/DS;PIEMONTE;VENETO;16
2023/2024;LM-17;VENETO;SICILIA;16
2023/2024;LM-18;LOMBARDIA;EMILIA ROMAGNA;16
2023/2024;LM-16;VENETO;LOMBARDIA;16
2023/2024;LM-17;EMILIA ROMAGNA;LAZIO;16
2023/2024;LM-17;LOMBARDIA;PUGLIA;16
2023/2024;LM-14;MOLISE;CAMPANIA;16
2023/2024;LM-14;TOSCANA;REGIONE ESTERA;16
2023/2024;LM-14;UMBRIA;LAZIO;16
2023/2024;LM-15;TOSCANA;SICILIA;16
2023/2024;LM-16;EMILIA ROMAGNA;LAZIO;16
2023/2024;LM-16;EMILIA ROMAGNA;PUGLIA;16
2023/2024;LM-20;PIEMONTE;BASILICATA;16
2023/2024;LM-21;PUGLIA;PUGLIA;16
2023/2024;LM-23;EMILIA ROMAGNA;ABRUZZO;16
2023/2024;LM-22;PIEMONTE;ABRUZZO;16
2023/2024;LM-24;MARCHE;ABRUZZO;16
2023/2024;LM-24;LOMBARDIA;EMILIA ROMAGNA;16
2023/2024;LM-23;MARCHE;ABRUZZO;16
2023/2024;LM-25;TOSCANA;CALABRIA;16
2023/2024;LM-25;LOMBARDIA;PIEMONTE;16
2023/2024;LM-27;LOMBARDIA;PUGLIA;16
2023/2024;LM-28;EMILIA ROMAGNA;MARCHE;16
2023/2024;LM-29;EMILIA ROMAGNA;LOMBARDIA;16
2023/2024;LM-29;EMILIA ROMAGNA;MARCHE;16
2023/2024;LM-29;LOMBARDIA;LAZIO;16
2023/2024;LM-29;PIEMONTE;ABRUZZO;16
2023/2024;LM-29;PIEMONTE;LIGURIA;16
2023/2024;LM-30;EMILIA ROMAGNA;TOSCANA;16
2023/2024;LM-30;EMILIA ROMAGNA;CAMPANIA;16
2023/2024;LM-31;PIEMONTE;FRIULI VENEZIA GIULIA;16
2023/2024;LM-31;EMILIA ROMAGNA;LAZIO;16
2023/2024;LM-31;EMILIA ROMAGNA;MOLISE;16
2023/2024;LM-31;LAZIO;CAMPANIA;16
2023/2024;LM-31;LAZIO;PUGLIA;16
2023/2024;LM-31;Provincia autonoma di TRENTO;Provincia autonoma di TRENTO;16
2023/2024;LM-32;LAZIO;CALABRIA;16
2023/2024;L-29;CAMPANIA;BASILICATA;16
2023/2024;L-27;EMILIA ROMAGNA;UMBRIA;16
2023/2024;L-27;PIEMONTE;VALLE D'AOSTA;16
2023/2024;L-27;LOMBARDIA;SICILIA;16
2023/2024;L-25;UMBRIA;MARCHE;16
2023/2024;L-26;PIEMONTE;LIGURIA;16
2023/2024;L-26;UMBRIA;TOSCANA;16
2023/2024;L-25/L-26;TOSCANA;TOSCANA;16
2023/2024;L-30;TOSCANA;VENETO;16
2023/2024;L-30;TOSCANA;MARCHE;16
2023/2024;L-30;SICILIA;CALABRIA;16
2023/2024;L-30;PUGLIA;BASILICATA;16
2023/2024;L-30;LOMBARDIA;CALABRIA;16
2023/2024;L-3;TOSCANA;UMBRIA;16
2023/2024;L-3;TOSCANA;CALABRIA;16
2023/2024;L-3;PIEMONTE;VALLE D'AOSTA;16
2023/2024;L-29;VENETO;LOMBARDIA;16
2023/2024;L-3;LOMBARDIA;ABRUZZO;16
2023/2024;L-3;LOMBARDIA;CAMPANIA;16
2023/2024;L-3;LOMBARDIA;LAZIO;16
2023/2024;L-24;ABRUZZO;LOMBARDIA;16
2023/2024;L-23;BASILICATA;BASILICATA;16
2023/2024;L-23;ABRUZZO;MOLISE;16
2023/2024;L-25;EMILIA ROMAGNA;CALABRIA;16
2023/2024;L-24;Provincia autonoma di TRENTO;FRIULI VENEZIA GIULIA;16
2023/2024;L-24;LOMBARDIA;MARCHE;16
2023/2024;L-24;PIEMONTE;SARDEGNA;16
2023/2024;L-20;ABRUZZO;LAZIO;16
2023/2024;L-20;PIEMONTE;ABRUZZO;16
2023/2024;L-20;LAZIO;PIEMONTE;16
2023/2024;L-20;UMBRIA;CALABRIA;16
2023/2024;L-21;VENETO;Provincia autonoma di TRENTO;16
2023/2024;L-22;LAZIO;MARCHE;16
2023/2024;L-22;LAZIO;MOLISE;16
2023/2024;L-22;LOMBARDIA;REGIONE ESTERA;16
2023/2024;L-22;LOMBARDIA;LIGURIA;16
2023/2024;L-33;Provincia autonoma di BOLZANO;Provincia autonoma di TRENTO;16
2023/2024;L-33;PIEMONTE;REGIONE ESTERA;16
2023/2024;L-33;MARCHE;PUGLIA;16
2023/2024;L-33;EMILIA ROMAGNA;SARDEGNA;16
2023/2024;L-32;SICILIA;CALABRIA;16
2023/2024;L-33;ABRUZZO;BASILICATA;16
2023/2024;L-31;Provincia autonoma di BOLZANO;Provincia autonoma di TRENTO;16
2023/2024;L-31;PIEMONTE;ABRUZZO;16
2023/2024;L-31;PIEMONTE;LAZIO;16
2023/2024;L-32;EMILIA ROMAGNA;SICILIA;16
2023/2024;L-32;EMILIA ROMAGNA;Provincia autonoma di TRENTO;16
2023/2024;L-31;TOSCANA;UMBRIA;16
2023/2024;L-35;Provincia autonoma di TRENTO;EMILIA ROMAGNA;16
2023/2024;L-36;Provincia autonoma di TRENTO;LAZIO;16
2023/2024;L-36;PIEMONTE;CAMPANIA;16
2023/2024;L-35;PIEMONTE;ABRUZZO;16
2023/2024;L-35;PIEMONTE;LIGURIA;16
2023/2024;L-35;LOMBARDIA;ABRUZZO;16
2023/2024;L-4;LOMBARDIA;CALABRIA;16
2023/2024;L-4;EMILIA ROMAGNA;ABRUZZO;16
2023/2024;L-39;LAZIO;MOLISE;16
2023/2024;L-39;EMILIA ROMAGNA;MARCHE;16
2023/2024;L-40;LAZIO;TOSCANA;16
2023/2024;L-40;LAZIO;CALABRIA;16
2023/2024;L-40;ABRUZZO;PIEMONTE;16
2023/2024;L-40;CAMPANIA;CALABRIA;16
2023/2024;L-4;TOSCANA;SICILIA;16
2023/2024;L-42;LOMBARDIA;REGIONE ESTERA;16
2023/2024;L-41;EMILIA ROMAGNA;PUGLIA;16
2023/2024;L-41;LOMBARDIA;VENETO;16
2023/2024;L-40;UMBRIA;SARDEGNA;16
2023/2024;L/DS;PIEMONTE;LOMBARDIA;16
2023/2024;99999;VENETO;Provincia autonoma di BOLZANO;16
2023/2024;99999;PIEMONTE;LIGURIA;16
2023/2024;99999;PUGLIA;LAZIO;16
2023/2024;L/SNT1;MARCHE;EMILIA ROMAGNA;16
2023/2024;L/SNT2;CAMPANIA;PUGLIA;16
2023/2024;L/SNT1;PIEMONTE;LIGURIA;16
2023/2024;L/SNT1;TOSCANA;UMBRIA;16
2023/2024;99999;LAZIO;LOMBARDIA;16
2023/2024;99999;LOMBARDIA;EMILIA ROMAGNA;16
2023/2024;L/SNT2;LIGURIA;TOSCANA;16
2023/2024;L/SNT2;MOLISE;SICILIA;16
2023/2024;L/SNT4;Provincia autonoma di BOLZANO;Provincia autonoma di BOLZANO;16
2023/2024;L-1;TOSCANA;SARDEGNA;16
2023/2024;L-12;PIEMONTE;ABRUZZO;16
2023/2024;L-11;UMBRIA;CALABRIA;16
2023/2024;L-14;PIEMONTE;CALABRIA;16
2023/2024;L-14;LOMBARDIA;TOSCANA;16
2023/2024;L-14;PIEMONTE;TOSCANA;16
2023/2024;L-14;PIEMONTE;VALLE D'AOSTA;16
2023/2024;L-14;PUGLIA;LOMBARDIA;16
2023/2024;L-14;Provincia autonoma di TRENTO;FRIULI VENEZIA GIULIA;16
2023/2024;L-15;LOMBARDIA;Provincia autonoma di TRENTO;16
2023/2024;L-15;PIEMONTE;SICILIA;16
2023/2024;L-14;LOMBARDIA;CAMPANIA;16
2023/2024;L-14;LAZIO;SICILIA;16
2023/2024;L-18;UMBRIA;PUGLIA;16
2023/2024;L-18;PUGLIA;CALABRIA;16
2023/2024;L-19;MARCHE;LOMBARDIA;16
2023/2024;L-2;LOMBARDIA;LIGURIA;16
2023/2024;L-17;PIEMONTE;CAMPANIA;16
2023/2024;L-17;PIEMONTE;ABRUZZO;16
2023/2024;L-16;PIEMONTE;SICILIA;16
2023/2024;L-16;LAZIO;TOSCANA;16
2023/2024;L-18;ABRUZZO;MARCHE;16
2023/2024;L-18;LAZIO;REGIONE NON FORNITA;16
2023/2024;L-18;LAZIO;FRIULI VENEZIA GIULIA;15
2023/2024;L-18;FRIULI VENEZIA GIULIA;LOMBARDIA;15
2023/2024;L-16;LAZIO;PUGLIA;15
2023/2024;L-16;PUGLIA;BASILICATA;15
2023/2024;L-17;PIEMONTE;TOSCANA;15
2023/2024;L-17;TOSCANA;UMBRIA;15
2023/2024;L-2;EMILIA ROMAGNA;SARDEGNA;15
2023/2024;L-19;PIEMONTE;LOMBARDIA;15
2023/2024;L-19;LOMBARDIA;EMILIA ROMAGNA;15
2023/2024;L-19;PUGLIA;CAMPANIA;15
2023/2024;L-19;VENETO;EMILIA ROMAGNA;15
2023/2024;L-2;ABRUZZO;MOLISE;15
2023/2024;L-18;PUGLIA;REGIONE ESTERA;15
2023/2024;L-19;CAMPANIA;LAZIO;15
2023/2024;L-19;LOMBARDIA;PUGLIA;15
2023/2024;L-14;LIGURIA;PIEMONTE;15
2023/2024;L-13;TOSCANA;LOMBARDIA;15
2023/2024;L-13;TOSCANA;UMBRIA;15
2023/2024;L-13;MARCHE;TOSCANA;15
2023/2024;L-15;LOMBARDIA;SICILIA;15
2023/2024;L-14;VENETO;PUGLIA;15
2023/2024;L-15;FRIULI VENEZIA GIULIA;REGIONE ESTERA;15
2023/2024;L-14;Provincia autonoma di TRENTO;PUGLIA;15
2023/2024;L-14;PUGLIA;SICILIA;15
2023/2024;L-14;TOSCANA;MOLISE;15
2023/2024;L-14;Provincia autonoma di TRENTO;EMILIA ROMAGNA;15
2023/2024;L-11;Provincia autonoma di TRENTO;EMILIA ROMAGNA;15
2023/2024;L-12;CAMPANIA;MOLISE;15
2023/2024;L-12;PIEMONTE;TOSCANA;15
2023/2024;L-12;LAZIO;REGIONE ESTERA;15
2023/2024;L-12;LOMBARDIA;FRIULI VENEZIA GIULIA;15
2023/2024;L-12;VENETO;LAZIO;15
2023/2024;L-12;VENETO;TOSCANA;15
2023/2024;L-13;EMILIA ROMAGNA;Provincia autonoma di BOLZANO;15
2023/2024;L-1;TOSCANA;PIEMONTE;15
2023/2024;L-10;ABRUZZO;MARCHE;15
2023/2024;L-1;VENETO;SARDEGNA;15
2023/2024;L-10;MARCHE;CAMPANIA;15
2023/2024;L-10;PUGLIA;CALABRIA;15
2023/2024;L-10;UMBRIA;LAZIO;15
2023/2024;L/SNT4;LOMBARDIA;SICILIA;15
2023/2024;L-1;CAMPANIA;CALABRIA;15
2023/2024;L-1;PIEMONTE;SICILIA;15
2023/2024;L-1;LOMBARDIA;ABRUZZO;15
2023/2024;L/SNT2;LAZIO;EMILIA ROMAGNA;15
2023/2024;L/SNT2;EMILIA ROMAGNA;CALABRIA;15
2023/2024;L/SNT2;TOSCANA;SICILIA;15
2023/2024;L/SNT2;ABRUZZO;MOLISE;15
2023/2024;L/GASTR;Provincia autonoma di BOLZANO;Provincia autonoma di BOLZANO;15
2023/2024;L/SNT1;CAMPANIA;LAZIO;15
2023/2024;L-40;Provincia autonoma di TRENTO;EMILIA ROMAGNA;15
2023/2024;L-40;Provincia autonoma di TRENTO;FRIULI VENEZIA GIULIA;15
2023/2024;L-41;FRIULI VENEZIA GIULIA;VENETO;15
2023/2024;L-42;PIEMONTE;PUGLIA;15
2023/2024;L-42;PIEMONTE;SICILIA;15
2023/2024;L-41;VENETO;EMILIA ROMAGNA;15
2023/2024;L-41;VENETO;SICILIA;15
2023/2024;L-4;TOSCANA;LAZIO;15
2023/2024;L-40;LAZIO;BASILICATA;15
2023/2024;L-40;LAZIO;UMBRIA;15
2023/2024;L-39;ABRUZZO;MARCHE;15
2023/2024;L-39;LOMBARDIA;PIEMONTE;15
2023/2024;L-38;TOSCANA;VENETO;15
2023/2024;L-37;LAZIO;PUGLIA;15
2023/2024;L-37;UMBRIA;REGIONE ESTERA;15
2023/2024;L-36;PUGLIA;SICILIA;15
2023/2024;L-36;VENETO;LAZIO;15
2023/2024;L-36;VENETO;CALABRIA;15
2023/2024;L-35;LAZIO;UMBRIA;15
2023/2024;L-33;Provincia autonoma di TRENTO;PUGLIA;15
2023/2024;L-35;TOSCANA;ABRUZZO;15
2023/2024;L-32;EMILIA ROMAGNA;TOSCANA;15
2023/2024;L-31;Provincia autonoma di TRENTO;EMILIA ROMAGNA;15
2023/2024;L-31;MOLISE;ABRUZZO;15
2023/2024;L-33;LOMBARDIA;SARDEGNA;15
2023/2024;L-22;LOMBARDIA;VENETO;15
2023/2024;L-21;ABRUZZO;PUGLIA;15
2023/2024;L-20;UMBRIA;BASILICATA;15
2023/2024;L-20;UMBRIA;LAZIO;15
2023/2024;L-20;TOSCANA;BASILICATA;15
2023/2024;L-20;Provincia autonoma di TRENTO;LOMBARDIA;15
2023/2024;L-20;Provincia autonoma di BOLZANO;Provincia autonoma di TRENTO;15
2023/2024;L-2;VENETO;MARCHE;15
2023/2024;L-24;Provincia autonoma di TRENTO;PUGLIA;15
2023/2024;L-24;TOSCANA;PUGLIA;15
2023/2024;L-23;PIEMONTE;SICILIA;15
2023/2024;L-24;EMILIA ROMAGNA;CALABRIA;15
2023/2024;L-24;EMILIA ROMAGNA;CAMPANIA;15
2023/2024;L-3;SICILIA;CALABRIA;15
2023/2024;L-3;TOSCANA;SARDEGNA;15
2023/2024;L-3;VENETO;REGIONE ESTERA;15
2023/2024;L-30;EMILIA ROMAGNA;LIGURIA;15
2023/2024;L-30;LAZIO;BASILICATA;15
2023/2024;L-30;PIEMONTE;SICILIA;15
2023/2024;L-30;VENETO;CALABRIA;15
2023/2024;L-31;LAZIO;BASILICATA;15
2023/2024;L-31;EMILIA ROMAGNA;FRIULI VENEZIA GIULIA;15
2023/2024;L-26;EMILIA ROMAGNA;LIGURIA;15
2023/2024;L-26;TOSCANA;LIGURIA;15
2023/2024;L-26;TOSCANA;SARDEGNA;15
2023/2024;L-25;TOSCANA;LOMBARDIA;15
2023/2024;L-25;TOSCANA;EMILIA ROMAGNA;15
2023/2024;L-25;LOMBARDIA;Provincia autonoma di TRENTO;15
2023/2024;L-27;LOMBARDIA;PUGLIA;15
2023/2024;L-27;LAZIO;CALABRIA;15
2023/2024;LM-30;LOMBARDIA;PUGLIA;15
2023/2024;LM-30;PIEMONTE;CALABRIA;15
2023/2024;LM-29;PIEMONTE;EMILIA ROMAGNA;15
2023/2024;LM-3;TOSCANA;REGIONE ESTERA;15
2023/2024;LM-27;PIEMONTE;PUGLIA;15
2023/2024;LM-25;PUGLIA;BASILICATA;15
2023/2024;LM-23;PIEMONTE;CAMPANIA;15
2023/2024;LM-23;LAZIO;ABRUZZO;15
2023/2024;LM-24;LOMBARDIA;PUGLIA;15
2023/2024;LM-22;LOMBARDIA;VENETO;15
2023/2024;LM-22;PIEMONTE;LIGURIA;15
2023/2024;LM-21;TOSCANA;EMILIA ROMAGNA;15
2023/2024;LM-21;PIEMONTE;VENETO;15
2023/2024;LM-20;VENETO;LOMBARDIA;15
2023/2024;LM-18;TOSCANA;CALABRIA;15
2023/2024;LM-19;EMILIA ROMAGNA;LAZIO;15
2023/2024;LM-2;CALABRIA;CALABRIA;15
2023/2024;LM-2;CAMPANIA;LAZIO;15
2023/2024;LM-20;LAZIO;SICILIA;15
2023/2024;LM-16;VENETO;EMILIA ROMAGNA;15
2023/2024;LM-14;TOSCANA;UMBRIA;15
2023/2024;LM-14;VENETO;EMILIA ROMAGNA;15
2023/2024;LM-14;PIEMONTE;LAZIO;15
2023/2024;LM-17;VENETO;ABRUZZO;15
2023/2024;LM-17;LAZIO;ABRUZZO;15
2023/2024;LM-17;LAZIO;CAMPANIA;15
2023/2024;LM-17;EMILIA ROMAGNA;PUGLIA;15
2023/2024;LM-17;EMILIA ROMAGNA;UMBRIA;15
2023/2024;LM/SNT1;EMILIA ROMAGNA;SICILIA;15
2023/2024;LM/DS;PIEMONTE;EMILIA ROMAGNA;15
2023/2024;L-9;VENETO;CALABRIA;15
2023/2024;L-9;Provincia autonoma di BOLZANO;Provincia autonoma di TRENTO;15
2023/2024;LM-1;EMILIA ROMAGNA;PUGLIA;15
2023/2024;LM/SNT2;VENETO;FRIULI VENEZIA GIULIA;15
2023/2024;LM/SNT2;UMBRIA;MARCHE;15
2023/2024;LM-13;VENETO;SICILIA;15
2023/2024;LM-14;CAMPANIA;PUGLIA;15
2023/2024;LM-14;LOMBARDIA;ABRUZZO;15
2023/2024;LM-12;LAZIO;CAMPANIA;15
2023/2024;LM-12;LOMBARDIA;CALABRIA;15
2023/2024;LM-12;LIGURIA;LOMBARDIA;15
2023/2024;LM-12;LOMBARDIA;SARDEGNA;15
2023/2024;LM-12;VENETO;LOMBARDIA;15
2023/2024;LM-13;LAZIO;MARCHE;15
2023/2024;LM-13;LAZIO;MOLISE;15
2023/2024;LM-13;CAMPANIA;MOLISE;15
2023/2024;L-8;Provincia autonoma di TRENTO;EMILIA ROMAGNA;15
2023/2024;L-8;TOSCANA;LOMBARDIA;15
2023/2024;L-7;LOMBARDIA;CAMPANIA;15
2023/2024;L-7;LOMBARDIA;SICILIA;15
2023/2024;L-7;LOMBARDIA;TOSCANA;15
2023/2024;L-7;PIEMONTE;BASILICATA;15
2023/2024;L-7;PIEMONTE;SARDEGNA;15
2023/2024;L-5;TOSCANA;SICILIA;15
2023/2024;L-42;TOSCANA;PUGLIA;15
2023/2024;L-42;TOSCANA;REGIONE ESTERA;15
2023/2024;LM-39;TOSCANA;CALABRIA;15
2023/2024;LM-39;VENETO;EMILIA ROMAGNA;15
2023/2024;LM-39;LAZIO;SICILIA;15
2023/2024;LM-38;VENETO;CALABRIA;15
2023/2024;LM-4;MARCHE;ABRUZZO;15
2023/2024;LM-38;PIEMONTE;EMILIA ROMAGNA;15
2023/2024;LM-38;LOMBARDIA;SARDEGNA;15
2023/2024;LM-38;LOMBARDIA;MARCHE;15
2023/2024;LM-38;CAMPANIA;PUGLIA;15
2023/2024;LM-38;LAZIO;CALABRIA;15
2023/2024;LM-38;LAZIO;SICILIA;15
2023/2024;LM-38;LIGURIA;PIEMONTE;15
2023/2024;LM-37;MARCHE;UMBRIA;15
2023/2024;LM-37;PIEMONTE;PUGLIA;15
2023/2024;LM-37;VENETO;PUGLIA;15
2023/2024;LM-32;PIEMONTE;MOLISE;15
2023/2024;LM-35;PIEMONTE;CAMPANIA;15
2023/2024;LM-33;Provincia autonoma di BOLZANO;Provincia autonoma di BOLZANO;15
2023/2024;LM-37;CAMPANIA;PUGLIA;15
2023/2024;LM-36;VENETO;PUGLIA;15
2023/2024;LM-41;UMBRIA;MOLISE;15
2023/2024;LM-41;UMBRIA;Provincia autonoma di TRENTO;15
2023/2024;LM-41;UMBRIA;FRIULI VENEZIA GIULIA;15
2023/2024;LM-42;LOMBARDIA;REGIONE ESTERA;15
2023/2024;LM-42;EMILIA ROMAGNA;LIGURIA;15
2023/2024;LM-41;VENETO;MOLISE;15
2023/2024;LM-42;TOSCANA;LOMBARDIA;15
2023/2024;LM-44;PIEMONTE;TOSCANA;15
2023/2024;LM-44;PIEMONTE;SARDEGNA;15
2023/2024;LM-44;PIEMONTE;LAZIO;15
2023/2024;LM-45;EMILIA ROMAGNA;TOSCANA;15
2023/2024;LM-45;LOMBARDIA;TOSCANA;15
2023/2024;LM-45;LAZIO;CAMPANIA;15
2023/2024;LM-41;Provincia autonoma di TRENTO;Provincia autonoma di BOLZANO;15
2023/2024;LM-41;CALABRIA;TOSCANA;15
2023/2024;LM-41;CALABRIA;UMBRIA;15
2023/2024;LM-41;ABRUZZO;FRIULI VENEZIA GIULIA;15
2023/2024;LM-40;TOSCANA;REGIONE ESTERA;15
2023/2024;LM-40;LOMBARDIA;CAMPANIA;15
2023/2024;LM-4;PIEMONTE;VALLE D'AOSTA;15
2023/2024;LM-46;LAZIO;EMILIA ROMAGNA;15
2023/2024;LM-46;LAZIO;ABRUZZO;15
2023/2024;LM-46;TOSCANA;LIGURIA;15
2023/2024;LM-47;EMILIA ROMAGNA;PUGLIA;15
2023/2024;LM-4cu;CAMPANIA;PUGLIA;15
2023/2024;LM-50;EMILIA ROMAGNA;PIEMONTE;15
2023/2024;LM-51;PIEMONTE;Provincia autonoma di TRENTO;15
2023/2024;LM-51;PIEMONTE;FRIULI VENEZIA GIULIA;15
2023/2024;LM-52;CAMPANIA;LAZIO;15
2023/2024;LM-51;TOSCANA;MARCHE;15
2023/2024;LM-51;TOSCANA;VENETO;15
2023/2024;LM-51;UMBRIA;LOMBARDIA;15
2023/2024;LM-51;TOSCANA;LAZIO;15
2023/2024;LM-6;LOMBARDIA;TOSCANA;15
2023/2024;LM-6;LAZIO;MARCHE;15
2023/2024;LM-6;LOMBARDIA;BASILICATA;15
2023/2024;LM-61;EMILIA ROMAGNA;PIEMONTE;15
2023/2024;LM-61;ABRUZZO;PUGLIA;15
2023/2024;LM-6;VENETO;EMILIA ROMAGNA;15
2023/2024;LM-6;TOSCANA;MARCHE;15
2023/2024;LM-6;TOSCANA;FRIULI VENEZIA GIULIA;15
2023/2024;LM-59;PIEMONTE;CALABRIA;15
2023/2024;LM-6;CAMPANIA;BASILICATA;15
2023/2024;LM-6;EMILIA ROMAGNA;UMBRIA;15
2023/2024;LM-56;VENETO;PIEMONTE;15
2023/2024;LM-53;LOMBARDIA;LAZIO;15
2023/2024;LM-54;PIEMONTE;LOMBARDIA;15
2023/2024;LM-54;PIEMONTE;TOSCANA;15
2023/2024;LM-54;BASILICATA;BASILICATA;15
2023/2024;LM-56;PIEMONTE;VENETO;15
2023/2024;LM-55;Provincia autonoma di TRENTO;LOMBARDIA;15
2023/2024;LM-56;LAZIO;UMBRIA;15
2024/2025;L-4;LAZIO;UMBRIA;15
2024/2025;L-4;LOMBARDIA;BASILICATA;15
2024/2025;L-4;EMILIA ROMAGNA;CAMPANIA;15
2024/2025;L-39;LAZIO;ABRUZZO;15
2024/2025;L-40;LAZIO;BASILICATA;15
2024/2025;L-40;LAZIO;CALABRIA;15
2024/2025;L-40;Provincia autonoma di TRENTO;EMILIA ROMAGNA;15
2024/2025;L-40;LOMBARDIA;LIGURIA;15
2024/2025;L-4;TOSCANA;LIGURIA;15
2024/2025;L-4;Provincia autonoma di BOLZANO;LOMBARDIA;15
2024/2025;L-4;MARCHE;PUGLIA;15
2024/2025;L-4;VENETO;PIEMONTE;15
2024/2025;L-4;TOSCANA;SARDEGNA;15
2024/2025;L-4;TOSCANA;UMBRIA;15
2024/2025;L-4;UMBRIA;EMILIA ROMAGNA;15
2024/2025;L-36;PIEMONTE;EMILIA ROMAGNA;15
2024/2025;L-36;Provincia autonoma di TRENTO;FRIULI VENEZIA GIULIA;15
2024/2025;L-35;TOSCANA;UMBRIA;15
2024/2025;L-37;LAZIO;PUGLIA;15
2024/2025;L-37;LAZIO;ABRUZZO;15
2024/2025;L-36;VENETO;CALABRIA;15
2024/2025;L-8;EMILIA ROMAGNA;FRIULI VENEZIA GIULIA;15
2024/2025;L-41;EMILIA ROMAGNA;PUGLIA;15
2024/2025;L-40;VENETO;EMILIA ROMAGNA;15
2024/2025;L-42;VENETO;EMILIA ROMAGNA;15
2024/2025;L-42;PUGLIA;BASILICATA;15
2024/2025;L-42;PIEMONTE;PUGLIA;15
2024/2025;L-26;VENETO;LOMBARDIA;15
2024/2025;L-25/L-26;TOSCANA;TOSCANA;15
2024/2025;L-25;TOSCANA;LAZIO;15
2024/2025;L-25;LOMBARDIA;Provincia autonoma di TRENTO;15
2024/2025;L-24;PIEMONTE;TOSCANA;15
2024/2025;L-25;CAMPANIA;CALABRIA;15
2024/2025;L-25;EMILIA ROMAGNA;SICILIA;15
2024/2025;L-28;SICILIA;CALABRIA;15
2024/2025;L-29;CAMPANIA;BASILICATA;15
2024/2025;L-27;TOSCANA;LIGURIA;15
2024/2025;L-30;EMILIA ROMAGNA;BASILICATA;15
2024/2025;L-30;EMILIA ROMAGNA;CALABRIA;15
2024/2025;L-30;CAMPANIA;BASILICATA;15
2024/2025;L-30;LIGURIA;PIEMONTE;15
2024/2025;L-30;LOMBARDIA;TOSCANA;15
2024/2025;L-31;LOMBARDIA;Provincia autonoma di TRENTO;15
2024/2025;L-31;TOSCANA;MOLISE;15
2024/2025;L-31;MARCHE;LAZIO;15
2024/2025;L-31;TOSCANA;EMILIA ROMAGNA;15
2024/2025;L-33;LOMBARDIA;BASILICATA;15
2024/2025;L-33;VENETO;EMILIA ROMAGNA;15
2024/2025;L-35;TOSCANA;ABRUZZO;15
2024/2025;L-35;PIEMONTE;SICILIA;15
2024/2025;L-35;PIEMONTE;PUGLIA;15
2024/2025;L-35;MARCHE;ABRUZZO;15
2024/2025;L-9;LOMBARDIA;CAMPANIA;15
2024/2025;L-9;LIGURIA;PUGLIA;15
2024/2025;L-9;LOMBARDIA;Provincia autonoma di TRENTO;15
2024/2025;LM/DS;TOSCANA;TOSCANA;15
2024/2025;LM/DS;PIEMONTE;VENETO;15
2024/2025;L-9;VENETO;TOSCANA;15
2024/2025;L-9;VENETO;CALABRIA;15
2024/2025;LM-12;VENETO;TOSCANA;15
2024/2025;LM-13;CAMPANIA;MOLISE;15
2024/2025;LM-13;EMILIA ROMAGNA;LIGURIA;15
2024/2025;LM-14;TOSCANA;MARCHE;15
2024/2025;LM-14;PIEMONTE;VALLE D'AOSTA;15
2024/2025;LM-16;LAZIO;ABRUZZO;15
2024/2025;LM-14;LAZIO;BASILICATA;15
2024/2025;LM-14;ABRUZZO;MOLISE;15
2024/2025;LM-13;TOSCANA;SARDEGNA;15
2024/2025;LM-13;LAZIO;TOSCANA;15
2024/2025;LM-17;CALABRIA;REGIONE ESTERA;15
2024/2025;LM-17;EMILIA ROMAGNA;LAZIO;15
2024/2025;LM-16;VENETO;EMILIA ROMAGNA;15
2024/2025;LM-16;VENETO;LOMBARDIA;15
2024/2025;LM-17;LOMBARDIA;PUGLIA;15
2024/2025;LM-17;EMILIA ROMAGNA;PUGLIA;15
2024/2025;LM-2;TOSCANA;CAMPANIA;15
2024/2025;LM-2;BASILICATA;BASILICATA;15
2024/2025;LM-19;LIGURIA;PIEMONTE;15
2024/2025;LM-33;LOMBARDIA;VENETO;15
2024/2025;LM-33;EMILIA ROMAGNA;MOLISE;15
2024/2025;LM-31;Provincia autonoma di TRENTO;REGIONE ESTERA;15
2024/2025;LM-37;LAZIO;MARCHE;15
2024/2025;LM-38;LAZIO;CALABRIA;15
2024/2025;LM-38;LAZIO;SICILIA;15
2024/2025;LM-38;PIEMONTE;UMBRIA;15
2024/2025;LM-27;PIEMONTE;SICILIA;15
2024/2025;LM-26;UMBRIA;UMBRIA;15
2024/2025;LM-25;EMILIA ROMAGNA;MARCHE;15
2024/2025;LM-29;PIEMONTE;LIGURIA;15
2024/2025;LM-29;EMILIA ROMAGNA;MARCHE;15
2024/2025;LM-30;PIEMONTE;SARDEGNA;15
2024/2025;LM-30;PIEMONTE;BASILICATA;15
2024/2025;LM-23;PIEMONTE;SARDEGNA;15
2024/2025;LM-23;MOLISE;MOLISE;15
2024/2025;LM-23;EMILIA ROMAGNA;MARCHE;15
2024/2025;LM-22;FRIULI VENEZIA GIULIA;FRIULI VENEZIA GIULIA;15
2024/2025;LM-22;LOMBARDIA;LAZIO;15
2024/2025;LM-20;PIEMONTE;FRIULI VENEZIA GIULIA;15
2024/2025;LM-21;LAZIO;ABRUZZO;15
2024/2025;L-12;EMILIA ROMAGNA;UMBRIA;15
2024/2025;L-13;EMILIA ROMAGNA;LAZIO;15
2024/2025;L-13;TOSCANA;UMBRIA;15
2024/2025;L-13;EMILIA ROMAGNA;Provincia autonoma di BOLZANO;15
2024/2025;L-13;LOMBARDIA;VENETO;15
2024/2025;L-13;MOLISE;PUGLIA;15
2024/2025;L-10;VENETO;PIEMONTE;15
2024/2025;L-11;ABRUZZO;BASILICATA;15
2024/2025;L-10;UMBRIA;LAZIO;15
2024/2025;L-11;TOSCANA;ABRUZZO;15
2024/2025;L-11;LOMBARDIA;SARDEGNA;15
2024/2025;L/SNT1;ABRUZZO;BASILICATA;15
2024/2025;L/SNT1;FRIULI VENEZIA GIULIA;REGIONE ESTERA;15
2024/2025;L/SNT2;LIGURIA;TOSCANA;15
2024/2025;L/SNT2;EMILIA ROMAGNA;FRIULI VENEZIA GIULIA;15
2024/2025;L-1;PIEMONTE;PUGLIA;15
2024/2025;L-10;LAZIO;EMILIA ROMAGNA;15
2024/2025;L-10;LAZIO;SARDEGNA;15
2024/2025;L-10;ABRUZZO;MARCHE;15
2024/2025;L-10;CAMPANIA;PUGLIA;15
2024/2025;L/SNT4;Provincia autonoma di BOLZANO;Provincia autonoma di BOLZANO;15
2024/2025;L/SNT4;LAZIO;SICILIA;15
2024/2025;L/SNT3;VENETO;EMILIA ROMAGNA;15
2024/2025;L/SNT3;TOSCANA;LIGURIA;15
2024/2025;L-14;LAZIO;TOSCANA;15
2024/2025;L-14;LAZIO;LOMBARDIA;15
2024/2025;L-14;MARCHE;LAZIO;15
2024/2025;L-14;SICILIA;REGIONE ESTERA;15
2024/2025;L-15;LOMBARDIA;Provincia autonoma di TRENTO;15
2024/2025;L-16;SICILIA;CALABRIA;15
2024/2025;L-17;EMILIA ROMAGNA;MARCHE;15
2024/2025;L-17;PIEMONTE;LAZIO;15
2024/2025;L-17;PIEMONTE;CAMPANIA;15
2024/2025;L-17;MARCHE;REGIONE ESTERA;15
2024/2025;L-17;PIEMONTE;ABRUZZO;15
2024/2025;L-17;PIEMONTE;BASILICATA;15
2024/2025;L-18;SARDEGNA;REGIONE ESTERA;15
2024/2025;L-18;TOSCANA;MOLISE;15
2024/2025;L-18;PIEMONTE;LAZIO;15
2024/2025;L-18;PIEMONTE;MARCHE;15
2024/2025;L-17/L-23;TOSCANA;TOSCANA;15
2024/2025;L-18;ABRUZZO;MARCHE;15
2024/2025;L-17;VENETO;SICILIA;15
2024/2025;L-20;PIEMONTE;LAZIO;15
2024/2025;L-2;LIGURIA;PIEMONTE;15
2024/2025;L-2;LOMBARDIA;VENETO;15
2024/2025;L-19;PIEMONTE;LOMBARDIA;15
2024/2025;L-19;UMBRIA;BASILICATA;15
2024/2025;L-24;EMILIA ROMAGNA;Provincia autonoma di TRENTO;15
2024/2025;L-23;PUGLIA;BASILICATA;15
2024/2025;L-24;FRIULI VENEZIA GIULIA;EMILIA ROMAGNA;15
2024/2025;L-20;TOSCANA;UMBRIA;15
2024/2025;L-20;TOSCANA;VENETO;15
2024/2025;L-20;TOSCANA;BASILICATA;15
2024/2025;L-21;SARDEGNA;REGIONE ESTERA;15
2024/2025;L-22;EMILIA ROMAGNA;REGIONE ESTERA;15
2024/2025;L-22;CAMPANIA;LAZIO;15
2024/2025;L-22;LOMBARDIA;SICILIA;15
2024/2025;L-22;LOMBARDIA;PUGLIA;15
2024/2025;L-22;LAZIO;MOLISE;15
2023/2024;LM-81;TOSCANA;LOMBARDIA;15
2023/2024;LM-82;EMILIA ROMAGNA;SICILIA;15
2023/2024;LM-82;LOMBARDIA;TOSCANA;15
2023/2024;LM-84;EMILIA ROMAGNA;CALABRIA;15
2023/2024;LM-84;EMILIA ROMAGNA;FRIULI VENEZIA GIULIA;15
2023/2024;LM-84;PIEMONTE;EMILIA ROMAGNA;15
2023/2024;LM-84;Provincia autonoma di TRENTO;Provincia autonoma di TRENTO;15
2023/2024;LM-78;TOSCANA;CAMPANIA;15
2023/2024;LM-78;TOSCANA;PUGLIA;15
2023/2024;LM-78;PIEMONTE;SICILIA;15
2023/2024;LM-8;EMILIA ROMAGNA;TOSCANA;15
2023/2024;LM-8;EMILIA ROMAGNA;CAMPANIA;15
2023/2024;LM-79;VENETO;VENETO;15
2023/2024;LM-80;LOMBARDIA;LOMBARDIA;15
2023/2024;LM-76;VENETO;SICILIA;15
2023/2024;LM-76;LOMBARDIA;LAZIO;15
2023/2024;LM-76;LOMBARDIA;CALABRIA;15
2023/2024;LM-75;EMILIA ROMAGNA;LOMBARDIA;15
2023/2024;LM-74;EMILIA ROMAGNA;VENETO;15
2023/2024;LM-77;Provincia autonoma di TRENTO;SICILIA;15
2023/2024;LM-65;PIEMONTE;REGIONE ESTERA;15
2023/2024;LM-65;LOMBARDIA;CAMPANIA;15
2023/2024;LM-66;LOMBARDIA;PIEMONTE;15
2023/2024;LM-66;LAZIO;PUGLIA;15
2023/2024;LM-65;LAZIO;MARCHE;15
2023/2024;LM-65;EMILIA ROMAGNA;SARDEGNA;15
2023/2024;LM-65;EMILIA ROMAGNA;ABRUZZO;15
2023/2024;LM-63;LOMBARDIA;CAMPANIA;15
2023/2024;LM-61;MOLISE;MOLISE;15
2023/2024;LM-61;EMILIA ROMAGNA;SICILIA;15
2023/2024;LM-7;LAZIO;REGIONE ESTERA;15
2023/2024;LM-69;MARCHE;ABRUZZO;15
2023/2024;LM-67;VENETO;LOMBARDIA;15
2023/2024;LM-68;EMILIA ROMAGNA;VENETO;15
2023/2024;LM-67;LAZIO;PUGLIA;15
2023/2024;LM-85 bis;LAZIO;PIEMONTE;15
2023/2024;LM-85;LIGURIA;PIEMONTE;15
2023/2024;LM-86;FRIULI VENEZIA GIULIA;VENETO;15
2023/2024;LM-85 bis;UMBRIA;CALABRIA;15
2023/2024;LM-87;VENETO;PUGLIA;15
2023/2024;LM-88;ABRUZZO;CAMPANIA;15
2023/2024;LM-87;PIEMONTE;SICILIA;15
2023/2024;LM-9;MARCHE;EMILIA ROMAGNA;15
2023/2024;LM-9;LOMBARDIA;MARCHE;15
2023/2024;LM-9;UMBRIA;LAZIO;15
2023/2024;LM-9;VENETO;FRIULI VENEZIA GIULIA;15
2023/2024;LM-9;VENETO;MARCHE;15
2023/2024;LM-9;VENETO;Provincia autonoma di TRENTO;15
2023/2024;LM-91;LOMBARDIA;PIEMONTE;15
2023/2024;LM-9;ABRUZZO;REGIONE ESTERA;15
2023/2024;LM-89;LOMBARDIA;TOSCANA;15
2023/2024;LM-89;Provincia autonoma di TRENTO;LOMBARDIA;15
2023/2024;LM-89;EMILIA ROMAGNA;ABRUZZO;15
2024/2025;L/DS;TOSCANA;CAMPANIA;15
2024/2025;L/GASTR;EMILIA ROMAGNA;LIGURIA;15
2024/2025;L/GASTR;EMILIA ROMAGNA;SICILIA;15
2024/2025;L/GASTR;EMILIA ROMAGNA;PIEMONTE;15
2023/2024;L-Sc.Mat.;EMILIA ROMAGNA;LOMBARDIA;15
2023/2024;LMG/01;TOSCANA;FRIULI VENEZIA GIULIA;15
2023/2024;LMG/01;PIEMONTE;CAMPANIA;15
2023/2024;LMG/01;Provincia autonoma di TRENTO;BASILICATA;15
2023/2024;LMG/01;VENETO;REGIONE ESTERA;15
2023/2024;LMG/01;VENETO;EMILIA ROMAGNA;15
2023/2024;LMG/01;PIEMONTE;ABRUZZO;15
2023/2024;LM-Data;LOMBARDIA;CAMPANIA;15
2023/2024;LM-94;VENETO;SICILIA;15
2023/2024;LM-Data;LOMBARDIA;PIEMONTE;15
2023/2024;LM-92;VENETO;FRIULI VENEZIA GIULIA;15
2023/2024;LM-94;LOMBARDIA;PUGLIA;15
2023/2024;LM-92;LOMBARDIA;SICILIA;15
2023/2024;LM-92;PIEMONTE;LOMBARDIA;15
2023/2024;LM-92;EMILIA ROMAGNA;TOSCANA;15
2023/2024;LM-92;EMILIA ROMAGNA;LOMBARDIA;15
2023/2024;LM-91;Provincia autonoma di TRENTO;REGIONE ESTERA;15
2023/2024;LM-91;VENETO;FRIULI VENEZIA GIULIA;15
2023/2024;LM-91;VENETO;LOMBARDIA;15
2024/2025;LM-52;LOMBARDIA;SARDEGNA;15
2024/2025;LM-52;TOSCANA;VENETO;15
2024/2025;LM-54;EMILIA ROMAGNA;ABRUZZO;15
2024/2025;LM-53;PIEMONTE;PIEMONTE;15
2024/2025;LM-53;PIEMONTE;REGIONE ESTERA;15
2024/2025;LM-52;VENETO;MARCHE;15
2024/2025;LM-51;PIEMONTE;UMBRIA;15
2024/2025;LM-51;TOSCANA;SARDEGNA;15
2024/2025;LM-51;TOSCANA;MARCHE;15
2024/2025;LM-59;TOSCANA;LIGURIA;15
2024/2025;LM-59;FRIULI VENEZIA GIULIA;VENETO;15
2024/2025;LM-59;EMILIA ROMAGNA;CALABRIA;15
2024/2025;LM-56;PIEMONTE;CALABRIA;15
2024/2025;LM-56;LAZIO;UMBRIA;15
2024/2025;LM-56;EMILIA ROMAGNA;PIEMONTE;15
2024/2025;LM-54;LOMBARDIA;PUGLIA;15
2024/2025;LM-69;MOLISE;MOLISE;15
2024/2025;LM-68;LAZIO;CALABRIA;15
2024/2025;LM-67;VENETO;LOMBARDIA;15
2024/2025;LM-65;LAZIO;VENETO;15
2024/2025;LM-65;VENETO;LAZIO;15
2024/2025;LM-67;ABRUZZO;BASILICATA;15
2024/2025;LM-65;EMILIA ROMAGNA;PIEMONTE;15
2024/2025;LM-65;EMILIA ROMAGNA;ABRUZZO;15
2024/2025;LM-6;MARCHE;SICILIA;15
2024/2025;LM-6;LOMBARDIA;CAMPANIA;15
2024/2025;LM-6;LOMBARDIA;LAZIO;15
2024/2025;LM-6;LAZIO;MARCHE;15
2024/2025;LM-6;VENETO;PUGLIA;15
2024/2025;LM-60;PIEMONTE;LIGURIA;15
2024/2025;LM-6;TOSCANA;MARCHE;15
2024/2025;LM-6;SICILIA;REGIONE ESTERA;15
2024/2025;LM-6;PUGLIA;BASILICATA;15
2024/2025;LM-6;SARDEGNA;REGIONE ESTERA;15
2024/2025;LM-62;LAZIO;ABRUZZO;15
2024/2025;LM-62;LAZIO;EMILIA ROMAGNA;15
2024/2025;LM-61;TOSCANA;FRIULI VENEZIA GIULIA;15
2024/2025;LM-41;MARCHE;FRIULI VENEZIA GIULIA;15
2024/2025;LM-41;MARCHE;CAMPANIA;15
2024/2025;LM-41;PUGLIA;MARCHE;15
2024/2025;LM-41;SARDEGNA;PUGLIA;15
2024/2025;LM-42;ABRUZZO;VENETO;15
2024/2025;LM-42;LOMBARDIA;PIEMONTE;15
2024/2025;LM-42;EMILIA ROMAGNA;SICILIA;15
2024/2025;LM-41;UMBRIA;FRIULI VENEZIA GIULIA;15
2024/2025;LM-4;LIGURIA;PIEMONTE;15
2024/2025;LM-4;LOMBARDIA;SARDEGNA;15
2024/2025;LM-4;PIEMONTE;TOSCANA;15
2024/2025;LM-38;VENETO;SARDEGNA;15
2024/2025;LM-39;EMILIA ROMAGNA;CALABRIA;15
2024/2025;LM-41;ABRUZZO;FRIULI VENEZIA GIULIA;15
2024/2025;LM-40;VENETO;LOMBARDIA;15
2024/2025;LM-4;VENETO;Provincia autonoma di TRENTO;15
2024/2025;LM-42;SARDEGNA;PIEMONTE;15
2024/2025;LM-42;PUGLIA;SICILIA;15
2024/2025;LM-42;MARCHE;UMBRIA;15
2024/2025;LM-46;MARCHE;EMILIA ROMAGNA;15
2024/2025;LM-46;CAMPANIA;PUGLIA;15
2024/2025;LM-46;LAZIO;MARCHE;15
2024/2025;LM-4cu;EMILIA ROMAGNA;LAZIO;15
2024/2025;LM-51;LOMBARDIA;BASILICATA;15
2024/2025;LM-51;LAZIO;MOLISE;15
2024/2025;LM-50;TOSCANA;EMILIA ROMAGNA;15
2024/2025;LM-5;PUGLIA;PUGLIA;15
2024/2025;LM-78;EMILIA ROMAGNA;CALABRIA;15
2024/2025;LM-78;Provincia autonoma di TRENTO;Provincia autonoma di BOLZANO;15
2024/2025;LM-8;EMILIA ROMAGNA;CAMPANIA;15
2024/2025;LM-79;VENETO;VENETO;15
2024/2025;LM-79;EMILIA ROMAGNA;REGIONE ESTERA;15
2024/2025;LM-8;LOMBARDIA;LAZIO;15
2024/2025;LM-8;LOMBARDIA;CALABRIA;15
2024/2025;LM-81;EMILIA ROMAGNA;CAMPANIA;15
2024/2025;LM-81;EMILIA ROMAGNA;TOSCANA;15
2024/2025;LM-8;UMBRIA;UMBRIA;15
2024/2025;LM-80;LOMBARDIA;LOMBARDIA;15
2024/2025;LM-76;LOMBARDIA;CAMPANIA;15
2024/2025;LM-76;VENETO;LAZIO;15
2024/2025;LM-75;EMILIA ROMAGNA;LOMBARDIA;15
2024/2025;LM-76;EMILIA ROMAGNA;EMILIA ROMAGNA;15
2024/2025;LM-77;LOMBARDIA;VALLE D'AOSTA;15
2024/2025;LM-70;LOMBARDIA;PIEMONTE;15
2024/2025;LM-70;SARDEGNA;SARDEGNA;15
2024/2025;LM-84;EMILIA ROMAGNA;CALABRIA;15
2024/2025;LM-84;EMILIA ROMAGNA;CAMPANIA;15
2024/2025;LM-82;EMILIA ROMAGNA;LOMBARDIA;15
2024/2025;LM-82;EMILIA ROMAGNA;SICILIA;15
2024/2025;LM-82;EMILIA ROMAGNA;CAMPANIA;15
2024/2025;LM-82;LOMBARDIA;SICILIA;15
2024/2025;LM-84;PIEMONTE;SICILIA;15
2024/2025;LM-84;PIEMONTE;VALLE D'AOSTA;15
2024/2025;LM-84;SICILIA;CALABRIA;15
2024/2025;LM-84;LAZIO;CALABRIA;15
2024/2025;LM-85 bis;CAMPANIA;CALABRIA;15
2024/2025;LM-85 bis;LIGURIA;LOMBARDIA;15
2024/2025;LM-85 bis;MARCHE;LOMBARDIA;15
2024/2025;LM-89;VENETO;PIEMONTE;15
2024/2025;LM-86;FRIULI VENEZIA GIULIA;VENETO;15
2024/2025;LM-85 bis;UMBRIA;BASILICATA;15
2024/2025;LM-85 bis;PIEMONTE;VALLE D'AOSTA;15
2024/2025;LM-85 bis;TOSCANA;CALABRIA;15
2024/2025;LM-85 bis;TOSCANA;EMILIA ROMAGNA;15
2024/2025;LM-88;ABRUZZO;PUGLIA;15
2024/2025;LM-92;LOMBARDIA;CAMPANIA;15
2024/2025;LM-92;LOMBARDIA;EMILIA ROMAGNA;15
2024/2025;LM-94;PIEMONTE;EMILIA ROMAGNA;15
2024/2025;LM-9;MARCHE;PUGLIA;15
2024/2025;LM-9;VENETO;TOSCANA;15
2024/2025;LM-90;SICILIA;SICILIA;15
2024/2025;LM-9;TOSCANA;LAZIO;15
2024/2025;LM-9;TOSCANA;LOMBARDIA;15
2024/2025;LM-9;UMBRIA;LAZIO;15
2024/2025;LMG/01;UMBRIA;ABRUZZO;15
2024/2025;LMG/01;PIEMONTE;TOSCANA;15
2024/2025;LMG/01;Provincia autonoma di TRENTO;BASILICATA;15
2024/2025;LM-Data;LOMBARDIA;VENETO;15
2024/2025;LM-Data;FRIULI VENEZIA GIULIA;REGIONE ESTERA;14
2024/2025;LMG/01;TOSCANA;MOLISE;14
2024/2025;LMG/01;TOSCANA;FRIULI VENEZIA GIULIA;14
2024/2025;LMG/01;VENETO;LAZIO;14
2024/2025;LMG/01;VENETO;CALABRIA;14
2024/2025;LM-9;VENETO;MARCHE;14
2024/2025;LM-9;Provincia autonoma di TRENTO;LOMBARDIA;14
2024/2025;LM-9;PIEMONTE;CAMPANIA;14
2024/2025;LM-94;LAZIO;CALABRIA;14
2024/2025;LM-94;EMILIA ROMAGNA;REGIONE ESTERA;14
2024/2025;LM-92;VENETO;EMILIA ROMAGNA;14
2024/2025;LM-92;PIEMONTE;LOMBARDIA;14
2024/2025;LM-91;LOMBARDIA;CAMPANIA;14
2024/2025;L-Sc.Mat.;TOSCANA;TOSCANA;14
2024/2025;LM-88;CAMPANIA;BASILICATA;14
2024/2025;LM-87;VENETO;Provincia autonoma di TRENTO;14
2024/2025;LM-87;FRIULI VENEZIA GIULIA;VENETO;14
2024/2025;LM-85 bis;TOSCANA;LAZIO;14
2024/2025;LM-89;TOSCANA;UMBRIA;14
2024/2025;LM-89;TOSCANA;CAMPANIA;14
2024/2025;LM-89;LOMBARDIA;SICILIA;14
2024/2025;LM-89;LOMBARDIA;PUGLIA;14
2024/2025;LM-88;PIEMONTE;LOMBARDIA;14
2024/2025;LM-88;EMILIA ROMAGNA;SARDEGNA;14
2024/2025;LM-88;EMILIA ROMAGNA;SICILIA;14
2024/2025;LM-89;EMILIA ROMAGNA;SARDEGNA;14
2024/2025;LM-85 bis;MARCHE;CAMPANIA;14
2024/2025;LM-85 bis;LAZIO;PIEMONTE;14
2024/2025;LM-84;FRIULI VENEZIA GIULIA;VENETO;14
2024/2025;LM-84;LOMBARDIA;EMILIA ROMAGNA;14
2024/2025;LM-85;EMILIA ROMAGNA;SICILIA;14
2024/2025;LM-84;TOSCANA;LOMBARDIA;14
2024/2025;LM-84;TOSCANA;SICILIA;14
2024/2025;LM-82;EMILIA ROMAGNA;LAZIO;14
2024/2025;LM-84;EMILIA ROMAGNA;PIEMONTE;14
2024/2025;LM-70;Provincia autonoma di BOLZANO;REGIONE ESTERA;14
2024/2025;LM-73;VENETO;FRIULI VENEZIA GIULIA;14
2024/2025;LM-71;EMILIA ROMAGNA;LOMBARDIA;14
2024/2025;LM-72;SICILIA;CALABRIA;14
2024/2025;LM-73;BASILICATA;BASILICATA;14
2024/2025;LM-77;LOMBARDIA;Provincia autonoma di BOLZANO;14
2024/2025;LM-75;LOMBARDIA;PIEMONTE;14
2024/2025;LM-76;UMBRIA;UMBRIA;14
2024/2025;LM-76;LOMBARDIA;SICILIA;14
2024/2025;LM-78;TOSCANA;LOMBARDIA;14
2024/2025;LM-78;TOSCANA;PUGLIA;14
2024/2025;LM-78;LIGURIA;PIEMONTE;14
2024/2025;LM-77;TOSCANA;UMBRIA;14
2024/2025;LM-5;PIEMONTE;LOMBARDIA;14
2024/2025;LM-4cu;VENETO;LOMBARDIA;14
2024/2025;LM-4cu;VENETO;REGIONE ESTERA;14
2024/2025;LM-50;PUGLIA;BASILICATA;14
2024/2025;LM-51;ABRUZZO;EMILIA ROMAGNA;14
2024/2025;LM-51;CAMPANIA;BASILICATA;14
2024/2025;LM-51;EMILIA ROMAGNA;ABRUZZO;14
2024/2025;LM-51;LOMBARDIA;FRIULI VENEZIA GIULIA;14
2024/2025;LM-4cu;MARCHE;PUGLIA;14
2024/2025;LM-4cu;LOMBARDIA;TOSCANA;14
2024/2025;LM-4cu;LOMBARDIA;PUGLIA;14
2024/2025;LM-46;LAZIO;BASILICATA;14
2024/2025;LM-46;EMILIA ROMAGNA;PIEMONTE;14
2024/2025;LM-46;TOSCANA;LOMBARDIA;14
2024/2025;LM-47;LAZIO;CALABRIA;14
2024/2025;LM-47;EMILIA ROMAGNA;PUGLIA;14
2024/2025;LM-47;LAZIO;PUGLIA;14
2024/2025;LM-42;PIEMONTE;VENETO;14
2024/2025;LM-43;EMILIA ROMAGNA;LOMBARDIA;14
2024/2025;LM-42;TOSCANA;EMILIA ROMAGNA;14
2024/2025;LM-42;UMBRIA;ABRUZZO;14
2024/2025;LM-42;UMBRIA;CAMPANIA;14
2024/2025;LM-44;LOMBARDIA;CAMPANIA;14
2024/2025;LM-44;PIEMONTE;ABRUZZO;14
2024/2025;LM-45;EMILIA ROMAGNA;TOSCANA;14
2024/2025;LM-45;LAZIO;CAMPANIA;14
2024/2025;LM-43;TOSCANA;SARDEGNA;14
2024/2025;LM-40;EMILIA ROMAGNA;TOSCANA;14
2024/2025;LM-40;LIGURIA;PIEMONTE;14
2024/2025;LM-38;VENETO;CALABRIA;14
2024/2025;LM-39;LAZIO;PUGLIA;14
2024/2025;LM-39;PIEMONTE;PUGLIA;14
2024/2025;LM-4;LOMBARDIA;CALABRIA;14
2024/2025;LM-39;VENETO;PUGLIA;14
2024/2025;LM-41;VENETO;MOLISE;14
2024/2025;LM-61;MARCHE;ABRUZZO;14
2024/2025;LM-62;LAZIO;MARCHE;14
2024/2025;LM-63;EMILIA ROMAGNA;VENETO;14
2024/2025;LM-6;PIEMONTE;PUGLIA;14
2024/2025;LM-60;PIEMONTE;LAZIO;14
2024/2025;LM-60;PUGLIA;PUGLIA;14
2024/2025;LM-60;EMILIA ROMAGNA;TOSCANA;14
2024/2025;LM-6;LAZIO;MOLISE;14
2024/2025;LM-6;EMILIA ROMAGNA;Provincia autonoma di TRENTO;14
2024/2025;LM-6;FRIULI VENEZIA GIULIA;TOSCANA;14
2024/2025;LM-6;MARCHE;UMBRIA;14
2024/2025;LM-65;CALABRIA;CALABRIA;14
2024/2025;LM-65;EMILIA ROMAGNA;MARCHE;14
2024/2025;LM-63;LOMBARDIA;CALABRIA;14
2024/2025;LM-63;LAZIO;PUGLIA;14
2024/2025;LM-66;LOMBARDIA;EMILIA ROMAGNA;14
2024/2025;LM-65;VENETO;FRIULI VENEZIA GIULIA;14
2024/2025;LM-65;VENETO;CAMPANIA;14
2024/2025;LM-66;CAMPANIA;CAMPANIA;14
2024/2025;LM-65;LOMBARDIA;REGIONE ESTERA;14
2024/2025;LM-68;UMBRIA;MARCHE;14
2024/2025;LM-67;LAZIO;PUGLIA;14
2024/2025;LM-67;MOLISE;PUGLIA;14
2024/2025;LM-67;VENETO;FRIULI VENEZIA GIULIA;14
2024/2025;LM-56;ABRUZZO;PUGLIA;14
2024/2025;LM-56;EMILIA ROMAGNA;FRIULI VENEZIA GIULIA;14
2024/2025;LM-56;EMILIA ROMAGNA;CALABRIA;14
2024/2025;LM-55;LOMBARDIA;EMILIA ROMAGNA;14
2024/2025;LM-56;LAZIO;EMILIA ROMAGNA;14
2024/2025;LM-56;LAZIO;SARDEGNA;14
2024/2025;LM-56;PIEMONTE;ABRUZZO;14
2024/2025;LM-56;LOMBARDIA;SARDEGNA;14
2024/2025;LM-59;LAZIO;BASILICATA;14
2024/2025;LM-57;LOMBARDIA;EMILIA ROMAGNA;14
2024/2025;LM-51;TOSCANA;VENETO;14
2024/2025;LM-51;UMBRIA;SARDEGNA;14
2024/2025;LM-51;PIEMONTE;Provincia autonoma di TRENTO;14
2024/2025;LM-52;CAMPANIA;LAZIO;14
2024/2025;LM-52;LOMBARDIA;CAMPANIA;14
2024/2025;LM-52;VENETO;Provincia autonoma di TRENTO;14
2024/2025;LM-52;VENETO;SARDEGNA;14
2024/2025;LM-53;PIEMONTE;SICILIA;14
2024/2025;LM-53;LOMBARDIA;PIEMONTE;14
2024/2025;LM-52;PUGLIA;BASILICATA;14
2024/2025;LM-52;PIEMONTE;CALABRIA;14
2023/2024;LM-91;Provincia autonoma di TRENTO;Provincia autonoma di TRENTO;14
2023/2024;LM-94;FRIULI VENEZIA GIULIA;SICILIA;14
2023/2024;LM-92;TOSCANA;PUGLIA;14
2023/2024;LMG/01;VENETO;LAZIO;14
2023/2024;LM-Sc.Mat.;VENETO;REGIONE ESTERA;14
2023/2024;LMR/02;PIEMONTE;LOMBARDIA;14
2023/2024;L-P03;UMBRIA;UMBRIA;14
2023/2024;LMG/01;UMBRIA;PUGLIA;14
2024/2025;99999;CAMPANIA;LOMBARDIA;14
2024/2025;99999;EMILIA ROMAGNA;TOSCANA;14
2024/2025;L/DS;EMILIA ROMAGNA;PIEMONTE;14
2024/2025;99999;TOSCANA;LAZIO;14
2024/2025;99999;PUGLIA;LAZIO;14
2023/2024;LM-88;VENETO;EMILIA ROMAGNA;14
2023/2024;LM-88;EMILIA ROMAGNA;SARDEGNA;14
2023/2024;LM-88;EMILIA ROMAGNA;SICILIA;14
2023/2024;LM-88;LOMBARDIA;CAMPANIA;14
2023/2024;LM-88;LAZIO;CAMPANIA;14
2023/2024;LM-89;LIGURIA;PIEMONTE;14
2023/2024;LM-89;VENETO;TOSCANA;14
2023/2024;LM-89;VENETO;PIEMONTE;14
2023/2024;LM-89;TOSCANA;PUGLIA;14
2023/2024;LM-89;TOSCANA;CAMPANIA;14
2023/2024;LM-9;TOSCANA;MARCHE;14
2023/2024;LM-9;PIEMONTE;CAMPANIA;14
2023/2024;LM-9;EMILIA ROMAGNA;LAZIO;14
2023/2024;LM-9;LOMBARDIA;ABRUZZO;14
2023/2024;LM-9;FRIULI VENEZIA GIULIA;PUGLIA;14
2023/2024;LM-85 bis;TOSCANA;CALABRIA;14
2023/2024;LM-87;CALABRIA;LAZIO;14
2023/2024;LM-85 bis;LOMBARDIA;CAMPANIA;14
2023/2024;LM-67;LOMBARDIA;SARDEGNA;14
2023/2024;LM-67;EMILIA ROMAGNA;FRIULI VENEZIA GIULIA;14
2023/2024;LM-67;EMILIA ROMAGNA;TOSCANA;14
2023/2024;LM-67;TOSCANA;PUGLIA;14
2023/2024;LM-69;VENETO;Provincia autonoma di TRENTO;14
2023/2024;LM-69;TOSCANA;REGIONE ESTERA;14
2023/2024;LM-70;Provincia autonoma di BOLZANO;REGIONE ESTERA;14
2023/2024;LM-74;BASILICATA;BASILICATA;14
2023/2024;LM-71;EMILIA ROMAGNA;MARCHE;14
2023/2024;LM-62;LAZIO;VENETO;14
2023/2024;LM-62;LOMBARDIA;PUGLIA;14
2023/2024;LM-62;LOMBARDIA;SICILIA;14
2023/2024;LM-63;LAZIO;SICILIA;14
2023/2024;LM-64;PIEMONTE;LOMBARDIA;14
2023/2024;LM-63;LOMBARDIA;LIGURIA;14
2023/2024;LM-65;LAZIO;VENETO;14
2023/2024;LM-65;PIEMONTE;SICILIA;14
2023/2024;LM-77;Provincia autonoma di TRENTO;LAZIO;14
2023/2024;LM-77;MARCHE;UMBRIA;14
2023/2024;LM-74;LOMBARDIA;PIEMONTE;14
2023/2024;LM-75;EMILIA ROMAGNA;REGIONE ESTERA;14
2023/2024;LM-76;VENETO;MARCHE;14
2023/2024;LM-8;EMILIA ROMAGNA;ABRUZZO;14
2023/2024;LM-8;EMILIA ROMAGNA;MARCHE;14
2023/2024;LM-8;LOMBARDIA;LIGURIA;14
2023/2024;LM-8;VENETO;EMILIA ROMAGNA;14
2023/2024;LM-78;Provincia autonoma di TRENTO;Provincia autonoma di BOLZANO;14
2023/2024;LM-78;LIGURIA;PIEMONTE;14
2023/2024;LM-78;LOMBARDIA;ABRUZZO;14
2023/2024;LM-78;SICILIA;CALABRIA;14
2023/2024;LM-84;LAZIO;UMBRIA;14
2023/2024;LM-84;SICILIA;CALABRIA;14
2023/2024;LM-84;TOSCANA;CAMPANIA;14
2023/2024;LM-84;PIEMONTE;LOMBARDIA;14
2023/2024;LM-84;LAZIO;CALABRIA;14
2023/2024;LM-82;LOMBARDIA;MARCHE;14
2023/2024;LM-82;VENETO;LAZIO;14
2024/2025;L-22;LAZIO;MARCHE;14
2024/2025;L-22;LOMBARDIA;LIGURIA;14
2024/2025;L-20;Provincia autonoma di TRENTO;LOMBARDIA;14
2024/2025;L-24;LAZIO;FRIULI VENEZIA GIULIA;14
2024/2025;L-23;LAZIO;PUGLIA;14
2024/2025;L-23;PIEMONTE;SICILIA;14
2024/2025;L-19;PUGLIA;CAMPANIA;14
2024/2025;L-19;LAZIO;REGIONE ESTERA;14
2024/2025;L-2;LOMBARDIA;TOSCANA;14
2024/2025;L-2;LAZIO;SICILIA;14
2024/2025;L-2;ABRUZZO;MOLISE;14
2024/2025;L-20;LAZIO;PIEMONTE;14
2024/2025;L-2;PIEMONTE;PUGLIA;14
2024/2025;L-2;PIEMONTE;VALLE D'AOSTA;14
2024/2025;L-2;TOSCANA;LIGURIA;14
2024/2025;L-20;EMILIA ROMAGNA;Provincia autonoma di BOLZANO;14
2024/2025;L-17;VENETO;MARCHE;14
2024/2025;L-18;CAMPANIA;MOLISE;14
2024/2025;L-18;LIGURIA;TOSCANA;14
2024/2025;L-18;PIEMONTE;CAMPANIA;14
2024/2025;L-18;Provincia autonoma di BOLZANO;EMILIA ROMAGNA;14
2024/2025;L-18;PUGLIA;CALABRIA;14
2024/2025;L-18;VENETO;LAZIO;14
2024/2025;L-18;VALLE D'AOSTA;PIEMONTE;14
2024/2025;L-17;EMILIA ROMAGNA;EMILIA ROMAGNA;14
2024/2025;L-15;LOMBARDIA;PUGLIA;14
2024/2025;L-15;LOMBARDIA;REGIONE ESTERA;14
2024/2025;L-14;LOMBARDIA;TOSCANA;14
2024/2025;L-14;LOMBARDIA;SARDEGNA;14
2024/2025;L-14;LAZIO;EMILIA ROMAGNA;14
2024/2025;L-14;LAZIO;SICILIA;14
2024/2025;L/SNT3;TOSCANA;UMBRIA;14
2024/2025;L/SNT3;LAZIO;MOLISE;14
2024/2025;L-1;CAMPANIA;PUGLIA;14
2024/2025;L-1;EMILIA ROMAGNA;VENETO;14
2024/2025;L-1;VENETO;SARDEGNA;14
2024/2025;L-1;PIEMONTE;SARDEGNA;14
2024/2025;L-1;LOMBARDIA;LAZIO;14
2024/2025;L/SNT2;EMILIA ROMAGNA;REGIONE ESTERA;14
2024/2025;L/SNT2;EMILIA ROMAGNA;TOSCANA;14
2024/2025;L/SNT1;UMBRIA;CAMPANIA;14
2024/2025;L/SNT2;ABRUZZO;UMBRIA;14
2024/2025;L/SNT2;Provincia autonoma di BOLZANO;Provincia autonoma di TRENTO;14
2024/2025;L/SNT3;CAMPANIA;BASILICATA;14
2024/2025;L/SNT3;EMILIA ROMAGNA;ABRUZZO;14
2024/2025;L/SNT2;TOSCANA;LIGURIA;14
2024/2025;L/SNT1;ABRUZZO;SICILIA;14
2024/2025;L/SNT1;LIGURIA;EMILIA ROMAGNA;14
2024/2025;L/SNT1;Provincia autonoma di TRENTO;Provincia autonoma di BOLZANO;14
2024/2025;L/SNT1;Provincia autonoma di TRENTO;VENETO;14
2024/2025;L-11;Provincia autonoma di TRENTO;EMILIA ROMAGNA;14
2024/2025;L-11;PUGLIA;REGIONE ESTERA;14
2024/2025;L-11;TOSCANA;PIEMONTE;14
2024/2025;L-11;VENETO;CAMPANIA;14
2024/2025;L-12;EMILIA ROMAGNA;ABRUZZO;14
2024/2025;L-10;VENETO;PUGLIA;14
2024/2025;L-13;TOSCANA;REGIONE ESTERA;14
2024/2025;L-12;TOSCANA;LOMBARDIA;14
2024/2025;L-12;EMILIA ROMAGNA;PIEMONTE;14
2024/2025;LM-20;VENETO;FRIULI VENEZIA GIULIA;14
2024/2025;LM-20;VENETO;LOMBARDIA;14
2024/2025;LM-21;LOMBARDIA;CALABRIA;14
2024/2025;LM-21;LOMBARDIA;SARDEGNA;14
2024/2025;LM-21;PIEMONTE;MOLISE;14
2024/2025;LM-22;VENETO;FRIULI VENEZIA GIULIA;14
2024/2025;LM-23;FRIULI VENEZIA GIULIA;VENETO;14
2024/2025;LM-23;LAZIO;ABRUZZO;14
2024/2025;LM-23;LAZIO;CAMPANIA;14
2024/2025;LM-23;EMILIA ROMAGNA;CAMPANIA;14
2024/2025;LM-24;LOMBARDIA;LAZIO;14
2024/2025;LM-3;LIGURIA;LIGURIA;14
2024/2025;LM-29;EMILIA ROMAGNA;SICILIA;14
2024/2025;LM-29;EMILIA ROMAGNA;ABRUZZO;14
2024/2025;LM-28;VENETO;REGIONE ESTERA;14
2024/2025;LM-29;PIEMONTE;FRIULI VENEZIA GIULIA;14
2024/2025;LM-25;ABRUZZO;ABRUZZO;14
2024/2025;LM-25;PIEMONTE;ABRUZZO;14
2024/2025;LM-25;PIEMONTE;LAZIO;14
2024/2025;LM-27;LOMBARDIA;PUGLIA;14
2024/2025;LM-38;PIEMONTE;ABRUZZO;14
2024/2025;LM-38;PIEMONTE;MARCHE;14
2024/2025;LM-37;LOMBARDIA;CAMPANIA;14
2024/2025;LM-34;LIGURIA;REGIONE ESTERA;14
2024/2025;LM-31;TOSCANA;CALABRIA;14
2024/2025;LM-31;PIEMONTE;FRIULI VENEZIA GIULIA;14
2024/2025;LM-32;EMILIA ROMAGNA;BASILICATA;14
2024/2025;LM-31;CAMPANIA;BASILICATA;14
2024/2025;LM-31;LAZIO;ABRUZZO;14
2024/2025;LM-31;LOMBARDIA;VENETO;14
2024/2025;LM-33;LOMBARDIA;UMBRIA;14
2024/2025;LM-32;TOSCANA;LIGURIA;14
2024/2025;LM-32;Provincia autonoma di TRENTO;LOMBARDIA;14
2024/2025;LM-18;TOSCANA;CALABRIA;14
2024/2025;LM-18;PIEMONTE;REGIONE ESTERA;14
2024/2025;LM-2;EMILIA ROMAGNA;PUGLIA;14
2024/2025;LM-17;LAZIO;ABRUZZO;14
2024/2025;LM-17;PIEMONTE;TOSCANA;14
2024/2025;LM-17;VENETO;TOSCANA;14
2024/2025;LM-18;CAMPANIA;BASILICATA;14
2024/2025;LM-17;VENETO;FRIULI VENEZIA GIULIA;14
2024/2025;LM-13;LAZIO;MARCHE;14
2024/2025;LM-13;MARCHE;PIEMONTE;14
2024/2025;LM-13;TOSCANA;ABRUZZO;14
2024/2025;LM-13;TOSCANA;LOMBARDIA;14
2024/2025;LM-16;EMILIA ROMAGNA;ABRUZZO;14
2024/2025;LM-16;EMILIA ROMAGNA;CALABRIA;14
2024/2025;LM-14;VENETO;PUGLIA;14
2024/2025;LM-14;TOSCANA;LAZIO;14
2024/2025;LM-14;UMBRIA;TOSCANA;14
2024/2025;LM-12;LIGURIA;LOMBARDIA;14
2024/2025;LM/SNT3;LAZIO;TOSCANA;14
2024/2025;LM-1;BASILICATA;CAMPANIA;14
2024/2025;LM-1;EMILIA ROMAGNA;PUGLIA;14
2024/2025;LM-1;LOMBARDIA;PIEMONTE;14
2024/2025;LM-1;PIEMONTE;SICILIA;14
2024/2025;LM-1;PIEMONTE;PUGLIA;14
2024/2025;LM/SNT3;ABRUZZO;CAMPANIA;14
2024/2025;LM/SNT2;MOLISE;PUGLIA;14
2024/2025;LM/SNT2;MARCHE;EMILIA ROMAGNA;14
2024/2025;LM/SNT1;EMILIA ROMAGNA;CAMPANIA;14
2024/2025;L-9;UMBRIA;MARCHE;14
2024/2025;L-9;TOSCANA;VENETO;14
2024/2025;LM/DS;TOSCANA;LAZIO;14
2024/2025;LM/SC-GIUR;EMILIA ROMAGNA;VENETO;14
2024/2025;LM/SNT1;ABRUZZO;MARCHE;14
2024/2025;L-9;PIEMONTE;Provincia autonoma di BOLZANO;14
2024/2025;L-35;LOMBARDIA;VENETO;14
2024/2025;L-35;LOMBARDIA;SICILIA;14
2024/2025;L-35;LOMBARDIA;LIGURIA;14
2024/2025;L-35;PIEMONTE;SARDEGNA;14
2024/2025;L-33;PIEMONTE;ABRUZZO;14
2024/2025;L-33;PIEMONTE;BASILICATA;14
2024/2025;L-33;PIEMONTE;SARDEGNA;14
2024/2025;L-31;MOLISE;LAZIO;14
2024/2025;L-31;PIEMONTE;CAMPANIA;14
2024/2025;L-31;UMBRIA;MARCHE;14
2024/2025;L-32;EMILIA ROMAGNA;PUGLIA;14
2024/2025;L-32;EMILIA ROMAGNA;REGIONE ESTERA;14
2024/2025;L-32;EMILIA ROMAGNA;SICILIA;14
2024/2025;L-32;EMILIA ROMAGNA;TOSCANA;14
2024/2025;L-31;EMILIA ROMAGNA;SARDEGNA;14
2024/2025;L-30;VENETO;SARDEGNA;14
2024/2025;L-30;TOSCANA;EMILIA ROMAGNA;14
2024/2025;L-30;TOSCANA;PIEMONTE;14
2024/2025;L-30;LAZIO;BASILICATA;14
2024/2025;L-30;EMILIA ROMAGNA;SARDEGNA;14
2024/2025;L-3;TOSCANA;SARDEGNA;14
2024/2025;L-3;LOMBARDIA;CAMPANIA;14
2024/2025;L-3;FRIULI VENEZIA GIULIA;REGIONE ESTERA;14
2024/2025;L-3;PIEMONTE;TOSCANA;14
2024/2025;L-3;PIEMONTE;CAMPANIA;14
2024/2025;L-27;PUGLIA;BASILICATA;14
2024/2025;L-27;LAZIO;UMBRIA;14
2024/2025;L-27;LIGURIA;PIEMONTE;14
2024/2025;L-27;LAZIO;PUGLIA;14
2024/2025;L-27;EMILIA ROMAGNA;Provincia autonoma di TRENTO;14
2024/2025;L-29;MARCHE;SICILIA;14
2024/2025;L-29;LAZIO;PUGLIA;14
2024/2025;L-25;EMILIA ROMAGNA;PIEMONTE;14
2024/2025;L-25;EMILIA ROMAGNA;CALABRIA;14
2024/2025;L-24;Provincia autonoma di TRENTO;PUGLIA;14
2024/2025;L-24;TOSCANA;PUGLIA;14
2024/2025;L-24;LOMBARDIA;MARCHE;14
2024/2025;L-26;TOSCANA;EMILIA ROMAGNA;14
2024/2025;L-27;EMILIA ROMAGNA;CALABRIA;14
2024/2025;L-26;EMILIA ROMAGNA;TOSCANA;14
2024/2025;L-42;LOMBARDIA;VENETO;14
2024/2025;L-42;LAZIO;LOMBARDIA;14
2024/2025;L-41;LOMBARDIA;PUGLIA;14
2024/2025;L-5;LOMBARDIA;CAMPANIA;14
2024/2025;L-5;LAZIO;VENETO;14
2024/2025;L-5;LAZIO;MARCHE;14
2024/2025;L-5;MARCHE;ABRUZZO;14
2024/2025;L-5;TOSCANA;LAZIO;14
2024/2025;L-7;LOMBARDIA;CALABRIA;14
2024/2025;L-7;PIEMONTE;LOMBARDIA;14
2024/2025;L-7;PIEMONTE;CALABRIA;14
2024/2025;L-8;TOSCANA;VENETO;14
2024/2025;L-38;LOMBARDIA;PIEMONTE;14
2024/2025;L-38;ABRUZZO;PUGLIA;14
2024/2025;L-36;EMILIA ROMAGNA;MOLISE;14
2024/2025;L-36;Provincia autonoma di TRENTO;PIEMONTE;14
2024/2025;L-4;VENETO;Provincia autonoma di BOLZANO;14
2024/2025;L-4;PIEMONTE;LAZIO;14
2024/2025;L-4;TOSCANA;LAZIO;14
2024/2025;L-40;EMILIA ROMAGNA;REGIONE ESTERA;14
2024/2025;L-40;CAMPANIA;PUGLIA;14
2024/2025;L-39;LAZIO;UMBRIA;14
2024/2025;L-39;CAMPANIA;CALABRIA;14
2024/2025;L-39;TOSCANA;CAMPANIA;14
2024/2025;L-39;MARCHE;PUGLIA;14
2024/2025;L-4;CAMPANIA;LAZIO;14
2023/2024;LM-56;LOMBARDIA;ABRUZZO;14
2023/2024;LM-56;LAZIO;EMILIA ROMAGNA;14
2023/2024;LM-56;EMILIA ROMAGNA;PIEMONTE;14
2023/2024;LM-56;TOSCANA;PUGLIA;14
2023/2024;LM-56;VENETO;SICILIA;14
2023/2024;LM-54;PIEMONTE;CAMPANIA;14
2023/2024;LM-52;TOSCANA;VENETO;14
2023/2024;LM-52;TOSCANA;CAMPANIA;14
2023/2024;LM-59;LAZIO;MOLISE;14
2023/2024;LM-6;LAZIO;BASILICATA;14
2023/2024;LM-59;TOSCANA;LIGURIA;14
2023/2024;LM-6;LOMBARDIA;LAZIO;14
2023/2024;LM-6;LAZIO;MOLISE;14
2023/2024;LM-6;MARCHE;UMBRIA;14
2023/2024;LM-51;UMBRIA;PUGLIA;14
2023/2024;LM-51;UMBRIA;SARDEGNA;14
2023/2024;LM-51;TOSCANA;PUGLIA;14
2023/2024;LM-52;CAMPANIA;CALABRIA;14
2023/2024;LM-52;LOMBARDIA;CALABRIA;14
2023/2024;LM-52;LOMBARDIA;CAMPANIA;14
2023/2024;LM-52;LAZIO;BASILICATA;14
2023/2024;LM-52;EMILIA ROMAGNA;PIEMONTE;14
2023/2024;LM-51;MARCHE;PUGLIA;14
2023/2024;LM-51;LIGURIA;PIEMONTE;14
2023/2024;LM-50;PUGLIA;BASILICATA;14
2023/2024;LM-50;TOSCANA;SICILIA;14
2023/2024;LM-51;EMILIA ROMAGNA;ABRUZZO;14
2023/2024;LM-51;EMILIA ROMAGNA;FRIULI VENEZIA GIULIA;14
2023/2024;LM-4cu;BASILICATA;CAMPANIA;14
2023/2024;LM-4cu;LAZIO;REGIONE ESTERA;14
2023/2024;LM-4cu;EMILIA ROMAGNA;LAZIO;14
2023/2024;LM-4cu;EMILIA ROMAGNA;REGIONE ESTERA;14
2023/2024;LM-50;EMILIA ROMAGNA;FRIULI VENEZIA GIULIA;14
2023/2024;LM-50;EMILIA ROMAGNA;LAZIO;14
2023/2024;LM-4cu;TOSCANA;MOLISE;14
2023/2024;LM-4cu;TOSCANA;VENETO;14
2023/2024;LM-46;TOSCANA;EMILIA ROMAGNA;14
2023/2024;LM-46;EMILIA ROMAGNA;MARCHE;14
2023/2024;LM-46;EMILIA ROMAGNA;PIEMONTE;14
2023/2024;LM-46;PUGLIA;CALABRIA;14
2023/2024;LM-40;EMILIA ROMAGNA;ABRUZZO;14
2023/2024;LM-40;LOMBARDIA;PUGLIA;14
2023/2024;LM-40;LOMBARDIA;CALABRIA;14
2023/2024;LM-40;PIEMONTE;REGIONE ESTERA;14
2023/2024;LM-41;CAMPANIA;LIGURIA;14
2023/2024;LM-44;PIEMONTE;LOMBARDIA;14
2023/2024;LM-42;TOSCANA;REGIONE ESTERA;14
2023/2024;LM-43;TOSCANA;SARDEGNA;14
2023/2024;LM-42;ABRUZZO;VENETO;14
2023/2024;LM-42;MARCHE;UMBRIA;14
2023/2024;LM-35;PIEMONTE;SICILIA;14
2023/2024;LM-34;LIGURIA;REGIONE ESTERA;14
2023/2024;LM-35;FRIULI VENEZIA GIULIA;FRIULI VENEZIA GIULIA;14
2023/2024;LM-35;LOMBARDIA;LAZIO;14
2023/2024;LM-32;PIEMONTE;FRIULI VENEZIA GIULIA;14
2023/2024;LM-32;MARCHE;PUGLIA;14
2023/2024;LM-33;ABRUZZO;LAZIO;14
2023/2024;LM-33;LIGURIA;TOSCANA;14
2023/2024;LM-33;LOMBARDIA;FRIULI VENEZIA GIULIA;14
2023/2024;LM-37;VENETO;FRIULI VENEZIA GIULIA;14
2023/2024;LM-38;EMILIA ROMAGNA;VENETO;14
2023/2024;LM-38;LOMBARDIA;UMBRIA;14
2023/2024;LM-38;PIEMONTE;MARCHE;14
2023/2024;LM-38;PIEMONTE;UMBRIA;14
2023/2024;LM-4;PIEMONTE;TOSCANA;14
2023/2024;LM-39;VENETO;ABRUZZO;14
2023/2024;LM-38;VENETO;REGIONE ESTERA;14
2023/2024;LM-39;EMILIA ROMAGNA;CALABRIA;14
2023/2024;LM-39;LAZIO;REGIONE ESTERA;14
2023/2024;LM-39;LOMBARDIA;SICILIA;14
2023/2024;LM-39;LOMBARDIA;PIEMONTE;14
2023/2024;LM-39;TOSCANA;EMILIA ROMAGNA;14
2023/2024;L-42;VENETO;EMILIA ROMAGNA;14
2023/2024;L-5;TOSCANA;CALABRIA;14
2023/2024;L-7;LOMBARDIA;VENETO;14
2023/2024;L-8;CALABRIA;REGIONE ESTERA;14
2023/2024;L-8;PIEMONTE;FRIULI VENEZIA GIULIA;14
2023/2024;L-8;MARCHE;REGIONE ESTERA;14
2023/2024;L-8;LOMBARDIA;ABRUZZO;14
2023/2024;L-8;LOMBARDIA;CAMPANIA;14
2023/2024;L-9;LOMBARDIA;CAMPANIA;14
2023/2024;LM-12;UMBRIA;UMBRIA;14
2023/2024;LM-12;TOSCANA;PUGLIA;14
2023/2024;LM-12;LAZIO;SICILIA;14
2023/2024;LM-14;LOMBARDIA;MARCHE;14
2023/2024;LM-14;EMILIA ROMAGNA;UMBRIA;14
2023/2024;LM-14;LAZIO;MOLISE;14
2023/2024;LM-14;EMILIA ROMAGNA;FRIULI VENEZIA GIULIA;14
2023/2024;LM-13;MARCHE;BASILICATA;14
2023/2024;LM/SNT3;PUGLIA;CAMPANIA;14
2023/2024;L-9;VENETO;SARDEGNA;14
2023/2024;L-9;TOSCANA;VENETO;14
2023/2024;LM/SC-GIUR;LAZIO;SICILIA;14
2023/2024;LM-17;CALABRIA;REGIONE ESTERA;14
2023/2024;LM-17;PIEMONTE;PUGLIA;14
2023/2024;LM-18;EMILIA ROMAGNA;VENETO;14
2023/2024;LM-14;TOSCANA;LOMBARDIA;14
2023/2024;LM-16;LAZIO;SICILIA;14
2023/2024;LM-16;LAZIO;ABRUZZO;14
2023/2024;LM-20;LAZIO;UMBRIA;14
2023/2024;LM-2;TOSCANA;CAMPANIA;14
2023/2024;LM-2;TOSCANA;PUGLIA;14
2023/2024;LM-2;VENETO;LOMBARDIA;14
2023/2024;LM-2;LAZIO;SICILIA;14
2023/2024;LM-18;TOSCANA;MARCHE;14
2023/2024;LM-19;LAZIO;MARCHE;14
2023/2024;LM-21;EMILIA ROMAGNA;MARCHE;14
2023/2024;LM-21;PIEMONTE;UMBRIA;14
2023/2024;LM-21;LOMBARDIA;PUGLIA;14
2023/2024;LM-21;LOMBARDIA;SARDEGNA;14
2023/2024;LM-21;LOMBARDIA;CALABRIA;14
2023/2024;LM-22;SICILIA;REGIONE ESTERA;14
2023/2024;LM-23;EMILIA ROMAGNA;CAMPANIA;14
2023/2024;LM-23;ABRUZZO;REGIONE ESTERA;14
2023/2024;LM-22;FRIULI VENEZIA GIULIA;FRIULI VENEZIA GIULIA;14
2023/2024;LM-22;LOMBARDIA;PIEMONTE;14
2023/2024;LM-24;ABRUZZO;PUGLIA;14
2023/2024;LM-25;PIEMONTE;CALABRIA;14
2023/2024;LM-25;EMILIA ROMAGNA;MARCHE;14
2023/2024;LM-27;CALABRIA;REGIONE ESTERA;14
2023/2024;LM-27;LIGURIA;REGIONE ESTERA;14
2023/2024;LM-28;LOMBARDIA;SICILIA;14
2023/2024;LM-29;PIEMONTE;SARDEGNA;14
2023/2024;LM-29;LOMBARDIA;SICILIA;14
2023/2024;LM-30;PIEMONTE;SARDEGNA;14
2023/2024;LM-30;PIEMONTE;VENETO;14
2023/2024;LM-30;Provincia autonoma di TRENTO;Provincia autonoma di TRENTO;14
2023/2024;LM-30;EMILIA ROMAGNA;PUGLIA;14
2023/2024;LM-32;LAZIO;BASILICATA;14
2023/2024;LM-32;EMILIA ROMAGNA;BASILICATA;14
2023/2024;LM-31;EMILIA ROMAGNA;REGIONE ESTERA;14
2023/2024;LM-31;EMILIA ROMAGNA;BASILICATA;14
2023/2024;LM-31;LOMBARDIA;PUGLIA;14
2023/2024;L-27;LAZIO;UMBRIA;14
2023/2024;L-27;EMILIA ROMAGNA;REGIONE ESTERA;14
2023/2024;L-27;PUGLIA;BASILICATA;14
2023/2024;L-29;MARCHE;UMBRIA;14
2023/2024;L-29;TOSCANA;SARDEGNA;14
2023/2024;L-25;MARCHE;PUGLIA;14
2023/2024;L-26;LAZIO;UMBRIA;14
2023/2024;L-31;LAZIO;SARDEGNA;14
2023/2024;L-30;LAZIO;REGIONE ESTERA;14
2023/2024;L-30;LOMBARDIA;ABRUZZO;14
2023/2024;L-30;EMILIA ROMAGNA;PIEMONTE;14
2023/2024;L-30;EMILIA ROMAGNA;REGIONE ESTERA;14
2023/2024;L-30;EMILIA ROMAGNA;CALABRIA;14
2023/2024;L-3;PUGLIA;BASILICATA;14
2023/2024;L-3;PIEMONTE;TOSCANA;14
2023/2024;L-3;PIEMONTE;CALABRIA;14
2023/2024;L-24;EMILIA ROMAGNA;ABRUZZO;14
2023/2024;L-24;EMILIA ROMAGNA;LIGURIA;14
2023/2024;L-24;LOMBARDIA;BASILICATA;14
2023/2024;L-23;LAZIO;PUGLIA;14
2023/2024;L-22;PUGLIA;CAMPANIA;14
2023/2024;L-24;PIEMONTE;BASILICATA;14
2023/2024;L-25;CAMPANIA;LAZIO;14
2023/2024;L-2;UMBRIA;MOLISE;14
2023/2024;L-20;MARCHE;VENETO;14
2023/2024;L-20;MARCHE;REGIONE ESTERA;14
2023/2024;L-20;VENETO;EMILIA ROMAGNA;14
2023/2024;L-22;LOMBARDIA;CALABRIA;14
2023/2024;L-22;MARCHE;FRIULI VENEZIA GIULIA;14
2023/2024;L-22;EMILIA ROMAGNA;CAMPANIA;14
2023/2024;L-33;LAZIO;FRIULI VENEZIA GIULIA;14
2023/2024;L-33;CAMPANIA;CALABRIA;14
2023/2024;L-32;TOSCANA;UMBRIA;14
2023/2024;L-32;PIEMONTE;SICILIA;14
2023/2024;L-32;TOSCANA;EMILIA ROMAGNA;14
2023/2024;L-31;MOLISE;CAMPANIA;14
2023/2024;L-31;MARCHE;REGIONE ESTERA;14
2023/2024;L-31;Provincia autonoma di BOLZANO;LOMBARDIA;14
2023/2024;L-32;EMILIA ROMAGNA;REGIONE ESTERA;14
2023/2024;L-31;Provincia autonoma di TRENTO;Provincia autonoma di BOLZANO;14
2023/2024;L-35;TOSCANA;SARDEGNA;14
2023/2024;L-36;MARCHE;UMBRIA;14
2023/2024;L-36;MARCHE;PUGLIA;14
2023/2024;L-33;TOSCANA;SARDEGNA;14
2023/2024;L-35;LOMBARDIA;CAMPANIA;14
2023/2024;L-35;LAZIO;CALABRIA;14
2023/2024;L-34;VENETO;REGIONE ESTERA;14
2023/2024;L-38;TOSCANA;EMILIA ROMAGNA;14
2023/2024;L-38;MARCHE;LAZIO;14
2023/2024;L-38;EMILIA ROMAGNA;PUGLIA;14
2023/2024;L-39;ABRUZZO;MOLISE;14
2023/2024;L-39;EMILIA ROMAGNA;BASILICATA;14
2023/2024;L-4;EMILIA ROMAGNA;CAMPANIA;14
2023/2024;L-4;LAZIO;CALABRIA;14
2023/2024;L-39;TOSCANA;CAMPANIA;14
2023/2024;L-39;PUGLIA;CALABRIA;14
2023/2024;L-40;CAMPANIA;PUGLIA;14
2023/2024;L-40;TOSCANA;TOSCANA;14
2023/2024;L-40;UMBRIA;LIGURIA;14
2023/2024;99999;TOSCANA;CAMPANIA;14
2023/2024;99999;TOSCANA;LAZIO;14
2023/2024;L/SNT2;ABRUZZO;UMBRIA;14
2023/2024;L/SNT2;ABRUZZO;BASILICATA;14
2023/2024;L/SNT1;Provincia autonoma di TRENTO;VENETO;14
2023/2024;L/SNT1;LOMBARDIA;Provincia autonoma di TRENTO;14
2023/2024;L/SNT1;PIEMONTE;SARDEGNA;14
2023/2024;L/SNT1;PIEMONTE;CAMPANIA;14
2023/2024;L/SNT1;EMILIA ROMAGNA;Provincia autonoma di TRENTO;14
2023/2024;L/SNT1;LAZIO;LIGURIA;14
2023/2024;99999;MARCHE;LOMBARDIA;14
2023/2024;99999;MARCHE;FRIULI VENEZIA GIULIA;14
2023/2024;99999;EMILIA ROMAGNA;LIGURIA;14
2023/2024;99999;EMILIA ROMAGNA;FRIULI VENEZIA GIULIA;14
2023/2024;L/SNT2;UMBRIA;MARCHE;14
2023/2024;L-1;LAZIO;VENETO;14
2023/2024;L-1;LAZIO;MOLISE;14
2023/2024;L-1;EMILIA ROMAGNA;PIEMONTE;14
2023/2024;L-1;PIEMONTE;PUGLIA;14
2023/2024;L-1;LOMBARDIA;SARDEGNA;14
2023/2024;L-11;LOMBARDIA;SARDEGNA;14
2023/2024;L-10;LAZIO;SARDEGNA;14
2023/2024;L-1;PIEMONTE;SARDEGNA;14
2023/2024;L-12;VENETO;REGIONE ESTERA;14
2023/2024;L-12;VENETO;SARDEGNA;14
2023/2024;L-12;LAZIO;MARCHE;14
2023/2024;L-12;ABRUZZO;MARCHE;14
2023/2024;L-12;FRIULI VENEZIA GIULIA;REGIONE ESTERA;14
2023/2024;L-12;LAZIO;BASILICATA;14
2023/2024;L-14;MARCHE;PUGLIA;14
2023/2024;L-14;MARCHE;UMBRIA;14
2023/2024;L-15;LAZIO;SICILIA;14
2023/2024;L-15;LIGURIA;PIEMONTE;14
2023/2024;L-15;LOMBARDIA;EMILIA ROMAGNA;14
2023/2024;L-15;PIEMONTE;SARDEGNA;14
2023/2024;L-13;MARCHE;PIEMONTE;14
2023/2024;L-13;UMBRIA;ABRUZZO;14
2023/2024;L-13;UMBRIA;REGIONE ESTERA;14
2023/2024;L-14;LAZIO;EMILIA ROMAGNA;14
2023/2024;L-19;EMILIA ROMAGNA;LAZIO;14
2023/2024;L-18;VENETO;LAZIO;14
2023/2024;L-2;BASILICATA;PUGLIA;14
2023/2024;L-2;EMILIA ROMAGNA;Provincia autonoma di BOLZANO;14
2023/2024;L-2;EMILIA ROMAGNA;LIGURIA;14
2023/2024;L-2;LAZIO;ABRUZZO;14
2023/2024;L-17;TOSCANA;SARDEGNA;14
2023/2024;L-17;VENETO;TOSCANA;14
2023/2024;L-17;LIGURIA;REGIONE ESTERA;14
2023/2024;L-17;LIGURIA;LOMBARDIA;14
2023/2024;L-17;LAZIO;REGIONE ESTERA;14
2023/2024;L-17;EMILIA ROMAGNA;TOSCANA;14
2023/2024;L-16;LAZIO;SICILIA;14
2023/2024;L-16;PIEMONTE;LIGURIA;14
2023/2024;L-16;CALABRIA;REGIONE ESTERA;14
2023/2024;L-16;CAMPANIA;BASILICATA;14
2023/2024;L-18;LIGURIA;TOSCANA;14
2023/2024;L-18;Provincia autonoma di BOLZANO;EMILIA ROMAGNA;14
2023/2024;L-18;MOLISE;PUGLIA;13
2023/2024;L-17/L-23;CAMPANIA;CAMPANIA;13
2023/2024;L-18;CAMPANIA;LOMBARDIA;13
2023/2024;L-15;VENETO;Provincia autonoma di TRENTO;13
2023/2024;L-17;EMILIA ROMAGNA;SICILIA;13
2023/2024;L-17;PIEMONTE;EMILIA ROMAGNA;13
2023/2024;L-17;PIEMONTE;LAZIO;13
2023/2024;L-2;LOMBARDIA;CALABRIA;13
2023/2024;L-19;TOSCANA;SICILIA;13
2023/2024;L-19;LOMBARDIA;LIGURIA;13
2023/2024;L-18;UMBRIA;BASILICATA;13
2023/2024;L-14;LOMBARDIA;LAZIO;13
2023/2024;L-13;PIEMONTE;REGIONE ESTERA;13
2023/2024;L-13;LOMBARDIA;REGIONE ESTERA;13
2023/2024;L-15;PIEMONTE;VALLE D'AOSTA;13
2023/2024;L-15;VENETO;EMILIA ROMAGNA;13
2023/2024;L-15;LOMBARDIA;PUGLIA;13
2023/2024;L-15;LAZIO;CALABRIA;13
2023/2024;L-12;FRIULI VENEZIA GIULIA;MARCHE;13
2023/2024;L-12;EMILIA ROMAGNA;LIGURIA;13
2023/2024;L-12;LAZIO;SARDEGNA;13
2023/2024;L-12;LOMBARDIA;UMBRIA;13
2023/2024;L-12;TOSCANA;LOMBARDIA;13
2023/2024;L-13;EMILIA ROMAGNA;LAZIO;13
2023/2024;L-13;LIGURIA;LOMBARDIA;13
2023/2024;L-1;VENETO;ABRUZZO;13
2023/2024;L-10;ABRUZZO;CAMPANIA;13
2023/2024;L-10;CAMPANIA;PUGLIA;13
2023/2024;L-10;LAZIO;PIEMONTE;13
2023/2024;L-11;LOMBARDIA;CAMPANIA;13
2023/2024;L-11;LAZIO;VENETO;13
2023/2024;L-11;ABRUZZO;BASILICATA;13
2023/2024;L-1;LOMBARDIA;TOSCANA;13
2023/2024;L-1;LAZIO;EMILIA ROMAGNA;13
2023/2024;L-1;LOMBARDIA;LAZIO;13
2023/2024;L/SNT3;TOSCANA;SICILIA;13
2023/2024;L/SNT4;ABRUZZO;LAZIO;13
2023/2024;L/SNT3;EMILIA ROMAGNA;REGIONE ESTERA;13
2023/2024;L/SNT3;PIEMONTE;VALLE D'AOSTA;13
2023/2024;L/SNT3;LAZIO;TOSCANA;13
2023/2024;L/SNT2;EMILIA ROMAGNA;FRIULI VENEZIA GIULIA;13
2023/2024;L/SNT2;EMILIA ROMAGNA;REGIONE ESTERA;13
2023/2024;L/SNT2;LAZIO;MOLISE;13
2023/2024;L/SNT2;LAZIO;SARDEGNA;13
2023/2024;L/SNT1;LIGURIA;REGIONE ESTERA;13
2023/2024;L/SNT1;PIEMONTE;BASILICATA;13
2023/2024;L/SNT1;UMBRIA;CAMPANIA;13
2023/2024;L/SNT1;TOSCANA;EMILIA ROMAGNA;13
2023/2024;L/DS;TOSCANA;CAMPANIA;13
2023/2024;L/DS;TOSCANA;REGIONE ESTERA;13
2023/2024;L/SNT1;EMILIA ROMAGNA;FRIULI VENEZIA GIULIA;13
2023/2024;L/SNT1;EMILIA ROMAGNA;LAZIO;13
2023/2024;L-40;UMBRIA;BASILICATA;13
2023/2024;L-41;LAZIO;PUGLIA;13
2023/2024;L-42;CAMPANIA;BASILICATA;13
2023/2024;L-42;PIEMONTE;LOMBARDIA;13
2023/2024;L-42;LOMBARDIA;VENETO;13
2023/2024;L-42;LAZIO;LOMBARDIA;13
2023/2024;L-40;EMILIA ROMAGNA;REGIONE ESTERA;13
2023/2024;L-40;LAZIO;MARCHE;13
2023/2024;L-4;VENETO;SICILIA;13
2023/2024;L-4;TOSCANA;UMBRIA;13
2023/2024;L-4;PIEMONTE;BASILICATA;13
2023/2024;L-4;PIEMONTE;CALABRIA;13
2023/2024;L-4;PIEMONTE;CAMPANIA;13
2023/2024;L-39;PIEMONTE;VALLE D'AOSTA;13
2023/2024;L-4;CAMPANIA;LAZIO;13
2023/2024;L-4;LAZIO;UMBRIA;13
2023/2024;L-39;LAZIO;REGIONE ESTERA;13
2023/2024;L-39;MOLISE;PUGLIA;13
2023/2024;L-39;MARCHE;LOMBARDIA;13
2023/2024;L-39;PIEMONTE;SARDEGNA;13
2023/2024;L-38;EMILIA ROMAGNA;LIGURIA;13
2023/2024;L-38;ABRUZZO;MOLISE;13
2023/2024;L-38;ABRUZZO;PUGLIA;13
2023/2024;L-37;LAZIO;ABRUZZO;13
2023/2024;L-37;EMILIA ROMAGNA;PUGLIA;13
2023/2024;L-35;PIEMONTE;LIGURIA;13
2023/2024;L-35;PIEMONTE;SARDEGNA;13
2023/2024;L-33;VENETO;EMILIA ROMAGNA;13
2023/2024;L-33;TOSCANA;LOMBARDIA;13
2023/2024;L-33;TOSCANA;MARCHE;13
2023/2024;L-33;Provincia autonoma di TRENTO;Provincia autonoma di BOLZANO;13
2023/2024;L-34;MARCHE;EMILIA ROMAGNA;13
2023/2024;L-36;PIEMONTE;BASILICATA;13
2023/2024;L-36;Provincia autonoma di TRENTO;Provincia autonoma di BOLZANO;13
2023/2024;L-35;TOSCANA;CALABRIA;13
2023/2024;L-31;Provincia autonoma di TRENTO;PUGLIA;13
2023/2024;L-31;MARCHE;LAZIO;13
2023/2024;L-31;LOMBARDIA;BASILICATA;13
2023/2024;L-32;VENETO;LOMBARDIA;13
2023/2024;L-33;EMILIA ROMAGNA;LIGURIA;13
2023/2024;L-33;EMILIA ROMAGNA;UMBRIA;13
2023/2024;L-33;FRIULI VENEZIA GIULIA;SARDEGNA;13
2023/2024;L-33;PIEMONTE;ABRUZZO;13
2023/2024;L-33;PIEMONTE;LOMBARDIA;13
2023/2024;L-22;EMILIA ROMAGNA;Provincia autonoma di BOLZANO;13
2023/2024;L-22;LAZIO;BASILICATA;13
2023/2024;L-22;PIEMONTE;CALABRIA;13
2023/2024;L-22;LIGURIA;PIEMONTE;13
2023/2024;L-21;LOMBARDIA;PIEMONTE;13
2023/2024;L-21;LOMBARDIA;REGIONE ESTERA;13
2023/2024;L-21;LAZIO;REGIONE ESTERA;13
2023/2024;L-21;LOMBARDIA;EMILIA ROMAGNA;13
2023/2024;L-20;PIEMONTE;BASILICATA;13
2023/2024;L-20;PIEMONTE;MARCHE;13
2023/2024;L-20;LOMBARDIA;Provincia autonoma di BOLZANO;13
2023/2024;L-20;EMILIA ROMAGNA;MOLISE;13
2023/2024;L-20;LAZIO;FRIULI VENEZIA GIULIA;13
2023/2024;L-25;EMILIA ROMAGNA;PIEMONTE;13
2023/2024;L-24;UMBRIA;REGIONE ESTERA;13
2023/2024;L-24;TOSCANA;VENETO;13
2023/2024;L-24;PIEMONTE;CAMPANIA;13
2023/2024;L-22;UMBRIA;ABRUZZO;13
2023/2024;L-22;VENETO;EMILIA ROMAGNA;13
2023/2024;L-22;UMBRIA;LOMBARDIA;13
2023/2024;L-23;LAZIO;ABRUZZO;13
2023/2024;L-3;TOSCANA;MARCHE;13
2023/2024;L-3;TOSCANA;PIEMONTE;13
2023/2024;L-3;LOMBARDIA;FRIULI VENEZIA GIULIA;13
2023/2024;L-3;LOMBARDIA;SARDEGNA;13
2023/2024;L-31;LAZIO;MARCHE;13
2023/2024;L-30;VENETO;ABRUZZO;13
2023/2024;L-26;MARCHE;ABRUZZO;13
2023/2024;L-25;Provincia autonoma di BOLZANO;REGIONE ESTERA;13
2023/2024;L-29;MARCHE;LOMBARDIA;13
2023/2024;L-28;CAMPANIA;PUGLIA;13
2023/2024;L-27;TOSCANA;CALABRIA;13
2023/2024;L-27;PIEMONTE;REGIONE ESTERA;13
2023/2024;L-27;EMILIA ROMAGNA;CAMPANIA;13
2023/2024;LM-31;LAZIO;REGIONE ESTERA;13
2023/2024;LM-32;LAZIO;MOLISE;13
2023/2024;LM-30;PIEMONTE;MARCHE;13
2023/2024;LM-30;Provincia autonoma di BOLZANO;Provincia autonoma di TRENTO;13
2023/2024;LM-29;EMILIA ROMAGNA;TOSCANA;13
2023/2024;LM-29;LOMBARDIA;CAMPANIA;13
2023/2024;LM-3;PIEMONTE;PIEMONTE;13
2023/2024;LM-3;SICILIA;SICILIA;13
2023/2024;LM-25;EMILIA ROMAGNA;TOSCANA;13
2023/2024;LM-25;PIEMONTE;BASILICATA;13
2023/2024;LM-23;LAZIO;CAMPANIA;13
2023/2024;LM-23;EMILIA ROMAGNA;SICILIA;13
2023/2024;LM-22;LOMBARDIA;ABRUZZO;13
2023/2024;LM-22;LOMBARDIA;LIGURIA;13
2023/2024;LM-23;ABRUZZO;LAZIO;13
2023/2024;LM-23;EMILIA ROMAGNA;LOMBARDIA;13
2023/2024;LM-22;VENETO;FRIULI VENEZIA GIULIA;13
2023/2024;LM-21;EMILIA ROMAGNA;PUGLIA;13
2023/2024;LM-21;LAZIO;UMBRIA;13
2023/2024;LM-19;LAZIO;BASILICATA;13
2023/2024;LM-19;LOMBARDIA;REGIONE ESTERA;13
2023/2024;LM-18;TOSCANA;PIEMONTE;13
2023/2024;LM-18;TOSCANA;UMBRIA;13
2023/2024;LM-19;EMILIA ROMAGNA;REGIONE ESTERA;13
2023/2024;LM-2;LAZIO;CAMPANIA;13
2023/2024;LM-2;TOSCANA;CALABRIA;13
2023/2024;LM-2;EMILIA ROMAGNA;LAZIO;13
2023/2024;LM-2;TOSCANA;VENETO;13
2023/2024;LM-20;LAZIO;REGIONE ESTERA;13
2023/2024;LM-15;LOMBARDIA;PIEMONTE;13
2023/2024;LM-16;LOMBARDIA;MARCHE;13
2023/2024;LM-14;TOSCANA;SARDEGNA;13
2023/2024;LM-14;TOSCANA;LAZIO;13
2023/2024;LM-14;TOSCANA;ABRUZZO;13
2023/2024;LM-14;PIEMONTE;LOMBARDIA;13
2023/2024;LM-14;PIEMONTE;CALABRIA;13
2023/2024;LM-15;EMILIA ROMAGNA;CAMPANIA;13
2023/2024;LM-15;EMILIA ROMAGNA;MARCHE;13
2023/2024;LM-17;VENETO;PUGLIA;13
2023/2024;LM-18;SICILIA;REGIONE ESTERA;13
2023/2024;LM-17;PIEMONTE;TOSCANA;13
2023/2024;LM-17;EMILIA ROMAGNA;CAMPANIA;13
2023/2024;LM/SC-GIUR;LAZIO;PUGLIA;13
2023/2024;LM/SC-GIUR;LAZIO;ABRUZZO;13
2023/2024;LM/DS;PIEMONTE;TOSCANA;13
2023/2024;LM/SNT4;ABRUZZO;MARCHE;13
2023/2024;LM-1;VENETO;EMILIA ROMAGNA;13
2023/2024;LM/SNT3;LAZIO;CALABRIA;13
2023/2024;LM/SNT1;UMBRIA;TOSCANA;13
2023/2024;LM-13;LOMBARDIA;MARCHE;13
2023/2024;LM-13;PIEMONTE;BASILICATA;13
2023/2024;LM-14;EMILIA ROMAGNA;Provincia autonoma di TRENTO;13
2023/2024;LM-14;CAMPANIA;LAZIO;13
2023/2024;LM-12;LIGURIA;TOSCANA;13
2023/2024;LM-12;LIGURIA;PIEMONTE;13
2023/2024;LM-12;EMILIA ROMAGNA;MARCHE;13
2023/2024;LM-11;TOSCANA;TOSCANA;13
2023/2024;LM-12;TOSCANA;LAZIO;13
2023/2024;LM-12;LOMBARDIA;UMBRIA;13
2023/2024;LM-13;CAMPANIA;CALABRIA;13
2023/2024;LM-13;CALABRIA;BASILICATA;13
2023/2024;LM-12;VENETO;SICILIA;13
2023/2024;LM-13;EMILIA ROMAGNA;PIEMONTE;13
2023/2024;L-9;MARCHE;UMBRIA;13
2023/2024;L-9;LIGURIA;ABRUZZO;13
2023/2024;L-8;LOMBARDIA;Provincia autonoma di BOLZANO;13
2023/2024;L-8;MARCHE;BASILICATA;13
2023/2024;L-8;UMBRIA;MARCHE;13
2023/2024;L-8;EMILIA ROMAGNA;PIEMONTE;13
2023/2024;L-8;EMILIA ROMAGNA;FRIULI VENEZIA GIULIA;13
2023/2024;L-7;PIEMONTE;LAZIO;13
2023/2024;L-7;LAZIO;PUGLIA;13
2023/2024;L-7;LAZIO;REGIONE ESTERA;13
2023/2024;L-5;TOSCANA;SARDEGNA;13
2023/2024;L-6;LOMBARDIA;EMILIA ROMAGNA;13
2023/2024;L-5;PIEMONTE;SICILIA;13
2023/2024;LM-39;TOSCANA;LOMBARDIA;13
2023/2024;LM-39;TOSCANA;MARCHE;13
2023/2024;LM-39;TOSCANA;ABRUZZO;13
2023/2024;LM-39;EMILIA ROMAGNA;SARDEGNA;13
2023/2024;LM-39;EMILIA ROMAGNA;LAZIO;13
2023/2024;LM-38;VENETO;LIGURIA;13
2023/2024;LM-39;VENETO;TOSCANA;13
2023/2024;LM-4;PIEMONTE;ABRUZZO;13
2023/2024;LM-4;PIEMONTE;CALABRIA;13
2023/2024;LM-4;LOMBARDIA;UMBRIA;13
2023/2024;LM-38;EMILIA ROMAGNA;UMBRIA;13
2023/2024;LM-37;Provincia autonoma di TRENTO;VENETO;13
2023/2024;LM-37;TOSCANA;CAMPANIA;13
2023/2024;LM-37;PIEMONTE;CALABRIA;13
2023/2024;LM-33;EMILIA ROMAGNA;PIEMONTE;13
2023/2024;LM-33;LOMBARDIA;UMBRIA;13
2023/2024;LM-33;CAMPANIA;BASILICATA;13
2023/2024;LM-33;CAMPANIA;LAZIO;13
2023/2024;LM-32;TOSCANA;SARDEGNA;13
2023/2024;LM-32;Provincia autonoma di TRENTO;REGIONE ESTERA;13
2023/2024;LM-32;LOMBARDIA;Provincia autonoma di TRENTO;13
2023/2024;LM-35;EMILIA ROMAGNA;VENETO;13
2023/2024;LM-33;VENETO;SICILIA;13
2023/2024;LM-36;LAZIO;SICILIA;13
2023/2024;LM-37;ABRUZZO;MOLISE;13
2023/2024;LM-43;EMILIA ROMAGNA;SICILIA;13
2023/2024;LM-42;UMBRIA;REGIONE ESTERA;13
2023/2024;LM-42;PUGLIA;LAZIO;13
2023/2024;LM-44;PIEMONTE;REGIONE ESTERA;13
2023/2024;LM-44;PIEMONTE;BASILICATA;13
2023/2024;LM-45;EMILIA ROMAGNA;VENETO;13
2023/2024;LM-44;VENETO;REGIONE ESTERA;13
2023/2024;LM-40;TOSCANA;SARDEGNA;13
2023/2024;LM-40;PIEMONTE;LAZIO;13
2023/2024;LM-40;EMILIA ROMAGNA;REGIONE ESTERA;13
2023/2024;LM-40;FRIULI VENEZIA GIULIA;VENETO;13
2023/2024;LM-4;VENETO;PIEMONTE;13
2023/2024;LM-4;VENETO;SARDEGNA;13
2023/2024;LM-41;PUGLIA;ABRUZZO;13
2023/2024;LM-41;PUGLIA;MARCHE;13
2023/2024;LM-41;FRIULI VENEZIA GIULIA;EMILIA ROMAGNA;13
2023/2024;LM-46;LOMBARDIA;TOSCANA;13
2023/2024;LM-46;ABRUZZO;VENETO;13
2023/2024;LM-46;TOSCANA;PUGLIA;13
2023/2024;LM-46;TOSCANA;VENETO;13
2023/2024;LM-47;LAZIO;PUGLIA;13
2023/2024;LM-49;Provincia autonoma di TRENTO;VENETO;13
2023/2024;LM-49;LOMBARDIA;VENETO;13
2023/2024;LM-4cu;TOSCANA;Provincia autonoma di TRENTO;13
2023/2024;LM-5;PUGLIA;PUGLIA;13
2023/2024;LM-4cu;MARCHE;PUGLIA;13
2023/2024;LM-4cu;EMILIA ROMAGNA;Provincia autonoma di BOLZANO;13
2023/2024;LM-4cu;EMILIA ROMAGNA;FRIULI VENEZIA GIULIA;13
2023/2024;LM-4cu;LAZIO;EMILIA ROMAGNA;13
2023/2024;LM-51;CAMPANIA;LAZIO;13
2023/2024;LM-50;EMILIA ROMAGNA;Provincia autonoma di TRENTO;13
2023/2024;LM-51;LAZIO;MOLISE;13
2023/2024;LM-51;UMBRIA;BASILICATA;13
2023/2024;LM-6;PIEMONTE;LIGURIA;13
2023/2024;LM-6;TOSCANA;LIGURIA;13
2023/2024;LM-6;TOSCANA;SARDEGNA;13
2023/2024;LM-61;EMILIA ROMAGNA;ABRUZZO;13
2023/2024;LM-59;LOMBARDIA;Provincia autonoma di TRENTO;13
2023/2024;LM-58;EMILIA ROMAGNA;MARCHE;13
2023/2024;LM-59;EMILIA ROMAGNA;CALABRIA;13
2023/2024;LM-52;VENETO;LIGURIA;13
2023/2024;LM-54;TOSCANA;SICILIA;13
2023/2024;LM-53;Provincia autonoma di TRENTO;REGIONE ESTERA;13
2023/2024;LM-54;EMILIA ROMAGNA;CAMPANIA;13
2023/2024;LM-56;VENETO;MARCHE;13
2023/2024;LM-57;LOMBARDIA;CAMPANIA;13
2023/2024;LM-56;Provincia autonoma di TRENTO;REGIONE ESTERA;13
2023/2024;LM-56;PIEMONTE;ABRUZZO;13
2023/2024;LM-56;LAZIO;BASILICATA;13
2023/2024;LM-56;LOMBARDIA;MARCHE;13
2023/2024;LM-55;LOMBARDIA;EMILIA ROMAGNA;13
2023/2024;LM-55;LAZIO;LAZIO;13
2023/2024;LM-56;EMILIA ROMAGNA;LIGURIA;13
2023/2024;LM-56;ABRUZZO;PUGLIA;13
2024/2025;L-4;EMILIA ROMAGNA;ABRUZZO;13
2024/2025;L-4;ABRUZZO;MOLISE;13
2024/2025;L-4;EMILIA ROMAGNA;LAZIO;13
2024/2025;L-4;LAZIO;ABRUZZO;13
2024/2025;L-39;MARCHE;LOMBARDIA;13
2024/2025;L-39;PIEMONTE;SARDEGNA;13
2024/2025;L-39;TOSCANA;PUGLIA;13
2024/2025;L-39;TOSCANA;REGIONE ESTERA;13
2024/2025;L-39;LAZIO;MOLISE;13
2024/2025;L-40;Provincia autonoma di TRENTO;FRIULI VENEZIA GIULIA;13
2024/2025;L-40;TOSCANA;TOSCANA;13
2024/2025;L-4;VENETO;ABRUZZO;13
2024/2025;L-36;Provincia autonoma di TRENTO;MARCHE;13
2024/2025;L-36;PIEMONTE;BASILICATA;13
2024/2025;L-36;LOMBARDIA;Provincia autonoma di TRENTO;13
2024/2025;L-36;MARCHE;PUGLIA;13
2024/2025;L-37;LAZIO;CAMPANIA;13
2024/2025;L-38;EMILIA ROMAGNA;PIEMONTE;13
2024/2025;L-38;PIEMONTE;LOMBARDIA;13
2024/2025;L-39;ABRUZZO;MARCHE;13
2024/2025;L-38;VENETO;EMILIA ROMAGNA;13
2024/2025;L-36;UMBRIA;PUGLIA;13
2024/2025;L-8;LOMBARDIA;ABRUZZO;13
2024/2025;L-7;PIEMONTE;BASILICATA;13
2024/2025;L-7;LAZIO;REGIONE ESTERA;13
2024/2025;L-5;Provincia autonoma di TRENTO;Provincia autonoma di BOLZANO;13
2024/2025;L-5;TOSCANA;LOMBARDIA;13
2024/2025;L-5;LOMBARDIA;ABRUZZO;13
2024/2025;L-43;MARCHE;MARCHE;13
2024/2025;L-5;ABRUZZO;PUGLIA;13
2024/2025;L-41;FRIULI VENEZIA GIULIA;VENETO;13
2024/2025;L-26;EMILIA ROMAGNA;ABRUZZO;13
2024/2025;L-26;MARCHE;ABRUZZO;13
2024/2025;L-27;EMILIA ROMAGNA;FRIULI VENEZIA GIULIA;13
2024/2025;L-27;EMILIA ROMAGNA;MOLISE;13
2024/2025;L-25;PIEMONTE;LOMBARDIA;13
2024/2025;L-24;MARCHE;LOMBARDIA;13
2024/2025;L-24;PIEMONTE;CAMPANIA;13
2024/2025;L-24;SICILIA;LOMBARDIA;13
2024/2025;L-25;EMILIA ROMAGNA;TOSCANA;13
2024/2025;L-24;VENETO;BASILICATA;13
2024/2025;L-29;MARCHE;REGIONE ESTERA;13
2024/2025;L-29;LAZIO;ABRUZZO;13
2024/2025;L-29;LAZIO;CAMPANIA;13
2024/2025;L-3;ABRUZZO;LAZIO;13
2024/2025;L-3;ABRUZZO;MARCHE;13
2024/2025;L-29;TOSCANA;SARDEGNA;13
2024/2025;L-27;LOMBARDIA;SICILIA;13
2024/2025;L-27;UMBRIA;TOSCANA;13
2024/2025;L-3;PIEMONTE;VENETO;13
2024/2025;L-30;EMILIA ROMAGNA;PIEMONTE;13
2024/2025;L-30;EMILIA ROMAGNA;LIGURIA;13
2024/2025;L-30;LOMBARDIA;ABRUZZO;13
2024/2025;L-30;LAZIO;REGIONE ESTERA;13
2024/2025;L-30;VENETO;CALABRIA;13
2024/2025;L-30;LOMBARDIA;CALABRIA;13
2024/2025;L-30;LOMBARDIA;CAMPANIA;13
2024/2025;L-31;EMILIA ROMAGNA;LAZIO;13
2024/2025;L-31;EMILIA ROMAGNA;LIGURIA;13
2024/2025;L-31;EMILIA ROMAGNA;CAMPANIA;13
2024/2025;L-32;EMILIA ROMAGNA;Provincia autonoma di TRENTO;13
2024/2025;L-32;LAZIO;ABRUZZO;13
2024/2025;L-31;TOSCANA;UMBRIA;13
2024/2025;L-31;Provincia autonoma di TRENTO;SICILIA;13
2024/2025;L-31;Provincia autonoma di TRENTO;PUGLIA;13
2024/2025;L-33;PIEMONTE;TOSCANA;13
2024/2025;L-33;CAMPANIA;CALABRIA;13
2024/2025;L-35;PIEMONTE;LIGURIA;13
2024/2025;L-35;Provincia autonoma di TRENTO;Provincia autonoma di BOLZANO;13
2024/2025;L-35;LAZIO;UMBRIA;13
2024/2025;L-35;LOMBARDIA;ABRUZZO;13
2024/2025;L-35;LOMBARDIA;CAMPANIA;13
2024/2025;L-33;TOSCANA;SARDEGNA;13
2024/2025;L-34;FRIULI VENEZIA GIULIA;VENETO;13
2024/2025;L-34;MARCHE;EMILIA ROMAGNA;13
2024/2025;L-35;CAMPANIA;LAZIO;13
2024/2025;L-9;FRIULI VENEZIA GIULIA;PUGLIA;13
2024/2025;LM/SNT1;EMILIA ROMAGNA;SICILIA;13
2024/2025;LM/SC-GIUR;LAZIO;ABRUZZO;13
2024/2025;LM/SC-GIUR;LAZIO;SICILIA;13
2024/2025;L-9;UMBRIA;LAZIO;13
2024/2025;L-9;Provincia autonoma di BOLZANO;Provincia autonoma di TRENTO;13
2024/2025;LM/SNT1;LOMBARDIA;EMILIA ROMAGNA;13
2024/2025;LM/SNT3;ABRUZZO;LAZIO;13
2024/2025;LM/SNT2;UMBRIA;MARCHE;13
2024/2025;LM-1;PIEMONTE;EMILIA ROMAGNA;13
2024/2025;LM-1;EMILIA ROMAGNA;CAMPANIA;13
2024/2025;LM-11;TOSCANA;TOSCANA;13
2024/2025;LM-12;PIEMONTE;LIGURIA;13
2024/2025;LM-12;VENETO;LAZIO;13
2024/2025;LM-12;VENETO;LIGURIA;13
2024/2025;LM-14;TOSCANA;BASILICATA;13
2024/2025;LM-16;CALABRIA;REGIONE ESTERA;13
2024/2025;LM-13;VENETO;MARCHE;13
2024/2025;LM-13;VENETO;SICILIA;13
2024/2025;LM-14;CAMPANIA;CALABRIA;13
2024/2025;LM-14;EMILIA ROMAGNA;LIGURIA;13
2024/2025;LM-14;LAZIO;MOLISE;13
2024/2025;LM-14;EMILIA ROMAGNA;SARDEGNA;13
2024/2025;LM-16;VENETO;Provincia autonoma di TRENTO;13
2024/2025;LM-2;CAMPANIA;LAZIO;13
2024/2025;LM-2;VENETO;LOMBARDIA;13
2024/2025;LM-20;EMILIA ROMAGNA;MARCHE;13
2024/2025;LM-18;TOSCANA;BASILICATA;13
2024/2025;LM-18;TOSCANA;PIEMONTE;13
2024/2025;LM-19;LAZIO;BASILICATA;13
2024/2025;LM-32;LOMBARDIA;Provincia autonoma di TRENTO;13
2024/2025;LM-33;LOMBARDIA;LIGURIA;13
2024/2025;LM-33;LOMBARDIA;FRIULI VENEZIA GIULIA;13
2024/2025;LM-31;MARCHE;PUGLIA;13
2024/2025;LM-31;EMILIA ROMAGNA;LAZIO;13
2024/2025;LM-31;ABRUZZO;LAZIO;13
2024/2025;LM-32;CAMPANIA;BASILICATA;13
2024/2025;LM-32;LAZIO;CALABRIA;13
2024/2025;LM-33;UMBRIA;TOSCANA;13
2024/2025;LM-33;Provincia autonoma di BOLZANO;Provincia autonoma di BOLZANO;13
2024/2025;LM-33;PUGLIA;REGIONE ESTERA;13
2024/2025;LM-33;MARCHE;MOLISE;13
2024/2025;LM-33;PIEMONTE;MOLISE;13
2024/2025;LM-35;PIEMONTE;CAMPANIA;13
2024/2025;LM-35;FRIULI VENEZIA GIULIA;FRIULI VENEZIA GIULIA;13
2024/2025;LM-35;Provincia autonoma di TRENTO;REGIONE ESTERA;13
2024/2025;LM-37;EMILIA ROMAGNA;CAMPANIA;13
2024/2025;LM-37;CAMPANIA;PUGLIA;13
2024/2025;LM-37;CAMPANIA;SICILIA;13
2024/2025;LM-37;LOMBARDIA;SICILIA;13
2024/2025;LM-37;VENETO;CAMPANIA;13
2024/2025;LM-37;VENETO;PUGLIA;13
2024/2025;LM-37;TOSCANA;REGIONE ESTERA;13
2024/2025;LM-38;PIEMONTE;EMILIA ROMAGNA;13
2024/2025;LM-38;PIEMONTE;VENETO;13
2024/2025;LM-38;LOMBARDIA;TOSCANA;13
2024/2025;LM-38;LOMBARDIA;SARDEGNA;13
2024/2025;LM-38;ABRUZZO;CAMPANIA;13
2024/2025;LM-38;ABRUZZO;LAZIO;13
2024/2025;LM-25;PUGLIA;BASILICATA;13
2024/2025;LM-25;LOMBARDIA;SICILIA;13
2024/2025;LM-25;LOMBARDIA;TOSCANA;13
2024/2025;LM-24;PIEMONTE;REGIONE ESTERA;13
2024/2025;LM-25;LOMBARDIA;CALABRIA;13
2024/2025;LM-25;EMILIA ROMAGNA;TOSCANA;13
2024/2025;LM-29;PIEMONTE;SARDEGNA;13
2024/2025;LM-29;PIEMONTE;VENETO;13
2024/2025;LM-29;LOMBARDIA;TOSCANA;13
2024/2025;LM-29;LOMBARDIA;VENETO;13
2024/2025;LM-29;LOMBARDIA;PUGLIA;13
2024/2025;LM-29;EMILIA ROMAGNA;LOMBARDIA;13
2024/2025;LM-29;LOMBARDIA;EMILIA ROMAGNA;13
2024/2025;LM-3;LIGURIA;PIEMONTE;13
2024/2025;LM-30;EMILIA ROMAGNA;PUGLIA;13
2024/2025;LM-30;LOMBARDIA;UMBRIA;13
2024/2025;LM-30;PIEMONTE;UMBRIA;13
2024/2025;LM-30;Provincia autonoma di TRENTO;REGIONE ESTERA;13
2024/2025;LM-30;PIEMONTE;LOMBARDIA;13
2024/2025;LM-22;SICILIA;REGIONE ESTERA;13
2024/2025;LM-22;LOMBARDIA;ABRUZZO;13
2024/2025;LM-21;TOSCANA;EMILIA ROMAGNA;13
2024/2025;LM-21;TOSCANA;LAZIO;13
2024/2025;LM-21;FRIULI VENEZIA GIULIA;VENETO;13
2024/2025;LM-20;LAZIO;UMBRIA;13
2024/2025;L-12;FRIULI VENEZIA GIULIA;MARCHE;13
2024/2025;L-12;LAZIO;BASILICATA;13
2024/2025;L-12;LAZIO;SARDEGNA;13
2024/2025;L-12;PIEMONTE;TOSCANA;13
2024/2025;L-12;VENETO;REGIONE ESTERA;13
2024/2025;L-13;PIEMONTE;PUGLIA;13
2024/2025;L-13;MARCHE;TOSCANA;13
2024/2025;L-10;VENETO;TOSCANA;13
2024/2025;L-10;VENETO;SARDEGNA;13
2024/2025;L-10;PUGLIA;CAMPANIA;13
2024/2025;L/SNT1;TOSCANA;BASILICATA;13
2024/2025;L/SNT1;PIEMONTE;CAMPANIA;13
2024/2025;L/SNT1;LOMBARDIA;Provincia autonoma di TRENTO;13
2024/2025;L/SNT1;BASILICATA;CALABRIA;13
2024/2025;L/GASTR;EMILIA ROMAGNA;VENETO;13
2024/2025;L/GASTR;LIGURIA;LIGURIA;13
2024/2025;L/SNT1;CAMPANIA;CALABRIA;13
2024/2025;L/SNT1;EMILIA ROMAGNA;FRIULI VENEZIA GIULIA;13
2024/2025;L/SNT1;EMILIA ROMAGNA;LAZIO;13
2024/2025;L/SNT2;TOSCANA;SICILIA;13
2024/2025;L/SNT2;UMBRIA;MARCHE;13
2024/2025;L/SNT1;VENETO;SARDEGNA;13
2024/2025;L/SNT1;TOSCANA;UMBRIA;13
2024/2025;L/SNT2;CALABRIA;SICILIA;13
2024/2025;L-1;MARCHE;ABRUZZO;13
2024/2025;L-1;LAZIO;MOLISE;13
2024/2025;L/SNT4;MOLISE;CAMPANIA;13
2024/2025;L/SNT4;SICILIA;CALABRIA;13
2024/2025;L/SNT3;LAZIO;TOSCANA;13
2024/2025;L/SNT3;PIEMONTE;VALLE D'AOSTA;13
2024/2025;L-14;LOMBARDIA;LAZIO;13
2024/2025;L-15;LAZIO;TOSCANA;13
2024/2025;L-15;FRIULI VENEZIA GIULIA;REGIONE ESTERA;13
2024/2025;L-15;ABRUZZO;REGIONE ESTERA;13
2024/2025;L-15;LOMBARDIA;LIGURIA;13
2024/2025;L-15;PIEMONTE;VALLE D'AOSTA;13
2024/2025;L-16;PIEMONTE;SICILIA;13
2024/2025;L-16;LOMBARDIA;PUGLIA;13
2024/2025;L-16;LAZIO;SICILIA;13
2024/2025;L-16;LAZIO;PUGLIA;13
2024/2025;L-17;EMILIA ROMAGNA;TOSCANA;13
2024/2025;L-17;LAZIO;ABRUZZO;13
2024/2025;L-19;EMILIA ROMAGNA;UMBRIA;13
2024/2025;L-18;LIGURIA;SICILIA;13
2024/2025;L-18;CALABRIA;REGIONE ESTERA;13
2024/2025;L-17;VENETO;PUGLIA;13
2024/2025;L-17;TOSCANA;SARDEGNA;13
2024/2025;L-17;TOSCANA;SICILIA;13
2024/2025;L-20;EMILIA ROMAGNA;MOLISE;13
2024/2025;L-20;PIEMONTE;FRIULI VENEZIA GIULIA;13
2024/2025;L-2;EMILIA ROMAGNA;SARDEGNA;13
2024/2025;L-19;LAZIO;REGIONE NON FORNITA;13
2024/2025;L-19;MARCHE;LOMBARDIA;13
2024/2025;L-19;LOMBARDIA;SICILIA;13
2024/2025;L-19;SICILIA;REGIONE ESTERA;13
2024/2025;L-22;UMBRIA;ABRUZZO;13
2024/2025;L-24;LOMBARDIA;LAZIO;13
2024/2025;L-22;LOMBARDIA;Provincia autonoma di TRENTO;13
2024/2025;L-22;LAZIO;SARDEGNA;13
2024/2025;L-22;MARCHE;CALABRIA;13
2024/2025;L-22;MARCHE;FRIULI VENEZIA GIULIA;13
2024/2025;L-22;EMILIA ROMAGNA;CAMPANIA;13
2024/2025;L-22;EMILIA ROMAGNA;SARDEGNA;13
2023/2024;LM-82;LOMBARDIA;PUGLIA;13
2023/2024;LM-81;PIEMONTE;VENETO;13
2023/2024;LM-84;TOSCANA;UMBRIA;13
2023/2024;LM-78;TOSCANA;EMILIA ROMAGNA;13
2023/2024;LM-78;UMBRIA;LAZIO;13
2023/2024;LM-79;LOMBARDIA;REGIONE ESTERA;13
2023/2024;LM-79;TOSCANA;REGIONE ESTERA;13
2023/2024;LM-78;LOMBARDIA;CAMPANIA;13
2023/2024;LM-78;PIEMONTE;TOSCANA;13
2023/2024;LM-78;PIEMONTE;REGIONE ESTERA;13
2023/2024;LM-8;VENETO;MARCHE;13
2023/2024;LM-81;EMILIA ROMAGNA;CAMPANIA;13
2023/2024;LM-76;LOMBARDIA;MARCHE;13
2023/2024;LM-77;Provincia autonoma di TRENTO;Provincia autonoma di BOLZANO;13
2023/2024;LM-77;PIEMONTE;LAZIO;13
2023/2024;LM-78;ABRUZZO;LAZIO;13
2023/2024;LM-63;LAZIO;CAMPANIA;13
2023/2024;LM-65;EMILIA ROMAGNA;PIEMONTE;13
2023/2024;LM-61;LAZIO;BASILICATA;13
2023/2024;LM-62;CAMPANIA;LAZIO;13
2023/2024;LM-73;Provincia autonoma di BOLZANO;Provincia autonoma di BOLZANO;13
2023/2024;LM-73;SICILIA;SICILIA;13
2023/2024;LM-73;PUGLIA;PUGLIA;13
2023/2024;LM-70;LOMBARDIA;PIEMONTE;13
2023/2024;LM-69;UMBRIA;MARCHE;13
2023/2024;LM-67;VENETO;FRIULI VENEZIA GIULIA;13
2023/2024;LM-67;MARCHE;SARDEGNA;13
2023/2024;LM-67;ABRUZZO;CAMPANIA;13
2023/2024;LM-67;LIGURIA;PIEMONTE;13
2023/2024;LM-67;EMILIA ROMAGNA;PIEMONTE;13
2023/2024;LM-67;LAZIO;ABRUZZO;13
2023/2024;LM-68;PIEMONTE;SICILIA;13
2023/2024;LM-69;EMILIA ROMAGNA;MARCHE;13
2023/2024;LM-85 bis;LAZIO;LIGURIA;13
2023/2024;LM-85;LOMBARDIA;EMILIA ROMAGNA;13
2023/2024;LM-85;LOMBARDIA;SICILIA;13
2023/2024;LM-85 bis;TOSCANA;PUGLIA;13
2023/2024;LM-88;ABRUZZO;LAZIO;13
2023/2024;LM-87;LOMBARDIA;PUGLIA;13
2023/2024;LM-87;LOMBARDIA;EMILIA ROMAGNA;13
2023/2024;LM-87;EMILIA ROMAGNA;VENETO;13
2023/2024;LM-9;LOMBARDIA;CAMPANIA;13
2023/2024;LM-9;SICILIA;CALABRIA;13
2023/2024;LM-9;UMBRIA;CALABRIA;13
2023/2024;LM-9;VENETO;LAZIO;13
2023/2024;LM-91;LOMBARDIA;SICILIA;13
2023/2024;LM-89;TOSCANA;CALABRIA;13
2023/2024;LM-89;LOMBARDIA;LIGURIA;13
2023/2024;LM-89;LAZIO;MOLISE;13
2023/2024;LM-88;VENETO;FRIULI VENEZIA GIULIA;13
2024/2025;L/DS;CAMPANIA;PUGLIA;13
2024/2025;L/DS;TOSCANA;REGIONE ESTERA;13
2023/2024;LMG/01;PIEMONTE;VENETO;13
2023/2024;LMG/01;MOLISE;ABRUZZO;13
2023/2024;L-P03;EMILIA ROMAGNA;VENETO;13
2023/2024;LMG/01;VENETO;CALABRIA;13
2023/2024;LM-92;UMBRIA;CAMPANIA;13
2023/2024;LM-92;UMBRIA;TOSCANA;13
2023/2024;LM-93;EMILIA ROMAGNA;LOMBARDIA;13
2023/2024;LM-94;EMILIA ROMAGNA;REGIONE ESTERA;13
2023/2024;LM-94;EMILIA ROMAGNA;SICILIA;13
2023/2024;LM-92;VENETO;SICILIA;13
2023/2024;LM-94;FRIULI VENEZIA GIULIA;PUGLIA;13
2023/2024;LM-94;PIEMONTE;CALABRIA;13
2023/2024;LM-94;PIEMONTE;EMILIA ROMAGNA;13
2023/2024;LM-94;PIEMONTE;LIGURIA;13
2023/2024;LM-91;Provincia autonoma di TRENTO;LOMBARDIA;13
2023/2024;LM-92;PIEMONTE;REGIONE ESTERA;13
2023/2024;LM-92;PIEMONTE;LIGURIA;13
2023/2024;LM-92;LOMBARDIA;REGIONE ESTERA;13
2023/2024;LM-94;VENETO;LOMBARDIA;13
2023/2024;LM-Data;ABRUZZO;ABRUZZO;13
2024/2025;LM-52;PIEMONTE;SARDEGNA;13
2024/2025;LM-52;SICILIA;CALABRIA;13
2024/2025;LM-52;TOSCANA;LIGURIA;13
2024/2025;LM-52;EMILIA ROMAGNA;FRIULI VENEZIA GIULIA;13
2024/2025;LM-51;TOSCANA;CAMPANIA;13
2024/2025;LM-51;UMBRIA;ABRUZZO;13
2024/2025;LM-59;EMILIA ROMAGNA;PIEMONTE;13
2024/2025;LM-56;PUGLIA;BASILICATA;13
2024/2025;LM-56;PIEMONTE;VENETO;13
2024/2025;LM-54;PIEMONTE;VENETO;13
2024/2025;LM-67;PIEMONTE;SICILIA;13
2024/2025;LM-67;LAZIO;CALABRIA;13
2024/2025;LM-67;EMILIA ROMAGNA;FRIULI VENEZIA GIULIA;13
2024/2025;LM-67;EMILIA ROMAGNA;CAMPANIA;13
2024/2025;LM-67;EMILIA ROMAGNA;ABRUZZO;13
2024/2025;LM-68;UMBRIA;TOSCANA;13
2024/2025;LM-69;EMILIA ROMAGNA;CAMPANIA;13
2024/2025;LM-65;LOMBARDIA;CAMPANIA;13
2024/2025;LM-65;LAZIO;EMILIA ROMAGNA;13
2024/2025;LM-65;PIEMONTE;TOSCANA;13
2024/2025;LM-66;LAZIO;REGIONE ESTERA;13
2024/2025;LM-63;LAZIO;SICILIA;13
2024/2025;LM-65;EMILIA ROMAGNA;SARDEGNA;13
2024/2025;LM-6;LOMBARDIA;BASILICATA;13
2024/2025;LM-6;LAZIO;BASILICATA;13
2024/2025;LM-6;VENETO;SICILIA;13
2024/2025;LM-60;LIGURIA;LIGURIA;13
2024/2025;LM-6;PUGLIA;REGIONE ESTERA;13
2024/2025;LM-6;TOSCANA;LIGURIA;13
2024/2025;LM-6;TOSCANA;UMBRIA;13
2024/2025;LM-63;EMILIA ROMAGNA;TOSCANA;13
2024/2025;LM-63;EMILIA ROMAGNA;ABRUZZO;13
2024/2025;LM-62;Provincia autonoma di TRENTO;Provincia autonoma di TRENTO;13
2024/2025;LM-62;MOLISE;PUGLIA;13
2024/2025;LM-62;LAZIO;CALABRIA;13
2024/2025;LM-61;LAZIO;CALABRIA;13
2024/2025;LM-62;ABRUZZO;MARCHE;13
2024/2025;LM-61;UMBRIA;TOSCANA;13
2024/2025;LM-42;MARCHE;CAMPANIA;13
2024/2025;LM-42;EMILIA ROMAGNA;LIGURIA;13
2024/2025;LM-42;ABRUZZO;MOLISE;13
2024/2025;LM-41;SARDEGNA;MARCHE;13
2024/2025;LM-41;SICILIA;FRIULI VENEZIA GIULIA;13
2024/2025;LM-41;PUGLIA;MOLISE;13
2024/2025;LM-41;MARCHE;LAZIO;13
2024/2025;LM-41;MOLISE;REGIONE ESTERA;13
2024/2025;LM-4;CAMPANIA;REGIONE ESTERA;13
2024/2025;LM-39;VENETO;EMILIA ROMAGNA;13
2024/2025;LM-39;TOSCANA;BASILICATA;13
2024/2025;LM-39;TOSCANA;SARDEGNA;13
2024/2025;LM-39;LOMBARDIA;PIEMONTE;13
2024/2025;LM-39;EMILIA ROMAGNA;ABRUZZO;13
2024/2025;LM-40;LAZIO;CAMPANIA;13
2024/2025;LM-40;LOMBARDIA;EMILIA ROMAGNA;13
2024/2025;LM-40;PIEMONTE;SICILIA;13
2024/2025;LM-40;PIEMONTE;TOSCANA;13
2024/2025;LM-40;CALABRIA;REGIONE ESTERA;13
2024/2025;LM-40;TOSCANA;LOMBARDIA;13
2024/2025;LM-41;CALABRIA;LIGURIA;13
2024/2025;LM-43;TOSCANA;LAZIO;13
2024/2025;LM-45;LAZIO;PUGLIA;13
2024/2025;LM-45;EMILIA ROMAGNA;PUGLIA;13
2024/2025;LM-44;PIEMONTE;TOSCANA;13
2024/2025;LM-42;PUGLIA;CALABRIA;13
2024/2025;LM-46;TOSCANA;LAZIO;13
2024/2025;LM-46;EMILIA ROMAGNA;MARCHE;13
2024/2025;LM-46;ABRUZZO;VENETO;13
2024/2025;LM-45;LOMBARDIA;SICILIA;13
2024/2025;LM-4cu;TOSCANA;MOLISE;13
2024/2025;LM-51;LIGURIA;PIEMONTE;13
2024/2025;LM-51;LOMBARDIA;UMBRIA;13
2024/2025;LM-51;CAMPANIA;CALABRIA;13
2024/2025;LM-51;ABRUZZO;SICILIA;13
2024/2025;LM-77;TOSCANA;SARDEGNA;13
2024/2025;LM-77;UMBRIA;MARCHE;13
2024/2025;LM-77;UMBRIA;REGIONE ESTERA;13
2024/2025;LM-77;MARCHE;MOLISE;13
2024/2025;LM-77;PIEMONTE;CAMPANIA;13
2024/2025;LM-78;LOMBARDIA;ABRUZZO;13
2024/2025;LM-78;LAZIO;SICILIA;13
2024/2025;LM-78;LAZIO;UMBRIA;13
2024/2025;LM-78;PIEMONTE;CAMPANIA;13
2024/2025;LM-78;PUGLIA;BASILICATA;13
2024/2025;LM-8;LOMBARDIA;SICILIA;13
2024/2025;LM-80;EMILIA ROMAGNA;VENETO;13
2024/2025;LM-81;EMILIA ROMAGNA;MARCHE;13
2024/2025;LM-8;Provincia autonoma di TRENTO;VENETO;13
2024/2025;LM-81;TOSCANA;LOMBARDIA;13
2024/2025;LM-74;LOMBARDIA;PIEMONTE;13
2024/2025;LM-70;LOMBARDIA;EMILIA ROMAGNA;13
2024/2025;LM-70;MOLISE;MOLISE;13
2024/2025;LM-70;FRIULI VENEZIA GIULIA;VENETO;13
2024/2025;LM-69;UMBRIA;ABRUZZO;13
2024/2025;LM-69;UMBRIA;MARCHE;13
2024/2025;LM-7;VENETO;LOMBARDIA;13
2024/2025;LM-84;TOSCANA;PUGLIA;13
2024/2025;LM-84;TOSCANA;UMBRIA;13
2024/2025;LM-85;EMILIA ROMAGNA;Provincia autonoma di TRENTO;13
2024/2025;LM-84;LAZIO;CAMPANIA;13
2024/2025;LM-85 bis;LOMBARDIA;LIGURIA;13
2024/2025;LM-85 bis;MOLISE;BASILICATA;13
2024/2025;LM-85;PIEMONTE;SICILIA;13
2024/2025;LM-88;UMBRIA;LAZIO;13
2024/2025;LM-89;LAZIO;MOLISE;13
2024/2025;LM-89;TOSCANA;MARCHE;13
2024/2025;LM-87;EMILIA ROMAGNA;CALABRIA;13
2024/2025;LM-86;UMBRIA;UMBRIA;13
2024/2025;LM-87;LOMBARDIA;EMILIA ROMAGNA;13
2024/2025;LM-87;SICILIA;CALABRIA;13
2024/2025;LM-91;Provincia autonoma di TRENTO;VENETO;13
2024/2025;LM-92;LOMBARDIA;SICILIA;13
2024/2025;LM-92;UMBRIA;TOSCANA;13
2024/2025;LM-94;FRIULI VENEZIA GIULIA;TOSCANA;13
2024/2025;LM-94;VENETO;EMILIA ROMAGNA;13
2024/2025;LM-9;FRIULI VENEZIA GIULIA;SICILIA;13
2024/2025;LM-9;TOSCANA;MARCHE;13
2024/2025;LM-91;EMILIA ROMAGNA;VENETO;13
2024/2025;LMR/02;PIEMONTE;LOMBARDIA;13
2024/2025;L-P02;LOMBARDIA;LOMBARDIA;13
2024/2025;LMG/01;VENETO;ABRUZZO;13
2024/2025;LMG/01;PIEMONTE;VENETO;13
2024/2025;LMG/01;PIEMONTE;REGIONE ESTERA;13
2024/2025;LM-Data;Provincia autonoma di TRENTO;VENETO;13
2024/2025;LMG/01;FRIULI VENEZIA GIULIA;PUGLIA;13
2024/2025;LMG/01;MARCHE;LOMBARDIA;13
2024/2025;LMG/01;LIGURIA;LOMBARDIA;12
2024/2025;LM-Data;FRIULI VENEZIA GIULIA;VENETO;12
2024/2025;LM-Data;LOMBARDIA;PIEMONTE;12
2024/2025;LMG/01;CAMPANIA;SICILIA;12
2024/2025;LMG/01;PIEMONTE;LAZIO;12
2024/2025;LMG/01;VENETO;CAMPANIA;12
2024/2025;LMG/01;VENETO;MARCHE;12
2024/2025;LM-90;LAZIO;VENETO;12
2024/2025;LM-9;VENETO;Provincia autonoma di TRENTO;12
2024/2025;LM-9;VENETO;PUGLIA;12
2024/2025;LM-9;FRIULI VENEZIA GIULIA;PUGLIA;12
2024/2025;LM-9;LOMBARDIA;CAMPANIA;12
2024/2025;LM-9;LOMBARDIA;LAZIO;12
2024/2025;LM-94;PIEMONTE;TOSCANA;12
2024/2025;LM-94;LAZIO;ABRUZZO;12
2024/2025;LM-94;FRIULI VENEZIA GIULIA;EMILIA ROMAGNA;12
2024/2025;LM-92;VENETO;FRIULI VENEZIA GIULIA;12
2024/2025;LM-93;CAMPANIA;CAMPANIA;12
2024/2025;LM-92;LOMBARDIA;VENETO;12
2024/2025;LM-92;SARDEGNA;SARDEGNA;12
2024/2025;LM-91;MARCHE;MARCHE;12
2024/2025;L-Sc.Mat.;EMILIA ROMAGNA;LOMBARDIA;12
2024/2025;LM-87;TOSCANA;CALABRIA;12
2024/2025;LM-87;VENETO;PUGLIA;12
2024/2025;LM-88;ABRUZZO;CAMPANIA;12
2024/2025;LM-88;ABRUZZO;LAZIO;12
2024/2025;LM-86;SICILIA;CALABRIA;12
2024/2025;LM-87;CALABRIA;SICILIA;12
2024/2025;LM-85 bis;TOSCANA;PUGLIA;12
2024/2025;LM-89;TOSCANA;SARDEGNA;12
2024/2025;LM-89;TOSCANA;CALABRIA;12
2024/2025;LM-89;TOSCANA;VENETO;12
2024/2025;LM-88;UMBRIA;UMBRIA;12
2024/2025;LM-88;PIEMONTE;TOSCANA;12
2024/2025;LM-88;EMILIA ROMAGNA;PUGLIA;12
2024/2025;LM-89;EMILIA ROMAGNA;ABRUZZO;12
2024/2025;LM-85 bis;LAZIO;SARDEGNA;12
2024/2025;LM-84;LAZIO;TOSCANA;12
2024/2025;LM-84;LAZIO;UMBRIA;12
2024/2025;LM-84;LOMBARDIA;SICILIA;12
2024/2025;LM-84;VENETO;Provincia autonoma di BOLZANO;12
2024/2025;LM-82;LOMBARDIA;LAZIO;12
2024/2025;LM-70;EMILIA ROMAGNA;LAZIO;12
2024/2025;LM-73;SICILIA;SICILIA;12
2024/2025;LM-73;PUGLIA;PUGLIA;12
2024/2025;LM-73;Provincia autonoma di BOLZANO;Provincia autonoma di BOLZANO;12
2024/2025;LM-71;EMILIA ROMAGNA;TOSCANA;12
2024/2025;LM-76;VENETO;MARCHE;12
2024/2025;LM-81;PIEMONTE;VENETO;12
2024/2025;LM-8;LOMBARDIA;LIGURIA;12
2024/2025;LM-79;TOSCANA;REGIONE ESTERA;12
2024/2025;LM-78;SICILIA;CALABRIA;12
2024/2025;LM-78;Provincia autonoma di TRENTO;LOMBARDIA;12
2024/2025;LM-77;VENETO;ABRUZZO;12
2024/2025;LM-77;VENETO;CALABRIA;12
2024/2025;LM-77;MOLISE;CAMPANIA;12
2024/2025;LM-77;MARCHE;UMBRIA;12
2024/2025;LM-77;Provincia autonoma di TRENTO;MARCHE;12
2024/2025;LM-77;TOSCANA;EMILIA ROMAGNA;12
2024/2025;LM-77;TOSCANA;MARCHE;12
2024/2025;LM-77;Provincia autonoma di TRENTO;TOSCANA;12
2024/2025;LM-50;EMILIA ROMAGNA;PIEMONTE;12
2024/2025;LM-4cu;TOSCANA;Provincia autonoma di TRENTO;12
2024/2025;LM-4cu;TOSCANA;VENETO;12
2024/2025;LM-4cu;LAZIO;TOSCANA;12
2024/2025;LM-4cu;EMILIA ROMAGNA;FRIULI VENEZIA GIULIA;12
2024/2025;LM-49;LOMBARDIA;PUGLIA;12
2024/2025;LM-46;ABRUZZO;TOSCANA;12
2024/2025;LM-46;ABRUZZO;PIEMONTE;12
2024/2025;LM-46;LIGURIA;LOMBARDIA;12
2024/2025;LM-46;TOSCANA;LIGURIA;12
2024/2025;LM-46;TOSCANA;EMILIA ROMAGNA;12
2024/2025;LM-46;VENETO;LOMBARDIA;12
2024/2025;LM-48;SICILIA;SICILIA;12
2024/2025;LM-42;SARDEGNA;REGIONE ESTERA;12
2024/2025;LM-43;EMILIA ROMAGNA;PUGLIA;12
2024/2025;LM-45;EMILIA ROMAGNA;SICILIA;12
2024/2025;LM-43;TOSCANA;CAMPANIA;12
2024/2025;LM-44;LOMBARDIA;FRIULI VENEZIA GIULIA;12
2024/2025;LM-41;CAMPANIA;LIGURIA;12
2024/2025;LM-40;TOSCANA;CALABRIA;12
2024/2025;LM-40;TOSCANA;SICILIA;12
2024/2025;LM-41;ABRUZZO;Provincia autonoma di TRENTO;12
2024/2025;LM-4;VENETO;SARDEGNA;12
2024/2025;LM-4;VENETO;PIEMONTE;12
2024/2025;LM-4;TOSCANA;EMILIA ROMAGNA;12
2024/2025;LM-40;PIEMONTE;PUGLIA;12
2024/2025;LM-40;PIEMONTE;REGIONE ESTERA;12
2024/2025;LM-39;EMILIA ROMAGNA;PIEMONTE;12
2024/2025;LM-39;EMILIA ROMAGNA;SARDEGNA;12
2024/2025;LM-38;VENETO;LIGURIA;12
2024/2025;LM-39;LAZIO;SICILIA;12
2024/2025;LM-41;LIGURIA;VALLE D'AOSTA;12
2024/2025;LM-41;Provincia autonoma di BOLZANO;REGIONE ESTERA;12
2024/2025;LM-42;EMILIA ROMAGNA;ABRUZZO;12
2024/2025;LM-42;EMILIA ROMAGNA;CAMPANIA;12
2024/2025;LM-41;UMBRIA;SARDEGNA;12
2024/2025;LM-62;ABRUZZO;BASILICATA;12
2024/2025;LM-61;TOSCANA;MARCHE;12
2024/2025;LM-62;LAZIO;PIEMONTE;12
2024/2025;LM-62;LOMBARDIA;LAZIO;12
2024/2025;LM-62;LAZIO;VENETO;12
2024/2025;LM-6;VENETO;FRIULI VENEZIA GIULIA;12
2024/2025;LM-6;TOSCANA;SARDEGNA;12
2024/2025;LM-6;TOSCANA;FRIULI VENEZIA GIULIA;12
2024/2025;LM-6;PIEMONTE;LIGURIA;12
2024/2025;LM-6;VENETO;Provincia autonoma di TRENTO;12
2024/2025;LM-60;EMILIA ROMAGNA;LOMBARDIA;12
2024/2025;LM-6;LAZIO;LOMBARDIA;12
2024/2025;LM-6;LIGURIA;TOSCANA;12
2024/2025;LM-6;LIGURIA;LAZIO;12
2024/2025;LM-6;LOMBARDIA;MARCHE;12
2024/2025;LM-64;PIEMONTE;LOMBARDIA;12
2024/2025;LM-65;VENETO;LIGURIA;12
2024/2025;LM-69;EMILIA ROMAGNA;SICILIA;12
2024/2025;LM-68;CAMPANIA;BASILICATA;12
2024/2025;LM-54;SICILIA;CALABRIA;12
2024/2025;LM-56;Provincia autonoma di TRENTO;REGIONE ESTERA;12
2024/2025;LM-56;LOMBARDIA;MARCHE;12
2024/2025;LM-56;PIEMONTE;LAZIO;12
2024/2025;LM-56;PIEMONTE;LIGURIA;12
2024/2025;LM-56;LAZIO;BASILICATA;12
2024/2025;LM-56;EMILIA ROMAGNA;UMBRIA;12
2024/2025;LM-59;LAZIO;EMILIA ROMAGNA;12
2024/2025;LM-59;EMILIA ROMAGNA;LAZIO;12
2024/2025;LM-56;TOSCANA;LOMBARDIA;12
2024/2025;LM-59;UMBRIA;MARCHE;12
2024/2025;LM-6;CAMPANIA;BASILICATA;12
2024/2025;LM-6;EMILIA ROMAGNA;FRIULI VENEZIA GIULIA;12
2024/2025;LM-59;PIEMONTE;CALABRIA;12
2024/2025;LM-59;LAZIO;PIEMONTE;12
2024/2025;LM-51;TOSCANA;LAZIO;12
2024/2025;LM-51;UMBRIA;LIGURIA;12
2024/2025;LM-51;PUGLIA;BASILICATA;12
2024/2025;LM-52;LOMBARDIA;ABRUZZO;12
2024/2025;LM-52;EMILIA ROMAGNA;UMBRIA;12
2024/2025;LM-52;SARDEGNA;REGIONE ESTERA;12
2024/2025;LM-52;UMBRIA;MARCHE;12
2024/2025;LM-52;LOMBARDIA;LAZIO;12
2024/2025;LM-53;PIEMONTE;LIGURIA;12
2024/2025;LM-53;LOMBARDIA;LAZIO;12
2024/2025;LM-54;EMILIA ROMAGNA;PIEMONTE;12
2024/2025;LM-54;LAZIO;ABRUZZO;12
2023/2024;LM-Data;LOMBARDIA;VENETO;12
2023/2024;LMG/01;CALABRIA;SICILIA;12
2023/2024;LMG/01;CAMPANIA;SICILIA;12
2023/2024;LMG/01;MARCHE;VENETO;12
2023/2024;LM-91;PIEMONTE;PIEMONTE;12
2023/2024;LM-92;EMILIA ROMAGNA;PUGLIA;12
2023/2024;LM-94;LAZIO;MARCHE;12
2023/2024;LM-92;VENETO;SARDEGNA;12
2023/2024;LM-93;EMILIA ROMAGNA;SICILIA;12
2023/2024;LM-92;VENETO;PUGLIA;12
2023/2024;LMR/02;LOMBARDIA;LOMBARDIA;12
2023/2024;L-P02;VENETO;LOMBARDIA;12
2023/2024;LMG/01;VENETO;ABRUZZO;12
2023/2024;LMG/01;UMBRIA;BASILICATA;12
2024/2025;L/DS;CAMPANIA;PIEMONTE;12
2024/2025;L/DS;EMILIA ROMAGNA;SARDEGNA;12
2024/2025;L/DS;PIEMONTE;LOMBARDIA;12
2024/2025;L/DS;TOSCANA;VENETO;12
2024/2025;L/DS;EMILIA ROMAGNA;FRIULI VENEZIA GIULIA;12
2024/2025;99999;SICILIA;TOSCANA;12
2024/2025;99999;TOSCANA;CAMPANIA;12
2024/2025;99999;TOSCANA;SARDEGNA;12
2024/2025;99999;EMILIA ROMAGNA;PIEMONTE;12
2024/2025;99999;EMILIA ROMAGNA;Provincia autonoma di BOLZANO;12
2024/2025;99999;EMILIA ROMAGNA;SICILIA;12
2024/2025;99999;CAMPANIA;EMILIA ROMAGNA;12
2024/2025;99999;ABRUZZO;MOLISE;12
2024/2025;99999;PIEMONTE;LIGURIA;12
2024/2025;99999;MARCHE;PUGLIA;12
2024/2025;99999;MARCHE;SICILIA;12
2024/2025;99999;MARCHE;EMILIA ROMAGNA;12
2024/2025;99999;LAZIO;LOMBARDIA;12
2023/2024;LM-89;BASILICATA;BASILICATA;12
2023/2024;LM-89;EMILIA ROMAGNA;UMBRIA;12
2023/2024;LM-89;VENETO;LAZIO;12
2023/2024;LM-89;VENETO;SARDEGNA;12
2023/2024;LM-90;VENETO;LOMBARDIA;12
2023/2024;LM-9;VENETO;TOSCANA;12
2023/2024;LM-9;VENETO;PUGLIA;12
2023/2024;LM-9;TOSCANA;LAZIO;12
2023/2024;LM-9;TOSCANA;VENETO;12
2023/2024;LM-9;LOMBARDIA;TOSCANA;12
2023/2024;LM-9;PIEMONTE;MARCHE;12
2023/2024;LM-9;Provincia autonoma di TRENTO;LOMBARDIA;12
2023/2024;LM-9;Provincia autonoma di TRENTO;TOSCANA;12
2023/2024;LM-9;FRIULI VENEZIA GIULIA;CAMPANIA;12
2023/2024;LM-87;EMILIA ROMAGNA;MARCHE;12
2023/2024;LM-87;VENETO;SARDEGNA;12
2023/2024;LM-85 bis;UMBRIA;PIEMONTE;12
2023/2024;LM-85 bis;TOSCANA;EMILIA ROMAGNA;12
2023/2024;LM-87;CALABRIA;SICILIA;12
2023/2024;LM-87;EMILIA ROMAGNA;CALABRIA;12
2023/2024;LM-87;ABRUZZO;BASILICATA;12
2023/2024;LM-85;PIEMONTE;LOMBARDIA;12
2023/2024;LM-85;PIEMONTE;SICILIA;12
2023/2024;LM-85;LAZIO;UMBRIA;12
2023/2024;LM-85;EMILIA ROMAGNA;SICILIA;12
2023/2024;LM-85;VENETO;Provincia autonoma di BOLZANO;12
2023/2024;LM-85 bis;LIGURIA;LOMBARDIA;12
2023/2024;LM-85 bis;PIEMONTE;VALLE D'AOSTA;12
2023/2024;LM-69;EMILIA ROMAGNA;CAMPANIA;12
2023/2024;LM-68;TOSCANA;CAMPANIA;12
2023/2024;LM-68;LAZIO;PUGLIA;12
2023/2024;LM-67;LAZIO;CALABRIA;12
2023/2024;LM-67;EMILIA ROMAGNA;ABRUZZO;12
2023/2024;LM-67;PIEMONTE;SICILIA;12
2023/2024;LM-67;LOMBARDIA;EMILIA ROMAGNA;12
2023/2024;LM-67;MARCHE;CAMPANIA;12
2023/2024;LM-67;MARCHE;BASILICATA;12
2023/2024;LM-67;UMBRIA;SICILIA;12
2023/2024;LM-67;UMBRIA;CALABRIA;12
2023/2024;LM-69;UMBRIA;ABRUZZO;12
2023/2024;LM-7;VENETO;LOMBARDIA;12
2023/2024;LM-70;MOLISE;CAMPANIA;12
2023/2024;LM-71;EMILIA ROMAGNA;CAMPANIA;12
2023/2024;LM-73;BASILICATA;BASILICATA;12
2023/2024;LM-61;TOSCANA;MARCHE;12
2023/2024;LM-61;UMBRIA;MARCHE;12
2023/2024;LM-61;PUGLIA;BASILICATA;12
2023/2024;LM-63;EMILIA ROMAGNA;ABRUZZO;12
2023/2024;LM-63;EMILIA ROMAGNA;PUGLIA;12
2023/2024;LM-63;EMILIA ROMAGNA;SICILIA;12
2023/2024;LM-63;CAMPANIA;BASILICATA;12
2023/2024;LM-62;PIEMONTE;LOMBARDIA;12
2023/2024;LM-62;UMBRIA;UMBRIA;12
2023/2024;LM-62;LOMBARDIA;CAMPANIA;12
2023/2024;LM-63;Provincia autonoma di BOLZANO;Provincia autonoma di TRENTO;12
2023/2024;LM-65;PIEMONTE;TOSCANA;12
2023/2024;LM-65;LOMBARDIA;EMILIA ROMAGNA;12
2023/2024;LM-66;CAMPANIA;CAMPANIA;12
2023/2024;LM-65;VENETO;MARCHE;12
2023/2024;LM-67;ABRUZZO;BASILICATA;12
2023/2024;LM-66;TOSCANA;REGIONE ESTERA;12
2023/2024;LM-77;TOSCANA;SARDEGNA;12
2023/2024;LM-77;TOSCANA;LOMBARDIA;12
2023/2024;LM-77;Provincia autonoma di TRENTO;CAMPANIA;12
2023/2024;LM-77;PIEMONTE;VALLE D'AOSTA;12
2023/2024;LM-76;UMBRIA;UMBRIA;12
2023/2024;LM-76;LOMBARDIA;TOSCANA;12
2023/2024;LM-76;LOMBARDIA;CAMPANIA;12
2023/2024;LM-76;LOMBARDIA;LIGURIA;12
2023/2024;LM-75;LOMBARDIA;LAZIO;12
2023/2024;LM-77;EMILIA ROMAGNA;Provincia autonoma di BOLZANO;12
2023/2024;LM-80;PIEMONTE;LOMBARDIA;12
2023/2024;LM-81;FRIULI VENEZIA GIULIA;FRIULI VENEZIA GIULIA;12
2023/2024;LM-8;UMBRIA;UMBRIA;12
2023/2024;LM-78;PIEMONTE;LIGURIA;12
2023/2024;LM-78;VENETO;SICILIA;12
2023/2024;LM-78;TOSCANA;LOMBARDIA;12
2023/2024;LM-84;LAZIO;CAMPANIA;12
2023/2024;LM-84;LAZIO;TOSCANA;12
2023/2024;LM-84;PIEMONTE;SICILIA;12
2023/2024;LM-81;PIEMONTE;LOMBARDIA;12
2023/2024;LM-81;SICILIA;REGIONE ESTERA;12
2023/2024;LM-81;VENETO;LOMBARDIA;12
2023/2024;LM-82;LOMBARDIA;SICILIA;12
2024/2025;L-22;EMILIA ROMAGNA;Provincia autonoma di BOLZANO;12
2024/2025;L-22;CAMPANIA;PUGLIA;12
2024/2025;L-22;LIGURIA;PIEMONTE;12
2024/2025;L-22;LOMBARDIA;CALABRIA;12
2024/2025;L-20;VENETO;Provincia autonoma di BOLZANO;12
2024/2025;L-24;EMILIA ROMAGNA;UMBRIA;12
2024/2025;L-24;EMILIA ROMAGNA;CAMPANIA;12
2024/2025;L-22;PUGLIA;CAMPANIA;12
2024/2025;L-22;UMBRIA;LOMBARDIA;12
2024/2025;L-23;LAZIO;CALABRIA;12
2024/2025;L-23;LOMBARDIA;VENETO;12
2024/2025;L-19;PIEMONTE;PUGLIA;12
2024/2025;L-19;LOMBARDIA;LIGURIA;12
2024/2025;L-2;LAZIO;ABRUZZO;12
2024/2025;L-2;EMILIA ROMAGNA;LIGURIA;12
2024/2025;L-20;LAZIO;FRIULI VENEZIA GIULIA;12
2024/2025;L-2;VENETO;MARCHE;12
2024/2025;L-17;VENETO;Provincia autonoma di BOLZANO;12
2024/2025;L-18;CAMPANIA;SICILIA;12
2024/2025;L-18;LAZIO;FRIULI VENEZIA GIULIA;12
2024/2025;L-18;FRIULI VENEZIA GIULIA;PIEMONTE;12
2024/2025;L-18;MARCHE;LAZIO;12
2024/2025;L-19;LAZIO;EMILIA ROMAGNA;12
2024/2025;L-18;VENETO;ABRUZZO;12
2024/2025;L-18;Provincia autonoma di TRENTO;MARCHE;12
2024/2025;L-18;Provincia autonoma di BOLZANO;LAZIO;12
2024/2025;L-18;Provincia autonoma di BOLZANO;LIGURIA;12
2024/2025;L-17;LAZIO;REGIONE ESTERA;12
2024/2025;L-17;EMILIA ROMAGNA;LOMBARDIA;12
2024/2025;L-16;CAMPANIA;BASILICATA;12
2024/2025;L-16;CAMPANIA;PUGLIA;12
2024/2025;L-16;LAZIO;TOSCANA;12
2024/2025;L-16;LAZIO;UMBRIA;12
2024/2025;L-15;VENETO;EMILIA ROMAGNA;12
2024/2025;L-14;VENETO;Provincia autonoma di BOLZANO;12
2024/2025;L-14;VENETO;SICILIA;12
2024/2025;L-15;CALABRIA;REGIONE ESTERA;12
2024/2025;L-15;LAZIO;PUGLIA;12
2024/2025;L-14;PUGLIA;SICILIA;12
2024/2025;L-14;Provincia autonoma di TRENTO;PUGLIA;12
2024/2025;L-14;UMBRIA;MARCHE;12
2024/2025;L-14;MARCHE;LOMBARDIA;12
2024/2025;L-1;LAZIO;SARDEGNA;12
2024/2025;L-1;LOMBARDIA;ABRUZZO;12
2024/2025;L-1;EMILIA ROMAGNA;CAMPANIA;12
2024/2025;L-1;UMBRIA;TOSCANA;12
2024/2025;L-1;VENETO;CAMPANIA;12
2024/2025;L-1;TOSCANA;PIEMONTE;12
2024/2025;L-10;ABRUZZO;BASILICATA;12
2024/2025;L/SNT2;LAZIO;PIEMONTE;12
2024/2025;L/SNT2;BASILICATA;CAMPANIA;12
2024/2025;L/SNT2;ABRUZZO;BASILICATA;12
2024/2025;L/SNT3;ABRUZZO;MOLISE;12
2024/2025;L/SNT2;LOMBARDIA;LIGURIA;12
2024/2025;L/SNT2;LAZIO;SARDEGNA;12
2024/2025;L/SNT1;CAMPANIA;LAZIO;12
2024/2025;L/SNT1;CAMPANIA;REGIONE ESTERA;12
2024/2025;L/SNT1;LAZIO;EMILIA ROMAGNA;12
2024/2025;L/SNT1;LOMBARDIA;TOSCANA;12
2024/2025;L/SNT1;LAZIO;PIEMONTE;12
2024/2025;L/SNT1;PIEMONTE;BASILICATA;12
2024/2025;L/SNT1;TOSCANA;EMILIA ROMAGNA;12
2024/2025;L/SNT1;TOSCANA;LAZIO;12
2024/2025;L/SNT1;SICILIA;REGIONE ESTERA;12
2024/2025;L-10;PUGLIA;CALABRIA;12
2024/2025;L-10;LOMBARDIA;LAZIO;12
2024/2025;L-10;MARCHE;CAMPANIA;12
2024/2025;L-11;ABRUZZO;CAMPANIA;12
2024/2025;L-10;UMBRIA;SICILIA;12
2024/2025;L-10;VENETO;CALABRIA;12
2024/2025;L-12;ABRUZZO;MARCHE;12
2024/2025;L-11;LAZIO;PIEMONTE;12
2024/2025;L-13;LOMBARDIA;TOSCANA;12
2024/2025;L-13;EMILIA ROMAGNA;MOLISE;12
2024/2025;L-13;LOMBARDIA;CALABRIA;12
2024/2025;L-13;LOMBARDIA;LIGURIA;12
2024/2025;L-13;LIGURIA;LOMBARDIA;12
2024/2025;L-13;VENETO;LAZIO;12
2024/2025;L-14;CAMPANIA;LAZIO;12
2024/2025;L-12;VENETO;ABRUZZO;12
2024/2025;L-12;PIEMONTE;VENETO;12
2024/2025;L-12;LAZIO;REGIONE ESTERA;12
2024/2025;L-12;EMILIA ROMAGNA;LIGURIA;12
2024/2025;LM-20;LOMBARDIA;FRIULI VENEZIA GIULIA;12
2024/2025;LM-21;EMILIA ROMAGNA;MARCHE;12
2024/2025;LM-21;EMILIA ROMAGNA;PUGLIA;12
2024/2025;LM-21;TOSCANA;CAMPANIA;12
2024/2025;LM-21;MOLISE;MOLISE;12
2024/2025;LM-21;LOMBARDIA;PIEMONTE;12
2024/2025;LM-21;TOSCANA;VENETO;12
2024/2025;LM-23;PUGLIA;BASILICATA;12
2024/2025;LM-23;Provincia autonoma di TRENTO;REGIONE ESTERA;12
2024/2025;LM-30;PIEMONTE;MARCHE;12
2024/2025;LM-30;PIEMONTE;FRIULI VENEZIA GIULIA;12
2024/2025;LM-30;PIEMONTE;CALABRIA;12
2024/2025;LM-30;EMILIA ROMAGNA;CAMPANIA;12
2024/2025;LM-3;SICILIA;SICILIA;12
2024/2025;LM-29;LOMBARDIA;CAMPANIA;12
2024/2025;LM-28;PUGLIA;BASILICATA;12
2024/2025;LM-29;PIEMONTE;EMILIA ROMAGNA;12
2024/2025;LM-29;PIEMONTE;UMBRIA;12
2024/2025;LM-24;LOMBARDIA;PUGLIA;12
2024/2025;LM-25;PIEMONTE;EMILIA ROMAGNA;12
2024/2025;LM-25;SICILIA;REGIONE ESTERA;12
2024/2025;LM-37;TOSCANA;CAMPANIA;12
2024/2025;LM-37;VENETO;MARCHE;12
2024/2025;LM-37;LAZIO;TOSCANA;12
2024/2025;LM-35;LOMBARDIA;LAZIO;12
2024/2025;LM-33;PIEMONTE;VALLE D'AOSTA;12
2024/2025;LM-34;LIGURIA;SARDEGNA;12
2024/2025;LM-34;FRIULI VENEZIA GIULIA;SICILIA;12
2024/2025;LM-35;EMILIA ROMAGNA;CALABRIA;12
2024/2025;LM-31;LOMBARDIA;Provincia autonoma di TRENTO;12
2024/2025;LM-31;LAZIO;PUGLIA;12
2024/2025;LM-33;LOMBARDIA;CALABRIA;12
2024/2025;LM-33;LAZIO;UMBRIA;12
2024/2025;LM-33;EMILIA ROMAGNA;PIEMONTE;12
2024/2025;LM-33;CAMPANIA;BASILICATA;12
2024/2025;LM-32;LAZIO;UMBRIA;12
2024/2025;LM-32;MARCHE;PUGLIA;12
2024/2025;LM-32;SARDEGNA;REGIONE ESTERA;12
2024/2025;LM-19;EMILIA ROMAGNA;BASILICATA;12
2024/2025;LM-19;LAZIO;PIEMONTE;12
2024/2025;LM-18;TOSCANA;UMBRIA;12
2024/2025;LM-2;TOSCANA;CALABRIA;12
2024/2025;LM-2;TOSCANA;VENETO;12
2024/2025;LM-2;LAZIO;CAMPANIA;12
2024/2025;LM-16;VENETO;REGIONE ESTERA;12
2024/2025;LM-16;Provincia autonoma di TRENTO;PUGLIA;12
2024/2025;LM-17;EMILIA ROMAGNA;LIGURIA;12
2024/2025;LM-17;EMILIA ROMAGNA;PIEMONTE;12
2024/2025;LM-17;PIEMONTE;LIGURIA;12
2024/2025;LM-17;PIEMONTE;LOMBARDIA;12
2024/2025;LM-17;EMILIA ROMAGNA;UMBRIA;12
2024/2025;LM-17;TOSCANA;ABRUZZO;12
2024/2025;LM-17;VENETO;PUGLIA;12
2024/2025;LM-18;MARCHE;ABRUZZO;12
2024/2025;LM-14;EMILIA ROMAGNA;BASILICATA;12
2024/2025;LM-14;ABRUZZO;LAZIO;12
2024/2025;LM-13;PUGLIA;CALABRIA;12
2024/2025;LM-13;LAZIO;PIEMONTE;12
2024/2025;LM-13;LOMBARDIA;MARCHE;12
2024/2025;LM-16;LOMBARDIA;MARCHE;12
2024/2025;LM-15;EMILIA ROMAGNA;CAMPANIA;12
2024/2025;LM-15;EMILIA ROMAGNA;LOMBARDIA;12
2024/2025;LM-15;EMILIA ROMAGNA;MARCHE;12
2024/2025;LM-14;TOSCANA;LOMBARDIA;12
2024/2025;LM-14;PIEMONTE;LAZIO;12
2024/2025;LM-12;VENETO;CAMPANIA;12
2024/2025;LM-12;TOSCANA;LAZIO;12
2024/2025;LM-12;TOSCANA;PUGLIA;12
2024/2025;LM-12;VENETO;SICILIA;12
2024/2025;LM-13;EMILIA ROMAGNA;PIEMONTE;12
2024/2025;LM-13;CAMPANIA;CALABRIA;12
2024/2025;LM-12;PIEMONTE;REGIONE ESTERA;12
2024/2025;LM-12;EMILIA ROMAGNA;SICILIA;12
2024/2025;LM-12;EMILIA ROMAGNA;MARCHE;12
2024/2025;LM/SNT3;LAZIO;SICILIA;12
2024/2025;LM/SNT3;LAZIO;CALABRIA;12
2024/2025;LM/SNT1;MARCHE;EMILIA ROMAGNA;12
2024/2025;L-9;PUGLIA;BASILICATA;12
2024/2025;LM/DS;PIEMONTE;REGIONE ESTERA;12
2024/2025;LM/SC-GIUR;EMILIA ROMAGNA;PIEMONTE;12
2024/2025;LM/SC-GIUR;CAMPANIA;CAMPANIA;12
2024/2025;L-9;PIEMONTE;Provincia autonoma di TRENTO;12
2024/2025;L-35;ABRUZZO;LAZIO;12
2024/2025;L-33;TOSCANA;MARCHE;12
2024/2025;L-35;Provincia autonoma di TRENTO;MARCHE;12
2024/2025;L-35;TOSCANA;CALABRIA;12
2024/2025;L-35;PIEMONTE;CALABRIA;12
2024/2025;L-35;PIEMONTE;TOSCANA;12
2024/2025;L-33;ABRUZZO;BASILICATA;12
2024/2025;L-32;TOSCANA;EMILIA ROMAGNA;12
2024/2025;L-33;EMILIA ROMAGNA;MOLISE;12
2024/2025;L-33;LAZIO;LIGURIA;12
2024/2025;L-33;Provincia autonoma di BOLZANO;EMILIA ROMAGNA;12
2024/2025;L-33;MARCHE;MOLISE;12
2024/2025;L-33;LOMBARDIA;Provincia autonoma di BOLZANO;12
2024/2025;L-31;Provincia autonoma di BOLZANO;VENETO;12
2024/2025;L-31;UMBRIA;ABRUZZO;12
2024/2025;L-31;VENETO;MARCHE;12
2024/2025;L-32;PIEMONTE;CALABRIA;12
2024/2025;L-31;EMILIA ROMAGNA;FRIULI VENEZIA GIULIA;12
2024/2025;L-31;BASILICATA;CAMPANIA;12
2024/2025;L-31;LAZIO;MARCHE;12
2024/2025;L-30;LOMBARDIA;MARCHE;12
2024/2025;L-30;VENETO;LAZIO;12
2024/2025;L-30;VENETO;TOSCANA;12
2024/2025;L-30;FRIULI VENEZIA GIULIA;EMILIA ROMAGNA;12
2024/2025;L-3;TOSCANA;PIEMONTE;12
2024/2025;L-30;EMILIA ROMAGNA;LAZIO;12
2024/2025;L-3;TOSCANA;ABRUZZO;12
2024/2025;L-3;LOMBARDIA;FRIULI VENEZIA GIULIA;12
2024/2025;L-27;TOSCANA;UMBRIA;12
2024/2025;L-27;PIEMONTE;REGIONE ESTERA;12
2024/2025;L-29;LAZIO;CALABRIA;12
2024/2025;L-29;LOMBARDIA;EMILIA ROMAGNA;12
2024/2025;L-29;LOMBARDIA;PIEMONTE;12
2024/2025;L-24;UMBRIA;REGIONE ESTERA;12
2024/2025;L-24;TOSCANA;SARDEGNA;12
2024/2025;L-25;FRIULI VENEZIA GIULIA;SICILIA;12
2024/2025;L-26;TOSCANA;LIGURIA;12
2024/2025;L-26;TOSCANA;SICILIA;12
2024/2025;L-26;UMBRIA;TOSCANA;12
2024/2025;L-26;LAZIO;UMBRIA;12
2024/2025;L-26;PIEMONTE;LIGURIA;12
2024/2025;L-41;EMILIA ROMAGNA;ABRUZZO;12
2024/2025;L-40;UMBRIA;SARDEGNA;12
2024/2025;L-40;UMBRIA;VENETO;12
2024/2025;L-41;LAZIO;CAMPANIA;12
2024/2025;L-41;VENETO;ABRUZZO;12
2024/2025;L-42;TOSCANA;LOMBARDIA;12
2024/2025;L-42;VENETO;REGIONE ESTERA;12
2024/2025;L-5;LOMBARDIA;SARDEGNA;12
2024/2025;L-5;LAZIO;REGIONE ESTERA;12
2024/2025;L-5;UMBRIA;LAZIO;12
2024/2025;L-5;VENETO;Provincia autonoma di BOLZANO;12
2024/2025;L-7;LAZIO;UMBRIA;12
2024/2025;L-7;FRIULI VENEZIA GIULIA;REGIONE ESTERA;12
2024/2025;L-7;Provincia autonoma di TRENTO;EMILIA ROMAGNA;12
2024/2025;L-7;LOMBARDIA;VENETO;12
2024/2025;L-8;EMILIA ROMAGNA;LIGURIA;12
2024/2025;L-7;TOSCANA;LAZIO;12
2024/2025;L-8;LOMBARDIA;CAMPANIA;12
2024/2025;L-8;MARCHE;CAMPANIA;12
2024/2025;L-8;LOMBARDIA;SARDEGNA;12
2024/2025;L-8;MARCHE;SICILIA;12
2024/2025;L-8;VENETO;CAMPANIA;12
2024/2025;L-37;EMILIA ROMAGNA;UMBRIA;12
2024/2025;L-39;ABRUZZO;MOLISE;12
2024/2025;L-38;TOSCANA;SARDEGNA;12
2024/2025;L-36;MARCHE;LOMBARDIA;12
2024/2025;L-36;EMILIA ROMAGNA;Provincia autonoma di BOLZANO;12
2024/2025;L-35;TOSCANA;REGIONE ESTERA;12
2024/2025;L-36;CAMPANIA;LOMBARDIA;12
2024/2025;L-4;PIEMONTE;BASILICATA;12
2024/2025;L-40;UMBRIA;BASILICATA;12
2024/2025;L-40;UMBRIA;CALABRIA;12
2024/2025;L-40;EMILIA ROMAGNA;SARDEGNA;12
2024/2025;L-40;LAZIO;CAMPANIA;12
2024/2025;L-40;ABRUZZO;PIEMONTE;12
2024/2025;L-39;EMILIA ROMAGNA;BASILICATA;12
2024/2025;L-39;PIEMONTE;VALLE D'AOSTA;12
2024/2025;L-4;LIGURIA;EMILIA ROMAGNA;12
2024/2025;L-4;LAZIO;CAMPANIA;12
2024/2025;L-4;LOMBARDIA;Provincia autonoma di TRENTO;12
2023/2024;LM-56;EMILIA ROMAGNA;FRIULI VENEZIA GIULIA;12
2023/2024;LM-56;LAZIO;LOMBARDIA;12
2023/2024;LM-57;LOMBARDIA;CALABRIA;12
2023/2024;LM-56;TOSCANA;SICILIA;12
2023/2024;LM-56;TOSCANA;CAMPANIA;12
2023/2024;LM-56;TOSCANA;LAZIO;12
2023/2024;LM-54;EMILIA ROMAGNA;PIEMONTE;12
2023/2024;LM-53;PIEMONTE;LIGURIA;12
2023/2024;LM-53;VENETO;FRIULI VENEZIA GIULIA;12
2023/2024;LM-52;UMBRIA;LAZIO;12
2023/2024;LM-53;LOMBARDIA;PUGLIA;12
2023/2024;LM-52;VENETO;MARCHE;12
2023/2024;LM-59;EMILIA ROMAGNA;CAMPANIA;12
2023/2024;LM-57;LOMBARDIA;VENETO;12
2023/2024;LM-59;TOSCANA;VENETO;12
2023/2024;LM-6;CAMPANIA;CALABRIA;12
2023/2024;LM-59;TOSCANA;CAMPANIA;12
2023/2024;LM-6;FRIULI VENEZIA GIULIA;TOSCANA;12
2023/2024;LM-6;EMILIA ROMAGNA;Provincia autonoma di TRENTO;12
2023/2024;LM-60;PIEMONTE;LAZIO;12
2023/2024;LM-60;LIGURIA;LIGURIA;12
2023/2024;LM-6;VENETO;SICILIA;12
2023/2024;LM-60;EMILIA ROMAGNA;LAZIO;12
2023/2024;LM-6;PIEMONTE;VALLE D'AOSTA;12
2023/2024;LM-6;SICILIA;REGIONE ESTERA;12
2023/2024;LM-6;LAZIO;EMILIA ROMAGNA;12
2023/2024;LM-51;TOSCANA;UMBRIA;12
2023/2024;LM-52;EMILIA ROMAGNA;LIGURIA;12
2023/2024;LM-52;EMILIA ROMAGNA;FRIULI VENEZIA GIULIA;12
2023/2024;LM-52;LOMBARDIA;MARCHE;12
2023/2024;LM-52;LIGURIA;PIEMONTE;12
2023/2024;LM-52;MARCHE;ABRUZZO;12
2023/2024;LM-51;LAZIO;FRIULI VENEZIA GIULIA;12
2023/2024;LM-51;LAZIO;LIGURIA;12
2023/2024;LM-50;PIEMONTE;LOMBARDIA;12
2023/2024;LM-51;CAMPANIA;CALABRIA;12
2023/2024;LM-51;ABRUZZO;SICILIA;12
2023/2024;LM-4cu;ABRUZZO;BASILICATA;12
2023/2024;LM-49;VENETO;REGIONE ESTERA;12
2023/2024;LM-49;VENETO;EMILIA ROMAGNA;12
2023/2024;LM-4cu;LOMBARDIA;TOSCANA;12
2023/2024;LM-4cu;LOMBARDIA;PUGLIA;12
2023/2024;LM-46;VENETO;LOMBARDIA;12
2023/2024;LM-46;CAMPANIA;PUGLIA;12
2023/2024;LM-46;CALABRIA;CAMPANIA;12
2023/2024;LM-46;LAZIO;MARCHE;12
2023/2024;LM-46;PUGLIA;SICILIA;12
2023/2024;LM-41;PUGLIA;MOLISE;12
2023/2024;LM-40;EMILIA ROMAGNA;TOSCANA;12
2023/2024;LM-40;PIEMONTE;LOMBARDIA;12
2023/2024;LM-40;PIEMONTE;PUGLIA;12
2023/2024;LM-40;LOMBARDIA;EMILIA ROMAGNA;12
2023/2024;LM-40;TOSCANA;CALABRIA;12
2023/2024;LM-40;VENETO;LOMBARDIA;12
2023/2024;LM-41;CAMPANIA;FRIULI VENEZIA GIULIA;12
2023/2024;LM-45;LOMBARDIA;EMILIA ROMAGNA;12
2023/2024;LM-45;LOMBARDIA;VENETO;12
2023/2024;LM-44;PIEMONTE;ABRUZZO;12
2023/2024;LM-44;LOMBARDIA;FRIULI VENEZIA GIULIA;12
2023/2024;LM-44;FRIULI VENEZIA GIULIA;VENETO;12
2023/2024;LM-42;PUGLIA;LOMBARDIA;12
2023/2024;LM-42;PUGLIA;REGIONE ESTERA;12
2023/2024;LM-42;SICILIA;VENETO;12
2023/2024;LM-42;SICILIA;LAZIO;12
2023/2024;LM-42;UMBRIA;CAMPANIA;12
2023/2024;LM-43;TOSCANA;CAMPANIA;12
2023/2024;LM-43;TOSCANA;LIGURIA;12
2023/2024;LM-42;PIEMONTE;EMILIA ROMAGNA;12
2023/2024;LM-42;MARCHE;SICILIA;12
2023/2024;LM-36;VENETO;FRIULI VENEZIA GIULIA;12
2023/2024;LM-35;Provincia autonoma di TRENTO;REGIONE ESTERA;12
2023/2024;LM-35;PIEMONTE;VENETO;12
2023/2024;LM-34;LIGURIA;LOMBARDIA;12
2023/2024;LM-35;EMILIA ROMAGNA;LOMBARDIA;12
2023/2024;LM-35;CALABRIA;REGIONE ESTERA;12
2023/2024;LM-32;Provincia autonoma di TRENTO;LOMBARDIA;12
2023/2024;LM-32;VENETO;LOMBARDIA;12
2023/2024;LM-33;PIEMONTE;Provincia autonoma di TRENTO;12
2023/2024;LM-33;PIEMONTE;FRIULI VENEZIA GIULIA;12
2023/2024;LM-33;LOMBARDIA;CALABRIA;12
2023/2024;LM-37;PIEMONTE;VALLE D'AOSTA;12
2023/2024;LM-37;TOSCANA;CALABRIA;12
2023/2024;LM-37;VENETO;TOSCANA;12
2023/2024;LM-38;PIEMONTE;VENETO;12
2023/2024;LM-4;LOMBARDIA;SARDEGNA;12
2023/2024;LM-4;PIEMONTE;BASILICATA;12
2023/2024;LM-4;TOSCANA;SARDEGNA;12
2023/2024;LM-4;FRIULI VENEZIA GIULIA;VENETO;12
2023/2024;LM-39;EMILIA ROMAGNA;BASILICATA;12
2023/2024;L-5;LOMBARDIA;LAZIO;12
2023/2024;L-5;TOSCANA;LOMBARDIA;12
2023/2024;L-5;UMBRIA;TOSCANA;12
2023/2024;L-42;TOSCANA;UMBRIA;12
2023/2024;L-42;VENETO;Provincia autonoma di TRENTO;12
2023/2024;L-42;VENETO;REGIONE ESTERA;12
2023/2024;L-5;LOMBARDIA;CALABRIA;12
2023/2024;L-5;LAZIO;LOMBARDIA;12
2023/2024;L-8;EMILIA ROMAGNA;LIGURIA;12
2023/2024;L-8;Provincia autonoma di TRENTO;REGIONE ESTERA;12
2023/2024;L-8;MARCHE;LAZIO;12
2023/2024;L-9;CAMPANIA;SARDEGNA;12
2023/2024;L-9;PIEMONTE;Provincia autonoma di TRENTO;12
2023/2024;LM-13;LAZIO;TOSCANA;12
2023/2024;LM-12;PIEMONTE;EMILIA ROMAGNA;12
2023/2024;LM-12;VENETO;CAMPANIA;12
2023/2024;LM-12;EMILIA ROMAGNA;PUGLIA;12
2023/2024;LM-12;CALABRIA;CALABRIA;12
2023/2024;LM-12;LOMBARDIA;ABRUZZO;12
2023/2024;LM-14;EMILIA ROMAGNA;BASILICATA;12
2023/2024;LM-14;ABRUZZO;LAZIO;12
2023/2024;LM-13;UMBRIA;MOLISE;12
2023/2024;LM-14;EMILIA ROMAGNA;LIGURIA;12
2023/2024;LM-14;LOMBARDIA;CAMPANIA;12
2023/2024;LM-14;LOMBARDIA;LIGURIA;12
2023/2024;LM-13;TOSCANA;MOLISE;12
2023/2024;LM-13;PUGLIA;CALABRIA;12
2023/2024;LM/SNT2;LAZIO;PUGLIA;12
2023/2024;LM/SNT1;LOMBARDIA;PIEMONTE;12
2023/2024;LM/SNT3;SICILIA;CALABRIA;12
2023/2024;LM-1;VENETO;Provincia autonoma di TRENTO;12
2023/2024;LM-1;PIEMONTE;PUGLIA;12
2023/2024;LM-1;BASILICATA;CAMPANIA;12
2023/2024;LM/DS;TOSCANA;SICILIA;12
2023/2024;LM/GASTR;PIEMONTE;LOMBARDIA;12
2023/2024;LM/SNT1;LAZIO;SICILIA;12
2023/2024;LM/DS;PIEMONTE;REGIONE ESTERA;12
2023/2024;LM-17;LAZIO;MARCHE;12
2023/2024;LM-17;LAZIO;UMBRIA;12
2023/2024;LM-17;TOSCANA;EMILIA ROMAGNA;12
2023/2024;LM-17;TOSCANA;LAZIO;12
2023/2024;LM-18;TOSCANA;ABRUZZO;12
2023/2024;LM-17;VENETO;TOSCANA;12
2023/2024;LM-17;VENETO;FRIULI VENEZIA GIULIA;12
2023/2024;LM-18;EMILIA ROMAGNA;CAMPANIA;12
2023/2024;LM-15;FRIULI VENEZIA GIULIA;FRIULI VENEZIA GIULIA;12
2023/2024;LM-14;MARCHE;EMILIA ROMAGNA;12
2023/2024;LM-14;TOSCANA;BASILICATA;12
2023/2024;LM-16;LOMBARDIA;SARDEGNA;12
2023/2024;LM-16;Provincia autonoma di TRENTO;PUGLIA;12
2023/2024;LM-16;EMILIA ROMAGNA;ABRUZZO;12
2023/2024;LM-16;LAZIO;MARCHE;12
2023/2024;LM-20;LOMBARDIA;FRIULI VENEZIA GIULIA;12
2023/2024;LM-2;TOSCANA;PIEMONTE;12
2023/2024;LM-2;EMILIA ROMAGNA;SARDEGNA;12
2023/2024;LM-2;FRIULI VENEZIA GIULIA;FRIULI VENEZIA GIULIA;12
2023/2024;LM-18;VENETO;EMILIA ROMAGNA;12
2023/2024;LM-19;VENETO;EMILIA ROMAGNA;12
2023/2024;LM-21;LIGURIA;LOMBARDIA;12
2023/2024;LM-21;TOSCANA;LAZIO;12
2023/2024;LM-21;TOSCANA;VENETO;12
2023/2024;LM-21;VENETO;LAZIO;12
2023/2024;LM-22;LAZIO;REGIONE ESTERA;12
2023/2024;LM-22;LOMBARDIA;MARCHE;12
2023/2024;LM-22;LOMBARDIA;SICILIA;12
2023/2024;LM-22;EMILIA ROMAGNA;CALABRIA;12
2023/2024;LM-23;EMILIA ROMAGNA;TOSCANA;12
2023/2024;LM-23;PIEMONTE;UMBRIA;12
2023/2024;LM-24;LOMBARDIA;ABRUZZO;12
2023/2024;LM-24;ABRUZZO;MOLISE;12
2023/2024;LM-25;PIEMONTE;VENETO;12
2023/2024;LM-25;LOMBARDIA;CALABRIA;12
2023/2024;LM-28;SICILIA;REGIONE ESTERA;12
2023/2024;LM-27;Provincia autonoma di TRENTO;REGIONE ESTERA;12
2023/2024;LM-29;PIEMONTE;MARCHE;12
2023/2024;LM-29;LOMBARDIA;PUGLIA;12
2023/2024;LM-29;LOMBARDIA;VENETO;12
2023/2024;LM-29;MARCHE;ABRUZZO;12
2023/2024;LM-30;PIEMONTE;BASILICATA;12
2023/2024;LM-30;PIEMONTE;LOMBARDIA;12
2023/2024;LM-30;PIEMONTE;EMILIA ROMAGNA;12
2023/2024;LM-30;EMILIA ROMAGNA;MARCHE;12
2023/2024;LM-30;EMILIA ROMAGNA;EMILIA ROMAGNA;12
2023/2024;LM-30;EMILIA ROMAGNA;CALABRIA;12
2023/2024;LM-30;LOMBARDIA;FRIULI VENEZIA GIULIA;12
2023/2024;LM-32;EMILIA ROMAGNA;LAZIO;12
2023/2024;LM-32;CAMPANIA;BASILICATA;12
2023/2024;LM-31;LAZIO;BASILICATA;12
2023/2024;LM-31;EMILIA ROMAGNA;LIGURIA;12
2023/2024;LM-31;MARCHE;PUGLIA;12
2023/2024;L-27;EMILIA ROMAGNA;LAZIO;12
2023/2024;L-27;EMILIA ROMAGNA;LIGURIA;12
2023/2024;L-27;LAZIO;BASILICATA;12
2023/2024;L-28;CALABRIA;REGIONE ESTERA;12
2023/2024;L-29;SICILIA;CALABRIA;12
2023/2024;L-29;LAZIO;CALABRIA;12
2023/2024;L-29;LOMBARDIA;PIEMONTE;12
2023/2024;L-25;PIEMONTE;SICILIA;12
2023/2024;L-25;MOLISE;PUGLIA;12
2023/2024;L-25;LAZIO;TOSCANA;12
2023/2024;L-25;FRIULI VENEZIA GIULIA;SICILIA;12
2023/2024;L-25;VENETO;EMILIA ROMAGNA;12
2023/2024;L-26;EMILIA ROMAGNA;TOSCANA;12
2023/2024;L-26;TOSCANA;SICILIA;12
2023/2024;L-26;UMBRIA;MARCHE;12
2023/2024;L-30;VENETO;LAZIO;12
2023/2024;L-31;BASILICATA;CAMPANIA;12
2023/2024;L-31;EMILIA ROMAGNA;LIGURIA;12
2023/2024;L-30;LOMBARDIA;CAMPANIA;12
2023/2024;L-30;LOMBARDIA;TOSCANA;12
2023/2024;L-30;LAZIO;MOLISE;12
2023/2024;L-30;FRIULI VENEZIA GIULIA;EMILIA ROMAGNA;12
2023/2024;L-30;Provincia autonoma di TRENTO;MARCHE;12
2023/2024;L-30;TOSCANA;PIEMONTE;12
2023/2024;L-3;PIEMONTE;CAMPANIA;12
2023/2024;L-3;PIEMONTE;BASILICATA;12
2023/2024;L-30;EMILIA ROMAGNA;BASILICATA;12
2023/2024;L-30;EMILIA ROMAGNA;UMBRIA;12
2023/2024;L-30;EMILIA ROMAGNA;FRIULI VENEZIA GIULIA;12
2023/2024;L-23;PUGLIA;BASILICATA;12
2023/2024;L-23;MARCHE;ABRUZZO;12
2023/2024;L-22;PIEMONTE;SARDEGNA;12
2023/2024;L-24;LAZIO;FRIULI VENEZIA GIULIA;12
2023/2024;L-24;EMILIA ROMAGNA;Provincia autonoma di TRENTO;12
2023/2024;L-24;ABRUZZO;TOSCANA;12
2023/2024;L-24;PIEMONTE;LAZIO;12
2023/2024;L-24;LOMBARDIA;SARDEGNA;12
2023/2024;L-24;Provincia autonoma di TRENTO;PIEMONTE;12
2023/2024;L-24;VENETO;BASILICATA;12
2023/2024;L-2;TOSCANA;SICILIA;12
2023/2024;L-20;LOMBARDIA;MOLISE;12
2023/2024;L-20;PIEMONTE;LAZIO;12
2023/2024;L-20;VENETO;Provincia autonoma di BOLZANO;12
2023/2024;L-22;ABRUZZO;CALABRIA;12
2023/2024;L-20;UMBRIA;PUGLIA;12
2023/2024;L-22;MARCHE;VENETO;12
2023/2024;L-33;CAMPANIA;LAZIO;12
2023/2024;L-32;TOSCANA;PUGLIA;12
2023/2024;L-32;TOSCANA;REGIONE ESTERA;12
2023/2024;L-32;TOSCANA;LAZIO;12
2023/2024;L-32;LAZIO;CAMPANIA;12
2023/2024;L-31;LOMBARDIA;VALLE D'AOSTA;12
2023/2024;L-31;PIEMONTE;CAMPANIA;12
2023/2024;L-32;LAZIO;ABRUZZO;12
2023/2024;L-36;MARCHE;LOMBARDIA;12
2023/2024;L-34;FRIULI VENEZIA GIULIA;VENETO;12
2023/2024;L-34;EMILIA ROMAGNA;REGIONE ESTERA;12
2023/2024;L-33;Provincia autonoma di BOLZANO;LOMBARDIA;12
2023/2024;L-35;PIEMONTE;SICILIA;12
2023/2024;L-35;Provincia autonoma di TRENTO;MARCHE;12
2023/2024;L-35;LOMBARDIA;VENETO;12
2023/2024;L-35;LOMBARDIA;LIGURIA;12
2023/2024;L-35;EMILIA ROMAGNA;MOLISE;12
2023/2024;L-35;LAZIO;MOLISE;12
2023/2024;L-37;EMILIA ROMAGNA;SICILIA;12
2023/2024;L-37;TOSCANA;EMILIA ROMAGNA;12
2023/2024;L-38;ABRUZZO;UMBRIA;12
2023/2024;L-38;EMILIA ROMAGNA;PIEMONTE;12
2023/2024;L-37;EMILIA ROMAGNA;PIEMONTE;12
2023/2024;L-36;Provincia autonoma di TRENTO;TOSCANA;12
2023/2024;L-39;PIEMONTE;PUGLIA;12
2023/2024;L-39;MARCHE;PUGLIA;12
2023/2024;L-39;MARCHE;ABRUZZO;12
2023/2024;L-4;LAZIO;SICILIA;12
2023/2024;L-4;LOMBARDIA;BASILICATA;12
2023/2024;L-4;LAZIO;CAMPANIA;12
2023/2024;L-4;EMILIA ROMAGNA;TOSCANA;12
2023/2024;L-39;TOSCANA;BASILICATA;12
2023/2024;L-4;PIEMONTE;ABRUZZO;12
2023/2024;L-4;LOMBARDIA;Provincia autonoma di TRENTO;12
2023/2024;L-4;Provincia autonoma di BOLZANO;EMILIA ROMAGNA;12
2023/2024;L-4;VENETO;ABRUZZO;12
2023/2024;L-40;LOMBARDIA;VENETO;12
2023/2024;L-40;LAZIO;LOMBARDIA;12
2023/2024;L-42;TOSCANA;MARCHE;12
2023/2024;L-42;EMILIA ROMAGNA;MOLISE;12
2023/2024;L-41;LAZIO;CAMPANIA;12
2023/2024;L-41;EMILIA ROMAGNA;SICILIA;12
2023/2024;L-41;EMILIA ROMAGNA;CAMPANIA;12
2023/2024;L-40;UMBRIA;ABRUZZO;12
2023/2024;L/SNT1;ABRUZZO;SICILIA;12
2023/2024;L/GASTR;VENETO;LOMBARDIA;12
2023/2024;L/DS;CAMPANIA;PUGLIA;12
2023/2024;99999;TOSCANA;LOMBARDIA;12
2023/2024;99999;TOSCANA;SARDEGNA;12
2023/2024;99999;SICILIA;TOSCANA;12
2023/2024;99999;MARCHE;TOSCANA;12
2023/2024;L/SNT1;VENETO;SARDEGNA;12
2023/2024;L/SNT2;CALABRIA;SICILIA;12
2023/2024;L/SNT1;MOLISE;SICILIA;12
2023/2024;L/SNT1;MOLISE;ABRUZZO;12
2023/2024;L/SNT1;LOMBARDIA;BASILICATA;12
2023/2024;99999;EMILIA ROMAGNA;LAZIO;12
2023/2024;99999;EMILIA ROMAGNA;SICILIA;12
2023/2024;99999;EMILIA ROMAGNA;PIEMONTE;12
2023/2024;99999;EMILIA ROMAGNA;Provincia autonoma di BOLZANO;12
2023/2024;99999;CAMPANIA;EMILIA ROMAGNA;12
2023/2024;99999;LAZIO;MARCHE;12
2023/2024;99999;LAZIO;SARDEGNA;12
2023/2024;99999;LAZIO;TOSCANA;12
2023/2024;L/SNT2;MARCHE;ABRUZZO;12
2023/2024;L/SNT2;LOMBARDIA;LIGURIA;12
2023/2024;L/SNT2;TOSCANA;LIGURIA;12
2023/2024;L/SNT3;VENETO;PUGLIA;12
2023/2024;L/SNT3;VENETO;EMILIA ROMAGNA;12
2023/2024;L/SNT4;LOMBARDIA;PIEMONTE;12
2023/2024;L-10;PUGLIA;CAMPANIA;12
2023/2024;L-11;LOMBARDIA;MARCHE;12
2023/2024;L-1;VENETO;CALABRIA;12
2023/2024;L-1;TOSCANA;FRIULI VENEZIA GIULIA;12
2023/2024;L-13;LOMBARDIA;LIGURIA;12
2023/2024;L-13;EMILIA ROMAGNA;MOLISE;12
2023/2024;L-13;EMILIA ROMAGNA;SARDEGNA;12
2023/2024;L-12;SARDEGNA;REGIONE ESTERA;12
2023/2024;L-12;EMILIA ROMAGNA;LAZIO;12
2023/2024;L-12;EMILIA ROMAGNA;PIEMONTE;12
2023/2024;L-12;EMILIA ROMAGNA;UMBRIA;12
2023/2024;L-12;CAMPANIA;SICILIA;12
2023/2024;L-12;EMILIA ROMAGNA;ABRUZZO;12
2023/2024;L-11;MARCHE;MOLISE;12
2023/2024;L-11;MARCHE;SICILIA;12
2023/2024;L-11;UMBRIA;CAMPANIA;12
2023/2024;L-11;PUGLIA;REGIONE ESTERA;12
2023/2024;L-11;TOSCANA;PIEMONTE;12
2023/2024;L-15;LAZIO;ABRUZZO;12
2023/2024;L-15;LAZIO;UMBRIA;12
2023/2024;L-14;MARCHE;VENETO;12
2023/2024;L-14;PIEMONTE;LAZIO;12
2023/2024;L-13;PIEMONTE;VENETO;12
2023/2024;L-13;TOSCANA;SARDEGNA;12
2023/2024;L-14;EMILIA ROMAGNA;Provincia autonoma di TRENTO;12
2023/2024;L-18;VENETO;CALABRIA;12
2023/2024;L-18;PUGLIA;CAMPANIA;12
2023/2024;L-18;Provincia autonoma di TRENTO;EMILIA ROMAGNA;12
2023/2024;L-18;VENETO;TOSCANA;12
2023/2024;L-19;LIGURIA;LOMBARDIA;12
2023/2024;L-19;LAZIO;LOMBARDIA;12
2023/2024;L-19;EMILIA ROMAGNA;UMBRIA;12
2023/2024;L-19;FRIULI VENEZIA GIULIA;VENETO;12
2023/2024;L-19;LOMBARDIA;TOSCANA;12
2023/2024;L-19;TOSCANA;CALABRIA;12
2023/2024;L-19;PIEMONTE;PUGLIA;12
2023/2024;L-17;PIEMONTE;VENETO;12
2023/2024;L-17;VENETO;PUGLIA;12
2023/2024;L-17;VENETO;PIEMONTE;12
2023/2024;L-17;TOSCANA;SICILIA;12
2023/2024;L-17;TOSCANA;MARCHE;12
2023/2024;L-17;PIEMONTE;BASILICATA;12
2023/2024;L-16;PIEMONTE;VALLE D'AOSTA;12
2023/2024;L-18;PIEMONTE;MARCHE;12
2023/2024;L-18;PIEMONTE;LAZIO;11
2023/2024;L-18;PIEMONTE;CAMPANIA;11
2023/2024;L-18;Provincia autonoma di BOLZANO;LAZIO;11
2023/2024;L-18;MARCHE;LAZIO;11
2023/2024;L-17;CALABRIA;SICILIA;11
2023/2024;L-16;LAZIO;LOMBARDIA;11
2023/2024;L-16;LAZIO;ABRUZZO;11
2023/2024;L-16;LAZIO;CALABRIA;11
2023/2024;L-16;LOMBARDIA;VENETO;11
2023/2024;L-17;PIEMONTE;CALABRIA;11
2023/2024;L-17;TOSCANA;LIGURIA;11
2023/2024;L-17;TOSCANA;CAMPANIA;11
2023/2024;L-19;SICILIA;LOMBARDIA;11
2023/2024;L-19;MARCHE;VENETO;11
2023/2024;L-2;LOMBARDIA;ABRUZZO;11
2023/2024;L-2;MARCHE;ABRUZZO;11
2023/2024;L-2;LOMBARDIA;MARCHE;11
2023/2024;L-2;PIEMONTE;PUGLIA;11
2023/2024;L-19;LAZIO;MARCHE;11
2023/2024;L-19;ABRUZZO;MARCHE;11
2023/2024;L-18;VENETO;ABRUZZO;11
2023/2024;L-18;VALLE D'AOSTA;PIEMONTE;11
2023/2024;L-14;LAZIO;MOLISE;11
2023/2024;L-14;EMILIA ROMAGNA;MOLISE;11
2023/2024;L-13;TOSCANA;VENETO;11
2023/2024;L-13;TOSCANA;REGIONE ESTERA;11
2023/2024;L-13;TOSCANA;ABRUZZO;11
2023/2024;L-13;VENETO;ABRUZZO;11
2023/2024;L-14;Provincia autonoma di TRENTO;MARCHE;11
2023/2024;L-14;TOSCANA;Provincia autonoma di TRENTO;11
2023/2024;L-14;TOSCANA;REGIONE ESTERA;11
2023/2024;L-14;PUGLIA;LAZIO;11
2023/2024;L-14;PUGLIA;CALABRIA;11
2023/2024;L-15;LAZIO;MARCHE;11
2023/2024;L-14;VENETO;SICILIA;11
2023/2024;L-15;MOLISE;PUGLIA;11
2023/2024;L-15;SICILIA;CALABRIA;11
2023/2024;L-11;UMBRIA;PUGLIA;11
2023/2024;L-11;PIEMONTE;SARDEGNA;11
2023/2024;L-12;EMILIA ROMAGNA;BASILICATA;11
2023/2024;L-12;LAZIO;LOMBARDIA;11
2023/2024;L-12;VENETO;PIEMONTE;11
2023/2024;L-13;CAMPANIA;MOLISE;11
2023/2024;L-12;TOSCANA;MARCHE;11
2023/2024;L-1;VENETO;CAMPANIA;11
2023/2024;L-1;UMBRIA;MARCHE;11
2023/2024;L-1;UMBRIA;TOSCANA;11
2023/2024;L-10;LOMBARDIA;LAZIO;11
2023/2024;L-10;MARCHE;LAZIO;11
2023/2024;L-10;MARCHE;UMBRIA;11
2023/2024;L-10;LOMBARDIA;SARDEGNA;11
2023/2024;L-10;LOMBARDIA;TOSCANA;11
2023/2024;L-11;LAZIO;PIEMONTE;11
2023/2024;L-11;EMILIA ROMAGNA;Provincia autonoma di BOLZANO;11
2023/2024;L-10;UMBRIA;TOSCANA;11
2023/2024;L-11;ABRUZZO;CAMPANIA;11
2023/2024;L-10;VENETO;SARDEGNA;11
2023/2024;L/SNT4;Provincia autonoma di TRENTO;VENETO;11
2023/2024;L-1;ABRUZZO;MOLISE;11
2023/2024;L/SNT4;SICILIA;CALABRIA;11
2023/2024;L/SNT3;TOSCANA;LIGURIA;11
2023/2024;L-1;LOMBARDIA;BASILICATA;11
2023/2024;L-1;LAZIO;SARDEGNA;11
2023/2024;L-1;LAZIO;BASILICATA;11
2023/2024;L/SNT2;TOSCANA;CAMPANIA;11
2023/2024;L/SNT2;PUGLIA;SICILIA;11
2023/2024;L/SNT2;EMILIA ROMAGNA;PIEMONTE;11
2023/2024;L/SNT3;EMILIA ROMAGNA;BASILICATA;11
2023/2024;L/SNT3;EMILIA ROMAGNA;FRIULI VENEZIA GIULIA;11
2023/2024;L/SNT2;VENETO;SICILIA;11
2023/2024;L/SNT1;MARCHE;SICILIA;11
2023/2024;L/SNT1;EMILIA ROMAGNA;UMBRIA;11
2023/2024;L/SNT1;FRIULI VENEZIA GIULIA;SICILIA;11
2023/2024;L/SNT1;LAZIO;MOLISE;11
2023/2024;L/SNT2;EMILIA ROMAGNA;BASILICATA;11
2023/2024;L/SNT1;VENETO;Provincia autonoma di BOLZANO;11
2023/2024;L/DS;CAMPANIA;PIEMONTE;11
2023/2024;L/DS;EMILIA ROMAGNA;SARDEGNA;11
2023/2024;L/GASTR;PIEMONTE;LAZIO;11
2023/2024;L/SNT1;EMILIA ROMAGNA;PIEMONTE;11
2023/2024;L-42;PUGLIA;BASILICATA;11
2023/2024;L-40;EMILIA ROMAGNA;SARDEGNA;11
2023/2024;L-40;ABRUZZO;FRIULI VENEZIA GIULIA;11
2023/2024;L-4;UMBRIA;LOMBARDIA;11
2023/2024;L-4;EMILIA ROMAGNA;FRIULI VENEZIA GIULIA;11
2023/2024;L-4;EMILIA ROMAGNA;LAZIO;11
2023/2024;L-4;LAZIO;ABRUZZO;11
2023/2024;L-4;LIGURIA;EMILIA ROMAGNA;11
2023/2024;L-39;LAZIO;TOSCANA;11
2023/2024;L-36;PUGLIA;LAZIO;11
2023/2024;L-37;EMILIA ROMAGNA;Provincia autonoma di TRENTO;11
2023/2024;L-36;VENETO;CAMPANIA;11
2023/2024;L-38;EMILIA ROMAGNA;Provincia autonoma di TRENTO;11
2023/2024;L-38;EMILIA ROMAGNA;REGIONE ESTERA;11
2023/2024;L-37;EMILIA ROMAGNA;SARDEGNA;11
2023/2024;L-35;LAZIO;PUGLIA;11
2023/2024;L-35;CAMPANIA;LAZIO;11
2023/2024;L-34;VENETO;Provincia autonoma di TRENTO;11
2023/2024;L-35;LOMBARDIA;CALABRIA;11
2023/2024;L-35;LOMBARDIA;TOSCANA;11
2023/2024;L-35;PIEMONTE;CALABRIA;11
2023/2024;L-33;VENETO;SICILIA;11
2023/2024;L-34;MARCHE;REGIONE ESTERA;11
2023/2024;L-34;TOSCANA;LIGURIA;11
2023/2024;L-34;PIEMONTE;VALLE D'AOSTA;11
2023/2024;L-35;TOSCANA;UMBRIA;11
2023/2024;L-36;FRIULI VENEZIA GIULIA;PUGLIA;11
2023/2024;L-32;EMILIA ROMAGNA;LAZIO;11
2023/2024;L-31;UMBRIA;REGIONE ESTERA;11
2023/2024;L-31;PIEMONTE;VENETO;11
2023/2024;L-31;PUGLIA;LAZIO;11
2023/2024;L-31;Provincia autonoma di BOLZANO;VENETO;11
2023/2024;L-31;MOLISE;LAZIO;11
2023/2024;L-32;VENETO;EMILIA ROMAGNA;11
2023/2024;L-33;PIEMONTE;BASILICATA;11
2023/2024;L-33;FRIULI VENEZIA GIULIA;SICILIA;11
2023/2024;L-22;LOMBARDIA;Provincia autonoma di TRENTO;11
2023/2024;L-22;EMILIA ROMAGNA;MOLISE;11
2023/2024;L-22;CAMPANIA;PUGLIA;11
2023/2024;L-20;UMBRIA;CAMPANIA;11
2023/2024;L-20;TOSCANA;MARCHE;11
2023/2024;L-20;Provincia autonoma di TRENTO;Provincia autonoma di BOLZANO;11
2023/2024;L-20;Provincia autonoma di BOLZANO;VENETO;11
2023/2024;L-20;MARCHE;BASILICATA;11
2023/2024;L-2;TOSCANA;CAMPANIA;11
2023/2024;L-2;VENETO;PUGLIA;11
2023/2024;L-20;LAZIO;LIGURIA;11
2023/2024;L-25;BASILICATA;CALABRIA;11
2023/2024;L-25;CAMPANIA;CALABRIA;11
2023/2024;L-24;SICILIA;LOMBARDIA;11
2023/2024;L-24;TOSCANA;SARDEGNA;11
2023/2024;L-24;MARCHE;CAMPANIA;11
2023/2024;L-24;MARCHE;VENETO;11
2023/2024;L-24;MARCHE;LOMBARDIA;11
2023/2024;L-22;UMBRIA;REGIONE ESTERA;11
2023/2024;L-22;UMBRIA;VENETO;11
2023/2024;L-23;LOMBARDIA;SICILIA;11
2023/2024;L-23;LOMBARDIA;VENETO;11
2023/2024;L-23;LAZIO;UMBRIA;11
2023/2024;L-3;VENETO;EMILIA ROMAGNA;11
2023/2024;L-30;FRIULI VENEZIA GIULIA;SICILIA;11
2023/2024;L-30;LAZIO;TOSCANA;11
2023/2024;L-30;LOMBARDIA;MARCHE;11
2023/2024;L-30;LOMBARDIA;SARDEGNA;11
2023/2024;L-31;FRIULI VENEZIA GIULIA;LOMBARDIA;11
2023/2024;L-31;LAZIO;VENETO;11
2023/2024;L-30;VENETO;PIEMONTE;11
2023/2024;L-30;VENETO;TOSCANA;11
2023/2024;L-26;UMBRIA;LAZIO;11
2023/2024;L-26;VENETO;LOMBARDIA;11
2023/2024;L-26;TOSCANA;REGIONE ESTERA;11
2023/2024;L-26;TOSCANA;MARCHE;11
2023/2024;L-26;PIEMONTE;PUGLIA;11
2023/2024;L-26;LOMBARDIA;EMILIA ROMAGNA;11
2023/2024;L-26;EMILIA ROMAGNA;ABRUZZO;11
2023/2024;L-26;ABRUZZO;LAZIO;11
2023/2024;L-25/L-26;PUGLIA;PUGLIA;11
2023/2024;L-25;PUGLIA;CALABRIA;11
2023/2024;L-25;PIEMONTE;LOMBARDIA;11
2023/2024;L-29;MARCHE;REGIONE ESTERA;11
2023/2024;L-29;PIEMONTE;LOMBARDIA;11
2023/2024;L-29;CALABRIA;BASILICATA;11
2023/2024;L-29;CAMPANIA;LAZIO;11
2023/2024;L-29;CAMPANIA;PUGLIA;11
2023/2024;L-27;LAZIO;MARCHE;11
2023/2024;LM-31;LOMBARDIA;Provincia autonoma di TRENTO;11
2023/2024;LM-31;TOSCANA;UMBRIA;11
2023/2024;LM-31;TOSCANA;CALABRIA;11
2023/2024;LM-30;EMILIA ROMAGNA;SICILIA;11
2023/2024;LM-31;ABRUZZO;LAZIO;11
2023/2024;LM-29;EMILIA ROMAGNA;PUGLIA;11
2023/2024;LM-29;PIEMONTE;CALABRIA;11
2023/2024;LM-29;PIEMONTE;TOSCANA;11
2023/2024;LM-27;ABRUZZO;REGIONE ESTERA;11
2023/2024;LM-25;LOMBARDIA;ABRUZZO;11
2023/2024;LM-25;EMILIA ROMAGNA;PUGLIA;11
2023/2024;LM-25;TOSCANA;LAZIO;11
2023/2024;LM-25;VENETO;FRIULI VENEZIA GIULIA;11
2023/2024;LM-24;LOMBARDIA;TOSCANA;11
2023/2024;LM-24;PIEMONTE;PUGLIA;11
2023/2024;LM-24;LOMBARDIA;LAZIO;11
2023/2024;LM-23;LOMBARDIA;VENETO;11
2023/2024;LM-22;ABRUZZO;LAZIO;11
2023/2024;LM-23;BASILICATA;CAMPANIA;11
2023/2024;LM-21;TOSCANA;MARCHE;11
2023/2024;LM-21;TOSCANA;CAMPANIA;11
2023/2024;LM-21;LOMBARDIA;UMBRIA;11
2023/2024;LM-21;LAZIO;MOLISE;11
2023/2024;LM-21;LIGURIA;CALABRIA;11
2023/2024;LM-20;TOSCANA;SICILIA;11
2023/2024;LM-20;PIEMONTE;REGIONE ESTERA;11
2023/2024;LM-19;LOMBARDIA;PUGLIA;11
2023/2024;LM-19;LAZIO;SARDEGNA;11
2023/2024;LM-19;LOMBARDIA;EMILIA ROMAGNA;11
2023/2024;LM-19;LAZIO;PIEMONTE;11
2023/2024;LM-18;TOSCANA;LOMBARDIA;11
2023/2024;LM-19;EMILIA ROMAGNA;LIGURIA;11
2023/2024;LM-18;VENETO;PUGLIA;11
2023/2024;LM-2;EMILIA ROMAGNA;PIEMONTE;11
2023/2024;LM-20;CAMPANIA;PUGLIA;11
2023/2024;LM-16;Provincia autonoma di TRENTO;LOMBARDIA;11
2023/2024;LM-15;EMILIA ROMAGNA;VENETO;11
2023/2024;LM-15;EMILIA ROMAGNA;LOMBARDIA;11
2023/2024;LM-14;VENETO;MARCHE;11
2023/2024;LM-14;VENETO;Provincia autonoma di TRENTO;11
2023/2024;LM-18;CAMPANIA;BASILICATA;11
2023/2024;LM-18;EMILIA ROMAGNA;ABRUZZO;11
2023/2024;LM-18;LOMBARDIA;LAZIO;11
2023/2024;LM-18;LOMBARDIA;MARCHE;11
2023/2024;LM-17;TOSCANA;LOMBARDIA;11
2023/2024;LM-17;PIEMONTE;LOMBARDIA;11
2023/2024;LM-17;ABRUZZO;REGIONE ESTERA;11
2023/2024;L-9;UMBRIA;LAZIO;11
2023/2024;L-9;UMBRIA;MARCHE;11
2023/2024;L-9;VENETO;LAZIO;11
2023/2024;L-9;PUGLIA;BASILICATA;11
2023/2024;LM/SNT1;LAZIO;CALABRIA;11
2023/2024;LM/SNT1;LOMBARDIA;EMILIA ROMAGNA;11
2023/2024;LM/SC-GIUR;TOSCANA;REGIONE ESTERA;11
2023/2024;LM/GASTR;SICILIA;SICILIA;11
2023/2024;LM/SC-GIUR;LAZIO;CALABRIA;11
2023/2024;LM-1;EMILIA ROMAGNA;FRIULI VENEZIA GIULIA;11
2023/2024;LM/SNT4;LAZIO;SICILIA;11
2023/2024;LM-1;PIEMONTE;SICILIA;11
2023/2024;LM-1;LOMBARDIA;PIEMONTE;11
2023/2024;LM/SNT3;ABRUZZO;CAMPANIA;11
2023/2024;LM-13;TOSCANA;LOMBARDIA;11
2023/2024;LM-13;LOMBARDIA;LAZIO;11
2023/2024;LM-14;CAMPANIA;CALABRIA;11
2023/2024;LM-12;ABRUZZO;PUGLIA;11
2023/2024;LM-12;VENETO;PIEMONTE;11
2023/2024;LM-12;TOSCANA;EMILIA ROMAGNA;11
2023/2024;LM-13;LAZIO;LOMBARDIA;11
2023/2024;LM-13;EMILIA ROMAGNA;SARDEGNA;11
2023/2024;L-9;MOLISE;PUGLIA;11
2023/2024;L-9;FRIULI VENEZIA GIULIA;LOMBARDIA;11
2023/2024;L-8;MARCHE;CAMPANIA;11
2023/2024;L-8;VENETO;LAZIO;11
2023/2024;L-7;TOSCANA;SICILIA;11
2023/2024;L-7;FRIULI VENEZIA GIULIA;REGIONE ESTERA;11
2023/2024;L-7;EMILIA ROMAGNA;UMBRIA;11
2023/2024;L-7;CALABRIA;REGIONE ESTERA;11
2023/2024;L-7;EMILIA ROMAGNA;BASILICATA;11
2023/2024;L-7;LOMBARDIA;FRIULI VENEZIA GIULIA;11
2023/2024;L-5;LAZIO;VENETO;11
2023/2024;L-42;VENETO;TOSCANA;11
2023/2024;L-42;TOSCANA;LAZIO;11
2023/2024;L-5;TOSCANA;REGIONE ESTERA;11
2023/2024;L-5;MARCHE;LAZIO;11
2023/2024;L-5;MARCHE;UMBRIA;11
2023/2024;L-5;TOSCANA;ABRUZZO;11
2023/2024;LM-38;VENETO;Provincia autonoma di BOLZANO;11
2023/2024;LM-39;LAZIO;CALABRIA;11
2023/2024;LM-4;LOMBARDIA;ABRUZZO;11
2023/2024;LM-38;LOMBARDIA;LAZIO;11
2023/2024;LM-38;ABRUZZO;LAZIO;11
2023/2024;LM-38;EMILIA ROMAGNA;MARCHE;11
2023/2024;LM-38;LOMBARDIA;ABRUZZO;11
2023/2024;LM-37;TOSCANA;REGIONE ESTERA;11
2023/2024;LM-37;UMBRIA;TOSCANA;11
2023/2024;LM-37;VENETO;SARDEGNA;11
2023/2024;LM-37;MARCHE;CAMPANIA;11
2023/2024;LM-33;LAZIO;ABRUZZO;11
2023/2024;LM-33;EMILIA ROMAGNA;Provincia autonoma di TRENTO;11
2023/2024;LM-33;MARCHE;MOLISE;11
2023/2024;LM-33;LOMBARDIA;LIGURIA;11
2023/2024;LM-34;LIGURIA;LAZIO;11
2023/2024;LM-34;FRIULI VENEZIA GIULIA;SICILIA;11
2023/2024;LM-33;PIEMONTE;VALLE D'AOSTA;11
2023/2024;LM-36;VENETO;LAZIO;11
2023/2024;LM-37;CAMPANIA;SICILIA;11
2023/2024;LM-37;EMILIA ROMAGNA;ABRUZZO;11
2023/2024;LM-37;EMILIA ROMAGNA;PIEMONTE;11
2023/2024;LM-42;MARCHE;PIEMONTE;11
2023/2024;LM-42;EMILIA ROMAGNA;ABRUZZO;11
2023/2024;LM-42;EMILIA ROMAGNA;CAMPANIA;11
2023/2024;LM-42;ABRUZZO;MOLISE;11
2023/2024;LM-41;SARDEGNA;PUGLIA;11
2023/2024;LM-41;SARDEGNA;MARCHE;11
2023/2024;LM-43;EMILIA ROMAGNA;LOMBARDIA;11
2023/2024;LM-42;TOSCANA;CALABRIA;11
2023/2024;LM-42;SARDEGNA;TOSCANA;11
2023/2024;LM-44;FRIULI VENEZIA GIULIA;REGIONE ESTERA;11
2023/2024;LM-44;PIEMONTE;MARCHE;11
2023/2024;LM-46;ABRUZZO;PIEMONTE;11
2023/2024;LM-45;LOMBARDIA;LIGURIA;11
2023/2024;LM-45;EMILIA ROMAGNA;CAMPANIA;11
2023/2024;LM-41;CALABRIA;LIGURIA;11
2023/2024;LM-40;TOSCANA;LOMBARDIA;11
2023/2024;LM-40;SICILIA;CALABRIA;11
2023/2024;LM-40;Provincia autonoma di TRENTO;PUGLIA;11
2023/2024;LM-40;EMILIA ROMAGNA;CAMPANIA;11
2023/2024;LM-41;PUGLIA;TOSCANA;11
2023/2024;LM-41;Provincia autonoma di TRENTO;LOMBARDIA;11
2023/2024;LM-41;MOLISE;BASILICATA;11
2023/2024;LM-41;MARCHE;FRIULI VENEZIA GIULIA;11
2023/2024;LM-46;SARDEGNA;CAMPANIA;11
2023/2024;LM-46;MARCHE;EMILIA ROMAGNA;11
2023/2024;LM-46;LOMBARDIA;LIGURIA;11
2023/2024;LM-46;LIGURIA;LOMBARDIA;11
2023/2024;LM-47;EMILIA ROMAGNA;PIEMONTE;11
2023/2024;LM-47;EMILIA ROMAGNA;SICILIA;11
2023/2024;LM-4cu;LAZIO;TOSCANA;11
2023/2024;LM-49;VENETO;FRIULI VENEZIA GIULIA;11
2023/2024;LM-49;TOSCANA;SICILIA;11
2023/2024;LM-51;EMILIA ROMAGNA;Provincia autonoma di TRENTO;11
2023/2024;LM-50;EMILIA ROMAGNA;BASILICATA;11
2023/2024;LM-51;LIGURIA;LOMBARDIA;11
2023/2024;LM-51;LOMBARDIA;FRIULI VENEZIA GIULIA;11
2023/2024;LM-52;CAMPANIA;REGIONE ESTERA;11
2023/2024;LM-6;LAZIO;REGIONE ESTERA;11
2023/2024;LM-6;PIEMONTE;PUGLIA;11
2023/2024;LM-6;VENETO;FRIULI VENEZIA GIULIA;11
2023/2024;LM-6;TOSCANA;UMBRIA;11
2023/2024;LM-60;EMILIA ROMAGNA;TOSCANA;11
2023/2024;LM-60;LOMBARDIA;PIEMONTE;11
2023/2024;LM-61;EMILIA ROMAGNA;CALABRIA;11
2023/2024;LM-6;EMILIA ROMAGNA;FRIULI VENEZIA GIULIA;11
2023/2024;LM-59;MARCHE;SICILIA;11
2023/2024;LM-59;LAZIO;LOMBARDIA;11
2023/2024;LM-52;VENETO;SARDEGNA;11
2023/2024;LM-52;TOSCANA;FRIULI VENEZIA GIULIA;11
2023/2024;LM-52;PUGLIA;BASILICATA;11
2023/2024;LM-54;LAZIO;ABRUZZO;11
2023/2024;LM-54;TOSCANA;CAMPANIA;11
2023/2024;LM-54;LOMBARDIA;REGIONE ESTERA;11
2023/2024;LM-56;TOSCANA;LOMBARDIA;11
2023/2024;LM-57;LOMBARDIA;EMILIA ROMAGNA;11
2023/2024;LM-56;SICILIA;CALABRIA;11
2023/2024;LM-56;PIEMONTE;VALLE D'AOSTA;11
2023/2024;LM-56;FRIULI VENEZIA GIULIA;VENETO;11
2023/2024;LM-56;EMILIA ROMAGNA;SARDEGNA;11
2023/2024;LM-56;ABRUZZO;BASILICATA;11
2023/2024;LM-56;CAMPANIA;REGIONE ESTERA;11
2023/2024;LM-56;EMILIA ROMAGNA;ABRUZZO;11
2024/2025;L-4;LOMBARDIA;CALABRIA;11
2024/2025;L-4;EMILIA ROMAGNA;TOSCANA;11
2024/2025;L-39;PIEMONTE;PUGLIA;11
2024/2025;L-39;LOMBARDIA;PIEMONTE;11
2024/2025;L-39;MARCHE;SARDEGNA;11
2024/2025;L-39;TOSCANA;BASILICATA;11
2024/2025;L-39;PUGLIA;CALABRIA;11
2024/2025;L-39;EMILIA ROMAGNA;LIGURIA;11
2024/2025;L-39;LAZIO;REGIONE ESTERA;11
2024/2025;L-40;EMILIA ROMAGNA;PUGLIA;11
2024/2025;L-40;CAMPANIA;CALABRIA;11
2024/2025;L-40;LAZIO;SARDEGNA;11
2024/2025;L-4;Provincia autonoma di BOLZANO;EMILIA ROMAGNA;11
2024/2025;L-4;TOSCANA;FRIULI VENEZIA GIULIA;11
2024/2025;L-4;TOSCANA;PIEMONTE;11
2024/2025;L-4;TOSCANA;CAMPANIA;11
2024/2025;L-4;VENETO;LIGURIA;11
2024/2025;L-4;UMBRIA;LOMBARDIA;11
2024/2025;L-36;PIEMONTE;CALABRIA;11
2024/2025;L-36;PUGLIA;TOSCANA;11
2024/2025;L-36;PUGLIA;SARDEGNA;11
2024/2025;L-38;TOSCANA;EMILIA ROMAGNA;11
2024/2025;L-39;ABRUZZO;CAMPANIA;11
2024/2025;L-38;EMILIA ROMAGNA;MARCHE;11
2024/2025;L-38;EMILIA ROMAGNA;LIGURIA;11
2024/2025;L-38;EMILIA ROMAGNA;REGIONE ESTERA;11
2024/2025;L-38;ABRUZZO;MOLISE;11
2024/2025;L-38;ABRUZZO;SICILIA;11
2024/2025;L-38;ABRUZZO;UMBRIA;11
2024/2025;L-37;EMILIA ROMAGNA;TOSCANA;11
2024/2025;L-37;TOSCANA;EMILIA ROMAGNA;11
2024/2025;L-37;TOSCANA;REGIONE ESTERA;11
2024/2025;L-37;CALABRIA;CALABRIA;11
2024/2025;L-36;UMBRIA;ABRUZZO;11
2024/2025;L-8;VENETO;CALABRIA;11
2024/2025;L-8;VENETO;TOSCANA;11
2024/2025;L-8;Provincia autonoma di TRENTO;PUGLIA;11
2024/2025;L-8;LAZIO;VENETO;11
2024/2025;L-8;LOMBARDIA;LAZIO;11
2024/2025;L-7;PIEMONTE;ABRUZZO;11
2024/2025;L-5;VENETO;LIGURIA;11
2024/2025;L-5;UMBRIA;TOSCANA;11
2024/2025;L-5;TOSCANA;CALABRIA;11
2024/2025;L-5;MARCHE;LAZIO;11
2024/2025;L-5;PIEMONTE;SARDEGNA;11
2024/2025;L-5;PIEMONTE;EMILIA ROMAGNA;11
2024/2025;L-5;PIEMONTE;ABRUZZO;11
2024/2025;L-5;LAZIO;BASILICATA;11
2024/2025;L-5;LOMBARDIA;MARCHE;11
2024/2025;L-5;LOMBARDIA;CALABRIA;11
2024/2025;L-5;EMILIA ROMAGNA;Provincia autonoma di TRENTO;11
2024/2025;L-42;TOSCANA;PUGLIA;11
2024/2025;L-42;TOSCANA;LAZIO;11
2024/2025;L-42;LOMBARDIA;SICILIA;11
2024/2025;L-42;EMILIA ROMAGNA;MOLISE;11
2024/2025;L-41;LOMBARDIA;VENETO;11
2024/2025;L-41;EMILIA ROMAGNA;SICILIA;11
2024/2025;L-26;PIEMONTE;PUGLIA;11
2024/2025;L-26;LOMBARDIA;EMILIA ROMAGNA;11
2024/2025;L-27;EMILIA ROMAGNA;LAZIO;11
2024/2025;L-25;Provincia autonoma di BOLZANO;REGIONE ESTERA;11
2024/2025;L-25;TOSCANA;PUGLIA;11
2024/2025;L-25;EMILIA ROMAGNA;LAZIO;11
2024/2025;L-24;TOSCANA;REGIONE ESTERA;11
2024/2025;L-24;PIEMONTE;VALLE D'AOSTA;11
2024/2025;L-24;PIEMONTE;VENETO;11
2024/2025;L-24;PIEMONTE;REGIONE ESTERA;11
2024/2025;L-24;PIEMONTE;BASILICATA;11
2024/2025;L-24;PIEMONTE;LAZIO;11
2024/2025;L-24;MARCHE;BASILICATA;11
2024/2025;L-24;MARCHE;CAMPANIA;11
2024/2025;L-29;MARCHE;UMBRIA;11
2024/2025;L-29;CAMPANIA;CALABRIA;11
2024/2025;L-29;PIEMONTE;LOMBARDIA;11
2024/2025;L-29;SICILIA;CALABRIA;11
2024/2025;L-3;ABRUZZO;REGIONE ESTERA;11
2024/2025;L-27;LOMBARDIA;PUGLIA;11
2024/2025;L-27;LAZIO;MARCHE;11
2024/2025;L-27;EMILIA ROMAGNA;UMBRIA;11
2024/2025;L-28;CAMPANIA;MARCHE;11
2024/2025;L-28;CAMPANIA;PUGLIA;11
2024/2025;L-3;TOSCANA;CALABRIA;11
2024/2025;L-30;EMILIA ROMAGNA;FRIULI VENEZIA GIULIA;11
2024/2025;L-3;VENETO;EMILIA ROMAGNA;11
2024/2025;L-30;UMBRIA;MARCHE;11
2024/2025;L-30;TOSCANA;REGIONE ESTERA;11
2024/2025;L-31;LAZIO;MOLISE;11
2024/2025;L-31;TOSCANA;LOMBARDIA;11
2024/2025;L-31;PIEMONTE;VENETO;11
2024/2025;L-31;Provincia autonoma di TRENTO;REGIONE ESTERA;11
2024/2025;L-31;PIEMONTE;EMILIA ROMAGNA;11
2024/2025;L-33;PIEMONTE;CAMPANIA;11
2024/2025;L-33;SICILIA;REGIONE ESTERA;11
2024/2025;L-33;LAZIO;FRIULI VENEZIA GIULIA;11
2024/2025;L-33;EMILIA ROMAGNA;BASILICATA;11
2024/2025;L-33;EMILIA ROMAGNA;LIGURIA;11
2024/2025;L-32;TOSCANA;LAZIO;11
2024/2025;L-35;PIEMONTE;CALABRIA;11
2024/2025;L-35;PIEMONTE;LAZIO;11
2024/2025;L-35;PIEMONTE;LOMBARDIA;11
2024/2025;L-35;LAZIO;CALABRIA;11
2024/2025;L-33;TOSCANA;VENETO;11
2024/2025;L-34;VENETO;Provincia autonoma di TRENTO;11
2024/2025;L-9;MARCHE;UMBRIA;11
2024/2025;L-9;LIGURIA;ABRUZZO;11
2024/2025;L-9;CALABRIA;REGIONE ESTERA;11
2024/2025;LM/SC-GIUR;EMILIA ROMAGNA;LOMBARDIA;11
2024/2025;LM/SC-GIUR;EMILIA ROMAGNA;MARCHE;11
2024/2025;LM/SC-GIUR;LAZIO;PUGLIA;11
2024/2025;LM/SNT1;ABRUZZO;CAMPANIA;11
2024/2025;LM/DS;PIEMONTE;SARDEGNA;11
2024/2025;LM/SNT1;TOSCANA;EMILIA ROMAGNA;11
2024/2025;LM/SNT2;ABRUZZO;LAZIO;11
2024/2025;LM/SNT2;LAZIO;PUGLIA;11
2024/2025;LM/SNT4;ABRUZZO;LAZIO;11
2024/2025;LM/SNT4;ABRUZZO;MARCHE;11
2024/2025;LM-1;EMILIA ROMAGNA;PIEMONTE;11
2024/2025;LM-12;LIGURIA;PIEMONTE;11
2024/2025;LM-11;VENETO;VENETO;11
2024/2025;LM-12;LIGURIA;TOSCANA;11
2024/2025;LM-13;CALABRIA;REGIONE ESTERA;11
2024/2025;LM-13;CALABRIA;BASILICATA;11
2024/2025;LM-12;VENETO;PIEMONTE;11
2024/2025;LM-14;MARCHE;ABRUZZO;11
2024/2025;LM-14;Provincia autonoma di TRENTO;LOMBARDIA;11
2024/2025;LM-14;TOSCANA;UMBRIA;11
2024/2025;LM-14;TOSCANA;VENETO;11
2024/2025;LM-14;VENETO;PIEMONTE;11
2024/2025;LM-15;VENETO;LOMBARDIA;11
2024/2025;LM-16;LAZIO;MARCHE;11
2024/2025;LM-13;MARCHE;BASILICATA;11
2024/2025;LM-13;PIEMONTE;SARDEGNA;11
2024/2025;LM-14;LAZIO;TOSCANA;11
2024/2025;LM-18;LOMBARDIA;LAZIO;11
2024/2025;LM-18;EMILIA ROMAGNA;UMBRIA;11
2024/2025;LM-17;TOSCANA;BASILICATA;11
2024/2025;LM-17;VENETO;ABRUZZO;11
2024/2025;LM-18;EMILIA ROMAGNA;ABRUZZO;11
2024/2025;LM-17;LAZIO;PUGLIA;11
2024/2025;LM-17;EMILIA ROMAGNA;FRIULI VENEZIA GIULIA;11
2024/2025;LM-17;ABRUZZO;REGIONE ESTERA;11
2024/2025;LM-2;LAZIO;SICILIA;11
2024/2025;LM-2;EMILIA ROMAGNA;CAMPANIA;11
2024/2025;LM-2;CALABRIA;CALABRIA;11
2024/2025;LM-19;MARCHE;ABRUZZO;11
2024/2025;LM-2;PIEMONTE;LOMBARDIA;11
2024/2025;LM-19;LOMBARDIA;EMILIA ROMAGNA;11
2024/2025;LM-32;PUGLIA;REGIONE ESTERA;11
2024/2025;LM-32;TOSCANA;CAMPANIA;11
2024/2025;LM-32;Provincia autonoma di TRENTO;REGIONE ESTERA;11
2024/2025;LM-32;LOMBARDIA;SARDEGNA;11
2024/2025;LM-31;LAZIO;REGIONE ESTERA;11
2024/2025;LM-31;LAZIO;MOLISE;11
2024/2025;LM-31;EMILIA ROMAGNA;BASILICATA;11
2024/2025;LM-31;EMILIA ROMAGNA;REGIONE ESTERA;11
2024/2025;LM-32;EMILIA ROMAGNA;LAZIO;11
2024/2025;LM-31;PUGLIA;REGIONE ESTERA;11
2024/2025;LM-35;EMILIA ROMAGNA;VENETO;11
2024/2025;LM-34;LIGURIA;LAZIO;11
2024/2025;LM-34;LIGURIA;SICILIA;11
2024/2025;LM-35;MARCHE;REGIONE ESTERA;11
2024/2025;LM-35;PIEMONTE;TOSCANA;11
2024/2025;LM-36;LAZIO;CAMPANIA;11
2024/2025;LM-36;VENETO;FRIULI VENEZIA GIULIA;11
2024/2025;LM-36;TOSCANA;REGIONE ESTERA;11
2024/2025;LM-37;EMILIA ROMAGNA;PIEMONTE;11
2024/2025;LM-37;TOSCANA;CALABRIA;11
2024/2025;LM-37;VENETO;TOSCANA;11
2024/2025;LM-38;LOMBARDIA;MARCHE;11
2024/2025;LM-38;PIEMONTE;LAZIO;11
2024/2025;LM-25;CALABRIA;REGIONE ESTERA;11
2024/2025;LM-28;FRIULI VENEZIA GIULIA;VENETO;11
2024/2025;LM-28;EMILIA ROMAGNA;MARCHE;11
2024/2025;LM-28;PIEMONTE;LAZIO;11
2024/2025;LM-30;EMILIA ROMAGNA;CALABRIA;11
2024/2025;LM-23;PIEMONTE;LOMBARDIA;11
2024/2025;LM-23;MARCHE;ABRUZZO;11
2024/2025;LM-24;ABRUZZO;PUGLIA;11
2024/2025;LM-23;LOMBARDIA;EMILIA ROMAGNA;11
2024/2025;LM-23;LOMBARDIA;PIEMONTE;11
2024/2025;LM-23;LOMBARDIA;PIEMONTE;11
2024/2025;LM-21;VENETO;LAZIO;11
2024/2025;LM-22;LAZIO;CAMPANIA;11
2024/2025;LM-22;LOMBARDIA;MARCHE;11
2024/2025;LM-22;PIEMONTE;SARDEGNA;11
2024/2025;LM-21;PUGLIA;BASILICATA;11
2024/2025;LM-21;EMILIA ROMAGNA;VENETO;11
2024/2025;LM-20;VENETO;EMILIA ROMAGNA;11
2024/2025;LM-20;TOSCANA;SICILIA;11
2024/2025;LM-20;PIEMONTE;UMBRIA;11
2024/2025;L-12;LAZIO;LOMBARDIA;11
2024/2025;L-12;LOMBARDIA;FRIULI VENEZIA GIULIA;11
2024/2025;L-12;TOSCANA;LIGURIA;11
2024/2025;L-12;SARDEGNA;REGIONE ESTERA;11
2024/2025;L-12;TOSCANA;EMILIA ROMAGNA;11
2024/2025;L-12;VENETO;LAZIO;11
2024/2025;L-12;VENETO;SARDEGNA;11
2024/2025;L-13;VENETO;ABRUZZO;11
2024/2025;L-13;UMBRIA;EMILIA ROMAGNA;11
2024/2025;L-13;TOSCANA;ABRUZZO;11
2024/2025;L-13;MARCHE;PIEMONTE;11
2024/2025;L-11;LAZIO;LIGURIA;11
2024/2025;L-11;LAZIO;VENETO;11
2024/2025;L-11;LOMBARDIA;ABRUZZO;11
2024/2025;L-11;PIEMONTE;EMILIA ROMAGNA;11
2024/2025;L-11;MARCHE;TOSCANA;11
2024/2025;L-12;EMILIA ROMAGNA;BASILICATA;11
2024/2025;L-11;UMBRIA;PUGLIA;11
2024/2025;L-11;UMBRIA;REGIONE ESTERA;11
2024/2025;L-11;CAMPANIA;REGIONE ESTERA;11
2024/2025;L-10;MARCHE;LAZIO;11
2024/2025;L/SNT1;MOLISE;SICILIA;11
2024/2025;L/SNT1;FRIULI VENEZIA GIULIA;SICILIA;11
2024/2025;L/SNT1;EMILIA ROMAGNA;PIEMONTE;11
2024/2025;L/GASTR;VENETO;LOMBARDIA;11
2024/2025;L/GASTR;UMBRIA;REGIONE ESTERA;11
2024/2025;L/SNT2;LAZIO;VENETO;11
2024/2025;L/SNT2;LOMBARDIA;REGIONE ESTERA;11
2024/2025;L/SNT3;ABRUZZO;SICILIA;11
2024/2025;L/SNT2;LAZIO;MOLISE;11
2024/2025;L/SNT2;EMILIA ROMAGNA;BASILICATA;11
2024/2025;L-10;EMILIA ROMAGNA;FRIULI VENEZIA GIULIA;11
2024/2025;L-1;PIEMONTE;CAMPANIA;11
2024/2025;L-1;LOMBARDIA;SARDEGNA;11
2024/2025;L-1;ABRUZZO;MOLISE;11
2024/2025;L/SNT3;VENETO;PUGLIA;11
2024/2025;L/SNT4;ABRUZZO;LAZIO;11
2024/2025;L-14;MARCHE;PUGLIA;11
2024/2025;L-14;Provincia autonoma di TRENTO;EMILIA ROMAGNA;11
2024/2025;L-14;LAZIO;UMBRIA;11
2024/2025;L-14;LOMBARDIA;CAMPANIA;11
2024/2025;L-14;EMILIA ROMAGNA;SARDEGNA;11
2024/2025;L-14;PUGLIA;CALABRIA;11
2024/2025;L-14;VENETO;REGIONE ESTERA;11
2024/2025;L-15;VENETO;Provincia autonoma di TRENTO;11
2024/2025;L-15;SICILIA;CALABRIA;11
2024/2025;L-15;PIEMONTE;EMILIA ROMAGNA;11
2024/2025;L-16;PIEMONTE;VALLE D'AOSTA;11
2024/2025;L-16;PIEMONTE;VENETO;11
2024/2025;L-17;EMILIA ROMAGNA;VENETO;11
2024/2025;L-17;PIEMONTE;CALABRIA;11
2024/2025;L-18;FRIULI VENEZIA GIULIA;LOMBARDIA;11
2024/2025;L-17;TOSCANA;MARCHE;11
2024/2025;L-17;VENETO;PIEMONTE;11
2024/2025;L-17;VENETO;TOSCANA;11
2024/2025;L-2;VENETO;EMILIA ROMAGNA;11
2024/2025;L-2;UMBRIA;MOLISE;11
2024/2025;L-20;FRIULI VENEZIA GIULIA;REGIONE ESTERA;11
2024/2025;L-2;BASILICATA;PUGLIA;11
2024/2025;L-2;PIEMONTE;CALABRIA;11
2024/2025;L-19;LAZIO;LOMBARDIA;11
2024/2025;L-19;LAZIO;MARCHE;11
2024/2025;L-19;MARCHE;CAMPANIA;11
2024/2025;L-19;VENETO;EMILIA ROMAGNA;11
2024/2025;L-19;TOSCANA;LOMBARDIA;11
2024/2025;L-23;LAZIO;ABRUZZO;11
2024/2025;L-23;LAZIO;TOSCANA;11
2024/2025;L-23;BASILICATA;BASILICATA;11
2024/2025;L-22;UMBRIA;VENETO;11
2024/2025;L-22;VENETO;EMILIA ROMAGNA;11
2024/2025;L-24;EMILIA ROMAGNA;SARDEGNA;11
2024/2025;L-24;ABRUZZO;TOSCANA;11
2024/2025;L-24;ABRUZZO;VENETO;11
2024/2025;L-20;TOSCANA;MARCHE;11
2024/2025;L-20;UMBRIA;BASILICATA;11
2024/2025;L-20;UMBRIA;CALABRIA;11
2024/2025;L-20;UMBRIA;PUGLIA;11
2024/2025;L-22;MARCHE;VENETO;11
2024/2025;L-22;PIEMONTE;SARDEGNA;11
2024/2025;L-22;PIEMONTE;CALABRIA;11
2024/2025;L-22;EMILIA ROMAGNA;MOLISE;11
2024/2025;L-22;LAZIO;LOMBARDIA;11
2023/2024;LM-82;LOMBARDIA;CAMPANIA;11
2023/2024;LM-82;LAZIO;CAMPANIA;11
2023/2024;LM-82;LOMBARDIA;LAZIO;11
2023/2024;LM-84;PIEMONTE;VALLE D'AOSTA;11
2023/2024;LM-84;LAZIO;REGIONE ESTERA;11
2023/2024;LM-84;EMILIA ROMAGNA;Provincia autonoma di TRENTO;11
2023/2024;LM-85;ABRUZZO;PUGLIA;11
2023/2024;LM-84;VENETO;Provincia autonoma di BOLZANO;11
2023/2024;LM-78;TOSCANA;VENETO;11
2023/2024;LM-78;PIEMONTE;VENETO;11
2023/2024;LM-78;PUGLIA;BASILICATA;11
2023/2024;LM-80;LIGURIA;LIGURIA;11
2023/2024;LM-80;EMILIA ROMAGNA;VENETO;11
2023/2024;LM-77;ABRUZZO;MARCHE;11
2023/2024;LM-76;LAZIO;CAMPANIA;11
2023/2024;LM-77;MARCHE;TOSCANA;11
2023/2024;LM-77;TOSCANA;MOLISE;11
2023/2024;LM-77;TOSCANA;EMILIA ROMAGNA;11
2023/2024;LM-77;UMBRIA;LAZIO;11
2023/2024;LM-77;VENETO;LAZIO;11
2023/2024;LM-78;EMILIA ROMAGNA;SARDEGNA;11
2023/2024;LM-67;ABRUZZO;CALABRIA;11
2023/2024;LM-66;LOMBARDIA;PUGLIA;11
2023/2024;LM-65;TOSCANA;SICILIA;11
2023/2024;LM-63;VENETO;FRIULI VENEZIA GIULIA;11
2023/2024;LM-63;LOMBARDIA;LAZIO;11
2023/2024;LM-63;LOMBARDIA;TOSCANA;11
2023/2024;LM-63;LOMBARDIA;VENETO;11
2023/2024;LM-65;EMILIA ROMAGNA;LIGURIA;11
2023/2024;LM-62;LAZIO;PIEMONTE;11
2023/2024;LM-62;LAZIO;SARDEGNA;11
2023/2024;LM-62;VENETO;LOMBARDIA;11
2023/2024;LM-63;EMILIA ROMAGNA;VENETO;11
2023/2024;LM-61;TOSCANA;Provincia autonoma di TRENTO;11
2023/2024;LM-71;EMILIA ROMAGNA;TOSCANA;11
2023/2024;LM-73;VENETO;FRIULI VENEZIA GIULIA;11
2023/2024;LM-73;MOLISE;MOLISE;11
2023/2024;LM-73;MARCHE;ABRUZZO;11
2023/2024;LM-70;LOMBARDIA;EMILIA ROMAGNA;11
2023/2024;LM-7;TOSCANA;PUGLIA;11
2023/2024;LM-67;TOSCANA;CALABRIA;11
2023/2024;LM-68;UMBRIA;TOSCANA;11
2023/2024;LM-69;MOLISE;CAMPANIA;11
2023/2024;LM-69;EMILIA ROMAGNA;VENETO;11
2023/2024;LM-85 bis;PIEMONTE;CALABRIA;11
2023/2024;LM-85 bis;MARCHE;LOMBARDIA;11
2023/2024;LM-85 bis;LAZIO;LOMBARDIA;11
2023/2024;LM-85 bis;LAZIO;SARDEGNA;11
2023/2024;LM-85 bis;EMILIA ROMAGNA;LAZIO;11
2023/2024;LM-85;VENETO;SICILIA;11
2023/2024;LM-85;TOSCANA;UMBRIA;11
2023/2024;LM-85;TOSCANA;CAMPANIA;11
2023/2024;LM-85 bis;CALABRIA;PIEMONTE;11
2023/2024;LM-85;LAZIO;ABRUZZO;11
2023/2024;LM-85;LAZIO;MOLISE;11
2023/2024;LM-85;PIEMONTE;LIGURIA;11
2023/2024;LM-87;CAMPANIA;BASILICATA;11
2023/2024;LM-86;SICILIA;CALABRIA;11
2023/2024;LM-85 bis;TOSCANA;LAZIO;11
2023/2024;LM-85 bis;TOSCANA;UMBRIA;11
2023/2024;LM-88;CAMPANIA;BASILICATA;11
2023/2024;LM-87;VENETO;PIEMONTE;11
2023/2024;LM-87;TOSCANA;BASILICATA;11
2023/2024;LM-87;EMILIA ROMAGNA;SARDEGNA;11
2023/2024;LM-87;LAZIO;ABRUZZO;11
2023/2024;LM-87;LAZIO;CALABRIA;11
2023/2024;LM-87;LOMBARDIA;PIEMONTE;11
2023/2024;LM-87;MARCHE;ABRUZZO;11
2023/2024;LM-87;MARCHE;LOMBARDIA;11
2023/2024;LM-9;MARCHE;PUGLIA;11
2023/2024;LM-9;UMBRIA;MARCHE;11
2023/2024;LM-90;LAZIO;VENETO;11
2023/2024;LM-90;LOMBARDIA;PUGLIA;11
2023/2024;LM-90;LOMBARDIA;REGIONE ESTERA;11
2023/2024;LM-91;LAZIO;ABRUZZO;11
2023/2024;LM-89;TOSCANA;UMBRIA;11
2023/2024;LM-89;TOSCANA;EMILIA ROMAGNA;11
2023/2024;LM-89;TOSCANA;LAZIO;11
2023/2024;LM-89;LAZIO;VENETO;11
2023/2024;LM-89;EMILIA ROMAGNA;CALABRIA;11
2023/2024;LM-88;UMBRIA;UMBRIA;11
2023/2024;LM-88;LOMBARDIA;TOSCANA;11
2023/2024;LM-88;LOMBARDIA;VENETO;11
2024/2025;L/GASTR;EMILIA ROMAGNA;PUGLIA;11
2024/2025;L/GASTR;EMILIA ROMAGNA;TOSCANA;11
2023/2024;LMG/01;PIEMONTE;TOSCANA;11
2023/2024;LM-92;VENETO;PIEMONTE;11
2023/2024;LM-92;VENETO;EMILIA ROMAGNA;11
2023/2024;LM-94;FRIULI VENEZIA GIULIA;CAMPANIA;11
2023/2024;LM-94;LOMBARDIA;SICILIA;11
2023/2024;LM-91;SICILIA;SICILIA;11
2023/2024;LM-91;VENETO;PUGLIA;11
2023/2024;LM-92;LOMBARDIA;EMILIA ROMAGNA;11
2023/2024;LMG/01;LIGURIA;LOMBARDIA;11
2023/2024;LMG/01;CAMPANIA;EMILIA ROMAGNA;11
2023/2024;LM-94;PIEMONTE;VENETO;11
2024/2025;LM-54;LAZIO;CAMPANIA;11
2024/2025;LM-54;EMILIA ROMAGNA;CAMPANIA;11
2024/2025;LM-54;EMILIA ROMAGNA;FRIULI VENEZIA GIULIA;11
2024/2025;LM-53;Provincia autonoma di TRENTO;REGIONE ESTERA;11
2024/2025;LM-52;EMILIA ROMAGNA;CALABRIA;11
2024/2025;LM-51;TOSCANA;LOMBARDIA;11
2024/2025;LM-51;Provincia autonoma di TRENTO;TOSCANA;11
2024/2025;LM-59;LOMBARDIA;Provincia autonoma di TRENTO;11
2024/2025;LM-6;CAMPANIA;CALABRIA;11
2024/2025;LM-59;PUGLIA;BASILICATA;11
2024/2025;LM-56;TOSCANA;PUGLIA;11
2024/2025;LM-56;TOSCANA;CALABRIA;11
2024/2025;LM-56;TOSCANA;CAMPANIA;11
2024/2025;LM-59;EMILIA ROMAGNA;CAMPANIA;11
2024/2025;LM-54;PIEMONTE;VALLE D'AOSTA;11
2024/2025;LM-56;EMILIA ROMAGNA;LIGURIA;11
2024/2025;LM-56;CAMPANIA;BASILICATA;11
2024/2025;LM-67;ABRUZZO;MOLISE;11
2024/2025;LM-69;PUGLIA;REGIONE ESTERA;11
2024/2025;LM-65;LAZIO;SARDEGNA;11
2024/2025;LM-65;EMILIA ROMAGNA;FRIULI VENEZIA GIULIA;11
2024/2025;LM-63;PUGLIA;BASILICATA;11
2024/2025;LM-63;LAZIO;CAMPANIA;11
2024/2025;LM-6;LOMBARDIA;TOSCANA;11
2024/2025;LM-6;LAZIO;SARDEGNA;11
2024/2025;LM-6;EMILIA ROMAGNA;UMBRIA;11
2024/2025;LM-60;LOMBARDIA;PIEMONTE;11
2024/2025;LM-62;LOMBARDIA;MARCHE;11
2024/2025;LM-62;LAZIO;SARDEGNA;11
2024/2025;LM-62;LAZIO;FRIULI VENEZIA GIULIA;11
2024/2025;LM-62;VENETO;LOMBARDIA;11
2024/2025;LM-63;EMILIA ROMAGNA;MARCHE;11
2024/2025;LM-61;TOSCANA;Provincia autonoma di TRENTO;11
2024/2025;LM-61;UMBRIA;MARCHE;11
2024/2025;LM-61;TOSCANA;UMBRIA;11
2024/2025;LM-61;EMILIA ROMAGNA;SICILIA;11
2024/2025;LM-61;EMILIA ROMAGNA;MARCHE;11
2024/2025;LM-61;MARCHE;PUGLIA;11
2024/2025;LM-61;EMILIA ROMAGNA;CAMPANIA;11
2024/2025;LM-41;VENETO;UMBRIA;11
2024/2025;LM-42;ABRUZZO;REGIONE ESTERA;11
2024/2025;LM-41;PUGLIA;TOSCANA;11
2024/2025;LM-41;FRIULI VENEZIA GIULIA;PIEMONTE;11
2024/2025;LM-41;MARCHE;Provincia autonoma di TRENTO;11
2024/2025;LM-41;MOLISE;BASILICATA;11
2024/2025;LM-39;LAZIO;UMBRIA;11
2024/2025;LM-39;TOSCANA;LOMBARDIA;11
2024/2025;LM-39;TOSCANA;EMILIA ROMAGNA;11
2024/2025;LM-38;TOSCANA;PUGLIA;11
2024/2025;LM-38;VENETO;REGIONE ESTERA;11
2024/2025;LM-4;LOMBARDIA;UMBRIA;11
2024/2025;LM-4;PIEMONTE;EMILIA ROMAGNA;11
2024/2025;LM-4;PIEMONTE;ABRUZZO;11
2024/2025;LM-4;PIEMONTE;BASILICATA;11
2024/2025;LM-4;PIEMONTE;MARCHE;11
2024/2025;LM-40;LOMBARDIA;CALABRIA;11
2024/2025;LM-40;LOMBARDIA;PUGLIA;11
2024/2025;LM-4;PIEMONTE;VENETO;11
2024/2025;LM-4;VENETO;PUGLIA;11
2024/2025;LM-4;VENETO;MARCHE;11
2024/2025;LM-40;EMILIA ROMAGNA;CAMPANIA;11
2024/2025;LM-40;VENETO;EMILIA ROMAGNA;11
2024/2025;LM-40;TOSCANA;SARDEGNA;11
2024/2025;LM-40;TOSCANA;PUGLIA;11
2024/2025;LM-43;TOSCANA;LIGURIA;11
2024/2025;LM-44;PIEMONTE;BASILICATA;11
2024/2025;LM-44;PIEMONTE;EMILIA ROMAGNA;11
2024/2025;LM-42;VENETO;PUGLIA;11
2024/2025;LM-42;TOSCANA;VENETO;11
2024/2025;LM-42;SICILIA;LAZIO;11
2024/2025;LM-42;PIEMONTE;EMILIA ROMAGNA;11
2024/2025;LM-47;EMILIA ROMAGNA;LOMBARDIA;11
2024/2025;LM-46;TOSCANA;VENETO;11
2024/2025;LM-46;TOSCANA;PUGLIA;11
2024/2025;LM-46;CAMPANIA;CALABRIA;11
2024/2025;LM-46;EMILIA ROMAGNA;Provincia autonoma di TRENTO;11
2024/2025;LM-45;LOMBARDIA;LIGURIA;11
2024/2025;LM-49;LOMBARDIA;PIEMONTE;11
2024/2025;LM-49;VENETO;REGIONE ESTERA;11
2024/2025;LM-49;VENETO;LOMBARDIA;11
2024/2025;LM-4cu;LOMBARDIA;SICILIA;11
2024/2025;LM-4cu;UMBRIA;LAZIO;11
2024/2025;LM-50;EMILIA ROMAGNA;REGIONE ESTERA;11
2024/2025;LM-50;EMILIA ROMAGNA;ABRUZZO;11
2024/2025;LM-51;ABRUZZO;REGIONE ESTERA;11
2024/2025;LM-50;LAZIO;PUGLIA;11
2024/2025;LM-77;Provincia autonoma di TRENTO;Provincia autonoma di BOLZANO;11
2024/2025;LM-77;UMBRIA;TOSCANA;11
2024/2025;LM-77;PIEMONTE;VENETO;11
2024/2025;LM-77;PIEMONTE;EMILIA ROMAGNA;11
2024/2025;LM-77;VENETO;Provincia autonoma di BOLZANO;11
2024/2025;LM-78;ABRUZZO;LAZIO;11
2024/2025;LM-78;CAMPANIA;BASILICATA;11
2024/2025;LM-78;EMILIA ROMAGNA;REGIONE ESTERA;11
2024/2025;LM-78;EMILIA ROMAGNA;SARDEGNA;11
2024/2025;LM-78;LOMBARDIA;LAZIO;11
2024/2025;LM-78;TOSCANA;CAMPANIA;11
2024/2025;LM-78;TOSCANA;EMILIA ROMAGNA;11
2024/2025;LM-78;VENETO;SICILIA;11
2024/2025;LM-8;EMILIA ROMAGNA;ABRUZZO;11
2024/2025;LM-81;PIEMONTE;TOSCANA;11
2024/2025;LM-81;TOSCANA;LAZIO;11
2024/2025;LM-81;EMILIA ROMAGNA;SICILIA;11
2024/2025;LM-81;FRIULI VENEZIA GIULIA;FRIULI VENEZIA GIULIA;11
2024/2025;LM-80;EMILIA ROMAGNA;REGIONE ESTERA;11
2024/2025;LM-80;LIGURIA;LIGURIA;11
2024/2025;LM-76;LOMBARDIA;TOSCANA;11
2024/2025;LM-77;CAMPANIA;CALABRIA;11
2024/2025;LM-76;EMILIA ROMAGNA;VENETO;11
2024/2025;LM-70;Provincia autonoma di BOLZANO;LOMBARDIA;11
2024/2025;LM-82;LOMBARDIA;CAMPANIA;11
2024/2025;LM-82;VENETO;FRIULI VENEZIA GIULIA;11
2024/2025;LM-82;VENETO;LAZIO;11
2024/2025;LM-84;EMILIA ROMAGNA;Provincia autonoma di TRENTO;11
2024/2025;LM-84;EMILIA ROMAGNA;FRIULI VENEZIA GIULIA;11
2024/2025;LM-84;TOSCANA;CALABRIA;11
2024/2025;LM-84;TOSCANA;CAMPANIA;11
2024/2025;LM-84;VENETO;TOSCANA;11
2024/2025;LM-85;CAMPANIA;BASILICATA;11
2024/2025;LM-84;LIGURIA;PIEMONTE;11
2024/2025;LM-85 bis;LAZIO;LIGURIA;11
2024/2025;LM-85 bis;FRIULI VENEZIA GIULIA;SICILIA;11
2024/2025;LM-85 bis;PIEMONTE;CALABRIA;11
2024/2025;LM-85;TOSCANA;UMBRIA;11
2024/2025;LM-85;LAZIO;MOLISE;11
2024/2025;LM-85;LOMBARDIA;EMILIA ROMAGNA;11
2024/2025;LM-85 bis;CALABRIA;LOMBARDIA;11
2024/2025;LM-85 bis;ABRUZZO;CAMPANIA;11
2024/2025;LM-85;VENETO;PUGLIA;11
2024/2025;LM-85;VENETO;SICILIA;11
2024/2025;LM-88;VENETO;LAZIO;11
2024/2025;LM-88;EMILIA ROMAGNA;MARCHE;11
2024/2025;LM-88;LAZIO;CAMPANIA;11
2024/2025;LM-89;VENETO;LAZIO;11
2024/2025;LM-89;TOSCANA;REGIONE ESTERA;11
2024/2025;LM-89;LIGURIA;PIEMONTE;11
2024/2025;LM-89;MARCHE;PUGLIA;11
2024/2025;LM-85 bis;SICILIA;LOMBARDIA;11
2024/2025;LM-86;UMBRIA;LAZIO;11
2024/2025;LM-86;ABRUZZO;LAZIO;11
2024/2025;LM-87;TOSCANA;CAMPANIA;11
2024/2025;LM-87;PIEMONTE;VENETO;11
2024/2025;LM-87;LOMBARDIA;PIEMONTE;11
2024/2025;LM-87;MOLISE;CAMPANIA;11
2024/2025;LM-87;LAZIO;ABRUZZO;11
2024/2025;LM-87;EMILIA ROMAGNA;VENETO;11
2024/2025;L-P03;SARDEGNA;SARDEGNA;11
2024/2025;LM-91;LOMBARDIA;SICILIA;11
2024/2025;LM-91;LOMBARDIA;PIEMONTE;11
2024/2025;LM-91;VENETO;FRIULI VENEZIA GIULIA;11
2024/2025;LM-92;EMILIA ROMAGNA;LAZIO;11
2024/2025;LM-92;TOSCANA;CALABRIA;11
2024/2025;LM-92;PIEMONTE;CAMPANIA;11
2024/2025;LM-92;EMILIA ROMAGNA;TOSCANA;11
2024/2025;LM-94;EMILIA ROMAGNA;SICILIA;11
2024/2025;LM-94;LAZIO;TOSCANA;11
2024/2025;LM-94;PIEMONTE;LIGURIA;11
2024/2025;LM-9;LOMBARDIA;TOSCANA;11
2024/2025;LM-9;LOMBARDIA;ABRUZZO;11
2024/2025;LM-9;PIEMONTE;BASILICATA;11
2024/2025;LM-89;VENETO;TOSCANA;11
2024/2025;LM-9;UMBRIA;TOSCANA;11
2024/2025;LM-9;TOSCANA;VENETO;11
2024/2025;LM-90;LOMBARDIA;PUGLIA;11
2024/2025;LM-91;EMILIA ROMAGNA;MARCHE;11
2024/2025;LM-90;VENETO;LOMBARDIA;11
2024/2025;L-P01;FRIULI VENEZIA GIULIA;VENETO;11
2024/2025;LMG/01;PIEMONTE;FRIULI VENEZIA GIULIA;11
2024/2025;LMG/01;CAMPANIA;LOMBARDIA;11
2024/2025;LM-Data;LOMBARDIA;PUGLIA;11
2024/2025;LM-Data;ABRUZZO;REGIONE ESTERA;11
2024/2025;LMG/01;LAZIO;Provincia autonoma di TRENTO;11
2024/2025;LMG/01;MOLISE;ABRUZZO;11
2024/2025;LMG/01;MARCHE;CALABRIA;11
2024/2025;LMG/01;MARCHE;VENETO;10
2024/2025;LMG/01;MARCHE;MOLISE;10
2024/2025;LM-Data;ABRUZZO;ABRUZZO;10
2024/2025;LM-Data;VENETO;EMILIA ROMAGNA;10
2024/2025;LM-Data;VENETO;FRIULI VENEZIA GIULIA;10
2024/2025;LMG/01;CALABRIA;SICILIA;10
2024/2025;LMG/01;PIEMONTE;EMILIA ROMAGNA;10
2024/2025;LMG/01;UMBRIA;BASILICATA;10
2024/2025;LM-9;UMBRIA;MARCHE;10
2024/2025;LM-9;TOSCANA;PIEMONTE;10
2024/2025;LM-9;Provincia autonoma di TRENTO;EMILIA ROMAGNA;10
2024/2025;LM-9;Provincia autonoma di TRENTO;TOSCANA;10
2024/2025;LM-9;EMILIA ROMAGNA;BASILICATA;10
2024/2025;LM-9;CALABRIA;REGIONE ESTERA;10
2024/2025;LM-9;LAZIO;REGIONE ESTERA;10
2024/2025;LM-9;LOMBARDIA;LIGURIA;10
2024/2025;LM-94;VENETO;LOMBARDIA;10
2024/2025;LM-94;EMILIA ROMAGNA;MARCHE;10
2024/2025;LM-93;EMILIA ROMAGNA;SICILIA;10
2024/2025;LM-94;EMILIA ROMAGNA;ABRUZZO;10
2024/2025;LM-92;UMBRIA;MARCHE;10
2024/2025;LM-92;VENETO;SICILIA;10
2024/2025;LM-92;PIEMONTE;LIGURIA;10
2024/2025;LM-92;PIEMONTE;CALABRIA;10
2024/2025;LM-92;TOSCANA;PUGLIA;10
2024/2025;LM-92;PIEMONTE;VENETO;10
2024/2025;LM-92;PIEMONTE;REGIONE ESTERA;10
2024/2025;LM-92;EMILIA ROMAGNA;PUGLIA;10
2024/2025;LM-92;EMILIA ROMAGNA;SICILIA;10
2024/2025;LM-91;Provincia autonoma di TRENTO;LOMBARDIA;10
2024/2025;LM-87;LAZIO;UMBRIA;10
2024/2025;LM-87;MOLISE;PUGLIA;10
2024/2025;LM-87;MARCHE;LOMBARDIA;10
2024/2025;LM-87;MARCHE;SICILIA;10
2024/2025;LM-87;VENETO;SARDEGNA;10
2024/2025;LM-87;TOSCANA;LIGURIA;10
2024/2025;LM-85 bis;PUGLIA;CAMPANIA;10
2024/2025;LM-85 bis;UMBRIA;ABRUZZO;10
2024/2025;LM-89;PIEMONTE;SICILIA;10
2024/2025;LM-89;LOMBARDIA;REGIONE ESTERA;10
2024/2025;LM-89;LAZIO;MARCHE;10
2024/2025;LM-89;LAZIO;CALABRIA;10
2024/2025;LM-89;LAZIO;EMILIA ROMAGNA;10
2024/2025;LM-89;TOSCANA;EMILIA ROMAGNA;10
2024/2025;LM-89;TOSCANA;LAZIO;10
2024/2025;LM-89;TOSCANA;ABRUZZO;10
2024/2025;LM-89;TOSCANA;BASILICATA;10
2024/2025;LM-89;PUGLIA;BASILICATA;10
2024/2025;LM-89;VENETO;MARCHE;10
2024/2025;LM-88;Provincia autonoma di TRENTO;PUGLIA;10
2024/2025;LM-88;PIEMONTE;LIGURIA;10
2024/2025;LM-89;EMILIA ROMAGNA;BASILICATA;10
2024/2025;LM-89;EMILIA ROMAGNA;CALABRIA;10
2024/2025;LM-89;EMILIA ROMAGNA;Provincia autonoma di TRENTO;10
2024/2025;LM-85 bis;CALABRIA;PIEMONTE;10
2024/2025;LM-85 bis;CALABRIA;BASILICATA;10
2024/2025;LM-85;LAZIO;UMBRIA;10
2024/2025;LM-85;LAZIO;ABRUZZO;10
2024/2025;LM-85;LAZIO;BASILICATA;10
2024/2025;LM-85;PUGLIA;CAMPANIA;10
2024/2025;LM-85 bis;LOMBARDIA;SARDEGNA;10
2024/2025;LM-85;EMILIA ROMAGNA;SARDEGNA;10
2024/2025;LM-82;LOMBARDIA;LIGURIA;10
2024/2025;LM-82;LOMBARDIA;Provincia autonoma di TRENTO;10
2024/2025;LM-82;LOMBARDIA;MARCHE;10
2024/2025;LM-81;VENETO;LOMBARDIA;10
2024/2025;LM-7;EMILIA ROMAGNA;PUGLIA;10
2024/2025;LM-73;MARCHE;ABRUZZO;10
2024/2025;LM-74;EMILIA ROMAGNA;VENETO;10
2024/2025;LM-76;LOMBARDIA;CALABRIA;10
2024/2025;LM-75;ABRUZZO;ABRUZZO;10
2024/2025;LM-76;VENETO;SICILIA;10
2024/2025;LM-76;LOMBARDIA;MARCHE;10
2024/2025;LM-76;VENETO;CAMPANIA;10
2024/2025;LM-77;EMILIA ROMAGNA;Provincia autonoma di BOLZANO;10
2024/2025;LM-81;EMILIA ROMAGNA;ABRUZZO;10
2024/2025;LM-8;Provincia autonoma di TRENTO;LAZIO;10
2024/2025;LM-81;LAZIO;CAMPANIA;10
2024/2025;LM-81;LAZIO;EMILIA ROMAGNA;10
2024/2025;LM-81;PIEMONTE;EMILIA ROMAGNA;10
2024/2025;LM-78;VENETO;TOSCANA;10
2024/2025;LM-8;EMILIA ROMAGNA;MARCHE;10
2024/2025;LM-78;PIEMONTE;FRIULI VENEZIA GIULIA;10
2024/2025;LM-78;UMBRIA;LAZIO;10
2024/2025;LM-78;VENETO;ABRUZZO;10
2024/2025;LM-78;VENETO;CAMPANIA;10
2024/2025;LM-78;VENETO;PIEMONTE;10
2024/2025;LM-78;FRIULI VENEZIA GIULIA;VENETO;10
2024/2025;LM-78;LOMBARDIA;VENETO;10
2024/2025;LM-78;EMILIA ROMAGNA;PIEMONTE;10
2024/2025;LM-78;EMILIA ROMAGNA;FRIULI VENEZIA GIULIA;10
2024/2025;LM-50;PIEMONTE;LOMBARDIA;10
2024/2025;LM-50;VENETO;EMILIA ROMAGNA;10
2024/2025;LM-50;EMILIA ROMAGNA;BASILICATA;10
2024/2025;LM-50;EMILIA ROMAGNA;CAMPANIA;10
2024/2025;LM-50;EMILIA ROMAGNA;Provincia autonoma di TRENTO;10
2024/2025;LM-51;CAMPANIA;PUGLIA;10
2024/2025;LM-51;EMILIA ROMAGNA;BASILICATA;10
2024/2025;LM-51;MARCHE;ABRUZZO;10
2024/2025;LM-4cu;UMBRIA;MARCHE;10
2024/2025;LM-4cu;UMBRIA;TOSCANA;10
2024/2025;LM-4cu;Provincia autonoma di TRENTO;EMILIA ROMAGNA;10
2024/2025;LM-4cu;LOMBARDIA;REGIONE ESTERA;10
2024/2025;LM-4cu;LOMBARDIA;LAZIO;10
2024/2025;LM-4cu;LOMBARDIA;CAMPANIA;10
2024/2025;LM-49;VENETO;FRIULI VENEZIA GIULIA;10
2024/2025;LM-49;PUGLIA;BASILICATA;10
2024/2025;LM-4cu;ABRUZZO;BASILICATA;10
2024/2025;LM-45;LOMBARDIA;TOSCANA;10
2024/2025;LM-46;ABRUZZO;UMBRIA;10
2024/2025;LM-46;CAMPANIA;LAZIO;10
2024/2025;LM-46;LOMBARDIA;TOSCANA;10
2024/2025;LM-46;UMBRIA;MARCHE;10
2024/2025;LM-46;LOMBARDIA;LIGURIA;10
2024/2025;LM-46;PUGLIA;CALABRIA;10
2024/2025;LM-46;PIEMONTE;REGIONE ESTERA;10
2024/2025;LM-46;SARDEGNA;PIEMONTE;10
2024/2025;LM-47;EMILIA ROMAGNA;VENETO;10
2024/2025;LM-48;LOMBARDIA;EMILIA ROMAGNA;10
2024/2025;LM-42;PIEMONTE;LAZIO;10
2024/2025;LM-42;MARCHE;PIEMONTE;10
2024/2025;LM-42;SICILIA;CAMPANIA;10
2024/2025;LM-42;PUGLIA;REGIONE ESTERA;10
2024/2025;LM-42;UMBRIA;PIEMONTE;10
2024/2025;LM-42;UMBRIA;PUGLIA;10
2024/2025;LM-42;SICILIA;VENETO;10
2024/2025;LM-44;PIEMONTE;LIGURIA;10
2024/2025;LM-44;PIEMONTE;MARCHE;10
2024/2025;LM-44;PIEMONTE;SARDEGNA;10
2024/2025;LM-44;LOMBARDIA;CALABRIA;10
2024/2025;LM-41;CAMPANIA;FRIULI VENEZIA GIULIA;10
2024/2025;LM-41;CALABRIA;MARCHE;10
2024/2025;LM-4;VENETO;TOSCANA;10
2024/2025;LM-40;LAZIO;ABRUZZO;10
2024/2025;LM-40;PIEMONTE;CAMPANIA;10
2024/2025;LM-40;PIEMONTE;LAZIO;10
2024/2025;LM-40;PIEMONTE;LOMBARDIA;10
2024/2025;LM-39;VENETO;TOSCANA;10
2024/2025;LM-4;LOMBARDIA;BASILICATA;10
2024/2025;LM-4;LAZIO;TOSCANA;10
2024/2025;LM-38;VENETO;UMBRIA;10
2024/2025;LM-39;EMILIA ROMAGNA;LIGURIA;10
2024/2025;LM-39;EMILIA ROMAGNA;FRIULI VENEZIA GIULIA;10
2024/2025;LM-39;TOSCANA;ABRUZZO;10
2024/2025;LM-39;LOMBARDIA;PUGLIA;10
2024/2025;LM-39;EMILIA ROMAGNA;VENETO;10
2024/2025;LM-41;PIEMONTE;FRIULI VENEZIA GIULIA;10
2024/2025;LM-41;Provincia autonoma di BOLZANO;Provincia autonoma di TRENTO;10
2024/2025;LM-41;FRIULI VENEZIA GIULIA;EMILIA ROMAGNA;10
2024/2025;LM-42;CAMPANIA;BASILICATA;10
2024/2025;LM-42;EMILIA ROMAGNA;PIEMONTE;10
2024/2025;LM-61;LAZIO;LOMBARDIA;10
2024/2025;LM-61;MOLISE;CAMPANIA;10
2024/2025;LM-61;EMILIA ROMAGNA;CALABRIA;10
2024/2025;LM-63;EMILIA ROMAGNA;PUGLIA;10
2024/2025;LM-63;EMILIA ROMAGNA;SICILIA;10
2024/2025;LM-62;Provincia autonoma di TRENTO;LOMBARDIA;10
2024/2025;LM-62;PIEMONTE;LOMBARDIA;10
2024/2025;LM-62;LOMBARDIA;PUGLIA;10
2024/2025;LM-62;MARCHE;REGIONE ESTERA;10
2024/2025;LM-60;EMILIA ROMAGNA;PIEMONTE;10
2024/2025;LM-60;EMILIA ROMAGNA;PUGLIA;10
2024/2025;LM-60;EMILIA ROMAGNA;LAZIO;10
2024/2025;LM-63;LOMBARDIA;SICILIA;10
2024/2025;LM-63;SICILIA;CALABRIA;10
2024/2025;LM-63;VENETO;EMILIA ROMAGNA;10
2024/2025;LM-63;VENETO;FRIULI VENEZIA GIULIA;10
2024/2025;LM-63;LAZIO;ABRUZZO;10
2024/2025;LM-63;LOMBARDIA;LIGURIA;10
2024/2025;LM-65;EMILIA ROMAGNA;BASILICATA;10
2024/2025;LM-65;VENETO;MARCHE;10
2024/2025;LM-66;TOSCANA;PUGLIA;10
2024/2025;LM-67;ABRUZZO;CAMPANIA;10
2024/2025;LM-67;ABRUZZO;LAZIO;10
2024/2025;LM-69;LAZIO;REGIONE ESTERA;10
2024/2025;LM-69;EMILIA ROMAGNA;MARCHE;10
2024/2025;LM-68;MARCHE;SARDEGNA;10
2024/2025;LM-68;LAZIO;PUGLIA;10
2024/2025;LM-67;LOMBARDIA;EMILIA ROMAGNA;10
2024/2025;LM-67;UMBRIA;PUGLIA;10
2024/2025;LM-67;UMBRIA;SICILIA;10
2024/2025;LM-67;MARCHE;CAMPANIA;10
2024/2025;LM-56;EMILIA ROMAGNA;ABRUZZO;10
2024/2025;LM-56;EMILIA ROMAGNA;BASILICATA;10
2024/2025;LM-55;Provincia autonoma di TRENTO;LAZIO;10
2024/2025;LM-55;Provincia autonoma di TRENTO;TOSCANA;10
2024/2025;LM-55;LOMBARDIA;CAMPANIA;10
2024/2025;LM-54;MARCHE;REGIONE ESTERA;10
2024/2025;LM-54;PIEMONTE;LAZIO;10
2024/2025;LM-56;FRIULI VENEZIA GIULIA;VENETO;10
2024/2025;LM-56;LAZIO;PIEMONTE;10
2024/2025;LM-56;LOMBARDIA;ABRUZZO;10
2024/2025;LM-56;LOMBARDIA;UMBRIA;10
2024/2025;LM-59;EMILIA ROMAGNA;LIGURIA;10
2024/2025;LM-59;CAMPANIA;BASILICATA;10
2024/2025;LM-58;EMILIA ROMAGNA;SICILIA;10
2024/2025;LM-59;ABRUZZO;LAZIO;10
2024/2025;LM-59;LAZIO;MOLISE;10
2024/2025;LM-56;TOSCANA;EMILIA ROMAGNA;10
2024/2025;LM-57;LOMBARDIA;CALABRIA;10
2024/2025;LM-57;LOMBARDIA;CAMPANIA;10
2024/2025;LM-56;VENETO;TOSCANA;10
2024/2025;LM-56;VENETO;PUGLIA;10
2024/2025;LM-59;PIEMONTE;TOSCANA;10
2024/2025;LM-59;PIEMONTE;REGIONE ESTERA;10
2024/2025;LM-59;UMBRIA;TOSCANA;10
2024/2025;LM-52;LAZIO;Provincia autonoma di TRENTO;10
2024/2025;LM-52;LIGURIA;PIEMONTE;10
2024/2025;LM-53;LOMBARDIA;PUGLIA;10
2024/2025;LM-52;PIEMONTE;ABRUZZO;10
2024/2025;LM-52;MARCHE;ABRUZZO;10
2024/2025;LM-52;Provincia autonoma di TRENTO;PUGLIA;10
2024/2025;LM-52;Provincia autonoma di TRENTO;EMILIA ROMAGNA;10
2024/2025;LM-52;TOSCANA;SARDEGNA;10
2023/2024;LM-Data;LOMBARDIA;EMILIA ROMAGNA;10
2023/2024;LM-Data;FRIULI VENEZIA GIULIA;REGIONE ESTERA;10
2023/2024;LMG/01;CALABRIA;REGIONE ESTERA;10
2023/2024;LMG/01;CAMPANIA;PIEMONTE;10
2023/2024;LMG/01;EMILIA ROMAGNA;VALLE D'AOSTA;10
2023/2024;LMG/01;LAZIO;Provincia autonoma di TRENTO;10
2023/2024;LMG/01;FRIULI VENEZIA GIULIA;PUGLIA;10
2023/2024;LMG/01;MARCHE;MOLISE;10
2023/2024;LM-92;LOMBARDIA;SARDEGNA;10
2023/2024;LM-92;PIEMONTE;CALABRIA;10
2023/2024;LM-92;TOSCANA;CAMPANIA;10
2023/2024;LM-91;VENETO;LAZIO;10
2023/2024;LM-92;EMILIA ROMAGNA;ABRUZZO;10
2023/2024;LM-92;EMILIA ROMAGNA;SICILIA;10
2023/2024;LM-94;LOMBARDIA;CAMPANIA;10
2023/2024;LM-94;FRIULI VENEZIA GIULIA;PIEMONTE;10
2023/2024;LMG/01;PIEMONTE;LAZIO;10
2023/2024;LMG/01;VENETO;MARCHE;10
2024/2025;L/GASTR;EMILIA ROMAGNA;MARCHE;10
2024/2025;99999;TOSCANA;LOMBARDIA;10
2024/2025;99999;VENETO;Provincia autonoma di BOLZANO;10
2024/2025;99999;LAZIO;MARCHE;10
2024/2025;99999;LAZIO;SARDEGNA;10
2024/2025;99999;LAZIO;TOSCANA;10
2024/2025;99999;MARCHE;FRIULI VENEZIA GIULIA;10
2024/2025;99999;LOMBARDIA;CAMPANIA;10
2024/2025;99999;LOMBARDIA;EMILIA ROMAGNA;10
2024/2025;99999;LIGURIA;LOMBARDIA;10
2024/2025;99999;MARCHE;TOSCANA;10
2024/2025;99999;MARCHE;LOMBARDIA;10
2023/2024;L-Sc.Mat.;LIGURIA;LIGURIA;10
2024/2025;99999;EMILIA ROMAGNA;CAMPANIA;10
2024/2025;99999;EMILIA ROMAGNA;FRIULI VENEZIA GIULIA;10
2024/2025;99999;EMILIA ROMAGNA;LIGURIA;10
2023/2024;LM-88;PIEMONTE;LIGURIA;10
2023/2024;LM-88;PIEMONTE;LOMBARDIA;10
2023/2024;LM-88;Provincia autonoma di TRENTO;TOSCANA;10
2023/2024;LM-88;LOMBARDIA;LAZIO;10
2023/2024;LM-88;EMILIA ROMAGNA;LAZIO;10
2023/2024;LM-89;ABRUZZO;LAZIO;10
2023/2024;LM-89;EMILIA ROMAGNA;Provincia autonoma di TRENTO;10
2023/2024;LM-89;MARCHE;LAZIO;10
2023/2024;LM-89;TOSCANA;ABRUZZO;10
2023/2024;LM-89;PUGLIA;BASILICATA;10
2023/2024;LM-89;TOSCANA;REGIONE ESTERA;10
2023/2024;LM-89;TOSCANA;SARDEGNA;10
2023/2024;LM-9;UMBRIA;TOSCANA;10
2023/2024;LM-9;VENETO;ABRUZZO;10
2023/2024;LM-9;PIEMONTE;BASILICATA;10
2023/2024;LM-9;PIEMONTE;EMILIA ROMAGNA;10
2023/2024;LM-9;PIEMONTE;LIGURIA;10
2023/2024;LM-9;LAZIO;REGIONE ESTERA;10
2023/2024;LM-9;EMILIA ROMAGNA;BASILICATA;10
2023/2024;LM-87;MOLISE;PUGLIA;10
2023/2024;LM-87;EMILIA ROMAGNA;TOSCANA;10
2023/2024;LM-87;LAZIO;BASILICATA;10
2023/2024;LM-87;TOSCANA;CALABRIA;10
2023/2024;LM-87;TOSCANA;CAMPANIA;10
2023/2024;LM-85 bis;SICILIA;VENETO;10
2023/2024;LM-85 bis;UMBRIA;EMILIA ROMAGNA;10
2023/2024;LM-85;MARCHE;REGIONE ESTERA;10
2023/2024;LM-85 bis;CALABRIA;LOMBARDIA;10
2023/2024;LM-85;VENETO;SARDEGNA;10
2023/2024;LM-85 bis;PIEMONTE;PUGLIA;10
2023/2024;LM-85 bis;MARCHE;SICILIA;10
2023/2024;LM-85 bis;LOMBARDIA;SARDEGNA;10
2023/2024;LM-85 bis;LOMBARDIA;LIGURIA;10
2023/2024;LM-69;FRIULI VENEZIA GIULIA;MARCHE;10
2023/2024;LM-69;LOMBARDIA;EMILIA ROMAGNA;10
2023/2024;LM-69;LOMBARDIA;PIEMONTE;10
2023/2024;LM-68;CAMPANIA;BASILICATA;10
2023/2024;LM-67;TOSCANA;SICILIA;10
2023/2024;LM-67;MARCHE;CALABRIA;10
2023/2024;LM-67;LOMBARDIA;CALABRIA;10
2023/2024;LM-70;PIEMONTE;PUGLIA;10
2023/2024;LM-70;EMILIA ROMAGNA;TOSCANA;10
2023/2024;LM-70;EMILIA ROMAGNA;CAMPANIA;10
2023/2024;LM-74;EMILIA ROMAGNA;PUGLIA;10
2023/2024;LM-62;ABRUZZO;CALABRIA;10
2023/2024;LM-61;LAZIO;EMILIA ROMAGNA;10
2023/2024;LM-61;LAZIO;ABRUZZO;10
2023/2024;LM-63;EMILIA ROMAGNA;TOSCANA;10
2023/2024;LM-63;EMILIA ROMAGNA;REGIONE ESTERA;10
2023/2024;LM-63;EMILIA ROMAGNA;LOMBARDIA;10
2023/2024;LM-62;PIEMONTE;PUGLIA;10
2023/2024;LM-63;LAZIO;CALABRIA;10
2023/2024;LM-65;TOSCANA;PUGLIA;10
2023/2024;LM-65;TOSCANA;REGIONE ESTERA;10
2023/2024;LM-65;LOMBARDIA;VENETO;10
2023/2024;LM-65;LOMBARDIA;REGIONE ESTERA;10
2023/2024;LM-65;LOMBARDIA;MARCHE;10
2023/2024;LM-65;LOMBARDIA;CALABRIA;10
2023/2024;LM-65;LAZIO;EMILIA ROMAGNA;10
2023/2024;LM-78;LAZIO;UMBRIA;10
2023/2024;LM-78;EMILIA ROMAGNA;PIEMONTE;10
2023/2024;LM-78;EMILIA ROMAGNA;UMBRIA;10
2023/2024;LM-78;EMILIA ROMAGNA;REGIONE ESTERA;10
2023/2024;LM-78;EMILIA ROMAGNA;BASILICATA;10
2023/2024;LM-78;EMILIA ROMAGNA;CALABRIA;10
2023/2024;LM-78;EMILIA ROMAGNA;FRIULI VENEZIA GIULIA;10
2023/2024;LM-77;PIEMONTE;BASILICATA;10
2023/2024;LM-77;PIEMONTE;VENETO;10
2023/2024;LM-77;PIEMONTE;EMILIA ROMAGNA;10
2023/2024;LM-77;Provincia autonoma di TRENTO;MARCHE;10
2023/2024;LM-76;VENETO;CAMPANIA;10
2023/2024;LM-76;VENETO;PUGLIA;10
2023/2024;LM-77;FRIULI VENEZIA GIULIA;REGIONE ESTERA;10
2023/2024;LM-81;PIEMONTE;LAZIO;10
2023/2024;LM-8;Provincia autonoma di TRENTO;VENETO;10
2023/2024;LM-8;EMILIA ROMAGNA;BASILICATA;10
2023/2024;LM-78;LOMBARDIA;CALABRIA;10
2023/2024;LM-78;MARCHE;ABRUZZO;10
2023/2024;LM-78;VENETO;ABRUZZO;10
2023/2024;LM-78;TOSCANA;CALABRIA;10
2023/2024;LM-84;VENETO;EMILIA ROMAGNA;10
2023/2024;LM-84;TOSCANA;PUGLIA;10
2023/2024;LM-84;TOSCANA;SICILIA;10
2023/2024;LM-84;LAZIO;SICILIA;10
2023/2024;LM-84;LIGURIA;PIEMONTE;10
2023/2024;LM-84;LOMBARDIA;EMILIA ROMAGNA;10
2023/2024;LM-84;LOMBARDIA;REGIONE ESTERA;10
2023/2024;LM-82;LOMBARDIA;LIGURIA;10
2023/2024;LM-82;LAZIO;REGIONE ESTERA;10
2023/2024;LM-82;VENETO;FRIULI VENEZIA GIULIA;10
2024/2025;L-22;CAMPANIA;REGIONE ESTERA;10
2024/2025;L-22;PIEMONTE;LOMBARDIA;10
2024/2025;L-20;TOSCANA;FRIULI VENEZIA GIULIA;10
2024/2025;L-21;ABRUZZO;PUGLIA;10
2024/2025;L-21;LOMBARDIA;REGIONE ESTERA;10
2024/2025;L-22;ABRUZZO;CALABRIA;10
2024/2025;L-21;TOSCANA;REGIONE ESTERA;10
2024/2025;L-24;ABRUZZO;PIEMONTE;10
2024/2025;L-24;LOMBARDIA;ABRUZZO;10
2024/2025;L-22;VENETO;Provincia autonoma di BOLZANO;10
2024/2025;L-22;UMBRIA;REGIONE ESTERA;10
2024/2025;L-23;LAZIO;UMBRIA;10
2024/2025;L-23;LOMBARDIA;PUGLIA;10
2024/2025;L-19;UMBRIA;CAMPANIA;10
2024/2025;L-19;PIEMONTE;SARDEGNA;10
2024/2025;L-19;LOMBARDIA;TOSCANA;10
2024/2025;L-19;LOMBARDIA;PUGLIA;10
2024/2025;L-2;LOMBARDIA;LIGURIA;10
2024/2025;L-2;CAMPANIA;BASILICATA;10
2024/2025;L-20;LAZIO;LIGURIA;10
2024/2025;L-20;LOMBARDIA;Provincia autonoma di BOLZANO;10
2024/2025;L-20;PIEMONTE;MARCHE;10
2024/2025;L-20;MARCHE;UMBRIA;10
2024/2025;L-20;MARCHE;VENETO;10
2024/2025;L-17;PIEMONTE;UMBRIA;10
2024/2025;L-18;CAMPANIA;LOMBARDIA;10
2024/2025;L-18;LAZIO;REGIONE NON FORNITA;10
2024/2025;L-18;MARCHE;MOLISE;10
2024/2025;L-18;PUGLIA;CAMPANIA;10
2024/2025;L-18;UMBRIA;ABRUZZO;10
2024/2025;L-19;CAMPANIA;CALABRIA;10
2024/2025;L-17;EMILIA ROMAGNA;PIEMONTE;10
2024/2025;L-17;EMILIA ROMAGNA;LAZIO;10
2024/2025;L-17;EMILIA ROMAGNA;SICILIA;10
2024/2025;L-16;LAZIO;ABRUZZO;10
2024/2025;L-15;LAZIO;SICILIA;10
2024/2025;L-15;LIGURIA;PIEMONTE;10
2024/2025;L-15;LAZIO;ABRUZZO;10
2024/2025;L-14;TOSCANA;Provincia autonoma di TRENTO;10
2024/2025;L-14;LOMBARDIA;MARCHE;10
2024/2025;L-14;PIEMONTE;MARCHE;10
2024/2025;L-14;MARCHE;VENETO;10
2024/2025;L/SNT3;VENETO;Provincia autonoma di BOLZANO;10
2024/2025;L/SNT3;PIEMONTE;LIGURIA;10
2024/2025;L/SNT3;TOSCANA;SICILIA;10
2024/2025;L/SNT3;LOMBARDIA;CALABRIA;10
2024/2025;L/SNT3;LOMBARDIA;LIGURIA;10
2024/2025;L/SNT4;LOMBARDIA;SICILIA;10
2024/2025;L-1;EMILIA ROMAGNA;LIGURIA;10
2024/2025;L-1;EMILIA ROMAGNA;UMBRIA;10
2024/2025;L-1;LOMBARDIA;TOSCANA;10
2024/2025;L-1;LOMBARDIA;CAMPANIA;10
2024/2025;L-1;TOSCANA;FRIULI VENEZIA GIULIA;10
2024/2025;L-1;VENETO;CALABRIA;10
2024/2025;L-10;ABRUZZO;CAMPANIA;10
2024/2025;L-10;LAZIO;PIEMONTE;10
2024/2025;L/SNT2;CAMPANIA;PUGLIA;10
2024/2025;L/SNT1;VENETO;CAMPANIA;10
2024/2025;L/SNT3;BASILICATA;PUGLIA;10
2024/2025;L/SNT3;EMILIA ROMAGNA;FRIULI VENEZIA GIULIA;10
2024/2025;L/SNT3;CAMPANIA;CALABRIA;10
2024/2025;L/SNT2;UMBRIA;TOSCANA;10
2024/2025;L/SNT2;TOSCANA;PUGLIA;10
2024/2025;L/SNT2;MOLISE;SICILIA;10
2024/2025;L/SNT2;PIEMONTE;LIGURIA;10
2024/2025;L/SNT1;EMILIA ROMAGNA;Provincia autonoma di BOLZANO;10
2024/2025;L/SNT1;EMILIA ROMAGNA;Provincia autonoma di TRENTO;10
2024/2025;L/SNT1;CAMPANIA;SICILIA;10
2024/2025;L/SNT1;TOSCANA;LOMBARDIA;10
2024/2025;L-10;PIEMONTE;REGIONE ESTERA;10
2024/2025;L-10;LOMBARDIA;TOSCANA;10
2024/2025;L-10;LOMBARDIA;FRIULI VENEZIA GIULIA;10
2024/2025;L-10;UMBRIA;BASILICATA;10
2024/2025;L-11;CAMPANIA;MARCHE;10
2024/2025;L-11;EMILIA ROMAGNA;Provincia autonoma di BOLZANO;10
2024/2025;L-11;FRIULI VENEZIA GIULIA;PUGLIA;10
2024/2025;L-11;FRIULI VENEZIA GIULIA;SARDEGNA;10
2024/2025;L-11;UMBRIA;CAMPANIA;10
2024/2025;L-11;VENETO;VALLE D'AOSTA;10
2024/2025;L-11;MARCHE;VENETO;10
2024/2025;L-11;MARCHE;SICILIA;10
2024/2025;L-13;TOSCANA;EMILIA ROMAGNA;10
2024/2025;L-14;EMILIA ROMAGNA;PIEMONTE;10
2024/2025;L-13;CAMPANIA;LOMBARDIA;10
2024/2025;L-12;VENETO;TOSCANA;10
2024/2025;L-12;PUGLIA;REGIONE ESTERA;10
2024/2025;L-12;PIEMONTE;MARCHE;10
2024/2025;L-12;MARCHE;MOLISE;10
2024/2025;L-12;FRIULI VENEZIA GIULIA;SARDEGNA;10
2024/2025;LM-20;VENETO;Provincia autonoma di TRENTO;10
2024/2025;LM-21;EMILIA ROMAGNA;LOMBARDIA;10
2024/2025;LM-21;LAZIO;BASILICATA;10
2024/2025;LM-20;LAZIO;CALABRIA;10
2024/2025;LM-21;PIEMONTE;VALLE D'AOSTA;10
2024/2025;LM-21;MARCHE;PUGLIA;10
2024/2025;LM-21;PIEMONTE;REGIONE ESTERA;10
2024/2025;LM-21;LOMBARDIA;PUGLIA;10
2024/2025;LM-22;PIEMONTE;CALABRIA;10
2024/2025;LM-23;BASILICATA;CAMPANIA;10
2024/2025;LM-22;LOMBARDIA;SICILIA;10
2024/2025;LM-21;VENETO;CAMPANIA;10
2024/2025;LM-24;ABRUZZO;MOLISE;10
2024/2025;LM-3;LIGURIA;REGIONE ESTERA;10
2024/2025;LM-30;EMILIA ROMAGNA;MARCHE;10
2024/2025;LM-30;EMILIA ROMAGNA;SICILIA;10
2024/2025;LM-30;EMILIA ROMAGNA;TOSCANA;10
2024/2025;LM-30;FRIULI VENEZIA GIULIA;FRIULI VENEZIA GIULIA;10
2024/2025;LM-30;LOMBARDIA;FRIULI VENEZIA GIULIA;10
2024/2025;LM-28;LOMBARDIA;PUGLIA;10
2024/2025;LM-29;EMILIA ROMAGNA;CAMPANIA;10
2024/2025;LM-29;EMILIA ROMAGNA;TOSCANA;10
2024/2025;LM-29;EMILIA ROMAGNA;PUGLIA;10
2024/2025;LM-29;MARCHE;ABRUZZO;10
2024/2025;LM-29;LOMBARDIA;PIEMONTE;10
2024/2025;LM-27;PIEMONTE;PUGLIA;10
2024/2025;LM-27;LOMBARDIA;SICILIA;10
2024/2025;LM-26;LAZIO;REGIONE ESTERA;10
2024/2025;LM-24;LOMBARDIA;VENETO;10
2024/2025;LM-24;PIEMONTE;SICILIA;10
2024/2025;LM-25;TOSCANA;SARDEGNA;10
2024/2025;LM-25;TOSCANA;LAZIO;10
2024/2025;LM-38;MARCHE;REGIONE ESTERA;10
2024/2025;LM-37;VENETO;SARDEGNA;10
2024/2025;LM-38;EMILIA ROMAGNA;ABRUZZO;10
2024/2025;LM-38;CAMPANIA;BASILICATA;10
2024/2025;LM-38;EMILIA ROMAGNA;CAMPANIA;10
2024/2025;LM-38;EMILIA ROMAGNA;VENETO;10
2024/2025;LM-37;TOSCANA;LIGURIA;10
2024/2025;LM-37;UMBRIA;TOSCANA;10
2024/2025;LM-37;MARCHE;UMBRIA;10
2024/2025;LM-37;PIEMONTE;CALABRIA;10
2024/2025;LM-37;FRIULI VENEZIA GIULIA;REGIONE ESTERA;10
2024/2025;LM-37;LAZIO;MOLISE;10
2024/2025;LM-36;LAZIO;CALABRIA;10
2024/2025;LM-37;EMILIA ROMAGNA;LAZIO;10
2024/2025;LM-33;VENETO;MARCHE;10
2024/2025;LM-33;VENETO;SICILIA;10
2024/2025;LM-35;EMILIA ROMAGNA;MARCHE;10
2024/2025;LM-31;PIEMONTE;MOLISE;10
2024/2025;LM-31;TOSCANA;UMBRIA;10
2024/2025;LM-32;LAZIO;MOLISE;10
2024/2025;LM-32;Provincia autonoma di TRENTO;PIEMONTE;10
2024/2025;LM-32;PIEMONTE;VALLE D'AOSTA;10
2024/2025;LM-32;TOSCANA;SARDEGNA;10
2024/2025;LM-32;TOSCANA;CALABRIA;10
2024/2025;LM-33;EMILIA ROMAGNA;Provincia autonoma di TRENTO;10
2024/2025;LM-33;LAZIO;ABRUZZO;10
2024/2025;LM-33;LIGURIA;LOMBARDIA;10
2024/2025;LM-33;LOMBARDIA;Provincia autonoma di TRENTO;10
2024/2025;LM-19;EMILIA ROMAGNA;PIEMONTE;10
2024/2025;LM-18;TOSCANA;MARCHE;10
2024/2025;LM-18;TOSCANA;EMILIA ROMAGNA;10
2024/2025;LM-18;PIEMONTE;VALLE D'AOSTA;10
2024/2025;LM-2;TOSCANA;PUGLIA;10
2024/2025;LM-20;LAZIO;EMILIA ROMAGNA;10
2024/2025;LM-20;CAMPANIA;LAZIO;10
2024/2025;LM-2;LAZIO;LOMBARDIA;10
2024/2025;LM-17;FRIULI VENEZIA GIULIA;SICILIA;10
2024/2025;LM-17;PIEMONTE;SARDEGNA;10
2024/2025;LM-17;LOMBARDIA;LIGURIA;10
2024/2025;LM-17;TOSCANA;UMBRIA;10
2024/2025;LM-17;VENETO;MARCHE;10
2024/2025;LM-17;TOSCANA;EMILIA ROMAGNA;10
2024/2025;LM-17;TOSCANA;LOMBARDIA;10
2024/2025;LM-17;TOSCANA;MARCHE;10
2024/2025;LM-17;TOSCANA;SARDEGNA;10
2024/2025;LM-18;EMILIA ROMAGNA;SICILIA;10
2024/2025;LM-18;FRIULI VENEZIA GIULIA;PUGLIA;10
2024/2025;LM-14;CAMPANIA;LAZIO;10
2024/2025;LM-13;TOSCANA;EMILIA ROMAGNA;10
2024/2025;LM-13;SICILIA;REGIONE ESTERA;10
2024/2025;LM-13;PIEMONTE;BASILICATA;10
2024/2025;LM-13;LOMBARDIA;LAZIO;10
2024/2025;LM-16;LAZIO;SICILIA;10
2024/2025;LM-16;LOMBARDIA;SARDEGNA;10
2024/2025;LM-16;EMILIA ROMAGNA;SARDEGNA;10
2024/2025;LM-15;FRIULI VENEZIA GIULIA;FRIULI VENEZIA GIULIA;10
2024/2025;LM-14;UMBRIA;SICILIA;10
2024/2025;LM-14;VENETO;EMILIA ROMAGNA;10
2024/2025;LM-14;PIEMONTE;LIGURIA;10
2024/2025;LM-14;LOMBARDIA;LIGURIA;10
2024/2025;LM-12;VENETO;MARCHE;10
2024/2025;LM-12;TOSCANA;EMILIA ROMAGNA;10
2024/2025;LM-13;ABRUZZO;BASILICATA;10
2024/2025;LM-13;LAZIO;EMILIA ROMAGNA;10
2024/2025;LM-12;LOMBARDIA;Provincia autonoma di TRENTO;10
2024/2025;LM-12;TOSCANA;CALABRIA;10
2024/2025;LM-12;PIEMONTE;EMILIA ROMAGNA;10
2024/2025;LM-12;LOMBARDIA;UMBRIA;10
2024/2025;LM-11;LIGURIA;LIGURIA;10
2024/2025;LM-1;VENETO;LAZIO;10
2024/2025;LM-12;LIGURIA;PUGLIA;10
2024/2025;LM-12;EMILIA ROMAGNA;VENETO;10
2024/2025;LM-12;EMILIA ROMAGNA;CAMPANIA;10
2024/2025;LM-12;ABRUZZO;PUGLIA;10
2024/2025;LM/SNT4;MOLISE;PUGLIA;10
2024/2025;LM/SNT2;VENETO;Provincia autonoma di TRENTO;10
2024/2025;LM/SNT1;TOSCANA;LIGURIA;10
2024/2025;LM/SNT1;UMBRIA;TOSCANA;10
2024/2025;LM/SNT1;LOMBARDIA;TOSCANA;10
2024/2025;LM/SNT1;LOMBARDIA;PIEMONTE;10
2024/2025;L-9;VENETO;BASILICATA;10
2024/2025;L-9;Provincia autonoma di BOLZANO;VENETO;10
2024/2025;L-9;Provincia autonoma di BOLZANO;LOMBARDIA;10
2024/2025;LM/SC-GIUR;LAZIO;VENETO;10
2024/2025;LM/SC-GIUR;PIEMONTE;PIEMONTE;10
2024/2025;LM/SC-GIUR;LOMBARDIA;VENETO;10
2024/2025;L-9;FRIULI VENEZIA GIULIA;MARCHE;10
2024/2025;L-9;MOLISE;PUGLIA;10
2024/2025;L-9;LOMBARDIA;VALLE D'AOSTA;10
2024/2025;L-34;VENETO;LOMBARDIA;10
2024/2025;L-33;UMBRIA;UMBRIA;10
2024/2025;L-33;VENETO;SICILIA;10
2024/2025;L-35;LAZIO;MOLISE;10
2024/2025;L-35;LAZIO;PUGLIA;10
2024/2025;L-35;EMILIA ROMAGNA;MOLISE;10
2024/2025;L-35;LOMBARDIA;TOSCANA;10
2024/2025;L-35;PIEMONTE;MOLISE;10
2024/2025;L-35;PIEMONTE;BASILICATA;10
2024/2025;L-35;TOSCANA;BASILICATA;10
2024/2025;L-32;TOSCANA;PUGLIA;10
2024/2025;L-32;VENETO;LOMBARDIA;10
2024/2025;L-33;FRIULI VENEZIA GIULIA;SARDEGNA;10
2024/2025;L-33;Provincia autonoma di TRENTO;SICILIA;10
2024/2025;L-33;PIEMONTE;EMILIA ROMAGNA;10
2024/2025;L-31;PIEMONTE;TOSCANA;10
2024/2025;L-31;LOMBARDIA;VALLE D'AOSTA;10
2024/2025;L-31;PUGLIA;REGIONE ESTERA;10
2024/2025;L-31;PUGLIA;TOSCANA;10
2024/2025;L-31;TOSCANA;PIEMONTE;10
2024/2025;L-31;UMBRIA;LAZIO;10
2024/2025;L-31;UMBRIA;REGIONE ESTERA;10
2024/2025;L-31;VENETO;SICILIA;10
2024/2025;L-32;CAMPANIA;LAZIO;10
2024/2025;L-32;EMILIA ROMAGNA;ABRUZZO;10
2024/2025;L-32;PIEMONTE;PUGLIA;10
2024/2025;L-32;MARCHE;ABRUZZO;10
2024/2025;L-32;LAZIO;SICILIA;10
2024/2025;L-31;LAZIO;LIGURIA;10
2024/2025;L-31;LIGURIA;LOMBARDIA;10
2024/2025;L-31;CAMPANIA;CALABRIA;10
2024/2025;L-31;FRIULI VENEZIA GIULIA;SICILIA;10
2024/2025;L-31;FRIULI VENEZIA GIULIA;LOMBARDIA;10
2024/2025;L-30;TOSCANA;UMBRIA;10
2024/2025;L-30;LOMBARDIA;SARDEGNA;10
2024/2025;L-30;Provincia autonoma di TRENTO;EMILIA ROMAGNA;10
2024/2025;L-3;VENETO;Provincia autonoma di TRENTO;10
2024/2025;L-3;PIEMONTE;EMILIA ROMAGNA;10
2024/2025;L-3;LOMBARDIA;REGIONE ESTERA;10
2024/2025;L-3;LOMBARDIA;SARDEGNA;10
2024/2025;L-3;LOMBARDIA;LAZIO;10
2024/2025;L-3;LOMBARDIA;CALABRIA;10
2024/2025;L-27;PIEMONTE;VALLE D'AOSTA;10
2024/2025;L-27;LAZIO;CALABRIA;10
2024/2025;L-27;LOMBARDIA;REGIONE ESTERA;10
2024/2025;L-29;CAMPANIA;PUGLIA;10
2024/2025;L-29;MARCHE;LOMBARDIA;10
2024/2025;L-29;LAZIO;SICILIA;10
2024/2025;L-24;PIEMONTE;ABRUZZO;10
2024/2025;L-24;Provincia autonoma di TRENTO;PIEMONTE;10
2024/2025;L-24;TOSCANA;MARCHE;10
2024/2025;L-24;SICILIA;PIEMONTE;10
2024/2025;L-24;TOSCANA;BASILICATA;10
2024/2025;L-25;EMILIA ROMAGNA;LIGURIA;10
2024/2025;L-25;EMILIA ROMAGNA;BASILICATA;10
2024/2025;L-25;VENETO;EMILIA ROMAGNA;10
2024/2025;L-25/L-26;PUGLIA;PUGLIA;10
2024/2025;L-25;Provincia autonoma di TRENTO;PIEMONTE;10
2024/2025;L-25;TOSCANA;MARCHE;10
2024/2025;L-25;TOSCANA;SARDEGNA;10
2024/2025;L-25;MARCHE;PUGLIA;10
2024/2025;L-25;LAZIO;TOSCANA;10
2024/2025;L-27;CAMPANIA;BASILICATA;10
2024/2025;L-41;EMILIA ROMAGNA;BASILICATA;10
2024/2025;L-41;EMILIA ROMAGNA;CAMPANIA;10
2024/2025;L-40;UMBRIA;LIGURIA;10
2024/2025;L-41;LAZIO;PUGLIA;10
2024/2025;L-41;VENETO;Provincia autonoma di TRENTO;10
2024/2025;L-42;LAZIO;MARCHE;10
2024/2025;L-42;LIGURIA;LOMBARDIA;10
2024/2025;L-42;VENETO;MARCHE;10
2024/2025;L-42;TOSCANA;UMBRIA;10
2024/2025;L-5;MARCHE;UMBRIA;10
2024/2025;L-5;TOSCANA;ABRUZZO;10
2024/2025;L-5;PIEMONTE;TOSCANA;10
2024/2025;L-5;VENETO;CAMPANIA;10
2024/2025;L-5;VENETO;UMBRIA;10
2024/2025;L-7;LOMBARDIA;FRIULI VENEZIA GIULIA;10
2024/2025;L-7;EMILIA ROMAGNA;UMBRIA;10
2024/2025;L-7;EMILIA ROMAGNA;BASILICATA;10
2024/2025;L-7;TOSCANA;LIGURIA;10
2024/2025;L-7;TOSCANA;CAMPANIA;10
2024/2025;L-7;UMBRIA;LAZIO;10
2024/2025;L-7;VENETO;REGIONE ESTERA;10
2024/2025;L-8;CAMPANIA;SICILIA;10
2024/2025;L-8;LOMBARDIA;LIGURIA;10
2024/2025;L-8;LOMBARDIA;Provincia autonoma di BOLZANO;10
2024/2025;L-8;LIGURIA;EMILIA ROMAGNA;10
2024/2025;L-8;MARCHE;BASILICATA;10
2024/2025;L-8;VENETO;SARDEGNA;10
2024/2025;L-36;VENETO;CAMPANIA;10
2024/2025;L-36;TOSCANA;PIEMONTE;10
2024/2025;L-37;EMILIA ROMAGNA;PUGLIA;10
2024/2025;L-38;EMILIA ROMAGNA;Provincia autonoma di TRENTO;10
2024/2025;L-38;EMILIA ROMAGNA;PUGLIA;10
2024/2025;L-36;Provincia autonoma di TRENTO;LAZIO;10
2024/2025;L-36;MARCHE;REGIONE ESTERA;10
2024/2025;L-36;MARCHE;UMBRIA;10
2024/2025;L-35;TOSCANA;MARCHE;10
2024/2025;L-35;VENETO;PUGLIA;10
2024/2025;L-36;LAZIO;Provincia autonoma di TRENTO;10
2024/2025;L-4;UMBRIA;PIEMONTE;10
2024/2025;L-4;PIEMONTE;CALABRIA;10
2024/2025;L-40;LOMBARDIA;TOSCANA;10
2024/2025;L-4;VENETO;UMBRIA;10
2024/2025;L-39;Provincia autonoma di TRENTO;LOMBARDIA;10
2024/2025;L-39;MARCHE;ABRUZZO;10
2024/2025;L-4;EMILIA ROMAGNA;SARDEGNA;10
2024/2025;L-39;VENETO;Provincia autonoma di TRENTO;10
2023/2024;LM-56;EMILIA ROMAGNA;BASILICATA;10
2023/2024;LM-55;Provincia autonoma di TRENTO;TOSCANA;10
2023/2024;LM-56;FRIULI VENEZIA GIULIA;REGIONE ESTERA;10
2023/2024;LM-56;EMILIA ROMAGNA;UMBRIA;10
2023/2024;LM-56;PUGLIA;BASILICATA;10
2023/2024;LM-56;PIEMONTE;CALABRIA;10
2023/2024;LM-57;LOMBARDIA;LIGURIA;10
2023/2024;LM-56;VENETO;TOSCANA;10
2023/2024;LM-56;TOSCANA;LIGURIA;10
2023/2024;LM-56;TOSCANA;EMILIA ROMAGNA;10
2023/2024;LM-56;VALLE D'AOSTA;PIEMONTE;10
2023/2024;LM-54;LOMBARDIA;EMILIA ROMAGNA;10
2023/2024;LM-54;MARCHE;REGIONE ESTERA;10
2023/2024;LM-54;TOSCANA;LAZIO;10
2023/2024;LM-54;SICILIA;CALABRIA;10
2023/2024;LM-54;LAZIO;CALABRIA;10
2023/2024;LM-54;EMILIA ROMAGNA;LAZIO;10
2023/2024;LM-52;SARDEGNA;REGIONE ESTERA;10
2023/2024;LM-52;TOSCANA;EMILIA ROMAGNA;10
2023/2024;LM-52;TOSCANA;UMBRIA;10
2023/2024;LM-52;VENETO;Provincia autonoma di TRENTO;10
2023/2024;LM-53;LOMBARDIA;FRIULI VENEZIA GIULIA;10
2023/2024;LM-53;EMILIA ROMAGNA;PUGLIA;10
2023/2024;LM-59;LOMBARDIA;BASILICATA;10
2023/2024;LM-59;EMILIA ROMAGNA;ABRUZZO;10
2023/2024;LM-59;CAMPANIA;BASILICATA;10
2023/2024;LM-59;TOSCANA;CALABRIA;10
2023/2024;LM-59;UMBRIA;MARCHE;10
2023/2024;LM-59;UMBRIA;TOSCANA;10
2023/2024;LM-6;FRIULI VENEZIA GIULIA;MARCHE;10
2023/2024;LM-6;FRIULI VENEZIA GIULIA;PUGLIA;10
2023/2024;LM-6;FRIULI VENEZIA GIULIA;CAMPANIA;10
2023/2024;LM-60;EMILIA ROMAGNA;CAMPANIA;10
2023/2024;LM-60;EMILIA ROMAGNA;PIEMONTE;10
2023/2024;LM-60;EMILIA ROMAGNA;PUGLIA;10
2023/2024;LM-6;VENETO;Provincia autonoma di TRENTO;10
2023/2024;LM-6;PUGLIA;REGIONE ESTERA;10
2023/2024;LM-6;LAZIO;LOMBARDIA;10
2023/2024;LM-6;LIGURIA;VENETO;10
2023/2024;LM-52;CAMPANIA;SICILIA;10
2023/2024;LM-51;TOSCANA;CAMPANIA;10
2023/2024;LM-52;LOMBARDIA;ABRUZZO;10
2023/2024;LM-52;PIEMONTE;SARDEGNA;10
2023/2024;LM-52;EMILIA ROMAGNA;UMBRIA;10
2023/2024;LM-52;LIGURIA;LOMBARDIA;10
2023/2024;LM-51;MARCHE;ABRUZZO;10
2023/2024;LM-50;LOMBARDIA;VENETO;10
2023/2024;LM-50;TOSCANA;PUGLIA;10
2023/2024;LM-51;CAMPANIA;BASILICATA;10
2023/2024;LM-51;CAMPANIA;PUGLIA;10
2023/2024;LM-4cu;LOMBARDIA;ABRUZZO;10
2023/2024;LM-4cu;LOMBARDIA;CAMPANIA;10
2023/2024;LM-4cu;EMILIA ROMAGNA;MOLISE;10
2023/2024;LM-4cu;LOMBARDIA;SICILIA;10
2023/2024;LM-4cu;LOMBARDIA;LIGURIA;10
2023/2024;LM-5;PIEMONTE;LOMBARDIA;10
2023/2024;LM-47;LAZIO;CALABRIA;10
2023/2024;LM-46;EMILIA ROMAGNA;CAMPANIA;10
2023/2024;LM-46;EMILIA ROMAGNA;Provincia autonoma di TRENTO;10
2023/2024;LM-41;MARCHE;Provincia autonoma di TRENTO;10
2023/2024;LM-41;MOLISE;REGIONE ESTERA;10
2023/2024;LM-41;PIEMONTE;FRIULI VENEZIA GIULIA;10
2023/2024;LM-41;LIGURIA;VALLE D'AOSTA;10
2023/2024;LM-40;Provincia autonoma di TRENTO;EMILIA ROMAGNA;10
2023/2024;LM-40;TOSCANA;ABRUZZO;10
2023/2024;LM-40;LAZIO;UMBRIA;10
2023/2024;LM-40;LIGURIA;PIEMONTE;10
2023/2024;LM-41;CALABRIA;MARCHE;10
2023/2024;LM-41;CAMPANIA;UMBRIA;10
2023/2024;LM-40;TOSCANA;SICILIA;10
2023/2024;LM-45;EMILIA ROMAGNA;SICILIA;10
2023/2024;LM-45;LAZIO;PUGLIA;10
2023/2024;LM-46;ABRUZZO;TOSCANA;10
2023/2024;LM-46;ABRUZZO;UMBRIA;10
2023/2024;LM-44;PIEMONTE;UMBRIA;10
2023/2024;LM-42;SARDEGNA;REGIONE ESTERA;10
2023/2024;LM-42;PUGLIA;VENETO;10
2023/2024;LM-42;SICILIA;CAMPANIA;10
2023/2024;LM-42;TOSCANA;VENETO;10
2023/2024;LM-41;SARDEGNA;CALABRIA;10
2023/2024;LM-42;CAMPANIA;BASILICATA;10
2023/2024;LM-42;CAMPANIA;CALABRIA;10
2023/2024;LM-42;MARCHE;CAMPANIA;10
2023/2024;LM-42;PIEMONTE;LAZIO;10
2023/2024;LM-37;FRIULI VENEZIA GIULIA;SICILIA;10
2023/2024;LM-36;VENETO;ABRUZZO;10
2023/2024;LM-36;VENETO;CAMPANIA;10
2023/2024;LM-35;EMILIA ROMAGNA;CALABRIA;10
2023/2024;LM-35;EMILIA ROMAGNA;TOSCANA;10
2023/2024;LM-35;LOMBARDIA;EMILIA ROMAGNA;10
2023/2024;LM-35;PIEMONTE;LIGURIA;10
2023/2024;LM-35;MARCHE;REGIONE ESTERA;10
2023/2024;LM-32;TOSCANA;CALABRIA;10
2023/2024;LM-32;PIEMONTE;VALLE D'AOSTA;10
2023/2024;LM-32;MARCHE;MOLISE;10
2023/2024;LM-37;LAZIO;TOSCANA;10
2023/2024;LM-37;VENETO;CALABRIA;10
2023/2024;LM-37;TOSCANA;SICILIA;10
2023/2024;LM-37;TOSCANA;LIGURIA;10
2023/2024;LM-37;PUGLIA;BASILICATA;10
2023/2024;LM-38;LOMBARDIA;BASILICATA;10
2023/2024;LM-38;EMILIA ROMAGNA;LOMBARDIA;10
2023/2024;LM-37;VENETO;PIEMONTE;10
2023/2024;LM-38;CAMPANIA;BASILICATA;10
2023/2024;LM-38;CAMPANIA;SICILIA;10
2023/2024;LM-38;MARCHE;SICILIA;10
2023/2024;LM-4;LIGURIA;PIEMONTE;10
2023/2024;LM-39;VENETO;Provincia autonoma di TRENTO;10
2023/2024;LM-39;VENETO;LAZIO;10
2023/2024;LM-39;TOSCANA;SARDEGNA;10
2023/2024;LM-38;VENETO;UMBRIA;10
2023/2024;L-5;LOMBARDIA;MARCHE;10
2023/2024;L-5;VENETO;UMBRIA;10
2023/2024;L-5;VENETO;SARDEGNA;10
2023/2024;L-42;VENETO;PIEMONTE;10
2023/2024;L-5;LOMBARDIA;ABRUZZO;10
2023/2024;L-5;LAZIO;MOLISE;10
2023/2024;L-5;EMILIA ROMAGNA;Provincia autonoma di TRENTO;10
2023/2024;L-5;EMILIA ROMAGNA;MOLISE;10
2023/2024;L-7;LOMBARDIA;EMILIA ROMAGNA;10
2023/2024;L-7;LOMBARDIA;LIGURIA;10
2023/2024;L-7;EMILIA ROMAGNA;FRIULI VENEZIA GIULIA;10
2023/2024;L-7;TOSCANA;LIGURIA;10
2023/2024;L-7;TOSCANA;CAMPANIA;10
2023/2024;L-7;Provincia autonoma di TRENTO;EMILIA ROMAGNA;10
2023/2024;L-7;UMBRIA;REGIONE ESTERA;10
2023/2024;L-8;VENETO;CALABRIA;10
2023/2024;L-9;ABRUZZO;CAMPANIA;10
2023/2024;L-8;VENETO;TOSCANA;10
2023/2024;L-8;VENETO;SARDEGNA;10
2023/2024;L-8;Provincia autonoma di TRENTO;PUGLIA;10
2023/2024;L-8;LOMBARDIA;LIGURIA;10
2023/2024;L-8;LOMBARDIA;LAZIO;10
2023/2024;L-8;LIGURIA;EMILIA ROMAGNA;10
2023/2024;L-9;FRIULI VENEZIA GIULIA;EMILIA ROMAGNA;10
2023/2024;L-9;BASILICATA;CAMPANIA;10
2023/2024;L-9;LOMBARDIA;VALLE D'AOSTA;10
2023/2024;L-9;PIEMONTE;Provincia autonoma di BOLZANO;10
2023/2024;L-9;LOMBARDIA;LAZIO;10
2023/2024;LM-12;VENETO;LAZIO;10
2023/2024;LM-12;PIEMONTE;SICILIA;10
2023/2024;LM-12;EMILIA ROMAGNA;ABRUZZO;10
2023/2024;LM-12;LIGURIA;PUGLIA;10
2023/2024;LM-14;LAZIO;TOSCANA;10
2023/2024;LM-14;LAZIO;EMILIA ROMAGNA;10
2023/2024;LM-13;LOMBARDIA;TOSCANA;10
2023/2024;LM-13;SICILIA;REGIONE ESTERA;10
2023/2024;LM/SNT2;MARCHE;EMILIA ROMAGNA;10
2023/2024;LM/SNT3;PUGLIA;BASILICATA;10
2023/2024;LM/SNT3;LAZIO;TOSCANA;10
2023/2024;LM-1;PIEMONTE;EMILIA ROMAGNA;10
2023/2024;LM-11;LIGURIA;LIGURIA;10
2023/2024;LM-1;TOSCANA;LOMBARDIA;10
2023/2024;LM-1;EMILIA ROMAGNA;SARDEGNA;10
2023/2024;LM-1;EMILIA ROMAGNA;PIEMONTE;10
2023/2024;LM/SC-GIUR;LOMBARDIA;VENETO;10
2023/2024;LM/SC-GIUR;LOMBARDIA;PIEMONTE;10
2023/2024;LM/SNT1;ABRUZZO;BASILICATA;10
2023/2024;LM/SNT1;EMILIA ROMAGNA;CAMPANIA;10
2023/2024;L-9;Provincia autonoma di BOLZANO;REGIONE ESTERA;10
2023/2024;LM-17;EMILIA ROMAGNA;PIEMONTE;10
2023/2024;LM-17;LAZIO;PUGLIA;10
2023/2024;LM-17;FRIULI VENEZIA GIULIA;PUGLIA;10
2023/2024;LM-17;PIEMONTE;SICILIA;10
2023/2024;LM-17;TOSCANA;SARDEGNA;10
2023/2024;LM-17;TOSCANA;LIGURIA;10
2023/2024;LM-17;TOSCANA;ABRUZZO;10
2023/2024;LM-18;TOSCANA;BASILICATA;10
2023/2024;LM-18;PIEMONTE;LOMBARDIA;10
2023/2024;LM-18;PIEMONTE;SARDEGNA;10
2023/2024;LM-17;VENETO;MARCHE;10
2023/2024;LM-17;VENETO;PIEMONTE;10
2023/2024;LM-18;FRIULI VENEZIA GIULIA;PUGLIA;10
2023/2024;LM-18;LOMBARDIA;ABRUZZO;10
2023/2024;LM-18;LOMBARDIA;CAMPANIA;10
2023/2024;LM-14;UMBRIA;SICILIA;10
2023/2024;LM-14;UMBRIA;TOSCANA;10
2023/2024;LM-15;LAZIO;ABRUZZO;10
2023/2024;LM-15;EMILIA ROMAGNA;TOSCANA;10
2023/2024;LM-14;Provincia autonoma di TRENTO;Provincia autonoma di BOLZANO;10
2023/2024;LM-14;PIEMONTE;LIGURIA;10
2023/2024;LM-14;PIEMONTE;CAMPANIA;10
2023/2024;LM-14;MARCHE;ABRUZZO;10
2023/2024;LM-16;LOMBARDIA;FRIULI VENEZIA GIULIA;10
2023/2024;LM-15;VENETO;LOMBARDIA;10
2023/2024;LM-20;LOMBARDIA;LIGURIA;10
2023/2024;LM-2;EMILIA ROMAGNA;FRIULI VENEZIA GIULIA;10
2023/2024;LM-2;LAZIO;LOMBARDIA;10
2023/2024;LM-19;EMILIA ROMAGNA;BASILICATA;10
2023/2024;LM-19;EMILIA ROMAGNA;PIEMONTE;10
2023/2024;LM-18;TOSCANA;EMILIA ROMAGNA;10
2023/2024;LM-21;LAZIO;BASILICATA;10
2023/2024;LM-21;EMILIA ROMAGNA;VENETO;10
2023/2024;LM-21;CAMPANIA;MOLISE;10
2023/2024;LM-21;TOSCANA;BASILICATA;10
2023/2024;LM-21;PIEMONTE;MOLISE;10
2023/2024;LM-21;VENETO;CAMPANIA;10
2023/2024;LM-22;PIEMONTE;SARDEGNA;10
2023/2024;LM-22;PIEMONTE;LAZIO;10
2023/2024;LM-21;VENETO;TOSCANA;10
2023/2024;LM-23;PIEMONTE;LIGURIA;10
2023/2024;LM-23;PIEMONTE;LOMBARDIA;10
2023/2024;LM-23;PIEMONTE;SARDEGNA;10
2023/2024;LM-23;LOMBARDIA;PIEMONTE;10
2023/2024;LM-23;LAZIO;MOLISE;10
2023/2024;LM-26;LOMBARDIA;PIEMONTE;10
2023/2024;LM-26;LOMBARDIA;EMILIA ROMAGNA;10
2023/2024;LM-25;PIEMONTE;TOSCANA;10
2023/2024;LM-25;PIEMONTE;EMILIA ROMAGNA;10
2023/2024;LM-25;EMILIA ROMAGNA;CAMPANIA;10
2023/2024;LM-25;LOMBARDIA;LIGURIA;10
2023/2024;LM-25;LOMBARDIA;FRIULI VENEZIA GIULIA;10
2023/2024;LM-26;VENETO;EMILIA ROMAGNA;10
2023/2024;LM-26;PIEMONTE;PIEMONTE;10
2023/2024;LM-28;PIEMONTE;PUGLIA;10
2023/2024;LM-28;PIEMONTE;LAZIO;10
2023/2024;LM-28;PIEMONTE;LIGURIA;10
2023/2024;LM-28;FRIULI VENEZIA GIULIA;VENETO;10
2023/2024;LM-28;EMILIA ROMAGNA;SICILIA;10
2023/2024;LM-29;PIEMONTE;VENETO;10
2023/2024;LM-3;LIGURIA;LIGURIA;10
2023/2024;LM-30;PIEMONTE;FRIULI VENEZIA GIULIA;10
2023/2024;LM-30;PIEMONTE;TOSCANA;10
2023/2024;LM-30;LAZIO;CAMPANIA;10
2023/2024;LM-31;TOSCANA;LAZIO;10
2023/2024;LM-31;Provincia autonoma di TRENTO;VENETO;10
2023/2024;LM-32;EMILIA ROMAGNA;CALABRIA;10
2023/2024;LM-32;EMILIA ROMAGNA;MOLISE;10
2023/2024;LM-31;CAMPANIA;MOLISE;10
2023/2024;LM-31;EMILIA ROMAGNA;SARDEGNA;10
2023/2024;LM-31;LAZIO;CALABRIA;10
2023/2024;LM-31;LAZIO;MOLISE;10
2023/2024;LM-31;LIGURIA;PIEMONTE;10
2023/2024;L-27;LOMBARDIA;CALABRIA;10
2023/2024;L-27;TOSCANA;CAMPANIA;10
2023/2024;L-27;TOSCANA;SICILIA;10
2023/2024;L-29;LAZIO;ABRUZZO;10
2023/2024;L-29;LAZIO;BASILICATA;10
2023/2024;L-29;MARCHE;TOSCANA;10
2023/2024;L-29;TOSCANA;CALABRIA;10
2023/2024;L-29;LOMBARDIA;EMILIA ROMAGNA;10
2023/2024;L-25;MARCHE;EMILIA ROMAGNA;10
2023/2024;L-25;FRIULI VENEZIA GIULIA;REGIONE ESTERA;10
2023/2024;L-25;LAZIO;ABRUZZO;10
2023/2024;L-25;LOMBARDIA;LIGURIA;10
2023/2024;L-26;EMILIA ROMAGNA;CALABRIA;10
2023/2024;L-26;TOSCANA;CALABRIA;10
2023/2024;L-26;TOSCANA;CAMPANIA;10
2023/2024;L-26;UMBRIA;REGIONE ESTERA;10
2023/2024;L-27;CAMPANIA;LAZIO;10
2023/2024;L-30;VENETO;REGIONE ESTERA;10
2023/2024;L-30;VENETO;SARDEGNA;10
2023/2024;L-30;UMBRIA;MARCHE;10
2023/2024;L-30;TOSCANA;UMBRIA;10
2023/2024;L-31;LAZIO;MOLISE;10
2023/2024;L-31;FRIULI VENEZIA GIULIA;SICILIA;10
2023/2024;L-31;EMILIA ROMAGNA;LAZIO;10
2023/2024;L-30;LIGURIA;PIEMONTE;10
2023/2024;L-30;PIEMONTE;SARDEGNA;10
2023/2024;L-30;Provincia autonoma di TRENTO;EMILIA ROMAGNA;10
2023/2024;L-3;VENETO;Provincia autonoma di TRENTO;10
2023/2024;L-30;EMILIA ROMAGNA;Provincia autonoma di TRENTO;10
2023/2024;L-30;EMILIA ROMAGNA;SARDEGNA;10
2023/2024;L-30;FRIULI VENEZIA GIULIA;PUGLIA;10
2023/2024;L-3;PIEMONTE;EMILIA ROMAGNA;10
2023/2024;L-3;PIEMONTE;VENETO;10
2023/2024;L-3;TOSCANA;LAZIO;10
2023/2024;L-29;TOSCANA;VENETO;10
2023/2024;L-23;LOMBARDIA;ABRUZZO;10
2023/2024;L-23;LAZIO;CAMPANIA;10
2023/2024;L-23;VENETO;VENETO;10
2023/2024;L-22;UMBRIA;EMILIA ROMAGNA;10
2023/2024;L-24;FRIULI VENEZIA GIULIA;EMILIA ROMAGNA;10
2023/2024;L-24;LOMBARDIA;ABRUZZO;10
2023/2024;L-24;TOSCANA;PIEMONTE;10
2023/2024;L-24;TOSCANA;BASILICATA;10
2023/2024;L-24;PUGLIA;CALABRIA;10
2023/2024;L-24;PIEMONTE;VALLE D'AOSTA;10
2023/2024;L-25;EMILIA ROMAGNA;LAZIO;10
2023/2024;L-20;EMILIA ROMAGNA;UMBRIA;10
2023/2024;L-20;ABRUZZO;LOMBARDIA;10
2023/2024;L-20;LAZIO;REGIONE NON FORNITA;10
2023/2024;L-20;PIEMONTE;FRIULI VENEZIA GIULIA;10
2023/2024;L-20;TOSCANA;FRIULI VENEZIA GIULIA;10
2023/2024;L-20;UMBRIA;SICILIA;10
2023/2024;L-21;SARDEGNA;REGIONE ESTERA;10
2023/2024;L-22;LOMBARDIA;CAMPANIA;10
2023/2024;L-22;MOLISE;ABRUZZO;10
2023/2024;L-33;LAZIO;LIGURIA;10
2023/2024;L-33;PIEMONTE;SARDEGNA;10
2023/2024;L-33;Provincia autonoma di BOLZANO;EMILIA ROMAGNA;10
2023/2024;L-33;EMILIA ROMAGNA;MOLISE;10
2023/2024;L-32;LAZIO;UMBRIA;10
2023/2024;L-32;PIEMONTE;PUGLIA;10
2023/2024;L-32;PIEMONTE;VENETO;10
2023/2024;L-31;Provincia autonoma di TRENTO;MARCHE;10
2023/2024;L-31;PIEMONTE;TOSCANA;10
2023/2024;L-31;UMBRIA;ABRUZZO;10
2023/2024;L-31;TOSCANA;MOLISE;10
2023/2024;L-32;CAMPANIA;LAZIO;10
2023/2024;L-32;LAZIO;PUGLIA;10
2023/2024;L-32;LAZIO;REGIONE ESTERA;10
2023/2024;L-36;CAMPANIA;MOLISE;10
2023/2024;L-35;TOSCANA;VENETO;10
2023/2024;L-35;VENETO;PUGLIA;10
2023/2024;L-36;ABRUZZO;MARCHE;10
2023/2024;L-35;TOSCANA;EMILIA ROMAGNA;10
2023/2024;L-36;MARCHE;REGIONE ESTERA;10
2023/2024;L-36;Provincia autonoma di TRENTO;CALABRIA;10
2023/2024;L-36;LAZIO;Provincia autonoma di TRENTO;10
2023/2024;L-34;LIGURIA;PIEMONTE;10
2023/2024;L-33;VENETO;TOSCANA;10
2023/2024;L-34;EMILIA ROMAGNA;MARCHE;10
2023/2024;L-34;EMILIA ROMAGNA;PUGLIA;10
2023/2024;L-33;Provincia autonoma di TRENTO;SICILIA;10
2023/2024;L-33;TOSCANA;VENETO;10
2023/2024;L-35;PIEMONTE;CAMPANIA;10
2023/2024;L-35;Provincia autonoma di TRENTO;Provincia autonoma di BOLZANO;10
2023/2024;L-35;PIEMONTE;TOSCANA;10
2023/2024;L-35;LOMBARDIA;FRIULI VENEZIA GIULIA;10
2023/2024;L-37;TOSCANA;SARDEGNA;10
2023/2024;L-37;TOSCANA;SICILIA;10
2023/2024;L-38;ABRUZZO;CAMPANIA;10
2023/2024;L-38;TOSCANA;SARDEGNA;10
2023/2024;L-37;CALABRIA;CALABRIA;10
2023/2024;L-36;TOSCANA;Provincia autonoma di TRENTO;10
2023/2024;L-39;MARCHE;VENETO;10
2023/2024;L-39;EMILIA ROMAGNA;LIGURIA;10
2023/2024;L-38;VENETO;FRIULI VENEZIA GIULIA;10
2023/2024;L-4;LIGURIA;LAZIO;10
2023/2024;L-39;VENETO;Provincia autonoma di TRENTO;10
2023/2024;L-39;TOSCANA;REGIONE ESTERA;10
2023/2024;L-39;UMBRIA;TOSCANA;10
2023/2024;L-4;UMBRIA;VENETO;10
2023/2024;L-4;TOSCANA;MARCHE;10
2023/2024;L-4;TOSCANA;SARDEGNA;10
2023/2024;L-4;Provincia autonoma di BOLZANO;LAZIO;10
2023/2024;L-4;PIEMONTE;LAZIO;10
2023/2024;L-4;VENETO;UMBRIA;10
2023/2024;L-4;VENETO;LIGURIA;10
2023/2024;L-4;VENETO;Provincia autonoma di BOLZANO;10
2023/2024;L-40;EMILIA ROMAGNA;PIEMONTE;10
2023/2024;L-40;EMILIA ROMAGNA;PUGLIA;10
2023/2024;L-42;LAZIO;EMILIA ROMAGNA;10
2023/2024;L-42;LOMBARDIA;SICILIA;10
2023/2024;L-42;LAZIO;BASILICATA;10
2023/2024;L-41;EMILIA ROMAGNA;ABRUZZO;10
2023/2024;L-41;EMILIA ROMAGNA;CALABRIA;10
2023/2024;L-41;EMILIA ROMAGNA;LAZIO;10
2023/2024;L-41;LAZIO;MARCHE;10
2023/2024;L-41;LOMBARDIA;SICILIA;10
2023/2024;L/SNT1;EMILIA ROMAGNA;Provincia autonoma di BOLZANO;10
2023/2024;L/SNT1;CAMPANIA;SICILIA;10
2023/2024;L/DS;TOSCANA;VENETO;10
2023/2024;L/GASTR;EMILIA ROMAGNA;CAMPANIA;10
2023/2024;L/DS;TOSCANA;ABRUZZO;10
2023/2024;99999;PUGLIA;EMILIA ROMAGNA;10
2023/2024;99999;SICILIA;PIEMONTE;10
2023/2024;L/SNT2;BASILICATA;CAMPANIA;10
2023/2024;L/SNT2;ABRUZZO;CALABRIA;10
2023/2024;L/SNT1;VENETO;CAMPANIA;10
2023/2024;L/SNT1;TOSCANA;LAZIO;10
2023/2024;L/SNT1;TOSCANA;LOMBARDIA;10
2023/2024;L/SNT1;TOSCANA;ABRUZZO;10
2023/2024;L/SNT1;LAZIO;PIEMONTE;10
2023/2024;L/SNT1;FRIULI VENEZIA GIULIA;REGIONE ESTERA;10
2023/2024;99999;LIGURIA;LOMBARDIA;10
2023/2024;99999;LAZIO;SICILIA;10
2023/2024;99999;LAZIO;EMILIA ROMAGNA;10
2023/2024;99999;LOMBARDIA;VENETO;10
2023/2024;99999;LOMBARDIA;CAMPANIA;10
2023/2024;99999;LOMBARDIA;PUGLIA;10
2023/2024;99999;ABRUZZO;MARCHE;10
2023/2024;99999;EMILIA ROMAGNA;CAMPANIA;10
2023/2024;L/SNT3;ABRUZZO;BASILICATA;10
2023/2024;L/SNT3;ABRUZZO;SICILIA;10
2023/2024;L/SNT3;CAMPANIA;CALABRIA;10
2023/2024;L/SNT3;LAZIO;SARDEGNA;10
2023/2024;L/SNT3;PIEMONTE;CALABRIA;10
2023/2024;L/SNT2;EMILIA ROMAGNA;Provincia autonoma di TRENTO;10
2023/2024;L/SNT2;LAZIO;VENETO;10
2023/2024;L-1;EMILIA ROMAGNA;LIGURIA;10
2023/2024;L-1;MOLISE;CAMPANIA;10
2023/2024;L-1;SICILIA;CALABRIA;10
2023/2024;L/SNT3;VENETO;CAMPANIA;10
2023/2024;L/SNT3;VENETO;Provincia autonoma di BOLZANO;10
2023/2024;L/SNT4;BASILICATA;BASILICATA;10
2023/2024;L-1;CAMPANIA;PUGLIA;10
2023/2024;L-1;EMILIA ROMAGNA;CAMPANIA;10
2023/2024;L/SNT4;VENETO;FRIULI VENEZIA GIULIA;10
2023/2024;L-10;VENETO;Provincia autonoma di BOLZANO;10
2023/2024;L-10;VENETO;CALABRIA;10
2023/2024;L-10;VENETO;TOSCANA;10
2023/2024;L-11;CAMPANIA;PIEMONTE;10
2023/2024;L-10;TOSCANA;MOLISE;10
2023/2024;L-10;LOMBARDIA;Provincia autonoma di TRENTO;10
2023/2024;L-10;PIEMONTE;TOSCANA;10
2023/2024;L-10;LOMBARDIA;BASILICATA;10
2023/2024;L-12;TOSCANA;LIGURIA;10
2023/2024;L-12;PIEMONTE;VENETO;10
2023/2024;L-12;MARCHE;MOLISE;10
2023/2024;L-12;LAZIO;PIEMONTE;10
2023/2024;L-12;TOSCANA;SARDEGNA;10
2023/2024;L-12;VALLE D'AOSTA;LOMBARDIA;10
2023/2024;L-13;EMILIA ROMAGNA;PIEMONTE;10
2023/2024;L-13;LAZIO;VENETO;10
2023/2024;L-12;EMILIA ROMAGNA;FRIULI VENEZIA GIULIA;10
2023/2024;L-11;MARCHE;TOSCANA;10
2023/2024;L-11;UMBRIA;BASILICATA;10
2023/2024;L-15;PIEMONTE;EMILIA ROMAGNA;10
2023/2024;L-15;MOLISE;ABRUZZO;10
2023/2024;L-15;LOMBARDIA;TOSCANA;10
2023/2024;L-15;LAZIO;PUGLIA;10
2023/2024;L-15;LOMBARDIA;CAMPANIA;10
2023/2024;L-14;UMBRIA;MARCHE;10
2023/2024;L-14;VENETO;SARDEGNA;10
2023/2024;L-14;PIEMONTE;CAMPANIA;10
2023/2024;L-13;VENETO;MARCHE;10
2023/2024;L-13;VENETO;PIEMONTE;10
2023/2024;L-14;ABRUZZO;Provincia autonoma di TRENTO;10
2023/2024;L-14;LAZIO;PIEMONTE;10
2023/2024;L-14;LAZIO;BASILICATA;10
2023/2024;L-14;LOMBARDIA;MARCHE;10
2023/2024;L-18;Provincia autonoma di TRENTO;LAZIO;10
2023/2024;L-18;Provincia autonoma di TRENTO;MARCHE;10
2023/2024;L-2;PIEMONTE;BASILICATA;10
2023/2024;L-2;MARCHE;SICILIA;10
2023/2024;L-2;MARCHE;UMBRIA;10
2023/2024;L-2;LOMBARDIA;CAMPANIA;10
2023/2024;L-2;EMILIA ROMAGNA;PIEMONTE;10
2023/2024;L-19;LOMBARDIA;SICILIA;10
2023/2024;L-19;TOSCANA;LAZIO;10
2023/2024;L-2;CAMPANIA;BASILICATA;10
2023/2024;L-17;VENETO;Provincia autonoma di BOLZANO;10
2023/2024;L-17;LOMBARDIA;MOLISE;10
2023/2024;L-16;LIGURIA;PIEMONTE;10
2023/2024;L-17;EMILIA ROMAGNA;LAZIO;10
2023/2024;L-16;PIEMONTE;VENETO;10
2023/2024;L-18;Provincia autonoma di BOLZANO;LIGURIA;10
2023/2024;L-18;Provincia autonoma di BOLZANO;FRIULI VENEZIA GIULIA;10
2023/2024;L-18;MARCHE;UMBRIA;10
2023/2024;L-17/L-23;PUGLIA;PUGLIA;10
2023/2024;L-18;CAMPANIA;SICILIA;9
2023/2024;L-17;EMILIA ROMAGNA;PIEMONTE;9
2023/2024;L-17;LAZIO;BASILICATA;9
2023/2024;L-16;LAZIO;UMBRIA;9
2023/2024;L-16;LOMBARDIA;PUGLIA;9
2023/2024;L-16;LOMBARDIA;REGIONE ESTERA;9
2023/2024;L-16;CAMPANIA;LAZIO;9
2023/2024;L-19;VENETO;PUGLIA;9
2023/2024;L-19;TOSCANA;EMILIA ROMAGNA;9
2023/2024;L-19;UMBRIA;CAMPANIA;9
2023/2024;L-19;UMBRIA;LOMBARDIA;9
2023/2024;L-19;SICILIA;PIEMONTE;9
2023/2024;L-19;TOSCANA;LOMBARDIA;9
2023/2024;L-19;TOSCANA;PIEMONTE;9
2023/2024;L-19;TOSCANA;Provincia autonoma di TRENTO;9
2023/2024;L-2;EMILIA ROMAGNA;UMBRIA;9
2023/2024;L-2;LAZIO;TOSCANA;9
2023/2024;L-2;PIEMONTE;CALABRIA;9
2023/2024;L-2;PIEMONTE;REGIONE ESTERA;9
2023/2024;L-2;PIEMONTE;VENETO;9
2023/2024;L-2;LOMBARDIA;Provincia autonoma di TRENTO;9
2023/2024;L-18;TOSCANA;FRIULI VENEZIA GIULIA;9
2023/2024;L-18;TOSCANA;Provincia autonoma di BOLZANO;9
2023/2024;L-19;CALABRIA;BASILICATA;9
2023/2024;L-19;CAMPANIA;CALABRIA;9
2023/2024;L-19;LAZIO;EMILIA ROMAGNA;9
2023/2024;L-14;LOMBARDIA;SARDEGNA;9
2023/2024;L-14;EMILIA ROMAGNA;LAZIO;9
2023/2024;L-14;CAMPANIA;LAZIO;9
2023/2024;L-13;VENETO;LAZIO;9
2023/2024;L-13;PIEMONTE;CALABRIA;9
2023/2024;L-13;MOLISE;ABRUZZO;9
2023/2024;L-13;MARCHE;CALABRIA;9
2023/2024;L-13;LOMBARDIA;TOSCANA;9
2023/2024;L-14;MARCHE;TOSCANA;9
2023/2024;L-14;Provincia autonoma di TRENTO;PIEMONTE;9
2023/2024;L-11;PIEMONTE;ABRUZZO;9
2023/2024;L-11;Provincia autonoma di TRENTO;MARCHE;9
2023/2024;L-12;FRIULI VENEZIA GIULIA;SARDEGNA;9
2023/2024;L-12;FRIULI VENEZIA GIULIA;LAZIO;9
2023/2024;L-12;CAMPANIA;REGIONE ESTERA;9
2023/2024;L-12;VENETO;BASILICATA;9
2023/2024;L-12;LAZIO;MOLISE;9
2023/2024;L-12;PIEMONTE;MARCHE;9
2023/2024;L-12;PUGLIA;REGIONE ESTERA;9
2023/2024;L-12;TOSCANA;ABRUZZO;9
2023/2024;L-1;UMBRIA;LAZIO;9
2023/2024;L-10;ABRUZZO;BASILICATA;9
2023/2024;L-10;UMBRIA;SICILIA;9
2023/2024;L-10;UMBRIA;CAMPANIA;9
2023/2024;L-10;UMBRIA;PUGLIA;9
2023/2024;L-10;UMBRIA;BASILICATA;9
2023/2024;L-11;CAMPANIA;MARCHE;9
2023/2024;L-10;VENETO;ABRUZZO;9
2023/2024;L-11;ABRUZZO;LAZIO;9
2023/2024;L-11;CAMPANIA;UMBRIA;9
2023/2024;L-11;CAMPANIA;REGIONE ESTERA;9
2023/2024;L-11;FRIULI VENEZIA GIULIA;SARDEGNA;9
2023/2024;L-11;LIGURIA;SICILIA;9
2023/2024;L-1;ABRUZZO;PUGLIA;9
2023/2024;L/SNT4;LAZIO;CAMPANIA;9
2023/2024;L-1;LOMBARDIA;MARCHE;9
2023/2024;L-1;EMILIA ROMAGNA;UMBRIA;9
2023/2024;L-1;EMILIA ROMAGNA;VENETO;9
2023/2024;L/SNT2;TOSCANA;PUGLIA;9
2023/2024;L/SNT3;EMILIA ROMAGNA;SARDEGNA;9
2023/2024;L/SNT3;EMILIA ROMAGNA;Provincia autonoma di TRENTO;9
2023/2024;L/SNT3;EMILIA ROMAGNA;CALABRIA;9
2023/2024;L/SNT3;CAMPANIA;BASILICATA;9
2023/2024;L/SNT2;VENETO;EMILIA ROMAGNA;9
2023/2024;L/SNT1;LIGURIA;EMILIA ROMAGNA;9
2023/2024;L/SNT1;PIEMONTE;CALABRIA;9
2023/2024;L/SNT1;LOMBARDIA;LAZIO;9
2023/2024;L/DS;EMILIA ROMAGNA;ABRUZZO;9
2023/2024;L/SNT1;BASILICATA;CALABRIA;9
2023/2024;L/SNT1;CALABRIA;CAMPANIA;9
2023/2024;L-40;UMBRIA;FRIULI VENEZIA GIULIA;9
2023/2024;L-42;EMILIA ROMAGNA;Provincia autonoma di BOLZANO;9
2023/2024;L-41;VENETO;ABRUZZO;9
2023/2024;L-41;VENETO;Provincia autonoma di TRENTO;9
2023/2024;L-41;VENETO;PUGLIA;9
2023/2024;L-41;VENETO;SARDEGNA;9
2023/2024;L-42;LAZIO;VENETO;9
2023/2024;L-40;LAZIO;SARDEGNA;9
2023/2024;L-4;VENETO;CAMPANIA;9
2023/2024;L-4;MARCHE;LAZIO;9
2023/2024;L-4;TOSCANA;LIGURIA;9
2023/2024;L-4;TOSCANA;CAMPANIA;9
2023/2024;L-39;TOSCANA;UMBRIA;9
2023/2024;L-4;ABRUZZO;CAMPANIA;9
2023/2024;L-4;EMILIA ROMAGNA;LIGURIA;9
2023/2024;L-4;LIGURIA;VENETO;9
2023/2024;L-4;EMILIA ROMAGNA;REGIONE ESTERA;9
2023/2024;L-4;EMILIA ROMAGNA;SARDEGNA;9
2023/2024;L-38;VENETO;EMILIA ROMAGNA;9
2023/2024;L-39;PIEMONTE;SICILIA;9
2023/2024;L-37;EMILIA ROMAGNA;ABRUZZO;9
2023/2024;L-36;UMBRIA;PUGLIA;9
2023/2024;L-38;MARCHE;UMBRIA;9
2023/2024;L-38;ABRUZZO;EMILIA ROMAGNA;9
2023/2024;L-38;EMILIA ROMAGNA;LAZIO;9
2023/2024;L-37;LOMBARDIA;PIEMONTE;9
2023/2024;L-35;LOMBARDIA;MARCHE;9
2023/2024;L-35;ABRUZZO;LAZIO;9
2023/2024;L-35;CAMPANIA;PUGLIA;9
2023/2024;L-35;EMILIA ROMAGNA;LAZIO;9
2023/2024;L-35;LOMBARDIA;BASILICATA;9
2023/2024;L-33;TOSCANA;Provincia autonoma di TRENTO;9
2023/2024;L-33;SICILIA;REGIONE ESTERA;9
2023/2024;L-35;TOSCANA;BASILICATA;9
2023/2024;L-36;CAMPANIA;LOMBARDIA;9
2023/2024;L-36;CAMPANIA;ABRUZZO;9
2023/2024;L-36;FRIULI VENEZIA GIULIA;MARCHE;9
2023/2024;L-32;LAZIO;SICILIA;9
2023/2024;L-32;EMILIA ROMAGNA;Provincia autonoma di BOLZANO;9
2023/2024;L-31;VENETO;TOSCANA;9
2023/2024;L-31;VENETO;PIEMONTE;9
2023/2024;L-31;VENETO;SARDEGNA;9
2023/2024;L-31;TOSCANA;EMILIA ROMAGNA;9
2023/2024;L-31;Provincia autonoma di TRENTO;SICILIA;9
2023/2024;L-31;PUGLIA;CALABRIA;9
2023/2024;L-32;TOSCANA;LOMBARDIA;9
2023/2024;L-32;MARCHE;ABRUZZO;9
2023/2024;L-32;PIEMONTE;CALABRIA;9
2023/2024;L-22;EMILIA ROMAGNA;PIEMONTE;9
2023/2024;L-22;LAZIO;LOMBARDIA;9
2023/2024;L-22;LAZIO;EMILIA ROMAGNA;9
2023/2024;L-21;PIEMONTE;VALLE D'AOSTA;9
2023/2024;L-21;VENETO;REGIONE ESTERA;9
2023/2024;L-20;TOSCANA;ABRUZZO;9
2023/2024;L-20;MARCHE;SICILIA;9
2023/2024;L-20;PIEMONTE;Provincia autonoma di TRENTO;9
2023/2024;L-20;ABRUZZO;PUGLIA;9
2023/2024;L-2;UMBRIA;VENETO;9
2023/2024;L-2;VENETO;EMILIA ROMAGNA;9
2023/2024;L-2;UMBRIA;EMILIA ROMAGNA;9
2023/2024;L-20;FRIULI VENEZIA GIULIA;REGIONE ESTERA;9
2023/2024;L-25;EMILIA ROMAGNA;CAMPANIA;9
2023/2024;L-25;EMILIA ROMAGNA;BASILICATA;9
2023/2024;L-25;EMILIA ROMAGNA;SARDEGNA;9
2023/2024;L-24;UMBRIA;Provincia autonoma di TRENTO;9
2023/2024;L-24;PIEMONTE;VENETO;9
2023/2024;L-24;TOSCANA;REGIONE ESTERA;9
2023/2024;L-24;PIEMONTE;MARCHE;9
2023/2024;L-24;MARCHE;BASILICATA;9
2023/2024;L-24;LAZIO;Provincia autonoma di TRENTO;9
2023/2024;L-24;ABRUZZO;SARDEGNA;9
2023/2024;L-24;CAMPANIA;EMILIA ROMAGNA;9
2023/2024;L-24;EMILIA ROMAGNA;FRIULI VENEZIA GIULIA;9
2023/2024;L-22;PIEMONTE;LOMBARDIA;9
2023/2024;L-22;TOSCANA;SICILIA;9
2023/2024;L-23;LOMBARDIA;PUGLIA;9
2023/2024;L-3;CALABRIA;REGIONE ESTERA;9
2023/2024;L-3;EMILIA ROMAGNA;MOLISE;9
2023/2024;L-3;LOMBARDIA;REGIONE ESTERA;9
2023/2024;L-3;LOMBARDIA;CALABRIA;9
2023/2024;L-3;TOSCANA;ABRUZZO;9
2023/2024;L-3;TOSCANA;BASILICATA;9
2023/2024;L-3;PIEMONTE;LAZIO;9
2023/2024;L-30;EMILIA ROMAGNA;LAZIO;9
2023/2024;L-30;PIEMONTE;LOMBARDIA;9
2023/2024;L-30;PIEMONTE;REGIONE ESTERA;9
2023/2024;L-30;LOMBARDIA;LAZIO;9
2023/2024;L-30;LAZIO;EMILIA ROMAGNA;9
2023/2024;L-31;EMILIA ROMAGNA;PIEMONTE;9
2023/2024;L-31;EMILIA ROMAGNA;UMBRIA;9
2023/2024;L-31;CALABRIA;REGIONE ESTERA;9
2023/2024;L-31;CAMPANIA;CALABRIA;9
2023/2024;L-27;CAMPANIA;BASILICATA;9
2023/2024;L-26;UMBRIA;CALABRIA;9
2023/2024;L-26;CAMPANIA;LAZIO;9
2023/2024;L-25;LOMBARDIA;SICILIA;9
2023/2024;L-25;TOSCANA;CAMPANIA;9
2023/2024;L-25;UMBRIA;CALABRIA;9
2023/2024;L-29;LAZIO;SICILIA;9
2023/2024;L-29;CAMPANIA;CALABRIA;9
2023/2024;L-28;PUGLIA;CALABRIA;9
2023/2024;L-28;CAMPANIA;MARCHE;9
2023/2024;L-27;TOSCANA;UMBRIA;9
2023/2024;L-27;PIEMONTE;VENETO;9
2023/2024;L-27;EMILIA ROMAGNA;Provincia autonoma di BOLZANO;9
2023/2024;LM-31;LOMBARDIA;CALABRIA;9
2023/2024;LM-31;LOMBARDIA;CAMPANIA;9
2023/2024;LM-32;LAZIO;UMBRIA;9
2023/2024;LM-32;ABRUZZO;LAZIO;9
2023/2024;LM-31;TOSCANA;SICILIA;9
2023/2024;LM-30;EMILIA ROMAGNA;LOMBARDIA;9
2023/2024;LM-30;LOMBARDIA;UMBRIA;9
2023/2024;LM-31;CALABRIA;REGIONE ESTERA;9
2023/2024;LM-30;TOSCANA;REGIONE ESTERA;9
2023/2024;LM-30;TOSCANA;CALABRIA;9
2023/2024;LM-3;TOSCANA;VENETO;9
2023/2024;LM-29;EMILIA ROMAGNA;BASILICATA;9
2023/2024;LM-29;EMILIA ROMAGNA;CAMPANIA;9
2023/2024;LM-29;LOMBARDIA;MARCHE;9
2023/2024;LM-29;LOMBARDIA;PIEMONTE;9
2023/2024;LM-28;EMILIA ROMAGNA;TOSCANA;9
2023/2024;LM-28;LAZIO;CAMPANIA;9
2023/2024;LM-28;LOMBARDIA;PIEMONTE;9
2023/2024;LM-28;PIEMONTE;SARDEGNA;9
2023/2024;LM-28;PUGLIA;BASILICATA;9
2023/2024;LM-26;VENETO;LOMBARDIA;9
2023/2024;LM-26;LOMBARDIA;SICILIA;9
2023/2024;LM-25;LAZIO;REGIONE ESTERA;9
2023/2024;LM-25;EMILIA ROMAGNA;ABRUZZO;9
2023/2024;LM-25;ABRUZZO;ABRUZZO;9
2023/2024;LM-23;LAZIO;UMBRIA;9
2023/2024;LM-23;PUGLIA;BASILICATA;9
2023/2024;LM-23;PIEMONTE;CALABRIA;9
2023/2024;LM-23;LOMBARDIA;EMILIA ROMAGNA;9
2023/2024;LM-24;LOMBARDIA;VENETO;9
2023/2024;LM-23;TOSCANA;SICILIA;9
2023/2024;LM-22;EMILIA ROMAGNA;LAZIO;9
2023/2024;LM-22;EMILIA ROMAGNA;LOMBARDIA;9
2023/2024;LM-22;LOMBARDIA;CALABRIA;9
2023/2024;LM-22;PIEMONTE;CALABRIA;9
2023/2024;LM-22;TOSCANA;SICILIA;9
2023/2024;LM-21;VENETO;REGIONE ESTERA;9
2023/2024;LM-21;TOSCANA;LOMBARDIA;9
2023/2024;LM-21;VENETO;CALABRIA;9
2023/2024;LM-21;MARCHE;PUGLIA;9
2023/2024;LM-21;LOMBARDIA;PIEMONTE;9
2023/2024;LM-21;CAMPANIA;REGIONE ESTERA;9
2023/2024;LM-21;EMILIA ROMAGNA;LOMBARDIA;9
2023/2024;LM-21;LAZIO;MARCHE;9
2023/2024;LM-20;PIEMONTE;MOLISE;9
2023/2024;LM-20;PIEMONTE;LOMBARDIA;9
2023/2024;LM-20;TOSCANA;CALABRIA;9
2023/2024;LM-19;LIGURIA;PIEMONTE;9
2023/2024;LM-19;LOMBARDIA;VENETO;9
2023/2024;LM-19;MARCHE;ABRUZZO;9
2023/2024;LM-2;BASILICATA;BASILICATA;9
2023/2024;LM-2;LAZIO;PUGLIA;9
2023/2024;LM-2;EMILIA ROMAGNA;CALABRIA;9
2023/2024;LM-2;EMILIA ROMAGNA;TOSCANA;9
2023/2024;LM-20;LAZIO;VENETO;9
2023/2024;LM-20;LAZIO;CALABRIA;9
2023/2024;LM-2;VENETO;FRIULI VENEZIA GIULIA;9
2023/2024;LM-15;SICILIA;CALABRIA;9
2023/2024;LM-16;EMILIA ROMAGNA;SARDEGNA;9
2023/2024;LM-16;LOMBARDIA;UMBRIA;9
2023/2024;LM-16;TOSCANA;PUGLIA;9
2023/2024;LM-14;Provincia autonoma di TRENTO;LOMBARDIA;9
2023/2024;LM-14;TOSCANA;EMILIA ROMAGNA;9
2023/2024;LM-15;EMILIA ROMAGNA;ABRUZZO;9
2023/2024;LM-14;UMBRIA;ABRUZZO;9
2023/2024;LM-18;EMILIA ROMAGNA;UMBRIA;9
2023/2024;LM-18;EMILIA ROMAGNA;BASILICATA;9
2023/2024;LM-18;ABRUZZO;LAZIO;9
2023/2024;LM-18;PIEMONTE;VALLE D'AOSTA;9
2023/2024;LM-18;MARCHE;ABRUZZO;9
2023/2024;LM-18;PIEMONTE;LIGURIA;9
2023/2024;LM-17;TOSCANA;BASILICATA;9
2023/2024;LM-17;Provincia autonoma di TRENTO;EMILIA ROMAGNA;9
2023/2024;LM-17;PIEMONTE;LIGURIA;9
2023/2024;LM-17;EMILIA ROMAGNA;Provincia autonoma di TRENTO;9
2023/2024;LM-17;EMILIA ROMAGNA;LIGURIA;9
2023/2024;LM-17;EMILIA ROMAGNA;FRIULI VENEZIA GIULIA;9
2023/2024;L-9;Provincia autonoma di BOLZANO;VENETO;9
2023/2024;L-9;Provincia autonoma di BOLZANO;LOMBARDIA;9
2023/2024;L-9;TOSCANA;Provincia autonoma di TRENTO;9
2023/2024;L-9;VENETO;BASILICATA;9
2023/2024;L-9;VENETO;PIEMONTE;9
2023/2024;LM/SNT1;CALABRIA;BASILICATA;9
2023/2024;LM/SC-GIUR;PIEMONTE;PIEMONTE;9
2023/2024;LM/SC-GIUR;EMILIA ROMAGNA;VENETO;9
2023/2024;LM/SC-GIUR;EMILIA ROMAGNA;MARCHE;9
2023/2024;LM/SC-GIUR;LAZIO;TOSCANA;9
2023/2024;LM/DS;PUGLIA;PUGLIA;9
2023/2024;LM-1;EMILIA ROMAGNA;LAZIO;9
2023/2024;LM/SNT4;MOLISE;PUGLIA;9
2023/2024;LM/SNT3;VENETO;FRIULI VENEZIA GIULIA;9
2023/2024;LM/SNT4;ABRUZZO;LAZIO;9
2023/2024;LM-1;TOSCANA;LAZIO;9
2023/2024;LM-1;VENETO;PIEMONTE;9
2023/2024;LM-1;PIEMONTE;CAMPANIA;9
2023/2024;LM/SNT3;LOMBARDIA;PIEMONTE;9
2023/2024;LM/SNT3;LAZIO;SICILIA;9
2023/2024;LM/SNT2;VENETO;Provincia autonoma di TRENTO;9
2023/2024;LM/SNT1;LOMBARDIA;SICILIA;9
2023/2024;LM/SNT1;LOMBARDIA;TOSCANA;9
2023/2024;LM/SNT1;TOSCANA;LIGURIA;9
2023/2024;LM/SNT1;Provincia autonoma di TRENTO;VENETO;9
2023/2024;LM/SNT2;ABRUZZO;PUGLIA;9
2023/2024;LM-13;PIEMONTE;SARDEGNA;9
2023/2024;LM-13;TOSCANA;EMILIA ROMAGNA;9
2023/2024;LM-13;MARCHE;SARDEGNA;9
2023/2024;LM-14;LOMBARDIA;REGIONE ESTERA;9
2023/2024;LM-13;VENETO;MARCHE;9
2023/2024;LM-11;VENETO;VENETO;9
2023/2024;LM-12;LAZIO;ABRUZZO;9
2023/2024;LM-12;PIEMONTE;VENETO;9
2023/2024;LM-12;PIEMONTE;REGIONE ESTERA;9
2023/2024;LM-12;LOMBARDIA;Provincia autonoma di TRENTO;9
2023/2024;LM-12;VENETO;ABRUZZO;9
2023/2024;LM-13;CALABRIA;PUGLIA;9
2023/2024;L-9;LOMBARDIA;ABRUZZO;9
2023/2024;L-9;LOMBARDIA;SARDEGNA;9
2023/2024;L-9;MARCHE;REGIONE ESTERA;9
2023/2024;L-9;CAMPANIA;EMILIA ROMAGNA;9
2023/2024;L-9;CAMPANIA;VENETO;9
2023/2024;L-9;FRIULI VENEZIA GIULIA;PUGLIA;9
2023/2024;L-9;FRIULI VENEZIA GIULIA;SARDEGNA;9
2023/2024;L-9;LAZIO;EMILIA ROMAGNA;9
2023/2024;L-9;LIGURIA;MARCHE;9
2023/2024;L-8;LIGURIA;CALABRIA;9
2023/2024;L-8;MARCHE;SICILIA;9
2023/2024;L-8;VENETO;UMBRIA;9
2023/2024;L-8;UMBRIA;CAMPANIA;9
2023/2024;L-8;EMILIA ROMAGNA;Provincia autonoma di BOLZANO;9
2023/2024;L-7;UMBRIA;MARCHE;9
2023/2024;L-7;CAMPANIA;MOLISE;9
2023/2024;L-7;LAZIO;BASILICATA;9
2023/2024;L-7;LOMBARDIA;MARCHE;9
2023/2024;L-7;PIEMONTE;ABRUZZO;9
2023/2024;L-5;LAZIO;BASILICATA;9
2023/2024;L-5;VENETO;LIGURIA;9
2023/2024;L-6;LOMBARDIA;VENETO;9
2023/2024;L-5;VENETO;CAMPANIA;9
2023/2024;L-5;PIEMONTE;EMILIA ROMAGNA;9
2023/2024;L-5;MARCHE;PUGLIA;9
2023/2024;L-5;PIEMONTE;VENETO;9
2023/2024;LM-39;TOSCANA;UMBRIA;9
2023/2024;LM-39;LOMBARDIA;PUGLIA;9
2023/2024;LM-39;PIEMONTE;LOMBARDIA;9
2023/2024;LM-4;LOMBARDIA;BASILICATA;9
2023/2024;LM-4;LAZIO;TOSCANA;9
2023/2024;LM-4;PIEMONTE;MARCHE;9
2023/2024;LM-4;PIEMONTE;EMILIA ROMAGNA;9
2023/2024;LM-37;UMBRIA;CALABRIA;9
2023/2024;LM-37;VENETO;MARCHE;9
2023/2024;LM-38;ABRUZZO;CALABRIA;9
2023/2024;LM-37;LAZIO;LOMBARDIA;9
2023/2024;LM-37;Provincia autonoma di TRENTO;LOMBARDIA;9
2023/2024;LM-37;LOMBARDIA;VENETO;9
2023/2024;LM-32;LOMBARDIA;SARDEGNA;9
2023/2024;LM-33;MARCHE;PUGLIA;9
2023/2024;LM-33;MARCHE;UMBRIA;9
2023/2024;LM-33;LAZIO;CALABRIA;9
2023/2024;LM-33;LAZIO;UMBRIA;9
2023/2024;LM-35;EMILIA ROMAGNA;MARCHE;9
2023/2024;LM-35;EMILIA ROMAGNA;PUGLIA;9
2023/2024;LM-34;LIGURIA;SARDEGNA;9
2023/2024;LM-34;CAMPANIA;LAZIO;9
2023/2024;LM-34;CAMPANIA;PUGLIA;9
2023/2024;LM-36;TOSCANA;REGIONE ESTERA;9
2023/2024;LM-36;CAMPANIA;MOLISE;9
2023/2024;LM-36;LAZIO;CALABRIA;9
2023/2024;LM-37;LAZIO;BASILICATA;9
2023/2024;LM-37;EMILIA ROMAGNA;SARDEGNA;9
2023/2024;LM-37;EMILIA ROMAGNA;FRIULI VENEZIA GIULIA;9
2023/2024;LM-41;SARDEGNA;Provincia autonoma di TRENTO;9
2023/2024;LM-41;SICILIA;FRIULI VENEZIA GIULIA;9
2023/2024;LM-41;UMBRIA;SARDEGNA;9
2023/2024;LM-42;UMBRIA;ABRUZZO;9
2023/2024;LM-42;SARDEGNA;LAZIO;9
2023/2024;LM-42;VENETO;PUGLIA;9
2023/2024;LM-42;VENETO;EMILIA ROMAGNA;9
2023/2024;LM-40;TOSCANA;LIGURIA;9
2023/2024;LM-40;VENETO;EMILIA ROMAGNA;9
2023/2024;LM-41;ABRUZZO;LIGURIA;9
2023/2024;LM-40;PIEMONTE;CAMPANIA;9
2023/2024;LM-40;PIEMONTE;TOSCANA;9
2023/2024;LM-40;EMILIA ROMAGNA;PUGLIA;9
2023/2024;LM-40;LAZIO;ABRUZZO;9
2023/2024;LM-4;VENETO;SICILIA;9
2023/2024;LM-4;VENETO;TOSCANA;9
2023/2024;LM-4;VENETO;PUGLIA;9
2023/2024;LM-41;LIGURIA;VENETO;9
2023/2024;LM-41;FRIULI VENEZIA GIULIA;CAMPANIA;9
2023/2024;LM-41;PIEMONTE;Provincia autonoma di TRENTO;9
2023/2024;LM-46;LAZIO;MOLISE;9
2023/2024;LM-46;LOMBARDIA;LAZIO;9
2023/2024;LM-49;MOLISE;MOLISE;9
2023/2024;LM-49;LOMBARDIA;SICILIA;9
2023/2024;LM-49;LOMBARDIA;CAMPANIA;9
2023/2024;LM-48;PIEMONTE;SICILIA;9
2023/2024;LM-48;SARDEGNA;REGIONE ESTERA;9
2023/2024;LM-48;PIEMONTE;PUGLIA;9
2023/2024;LM-5;EMILIA ROMAGNA;MARCHE;9
2023/2024;LM-50;CALABRIA;CALABRIA;9
2023/2024;LM-4cu;UMBRIA;LAZIO;9
2023/2024;LM-4cu;UMBRIA;TOSCANA;9
2023/2024;LM-4cu;LOMBARDIA;REGIONE ESTERA;9
2023/2024;LM-51;ABRUZZO;EMILIA ROMAGNA;9
2023/2024;LM-50;PIEMONTE;PUGLIA;9
2023/2024;LM-50;LAZIO;PUGLIA;9
2023/2024;LM-50;LAZIO;SICILIA;9
2023/2024;LM-50;LOMBARDIA;EMILIA ROMAGNA;9
2023/2024;LM-51;MARCHE;CAMPANIA;9
2023/2024;LM-51;LOMBARDIA;VALLE D'AOSTA;9
2023/2024;LM-51;TOSCANA;BASILICATA;9
2023/2024;LM-51;TOSCANA;LOMBARDIA;9
2023/2024;LM-51;Provincia autonoma di TRENTO;TOSCANA;9
2023/2024;LM-52;CAMPANIA;TOSCANA;9
2023/2024;LM-52;CAMPANIA;ABRUZZO;9
2023/2024;LM-6;LIGURIA;TOSCANA;9
2023/2024;LM-6;LAZIO;SARDEGNA;9
2023/2024;LM-6;PIEMONTE;EMILIA ROMAGNA;9
2023/2024;LM-6;UMBRIA;LAZIO;9
2023/2024;LM-61;EMILIA ROMAGNA;FRIULI VENEZIA GIULIA;9
2023/2024;LM-6;EMILIA ROMAGNA;LIGURIA;9
2023/2024;LM-6;EMILIA ROMAGNA;MOLISE;9
2023/2024;LM-59;UMBRIA;LAZIO;9
2023/2024;LM-59;PUGLIA;BASILICATA;9
2023/2024;LM-59;TOSCANA;MARCHE;9
2023/2024;LM-59;EMILIA ROMAGNA;LAZIO;9
2023/2024;LM-59;ABRUZZO;MARCHE;9
2023/2024;LM-58;VENETO;LOMBARDIA;9
2023/2024;LM-53;EMILIA ROMAGNA;ABRUZZO;9
2023/2024;LM-53;EMILIA ROMAGNA;CALABRIA;9
2023/2024;LM-52;UMBRIA;MARCHE;9
2023/2024;LM-52;TOSCANA;SARDEGNA;9
2023/2024;LM-52;Provincia autonoma di TRENTO;EMILIA ROMAGNA;9
2023/2024;LM-54;EMILIA ROMAGNA;FRIULI VENEZIA GIULIA;9
2023/2024;LM-54;EMILIA ROMAGNA;CALABRIA;9
2023/2024;LM-54;FRIULI VENEZIA GIULIA;REGIONE ESTERA;9
2023/2024;LM-54;VENETO;EMILIA ROMAGNA;9
2023/2024;LM-54;TOSCANA;VENETO;9
2023/2024;LM-54;PIEMONTE;LIGURIA;9
2023/2024;LM-56;VALLE D'AOSTA;REGIONE ESTERA;9
2023/2024;LM-58;EMILIA ROMAGNA;LOMBARDIA;9
2023/2024;LM-56;PIEMONTE;LAZIO;9
2023/2024;LM-56;LOMBARDIA;SARDEGNA;9
2023/2024;LM-56;LAZIO;FRIULI VENEZIA GIULIA;9
2023/2024;LM-56;LOMBARDIA;BASILICATA;9
2023/2024;LM-56;LAZIO;MOLISE;9
2023/2024;LM-56;LAZIO;PIEMONTE;9
2023/2024;LM-56;ABRUZZO;CAMPANIA;9
2024/2025;L-39;TOSCANA;UMBRIA;9
2024/2025;L-4;EMILIA ROMAGNA;LIGURIA;9
2024/2025;L-4;EMILIA ROMAGNA;FRIULI VENEZIA GIULIA;9
2024/2025;L-4;LIGURIA;PUGLIA;9
2024/2025;L-4;LAZIO;SICILIA;9
2024/2025;L-39;EMILIA ROMAGNA;Provincia autonoma di TRENTO;9
2024/2025;L-39;EMILIA ROMAGNA;SARDEGNA;9
2024/2025;L-39;CAMPANIA;PUGLIA;9
2024/2025;L-40;EMILIA ROMAGNA;PIEMONTE;9
2024/2025;L-40;EMILIA ROMAGNA;FRIULI VENEZIA GIULIA;9
2024/2025;L-40;LOMBARDIA;VENETO;9
2024/2025;L-40;LOMBARDIA;CALABRIA;9
2024/2025;L-40;UMBRIA;FRIULI VENEZIA GIULIA;9
2024/2025;L-40;UMBRIA;ABRUZZO;9
2024/2025;L-4;UMBRIA;VENETO;9
2024/2025;L-36;FRIULI VENEZIA GIULIA;PUGLIA;9
2024/2025;L-36;ABRUZZO;MARCHE;9
2024/2025;L-35;VENETO;MARCHE;9
2024/2025;L-36;CAMPANIA;TOSCANA;9
2024/2025;L-38;EMILIA ROMAGNA;LAZIO;9
2024/2025;L-38;TOSCANA;VENETO;9
2024/2025;L-38;TOSCANA;REGIONE ESTERA;9
2024/2025;L-38;MARCHE;UMBRIA;9
2024/2025;L-37;EMILIA ROMAGNA;ABRUZZO;9
2024/2025;L-36;VENETO;LIGURIA;9
2024/2025;L-8;UMBRIA;CAMPANIA;9
2024/2025;L-8;MARCHE;VENETO;9
2024/2025;L-8;LIGURIA;TOSCANA;9
2024/2025;L-8;CALABRIA;REGIONE ESTERA;9
2024/2025;L-7;UMBRIA;REGIONE ESTERA;9
2024/2025;L-8;LAZIO;SARDEGNA;9
2024/2025;L-7;CAMPANIA;LAZIO;9
2024/2025;L-7;LAZIO;PUGLIA;9
2024/2025;L-7;LOMBARDIA;EMILIA ROMAGNA;9
2024/2025;L-7;PIEMONTE;CAMPANIA;9
2024/2025;L-5;VENETO;SARDEGNA;9
2024/2025;L-5;TOSCANA;SARDEGNA;9
2024/2025;L-5;PIEMONTE;CALABRIA;9
2024/2025;L-42;VENETO;TOSCANA;9
2024/2025;L-42;VENETO;PIEMONTE;9
2024/2025;L-42;PIEMONTE;CALABRIA;9
2024/2025;L-42;LOMBARDIA;CALABRIA;9
2024/2025;L-41;VENETO;SARDEGNA;9
2024/2025;L-41;LAZIO;TOSCANA;9
2024/2025;L-41;LOMBARDIA;ABRUZZO;9
2024/2025;L-41;LAZIO;MARCHE;9
2024/2025;L-41;EMILIA ROMAGNA;LAZIO;9
2024/2025;L-41;EMILIA ROMAGNA;UMBRIA;9
2024/2025;L-27;EMILIA ROMAGNA;CAMPANIA;9
2024/2025;L-26;UMBRIA;REGIONE ESTERA;9
2024/2025;L-26;UMBRIA;CALABRIA;9
2024/2025;L-26;UMBRIA;LAZIO;9
2024/2025;L-26;TOSCANA;CALABRIA;9
2024/2025;L-26;TOSCANA;CAMPANIA;9
2024/2025;L-26;EMILIA ROMAGNA;CALABRIA;9
2024/2025;L-25;FRIULI VENEZIA GIULIA;REGIONE ESTERA;9
2024/2025;L-25;LOMBARDIA;REGIONE ESTERA;9
2024/2025;L-25;PIEMONTE;SICILIA;9
2024/2025;L-25;EMILIA ROMAGNA;CAMPANIA;9
2024/2025;L-25;EMILIA ROMAGNA;Provincia autonoma di TRENTO;9
2024/2025;L-25;BASILICATA;CALABRIA;9
2024/2025;L-24;MARCHE;SICILIA;9
2024/2025;L-24;MARCHE;VENETO;9
2024/2025;L-24;MOLISE;PUGLIA;9
2024/2025;L-24;LOMBARDIA;SARDEGNA;9
2024/2025;L-29;CAMPANIA;LAZIO;9
2024/2025;L-29;CALABRIA;BASILICATA;9
2024/2025;L-29;TOSCANA;CALABRIA;9
2024/2025;L-29;PIEMONTE;VENETO;9
2024/2025;L-27;LAZIO;SICILIA;9
2024/2025;L-27;LAZIO;BASILICATA;9
2024/2025;L-27;TOSCANA;REGIONE ESTERA;9
2024/2025;L-27;TOSCANA;CAMPANIA;9
2024/2025;L-27;VENETO;ABRUZZO;9
2024/2025;L-3;PIEMONTE;BASILICATA;9
2024/2025;L-30;CAMPANIA;LAZIO;9
2024/2025;L-30;FRIULI VENEZIA GIULIA;PUGLIA;9
2024/2025;L-30;LAZIO;TOSCANA;9
2024/2025;L-30;PIEMONTE;BASILICATA;9
2024/2025;L-30;LOMBARDIA;Provincia autonoma di TRENTO;9
2024/2025;L-30;VENETO;REGIONE ESTERA;9
2024/2025;L-31;EMILIA ROMAGNA;UMBRIA;9
2024/2025;L-31;EMILIA ROMAGNA;PIEMONTE;9
2024/2025;L-31;LOMBARDIA;MOLISE;9
2024/2025;L-32;LAZIO;UMBRIA;9
2024/2025;L-32;LAZIO;CAMPANIA;9
2024/2025;L-32;EMILIA ROMAGNA;LAZIO;9
2024/2025;L-31;VENETO;PIEMONTE;9
2024/2025;L-31;VENETO;LAZIO;9
2024/2025;L-31;TOSCANA;VENETO;9
2024/2025;L-33;Provincia autonoma di TRENTO;EMILIA ROMAGNA;9
2024/2025;L-33;EMILIA ROMAGNA;UMBRIA;9
2024/2025;L-33;EMILIA ROMAGNA;SARDEGNA;9
2024/2025;L-32;VENETO;EMILIA ROMAGNA;9
2024/2025;L-33;ABRUZZO;MARCHE;9
2024/2025;L-32;PIEMONTE;VENETO;9
2024/2025;L-35;TOSCANA;EMILIA ROMAGNA;9
2024/2025;L-35;PIEMONTE;CAMPANIA;9
2024/2025;L-35;LAZIO;SICILIA;9
2024/2025;L-34;EMILIA ROMAGNA;MARCHE;9
2024/2025;L-34;PIEMONTE;VALLE D'AOSTA;9
2024/2025;L-34;TOSCANA;LIGURIA;9
2024/2025;L-9;MARCHE;REGIONE ESTERA;9
2024/2025;L-9;LOMBARDIA;LAZIO;9
2024/2025;L-9;FRIULI VENEZIA GIULIA;EMILIA ROMAGNA;9
2024/2025;L-9;FRIULI VENEZIA GIULIA;LOMBARDIA;9
2024/2025;L-9;BASILICATA;CAMPANIA;9
2024/2025;L-9;CAMPANIA;SARDEGNA;9
2024/2025;L-9;CAMPANIA;LOMBARDIA;9
2024/2025;L-9;CAMPANIA;MARCHE;9
2024/2025;L-9;CAMPANIA;EMILIA ROMAGNA;9
2024/2025;LM/SC-GIUR;PUGLIA;BASILICATA;9
2024/2025;LM/SC-GIUR;SICILIA;SICILIA;9
2024/2025;LM/SC-GIUR;TOSCANA;EMILIA ROMAGNA;9
2024/2025;LM/SNT1;ABRUZZO;BASILICATA;9
2024/2025;LM/SNT1;LAZIO;BASILICATA;9
2024/2025;LM/SNT1;LAZIO;CALABRIA;9
2024/2025;LM/SC-GIUR;LAZIO;TOSCANA;9
2024/2025;LM/SC-GIUR;LAZIO;CALABRIA;9
2024/2025;LM/GASTR;FRIULI VENEZIA GIULIA;FRIULI VENEZIA GIULIA;9
2024/2025;L-9;SICILIA;REGIONE ESTERA;9
2024/2025;L-9;VENETO;LAZIO;9
2024/2025;L-9;VENETO;PIEMONTE;9
2024/2025;L-9;VENETO;UMBRIA;9
2024/2025;LM/SNT1;Provincia autonoma di TRENTO;VENETO;9
2024/2025;LM/SNT2;VENETO;FRIULI VENEZIA GIULIA;9
2024/2025;LM/SNT3;EMILIA ROMAGNA;FRIULI VENEZIA GIULIA;9
2024/2025;LM/SNT4;VENETO;LOMBARDIA;9
2024/2025;LM/SNT3;LAZIO;PUGLIA;9
2024/2025;LM/SNT3;PUGLIA;BASILICATA;9
2024/2025;LM-1;LAZIO;CAMPANIA;9
2024/2025;LM-1;EMILIA ROMAGNA;MARCHE;9
2024/2025;LM-1;EMILIA ROMAGNA;FRIULI VENEZIA GIULIA;9
2024/2025;LM-1;LOMBARDIA;SICILIA;9
2024/2025;LM-1;PIEMONTE;CAMPANIA;9
2024/2025;LM-1;PIEMONTE;VALLE D'AOSTA;9
2024/2025;LM-1;VENETO;Provincia autonoma di TRENTO;9
2024/2025;LM-1;TOSCANA;LOMBARDIA;9
2024/2025;LM-1;VENETO;TOSCANA;9
2024/2025;LM-12;TOSCANA;CAMPANIA;9
2024/2025;LM-12;PIEMONTE;SICILIA;9
2024/2025;LM-12;LIGURIA;VENETO;9
2024/2025;LM-12;LIGURIA;EMILIA ROMAGNA;9
2024/2025;LM-13;EMILIA ROMAGNA;UMBRIA;9
2024/2025;LM-13;EMILIA ROMAGNA;SARDEGNA;9
2024/2025;LM-14;LOMBARDIA;CAMPANIA;9
2024/2025;LM-14;LOMBARDIA;ABRUZZO;9
2024/2025;LM-14;PIEMONTE;CAMPANIA;9
2024/2025;LM-14;LOMBARDIA;VENETO;9
2024/2025;LM-14;MOLISE;CAMPANIA;9
2024/2025;LM-14;Provincia autonoma di TRENTO;Provincia autonoma di BOLZANO;9
2024/2025;LM-14;UMBRIA;ABRUZZO;9
2024/2025;LM-14;UMBRIA;PUGLIA;9
2024/2025;LM-14;UMBRIA;CAMPANIA;9
2024/2025;LM-14;TOSCANA;ABRUZZO;9
2024/2025;LM-15;LAZIO;ABRUZZO;9
2024/2025;LM-15;TOSCANA;SARDEGNA;9
2024/2025;LM-15;EMILIA ROMAGNA;SARDEGNA;9
2024/2025;LM-15;LOMBARDIA;PIEMONTE;9
2024/2025;LM-13;MARCHE;FRIULI VENEZIA GIULIA;9
2024/2025;LM-13;TOSCANA;MOLISE;9
2024/2025;LM-14;EMILIA ROMAGNA;Provincia autonoma di TRENTO;9
2024/2025;LM-14;EMILIA ROMAGNA;UMBRIA;9
2024/2025;LM-18;FRIULI VENEZIA GIULIA;REGIONE ESTERA;9
2024/2025;LM-18;LOMBARDIA;FRIULI VENEZIA GIULIA;9
2024/2025;LM-18;PIEMONTE;LIGURIA;9
2024/2025;LM-17;VENETO;LAZIO;9
2024/2025;LM-17;PIEMONTE;SICILIA;9
2024/2025;LM-17;LAZIO;SICILIA;9
2024/2025;LM-19;VENETO;EMILIA ROMAGNA;9
2024/2025;LM-19;VENETO;FRIULI VENEZIA GIULIA;9
2024/2025;LM-19;VENETO;TOSCANA;9
2024/2025;LM-2;SICILIA;CALABRIA;9
2024/2025;LM-18;LOMBARDIA;CAMPANIA;9
2024/2025;LM-18;TOSCANA;VENETO;9
2024/2025;LM-18;VENETO;EMILIA ROMAGNA;9
2024/2025;LM-19;EMILIA ROMAGNA;LIGURIA;9
2024/2025;LM-19;EMILIA ROMAGNA;FRIULI VENEZIA GIULIA;9
2024/2025;LM-33;CAMPANIA;MOLISE;9
2024/2025;LM-32;VENETO;EMILIA ROMAGNA;9
2024/2025;LM-32;VENETO;FRIULI VENEZIA GIULIA;9
2024/2025;LM-32;MARCHE;MOLISE;9
2024/2025;LM-32;LOMBARDIA;MOLISE;9
2024/2025;LM-32;LAZIO;BASILICATA;9
2024/2025;LM-32;EMILIA ROMAGNA;MOLISE;9
2024/2025;LM-31;PIEMONTE;VALLE D'AOSTA;9
2024/2025;LM-31;EMILIA ROMAGNA;SARDEGNA;9
2024/2025;LM-31;EMILIA ROMAGNA;LIGURIA;9
2024/2025;LM-30;TOSCANA;REGIONE ESTERA;9
2024/2025;LM-30;TOSCANA;CALABRIA;9
2024/2025;LM-31;LIGURIA;PIEMONTE;9
2024/2025;LM-31;LOMBARDIA;CALABRIA;9
2024/2025;LM-31;LOMBARDIA;MARCHE;9
2024/2025;LM-35;EMILIA ROMAGNA;PUGLIA;9
2024/2025;LM-35;CALABRIA;REGIONE ESTERA;9
2024/2025;LM-33;VENETO;TOSCANA;9
2024/2025;LM-34;LIGURIA;LOMBARDIA;9
2024/2025;LM-36;VENETO;ABRUZZO;9
2024/2025;LM-36;VENETO;CAMPANIA;9
2024/2025;LM-35;PIEMONTE;EMILIA ROMAGNA;9
2024/2025;LM-35;PIEMONTE;LOMBARDIA;9
2024/2025;LM-35;LOMBARDIA;EMILIA ROMAGNA;9
2024/2025;LM-35;LOMBARDIA;PIEMONTE;9
2024/2025;LM-37;LOMBARDIA;PUGLIA;9
2024/2025;LM-37;LAZIO;BASILICATA;9
2024/2025;LM-37;EMILIA ROMAGNA;SARDEGNA;9
2024/2025;LM-37;Provincia autonoma di TRENTO;Provincia autonoma di BOLZANO;9
2024/2025;LM-37;UMBRIA;LAZIO;9
2024/2025;LM-37;VENETO;PIEMONTE;9
2024/2025;LM-38;EMILIA ROMAGNA;LOMBARDIA;9
2024/2025;LM-38;EMILIA ROMAGNA;MARCHE;9
2024/2025;LM-38;MARCHE;SICILIA;9
2024/2025;LM-38;PIEMONTE;BASILICATA;9
2024/2025;LM-25;TOSCANA;CALABRIA;9
2024/2025;LM-25;PIEMONTE;LIGURIA;9
2024/2025;LM-25;PIEMONTE;SARDEGNA;9
2024/2025;LM-25;PIEMONTE;BASILICATA;9
2024/2025;LM-24;LOMBARDIA;TOSCANA;9
2024/2025;LM-25;EMILIA ROMAGNA;VENETO;9
2024/2025;LM-25;EMILIA ROMAGNA;SICILIA;9
2024/2025;LM-25;LAZIO;REGIONE ESTERA;9
2024/2025;LM-27;EMILIA ROMAGNA;MARCHE;9
2024/2025;LM-28;EMILIA ROMAGNA;LOMBARDIA;9
2024/2025;LM-28;EMILIA ROMAGNA;SICILIA;9
2024/2025;LM-28;EMILIA ROMAGNA;TOSCANA;9
2024/2025;LM-28;PIEMONTE;CAMPANIA;9
2024/2025;LM-27;SICILIA;REGIONE ESTERA;9
2024/2025;LM-29;LOMBARDIA;PIEMONTE;9
2024/2025;LM-29;LOMBARDIA;MARCHE;9
2024/2025;LM-29;EMILIA ROMAGNA;BASILICATA;9
2024/2025;LM-28;LOMBARDIA;PIEMONTE;9
2024/2025;LM-30;LAZIO;CAMPANIA;9
2024/2025;LM-30;LOMBARDIA;CALABRIA;9
2024/2025;LM-24;LOMBARDIA;ABRUZZO;9
2024/2025;LM-23;PIEMONTE;LIGURIA;9
2024/2025;LM-23;LAZIO;UMBRIA;9
2024/2025;LM-23;LOMBARDIA;LAZIO;9
2024/2025;LM-23;PIEMONTE;CALABRIA;9
2024/2025;LM-23;EMILIA ROMAGNA;LOMBARDIA;9
2024/2025;LM-23;EMILIA ROMAGNA;SICILIA;9
2024/2025;LM-23;EMILIA ROMAGNA;TOSCANA;9
2024/2025;LM-21;TOSCANA;REGIONE ESTERA;9
2024/2025;LM-22;LOMBARDIA;VENETO;9
2024/2025;LM-23;ABRUZZO;LAZIO;9
2024/2025;LM-21;LOMBARDIA;CALABRIA;9
2024/2025;LM-21;LAZIO;MOLISE;9
2024/2025;LM-21;LAZIO;UMBRIA;9
2024/2025;LM-21;TOSCANA;BASILICATA;9
2024/2025;LM-21;TOSCANA;LOMBARDIA;9
2024/2025;LM-21;TOSCANA;MARCHE;9
2024/2025;LM-20;PIEMONTE;MOLISE;9
2024/2025;LM-20;TOSCANA;CALABRIA;9
2024/2025;LM-20;TOSCANA;CAMPANIA;9
2024/2025;L-12;LAZIO;MOLISE;9
2024/2025;L-12;EMILIA ROMAGNA;SARDEGNA;9
2024/2025;L-12;LOMBARDIA;UMBRIA;9
2024/2025;L-12;PIEMONTE;LAZIO;9
2024/2025;L-12;TOSCANA;SARDEGNA;9
2024/2025;L-14;EMILIA ROMAGNA;Provincia autonoma di TRENTO;9
2024/2025;L-14;EMILIA ROMAGNA;MOLISE;9
2024/2025;L-14;ABRUZZO;Provincia autonoma di TRENTO;9
2024/2025;L-13;TOSCANA;SARDEGNA;9
2024/2025;L-13;MOLISE;ABRUZZO;9
2024/2025;L-13;PIEMONTE;VENETO;9
2024/2025;L-13;EMILIA ROMAGNA;PIEMONTE;9
2024/2025;L-11;MARCHE;CALABRIA;9
2024/2025;L-11;MARCHE;MOLISE;9
2024/2025;L-11;Provincia autonoma di TRENTO;REGIONE ESTERA;9
2024/2025;L-12;CAMPANIA;SICILIA;9
2024/2025;L-11;UMBRIA;ABRUZZO;9
2024/2025;L-10;VENETO;ABRUZZO;9
2024/2025;L-10;VENETO;LAZIO;9
2024/2025;L/SNT1;LOMBARDIA;LAZIO;9
2024/2025;L/SNT1;FRIULI VENEZIA GIULIA;PUGLIA;9
2024/2025;L/SNT1;EMILIA ROMAGNA;UMBRIA;9
2024/2025;L/GASTR;PIEMONTE;EMILIA ROMAGNA;9
2024/2025;L/SNT2;TOSCANA;REGIONE ESTERA;9
2024/2025;L/SNT2;TOSCANA;LAZIO;9
2024/2025;L/SNT2;EMILIA ROMAGNA;PIEMONTE;9
2024/2025;L/SNT2;EMILIA ROMAGNA;CAMPANIA;9
2024/2025;L-10;FRIULI VENEZIA GIULIA;REGIONE ESTERA;9
2024/2025;L-1;UMBRIA;CAMPANIA;9
2024/2025;L-1;PUGLIA;CALABRIA;9
2024/2025;L-1;SICILIA;CALABRIA;9
2024/2025;L/SNT4;Provincia autonoma di TRENTO;VENETO;9
2024/2025;L/SNT4;LOMBARDIA;PIEMONTE;9
2024/2025;L-1;CAMPANIA;LAZIO;9
2024/2025;L/SNT4;VENETO;FRIULI VENEZIA GIULIA;9
2024/2025;L/SNT3;MARCHE;UMBRIA;9
2024/2025;L/SNT3;LAZIO;LOMBARDIA;9
2024/2025;L/SNT3;EMILIA ROMAGNA;SARDEGNA;9
2024/2025;L/SNT3;Provincia autonoma di BOLZANO;Provincia autonoma di TRENTO;9
2024/2025;L/SNT3;VENETO;CAMPANIA;9
2024/2025;L/SNT3;VENETO;MARCHE;9
2024/2025;L-14;MARCHE;TOSCANA;9
2024/2025;L-14;PIEMONTE;LAZIO;9
2024/2025;L-14;Provincia autonoma di TRENTO;MARCHE;9
2024/2025;L-15;EMILIA ROMAGNA;LOMBARDIA;9
2024/2025;L-16;LIGURIA;PIEMONTE;9
2024/2025;L-16;PIEMONTE;PUGLIA;9
2024/2025;L-16;PUGLIA;LIGURIA;9
2024/2025;L-17;LAZIO;TOSCANA;9
2024/2025;L-17;LAZIO;MARCHE;9
2024/2025;L-17;LAZIO;EMILIA ROMAGNA;9
2024/2025;L-17;EMILIA ROMAGNA;LIGURIA;9
2024/2025;L-17;EMILIA ROMAGNA;CAMPANIA;9
2024/2025;L-17;EMILIA ROMAGNA;REGIONE ESTERA;9
2024/2025;L-17;MARCHE;PUGLIA;9
2024/2025;L-18;VENETO;CALABRIA;9
2024/2025;L-19;ABRUZZO;MARCHE;9
2024/2025;L-18;Provincia autonoma di TRENTO;EMILIA ROMAGNA;9
2024/2025;L-18;PIEMONTE;FRIULI VENEZIA GIULIA;9
2024/2025;L-18;MARCHE;LOMBARDIA;9
2024/2025;L-18;MARCHE;CAMPANIA;9
2024/2025;L-17;VENETO;LAZIO;9
2024/2025;L-17/L-23;PUGLIA;PUGLIA;9
2024/2025;L-20;MARCHE;CALABRIA;9
2024/2025;L-20;Provincia autonoma di BOLZANO;LOMBARDIA;9
2024/2025;L-20;CALABRIA;REGIONE ESTERA;9
2024/2025;L-2;VENETO;PUGLIA;9
2024/2025;L-2;TOSCANA;LAZIO;9
2024/2025;L-2;LOMBARDIA;ABRUZZO;9
2024/2025;L-2;LOMBARDIA;CAMPANIA;9
2024/2025;L-19;LOMBARDIA;REGIONE ESTERA;9
2024/2025;L-19;MARCHE;VENETO;9
2024/2025;L-19;LAZIO;PIEMONTE;9
2024/2025;L-19;TOSCANA;CALABRIA;9
2024/2025;L-19;TOSCANA;CAMPANIA;9
2024/2025;L-19;TOSCANA;Provincia autonoma di TRENTO;9
2024/2025;L-23;LOMBARDIA;SICILIA;9
2024/2025;L-23;PIEMONTE;LIGURIA;9
2024/2025;L-22;UMBRIA;EMILIA ROMAGNA;9
2024/2025;L-22;Provincia autonoma di TRENTO;VENETO;9
2024/2025;L-24;FRIULI VENEZIA GIULIA;SICILIA;9
2024/2025;L-24;CAMPANIA;BASILICATA;9
2024/2025;L-24;CAMPANIA;MOLISE;9
2024/2025;L-24;EMILIA ROMAGNA;FRIULI VENEZIA GIULIA;9
2024/2025;L-21;VENETO;REGIONE ESTERA;9
2024/2025;L-21;LOMBARDIA;PIEMONTE;9
2024/2025;L-20;Provincia autonoma di TRENTO;Provincia autonoma di BOLZANO;9
2024/2025;L-20;Provincia autonoma di BOLZANO;VENETO;9
2024/2025;L-20;UMBRIA;CAMPANIA;9
2024/2025;L-22;LOMBARDIA;TOSCANA;9
2024/2025;L-22;LAZIO;BASILICATA;9
2023/2024;LM-83;LOMBARDIA;PUGLIA;9
2023/2024;LM-82;VENETO;PUGLIA;9
2023/2024;LM-83;EMILIA ROMAGNA;MARCHE;9
2023/2024;LM-81;VENETO;LAZIO;9
2023/2024;LM-82;EMILIA ROMAGNA;ABRUZZO;9
2023/2024;LM-84;LOMBARDIA;SICILIA;9
2023/2024;LM-84;EMILIA ROMAGNA;PIEMONTE;9
2023/2024;LM-84;TOSCANA;LOMBARDIA;9
2023/2024;LM-84;TOSCANA;CALABRIA;9
2023/2024;LM-84;VENETO;TOSCANA;9
2023/2024;LM-85;EMILIA ROMAGNA;CALABRIA;9
2023/2024;LM-78;TOSCANA;SARDEGNA;9
2023/2024;LM-78;TOSCANA;ABRUZZO;9
2023/2024;LM-78;VENETO;LAZIO;9
2023/2024;LM-78;PIEMONTE;CALABRIA;9
2023/2024;LM-78;PIEMONTE;CAMPANIA;9
2023/2024;LM-8;TOSCANA;PUGLIA;9
2023/2024;LM-81;LOMBARDIA;VENETO;9
2023/2024;LM-81;LAZIO;TOSCANA;9
2023/2024;LM-81;LOMBARDIA;EMILIA ROMAGNA;9
2023/2024;LM-81;EMILIA ROMAGNA;SICILIA;9
2023/2024;LM-81;EMILIA ROMAGNA;MARCHE;9
2023/2024;LM-77;LAZIO;Provincia autonoma di TRENTO;9
2023/2024;LM-76;EMILIA ROMAGNA;EMILIA ROMAGNA;9
2023/2024;LM-75;TOSCANA;PUGLIA;9
2023/2024;LM-77;PIEMONTE;TOSCANA;9
2023/2024;LM-77;MARCHE;PIEMONTE;9
2023/2024;LM-77;VENETO;Provincia autonoma di BOLZANO;9
2023/2024;LM-77;UMBRIA;MARCHE;9
2023/2024;LM-77;UMBRIA;REGIONE ESTERA;9
2023/2024;LM-77;UMBRIA;TOSCANA;9
2023/2024;LM-77;TOSCANA;MARCHE;9
2023/2024;LM-66;LOMBARDIA;EMILIA ROMAGNA;9
2023/2024;LM-66;TOSCANA;CALABRIA;9
2023/2024;LM-67;ABRUZZO;MOLISE;9
2023/2024;LM-63;LOMBARDIA;SARDEGNA;9
2023/2024;LM-64;LAZIO;CAMPANIA;9
2023/2024;LM-63;UMBRIA;UMBRIA;9
2023/2024;LM-65;EMILIA ROMAGNA;FRIULI VENEZIA GIULIA;9
2023/2024;LM-65;EMILIA ROMAGNA;BASILICATA;9
2023/2024;LM-64;VENETO;EMILIA ROMAGNA;9
2023/2024;LM-62;MARCHE;REGIONE ESTERA;9
2023/2024;LM-62;MARCHE;ABRUZZO;9
2023/2024;LM-62;LAZIO;FRIULI VENEZIA GIULIA;9
2023/2024;LM-63;EMILIA ROMAGNA;MARCHE;9
2023/2024;LM-63;CAMPANIA;LOMBARDIA;9
2023/2024;LM-61;LAZIO;PIEMONTE;9
2023/2024;LM-61;LAZIO;VENETO;9
2023/2024;LM-61;TOSCANA;ABRUZZO;9
2023/2024;LM-61;TOSCANA;SARDEGNA;9
2023/2024;LM-61;UMBRIA;CALABRIA;9
2023/2024;LM-61;TOSCANA;UMBRIA;9
2023/2024;LM-71;EMILIA ROMAGNA;VENETO;9
2023/2024;LM-70;TOSCANA;SICILIA;9
2023/2024;LM-72;CAMPANIA;SICILIA;9
2023/2024;LM-70;EMILIA ROMAGNA;LAZIO;9
2023/2024;LM-70;PIEMONTE;SARDEGNA;9
2023/2024;LM-7;TOSCANA;CAMPANIA;9
2023/2024;LM-7;TOSCANA;LAZIO;9
2023/2024;LM-69;TOSCANA;CAMPANIA;9
2023/2024;LM-69;VENETO;LOMBARDIA;9
2023/2024;LM-67;LAZIO;SARDEGNA;9
2023/2024;LM-67;TOSCANA;SARDEGNA;9
2023/2024;LM-68;LAZIO;ABRUZZO;9
2023/2024;LM-68;LAZIO;MOLISE;9
2023/2024;LM-68;UMBRIA;MARCHE;9
2023/2024;LM-68;PIEMONTE;VALLE D'AOSTA;9
2023/2024;LM-68;LOMBARDIA;SARDEGNA;9
2023/2024;LM-68;MARCHE;VENETO;9
2023/2024;LM-69;LOMBARDIA;VENETO;9
2023/2024;LM-69;EMILIA ROMAGNA;SICILIA;9
2023/2024;LM-69;EMILIA ROMAGNA;LAZIO;9
2023/2024;LM-69;EMILIA ROMAGNA;LIGURIA;9
2023/2024;LM-85 bis;MARCHE;LAZIO;9
2023/2024;LM-85 bis;MARCHE;LIGURIA;9
2023/2024;LM-85;VENETO;PUGLIA;9
2023/2024;LM-85;MARCHE;LOMBARDIA;9
2023/2024;LM-85;LOMBARDIA;REGIONE ESTERA;9
2023/2024;LM-85;LOMBARDIA;SARDEGNA;9
2023/2024;LM-85;LAZIO;SARDEGNA;9
2023/2024;LM-85;LAZIO;SICILIA;9
2023/2024;LM-85 bis;UMBRIA;LOMBARDIA;9
2023/2024;LM-85 bis;TOSCANA;CAMPANIA;9
2023/2024;LM-86;PIEMONTE;REGIONE ESTERA;9
2023/2024;LM-87;EMILIA ROMAGNA;ABRUZZO;9
2023/2024;LM-87;VENETO;EMILIA ROMAGNA;9
2023/2024;LM-87;VENETO;Provincia autonoma di TRENTO;9
2023/2024;LM-87;PIEMONTE;CALABRIA;9
2023/2024;LM-9;LOMBARDIA;LIGURIA;9
2023/2024;LM-9;LAZIO;VENETO;9
2023/2024;LM-9;VENETO;SICILIA;9
2023/2024;LM-9;TOSCANA;PIEMONTE;9
2023/2024;LM-9;TOSCANA;ABRUZZO;9
2023/2024;LM-91;LOMBARDIA;LAZIO;9
2023/2024;LM-90;MARCHE;REGIONE ESTERA;9
2023/2024;LM-91;ABRUZZO;ABRUZZO;9
2023/2024;LM-90;TOSCANA;VENETO;9
2023/2024;LM-89;VENETO;SICILIA;9
2023/2024;LM-89;VENETO;MARCHE;9
2023/2024;LM-89;LOMBARDIA;PUGLIA;9
2023/2024;LM-89;MARCHE;SICILIA;9
2023/2024;LM-89;LAZIO;MARCHE;9
2023/2024;LM-89;LAZIO;EMILIA ROMAGNA;9
2023/2024;LM-89;EMILIA ROMAGNA;LIGURIA;9
2023/2024;LM-89;EMILIA ROMAGNA;FRIULI VENEZIA GIULIA;9
2023/2024;LM-88;VENETO;LAZIO;9
2023/2024;LM-88;EMILIA ROMAGNA;FRIULI VENEZIA GIULIA;9
2023/2024;LM-88;LOMBARDIA;LIGURIA;9
2023/2024;LM-88;LAZIO;VENETO;9
2023/2024;LM-88;PIEMONTE;TOSCANA;9
2023/2024;LM-88;Provincia autonoma di TRENTO;EMILIA ROMAGNA;9
2024/2025;L/DS;EMILIA ROMAGNA;MARCHE;9
2024/2025;L/DS;EMILIA ROMAGNA;ABRUZZO;9
2024/2025;L/DS;TOSCANA;LIGURIA;9
2024/2025;L/DS;TOSCANA;EMILIA ROMAGNA;9
2023/2024;LMG/01;VENETO;SARDEGNA;9
2023/2024;LMG/01;PIEMONTE;REGIONE ESTERA;9
2023/2024;LMG/01;UMBRIA;REGIONE ESTERA;9
2023/2024;LMG/01;TOSCANA;Provincia autonoma di TRENTO;9
2023/2024;LM-94;FRIULI VENEZIA GIULIA;TOSCANA;9
2023/2024;LM-94;LAZIO;LOMBARDIA;9
2023/2024;LM-94;LOMBARDIA;PIEMONTE;9
2023/2024;LM-94;PIEMONTE;TOSCANA;9
2023/2024;LM-94;FRIULI VENEZIA GIULIA;EMILIA ROMAGNA;9
2023/2024;LM-94;EMILIA ROMAGNA;UMBRIA;9
2023/2024;LM-94;EMILIA ROMAGNA;FRIULI VENEZIA GIULIA;9
2023/2024;LM-92;UMBRIA;PUGLIA;9
2023/2024;LM-92;LOMBARDIA;ABRUZZO;9
2023/2024;LM-92;EMILIA ROMAGNA;LAZIO;9
2023/2024;LM-92;PIEMONTE;LAZIO;9
2023/2024;LM-92;PIEMONTE;VENETO;9
2023/2024;LM-92;PIEMONTE;SARDEGNA;9
2023/2024;LM-92;LOMBARDIA;TOSCANA;9
2023/2024;LM-92;LOMBARDIA;MARCHE;9
2023/2024;LMG/01;MARCHE;CALABRIA;9
2023/2024;LMG/01;CAMPANIA;LOMBARDIA;9
2023/2024;LM-Data;ABRUZZO;REGIONE ESTERA;9
2023/2024;LM-94;VENETO;REGIONE ESTERA;9
2023/2024;LMG/01;CALABRIA;BASILICATA;9
2024/2025;LM-52;TOSCANA;MARCHE;9
2024/2025;LM-52;TOSCANA;EMILIA ROMAGNA;9
2024/2025;LM-52;TOSCANA;ABRUZZO;9
2024/2025;LM-52;Provincia autonoma di TRENTO;FRIULI VENEZIA GIULIA;9
2024/2025;LM-52;LOMBARDIA;MARCHE;9
2024/2025;LM-53;LOMBARDIA;FRIULI VENEZIA GIULIA;9
2024/2025;LM-53;VENETO;FRIULI VENEZIA GIULIA;9
2024/2025;LM-54;EMILIA ROMAGNA;LAZIO;9
2024/2025;LM-54;FRIULI VENEZIA GIULIA;VENETO;9
2024/2025;LM-52;LOMBARDIA;FRIULI VENEZIA GIULIA;9
2024/2025;LM-52;LIGURIA;LOMBARDIA;9
2024/2025;LM-51;VENETO;MOLISE;9
2024/2025;LM-51;TOSCANA;BASILICATA;9
2024/2025;LM-51;Provincia autonoma di TRENTO;MARCHE;9
2024/2025;LM-51;Provincia autonoma di TRENTO;SICILIA;9
2024/2025;LM-59;PIEMONTE;VENETO;9
2024/2025;LM-59;TOSCANA;REGIONE ESTERA;9
2024/2025;LM-56;VALLE D'AOSTA;REGIONE ESTERA;9
2024/2025;LM-56;VENETO;PIEMONTE;9
2024/2025;LM-56;VENETO;LAZIO;9
2024/2025;LM-59;EMILIA ROMAGNA;SARDEGNA;9
2024/2025;LM-56;SICILIA;CALABRIA;9
2024/2025;LM-56;LIGURIA;REGIONE ESTERA;9
2024/2025;LM-56;FRIULI VENEZIA GIULIA;REGIONE ESTERA;9
2024/2025;LM-56;EMILIA ROMAGNA;SARDEGNA;9
2024/2025;LM-54;PIEMONTE;TOSCANA;9
2024/2025;LM-54;PIEMONTE;CAMPANIA;9
2024/2025;LM-54;PIEMONTE;EMILIA ROMAGNA;9
2024/2025;LM-54;LOMBARDIA;EMILIA ROMAGNA;9
2024/2025;LM-55;ABRUZZO;ABRUZZO;9
2024/2025;LM-55;Provincia autonoma di TRENTO;PIEMONTE;9
2024/2025;LM-54;TOSCANA;PUGLIA;9
2024/2025;LM-55;LOMBARDIA;SARDEGNA;9
2024/2025;LM-56;CAMPANIA;REGIONE ESTERA;9
2024/2025;LM-67;MARCHE;BASILICATA;9
2024/2025;LM-67;LOMBARDIA;SARDEGNA;9
2024/2025;LM-67;LIGURIA;PIEMONTE;9
2024/2025;LM-67;EMILIA ROMAGNA;PIEMONTE;9
2024/2025;LM-68;LAZIO;SICILIA;9
2024/2025;LM-68;MARCHE;ABRUZZO;9
2024/2025;LM-68;MARCHE;BASILICATA;9
2024/2025;LM-68;PIEMONTE;SICILIA;9
2024/2025;LM-69;EMILIA ROMAGNA;ABRUZZO;9
2024/2025;LM-69;BASILICATA;CAMPANIA;9
2024/2025;LM-66;LAZIO;CAMPANIA;9
2024/2025;LM-65;LAZIO;PIEMONTE;9
2024/2025;LM-65;PIEMONTE;CALABRIA;9
2024/2025;LM-63;LOMBARDIA;SARDEGNA;9
2024/2025;LM-63;LAZIO;CALABRIA;9
2024/2025;LM-63;LOMBARDIA;TOSCANA;9
2024/2025;LM-63;PIEMONTE;SICILIA;9
2024/2025;LM-63;PIEMONTE;VALLE D'AOSTA;9
2024/2025;LM-60;PIEMONTE;SICILIA;9
2024/2025;LM-60;PIEMONTE;TOSCANA;9
2024/2025;LM-6;EMILIA ROMAGNA;SARDEGNA;9
2024/2025;LM-6;LAZIO;EMILIA ROMAGNA;9
2024/2025;LM-6;LIGURIA;VENETO;9
2024/2025;LM-62;PIEMONTE;PUGLIA;9
2024/2025;LM-62;PIEMONTE;SICILIA;9
2024/2025;LM-63;EMILIA ROMAGNA;LOMBARDIA;9
2024/2025;LM-62;LAZIO;LIGURIA;9
2024/2025;LM-62;LAZIO;BASILICATA;9
2024/2025;LM-62;LOMBARDIA;ABRUZZO;9
2024/2025;LM-62;LOMBARDIA;CAMPANIA;9
2024/2025;LM-61;EMILIA ROMAGNA;PIEMONTE;9
2024/2025;LM-61;EMILIA ROMAGNA;Provincia autonoma di TRENTO;9
2024/2025;LM-61;MARCHE;EMILIA ROMAGNA;9
2024/2025;LM-61;LAZIO;TOSCANA;9
2024/2025;LM-61;LAZIO;VENETO;9
2024/2025;LM-62;ABRUZZO;CALABRIA;9
2024/2025;LM-62;CAMPANIA;BASILICATA;9
2024/2025;LM-41;SARDEGNA;BASILICATA;9
2024/2025;LM-41;SARDEGNA;CALABRIA;9
2024/2025;LM-41;SARDEGNA;Provincia autonoma di TRENTO;9
2024/2025;LM-41;LIGURIA;VENETO;9
2024/2025;LM-41;LIGURIA;CALABRIA;9
2024/2025;LM-41;MARCHE;SICILIA;9
2024/2025;LM-39;LAZIO;CALABRIA;9
2024/2025;LM-38;VENETO;Provincia autonoma di BOLZANO;9
2024/2025;LM-4;EMILIA ROMAGNA;SICILIA;9
2024/2025;LM-39;VENETO;Provincia autonoma di TRENTO;9
2024/2025;LM-39;TOSCANA;VENETO;9
2024/2025;LM-39;VENETO;ABRUZZO;9
2024/2025;LM-39;VENETO;CAMPANIA;9
2024/2025;LM-40;Provincia autonoma di TRENTO;EMILIA ROMAGNA;9
2024/2025;LM-40;TOSCANA;ABRUZZO;9
2024/2025;LM-40;FRIULI VENEZIA GIULIA;REGIONE ESTERA;9
2024/2025;LM-40;LAZIO;PUGLIA;9
2024/2025;LM-40;LAZIO;UMBRIA;9
2024/2025;LM-40;LOMBARDIA;SICILIA;9
2024/2025;LM-40;ABRUZZO;REGIONE ESTERA;9
2024/2025;LM-40;TOSCANA;LIGURIA;9
2024/2025;LM-43;LOMBARDIA;LOMBARDIA;9
2024/2025;LM-44;VENETO;REGIONE ESTERA;9
2024/2025;LM-45;LOMBARDIA;EMILIA ROMAGNA;9
2024/2025;LM-45;LOMBARDIA;REGIONE ESTERA;9
2024/2025;LM-42;TOSCANA;CALABRIA;9
2024/2025;LM-42;PUGLIA;LAZIO;9
2024/2025;LM-42;PUGLIA;VENETO;9
2024/2025;LM-42;SARDEGNA;LAZIO;9
2024/2025;LM-42;PIEMONTE;PUGLIA;9
2024/2025;LM-48;SICILIA;REGIONE ESTERA;9
2024/2025;LM-47;LAZIO;SICILIA;9
2024/2025;LM-47;LAZIO;TOSCANA;9
2024/2025;LM-46;PUGLIA;LAZIO;9
2024/2025;LM-46;PUGLIA;SICILIA;9
2024/2025;LM-46;PIEMONTE;SICILIA;9
2024/2025;LM-46;SICILIA;REGIONE ESTERA;9
2024/2025;LM-46;CALABRIA;CAMPANIA;9
2024/2025;LM-4cu;ABRUZZO;MARCHE;9
2024/2025;LM-4cu;BASILICATA;CAMPANIA;9
2024/2025;LM-4cu;EMILIA ROMAGNA;MOLISE;9
2024/2025;LM-4cu;EMILIA ROMAGNA;Provincia autonoma di BOLZANO;9
2024/2025;LM-49;SICILIA;CALABRIA;9
2024/2025;LM-49;VENETO;EMILIA ROMAGNA;9
2024/2025;LM-49;VENETO;Provincia autonoma di TRENTO;9
2024/2025;LM-49;MOLISE;MOLISE;9
2024/2025;LM-4cu;LOMBARDIA;LIGURIA;9
2024/2025;LM-51;LAZIO;Provincia autonoma di TRENTO;9
2024/2025;LM-5;EMILIA ROMAGNA;MARCHE;9
2024/2025;LM-4cu;VENETO;EMILIA ROMAGNA;9
2024/2025;LM-5;ABRUZZO;ABRUZZO;9
2024/2025;LM-51;ABRUZZO;LOMBARDIA;9
2024/2025;LM-50;TOSCANA;LIGURIA;9
2024/2025;LM-50;TOSCANA;PUGLIA;9
2024/2025;LM-50;LAZIO;SICILIA;9
2024/2025;LM-78;EMILIA ROMAGNA;BASILICATA;9
2024/2025;LM-77;VENETO;LAZIO;9
2024/2025;LM-77;PIEMONTE;LAZIO;9
2024/2025;LM-77;PIEMONTE;BASILICATA;9
2024/2025;LM-77;PIEMONTE;TOSCANA;9
2024/2025;LM-77;Provincia autonoma di TRENTO;CAMPANIA;9
2024/2025;LM-77;TOSCANA;PIEMONTE;9
2024/2025;LM-78;VENETO;Provincia autonoma di TRENTO;9
2024/2025;LM-78;UMBRIA;MARCHE;9
2024/2025;LM-78;TOSCANA;SARDEGNA;9
2024/2025;LM-78;TOSCANA;MARCHE;9
2024/2025;LM-78;PIEMONTE;LAZIO;9
2024/2025;LM-78;PIEMONTE;VENETO;9
2024/2025;LM-78;TOSCANA;LAZIO;9
2024/2025;LM-8;EMILIA ROMAGNA;TOSCANA;9
2024/2025;LM-81;PIEMONTE;LAZIO;9
2024/2025;LM-81;LAZIO;ABRUZZO;9
2024/2025;LM-81;VENETO;TOSCANA;9
2024/2025;LM-8;Provincia autonoma di TRENTO;Provincia autonoma di TRENTO;9
2024/2025;LM-8;VENETO;EMILIA ROMAGNA;9
2024/2025;LM-8;VENETO;FRIULI VENEZIA GIULIA;9
2024/2025;LM-8;VENETO;PIEMONTE;9
2024/2025;LM-8;VENETO;SICILIA;9
2024/2025;LM-76;LOMBARDIA;PUGLIA;9
2024/2025;LM-75;EMILIA ROMAGNA;MARCHE;9
2024/2025;LM-76;LOMBARDIA;LIGURIA;9
2024/2025;LM-74;EMILIA ROMAGNA;PUGLIA;9
2024/2025;LM-74;EMILIA ROMAGNA;REGIONE ESTERA;9
2024/2025;LM-73;VENETO;EMILIA ROMAGNA;9
2024/2025;LM-71;EMILIA ROMAGNA;CAMPANIA;9
2024/2025;LM-7;TOSCANA;CAMPANIA;9
2024/2025;LM-7;TOSCANA;LIGURIA;9
2024/2025;LM-70;PIEMONTE;SARDEGNA;9
2024/2025;LM-70;EMILIA ROMAGNA;CAMPANIA;9
2024/2025;LM-82;LAZIO;CAMPANIA;9
2024/2025;LM-82;LOMBARDIA;TOSCANA;9
2024/2025;LM-83;LAZIO;CAMPANIA;9
2024/2025;LM-84;TOSCANA;LAZIO;9
2024/2025;LM-84;LAZIO;SICILIA;9
2024/2025;LM-84;LOMBARDIA;PUGLIA;9
2024/2025;LM-85 bis;PIEMONTE;LOMBARDIA;9
2024/2025;LM-85 bis;PIEMONTE;PUGLIA;9
2024/2025;LM-85 bis;MARCHE;LAZIO;9
2024/2025;LM-85 bis;MARCHE;LIGURIA;9
2024/2025;LM-85 bis;EMILIA ROMAGNA;LAZIO;9
2024/2025;LM-85 bis;EMILIA ROMAGNA;LIGURIA;9
2024/2025;LM-85 bis;LAZIO;MOLISE;9
2024/2025;LM-85;PIEMONTE;LIGURIA;9
2024/2025;LM-85;MARCHE;REGIONE ESTERA;9
2024/2025;LM-85;LOMBARDIA;REGIONE ESTERA;9
2024/2025;LM-85;LOMBARDIA;SARDEGNA;9
2024/2025;LM-85;LOMBARDIA;SICILIA;9
2024/2025;LM-85;LAZIO;CALABRIA;9
2024/2025;LM-85;LOMBARDIA;CALABRIA;9
2024/2025;LM-85 bis;CAMPANIA;LOMBARDIA;9
2024/2025;LM-85 bis;CAMPANIA;TOSCANA;9
2024/2025;LM-89;BASILICATA;PUGLIA;9
2024/2025;LM-88;LOMBARDIA;TOSCANA;9
2024/2025;LM-9;ABRUZZO;MARCHE;9
2024/2025;LM-89;LAZIO;VENETO;9
2024/2025;LM-89;LOMBARDIA;TOSCANA;9
2024/2025;LM-89;Provincia autonoma di TRENTO;EMILIA ROMAGNA;9
2024/2025;LM-85 bis;TOSCANA;VENETO;9
2024/2025;LM-85 bis;VALLE D'AOSTA;PIEMONTE;9
2024/2025;LM-85 bis;UMBRIA;SARDEGNA;9
2024/2025;LM-85 bis;VENETO;EMILIA ROMAGNA;9
2024/2025;LM-86;PIEMONTE;REGIONE ESTERA;9
2024/2025;LM-87;VENETO;EMILIA ROMAGNA;9
2024/2025;LM-87;Provincia autonoma di TRENTO;Provincia autonoma di BOLZANO;9
2024/2025;LM-87;Provincia autonoma di TRENTO;PUGLIA;9
2024/2025;LM-87;TOSCANA;SARDEGNA;9
2024/2025;LM-87;TOSCANA;BASILICATA;9
2024/2025;LM-87;EMILIA ROMAGNA;TOSCANA;9
2024/2025;LM-87;LAZIO;CALABRIA;9
2024/2025;LM-87;EMILIA ROMAGNA;SARDEGNA;9
2024/2025;LM-87;EMILIA ROMAGNA;MARCHE;9
2024/2025;LM-91;Provincia autonoma di TRENTO;Provincia autonoma di TRENTO;9
2024/2025;LM-91;VENETO;LOMBARDIA;9
2024/2025;LM-91;LOMBARDIA;LAZIO;9
2024/2025;LM-92;TOSCANA;LAZIO;9
2024/2025;LM-92;TOSCANA;LIGURIA;9
2024/2025;LM-92;LOMBARDIA;ABRUZZO;9
2024/2025;LM-92;VENETO;SARDEGNA;9
2024/2025;LM-92;UMBRIA;CAMPANIA;9
2024/2025;LM-92;VENETO;PIEMONTE;9
2024/2025;LM-94;EMILIA ROMAGNA;CAMPANIA;9
2024/2025;LM-94;EMILIA ROMAGNA;UMBRIA;9
2024/2025;LM-9;LAZIO;VENETO;9
2024/2025;LM-9;PIEMONTE;MARCHE;9
2024/2025;LM-9;EMILIA ROMAGNA;LIGURIA;9
2024/2025;LM-9;EMILIA ROMAGNA;FRIULI VENEZIA GIULIA;9
2024/2025;LM-9;EMILIA ROMAGNA;Provincia autonoma di TRENTO;9
2024/2025;LM-9;LAZIO;BASILICATA;9
2024/2025;LM-9;TOSCANA;UMBRIA;9
2024/2025;LM-9;VENETO;CALABRIA;9
2024/2025;LM-90;TOSCANA;VENETO;9
2024/2025;LM-9;VENETO;LAZIO;9
2024/2025;LMG/01;TOSCANA;Provincia autonoma di TRENTO;9
2024/2025;L-P02;VENETO;LOMBARDIA;9
2024/2025;L-P03;EMILIA ROMAGNA;LOMBARDIA;9
2024/2025;LMR/02;MARCHE;PUGLIA;9
2024/2025;LMR/02;LOMBARDIA;LOMBARDIA;9
2024/2025;LM-Sc.Mat.;PUGLIA;PUGLIA;9
2024/2025;LM-Sc.Mat.;PUGLIA;REGIONE ESTERA;9
2024/2025;LMG/01;CAMPANIA;TOSCANA;9
2024/2025;LMG/01;EMILIA ROMAGNA;VALLE D'AOSTA;9
2024/2025;LM-94;VENETO;SICILIA;9
2024/2025;LM-Data;LOMBARDIA;CAMPANIA;9
2024/2025;LM-Data;LOMBARDIA;EMILIA ROMAGNA;9
2024/2025;L-P03;Provincia autonoma di BOLZANO;Provincia autonoma di BOLZANO;9
2024/2025;LM-Data;Provincia autonoma di BOLZANO;Provincia autonoma di BOLZANO;8
2024/2025;LM-Data;Provincia autonoma di BOLZANO;REGIONE ESTERA;8
2024/2025;LMG/01;CAMPANIA;MARCHE;8
2024/2025;LMG/01;CAMPANIA;EMILIA ROMAGNA;8
2024/2025;LMG/01;MARCHE;TOSCANA;8
2024/2025;LM-Sc.Mat.;LAZIO;LAZIO;8
2024/2025;LMG/01;VENETO;SARDEGNA;8
2024/2025;L-P02;EMILIA ROMAGNA;LOMBARDIA;8
2024/2025;L-P01;EMILIA ROMAGNA;LOMBARDIA;8
2024/2025;LMG/01;UMBRIA;REGIONE ESTERA;8
2024/2025;LMG/01;PUGLIA;LOMBARDIA;8
2024/2025;LM-9;VENETO;SICILIA;8
2024/2025;LM-90;VENETO;FRIULI VENEZIA GIULIA;8
2024/2025;LM-91;LAZIO;ABRUZZO;8
2024/2025;LM-9;UMBRIA;CALABRIA;8
2024/2025;LM-9;EMILIA ROMAGNA;PIEMONTE;8
2024/2025;LM-9;EMILIA ROMAGNA;SARDEGNA;8
2024/2025;LM-9;FRIULI VENEZIA GIULIA;CAMPANIA;8
2024/2025;LM-9;PIEMONTE;LAZIO;8
2024/2025;LM-9;PIEMONTE;LIGURIA;8
2024/2025;LM-9;PIEMONTE;ABRUZZO;8
2024/2025;LM-9;LOMBARDIA;MARCHE;8
2024/2025;LM-9;LAZIO;UMBRIA;8
2024/2025;LM-94;EMILIA ROMAGNA;PIEMONTE;8
2024/2025;LM-94;EMILIA ROMAGNA;FRIULI VENEZIA GIULIA;8
2024/2025;LM-92;VENETO;Provincia autonoma di TRENTO;8
2024/2025;LM-92;VENETO;PUGLIA;8
2024/2025;LM-92;UMBRIA;LAZIO;8
2024/2025;LM-94;VENETO;SARDEGNA;8
2024/2025;LM-94;PIEMONTE;REGIONE ESTERA;8
2024/2025;LM-94;LAZIO;LOMBARDIA;8
2024/2025;LM-94;LAZIO;VENETO;8
2024/2025;LM-94;FRIULI VENEZIA GIULIA;LAZIO;8
2024/2025;LM-94;FRIULI VENEZIA GIULIA;MARCHE;8
2024/2025;LM-94;FRIULI VENEZIA GIULIA;SICILIA;8
2024/2025;LM-92;LOMBARDIA;LAZIO;8
2024/2025;LM-92;LOMBARDIA;TOSCANA;8
2024/2025;LM-92;PIEMONTE;SARDEGNA;8
2024/2025;LM-91;LOMBARDIA;ABRUZZO;8
2024/2025;LM-91;LAZIO;MARCHE;8
2024/2025;LM-91;LAZIO;PUGLIA;8
2024/2025;LM-87;PIEMONTE;CALABRIA;8
2024/2025;LM-87;PIEMONTE;SARDEGNA;8
2024/2025;LM-87;TOSCANA;EMILIA ROMAGNA;8
2024/2025;LM-85 bis;VENETO;SICILIA;8
2024/2025;LM-87;ABRUZZO;BASILICATA;8
2024/2025;LM-85 bis;TOSCANA;LOMBARDIA;8
2024/2025;LM-85 bis;TOSCANA;ABRUZZO;8
2024/2025;LM-85 bis;TOSCANA;BASILICATA;8
2024/2025;LM-89;PIEMONTE;LIGURIA;8
2024/2025;LM-89;MARCHE;REGIONE ESTERA;8
2024/2025;LM-89;LOMBARDIA;MARCHE;8
2024/2025;LM-89;LOMBARDIA;LIGURIA;8
2024/2025;LM-89;VENETO;SICILIA;8
2024/2025;LM-88;PIEMONTE;PUGLIA;8
2024/2025;LM-88;LOMBARDIA;CALABRIA;8
2024/2025;LM-88;LOMBARDIA;LIGURIA;8
2024/2025;LM-88;EMILIA ROMAGNA;CALABRIA;8
2024/2025;LM-88;VENETO;REGIONE ESTERA;8
2024/2025;LM-88;VENETO;SARDEGNA;8
2024/2025;LM-89;EMILIA ROMAGNA;LIGURIA;8
2024/2025;LM-85 bis;EMILIA ROMAGNA;CAMPANIA;8
2024/2025;LM-85 bis;EMILIA ROMAGNA;FRIULI VENEZIA GIULIA;8
2024/2025;LM-85;VENETO;SARDEGNA;8
2024/2025;LM-85;LAZIO;SICILIA;8
2024/2025;LM-85;LOMBARDIA;Provincia autonoma di TRENTO;8
2024/2025;LM-85;MARCHE;LOMBARDIA;8
2024/2025;LM-85;PIEMONTE;LOMBARDIA;8
2024/2025;LM-85;UMBRIA;TOSCANA;8
2024/2025;LM-85 bis;EMILIA ROMAGNA;MOLISE;8
2024/2025;LM-85 bis;FRIULI VENEZIA GIULIA;Provincia autonoma di TRENTO;8
2024/2025;LM-85 bis;MOLISE;EMILIA ROMAGNA;8
2024/2025;LM-85 bis;MARCHE;CALABRIA;8
2024/2025;LM-84;MARCHE;ABRUZZO;8
2024/2025;LM-84;PIEMONTE;PUGLIA;8
2024/2025;LM-84;PIEMONTE;SARDEGNA;8
2024/2025;LM-84;PIEMONTE;TOSCANA;8
2024/2025;LM-84;LOMBARDIA;CALABRIA;8
2024/2025;LM-84;LOMBARDIA;LIGURIA;8
2024/2025;LM-84;LAZIO;PUGLIA;8
2024/2025;LM-84;VENETO;SICILIA;8
2024/2025;LM-85;EMILIA ROMAGNA;LIGURIA;8
2024/2025;LM-85;EMILIA ROMAGNA;CALABRIA;8
2024/2025;LM-85;ABRUZZO;BASILICATA;8
2024/2025;LM-84;ABRUZZO;ABRUZZO;8
2024/2025;LM-83;LAZIO;MARCHE;8
2024/2025;LM-82;LOMBARDIA;SARDEGNA;8
2024/2025;LM-82;VENETO;LIGURIA;8
2024/2025;LM-82;LAZIO;ABRUZZO;8
2024/2025;LM-82;EMILIA ROMAGNA;ABRUZZO;8
2024/2025;LM-82;EMILIA ROMAGNA;PIEMONTE;8
2024/2025;LM-70;EMILIA ROMAGNA;TOSCANA;8
2024/2025;LM-7;TOSCANA;PUGLIA;8
2024/2025;LM-7;TOSCANA;LAZIO;8
2024/2025;LM-70;EMILIA ROMAGNA;CALABRIA;8
2024/2025;LM-7;EMILIA ROMAGNA;SICILIA;8
2024/2025;LM-7;EMILIA ROMAGNA;LOMBARDIA;8
2024/2025;LM-72;CAMPANIA;SICILIA;8
2024/2025;LM-73;MOLISE;MOLISE;8
2024/2025;LM-74;EMILIA ROMAGNA;MARCHE;8
2024/2025;LM-75;EMILIA ROMAGNA;ABRUZZO;8
2024/2025;LM-77;LIGURIA;LOMBARDIA;8
2024/2025;LM-81;EMILIA ROMAGNA;PIEMONTE;8
2024/2025;LM-81;EMILIA ROMAGNA;LIGURIA;8
2024/2025;LM-8;Provincia autonoma di TRENTO;REGIONE ESTERA;8
2024/2025;LM-81;VENETO;LAZIO;8
2024/2025;LM-81;LOMBARDIA;LAZIO;8
2024/2025;LM-81;LAZIO;PUGLIA;8
2024/2025;LM-8;LOMBARDIA;CAMPANIA;8
2024/2025;LM-8;LAZIO;CAMPANIA;8
2024/2025;LM-8;EMILIA ROMAGNA;BASILICATA;8
2024/2025;LM-78;TOSCANA;CALABRIA;8
2024/2025;LM-78;PIEMONTE;LIGURIA;8
2024/2025;LM-78;PIEMONTE;VALLE D'AOSTA;8
2024/2025;LM-78;TOSCANA;UMBRIA;8
2024/2025;LM-78;VENETO;MARCHE;8
2024/2025;LM-77;TOSCANA;MOLISE;8
2024/2025;LM-77;Provincia autonoma di TRENTO;PIEMONTE;8
2024/2025;LM-77;VENETO;UMBRIA;8
2024/2025;LM-78;EMILIA ROMAGNA;UMBRIA;8
2024/2025;LM-78;MARCHE;EMILIA ROMAGNA;8
2024/2025;LM-78;PIEMONTE;EMILIA ROMAGNA;8
2024/2025;LM-78;PIEMONTE;BASILICATA;8
2024/2025;LM-78;LAZIO;LOMBARDIA;8
2024/2025;LM-78;LAZIO;MARCHE;8
2024/2025;LM-78;LOMBARDIA;CALABRIA;8
2024/2025;LM-78;LOMBARDIA;CAMPANIA;8
2024/2025;LM-50;LOMBARDIA;PIEMONTE;8
2024/2025;LM-50;PIEMONTE;LIGURIA;8
2024/2025;LM-50;LAZIO;BASILICATA;8
2024/2025;LM-50;LAZIO;CALABRIA;8
2024/2025;LM-5;EMILIA ROMAGNA;LOMBARDIA;8
2024/2025;LM-51;LIGURIA;LOMBARDIA;8
2024/2025;LM-51;MARCHE;CAMPANIA;8
2024/2025;LM-51;EMILIA ROMAGNA;Provincia autonoma di TRENTO;8
2024/2025;LM-4cu;LOMBARDIA;ABRUZZO;8
2024/2025;LM-49;TOSCANA;LOMBARDIA;8
2024/2025;LM-4cu;ABRUZZO;REGIONE ESTERA;8
2024/2025;LM-46;EMILIA ROMAGNA;CAMPANIA;8
2024/2025;LM-46;ABRUZZO;BASILICATA;8
2024/2025;LM-46;LOMBARDIA;LAZIO;8
2024/2025;LM-46;LOMBARDIA;MARCHE;8
2024/2025;LM-46;LAZIO;MOLISE;8
2024/2025;LM-46;LAZIO;LIGURIA;8
2024/2025;LM-46;UMBRIA;PIEMONTE;8
2024/2025;LM-46;UMBRIA;CAMPANIA;8
2024/2025;LM-46;UMBRIA;LAZIO;8
2024/2025;LM-46;SICILIA;LOMBARDIA;8
2024/2025;LM-46;TOSCANA;PIEMONTE;8
2024/2025;LM-46;SARDEGNA;REGIONE ESTERA;8
2024/2025;LM-48;PIEMONTE;SICILIA;8
2024/2025;LM-48;PIEMONTE;LOMBARDIA;8
2024/2025;LM-48;LOMBARDIA;PIEMONTE;8
2024/2025;LM-42;PIEMONTE;FRIULI VENEZIA GIULIA;8
2024/2025;LM-42;MARCHE;REGIONE ESTERA;8
2024/2025;LM-42;MARCHE;SICILIA;8
2024/2025;LM-42;PUGLIA;LOMBARDIA;8
2024/2025;LM-42;VENETO;EMILIA ROMAGNA;8
2024/2025;LM-42;VENETO;MARCHE;8
2024/2025;LM-45;LAZIO;CALABRIA;8
2024/2025;LM-45;EMILIA ROMAGNA;CAMPANIA;8
2024/2025;LM-43;TOSCANA;LOMBARDIA;8
2024/2025;LM-44;FRIULI VENEZIA GIULIA;VENETO;8
2024/2025;LM-44;LOMBARDIA;BASILICATA;8
2024/2025;LM-44;LOMBARDIA;LIGURIA;8
2024/2025;LM-40;TOSCANA;CAMPANIA;8
2024/2025;LM-40;TOSCANA;PIEMONTE;8
2024/2025;LM-41;ABRUZZO;LIGURIA;8
2024/2025;LM-40;EMILIA ROMAGNA;SICILIA;8
2024/2025;LM-40;EMILIA ROMAGNA;PUGLIA;8
2024/2025;LM-4;TOSCANA;SARDEGNA;8
2024/2025;LM-40;LOMBARDIA;VENETO;8
2024/2025;LM-40;LOMBARDIA;CAMPANIA;8
2024/2025;LM-39;VENETO;LAZIO;8
2024/2025;LM-39;VENETO;MARCHE;8
2024/2025;LM-4;EMILIA ROMAGNA;PUGLIA;8
2024/2025;LM-4;PIEMONTE;MOLISE;8
2024/2025;LM-39;LAZIO;TOSCANA;8
2024/2025;LM-39;TOSCANA;PIEMONTE;8
2024/2025;LM-41;MARCHE;TOSCANA;8
2024/2025;LM-41;MARCHE;BASILICATA;8
2024/2025;LM-41;LAZIO;VALLE D'AOSTA;8
2024/2025;LM-41;LIGURIA;SARDEGNA;8
2024/2025;LM-42;CAMPANIA;CALABRIA;8
2024/2025;LM-42;CAMPANIA;REGIONE ESTERA;8
2024/2025;LM-62;ABRUZZO;MOLISE;8
2024/2025;LM-61;LAZIO;SICILIA;8
2024/2025;LM-61;LOMBARDIA;PUGLIA;8
2024/2025;LM-61;EMILIA ROMAGNA;TOSCANA;8
2024/2025;LM-61;ABRUZZO;PUGLIA;8
2024/2025;LM-62;LOMBARDIA;LIGURIA;8
2024/2025;LM-62;LOMBARDIA;Provincia autonoma di TRENTO;8
2024/2025;LM-62;MARCHE;LOMBARDIA;8
2024/2025;LM-62;LOMBARDIA;TOSCANA;8
2024/2025;LM-62;CAMPANIA;LAZIO;8
2024/2025;LM-63;CAMPANIA;LOMBARDIA;8
2024/2025;LM-62;VENETO;Provincia autonoma di TRENTO;8
2024/2025;LM-6;LIGURIA;PUGLIA;8
2024/2025;LM-6;LOMBARDIA;FRIULI VENEZIA GIULIA;8
2024/2025;LM-6;MARCHE;CALABRIA;8
2024/2025;LM-6;MARCHE;PIEMONTE;8
2024/2025;LM-6;LIGURIA;EMILIA ROMAGNA;8
2024/2025;LM-60;PIEMONTE;EMILIA ROMAGNA;8
2024/2025;LM-60;EMILIA ROMAGNA;FRIULI VENEZIA GIULIA;8
2024/2025;LM-6;PIEMONTE;EMILIA ROMAGNA;8
2024/2025;LM-6;PIEMONTE;VALLE D'AOSTA;8
2024/2025;LM-63;Provincia autonoma di BOLZANO;Provincia autonoma di TRENTO;8
2024/2025;LM-63;LOMBARDIA;ABRUZZO;8
2024/2025;LM-63;LOMBARDIA;CAMPANIA;8
2024/2025;LM-65;EMILIA ROMAGNA;LIGURIA;8
2024/2025;LM-65;FRIULI VENEZIA GIULIA;TOSCANA;8
2024/2025;LM-65;LOMBARDIA;VENETO;8
2024/2025;LM-65;LOMBARDIA;LIGURIA;8
2024/2025;LM-65;TOSCANA;REGIONE ESTERA;8
2024/2025;LM-65;VENETO;SARDEGNA;8
2024/2025;LM-66;VENETO;FRIULI VENEZIA GIULIA;8
2024/2025;LM-66;TOSCANA;REGIONE ESTERA;8
2024/2025;LM-69;CAMPANIA;LAZIO;8
2024/2025;LM-69;EMILIA ROMAGNA;Provincia autonoma di TRENTO;8
2024/2025;LM-69;LOMBARDIA;EMILIA ROMAGNA;8
2024/2025;LM-69;FRIULI VENEZIA GIULIA;REGIONE ESTERA;8
2024/2025;LM-69;TOSCANA;LAZIO;8
2024/2025;LM-68;PIEMONTE;VALLE D'AOSTA;8
2024/2025;LM-68;PIEMONTE;PUGLIA;8
2024/2025;LM-68;PIEMONTE;SARDEGNA;8
2024/2025;LM-68;LIGURIA;PIEMONTE;8
2024/2025;LM-68;LAZIO;ABRUZZO;8
2024/2025;LM-67;EMILIA ROMAGNA;Provincia autonoma di TRENTO;8
2024/2025;LM-67;LOMBARDIA;CALABRIA;8
2024/2025;LM-67;LOMBARDIA;LIGURIA;8
2024/2025;LM-67;EMILIA ROMAGNA;TOSCANA;8
2024/2025;LM-67;LAZIO;ABRUZZO;8
2024/2025;LM-67;MARCHE;CALABRIA;8
2024/2025;LM-56;ABRUZZO;CAMPANIA;8
2024/2025;LM-55;LOMBARDIA;LAZIO;8
2024/2025;LM-55;LOMBARDIA;PUGLIA;8
2024/2025;LM-54;TOSCANA;SICILIA;8
2024/2025;LM-54;TOSCANA;CAMPANIA;8
2024/2025;LM-54;TOSCANA;LOMBARDIA;8
2024/2025;LM-54;LOMBARDIA;TOSCANA;8
2024/2025;LM-56;TOSCANA;ABRUZZO;8
2024/2025;LM-56;PIEMONTE;MARCHE;8
2024/2025;LM-59;EMILIA ROMAGNA;MOLISE;8
2024/2025;LM-59;ABRUZZO;MARCHE;8
2024/2025;LM-58;LOMBARDIA;REGIONE ESTERA;8
2024/2025;LM-59;EMILIA ROMAGNA;ABRUZZO;8
2024/2025;LM-56;TOSCANA;LAZIO;8
2024/2025;LM-58;EMILIA ROMAGNA;MARCHE;8
2024/2025;LM-57;LOMBARDIA;VENETO;8
2024/2025;LM-57;VENETO;REGIONE ESTERA;8
2024/2025;LM-57;LOMBARDIA;LIGURIA;8
2024/2025;LM-59;UMBRIA;SARDEGNA;8
2024/2025;LM-59;TOSCANA;LOMBARDIA;8
2024/2025;LM-6;CAMPANIA;SICILIA;8
2024/2025;LM-59;PIEMONTE;EMILIA ROMAGNA;8
2024/2025;LM-59;MARCHE;PUGLIA;8
2024/2025;LM-59;LOMBARDIA;BASILICATA;8
2024/2025;LM-51;TOSCANA;PIEMONTE;8
2024/2025;LM-52;CAMPANIA;TOSCANA;8
2024/2025;LM-52;EMILIA ROMAGNA;LIGURIA;8
2024/2025;LM-54;LAZIO;CALABRIA;8
2024/2025;LM-54;LAZIO;PUGLIA;8
2024/2025;LM-53;VENETO;LOMBARDIA;8
2024/2025;LM-54;EMILIA ROMAGNA;CALABRIA;8
2024/2025;LM-54;ABRUZZO;LAZIO;8
2024/2025;LM-53;LOMBARDIA;SICILIA;8
2024/2025;LM-53;PIEMONTE;VENETO;8
2024/2025;LM-53;FRIULI VENEZIA GIULIA;VENETO;8
2024/2025;LM-52;PIEMONTE;MARCHE;8
2024/2025;LM-52;Provincia autonoma di TRENTO;TOSCANA;8
2024/2025;LM-52;UMBRIA;LAZIO;8
2024/2025;LM-52;VENETO;LIGURIA;8
2023/2024;LM-Data;LOMBARDIA;PUGLIA;8
2023/2024;LM-Data;LOMBARDIA;LAZIO;8
2023/2024;LMG/01;MOLISE;LAZIO;8
2023/2024;LMG/01;FRIULI VENEZIA GIULIA;LOMBARDIA;8
2023/2024;LM-92;PIEMONTE;CAMPANIA;8
2023/2024;LM-92;PIEMONTE;EMILIA ROMAGNA;8
2023/2024;LM-92;LOMBARDIA;LAZIO;8
2023/2024;LM-92;TOSCANA;CALABRIA;8
2023/2024;LM-92;LOMBARDIA;CALABRIA;8
2023/2024;LM-91;PUGLIA;LAZIO;8
2023/2024;LM-91;SICILIA;REGIONE ESTERA;8
2023/2024;LM-91;Provincia autonoma di TRENTO;PUGLIA;8
2023/2024;LM-92;UMBRIA;LAZIO;8
2023/2024;LM-94;EMILIA ROMAGNA;MARCHE;8
2023/2024;LM-94;EMILIA ROMAGNA;PIEMONTE;8
2023/2024;LM-94;PIEMONTE;REGIONE ESTERA;8
2023/2024;LM-94;PIEMONTE;MARCHE;8
2023/2024;LM-94;LIGURIA;PIEMONTE;8
2023/2024;LM-94;FRIULI VENEZIA GIULIA;LAZIO;8
2023/2024;LMG/01;UMBRIA;CAMPANIA;8
2023/2024;LMG/01;PIEMONTE;FRIULI VENEZIA GIULIA;8
2023/2024;LMG/01;Provincia autonoma di TRENTO;MOLISE;8
2023/2024;LMG/01;PUGLIA;LOMBARDIA;8
2023/2024;LMG/01;VENETO;CAMPANIA;8
2023/2024;LMR/02;MARCHE;PUGLIA;8
2023/2024;LMR/02;PIEMONTE;LIGURIA;8
2023/2024;L-P03;EMILIA ROMAGNA;LOMBARDIA;8
2024/2025;L/GASTR;EMILIA ROMAGNA;CAMPANIA;8
2024/2025;L/DS;CAMPANIA;LOMBARDIA;8
2024/2025;99999;SICILIA;VENETO;8
2024/2025;99999;SICILIA;PIEMONTE;8
2024/2025;99999;EMILIA ROMAGNA;LAZIO;8
2024/2025;99999;EMILIA ROMAGNA;Provincia autonoma di TRENTO;8
2024/2025;99999;CAMPANIA;PUGLIA;8
2024/2025;99999;LOMBARDIA;VENETO;8
2024/2025;99999;PUGLIA;EMILIA ROMAGNA;8
2024/2025;99999;LAZIO;EMILIA ROMAGNA;8
2023/2024;LM-88;PIEMONTE;PUGLIA;8
2023/2024;LM-88;VENETO;REGIONE ESTERA;8
2023/2024;LM-89;MARCHE;PUGLIA;8
2023/2024;LM-89;PIEMONTE;PUGLIA;8
2023/2024;LM-89;PIEMONTE;SICILIA;8
2023/2024;LM-89;MARCHE;LOMBARDIA;8
2023/2024;LM-89;TOSCANA;VENETO;8
2023/2024;LM-90;TOSCANA;REGIONE ESTERA;8
2023/2024;LM-91;LAZIO;UMBRIA;8
2023/2024;LM-91;EMILIA ROMAGNA;SARDEGNA;8
2023/2024;LM-9;TOSCANA;BASILICATA;8
2023/2024;LM-9;UMBRIA;PUGLIA;8
2023/2024;LM-9;UMBRIA;ABRUZZO;8
2023/2024;LM-9;LOMBARDIA;MOLISE;8
2023/2024;LM-9;PIEMONTE;ABRUZZO;8
2023/2024;LM-9;CAMPANIA;BASILICATA;8
2023/2024;LM-9;CAMPANIA;LAZIO;8
2023/2024;LM-9;EMILIA ROMAGNA;Provincia autonoma di TRENTO;8
2023/2024;LM-9;LAZIO;UMBRIA;8
2023/2024;LM-9;LAZIO;BASILICATA;8
2023/2024;LM-87;LAZIO;UMBRIA;8
2023/2024;LM-87;VENETO;LIGURIA;8
2023/2024;LM-88;ABRUZZO;MARCHE;8
2023/2024;LM-88;CAMPANIA;CALABRIA;8
2023/2024;LM-88;EMILIA ROMAGNA;ABRUZZO;8
2023/2024;LM-88;EMILIA ROMAGNA;CALABRIA;8
2023/2024;LM-87;TOSCANA;SARDEGNA;8
2023/2024;LM-87;TOSCANA;LIGURIA;8
2023/2024;LM-87;Provincia autonoma di TRENTO;Provincia autonoma di BOLZANO;8
2023/2024;LM-86;UMBRIA;LAZIO;8
2023/2024;LM-85 bis;TOSCANA;VENETO;8
2023/2024;LM-85 bis;UMBRIA;BASILICATA;8
2023/2024;LM-85 bis;VENETO;EMILIA ROMAGNA;8
2023/2024;LM-85 bis;VALLE D'AOSTA;PIEMONTE;8
2023/2024;LM-85;LOMBARDIA;CALABRIA;8
2023/2024;LM-85;EMILIA ROMAGNA;TOSCANA;8
2023/2024;LM-85;LOMBARDIA;PUGLIA;8
2023/2024;LM-85;PIEMONTE;PUGLIA;8
2023/2024;LM-85;UMBRIA;TOSCANA;8
2023/2024;LM-85 bis;CAMPANIA;LOMBARDIA;8
2023/2024;LM-85 bis;CALABRIA;BASILICATA;8
2023/2024;LM-85 bis;MOLISE;BASILICATA;8
2023/2024;LM-85 bis;MARCHE;CALABRIA;8
2023/2024;LM-85 bis;EMILIA ROMAGNA;LIGURIA;8
2023/2024;LM-85 bis;EMILIA ROMAGNA;CAMPANIA;8
2023/2024;LM-85 bis;EMILIA ROMAGNA;REGIONE ESTERA;8
2023/2024;LM-85 bis;FRIULI VENEZIA GIULIA;Provincia autonoma di TRENTO;8
2023/2024;LM-69;EMILIA ROMAGNA;TOSCANA;8
2023/2024;LM-69;BASILICATA;CAMPANIA;8
2023/2024;LM-69;EMILIA ROMAGNA;BASILICATA;8
2023/2024;LM-68;PIEMONTE;PUGLIA;8
2023/2024;LM-68;PIEMONTE;SARDEGNA;8
2023/2024;LM-68;LAZIO;SICILIA;8
2023/2024;LM-68;EMILIA ROMAGNA;MARCHE;8
2023/2024;LM-67;UMBRIA;CAMPANIA;8
2023/2024;LM-67;UMBRIA;LAZIO;8
2023/2024;LM-67;LOMBARDIA;VENETO;8
2023/2024;LM-67;MARCHE;ABRUZZO;8
2023/2024;LM-67;EMILIA ROMAGNA;MOLISE;8
2023/2024;LM-7;EMILIA ROMAGNA;PUGLIA;8
2023/2024;LM-69;TOSCANA;LIGURIA;8
2023/2024;LM-69;TOSCANA;PUGLIA;8
2023/2024;LM-70;LAZIO;SICILIA;8
2023/2024;LM-71;VENETO;FRIULI VENEZIA GIULIA;8
2023/2024;LM-70;TOSCANA;LOMBARDIA;8
2023/2024;LM-71;LAZIO;ABRUZZO;8
2023/2024;LM-71;EMILIA ROMAGNA;PIEMONTE;8
2023/2024;LM-71;EMILIA ROMAGNA;PUGLIA;8
2023/2024;LM-74;EMILIA ROMAGNA;REGIONE ESTERA;8
2023/2024;LM-74;EMILIA ROMAGNA;MARCHE;8
2023/2024;LM-73;VENETO;MARCHE;8
2023/2024;LM-73;PIEMONTE;VALLE D'AOSTA;8
2023/2024;LM-61;UMBRIA;LAZIO;8
2023/2024;LM-61;UMBRIA;TOSCANA;8
2023/2024;LM-62;ABRUZZO;BASILICATA;8
2023/2024;LM-61;MARCHE;EMILIA ROMAGNA;8
2023/2024;LM-61;LOMBARDIA;PUGLIA;8
2023/2024;LM-61;LOMBARDIA;CALABRIA;8
2023/2024;LM-61;LAZIO;TOSCANA;8
2023/2024;LM-61;LAZIO;UMBRIA;8
2023/2024;LM-62;VENETO;Provincia autonoma di TRENTO;8
2023/2024;LM-63;CAMPANIA;SICILIA;8
2023/2024;LM-63;LAZIO;ABRUZZO;8
2023/2024;LM-63;LAZIO;UMBRIA;8
2023/2024;LM-62;LOMBARDIA;MARCHE;8
2023/2024;LM-62;Provincia autonoma di TRENTO;LOMBARDIA;8
2023/2024;LM-62;Provincia autonoma di TRENTO;Provincia autonoma di TRENTO;8
2023/2024;LM-65;EMILIA ROMAGNA;CALABRIA;8
2023/2024;LM-65;LAZIO;PIEMONTE;8
2023/2024;LM-63;VENETO;EMILIA ROMAGNA;8
2023/2024;LM-63;VENETO;PUGLIA;8
2023/2024;LM-63;SICILIA;CALABRIA;8
2023/2024;LM-63;PIEMONTE;SICILIA;8
2023/2024;LM-63;LOMBARDIA;ABRUZZO;8
2023/2024;LM-66;TOSCANA;PUGLIA;8
2023/2024;LM-66;LOMBARDIA;SICILIA;8
2023/2024;LM-66;MOLISE;LAZIO;8
2023/2024;LM-66;LAZIO;CAMPANIA;8
2023/2024;LM-66;LAZIO;REGIONE ESTERA;8
2023/2024;LM-65;LOMBARDIA;LIGURIA;8
2023/2024;LM-65;PIEMONTE;CALABRIA;8
2023/2024;LM-65;SICILIA;CALABRIA;8
2023/2024;LM-77;TOSCANA;PIEMONTE;8
2023/2024;LM-77;TOSCANA;VENETO;8
2023/2024;LM-77;VENETO;CALABRIA;8
2023/2024;LM-78;FRIULI VENEZIA GIULIA;VENETO;8
2023/2024;LM-75;LOMBARDIA;VENETO;8
2023/2024;LM-74;FRIULI VENEZIA GIULIA;VENETO;8
2023/2024;LM-74;TOSCANA;LIGURIA;8
2023/2024;LM-77;EMILIA ROMAGNA;VALLE D'AOSTA;8
2023/2024;LM-81;EMILIA ROMAGNA;SARDEGNA;8
2023/2024;LM-81;LAZIO;EMILIA ROMAGNA;8
2023/2024;LM-81;PIEMONTE;EMILIA ROMAGNA;8
2023/2024;LM-8;VENETO;SICILIA;8
2023/2024;LM-8;PIEMONTE;PUGLIA;8
2023/2024;LM-8;Provincia autonoma di TRENTO;Provincia autonoma di TRENTO;8
2023/2024;LM-78;PIEMONTE;FRIULI VENEZIA GIULIA;8
2023/2024;LM-78;PIEMONTE;ABRUZZO;8
2023/2024;LM-78;PIEMONTE;VALLE D'AOSTA;8
2023/2024;LM-78;MARCHE;EMILIA ROMAGNA;8
2023/2024;LM-78;LIGURIA;LOMBARDIA;8
2023/2024;LM-78;VENETO;MARCHE;8
2023/2024;LM-78;VENETO;PIEMONTE;8
2023/2024;LM-78;VENETO;Provincia autonoma di TRENTO;8
2023/2024;LM-78;VENETO;TOSCANA;8
2023/2024;LM-79;LOMBARDIA;LOMBARDIA;8
2023/2024;LM-78;TOSCANA;LAZIO;8
2023/2024;LM-85;EMILIA ROMAGNA;FRIULI VENEZIA GIULIA;8
2023/2024;LM-84;VENETO;SICILIA;8
2023/2024;LM-84;TOSCANA;LAZIO;8
2023/2024;LM-84;EMILIA ROMAGNA;UMBRIA;8
2023/2024;LM-84;LOMBARDIA;PUGLIA;8
2023/2024;LM-81;UMBRIA;REGIONE ESTERA;8
2023/2024;LM-81;PIEMONTE;TOSCANA;8
2023/2024;LM-82;EMILIA ROMAGNA;PIEMONTE;8
2023/2024;LM-83;LAZIO;CAMPANIA;8
2023/2024;LM-84;EMILIA ROMAGNA;BASILICATA;8
2023/2024;LM-82;VENETO;LIGURIA;8
2023/2024;LM-82;VENETO;MARCHE;8
2024/2025;L-22;EMILIA ROMAGNA;PIEMONTE;8
2024/2025;L-20;UMBRIA;ABRUZZO;8
2024/2025;L-21;LOMBARDIA;EMILIA ROMAGNA;8
2024/2025;L-21;PIEMONTE;SICILIA;8
2024/2025;L-21;TOSCANA;EMILIA ROMAGNA;8
2024/2025;L-24;CAMPANIA;EMILIA ROMAGNA;8
2024/2025;L-24;ABRUZZO;SARDEGNA;8
2024/2025;L-24;FRIULI VENEZIA GIULIA;PUGLIA;8
2024/2025;L-22;TOSCANA;SICILIA;8
2024/2025;L-23;MARCHE;ABRUZZO;8
2024/2025;L-24;ABRUZZO;LIGURIA;8
2024/2025;L-23;LOMBARDIA;ABRUZZO;8
2024/2025;L-23;LAZIO;SICILIA;8
2024/2025;L-19;TOSCANA;PUGLIA;8
2024/2025;L-19;TOSCANA;PIEMONTE;8
2024/2025;L-19;TOSCANA;EMILIA ROMAGNA;8
2024/2025;L-19;SICILIA;PIEMONTE;8
2024/2025;L-19;LIGURIA;LOMBARDIA;8
2024/2025;L-2;LOMBARDIA;FRIULI VENEZIA GIULIA;8
2024/2025;L-2;LAZIO;TOSCANA;8
2024/2025;L-2;EMILIA ROMAGNA;UMBRIA;8
2024/2025;L-2;LOMBARDIA;MARCHE;8
2024/2025;L-2;MARCHE;VENETO;8
2024/2025;L-19;VENETO;SICILIA;8
2024/2025;L-2;ABRUZZO;CAMPANIA;8
2024/2025;L-2;TOSCANA;CAMPANIA;8
2024/2025;L-2;PIEMONTE;VENETO;8
2024/2025;L-2;UMBRIA;LOMBARDIA;8
2024/2025;L-2;VENETO;Provincia autonoma di BOLZANO;8
2024/2025;L-2;UMBRIA;REGIONE ESTERA;8
2024/2025;L-20;ABRUZZO;CAMPANIA;8
2024/2025;L-20;PIEMONTE;Provincia autonoma di TRENTO;8
2024/2025;L-20;LOMBARDIA;MOLISE;8
2024/2025;L-17/L-23;CAMPANIA;CAMPANIA;8
2024/2025;L-18;ABRUZZO;REGIONE ESTERA;8
2024/2025;L-18;MARCHE;SICILIA;8
2024/2025;L-18;PIEMONTE;MOLISE;8
2024/2025;L-18;Provincia autonoma di BOLZANO;FRIULI VENEZIA GIULIA;8
2024/2025;L-18;PIEMONTE;UMBRIA;8
2024/2025;L-18;Provincia autonoma di TRENTO;ABRUZZO;8
2024/2025;L-18;TOSCANA;Provincia autonoma di BOLZANO;8
2024/2025;L-18;VENETO;TOSCANA;8
2024/2025;L-18;UMBRIA;SARDEGNA;8
2024/2025;L-19;CAMPANIA;LAZIO;8
2024/2025;L-19;CAMPANIA;PUGLIA;8
2024/2025;L-19;CALABRIA;BASILICATA;8
2024/2025;L-17;LOMBARDIA;VALLE D'AOSTA;8
2024/2025;L-17;LAZIO;MOLISE;8
2024/2025;L-16;PUGLIA;CAMPANIA;8
2024/2025;L-16;SICILIA;REGIONE ESTERA;8
2024/2025;L-15;LOMBARDIA;SARDEGNA;8
2024/2025;L-15;PIEMONTE;TOSCANA;8
2024/2025;L-15;EMILIA ROMAGNA;REGIONE ESTERA;8
2024/2025;L-14;VENETO;SARDEGNA;8
2024/2025;L-14;VENETO;PUGLIA;8
2024/2025;L-15;LOMBARDIA;CAMPANIA;8
2024/2025;L-14;Provincia autonoma di TRENTO;SICILIA;8
2024/2025;L-14;LAZIO;VENETO;8
2024/2025;L-14;LAZIO;BASILICATA;8
2024/2025;L/SNT3;MOLISE;PUGLIA;8
2024/2025;L/SNT3;EMILIA ROMAGNA;Provincia autonoma di TRENTO;8
2024/2025;L/SNT4;LOMBARDIA;PUGLIA;8
2024/2025;L/SNT4;LAZIO;CAMPANIA;8
2024/2025;L/SNT4;EMILIA ROMAGNA;LOMBARDIA;8
2024/2025;L-1;LOMBARDIA;BASILICATA;8
2024/2025;L-1;VENETO;LIGURIA;8
2024/2025;L-10;FRIULI VENEZIA GIULIA;SICILIA;8
2024/2025;L-10;LOMBARDIA;BASILICATA;8
2024/2025;L-10;CAMPANIA;ABRUZZO;8
2024/2025;L/SNT2;CAMPANIA;CALABRIA;8
2024/2025;L/SNT1;UMBRIA;BASILICATA;8
2024/2025;L/SNT1;UMBRIA;SARDEGNA;8
2024/2025;L/SNT2;BASILICATA;PUGLIA;8
2024/2025;L/SNT2;PUGLIA;SICILIA;8
2024/2025;L/SNT2;VENETO;EMILIA ROMAGNA;8
2024/2025;L/SNT3;CAMPANIA;SICILIA;8
2024/2025;L/SNT3;EMILIA ROMAGNA;CAMPANIA;8
2024/2025;L/SNT2;MARCHE;EMILIA ROMAGNA;8
2024/2025;L/GASTR;PIEMONTE;LAZIO;8
2024/2025;L/GASTR;Provincia autonoma di BOLZANO;REGIONE ESTERA;8
2024/2025;L/SNT1;MOLISE;ABRUZZO;8
2024/2025;L/SNT1;LAZIO;MOLISE;8
2024/2025;L/SNT1;LOMBARDIA;BASILICATA;8
2024/2025;L/SNT1;TOSCANA;ABRUZZO;8
2024/2025;L/SNT1;PIEMONTE;CALABRIA;8
2024/2025;L-10;VENETO;Provincia autonoma di BOLZANO;8
2024/2025;L-11;ABRUZZO;MARCHE;8
2024/2025;L-10;TOSCANA;MOLISE;8
2024/2025;L-10;LOMBARDIA;Provincia autonoma di TRENTO;8
2024/2025;L-10;PIEMONTE;MARCHE;8
2024/2025;L-10;PIEMONTE;BASILICATA;8
2024/2025;L-10;MARCHE;LOMBARDIA;8
2024/2025;L-10;MARCHE;SICILIA;8
2024/2025;L-11;UMBRIA;CALABRIA;8
2024/2025;L-11;TOSCANA;MOLISE;8
2024/2025;L-12;CAMPANIA;ABRUZZO;8
2024/2025;L-11;VENETO;MOLISE;8
2024/2025;L-11;Provincia autonoma di TRENTO;PUGLIA;8
2024/2025;L-11;PUGLIA;CALABRIA;8
2024/2025;L-11;LOMBARDIA;FRIULI VENEZIA GIULIA;8
2024/2025;L-11;LOMBARDIA;LAZIO;8
2024/2025;L-11;LOMBARDIA;MARCHE;8
2024/2025;L-13;LAZIO;LOMBARDIA;8
2024/2025;L-13;LOMBARDIA;SARDEGNA;8
2024/2025;L-13;SICILIA;LOMBARDIA;8
2024/2025;L-13;MARCHE;CALABRIA;8
2024/2025;L-13;VENETO;MARCHE;8
2024/2025;L-14;CAMPANIA;BASILICATA;8
2024/2025;L-12;TOSCANA;MARCHE;8
2024/2025;L-13;CAMPANIA;SICILIA;8
2024/2025;L-12;VALLE D'AOSTA;LOMBARDIA;8
2024/2025;L-12;MARCHE;UMBRIA;8
2024/2025;LM-21;LAZIO;MARCHE;8
2024/2025;LM-21;CAMPANIA;MOLISE;8
2024/2025;LM-21;EMILIA ROMAGNA;ABRUZZO;8
2024/2025;LM-20;PIEMONTE;REGIONE ESTERA;8
2024/2025;LM-20;LOMBARDIA;BASILICATA;8
2024/2025;LM-21;LIGURIA;CALABRIA;8
2024/2025;LM-21;LAZIO;SARDEGNA;8
2024/2025;LM-21;LOMBARDIA;BASILICATA;8
2024/2025;LM-22;PIEMONTE;LIGURIA;8
2024/2025;LM-22;PIEMONTE;ABRUZZO;8
2024/2025;LM-21;VENETO;CALABRIA;8
2024/2025;LM-21;VENETO;Provincia autonoma di TRENTO;8
2024/2025;LM-22;EMILIA ROMAGNA;MOLISE;8
2024/2025;LM-22;EMILIA ROMAGNA;LOMBARDIA;8
2024/2025;LM-23;PIEMONTE;LAZIO;8
2024/2025;LM-23;LOMBARDIA;VENETO;8
2024/2025;LM-24;LOMBARDIA;CAMPANIA;8
2024/2025;LM-30;LOMBARDIA;BASILICATA;8
2024/2025;LM-3;TOSCANA;REGIONE ESTERA;8
2024/2025;LM-3;MARCHE;ABRUZZO;8
2024/2025;LM-28;PIEMONTE;LIGURIA;8
2024/2025;LM-28;PIEMONTE;PUGLIA;8
2024/2025;LM-29;TOSCANA;SICILIA;8
2024/2025;LM-29;PIEMONTE;LOMBARDIA;8
2024/2025;LM-28;LOMBARDIA;LAZIO;8
2024/2025;LM-28;EMILIA ROMAGNA;PUGLIA;8
2024/2025;LM-27;LOMBARDIA;EMILIA ROMAGNA;8
2024/2025;LM-27;LOMBARDIA;VENETO;8
2024/2025;LM-25;VENETO;LOMBARDIA;8
2024/2025;LM-26;VENETO;EMILIA ROMAGNA;8
2024/2025;LM-25;LOMBARDIA;ABRUZZO;8
2024/2025;LM-25;EMILIA ROMAGNA;CAMPANIA;8
2024/2025;LM-24;MARCHE;REGIONE ESTERA;8
2024/2025;LM-24;PIEMONTE;PUGLIA;8
2024/2025;LM-25;PIEMONTE;CALABRIA;8
2024/2025;LM-38;LAZIO;ABRUZZO;8
2024/2025;LM-38;EMILIA ROMAGNA;UMBRIA;8
2024/2025;LM-38;LAZIO;UMBRIA;8
2024/2025;LM-37;TOSCANA;PUGLIA;8
2024/2025;LM-37;LIGURIA;PIEMONTE;8
2024/2025;LM-35;LOMBARDIA;VENETO;8
2024/2025;LM-35;PIEMONTE;SICILIA;8
2024/2025;LM-36;VENETO;LIGURIA;8
2024/2025;LM-36;CAMPANIA;LOMBARDIA;8
2024/2025;LM-36;CAMPANIA;BASILICATA;8
2024/2025;LM-37;EMILIA ROMAGNA;BASILICATA;8
2024/2025;LM-37;CAMPANIA;LAZIO;8
2024/2025;LM-34;EMILIA ROMAGNA;EMILIA ROMAGNA;8
2024/2025;LM-33;VENETO;LOMBARDIA;8
2024/2025;LM-35;EMILIA ROMAGNA;ABRUZZO;8
2024/2025;LM-35;EMILIA ROMAGNA;LOMBARDIA;8
2024/2025;LM-35;EMILIA ROMAGNA;TOSCANA;8
2024/2025;LM-33;TOSCANA;LAZIO;8
2024/2025;LM-33;PIEMONTE;Provincia autonoma di TRENTO;8
2024/2025;LM-33;MARCHE;PUGLIA;8
2024/2025;LM-33;MARCHE;REGIONE ESTERA;8
2024/2025;LM-33;PIEMONTE;FRIULI VENEZIA GIULIA;8
2024/2025;LM-31;LOMBARDIA;LIGURIA;8
2024/2025;LM-31;MARCHE;REGIONE ESTERA;8
2024/2025;LM-30;TOSCANA;LIGURIA;8
2024/2025;LM-31;CAMPANIA;MOLISE;8
2024/2025;LM-32;ABRUZZO;LAZIO;8
2024/2025;LM-31;TOSCANA;LIGURIA;8
2024/2025;LM-32;FRIULI VENEZIA GIULIA;REGIONE ESTERA;8
2024/2025;LM-32;TOSCANA;EMILIA ROMAGNA;8
2024/2025;LM-33;CAMPANIA;LAZIO;8
2024/2025;LM-33;LIGURIA;TOSCANA;8
2024/2025;LM-33;LOMBARDIA;BASILICATA;8
2024/2025;LM-33;FRIULI VENEZIA GIULIA;REGIONE ESTERA;8
2024/2025;LM-33;LAZIO;REGIONE NON FORNITA;8
2024/2025;LM-19;LOMBARDIA;PIEMONTE;8
2024/2025;LM-19;LAZIO;REGIONE ESTERA;8
2024/2025;LM-19;LAZIO;LIGURIA;8
2024/2025;LM-18;PUGLIA;BASILICATA;8
2024/2025;LM-20;LAZIO;MARCHE;8
2024/2025;LM-20;LAZIO;ABRUZZO;8
2024/2025;LM-19;VENETO;SICILIA;8
2024/2025;LM-2;EMILIA ROMAGNA;TOSCANA;8
2024/2025;LM-2;EMILIA ROMAGNA;LAZIO;8
2024/2025;LM-2;EMILIA ROMAGNA;LIGURIA;8
2024/2025;LM-2;EMILIA ROMAGNA;PIEMONTE;8
2024/2025;LM-17;LAZIO;UMBRIA;8
2024/2025;LM-17;LAZIO;MARCHE;8
2024/2025;LM-17;Provincia autonoma di TRENTO;EMILIA ROMAGNA;8
2024/2025;LM-17;LOMBARDIA;CAMPANIA;8
2024/2025;LM-17;LOMBARDIA;VENETO;8
2024/2025;LM-16;MARCHE;ABRUZZO;8
2024/2025;LM-16;TOSCANA;PUGLIA;8
2024/2025;LM-17;VENETO;CAMPANIA;8
2024/2025;LM-17;TOSCANA;LIGURIA;8
2024/2025;LM-18;LOMBARDIA;ABRUZZO;8
2024/2025;LM-18;LOMBARDIA;LIGURIA;8
2024/2025;LM-18;LOMBARDIA;MARCHE;8
2024/2025;LM-18;LIGURIA;PIEMONTE;8
2024/2025;LM-18;EMILIA ROMAGNA;TOSCANA;8
2024/2025;LM-14;LAZIO;EMILIA ROMAGNA;8
2024/2025;LM-14;EMILIA ROMAGNA;MOLISE;8
2024/2025;LM-13;UMBRIA;MOLISE;8
2024/2025;LM-13;VENETO;EMILIA ROMAGNA;8
2024/2025;LM-13;PIEMONTE;ABRUZZO;8
2024/2025;LM-13;LOMBARDIA;SARDEGNA;8
2024/2025;LM-13;LOMBARDIA;TOSCANA;8
2024/2025;LM-15;TOSCANA;PUGLIA;8
2024/2025;LM-15;LAZIO;CALABRIA;8
2024/2025;LM-15;LAZIO;CAMPANIA;8
2024/2025;LM-15;EMILIA ROMAGNA;ABRUZZO;8
2024/2025;LM-16;EMILIA ROMAGNA;LAZIO;8
2024/2025;LM-14;UMBRIA;CALABRIA;8
2024/2025;LM-14;VENETO;MARCHE;8
2024/2025;LM-14;LOMBARDIA;BASILICATA;8
2024/2025;LM-14;LOMBARDIA;TOSCANA;8
2024/2025;LM-14;LOMBARDIA;REGIONE ESTERA;8
2024/2025;LM-12;VENETO;UMBRIA;8
2024/2025;LM-13;CALABRIA;PUGLIA;8
2024/2025;LM-12;VENETO;ABRUZZO;8
2024/2025;LM-12;PIEMONTE;VENETO;8
2024/2025;LM-12;LOMBARDIA;SARDEGNA;8
2024/2025;LM-1;VENETO;PIEMONTE;8
2024/2025;LM-12;EMILIA ROMAGNA;PUGLIA;8
2024/2025;LM-1;TOSCANA;LAZIO;8
2024/2025;LM-1;EMILIA ROMAGNA;LAZIO;8
2024/2025;LM-1;EMILIA ROMAGNA;LIGURIA;8
2024/2025;LM-1;EMILIA ROMAGNA;SARDEGNA;8
2024/2025;LM/SNT3;VENETO;FRIULI VENEZIA GIULIA;8
2024/2025;LM/SNT3;LOMBARDIA;PIEMONTE;8
2024/2025;LM/SNT2;TOSCANA;LOMBARDIA;8
2024/2025;LM/SNT2;LIGURIA;LOMBARDIA;8
2024/2025;LM/SNT2;LIGURIA;PIEMONTE;8
2024/2025;LM/SNT2;MOLISE;MOLISE;8
2024/2025;LM/SNT2;EMILIA ROMAGNA;LOMBARDIA;8
2024/2025;LM/SNT2;EMILIA ROMAGNA;PUGLIA;8
2024/2025;LM/SNT1;LOMBARDIA;PUGLIA;8
2024/2025;LM/SNT1;Provincia autonoma di BOLZANO;Provincia autonoma di TRENTO;8
2024/2025;LM/DS;PIEMONTE;ABRUZZO;8
2024/2025;L-9;VENETO;CAMPANIA;8
2024/2025;L-9;UMBRIA;SICILIA;8
2024/2025;LM/GASTR;PIEMONTE;REGIONE ESTERA;8
2024/2025;LM/SC-GIUR;EMILIA ROMAGNA;LAZIO;8
2024/2025;LM/DS;TOSCANA;VENETO;8
2024/2025;LM/SC-GIUR;LAZIO;LOMBARDIA;8
2024/2025;LM/SNT1;LAZIO;TOSCANA;8
2024/2025;LM/SNT1;LAZIO;UMBRIA;8
2024/2025;LM/SNT1;CALABRIA;BASILICATA;8
2024/2025;L-9;LOMBARDIA;ABRUZZO;8
2024/2025;L-34;EMILIA ROMAGNA;SICILIA;8
2024/2025;L-34;EMILIA ROMAGNA;Provincia autonoma di TRENTO;8
2024/2025;L-34;EMILIA ROMAGNA;PUGLIA;8
2024/2025;L-33;VENETO;MARCHE;8
2024/2025;L-35;LAZIO;TOSCANA;8
2024/2025;L-35;LAZIO;REGIONE ESTERA;8
2024/2025;L-35;FRIULI VENEZIA GIULIA;LOMBARDIA;8
2024/2025;L-35;MARCHE;UMBRIA;8
2024/2025;L-32;SARDEGNA;REGIONE ESTERA;8
2024/2025;L-32;TOSCANA;PIEMONTE;8
2024/2025;L-32;TOSCANA;ABRUZZO;8
2024/2025;L-33;CAMPANIA;LAZIO;8
2024/2025;L-33;FRIULI VENEZIA GIULIA;SICILIA;8
2024/2025;L-33;PUGLIA;REGIONE ESTERA;8
2024/2025;L-33;LIGURIA;LOMBARDIA;8
2024/2025;L-31;VENETO;CAMPANIA;8
2024/2025;L-31;VENETO;SARDEGNA;8
2024/2025;L-32;LAZIO;PUGLIA;8
2024/2025;L-32;FRIULI VENEZIA GIULIA;REGIONE ESTERA;8
2024/2025;L-32;PIEMONTE;LAZIO;8
2024/2025;L-31;PUGLIA;LOMBARDIA;8
2024/2025;L-31;MARCHE;SARDEGNA;8
2024/2025;L-31;LAZIO;PIEMONTE;8
2024/2025;L-31;CAMPANIA;LOMBARDIA;8
2024/2025;L-31;FRIULI VENEZIA GIULIA;EMILIA ROMAGNA;8
2024/2025;L-30;UMBRIA;TOSCANA;8
2024/2025;L-30;MARCHE;ABRUZZO;8
2024/2025;L-30;LOMBARDIA;LAZIO;8
2024/2025;L-30;Provincia autonoma di TRENTO;MARCHE;8
2024/2025;L-30;LOMBARDIA;BASILICATA;8
2024/2025;L-30;LAZIO;EMILIA ROMAGNA;8
2024/2025;L-30;FRIULI VENEZIA GIULIA;REGIONE ESTERA;8
2024/2025;L-30;FRIULI VENEZIA GIULIA;SICILIA;8
2024/2025;L-30;EMILIA ROMAGNA;UMBRIA;8
2024/2025;L-30;EMILIA ROMAGNA;MOLISE;8
2024/2025;L-30;EMILIA ROMAGNA;Provincia autonoma di TRENTO;8
2024/2025;L-3;VENETO;SICILIA;8
2024/2025;L-3;VENETO;PUGLIA;8
2024/2025;L-3;TOSCANA;FRIULI VENEZIA GIULIA;8
2024/2025;L-3;TOSCANA;LAZIO;8
2024/2025;L-3;PIEMONTE;LAZIO;8
2024/2025;L-3;TOSCANA;BASILICATA;8
2024/2025;L-28;PUGLIA;ABRUZZO;8
2024/2025;L-27;UMBRIA;LAZIO;8
2024/2025;L-27;TOSCANA;CALABRIA;8
2024/2025;L-27;LOMBARDIA;ABRUZZO;8
2024/2025;L-27;PIEMONTE;SARDEGNA;8
2024/2025;L-27;PIEMONTE;ABRUZZO;8
2024/2025;L-27;PIEMONTE;LAZIO;8
2024/2025;L-29;TOSCANA;LAZIO;8
2024/2025;L-29;TOSCANA;VENETO;8
2024/2025;L-29;CALABRIA;REGIONE ESTERA;8
2024/2025;L-29;LAZIO;TOSCANA;8
2024/2025;L-29;MARCHE;TOSCANA;8
2024/2025;L-24;TOSCANA;ABRUZZO;8
2024/2025;L-24;Provincia autonoma di TRENTO;MARCHE;8
2024/2025;L-24;Provincia autonoma di TRENTO;TOSCANA;8
2024/2025;L-25;LOMBARDIA;SICILIA;8
2024/2025;L-25;LOMBARDIA;PUGLIA;8
2024/2025;L-25;SICILIA;REGIONE ESTERA;8
2024/2025;L-25;TOSCANA;CAMPANIA;8
2024/2025;L-26;CAMPANIA;LAZIO;8
2024/2025;L-26;EMILIA ROMAGNA;Provincia autonoma di TRENTO;8
2024/2025;L-26;LAZIO;SICILIA;8
2024/2025;L-26;LOMBARDIA;PUGLIA;8
2024/2025;L-26;PIEMONTE;SICILIA;8
2024/2025;L-26;SICILIA;CALABRIA;8
2024/2025;L-26;TOSCANA;MARCHE;8
2024/2025;L-26;TOSCANA;SARDEGNA;8
2024/2025;L-26;UMBRIA;MARCHE;8
2024/2025;L-27;EMILIA ROMAGNA;Provincia autonoma di BOLZANO;8
2024/2025;L-27;CAMPANIA;LAZIO;8
2024/2025;L-40;VENETO;PIEMONTE;8
2024/2025;L-40;VENETO;Provincia autonoma di TRENTO;8
2024/2025;L-41;LAZIO;CALABRIA;8
2024/2025;L-41;LOMBARDIA;SICILIA;8
2024/2025;L-42;CAMPANIA;BASILICATA;8
2024/2025;L-41;VENETO;PUGLIA;8
2024/2025;L-42;LAZIO;VENETO;8
2024/2025;L-42;LAZIO;CALABRIA;8
2024/2025;L-42;PIEMONTE;CAMPANIA;8
2024/2025;L-42;PIEMONTE;EMILIA ROMAGNA;8
2024/2025;L-42;LOMBARDIA;LIGURIA;8
2024/2025;L-42;VENETO;PUGLIA;8
2024/2025;L-5;CAMPANIA;LAZIO;8
2024/2025;L-5;EMILIA ROMAGNA;MOLISE;8
2024/2025;L-5;LAZIO;EMILIA ROMAGNA;8
2024/2025;L-5;LAZIO;SARDEGNA;8
2024/2025;L-5;LAZIO;PIEMONTE;8
2024/2025;L-5;PIEMONTE;REGIONE ESTERA;8
2024/2025;L-5;MARCHE;PUGLIA;8
2024/2025;L-5;Provincia autonoma di TRENTO;PUGLIA;8
2024/2025;L-5;UMBRIA;CAMPANIA;8
2024/2025;L-6;LOMBARDIA;EMILIA ROMAGNA;8
2024/2025;L-7;LOMBARDIA;MARCHE;8
2024/2025;L-8;LAZIO;EMILIA ROMAGNA;8
2024/2025;L-8;EMILIA ROMAGNA;PIEMONTE;8
2024/2025;L-8;EMILIA ROMAGNA;Provincia autonoma di BOLZANO;8
2024/2025;L-7;TOSCANA;PUGLIA;8
2024/2025;L-7;SICILIA;CALABRIA;8
2024/2025;L-8;LIGURIA;CALABRIA;8
2024/2025;L-8;LIGURIA;SICILIA;8
2024/2025;L-8;LOMBARDIA;MARCHE;8
2024/2025;L-8;MARCHE;LOMBARDIA;8
2024/2025;L-9;ABRUZZO;CAMPANIA;8
2024/2025;L-8;Provincia autonoma di TRENTO;FRIULI VENEZIA GIULIA;8
2024/2025;L-37;EMILIA ROMAGNA;SARDEGNA;8
2024/2025;L-37;EMILIA ROMAGNA;SICILIA;8
2024/2025;L-37;EMILIA ROMAGNA;PIEMONTE;8
2024/2025;L-37;LAZIO;CALABRIA;8
2024/2025;L-37;TOSCANA;SICILIA;8
2024/2025;L-37;LAZIO;UMBRIA;8
2024/2025;L-36;VENETO;BASILICATA;8
2024/2025;L-36;UMBRIA;CAMPANIA;8
2024/2025;L-38;TOSCANA;MARCHE;8
2024/2025;L-38;UMBRIA;MARCHE;8
2024/2025;L-38;VENETO;FRIULI VENEZIA GIULIA;8
2024/2025;L-38;EMILIA ROMAGNA;FRIULI VENEZIA GIULIA;8
2024/2025;L-38;EMILIA ROMAGNA;CALABRIA;8
2024/2025;L-38;ABRUZZO;EMILIA ROMAGNA;8
2024/2025;L-36;CAMPANIA;MOLISE;8
2024/2025;L-35;VENETO;EMILIA ROMAGNA;8
2024/2025;L-36;LAZIO;REGIONE NON FORNITA;8
2024/2025;L-36;MARCHE;VENETO;8
2024/2025;L-36;LOMBARDIA;Provincia autonoma di BOLZANO;8
2024/2025;L-36;Provincia autonoma di TRENTO;CALABRIA;8
2024/2025;L-36;PIEMONTE;MARCHE;8
2024/2025;L-36;PUGLIA;CALABRIA;8
2024/2025;L-4;VENETO;CAMPANIA;8
2024/2025;L-4;PIEMONTE;ABRUZZO;8
2024/2025;L-4;Provincia autonoma di BOLZANO;LAZIO;8
2024/2025;L-40;LAZIO;LOMBARDIA;8
2024/2025;L-39;CAMPANIA;LAZIO;8
2024/2025;L-39;LAZIO;TOSCANA;8
2024/2025;L-39;MARCHE;VENETO;8
2024/2025;L-39;PIEMONTE;LIGURIA;8
2024/2025;L-39;TOSCANA;EMILIA ROMAGNA;8
2024/2025;L-4;LIGURIA;LAZIO;8
2024/2025;L-4;LAZIO;MARCHE;8
2024/2025;L-39;UMBRIA;TOSCANA;8
2024/2025;L-4;ABRUZZO;CAMPANIA;8
2024/2025;L-4;ABRUZZO;MARCHE;8
2023/2024;LM-55;LOMBARDIA;PUGLIA;8
2023/2024;LM-55;Provincia autonoma di TRENTO;LAZIO;8
2023/2024;LM-56;MARCHE;ABRUZZO;8
2023/2024;LM-56;PIEMONTE;EMILIA ROMAGNA;8
2023/2024;LM-56;TOSCANA;CALABRIA;8
2023/2024;LM-57;LOMBARDIA;SICILIA;8
2023/2024;LM-56;VENETO;CAMPANIA;8
2023/2024;LM-56;VENETO;LAZIO;8
2023/2024;LM-54;PIEMONTE;ABRUZZO;8
2023/2024;LM-54;LOMBARDIA;SICILIA;8
2023/2024;LM-54;LOMBARDIA;PUGLIA;8
2023/2024;LM-54;TOSCANA;LOMBARDIA;8
2023/2024;LM-54;PIEMONTE;VALLE D'AOSTA;8
2023/2024;LM-52;Provincia autonoma di TRENTO;FRIULI VENEZIA GIULIA;8
2023/2024;LM-52;TOSCANA;ABRUZZO;8
2023/2024;LM-52;TOSCANA;PIEMONTE;8
2023/2024;LM-52;TOSCANA;LIGURIA;8
2023/2024;LM-53;LIGURIA;LIGURIA;8
2023/2024;LM-53;PIEMONTE;CAMPANIA;8
2023/2024;LM-58;EMILIA ROMAGNA;TOSCANA;8
2023/2024;LM-57;PUGLIA;PUGLIA;8
2023/2024;LM-59;ABRUZZO;LAZIO;8
2023/2024;LM-59;EMILIA ROMAGNA;BASILICATA;8
2023/2024;LM-59;MARCHE;PUGLIA;8
2023/2024;LM-59;TOSCANA;LOMBARDIA;8
2023/2024;LM-59;TOSCANA;SARDEGNA;8
2023/2024;LM-59;TOSCANA;EMILIA ROMAGNA;8
2023/2024;LM-59;PIEMONTE;TOSCANA;8
2023/2024;LM-59;PIEMONTE;REGIONE ESTERA;8
2023/2024;LM-6;CAMPANIA;SICILIA;8
2023/2024;LM-6;CAMPANIA;LOMBARDIA;8
2023/2024;LM-6;FRIULI VENEZIA GIULIA;LAZIO;8
2023/2024;LM-60;EMILIA ROMAGNA;SICILIA;8
2023/2024;LM-60;PIEMONTE;LIGURIA;8
2023/2024;LM-60;PIEMONTE;SICILIA;8
2023/2024;LM-60;PIEMONTE;TOSCANA;8
2023/2024;LM-6;UMBRIA;TOSCANA;8
2023/2024;LM-60;EMILIA ROMAGNA;MARCHE;8
2023/2024;LM-60;EMILIA ROMAGNA;ABRUZZO;8
2023/2024;LM-6;MOLISE;PUGLIA;8
2023/2024;LM-6;MARCHE;TOSCANA;8
2023/2024;LM-6;MARCHE;CALABRIA;8
2023/2024;LM-6;LIGURIA;SICILIA;8
2023/2024;LM-6;LOMBARDIA;SARDEGNA;8
2023/2024;LM-51;TOSCANA;PIEMONTE;8
2023/2024;LM-51;Provincia autonoma di TRENTO;SICILIA;8
2023/2024;LM-52;PIEMONTE;VALLE D'AOSTA;8
2023/2024;LM-52;PIEMONTE;MARCHE;8
2023/2024;LM-51;MARCHE;LOMBARDIA;8
2023/2024;LM-51;LOMBARDIA;BASILICATA;8
2023/2024;LM-50;PIEMONTE;SICILIA;8
2023/2024;LM-50;TOSCANA;CALABRIA;8
2023/2024;LM-51;ABRUZZO;LOMBARDIA;8
2023/2024;LM-4cu;LOMBARDIA;LAZIO;8
2023/2024;LM-4cu;SICILIA;REGIONE ESTERA;8
2023/2024;LM-4cu;VENETO;LOMBARDIA;8
2023/2024;LM-50;EMILIA ROMAGNA;ABRUZZO;8
2023/2024;LM-50;EMILIA ROMAGNA;CAMPANIA;8
2023/2024;LM-4cu;LAZIO;SARDEGNA;8
2023/2024;LM-49;VENETO;LOMBARDIA;8
2023/2024;LM-49;TOSCANA;CAMPANIA;8
2023/2024;LM-49;TOSCANA;PUGLIA;8
2023/2024;LM-4cu;ABRUZZO;MARCHE;8
2023/2024;LM-49;Provincia autonoma di TRENTO;LOMBARDIA;8
2023/2024;LM-47;EMILIA ROMAGNA;VENETO;8
2023/2024;LM-47;LAZIO;SICILIA;8
2023/2024;LM-46;UMBRIA;MARCHE;8
2023/2024;LM-46;UMBRIA;PIEMONTE;8
2023/2024;LM-46;SICILIA;REGIONE ESTERA;8
2023/2024;LM-46;LOMBARDIA;MARCHE;8
2023/2024;LM-46;LOMBARDIA;SARDEGNA;8
2023/2024;LM-46;PIEMONTE;REGIONE ESTERA;8
2023/2024;LM-46;SARDEGNA;REGIONE ESTERA;8
2023/2024;LM-46;SARDEGNA;CALABRIA;8
2023/2024;LM-46;PUGLIA;LAZIO;8
2023/2024;LM-46;FRIULI VENEZIA GIULIA;LOMBARDIA;8
2023/2024;LM-46;CALABRIA;SICILIA;8
2023/2024;LM-46;CAMPANIA;LAZIO;8
2023/2024;LM-41;MARCHE;UMBRIA;8
2023/2024;LM-41;LIGURIA;CALABRIA;8
2023/2024;LM-41;LAZIO;VALLE D'AOSTA;8
2023/2024;LM-40;LAZIO;PUGLIA;8
2023/2024;LM-40;FRIULI VENEZIA GIULIA;REGIONE ESTERA;8
2023/2024;LM-40;PIEMONTE;SICILIA;8
2023/2024;LM-40;Provincia autonoma di TRENTO;REGIONE ESTERA;8
2023/2024;LM-40;TOSCANA;MARCHE;8
2023/2024;LM-40;TOSCANA;CAMPANIA;8
2023/2024;LM-40;VENETO;FRIULI VENEZIA GIULIA;8
2023/2024;LM-41;CAMPANIA;Provincia autonoma di TRENTO;8
2023/2024;LM-42;VENETO;SICILIA;8
2023/2024;LM-43;EMILIA ROMAGNA;LAZIO;8
2023/2024;LM-42;UMBRIA;PIEMONTE;8
2023/2024;LM-43;TOSCANA;LAZIO;8
2023/2024;LM-43;TOSCANA;LOMBARDIA;8
2023/2024;LM-44;PIEMONTE;CALABRIA;8
2023/2024;LM-44;LOMBARDIA;Provincia autonoma di TRENTO;8
2023/2024;LM-44;LOMBARDIA;LIGURIA;8
2023/2024;LM-45;LOMBARDIA;CAMPANIA;8
2023/2024;LM-45;LAZIO;CALABRIA;8
2023/2024;LM-45;EMILIA ROMAGNA;PUGLIA;8
2023/2024;LM-42;PIEMONTE;PUGLIA;8
2023/2024;LM-42;MARCHE;REGIONE ESTERA;8
2023/2024;LM-41;VENETO;UMBRIA;8
2023/2024;LM-37;FRIULI VENEZIA GIULIA;REGIONE ESTERA;8
2023/2024;LM-36;LAZIO;CAMPANIA;8
2023/2024;LM-36;VENETO;Provincia autonoma di TRENTO;8
2023/2024;LM-35;PIEMONTE;TOSCANA;8
2023/2024;LM-36;CAMPANIA;LOMBARDIA;8
2023/2024;LM-36;CAMPANIA;BASILICATA;8
2023/2024;LM-34;LIGURIA;SICILIA;8
2023/2024;LM-33;Provincia autonoma di TRENTO;LOMBARDIA;8
2023/2024;LM-33;VENETO;LOMBARDIA;8
2023/2024;LM-33;VENETO;MARCHE;8
2023/2024;LM-35;EMILIA ROMAGNA;LAZIO;8
2023/2024;LM-35;LOMBARDIA;VENETO;8
2023/2024;LM-35;LOMBARDIA;PIEMONTE;8
2023/2024;LM-33;FRIULI VENEZIA GIULIA;REGIONE ESTERA;8
2023/2024;LM-33;LAZIO;MOLISE;8
2023/2024;LM-32;TOSCANA;CAMPANIA;8
2023/2024;LM-32;TOSCANA;EMILIA ROMAGNA;8
2023/2024;LM-32;TOSCANA;LOMBARDIA;8
2023/2024;LM-32;SARDEGNA;REGIONE ESTERA;8
2023/2024;LM-32;VENETO;EMILIA ROMAGNA;8
2023/2024;LM-37;LAZIO;PIEMONTE;8
2023/2024;LM-37;LAZIO;SARDEGNA;8
2023/2024;LM-37;LOMBARDIA;ABRUZZO;8
2023/2024;LM-38;CAMPANIA;LAZIO;8
2023/2024;LM-38;EMILIA ROMAGNA;LAZIO;8
2023/2024;LM-38;LAZIO;ABRUZZO;8
2023/2024;LM-4;PIEMONTE;FRIULI VENEZIA GIULIA;8
2023/2024;LM-39;VENETO;PIEMONTE;8
2023/2024;LM-39;PIEMONTE;PUGLIA;8
2023/2024;LM-39;LAZIO;UMBRIA;8
2023/2024;LM-39;EMILIA ROMAGNA;PIEMONTE;8
2023/2024;L-5;PIEMONTE;TOSCANA;8
2023/2024;L-5;PIEMONTE;REGIONE ESTERA;8
2023/2024;L-5;MARCHE;LOMBARDIA;8
2023/2024;L-5;UMBRIA;BASILICATA;8
2023/2024;L-5;TOSCANA;CAMPANIA;8
2023/2024;L-5;TOSCANA;LAZIO;8
2023/2024;L-5;LAZIO;REGIONE ESTERA;8
2023/2024;L-5;LAZIO;EMILIA ROMAGNA;8
2023/2024;L-43;CALABRIA;CALABRIA;8
2023/2024;L-42;TOSCANA;VENETO;8
2023/2024;L-7;MARCHE;PUGLIA;8
2023/2024;L-7;VENETO;REGIONE ESTERA;8
2023/2024;L-7;UMBRIA;LAZIO;8
2023/2024;L-8;CAMPANIA;ABRUZZO;8
2023/2024;L-8;CAMPANIA;EMILIA ROMAGNA;8
2023/2024;L-7;TOSCANA;LAZIO;8
2023/2024;L-8;LAZIO;SARDEGNA;8
2023/2024;L-8;MARCHE;LOMBARDIA;8
2023/2024;L-8;LOMBARDIA;BASILICATA;8
2023/2024;L-9;LOMBARDIA;LIGURIA;8
2023/2024;LM-12;VENETO;UMBRIA;8
2023/2024;LM-13;LAZIO;EMILIA ROMAGNA;8
2023/2024;LM-13;EMILIA ROMAGNA;UMBRIA;8
2023/2024;LM-13;LAZIO;PIEMONTE;8
2023/2024;LM-13;LAZIO;VENETO;8
2023/2024;LM-12;VENETO;MARCHE;8
2023/2024;LM-12;TOSCANA;MARCHE;8
2023/2024;LM-12;TOSCANA;CAMPANIA;8
2023/2024;LM-12;PIEMONTE;LIGURIA;8
2023/2024;LM-12;EMILIA ROMAGNA;LAZIO;8
2023/2024;LM-12;LIGURIA;LAZIO;8
2023/2024;LM-14;LAZIO;SARDEGNA;8
2023/2024;LM-13;LOMBARDIA;FRIULI VENEZIA GIULIA;8
2023/2024;LM-13;UMBRIA;LOMBARDIA;8
2023/2024;LM/SNT2;EMILIA ROMAGNA;LOMBARDIA;8
2023/2024;LM/SNT2;EMILIA ROMAGNA;PUGLIA;8
2023/2024;LM/SNT1;Provincia autonoma di BOLZANO;Provincia autonoma di TRENTO;8
2023/2024;LM-1;LAZIO;CAMPANIA;8
2023/2024;LM-1;LAZIO;PUGLIA;8
2023/2024;LM-1;PIEMONTE;VALLE D'AOSTA;8
2023/2024;LM-1;VENETO;SICILIA;8
2023/2024;LM-1;VENETO;TOSCANA;8
2023/2024;LM/SNT3;VENETO;EMILIA ROMAGNA;8
2023/2024;LM-1;EMILIA ROMAGNA;MARCHE;8
2023/2024;LM-1;EMILIA ROMAGNA;REGIONE ESTERA;8
2023/2024;LM/DS;TOSCANA;LIGURIA;8
2023/2024;LM/SC-GIUR;CAMPANIA;CAMPANIA;8
2023/2024;LM/DS;TOSCANA;VENETO;8
2023/2024;LM/SC-GIUR;LAZIO;UMBRIA;8
2023/2024;LM/SC-GIUR;LAZIO;VENETO;8
2023/2024;LM/SC-GIUR;EMILIA ROMAGNA;LAZIO;8
2023/2024;LM/SNT1;EMILIA ROMAGNA;FRIULI VENEZIA GIULIA;8
2023/2024;LM/SNT1;LAZIO;BASILICATA;8
2023/2024;LM/SNT1;LOMBARDIA;CAMPANIA;8
2023/2024;L-9;VENETO;UMBRIA;8
2023/2024;LM/DS;CALABRIA;CALABRIA;8
2023/2024;LM/DS;PIEMONTE;ABRUZZO;8
2023/2024;LM-17;FRIULI VENEZIA GIULIA;SICILIA;8
2023/2024;LM-17;PIEMONTE;CAMPANIA;8
2023/2024;LM-17;PIEMONTE;EMILIA ROMAGNA;8
2023/2024;LM-17;PIEMONTE;VALLE D'AOSTA;8
2023/2024;LM-17;TOSCANA;MARCHE;8
2023/2024;LM-17;TOSCANA;UMBRIA;8
2023/2024;LM-18;LOMBARDIA;FRIULI VENEZIA GIULIA;8
2023/2024;LM-18;PIEMONTE;REGIONE ESTERA;8
2023/2024;LM-14;UMBRIA;CAMPANIA;8
2023/2024;LM-15;LAZIO;CAMPANIA;8
2023/2024;LM-14;LOMBARDIA;TOSCANA;8
2023/2024;LM-16;TOSCANA;LAZIO;8
2023/2024;LM-16;MARCHE;ABRUZZO;8
2023/2024;LM-16;EMILIA ROMAGNA;PIEMONTE;8
2023/2024;LM-15;TOSCANA;CALABRIA;8
2023/2024;LM-20;LAZIO;EMILIA ROMAGNA;8
2023/2024;LM-2;EMILIA ROMAGNA;LIGURIA;8
2023/2024;LM-2;LAZIO;ABRUZZO;8
2023/2024;LM-2;PIEMONTE;LOMBARDIA;8
2023/2024;LM-19;VENETO;TOSCANA;8
2023/2024;LM-19;LAZIO;REGIONE ESTERA;8
2023/2024;LM-20;PIEMONTE;UMBRIA;8
2023/2024;LM-20;VENETO;EMILIA ROMAGNA;8
2023/2024;LM-20;VENETO;PUGLIA;8
2023/2024;LM-20;VENETO;SICILIA;8
2023/2024;LM-21;FRIULI VENEZIA GIULIA;EMILIA ROMAGNA;8
2023/2024;LM-21;CAMPANIA;LAZIO;8
2023/2024;LM-21;CAMPANIA;BASILICATA;8
2023/2024;LM-21;LOMBARDIA;CALABRIA;8
2023/2024;LM-21;PUGLIA;BASILICATA;8
2023/2024;LM-21;TOSCANA;LIGURIA;8
2023/2024;LM-23;EMILIA ROMAGNA;BASILICATA;8
2023/2024;LM-22;CALABRIA;REGIONE ESTERA;8
2023/2024;LM-24;LOMBARDIA;CAMPANIA;8
2023/2024;LM-24;LOMBARDIA;LIGURIA;8
2023/2024;LM-24;LOMBARDIA;SICILIA;8
2023/2024;LM-23;LOMBARDIA;ABRUZZO;8
2023/2024;LM-25;EMILIA ROMAGNA;SICILIA;8
2023/2024;LM-25;PIEMONTE;LIGURIA;8
2023/2024;LM-25;SICILIA;REGIONE ESTERA;8
2023/2024;LM-25;TOSCANA;SARDEGNA;8
2023/2024;LM-25;TOSCANA;LIGURIA;8
2023/2024;LM-27;EMILIA ROMAGNA;MARCHE;8
2023/2024;LM-27;LOMBARDIA;EMILIA ROMAGNA;8
2023/2024;LM-27;SICILIA;REGIONE ESTERA;8
2023/2024;LM-27;LOMBARDIA;PIEMONTE;8
2023/2024;LM-28;LOMBARDIA;VENETO;8
2023/2024;LM-28;EMILIA ROMAGNA;PUGLIA;8
2023/2024;LM-29;LOMBARDIA;TOSCANA;8
2023/2024;LM-29;TOSCANA;PUGLIA;8
2023/2024;LM-29;PIEMONTE;FRIULI VENEZIA GIULIA;8
2023/2024;LM-30;TOSCANA;LIGURIA;8
2023/2024;LM-30;Provincia autonoma di TRENTO;REGIONE ESTERA;8
2023/2024;LM-30;LOMBARDIA;CALABRIA;8
2023/2024;LM-31;PIEMONTE;VALLE D'AOSTA;8
2023/2024;LM-32;LOMBARDIA;MOLISE;8
2023/2024;LM-32;LAZIO;LOMBARDIA;8
2023/2024;LM-31;LOMBARDIA;EMILIA ROMAGNA;8
2023/2024;LM-31;LAZIO;SICILIA;8
2023/2024;L-27;EMILIA ROMAGNA;PIEMONTE;8
2023/2024;L-27;EMILIA ROMAGNA;BASILICATA;8
2023/2024;L-27;LIGURIA;LOMBARDIA;8
2023/2024;L-27;UMBRIA;LAZIO;8
2023/2024;L-27;TOSCANA;LOMBARDIA;8
2023/2024;L-27;PIEMONTE;SARDEGNA;8
2023/2024;L-27;LOMBARDIA;LIGURIA;8
2023/2024;L-27;PIEMONTE;ABRUZZO;8
2023/2024;L-27;PIEMONTE;BASILICATA;8
2023/2024;L-27;PIEMONTE;CALABRIA;8
2023/2024;L-28;PUGLIA;ABRUZZO;8
2023/2024;L-28;PUGLIA;BASILICATA;8
2023/2024;L-27;VENETO;ABRUZZO;8
2023/2024;L-28;PUGLIA;TOSCANA;8
2023/2024;L-29;EMILIA ROMAGNA;VENETO;8
2023/2024;L-29;MARCHE;SARDEGNA;8
2023/2024;L-25;TOSCANA;VENETO;8
2023/2024;L-25/L-26;BASILICATA;BASILICATA;8
2023/2024;L-25/L-26;LOMBARDIA;LOMBARDIA;8
2023/2024;L-25;TOSCANA;MARCHE;8
2023/2024;L-25;TOSCANA;SARDEGNA;8
2023/2024;L-25;TOSCANA;ABRUZZO;8
2023/2024;L-25;LOMBARDIA;PUGLIA;8
2023/2024;L-26;EMILIA ROMAGNA;BASILICATA;8
2023/2024;L-26;EMILIA ROMAGNA;Provincia autonoma di TRENTO;8
2023/2024;L-26;LOMBARDIA;PUGLIA;8
2023/2024;L-26;SICILIA;CALABRIA;8
2023/2024;L-26;PIEMONTE;SICILIA;8
2023/2024;L-26;TOSCANA;PUGLIA;8
2023/2024;L-26;TOSCANA;LAZIO;8
2023/2024;L-31;ABRUZZO;MARCHE;8
2023/2024;L-30;UMBRIA;TOSCANA;8
2023/2024;L-30;LOMBARDIA;BASILICATA;8
2023/2024;L-30;PIEMONTE;BASILICATA;8
2023/2024;L-30;TOSCANA;REGIONE ESTERA;8
2023/2024;L-30;EMILIA ROMAGNA;MOLISE;8
2023/2024;L-30;FRIULI VENEZIA GIULIA;REGIONE ESTERA;8
2023/2024;L-3;VENETO;PUGLIA;8
2023/2024;L-3;LOMBARDIA;UMBRIA;8
2023/2024;L-23;LOMBARDIA;LAZIO;8
2023/2024;L-23;TOSCANA;SICILIA;8
2023/2024;L-24;ABRUZZO;VENETO;8
2023/2024;L-24;EMILIA ROMAGNA;UMBRIA;8
2023/2024;L-24;FRIULI VENEZIA GIULIA;SICILIA;8
2023/2024;L-24;MARCHE;SICILIA;8
2023/2024;L-24;MOLISE;PUGLIA;8
2023/2024;L-24;PIEMONTE;ABRUZZO;8
2023/2024;L-24;TOSCANA;MARCHE;8
2023/2024;L-24;TOSCANA;ABRUZZO;8
2023/2024;L-24;Provincia autonoma di TRENTO;MARCHE;8
2023/2024;L-24;Provincia autonoma di TRENTO;TOSCANA;8
2023/2024;L-25;CAMPANIA;PUGLIA;8
2023/2024;L-25;EMILIA ROMAGNA;LIGURIA;8
2023/2024;L-2;UMBRIA;LOMBARDIA;8
2023/2024;L-20;BASILICATA;BASILICATA;8
2023/2024;L-20;LIGURIA;LOMBARDIA;8
2023/2024;L-21;TOSCANA;EMILIA ROMAGNA;8
2023/2024;L-21;ABRUZZO;MARCHE;8
2023/2024;L-22;LOMBARDIA;TOSCANA;8
2023/2024;L-32;PIEMONTE;LAZIO;8
2023/2024;L-32;LOMBARDIA;Provincia autonoma di TRENTO;8
2023/2024;L-32;TOSCANA;BASILICATA;8
2023/2024;L-32;TOSCANA;CALABRIA;8
2023/2024;L-32;TOSCANA;CAMPANIA;8
2023/2024;L-33;EMILIA ROMAGNA;BASILICATA;8
2023/2024;L-33;PIEMONTE;CAMPANIA;8
2023/2024;L-33;LIGURIA;REGIONE ESTERA;8
2023/2024;L-31;Provincia autonoma di BOLZANO;EMILIA ROMAGNA;8
2023/2024;L-31;MOLISE;PUGLIA;8
2023/2024;L-31;LIGURIA;LOMBARDIA;8
2023/2024;L-31;TOSCANA;LOMBARDIA;8
2023/2024;L-31;PUGLIA;REGIONE ESTERA;8
2023/2024;L-31;TOSCANA;VENETO;8
2023/2024;L-31;VENETO;CALABRIA;8
2023/2024;L-31;VENETO;CAMPANIA;8
2023/2024;L-31;VENETO;MARCHE;8
2023/2024;L-32;EMILIA ROMAGNA;CALABRIA;8
2023/2024;L-32;LAZIO;CALABRIA;8
2023/2024;L-36;FRIULI VENEZIA GIULIA;SICILIA;8
2023/2024;L-36;EMILIA ROMAGNA;VALLE D'AOSTA;8
2023/2024;L-36;FRIULI VENEZIA GIULIA;LOMBARDIA;8
2023/2024;L-36;CALABRIA;REGIONE ESTERA;8
2023/2024;L-35;VENETO;LAZIO;8
2023/2024;L-35;VENETO;EMILIA ROMAGNA;8
2023/2024;L-36;LAZIO;REGIONE NON FORNITA;8
2023/2024;L-36;LOMBARDIA;BASILICATA;8
2023/2024;L-33;PUGLIA;REGIONE ESTERA;8
2023/2024;L-33;Provincia autonoma di TRENTO;REGIONE ESTERA;8
2023/2024;L-33;Provincia autonoma di TRENTO;FRIULI VENEZIA GIULIA;8
2023/2024;L-34;VENETO;LOMBARDIA;8
2023/2024;L-35;EMILIA ROMAGNA;UMBRIA;8
2023/2024;L-35;PIEMONTE;CALABRIA;8
2023/2024;L-35;Provincia autonoma di TRENTO;PUGLIA;8
2023/2024;L-37;TOSCANA;LIGURIA;8
2023/2024;L-37;EMILIA ROMAGNA;UMBRIA;8
2023/2024;L-37;LAZIO;CAMPANIA;8
2023/2024;L-37;LAZIO;TOSCANA;8
2023/2024;L-38;EMILIA ROMAGNA;CAMPANIA;8
2023/2024;L-37;TOSCANA;UMBRIA;8
2023/2024;L-38;MARCHE;EMILIA ROMAGNA;8
2023/2024;L-36;VENETO;BASILICATA;8
2023/2024;L-36;TOSCANA;MOLISE;8
2023/2024;L-36;UMBRIA;ABRUZZO;8
2023/2024;L-36;PUGLIA;TOSCANA;8
2023/2024;L-39;Provincia autonoma di TRENTO;LOMBARDIA;8
2023/2024;L-39;PIEMONTE;LIGURIA;8
2023/2024;L-39;LAZIO;SARDEGNA;8
2023/2024;L-39;LOMBARDIA;EMILIA ROMAGNA;8
2023/2024;L-39;CAMPANIA;PUGLIA;8
2023/2024;L-39;EMILIA ROMAGNA;SARDEGNA;8
2023/2024;L-4;LAZIO;MARCHE;8
2023/2024;L-4;LIGURIA;PUGLIA;8
2023/2024;L-4;CAMPANIA;PUGLIA;8
2023/2024;L-4;CAMPANIA;CALABRIA;8
2023/2024;L-39;UMBRIA;MARCHE;8
2023/2024;L-39;TOSCANA;EMILIA ROMAGNA;8
2023/2024;L-4;TOSCANA;FRIULI VENEZIA GIULIA;8
2023/2024;L-4;PIEMONTE;VALLE D'AOSTA;8
2023/2024;L-40;LOMBARDIA;TOSCANA;8
2023/2024;L-40;EMILIA ROMAGNA;CALABRIA;8
2023/2024;L-40;EMILIA ROMAGNA;FRIULI VENEZIA GIULIA;8
2023/2024;L-40;EMILIA ROMAGNA;LIGURIA;8
2023/2024;L-40;EMILIA ROMAGNA;UMBRIA;8
2023/2024;L-42;LIGURIA;LOMBARDIA;8
2023/2024;L-42;LAZIO;MARCHE;8
2023/2024;L-42;TOSCANA;EMILIA ROMAGNA;8
2023/2024;L-42;PIEMONTE;EMILIA ROMAGNA;8
2023/2024;L-40;MARCHE;LOMBARDIA;8
2023/2024;L-41;LAZIO;TOSCANA;8
2023/2024;L-41;LOMBARDIA;ABRUZZO;8
2023/2024;L-41;LOMBARDIA;CAMPANIA;8
2023/2024;L-41;LAZIO;CALABRIA;8
2023/2024;L/SNT1;EMILIA ROMAGNA;LIGURIA;8
2023/2024;L/GASTR;EMILIA ROMAGNA;LAZIO;8
2023/2024;L/GASTR;EMILIA ROMAGNA;MARCHE;8
2023/2024;L/DS;CAMPANIA;VENETO;8
2023/2024;L/DS;EMILIA ROMAGNA;LIGURIA;8
2023/2024;L/DS;CAMPANIA;LOMBARDIA;8
2023/2024;99999;PUGLIA;LOMBARDIA;8
2023/2024;99999;SICILIA;VENETO;8
2023/2024;99999;VENETO;EMILIA ROMAGNA;8
2023/2024;99999;SICILIA;LAZIO;8
2023/2024;99999;MARCHE;VENETO;8
2023/2024;L/SNT1;MOLISE;BASILICATA;8
2023/2024;L/SNT1;LOMBARDIA;ABRUZZO;8
2023/2024;L/SNT1;LIGURIA;CALABRIA;8
2023/2024;L/SNT1;SICILIA;REGIONE ESTERA;8
2023/2024;L/SNT1;Provincia autonoma di TRENTO;Provincia autonoma di BOLZANO;8
2023/2024;L/SNT1;UMBRIA;ABRUZZO;8
2023/2024;L/SNT1;UMBRIA;BASILICATA;8
2023/2024;L/SNT2;CAMPANIA;SICILIA;8
2023/2024;99999;CAMPANIA;PUGLIA;8
2023/2024;99999;EMILIA ROMAGNA;BASILICATA;8
2023/2024;99999;EMILIA ROMAGNA;Provincia autonoma di TRENTO;8
2023/2024;99999;EMILIA ROMAGNA;REGIONE ESTERA;8
2023/2024;99999;LOMBARDIA;REGIONE ESTERA;8
2023/2024;L/SNT3;CAMPANIA;SICILIA;8
2023/2024;L/SNT3;MOLISE;SICILIA;8
2023/2024;L/SNT3;MARCHE;UMBRIA;8
2023/2024;L/SNT3;LOMBARDIA;CAMPANIA;8
2023/2024;L/SNT3;LOMBARDIA;LIGURIA;8
2023/2024;L/SNT2;TOSCANA;LAZIO;8
2023/2024;L/SNT2;PIEMONTE;PUGLIA;8
2023/2024;L/SNT2;Provincia autonoma di BOLZANO;Provincia autonoma di TRENTO;8
2023/2024;L/SNT2;LOMBARDIA;TOSCANA;8
2023/2024;L/SNT2;LIGURIA;LOMBARDIA;8
2023/2024;L/SNT2;EMILIA ROMAGNA;CAMPANIA;8
2023/2024;L/SNT2;EMILIA ROMAGNA;SARDEGNA;8
2023/2024;L-1;LAZIO;PIEMONTE;8
2023/2024;L-1;PIEMONTE;REGIONE ESTERA;8
2023/2024;L-1;PIEMONTE;TOSCANA;8
2023/2024;L-1;PUGLIA;CALABRIA;8
2023/2024;L/SNT4;ABRUZZO;BASILICATA;8
2023/2024;L/SNT3;VENETO;ABRUZZO;8
2023/2024;L/SNT3;TOSCANA;CALABRIA;8
2023/2024;L-1;EMILIA ROMAGNA;CALABRIA;8
2023/2024;L-1;CAMPANIA;LAZIO;8
2023/2024;L/SNT4;LOMBARDIA;PUGLIA;8
2023/2024;L-11;LOMBARDIA;ABRUZZO;8
2023/2024;L-11;LOMBARDIA;FRIULI VENEZIA GIULIA;8
2023/2024;L-11;FRIULI VENEZIA GIULIA;PIEMONTE;8
2023/2024;L-11;FRIULI VENEZIA GIULIA;CALABRIA;8
2023/2024;L-11;ABRUZZO;MARCHE;8
2023/2024;L-10;UMBRIA;ABRUZZO;8
2023/2024;L-1;UMBRIA;CALABRIA;8
2023/2024;L-10;LOMBARDIA;FRIULI VENEZIA GIULIA;8
2023/2024;L-10;PIEMONTE;SARDEGNA;8
2023/2024;L-10;PIEMONTE;CAMPANIA;8
2023/2024;L-10;PIEMONTE;EMILIA ROMAGNA;8
2023/2024;L-12;TOSCANA;PIEMONTE;8
2023/2024;L-12;MARCHE;CALABRIA;8
2023/2024;L-13;LAZIO;MARCHE;8
2023/2024;L-13;LAZIO;MOLISE;8
2023/2024;L-12;FRIULI VENEZIA GIULIA;LIGURIA;8
2023/2024;L-12;FRIULI VENEZIA GIULIA;ABRUZZO;8
2023/2024;L-12;EMILIA ROMAGNA;SARDEGNA;8
2023/2024;L-11;Provincia autonoma di TRENTO;PUGLIA;8
2023/2024;L-11;PUGLIA;CALABRIA;8
2023/2024;L-11;PIEMONTE;CAMPANIA;8
2023/2024;L-11;MARCHE;CALABRIA;8
2023/2024;L-11;VENETO;BASILICATA;8
2023/2024;L-14;PIEMONTE;MARCHE;8
2023/2024;L-14;PIEMONTE;BASILICATA;8
2023/2024;L-14;PUGLIA;EMILIA ROMAGNA;8
2023/2024;L-14;PUGLIA;VENETO;8
2023/2024;L-15;ABRUZZO;REGIONE ESTERA;8
2023/2024;L-15;EMILIA ROMAGNA;LOMBARDIA;8
2023/2024;L-14;UMBRIA;TOSCANA;8
2023/2024;L-14;VENETO;REGIONE ESTERA;8
2023/2024;L-15;LOMBARDIA;MARCHE;8
2023/2024;L-15;PIEMONTE;VENETO;8
2023/2024;L-15;PIEMONTE;TOSCANA;8
2023/2024;L-13;PIEMONTE;BASILICATA;8
2023/2024;L-14;LAZIO;UMBRIA;8
2023/2024;L-14;LAZIO;LIGURIA;8
2023/2024;L-19;LAZIO;PIEMONTE;8
2023/2024;L-19;LOMBARDIA;CALABRIA;8
2023/2024;L-18;TOSCANA;Provincia autonoma di TRENTO;8
2023/2024;L-18;UMBRIA;ABRUZZO;8
2023/2024;L-18;Provincia autonoma di TRENTO;CAMPANIA;8
2023/2024;L-2;LOMBARDIA;FRIULI VENEZIA GIULIA;8
2023/2024;L-2;MARCHE;LAZIO;8
2023/2024;L-2;MARCHE;VENETO;8
2023/2024;L-19;TOSCANA;CAMPANIA;8
2023/2024;L-19;PIEMONTE;SARDEGNA;8
2023/2024;L-19;PIEMONTE;CALABRIA;8
2023/2024;L-16;MOLISE;PUGLIA;8
2023/2024;L-17;LAZIO;MARCHE;8
2023/2024;L-17;LAZIO;MOLISE;8
2023/2024;L-17;EMILIA ROMAGNA;CAMPANIA;8
2023/2024;L-17;LAZIO;TOSCANA;8
2023/2024;L-17;LOMBARDIA;Provincia autonoma di BOLZANO;8
2023/2024;L-17;TOSCANA;LAZIO;8
2023/2024;L-17;PIEMONTE;MARCHE;8
2023/2024;L-18;ABRUZZO;REGIONE ESTERA;8
2023/2024;L-18;MARCHE;SICILIA;8
2023/2024;L-18;Provincia autonoma di BOLZANO;TOSCANA;8
2023/2024;L-18;MARCHE;LOMBARDIA;8
2023/2024;L-18;MARCHE;CAMPANIA;8
2023/2024;L-18;LIGURIA;EMILIA ROMAGNA;8
