STRUCTURE,STRUCTURE_ID,STRUCTURE_NAME,ACTION,REF_AREA,Reference area,MEASURE,Measure,UNIT_MEASURE,Unit of measure,PAY_PERIOD,Pay period,PRICE_BASE,Price base,AGGREGATION_OPERATION,Aggregation operation,SEX,Sex,TIME_PERIOD,Time period,OBS_VALUE,Observation value,BASE_PER,Base period,OBS_STATUS,Observation status,UNIT_MULT,Unit multiplier,DECIMALS,Decimals
DATAFLOW,OECD.ELS.SAE:DSD_EARNINGS@PAY_INCIDENCE(1.0),Incidence of low and high pay,I,FRA,France,LP_I,Low pay incidence,PT_EMP_FT,Percentage of full-time employment,_Z,Not applicable,_Z,Not applicable,_Z,Not applicable,F,Female,2002,,12.87878788,,,,A,Normal value,0,Units,1,One
DATAFLOW,OECD.ELS.SAE:DSD_EARNINGS@PAY_INCIDENCE(1.0),Incidence of low and high pay,I,FRA,France,LP_I,Low pay incidence,PT_EMP_FT,Percentage of full-time employment,_Z,Not applicable,_Z,Not applicable,_Z,Not applicable,F,Female,2006,,7.984126984,,,,A,Normal value,0,Units,1,One
DATAFLOW,OECD.ELS.SAE:DSD_EARNINGS@PAY_INCIDENCE(1.0),Incidence of low and high pay,I,FRA,France,LP_I,Low pay incidence,PT_EMP_FT,Percentage of full-time employment,_Z,Not applicable,_Z,Not applicable,_Z,Not applicable,F,Female,2010,,7.384615385,,,,A,Normal value,0,Units,1,One
DATAFLOW,OECD.ELS.SAE:DSD_EARNINGS@PAY_INCIDENCE(1.0),Incidence of low and high pay,I,FRA,France,LP_I,Low pay incidence,PT_EMP_FT,Percentage of full-time employment,_Z,Not applicable,_Z,Not applicable,_Z,Not applicable,F,Female,2014,,9.866666667,,,,A,Normal value,0,Units,1,One
DATAFLOW,OECD.ELS.SAE:DSD_EARNINGS@PAY_INCIDENCE(1.0),Incidence of low and high pay,I,FRA,France,LP_I,Low pay incidence,PT_EMP_FT,Percentage of full-time employment,_Z,Not applicable,_Z,Not applicable,_Z,Not applicable,F,Female,2018,,10.37878788,,,,A,Normal value,0,Units,1,One
DATAFLOW,OECD.ELS.SAE:DSD_EARNINGS@PAY_INCIDENCE(1.0),Incidence of low and high pay,I,FRA,France,LP_I,Low pay incidence,PT_EMP_FT,Percentage of full-time employment,_Z,Not applicable,_Z,Not applicable,_Z,Not applicable,F,Female,2022,,10.45596988,,,,A,Normal value,0,Units,1,One
DATAFLOW,OECD.ELS.SAE:DSD_EARNINGS@PAY_INCIDENCE(1.0),Incidence of low and high pay,I,FRA,France,LP_I,Low pay incidence,PT_EMP_FT,Percentage of full-time employment,_Z,Not applicable,_Z,Not applicable,_Z,Not applicable,F,Female,2023,,10.0676364,,,,A,Normal value,0,Units,1,One
DATAFLOW,OECD.ELS.SAE:DSD_EARNINGS@PAY_INCIDENCE(1.0),Incidence of low and high pay,I,DEU,Germany,LP_I,Low pay incidence,PT_EMP_FT,Percentage of full-time employment,_Z,Not applicable,_Z,Not applicable,_Z,Not applicable,F,Female,1992,,33.10452798,,,,A,Normal value,0,Units,1,One
DATAFLOW,OECD.ELS.SAE:DSD_EARNINGS@PAY_INCIDENCE(1.0),Incidence of low and high pay,I,DEU,Germany,LP_I,Low pay incidence,PT_EMP_FT,Percentage of full-time employment,_Z,Not applicable,_Z,Not applicable,_Z,Not applicable,F,Female,1993,,27.34891348,,,,A,Normal value,0,Units,1,One
DATAFLOW,OECD.ELS.SAE:DSD_EARNINGS@PAY_INCIDENCE(1.0),Incidence of low and high pay,I,DEU,Germany,LP_I,Low pay incidence,PT_EMP_FT,Percentage of full-time employment,_Z,Not applicable,_Z,Not applicable,_Z,Not applicable,F,Female,1994,,24.39272211,,,,A,Normal value,0,Units,1,One
DATAFLOW,OECD.ELS.SAE:DSD_EARNINGS@PAY_INCIDENCE(1.0),Incidence of low and high pay,I,DEU,Germany,LP_I,Low pay incidence,PT_EMP_FT,Percentage of full-time employment,_Z,Not applicable,_Z,Not applicable,_Z,Not applicable,F,Female,1995,,23.84229596,,,,A,Normal value,0,Units,1,One
DATAFLOW,OECD.ELS.SAE:DSD_EARNINGS@PAY_INCIDENCE(1.0),Incidence of low and high pay,I,DEU,Germany,LP_I,Low pay incidence,PT_EMP_FT,Percentage of full-time employment,_Z,Not applicable,_Z,Not applicable,_Z,Not applicable,F,Female,1996,,23.06797664,,,,A,Normal value,0,Units,1,One
DATAFLOW,OECD.ELS.SAE:DSD_EARNINGS@PAY_INCIDENCE(1.0),Incidence of low and high pay,I,DEU,Germany,LP_I,Low pay incidence,PT_EMP_FT,Percentage of full-time employment,_Z,Not applicable,_Z,Not applicable,_Z,Not applicable,F,Female,1997,,24.26524734,,,,A,Normal value,0,Units,1,One
DATAFLOW,OECD.ELS.SAE:DSD_EARNINGS@PAY_INCIDENCE(1.0),Incidence of low and high pay,I,DEU,Germany,LP_I,Low pay incidence,PT_EMP_FT,Percentage of full-time employment,_Z,Not applicable,_Z,Not applicable,_Z,Not applicable,F,Female,1998,,25.67194789,,,,A,Normal value,0,Units,1,One
DATAFLOW,OECD.ELS.SAE:DSD_EARNINGS@PAY_INCIDENCE(1.0),Incidence of low and high pay,I,DEU,Germany,LP_I,Low pay incidence,PT_EMP_FT,Percentage of full-time employment,_Z,Not applicable,_Z,Not applicable,_Z,Not applicable,F,Female,1999,,24.81656987,,,,A,Normal value,0,Units,1,One
DATAFLOW,OECD.ELS.SAE:DSD_EARNINGS@PAY_INCIDENCE(1.0),Incidence of low and high pay,I,DEU,Germany,LP_I,Low pay incidence,PT_EMP_FT,Percentage of full-time employment,_Z,Not applicable,_Z,Not applicable,_Z,Not applicable,F,Female,2000,,25.92079681,,,,A,Normal value,0,Units,1,One
DATAFLOW,OECD.ELS.SAE:DSD_EARNINGS@PAY_INCIDENCE(1.0),Incidence of low and high pay,I,DEU,Germany,LP_I,Low pay incidence,PT_EMP_FT,Percentage of full-time employment,_Z,Not applicable,_Z,Not applicable,_Z,Not applicable,F,Female,2001,,27.58733087,,,,A,Normal value,0,Units,1,One
DATAFLOW,OECD.ELS.SAE:DSD_EARNINGS@PAY_INCIDENCE(1.0),Incidence of low and high pay,I,DEU,Germany,LP_I,Low pay incidence,PT_EMP_FT,Percentage of full-time employment,_Z,Not applicable,_Z,Not applicable,_Z,Not applicable,F,Female,2002,,28.62622445,,,,A,Normal value,0,Units,1,One
DATAFLOW,OECD.ELS.SAE:DSD_EARNINGS@PAY_INCIDENCE(1.0),Incidence of low and high pay,I,DEU,Germany,LP_I,Low pay incidence,PT_EMP_FT,Percentage of full-time employment,_Z,Not applicable,_Z,Not applicable,_Z,Not applicable,F,Female,2003,,27.76126167,,,,A,Normal value,0,Units,1,One
DATAFLOW,OECD.ELS.SAE:DSD_EARNINGS@PAY_INCIDENCE(1.0),Incidence of low and high pay,I,DEU,Germany,LP_I,Low pay incidence,PT_EMP_FT,Percentage of full-time employment,_Z,Not applicable,_Z,Not applicable,_Z,Not applicable,F,Female,2004,,28.97699598,,,,A,Normal value,0,Units,1,One
DATAFLOW,OECD.ELS.SAE:DSD_EARNINGS@PAY_INCIDENCE(1.0),Incidence of low and high pay,I,DEU,Germany,LP_I,Low pay incidence,PT_EMP_FT,Percentage of full-time employment,_Z,Not applicable,_Z,Not applicable,_Z,Not applicable,F,Female,2005,,29.17217203,,,,A,Normal value,0,Units,1,One
DATAFLOW,OECD.ELS.SAE:DSD_EARNINGS@PAY_INCIDENCE(1.0),Incidence of low and high pay,I,DEU,Germany,LP_I,Low pay incidence,PT_EMP_FT,Percentage of full-time employment,_Z,Not applicable,_Z,Not applicable,_Z,Not applicable,F,Female,2006,,28.45242704,,,,A,Normal value,0,Units,1,One
DATAFLOW,OECD.ELS.SAE:DSD_EARNINGS@PAY_INCIDENCE(1.0),Incidence of low and high pay,I,DEU,Germany,LP_I,Low pay incidence,PT_EMP_FT,Percentage of full-time employment,_Z,Not applicable,_Z,Not applicable,_Z,Not applicable,F,Female,2007,,27.63603563,,,,A,Normal value,0,Units,1,One
DATAFLOW,OECD.ELS.SAE:DSD_EARNINGS@PAY_INCIDENCE(1.0),Incidence of low and high pay,I,DEU,Germany,LP_I,Low pay incidence,PT_EMP_FT,Percentage of full-time employment,_Z,Not applicable,_Z,Not applicable,_Z,Not applicable,F,Female,2008,,26.10186277,,,,A,Normal value,0,Units,1,One
DATAFLOW,OECD.ELS.SAE:DSD_EARNINGS@PAY_INCIDENCE(1.0),Incidence of low and high pay,I,DEU,Germany,LP_I,Low pay incidence,PT_EMP_FT,Percentage of full-time employment,_Z,Not applicable,_Z,Not applicable,_Z,Not applicable,F,Female,2009,,28.43639899,,,,A,Normal value,0,Units,1,One
DATAFLOW,OECD.ELS.SAE:DSD_EARNINGS@PAY_INCIDENCE(1.0),Incidence of low and high pay,I,DEU,Germany,LP_I,Low pay incidence,PT_EMP_FT,Percentage of full-time employment,_Z,Not applicable,_Z,Not applicable,_Z,Not applicable,F,Female,2010,,27.18166069,,,,A,Normal value,0,Units,1,One
DATAFLOW,OECD.ELS.SAE:DSD_EARNINGS@PAY_INCIDENCE(1.0),Incidence of low and high pay,I,DEU,Germany,LP_I,Low pay incidence,PT_EMP_FT,Percentage of full-time employment,_Z,Not applicable,_Z,Not applicable,_Z,Not applicable,F,Female,2011,,26.19444491,,,,A,Normal value,0,Units,1,One
DATAFLOW,OECD.ELS.SAE:DSD_EARNINGS@PAY_INCIDENCE(1.0),Incidence of low and high pay,I,DEU,Germany,LP_I,Low pay incidence,PT_EMP_FT,Percentage of full-time employment,_Z,Not applicable,_Z,Not applicable,_Z,Not applicable,F,Female,2012,,26.9822621,,,,A,Normal value,0,Units,1,One
DATAFLOW,OECD.ELS.SAE:DSD_EARNINGS@PAY_INCIDENCE(1.0),Incidence of low and high pay,I,DEU,Germany,LP_I,Low pay incidence,PT_EMP_FT,Percentage of full-time employment,_Z,Not applicable,_Z,Not applicable,_Z,Not applicable,F,Female,2013,,25.10402002,,,,A,Normal value,0,Units,1,One
DATAFLOW,OECD.ELS.SAE:DSD_EARNINGS@PAY_INCIDENCE(1.0),Incidence of low and high pay,I,DEU,Germany,LP_I,Low pay incidence,PT_EMP_FT,Percentage of full-time employment,_Z,Not applicable,_Z,Not applicable,_Z,Not applicable,F,Female,2014,,25.74703122,,,,A,Normal value,0,Units,1,One
DATAFLOW,OECD.ELS.SAE:DSD_EARNINGS@PAY_INCIDENCE(1.0),Incidence of low and high pay,I,DEU,Germany,LP_I,Low pay incidence,PT_EMP_FT,Percentage of full-time employment,_Z,Not applicable,_Z,Not applicable,_Z,Not applicable,F,Female,2015,,26.21935284,,,,A,Normal value,0,Units,1,One
DATAFLOW,OECD.ELS.SAE:DSD_EARNINGS@PAY_INCIDENCE(1.0),Incidence of low and high pay,I,DEU,Germany,LP_I,Low pay incidence,PT_EMP_FT,Percentage of full-time employment,_Z,Not applicable,_Z,Not applicable,_Z,Not applicable,F,Female,2016,,26.38200251,,,,A,Normal value,0,Units,1,One
DATAFLOW,OECD.ELS.SAE:DSD_EARNINGS@PAY_INCIDENCE(1.0),Incidence of low and high pay,I,DEU,Germany,LP_I,Low pay incidence,PT_EMP_FT,Percentage of full-time employment,_Z,Not applicable,_Z,Not applicable,_Z,Not applicable,F,Female,2017,,22.46328957,,,,A,Normal value,0,Units,1,One
DATAFLOW,OECD.ELS.SAE:DSD_EARNINGS@PAY_INCIDENCE(1.0),Incidence of low and high pay,I,DEU,Germany,LP_I,Low pay incidence,PT_EMP_FT,Percentage of full-time employment,_Z,Not applicable,_Z,Not applicable,_Z,Not applicable,F,Female,2018,,24.61856888,,,,A,Normal value,0,Units,1,One
DATAFLOW,OECD.ELS.SAE:DSD_EARNINGS@PAY_INCIDENCE(1.0),Incidence of low and high pay,I,DEU,Germany,LP_I,Low pay incidence,PT_EMP_FT,Percentage of full-time employment,_Z,Not applicable,_Z,Not applicable,_Z,Not applicable,F,Female,2019,,23.54993044,,,,A,Normal value,0,Units,1,One
DATAFLOW,OECD.ELS.SAE:DSD_EARNINGS@PAY_INCIDENCE(1.0),Incidence of low and high pay,I,DEU,Germany,LP_I,Low pay incidence,PT_EMP_FT,Percentage of full-time employment,_Z,Not applicable,_Z,Not applicable,_Z,Not applicable,F,Female,2020,,22.94683187,,,,A,Normal value,0,Units,1,One
DATAFLOW,OECD.ELS.SAE:DSD_EARNINGS@PAY_INCIDENCE(1.0),Incidence of low and high pay,I,DEU,Germany,LP_I,Low pay incidence,PT_EMP_FT,Percentage of full-time employment,_Z,Not applicable,_Z,Not applicable,_Z,Not applicable,F,Female,2021,,22.0215253,,,,A,Normal value,0,Units,1,One
DATAFLOW,OECD.ELS.SAE:DSD_EARNINGS@PAY_INCIDENCE(1.0),Incidence of low and high pay,I,DEU,Germany,LP_I,Low pay incidence,PT_EMP_FT,Percentage of full-time employment,_Z,Not applicable,_Z,Not applicable,_Z,Not applicable,F,Female,2022,,21.78540505,,,,A,Normal value,0,Units,1,One
DATAFLOW,OECD.ELS.SAE:DSD_EARNINGS@PAY_INCIDENCE(1.0),Incidence of low and high pay,I,DEU,Germany,LP_I,Low pay incidence,PT_EMP_FT,Percentage of full-time employment,_Z,Not applicable,_Z,Not applicable,_Z,Not applicable,F,Female,2023,,20.47761978,,,,A,Normal value,0,Units,1,One
DATAFLOW,OECD.ELS.SAE:DSD_EARNINGS@PAY_INCIDENCE(1.0),Incidence of low and high pay,I,ITA,Italy,LP_I,Low pay incidence,PT_EMP_FT,Percentage of full-time employment,_Z,Not applicable,_Z,Not applicable,_Z,Not applicable,F,Female,2002,,10.30952381,,,,A,Normal value,0,Units,1,One
DATAFLOW,OECD.ELS.SAE:DSD_EARNINGS@PAY_INCIDENCE(1.0),Incidence of low and high pay,I,ITA,Italy,LP_I,Low pay incidence,PT_EMP_FT,Percentage of full-time employment,_Z,Not applicable,_Z,Not applicable,_Z,Not applicable,F,Female,2006,,11.35185185,,,,A,Normal value,0,Units,1,One
DATAFLOW,OECD.ELS.SAE:DSD_EARNINGS@PAY_INCIDENCE(1.0),Incidence of low and high pay,I,ITA,Italy,LP_I,Low pay incidence,PT_EMP_FT,Percentage of full-time employment,_Z,Not applicable,_Z,Not applicable,_Z,Not applicable,F,Female,2010,,9.144927536,,,,A,Normal value,0,Units,1,One
DATAFLOW,OECD.ELS.SAE:DSD_EARNINGS@PAY_INCIDENCE(1.0),Incidence of low and high pay,I,ITA,Italy,LP_I,Low pay incidence,PT_EMP_FT,Percentage of full-time employment,_Z,Not applicable,_Z,Not applicable,_Z,Not applicable,F,Female,2022,,11.20835941,,,,A,Normal value,0,Units,1,One
DATAFLOW,OECD.ELS.SAE:DSD_EARNINGS@PAY_INCIDENCE(1.0),Incidence of low and high pay,I,ITA,Italy,LP_I,Low pay incidence,PT_EMP_FT,Percentage of full-time employment,_Z,Not applicable,_Z,Not applicable,_Z,Not applicable,F,Female,2023,,10.80333063,,,,A,Normal value,0,Units,1,One
DATAFLOW,OECD.ELS.SAE:DSD_EARNINGS@PAY_INCIDENCE(1.0),Incidence of low and high pay,I,ESP,Spain,LP_I,Low pay incidence,PT_EMP_FT,Percentage of full-time employment,_Z,Not applicable,_Z,Not applicable,_Z,Not applicable,F,Female,2002,,22.2,,,,A,Normal value,0,Units,1,One
DATAFLOW,OECD.ELS.SAE:DSD_EARNINGS@PAY_INCIDENCE(1.0),Incidence of low and high pay,I,ESP,Spain,LP_I,Low pay incidence,PT_EMP_FT,Percentage of full-time employment,_Z,Not applicable,_Z,Not applicable,_Z,Not applicable,F,Female,2006,,16.87878788,,,,A,Normal value,0,Units,1,One
DATAFLOW,OECD.ELS.SAE:DSD_EARNINGS@PAY_INCIDENCE(1.0),Incidence of low and high pay,I,ESP,Spain,LP_I,Low pay incidence,PT_EMP_FT,Percentage of full-time employment,_Z,Not applicable,_Z,Not applicable,_Z,Not applicable,F,Female,2010,,15.85714286,,,,A,Normal value,0,Units,1,One
DATAFLOW,OECD.ELS.SAE:DSD_EARNINGS@PAY_INCIDENCE(1.0),Incidence of low and high pay,I,ESP,Spain,LP_I,Low pay incidence,PT_EMP_FT,Percentage of full-time employment,_Z,Not applicable,_Z,Not applicable,_Z,Not applicable,F,Female,2014,,14.08333333,,,,A,Normal value,0,Units,1,One
DATAFLOW,OECD.ELS.SAE:DSD_EARNINGS@PAY_INCIDENCE(1.0),Incidence of low and high pay,I,ESP,Spain,LP_I,Low pay incidence,PT_EMP_FT,Percentage of full-time employment,_Z,Not applicable,_Z,Not applicable,_Z,Not applicable,F,Female,2018,,15.02083333,,,,A,Normal value,0,Units,1,One
DATAFLOW,OECD.ELS.SAE:DSD_EARNINGS@PAY_INCIDENCE(1.0),Incidence of low and high pay,I,ESP,Spain,LP_I,Low pay incidence,PT_EMP_FT,Percentage of full-time employment,_Z,Not applicable,_Z,Not applicable,_Z,Not applicable,F,Female,2022,,14.45634178,,,,A,Normal value,0,Units,1,One
DATAFLOW,OECD.ELS.SAE:DSD_EARNINGS@PAY_INCIDENCE(1.0),Incidence of low and high pay,I,ESP,Spain,LP_I,Low pay incidence,PT_EMP_FT,Percentage of full-time employment,_Z,Not applicable,_Z,Not applicable,_Z,Not applicable,F,Female,2023,,12.41918813,,,,A,Normal value,0,Units,1,One
DATAFLOW,OECD.ELS.SAE:DSD_EARNINGS@PAY_INCIDENCE(1.0),Incidence of low and high pay,I,GBR,United Kingdom,LP_I,Low pay incidence,PT_EMP_FT,Percentage of full-time employment,_Z,Not applicable,_Z,Not applicable,_Z,Not applicable,F,Female,1970,,60.71469358,,,,A,Normal value,0,Units,1,One
DATAFLOW,OECD.ELS.SAE:DSD_EARNINGS@PAY_INCIDENCE(1.0),Incidence of low and high pay,I,GBR,United Kingdom,LP_I,Low pay incidence,PT_EMP_FT,Percentage of full-time employment,_Z,Not applicable,_Z,Not applicable,_Z,Not applicable,F,Female,1971,,57.80528987,,,,A,Normal value,0,Units,1,One
DATAFLOW,OECD.ELS.SAE:DSD_EARNINGS@PAY_INCIDENCE(1.0),Incidence of low and high pay,I,GBR,United Kingdom,LP_I,Low pay incidence,PT_EMP_FT,Percentage of full-time employment,_Z,Not applicable,_Z,Not applicable,_Z,Not applicable,F,Female,1972,,56.95235894,,,,A,Normal value,0,Units,1,One
DATAFLOW,OECD.ELS.SAE:DSD_EARNINGS@PAY_INCIDENCE(1.0),Incidence of low and high pay,I,GBR,United Kingdom,LP_I,Low pay incidence,PT_EMP_FT,Percentage of full-time employment,_Z,Not applicable,_Z,Not applicable,_Z,Not applicable,F,Female,1973,,58.76003927,,,,A,Normal value,0,Units,1,One
DATAFLOW,OECD.ELS.SAE:DSD_EARNINGS@PAY_INCIDENCE(1.0),Incidence of low and high pay,I,GBR,United Kingdom,LP_I,Low pay incidence,PT_EMP_FT,Percentage of full-time employment,_Z,Not applicable,_Z,Not applicable,_Z,Not applicable,F,Female,1974,,55.37572037,,,,A,Normal value,0,Units,1,One
DATAFLOW,OECD.ELS.SAE:DSD_EARNINGS@PAY_INCIDENCE(1.0),Incidence of low and high pay,I,GBR,United Kingdom,LP_I,Low pay incidence,PT_EMP_FT,Percentage of full-time employment,_Z,Not applicable,_Z,Not applicable,_Z,Not applicable,F,Female,1975,,47.31776165,,,,A,Normal value,0,Units,1,One
DATAFLOW,OECD.ELS.SAE:DSD_EARNINGS@PAY_INCIDENCE(1.0),Incidence of low and high pay,I,GBR,United Kingdom,LP_I,Low pay incidence,PT_EMP_FT,Percentage of full-time employment,_Z,Not applicable,_Z,Not applicable,_Z,Not applicable,F,Female,1976,,42.48838711,,,,A,Normal value,0,Units,1,One
DATAFLOW,OECD.ELS.SAE:DSD_EARNINGS@PAY_INCIDENCE(1.0),Incidence of low and high pay,I,GBR,United Kingdom,LP_I,Low pay incidence,PT_EMP_FT,Percentage of full-time employment,_Z,Not applicable,_Z,Not applicable,_Z,Not applicable,F,Female,1977,,39.23683359,,,,A,Normal value,0,Units,1,One
DATAFLOW,OECD.ELS.SAE:DSD_EARNINGS@PAY_INCIDENCE(1.0),Incidence of low and high pay,I,GBR,United Kingdom,LP_I,Low pay incidence,PT_EMP_FT,Percentage of full-time employment,_Z,Not applicable,_Z,Not applicable,_Z,Not applicable,F,Female,1978,,41.72215562,,,,A,Normal value,0,Units,1,One
DATAFLOW,OECD.ELS.SAE:DSD_EARNINGS@PAY_INCIDENCE(1.0),Incidence of low and high pay,I,GBR,United Kingdom,LP_I,Low pay incidence,PT_EMP_FT,Percentage of full-time employment,_Z,Not applicable,_Z,Not applicable,_Z,Not applicable,F,Female,1979,,42.56329585,,,,A,Normal value,0,Units,1,One
DATAFLOW,OECD.ELS.SAE:DSD_EARNINGS@PAY_INCIDENCE(1.0),Incidence of low and high pay,I,GBR,United Kingdom,LP_I,Low pay incidence,PT_EMP_FT,Percentage of full-time employment,_Z,Not applicable,_Z,Not applicable,_Z,Not applicable,F,Female,1980,,41.12699713,,,,A,Normal value,0,Units,1,One
DATAFLOW,OECD.ELS.SAE:DSD_EARNINGS@PAY_INCIDENCE(1.0),Incidence of low and high pay,I,GBR,United Kingdom,LP_I,Low pay incidence,PT_EMP_FT,Percentage of full-time employment,_Z,Not applicable,_Z,Not applicable,_Z,Not applicable,F,Female,1981,,39.72424045,,,,A,Normal value,0,Units,1,One
DATAFLOW,OECD.ELS.SAE:DSD_EARNINGS@PAY_INCIDENCE(1.0),Incidence of low and high pay,I,GBR,United Kingdom,LP_I,Low pay incidence,PT_EMP_FT,Percentage of full-time employment,_Z,Not applicable,_Z,Not applicable,_Z,Not applicable,F,Female,1982,,39.67786906,,,,A,Normal value,0,Units,1,One
DATAFLOW,OECD.ELS.SAE:DSD_EARNINGS@PAY_INCIDENCE(1.0),Incidence of low and high pay,I,GBR,United Kingdom,LP_I,Low pay incidence,PT_EMP_FT,Percentage of full-time employment,_Z,Not applicable,_Z,Not applicable,_Z,Not applicable,F,Female,1983,,38.38012112,,,,A,Normal value,0,Units,1,One
DATAFLOW,OECD.ELS.SAE:DSD_EARNINGS@PAY_INCIDENCE(1.0),Incidence of low and high pay,I,GBR,United Kingdom,LP_I,Low pay incidence,PT_EMP_FT,Percentage of full-time employment,_Z,Not applicable,_Z,Not applicable,_Z,Not applicable,F,Female,1984,,39.49689371,,,,A,Normal value,0,Units,1,One
DATAFLOW,OECD.ELS.SAE:DSD_EARNINGS@PAY_INCIDENCE(1.0),Incidence of low and high pay,I,GBR,United Kingdom,LP_I,Low pay incidence,PT_EMP_FT,Percentage of full-time employment,_Z,Not applicable,_Z,Not applicable,_Z,Not applicable,F,Female,1985,,39.28947318,,,,A,Normal value,0,Units,1,One
DATAFLOW,OECD.ELS.SAE:DSD_EARNINGS@PAY_INCIDENCE(1.0),Incidence of low and high pay,I,GBR,United Kingdom,LP_I,Low pay incidence,PT_EMP_FT,Percentage of full-time employment,_Z,Not applicable,_Z,Not applicable,_Z,Not applicable,F,Female,1986,,39.05279606,,,,A,Normal value,0,Units,1,One
DATAFLOW,OECD.ELS.SAE:DSD_EARNINGS@PAY_INCIDENCE(1.0),Incidence of low and high pay,I,GBR,United Kingdom,LP_I,Low pay incidence,PT_EMP_FT,Percentage of full-time employment,_Z,Not applicable,_Z,Not applicable,_Z,Not applicable,F,Female,1987,,38.79539389,,,,A,Normal value,0,Units,1,One
DATAFLOW,OECD.ELS.SAE:DSD_EARNINGS@PAY_INCIDENCE(1.0),Incidence of low and high pay,I,GBR,United Kingdom,LP_I,Low pay incidence,PT_EMP_FT,Percentage of full-time employment,_Z,Not applicable,_Z,Not applicable,_Z,Not applicable,F,Female,1988,,38.72109963,,,,A,Normal value,0,Units,1,One
DATAFLOW,OECD.ELS.SAE:DSD_EARNINGS@PAY_INCIDENCE(1.0),Incidence of low and high pay,I,GBR,United Kingdom,LP_I,Low pay incidence,PT_EMP_FT,Percentage of full-time employment,_Z,Not applicable,_Z,Not applicable,_Z,Not applicable,F,Female,1989,,37.83000387,,,,A,Normal value,0,Units,1,One
DATAFLOW,OECD.ELS.SAE:DSD_EARNINGS@PAY_INCIDENCE(1.0),Incidence of low and high pay,I,GBR,United Kingdom,LP_I,Low pay incidence,PT_EMP_FT,Percentage of full-time employment,_Z,Not applicable,_Z,Not applicable,_Z,Not applicable,F,Female,1990,,36.86013778,,,,A,Normal value,0,Units,1,One
DATAFLOW,OECD.ELS.SAE:DSD_EARNINGS@PAY_INCIDENCE(1.0),Incidence of low and high pay,I,GBR,United Kingdom,LP_I,Low pay incidence,PT_EMP_FT,Percentage of full-time employment,_Z,Not applicable,_Z,Not applicable,_Z,Not applicable,F,Female,1991,,34.50492913,,,,A,Normal value,0,Units,1,One
DATAFLOW,OECD.ELS.SAE:DSD_EARNINGS@PAY_INCIDENCE(1.0),Incidence of low and high pay,I,GBR,United Kingdom,LP_I,Low pay incidence,PT_EMP_FT,Percentage of full-time employment,_Z,Not applicable,_Z,Not applicable,_Z,Not applicable,F,Female,1992,,34.23556191,,,,A,Normal value,0,Units,1,One
DATAFLOW,OECD.ELS.SAE:DSD_EARNINGS@PAY_INCIDENCE(1.0),Incidence of low and high pay,I,GBR,United Kingdom,LP_I,Low pay incidence,PT_EMP_FT,Percentage of full-time employment,_Z,Not applicable,_Z,Not applicable,_Z,Not applicable,F,Female,1993,,33.31764349,,,,A,Normal value,0,Units,1,One
DATAFLOW,OECD.ELS.SAE:DSD_EARNINGS@PAY_INCIDENCE(1.0),Incidence of low and high pay,I,GBR,United Kingdom,LP_I,Low pay incidence,PT_EMP_FT,Percentage of full-time employment,_Z,Not applicable,_Z,Not applicable,_Z,Not applicable,F,Female,1994,,32.89733591,,,,A,Normal value,0,Units,1,One
DATAFLOW,OECD.ELS.SAE:DSD_EARNINGS@PAY_INCIDENCE(1.0),Incidence of low and high pay,I,GBR,United Kingdom,LP_I,Low pay incidence,PT_EMP_FT,Percentage of full-time employment,_Z,Not applicable,_Z,Not applicable,_Z,Not applicable,F,Female,1995,,32.97098453,,,,A,Normal value,0,Units,1,One
DATAFLOW,OECD.ELS.SAE:DSD_EARNINGS@PAY_INCIDENCE(1.0),Incidence of low and high pay,I,GBR,United Kingdom,LP_I,Low pay incidence,PT_EMP_FT,Percentage of full-time employment,_Z,Not applicable,_Z,Not applicable,_Z,Not applicable,F,Female,1996,,32.40305459,,,,A,Normal value,0,Units,1,One
DATAFLOW,OECD.ELS.SAE:DSD_EARNINGS@PAY_INCIDENCE(1.0),Incidence of low and high pay,I,GBR,United Kingdom,LP_I,Low pay incidence,PT_EMP_FT,Percentage of full-time employment,_Z,Not applicable,_Z,Not applicable,_Z,Not applicable,F,Female,1997,,32.23267379,,,,A,Normal value,0,Units,1,One
DATAFLOW,OECD.ELS.SAE:DSD_EARNINGS@PAY_INCIDENCE(1.0),Incidence of low and high pay,I,GBR,United Kingdom,LP_I,Low pay incidence,PT_EMP_FT,Percentage of full-time employment,_Z,Not applicable,_Z,Not applicable,_Z,Not applicable,F,Female,1998,,32.51184965,,,,A,Normal value,0,Units,1,One
DATAFLOW,OECD.ELS.SAE:DSD_EARNINGS@PAY_INCIDENCE(1.0),Incidence of low and high pay,I,GBR,United Kingdom,LP_I,Low pay incidence,PT_EMP_FT,Percentage of full-time employment,_Z,Not applicable,_Z,Not applicable,_Z,Not applicable,F,Female,1999,,31.14185586,,,,A,Normal value,0,Units,1,One
DATAFLOW,OECD.ELS.SAE:DSD_EARNINGS@PAY_INCIDENCE(1.0),Incidence of low and high pay,I,GBR,United Kingdom,LP_I,Low pay incidence,PT_EMP_FT,Percentage of full-time employment,_Z,Not applicable,_Z,Not applicable,_Z,Not applicable,F,Female,2000,,31.61579468,,,,A,Normal value,0,Units,1,One
DATAFLOW,OECD.ELS.SAE:DSD_EARNINGS@PAY_INCIDENCE(1.0),Incidence of low and high pay,I,GBR,United Kingdom,LP_I,Low pay incidence,PT_EMP_FT,Percentage of full-time employment,_Z,Not applicable,_Z,Not applicable,_Z,Not applicable,F,Female,2001,,31.63773443,,,,A,Normal value,0,Units,1,One
DATAFLOW,OECD.ELS.SAE:DSD_EARNINGS@PAY_INCIDENCE(1.0),Incidence of low and high pay,I,GBR,United Kingdom,LP_I,Low pay incidence,PT_EMP_FT,Percentage of full-time employment,_Z,Not applicable,_Z,Not applicable,_Z,Not applicable,F,Female,2002,,31.13709602,,,,A,Normal value,0,Units,1,One
DATAFLOW,OECD.ELS.SAE:DSD_EARNINGS@PAY_INCIDENCE(1.0),Incidence of low and high pay,I,GBR,United Kingdom,LP_I,Low pay incidence,PT_EMP_FT,Percentage of full-time employment,_Z,Not applicable,_Z,Not applicable,_Z,Not applicable,F,Female,2003,,30.6548506,,,,A,Normal value,0,Units,1,One
DATAFLOW,OECD.ELS.SAE:DSD_EARNINGS@PAY_INCIDENCE(1.0),Incidence of low and high pay,I,GBR,United Kingdom,LP_I,Low pay incidence,PT_EMP_FT,Percentage of full-time employment,_Z,Not applicable,_Z,Not applicable,_Z,Not applicable,F,Female,2004,,30.19892417,,,,A,Normal value,0,Units,1,One
DATAFLOW,OECD.ELS.SAE:DSD_EARNINGS@PAY_INCIDENCE(1.0),Incidence of low and high pay,I,GBR,United Kingdom,LP_I,Low pay incidence,PT_EMP_FT,Percentage of full-time employment,_Z,Not applicable,_Z,Not applicable,_Z,Not applicable,F,Female,2005,,29.52651776,,,,A,Normal value,0,Units,1,One
DATAFLOW,OECD.ELS.SAE:DSD_EARNINGS@PAY_INCIDENCE(1.0),Incidence of low and high pay,I,GBR,United Kingdom,LP_I,Low pay incidence,PT_EMP_FT,Percentage of full-time employment,_Z,Not applicable,_Z,Not applicable,_Z,Not applicable,F,Female,2006,,29.15899813,,,,A,Normal value,0,Units,1,One
DATAFLOW,OECD.ELS.SAE:DSD_EARNINGS@PAY_INCIDENCE(1.0),Incidence of low and high pay,I,GBR,United Kingdom,LP_I,Low pay incidence,PT_EMP_FT,Percentage of full-time employment,_Z,Not applicable,_Z,Not applicable,_Z,Not applicable,F,Female,2007,,29.1434448,,,,A,Normal value,0,Units,1,One
DATAFLOW,OECD.ELS.SAE:DSD_EARNINGS@PAY_INCIDENCE(1.0),Incidence of low and high pay,I,GBR,United Kingdom,LP_I,Low pay incidence,PT_EMP_FT,Percentage of full-time employment,_Z,Not applicable,_Z,Not applicable,_Z,Not applicable,F,Female,2008,,29.57808857,,,,A,Normal value,0,Units,1,One
DATAFLOW,OECD.ELS.SAE:DSD_EARNINGS@PAY_INCIDENCE(1.0),Incidence of low and high pay,I,GBR,United Kingdom,LP_I,Low pay incidence,PT_EMP_FT,Percentage of full-time employment,_Z,Not applicable,_Z,Not applicable,_Z,Not applicable,F,Female,2009,,28.51564381,,,,A,Normal value,0,Units,1,One
DATAFLOW,OECD.ELS.SAE:DSD_EARNINGS@PAY_INCIDENCE(1.0),Incidence of low and high pay,I,GBR,United Kingdom,LP_I,Low pay incidence,PT_EMP_FT,Percentage of full-time employment,_Z,Not applicable,_Z,Not applicable,_Z,Not applicable,F,Female,2010,,28.13014716,,,,A,Normal value,0,Units,1,One
DATAFLOW,OECD.ELS.SAE:DSD_EARNINGS@PAY_INCIDENCE(1.0),Incidence of low and high pay,I,GBR,United Kingdom,LP_I,Low pay incidence,PT_EMP_FT,Percentage of full-time employment,_Z,Not applicable,_Z,Not applicable,_Z,Not applicable,F,Female,2011,,27.45011087,,,,A,Normal value,0,Units,1,One
DATAFLOW,OECD.ELS.SAE:DSD_EARNINGS@PAY_INCIDENCE(1.0),Incidence of low and high pay,I,GBR,United Kingdom,LP_I,Low pay incidence,PT_EMP_FT,Percentage of full-time employment,_Z,Not applicable,_Z,Not applicable,_Z,Not applicable,F,Female,2012,,27.12190787,,,,A,Normal value,0,Units,1,One
DATAFLOW,OECD.ELS.SAE:DSD_EARNINGS@PAY_INCIDENCE(1.0),Incidence of low and high pay,I,GBR,United Kingdom,LP_I,Low pay incidence,PT_EMP_FT,Percentage of full-time employment,_Z,Not applicable,_Z,Not applicable,_Z,Not applicable,F,Female,2013,,27.35602094,,,,A,Normal value,0,Units,1,One
DATAFLOW,OECD.ELS.SAE:DSD_EARNINGS@PAY_INCIDENCE(1.0),Incidence of low and high pay,I,GBR,United Kingdom,LP_I,Low pay incidence,PT_EMP_FT,Percentage of full-time employment,_Z,Not applicable,_Z,Not applicable,_Z,Not applicable,F,Female,2014,,27.03698455,,,,A,Normal value,0,Units,1,One
DATAFLOW,OECD.ELS.SAE:DSD_EARNINGS@PAY_INCIDENCE(1.0),Incidence of low and high pay,I,GBR,United Kingdom,LP_I,Low pay incidence,PT_EMP_FT,Percentage of full-time employment,_Z,Not applicable,_Z,Not applicable,_Z,Not applicable,F,Female,2015,,26.70807453,,,,A,Normal value,0,Units,1,One
DATAFLOW,OECD.ELS.SAE:DSD_EARNINGS@PAY_INCIDENCE(1.0),Incidence of low and high pay,I,GBR,United Kingdom,LP_I,Low pay incidence,PT_EMP_FT,Percentage of full-time employment,_Z,Not applicable,_Z,Not applicable,_Z,Not applicable,F,Female,2016,,25.86814976,,,,A,Normal value,0,Units,1,One
DATAFLOW,OECD.ELS.SAE:DSD_EARNINGS@PAY_INCIDENCE(1.0),Incidence of low and high pay,I,GBR,United Kingdom,LP_I,Low pay incidence,PT_EMP_FT,Percentage of full-time employment,_Z,Not applicable,_Z,Not applicable,_Z,Not applicable,F,Female,2017,,25.57333333,,,,A,Normal value,0,Units,1,One
DATAFLOW,OECD.ELS.SAE:DSD_EARNINGS@PAY_INCIDENCE(1.0),Incidence of low and high pay,I,GBR,United Kingdom,LP_I,Low pay incidence,PT_EMP_FT,Percentage of full-time employment,_Z,Not applicable,_Z,Not applicable,_Z,Not applicable,F,Female,2018,,25.43092018,,,,A,Normal value,0,Units,1,One
DATAFLOW,OECD.ELS.SAE:DSD_EARNINGS@PAY_INCIDENCE(1.0),Incidence of low and high pay,I,GBR,United Kingdom,LP_I,Low pay incidence,PT_EMP_FT,Percentage of full-time employment,_Z,Not applicable,_Z,Not applicable,_Z,Not applicable,F,Female,2019,,24.3,,,,A,Normal value,0,Units,1,One
DATAFLOW,OECD.ELS.SAE:DSD_EARNINGS@PAY_INCIDENCE(1.0),Incidence of low and high pay,I,GBR,United Kingdom,LP_I,Low pay incidence,PT_EMP_FT,Percentage of full-time employment,_Z,Not applicable,_Z,Not applicable,_Z,Not applicable,F,Female,2020,,22.27,,,,A,Normal value,0,Units,1,One
DATAFLOW,OECD.ELS.SAE:DSD_EARNINGS@PAY_INCIDENCE(1.0),Incidence of low and high pay,I,GBR,United Kingdom,LP_I,Low pay incidence,PT_EMP_FT,Percentage of full-time employment,_Z,Not applicable,_Z,Not applicable,_Z,Not applicable,F,Female,2021,,21.69,,,,A,Normal value,0,Units,1,One
DATAFLOW,OECD.ELS.SAE:DSD_EARNINGS@PAY_INCIDENCE(1.0),Incidence of low and high pay,I,OECD,OECD,LP_I,Low pay incidence,PT_EMP_FT,Percentage of full-time employment,_Z,Not applicable,_Z,Not applicable,_Z,Not applicable,F,Female,1995,,23.01144687,,,,A,Normal value,0,Units,1,One
DATAFLOW,OECD.ELS.SAE:DSD_EARNINGS@PAY_INCIDENCE(1.0),Incidence of low and high pay,I,OECD,OECD,LP_I,Low pay incidence,PT_EMP_FT,Percentage of full-time employment,_Z,Not applicable,_Z,Not applicable,_Z,Not applicable,F,Female,1996,,22.98273942,,,,A,Normal value,0,Units,1,One
DATAFLOW,OECD.ELS.SAE:DSD_EARNINGS@PAY_INCIDENCE(1.0),Incidence of low and high pay,I,OECD,OECD,LP_I,Low pay incidence,PT_EMP_FT,Percentage of full-time employment,_Z,Not applicable,_Z,Not applicable,_Z,Not applicable,F,Female,1997,,22.7020779,,,,A,Normal value,0,Units,1,One
DATAFLOW,OECD.ELS.SAE:DSD_EARNINGS@PAY_INCIDENCE(1.0),Incidence of low and high pay,I,OECD,OECD,LP_I,Low pay incidence,PT_EMP_FT,Percentage of full-time employment,_Z,Not applicable,_Z,Not applicable,_Z,Not applicable,F,Female,1998,,22.74610604,,,,A,Normal value,0,Units,1,One
DATAFLOW,OECD.ELS.SAE:DSD_EARNINGS@PAY_INCIDENCE(1.0),Incidence of low and high pay,I,OECD,OECD,LP_I,Low pay incidence,PT_EMP_FT,Percentage of full-time employment,_Z,Not applicable,_Z,Not applicable,_Z,Not applicable,F,Female,1999,,22.54398671,,,,A,Normal value,0,Units,1,One
DATAFLOW,OECD.ELS.SAE:DSD_EARNINGS@PAY_INCIDENCE(1.0),Incidence of low and high pay,I,OECD,OECD,LP_I,Low pay incidence,PT_EMP_FT,Percentage of full-time employment,_Z,Not applicable,_Z,Not applicable,_Z,Not applicable,F,Female,2000,,22.45691279,,,,A,Normal value,0,Units,1,One
DATAFLOW,OECD.ELS.SAE:DSD_EARNINGS@PAY_INCIDENCE(1.0),Incidence of low and high pay,I,OECD,OECD,LP_I,Low pay incidence,PT_EMP_FT,Percentage of full-time employment,_Z,Not applicable,_Z,Not applicable,_Z,Not applicable,F,Female,2001,,22.39602313,,,,A,Normal value,0,Units,1,One
DATAFLOW,OECD.ELS.SAE:DSD_EARNINGS@PAY_INCIDENCE(1.0),Incidence of low and high pay,I,OECD,OECD,LP_I,Low pay incidence,PT_EMP_FT,Percentage of full-time employment,_Z,Not applicable,_Z,Not applicable,_Z,Not applicable,F,Female,2002,,22.2528413,,,,A,Normal value,0,Units,1,One
DATAFLOW,OECD.ELS.SAE:DSD_EARNINGS@PAY_INCIDENCE(1.0),Incidence of low and high pay,I,OECD,OECD,LP_I,Low pay incidence,PT_EMP_FT,Percentage of full-time employment,_Z,Not applicable,_Z,Not applicable,_Z,Not applicable,F,Female,2003,,21.98247924,,,,A,Normal value,0,Units,1,One
DATAFLOW,OECD.ELS.SAE:DSD_EARNINGS@PAY_INCIDENCE(1.0),Incidence of low and high pay,I,OECD,OECD,LP_I,Low pay incidence,PT_EMP_FT,Percentage of full-time employment,_Z,Not applicable,_Z,Not applicable,_Z,Not applicable,F,Female,2004,,21.79192633,,,,A,Normal value,0,Units,1,One
DATAFLOW,OECD.ELS.SAE:DSD_EARNINGS@PAY_INCIDENCE(1.0),Incidence of low and high pay,I,OECD,OECD,LP_I,Low pay incidence,PT_EMP_FT,Percentage of full-time employment,_Z,Not applicable,_Z,Not applicable,_Z,Not applicable,F,Female,2005,,21.70015938,,,,A,Normal value,0,Units,1,One
DATAFLOW,OECD.ELS.SAE:DSD_EARNINGS@PAY_INCIDENCE(1.0),Incidence of low and high pay,I,OECD,OECD,LP_I,Low pay incidence,PT_EMP_FT,Percentage of full-time employment,_Z,Not applicable,_Z,Not applicable,_Z,Not applicable,F,Female,2006,,21.53379979,,,,A,Normal value,0,Units,1,One
DATAFLOW,OECD.ELS.SAE:DSD_EARNINGS@PAY_INCIDENCE(1.0),Incidence of low and high pay,I,OECD,OECD,LP_I,Low pay incidence,PT_EMP_FT,Percentage of full-time employment,_Z,Not applicable,_Z,Not applicable,_Z,Not applicable,F,Female,2007,,21.30895373,,,,A,Normal value,0,Units,1,One
DATAFLOW,OECD.ELS.SAE:DSD_EARNINGS@PAY_INCIDENCE(1.0),Incidence of low and high pay,I,OECD,OECD,LP_I,Low pay incidence,PT_EMP_FT,Percentage of full-time employment,_Z,Not applicable,_Z,Not applicable,_Z,Not applicable,F,Female,2008,,20.81957459,,,,A,Normal value,0,Units,1,One
DATAFLOW,OECD.ELS.SAE:DSD_EARNINGS@PAY_INCIDENCE(1.0),Incidence of low and high pay,I,OECD,OECD,LP_I,Low pay incidence,PT_EMP_FT,Percentage of full-time employment,_Z,Not applicable,_Z,Not applicable,_Z,Not applicable,F,Female,2009,,20.13749823,,,,A,Normal value,0,Units,1,One
DATAFLOW,OECD.ELS.SAE:DSD_EARNINGS@PAY_INCIDENCE(1.0),Incidence of low and high pay,I,OECD,OECD,LP_I,Low pay incidence,PT_EMP_FT,Percentage of full-time employment,_Z,Not applicable,_Z,Not applicable,_Z,Not applicable,F,Female,2010,,20.05007633,,,,A,Normal value,0,Units,1,One
DATAFLOW,OECD.ELS.SAE:DSD_EARNINGS@PAY_INCIDENCE(1.0),Incidence of low and high pay,I,OECD,OECD,LP_I,Low pay incidence,PT_EMP_FT,Percentage of full-time employment,_Z,Not applicable,_Z,Not applicable,_Z,Not applicable,F,Female,2011,,20.23666473,,,,A,Normal value,0,Units,1,One
DATAFLOW,OECD.ELS.SAE:DSD_EARNINGS@PAY_INCIDENCE(1.0),Incidence of low and high pay,I,OECD,OECD,LP_I,Low pay incidence,PT_EMP_FT,Percentage of full-time employment,_Z,Not applicable,_Z,Not applicable,_Z,Not applicable,F,Female,2012,,20.09324166,,,,A,Normal value,0,Units,1,One
DATAFLOW,OECD.ELS.SAE:DSD_EARNINGS@PAY_INCIDENCE(1.0),Incidence of low and high pay,I,OECD,OECD,LP_I,Low pay incidence,PT_EMP_FT,Percentage of full-time employment,_Z,Not applicable,_Z,Not applicable,_Z,Not applicable,F,Female,2013,,19.657203,,,,A,Normal value,0,Units,1,One
DATAFLOW,OECD.ELS.SAE:DSD_EARNINGS@PAY_INCIDENCE(1.0),Incidence of low and high pay,I,OECD,OECD,LP_I,Low pay incidence,PT_EMP_FT,Percentage of full-time employment,_Z,Not applicable,_Z,Not applicable,_Z,Not applicable,F,Female,2014,,19.55958368,,,,A,Normal value,0,Units,1,One
DATAFLOW,OECD.ELS.SAE:DSD_EARNINGS@PAY_INCIDENCE(1.0),Incidence of low and high pay,I,OECD,OECD,LP_I,Low pay incidence,PT_EMP_FT,Percentage of full-time employment,_Z,Not applicable,_Z,Not applicable,_Z,Not applicable,F,Female,2015,,19.85378158,,,,A,Normal value,0,Units,1,One
DATAFLOW,OECD.ELS.SAE:DSD_EARNINGS@PAY_INCIDENCE(1.0),Incidence of low and high pay,I,OECD,OECD,LP_I,Low pay incidence,PT_EMP_FT,Percentage of full-time employment,_Z,Not applicable,_Z,Not applicable,_Z,Not applicable,F,Female,2016,,19.29623569,,,,A,Normal value,0,Units,1,One
DATAFLOW,OECD.ELS.SAE:DSD_EARNINGS@PAY_INCIDENCE(1.0),Incidence of low and high pay,I,OECD,OECD,LP_I,Low pay incidence,PT_EMP_FT,Percentage of full-time employment,_Z,Not applicable,_Z,Not applicable,_Z,Not applicable,F,Female,2017,,18.6796833,,,,A,Normal value,0,Units,1,One
DATAFLOW,OECD.ELS.SAE:DSD_EARNINGS@PAY_INCIDENCE(1.0),Incidence of low and high pay,I,OECD,OECD,LP_I,Low pay incidence,PT_EMP_FT,Percentage of full-time employment,_Z,Not applicable,_Z,Not applicable,_Z,Not applicable,F,Female,2018,,18.55757041,,,,A,Normal value,0,Units,1,One
DATAFLOW,OECD.ELS.SAE:DSD_EARNINGS@PAY_INCIDENCE(1.0),Incidence of low and high pay,I,OECD,OECD,LP_I,Low pay incidence,PT_EMP_FT,Percentage of full-time employment,_Z,Not applicable,_Z,Not applicable,_Z,Not applicable,F,Female,2019,,18.71122621,,,,A,Normal value,0,Units,1,One
DATAFLOW,OECD.ELS.SAE:DSD_EARNINGS@PAY_INCIDENCE(1.0),Incidence of low and high pay,I,OECD,OECD,LP_I,Low pay incidence,PT_EMP_FT,Percentage of full-time employment,_Z,Not applicable,_Z,Not applicable,_Z,Not applicable,F,Female,2020,,18.61468229,,,,A,Normal value,0,Units,1,One
DATAFLOW,OECD.ELS.SAE:DSD_EARNINGS@PAY_INCIDENCE(1.0),Incidence of low and high pay,I,OECD,OECD,LP_I,Low pay incidence,PT_EMP_FT,Percentage of full-time employment,_Z,Not applicable,_Z,Not applicable,_Z,Not applicable,F,Female,2021,,17.52076509,,,,A,Normal value,0,Units,1,One
DATAFLOW,OECD.ELS.SAE:DSD_EARNINGS@PAY_INCIDENCE(1.0),Incidence of low and high pay,I,OECD,OECD,LP_I,Low pay incidence,PT_EMP_FT,Percentage of full-time employment,_Z,Not applicable,_Z,Not applicable,_Z,Not applicable,F,Female,2022,,17.20584461,,,,A,Normal value,0,Units,1,One
DATAFLOW,OECD.ELS.SAE:DSD_EARNINGS@PAY_INCIDENCE(1.0),Incidence of low and high pay,I,OECD,OECD,LP_I,Low pay incidence,PT_EMP_FT,Percentage of full-time employment,_Z,Not applicable,_Z,Not applicable,_Z,Not applicable,F,Female,2023,,17.22715282,,,,A,Normal value,0,Units,1,One
DATAFLOW,OECD.ELS.SAE:DSD_EARNINGS@PAY_INCIDENCE(1.0),Incidence of low and high pay,I,FRA,France,HP_I,High pay Incidence,PT_EMP_FT,Percentage of full-time employment,_Z,Not applicable,_Z,Not applicable,_Z,Not applicable,F,Female,2002,,14.99955332,,,,A,Normal value,0,Units,1,One
DATAFLOW,OECD.ELS.SAE:DSD_EARNINGS@PAY_INCIDENCE(1.0),Incidence of low and high pay,I,FRA,France,HP_I,High pay Incidence,PT_EMP_FT,Percentage of full-time employment,_Z,Not applicable,_Z,Not applicable,_Z,Not applicable,F,Female,2006,,13.99996694,,,,A,Normal value,0,Units,1,One
DATAFLOW,OECD.ELS.SAE:DSD_EARNINGS@PAY_INCIDENCE(1.0),Incidence of low and high pay,I,FRA,France,HP_I,High pay Incidence,PT_EMP_FT,Percentage of full-time employment,_Z,Not applicable,_Z,Not applicable,_Z,Not applicable,F,Female,2010,,14.99995563,,,,A,Normal value,0,Units,1,One
DATAFLOW,OECD.ELS.SAE:DSD_EARNINGS@PAY_INCIDENCE(1.0),Incidence of low and high pay,I,FRA,France,HP_I,High pay Incidence,PT_EMP_FT,Percentage of full-time employment,_Z,Not applicable,_Z,Not applicable,_Z,Not applicable,F,Female,2014,,14.99967917,,,,A,Normal value,0,Units,1,One
DATAFLOW,OECD.ELS.SAE:DSD_EARNINGS@PAY_INCIDENCE(1.0),Incidence of low and high pay,I,FRA,France,HP_I,High pay Incidence,PT_EMP_FT,Percentage of full-time employment,_Z,Not applicable,_Z,Not applicable,_Z,Not applicable,F,Female,2018,,15.99964841,,,,A,Normal value,0,Units,1,One
DATAFLOW,OECD.ELS.SAE:DSD_EARNINGS@PAY_INCIDENCE(1.0),Incidence of low and high pay,I,FRA,France,HP_I,High pay Incidence,PT_EMP_FT,Percentage of full-time employment,_Z,Not applicable,_Z,Not applicable,_Z,Not applicable,F,Female,2022,,17.37936279,,,,A,Normal value,0,Units,1,One
DATAFLOW,OECD.ELS.SAE:DSD_EARNINGS@PAY_INCIDENCE(1.0),Incidence of low and high pay,I,FRA,France,HP_I,High pay Incidence,PT_EMP_FT,Percentage of full-time employment,_Z,Not applicable,_Z,Not applicable,_Z,Not applicable,F,Female,2023,,17.36571233,,,,A,Normal value,0,Units,1,One
DATAFLOW,OECD.ELS.SAE:DSD_EARNINGS@PAY_INCIDENCE(1.0),Incidence of low and high pay,I,DEU,Germany,HP_I,High pay Incidence,PT_EMP_FT,Percentage of full-time employment,_Z,Not applicable,_Z,Not applicable,_Z,Not applicable,F,Female,1992,,6.441010357,,,,A,Normal value,0,Units,1,One
DATAFLOW,OECD.ELS.SAE:DSD_EARNINGS@PAY_INCIDENCE(1.0),Incidence of low and high pay,I,DEU,Germany,HP_I,High pay Incidence,PT_EMP_FT,Percentage of full-time employment,_Z,Not applicable,_Z,Not applicable,_Z,Not applicable,F,Female,1993,,6.801751444,,,,A,Normal value,0,Units,1,One
DATAFLOW,OECD.ELS.SAE:DSD_EARNINGS@PAY_INCIDENCE(1.0),Incidence of low and high pay,I,DEU,Germany,HP_I,High pay Incidence,PT_EMP_FT,Percentage of full-time employment,_Z,Not applicable,_Z,Not applicable,_Z,Not applicable,F,Female,1994,,5.747406447,,,,A,Normal value,0,Units,1,One
DATAFLOW,OECD.ELS.SAE:DSD_EARNINGS@PAY_INCIDENCE(1.0),Incidence of low and high pay,I,DEU,Germany,HP_I,High pay Incidence,PT_EMP_FT,Percentage of full-time employment,_Z,Not applicable,_Z,Not applicable,_Z,Not applicable,F,Female,1995,,6.316872595,,,,A,Normal value,0,Units,1,One
DATAFLOW,OECD.ELS.SAE:DSD_EARNINGS@PAY_INCIDENCE(1.0),Incidence of low and high pay,I,DEU,Germany,HP_I,High pay Incidence,PT_EMP_FT,Percentage of full-time employment,_Z,Not applicable,_Z,Not applicable,_Z,Not applicable,F,Female,1996,,6.605313266,,,,A,Normal value,0,Units,1,One
DATAFLOW,OECD.ELS.SAE:DSD_EARNINGS@PAY_INCIDENCE(1.0),Incidence of low and high pay,I,DEU,Germany,HP_I,High pay Incidence,PT_EMP_FT,Percentage of full-time employment,_Z,Not applicable,_Z,Not applicable,_Z,Not applicable,F,Female,1997,,5.096676697,,,,A,Normal value,0,Units,1,One
DATAFLOW,OECD.ELS.SAE:DSD_EARNINGS@PAY_INCIDENCE(1.0),Incidence of low and high pay,I,DEU,Germany,HP_I,High pay Incidence,PT_EMP_FT,Percentage of full-time employment,_Z,Not applicable,_Z,Not applicable,_Z,Not applicable,F,Female,1998,,7.484243431,,,,A,Normal value,0,Units,1,One
DATAFLOW,OECD.ELS.SAE:DSD_EARNINGS@PAY_INCIDENCE(1.0),Incidence of low and high pay,I,DEU,Germany,HP_I,High pay Incidence,PT_EMP_FT,Percentage of full-time employment,_Z,Not applicable,_Z,Not applicable,_Z,Not applicable,F,Female,1999,,7.690420789,,,,A,Normal value,0,Units,1,One
DATAFLOW,OECD.ELS.SAE:DSD_EARNINGS@PAY_INCIDENCE(1.0),Incidence of low and high pay,I,DEU,Germany,HP_I,High pay Incidence,PT_EMP_FT,Percentage of full-time employment,_Z,Not applicable,_Z,Not applicable,_Z,Not applicable,F,Female,2000,,6.747325841,,,,A,Normal value,0,Units,1,One
DATAFLOW,OECD.ELS.SAE:DSD_EARNINGS@PAY_INCIDENCE(1.0),Incidence of low and high pay,I,DEU,Germany,HP_I,High pay Incidence,PT_EMP_FT,Percentage of full-time employment,_Z,Not applicable,_Z,Not applicable,_Z,Not applicable,F,Female,2001,,7.309835763,,,,A,Normal value,0,Units,1,One
DATAFLOW,OECD.ELS.SAE:DSD_EARNINGS@PAY_INCIDENCE(1.0),Incidence of low and high pay,I,DEU,Germany,HP_I,High pay Incidence,PT_EMP_FT,Percentage of full-time employment,_Z,Not applicable,_Z,Not applicable,_Z,Not applicable,F,Female,2002,,7.709062922,,,,A,Normal value,0,Units,1,One
DATAFLOW,OECD.ELS.SAE:DSD_EARNINGS@PAY_INCIDENCE(1.0),Incidence of low and high pay,I,DEU,Germany,HP_I,High pay Incidence,PT_EMP_FT,Percentage of full-time employment,_Z,Not applicable,_Z,Not applicable,_Z,Not applicable,F,Female,2003,,7.369451353,,,,A,Normal value,0,Units,1,One
DATAFLOW,OECD.ELS.SAE:DSD_EARNINGS@PAY_INCIDENCE(1.0),Incidence of low and high pay,I,DEU,Germany,HP_I,High pay Incidence,PT_EMP_FT,Percentage of full-time employment,_Z,Not applicable,_Z,Not applicable,_Z,Not applicable,F,Female,2004,,7.859899092,,,,A,Normal value,0,Units,1,One
DATAFLOW,OECD.ELS.SAE:DSD_EARNINGS@PAY_INCIDENCE(1.0),Incidence of low and high pay,I,DEU,Germany,HP_I,High pay Incidence,PT_EMP_FT,Percentage of full-time employment,_Z,Not applicable,_Z,Not applicable,_Z,Not applicable,F,Female,2005,,8.541400765,,,,A,Normal value,0,Units,1,One
DATAFLOW,OECD.ELS.SAE:DSD_EARNINGS@PAY_INCIDENCE(1.0),Incidence of low and high pay,I,DEU,Germany,HP_I,High pay Incidence,PT_EMP_FT,Percentage of full-time employment,_Z,Not applicable,_Z,Not applicable,_Z,Not applicable,F,Female,2006,,10.01316167,,,,A,Normal value,0,Units,1,One
DATAFLOW,OECD.ELS.SAE:DSD_EARNINGS@PAY_INCIDENCE(1.0),Incidence of low and high pay,I,DEU,Germany,HP_I,High pay Incidence,PT_EMP_FT,Percentage of full-time employment,_Z,Not applicable,_Z,Not applicable,_Z,Not applicable,F,Female,2007,,7.682733236,,,,A,Normal value,0,Units,1,One
DATAFLOW,OECD.ELS.SAE:DSD_EARNINGS@PAY_INCIDENCE(1.0),Incidence of low and high pay,I,DEU,Germany,HP_I,High pay Incidence,PT_EMP_FT,Percentage of full-time employment,_Z,Not applicable,_Z,Not applicable,_Z,Not applicable,F,Female,2008,,8.805631837,,,,A,Normal value,0,Units,1,One
DATAFLOW,OECD.ELS.SAE:DSD_EARNINGS@PAY_INCIDENCE(1.0),Incidence of low and high pay,I,DEU,Germany,HP_I,High pay Incidence,PT_EMP_FT,Percentage of full-time employment,_Z,Not applicable,_Z,Not applicable,_Z,Not applicable,F,Female,2009,,9.295429506,,,,A,Normal value,0,Units,1,One
DATAFLOW,OECD.ELS.SAE:DSD_EARNINGS@PAY_INCIDENCE(1.0),Incidence of low and high pay,I,DEU,Germany,HP_I,High pay Incidence,PT_EMP_FT,Percentage of full-time employment,_Z,Not applicable,_Z,Not applicable,_Z,Not applicable,F,Female,2010,,10.35864685,,,,A,Normal value,0,Units,1,One
DATAFLOW,OECD.ELS.SAE:DSD_EARNINGS@PAY_INCIDENCE(1.0),Incidence of low and high pay,I,DEU,Germany,HP_I,High pay Incidence,PT_EMP_FT,Percentage of full-time employment,_Z,Not applicable,_Z,Not applicable,_Z,Not applicable,F,Female,2011,,9.532200431,,,,A,Normal value,0,Units,1,One
DATAFLOW,OECD.ELS.SAE:DSD_EARNINGS@PAY_INCIDENCE(1.0),Incidence of low and high pay,I,DEU,Germany,HP_I,High pay Incidence,PT_EMP_FT,Percentage of full-time employment,_Z,Not applicable,_Z,Not applicable,_Z,Not applicable,F,Female,2012,,9.481952393,,,,A,Normal value,0,Units,1,One
DATAFLOW,OECD.ELS.SAE:DSD_EARNINGS@PAY_INCIDENCE(1.0),Incidence of low and high pay,I,DEU,Germany,HP_I,High pay Incidence,PT_EMP_FT,Percentage of full-time employment,_Z,Not applicable,_Z,Not applicable,_Z,Not applicable,F,Female,2013,,10.27345021,,,,A,Normal value,0,Units,1,One
DATAFLOW,OECD.ELS.SAE:DSD_EARNINGS@PAY_INCIDENCE(1.0),Incidence of low and high pay,I,DEU,Germany,HP_I,High pay Incidence,PT_EMP_FT,Percentage of full-time employment,_Z,Not applicable,_Z,Not applicable,_Z,Not applicable,F,Female,2014,,9.802549279,,,,A,Normal value,0,Units,1,One
DATAFLOW,OECD.ELS.SAE:DSD_EARNINGS@PAY_INCIDENCE(1.0),Incidence of low and high pay,I,DEU,Germany,HP_I,High pay Incidence,PT_EMP_FT,Percentage of full-time employment,_Z,Not applicable,_Z,Not applicable,_Z,Not applicable,F,Female,2015,,11.68071963,,,,A,Normal value,0,Units,1,One
DATAFLOW,OECD.ELS.SAE:DSD_EARNINGS@PAY_INCIDENCE(1.0),Incidence of low and high pay,I,DEU,Germany,HP_I,High pay Incidence,PT_EMP_FT,Percentage of full-time employment,_Z,Not applicable,_Z,Not applicable,_Z,Not applicable,F,Female,2016,,11.14405697,,,,A,Normal value,0,Units,1,One
DATAFLOW,OECD.ELS.SAE:DSD_EARNINGS@PAY_INCIDENCE(1.0),Incidence of low and high pay,I,DEU,Germany,HP_I,High pay Incidence,PT_EMP_FT,Percentage of full-time employment,_Z,Not applicable,_Z,Not applicable,_Z,Not applicable,F,Female,2017,,11.95858181,,,,A,Normal value,0,Units,1,One
DATAFLOW,OECD.ELS.SAE:DSD_EARNINGS@PAY_INCIDENCE(1.0),Incidence of low and high pay,I,DEU,Germany,HP_I,High pay Incidence,PT_EMP_FT,Percentage of full-time employment,_Z,Not applicable,_Z,Not applicable,_Z,Not applicable,F,Female,2018,,11.29593795,,,,A,Normal value,0,Units,1,One
DATAFLOW,OECD.ELS.SAE:DSD_EARNINGS@PAY_INCIDENCE(1.0),Incidence of low and high pay,I,DEU,Germany,HP_I,High pay Incidence,PT_EMP_FT,Percentage of full-time employment,_Z,Not applicable,_Z,Not applicable,_Z,Not applicable,F,Female,2019,,10.92232057,,,,A,Normal value,0,Units,1,One
DATAFLOW,OECD.ELS.SAE:DSD_EARNINGS@PAY_INCIDENCE(1.0),Incidence of low and high pay,I,DEU,Germany,HP_I,High pay Incidence,PT_EMP_FT,Percentage of full-time employment,_Z,Not applicable,_Z,Not applicable,_Z,Not applicable,F,Female,2020,,10.7225406,,,,A,Normal value,0,Units,1,One
DATAFLOW,OECD.ELS.SAE:DSD_EARNINGS@PAY_INCIDENCE(1.0),Incidence of low and high pay,I,DEU,Germany,HP_I,High pay Incidence,PT_EMP_FT,Percentage of full-time employment,_Z,Not applicable,_Z,Not applicable,_Z,Not applicable,F,Female,2021,,11.88093781,,,,A,Normal value,0,Units,1,One
DATAFLOW,OECD.ELS.SAE:DSD_EARNINGS@PAY_INCIDENCE(1.0),Incidence of low and high pay,I,DEU,Germany,HP_I,High pay Incidence,PT_EMP_FT,Percentage of full-time employment,_Z,Not applicable,_Z,Not applicable,_Z,Not applicable,F,Female,2022,,9.300155185,,,,A,Normal value,0,Units,1,One
DATAFLOW,OECD.ELS.SAE:DSD_EARNINGS@PAY_INCIDENCE(1.0),Incidence of low and high pay,I,DEU,Germany,HP_I,High pay Incidence,PT_EMP_FT,Percentage of full-time employment,_Z,Not applicable,_Z,Not applicable,_Z,Not applicable,F,Female,2023,,9.673289566,,,,A,Normal value,0,Units,1,One
DATAFLOW,OECD.ELS.SAE:DSD_EARNINGS@PAY_INCIDENCE(1.0),Incidence of low and high pay,I,ITA,Italy,HP_I,High pay Incidence,PT_EMP_FT,Percentage of full-time employment,_Z,Not applicable,_Z,Not applicable,_Z,Not applicable,F,Female,2002,,9.998348951,,,,A,Normal value,0,Units,1,One
DATAFLOW,OECD.ELS.SAE:DSD_EARNINGS@PAY_INCIDENCE(1.0),Incidence of low and high pay,I,ITA,Italy,HP_I,High pay Incidence,PT_EMP_FT,Percentage of full-time employment,_Z,Not applicable,_Z,Not applicable,_Z,Not applicable,F,Female,2006,,10.99933267,,,,A,Normal value,0,Units,1,One
DATAFLOW,OECD.ELS.SAE:DSD_EARNINGS@PAY_INCIDENCE(1.0),Incidence of low and high pay,I,ITA,Italy,HP_I,High pay Incidence,PT_EMP_FT,Percentage of full-time employment,_Z,Not applicable,_Z,Not applicable,_Z,Not applicable,F,Female,2010,,11.99966792,,,,A,Normal value,0,Units,1,One
DATAFLOW,OECD.ELS.SAE:DSD_EARNINGS@PAY_INCIDENCE(1.0),Incidence of low and high pay,I,ITA,Italy,HP_I,High pay Incidence,PT_EMP_FT,Percentage of full-time employment,_Z,Not applicable,_Z,Not applicable,_Z,Not applicable,F,Female,2014,,11.99990864,,,,A,Normal value,0,Units,1,One
DATAFLOW,OECD.ELS.SAE:DSD_EARNINGS@PAY_INCIDENCE(1.0),Incidence of low and high pay,I,ITA,Italy,HP_I,High pay Incidence,PT_EMP_FT,Percentage of full-time employment,_Z,Not applicable,_Z,Not applicable,_Z,Not applicable,F,Female,2018,,12.99899557,,,,A,Normal value,0,Units,1,One
DATAFLOW,OECD.ELS.SAE:DSD_EARNINGS@PAY_INCIDENCE(1.0),Incidence of low and high pay,I,ITA,Italy,HP_I,High pay Incidence,PT_EMP_FT,Percentage of full-time employment,_Z,Not applicable,_Z,Not applicable,_Z,Not applicable,F,Female,2022,,16.35190781,,,,A,Normal value,0,Units,1,One
DATAFLOW,OECD.ELS.SAE:DSD_EARNINGS@PAY_INCIDENCE(1.0),Incidence of low and high pay,I,ITA,Italy,HP_I,High pay Incidence,PT_EMP_FT,Percentage of full-time employment,_Z,Not applicable,_Z,Not applicable,_Z,Not applicable,F,Female,2023,,18.71409296,,,,A,Normal value,0,Units,1,One
DATAFLOW,OECD.ELS.SAE:DSD_EARNINGS@PAY_INCIDENCE(1.0),Incidence of low and high pay,I,ESP,Spain,HP_I,High pay Incidence,PT_EMP_FT,Percentage of full-time employment,_Z,Not applicable,_Z,Not applicable,_Z,Not applicable,F,Female,2002,,17.99912226,,,,A,Normal value,0,Units,1,One
DATAFLOW,OECD.ELS.SAE:DSD_EARNINGS@PAY_INCIDENCE(1.0),Incidence of low and high pay,I,ESP,Spain,HP_I,High pay Incidence,PT_EMP_FT,Percentage of full-time employment,_Z,Not applicable,_Z,Not applicable,_Z,Not applicable,F,Female,2006,,18.99868879,,,,A,Normal value,0,Units,1,One
DATAFLOW,OECD.ELS.SAE:DSD_EARNINGS@PAY_INCIDENCE(1.0),Incidence of low and high pay,I,ESP,Spain,HP_I,High pay Incidence,PT_EMP_FT,Percentage of full-time employment,_Z,Not applicable,_Z,Not applicable,_Z,Not applicable,F,Female,2010,,20.0,,,,A,Normal value,0,Units,1,One
DATAFLOW,OECD.ELS.SAE:DSD_EARNINGS@PAY_INCIDENCE(1.0),Incidence of low and high pay,I,ESP,Spain,HP_I,High pay Incidence,PT_EMP_FT,Percentage of full-time employment,_Z,Not applicable,_Z,Not applicable,_Z,Not applicable,F,Female,2014,,21.9983545,,,,A,Normal value,0,Units,1,One
DATAFLOW,OECD.ELS.SAE:DSD_EARNINGS@PAY_INCIDENCE(1.0),Incidence of low and high pay,I,ESP,Spain,HP_I,High pay Incidence,PT_EMP_FT,Percentage of full-time employment,_Z,Not applicable,_Z,Not applicable,_Z,Not applicable,F,Female,2018,,22.9994899,,,,A,Normal value,0,Units,1,One
DATAFLOW,OECD.ELS.SAE:DSD_EARNINGS@PAY_INCIDENCE(1.0),Incidence of low and high pay,I,ESP,Spain,HP_I,High pay Incidence,PT_EMP_FT,Percentage of full-time employment,_Z,Not applicable,_Z,Not applicable,_Z,Not applicable,F,Female,2022,,24.0052664,,,,A,Normal value,0,Units,1,One
DATAFLOW,OECD.ELS.SAE:DSD_EARNINGS@PAY_INCIDENCE(1.0),Incidence of low and high pay,I,ESP,Spain,HP_I,High pay Incidence,PT_EMP_FT,Percentage of full-time employment,_Z,Not applicable,_Z,Not applicable,_Z,Not applicable,F,Female,2023,,23.15320821,,,,A,Normal value,0,Units,1,One
DATAFLOW,OECD.ELS.SAE:DSD_EARNINGS@PAY_INCIDENCE(1.0),Incidence of low and high pay,I,OECD,OECD,HP_I,High pay Incidence,PT_EMP_FT,Percentage of full-time employment,_Z,Not applicable,_Z,Not applicable,_Z,Not applicable,F,Female,1995,,14.76455263,,,,A,Normal value,0,Units,1,One
DATAFLOW,OECD.ELS.SAE:DSD_EARNINGS@PAY_INCIDENCE(1.0),Incidence of low and high pay,I,OECD,OECD,HP_I,High pay Incidence,PT_EMP_FT,Percentage of full-time employment,_Z,Not applicable,_Z,Not applicable,_Z,Not applicable,F,Female,1996,,14.80978398,,,,A,Normal value,0,Units,1,One
DATAFLOW,OECD.ELS.SAE:DSD_EARNINGS@PAY_INCIDENCE(1.0),Incidence of low and high pay,I,OECD,OECD,HP_I,High pay Incidence,PT_EMP_FT,Percentage of full-time employment,_Z,Not applicable,_Z,Not applicable,_Z,Not applicable,F,Female,1997,,14.76022983,,,,A,Normal value,0,Units,1,One
DATAFLOW,OECD.ELS.SAE:DSD_EARNINGS@PAY_INCIDENCE(1.0),Incidence of low and high pay,I,OECD,OECD,HP_I,High pay Incidence,PT_EMP_FT,Percentage of full-time employment,_Z,Not applicable,_Z,Not applicable,_Z,Not applicable,F,Female,1998,,14.95029587,,,,A,Normal value,0,Units,1,One
DATAFLOW,OECD.ELS.SAE:DSD_EARNINGS@PAY_INCIDENCE(1.0),Incidence of low and high pay,I,OECD,OECD,HP_I,High pay Incidence,PT_EMP_FT,Percentage of full-time employment,_Z,Not applicable,_Z,Not applicable,_Z,Not applicable,F,Female,1999,,15.04941314,,,,A,Normal value,0,Units,1,One
DATAFLOW,OECD.ELS.SAE:DSD_EARNINGS@PAY_INCIDENCE(1.0),Incidence of low and high pay,I,OECD,OECD,HP_I,High pay Incidence,PT_EMP_FT,Percentage of full-time employment,_Z,Not applicable,_Z,Not applicable,_Z,Not applicable,F,Female,2000,,15.0980142,,,,A,Normal value,0,Units,1,One
DATAFLOW,OECD.ELS.SAE:DSD_EARNINGS@PAY_INCIDENCE(1.0),Incidence of low and high pay,I,OECD,OECD,HP_I,High pay Incidence,PT_EMP_FT,Percentage of full-time employment,_Z,Not applicable,_Z,Not applicable,_Z,Not applicable,F,Female,2001,,14.89249726,,,,A,Normal value,0,Units,1,One
DATAFLOW,OECD.ELS.SAE:DSD_EARNINGS@PAY_INCIDENCE(1.0),Incidence of low and high pay,I,OECD,OECD,HP_I,High pay Incidence,PT_EMP_FT,Percentage of full-time employment,_Z,Not applicable,_Z,Not applicable,_Z,Not applicable,F,Female,2002,,15.05160858,,,,A,Normal value,0,Units,1,One
DATAFLOW,OECD.ELS.SAE:DSD_EARNINGS@PAY_INCIDENCE(1.0),Incidence of low and high pay,I,OECD,OECD,HP_I,High pay Incidence,PT_EMP_FT,Percentage of full-time employment,_Z,Not applicable,_Z,Not applicable,_Z,Not applicable,F,Female,2003,,15.13738434,,,,A,Normal value,0,Units,1,One
DATAFLOW,OECD.ELS.SAE:DSD_EARNINGS@PAY_INCIDENCE(1.0),Incidence of low and high pay,I,OECD,OECD,HP_I,High pay Incidence,PT_EMP_FT,Percentage of full-time employment,_Z,Not applicable,_Z,Not applicable,_Z,Not applicable,F,Female,2004,,15.366913,,,,A,Normal value,0,Units,1,One
DATAFLOW,OECD.ELS.SAE:DSD_EARNINGS@PAY_INCIDENCE(1.0),Incidence of low and high pay,I,OECD,OECD,HP_I,High pay Incidence,PT_EMP_FT,Percentage of full-time employment,_Z,Not applicable,_Z,Not applicable,_Z,Not applicable,F,Female,2005,,15.46727481,,,,A,Normal value,0,Units,1,One
DATAFLOW,OECD.ELS.SAE:DSD_EARNINGS@PAY_INCIDENCE(1.0),Incidence of low and high pay,I,OECD,OECD,HP_I,High pay Incidence,PT_EMP_FT,Percentage of full-time employment,_Z,Not applicable,_Z,Not applicable,_Z,Not applicable,F,Female,2006,,15.96527527,,,,A,Normal value,0,Units,1,One
DATAFLOW,OECD.ELS.SAE:DSD_EARNINGS@PAY_INCIDENCE(1.0),Incidence of low and high pay,I,OECD,OECD,HP_I,High pay Incidence,PT_EMP_FT,Percentage of full-time employment,_Z,Not applicable,_Z,Not applicable,_Z,Not applicable,F,Female,2007,,16.4200599,,,,A,Normal value,0,Units,1,One
DATAFLOW,OECD.ELS.SAE:DSD_EARNINGS@PAY_INCIDENCE(1.0),Incidence of low and high pay,I,OECD,OECD,HP_I,High pay Incidence,PT_EMP_FT,Percentage of full-time employment,_Z,Not applicable,_Z,Not applicable,_Z,Not applicable,F,Female,2008,,16.41630924,,,,A,Normal value,0,Units,1,One
DATAFLOW,OECD.ELS.SAE:DSD_EARNINGS@PAY_INCIDENCE(1.0),Incidence of low and high pay,I,OECD,OECD,HP_I,High pay Incidence,PT_EMP_FT,Percentage of full-time employment,_Z,Not applicable,_Z,Not applicable,_Z,Not applicable,F,Female,2009,,16.86631112,,,,A,Normal value,0,Units,1,One
DATAFLOW,OECD.ELS.SAE:DSD_EARNINGS@PAY_INCIDENCE(1.0),Incidence of low and high pay,I,OECD,OECD,HP_I,High pay Incidence,PT_EMP_FT,Percentage of full-time employment,_Z,Not applicable,_Z,Not applicable,_Z,Not applicable,F,Female,2010,,17.10968395,,,,A,Normal value,0,Units,1,One
DATAFLOW,OECD.ELS.SAE:DSD_EARNINGS@PAY_INCIDENCE(1.0),Incidence of low and high pay,I,OECD,OECD,HP_I,High pay Incidence,PT_EMP_FT,Percentage of full-time employment,_Z,Not applicable,_Z,Not applicable,_Z,Not applicable,F,Female,2011,,17.00520703,,,,A,Normal value,0,Units,1,One
DATAFLOW,OECD.ELS.SAE:DSD_EARNINGS@PAY_INCIDENCE(1.0),Incidence of low and high pay,I,OECD,OECD,HP_I,High pay Incidence,PT_EMP_FT,Percentage of full-time employment,_Z,Not applicable,_Z,Not applicable,_Z,Not applicable,F,Female,2012,,16.91086165,,,,A,Normal value,0,Units,1,One
DATAFLOW,OECD.ELS.SAE:DSD_EARNINGS@PAY_INCIDENCE(1.0),Incidence of low and high pay,I,OECD,OECD,HP_I,High pay Incidence,PT_EMP_FT,Percentage of full-time employment,_Z,Not applicable,_Z,Not applicable,_Z,Not applicable,F,Female,2013,,16.85753562,,,,A,Normal value,0,Units,1,One
DATAFLOW,OECD.ELS.SAE:DSD_EARNINGS@PAY_INCIDENCE(1.0),Incidence of low and high pay,I,OECD,OECD,HP_I,High pay Incidence,PT_EMP_FT,Percentage of full-time employment,_Z,Not applicable,_Z,Not applicable,_Z,Not applicable,F,Female,2014,,16.65215798,,,,A,Normal value,0,Units,1,One
DATAFLOW,OECD.ELS.SAE:DSD_EARNINGS@PAY_INCIDENCE(1.0),Incidence of low and high pay,I,OECD,OECD,HP_I,High pay Incidence,PT_EMP_FT,Percentage of full-time employment,_Z,Not applicable,_Z,Not applicable,_Z,Not applicable,F,Female,2015,,16.81520583,,,,A,Normal value,0,Units,1,One
DATAFLOW,OECD.ELS.SAE:DSD_EARNINGS@PAY_INCIDENCE(1.0),Incidence of low and high pay,I,OECD,OECD,HP_I,High pay Incidence,PT_EMP_FT,Percentage of full-time employment,_Z,Not applicable,_Z,Not applicable,_Z,Not applicable,F,Female,2016,,17.01213139,,,,A,Normal value,0,Units,1,One
DATAFLOW,OECD.ELS.SAE:DSD_EARNINGS@PAY_INCIDENCE(1.0),Incidence of low and high pay,I,OECD,OECD,HP_I,High pay Incidence,PT_EMP_FT,Percentage of full-time employment,_Z,Not applicable,_Z,Not applicable,_Z,Not applicable,F,Female,2017,,17.1804211,,,,A,Normal value,0,Units,1,One
DATAFLOW,OECD.ELS.SAE:DSD_EARNINGS@PAY_INCIDENCE(1.0),Incidence of low and high pay,I,OECD,OECD,HP_I,High pay Incidence,PT_EMP_FT,Percentage of full-time employment,_Z,Not applicable,_Z,Not applicable,_Z,Not applicable,F,Female,2018,,16.80905199,,,,A,Normal value,0,Units,1,One
DATAFLOW,OECD.ELS.SAE:DSD_EARNINGS@PAY_INCIDENCE(1.0),Incidence of low and high pay,I,OECD,OECD,HP_I,High pay Incidence,PT_EMP_FT,Percentage of full-time employment,_Z,Not applicable,_Z,Not applicable,_Z,Not applicable,F,Female,2019,,17.53752523,,,,A,Normal value,0,Units,1,One
DATAFLOW,OECD.ELS.SAE:DSD_EARNINGS@PAY_INCIDENCE(1.0),Incidence of low and high pay,I,OECD,OECD,HP_I,High pay Incidence,PT_EMP_FT,Percentage of full-time employment,_Z,Not applicable,_Z,Not applicable,_Z,Not applicable,F,Female,2020,,18.32328835,,,,A,Normal value,0,Units,1,One
DATAFLOW,OECD.ELS.SAE:DSD_EARNINGS@PAY_INCIDENCE(1.0),Incidence of low and high pay,I,OECD,OECD,HP_I,High pay Incidence,PT_EMP_FT,Percentage of full-time employment,_Z,Not applicable,_Z,Not applicable,_Z,Not applicable,F,Female,2021,,17.6399756,,,,A,Normal value,0,Units,1,One
DATAFLOW,OECD.ELS.SAE:DSD_EARNINGS@PAY_INCIDENCE(1.0),Incidence of low and high pay,I,OECD,OECD,HP_I,High pay Incidence,PT_EMP_FT,Percentage of full-time employment,_Z,Not applicable,_Z,Not applicable,_Z,Not applicable,F,Female,2022,,17.32160181,,,,A,Normal value,0,Units,1,One
DATAFLOW,OECD.ELS.SAE:DSD_EARNINGS@PAY_INCIDENCE(1.0),Incidence of low and high pay,I,OECD,OECD,HP_I,High pay Incidence,PT_EMP_FT,Percentage of full-time employment,_Z,Not applicable,_Z,Not applicable,_Z,Not applicable,F,Female,2023,,17.93969238,,,,A,Normal value,0,Units,1,One
DATAFLOW,OECD.ELS.SAE:DSD_EARNINGS@PAY_INCIDENCE(1.0),Incidence of low and high pay,I,FRA,France,HP_I,High pay Incidence,PT_EMP_FT,Percentage of full-time employment,_Z,Not applicable,_Z,Not applicable,_Z,Not applicable,_T,Total,2002,,20.99994201,,,,A,Normal value,0,Units,1,One
DATAFLOW,OECD.ELS.SAE:DSD_EARNINGS@PAY_INCIDENCE(1.0),Incidence of low and high pay,I,FRA,France,HP_I,High pay Incidence,PT_EMP_FT,Percentage of full-time employment,_Z,Not applicable,_Z,Not applicable,_Z,Not applicable,_T,Total,2006,,19.9999825,,,,A,Normal value,0,Units,1,One
DATAFLOW,OECD.ELS.SAE:DSD_EARNINGS@PAY_INCIDENCE(1.0),Incidence of low and high pay,I,FRA,France,HP_I,High pay Incidence,PT_EMP_FT,Percentage of full-time employment,_Z,Not applicable,_Z,Not applicable,_Z,Not applicable,_T,Total,2010,,21.99993807,,,,A,Normal value,0,Units,1,One
DATAFLOW,OECD.ELS.SAE:DSD_EARNINGS@PAY_INCIDENCE(1.0),Incidence of low and high pay,I,FRA,France,HP_I,High pay Incidence,PT_EMP_FT,Percentage of full-time employment,_Z,Not applicable,_Z,Not applicable,_Z,Not applicable,_T,Total,2014,,20.99989468,,,,A,Normal value,0,Units,1,One
DATAFLOW,OECD.ELS.SAE:DSD_EARNINGS@PAY_INCIDENCE(1.0),Incidence of low and high pay,I,FRA,France,HP_I,High pay Incidence,PT_EMP_FT,Percentage of full-time employment,_Z,Not applicable,_Z,Not applicable,_Z,Not applicable,_T,Total,2018,,20.99997434,,,,A,Normal value,0,Units,1,One
DATAFLOW,OECD.ELS.SAE:DSD_EARNINGS@PAY_INCIDENCE(1.0),Incidence of low and high pay,I,DEU,Germany,HP_I,High pay Incidence,PT_EMP_FT,Percentage of full-time employment,_Z,Not applicable,_Z,Not applicable,_Z,Not applicable,_T,Total,1992,,16.76579925,,,,A,Normal value,0,Units,1,One
DATAFLOW,OECD.ELS.SAE:DSD_EARNINGS@PAY_INCIDENCE(1.0),Incidence of low and high pay,I,DEU,Germany,HP_I,High pay Incidence,PT_EMP_FT,Percentage of full-time employment,_Z,Not applicable,_Z,Not applicable,_Z,Not applicable,_T,Total,1993,,17.22093612,,,,A,Normal value,0,Units,1,One
DATAFLOW,OECD.ELS.SAE:DSD_EARNINGS@PAY_INCIDENCE(1.0),Incidence of low and high pay,I,DEU,Germany,HP_I,High pay Incidence,PT_EMP_FT,Percentage of full-time employment,_Z,Not applicable,_Z,Not applicable,_Z,Not applicable,_T,Total,1994,,15.53811548,,,,A,Normal value,0,Units,1,One
DATAFLOW,OECD.ELS.SAE:DSD_EARNINGS@PAY_INCIDENCE(1.0),Incidence of low and high pay,I,DEU,Germany,HP_I,High pay Incidence,PT_EMP_FT,Percentage of full-time employment,_Z,Not applicable,_Z,Not applicable,_Z,Not applicable,_T,Total,1995,,16.69946088,,,,A,Normal value,0,Units,1,One
DATAFLOW,OECD.ELS.SAE:DSD_EARNINGS@PAY_INCIDENCE(1.0),Incidence of low and high pay,I,DEU,Germany,HP_I,High pay Incidence,PT_EMP_FT,Percentage of full-time employment,_Z,Not applicable,_Z,Not applicable,_Z,Not applicable,_T,Total,1996,,16.61994568,,,,A,Normal value,0,Units,1,One
DATAFLOW,OECD.ELS.SAE:DSD_EARNINGS@PAY_INCIDENCE(1.0),Incidence of low and high pay,I,DEU,Germany,HP_I,High pay Incidence,PT_EMP_FT,Percentage of full-time employment,_Z,Not applicable,_Z,Not applicable,_Z,Not applicable,_T,Total,1997,,15.75038798,,,,A,Normal value,0,Units,1,One
DATAFLOW,OECD.ELS.SAE:DSD_EARNINGS@PAY_INCIDENCE(1.0),Incidence of low and high pay,I,DEU,Germany,HP_I,High pay Incidence,PT_EMP_FT,Percentage of full-time employment,_Z,Not applicable,_Z,Not applicable,_Z,Not applicable,_T,Total,1998,,17.01520825,,,,A,Normal value,0,Units,1,One
DATAFLOW,OECD.ELS.SAE:DSD_EARNINGS@PAY_INCIDENCE(1.0),Incidence of low and high pay,I,DEU,Germany,HP_I,High pay Incidence,PT_EMP_FT,Percentage of full-time employment,_Z,Not applicable,_Z,Not applicable,_Z,Not applicable,_T,Total,1999,,17.27096219,,,,A,Normal value,0,Units,1,One
DATAFLOW,OECD.ELS.SAE:DSD_EARNINGS@PAY_INCIDENCE(1.0),Incidence of low and high pay,I,DEU,Germany,HP_I,High pay Incidence,PT_EMP_FT,Percentage of full-time employment,_Z,Not applicable,_Z,Not applicable,_Z,Not applicable,_T,Total,2000,,16.09283642,,,,A,Normal value,0,Units,1,One
DATAFLOW,OECD.ELS.SAE:DSD_EARNINGS@PAY_INCIDENCE(1.0),Incidence of low and high pay,I,DEU,Germany,HP_I,High pay Incidence,PT_EMP_FT,Percentage of full-time employment,_Z,Not applicable,_Z,Not applicable,_Z,Not applicable,_T,Total,2001,,15.92793087,,,,A,Normal value,0,Units,1,One
DATAFLOW,OECD.ELS.SAE:DSD_EARNINGS@PAY_INCIDENCE(1.0),Incidence of low and high pay,I,DEU,Germany,HP_I,High pay Incidence,PT_EMP_FT,Percentage of full-time employment,_Z,Not applicable,_Z,Not applicable,_Z,Not applicable,_T,Total,2002,,16.00323834,,,,A,Normal value,0,Units,1,One
DATAFLOW,OECD.ELS.SAE:DSD_EARNINGS@PAY_INCIDENCE(1.0),Incidence of low and high pay,I,DEU,Germany,HP_I,High pay Incidence,PT_EMP_FT,Percentage of full-time employment,_Z,Not applicable,_Z,Not applicable,_Z,Not applicable,_T,Total,2003,,15.94370131,,,,A,Normal value,0,Units,1,One
DATAFLOW,OECD.ELS.SAE:DSD_EARNINGS@PAY_INCIDENCE(1.0),Incidence of low and high pay,I,DEU,Germany,HP_I,High pay Incidence,PT_EMP_FT,Percentage of full-time employment,_Z,Not applicable,_Z,Not applicable,_Z,Not applicable,_T,Total,2004,,17.01584511,,,,A,Normal value,0,Units,1,One
DATAFLOW,OECD.ELS.SAE:DSD_EARNINGS@PAY_INCIDENCE(1.0),Incidence of low and high pay,I,DEU,Germany,HP_I,High pay Incidence,PT_EMP_FT,Percentage of full-time employment,_Z,Not applicable,_Z,Not applicable,_Z,Not applicable,_T,Total,2005,,16.28174092,,,,A,Normal value,0,Units,1,One
DATAFLOW,OECD.ELS.SAE:DSD_EARNINGS@PAY_INCIDENCE(1.0),Incidence of low and high pay,I,DEU,Germany,HP_I,High pay Incidence,PT_EMP_FT,Percentage of full-time employment,_Z,Not applicable,_Z,Not applicable,_Z,Not applicable,_T,Total,2006,,17.97556597,,,,A,Normal value,0,Units,1,One
DATAFLOW,OECD.ELS.SAE:DSD_EARNINGS@PAY_INCIDENCE(1.0),Incidence of low and high pay,I,DEU,Germany,HP_I,High pay Incidence,PT_EMP_FT,Percentage of full-time employment,_Z,Not applicable,_Z,Not applicable,_Z,Not applicable,_T,Total,2007,,16.6083978,,,,A,Normal value,0,Units,1,One
DATAFLOW,OECD.ELS.SAE:DSD_EARNINGS@PAY_INCIDENCE(1.0),Incidence of low and high pay,I,DEU,Germany,HP_I,High pay Incidence,PT_EMP_FT,Percentage of full-time employment,_Z,Not applicable,_Z,Not applicable,_Z,Not applicable,_T,Total,2008,,17.2444952,,,,A,Normal value,0,Units,1,One
DATAFLOW,OECD.ELS.SAE:DSD_EARNINGS@PAY_INCIDENCE(1.0),Incidence of low and high pay,I,DEU,Germany,HP_I,High pay Incidence,PT_EMP_FT,Percentage of full-time employment,_Z,Not applicable,_Z,Not applicable,_Z,Not applicable,_T,Total,2009,,16.91118202,,,,A,Normal value,0,Units,1,One
DATAFLOW,OECD.ELS.SAE:DSD_EARNINGS@PAY_INCIDENCE(1.0),Incidence of low and high pay,I,DEU,Germany,HP_I,High pay Incidence,PT_EMP_FT,Percentage of full-time employment,_Z,Not applicable,_Z,Not applicable,_Z,Not applicable,_T,Total,2010,,17.18570787,,,,A,Normal value,0,Units,1,One
DATAFLOW,OECD.ELS.SAE:DSD_EARNINGS@PAY_INCIDENCE(1.0),Incidence of low and high pay,I,DEU,Germany,HP_I,High pay Incidence,PT_EMP_FT,Percentage of full-time employment,_Z,Not applicable,_Z,Not applicable,_Z,Not applicable,_T,Total,2011,,18.78831367,,,,A,Normal value,0,Units,1,One
DATAFLOW,OECD.ELS.SAE:DSD_EARNINGS@PAY_INCIDENCE(1.0),Incidence of low and high pay,I,DEU,Germany,HP_I,High pay Incidence,PT_EMP_FT,Percentage of full-time employment,_Z,Not applicable,_Z,Not applicable,_Z,Not applicable,_T,Total,2012,,18.36245471,,,,A,Normal value,0,Units,1,One
DATAFLOW,OECD.ELS.SAE:DSD_EARNINGS@PAY_INCIDENCE(1.0),Incidence of low and high pay,I,DEU,Germany,HP_I,High pay Incidence,PT_EMP_FT,Percentage of full-time employment,_Z,Not applicable,_Z,Not applicable,_Z,Not applicable,_T,Total,2013,,18.91700617,,,,A,Normal value,0,Units,1,One
DATAFLOW,OECD.ELS.SAE:DSD_EARNINGS@PAY_INCIDENCE(1.0),Incidence of low and high pay,I,DEU,Germany,HP_I,High pay Incidence,PT_EMP_FT,Percentage of full-time employment,_Z,Not applicable,_Z,Not applicable,_Z,Not applicable,_T,Total,2014,,18.71191322,,,,A,Normal value,0,Units,1,One
DATAFLOW,OECD.ELS.SAE:DSD_EARNINGS@PAY_INCIDENCE(1.0),Incidence of low and high pay,I,DEU,Germany,HP_I,High pay Incidence,PT_EMP_FT,Percentage of full-time employment,_Z,Not applicable,_Z,Not applicable,_Z,Not applicable,_T,Total,2015,,20.05771507,,,,A,Normal value,0,Units,1,One
DATAFLOW,OECD.ELS.SAE:DSD_EARNINGS@PAY_INCIDENCE(1.0),Incidence of low and high pay,I,DEU,Germany,HP_I,High pay Incidence,PT_EMP_FT,Percentage of full-time employment,_Z,Not applicable,_Z,Not applicable,_Z,Not applicable,_T,Total,2016,,18.33852664,,,,A,Normal value,0,Units,1,One
DATAFLOW,OECD.ELS.SAE:DSD_EARNINGS@PAY_INCIDENCE(1.0),Incidence of low and high pay,I,DEU,Germany,HP_I,High pay Incidence,PT_EMP_FT,Percentage of full-time employment,_Z,Not applicable,_Z,Not applicable,_Z,Not applicable,_T,Total,2017,,19.15092837,,,,A,Normal value,0,Units,1,One
DATAFLOW,OECD.ELS.SAE:DSD_EARNINGS@PAY_INCIDENCE(1.0),Incidence of low and high pay,I,DEU,Germany,HP_I,High pay Incidence,PT_EMP_FT,Percentage of full-time employment,_Z,Not applicable,_Z,Not applicable,_Z,Not applicable,_T,Total,2018,,18.98289196,,,,A,Normal value,0,Units,1,One
DATAFLOW,OECD.ELS.SAE:DSD_EARNINGS@PAY_INCIDENCE(1.0),Incidence of low and high pay,I,DEU,Germany,HP_I,High pay Incidence,PT_EMP_FT,Percentage of full-time employment,_Z,Not applicable,_Z,Not applicable,_Z,Not applicable,_T,Total,2019,,17.76771078,,,,A,Normal value,0,Units,1,One
DATAFLOW,OECD.ELS.SAE:DSD_EARNINGS@PAY_INCIDENCE(1.0),Incidence of low and high pay,I,DEU,Germany,HP_I,High pay Incidence,PT_EMP_FT,Percentage of full-time employment,_Z,Not applicable,_Z,Not applicable,_Z,Not applicable,_T,Total,2020,,17.95234441,,,,A,Normal value,0,Units,1,One
DATAFLOW,OECD.ELS.SAE:DSD_EARNINGS@PAY_INCIDENCE(1.0),Incidence of low and high pay,I,DEU,Germany,HP_I,High pay Incidence,PT_EMP_FT,Percentage of full-time employment,_Z,Not applicable,_Z,Not applicable,_Z,Not applicable,_T,Total,2021,,18.18132535,,,,A,Normal value,0,Units,1,One
DATAFLOW,OECD.ELS.SAE:DSD_EARNINGS@PAY_INCIDENCE(1.0),Incidence of low and high pay,I,DEU,Germany,HP_I,High pay Incidence,PT_EMP_FT,Percentage of full-time employment,_Z,Not applicable,_Z,Not applicable,_Z,Not applicable,_T,Total,2022,,18.07860769,,,,A,Normal value,0,Units,1,One
DATAFLOW,OECD.ELS.SAE:DSD_EARNINGS@PAY_INCIDENCE(1.0),Incidence of low and high pay,I,DEU,Germany,HP_I,High pay Incidence,PT_EMP_FT,Percentage of full-time employment,_Z,Not applicable,_Z,Not applicable,_Z,Not applicable,_T,Total,2023,,18.40281142,,,,A,Normal value,0,Units,1,One
DATAFLOW,OECD.ELS.SAE:DSD_EARNINGS@PAY_INCIDENCE(1.0),Incidence of low and high pay,I,ITA,Italy,HP_I,High pay Incidence,PT_EMP_FT,Percentage of full-time employment,_Z,Not applicable,_Z,Not applicable,_Z,Not applicable,_T,Total,2002,,17.99929554,,,,A,Normal value,0,Units,1,One
DATAFLOW,OECD.ELS.SAE:DSD_EARNINGS@PAY_INCIDENCE(1.0),Incidence of low and high pay,I,ITA,Italy,HP_I,High pay Incidence,PT_EMP_FT,Percentage of full-time employment,_Z,Not applicable,_Z,Not applicable,_Z,Not applicable,_T,Total,2006,,18.99896291,,,,A,Normal value,0,Units,1,One
DATAFLOW,OECD.ELS.SAE:DSD_EARNINGS@PAY_INCIDENCE(1.0),Incidence of low and high pay,I,ITA,Italy,HP_I,High pay Incidence,PT_EMP_FT,Percentage of full-time employment,_Z,Not applicable,_Z,Not applicable,_Z,Not applicable,_T,Total,2010,,17.99969783,,,,A,Normal value,0,Units,1,One
DATAFLOW,OECD.ELS.SAE:DSD_EARNINGS@PAY_INCIDENCE(1.0),Incidence of low and high pay,I,ITA,Italy,HP_I,High pay Incidence,PT_EMP_FT,Percentage of full-time employment,_Z,Not applicable,_Z,Not applicable,_Z,Not applicable,_T,Total,2014,,18.99994742,,,,A,Normal value,0,Units,1,One
DATAFLOW,OECD.ELS.SAE:DSD_EARNINGS@PAY_INCIDENCE(1.0),Incidence of low and high pay,I,ITA,Italy,HP_I,High pay Incidence,PT_EMP_FT,Percentage of full-time employment,_Z,Not applicable,_Z,Not applicable,_Z,Not applicable,_T,Total,2018,,18.99992839,,,,A,Normal value,0,Units,1,One
DATAFLOW,OECD.ELS.SAE:DSD_EARNINGS@PAY_INCIDENCE(1.0),Incidence of low and high pay,I,ESP,Spain,HP_I,High pay Incidence,PT_EMP_FT,Percentage of full-time employment,_Z,Not applicable,_Z,Not applicable,_Z,Not applicable,_T,Total,2002,,25.99967825,,,,A,Normal value,0,Units,1,One
DATAFLOW,OECD.ELS.SAE:DSD_EARNINGS@PAY_INCIDENCE(1.0),Incidence of low and high pay,I,ESP,Spain,HP_I,High pay Incidence,PT_EMP_FT,Percentage of full-time employment,_Z,Not applicable,_Z,Not applicable,_Z,Not applicable,_T,Total,2006,,24.99918926,,,,A,Normal value,0,Units,1,One
DATAFLOW,OECD.ELS.SAE:DSD_EARNINGS@PAY_INCIDENCE(1.0),Incidence of low and high pay,I,ESP,Spain,HP_I,High pay Incidence,PT_EMP_FT,Percentage of full-time employment,_Z,Not applicable,_Z,Not applicable,_Z,Not applicable,_T,Total,2010,,24.99987984,,,,A,Normal value,0,Units,1,One
DATAFLOW,OECD.ELS.SAE:DSD_EARNINGS@PAY_INCIDENCE(1.0),Incidence of low and high pay,I,ESP,Spain,HP_I,High pay Incidence,PT_EMP_FT,Percentage of full-time employment,_Z,Not applicable,_Z,Not applicable,_Z,Not applicable,_T,Total,2014,,25.9998759,,,,A,Normal value,0,Units,1,One
DATAFLOW,OECD.ELS.SAE:DSD_EARNINGS@PAY_INCIDENCE(1.0),Incidence of low and high pay,I,ESP,Spain,HP_I,High pay Incidence,PT_EMP_FT,Percentage of full-time employment,_Z,Not applicable,_Z,Not applicable,_Z,Not applicable,_T,Total,2018,,25.99987387,,,,A,Normal value,0,Units,1,One
DATAFLOW,OECD.ELS.SAE:DSD_EARNINGS@PAY_INCIDENCE(1.0),Incidence of low and high pay,I,GBR,United Kingdom,HP_I,High pay Incidence,PT_EMP_FT,Percentage of full-time employment,_Z,Not applicable,_Z,Not applicable,_Z,Not applicable,_T,Total,1997,,25.2,,,,A,Normal value,0,Units,1,One
DATAFLOW,OECD.ELS.SAE:DSD_EARNINGS@PAY_INCIDENCE(1.0),Incidence of low and high pay,I,GBR,United Kingdom,HP_I,High pay Incidence,PT_EMP_FT,Percentage of full-time employment,_Z,Not applicable,_Z,Not applicable,_Z,Not applicable,_T,Total,1998,,25.5,,,,A,Normal value,0,Units,1,One
DATAFLOW,OECD.ELS.SAE:DSD_EARNINGS@PAY_INCIDENCE(1.0),Incidence of low and high pay,I,GBR,United Kingdom,HP_I,High pay Incidence,PT_EMP_FT,Percentage of full-time employment,_Z,Not applicable,_Z,Not applicable,_Z,Not applicable,_T,Total,1999,,25.4,,,,A,Normal value,0,Units,1,One
DATAFLOW,OECD.ELS.SAE:DSD_EARNINGS@PAY_INCIDENCE(1.0),Incidence of low and high pay,I,GBR,United Kingdom,HP_I,High pay Incidence,PT_EMP_FT,Percentage of full-time employment,_Z,Not applicable,_Z,Not applicable,_Z,Not applicable,_T,Total,2000,,25.7,,,,A,Normal value,0,Units,1,One
DATAFLOW,OECD.ELS.SAE:DSD_EARNINGS@PAY_INCIDENCE(1.0),Incidence of low and high pay,I,GBR,United Kingdom,HP_I,High pay Incidence,PT_EMP_FT,Percentage of full-time employment,_Z,Not applicable,_Z,Not applicable,_Z,Not applicable,_T,Total,2001,,26.0,,,,A,Normal value,0,Units,1,One
DATAFLOW,OECD.ELS.SAE:DSD_EARNINGS@PAY_INCIDENCE(1.0),Incidence of low and high pay,I,GBR,United Kingdom,HP_I,High pay Incidence,PT_EMP_FT,Percentage of full-time employment,_Z,Not applicable,_Z,Not applicable,_Z,Not applicable,_T,Total,2002,,25.9,,,,A,Normal value,0,Units,1,One
DATAFLOW,OECD.ELS.SAE:DSD_EARNINGS@PAY_INCIDENCE(1.0),Incidence of low and high pay,I,GBR,United Kingdom,HP_I,High pay Incidence,PT_EMP_FT,Percentage of full-time employment,_Z,Not applicable,_Z,Not applicable,_Z,Not applicable,_T,Total,2003,,26.0,,,,A,Normal value,0,Units,1,One
DATAFLOW,OECD.ELS.SAE:DSD_EARNINGS@PAY_INCIDENCE(1.0),Incidence of low and high pay,I,GBR,United Kingdom,HP_I,High pay Incidence,PT_EMP_FT,Percentage of full-time employment,_Z,Not applicable,_Z,Not applicable,_Z,Not applicable,_T,Total,2004,,26.1,,,,A,Normal value,0,Units,1,One
DATAFLOW,OECD.ELS.SAE:DSD_EARNINGS@PAY_INCIDENCE(1.0),Incidence of low and high pay,I,GBR,United Kingdom,HP_I,High pay Incidence,PT_EMP_FT,Percentage of full-time employment,_Z,Not applicable,_Z,Not applicable,_Z,Not applicable,_T,Total,2005,,26.7,,,,A,Normal value,0,Units,1,One
DATAFLOW,OECD.ELS.SAE:DSD_EARNINGS@PAY_INCIDENCE(1.0),Incidence of low and high pay,I,GBR,United Kingdom,HP_I,High pay Incidence,PT_EMP_FT,Percentage of full-time employment,_Z,Not applicable,_Z,Not applicable,_Z,Not applicable,_T,Total,2006,,26.5,,,,A,Normal value,0,Units,1,One
DATAFLOW,OECD.ELS.SAE:DSD_EARNINGS@PAY_INCIDENCE(1.0),Incidence of low and high pay,I,GBR,United Kingdom,HP_I,High pay Incidence,PT_EMP_FT,Percentage of full-time employment,_Z,Not applicable,_Z,Not applicable,_Z,Not applicable,_T,Total,2007,,26.3,,,,A,Normal value,0,Units,1,One
DATAFLOW,OECD.ELS.SAE:DSD_EARNINGS@PAY_INCIDENCE(1.0),Incidence of low and high pay,I,GBR,United Kingdom,HP_I,High pay Incidence,PT_EMP_FT,Percentage of full-time employment,_Z,Not applicable,_Z,Not applicable,_Z,Not applicable,_T,Total,2008,,26.7,,,,A,Normal value,0,Units,1,One
DATAFLOW,OECD.ELS.SAE:DSD_EARNINGS@PAY_INCIDENCE(1.0),Incidence of low and high pay,I,GBR,United Kingdom,HP_I,High pay Incidence,PT_EMP_FT,Percentage of full-time employment,_Z,Not applicable,_Z,Not applicable,_Z,Not applicable,_T,Total,2009,,26.5,,,,A,Normal value,0,Units,1,One
DATAFLOW,OECD.ELS.SAE:DSD_EARNINGS@PAY_INCIDENCE(1.0),Incidence of low and high pay,I,GBR,United Kingdom,HP_I,High pay Incidence,PT_EMP_FT,Percentage of full-time employment,_Z,Not applicable,_Z,Not applicable,_Z,Not applicable,_T,Total,2010,,26.5,,,,A,Normal value,0,Units,1,One
DATAFLOW,OECD.ELS.SAE:DSD_EARNINGS@PAY_INCIDENCE(1.0),Incidence of low and high pay,I,GBR,United Kingdom,HP_I,High pay Incidence,PT_EMP_FT,Percentage of full-time employment,_Z,Not applicable,_Z,Not applicable,_Z,Not applicable,_T,Total,2011,,26.9,,,,A,Normal value,0,Units,1,One
DATAFLOW,OECD.ELS.SAE:DSD_EARNINGS@PAY_INCIDENCE(1.0),Incidence of low and high pay,I,GBR,United Kingdom,HP_I,High pay Incidence,PT_EMP_FT,Percentage of full-time employment,_Z,Not applicable,_Z,Not applicable,_Z,Not applicable,_T,Total,2012,,26.7,,,,A,Normal value,0,Units,1,One
DATAFLOW,OECD.ELS.SAE:DSD_EARNINGS@PAY_INCIDENCE(1.0),Incidence of low and high pay,I,GBR,United Kingdom,HP_I,High pay Incidence,PT_EMP_FT,Percentage of full-time employment,_Z,Not applicable,_Z,Not applicable,_Z,Not applicable,_T,Total,2013,,26.6,,,,A,Normal value,0,Units,1,One
DATAFLOW,OECD.ELS.SAE:DSD_EARNINGS@PAY_INCIDENCE(1.0),Incidence of low and high pay,I,GBR,United Kingdom,HP_I,High pay Incidence,PT_EMP_FT,Percentage of full-time employment,_Z,Not applicable,_Z,Not applicable,_Z,Not applicable,_T,Total,2014,,26.4,,,,A,Normal value,0,Units,1,One
DATAFLOW,OECD.ELS.SAE:DSD_EARNINGS@PAY_INCIDENCE(1.0),Incidence of low and high pay,I,GBR,United Kingdom,HP_I,High pay Incidence,PT_EMP_FT,Percentage of full-time employment,_Z,Not applicable,_Z,Not applicable,_Z,Not applicable,_T,Total,2015,,26.1,,,,A,Normal value,0,Units,1,One
DATAFLOW,OECD.ELS.SAE:DSD_EARNINGS@PAY_INCIDENCE(1.0),Incidence of low and high pay,I,GBR,United Kingdom,HP_I,High pay Incidence,PT_EMP_FT,Percentage of full-time employment,_Z,Not applicable,_Z,Not applicable,_Z,Not applicable,_T,Total,2016,,26.0,,,,A,Normal value,0,Units,1,One
DATAFLOW,OECD.ELS.SAE:DSD_EARNINGS@PAY_INCIDENCE(1.0),Incidence of low and high pay,I,GBR,United Kingdom,HP_I,High pay Incidence,PT_EMP_FT,Percentage of full-time employment,_Z,Not applicable,_Z,Not applicable,_Z,Not applicable,_T,Total,2017,,25.9,,,,A,Normal value,0,Units,1,One
DATAFLOW,OECD.ELS.SAE:DSD_EARNINGS@PAY_INCIDENCE(1.0),Incidence of low and high pay,I,GBR,United Kingdom,HP_I,High pay Incidence,PT_EMP_FT,Percentage of full-time employment,_Z,Not applicable,_Z,Not applicable,_Z,Not applicable,_T,Total,2018,,25.7,,,,A,Normal value,0,Units,1,One
DATAFLOW,OECD.ELS.SAE:DSD_EARNINGS@PAY_INCIDENCE(1.0),Incidence of low and high pay,I,GBR,United Kingdom,HP_I,High pay Incidence,PT_EMP_FT,Percentage of full-time employment,_Z,Not applicable,_Z,Not applicable,_Z,Not applicable,_T,Total,2019,,25.5,,,,A,Normal value,0,Units,1,One
DATAFLOW,OECD.ELS.SAE:DSD_EARNINGS@PAY_INCIDENCE(1.0),Incidence of low and high pay,I,GBR,United Kingdom,HP_I,High pay Incidence,PT_EMP_FT,Percentage of full-time employment,_Z,Not applicable,_Z,Not applicable,_Z,Not applicable,_T,Total,2020,,25.9,,,,A,Normal value,0,Units,1,One
DATAFLOW,OECD.ELS.SAE:DSD_EARNINGS@PAY_INCIDENCE(1.0),Incidence of low and high pay,I,GBR,United Kingdom,HP_I,High pay Incidence,PT_EMP_FT,Percentage of full-time employment,_Z,Not applicable,_Z,Not applicable,_Z,Not applicable,_T,Total,2021,,24.9,,,,A,Normal value,0,Units,1,One
DATAFLOW,OECD.ELS.SAE:DSD_EARNINGS@PAY_INCIDENCE(1.0),Incidence of low and high pay,I,GBR,United Kingdom,HP_I,High pay Incidence,PT_EMP_FT,Percentage of full-time employment,_Z,Not applicable,_Z,Not applicable,_Z,Not applicable,_T,Total,2022,,24.0,,,,A,Normal value,0,Units,1,One
DATAFLOW,OECD.ELS.SAE:DSD_EARNINGS@PAY_INCIDENCE(1.0),Incidence of low and high pay,I,GBR,United Kingdom,HP_I,High pay Incidence,PT_EMP_FT,Percentage of full-time employment,_Z,Not applicable,_Z,Not applicable,_Z,Not applicable,_T,Total,2023,,23.1,,,,A,Normal value,0,Units,1,One
DATAFLOW,OECD.ELS.SAE:DSD_EARNINGS@PAY_INCIDENCE(1.0),Incidence of low and high pay,I,OECD,OECD,HP_I,High pay Incidence,PT_EMP_FT,Percentage of full-time employment,_Z,Not applicable,_Z,Not applicable,_Z,Not applicable,_T,Total,1995,,21.89529372,,,,A,Normal value,0,Units,1,One
DATAFLOW,OECD.ELS.SAE:DSD_EARNINGS@PAY_INCIDENCE(1.0),Incidence of low and high pay,I,OECD,OECD,HP_I,High pay Incidence,PT_EMP_FT,Percentage of full-time employment,_Z,Not applicable,_Z,Not applicable,_Z,Not applicable,_T,Total,1996,,21.90787088,,,,A,Normal value,0,Units,1,One
DATAFLOW,OECD.ELS.SAE:DSD_EARNINGS@PAY_INCIDENCE(1.0),Incidence of low and high pay,I,OECD,OECD,HP_I,High pay Incidence,PT_EMP_FT,Percentage of full-time employment,_Z,Not applicable,_Z,Not applicable,_Z,Not applicable,_T,Total,1997,,21.9985136,,,,A,Normal value,0,Units,1,One
DATAFLOW,OECD.ELS.SAE:DSD_EARNINGS@PAY_INCIDENCE(1.0),Incidence of low and high pay,I,OECD,OECD,HP_I,High pay Incidence,PT_EMP_FT,Percentage of full-time employment,_Z,Not applicable,_Z,Not applicable,_Z,Not applicable,_T,Total,1998,,22.18196503,,,,A,Normal value,0,Units,1,One
DATAFLOW,OECD.ELS.SAE:DSD_EARNINGS@PAY_INCIDENCE(1.0),Incidence of low and high pay,I,OECD,OECD,HP_I,High pay Incidence,PT_EMP_FT,Percentage of full-time employment,_Z,Not applicable,_Z,Not applicable,_Z,Not applicable,_T,Total,1999,,22.24257849,,,,A,Normal value,0,Units,1,One
DATAFLOW,OECD.ELS.SAE:DSD_EARNINGS@PAY_INCIDENCE(1.0),Incidence of low and high pay,I,OECD,OECD,HP_I,High pay Incidence,PT_EMP_FT,Percentage of full-time employment,_Z,Not applicable,_Z,Not applicable,_Z,Not applicable,_T,Total,2000,,22.1612847,,,,A,Normal value,0,Units,1,One
DATAFLOW,OECD.ELS.SAE:DSD_EARNINGS@PAY_INCIDENCE(1.0),Incidence of low and high pay,I,OECD,OECD,HP_I,High pay Incidence,PT_EMP_FT,Percentage of full-time employment,_Z,Not applicable,_Z,Not applicable,_Z,Not applicable,_T,Total,2001,,22.2324565,,,,A,Normal value,0,Units,1,One
DATAFLOW,OECD.ELS.SAE:DSD_EARNINGS@PAY_INCIDENCE(1.0),Incidence of low and high pay,I,OECD,OECD,HP_I,High pay Incidence,PT_EMP_FT,Percentage of full-time employment,_Z,Not applicable,_Z,Not applicable,_Z,Not applicable,_T,Total,2002,,22.15908319,,,,A,Normal value,0,Units,1,One
DATAFLOW,OECD.ELS.SAE:DSD_EARNINGS@PAY_INCIDENCE(1.0),Incidence of low and high pay,I,OECD,OECD,HP_I,High pay Incidence,PT_EMP_FT,Percentage of full-time employment,_Z,Not applicable,_Z,Not applicable,_Z,Not applicable,_T,Total,2003,,22.16810769,,,,A,Normal value,0,Units,1,One
DATAFLOW,OECD.ELS.SAE:DSD_EARNINGS@PAY_INCIDENCE(1.0),Incidence of low and high pay,I,OECD,OECD,HP_I,High pay Incidence,PT_EMP_FT,Percentage of full-time employment,_Z,Not applicable,_Z,Not applicable,_Z,Not applicable,_T,Total,2004,,22.16902723,,,,A,Normal value,0,Units,1,One
DATAFLOW,OECD.ELS.SAE:DSD_EARNINGS@PAY_INCIDENCE(1.0),Incidence of low and high pay,I,OECD,OECD,HP_I,High pay Incidence,PT_EMP_FT,Percentage of full-time employment,_Z,Not applicable,_Z,Not applicable,_Z,Not applicable,_T,Total,2005,,22.108128,,,,A,Normal value,0,Units,1,One
DATAFLOW,OECD.ELS.SAE:DSD_EARNINGS@PAY_INCIDENCE(1.0),Incidence of low and high pay,I,OECD,OECD,HP_I,High pay Incidence,PT_EMP_FT,Percentage of full-time employment,_Z,Not applicable,_Z,Not applicable,_Z,Not applicable,_T,Total,2006,,22.28761379,,,,A,Normal value,0,Units,1,One
DATAFLOW,OECD.ELS.SAE:DSD_EARNINGS@PAY_INCIDENCE(1.0),Incidence of low and high pay,I,OECD,OECD,HP_I,High pay Incidence,PT_EMP_FT,Percentage of full-time employment,_Z,Not applicable,_Z,Not applicable,_Z,Not applicable,_T,Total,2007,,22.36264235,,,,A,Normal value,0,Units,1,One
DATAFLOW,OECD.ELS.SAE:DSD_EARNINGS@PAY_INCIDENCE(1.0),Incidence of low and high pay,I,OECD,OECD,HP_I,High pay Incidence,PT_EMP_FT,Percentage of full-time employment,_Z,Not applicable,_Z,Not applicable,_Z,Not applicable,_T,Total,2008,,22.31866382,,,,A,Normal value,0,Units,1,One
DATAFLOW,OECD.ELS.SAE:DSD_EARNINGS@PAY_INCIDENCE(1.0),Incidence of low and high pay,I,OECD,OECD,HP_I,High pay Incidence,PT_EMP_FT,Percentage of full-time employment,_Z,Not applicable,_Z,Not applicable,_Z,Not applicable,_T,Total,2009,,22.46415182,,,,A,Normal value,0,Units,1,One
DATAFLOW,OECD.ELS.SAE:DSD_EARNINGS@PAY_INCIDENCE(1.0),Incidence of low and high pay,I,OECD,OECD,HP_I,High pay Incidence,PT_EMP_FT,Percentage of full-time employment,_Z,Not applicable,_Z,Not applicable,_Z,Not applicable,_T,Total,2010,,22.43561539,,,,A,Normal value,0,Units,1,One
DATAFLOW,OECD.ELS.SAE:DSD_EARNINGS@PAY_INCIDENCE(1.0),Incidence of low and high pay,I,OECD,OECD,HP_I,High pay Incidence,PT_EMP_FT,Percentage of full-time employment,_Z,Not applicable,_Z,Not applicable,_Z,Not applicable,_T,Total,2011,,22.39471029,,,,A,Normal value,0,Units,1,One
DATAFLOW,OECD.ELS.SAE:DSD_EARNINGS@PAY_INCIDENCE(1.0),Incidence of low and high pay,I,OECD,OECD,HP_I,High pay Incidence,PT_EMP_FT,Percentage of full-time employment,_Z,Not applicable,_Z,Not applicable,_Z,Not applicable,_T,Total,2012,,22.27246756,,,,A,Normal value,0,Units,1,One
DATAFLOW,OECD.ELS.SAE:DSD_EARNINGS@PAY_INCIDENCE(1.0),Incidence of low and high pay,I,OECD,OECD,HP_I,High pay Incidence,PT_EMP_FT,Percentage of full-time employment,_Z,Not applicable,_Z,Not applicable,_Z,Not applicable,_T,Total,2013,,22.28110572,,,,A,Normal value,0,Units,1,One
DATAFLOW,OECD.ELS.SAE:DSD_EARNINGS@PAY_INCIDENCE(1.0),Incidence of low and high pay,I,OECD,OECD,HP_I,High pay Incidence,PT_EMP_FT,Percentage of full-time employment,_Z,Not applicable,_Z,Not applicable,_Z,Not applicable,_T,Total,2014,,22.18423861,,,,A,Normal value,0,Units,1,One
DATAFLOW,OECD.ELS.SAE:DSD_EARNINGS@PAY_INCIDENCE(1.0),Incidence of low and high pay,I,OECD,OECD,HP_I,High pay Incidence,PT_EMP_FT,Percentage of full-time employment,_Z,Not applicable,_Z,Not applicable,_Z,Not applicable,_T,Total,2015,,22.09081379,,,,A,Normal value,0,Units,1,One
DATAFLOW,OECD.ELS.SAE:DSD_EARNINGS@PAY_INCIDENCE(1.0),Incidence of low and high pay,I,OECD,OECD,HP_I,High pay Incidence,PT_EMP_FT,Percentage of full-time employment,_Z,Not applicable,_Z,Not applicable,_Z,Not applicable,_T,Total,2016,,21.97219998,,,,A,Normal value,0,Units,1,One
DATAFLOW,OECD.ELS.SAE:DSD_EARNINGS@PAY_INCIDENCE(1.0),Incidence of low and high pay,I,OECD,OECD,HP_I,High pay Incidence,PT_EMP_FT,Percentage of full-time employment,_Z,Not applicable,_Z,Not applicable,_Z,Not applicable,_T,Total,2017,,21.9779421,,,,A,Normal value,0,Units,1,One
DATAFLOW,OECD.ELS.SAE:DSD_EARNINGS@PAY_INCIDENCE(1.0),Incidence of low and high pay,I,OECD,OECD,HP_I,High pay Incidence,PT_EMP_FT,Percentage of full-time employment,_Z,Not applicable,_Z,Not applicable,_Z,Not applicable,_T,Total,2018,,21.62763133,,,,A,Normal value,0,Units,1,One
DATAFLOW,OECD.ELS.SAE:DSD_EARNINGS@PAY_INCIDENCE(1.0),Incidence of low and high pay,I,OECD,OECD,HP_I,High pay Incidence,PT_EMP_FT,Percentage of full-time employment,_Z,Not applicable,_Z,Not applicable,_Z,Not applicable,_T,Total,2019,,22.78502374,,,,A,Normal value,0,Units,1,One
DATAFLOW,OECD.ELS.SAE:DSD_EARNINGS@PAY_INCIDENCE(1.0),Incidence of low and high pay,I,OECD,OECD,HP_I,High pay Incidence,PT_EMP_FT,Percentage of full-time employment,_Z,Not applicable,_Z,Not applicable,_Z,Not applicable,_T,Total,2020,,23.75392589,,,,A,Normal value,0,Units,1,One
DATAFLOW,OECD.ELS.SAE:DSD_EARNINGS@PAY_INCIDENCE(1.0),Incidence of low and high pay,I,OECD,OECD,HP_I,High pay Incidence,PT_EMP_FT,Percentage of full-time employment,_Z,Not applicable,_Z,Not applicable,_Z,Not applicable,_T,Total,2021,,23.45597789,,,,A,Normal value,0,Units,1,One
DATAFLOW,OECD.ELS.SAE:DSD_EARNINGS@PAY_INCIDENCE(1.0),Incidence of low and high pay,I,OECD,OECD,HP_I,High pay Incidence,PT_EMP_FT,Percentage of full-time employment,_Z,Not applicable,_Z,Not applicable,_Z,Not applicable,_T,Total,2022,,23.8411213,,,,A,Normal value,0,Units,1,One
DATAFLOW,OECD.ELS.SAE:DSD_EARNINGS@PAY_INCIDENCE(1.0),Incidence of low and high pay,I,OECD,OECD,HP_I,High pay Incidence,PT_EMP_FT,Percentage of full-time employment,_Z,Not applicable,_Z,Not applicable,_Z,Not applicable,_T,Total,2023,,24.57878294,,,,A,Normal value,0,Units,1,One
DATAFLOW,OECD.ELS.SAE:DSD_EARNINGS@PAY_INCIDENCE(1.0),Incidence of low and high pay,I,FRA,France,LP_I,Low pay incidence,PT_EMP_FT,Percentage of full-time employment,_Z,Not applicable,_Z,Not applicable,_Z,Not applicable,_T,Total,2002,,7.215686275,,,,A,Normal value,0,Units,1,One
DATAFLOW,OECD.ELS.SAE:DSD_EARNINGS@PAY_INCIDENCE(1.0),Incidence of low and high pay,I,FRA,France,LP_I,Low pay incidence,PT_EMP_FT,Percentage of full-time employment,_Z,Not applicable,_Z,Not applicable,_Z,Not applicable,_T,Total,2006,,6.469135803,,,,A,Normal value,0,Units,1,One
DATAFLOW,OECD.ELS.SAE:DSD_EARNINGS@PAY_INCIDENCE(1.0),Incidence of low and high pay,I,FRA,France,LP_I,Low pay incidence,PT_EMP_FT,Percentage of full-time employment,_Z,Not applicable,_Z,Not applicable,_Z,Not applicable,_T,Total,2010,,5.791666667,,,,A,Normal value,0,Units,1,One
DATAFLOW,OECD.ELS.SAE:DSD_EARNINGS@PAY_INCIDENCE(1.0),Incidence of low and high pay,I,FRA,France,LP_I,Low pay incidence,PT_EMP_FT,Percentage of full-time employment,_Z,Not applicable,_Z,Not applicable,_Z,Not applicable,_T,Total,2014,,7.190476191,,,,A,Normal value,0,Units,1,One
DATAFLOW,OECD.ELS.SAE:DSD_EARNINGS@PAY_INCIDENCE(1.0),Incidence of low and high pay,I,FRA,France,LP_I,Low pay incidence,PT_EMP_FT,Percentage of full-time employment,_Z,Not applicable,_Z,Not applicable,_Z,Not applicable,_T,Total,2018,,7.735632184,,,,A,Normal value,0,Units,1,One
DATAFLOW,OECD.ELS.SAE:DSD_EARNINGS@PAY_INCIDENCE(1.0),Incidence of low and high pay,I,DEU,Germany,LP_I,Low pay incidence,PT_EMP_FT,Percentage of full-time employment,_Z,Not applicable,_Z,Not applicable,_Z,Not applicable,_T,Total,1992,,20.8478302,,,,A,Normal value,0,Units,1,One
DATAFLOW,OECD.ELS.SAE:DSD_EARNINGS@PAY_INCIDENCE(1.0),Incidence of low and high pay,I,DEU,Germany,LP_I,Low pay incidence,PT_EMP_FT,Percentage of full-time employment,_Z,Not applicable,_Z,Not applicable,_Z,Not applicable,_T,Total,1993,,16.54575522,,,,A,Normal value,0,Units,1,One
DATAFLOW,OECD.ELS.SAE:DSD_EARNINGS@PAY_INCIDENCE(1.0),Incidence of low and high pay,I,DEU,Germany,LP_I,Low pay incidence,PT_EMP_FT,Percentage of full-time employment,_Z,Not applicable,_Z,Not applicable,_Z,Not applicable,_T,Total,1994,,14.50839394,,,,A,Normal value,0,Units,1,One
DATAFLOW,OECD.ELS.SAE:DSD_EARNINGS@PAY_INCIDENCE(1.0),Incidence of low and high pay,I,DEU,Germany,LP_I,Low pay incidence,PT_EMP_FT,Percentage of full-time employment,_Z,Not applicable,_Z,Not applicable,_Z,Not applicable,_T,Total,1995,,13.55547607,,,,A,Normal value,0,Units,1,One
DATAFLOW,OECD.ELS.SAE:DSD_EARNINGS@PAY_INCIDENCE(1.0),Incidence of low and high pay,I,DEU,Germany,LP_I,Low pay incidence,PT_EMP_FT,Percentage of full-time employment,_Z,Not applicable,_Z,Not applicable,_Z,Not applicable,_T,Total,1996,,13.77631721,,,,A,Normal value,0,Units,1,One
DATAFLOW,OECD.ELS.SAE:DSD_EARNINGS@PAY_INCIDENCE(1.0),Incidence of low and high pay,I,DEU,Germany,LP_I,Low pay incidence,PT_EMP_FT,Percentage of full-time employment,_Z,Not applicable,_Z,Not applicable,_Z,Not applicable,_T,Total,1997,,14.10156837,,,,A,Normal value,0,Units,1,One
DATAFLOW,OECD.ELS.SAE:DSD_EARNINGS@PAY_INCIDENCE(1.0),Incidence of low and high pay,I,DEU,Germany,LP_I,Low pay incidence,PT_EMP_FT,Percentage of full-time employment,_Z,Not applicable,_Z,Not applicable,_Z,Not applicable,_T,Total,1998,,15.21149797,,,,A,Normal value,0,Units,1,One
DATAFLOW,OECD.ELS.SAE:DSD_EARNINGS@PAY_INCIDENCE(1.0),Incidence of low and high pay,I,DEU,Germany,LP_I,Low pay incidence,PT_EMP_FT,Percentage of full-time employment,_Z,Not applicable,_Z,Not applicable,_Z,Not applicable,_T,Total,1999,,15.51360883,,,,A,Normal value,0,Units,1,One
DATAFLOW,OECD.ELS.SAE:DSD_EARNINGS@PAY_INCIDENCE(1.0),Incidence of low and high pay,I,DEU,Germany,LP_I,Low pay incidence,PT_EMP_FT,Percentage of full-time employment,_Z,Not applicable,_Z,Not applicable,_Z,Not applicable,_T,Total,2000,,15.64920635,,,,A,Normal value,0,Units,1,One
DATAFLOW,OECD.ELS.SAE:DSD_EARNINGS@PAY_INCIDENCE(1.0),Incidence of low and high pay,I,DEU,Germany,LP_I,Low pay incidence,PT_EMP_FT,Percentage of full-time employment,_Z,Not applicable,_Z,Not applicable,_Z,Not applicable,_T,Total,2001,,16.41045411,,,,A,Normal value,0,Units,1,One
DATAFLOW,OECD.ELS.SAE:DSD_EARNINGS@PAY_INCIDENCE(1.0),Incidence of low and high pay,I,DEU,Germany,LP_I,Low pay incidence,PT_EMP_FT,Percentage of full-time employment,_Z,Not applicable,_Z,Not applicable,_Z,Not applicable,_T,Total,2002,,17.3299578,,,,A,Normal value,0,Units,1,One
DATAFLOW,OECD.ELS.SAE:DSD_EARNINGS@PAY_INCIDENCE(1.0),Incidence of low and high pay,I,DEU,Germany,LP_I,Low pay incidence,PT_EMP_FT,Percentage of full-time employment,_Z,Not applicable,_Z,Not applicable,_Z,Not applicable,_T,Total,2003,,17.30977957,,,,A,Normal value,0,Units,1,One
DATAFLOW,OECD.ELS.SAE:DSD_EARNINGS@PAY_INCIDENCE(1.0),Incidence of low and high pay,I,DEU,Germany,LP_I,Low pay incidence,PT_EMP_FT,Percentage of full-time employment,_Z,Not applicable,_Z,Not applicable,_Z,Not applicable,_T,Total,2004,,17.57336497,,,,A,Normal value,0,Units,1,One
DATAFLOW,OECD.ELS.SAE:DSD_EARNINGS@PAY_INCIDENCE(1.0),Incidence of low and high pay,I,DEU,Germany,LP_I,Low pay incidence,PT_EMP_FT,Percentage of full-time employment,_Z,Not applicable,_Z,Not applicable,_Z,Not applicable,_T,Total,2005,,17.36872592,,,,A,Normal value,0,Units,1,One
DATAFLOW,OECD.ELS.SAE:DSD_EARNINGS@PAY_INCIDENCE(1.0),Incidence of low and high pay,I,DEU,Germany,LP_I,Low pay incidence,PT_EMP_FT,Percentage of full-time employment,_Z,Not applicable,_Z,Not applicable,_Z,Not applicable,_T,Total,2006,,18.23598377,,,,A,Normal value,0,Units,1,One
DATAFLOW,OECD.ELS.SAE:DSD_EARNINGS@PAY_INCIDENCE(1.0),Incidence of low and high pay,I,DEU,Germany,LP_I,Low pay incidence,PT_EMP_FT,Percentage of full-time employment,_Z,Not applicable,_Z,Not applicable,_Z,Not applicable,_T,Total,2007,,17.72131543,,,,A,Normal value,0,Units,1,One
DATAFLOW,OECD.ELS.SAE:DSD_EARNINGS@PAY_INCIDENCE(1.0),Incidence of low and high pay,I,DEU,Germany,LP_I,Low pay incidence,PT_EMP_FT,Percentage of full-time employment,_Z,Not applicable,_Z,Not applicable,_Z,Not applicable,_T,Total,2008,,17.29033394,,,,A,Normal value,0,Units,1,One
DATAFLOW,OECD.ELS.SAE:DSD_EARNINGS@PAY_INCIDENCE(1.0),Incidence of low and high pay,I,DEU,Germany,LP_I,Low pay incidence,PT_EMP_FT,Percentage of full-time employment,_Z,Not applicable,_Z,Not applicable,_Z,Not applicable,_T,Total,2009,,19.03905939,,,,A,Normal value,0,Units,1,One
DATAFLOW,OECD.ELS.SAE:DSD_EARNINGS@PAY_INCIDENCE(1.0),Incidence of low and high pay,I,DEU,Germany,LP_I,Low pay incidence,PT_EMP_FT,Percentage of full-time employment,_Z,Not applicable,_Z,Not applicable,_Z,Not applicable,_T,Total,2010,,18.93096087,,,,A,Normal value,0,Units,1,One
DATAFLOW,OECD.ELS.SAE:DSD_EARNINGS@PAY_INCIDENCE(1.0),Incidence of low and high pay,I,DEU,Germany,LP_I,Low pay incidence,PT_EMP_FT,Percentage of full-time employment,_Z,Not applicable,_Z,Not applicable,_Z,Not applicable,_T,Total,2011,,18.90156921,,,,A,Normal value,0,Units,1,One
DATAFLOW,OECD.ELS.SAE:DSD_EARNINGS@PAY_INCIDENCE(1.0),Incidence of low and high pay,I,DEU,Germany,LP_I,Low pay incidence,PT_EMP_FT,Percentage of full-time employment,_Z,Not applicable,_Z,Not applicable,_Z,Not applicable,_T,Total,2012,,19.10093322,,,,A,Normal value,0,Units,1,One
DATAFLOW,OECD.ELS.SAE:DSD_EARNINGS@PAY_INCIDENCE(1.0),Incidence of low and high pay,I,DEU,Germany,LP_I,Low pay incidence,PT_EMP_FT,Percentage of full-time employment,_Z,Not applicable,_Z,Not applicable,_Z,Not applicable,_T,Total,2013,,18.61474007,,,,A,Normal value,0,Units,1,One
DATAFLOW,OECD.ELS.SAE:DSD_EARNINGS@PAY_INCIDENCE(1.0),Incidence of low and high pay,I,DEU,Germany,LP_I,Low pay incidence,PT_EMP_FT,Percentage of full-time employment,_Z,Not applicable,_Z,Not applicable,_Z,Not applicable,_T,Total,2014,,18.0118112,,,,A,Normal value,0,Units,1,One
DATAFLOW,OECD.ELS.SAE:DSD_EARNINGS@PAY_INCIDENCE(1.0),Incidence of low and high pay,I,DEU,Germany,LP_I,Low pay incidence,PT_EMP_FT,Percentage of full-time employment,_Z,Not applicable,_Z,Not applicable,_Z,Not applicable,_T,Total,2015,,19.22987801,,,,A,Normal value,0,Units,1,One
DATAFLOW,OECD.ELS.SAE:DSD_EARNINGS@PAY_INCIDENCE(1.0),Incidence of low and high pay,I,DEU,Germany,LP_I,Low pay incidence,PT_EMP_FT,Percentage of full-time employment,_Z,Not applicable,_Z,Not applicable,_Z,Not applicable,_T,Total,2016,,18.83044427,,,,A,Normal value,0,Units,1,One
DATAFLOW,OECD.ELS.SAE:DSD_EARNINGS@PAY_INCIDENCE(1.0),Incidence of low and high pay,I,DEU,Germany,LP_I,Low pay incidence,PT_EMP_FT,Percentage of full-time employment,_Z,Not applicable,_Z,Not applicable,_Z,Not applicable,_T,Total,2017,,17.16599179,,,,A,Normal value,0,Units,1,One
DATAFLOW,OECD.ELS.SAE:DSD_EARNINGS@PAY_INCIDENCE(1.0),Incidence of low and high pay,I,DEU,Germany,LP_I,Low pay incidence,PT_EMP_FT,Percentage of full-time employment,_Z,Not applicable,_Z,Not applicable,_Z,Not applicable,_T,Total,2018,,17.63443536,,,,A,Normal value,0,Units,1,One
DATAFLOW,OECD.ELS.SAE:DSD_EARNINGS@PAY_INCIDENCE(1.0),Incidence of low and high pay,I,DEU,Germany,LP_I,Low pay incidence,PT_EMP_FT,Percentage of full-time employment,_Z,Not applicable,_Z,Not applicable,_Z,Not applicable,_T,Total,2019,,17.76607079,,,,A,Normal value,0,Units,1,One
DATAFLOW,OECD.ELS.SAE:DSD_EARNINGS@PAY_INCIDENCE(1.0),Incidence of low and high pay,I,DEU,Germany,LP_I,Low pay incidence,PT_EMP_FT,Percentage of full-time employment,_Z,Not applicable,_Z,Not applicable,_Z,Not applicable,_T,Total,2020,,17.45174175,,,,A,Normal value,0,Units,1,One
DATAFLOW,OECD.ELS.SAE:DSD_EARNINGS@PAY_INCIDENCE(1.0),Incidence of low and high pay,I,DEU,Germany,LP_I,Low pay incidence,PT_EMP_FT,Percentage of full-time employment,_Z,Not applicable,_Z,Not applicable,_Z,Not applicable,_T,Total,2021,,16.234538,,,,A,Normal value,0,Units,1,One
DATAFLOW,OECD.ELS.SAE:DSD_EARNINGS@PAY_INCIDENCE(1.0),Incidence of low and high pay,I,DEU,Germany,LP_I,Low pay incidence,PT_EMP_FT,Percentage of full-time employment,_Z,Not applicable,_Z,Not applicable,_Z,Not applicable,_T,Total,2022,,16.3994923,,,,A,Normal value,0,Units,1,One
DATAFLOW,OECD.ELS.SAE:DSD_EARNINGS@PAY_INCIDENCE(1.0),Incidence of low and high pay,I,DEU,Germany,LP_I,Low pay incidence,PT_EMP_FT,Percentage of full-time employment,_Z,Not applicable,_Z,Not applicable,_Z,Not applicable,_T,Total,2023,,15.46874225,,,,A,Normal value,0,Units,1,One
DATAFLOW,OECD.ELS.SAE:DSD_EARNINGS@PAY_INCIDENCE(1.0),Incidence of low and high pay,I,ITA,Italy,LP_I,Low pay incidence,PT_EMP_FT,Percentage of full-time employment,_Z,Not applicable,_Z,Not applicable,_Z,Not applicable,_T,Total,2002,,5.666666667,,,,A,Normal value,0,Units,1,One
DATAFLOW,OECD.ELS.SAE:DSD_EARNINGS@PAY_INCIDENCE(1.0),Incidence of low and high pay,I,ITA,Italy,LP_I,Low pay incidence,PT_EMP_FT,Percentage of full-time employment,_Z,Not applicable,_Z,Not applicable,_Z,Not applicable,_T,Total,2006,,8.180555556,,,,A,Normal value,0,Units,1,One
DATAFLOW,OECD.ELS.SAE:DSD_EARNINGS@PAY_INCIDENCE(1.0),Incidence of low and high pay,I,ITA,Italy,LP_I,Low pay incidence,PT_EMP_FT,Percentage of full-time employment,_Z,Not applicable,_Z,Not applicable,_Z,Not applicable,_T,Total,2010,,8.144927536,,,,A,Normal value,0,Units,1,One
DATAFLOW,OECD.ELS.SAE:DSD_EARNINGS@PAY_INCIDENCE(1.0),Incidence of low and high pay,I,ITA,Italy,LP_I,Low pay incidence,PT_EMP_FT,Percentage of full-time employment,_Z,Not applicable,_Z,Not applicable,_Z,Not applicable,_T,Total,2014,,4.64957265,,,,A,Normal value,0,Units,1,One
DATAFLOW,OECD.ELS.SAE:DSD_EARNINGS@PAY_INCIDENCE(1.0),Incidence of low and high pay,I,ITA,Italy,LP_I,Low pay incidence,PT_EMP_FT,Percentage of full-time employment,_Z,Not applicable,_Z,Not applicable,_Z,Not applicable,_T,Total,2018,,3.711711712,,,,A,Normal value,0,Units,1,One
DATAFLOW,OECD.ELS.SAE:DSD_EARNINGS@PAY_INCIDENCE(1.0),Incidence of low and high pay,I,ESP,Spain,LP_I,Low pay incidence,PT_EMP_FT,Percentage of full-time employment,_Z,Not applicable,_Z,Not applicable,_Z,Not applicable,_T,Total,2002,,13.33333333,,,,A,Normal value,0,Units,1,One
DATAFLOW,OECD.ELS.SAE:DSD_EARNINGS@PAY_INCIDENCE(1.0),Incidence of low and high pay,I,ESP,Spain,LP_I,Low pay incidence,PT_EMP_FT,Percentage of full-time employment,_Z,Not applicable,_Z,Not applicable,_Z,Not applicable,_T,Total,2006,,10.11111111,,,,A,Normal value,0,Units,1,One
DATAFLOW,OECD.ELS.SAE:DSD_EARNINGS@PAY_INCIDENCE(1.0),Incidence of low and high pay,I,ESP,Spain,LP_I,Low pay incidence,PT_EMP_FT,Percentage of full-time employment,_Z,Not applicable,_Z,Not applicable,_Z,Not applicable,_T,Total,2010,,10.61111111,,,,A,Normal value,0,Units,1,One
DATAFLOW,OECD.ELS.SAE:DSD_EARNINGS@PAY_INCIDENCE(1.0),Incidence of low and high pay,I,ESP,Spain,LP_I,Low pay incidence,PT_EMP_FT,Percentage of full-time employment,_Z,Not applicable,_Z,Not applicable,_Z,Not applicable,_T,Total,2014,,9.966666667,,,,A,Normal value,0,Units,1,One
DATAFLOW,OECD.ELS.SAE:DSD_EARNINGS@PAY_INCIDENCE(1.0),Incidence of low and high pay,I,ESP,Spain,LP_I,Low pay incidence,PT_EMP_FT,Percentage of full-time employment,_Z,Not applicable,_Z,Not applicable,_Z,Not applicable,_T,Total,2018,,10.82539683,,,,A,Normal value,0,Units,1,One
DATAFLOW,OECD.ELS.SAE:DSD_EARNINGS@PAY_INCIDENCE(1.0),Incidence of low and high pay,I,GBR,United Kingdom,LP_I,Low pay incidence,PT_EMP_FT,Percentage of full-time employment,_Z,Not applicable,_Z,Not applicable,_Z,Not applicable,_T,Total,1997,,28.4,,,,A,Normal value,0,Units,1,One
DATAFLOW,OECD.ELS.SAE:DSD_EARNINGS@PAY_INCIDENCE(1.0),Incidence of low and high pay,I,GBR,United Kingdom,LP_I,Low pay incidence,PT_EMP_FT,Percentage of full-time employment,_Z,Not applicable,_Z,Not applicable,_Z,Not applicable,_T,Total,1998,,28.5,,,,A,Normal value,0,Units,1,One
DATAFLOW,OECD.ELS.SAE:DSD_EARNINGS@PAY_INCIDENCE(1.0),Incidence of low and high pay,I,GBR,United Kingdom,LP_I,Low pay incidence,PT_EMP_FT,Percentage of full-time employment,_Z,Not applicable,_Z,Not applicable,_Z,Not applicable,_T,Total,1999,,28.5,,,,A,Normal value,0,Units,1,One
DATAFLOW,OECD.ELS.SAE:DSD_EARNINGS@PAY_INCIDENCE(1.0),Incidence of low and high pay,I,GBR,United Kingdom,LP_I,Low pay incidence,PT_EMP_FT,Percentage of full-time employment,_Z,Not applicable,_Z,Not applicable,_Z,Not applicable,_T,Total,2000,,28.4,,,,A,Normal value,0,Units,1,One
DATAFLOW,OECD.ELS.SAE:DSD_EARNINGS@PAY_INCIDENCE(1.0),Incidence of low and high pay,I,GBR,United Kingdom,LP_I,Low pay incidence,PT_EMP_FT,Percentage of full-time employment,_Z,Not applicable,_Z,Not applicable,_Z,Not applicable,_T,Total,2001,,28.4,,,,A,Normal value,0,Units,1,One
DATAFLOW,OECD.ELS.SAE:DSD_EARNINGS@PAY_INCIDENCE(1.0),Incidence of low and high pay,I,GBR,United Kingdom,LP_I,Low pay incidence,PT_EMP_FT,Percentage of full-time employment,_Z,Not applicable,_Z,Not applicable,_Z,Not applicable,_T,Total,2002,,28.5,,,,A,Normal value,0,Units,1,One
DATAFLOW,OECD.ELS.SAE:DSD_EARNINGS@PAY_INCIDENCE(1.0),Incidence of low and high pay,I,GBR,United Kingdom,LP_I,Low pay incidence,PT_EMP_FT,Percentage of full-time employment,_Z,Not applicable,_Z,Not applicable,_Z,Not applicable,_T,Total,2003,,28.2,,,,A,Normal value,0,Units,1,One
DATAFLOW,OECD.ELS.SAE:DSD_EARNINGS@PAY_INCIDENCE(1.0),Incidence of low and high pay,I,GBR,United Kingdom,LP_I,Low pay incidence,PT_EMP_FT,Percentage of full-time employment,_Z,Not applicable,_Z,Not applicable,_Z,Not applicable,_T,Total,2004,,28.2,,,,A,Normal value,0,Units,1,One
DATAFLOW,OECD.ELS.SAE:DSD_EARNINGS@PAY_INCIDENCE(1.0),Incidence of low and high pay,I,GBR,United Kingdom,LP_I,Low pay incidence,PT_EMP_FT,Percentage of full-time employment,_Z,Not applicable,_Z,Not applicable,_Z,Not applicable,_T,Total,2005,,28.6,,,,A,Normal value,0,Units,1,One
DATAFLOW,OECD.ELS.SAE:DSD_EARNINGS@PAY_INCIDENCE(1.0),Incidence of low and high pay,I,GBR,United Kingdom,LP_I,Low pay incidence,PT_EMP_FT,Percentage of full-time employment,_Z,Not applicable,_Z,Not applicable,_Z,Not applicable,_T,Total,2006,,28.4,,,,A,Normal value,0,Units,1,One
DATAFLOW,OECD.ELS.SAE:DSD_EARNINGS@PAY_INCIDENCE(1.0),Incidence of low and high pay,I,GBR,United Kingdom,LP_I,Low pay incidence,PT_EMP_FT,Percentage of full-time employment,_Z,Not applicable,_Z,Not applicable,_Z,Not applicable,_T,Total,2007,,28.4,,,,A,Normal value,0,Units,1,One
DATAFLOW,OECD.ELS.SAE:DSD_EARNINGS@PAY_INCIDENCE(1.0),Incidence of low and high pay,I,GBR,United Kingdom,LP_I,Low pay incidence,PT_EMP_FT,Percentage of full-time employment,_Z,Not applicable,_Z,Not applicable,_Z,Not applicable,_T,Total,2008,,28.4,,,,A,Normal value,0,Units,1,One
DATAFLOW,OECD.ELS.SAE:DSD_EARNINGS@PAY_INCIDENCE(1.0),Incidence of low and high pay,I,GBR,United Kingdom,LP_I,Low pay incidence,PT_EMP_FT,Percentage of full-time employment,_Z,Not applicable,_Z,Not applicable,_Z,Not applicable,_T,Total,2009,,28.2,,,,A,Normal value,0,Units,1,One
DATAFLOW,OECD.ELS.SAE:DSD_EARNINGS@PAY_INCIDENCE(1.0),Incidence of low and high pay,I,GBR,United Kingdom,LP_I,Low pay incidence,PT_EMP_FT,Percentage of full-time employment,_Z,Not applicable,_Z,Not applicable,_Z,Not applicable,_T,Total,2010,,28.7,,,,A,Normal value,0,Units,1,One
DATAFLOW,OECD.ELS.SAE:DSD_EARNINGS@PAY_INCIDENCE(1.0),Incidence of low and high pay,I,GBR,United Kingdom,LP_I,Low pay incidence,PT_EMP_FT,Percentage of full-time employment,_Z,Not applicable,_Z,Not applicable,_Z,Not applicable,_T,Total,2011,,28.8,,,,A,Normal value,0,Units,1,One
DATAFLOW,OECD.ELS.SAE:DSD_EARNINGS@PAY_INCIDENCE(1.0),Incidence of low and high pay,I,GBR,United Kingdom,LP_I,Low pay incidence,PT_EMP_FT,Percentage of full-time employment,_Z,Not applicable,_Z,Not applicable,_Z,Not applicable,_T,Total,2012,,28.7,,,,A,Normal value,0,Units,1,One
DATAFLOW,OECD.ELS.SAE:DSD_EARNINGS@PAY_INCIDENCE(1.0),Incidence of low and high pay,I,GBR,United Kingdom,LP_I,Low pay incidence,PT_EMP_FT,Percentage of full-time employment,_Z,Not applicable,_Z,Not applicable,_Z,Not applicable,_T,Total,2013,,28.7,,,,A,Normal value,0,Units,1,One
DATAFLOW,OECD.ELS.SAE:DSD_EARNINGS@PAY_INCIDENCE(1.0),Incidence of low and high pay,I,GBR,United Kingdom,LP_I,Low pay incidence,PT_EMP_FT,Percentage of full-time employment,_Z,Not applicable,_Z,Not applicable,_Z,Not applicable,_T,Total,2014,,28.9,,,,A,Normal value,0,Units,1,One
DATAFLOW,OECD.ELS.SAE:DSD_EARNINGS@PAY_INCIDENCE(1.0),Incidence of low and high pay,I,GBR,United Kingdom,LP_I,Low pay incidence,PT_EMP_FT,Percentage of full-time employment,_Z,Not applicable,_Z,Not applicable,_Z,Not applicable,_T,Total,2015,,28.5,,,,A,Normal value,0,Units,1,One
DATAFLOW,OECD.ELS.SAE:DSD_EARNINGS@PAY_INCIDENCE(1.0),Incidence of low and high pay,I,GBR,United Kingdom,LP_I,Low pay incidence,PT_EMP_FT,Percentage of full-time employment,_Z,Not applicable,_Z,Not applicable,_Z,Not applicable,_T,Total,2016,,27.5,,,,A,Normal value,0,Units,1,One
DATAFLOW,OECD.ELS.SAE:DSD_EARNINGS@PAY_INCIDENCE(1.0),Incidence of low and high pay,I,GBR,United Kingdom,LP_I,Low pay incidence,PT_EMP_FT,Percentage of full-time employment,_Z,Not applicable,_Z,Not applicable,_Z,Not applicable,_T,Total,2017,,27.2,,,,A,Normal value,0,Units,1,One
DATAFLOW,OECD.ELS.SAE:DSD_EARNINGS@PAY_INCIDENCE(1.0),Incidence of low and high pay,I,GBR,United Kingdom,LP_I,Low pay incidence,PT_EMP_FT,Percentage of full-time employment,_Z,Not applicable,_Z,Not applicable,_Z,Not applicable,_T,Total,2018,,27.3,,,,A,Normal value,0,Units,1,One
DATAFLOW,OECD.ELS.SAE:DSD_EARNINGS@PAY_INCIDENCE(1.0),Incidence of low and high pay,I,GBR,United Kingdom,LP_I,Low pay incidence,PT_EMP_FT,Percentage of full-time employment,_Z,Not applicable,_Z,Not applicable,_Z,Not applicable,_T,Total,2019,,26.5,,,,A,Normal value,0,Units,1,One
DATAFLOW,OECD.ELS.SAE:DSD_EARNINGS@PAY_INCIDENCE(1.0),Incidence of low and high pay,I,GBR,United Kingdom,LP_I,Low pay incidence,PT_EMP_FT,Percentage of full-time employment,_Z,Not applicable,_Z,Not applicable,_Z,Not applicable,_T,Total,2020,,26.8,,,,A,Normal value,0,Units,1,One
DATAFLOW,OECD.ELS.SAE:DSD_EARNINGS@PAY_INCIDENCE(1.0),Incidence of low and high pay,I,GBR,United Kingdom,LP_I,Low pay incidence,PT_EMP_FT,Percentage of full-time employment,_Z,Not applicable,_Z,Not applicable,_Z,Not applicable,_T,Total,2021,,25.4,,,,A,Normal value,0,Units,1,One
DATAFLOW,OECD.ELS.SAE:DSD_EARNINGS@PAY_INCIDENCE(1.0),Incidence of low and high pay,I,GBR,United Kingdom,LP_I,Low pay incidence,PT_EMP_FT,Percentage of full-time employment,_Z,Not applicable,_Z,Not applicable,_Z,Not applicable,_T,Total,2022,,24.7,,,,A,Normal value,0,Units,1,One
DATAFLOW,OECD.ELS.SAE:DSD_EARNINGS@PAY_INCIDENCE(1.0),Incidence of low and high pay,I,GBR,United Kingdom,LP_I,Low pay incidence,PT_EMP_FT,Percentage of full-time employment,_Z,Not applicable,_Z,Not applicable,_Z,Not applicable,_T,Total,2023,,23.5,,,,A,Normal value,0,Units,1,One
DATAFLOW,OECD.ELS.SAE:DSD_EARNINGS@PAY_INCIDENCE(1.0),Incidence of low and high pay,I,OECD,OECD,LP_I,Low pay incidence,PT_EMP_FT,Percentage of full-time employment,_Z,Not applicable,_Z,Not applicable,_Z,Not applicable,_T,Total,1995,,15.63377952,,,,A,Normal value,0,Units,1,One
DATAFLOW,OECD.ELS.SAE:DSD_EARNINGS@PAY_INCIDENCE(1.0),Incidence of low and high pay,I,OECD,OECD,LP_I,Low pay incidence,PT_EMP_FT,Percentage of full-time employment,_Z,Not applicable,_Z,Not applicable,_Z,Not applicable,_T,Total,1996,,15.69466727,,,,A,Normal value,0,Units,1,One
DATAFLOW,OECD.ELS.SAE:DSD_EARNINGS@PAY_INCIDENCE(1.0),Incidence of low and high pay,I,OECD,OECD,LP_I,Low pay incidence,PT_EMP_FT,Percentage of full-time employment,_Z,Not applicable,_Z,Not applicable,_Z,Not applicable,_T,Total,1997,,16.06879271,,,,A,Normal value,0,Units,1,One
DATAFLOW,OECD.ELS.SAE:DSD_EARNINGS@PAY_INCIDENCE(1.0),Incidence of low and high pay,I,OECD,OECD,LP_I,Low pay incidence,PT_EMP_FT,Percentage of full-time employment,_Z,Not applicable,_Z,Not applicable,_Z,Not applicable,_T,Total,1998,,16.11019977,,,,A,Normal value,0,Units,1,One
DATAFLOW,OECD.ELS.SAE:DSD_EARNINGS@PAY_INCIDENCE(1.0),Incidence of low and high pay,I,OECD,OECD,LP_I,Low pay incidence,PT_EMP_FT,Percentage of full-time employment,_Z,Not applicable,_Z,Not applicable,_Z,Not applicable,_T,Total,1999,,16.14645392,,,,A,Normal value,0,Units,1,One
DATAFLOW,OECD.ELS.SAE:DSD_EARNINGS@PAY_INCIDENCE(1.0),Incidence of low and high pay,I,OECD,OECD,LP_I,Low pay incidence,PT_EMP_FT,Percentage of full-time employment,_Z,Not applicable,_Z,Not applicable,_Z,Not applicable,_T,Total,2000,,16.16791553,,,,A,Normal value,0,Units,1,One
DATAFLOW,OECD.ELS.SAE:DSD_EARNINGS@PAY_INCIDENCE(1.0),Incidence of low and high pay,I,OECD,OECD,LP_I,Low pay incidence,PT_EMP_FT,Percentage of full-time employment,_Z,Not applicable,_Z,Not applicable,_Z,Not applicable,_T,Total,2001,,16.00425524,,,,A,Normal value,0,Units,1,One
DATAFLOW,OECD.ELS.SAE:DSD_EARNINGS@PAY_INCIDENCE(1.0),Incidence of low and high pay,I,OECD,OECD,LP_I,Low pay incidence,PT_EMP_FT,Percentage of full-time employment,_Z,Not applicable,_Z,Not applicable,_Z,Not applicable,_T,Total,2002,,16.13425304,,,,A,Normal value,0,Units,1,One
DATAFLOW,OECD.ELS.SAE:DSD_EARNINGS@PAY_INCIDENCE(1.0),Incidence of low and high pay,I,OECD,OECD,LP_I,Low pay incidence,PT_EMP_FT,Percentage of full-time employment,_Z,Not applicable,_Z,Not applicable,_Z,Not applicable,_T,Total,2003,,16.11087324,,,,A,Normal value,0,Units,1,One
DATAFLOW,OECD.ELS.SAE:DSD_EARNINGS@PAY_INCIDENCE(1.0),Incidence of low and high pay,I,OECD,OECD,LP_I,Low pay incidence,PT_EMP_FT,Percentage of full-time employment,_Z,Not applicable,_Z,Not applicable,_Z,Not applicable,_T,Total,2004,,15.92020409,,,,A,Normal value,0,Units,1,One
DATAFLOW,OECD.ELS.SAE:DSD_EARNINGS@PAY_INCIDENCE(1.0),Incidence of low and high pay,I,OECD,OECD,LP_I,Low pay incidence,PT_EMP_FT,Percentage of full-time employment,_Z,Not applicable,_Z,Not applicable,_Z,Not applicable,_T,Total,2005,,16.03697751,,,,A,Normal value,0,Units,1,One
DATAFLOW,OECD.ELS.SAE:DSD_EARNINGS@PAY_INCIDENCE(1.0),Incidence of low and high pay,I,OECD,OECD,LP_I,Low pay incidence,PT_EMP_FT,Percentage of full-time employment,_Z,Not applicable,_Z,Not applicable,_Z,Not applicable,_T,Total,2006,,16.17521638,,,,A,Normal value,0,Units,1,One
DATAFLOW,OECD.ELS.SAE:DSD_EARNINGS@PAY_INCIDENCE(1.0),Incidence of low and high pay,I,OECD,OECD,LP_I,Low pay incidence,PT_EMP_FT,Percentage of full-time employment,_Z,Not applicable,_Z,Not applicable,_Z,Not applicable,_T,Total,2007,,16.04229,,,,A,Normal value,0,Units,1,One
DATAFLOW,OECD.ELS.SAE:DSD_EARNINGS@PAY_INCIDENCE(1.0),Incidence of low and high pay,I,OECD,OECD,LP_I,Low pay incidence,PT_EMP_FT,Percentage of full-time employment,_Z,Not applicable,_Z,Not applicable,_Z,Not applicable,_T,Total,2008,,15.60385924,,,,A,Normal value,0,Units,1,One
DATAFLOW,OECD.ELS.SAE:DSD_EARNINGS@PAY_INCIDENCE(1.0),Incidence of low and high pay,I,OECD,OECD,LP_I,Low pay incidence,PT_EMP_FT,Percentage of full-time employment,_Z,Not applicable,_Z,Not applicable,_Z,Not applicable,_T,Total,2009,,15.33911594,,,,A,Normal value,0,Units,1,One
DATAFLOW,OECD.ELS.SAE:DSD_EARNINGS@PAY_INCIDENCE(1.0),Incidence of low and high pay,I,OECD,OECD,LP_I,Low pay incidence,PT_EMP_FT,Percentage of full-time employment,_Z,Not applicable,_Z,Not applicable,_Z,Not applicable,_T,Total,2010,,15.36007625,,,,A,Normal value,0,Units,1,One
DATAFLOW,OECD.ELS.SAE:DSD_EARNINGS@PAY_INCIDENCE(1.0),Incidence of low and high pay,I,OECD,OECD,LP_I,Low pay incidence,PT_EMP_FT,Percentage of full-time employment,_Z,Not applicable,_Z,Not applicable,_Z,Not applicable,_T,Total,2011,,15.2814363,,,,A,Normal value,0,Units,1,One
DATAFLOW,OECD.ELS.SAE:DSD_EARNINGS@PAY_INCIDENCE(1.0),Incidence of low and high pay,I,OECD,OECD,LP_I,Low pay incidence,PT_EMP_FT,Percentage of full-time employment,_Z,Not applicable,_Z,Not applicable,_Z,Not applicable,_T,Total,2012,,15.08151384,,,,A,Normal value,0,Units,1,One
DATAFLOW,OECD.ELS.SAE:DSD_EARNINGS@PAY_INCIDENCE(1.0),Incidence of low and high pay,I,OECD,OECD,LP_I,Low pay incidence,PT_EMP_FT,Percentage of full-time employment,_Z,Not applicable,_Z,Not applicable,_Z,Not applicable,_T,Total,2013,,14.89964741,,,,A,Normal value,0,Units,1,One
DATAFLOW,OECD.ELS.SAE:DSD_EARNINGS@PAY_INCIDENCE(1.0),Incidence of low and high pay,I,OECD,OECD,LP_I,Low pay incidence,PT_EMP_FT,Percentage of full-time employment,_Z,Not applicable,_Z,Not applicable,_Z,Not applicable,_T,Total,2014,,14.87445431,,,,A,Normal value,0,Units,1,One
DATAFLOW,OECD.ELS.SAE:DSD_EARNINGS@PAY_INCIDENCE(1.0),Incidence of low and high pay,I,OECD,OECD,LP_I,Low pay incidence,PT_EMP_FT,Percentage of full-time employment,_Z,Not applicable,_Z,Not applicable,_Z,Not applicable,_T,Total,2015,,15.02483202,,,,A,Normal value,0,Units,1,One
DATAFLOW,OECD.ELS.SAE:DSD_EARNINGS@PAY_INCIDENCE(1.0),Incidence of low and high pay,I,OECD,OECD,LP_I,Low pay incidence,PT_EMP_FT,Percentage of full-time employment,_Z,Not applicable,_Z,Not applicable,_Z,Not applicable,_T,Total,2016,,14.54769427,,,,A,Normal value,0,Units,1,One
DATAFLOW,OECD.ELS.SAE:DSD_EARNINGS@PAY_INCIDENCE(1.0),Incidence of low and high pay,I,OECD,OECD,LP_I,Low pay incidence,PT_EMP_FT,Percentage of full-time employment,_Z,Not applicable,_Z,Not applicable,_Z,Not applicable,_T,Total,2017,,14.12622313,,,,A,Normal value,0,Units,1,One
DATAFLOW,OECD.ELS.SAE:DSD_EARNINGS@PAY_INCIDENCE(1.0),Incidence of low and high pay,I,OECD,OECD,LP_I,Low pay incidence,PT_EMP_FT,Percentage of full-time employment,_Z,Not applicable,_Z,Not applicable,_Z,Not applicable,_T,Total,2018,,13.96771991,,,,A,Normal value,0,Units,1,One
DATAFLOW,OECD.ELS.SAE:DSD_EARNINGS@PAY_INCIDENCE(1.0),Incidence of low and high pay,I,OECD,OECD,LP_I,Low pay incidence,PT_EMP_FT,Percentage of full-time employment,_Z,Not applicable,_Z,Not applicable,_Z,Not applicable,_T,Total,2019,,14.01695394,,,,A,Normal value,0,Units,1,One
DATAFLOW,OECD.ELS.SAE:DSD_EARNINGS@PAY_INCIDENCE(1.0),Incidence of low and high pay,I,OECD,OECD,LP_I,Low pay incidence,PT_EMP_FT,Percentage of full-time employment,_Z,Not applicable,_Z,Not applicable,_Z,Not applicable,_T,Total,2020,,14.12447931,,,,A,Normal value,0,Units,1,One
DATAFLOW,OECD.ELS.SAE:DSD_EARNINGS@PAY_INCIDENCE(1.0),Incidence of low and high pay,I,OECD,OECD,LP_I,Low pay incidence,PT_EMP_FT,Percentage of full-time employment,_Z,Not applicable,_Z,Not applicable,_Z,Not applicable,_T,Total,2021,,12.86376107,,,,A,Normal value,0,Units,1,One
DATAFLOW,OECD.ELS.SAE:DSD_EARNINGS@PAY_INCIDENCE(1.0),Incidence of low and high pay,I,OECD,OECD,LP_I,Low pay incidence,PT_EMP_FT,Percentage of full-time employment,_Z,Not applicable,_Z,Not applicable,_Z,Not applicable,_T,Total,2022,,12.64158053,,,,A,Normal value,0,Units,1,One
DATAFLOW,OECD.ELS.SAE:DSD_EARNINGS@PAY_INCIDENCE(1.0),Incidence of low and high pay,I,OECD,OECD,LP_I,Low pay incidence,PT_EMP_FT,Percentage of full-time employment,_Z,Not applicable,_Z,Not applicable,_Z,Not applicable,_T,Total,2023,,12.69431005,,,,A,Normal value,0,Units,1,One
DATAFLOW,OECD.ELS.SAE:DSD_EARNINGS@PAY_INCIDENCE(1.0),Incidence of low and high pay,I,FRA,France,LP_I,Low pay incidence,PT_EMP_FT,Percentage of full-time employment,_Z,Not applicable,_Z,Not applicable,_Z,Not applicable,M,Male,2002,,4.777777778,,,,A,Normal value,0,Units,1,One
DATAFLOW,OECD.ELS.SAE:DSD_EARNINGS@PAY_INCIDENCE(1.0),Incidence of low and high pay,I,FRA,France,LP_I,Low pay incidence,PT_EMP_FT,Percentage of full-time employment,_Z,Not applicable,_Z,Not applicable,_Z,Not applicable,M,Male,2006,,5.537634409,,,,A,Normal value,0,Units,1,One
DATAFLOW,OECD.ELS.SAE:DSD_EARNINGS@PAY_INCIDENCE(1.0),Incidence of low and high pay,I,FRA,France,LP_I,Low pay incidence,PT_EMP_FT,Percentage of full-time employment,_Z,Not applicable,_Z,Not applicable,_Z,Not applicable,M,Male,2010,,4.575757576,,,,A,Normal value,0,Units,1,One
DATAFLOW,OECD.ELS.SAE:DSD_EARNINGS@PAY_INCIDENCE(1.0),Incidence of low and high pay,I,FRA,France,LP_I,Low pay incidence,PT_EMP_FT,Percentage of full-time employment,_Z,Not applicable,_Z,Not applicable,_Z,Not applicable,M,Male,2014,,5.306306306,,,,A,Normal value,0,Units,1,One
DATAFLOW,OECD.ELS.SAE:DSD_EARNINGS@PAY_INCIDENCE(1.0),Incidence of low and high pay,I,FRA,France,LP_I,Low pay incidence,PT_EMP_FT,Percentage of full-time employment,_Z,Not applicable,_Z,Not applicable,_Z,Not applicable,M,Male,2018,,5.788617886,,,,A,Normal value,0,Units,1,One
DATAFLOW,OECD.ELS.SAE:DSD_EARNINGS@PAY_INCIDENCE(1.0),Incidence of low and high pay,I,DEU,Germany,LP_I,Low pay incidence,PT_EMP_FT,Percentage of full-time employment,_Z,Not applicable,_Z,Not applicable,_Z,Not applicable,M,Male,1992,,14.7132638,,,,A,Normal value,0,Units,1,One
DATAFLOW,OECD.ELS.SAE:DSD_EARNINGS@PAY_INCIDENCE(1.0),Incidence of low and high pay,I,DEU,Germany,LP_I,Low pay incidence,PT_EMP_FT,Percentage of full-time employment,_Z,Not applicable,_Z,Not applicable,_Z,Not applicable,M,Male,1993,,11.1453352,,,,A,Normal value,0,Units,1,One
DATAFLOW,OECD.ELS.SAE:DSD_EARNINGS@PAY_INCIDENCE(1.0),Incidence of low and high pay,I,DEU,Germany,LP_I,Low pay incidence,PT_EMP_FT,Percentage of full-time employment,_Z,Not applicable,_Z,Not applicable,_Z,Not applicable,M,Male,1994,,9.66418475,,,,A,Normal value,0,Units,1,One
DATAFLOW,OECD.ELS.SAE:DSD_EARNINGS@PAY_INCIDENCE(1.0),Incidence of low and high pay,I,DEU,Germany,LP_I,Low pay incidence,PT_EMP_FT,Percentage of full-time employment,_Z,Not applicable,_Z,Not applicable,_Z,Not applicable,M,Male,1995,,8.736449104,,,,A,Normal value,0,Units,1,One
DATAFLOW,OECD.ELS.SAE:DSD_EARNINGS@PAY_INCIDENCE(1.0),Incidence of low and high pay,I,DEU,Germany,LP_I,Low pay incidence,PT_EMP_FT,Percentage of full-time employment,_Z,Not applicable,_Z,Not applicable,_Z,Not applicable,M,Male,1996,,9.397329735,,,,A,Normal value,0,Units,1,One
DATAFLOW,OECD.ELS.SAE:DSD_EARNINGS@PAY_INCIDENCE(1.0),Incidence of low and high pay,I,DEU,Germany,LP_I,Low pay incidence,PT_EMP_FT,Percentage of full-time employment,_Z,Not applicable,_Z,Not applicable,_Z,Not applicable,M,Male,1997,,9.297779614,,,,A,Normal value,0,Units,1,One
DATAFLOW,OECD.ELS.SAE:DSD_EARNINGS@PAY_INCIDENCE(1.0),Incidence of low and high pay,I,DEU,Germany,LP_I,Low pay incidence,PT_EMP_FT,Percentage of full-time employment,_Z,Not applicable,_Z,Not applicable,_Z,Not applicable,M,Male,1998,,10.22048077,,,,A,Normal value,0,Units,1,One
DATAFLOW,OECD.ELS.SAE:DSD_EARNINGS@PAY_INCIDENCE(1.0),Incidence of low and high pay,I,DEU,Germany,LP_I,Low pay incidence,PT_EMP_FT,Percentage of full-time employment,_Z,Not applicable,_Z,Not applicable,_Z,Not applicable,M,Male,1999,,11.01799984,,,,A,Normal value,0,Units,1,One
DATAFLOW,OECD.ELS.SAE:DSD_EARNINGS@PAY_INCIDENCE(1.0),Incidence of low and high pay,I,DEU,Germany,LP_I,Low pay incidence,PT_EMP_FT,Percentage of full-time employment,_Z,Not applicable,_Z,Not applicable,_Z,Not applicable,M,Male,2000,,10.89638319,,,,A,Normal value,0,Units,1,One
DATAFLOW,OECD.ELS.SAE:DSD_EARNINGS@PAY_INCIDENCE(1.0),Incidence of low and high pay,I,DEU,Germany,LP_I,Low pay incidence,PT_EMP_FT,Percentage of full-time employment,_Z,Not applicable,_Z,Not applicable,_Z,Not applicable,M,Male,2001,,11.11591373,,,,A,Normal value,0,Units,1,One
DATAFLOW,OECD.ELS.SAE:DSD_EARNINGS@PAY_INCIDENCE(1.0),Incidence of low and high pay,I,DEU,Germany,LP_I,Low pay incidence,PT_EMP_FT,Percentage of full-time employment,_Z,Not applicable,_Z,Not applicable,_Z,Not applicable,M,Male,2002,,12.06958085,,,,A,Normal value,0,Units,1,One
DATAFLOW,OECD.ELS.SAE:DSD_EARNINGS@PAY_INCIDENCE(1.0),Incidence of low and high pay,I,DEU,Germany,LP_I,Low pay incidence,PT_EMP_FT,Percentage of full-time employment,_Z,Not applicable,_Z,Not applicable,_Z,Not applicable,M,Male,2003,,12.3629157,,,,A,Normal value,0,Units,1,One
DATAFLOW,OECD.ELS.SAE:DSD_EARNINGS@PAY_INCIDENCE(1.0),Incidence of low and high pay,I,DEU,Germany,LP_I,Low pay incidence,PT_EMP_FT,Percentage of full-time employment,_Z,Not applicable,_Z,Not applicable,_Z,Not applicable,M,Male,2004,,12.1840257,,,,A,Normal value,0,Units,1,One
DATAFLOW,OECD.ELS.SAE:DSD_EARNINGS@PAY_INCIDENCE(1.0),Incidence of low and high pay,I,DEU,Germany,LP_I,Low pay incidence,PT_EMP_FT,Percentage of full-time employment,_Z,Not applicable,_Z,Not applicable,_Z,Not applicable,M,Male,2005,,11.85522758,,,,A,Normal value,0,Units,1,One
DATAFLOW,OECD.ELS.SAE:DSD_EARNINGS@PAY_INCIDENCE(1.0),Incidence of low and high pay,I,DEU,Germany,LP_I,Low pay incidence,PT_EMP_FT,Percentage of full-time employment,_Z,Not applicable,_Z,Not applicable,_Z,Not applicable,M,Male,2006,,13.49471887,,,,A,Normal value,0,Units,1,One
DATAFLOW,OECD.ELS.SAE:DSD_EARNINGS@PAY_INCIDENCE(1.0),Incidence of low and high pay,I,DEU,Germany,LP_I,Low pay incidence,PT_EMP_FT,Percentage of full-time employment,_Z,Not applicable,_Z,Not applicable,_Z,Not applicable,M,Male,2007,,13.06383672,,,,A,Normal value,0,Units,1,One
DATAFLOW,OECD.ELS.SAE:DSD_EARNINGS@PAY_INCIDENCE(1.0),Incidence of low and high pay,I,DEU,Germany,LP_I,Low pay incidence,PT_EMP_FT,Percentage of full-time employment,_Z,Not applicable,_Z,Not applicable,_Z,Not applicable,M,Male,2008,,12.99135966,,,,A,Normal value,0,Units,1,One
DATAFLOW,OECD.ELS.SAE:DSD_EARNINGS@PAY_INCIDENCE(1.0),Incidence of low and high pay,I,DEU,Germany,LP_I,Low pay incidence,PT_EMP_FT,Percentage of full-time employment,_Z,Not applicable,_Z,Not applicable,_Z,Not applicable,M,Male,2009,,14.28651263,,,,A,Normal value,0,Units,1,One
DATAFLOW,OECD.ELS.SAE:DSD_EARNINGS@PAY_INCIDENCE(1.0),Incidence of low and high pay,I,DEU,Germany,LP_I,Low pay incidence,PT_EMP_FT,Percentage of full-time employment,_Z,Not applicable,_Z,Not applicable,_Z,Not applicable,M,Male,2010,,14.69248435,,,,A,Normal value,0,Units,1,One
DATAFLOW,OECD.ELS.SAE:DSD_EARNINGS@PAY_INCIDENCE(1.0),Incidence of low and high pay,I,DEU,Germany,LP_I,Low pay incidence,PT_EMP_FT,Percentage of full-time employment,_Z,Not applicable,_Z,Not applicable,_Z,Not applicable,M,Male,2011,,15.21508947,,,,A,Normal value,0,Units,1,One
DATAFLOW,OECD.ELS.SAE:DSD_EARNINGS@PAY_INCIDENCE(1.0),Incidence of low and high pay,I,DEU,Germany,LP_I,Low pay incidence,PT_EMP_FT,Percentage of full-time employment,_Z,Not applicable,_Z,Not applicable,_Z,Not applicable,M,Male,2012,,15.0860125,,,,A,Normal value,0,Units,1,One
DATAFLOW,OECD.ELS.SAE:DSD_EARNINGS@PAY_INCIDENCE(1.0),Incidence of low and high pay,I,DEU,Germany,LP_I,Low pay incidence,PT_EMP_FT,Percentage of full-time employment,_Z,Not applicable,_Z,Not applicable,_Z,Not applicable,M,Male,2013,,15.4282116,,,,A,Normal value,0,Units,1,One
DATAFLOW,OECD.ELS.SAE:DSD_EARNINGS@PAY_INCIDENCE(1.0),Incidence of low and high pay,I,DEU,Germany,LP_I,Low pay incidence,PT_EMP_FT,Percentage of full-time employment,_Z,Not applicable,_Z,Not applicable,_Z,Not applicable,M,Male,2014,,14.2051144,,,,A,Normal value,0,Units,1,One
DATAFLOW,OECD.ELS.SAE:DSD_EARNINGS@PAY_INCIDENCE(1.0),Incidence of low and high pay,I,DEU,Germany,LP_I,Low pay incidence,PT_EMP_FT,Percentage of full-time employment,_Z,Not applicable,_Z,Not applicable,_Z,Not applicable,M,Male,2015,,15.76573494,,,,A,Normal value,0,Units,1,One
DATAFLOW,OECD.ELS.SAE:DSD_EARNINGS@PAY_INCIDENCE(1.0),Incidence of low and high pay,I,DEU,Germany,LP_I,Low pay incidence,PT_EMP_FT,Percentage of full-time employment,_Z,Not applicable,_Z,Not applicable,_Z,Not applicable,M,Male,2016,,14.94343603,,,,A,Normal value,0,Units,1,One
DATAFLOW,OECD.ELS.SAE:DSD_EARNINGS@PAY_INCIDENCE(1.0),Incidence of low and high pay,I,DEU,Germany,LP_I,Low pay incidence,PT_EMP_FT,Percentage of full-time employment,_Z,Not applicable,_Z,Not applicable,_Z,Not applicable,M,Male,2017,,14.53229858,,,,A,Normal value,0,Units,1,One
DATAFLOW,OECD.ELS.SAE:DSD_EARNINGS@PAY_INCIDENCE(1.0),Incidence of low and high pay,I,DEU,Germany,LP_I,Low pay incidence,PT_EMP_FT,Percentage of full-time employment,_Z,Not applicable,_Z,Not applicable,_Z,Not applicable,M,Male,2018,,14.09754945,,,,A,Normal value,0,Units,1,One
DATAFLOW,OECD.ELS.SAE:DSD_EARNINGS@PAY_INCIDENCE(1.0),Incidence of low and high pay,I,DEU,Germany,LP_I,Low pay incidence,PT_EMP_FT,Percentage of full-time employment,_Z,Not applicable,_Z,Not applicable,_Z,Not applicable,M,Male,2019,,14.77952851,,,,A,Normal value,0,Units,1,One
DATAFLOW,OECD.ELS.SAE:DSD_EARNINGS@PAY_INCIDENCE(1.0),Incidence of low and high pay,I,DEU,Germany,LP_I,Low pay incidence,PT_EMP_FT,Percentage of full-time employment,_Z,Not applicable,_Z,Not applicable,_Z,Not applicable,M,Male,2020,,14.6828491,,,,A,Normal value,0,Units,1,One
DATAFLOW,OECD.ELS.SAE:DSD_EARNINGS@PAY_INCIDENCE(1.0),Incidence of low and high pay,I,DEU,Germany,LP_I,Low pay incidence,PT_EMP_FT,Percentage of full-time employment,_Z,Not applicable,_Z,Not applicable,_Z,Not applicable,M,Male,2021,,13.15884081,,,,A,Normal value,0,Units,1,One
DATAFLOW,OECD.ELS.SAE:DSD_EARNINGS@PAY_INCIDENCE(1.0),Incidence of low and high pay,I,DEU,Germany,LP_I,Low pay incidence,PT_EMP_FT,Percentage of full-time employment,_Z,Not applicable,_Z,Not applicable,_Z,Not applicable,M,Male,2022,,13.65207898,,,,A,Normal value,0,Units,1,One
DATAFLOW,OECD.ELS.SAE:DSD_EARNINGS@PAY_INCIDENCE(1.0),Incidence of low and high pay,I,DEU,Germany,LP_I,Low pay incidence,PT_EMP_FT,Percentage of full-time employment,_Z,Not applicable,_Z,Not applicable,_Z,Not applicable,M,Male,2023,,12.93118191,,,,A,Normal value,0,Units,1,One
DATAFLOW,OECD.ELS.SAE:DSD_EARNINGS@PAY_INCIDENCE(1.0),Incidence of low and high pay,I,ITA,Italy,LP_I,Low pay incidence,PT_EMP_FT,Percentage of full-time employment,_Z,Not applicable,_Z,Not applicable,_Z,Not applicable,M,Male,2002,,3.977777778,,,,A,Normal value,0,Units,1,One
DATAFLOW,OECD.ELS.SAE:DSD_EARNINGS@PAY_INCIDENCE(1.0),Incidence of low and high pay,I,ITA,Italy,LP_I,Low pay incidence,PT_EMP_FT,Percentage of full-time employment,_Z,Not applicable,_Z,Not applicable,_Z,Not applicable,M,Male,2006,,6.277777778,,,,A,Normal value,0,Units,1,One
DATAFLOW,OECD.ELS.SAE:DSD_EARNINGS@PAY_INCIDENCE(1.0),Incidence of low and high pay,I,ITA,Italy,LP_I,Low pay incidence,PT_EMP_FT,Percentage of full-time employment,_Z,Not applicable,_Z,Not applicable,_Z,Not applicable,M,Male,2010,,7.862745098,,,,A,Normal value,0,Units,1,One
DATAFLOW,OECD.ELS.SAE:DSD_EARNINGS@PAY_INCIDENCE(1.0),Incidence of low and high pay,I,ITA,Italy,LP_I,Low pay incidence,PT_EMP_FT,Percentage of full-time employment,_Z,Not applicable,_Z,Not applicable,_Z,Not applicable,M,Male,2014,,4.287037037,,,,A,Normal value,0,Units,1,One
DATAFLOW,OECD.ELS.SAE:DSD_EARNINGS@PAY_INCIDENCE(1.0),Incidence of low and high pay,I,ITA,Italy,LP_I,Low pay incidence,PT_EMP_FT,Percentage of full-time employment,_Z,Not applicable,_Z,Not applicable,_Z,Not applicable,M,Male,2018,,3.261437909,,,,A,Normal value,0,Units,1,One
DATAFLOW,OECD.ELS.SAE:DSD_EARNINGS@PAY_INCIDENCE(1.0),Incidence of low and high pay,I,ESP,Spain,LP_I,Low pay incidence,PT_EMP_FT,Percentage of full-time employment,_Z,Not applicable,_Z,Not applicable,_Z,Not applicable,M,Male,2002,,9.0,,,,A,Normal value,0,Units,1,One
DATAFLOW,OECD.ELS.SAE:DSD_EARNINGS@PAY_INCIDENCE(1.0),Incidence of low and high pay,I,ESP,Spain,LP_I,Low pay incidence,PT_EMP_FT,Percentage of full-time employment,_Z,Not applicable,_Z,Not applicable,_Z,Not applicable,M,Male,2006,,6.507936508,,,,A,Normal value,0,Units,1,One
DATAFLOW,OECD.ELS.SAE:DSD_EARNINGS@PAY_INCIDENCE(1.0),Incidence of low and high pay,I,ESP,Spain,LP_I,Low pay incidence,PT_EMP_FT,Percentage of full-time employment,_Z,Not applicable,_Z,Not applicable,_Z,Not applicable,M,Male,2010,,7.136363636,,,,A,Normal value,0,Units,1,One
DATAFLOW,OECD.ELS.SAE:DSD_EARNINGS@PAY_INCIDENCE(1.0),Incidence of low and high pay,I,ESP,Spain,LP_I,Low pay incidence,PT_EMP_FT,Percentage of full-time employment,_Z,Not applicable,_Z,Not applicable,_Z,Not applicable,M,Male,2014,,7.053333333,,,,A,Normal value,0,Units,1,One
DATAFLOW,OECD.ELS.SAE:DSD_EARNINGS@PAY_INCIDENCE(1.0),Incidence of low and high pay,I,ESP,Spain,LP_I,Low pay incidence,PT_EMP_FT,Percentage of full-time employment,_Z,Not applicable,_Z,Not applicable,_Z,Not applicable,M,Male,2018,,7.827160494,,,,A,Normal value,0,Units,1,One
DATAFLOW,OECD.ELS.SAE:DSD_EARNINGS@PAY_INCIDENCE(1.0),Incidence of low and high pay,I,GBR,United Kingdom,LP_I,Low pay incidence,PT_EMP_FT,Percentage of full-time employment,_Z,Not applicable,_Z,Not applicable,_Z,Not applicable,M,Male,1970,,8.646303864,,,,A,Normal value,0,Units,1,One
DATAFLOW,OECD.ELS.SAE:DSD_EARNINGS@PAY_INCIDENCE(1.0),Incidence of low and high pay,I,GBR,United Kingdom,LP_I,Low pay incidence,PT_EMP_FT,Percentage of full-time employment,_Z,Not applicable,_Z,Not applicable,_Z,Not applicable,M,Male,1971,,8.173489487,,,,A,Normal value,0,Units,1,One
DATAFLOW,OECD.ELS.SAE:DSD_EARNINGS@PAY_INCIDENCE(1.0),Incidence of low and high pay,I,GBR,United Kingdom,LP_I,Low pay incidence,PT_EMP_FT,Percentage of full-time employment,_Z,Not applicable,_Z,Not applicable,_Z,Not applicable,M,Male,1972,,8.34063338,,,,A,Normal value,0,Units,1,One
DATAFLOW,OECD.ELS.SAE:DSD_EARNINGS@PAY_INCIDENCE(1.0),Incidence of low and high pay,I,GBR,United Kingdom,LP_I,Low pay incidence,PT_EMP_FT,Percentage of full-time employment,_Z,Not applicable,_Z,Not applicable,_Z,Not applicable,M,Male,1973,,8.568577178,,,,A,Normal value,0,Units,1,One
DATAFLOW,OECD.ELS.SAE:DSD_EARNINGS@PAY_INCIDENCE(1.0),Incidence of low and high pay,I,GBR,United Kingdom,LP_I,Low pay incidence,PT_EMP_FT,Percentage of full-time employment,_Z,Not applicable,_Z,Not applicable,_Z,Not applicable,M,Male,1974,,7.896587247,,,,A,Normal value,0,Units,1,One
DATAFLOW,OECD.ELS.SAE:DSD_EARNINGS@PAY_INCIDENCE(1.0),Incidence of low and high pay,I,GBR,United Kingdom,LP_I,Low pay incidence,PT_EMP_FT,Percentage of full-time employment,_Z,Not applicable,_Z,Not applicable,_Z,Not applicable,M,Male,1975,,7.89562507,,,,A,Normal value,0,Units,1,One
DATAFLOW,OECD.ELS.SAE:DSD_EARNINGS@PAY_INCIDENCE(1.0),Incidence of low and high pay,I,GBR,United Kingdom,LP_I,Low pay incidence,PT_EMP_FT,Percentage of full-time employment,_Z,Not applicable,_Z,Not applicable,_Z,Not applicable,M,Male,1976,,8.118680627,,,,A,Normal value,0,Units,1,One
DATAFLOW,OECD.ELS.SAE:DSD_EARNINGS@PAY_INCIDENCE(1.0),Incidence of low and high pay,I,GBR,United Kingdom,LP_I,Low pay incidence,PT_EMP_FT,Percentage of full-time employment,_Z,Not applicable,_Z,Not applicable,_Z,Not applicable,M,Male,1977,,7.553510314,,,,A,Normal value,0,Units,1,One
DATAFLOW,OECD.ELS.SAE:DSD_EARNINGS@PAY_INCIDENCE(1.0),Incidence of low and high pay,I,GBR,United Kingdom,LP_I,Low pay incidence,PT_EMP_FT,Percentage of full-time employment,_Z,Not applicable,_Z,Not applicable,_Z,Not applicable,M,Male,1978,,7.8529137,,,,A,Normal value,0,Units,1,One
DATAFLOW,OECD.ELS.SAE:DSD_EARNINGS@PAY_INCIDENCE(1.0),Incidence of low and high pay,I,GBR,United Kingdom,LP_I,Low pay incidence,PT_EMP_FT,Percentage of full-time employment,_Z,Not applicable,_Z,Not applicable,_Z,Not applicable,M,Male,1979,,8.266610883,,,,A,Normal value,0,Units,1,One
DATAFLOW,OECD.ELS.SAE:DSD_EARNINGS@PAY_INCIDENCE(1.0),Incidence of low and high pay,I,GBR,United Kingdom,LP_I,Low pay incidence,PT_EMP_FT,Percentage of full-time employment,_Z,Not applicable,_Z,Not applicable,_Z,Not applicable,M,Male,1980,,8.340376048,,,,A,Normal value,0,Units,1,One
DATAFLOW,OECD.ELS.SAE:DSD_EARNINGS@PAY_INCIDENCE(1.0),Incidence of low and high pay,I,GBR,United Kingdom,LP_I,Low pay incidence,PT_EMP_FT,Percentage of full-time employment,_Z,Not applicable,_Z,Not applicable,_Z,Not applicable,M,Male,1981,,8.728461439,,,,A,Normal value,0,Units,1,One
DATAFLOW,OECD.ELS.SAE:DSD_EARNINGS@PAY_INCIDENCE(1.0),Incidence of low and high pay,I,GBR,United Kingdom,LP_I,Low pay incidence,PT_EMP_FT,Percentage of full-time employment,_Z,Not applicable,_Z,Not applicable,_Z,Not applicable,M,Male,1982,,8.841823393,,,,A,Normal value,0,Units,1,One
DATAFLOW,OECD.ELS.SAE:DSD_EARNINGS@PAY_INCIDENCE(1.0),Incidence of low and high pay,I,GBR,United Kingdom,LP_I,Low pay incidence,PT_EMP_FT,Percentage of full-time employment,_Z,Not applicable,_Z,Not applicable,_Z,Not applicable,M,Male,1983,,9.207463876,,,,A,Normal value,0,Units,1,One
DATAFLOW,OECD.ELS.SAE:DSD_EARNINGS@PAY_INCIDENCE(1.0),Incidence of low and high pay,I,GBR,United Kingdom,LP_I,Low pay incidence,PT_EMP_FT,Percentage of full-time employment,_Z,Not applicable,_Z,Not applicable,_Z,Not applicable,M,Male,1984,,9.803868213,,,,A,Normal value,0,Units,1,One
DATAFLOW,OECD.ELS.SAE:DSD_EARNINGS@PAY_INCIDENCE(1.0),Incidence of low and high pay,I,GBR,United Kingdom,LP_I,Low pay incidence,PT_EMP_FT,Percentage of full-time employment,_Z,Not applicable,_Z,Not applicable,_Z,Not applicable,M,Male,1985,,9.959335609,,,,A,Normal value,0,Units,1,One
DATAFLOW,OECD.ELS.SAE:DSD_EARNINGS@PAY_INCIDENCE(1.0),Incidence of low and high pay,I,GBR,United Kingdom,LP_I,Low pay incidence,PT_EMP_FT,Percentage of full-time employment,_Z,Not applicable,_Z,Not applicable,_Z,Not applicable,M,Male,1986,,10.55741319,,,,A,Normal value,0,Units,1,One
DATAFLOW,OECD.ELS.SAE:DSD_EARNINGS@PAY_INCIDENCE(1.0),Incidence of low and high pay,I,GBR,United Kingdom,LP_I,Low pay incidence,PT_EMP_FT,Percentage of full-time employment,_Z,Not applicable,_Z,Not applicable,_Z,Not applicable,M,Male,1987,,11.08932465,,,,A,Normal value,0,Units,1,One
DATAFLOW,OECD.ELS.SAE:DSD_EARNINGS@PAY_INCIDENCE(1.0),Incidence of low and high pay,I,GBR,United Kingdom,LP_I,Low pay incidence,PT_EMP_FT,Percentage of full-time employment,_Z,Not applicable,_Z,Not applicable,_Z,Not applicable,M,Male,1988,,11.45478065,,,,A,Normal value,0,Units,1,One
DATAFLOW,OECD.ELS.SAE:DSD_EARNINGS@PAY_INCIDENCE(1.0),Incidence of low and high pay,I,GBR,United Kingdom,LP_I,Low pay incidence,PT_EMP_FT,Percentage of full-time employment,_Z,Not applicable,_Z,Not applicable,_Z,Not applicable,M,Male,1989,,11.8449466,,,,A,Normal value,0,Units,1,One
DATAFLOW,OECD.ELS.SAE:DSD_EARNINGS@PAY_INCIDENCE(1.0),Incidence of low and high pay,I,GBR,United Kingdom,LP_I,Low pay incidence,PT_EMP_FT,Percentage of full-time employment,_Z,Not applicable,_Z,Not applicable,_Z,Not applicable,M,Male,1990,,11.97068854,,,,A,Normal value,0,Units,1,One
DATAFLOW,OECD.ELS.SAE:DSD_EARNINGS@PAY_INCIDENCE(1.0),Incidence of low and high pay,I,GBR,United Kingdom,LP_I,Low pay incidence,PT_EMP_FT,Percentage of full-time employment,_Z,Not applicable,_Z,Not applicable,_Z,Not applicable,M,Male,1991,,12.19144739,,,,A,Normal value,0,Units,1,One
DATAFLOW,OECD.ELS.SAE:DSD_EARNINGS@PAY_INCIDENCE(1.0),Incidence of low and high pay,I,GBR,United Kingdom,LP_I,Low pay incidence,PT_EMP_FT,Percentage of full-time employment,_Z,Not applicable,_Z,Not applicable,_Z,Not applicable,M,Male,1992,,12.55207786,,,,A,Normal value,0,Units,1,One
DATAFLOW,OECD.ELS.SAE:DSD_EARNINGS@PAY_INCIDENCE(1.0),Incidence of low and high pay,I,GBR,United Kingdom,LP_I,Low pay incidence,PT_EMP_FT,Percentage of full-time employment,_Z,Not applicable,_Z,Not applicable,_Z,Not applicable,M,Male,1993,,12.74728441,,,,A,Normal value,0,Units,1,One
DATAFLOW,OECD.ELS.SAE:DSD_EARNINGS@PAY_INCIDENCE(1.0),Incidence of low and high pay,I,GBR,United Kingdom,LP_I,Low pay incidence,PT_EMP_FT,Percentage of full-time employment,_Z,Not applicable,_Z,Not applicable,_Z,Not applicable,M,Male,1994,,12.86643839,,,,A,Normal value,0,Units,1,One
DATAFLOW,OECD.ELS.SAE:DSD_EARNINGS@PAY_INCIDENCE(1.0),Incidence of low and high pay,I,GBR,United Kingdom,LP_I,Low pay incidence,PT_EMP_FT,Percentage of full-time employment,_Z,Not applicable,_Z,Not applicable,_Z,Not applicable,M,Male,1995,,13.59113014,,,,A,Normal value,0,Units,1,One
DATAFLOW,OECD.ELS.SAE:DSD_EARNINGS@PAY_INCIDENCE(1.0),Incidence of low and high pay,I,GBR,United Kingdom,LP_I,Low pay incidence,PT_EMP_FT,Percentage of full-time employment,_Z,Not applicable,_Z,Not applicable,_Z,Not applicable,M,Male,1996,,13.55335357,,,,A,Normal value,0,Units,1,One
DATAFLOW,OECD.ELS.SAE:DSD_EARNINGS@PAY_INCIDENCE(1.0),Incidence of low and high pay,I,GBR,United Kingdom,LP_I,Low pay incidence,PT_EMP_FT,Percentage of full-time employment,_Z,Not applicable,_Z,Not applicable,_Z,Not applicable,M,Male,1997,,13.43499303,,,,A,Normal value,0,Units,1,One
DATAFLOW,OECD.ELS.SAE:DSD_EARNINGS@PAY_INCIDENCE(1.0),Incidence of low and high pay,I,GBR,United Kingdom,LP_I,Low pay incidence,PT_EMP_FT,Percentage of full-time employment,_Z,Not applicable,_Z,Not applicable,_Z,Not applicable,M,Male,1998,,13.77345575,,,,A,Normal value,0,Units,1,One
DATAFLOW,OECD.ELS.SAE:DSD_EARNINGS@PAY_INCIDENCE(1.0),Incidence of low and high pay,I,GBR,United Kingdom,LP_I,Low pay incidence,PT_EMP_FT,Percentage of full-time employment,_Z,Not applicable,_Z,Not applicable,_Z,Not applicable,M,Male,1999,,13.42986134,,,,A,Normal value,0,Units,1,One
DATAFLOW,OECD.ELS.SAE:DSD_EARNINGS@PAY_INCIDENCE(1.0),Incidence of low and high pay,I,GBR,United Kingdom,LP_I,Low pay incidence,PT_EMP_FT,Percentage of full-time employment,_Z,Not applicable,_Z,Not applicable,_Z,Not applicable,M,Male,2000,,13.7190954,,,,A,Normal value,0,Units,1,One
DATAFLOW,OECD.ELS.SAE:DSD_EARNINGS@PAY_INCIDENCE(1.0),Incidence of low and high pay,I,GBR,United Kingdom,LP_I,Low pay incidence,PT_EMP_FT,Percentage of full-time employment,_Z,Not applicable,_Z,Not applicable,_Z,Not applicable,M,Male,2001,,14.00903383,,,,A,Normal value,0,Units,1,One
DATAFLOW,OECD.ELS.SAE:DSD_EARNINGS@PAY_INCIDENCE(1.0),Incidence of low and high pay,I,GBR,United Kingdom,LP_I,Low pay incidence,PT_EMP_FT,Percentage of full-time employment,_Z,Not applicable,_Z,Not applicable,_Z,Not applicable,M,Male,2002,,13.92901967,,,,A,Normal value,0,Units,1,One
DATAFLOW,OECD.ELS.SAE:DSD_EARNINGS@PAY_INCIDENCE(1.0),Incidence of low and high pay,I,GBR,United Kingdom,LP_I,Low pay incidence,PT_EMP_FT,Percentage of full-time employment,_Z,Not applicable,_Z,Not applicable,_Z,Not applicable,M,Male,2003,,13.96317501,,,,A,Normal value,0,Units,1,One
DATAFLOW,OECD.ELS.SAE:DSD_EARNINGS@PAY_INCIDENCE(1.0),Incidence of low and high pay,I,GBR,United Kingdom,LP_I,Low pay incidence,PT_EMP_FT,Percentage of full-time employment,_Z,Not applicable,_Z,Not applicable,_Z,Not applicable,M,Male,2004,,14.42732182,,,,A,Normal value,0,Units,1,One
DATAFLOW,OECD.ELS.SAE:DSD_EARNINGS@PAY_INCIDENCE(1.0),Incidence of low and high pay,I,GBR,United Kingdom,LP_I,Low pay incidence,PT_EMP_FT,Percentage of full-time employment,_Z,Not applicable,_Z,Not applicable,_Z,Not applicable,M,Male,2005,,15.22392656,,,,A,Normal value,0,Units,1,One
DATAFLOW,OECD.ELS.SAE:DSD_EARNINGS@PAY_INCIDENCE(1.0),Incidence of low and high pay,I,GBR,United Kingdom,LP_I,Low pay incidence,PT_EMP_FT,Percentage of full-time employment,_Z,Not applicable,_Z,Not applicable,_Z,Not applicable,M,Male,2006,,15.38180284,,,,A,Normal value,0,Units,1,One
DATAFLOW,OECD.ELS.SAE:DSD_EARNINGS@PAY_INCIDENCE(1.0),Incidence of low and high pay,I,GBR,United Kingdom,LP_I,Low pay incidence,PT_EMP_FT,Percentage of full-time employment,_Z,Not applicable,_Z,Not applicable,_Z,Not applicable,M,Male,2007,,15.15476829,,,,A,Normal value,0,Units,1,One
DATAFLOW,OECD.ELS.SAE:DSD_EARNINGS@PAY_INCIDENCE(1.0),Incidence of low and high pay,I,GBR,United Kingdom,LP_I,Low pay incidence,PT_EMP_FT,Percentage of full-time employment,_Z,Not applicable,_Z,Not applicable,_Z,Not applicable,M,Male,2008,,15.88241995,,,,A,Normal value,0,Units,1,One
DATAFLOW,OECD.ELS.SAE:DSD_EARNINGS@PAY_INCIDENCE(1.0),Incidence of low and high pay,I,GBR,United Kingdom,LP_I,Low pay incidence,PT_EMP_FT,Percentage of full-time employment,_Z,Not applicable,_Z,Not applicable,_Z,Not applicable,M,Male,2009,,15.54774031,,,,A,Normal value,0,Units,1,One
DATAFLOW,OECD.ELS.SAE:DSD_EARNINGS@PAY_INCIDENCE(1.0),Incidence of low and high pay,I,GBR,United Kingdom,LP_I,Low pay incidence,PT_EMP_FT,Percentage of full-time employment,_Z,Not applicable,_Z,Not applicable,_Z,Not applicable,M,Male,2010,,15.90092975,,,,A,Normal value,0,Units,1,One
DATAFLOW,OECD.ELS.SAE:DSD_EARNINGS@PAY_INCIDENCE(1.0),Incidence of low and high pay,I,GBR,United Kingdom,LP_I,Low pay incidence,PT_EMP_FT,Percentage of full-time employment,_Z,Not applicable,_Z,Not applicable,_Z,Not applicable,M,Male,2011,,16.17081183,,,,A,Normal value,0,Units,1,One
DATAFLOW,OECD.ELS.SAE:DSD_EARNINGS@PAY_INCIDENCE(1.0),Incidence of low and high pay,I,GBR,United Kingdom,LP_I,Low pay incidence,PT_EMP_FT,Percentage of full-time employment,_Z,Not applicable,_Z,Not applicable,_Z,Not applicable,M,Male,2012,,16.19191824,,,,A,Normal value,0,Units,1,One
DATAFLOW,OECD.ELS.SAE:DSD_EARNINGS@PAY_INCIDENCE(1.0),Incidence of low and high pay,I,GBR,United Kingdom,LP_I,Low pay incidence,PT_EMP_FT,Percentage of full-time employment,_Z,Not applicable,_Z,Not applicable,_Z,Not applicable,M,Male,2013,,16.11392168,,,,A,Normal value,0,Units,1,One
DATAFLOW,OECD.ELS.SAE:DSD_EARNINGS@PAY_INCIDENCE(1.0),Incidence of low and high pay,I,GBR,United Kingdom,LP_I,Low pay incidence,PT_EMP_FT,Percentage of full-time employment,_Z,Not applicable,_Z,Not applicable,_Z,Not applicable,M,Male,2014,,16.06284658,,,,A,Normal value,0,Units,1,One
DATAFLOW,OECD.ELS.SAE:DSD_EARNINGS@PAY_INCIDENCE(1.0),Incidence of low and high pay,I,GBR,United Kingdom,LP_I,Low pay incidence,PT_EMP_FT,Percentage of full-time employment,_Z,Not applicable,_Z,Not applicable,_Z,Not applicable,M,Male,2015,,15.53596866,,,,A,Normal value,0,Units,1,One
DATAFLOW,OECD.ELS.SAE:DSD_EARNINGS@PAY_INCIDENCE(1.0),Incidence of low and high pay,I,GBR,United Kingdom,LP_I,Low pay incidence,PT_EMP_FT,Percentage of full-time employment,_Z,Not applicable,_Z,Not applicable,_Z,Not applicable,M,Male,2016,,14.91831087,,,,A,Normal value,0,Units,1,One
DATAFLOW,OECD.ELS.SAE:DSD_EARNINGS@PAY_INCIDENCE(1.0),Incidence of low and high pay,I,GBR,United Kingdom,LP_I,Low pay incidence,PT_EMP_FT,Percentage of full-time employment,_Z,Not applicable,_Z,Not applicable,_Z,Not applicable,M,Male,2017,,14.64996057,,,,A,Normal value,0,Units,1,One
DATAFLOW,OECD.ELS.SAE:DSD_EARNINGS@PAY_INCIDENCE(1.0),Incidence of low and high pay,I,GBR,United Kingdom,LP_I,Low pay incidence,PT_EMP_FT,Percentage of full-time employment,_Z,Not applicable,_Z,Not applicable,_Z,Not applicable,M,Male,2018,,14.69477383,,,,A,Normal value,0,Units,1,One
DATAFLOW,OECD.ELS.SAE:DSD_EARNINGS@PAY_INCIDENCE(1.0),Incidence of low and high pay,I,GBR,United Kingdom,LP_I,Low pay incidence,PT_EMP_FT,Percentage of full-time employment,_Z,Not applicable,_Z,Not applicable,_Z,Not applicable,M,Male,2019,,13.77,,,,A,Normal value,0,Units,1,One
DATAFLOW,OECD.ELS.SAE:DSD_EARNINGS@PAY_INCIDENCE(1.0),Incidence of low and high pay,I,GBR,United Kingdom,LP_I,Low pay incidence,PT_EMP_FT,Percentage of full-time employment,_Z,Not applicable,_Z,Not applicable,_Z,Not applicable,M,Male,2020,,18.02,,,,A,Normal value,0,Units,1,One
DATAFLOW,OECD.ELS.SAE:DSD_EARNINGS@PAY_INCIDENCE(1.0),Incidence of low and high pay,I,GBR,United Kingdom,LP_I,Low pay incidence,PT_EMP_FT,Percentage of full-time employment,_Z,Not applicable,_Z,Not applicable,_Z,Not applicable,M,Male,2021,,13.03,,,,A,Normal value,0,Units,1,One
DATAFLOW,OECD.ELS.SAE:DSD_EARNINGS@PAY_INCIDENCE(1.0),Incidence of low and high pay,I,OECD,OECD,LP_I,Low pay incidence,PT_EMP_FT,Percentage of full-time employment,_Z,Not applicable,_Z,Not applicable,_Z,Not applicable,M,Male,1995,,11.65303709,,,,A,Normal value,0,Units,1,One
DATAFLOW,OECD.ELS.SAE:DSD_EARNINGS@PAY_INCIDENCE(1.0),Incidence of low and high pay,I,OECD,OECD,LP_I,Low pay incidence,PT_EMP_FT,Percentage of full-time employment,_Z,Not applicable,_Z,Not applicable,_Z,Not applicable,M,Male,1996,,11.72104184,,,,A,Normal value,0,Units,1,One
DATAFLOW,OECD.ELS.SAE:DSD_EARNINGS@PAY_INCIDENCE(1.0),Incidence of low and high pay,I,OECD,OECD,LP_I,Low pay incidence,PT_EMP_FT,Percentage of full-time employment,_Z,Not applicable,_Z,Not applicable,_Z,Not applicable,M,Male,1997,,11.78584309,,,,A,Normal value,0,Units,1,One
DATAFLOW,OECD.ELS.SAE:DSD_EARNINGS@PAY_INCIDENCE(1.0),Incidence of low and high pay,I,OECD,OECD,LP_I,Low pay incidence,PT_EMP_FT,Percentage of full-time employment,_Z,Not applicable,_Z,Not applicable,_Z,Not applicable,M,Male,1998,,11.82053933,,,,A,Normal value,0,Units,1,One
DATAFLOW,OECD.ELS.SAE:DSD_EARNINGS@PAY_INCIDENCE(1.0),Incidence of low and high pay,I,OECD,OECD,LP_I,Low pay incidence,PT_EMP_FT,Percentage of full-time employment,_Z,Not applicable,_Z,Not applicable,_Z,Not applicable,M,Male,1999,,11.90722575,,,,A,Normal value,0,Units,1,One
DATAFLOW,OECD.ELS.SAE:DSD_EARNINGS@PAY_INCIDENCE(1.0),Incidence of low and high pay,I,OECD,OECD,LP_I,Low pay incidence,PT_EMP_FT,Percentage of full-time employment,_Z,Not applicable,_Z,Not applicable,_Z,Not applicable,M,Male,2000,,12.04284181,,,,A,Normal value,0,Units,1,One
DATAFLOW,OECD.ELS.SAE:DSD_EARNINGS@PAY_INCIDENCE(1.0),Incidence of low and high pay,I,OECD,OECD,LP_I,Low pay incidence,PT_EMP_FT,Percentage of full-time employment,_Z,Not applicable,_Z,Not applicable,_Z,Not applicable,M,Male,2001,,11.9537636,,,,A,Normal value,0,Units,1,One
DATAFLOW,OECD.ELS.SAE:DSD_EARNINGS@PAY_INCIDENCE(1.0),Incidence of low and high pay,I,OECD,OECD,LP_I,Low pay incidence,PT_EMP_FT,Percentage of full-time employment,_Z,Not applicable,_Z,Not applicable,_Z,Not applicable,M,Male,2002,,12.19691562,,,,A,Normal value,0,Units,1,One
DATAFLOW,OECD.ELS.SAE:DSD_EARNINGS@PAY_INCIDENCE(1.0),Incidence of low and high pay,I,OECD,OECD,LP_I,Low pay incidence,PT_EMP_FT,Percentage of full-time employment,_Z,Not applicable,_Z,Not applicable,_Z,Not applicable,M,Male,2003,,12.19724775,,,,A,Normal value,0,Units,1,One
DATAFLOW,OECD.ELS.SAE:DSD_EARNINGS@PAY_INCIDENCE(1.0),Incidence of low and high pay,I,OECD,OECD,LP_I,Low pay incidence,PT_EMP_FT,Percentage of full-time employment,_Z,Not applicable,_Z,Not applicable,_Z,Not applicable,M,Male,2004,,12.05275959,,,,A,Normal value,0,Units,1,One
DATAFLOW,OECD.ELS.SAE:DSD_EARNINGS@PAY_INCIDENCE(1.0),Incidence of low and high pay,I,OECD,OECD,LP_I,Low pay incidence,PT_EMP_FT,Percentage of full-time employment,_Z,Not applicable,_Z,Not applicable,_Z,Not applicable,M,Male,2005,,12.16242773,,,,A,Normal value,0,Units,1,One
DATAFLOW,OECD.ELS.SAE:DSD_EARNINGS@PAY_INCIDENCE(1.0),Incidence of low and high pay,I,OECD,OECD,LP_I,Low pay incidence,PT_EMP_FT,Percentage of full-time employment,_Z,Not applicable,_Z,Not applicable,_Z,Not applicable,M,Male,2006,,12.41590114,,,,A,Normal value,0,Units,1,One
DATAFLOW,OECD.ELS.SAE:DSD_EARNINGS@PAY_INCIDENCE(1.0),Incidence of low and high pay,I,OECD,OECD,LP_I,Low pay incidence,PT_EMP_FT,Percentage of full-time employment,_Z,Not applicable,_Z,Not applicable,_Z,Not applicable,M,Male,2007,,12.23248238,,,,A,Normal value,0,Units,1,One
DATAFLOW,OECD.ELS.SAE:DSD_EARNINGS@PAY_INCIDENCE(1.0),Incidence of low and high pay,I,OECD,OECD,LP_I,Low pay incidence,PT_EMP_FT,Percentage of full-time employment,_Z,Not applicable,_Z,Not applicable,_Z,Not applicable,M,Male,2008,,11.78340879,,,,A,Normal value,0,Units,1,One
DATAFLOW,OECD.ELS.SAE:DSD_EARNINGS@PAY_INCIDENCE(1.0),Incidence of low and high pay,I,OECD,OECD,LP_I,Low pay incidence,PT_EMP_FT,Percentage of full-time employment,_Z,Not applicable,_Z,Not applicable,_Z,Not applicable,M,Male,2009,,11.66732637,,,,A,Normal value,0,Units,1,One
DATAFLOW,OECD.ELS.SAE:DSD_EARNINGS@PAY_INCIDENCE(1.0),Incidence of low and high pay,I,OECD,OECD,LP_I,Low pay incidence,PT_EMP_FT,Percentage of full-time employment,_Z,Not applicable,_Z,Not applicable,_Z,Not applicable,M,Male,2010,,11.79796151,,,,A,Normal value,0,Units,1,One
DATAFLOW,OECD.ELS.SAE:DSD_EARNINGS@PAY_INCIDENCE(1.0),Incidence of low and high pay,I,OECD,OECD,LP_I,Low pay incidence,PT_EMP_FT,Percentage of full-time employment,_Z,Not applicable,_Z,Not applicable,_Z,Not applicable,M,Male,2011,,11.72107906,,,,A,Normal value,0,Units,1,One
DATAFLOW,OECD.ELS.SAE:DSD_EARNINGS@PAY_INCIDENCE(1.0),Incidence of low and high pay,I,OECD,OECD,LP_I,Low pay incidence,PT_EMP_FT,Percentage of full-time employment,_Z,Not applicable,_Z,Not applicable,_Z,Not applicable,M,Male,2012,,11.52752075,,,,A,Normal value,0,Units,1,One
DATAFLOW,OECD.ELS.SAE:DSD_EARNINGS@PAY_INCIDENCE(1.0),Incidence of low and high pay,I,OECD,OECD,LP_I,Low pay incidence,PT_EMP_FT,Percentage of full-time employment,_Z,Not applicable,_Z,Not applicable,_Z,Not applicable,M,Male,2013,,11.43831663,,,,A,Normal value,0,Units,1,One
DATAFLOW,OECD.ELS.SAE:DSD_EARNINGS@PAY_INCIDENCE(1.0),Incidence of low and high pay,I,OECD,OECD,LP_I,Low pay incidence,PT_EMP_FT,Percentage of full-time employment,_Z,Not applicable,_Z,Not applicable,_Z,Not applicable,M,Male,2014,,11.42922693,,,,A,Normal value,0,Units,1,One
DATAFLOW,OECD.ELS.SAE:DSD_EARNINGS@PAY_INCIDENCE(1.0),Incidence of low and high pay,I,OECD,OECD,LP_I,Low pay incidence,PT_EMP_FT,Percentage of full-time employment,_Z,Not applicable,_Z,Not applicable,_Z,Not applicable,M,Male,2015,,11.67354599,,,,A,Normal value,0,Units,1,One
DATAFLOW,OECD.ELS.SAE:DSD_EARNINGS@PAY_INCIDENCE(1.0),Incidence of low and high pay,I,OECD,OECD,LP_I,Low pay incidence,PT_EMP_FT,Percentage of full-time employment,_Z,Not applicable,_Z,Not applicable,_Z,Not applicable,M,Male,2016,,11.28084649,,,,A,Normal value,0,Units,1,One
DATAFLOW,OECD.ELS.SAE:DSD_EARNINGS@PAY_INCIDENCE(1.0),Incidence of low and high pay,I,OECD,OECD,LP_I,Low pay incidence,PT_EMP_FT,Percentage of full-time employment,_Z,Not applicable,_Z,Not applicable,_Z,Not applicable,M,Male,2017,,11.02342025,,,,A,Normal value,0,Units,1,One
DATAFLOW,OECD.ELS.SAE:DSD_EARNINGS@PAY_INCIDENCE(1.0),Incidence of low and high pay,I,OECD,OECD,LP_I,Low pay incidence,PT_EMP_FT,Percentage of full-time employment,_Z,Not applicable,_Z,Not applicable,_Z,Not applicable,M,Male,2018,,10.90062528,,,,A,Normal value,0,Units,1,One
DATAFLOW,OECD.ELS.SAE:DSD_EARNINGS@PAY_INCIDENCE(1.0),Incidence of low and high pay,I,OECD,OECD,LP_I,Low pay incidence,PT_EMP_FT,Percentage of full-time employment,_Z,Not applicable,_Z,Not applicable,_Z,Not applicable,M,Male,2019,,11.43669254,,,,A,Normal value,0,Units,1,One
DATAFLOW,OECD.ELS.SAE:DSD_EARNINGS@PAY_INCIDENCE(1.0),Incidence of low and high pay,I,OECD,OECD,LP_I,Low pay incidence,PT_EMP_FT,Percentage of full-time employment,_Z,Not applicable,_Z,Not applicable,_Z,Not applicable,M,Male,2020,,12.36369793,,,,A,Normal value,0,Units,1,One
DATAFLOW,OECD.ELS.SAE:DSD_EARNINGS@PAY_INCIDENCE(1.0),Incidence of low and high pay,I,OECD,OECD,LP_I,Low pay incidence,PT_EMP_FT,Percentage of full-time employment,_Z,Not applicable,_Z,Not applicable,_Z,Not applicable,M,Male,2021,,11.46982356,,,,A,Normal value,0,Units,1,One
DATAFLOW,OECD.ELS.SAE:DSD_EARNINGS@PAY_INCIDENCE(1.0),Incidence of low and high pay,I,OECD,OECD,LP_I,Low pay incidence,PT_EMP_FT,Percentage of full-time employment,_Z,Not applicable,_Z,Not applicable,_Z,Not applicable,M,Male,2022,,11.52595097,,,,A,Normal value,0,Units,1,One
DATAFLOW,OECD.ELS.SAE:DSD_EARNINGS@PAY_INCIDENCE(1.0),Incidence of low and high pay,I,OECD,OECD,LP_I,Low pay incidence,PT_EMP_FT,Percentage of full-time employment,_Z,Not applicable,_Z,Not applicable,_Z,Not applicable,M,Male,2023,,11.48393178,,,,A,Normal value,0,Units,1,One
DATAFLOW,OECD.ELS.SAE:DSD_EARNINGS@PAY_INCIDENCE(1.0),Incidence of low and high pay,I,FRA,France,HP_I,High pay Incidence,PT_EMP_FT,Percentage of full-time employment,_Z,Not applicable,_Z,Not applicable,_Z,Not applicable,M,Male,2002,,23.99991108,,,,A,Normal value,0,Units,1,One
DATAFLOW,OECD.ELS.SAE:DSD_EARNINGS@PAY_INCIDENCE(1.0),Incidence of low and high pay,I,FRA,France,HP_I,High pay Incidence,PT_EMP_FT,Percentage of full-time employment,_Z,Not applicable,_Z,Not applicable,_Z,Not applicable,M,Male,2006,,23.99984075,,,,A,Normal value,0,Units,1,One
DATAFLOW,OECD.ELS.SAE:DSD_EARNINGS@PAY_INCIDENCE(1.0),Incidence of low and high pay,I,FRA,France,HP_I,High pay Incidence,PT_EMP_FT,Percentage of full-time employment,_Z,Not applicable,_Z,Not applicable,_Z,Not applicable,M,Male,2010,,25.99994769,,,,A,Normal value,0,Units,1,One
DATAFLOW,OECD.ELS.SAE:DSD_EARNINGS@PAY_INCIDENCE(1.0),Incidence of low and high pay,I,FRA,France,HP_I,High pay Incidence,PT_EMP_FT,Percentage of full-time employment,_Z,Not applicable,_Z,Not applicable,_Z,Not applicable,M,Male,2014,,24.99991776,,,,A,Normal value,0,Units,1,One
DATAFLOW,OECD.ELS.SAE:DSD_EARNINGS@PAY_INCIDENCE(1.0),Incidence of low and high pay,I,FRA,France,HP_I,High pay Incidence,PT_EMP_FT,Percentage of full-time employment,_Z,Not applicable,_Z,Not applicable,_Z,Not applicable,M,Male,2018,,25.99983995,,,,A,Normal value,0,Units,1,One
DATAFLOW,OECD.ELS.SAE:DSD_EARNINGS@PAY_INCIDENCE(1.0),Incidence of low and high pay,I,DEU,Germany,HP_I,High pay Incidence,PT_EMP_FT,Percentage of full-time employment,_Z,Not applicable,_Z,Not applicable,_Z,Not applicable,M,Male,1992,,21.9334312,,,,A,Normal value,0,Units,1,One
DATAFLOW,OECD.ELS.SAE:DSD_EARNINGS@PAY_INCIDENCE(1.0),Incidence of low and high pay,I,DEU,Germany,HP_I,High pay Incidence,PT_EMP_FT,Percentage of full-time employment,_Z,Not applicable,_Z,Not applicable,_Z,Not applicable,M,Male,1993,,22.42941055,,,,A,Normal value,0,Units,1,One
DATAFLOW,OECD.ELS.SAE:DSD_EARNINGS@PAY_INCIDENCE(1.0),Incidence of low and high pay,I,DEU,Germany,HP_I,High pay Incidence,PT_EMP_FT,Percentage of full-time employment,_Z,Not applicable,_Z,Not applicable,_Z,Not applicable,M,Male,1994,,20.33644288,,,,A,Normal value,0,Units,1,One
DATAFLOW,OECD.ELS.SAE:DSD_EARNINGS@PAY_INCIDENCE(1.0),Incidence of low and high pay,I,DEU,Germany,HP_I,High pay Incidence,PT_EMP_FT,Percentage of full-time employment,_Z,Not applicable,_Z,Not applicable,_Z,Not applicable,M,Male,1995,,21.56335209,,,,A,Normal value,0,Units,1,One
DATAFLOW,OECD.ELS.SAE:DSD_EARNINGS@PAY_INCIDENCE(1.0),Incidence of low and high pay,I,DEU,Germany,HP_I,High pay Incidence,PT_EMP_FT,Percentage of full-time employment,_Z,Not applicable,_Z,Not applicable,_Z,Not applicable,M,Male,1996,,21.33965697,,,,A,Normal value,0,Units,1,One
DATAFLOW,OECD.ELS.SAE:DSD_EARNINGS@PAY_INCIDENCE(1.0),Incidence of low and high pay,I,DEU,Germany,HP_I,High pay Incidence,PT_EMP_FT,Percentage of full-time employment,_Z,Not applicable,_Z,Not applicable,_Z,Not applicable,M,Male,1997,,20.78578694,,,,A,Normal value,0,Units,1,One
DATAFLOW,OECD.ELS.SAE:DSD_EARNINGS@PAY_INCIDENCE(1.0),Incidence of low and high pay,I,DEU,Germany,HP_I,High pay Incidence,PT_EMP_FT,Percentage of full-time employment,_Z,Not applicable,_Z,Not applicable,_Z,Not applicable,M,Male,1998,,21.5627382,,,,A,Normal value,0,Units,1,One
DATAFLOW,OECD.ELS.SAE:DSD_EARNINGS@PAY_INCIDENCE(1.0),Incidence of low and high pay,I,DEU,Germany,HP_I,High pay Incidence,PT_EMP_FT,Percentage of full-time employment,_Z,Not applicable,_Z,Not applicable,_Z,Not applicable,M,Male,1999,,21.90071049,,,,A,Normal value,0,Units,1,One
DATAFLOW,OECD.ELS.SAE:DSD_EARNINGS@PAY_INCIDENCE(1.0),Incidence of low and high pay,I,DEU,Germany,HP_I,High pay Incidence,PT_EMP_FT,Percentage of full-time employment,_Z,Not applicable,_Z,Not applicable,_Z,Not applicable,M,Male,2000,,20.41714815,,,,A,Normal value,0,Units,1,One
DATAFLOW,OECD.ELS.SAE:DSD_EARNINGS@PAY_INCIDENCE(1.0),Incidence of low and high pay,I,DEU,Germany,HP_I,High pay Incidence,PT_EMP_FT,Percentage of full-time employment,_Z,Not applicable,_Z,Not applicable,_Z,Not applicable,M,Male,2001,,20.01036406,,,,A,Normal value,0,Units,1,One
DATAFLOW,OECD.ELS.SAE:DSD_EARNINGS@PAY_INCIDENCE(1.0),Incidence of low and high pay,I,DEU,Germany,HP_I,High pay Incidence,PT_EMP_FT,Percentage of full-time employment,_Z,Not applicable,_Z,Not applicable,_Z,Not applicable,M,Male,2002,,19.86561966,,,,A,Normal value,0,Units,1,One
DATAFLOW,OECD.ELS.SAE:DSD_EARNINGS@PAY_INCIDENCE(1.0),Incidence of low and high pay,I,DEU,Germany,HP_I,High pay Incidence,PT_EMP_FT,Percentage of full-time employment,_Z,Not applicable,_Z,Not applicable,_Z,Not applicable,M,Male,2003,,20.00203935,,,,A,Normal value,0,Units,1,One
DATAFLOW,OECD.ELS.SAE:DSD_EARNINGS@PAY_INCIDENCE(1.0),Incidence of low and high pay,I,DEU,Germany,HP_I,High pay Incidence,PT_EMP_FT,Percentage of full-time employment,_Z,Not applicable,_Z,Not applicable,_Z,Not applicable,M,Male,2004,,21.34293176,,,,A,Normal value,0,Units,1,One
DATAFLOW,OECD.ELS.SAE:DSD_EARNINGS@PAY_INCIDENCE(1.0),Incidence of low and high pay,I,DEU,Germany,HP_I,High pay Incidence,PT_EMP_FT,Percentage of full-time employment,_Z,Not applicable,_Z,Not applicable,_Z,Not applicable,M,Male,2005,,19.89732506,,,,A,Normal value,0,Units,1,One
DATAFLOW,OECD.ELS.SAE:DSD_EARNINGS@PAY_INCIDENCE(1.0),Incidence of low and high pay,I,DEU,Germany,HP_I,High pay Incidence,PT_EMP_FT,Percentage of full-time employment,_Z,Not applicable,_Z,Not applicable,_Z,Not applicable,M,Male,2006,,21.67077252,,,,A,Normal value,0,Units,1,One
DATAFLOW,OECD.ELS.SAE:DSD_EARNINGS@PAY_INCIDENCE(1.0),Incidence of low and high pay,I,DEU,Germany,HP_I,High pay Incidence,PT_EMP_FT,Percentage of full-time employment,_Z,Not applicable,_Z,Not applicable,_Z,Not applicable,M,Male,2007,,20.80126374,,,,A,Normal value,0,Units,1,One
DATAFLOW,OECD.ELS.SAE:DSD_EARNINGS@PAY_INCIDENCE(1.0),Incidence of low and high pay,I,DEU,Germany,HP_I,High pay Incidence,PT_EMP_FT,Percentage of full-time employment,_Z,Not applicable,_Z,Not applicable,_Z,Not applicable,M,Male,2008,,21.36165322,,,,A,Normal value,0,Units,1,One
DATAFLOW,OECD.ELS.SAE:DSD_EARNINGS@PAY_INCIDENCE(1.0),Incidence of low and high pay,I,DEU,Germany,HP_I,High pay Incidence,PT_EMP_FT,Percentage of full-time employment,_Z,Not applicable,_Z,Not applicable,_Z,Not applicable,M,Male,2009,,20.76272101,,,,A,Normal value,0,Units,1,One
DATAFLOW,OECD.ELS.SAE:DSD_EARNINGS@PAY_INCIDENCE(1.0),Incidence of low and high pay,I,DEU,Germany,HP_I,High pay Incidence,PT_EMP_FT,Percentage of full-time employment,_Z,Not applicable,_Z,Not applicable,_Z,Not applicable,M,Male,2010,,20.69284527,,,,A,Normal value,0,Units,1,One
DATAFLOW,OECD.ELS.SAE:DSD_EARNINGS@PAY_INCIDENCE(1.0),Incidence of low and high pay,I,DEU,Germany,HP_I,High pay Incidence,PT_EMP_FT,Percentage of full-time employment,_Z,Not applicable,_Z,Not applicable,_Z,Not applicable,M,Male,2011,,23.46719142,,,,A,Normal value,0,Units,1,One
DATAFLOW,OECD.ELS.SAE:DSD_EARNINGS@PAY_INCIDENCE(1.0),Incidence of low and high pay,I,DEU,Germany,HP_I,High pay Incidence,PT_EMP_FT,Percentage of full-time employment,_Z,Not applicable,_Z,Not applicable,_Z,Not applicable,M,Male,2012,,22.88637616,,,,A,Normal value,0,Units,1,One
DATAFLOW,OECD.ELS.SAE:DSD_EARNINGS@PAY_INCIDENCE(1.0),Incidence of low and high pay,I,DEU,Germany,HP_I,High pay Incidence,PT_EMP_FT,Percentage of full-time employment,_Z,Not applicable,_Z,Not applicable,_Z,Not applicable,M,Male,2013,,23.1613811,,,,A,Normal value,0,Units,1,One
DATAFLOW,OECD.ELS.SAE:DSD_EARNINGS@PAY_INCIDENCE(1.0),Incidence of low and high pay,I,DEU,Germany,HP_I,High pay Incidence,PT_EMP_FT,Percentage of full-time employment,_Z,Not applicable,_Z,Not applicable,_Z,Not applicable,M,Male,2014,,23.09643586,,,,A,Normal value,0,Units,1,One
DATAFLOW,OECD.ELS.SAE:DSD_EARNINGS@PAY_INCIDENCE(1.0),Incidence of low and high pay,I,DEU,Germany,HP_I,High pay Incidence,PT_EMP_FT,Percentage of full-time employment,_Z,Not applicable,_Z,Not applicable,_Z,Not applicable,M,Male,2015,,24.20954498,,,,A,Normal value,0,Units,1,One
DATAFLOW,OECD.ELS.SAE:DSD_EARNINGS@PAY_INCIDENCE(1.0),Incidence of low and high pay,I,DEU,Germany,HP_I,High pay Incidence,PT_EMP_FT,Percentage of full-time employment,_Z,Not applicable,_Z,Not applicable,_Z,Not applicable,M,Male,2016,,22.04173093,,,,A,Normal value,0,Units,1,One
DATAFLOW,OECD.ELS.SAE:DSD_EARNINGS@PAY_INCIDENCE(1.0),Incidence of low and high pay,I,DEU,Germany,HP_I,High pay Incidence,PT_EMP_FT,Percentage of full-time employment,_Z,Not applicable,_Z,Not applicable,_Z,Not applicable,M,Male,2017,,22.72679575,,,,A,Normal value,0,Units,1,One
DATAFLOW,OECD.ELS.SAE:DSD_EARNINGS@PAY_INCIDENCE(1.0),Incidence of low and high pay,I,DEU,Germany,HP_I,High pay Incidence,PT_EMP_FT,Percentage of full-time employment,_Z,Not applicable,_Z,Not applicable,_Z,Not applicable,M,Male,2018,,22.87569829,,,,A,Normal value,0,Units,1,One
DATAFLOW,OECD.ELS.SAE:DSD_EARNINGS@PAY_INCIDENCE(1.0),Incidence of low and high pay,I,DEU,Germany,HP_I,High pay Incidence,PT_EMP_FT,Percentage of full-time employment,_Z,Not applicable,_Z,Not applicable,_Z,Not applicable,M,Male,2019,,21.29646996,,,,A,Normal value,0,Units,1,One
DATAFLOW,OECD.ELS.SAE:DSD_EARNINGS@PAY_INCIDENCE(1.0),Incidence of low and high pay,I,DEU,Germany,HP_I,High pay Incidence,PT_EMP_FT,Percentage of full-time employment,_Z,Not applicable,_Z,Not applicable,_Z,Not applicable,M,Male,2020,,21.59190031,,,,A,Normal value,0,Units,1,One
DATAFLOW,OECD.ELS.SAE:DSD_EARNINGS@PAY_INCIDENCE(1.0),Incidence of low and high pay,I,DEU,Germany,HP_I,High pay Incidence,PT_EMP_FT,Percentage of full-time employment,_Z,Not applicable,_Z,Not applicable,_Z,Not applicable,M,Male,2021,,21.52988709,,,,A,Normal value,0,Units,1,One
DATAFLOW,OECD.ELS.SAE:DSD_EARNINGS@PAY_INCIDENCE(1.0),Incidence of low and high pay,I,DEU,Germany,HP_I,High pay Incidence,PT_EMP_FT,Percentage of full-time employment,_Z,Not applicable,_Z,Not applicable,_Z,Not applicable,M,Male,2022,,22.55659284,,,,A,Normal value,0,Units,1,One
DATAFLOW,OECD.ELS.SAE:DSD_EARNINGS@PAY_INCIDENCE(1.0),Incidence of low and high pay,I,DEU,Germany,HP_I,High pay Incidence,PT_EMP_FT,Percentage of full-time employment,_Z,Not applicable,_Z,Not applicable,_Z,Not applicable,M,Male,2023,,22.78528372,,,,A,Normal value,0,Units,1,One
DATAFLOW,OECD.ELS.SAE:DSD_EARNINGS@PAY_INCIDENCE(1.0),Incidence of low and high pay,I,ITA,Italy,HP_I,High pay Incidence,PT_EMP_FT,Percentage of full-time employment,_Z,Not applicable,_Z,Not applicable,_Z,Not applicable,M,Male,2002,,20.99929554,,,,A,Normal value,0,Units,1,One
DATAFLOW,OECD.ELS.SAE:DSD_EARNINGS@PAY_INCIDENCE(1.0),Incidence of low and high pay,I,ITA,Italy,HP_I,High pay Incidence,PT_EMP_FT,Percentage of full-time employment,_Z,Not applicable,_Z,Not applicable,_Z,Not applicable,M,Male,2006,,22.99965407,,,,A,Normal value,0,Units,1,One
DATAFLOW,OECD.ELS.SAE:DSD_EARNINGS@PAY_INCIDENCE(1.0),Incidence of low and high pay,I,ITA,Italy,HP_I,High pay Incidence,PT_EMP_FT,Percentage of full-time employment,_Z,Not applicable,_Z,Not applicable,_Z,Not applicable,M,Male,2010,,21.99941741,,,,A,Normal value,0,Units,1,One
DATAFLOW,OECD.ELS.SAE:DSD_EARNINGS@PAY_INCIDENCE(1.0),Incidence of low and high pay,I,ITA,Italy,HP_I,High pay Incidence,PT_EMP_FT,Percentage of full-time employment,_Z,Not applicable,_Z,Not applicable,_Z,Not applicable,M,Male,2014,,22.99995834,,,,A,Normal value,0,Units,1,One
DATAFLOW,OECD.ELS.SAE:DSD_EARNINGS@PAY_INCIDENCE(1.0),Incidence of low and high pay,I,ITA,Italy,HP_I,High pay Incidence,PT_EMP_FT,Percentage of full-time employment,_Z,Not applicable,_Z,Not applicable,_Z,Not applicable,M,Male,2018,,22.99989534,,,,A,Normal value,0,Units,1,One
DATAFLOW,OECD.ELS.SAE:DSD_EARNINGS@PAY_INCIDENCE(1.0),Incidence of low and high pay,I,ESP,Spain,HP_I,High pay Incidence,PT_EMP_FT,Percentage of full-time employment,_Z,Not applicable,_Z,Not applicable,_Z,Not applicable,M,Male,2002,,28.99993321,,,,A,Normal value,0,Units,1,One
DATAFLOW,OECD.ELS.SAE:DSD_EARNINGS@PAY_INCIDENCE(1.0),Incidence of low and high pay,I,ESP,Spain,HP_I,High pay Incidence,PT_EMP_FT,Percentage of full-time employment,_Z,Not applicable,_Z,Not applicable,_Z,Not applicable,M,Male,2006,,27.99990985,,,,A,Normal value,0,Units,1,One
DATAFLOW,OECD.ELS.SAE:DSD_EARNINGS@PAY_INCIDENCE(1.0),Incidence of low and high pay,I,ESP,Spain,HP_I,High pay Incidence,PT_EMP_FT,Percentage of full-time employment,_Z,Not applicable,_Z,Not applicable,_Z,Not applicable,M,Male,2010,,28.99942952,,,,A,Normal value,0,Units,1,One
DATAFLOW,OECD.ELS.SAE:DSD_EARNINGS@PAY_INCIDENCE(1.0),Incidence of low and high pay,I,ESP,Spain,HP_I,High pay Incidence,PT_EMP_FT,Percentage of full-time employment,_Z,Not applicable,_Z,Not applicable,_Z,Not applicable,M,Male,2014,,28.99990616,,,,A,Normal value,0,Units,1,One
DATAFLOW,OECD.ELS.SAE:DSD_EARNINGS@PAY_INCIDENCE(1.0),Incidence of low and high pay,I,ESP,Spain,HP_I,High pay Incidence,PT_EMP_FT,Percentage of full-time employment,_Z,Not applicable,_Z,Not applicable,_Z,Not applicable,M,Male,2018,,27.99987723,,,,A,Normal value,0,Units,1,One
DATAFLOW,OECD.ELS.SAE:DSD_EARNINGS@PAY_INCIDENCE(1.0),Incidence of low and high pay,I,OECD,OECD,HP_I,High pay Incidence,PT_EMP_FT,Percentage of full-time employment,_Z,Not applicable,_Z,Not applicable,_Z,Not applicable,M,Male,1995,,25.66721405,,,,A,Normal value,0,Units,1,One
DATAFLOW,OECD.ELS.SAE:DSD_EARNINGS@PAY_INCIDENCE(1.0),Incidence of low and high pay,I,OECD,OECD,HP_I,High pay Incidence,PT_EMP_FT,Percentage of full-time employment,_Z,Not applicable,_Z,Not applicable,_Z,Not applicable,M,Male,1996,,25.66081718,,,,A,Normal value,0,Units,1,One
DATAFLOW,OECD.ELS.SAE:DSD_EARNINGS@PAY_INCIDENCE(1.0),Incidence of low and high pay,I,OECD,OECD,HP_I,High pay Incidence,PT_EMP_FT,Percentage of full-time employment,_Z,Not applicable,_Z,Not applicable,_Z,Not applicable,M,Male,1997,,25.59227691,,,,A,Normal value,0,Units,1,One
DATAFLOW,OECD.ELS.SAE:DSD_EARNINGS@PAY_INCIDENCE(1.0),Incidence of low and high pay,I,OECD,OECD,HP_I,High pay Incidence,PT_EMP_FT,Percentage of full-time employment,_Z,Not applicable,_Z,Not applicable,_Z,Not applicable,M,Male,1998,,25.79511034,,,,A,Normal value,0,Units,1,One
DATAFLOW,OECD.ELS.SAE:DSD_EARNINGS@PAY_INCIDENCE(1.0),Incidence of low and high pay,I,OECD,OECD,HP_I,High pay Incidence,PT_EMP_FT,Percentage of full-time employment,_Z,Not applicable,_Z,Not applicable,_Z,Not applicable,M,Male,1999,,25.84340759,,,,A,Normal value,0,Units,1,One
DATAFLOW,OECD.ELS.SAE:DSD_EARNINGS@PAY_INCIDENCE(1.0),Incidence of low and high pay,I,OECD,OECD,HP_I,High pay Incidence,PT_EMP_FT,Percentage of full-time employment,_Z,Not applicable,_Z,Not applicable,_Z,Not applicable,M,Male,2000,,25.67524412,,,,A,Normal value,0,Units,1,One
DATAFLOW,OECD.ELS.SAE:DSD_EARNINGS@PAY_INCIDENCE(1.0),Incidence of low and high pay,I,OECD,OECD,HP_I,High pay Incidence,PT_EMP_FT,Percentage of full-time employment,_Z,Not applicable,_Z,Not applicable,_Z,Not applicable,M,Male,2001,,26.08513125,,,,A,Normal value,0,Units,1,One
DATAFLOW,OECD.ELS.SAE:DSD_EARNINGS@PAY_INCIDENCE(1.0),Incidence of low and high pay,I,OECD,OECD,HP_I,High pay Incidence,PT_EMP_FT,Percentage of full-time employment,_Z,Not applicable,_Z,Not applicable,_Z,Not applicable,M,Male,2002,,25.86012567,,,,A,Normal value,0,Units,1,One
DATAFLOW,OECD.ELS.SAE:DSD_EARNINGS@PAY_INCIDENCE(1.0),Incidence of low and high pay,I,OECD,OECD,HP_I,High pay Incidence,PT_EMP_FT,Percentage of full-time employment,_Z,Not applicable,_Z,Not applicable,_Z,Not applicable,M,Male,2003,,25.98253194,,,,A,Normal value,0,Units,1,One
DATAFLOW,OECD.ELS.SAE:DSD_EARNINGS@PAY_INCIDENCE(1.0),Incidence of low and high pay,I,OECD,OECD,HP_I,High pay Incidence,PT_EMP_FT,Percentage of full-time employment,_Z,Not applicable,_Z,Not applicable,_Z,Not applicable,M,Male,2004,,26.00619686,,,,A,Normal value,0,Units,1,One
DATAFLOW,OECD.ELS.SAE:DSD_EARNINGS@PAY_INCIDENCE(1.0),Incidence of low and high pay,I,OECD,OECD,HP_I,High pay Incidence,PT_EMP_FT,Percentage of full-time employment,_Z,Not applicable,_Z,Not applicable,_Z,Not applicable,M,Male,2005,,25.98320352,,,,A,Normal value,0,Units,1,One
DATAFLOW,OECD.ELS.SAE:DSD_EARNINGS@PAY_INCIDENCE(1.0),Incidence of low and high pay,I,OECD,OECD,HP_I,High pay Incidence,PT_EMP_FT,Percentage of full-time employment,_Z,Not applicable,_Z,Not applicable,_Z,Not applicable,M,Male,2006,,26.20964002,,,,A,Normal value,0,Units,1,One
DATAFLOW,OECD.ELS.SAE:DSD_EARNINGS@PAY_INCIDENCE(1.0),Incidence of low and high pay,I,OECD,OECD,HP_I,High pay Incidence,PT_EMP_FT,Percentage of full-time employment,_Z,Not applicable,_Z,Not applicable,_Z,Not applicable,M,Male,2007,,26.17627339,,,,A,Normal value,0,Units,1,One
DATAFLOW,OECD.ELS.SAE:DSD_EARNINGS@PAY_INCIDENCE(1.0),Incidence of low and high pay,I,OECD,OECD,HP_I,High pay Incidence,PT_EMP_FT,Percentage of full-time employment,_Z,Not applicable,_Z,Not applicable,_Z,Not applicable,M,Male,2008,,26.13413997,,,,A,Normal value,0,Units,1,One
DATAFLOW,OECD.ELS.SAE:DSD_EARNINGS@PAY_INCIDENCE(1.0),Incidence of low and high pay,I,OECD,OECD,HP_I,High pay Incidence,PT_EMP_FT,Percentage of full-time employment,_Z,Not applicable,_Z,Not applicable,_Z,Not applicable,M,Male,2009,,26.2336279,,,,A,Normal value,0,Units,1,One
DATAFLOW,OECD.ELS.SAE:DSD_EARNINGS@PAY_INCIDENCE(1.0),Incidence of low and high pay,I,OECD,OECD,HP_I,High pay Incidence,PT_EMP_FT,Percentage of full-time employment,_Z,Not applicable,_Z,Not applicable,_Z,Not applicable,M,Male,2010,,26.09538517,,,,A,Normal value,0,Units,1,One
DATAFLOW,OECD.ELS.SAE:DSD_EARNINGS@PAY_INCIDENCE(1.0),Incidence of low and high pay,I,OECD,OECD,HP_I,High pay Incidence,PT_EMP_FT,Percentage of full-time employment,_Z,Not applicable,_Z,Not applicable,_Z,Not applicable,M,Male,2011,,26.05359427,,,,A,Normal value,0,Units,1,One
DATAFLOW,OECD.ELS.SAE:DSD_EARNINGS@PAY_INCIDENCE(1.0),Incidence of low and high pay,I,OECD,OECD,HP_I,High pay Incidence,PT_EMP_FT,Percentage of full-time employment,_Z,Not applicable,_Z,Not applicable,_Z,Not applicable,M,Male,2012,,25.93402775,,,,A,Normal value,0,Units,1,One
DATAFLOW,OECD.ELS.SAE:DSD_EARNINGS@PAY_INCIDENCE(1.0),Incidence of low and high pay,I,OECD,OECD,HP_I,High pay Incidence,PT_EMP_FT,Percentage of full-time employment,_Z,Not applicable,_Z,Not applicable,_Z,Not applicable,M,Male,2013,,25.99203613,,,,A,Normal value,0,Units,1,One
DATAFLOW,OECD.ELS.SAE:DSD_EARNINGS@PAY_INCIDENCE(1.0),Incidence of low and high pay,I,OECD,OECD,HP_I,High pay Incidence,PT_EMP_FT,Percentage of full-time employment,_Z,Not applicable,_Z,Not applicable,_Z,Not applicable,M,Male,2014,,25.9715876,,,,A,Normal value,0,Units,1,One
DATAFLOW,OECD.ELS.SAE:DSD_EARNINGS@PAY_INCIDENCE(1.0),Incidence of low and high pay,I,OECD,OECD,HP_I,High pay Incidence,PT_EMP_FT,Percentage of full-time employment,_Z,Not applicable,_Z,Not applicable,_Z,Not applicable,M,Male,2015,,25.68170485,,,,A,Normal value,0,Units,1,One
DATAFLOW,OECD.ELS.SAE:DSD_EARNINGS@PAY_INCIDENCE(1.0),Incidence of low and high pay,I,OECD,OECD,HP_I,High pay Incidence,PT_EMP_FT,Percentage of full-time employment,_Z,Not applicable,_Z,Not applicable,_Z,Not applicable,M,Male,2016,,25.37930352,,,,A,Normal value,0,Units,1,One
DATAFLOW,OECD.ELS.SAE:DSD_EARNINGS@PAY_INCIDENCE(1.0),Incidence of low and high pay,I,OECD,OECD,HP_I,High pay Incidence,PT_EMP_FT,Percentage of full-time employment,_Z,Not applicable,_Z,Not applicable,_Z,Not applicable,M,Male,2017,,25.32405769,,,,A,Normal value,0,Units,1,One
DATAFLOW,OECD.ELS.SAE:DSD_EARNINGS@PAY_INCIDENCE(1.0),Incidence of low and high pay,I,OECD,OECD,HP_I,High pay Incidence,PT_EMP_FT,Percentage of full-time employment,_Z,Not applicable,_Z,Not applicable,_Z,Not applicable,M,Male,2018,,25.02134023,,,,A,Normal value,0,Units,1,One
DATAFLOW,OECD.ELS.SAE:DSD_EARNINGS@PAY_INCIDENCE(1.0),Incidence of low and high pay,I,OECD,OECD,HP_I,High pay Incidence,PT_EMP_FT,Percentage of full-time employment,_Z,Not applicable,_Z,Not applicable,_Z,Not applicable,M,Male,2019,,25.20442835,,,,A,Normal value,0,Units,1,One
DATAFLOW,OECD.ELS.SAE:DSD_EARNINGS@PAY_INCIDENCE(1.0),Incidence of low and high pay,I,OECD,OECD,HP_I,High pay Incidence,PT_EMP_FT,Percentage of full-time employment,_Z,Not applicable,_Z,Not applicable,_Z,Not applicable,M,Male,2020,,24.85279192,,,,A,Normal value,0,Units,1,One
DATAFLOW,OECD.ELS.SAE:DSD_EARNINGS@PAY_INCIDENCE(1.0),Incidence of low and high pay,I,OECD,OECD,HP_I,High pay Incidence,PT_EMP_FT,Percentage of full-time employment,_Z,Not applicable,_Z,Not applicable,_Z,Not applicable,M,Male,2021,,23.82831406,,,,A,Normal value,0,Units,1,One
DATAFLOW,OECD.ELS.SAE:DSD_EARNINGS@PAY_INCIDENCE(1.0),Incidence of low and high pay,I,OECD,OECD,HP_I,High pay Incidence,PT_EMP_FT,Percentage of full-time employment,_Z,Not applicable,_Z,Not applicable,_Z,Not applicable,M,Male,2022,,23.39043297,,,,A,Normal value,0,Units,1,One
DATAFLOW,OECD.ELS.SAE:DSD_EARNINGS@PAY_INCIDENCE(1.0),Incidence of low and high pay,I,OECD,OECD,HP_I,High pay Incidence,PT_EMP_FT,Percentage of full-time employment,_Z,Not applicable,_Z,Not applicable,_Z,Not applicable,M,Male,2023,,24.2582018,,,,A,Normal value,0,Units,1,One
DATAFLOW,OECD.ELS.SAE:DSD_EARNINGS@PAY_INCIDENCE(1.0),Incidence of low and high pay,I,FRA,France,LP_I,Low pay incidence,PT_EMP_FT,Percentage of full-time employment,_Z,Not applicable,_Z,Not applicable,_Z,Not applicable,_T,Total,2023,,8.097639496,,,,A,Normal value,0,Units,1,One
DATAFLOW,OECD.ELS.SAE:DSD_EARNINGS@PAY_INCIDENCE(1.0),Incidence of low and high pay,I,FRA,France,LP_I,Low pay incidence,PT_EMP_FT,Percentage of full-time employment,_Z,Not applicable,_Z,Not applicable,_Z,Not applicable,M,Male,2023,,6.164230409,,,,A,Normal value,0,Units,1,One
DATAFLOW,OECD.ELS.SAE:DSD_EARNINGS@PAY_INCIDENCE(1.0),Incidence of low and high pay,I,FRA,France,HP_I,High pay Incidence,PT_EMP_FT,Percentage of full-time employment,_Z,Not applicable,_Z,Not applicable,_Z,Not applicable,M,Male,2023,,26.26222573,,,,A,Normal value,0,Units,1,One
DATAFLOW,OECD.ELS.SAE:DSD_EARNINGS@PAY_INCIDENCE(1.0),Incidence of low and high pay,I,FRA,France,HP_I,High pay Incidence,PT_EMP_FT,Percentage of full-time employment,_Z,Not applicable,_Z,Not applicable,_Z,Not applicable,_T,Total,2023,,21.08795288,,,,A,Normal value,0,Units,1,One
DATAFLOW,OECD.ELS.SAE:DSD_EARNINGS@PAY_INCIDENCE(1.0),Incidence of low and high pay,I,ITA,Italy,LP_I,Low pay incidence,PT_EMP_FT,Percentage of full-time employment,_Z,Not applicable,_Z,Not applicable,_Z,Not applicable,_T,Total,2023,,3.600598774,,,,A,Normal value,0,Units,1,One
DATAFLOW,OECD.ELS.SAE:DSD_EARNINGS@PAY_INCIDENCE(1.0),Incidence of low and high pay,I,ITA,Italy,LP_I,Low pay incidence,PT_EMP_FT,Percentage of full-time employment,_Z,Not applicable,_Z,Not applicable,_Z,Not applicable,M,Male,2023,,3.296037985,,,,A,Normal value,0,Units,1,One
DATAFLOW,OECD.ELS.SAE:DSD_EARNINGS@PAY_INCIDENCE(1.0),Incidence of low and high pay,I,ITA,Italy,HP_I,High pay Incidence,PT_EMP_FT,Percentage of full-time employment,_Z,Not applicable,_Z,Not applicable,_Z,Not applicable,_T,Total,2023,,20.61327707,,,,A,Normal value,0,Units,1,One
DATAFLOW,OECD.ELS.SAE:DSD_EARNINGS@PAY_INCIDENCE(1.0),Incidence of low and high pay,I,ITA,Italy,HP_I,High pay Incidence,PT_EMP_FT,Percentage of full-time employment,_Z,Not applicable,_Z,Not applicable,_Z,Not applicable,M,Male,2023,,24.97788266,,,,A,Normal value,0,Units,1,One
DATAFLOW,OECD.ELS.SAE:DSD_EARNINGS@PAY_INCIDENCE(1.0),Incidence of low and high pay,I,ESP,Spain,LP_I,Low pay incidence,PT_EMP_FT,Percentage of full-time employment,_Z,Not applicable,_Z,Not applicable,_Z,Not applicable,M,Male,2023,,6.39858404,,,,A,Normal value,0,Units,1,One
DATAFLOW,OECD.ELS.SAE:DSD_EARNINGS@PAY_INCIDENCE(1.0),Incidence of low and high pay,I,ESP,Spain,LP_I,Low pay incidence,PT_EMP_FT,Percentage of full-time employment,_Z,Not applicable,_Z,Not applicable,_Z,Not applicable,_T,Total,2023,,8.856839448,,,,A,Normal value,0,Units,1,One
DATAFLOW,OECD.ELS.SAE:DSD_EARNINGS@PAY_INCIDENCE(1.0),Incidence of low and high pay,I,ESP,Spain,HP_I,High pay Incidence,PT_EMP_FT,Percentage of full-time employment,_Z,Not applicable,_Z,Not applicable,_Z,Not applicable,M,Male,2023,,27.83682775,,,,A,Normal value,0,Units,1,One
DATAFLOW,OECD.ELS.SAE:DSD_EARNINGS@PAY_INCIDENCE(1.0),Incidence of low and high pay,I,ESP,Spain,HP_I,High pay Incidence,PT_EMP_FT,Percentage of full-time employment,_Z,Not applicable,_Z,Not applicable,_Z,Not applicable,_T,Total,2023,,26.16220386,,,,A,Normal value,0,Units,1,One
DATAFLOW,OECD.ELS.SAE:DSD_EARNINGS@PAY_INCIDENCE(1.0),Incidence of low and high pay,I,FRA,France,LP_I,Low pay incidence,PT_EMP_FT,Percentage of full-time employment,_Z,Not applicable,_Z,Not applicable,_Z,Not applicable,_T,Total,2022,,8.116925223,,,,A,Normal value,0,Units,1,One
DATAFLOW,OECD.ELS.SAE:DSD_EARNINGS@PAY_INCIDENCE(1.0),Incidence of low and high pay,I,FRA,France,LP_I,Low pay incidence,PT_EMP_FT,Percentage of full-time employment,_Z,Not applicable,_Z,Not applicable,_Z,Not applicable,M,Male,2022,,6.296810557,,,,A,Normal value,0,Units,1,One
DATAFLOW,OECD.ELS.SAE:DSD_EARNINGS@PAY_INCIDENCE(1.0),Incidence of low and high pay,I,FRA,France,HP_I,High pay Incidence,PT_EMP_FT,Percentage of full-time employment,_Z,Not applicable,_Z,Not applicable,_Z,Not applicable,M,Male,2022,,27.03690264,,,,A,Normal value,0,Units,1,One
DATAFLOW,OECD.ELS.SAE:DSD_EARNINGS@PAY_INCIDENCE(1.0),Incidence of low and high pay,I,FRA,France,HP_I,High pay Incidence,PT_EMP_FT,Percentage of full-time employment,_Z,Not applicable,_Z,Not applicable,_Z,Not applicable,_T,Total,2022,,22.01211729,,,,A,Normal value,0,Units,1,One
DATAFLOW,OECD.ELS.SAE:DSD_EARNINGS@PAY_INCIDENCE(1.0),Incidence of low and high pay,I,ITA,Italy,LP_I,Low pay incidence,PT_EMP_FT,Percentage of full-time employment,_Z,Not applicable,_Z,Not applicable,_Z,Not applicable,_T,Total,2022,,3.910295344,,,,A,Normal value,0,Units,1,One
DATAFLOW,OECD.ELS.SAE:DSD_EARNINGS@PAY_INCIDENCE(1.0),Incidence of low and high pay,I,ITA,Italy,LP_I,Low pay incidence,PT_EMP_FT,Percentage of full-time employment,_Z,Not applicable,_Z,Not applicable,_Z,Not applicable,M,Male,2022,,3.485053506,,,,A,Normal value,0,Units,1,One
DATAFLOW,OECD.ELS.SAE:DSD_EARNINGS@PAY_INCIDENCE(1.0),Incidence of low and high pay,I,ITA,Italy,HP_I,High pay Incidence,PT_EMP_FT,Percentage of full-time employment,_Z,Not applicable,_Z,Not applicable,_Z,Not applicable,M,Male,2022,,24.63849564,,,,A,Normal value,0,Units,1,One
DATAFLOW,OECD.ELS.SAE:DSD_EARNINGS@PAY_INCIDENCE(1.0),Incidence of low and high pay,I,ITA,Italy,HP_I,High pay Incidence,PT_EMP_FT,Percentage of full-time employment,_Z,Not applicable,_Z,Not applicable,_Z,Not applicable,_T,Total,2022,,21.1611058,,,,A,Normal value,0,Units,1,One
DATAFLOW,OECD.ELS.SAE:DSD_EARNINGS@PAY_INCIDENCE(1.0),Incidence of low and high pay,I,ESP,Spain,LP_I,Low pay incidence,PT_EMP_FT,Percentage of full-time employment,_Z,Not applicable,_Z,Not applicable,_Z,Not applicable,M,Male,2022,,7.460415241,,,,A,Normal value,0,Units,1,One
DATAFLOW,OECD.ELS.SAE:DSD_EARNINGS@PAY_INCIDENCE(1.0),Incidence of low and high pay,I,ESP,Spain,LP_I,Low pay incidence,PT_EMP_FT,Percentage of full-time employment,_Z,Not applicable,_Z,Not applicable,_Z,Not applicable,_T,Total,2022,,10.35968719,,,,A,Normal value,0,Units,1,One
DATAFLOW,OECD.ELS.SAE:DSD_EARNINGS@PAY_INCIDENCE(1.0),Incidence of low and high pay,I,ESP,Spain,HP_I,High pay Incidence,PT_EMP_FT,Percentage of full-time employment,_Z,Not applicable,_Z,Not applicable,_Z,Not applicable,M,Male,2022,,28.60150139,,,,A,Normal value,0,Units,1,One
DATAFLOW,OECD.ELS.SAE:DSD_EARNINGS@PAY_INCIDENCE(1.0),Incidence of low and high pay,I,ESP,Spain,HP_I,High pay Incidence,PT_EMP_FT,Percentage of full-time employment,_Z,Not applicable,_Z,Not applicable,_Z,Not applicable,_T,Total,2022,,26.70540727,,,,A,Normal value,0,Units,1,One
