FREQ,Frequenza,REF_AREA,Territorio,DATA_TYPE,Indicatore,SEX,Sesso,AGE,Età,EDU_LEV_HIGHEST,Titolo di studio,TIME_PERIOD,Osservazione,OBS_STATUS,'Stato dell"'osservazione'
A,Annuale,IT,Italia,NEET_I,Incidenza dei giovani Neet di 15-34 anni (non occupati e non in istruzione),1,Maschi,Y15-24,15-24 anni,13,'Nessun titolo di studio, licenza di scuola elementare e media',2023,9.763023,,
A,Annuale,IT,Italia,NEET_I,Incidenza dei giovani Neet di 15-34 anni (non occupati e non in istruzione),1,Maschi,Y15-24,15-24 anni,13,'Nessun titolo di studio, licenza di scuola elementare e media',2024,8.727406,,
A,Annuale,IT,Italia,NEET_I,Incidenza dei giovani Neet di 15-34 anni (non occupati e non in istruzione),1,Maschi,Y15-24,15-24 anni,7,Diploma,2023,17.221362,,
A,Annuale,IT,Italia,NEET_I,Incidenza dei giovani Neet di 15-34 anni (non occupati e non in istruzione),1,Maschi,Y15-24,15-24 anni,7,Diploma,2024,16.415833,,
A,Annuale,IT,Italia,NEET_I,Incidenza dei giovani Neet di 15-34 anni (non occupati e non in istruzione),1,Maschi,Y15-24,15-24 anni,11,Laurea e post-laurea,2023,8.329827,,
A,Annuale,IT,Italia,NEET_I,Incidenza dei giovani Neet di 15-34 anni (non occupati e non in istruzione),1,Maschi,Y15-24,15-24 anni,11,Laurea e post-laurea,2024,10.723689,,
A,Annuale,IT,Italia,NEET_I,Incidenza dei giovani Neet di 15-34 anni (non occupati e non in istruzione),1,Maschi,Y15-24,15-24 anni,99,Totale,2023,13.038825,,
A,Annuale,IT,Italia,NEET_I,Incidenza dei giovani Neet di 15-34 anni (non occupati e non in istruzione),1,Maschi,Y15-24,15-24 anni,99,Totale,2024,12.297676,,
A,Annuale,IT,Italia,NEET_I,Incidenza dei giovani Neet di 15-34 anni (non occupati e non in istruzione),1,Maschi,Y18-29,18-29 anni,13,'Nessun titolo di studio, licenza di scuola elementare e media',2023,23.629413,,
A,Annuale,IT,Italia,NEET_I,Incidenza dei giovani Neet di 15-34 anni (non occupati e non in istruzione),1,Maschi,Y18-29,18-29 anni,13,'Nessun titolo di studio, licenza di scuola elementare e media',2024,21.024662,,
A,Annuale,IT,Italia,NEET_I,Incidenza dei giovani Neet di 15-34 anni (non occupati e non in istruzione),1,Maschi,Y18-29,18-29 anni,7,Diploma,2023,16.267442,,
A,Annuale,IT,Italia,NEET_I,Incidenza dei giovani Neet di 15-34 anni (non occupati e non in istruzione),1,Maschi,Y18-29,18-29 anni,7,Diploma,2024,16.213568,,
A,Annuale,IT,Italia,NEET_I,Incidenza dei giovani Neet di 15-34 anni (non occupati e non in istruzione),1,Maschi,Y18-29,18-29 anni,11,Laurea e post-laurea,2023,10.687414,,
A,Annuale,IT,Italia,NEET_I,Incidenza dei giovani Neet di 15-34 anni (non occupati e non in istruzione),1,Maschi,Y18-29,18-29 anni,11,Laurea e post-laurea,2024,11.028641,,
A,Annuale,IT,Italia,NEET_I,Incidenza dei giovani Neet di 15-34 anni (non occupati e non in istruzione),1,Maschi,Y18-29,18-29 anni,99,Totale,2023,17.307689,,
A,Annuale,IT,Italia,NEET_I,Incidenza dei giovani Neet di 15-34 anni (non occupati e non in istruzione),1,Maschi,Y18-29,18-29 anni,99,Totale,2024,16.67331,,
A,Annuale,IT,Italia,NEET_I,Incidenza dei giovani Neet di 15-34 anni (non occupati e non in istruzione),1,Maschi,Y15-29,15-29 anni,13,'Nessun titolo di studio, licenza di scuola elementare e media',2023,13.152316,,
A,Annuale,IT,Italia,NEET_I,Incidenza dei giovani Neet di 15-34 anni (non occupati e non in istruzione),1,Maschi,Y15-29,15-29 anni,13,'Nessun titolo di studio, licenza di scuola elementare e media',2024,11.744571,,
A,Annuale,IT,Italia,NEET_I,Incidenza dei giovani Neet di 15-34 anni (non occupati e non in istruzione),1,Maschi,Y15-29,15-29 anni,7,Diploma,2023,16.343481,,
A,Annuale,IT,Italia,NEET_I,Incidenza dei giovani Neet di 15-34 anni (non occupati e non in istruzione),1,Maschi,Y15-29,15-29 anni,7,Diploma,2024,16.258407,,
A,Annuale,IT,Italia,NEET_I,Incidenza dei giovani Neet di 15-34 anni (non occupati e non in istruzione),1,Maschi,Y15-29,15-29 anni,11,Laurea e post-laurea,2023,10.687414,,
A,Annuale,IT,Italia,NEET_I,Incidenza dei giovani Neet di 15-34 anni (non occupati e non in istruzione),1,Maschi,Y15-29,15-29 anni,11,Laurea e post-laurea,2024,11.028641,,
A,Annuale,IT,Italia,NEET_I,Incidenza dei giovani Neet di 15-34 anni (non occupati e non in istruzione),1,Maschi,Y15-29,15-29 anni,99,Totale,2023,14.38645,,
A,Annuale,IT,Italia,NEET_I,Incidenza dei giovani Neet di 15-34 anni (non occupati e non in istruzione),1,Maschi,Y15-29,15-29 anni,99,Totale,2024,13.846822,,
A,Annuale,IT,Italia,NEET_I,Incidenza dei giovani Neet di 15-34 anni (non occupati e non in istruzione),1,Maschi,Y15-34,15-34 anni,13,'Nessun titolo di studio, licenza di scuola elementare e media',2023,15.334544,,
A,Annuale,IT,Italia,NEET_I,Incidenza dei giovani Neet di 15-34 anni (non occupati e non in istruzione),1,Maschi,Y15-34,15-34 anni,13,'Nessun titolo di studio, licenza di scuola elementare e media',2024,14.284489,,
A,Annuale,IT,Italia,NEET_I,Incidenza dei giovani Neet di 15-34 anni (non occupati e non in istruzione),1,Maschi,Y15-34,15-34 anni,7,Diploma,2023,15.424346,,
A,Annuale,IT,Italia,NEET_I,Incidenza dei giovani Neet di 15-34 anni (non occupati e non in istruzione),1,Maschi,Y15-34,15-34 anni,7,Diploma,2024,15.576778,,
A,Annuale,IT,Italia,NEET_I,Incidenza dei giovani Neet di 15-34 anni (non occupati e non in istruzione),1,Maschi,Y15-34,15-34 anni,11,Laurea e post-laurea,2023,9.525733,,
A,Annuale,IT,Italia,NEET_I,Incidenza dei giovani Neet di 15-34 anni (non occupati e non in istruzione),1,Maschi,Y15-34,15-34 anni,11,Laurea e post-laurea,2024,9.447942,,
A,Annuale,IT,Italia,NEET_I,Incidenza dei giovani Neet di 15-34 anni (non occupati e non in istruzione),1,Maschi,Y15-34,15-34 anni,99,Totale,2023,14.520725,,
A,Annuale,IT,Italia,NEET_I,Incidenza dei giovani Neet di 15-34 anni (non occupati e non in istruzione),1,Maschi,Y15-34,15-34 anni,99,Totale,2024,14.195112,,
A,Annuale,IT,Italia,NEET_I,Incidenza dei giovani Neet di 15-34 anni (non occupati e non in istruzione),2,Femmine,Y15-24,15-24 anni,13,'Nessun titolo di studio, licenza di scuola elementare e media',2023,9.404592,,
A,Annuale,IT,Italia,NEET_I,Incidenza dei giovani Neet di 15-34 anni (non occupati e non in istruzione),2,Femmine,Y15-24,15-24 anni,13,'Nessun titolo di studio, licenza di scuola elementare e media',2024,8.324769,,
A,Annuale,IT,Italia,NEET_I,Incidenza dei giovani Neet di 15-34 anni (non occupati e non in istruzione),2,Femmine,Y15-24,15-24 anni,7,Diploma,2023,15.611839,,
A,Annuale,IT,Italia,NEET_I,Incidenza dei giovani Neet di 15-34 anni (non occupati e non in istruzione),2,Femmine,Y15-24,15-24 anni,7,Diploma,2024,15.162148,,
A,Annuale,IT,Italia,NEET_I,Incidenza dei giovani Neet di 15-34 anni (non occupati e non in istruzione),2,Femmine,Y15-24,15-24 anni,11,Laurea e post-laurea,2023,9.907079,,
A,Annuale,IT,Italia,NEET_I,Incidenza dei giovani Neet di 15-34 anni (non occupati e non in istruzione),2,Femmine,Y15-24,15-24 anni,11,Laurea e post-laurea,2024,10.452445,,
A,Annuale,IT,Italia,NEET_I,Incidenza dei giovani Neet di 15-34 anni (non occupati e non in istruzione),2,Femmine,Y15-24,15-24 anni,99,Totale,2023,12.279504,,
A,Annuale,IT,Italia,NEET_I,Incidenza dei giovani Neet di 15-34 anni (non occupati e non in istruzione),2,Femmine,Y15-24,15-24 anni,99,Totale,2024,11.596079,,
A,Annuale,IT,Italia,NEET_I,Incidenza dei giovani Neet di 15-34 anni (non occupati e non in istruzione),2,Femmine,Y18-29,18-29 anni,13,'Nessun titolo di studio, licenza di scuola elementare e media',2023,35.109498,,
A,Annuale,IT,Italia,NEET_I,Incidenza dei giovani Neet di 15-34 anni (non occupati e non in istruzione),2,Femmine,Y18-29,18-29 anni,13,'Nessun titolo di studio, licenza di scuola elementare e media',2024,31.450689,,
A,Annuale,IT,Italia,NEET_I,Incidenza dei giovani Neet di 15-34 anni (non occupati e non in istruzione),2,Femmine,Y18-29,18-29 anni,7,Diploma,2023,20.054311,,
A,Annuale,IT,Italia,NEET_I,Incidenza dei giovani Neet di 15-34 anni (non occupati e non in istruzione),2,Femmine,Y18-29,18-29 anni,7,Diploma,2024,19.465475,,
A,Annuale,IT,Italia,NEET_I,Incidenza dei giovani Neet di 15-34 anni (non occupati e non in istruzione),2,Femmine,Y18-29,18-29 anni,11,Laurea e post-laurea,2023,13.775657,,
A,Annuale,IT,Italia,NEET_I,Incidenza dei giovani Neet di 15-34 anni (non occupati e non in istruzione),2,Femmine,Y18-29,18-29 anni,11,Laurea e post-laurea,2024,12.412441,,
A,Annuale,IT,Italia,NEET_I,Incidenza dei giovani Neet di 15-34 anni (non occupati e non in istruzione),2,Femmine,Y18-29,18-29 anni,99,Totale,2023,21.730156,,
A,Annuale,IT,Italia,NEET_I,Incidenza dei giovani Neet di 15-34 anni (non occupati e non in istruzione),2,Femmine,Y18-29,18-29 anni,99,Totale,2024,20.311037,,
A,Annuale,IT,Italia,NEET_I,Incidenza dei giovani Neet di 15-34 anni (non occupati e non in istruzione),2,Femmine,Y15-29,15-29 anni,13,'Nessun titolo di studio, licenza di scuola elementare e media',2023,16.976981,,
A,Annuale,IT,Italia,NEET_I,Incidenza dei giovani Neet di 15-34 anni (non occupati e non in istruzione),2,Femmine,Y15-29,15-29 anni,13,'Nessun titolo di studio, licenza di scuola elementare e media',2024,15.108429,,
A,Annuale,IT,Italia,NEET_I,Incidenza dei giovani Neet di 15-34 anni (non occupati e non in istruzione),2,Femmine,Y15-29,15-29 anni,7,Diploma,2023,20.088421,,
A,Annuale,IT,Italia,NEET_I,Incidenza dei giovani Neet di 15-34 anni (non occupati e non in istruzione),2,Femmine,Y15-29,15-29 anni,7,Diploma,2024,19.480566,,
A,Annuale,IT,Italia,NEET_I,Incidenza dei giovani Neet di 15-34 anni (non occupati e non in istruzione),2,Femmine,Y15-29,15-29 anni,11,Laurea e post-laurea,2023,13.775657,,
A,Annuale,IT,Italia,NEET_I,Incidenza dei giovani Neet di 15-34 anni (non occupati e non in istruzione),2,Femmine,Y15-29,15-29 anni,11,Laurea e post-laurea,2024,12.412441,,
A,Annuale,IT,Italia,NEET_I,Incidenza dei giovani Neet di 15-34 anni (non occupati e non in istruzione),2,Femmine,Y15-29,15-29 anni,99,Totale,2023,17.8412,,
A,Annuale,IT,Italia,NEET_I,Incidenza dei giovani Neet di 15-34 anni (non occupati e non in istruzione),2,Femmine,Y15-29,15-29 anni,99,Totale,2024,16.633438,,
A,Annuale,IT,Italia,NEET_I,Incidenza dei giovani Neet di 15-34 anni (non occupati e non in istruzione),2,Femmine,Y15-34,15-34 anni,13,'Nessun titolo di studio, licenza di scuola elementare e media',2023,24.004223,,
A,Annuale,IT,Italia,NEET_I,Incidenza dei giovani Neet di 15-34 anni (non occupati e non in istruzione),2,Femmine,Y15-34,15-34 anni,13,'Nessun titolo di studio, licenza di scuola elementare e media',2024,22.531531,,
A,Annuale,IT,Italia,NEET_I,Incidenza dei giovani Neet di 15-34 anni (non occupati e non in istruzione),2,Femmine,Y15-34,15-34 anni,7,Diploma,2023,24.243228,,
A,Annuale,IT,Italia,NEET_I,Incidenza dei giovani Neet di 15-34 anni (non occupati e non in istruzione),2,Femmine,Y15-34,15-34 anni,7,Diploma,2024,23.450278,,
A,Annuale,IT,Italia,NEET_I,Incidenza dei giovani Neet di 15-34 anni (non occupati e non in istruzione),2,Femmine,Y15-34,15-34 anni,11,Laurea e post-laurea,2023,13.668849,,
A,Annuale,IT,Italia,NEET_I,Incidenza dei giovani Neet di 15-34 anni (non occupati e non in istruzione),2,Femmine,Y15-34,15-34 anni,11,Laurea e post-laurea,2024,12.688173,,
A,Annuale,IT,Italia,NEET_I,Incidenza dei giovani Neet di 15-34 anni (non occupati e non in istruzione),2,Femmine,Y15-34,15-34 anni,99,Totale,2023,21.754186,,
A,Annuale,IT,Italia,NEET_I,Incidenza dei giovani Neet di 15-34 anni (non occupati e non in istruzione),2,Femmine,Y15-34,15-34 anni,99,Totale,2024,20.648138,,
A,Annuale,IT,Italia,NEET_I,Incidenza dei giovani Neet di 15-34 anni (non occupati e non in istruzione),9,Totale,Y15-24,15-24 anni,13,'Nessun titolo di studio, licenza di scuola elementare e media',2023,9.596721,,
A,Annuale,IT,Italia,NEET_I,Incidenza dei giovani Neet di 15-34 anni (non occupati e non in istruzione),9,Totale,Y15-24,15-24 anni,13,'Nessun titolo di studio, licenza di scuola elementare e media',2024,8.539761,,
A,Annuale,IT,Italia,NEET_I,Incidenza dei giovani Neet di 15-34 anni (non occupati e non in istruzione),9,Totale,Y15-24,15-24 anni,7,Diploma,2023,16.436473,,
A,Annuale,IT,Italia,NEET_I,Incidenza dei giovani Neet di 15-34 anni (non occupati e non in istruzione),9,Totale,Y15-24,15-24 anni,7,Diploma,2024,15.809286,,
A,Annuale,IT,Italia,NEET_I,Incidenza dei giovani Neet di 15-34 anni (non occupati e non in istruzione),9,Totale,Y15-24,15-24 anni,11,Laurea e post-laurea,2023,9.272824,,
A,Annuale,IT,Italia,NEET_I,Incidenza dei giovani Neet di 15-34 anni (non occupati e non in istruzione),9,Totale,Y15-24,15-24 anni,11,Laurea e post-laurea,2024,10.558035,,
A,Annuale,IT,Italia,NEET_I,Incidenza dei giovani Neet di 15-34 anni (non occupati e non in istruzione),9,Totale,Y15-24,15-24 anni,99,Totale,2023,12.672271,,
A,Annuale,IT,Italia,NEET_I,Incidenza dei giovani Neet di 15-34 anni (non occupati e non in istruzione),9,Totale,Y15-24,15-24 anni,99,Totale,2024,11.959324,,
A,Annuale,IT,Italia,NEET_I,Incidenza dei giovani Neet di 15-34 anni (non occupati e non in istruzione),9,Totale,Y18-29,18-29 anni,13,'Nessun titolo di studio, licenza di scuola elementare e media',2023,28.543657,,
A,Annuale,IT,Italia,NEET_I,Incidenza dei giovani Neet di 15-34 anni (non occupati e non in istruzione),9,Totale,Y18-29,18-29 anni,13,'Nessun titolo di studio, licenza di scuola elementare e media',2024,25.478501,,
A,Annuale,IT,Italia,NEET_I,Incidenza dei giovani Neet di 15-34 anni (non occupati e non in istruzione),9,Totale,Y18-29,18-29 anni,7,Diploma,2023,18.062583,,
A,Annuale,IT,Italia,NEET_I,Incidenza dei giovani Neet di 15-34 anni (non occupati e non in istruzione),9,Totale,Y18-29,18-29 anni,7,Diploma,2024,17.740818,,
A,Annuale,IT,Italia,NEET_I,Incidenza dei giovani Neet di 15-34 anni (non occupati e non in istruzione),9,Totale,Y18-29,18-29 anni,11,Laurea e post-laurea,2023,12.481786,,
A,Annuale,IT,Italia,NEET_I,Incidenza dei giovani Neet di 15-34 anni (non occupati e non in istruzione),9,Totale,Y18-29,18-29 anni,11,Laurea e post-laurea,2024,11.843373,,
A,Annuale,IT,Italia,NEET_I,Incidenza dei giovani Neet di 15-34 anni (non occupati e non in istruzione),9,Totale,Y18-29,18-29 anni,99,Totale,2023,19.444776,,
A,Annuale,IT,Italia,NEET_I,Incidenza dei giovani Neet di 15-34 anni (non occupati e non in istruzione),9,Totale,Y18-29,18-29 anni,99,Totale,2024,18.426117,,
A,Annuale,IT,Italia,NEET_I,Incidenza dei giovani Neet di 15-34 anni (non occupati e non in istruzione),9,Totale,Y15-29,15-29 anni,13,'Nessun titolo di studio, licenza di scuola elementare e media',2023,14.901831,,
A,Annuale,IT,Italia,NEET_I,Incidenza dei giovani Neet di 15-34 anni (non occupati e non in istruzione),9,Totale,Y15-29,15-29 anni,13,'Nessun titolo di studio, licenza di scuola elementare e media',2024,13.281738,,
A,Annuale,IT,Italia,NEET_I,Incidenza dei giovani Neet di 15-34 anni (non occupati e non in istruzione),9,Totale,Y15-29,15-29 anni,7,Diploma,2023,18.117158,,
A,Annuale,IT,Italia,NEET_I,Incidenza dei giovani Neet di 15-34 anni (non occupati e non in istruzione),9,Totale,Y15-29,15-29 anni,7,Diploma,2024,17.770904,,
A,Annuale,IT,Italia,NEET_I,Incidenza dei giovani Neet di 15-34 anni (non occupati e non in istruzione),9,Totale,Y15-29,15-29 anni,11,Laurea e post-laurea,2023,12.481786,,
A,Annuale,IT,Italia,NEET_I,Incidenza dei giovani Neet di 15-34 anni (non occupati e non in istruzione),9,Totale,Y15-29,15-29 anni,11,Laurea e post-laurea,2024,11.843373,,
A,Annuale,IT,Italia,NEET_I,Incidenza dei giovani Neet di 15-34 anni (non occupati e non in istruzione),9,Totale,Y15-29,15-29 anni,99,Totale,2023,16.056448,,
A,Annuale,IT,Italia,NEET_I,Incidenza dei giovani Neet di 15-34 anni (non occupati e non in istruzione),9,Totale,Y15-29,15-29 anni,99,Totale,2024,15.190796,,
A,Annuale,IT,Italia,NEET_I,Incidenza dei giovani Neet di 15-34 anni (non occupati e non in istruzione),9,Totale,Y15-34,15-34 anni,13,'Nessun titolo di studio, licenza di scuola elementare e media',2023,19.218739,,
A,Annuale,IT,Italia,NEET_I,Incidenza dei giovani Neet di 15-34 anni (non occupati e non in istruzione),9,Totale,Y15-34,15-34 anni,13,'Nessun titolo di studio, licenza di scuola elementare e media',2024,17.964368,,
A,Annuale,IT,Italia,NEET_I,Incidenza dei giovani Neet di 15-34 anni (non occupati e non in istruzione),9,Totale,Y15-34,15-34 anni,7,Diploma,2023,19.573589,,
A,Annuale,IT,Italia,NEET_I,Incidenza dei giovani Neet di 15-34 anni (non occupati e non in istruzione),9,Totale,Y15-34,15-34 anni,7,Diploma,2024,19.257349,,
A,Annuale,IT,Italia,NEET_I,Incidenza dei giovani Neet di 15-34 anni (non occupati e non in istruzione),9,Totale,Y15-34,15-34 anni,11,Laurea e post-laurea,2023,11.985696,,
A,Annuale,IT,Italia,NEET_I,Incidenza dei giovani Neet di 15-34 anni (non occupati e non in istruzione),9,Totale,Y15-34,15-34 anni,11,Laurea e post-laurea,2024,11.379746,,
A,Annuale,IT,Italia,NEET_I,Incidenza dei giovani Neet di 15-34 anni (non occupati e non in istruzione),9,Totale,Y15-34,15-34 anni,99,Totale,2023,18.035435,,
A,Annuale,IT,Italia,NEET_I,Incidenza dei giovani Neet di 15-34 anni (non occupati e non in istruzione),9,Totale,Y15-34,15-34 anni,99,Totale,2024,17.323425,,
A,Annuale,ITCD,Nord,NEET_I,Incidenza dei giovani Neet di 15-34 anni (non occupati e non in istruzione),1,Maschi,Y15-24,15-24 anni,13,'Nessun titolo di studio, licenza di scuola elementare e media',2023,6.462444,,
A,Annuale,ITCD,Nord,NEET_I,Incidenza dei giovani Neet di 15-34 anni (non occupati e non in istruzione),1,Maschi,Y15-24,15-24 anni,13,'Nessun titolo di studio, licenza di scuola elementare e media',2024,5.537891,,
A,Annuale,ITCD,Nord,NEET_I,Incidenza dei giovani Neet di 15-34 anni (non occupati e non in istruzione),1,Maschi,Y15-24,15-24 anni,7,Diploma,2023,11.376286,,
A,Annuale,ITCD,Nord,NEET_I,Incidenza dei giovani Neet di 15-34 anni (non occupati e non in istruzione),1,Maschi,Y15-24,15-24 anni,7,Diploma,2024,10.607826,,
A,Annuale,ITCD,Nord,NEET_I,Incidenza dei giovani Neet di 15-34 anni (non occupati e non in istruzione),1,Maschi,Y15-24,15-24 anni,11,Laurea e post-laurea,2023,8.862499,,
A,Annuale,ITCD,Nord,NEET_I,Incidenza dei giovani Neet di 15-34 anni (non occupati e non in istruzione),1,Maschi,Y15-24,15-24 anni,11,Laurea e post-laurea,2024,8.976242,,
A,Annuale,ITCD,Nord,NEET_I,Incidenza dei giovani Neet di 15-34 anni (non occupati e non in istruzione),1,Maschi,Y15-24,15-24 anni,99,Totale,2023,8.803815,,
A,Annuale,ITCD,Nord,NEET_I,Incidenza dei giovani Neet di 15-34 anni (non occupati e non in istruzione),1,Maschi,Y15-24,15-24 anni,99,Totale,2024,7.972391,,
A,Annuale,ITCD,Nord,NEET_I,Incidenza dei giovani Neet di 15-34 anni (non occupati e non in istruzione),1,Maschi,Y18-29,18-29 anni,13,'Nessun titolo di studio, licenza di scuola elementare e media',2023,14.372186,,
A,Annuale,ITCD,Nord,NEET_I,Incidenza dei giovani Neet di 15-34 anni (non occupati e non in istruzione),1,Maschi,Y18-29,18-29 anni,13,'Nessun titolo di studio, licenza di scuola elementare e media',2024,12.079056,,
A,Annuale,ITCD,Nord,NEET_I,Incidenza dei giovani Neet di 15-34 anni (non occupati e non in istruzione),1,Maschi,Y18-29,18-29 anni,7,Diploma,2023,9.470287,,
A,Annuale,ITCD,Nord,NEET_I,Incidenza dei giovani Neet di 15-34 anni (non occupati e non in istruzione),1,Maschi,Y18-29,18-29 anni,7,Diploma,2024,9.299944,,
A,Annuale,ITCD,Nord,NEET_I,Incidenza dei giovani Neet di 15-34 anni (non occupati e non in istruzione),1,Maschi,Y18-29,18-29 anni,11,Laurea e post-laurea,2023,7.874417,,
A,Annuale,ITCD,Nord,NEET_I,Incidenza dei giovani Neet di 15-34 anni (non occupati e non in istruzione),1,Maschi,Y18-29,18-29 anni,11,Laurea e post-laurea,2024,8.159631,,
A,Annuale,ITCD,Nord,NEET_I,Incidenza dei giovani Neet di 15-34 anni (non occupati e non in istruzione),1,Maschi,Y18-29,18-29 anni,99,Totale,2023,10.368793,,
A,Annuale,ITCD,Nord,NEET_I,Incidenza dei giovani Neet di 15-34 anni (non occupati e non in istruzione),1,Maschi,Y18-29,18-29 anni,99,Totale,2024,9.78702,,
A,Annuale,ITCD,Nord,NEET_I,Incidenza dei giovani Neet di 15-34 anni (non occupati e non in istruzione),1,Maschi,Y15-29,15-29 anni,13,'Nessun titolo di studio, licenza di scuola elementare e media',2023,7.837725,,
A,Annuale,ITCD,Nord,NEET_I,Incidenza dei giovani Neet di 15-34 anni (non occupati e non in istruzione),1,Maschi,Y15-29,15-29 anni,13,'Nessun titolo di studio, licenza di scuola elementare e media',2024,6.703385,,
A,Annuale,ITCD,Nord,NEET_I,Incidenza dei giovani Neet di 15-34 anni (non occupati e non in istruzione),1,Maschi,Y15-29,15-29 anni,7,Diploma,2023,9.717509,,
A,Annuale,ITCD,Nord,NEET_I,Incidenza dei giovani Neet di 15-34 anni (non occupati e non in istruzione),1,Maschi,Y15-29,15-29 anni,7,Diploma,2024,9.442762,,
A,Annuale,ITCD,Nord,NEET_I,Incidenza dei giovani Neet di 15-34 anni (non occupati e non in istruzione),1,Maschi,Y15-29,15-29 anni,11,Laurea e post-laurea,2023,7.874417,,
A,Annuale,ITCD,Nord,NEET_I,Incidenza dei giovani Neet di 15-34 anni (non occupati e non in istruzione),1,Maschi,Y15-29,15-29 anni,11,Laurea e post-laurea,2024,8.159631,,
A,Annuale,ITCD,Nord,NEET_I,Incidenza dei giovani Neet di 15-34 anni (non occupati e non in istruzione),1,Maschi,Y15-29,15-29 anni,99,Totale,2023,8.752831,,
A,Annuale,ITCD,Nord,NEET_I,Incidenza dei giovani Neet di 15-34 anni (non occupati e non in istruzione),1,Maschi,Y15-29,15-29 anni,99,Totale,2024,8.214454,,
A,Annuale,ITCD,Nord,NEET_I,Incidenza dei giovani Neet di 15-34 anni (non occupati e non in istruzione),1,Maschi,Y15-34,15-34 anni,13,'Nessun titolo di studio, licenza di scuola elementare e media',2023,8.426464,,
A,Annuale,ITCD,Nord,NEET_I,Incidenza dei giovani Neet di 15-34 anni (non occupati e non in istruzione),1,Maschi,Y15-34,15-34 anni,13,'Nessun titolo di studio, licenza di scuola elementare e media',2024,7.927938,,
A,Annuale,ITCD,Nord,NEET_I,Incidenza dei giovani Neet di 15-34 anni (non occupati e non in istruzione),1,Maschi,Y15-34,15-34 anni,7,Diploma,2023,8.853809,,
A,Annuale,ITCD,Nord,NEET_I,Incidenza dei giovani Neet di 15-34 anni (non occupati e non in istruzione),1,Maschi,Y15-34,15-34 anni,7,Diploma,2024,8.567246,,
A,Annuale,ITCD,Nord,NEET_I,Incidenza dei giovani Neet di 15-34 anni (non occupati e non in istruzione),1,Maschi,Y15-34,15-34 anni,11,Laurea e post-laurea,2023,6.447726,,
A,Annuale,ITCD,Nord,NEET_I,Incidenza dei giovani Neet di 15-34 anni (non occupati e non in istruzione),1,Maschi,Y15-34,15-34 anni,11,Laurea e post-laurea,2024,5.979361,,
A,Annuale,ITCD,Nord,NEET_I,Incidenza dei giovani Neet di 15-34 anni (non occupati e non in istruzione),1,Maschi,Y15-34,15-34 anni,99,Totale,2023,8.321523,,
A,Annuale,ITCD,Nord,NEET_I,Incidenza dei giovani Neet di 15-34 anni (non occupati e non in istruzione),1,Maschi,Y15-34,15-34 anni,99,Totale,2024,7.926895,,
A,Annuale,ITCD,Nord,NEET_I,Incidenza dei giovani Neet di 15-34 anni (non occupati e non in istruzione),2,Femmine,Y15-24,15-24 anni,13,'Nessun titolo di studio, licenza di scuola elementare e media',2023,5.915142,,
A,Annuale,ITCD,Nord,NEET_I,Incidenza dei giovani Neet di 15-34 anni (non occupati e non in istruzione),2,Femmine,Y15-24,15-24 anni,13,'Nessun titolo di studio, licenza di scuola elementare e media',2024,5.582295,,
A,Annuale,ITCD,Nord,NEET_I,Incidenza dei giovani Neet di 15-34 anni (non occupati e non in istruzione),2,Femmine,Y15-24,15-24 anni,7,Diploma,2023,11.76531,,
A,Annuale,ITCD,Nord,NEET_I,Incidenza dei giovani Neet di 15-34 anni (non occupati e non in istruzione),2,Femmine,Y15-24,15-24 anni,7,Diploma,2024,12.04637,,
A,Annuale,ITCD,Nord,NEET_I,Incidenza dei giovani Neet di 15-34 anni (non occupati e non in istruzione),2,Femmine,Y15-24,15-24 anni,11,Laurea e post-laurea,2023,8.354175,,
A,Annuale,ITCD,Nord,NEET_I,Incidenza dei giovani Neet di 15-34 anni (non occupati e non in istruzione),2,Femmine,Y15-24,15-24 anni,11,Laurea e post-laurea,2024,8.071984,,
A,Annuale,ITCD,Nord,NEET_I,Incidenza dei giovani Neet di 15-34 anni (non occupati e non in istruzione),2,Femmine,Y15-24,15-24 anni,99,Totale,2023,8.770903,,
A,Annuale,ITCD,Nord,NEET_I,Incidenza dei giovani Neet di 15-34 anni (non occupati e non in istruzione),2,Femmine,Y15-24,15-24 anni,99,Totale,2024,8.688353,,
A,Annuale,ITCD,Nord,NEET_I,Incidenza dei giovani Neet di 15-34 anni (non occupati e non in istruzione),2,Femmine,Y18-29,18-29 anni,13,'Nessun titolo di studio, licenza di scuola elementare e media',2023,24.454022,,
A,Annuale,ITCD,Nord,NEET_I,Incidenza dei giovani Neet di 15-34 anni (non occupati e non in istruzione),2,Femmine,Y18-29,18-29 anni,13,'Nessun titolo di studio, licenza di scuola elementare e media',2024,21.995008,,
A,Annuale,ITCD,Nord,NEET_I,Incidenza dei giovani Neet di 15-34 anni (non occupati e non in istruzione),2,Femmine,Y18-29,18-29 anni,7,Diploma,2023,14.963019,,
A,Annuale,ITCD,Nord,NEET_I,Incidenza dei giovani Neet di 15-34 anni (non occupati e non in istruzione),2,Femmine,Y18-29,18-29 anni,7,Diploma,2024,13.780675,,
A,Annuale,ITCD,Nord,NEET_I,Incidenza dei giovani Neet di 15-34 anni (non occupati e non in istruzione),2,Femmine,Y18-29,18-29 anni,11,Laurea e post-laurea,2023,10.823206,,
A,Annuale,ITCD,Nord,NEET_I,Incidenza dei giovani Neet di 15-34 anni (non occupati e non in istruzione),2,Femmine,Y18-29,18-29 anni,11,Laurea e post-laurea,2024,7.770717,,
A,Annuale,ITCD,Nord,NEET_I,Incidenza dei giovani Neet di 15-34 anni (non occupati e non in istruzione),2,Femmine,Y18-29,18-29 anni,99,Totale,2023,15.793977,,
A,Annuale,ITCD,Nord,NEET_I,Incidenza dei giovani Neet di 15-34 anni (non occupati e non in istruzione),2,Femmine,Y18-29,18-29 anni,99,Totale,2024,13.881086,,
A,Annuale,ITCD,Nord,NEET_I,Incidenza dei giovani Neet di 15-34 anni (non occupati e non in istruzione),2,Femmine,Y15-29,15-29 anni,13,'Nessun titolo di studio, licenza di scuola elementare e media',2023,11.503901,,
A,Annuale,ITCD,Nord,NEET_I,Incidenza dei giovani Neet di 15-34 anni (non occupati e non in istruzione),2,Femmine,Y15-29,15-29 anni,13,'Nessun titolo di studio, licenza di scuola elementare e media',2024,10.530847,,
A,Annuale,ITCD,Nord,NEET_I,Incidenza dei giovani Neet di 15-34 anni (non occupati e non in istruzione),2,Femmine,Y15-29,15-29 anni,7,Diploma,2023,15.06292,,
A,Annuale,ITCD,Nord,NEET_I,Incidenza dei giovani Neet di 15-34 anni (non occupati e non in istruzione),2,Femmine,Y15-29,15-29 anni,7,Diploma,2024,13.823111,,
A,Annuale,ITCD,Nord,NEET_I,Incidenza dei giovani Neet di 15-34 anni (non occupati e non in istruzione),2,Femmine,Y15-29,15-29 anni,11,Laurea e post-laurea,2023,10.823206,,
A,Annuale,ITCD,Nord,NEET_I,Incidenza dei giovani Neet di 15-34 anni (non occupati e non in istruzione),2,Femmine,Y15-29,15-29 anni,11,Laurea e post-laurea,2024,7.770717,,
A,Annuale,ITCD,Nord,NEET_I,Incidenza dei giovani Neet di 15-34 anni (non occupati e non in istruzione),2,Femmine,Y15-29,15-29 anni,99,Totale,2023,12.998362,,
A,Annuale,ITCD,Nord,NEET_I,Incidenza dei giovani Neet di 15-34 anni (non occupati e non in istruzione),2,Femmine,Y15-29,15-29 anni,99,Totale,2024,11.46567,,
A,Annuale,ITCD,Nord,NEET_I,Incidenza dei giovani Neet di 15-34 anni (non occupati e non in istruzione),2,Femmine,Y15-34,15-34 anni,13,'Nessun titolo di studio, licenza di scuola elementare e media',2023,15.886529,,
A,Annuale,ITCD,Nord,NEET_I,Incidenza dei giovani Neet di 15-34 anni (non occupati e non in istruzione),2,Femmine,Y15-34,15-34 anni,13,'Nessun titolo di studio, licenza di scuola elementare e media',2024,15.780014,,
A,Annuale,ITCD,Nord,NEET_I,Incidenza dei giovani Neet di 15-34 anni (non occupati e non in istruzione),2,Femmine,Y15-34,15-34 anni,7,Diploma,2023,17.957049,,
A,Annuale,ITCD,Nord,NEET_I,Incidenza dei giovani Neet di 15-34 anni (non occupati e non in istruzione),2,Femmine,Y15-34,15-34 anni,7,Diploma,2024,16.647573,,
A,Annuale,ITCD,Nord,NEET_I,Incidenza dei giovani Neet di 15-34 anni (non occupati e non in istruzione),2,Femmine,Y15-34,15-34 anni,11,Laurea e post-laurea,2023,9.871796,,
A,Annuale,ITCD,Nord,NEET_I,Incidenza dei giovani Neet di 15-34 anni (non occupati e non in istruzione),2,Femmine,Y15-34,15-34 anni,11,Laurea e post-laurea,2024,8.110189,,
A,Annuale,ITCD,Nord,NEET_I,Incidenza dei giovani Neet di 15-34 anni (non occupati e non in istruzione),2,Femmine,Y15-34,15-34 anni,99,Totale,2023,15.351088,,
A,Annuale,ITCD,Nord,NEET_I,Incidenza dei giovani Neet di 15-34 anni (non occupati e non in istruzione),2,Femmine,Y15-34,15-34 anni,99,Totale,2024,14.179586,,
A,Annuale,ITCD,Nord,NEET_I,Incidenza dei giovani Neet di 15-34 anni (non occupati e non in istruzione),9,Totale,Y15-24,15-24 anni,13,'Nessun titolo di studio, licenza di scuola elementare e media',2023,6.208013,,
A,Annuale,ITCD,Nord,NEET_I,Incidenza dei giovani Neet di 15-34 anni (non occupati e non in istruzione),9,Totale,Y15-24,15-24 anni,13,'Nessun titolo di studio, licenza di scuola elementare e media',2024,5.558493,,
A,Annuale,ITCD,Nord,NEET_I,Incidenza dei giovani Neet di 15-34 anni (non occupati e non in istruzione),9,Totale,Y15-24,15-24 anni,7,Diploma,2023,11.564378,,
A,Annuale,ITCD,Nord,NEET_I,Incidenza dei giovani Neet di 15-34 anni (non occupati e non in istruzione),9,Totale,Y15-24,15-24 anni,7,Diploma,2024,11.301972,,
A,Annuale,ITCD,Nord,NEET_I,Incidenza dei giovani Neet di 15-34 anni (non occupati e non in istruzione),9,Totale,Y15-24,15-24 anni,11,Laurea e post-laurea,2023,8.560607,,
A,Annuale,ITCD,Nord,NEET_I,Incidenza dei giovani Neet di 15-34 anni (non occupati e non in istruzione),9,Totale,Y15-24,15-24 anni,11,Laurea e post-laurea,2024,8.429323,,
A,Annuale,ITCD,Nord,NEET_I,Incidenza dei giovani Neet di 15-34 anni (non occupati e non in istruzione),9,Totale,Y15-24,15-24 anni,99,Totale,2023,8.787995,,
A,Annuale,ITCD,Nord,NEET_I,Incidenza dei giovani Neet di 15-34 anni (non occupati e non in istruzione),9,Totale,Y15-24,15-24 anni,99,Totale,2024,8.316885,,
A,Annuale,ITCD,Nord,NEET_I,Incidenza dei giovani Neet di 15-34 anni (non occupati e non in istruzione),9,Totale,Y18-29,18-29 anni,13,'Nessun titolo di studio, licenza di scuola elementare e media',2023,18.713319,,
A,Annuale,ITCD,Nord,NEET_I,Incidenza dei giovani Neet di 15-34 anni (non occupati e non in istruzione),9,Totale,Y18-29,18-29 anni,13,'Nessun titolo di studio, licenza di scuola elementare e media',2024,16.301904,,
A,Annuale,ITCD,Nord,NEET_I,Incidenza dei giovani Neet di 15-34 anni (non occupati e non in istruzione),9,Totale,Y18-29,18-29 anni,7,Diploma,2023,12.042894,,
A,Annuale,ITCD,Nord,NEET_I,Incidenza dei giovani Neet di 15-34 anni (non occupati e non in istruzione),9,Totale,Y18-29,18-29 anni,7,Diploma,2024,11.374882,,
A,Annuale,ITCD,Nord,NEET_I,Incidenza dei giovani Neet di 15-34 anni (non occupati e non in istruzione),9,Totale,Y18-29,18-29 anni,11,Laurea e post-laurea,2023,9.576719,,
A,Annuale,ITCD,Nord,NEET_I,Incidenza dei giovani Neet di 15-34 anni (non occupati e non in istruzione),9,Totale,Y18-29,18-29 anni,11,Laurea e post-laurea,2024,7.930328,,
A,Annuale,ITCD,Nord,NEET_I,Incidenza dei giovani Neet di 15-34 anni (non occupati e non in istruzione),9,Totale,Y18-29,18-29 anni,99,Totale,2023,12.984028,,
A,Annuale,ITCD,Nord,NEET_I,Incidenza dei giovani Neet di 15-34 anni (non occupati e non in istruzione),9,Totale,Y18-29,18-29 anni,99,Totale,2024,11.754002,,
A,Annuale,ITCD,Nord,NEET_I,Incidenza dei giovani Neet di 15-34 anni (non occupati e non in istruzione),9,Totale,Y15-29,15-29 anni,13,'Nessun titolo di studio, licenza di scuola elementare e media',2023,9.523181,,
A,Annuale,ITCD,Nord,NEET_I,Incidenza dei giovani Neet di 15-34 anni (non occupati e non in istruzione),9,Totale,Y15-29,15-29 anni,13,'Nessun titolo di studio, licenza di scuola elementare e media',2024,8.451655,,
A,Annuale,ITCD,Nord,NEET_I,Incidenza dei giovani Neet di 15-34 anni (non occupati e non in istruzione),9,Totale,Y15-29,15-29 anni,7,Diploma,2023,12.217472,,
A,Annuale,ITCD,Nord,NEET_I,Incidenza dei giovani Neet di 15-34 anni (non occupati e non in istruzione),9,Totale,Y15-29,15-29 anni,7,Diploma,2024,11.470091,,
A,Annuale,ITCD,Nord,NEET_I,Incidenza dei giovani Neet di 15-34 anni (non occupati e non in istruzione),9,Totale,Y15-29,15-29 anni,11,Laurea e post-laurea,2023,9.576719,,
A,Annuale,ITCD,Nord,NEET_I,Incidenza dei giovani Neet di 15-34 anni (non occupati e non in istruzione),9,Totale,Y15-29,15-29 anni,11,Laurea e post-laurea,2024,7.930328,,
A,Annuale,ITCD,Nord,NEET_I,Incidenza dei giovani Neet di 15-34 anni (non occupati e non in istruzione),9,Totale,Y15-29,15-29 anni,99,Totale,2023,10.800537,,
A,Annuale,ITCD,Nord,NEET_I,Incidenza dei giovani Neet di 15-34 anni (non occupati e non in istruzione),9,Totale,Y15-29,15-29 anni,99,Totale,2024,9.77837,,
A,Annuale,ITCD,Nord,NEET_I,Incidenza dei giovani Neet di 15-34 anni (non occupati e non in istruzione),9,Totale,Y15-34,15-34 anni,13,'Nessun titolo di studio, licenza di scuola elementare e media',2023,11.764584,,
A,Annuale,ITCD,Nord,NEET_I,Incidenza dei giovani Neet di 15-34 anni (non occupati e non in istruzione),9,Totale,Y15-34,15-34 anni,13,'Nessun titolo di studio, licenza di scuola elementare e media',2024,11.39429,,
A,Annuale,ITCD,Nord,NEET_I,Incidenza dei giovani Neet di 15-34 anni (non occupati e non in istruzione),9,Totale,Y15-34,15-34 anni,7,Diploma,2023,13.082332,,
A,Annuale,ITCD,Nord,NEET_I,Incidenza dei giovani Neet di 15-34 anni (non occupati e non in istruzione),9,Totale,Y15-34,15-34 anni,7,Diploma,2024,12.285277,,
A,Annuale,ITCD,Nord,NEET_I,Incidenza dei giovani Neet di 15-34 anni (non occupati e non in istruzione),9,Totale,Y15-34,15-34 anni,11,Laurea e post-laurea,2023,8.472726,,
A,Annuale,ITCD,Nord,NEET_I,Incidenza dei giovani Neet di 15-34 anni (non occupati e non in istruzione),9,Totale,Y15-34,15-34 anni,11,Laurea e post-laurea,2024,7.258755,,
A,Annuale,ITCD,Nord,NEET_I,Incidenza dei giovani Neet di 15-34 anni (non occupati e non in istruzione),9,Totale,Y15-34,15-34 anni,99,Totale,2023,11.728356,,
A,Annuale,ITCD,Nord,NEET_I,Incidenza dei giovani Neet di 15-34 anni (non occupati e non in istruzione),9,Totale,Y15-34,15-34 anni,99,Totale,2024,10.949395,,
A,Annuale,ITC,Nord-ovest,NEET_I,Incidenza dei giovani Neet di 15-34 anni (non occupati e non in istruzione),1,Maschi,Y15-24,15-24 anni,13,'Nessun titolo di studio, licenza di scuola elementare e media',2023,6.990615,,
A,Annuale,ITC,Nord-ovest,NEET_I,Incidenza dei giovani Neet di 15-34 anni (non occupati e non in istruzione),1,Maschi,Y15-24,15-24 anni,13,'Nessun titolo di studio, licenza di scuola elementare e media',2024,5.985226,,
A,Annuale,ITC,Nord-ovest,NEET_I,Incidenza dei giovani Neet di 15-34 anni (non occupati e non in istruzione),1,Maschi,Y15-24,15-24 anni,7,Diploma,2023,12.226146,,
A,Annuale,ITC,Nord-ovest,NEET_I,Incidenza dei giovani Neet di 15-34 anni (non occupati e non in istruzione),1,Maschi,Y15-24,15-24 anni,7,Diploma,2024,12.126349,,
A,Annuale,ITC,Nord-ovest,NEET_I,Incidenza dei giovani Neet di 15-34 anni (non occupati e non in istruzione),1,Maschi,Y15-24,15-24 anni,11,Laurea e post-laurea,2023,6.539063,,
A,Annuale,ITC,Nord-ovest,NEET_I,Incidenza dei giovani Neet di 15-34 anni (non occupati e non in istruzione),1,Maschi,Y15-24,15-24 anni,11,Laurea e post-laurea,2024,10.64047,,
A,Annuale,ITC,Nord-ovest,NEET_I,Incidenza dei giovani Neet di 15-34 anni (non occupati e non in istruzione),1,Maschi,Y15-24,15-24 anni,99,Totale,2023,9.33051,,
A,Annuale,ITC,Nord-ovest,NEET_I,Incidenza dei giovani Neet di 15-34 anni (non occupati e non in istruzione),1,Maschi,Y15-24,15-24 anni,99,Totale,2024,8.949513,,
A,Annuale,ITC,Nord-ovest,NEET_I,Incidenza dei giovani Neet di 15-34 anni (non occupati e non in istruzione),1,Maschi,Y18-29,18-29 anni,13,'Nessun titolo di studio, licenza di scuola elementare e media',2023,15.561767,,
A,Annuale,ITC,Nord-ovest,NEET_I,Incidenza dei giovani Neet di 15-34 anni (non occupati e non in istruzione),1,Maschi,Y18-29,18-29 anni,13,'Nessun titolo di studio, licenza di scuola elementare e media',2024,12.755297,,
A,Annuale,ITC,Nord-ovest,NEET_I,Incidenza dei giovani Neet di 15-34 anni (non occupati e non in istruzione),1,Maschi,Y18-29,18-29 anni,7,Diploma,2023,9.964539,,
A,Annuale,ITC,Nord-ovest,NEET_I,Incidenza dei giovani Neet di 15-34 anni (non occupati e non in istruzione),1,Maschi,Y18-29,18-29 anni,7,Diploma,2024,10.670583,,
A,Annuale,ITC,Nord-ovest,NEET_I,Incidenza dei giovani Neet di 15-34 anni (non occupati e non in istruzione),1,Maschi,Y18-29,18-29 anni,11,Laurea e post-laurea,2023,7.522662,,
A,Annuale,ITC,Nord-ovest,NEET_I,Incidenza dei giovani Neet di 15-34 anni (non occupati e non in istruzione),1,Maschi,Y18-29,18-29 anni,11,Laurea e post-laurea,2024,8.49372,,
A,Annuale,ITC,Nord-ovest,NEET_I,Incidenza dei giovani Neet di 15-34 anni (non occupati e non in istruzione),1,Maschi,Y18-29,18-29 anni,99,Totale,2023,10.908931,,
A,Annuale,ITC,Nord-ovest,NEET_I,Incidenza dei giovani Neet di 15-34 anni (non occupati e non in istruzione),1,Maschi,Y18-29,18-29 anni,99,Totale,2024,10.852541,,
A,Annuale,ITC,Nord-ovest,NEET_I,Incidenza dei giovani Neet di 15-34 anni (non occupati e non in istruzione),1,Maschi,Y15-29,15-29 anni,13,'Nessun titolo di studio, licenza di scuola elementare e media',2023,8.800856,,
A,Annuale,ITC,Nord-ovest,NEET_I,Incidenza dei giovani Neet di 15-34 anni (non occupati e non in istruzione),1,Maschi,Y15-29,15-29 anni,13,'Nessun titolo di studio, licenza di scuola elementare e media',2024,7.264155,,
A,Annuale,ITC,Nord-ovest,NEET_I,Incidenza dei giovani Neet di 15-34 anni (non occupati e non in istruzione),1,Maschi,Y15-29,15-29 anni,7,Diploma,2023,10.398558,,
A,Annuale,ITC,Nord-ovest,NEET_I,Incidenza dei giovani Neet di 15-34 anni (non occupati e non in istruzione),1,Maschi,Y15-29,15-29 anni,7,Diploma,2024,10.875814,,
A,Annuale,ITC,Nord-ovest,NEET_I,Incidenza dei giovani Neet di 15-34 anni (non occupati e non in istruzione),1,Maschi,Y15-29,15-29 anni,11,Laurea e post-laurea,2023,7.522662,,
A,Annuale,ITC,Nord-ovest,NEET_I,Incidenza dei giovani Neet di 15-34 anni (non occupati e non in istruzione),1,Maschi,Y15-29,15-29 anni,11,Laurea e post-laurea,2024,8.49372,,
A,Annuale,ITC,Nord-ovest,NEET_I,Incidenza dei giovani Neet di 15-34 anni (non occupati e non in istruzione),1,Maschi,Y15-29,15-29 anni,99,Totale,2023,9.390083,,
A,Annuale,ITC,Nord-ovest,NEET_I,Incidenza dei giovani Neet di 15-34 anni (non occupati e non in istruzione),1,Maschi,Y15-29,15-29 anni,99,Totale,2024,9.171537,,
A,Annuale,ITC,Nord-ovest,NEET_I,Incidenza dei giovani Neet di 15-34 anni (non occupati e non in istruzione),1,Maschi,Y15-34,15-34 anni,13,'Nessun titolo di studio, licenza di scuola elementare e media',2023,9.619026,,
A,Annuale,ITC,Nord-ovest,NEET_I,Incidenza dei giovani Neet di 15-34 anni (non occupati e non in istruzione),1,Maschi,Y15-34,15-34 anni,13,'Nessun titolo di studio, licenza di scuola elementare e media',2024,9.060275,,
A,Annuale,ITC,Nord-ovest,NEET_I,Incidenza dei giovani Neet di 15-34 anni (non occupati e non in istruzione),1,Maschi,Y15-34,15-34 anni,7,Diploma,2023,9.153602,,
A,Annuale,ITC,Nord-ovest,NEET_I,Incidenza dei giovani Neet di 15-34 anni (non occupati e non in istruzione),1,Maschi,Y15-34,15-34 anni,7,Diploma,2024,9.581101,,
A,Annuale,ITC,Nord-ovest,NEET_I,Incidenza dei giovani Neet di 15-34 anni (non occupati e non in istruzione),1,Maschi,Y15-34,15-34 anni,11,Laurea e post-laurea,2023,6.473339,,
A,Annuale,ITC,Nord-ovest,NEET_I,Incidenza dei giovani Neet di 15-34 anni (non occupati e non in istruzione),1,Maschi,Y15-34,15-34 anni,11,Laurea e post-laurea,2024,6.282189,,
A,Annuale,ITC,Nord-ovest,NEET_I,Incidenza dei giovani Neet di 15-34 anni (non occupati e non in istruzione),1,Maschi,Y15-34,15-34 anni,99,Totale,2023,8.871527,,
A,Annuale,ITC,Nord-ovest,NEET_I,Incidenza dei giovani Neet di 15-34 anni (non occupati e non in istruzione),1,Maschi,Y15-34,15-34 anni,99,Totale,2024,8.889866,,
A,Annuale,ITC,Nord-ovest,NEET_I,Incidenza dei giovani Neet di 15-34 anni (non occupati e non in istruzione),2,Femmine,Y15-24,15-24 anni,13,'Nessun titolo di studio, licenza di scuola elementare e media',2023,5.45224,,
A,Annuale,ITC,Nord-ovest,NEET_I,Incidenza dei giovani Neet di 15-34 anni (non occupati e non in istruzione),2,Femmine,Y15-24,15-24 anni,13,'Nessun titolo di studio, licenza di scuola elementare e media',2024,5.401736,,
A,Annuale,ITC,Nord-ovest,NEET_I,Incidenza dei giovani Neet di 15-34 anni (non occupati e non in istruzione),2,Femmine,Y15-24,15-24 anni,7,Diploma,2023,11.861393,,
A,Annuale,ITC,Nord-ovest,NEET_I,Incidenza dei giovani Neet di 15-34 anni (non occupati e non in istruzione),2,Femmine,Y15-24,15-24 anni,7,Diploma,2024,13.10424,,
A,Annuale,ITC,Nord-ovest,NEET_I,Incidenza dei giovani Neet di 15-34 anni (non occupati e non in istruzione),2,Femmine,Y15-24,15-24 anni,11,Laurea e post-laurea,2023,8.014714,,
A,Annuale,ITC,Nord-ovest,NEET_I,Incidenza dei giovani Neet di 15-34 anni (non occupati e non in istruzione),2,Femmine,Y15-24,15-24 anni,11,Laurea e post-laurea,2024,9.358773,,
A,Annuale,ITC,Nord-ovest,NEET_I,Incidenza dei giovani Neet di 15-34 anni (non occupati e non in istruzione),2,Femmine,Y15-24,15-24 anni,99,Totale,2023,8.56025,,
A,Annuale,ITC,Nord-ovest,NEET_I,Incidenza dei giovani Neet di 15-34 anni (non occupati e non in istruzione),2,Femmine,Y15-24,15-24 anni,99,Totale,2024,9.218544,,
A,Annuale,ITC,Nord-ovest,NEET_I,Incidenza dei giovani Neet di 15-34 anni (non occupati e non in istruzione),2,Femmine,Y18-29,18-29 anni,13,'Nessun titolo di studio, licenza di scuola elementare e media',2023,23.899596,,
A,Annuale,ITC,Nord-ovest,NEET_I,Incidenza dei giovani Neet di 15-34 anni (non occupati e non in istruzione),2,Femmine,Y18-29,18-29 anni,13,'Nessun titolo di studio, licenza di scuola elementare e media',2024,20.316718,,
A,Annuale,ITC,Nord-ovest,NEET_I,Incidenza dei giovani Neet di 15-34 anni (non occupati e non in istruzione),2,Femmine,Y18-29,18-29 anni,7,Diploma,2023,14.698544,,
A,Annuale,ITC,Nord-ovest,NEET_I,Incidenza dei giovani Neet di 15-34 anni (non occupati e non in istruzione),2,Femmine,Y18-29,18-29 anni,7,Diploma,2024,13.952059,,
A,Annuale,ITC,Nord-ovest,NEET_I,Incidenza dei giovani Neet di 15-34 anni (non occupati e non in istruzione),2,Femmine,Y18-29,18-29 anni,11,Laurea e post-laurea,2023,9.969379,,
A,Annuale,ITC,Nord-ovest,NEET_I,Incidenza dei giovani Neet di 15-34 anni (non occupati e non in istruzione),2,Femmine,Y18-29,18-29 anni,11,Laurea e post-laurea,2024,7.800374,,
A,Annuale,ITC,Nord-ovest,NEET_I,Incidenza dei giovani Neet di 15-34 anni (non occupati e non in istruzione),2,Femmine,Y18-29,18-29 anni,99,Totale,2023,15.332901,,
A,Annuale,ITC,Nord-ovest,NEET_I,Incidenza dei giovani Neet di 15-34 anni (non occupati e non in istruzione),2,Femmine,Y18-29,18-29 anni,99,Totale,2024,13.604557,,
A,Annuale,ITC,Nord-ovest,NEET_I,Incidenza dei giovani Neet di 15-34 anni (non occupati e non in istruzione),2,Femmine,Y15-29,15-29 anni,13,'Nessun titolo di studio, licenza di scuola elementare e media',2023,11.345283,,
A,Annuale,ITC,Nord-ovest,NEET_I,Incidenza dei giovani Neet di 15-34 anni (non occupati e non in istruzione),2,Femmine,Y15-29,15-29 anni,13,'Nessun titolo di studio, licenza di scuola elementare e media',2024,9.810851,,
A,Annuale,ITC,Nord-ovest,NEET_I,Incidenza dei giovani Neet di 15-34 anni (non occupati e non in istruzione),2,Femmine,Y15-29,15-29 anni,7,Diploma,2023,14.861828,,
A,Annuale,ITC,Nord-ovest,NEET_I,Incidenza dei giovani Neet di 15-34 anni (non occupati e non in istruzione),2,Femmine,Y15-29,15-29 anni,7,Diploma,2024,13.97171,,
A,Annuale,ITC,Nord-ovest,NEET_I,Incidenza dei giovani Neet di 15-34 anni (non occupati e non in istruzione),2,Femmine,Y15-29,15-29 anni,11,Laurea e post-laurea,2023,9.969379,,
A,Annuale,ITC,Nord-ovest,NEET_I,Incidenza dei giovani Neet di 15-34 anni (non occupati e non in istruzione),2,Femmine,Y15-29,15-29 anni,11,Laurea e post-laurea,2024,7.800374,,
A,Annuale,ITC,Nord-ovest,NEET_I,Incidenza dei giovani Neet di 15-34 anni (non occupati e non in istruzione),2,Femmine,Y15-29,15-29 anni,99,Totale,2023,12.677932,,
A,Annuale,ITC,Nord-ovest,NEET_I,Incidenza dei giovani Neet di 15-34 anni (non occupati e non in istruzione),2,Femmine,Y15-29,15-29 anni,99,Totale,2024,11.294924,,
A,Annuale,ITC,Nord-ovest,NEET_I,Incidenza dei giovani Neet di 15-34 anni (non occupati e non in istruzione),2,Femmine,Y15-34,15-34 anni,13,'Nessun titolo di studio, licenza di scuola elementare e media',2023,16.279008,,
A,Annuale,ITC,Nord-ovest,NEET_I,Incidenza dei giovani Neet di 15-34 anni (non occupati e non in istruzione),2,Femmine,Y15-34,15-34 anni,13,'Nessun titolo di studio, licenza di scuola elementare e media',2024,15.535679,,
A,Annuale,ITC,Nord-ovest,NEET_I,Incidenza dei giovani Neet di 15-34 anni (non occupati e non in istruzione),2,Femmine,Y15-34,15-34 anni,7,Diploma,2023,17.831639,,
A,Annuale,ITC,Nord-ovest,NEET_I,Incidenza dei giovani Neet di 15-34 anni (non occupati e non in istruzione),2,Femmine,Y15-34,15-34 anni,7,Diploma,2024,16.619169,,
A,Annuale,ITC,Nord-ovest,NEET_I,Incidenza dei giovani Neet di 15-34 anni (non occupati e non in istruzione),2,Femmine,Y15-34,15-34 anni,11,Laurea e post-laurea,2023,9.201918,,
A,Annuale,ITC,Nord-ovest,NEET_I,Incidenza dei giovani Neet di 15-34 anni (non occupati e non in istruzione),2,Femmine,Y15-34,15-34 anni,11,Laurea e post-laurea,2024,7.760579,,
A,Annuale,ITC,Nord-ovest,NEET_I,Incidenza dei giovani Neet di 15-34 anni (non occupati e non in istruzione),2,Femmine,Y15-34,15-34 anni,99,Totale,2023,15.257971,,
A,Annuale,ITC,Nord-ovest,NEET_I,Incidenza dei giovani Neet di 15-34 anni (non occupati e non in istruzione),2,Femmine,Y15-34,15-34 anni,99,Totale,2024,14.032617,,
A,Annuale,ITC,Nord-ovest,NEET_I,Incidenza dei giovani Neet di 15-34 anni (non occupati e non in istruzione),9,Totale,Y15-24,15-24 anni,13,'Nessun titolo di studio, licenza di scuola elementare e media',2023,6.276932,,
A,Annuale,ITC,Nord-ovest,NEET_I,Incidenza dei giovani Neet di 15-34 anni (non occupati e non in istruzione),9,Totale,Y15-24,15-24 anni,13,'Nessun titolo di studio, licenza di scuola elementare e media',2024,5.717237,,
A,Annuale,ITC,Nord-ovest,NEET_I,Incidenza dei giovani Neet di 15-34 anni (non occupati e non in istruzione),9,Totale,Y15-24,15-24 anni,7,Diploma,2023,12.050292,,
A,Annuale,ITC,Nord-ovest,NEET_I,Incidenza dei giovani Neet di 15-34 anni (non occupati e non in istruzione),9,Totale,Y15-24,15-24 anni,7,Diploma,2024,12.597865,,
A,Annuale,ITC,Nord-ovest,NEET_I,Incidenza dei giovani Neet di 15-34 anni (non occupati e non in istruzione),9,Totale,Y15-24,15-24 anni,11,Laurea e post-laurea,2023,7.439301,,
A,Annuale,ITC,Nord-ovest,NEET_I,Incidenza dei giovani Neet di 15-34 anni (non occupati e non in istruzione),9,Totale,Y15-24,15-24 anni,11,Laurea e post-laurea,2024,9.810698,,
A,Annuale,ITC,Nord-ovest,NEET_I,Incidenza dei giovani Neet di 15-34 anni (non occupati e non in istruzione),9,Totale,Y15-24,15-24 anni,99,Totale,2023,8.959462,,
A,Annuale,ITC,Nord-ovest,NEET_I,Incidenza dei giovani Neet di 15-34 anni (non occupati e non in istruzione),9,Totale,Y15-24,15-24 anni,99,Totale,2024,9.078886,,
A,Annuale,ITC,Nord-ovest,NEET_I,Incidenza dei giovani Neet di 15-34 anni (non occupati e non in istruzione),9,Totale,Y18-29,18-29 anni,13,'Nessun titolo di studio, licenza di scuola elementare e media',2023,19.116396,,
A,Annuale,ITC,Nord-ovest,NEET_I,Incidenza dei giovani Neet di 15-34 anni (non occupati e non in istruzione),9,Totale,Y18-29,18-29 anni,13,'Nessun titolo di studio, licenza di scuola elementare e media',2024,15.877906,,
A,Annuale,ITC,Nord-ovest,NEET_I,Incidenza dei giovani Neet di 15-34 anni (non occupati e non in istruzione),9,Totale,Y18-29,18-29 anni,7,Diploma,2023,12.196943,,
A,Annuale,ITC,Nord-ovest,NEET_I,Incidenza dei giovani Neet di 15-34 anni (non occupati e non in istruzione),9,Totale,Y18-29,18-29 anni,7,Diploma,2024,12.191258,,
A,Annuale,ITC,Nord-ovest,NEET_I,Incidenza dei giovani Neet di 15-34 anni (non occupati e non in istruzione),9,Totale,Y18-29,18-29 anni,11,Laurea e post-laurea,2023,8.9221,,
A,Annuale,ITC,Nord-ovest,NEET_I,Incidenza dei giovani Neet di 15-34 anni (non occupati e non in istruzione),9,Totale,Y18-29,18-29 anni,11,Laurea e post-laurea,2024,8.074732,,
A,Annuale,ITC,Nord-ovest,NEET_I,Incidenza dei giovani Neet di 15-34 anni (non occupati e non in istruzione),9,Totale,Y18-29,18-29 anni,99,Totale,2023,13.042068,,
A,Annuale,ITC,Nord-ovest,NEET_I,Incidenza dei giovani Neet di 15-34 anni (non occupati e non in istruzione),9,Totale,Y18-29,18-29 anni,99,Totale,2024,12.174653,,
A,Annuale,ITC,Nord-ovest,NEET_I,Incidenza dei giovani Neet di 15-34 anni (non occupati e non in istruzione),9,Totale,Y15-29,15-29 anni,13,'Nessun titolo di studio, licenza di scuola elementare e media',2023,9.965471,,
A,Annuale,ITC,Nord-ovest,NEET_I,Incidenza dei giovani Neet di 15-34 anni (non occupati e non in istruzione),9,Totale,Y15-29,15-29 anni,13,'Nessun titolo di studio, licenza di scuola elementare e media',2024,8.412246,,
A,Annuale,ITC,Nord-ovest,NEET_I,Incidenza dei giovani Neet di 15-34 anni (non occupati e non in istruzione),9,Totale,Y15-29,15-29 anni,7,Diploma,2023,12.498873,,
A,Annuale,ITC,Nord-ovest,NEET_I,Incidenza dei giovani Neet di 15-34 anni (non occupati e non in istruzione),9,Totale,Y15-29,15-29 anni,7,Diploma,2024,12.309101,,
A,Annuale,ITC,Nord-ovest,NEET_I,Incidenza dei giovani Neet di 15-34 anni (non occupati e non in istruzione),9,Totale,Y15-29,15-29 anni,11,Laurea e post-laurea,2023,8.9221,,
A,Annuale,ITC,Nord-ovest,NEET_I,Incidenza dei giovani Neet di 15-34 anni (non occupati e non in istruzione),9,Totale,Y15-29,15-29 anni,11,Laurea e post-laurea,2024,8.074732,,
A,Annuale,ITC,Nord-ovest,NEET_I,Incidenza dei giovani Neet di 15-34 anni (non occupati e non in istruzione),9,Totale,Y15-29,15-29 anni,99,Totale,2023,10.976058,,
A,Annuale,ITC,Nord-ovest,NEET_I,Incidenza dei giovani Neet di 15-34 anni (non occupati e non in istruzione),9,Totale,Y15-29,15-29 anni,99,Totale,2024,10.192678,,
A,Annuale,ITC,Nord-ovest,NEET_I,Incidenza dei giovani Neet di 15-34 anni (non occupati e non in istruzione),9,Totale,Y15-34,15-34 anni,13,'Nessun titolo di studio, licenza di scuola elementare e media',2023,12.588276,,
A,Annuale,ITC,Nord-ovest,NEET_I,Incidenza dei giovani Neet di 15-34 anni (non occupati e non in istruzione),9,Totale,Y15-34,15-34 anni,13,'Nessun titolo di studio, licenza di scuola elementare e media',2024,11.882824,,
A,Annuale,ITC,Nord-ovest,NEET_I,Incidenza dei giovani Neet di 15-34 anni (non occupati e non in istruzione),9,Totale,Y15-34,15-34 anni,7,Diploma,2023,13.235056,,
A,Annuale,ITC,Nord-ovest,NEET_I,Incidenza dei giovani Neet di 15-34 anni (non occupati e non in istruzione),9,Totale,Y15-34,15-34 anni,7,Diploma,2024,12.831324,,
A,Annuale,ITC,Nord-ovest,NEET_I,Incidenza dei giovani Neet di 15-34 anni (non occupati e non in istruzione),9,Totale,Y15-34,15-34 anni,11,Laurea e post-laurea,2023,8.056094,,
A,Annuale,ITC,Nord-ovest,NEET_I,Incidenza dei giovani Neet di 15-34 anni (non occupati e non in istruzione),9,Totale,Y15-34,15-34 anni,11,Laurea e post-laurea,2024,7.183447,,
A,Annuale,ITC,Nord-ovest,NEET_I,Incidenza dei giovani Neet di 15-34 anni (non occupati e non in istruzione),9,Totale,Y15-34,15-34 anni,99,Totale,2023,11.967101,,
A,Annuale,ITC,Nord-ovest,NEET_I,Incidenza dei giovani Neet di 15-34 anni (non occupati e non in istruzione),9,Totale,Y15-34,15-34 anni,99,Totale,2024,11.375756,,
A,Annuale,ITD,Nord-est,NEET_I,Incidenza dei giovani Neet di 15-34 anni (non occupati e non in istruzione),1,Maschi,Y15-24,15-24 anni,13,'Nessun titolo di studio, licenza di scuola elementare e media',2023,5.73689,,
A,Annuale,ITD,Nord-est,NEET_I,Incidenza dei giovani Neet di 15-34 anni (non occupati e non in istruzione),1,Maschi,Y15-24,15-24 anni,13,'Nessun titolo di studio, licenza di scuola elementare e media',2024,4.921018,,
A,Annuale,ITD,Nord-est,NEET_I,Incidenza dei giovani Neet di 15-34 anni (non occupati e non in istruzione),1,Maschi,Y15-24,15-24 anni,7,Diploma,2023,10.224702,,
A,Annuale,ITD,Nord-est,NEET_I,Incidenza dei giovani Neet di 15-34 anni (non occupati e non in istruzione),1,Maschi,Y15-24,15-24 anni,7,Diploma,2024,8.496371,,
A,Annuale,ITD,Nord-est,NEET_I,Incidenza dei giovani Neet di 15-34 anni (non occupati e non in istruzione),1,Maschi,Y15-24,15-24 anni,11,Laurea e post-laurea,2023,11.636149,,
A,Annuale,ITD,Nord-est,NEET_I,Incidenza dei giovani Neet di 15-34 anni (non occupati e non in istruzione),1,Maschi,Y15-24,15-24 anni,11,Laurea e post-laurea,2024,7.381157,,
A,Annuale,ITD,Nord-est,NEET_I,Incidenza dei giovani Neet di 15-34 anni (non occupati e non in istruzione),1,Maschi,Y15-24,15-24 anni,99,Totale,2023,8.090193,,
A,Annuale,ITD,Nord-est,NEET_I,Incidenza dei giovani Neet di 15-34 anni (non occupati e non in istruzione),1,Maschi,Y15-24,15-24 anni,99,Totale,2024,6.643453,,
A,Annuale,ITD,Nord-est,NEET_I,Incidenza dei giovani Neet di 15-34 anni (non occupati e non in istruzione),1,Maschi,Y18-29,18-29 anni,13,'Nessun titolo di studio, licenza di scuola elementare e media',2023,12.664551,,
A,Annuale,ITD,Nord-est,NEET_I,Incidenza dei giovani Neet di 15-34 anni (non occupati e non in istruzione),1,Maschi,Y18-29,18-29 anni,13,'Nessun titolo di studio, licenza di scuola elementare e media',2024,11.118608,,
A,Annuale,ITD,Nord-est,NEET_I,Incidenza dei giovani Neet di 15-34 anni (non occupati e non in istruzione),1,Maschi,Y18-29,18-29 anni,7,Diploma,2023,8.828126,,
A,Annuale,ITD,Nord-est,NEET_I,Incidenza dei giovani Neet di 15-34 anni (non occupati e non in istruzione),1,Maschi,Y18-29,18-29 anni,7,Diploma,2024,7.406502,,
A,Annuale,ITD,Nord-est,NEET_I,Incidenza dei giovani Neet di 15-34 anni (non occupati e non in istruzione),1,Maschi,Y18-29,18-29 anni,11,Laurea e post-laurea,2023,8.388513,,
A,Annuale,ITD,Nord-est,NEET_I,Incidenza dei giovani Neet di 15-34 anni (non occupati e non in istruzione),1,Maschi,Y18-29,18-29 anni,11,Laurea e post-laurea,2024,7.75576,,
A,Annuale,ITD,Nord-est,NEET_I,Incidenza dei giovani Neet di 15-34 anni (non occupati e non in istruzione),1,Maschi,Y18-29,18-29 anni,99,Totale,2023,9.636848,,
A,Annuale,ITD,Nord-est,NEET_I,Incidenza dei giovani Neet di 15-34 anni (non occupati e non in istruzione),1,Maschi,Y18-29,18-29 anni,99,Totale,2024,8.336477,,
A,Annuale,ITD,Nord-est,NEET_I,Incidenza dei giovani Neet di 15-34 anni (non occupati e non in istruzione),1,Maschi,Y15-29,15-29 anni,13,'Nessun titolo di studio, licenza di scuola elementare e media',2023,6.502418,,
A,Annuale,ITD,Nord-est,NEET_I,Incidenza dei giovani Neet di 15-34 anni (non occupati e non in istruzione),1,Maschi,Y15-29,15-29 anni,13,'Nessun titolo di studio, licenza di scuola elementare e media',2024,5.923758,,
A,Annuale,ITD,Nord-est,NEET_I,Incidenza dei giovani Neet di 15-34 anni (non occupati e non in istruzione),1,Maschi,Y15-29,15-29 anni,7,Diploma,2023,8.826302,,
A,Annuale,ITD,Nord-est,NEET_I,Incidenza dei giovani Neet di 15-34 anni (non occupati e non in istruzione),1,Maschi,Y15-29,15-29 anni,7,Diploma,2024,7.460554,,
A,Annuale,ITD,Nord-est,NEET_I,Incidenza dei giovani Neet di 15-34 anni (non occupati e non in istruzione),1,Maschi,Y15-29,15-29 anni,11,Laurea e post-laurea,2023,8.388513,,
A,Annuale,ITD,Nord-est,NEET_I,Incidenza dei giovani Neet di 15-34 anni (non occupati e non in istruzione),1,Maschi,Y15-29,15-29 anni,11,Laurea e post-laurea,2024,7.75576,,
A,Annuale,ITD,Nord-est,NEET_I,Incidenza dei giovani Neet di 15-34 anni (non occupati e non in istruzione),1,Maschi,Y15-29,15-29 anni,99,Totale,2023,7.888052,,
A,Annuale,ITD,Nord-est,NEET_I,Incidenza dei giovani Neet di 15-34 anni (non occupati e non in istruzione),1,Maschi,Y15-29,15-29 anni,99,Totale,2024,6.910512,,
A,Annuale,ITD,Nord-est,NEET_I,Incidenza dei giovani Neet di 15-34 anni (non occupati e non in istruzione),1,Maschi,Y15-34,15-34 anni,13,'Nessun titolo di studio, licenza di scuola elementare e media',2023,6.721844,,
A,Annuale,ITD,Nord-est,NEET_I,Incidenza dei giovani Neet di 15-34 anni (non occupati e non in istruzione),1,Maschi,Y15-34,15-34 anni,13,'Nessun titolo di studio, licenza di scuola elementare e media',2024,6.294149,,
A,Annuale,ITD,Nord-est,NEET_I,Incidenza dei giovani Neet di 15-34 anni (non occupati e non in istruzione),1,Maschi,Y15-34,15-34 anni,7,Diploma,2023,8.469997,,
A,Annuale,ITD,Nord-est,NEET_I,Incidenza dei giovani Neet di 15-34 anni (non occupati e non in istruzione),1,Maschi,Y15-34,15-34 anni,7,Diploma,2024,7.178645,,
A,Annuale,ITD,Nord-est,NEET_I,Incidenza dei giovani Neet di 15-34 anni (non occupati e non in istruzione),1,Maschi,Y15-34,15-34 anni,11,Laurea e post-laurea,2023,6.409425,,
A,Annuale,ITD,Nord-est,NEET_I,Incidenza dei giovani Neet di 15-34 anni (non occupati e non in istruzione),1,Maschi,Y15-34,15-34 anni,11,Laurea e post-laurea,2024,5.611043,,
A,Annuale,ITD,Nord-est,NEET_I,Incidenza dei giovani Neet di 15-34 anni (non occupati e non in istruzione),1,Maschi,Y15-34,15-34 anni,99,Totale,2023,7.571757,,
A,Annuale,ITD,Nord-est,NEET_I,Incidenza dei giovani Neet di 15-34 anni (non occupati e non in istruzione),1,Maschi,Y15-34,15-34 anni,99,Totale,2024,6.609737,,
A,Annuale,ITD,Nord-est,NEET_I,Incidenza dei giovani Neet di 15-34 anni (non occupati e non in istruzione),2,Femmine,Y15-24,15-24 anni,13,'Nessun titolo di studio, licenza di scuola elementare e media',2023,6.545449,,
A,Annuale,ITD,Nord-est,NEET_I,Incidenza dei giovani Neet di 15-34 anni (non occupati e non in istruzione),2,Femmine,Y15-24,15-24 anni,13,'Nessun titolo di studio, licenza di scuola elementare e media',2024,5.820651,,
A,Annuale,ITD,Nord-est,NEET_I,Incidenza dei giovani Neet di 15-34 anni (non occupati e non in istruzione),2,Femmine,Y15-24,15-24 anni,7,Diploma,2023,11.63679,,
A,Annuale,ITD,Nord-est,NEET_I,Incidenza dei giovani Neet di 15-34 anni (non occupati e non in istruzione),2,Femmine,Y15-24,15-24 anni,7,Diploma,2024,10.580047,,
A,Annuale,ITD,Nord-est,NEET_I,Incidenza dei giovani Neet di 15-34 anni (non occupati e non in istruzione),2,Femmine,Y15-24,15-24 anni,11,Laurea e post-laurea,2023,8.827352,,
A,Annuale,ITD,Nord-est,NEET_I,Incidenza dei giovani Neet di 15-34 anni (non occupati e non in istruzione),2,Femmine,Y15-24,15-24 anni,11,Laurea e post-laurea,2024,6.261172,,
A,Annuale,ITD,Nord-est,NEET_I,Incidenza dei giovani Neet di 15-34 anni (non occupati e non in istruzione),2,Femmine,Y15-24,15-24 anni,99,Totale,2023,9.055976,,
A,Annuale,ITD,Nord-est,NEET_I,Incidenza dei giovani Neet di 15-34 anni (non occupati e non in istruzione),2,Femmine,Y15-24,15-24 anni,99,Totale,2024,7.969141,,
A,Annuale,ITD,Nord-est,NEET_I,Incidenza dei giovani Neet di 15-34 anni (non occupati e non in istruzione),2,Femmine,Y18-29,18-29 anni,13,'Nessun titolo di studio, licenza di scuola elementare e media',2023,25.217075,,
A,Annuale,ITD,Nord-est,NEET_I,Incidenza dei giovani Neet di 15-34 anni (non occupati e non in istruzione),2,Femmine,Y18-29,18-29 anni,13,'Nessun titolo di studio, licenza di scuola elementare e media',2024,24.102549,,
A,Annuale,ITD,Nord-est,NEET_I,Incidenza dei giovani Neet di 15-34 anni (non occupati e non in istruzione),2,Femmine,Y18-29,18-29 anni,7,Diploma,2023,15.317152,,
A,Annuale,ITD,Nord-est,NEET_I,Incidenza dei giovani Neet di 15-34 anni (non occupati e non in istruzione),2,Femmine,Y18-29,18-29 anni,7,Diploma,2024,13.543222,,
A,Annuale,ITD,Nord-est,NEET_I,Incidenza dei giovani Neet di 15-34 anni (non occupati e non in istruzione),2,Femmine,Y18-29,18-29 anni,11,Laurea e post-laurea,2023,12.006809,,
A,Annuale,ITD,Nord-est,NEET_I,Incidenza dei giovani Neet di 15-34 anni (non occupati e non in istruzione),2,Femmine,Y18-29,18-29 anni,11,Laurea e post-laurea,2024,7.729466,,
A,Annuale,ITD,Nord-est,NEET_I,Incidenza dei giovani Neet di 15-34 anni (non occupati e non in istruzione),2,Femmine,Y18-29,18-29 anni,99,Totale,2023,16.41965,,
A,Annuale,ITD,Nord-est,NEET_I,Incidenza dei giovani Neet di 15-34 anni (non occupati e non in istruzione),2,Femmine,Y18-29,18-29 anni,99,Totale,2024,14.257346,,
A,Annuale,ITD,Nord-est,NEET_I,Incidenza dei giovani Neet di 15-34 anni (non occupati e non in istruzione),2,Femmine,Y15-29,15-29 anni,13,'Nessun titolo di studio, licenza di scuola elementare e media',2023,11.719556,,
A,Annuale,ITD,Nord-est,NEET_I,Incidenza dei giovani Neet di 15-34 anni (non occupati e non in istruzione),2,Femmine,Y15-29,15-29 anni,13,'Nessun titolo di studio, licenza di scuola elementare e media',2024,11.47716,,
A,Annuale,ITD,Nord-est,NEET_I,Incidenza dei giovani Neet di 15-34 anni (non occupati e non in istruzione),2,Femmine,Y15-29,15-29 anni,7,Diploma,2023,15.333292,,
A,Annuale,ITD,Nord-est,NEET_I,Incidenza dei giovani Neet di 15-34 anni (non occupati e non in istruzione),2,Femmine,Y15-29,15-29 anni,7,Diploma,2024,13.617267,,
A,Annuale,ITD,Nord-est,NEET_I,Incidenza dei giovani Neet di 15-34 anni (non occupati e non in istruzione),2,Femmine,Y15-29,15-29 anni,11,Laurea e post-laurea,2023,12.006809,,
A,Annuale,ITD,Nord-est,NEET_I,Incidenza dei giovani Neet di 15-34 anni (non occupati e non in istruzione),2,Femmine,Y15-29,15-29 anni,11,Laurea e post-laurea,2024,7.729466,,
A,Annuale,ITD,Nord-est,NEET_I,Incidenza dei giovani Neet di 15-34 anni (non occupati e non in istruzione),2,Femmine,Y15-29,15-29 anni,99,Totale,2023,13.433277,,
A,Annuale,ITD,Nord-est,NEET_I,Incidenza dei giovani Neet di 15-34 anni (non occupati e non in istruzione),2,Femmine,Y15-29,15-29 anni,99,Totale,2024,11.698034,,
A,Annuale,ITD,Nord-est,NEET_I,Incidenza dei giovani Neet di 15-34 anni (non occupati e non in istruzione),2,Femmine,Y15-34,15-34 anni,13,'Nessun titolo di studio, licenza di scuola elementare e media',2023,15.334242,,
A,Annuale,ITD,Nord-est,NEET_I,Incidenza dei giovani Neet di 15-34 anni (non occupati e non in istruzione),2,Femmine,Y15-34,15-34 anni,13,'Nessun titolo di studio, licenza di scuola elementare e media',2024,16.113842,,
A,Annuale,ITD,Nord-est,NEET_I,Incidenza dei giovani Neet di 15-34 anni (non occupati e non in istruzione),2,Femmine,Y15-34,15-34 anni,7,Diploma,2023,18.126599,,
A,Annuale,ITD,Nord-est,NEET_I,Incidenza dei giovani Neet di 15-34 anni (non occupati e non in istruzione),2,Femmine,Y15-34,15-34 anni,7,Diploma,2024,16.68714,,
A,Annuale,ITD,Nord-est,NEET_I,Incidenza dei giovani Neet di 15-34 anni (non occupati e non in istruzione),2,Femmine,Y15-34,15-34 anni,11,Laurea e post-laurea,2023,10.766712,,
A,Annuale,ITD,Nord-est,NEET_I,Incidenza dei giovani Neet di 15-34 anni (non occupati e non in istruzione),2,Femmine,Y15-34,15-34 anni,11,Laurea e post-laurea,2024,8.574678,,
A,Annuale,ITD,Nord-est,NEET_I,Incidenza dei giovani Neet di 15-34 anni (non occupati e non in istruzione),2,Femmine,Y15-34,15-34 anni,99,Totale,2023,15.478105,,
A,Annuale,ITD,Nord-est,NEET_I,Incidenza dei giovani Neet di 15-34 anni (non occupati e non in istruzione),2,Femmine,Y15-34,15-34 anni,99,Totale,2024,14.380584,,
A,Annuale,ITD,Nord-est,NEET_I,Incidenza dei giovani Neet di 15-34 anni (non occupati e non in istruzione),9,Totale,Y15-24,15-24 anni,13,'Nessun titolo di studio, licenza di scuola elementare e media',2023,6.11374,,
A,Annuale,ITD,Nord-est,NEET_I,Incidenza dei giovani Neet di 15-34 anni (non occupati e non in istruzione),9,Totale,Y15-24,15-24 anni,13,'Nessun titolo di studio, licenza di scuola elementare e media',2024,5.344092,,
A,Annuale,ITD,Nord-est,NEET_I,Incidenza dei giovani Neet di 15-34 anni (non occupati e non in istruzione),9,Totale,Y15-24,15-24 anni,7,Diploma,2023,10.91004,,
A,Annuale,ITD,Nord-est,NEET_I,Incidenza dei giovani Neet di 15-34 anni (non occupati e non in istruzione),9,Totale,Y15-24,15-24 anni,7,Diploma,2024,9.502556,,
A,Annuale,ITD,Nord-est,NEET_I,Incidenza dei giovani Neet di 15-34 anni (non occupati e non in istruzione),9,Totale,Y15-24,15-24 anni,11,Laurea e post-laurea,2023,10.02804,,
A,Annuale,ITD,Nord-est,NEET_I,Incidenza dei giovani Neet di 15-34 anni (non occupati e non in istruzione),9,Totale,Y15-24,15-24 anni,11,Laurea e post-laurea,2024,6.760221,,
A,Annuale,ITD,Nord-est,NEET_I,Incidenza dei giovani Neet di 15-34 anni (non occupati e non in istruzione),9,Totale,Y15-24,15-24 anni,99,Totale,2023,8.555806,,
A,Annuale,ITD,Nord-est,NEET_I,Incidenza dei giovani Neet di 15-34 anni (non occupati e non in istruzione),9,Totale,Y15-24,15-24 anni,99,Totale,2024,7.281821,,
A,Annuale,ITD,Nord-est,NEET_I,Incidenza dei giovani Neet di 15-34 anni (non occupati e non in istruzione),9,Totale,Y18-29,18-29 anni,13,'Nessun titolo di studio, licenza di scuola elementare e media',2023,18.145141,,
A,Annuale,ITD,Nord-est,NEET_I,Incidenza dei giovani Neet di 15-34 anni (non occupati e non in istruzione),9,Totale,Y18-29,18-29 anni,13,'Nessun titolo di studio, licenza di scuola elementare e media',2024,16.87339,,
A,Annuale,ITD,Nord-est,NEET_I,Incidenza dei giovani Neet di 15-34 anni (non occupati e non in istruzione),9,Totale,Y18-29,18-29 anni,7,Diploma,2023,11.839914,,
A,Annuale,ITD,Nord-est,NEET_I,Incidenza dei giovani Neet di 15-34 anni (non occupati e non in istruzione),9,Totale,Y18-29,18-29 anni,7,Diploma,2024,10.245649,,
A,Annuale,ITD,Nord-est,NEET_I,Incidenza dei giovani Neet di 15-34 anni (non occupati e non in istruzione),9,Totale,Y18-29,18-29 anni,11,Laurea e post-laurea,2023,10.503685,,
A,Annuale,ITD,Nord-est,NEET_I,Incidenza dei giovani Neet di 15-34 anni (non occupati e non in istruzione),9,Totale,Y18-29,18-29 anni,11,Laurea e post-laurea,2024,7.740764,,
A,Annuale,ITD,Nord-est,NEET_I,Incidenza dei giovani Neet di 15-34 anni (non occupati e non in istruzione),9,Totale,Y18-29,18-29 anni,99,Totale,2023,12.905315,,
A,Annuale,ITD,Nord-est,NEET_I,Incidenza dei giovani Neet di 15-34 anni (non occupati e non in istruzione),9,Totale,Y18-29,18-29 anni,99,Totale,2024,11.181494,,
A,Annuale,ITD,Nord-est,NEET_I,Incidenza dei giovani Neet di 15-34 anni (non occupati e non in istruzione),9,Totale,Y15-29,15-29 anni,13,'Nessun titolo di studio, licenza di scuola elementare e media',2023,8.915423,,
A,Annuale,ITD,Nord-est,NEET_I,Incidenza dei giovani Neet di 15-34 anni (non occupati e non in istruzione),9,Totale,Y15-29,15-29 anni,13,'Nessun titolo di studio, licenza di scuola elementare e media',2024,8.505065,,
A,Annuale,ITD,Nord-est,NEET_I,Incidenza dei giovani Neet di 15-34 anni (non occupati e non in istruzione),9,Totale,Y15-29,15-29 anni,7,Diploma,2023,11.844525,,
A,Annuale,ITD,Nord-est,NEET_I,Incidenza dei giovani Neet di 15-34 anni (non occupati e non in istruzione),9,Totale,Y15-29,15-29 anni,7,Diploma,2024,10.308708,,
A,Annuale,ITD,Nord-est,NEET_I,Incidenza dei giovani Neet di 15-34 anni (non occupati e non in istruzione),9,Totale,Y15-29,15-29 anni,11,Laurea e post-laurea,2023,10.503685,,
A,Annuale,ITD,Nord-est,NEET_I,Incidenza dei giovani Neet di 15-34 anni (non occupati e non in istruzione),9,Totale,Y15-29,15-29 anni,11,Laurea e post-laurea,2024,7.740764,,
A,Annuale,ITD,Nord-est,NEET_I,Incidenza dei giovani Neet di 15-34 anni (non occupati e non in istruzione),9,Totale,Y15-29,15-29 anni,99,Totale,2023,10.5623,,
A,Annuale,ITD,Nord-est,NEET_I,Incidenza dei giovani Neet di 15-34 anni (non occupati e non in istruzione),9,Totale,Y15-29,15-29 anni,99,Totale,2024,9.214216,,
A,Annuale,ITD,Nord-est,NEET_I,Incidenza dei giovani Neet di 15-34 anni (non occupati e non in istruzione),9,Totale,Y15-34,15-34 anni,13,'Nessun titolo di studio, licenza di scuola elementare e media',2023,10.595332,,
A,Annuale,ITD,Nord-est,NEET_I,Incidenza dei giovani Neet di 15-34 anni (non occupati e non in istruzione),9,Totale,Y15-34,15-34 anni,13,'Nessun titolo di studio, licenza di scuola elementare e media',2024,10.706281,,
A,Annuale,ITD,Nord-est,NEET_I,Incidenza dei giovani Neet di 15-34 anni (non occupati e non in istruzione),9,Totale,Y15-34,15-34 anni,7,Diploma,2023,12.881757,,
A,Annuale,ITD,Nord-est,NEET_I,Incidenza dei giovani Neet di 15-34 anni (non occupati e non in istruzione),9,Totale,Y15-34,15-34 anni,7,Diploma,2024,11.531841,,
A,Annuale,ITD,Nord-est,NEET_I,Incidenza dei giovani Neet di 15-34 anni (non occupati e non in istruzione),9,Totale,Y15-34,15-34 anni,11,Laurea e post-laurea,2023,9.055629,,
A,Annuale,ITD,Nord-est,NEET_I,Incidenza dei giovani Neet di 15-34 anni (non occupati e non in istruzione),9,Totale,Y15-34,15-34 anni,11,Laurea e post-laurea,2024,7.355124,,
A,Annuale,ITD,Nord-est,NEET_I,Incidenza dei giovani Neet di 15-34 anni (non occupati e non in istruzione),9,Totale,Y15-34,15-34 anni,99,Totale,2023,11.402801,,
A,Annuale,ITD,Nord-est,NEET_I,Incidenza dei giovani Neet di 15-34 anni (non occupati e non in istruzione),9,Totale,Y15-34,15-34 anni,99,Totale,2024,10.366257,,
A,Annuale,ITE,Centro,NEET_I,Incidenza dei giovani Neet di 15-34 anni (non occupati e non in istruzione),1,Maschi,Y15-24,15-24 anni,13,'Nessun titolo di studio, licenza di scuola elementare e media',2023,5.943032,,
A,Annuale,ITE,Centro,NEET_I,Incidenza dei giovani Neet di 15-34 anni (non occupati e non in istruzione),1,Maschi,Y15-24,15-24 anni,13,'Nessun titolo di studio, licenza di scuola elementare e media',2024,6.944042,,
A,Annuale,ITE,Centro,NEET_I,Incidenza dei giovani Neet di 15-34 anni (non occupati e non in istruzione),1,Maschi,Y15-24,15-24 anni,7,Diploma,2023,14.124356,,
A,Annuale,ITE,Centro,NEET_I,Incidenza dei giovani Neet di 15-34 anni (non occupati e non in istruzione),1,Maschi,Y15-24,15-24 anni,7,Diploma,2024,13.652435,,
A,Annuale,ITE,Centro,NEET_I,Incidenza dei giovani Neet di 15-34 anni (non occupati e non in istruzione),1,Maschi,Y15-24,15-24 anni,11,Laurea e post-laurea,2023,4.997864,,
A,Annuale,ITE,Centro,NEET_I,Incidenza dei giovani Neet di 15-34 anni (non occupati e non in istruzione),1,Maschi,Y15-24,15-24 anni,11,Laurea e post-laurea,2024,11.835717,,
A,Annuale,ITE,Centro,NEET_I,Incidenza dei giovani Neet di 15-34 anni (non occupati e non in istruzione),1,Maschi,Y15-24,15-24 anni,99,Totale,2023,9.710383,,
A,Annuale,ITE,Centro,NEET_I,Incidenza dei giovani Neet di 15-34 anni (non occupati e non in istruzione),1,Maschi,Y15-24,15-24 anni,99,Totale,2024,10.278251,,
A,Annuale,ITE,Centro,NEET_I,Incidenza dei giovani Neet di 15-34 anni (non occupati e non in istruzione),1,Maschi,Y18-29,18-29 anni,13,'Nessun titolo di studio, licenza di scuola elementare e media',2023,16.069509,,
A,Annuale,ITE,Centro,NEET_I,Incidenza dei giovani Neet di 15-34 anni (non occupati e non in istruzione),1,Maschi,Y18-29,18-29 anni,13,'Nessun titolo di studio, licenza di scuola elementare e media',2024,16.245573,,
A,Annuale,ITE,Centro,NEET_I,Incidenza dei giovani Neet di 15-34 anni (non occupati e non in istruzione),1,Maschi,Y18-29,18-29 anni,7,Diploma,2023,13.521288,,
A,Annuale,ITE,Centro,NEET_I,Incidenza dei giovani Neet di 15-34 anni (non occupati e non in istruzione),1,Maschi,Y18-29,18-29 anni,7,Diploma,2024,14.414108,,
A,Annuale,ITE,Centro,NEET_I,Incidenza dei giovani Neet di 15-34 anni (non occupati e non in istruzione),1,Maschi,Y18-29,18-29 anni,11,Laurea e post-laurea,2023,10.621093,,
A,Annuale,ITE,Centro,NEET_I,Incidenza dei giovani Neet di 15-34 anni (non occupati e non in istruzione),1,Maschi,Y18-29,18-29 anni,11,Laurea e post-laurea,2024,10.166699,,
A,Annuale,ITE,Centro,NEET_I,Incidenza dei giovani Neet di 15-34 anni (non occupati e non in istruzione),1,Maschi,Y18-29,18-29 anni,99,Totale,2023,13.625356,,
A,Annuale,ITE,Centro,NEET_I,Incidenza dei giovani Neet di 15-34 anni (non occupati e non in istruzione),1,Maschi,Y18-29,18-29 anni,99,Totale,2024,14.20641,,
A,Annuale,ITE,Centro,NEET_I,Incidenza dei giovani Neet di 15-34 anni (non occupati e non in istruzione),1,Maschi,Y15-29,15-29 anni,13,'Nessun titolo di studio, licenza di scuola elementare e media',2023,8.719479,,
A,Annuale,ITE,Centro,NEET_I,Incidenza dei giovani Neet di 15-34 anni (non occupati e non in istruzione),1,Maschi,Y15-29,15-29 anni,13,'Nessun titolo di studio, licenza di scuola elementare e media',2024,8.970993,,
A,Annuale,ITE,Centro,NEET_I,Incidenza dei giovani Neet di 15-34 anni (non occupati e non in istruzione),1,Maschi,Y15-29,15-29 anni,7,Diploma,2023,13.474245,,
A,Annuale,ITE,Centro,NEET_I,Incidenza dei giovani Neet di 15-34 anni (non occupati e non in istruzione),1,Maschi,Y15-29,15-29 anni,7,Diploma,2024,14.36906,,
A,Annuale,ITE,Centro,NEET_I,Incidenza dei giovani Neet di 15-34 anni (non occupati e non in istruzione),1,Maschi,Y15-29,15-29 anni,11,Laurea e post-laurea,2023,10.621093,,
A,Annuale,ITE,Centro,NEET_I,Incidenza dei giovani Neet di 15-34 anni (non occupati e non in istruzione),1,Maschi,Y15-29,15-29 anni,11,Laurea e post-laurea,2024,10.166699,,
A,Annuale,ITE,Centro,NEET_I,Incidenza dei giovani Neet di 15-34 anni (non occupati e non in istruzione),1,Maschi,Y15-29,15-29 anni,99,Totale,2023,11.278619,,
A,Annuale,ITE,Centro,NEET_I,Incidenza dei giovani Neet di 15-34 anni (non occupati e non in istruzione),1,Maschi,Y15-29,15-29 anni,99,Totale,2024,11.794855,,
A,Annuale,ITE,Centro,NEET_I,Incidenza dei giovani Neet di 15-34 anni (non occupati e non in istruzione),1,Maschi,Y15-34,15-34 anni,13,'Nessun titolo di studio, licenza di scuola elementare e media',2023,10.082032,,
A,Annuale,ITE,Centro,NEET_I,Incidenza dei giovani Neet di 15-34 anni (non occupati e non in istruzione),1,Maschi,Y15-34,15-34 anni,13,'Nessun titolo di studio, licenza di scuola elementare e media',2024,10.333468,,
A,Annuale,ITE,Centro,NEET_I,Incidenza dei giovani Neet di 15-34 anni (non occupati e non in istruzione),1,Maschi,Y15-34,15-34 anni,7,Diploma,2023,12.227845,,
A,Annuale,ITE,Centro,NEET_I,Incidenza dei giovani Neet di 15-34 anni (non occupati e non in istruzione),1,Maschi,Y15-34,15-34 anni,7,Diploma,2024,13.506878,,
A,Annuale,ITE,Centro,NEET_I,Incidenza dei giovani Neet di 15-34 anni (non occupati e non in istruzione),1,Maschi,Y15-34,15-34 anni,11,Laurea e post-laurea,2023,8.975586,,
A,Annuale,ITE,Centro,NEET_I,Incidenza dei giovani Neet di 15-34 anni (non occupati e non in istruzione),1,Maschi,Y15-34,15-34 anni,11,Laurea e post-laurea,2024,9.257009,,
A,Annuale,ITE,Centro,NEET_I,Incidenza dei giovani Neet di 15-34 anni (non occupati e non in istruzione),1,Maschi,Y15-34,15-34 anni,99,Totale,2023,10.944371,,
A,Annuale,ITE,Centro,NEET_I,Incidenza dei giovani Neet di 15-34 anni (non occupati e non in istruzione),1,Maschi,Y15-34,15-34 anni,99,Totale,2024,11.743415,,
A,Annuale,ITE,Centro,NEET_I,Incidenza dei giovani Neet di 15-34 anni (non occupati e non in istruzione),2,Femmine,Y15-24,15-24 anni,13,'Nessun titolo di studio, licenza di scuola elementare e media',2023,3.917291,,
A,Annuale,ITE,Centro,NEET_I,Incidenza dei giovani Neet di 15-34 anni (non occupati e non in istruzione),2,Femmine,Y15-24,15-24 anni,13,'Nessun titolo di studio, licenza di scuola elementare e media',2024,5.204345,,
A,Annuale,ITE,Centro,NEET_I,Incidenza dei giovani Neet di 15-34 anni (non occupati e non in istruzione),2,Femmine,Y15-24,15-24 anni,7,Diploma,2023,13.639598,,
A,Annuale,ITE,Centro,NEET_I,Incidenza dei giovani Neet di 15-34 anni (non occupati e non in istruzione),2,Femmine,Y15-24,15-24 anni,7,Diploma,2024,12.544668,,
A,Annuale,ITE,Centro,NEET_I,Incidenza dei giovani Neet di 15-34 anni (non occupati e non in istruzione),2,Femmine,Y15-24,15-24 anni,11,Laurea e post-laurea,2023,7.644157,,
A,Annuale,ITE,Centro,NEET_I,Incidenza dei giovani Neet di 15-34 anni (non occupati e non in istruzione),2,Femmine,Y15-24,15-24 anni,11,Laurea e post-laurea,2024,11.539241,,
A,Annuale,ITE,Centro,NEET_I,Incidenza dei giovani Neet di 15-34 anni (non occupati e non in istruzione),2,Femmine,Y15-24,15-24 anni,99,Totale,2023,8.81844,,
A,Annuale,ITE,Centro,NEET_I,Incidenza dei giovani Neet di 15-34 anni (non occupati e non in istruzione),2,Femmine,Y15-24,15-24 anni,99,Totale,2024,9.079416,,
A,Annuale,ITE,Centro,NEET_I,Incidenza dei giovani Neet di 15-34 anni (non occupati e non in istruzione),2,Femmine,Y18-29,18-29 anni,13,'Nessun titolo di studio, licenza di scuola elementare e media',2023,25.370952,,
A,Annuale,ITE,Centro,NEET_I,Incidenza dei giovani Neet di 15-34 anni (non occupati e non in istruzione),2,Femmine,Y18-29,18-29 anni,13,'Nessun titolo di studio, licenza di scuola elementare e media',2024,22.849561,,
A,Annuale,ITE,Centro,NEET_I,Incidenza dei giovani Neet di 15-34 anni (non occupati e non in istruzione),2,Femmine,Y18-29,18-29 anni,7,Diploma,2023,16.346334,,
A,Annuale,ITE,Centro,NEET_I,Incidenza dei giovani Neet di 15-34 anni (non occupati e non in istruzione),2,Femmine,Y18-29,18-29 anni,7,Diploma,2024,17.310733,,
A,Annuale,ITE,Centro,NEET_I,Incidenza dei giovani Neet di 15-34 anni (non occupati e non in istruzione),2,Femmine,Y18-29,18-29 anni,11,Laurea e post-laurea,2023,11.270768,,
A,Annuale,ITE,Centro,NEET_I,Incidenza dei giovani Neet di 15-34 anni (non occupati e non in istruzione),2,Femmine,Y18-29,18-29 anni,11,Laurea e post-laurea,2024,14.340112,,
A,Annuale,ITE,Centro,NEET_I,Incidenza dei giovani Neet di 15-34 anni (non occupati e non in istruzione),2,Femmine,Y18-29,18-29 anni,99,Totale,2023,16.593549,,
A,Annuale,ITE,Centro,NEET_I,Incidenza dei giovani Neet di 15-34 anni (non occupati e non in istruzione),2,Femmine,Y18-29,18-29 anni,99,Totale,2024,17.563546,,
A,Annuale,ITE,Centro,NEET_I,Incidenza dei giovani Neet di 15-34 anni (non occupati e non in istruzione),2,Femmine,Y15-29,15-29 anni,13,'Nessun titolo di studio, licenza di scuola elementare e media',2023,10.261066,,
A,Annuale,ITE,Centro,NEET_I,Incidenza dei giovani Neet di 15-34 anni (non occupati e non in istruzione),2,Femmine,Y15-29,15-29 anni,13,'Nessun titolo di studio, licenza di scuola elementare e media',2024,9.846162,,
A,Annuale,ITE,Centro,NEET_I,Incidenza dei giovani Neet di 15-34 anni (non occupati e non in istruzione),2,Femmine,Y15-29,15-29 anni,7,Diploma,2023,16.374862,,
A,Annuale,ITE,Centro,NEET_I,Incidenza dei giovani Neet di 15-34 anni (non occupati e non in istruzione),2,Femmine,Y15-29,15-29 anni,7,Diploma,2024,17.32996,,
A,Annuale,ITE,Centro,NEET_I,Incidenza dei giovani Neet di 15-34 anni (non occupati e non in istruzione),2,Femmine,Y15-29,15-29 anni,11,Laurea e post-laurea,2023,11.270768,,
A,Annuale,ITE,Centro,NEET_I,Incidenza dei giovani Neet di 15-34 anni (non occupati e non in istruzione),2,Femmine,Y15-29,15-29 anni,11,Laurea e post-laurea,2024,14.340112,,
A,Annuale,ITE,Centro,NEET_I,Incidenza dei giovani Neet di 15-34 anni (non occupati e non in istruzione),2,Femmine,Y15-29,15-29 anni,99,Totale,2023,13.328597,,
A,Annuale,ITE,Centro,NEET_I,Incidenza dei giovani Neet di 15-34 anni (non occupati e non in istruzione),2,Femmine,Y15-29,15-29 anni,99,Totale,2024,14.18637,,
A,Annuale,ITE,Centro,NEET_I,Incidenza dei giovani Neet di 15-34 anni (non occupati e non in istruzione),2,Femmine,Y15-34,15-34 anni,13,'Nessun titolo di studio, licenza di scuola elementare e media',2023,15.968163,,
A,Annuale,ITE,Centro,NEET_I,Incidenza dei giovani Neet di 15-34 anni (non occupati e non in istruzione),2,Femmine,Y15-34,15-34 anni,13,'Nessun titolo di studio, licenza di scuola elementare e media',2024,14.443961,,
A,Annuale,ITE,Centro,NEET_I,Incidenza dei giovani Neet di 15-34 anni (non occupati e non in istruzione),2,Femmine,Y15-34,15-34 anni,7,Diploma,2023,19.774103,,
A,Annuale,ITE,Centro,NEET_I,Incidenza dei giovani Neet di 15-34 anni (non occupati e non in istruzione),2,Femmine,Y15-34,15-34 anni,7,Diploma,2024,20.462318,,
A,Annuale,ITE,Centro,NEET_I,Incidenza dei giovani Neet di 15-34 anni (non occupati e non in istruzione),2,Femmine,Y15-34,15-34 anni,11,Laurea e post-laurea,2023,11.171934,,
A,Annuale,ITE,Centro,NEET_I,Incidenza dei giovani Neet di 15-34 anni (non occupati e non in istruzione),2,Femmine,Y15-34,15-34 anni,11,Laurea e post-laurea,2024,13.027918,,
A,Annuale,ITE,Centro,NEET_I,Incidenza dei giovani Neet di 15-34 anni (non occupati e non in istruzione),2,Femmine,Y15-34,15-34 anni,99,Totale,2023,16.453959,,
A,Annuale,ITE,Centro,NEET_I,Incidenza dei giovani Neet di 15-34 anni (non occupati e non in istruzione),2,Femmine,Y15-34,15-34 anni,99,Totale,2024,16.805356,,
A,Annuale,ITE,Centro,NEET_I,Incidenza dei giovani Neet di 15-34 anni (non occupati e non in istruzione),9,Totale,Y15-24,15-24 anni,13,'Nessun titolo di studio, licenza di scuola elementare e media',2023,5.00931,,
A,Annuale,ITE,Centro,NEET_I,Incidenza dei giovani Neet di 15-34 anni (non occupati e non in istruzione),9,Totale,Y15-24,15-24 anni,13,'Nessun titolo di studio, licenza di scuola elementare e media',2024,6.13424,,
A,Annuale,ITE,Centro,NEET_I,Incidenza dei giovani Neet di 15-34 anni (non occupati e non in istruzione),9,Totale,Y15-24,15-24 anni,7,Diploma,2023,13.888077,,
A,Annuale,ITE,Centro,NEET_I,Incidenza dei giovani Neet di 15-34 anni (non occupati e non in istruzione),9,Totale,Y15-24,15-24 anni,7,Diploma,2024,13.121729,,
A,Annuale,ITE,Centro,NEET_I,Incidenza dei giovani Neet di 15-34 anni (non occupati e non in istruzione),9,Totale,Y15-24,15-24 anni,11,Laurea e post-laurea,2023,6.608312,,
A,Annuale,ITE,Centro,NEET_I,Incidenza dei giovani Neet di 15-34 anni (non occupati e non in istruzione),9,Totale,Y15-24,15-24 anni,11,Laurea e post-laurea,2024,11.64492,,
A,Annuale,ITE,Centro,NEET_I,Incidenza dei giovani Neet di 15-34 anni (non occupati e non in istruzione),9,Totale,Y15-24,15-24 anni,99,Totale,2023,9.280564,,
A,Annuale,ITE,Centro,NEET_I,Incidenza dei giovani Neet di 15-34 anni (non occupati e non in istruzione),9,Totale,Y15-24,15-24 anni,99,Totale,2024,9.701007,,
A,Annuale,ITE,Centro,NEET_I,Incidenza dei giovani Neet di 15-34 anni (non occupati e non in istruzione),9,Totale,Y18-29,18-29 anni,13,'Nessun titolo di studio, licenza di scuola elementare e media',2023,19.814321,,
A,Annuale,ITE,Centro,NEET_I,Incidenza dei giovani Neet di 15-34 anni (non occupati e non in istruzione),9,Totale,Y18-29,18-29 anni,13,'Nessun titolo di studio, licenza di scuola elementare e media',2024,18.973572,,
A,Annuale,ITE,Centro,NEET_I,Incidenza dei giovani Neet di 15-34 anni (non occupati e non in istruzione),9,Totale,Y18-29,18-29 anni,7,Diploma,2023,14.86101,,
A,Annuale,ITE,Centro,NEET_I,Incidenza dei giovani Neet di 15-34 anni (non occupati e non in istruzione),9,Totale,Y18-29,18-29 anni,7,Diploma,2024,15.759674,,
A,Annuale,ITE,Centro,NEET_I,Incidenza dei giovani Neet di 15-34 anni (non occupati e non in istruzione),9,Totale,Y18-29,18-29 anni,11,Laurea e post-laurea,2023,10.998097,,
A,Annuale,ITE,Centro,NEET_I,Incidenza dei giovani Neet di 15-34 anni (non occupati e non in istruzione),9,Totale,Y18-29,18-29 anni,11,Laurea e post-laurea,2024,12.677703,,
A,Annuale,ITE,Centro,NEET_I,Incidenza dei giovani Neet di 15-34 anni (non occupati e non in istruzione),9,Totale,Y18-29,18-29 anni,99,Totale,2023,15.05545,,
A,Annuale,ITE,Centro,NEET_I,Incidenza dei giovani Neet di 15-34 anni (non occupati e non in istruzione),9,Totale,Y18-29,18-29 anni,99,Totale,2024,15.819743,,
A,Annuale,ITE,Centro,NEET_I,Incidenza dei giovani Neet di 15-34 anni (non occupati e non in istruzione),9,Totale,Y15-29,15-29 anni,13,'Nessun titolo di studio, licenza di scuola elementare e media',2023,9.411336,,
A,Annuale,ITE,Centro,NEET_I,Incidenza dei giovani Neet di 15-34 anni (non occupati e non in istruzione),9,Totale,Y15-29,15-29 anni,13,'Nessun titolo di studio, licenza di scuola elementare e media',2024,9.367086,,
A,Annuale,ITE,Centro,NEET_I,Incidenza dei giovani Neet di 15-34 anni (non occupati e non in istruzione),9,Totale,Y15-29,15-29 anni,7,Diploma,2023,14.848315,,
A,Annuale,ITE,Centro,NEET_I,Incidenza dei giovani Neet di 15-34 anni (non occupati e non in istruzione),9,Totale,Y15-29,15-29 anni,7,Diploma,2024,15.743246,,
A,Annuale,ITE,Centro,NEET_I,Incidenza dei giovani Neet di 15-34 anni (non occupati e non in istruzione),9,Totale,Y15-29,15-29 anni,11,Laurea e post-laurea,2023,10.998097,,
A,Annuale,ITE,Centro,NEET_I,Incidenza dei giovani Neet di 15-34 anni (non occupati e non in istruzione),9,Totale,Y15-29,15-29 anni,11,Laurea e post-laurea,2024,12.677703,,
A,Annuale,ITE,Centro,NEET_I,Incidenza dei giovani Neet di 15-34 anni (non occupati e non in istruzione),9,Totale,Y15-29,15-29 anni,99,Totale,2023,12.267074,,
A,Annuale,ITE,Centro,NEET_I,Incidenza dei giovani Neet di 15-34 anni (non occupati e non in istruzione),9,Totale,Y15-29,15-29 anni,99,Totale,2024,12.945479,,
A,Annuale,ITE,Centro,NEET_I,Incidenza dei giovani Neet di 15-34 anni (non occupati e non in istruzione),9,Totale,Y15-34,15-34 anni,13,'Nessun titolo di studio, licenza di scuola elementare e media',2023,12.662079,,
A,Annuale,ITE,Centro,NEET_I,Incidenza dei giovani Neet di 15-34 anni (non occupati e non in istruzione),9,Totale,Y15-34,15-34 anni,13,'Nessun titolo di studio, licenza di scuola elementare e media',2024,12.159961,,
A,Annuale,ITE,Centro,NEET_I,Incidenza dei giovani Neet di 15-34 anni (non occupati e non in istruzione),9,Totale,Y15-34,15-34 anni,7,Diploma,2023,15.754165,,
A,Annuale,ITE,Centro,NEET_I,Incidenza dei giovani Neet di 15-34 anni (non occupati e non in istruzione),9,Totale,Y15-34,15-34 anni,7,Diploma,2024,16.7046,,
A,Annuale,ITE,Centro,NEET_I,Incidenza dei giovani Neet di 15-34 anni (non occupati e non in istruzione),9,Totale,Y15-34,15-34 anni,11,Laurea e post-laurea,2023,10.280809,,
A,Annuale,ITE,Centro,NEET_I,Incidenza dei giovani Neet di 15-34 anni (non occupati e non in istruzione),9,Totale,Y15-34,15-34 anni,11,Laurea e post-laurea,2024,11.517757,,
A,Annuale,ITE,Centro,NEET_I,Incidenza dei giovani Neet di 15-34 anni (non occupati e non in istruzione),9,Totale,Y15-34,15-34 anni,99,Totale,2023,13.616327,,
A,Annuale,ITE,Centro,NEET_I,Incidenza dei giovani Neet di 15-34 anni (non occupati e non in istruzione),9,Totale,Y15-34,15-34 anni,99,Totale,2024,14.192888,,
A,Annuale,ITFG,Mezzogiorno,NEET_I,Incidenza dei giovani Neet di 15-34 anni (non occupati e non in istruzione),1,Maschi,Y15-24,15-24 anni,13,'Nessun titolo di studio, licenza di scuola elementare e media',2023,15.657405,,
A,Annuale,ITFG,Mezzogiorno,NEET_I,Incidenza dei giovani Neet di 15-34 anni (non occupati e non in istruzione),1,Maschi,Y15-24,15-24 anni,13,'Nessun titolo di studio, licenza di scuola elementare e media',2024,13.716198,,
A,Annuale,ITFG,Mezzogiorno,NEET_I,Incidenza dei giovani Neet di 15-34 anni (non occupati e non in istruzione),1,Maschi,Y15-24,15-24 anni,7,Diploma,2023,26.713772,,
A,Annuale,ITFG,Mezzogiorno,NEET_I,Incidenza dei giovani Neet di 15-34 anni (non occupati e non in istruzione),1,Maschi,Y15-24,15-24 anni,7,Diploma,2024,25.346866,,
A,Annuale,ITFG,Mezzogiorno,NEET_I,Incidenza dei giovani Neet di 15-34 anni (non occupati e non in istruzione),1,Maschi,Y15-24,15-24 anni,11,Laurea e post-laurea,2023,9.428545,,
A,Annuale,ITFG,Mezzogiorno,NEET_I,Incidenza dei giovani Neet di 15-34 anni (non occupati e non in istruzione),1,Maschi,Y15-24,15-24 anni,11,Laurea e post-laurea,2024,12.928387,,
A,Annuale,ITFG,Mezzogiorno,NEET_I,Incidenza dei giovani Neet di 15-34 anni (non occupati e non in istruzione),1,Maschi,Y15-24,15-24 anni,99,Totale,2023,20.211962,,
A,Annuale,ITFG,Mezzogiorno,NEET_I,Incidenza dei giovani Neet di 15-34 anni (non occupati e non in istruzione),1,Maschi,Y15-24,15-24 anni,99,Totale,2024,18.946107,,
A,Annuale,ITFG,Mezzogiorno,NEET_I,Incidenza dei giovani Neet di 15-34 anni (non occupati e non in istruzione),1,Maschi,Y18-29,18-29 anni,13,'Nessun titolo di studio, licenza di scuola elementare e media',2023,36.229342,,
A,Annuale,ITFG,Mezzogiorno,NEET_I,Incidenza dei giovani Neet di 15-34 anni (non occupati e non in istruzione),1,Maschi,Y18-29,18-29 anni,13,'Nessun titolo di studio, licenza di scuola elementare e media',2024,32.977127,,
A,Annuale,ITFG,Mezzogiorno,NEET_I,Incidenza dei giovani Neet di 15-34 anni (non occupati e non in istruzione),1,Maschi,Y18-29,18-29 anni,7,Diploma,2023,26.629322,,
A,Annuale,ITFG,Mezzogiorno,NEET_I,Incidenza dei giovani Neet di 15-34 anni (non occupati e non in istruzione),1,Maschi,Y18-29,18-29 anni,7,Diploma,2024,26.229602,,
A,Annuale,ITFG,Mezzogiorno,NEET_I,Incidenza dei giovani Neet di 15-34 anni (non occupati e non in istruzione),1,Maschi,Y18-29,18-29 anni,11,Laurea e post-laurea,2023,15.391865,,
A,Annuale,ITFG,Mezzogiorno,NEET_I,Incidenza dei giovani Neet di 15-34 anni (non occupati e non in istruzione),1,Maschi,Y18-29,18-29 anni,11,Laurea e post-laurea,2024,16.144477,,
A,Annuale,ITFG,Mezzogiorno,NEET_I,Incidenza dei giovani Neet di 15-34 anni (non occupati e non in istruzione),1,Maschi,Y18-29,18-29 anni,99,Totale,2023,28.029915,,
A,Annuale,ITFG,Mezzogiorno,NEET_I,Incidenza dei giovani Neet di 15-34 anni (non occupati e non in istruzione),1,Maschi,Y18-29,18-29 anni,99,Totale,2024,26.831811,,
A,Annuale,ITFG,Mezzogiorno,NEET_I,Incidenza dei giovani Neet di 15-34 anni (non occupati e non in istruzione),1,Maschi,Y15-29,15-29 anni,13,'Nessun titolo di studio, licenza di scuola elementare e media',2023,21.347966,,
A,Annuale,ITFG,Mezzogiorno,NEET_I,Incidenza dei giovani Neet di 15-34 anni (non occupati e non in istruzione),1,Maschi,Y15-29,15-29 anni,13,'Nessun titolo di studio, licenza di scuola elementare e media',2024,19.172033,,
A,Annuale,ITFG,Mezzogiorno,NEET_I,Incidenza dei giovani Neet di 15-34 anni (non occupati e non in istruzione),1,Maschi,Y15-29,15-29 anni,7,Diploma,2023,26.610772,,
A,Annuale,ITFG,Mezzogiorno,NEET_I,Incidenza dei giovani Neet di 15-34 anni (non occupati e non in istruzione),1,Maschi,Y15-29,15-29 anni,7,Diploma,2024,26.231058,,
A,Annuale,ITFG,Mezzogiorno,NEET_I,Incidenza dei giovani Neet di 15-34 anni (non occupati e non in istruzione),1,Maschi,Y15-29,15-29 anni,11,Laurea e post-laurea,2023,15.391865,,
A,Annuale,ITFG,Mezzogiorno,NEET_I,Incidenza dei giovani Neet di 15-34 anni (non occupati e non in istruzione),1,Maschi,Y15-29,15-29 anni,11,Laurea e post-laurea,2024,16.144477,,
A,Annuale,ITFG,Mezzogiorno,NEET_I,Incidenza dei giovani Neet di 15-34 anni (non occupati e non in istruzione),1,Maschi,Y15-29,15-29 anni,99,Totale,2023,23.22475,,
A,Annuale,ITFG,Mezzogiorno,NEET_I,Incidenza dei giovani Neet di 15-34 anni (non occupati e non in istruzione),1,Maschi,Y15-29,15-29 anni,99,Totale,2024,22.235645,,
A,Annuale,ITFG,Mezzogiorno,NEET_I,Incidenza dei giovani Neet di 15-34 anni (non occupati e non in istruzione),1,Maschi,Y15-34,15-34 anni,13,'Nessun titolo di studio, licenza di scuola elementare e media',2023,25.375291,,
A,Annuale,ITFG,Mezzogiorno,NEET_I,Incidenza dei giovani Neet di 15-34 anni (non occupati e non in istruzione),1,Maschi,Y15-34,15-34 anni,13,'Nessun titolo di studio, licenza di scuola elementare e media',2024,23.456865,,
A,Annuale,ITFG,Mezzogiorno,NEET_I,Incidenza dei giovani Neet di 15-34 anni (non occupati e non in istruzione),1,Maschi,Y15-34,15-34 anni,7,Diploma,2023,25.864808,,
A,Annuale,ITFG,Mezzogiorno,NEET_I,Incidenza dei giovani Neet di 15-34 anni (non occupati e non in istruzione),1,Maschi,Y15-34,15-34 anni,7,Diploma,2024,26.008311,,
A,Annuale,ITFG,Mezzogiorno,NEET_I,Incidenza dei giovani Neet di 15-34 anni (non occupati e non in istruzione),1,Maschi,Y15-34,15-34 anni,11,Laurea e post-laurea,2023,15.112538,,
A,Annuale,ITFG,Mezzogiorno,NEET_I,Incidenza dei giovani Neet di 15-34 anni (non occupati e non in istruzione),1,Maschi,Y15-34,15-34 anni,11,Laurea e post-laurea,2024,15.317997,,
A,Annuale,ITFG,Mezzogiorno,NEET_I,Incidenza dei giovani Neet di 15-34 anni (non occupati e non in istruzione),1,Maschi,Y15-34,15-34 anni,99,Totale,2023,24.362057,,
A,Annuale,ITFG,Mezzogiorno,NEET_I,Incidenza dei giovani Neet di 15-34 anni (non occupati e non in istruzione),1,Maschi,Y15-34,15-34 anni,99,Totale,2024,23.653903,,
A,Annuale,ITFG,Mezzogiorno,NEET_I,Incidenza dei giovani Neet di 15-34 anni (non occupati e non in istruzione),2,Femmine,Y15-24,15-24 anni,13,'Nessun titolo di studio, licenza di scuola elementare e media',2023,16.328726,,
A,Annuale,ITFG,Mezzogiorno,NEET_I,Incidenza dei giovani Neet di 15-34 anni (non occupati e non in istruzione),2,Femmine,Y15-24,15-24 anni,13,'Nessun titolo di studio, licenza di scuola elementare e media',2024,13.354015,,
A,Annuale,ITFG,Mezzogiorno,NEET_I,Incidenza dei giovani Neet di 15-34 anni (non occupati e non in istruzione),2,Femmine,Y15-24,15-24 anni,7,Diploma,2023,21.593566,,
A,Annuale,ITFG,Mezzogiorno,NEET_I,Incidenza dei giovani Neet di 15-34 anni (non occupati e non in istruzione),2,Femmine,Y15-24,15-24 anni,7,Diploma,2024,20.446424,,
A,Annuale,ITFG,Mezzogiorno,NEET_I,Incidenza dei giovani Neet di 15-34 anni (non occupati e non in istruzione),2,Femmine,Y15-24,15-24 anni,11,Laurea e post-laurea,2023,13.73929,,
A,Annuale,ITFG,Mezzogiorno,NEET_I,Incidenza dei giovani Neet di 15-34 anni (non occupati e non in istruzione),2,Femmine,Y15-24,15-24 anni,11,Laurea e post-laurea,2024,13.652032,,
A,Annuale,ITFG,Mezzogiorno,NEET_I,Incidenza dei giovani Neet di 15-34 anni (non occupati e non in istruzione),2,Femmine,Y15-24,15-24 anni,99,Totale,2023,18.536022,,
A,Annuale,ITFG,Mezzogiorno,NEET_I,Incidenza dei giovani Neet di 15-34 anni (non occupati e non in istruzione),2,Femmine,Y15-24,15-24 anni,99,Totale,2024,16.63163,,
A,Annuale,ITFG,Mezzogiorno,NEET_I,Incidenza dei giovani Neet di 15-34 anni (non occupati e non in istruzione),2,Femmine,Y18-29,18-29 anni,13,'Nessun titolo di studio, licenza di scuola elementare e media',2023,49.321292,,
A,Annuale,ITFG,Mezzogiorno,NEET_I,Incidenza dei giovani Neet di 15-34 anni (non occupati e non in istruzione),2,Femmine,Y18-29,18-29 anni,13,'Nessun titolo di studio, licenza di scuola elementare e media',2024,44.957779,,
A,Annuale,ITFG,Mezzogiorno,NEET_I,Incidenza dei giovani Neet di 15-34 anni (non occupati e non in istruzione),2,Femmine,Y18-29,18-29 anni,7,Diploma,2023,28.332225,,
A,Annuale,ITFG,Mezzogiorno,NEET_I,Incidenza dei giovani Neet di 15-34 anni (non occupati e non in istruzione),2,Femmine,Y18-29,18-29 anni,7,Diploma,2024,27.497053,,
A,Annuale,ITFG,Mezzogiorno,NEET_I,Incidenza dei giovani Neet di 15-34 anni (non occupati e non in istruzione),2,Femmine,Y18-29,18-29 anni,11,Laurea e post-laurea,2023,20.164974,,
A,Annuale,ITFG,Mezzogiorno,NEET_I,Incidenza dei giovani Neet di 15-34 anni (non occupati e non in istruzione),2,Femmine,Y18-29,18-29 anni,11,Laurea e post-laurea,2024,18.853879,,
A,Annuale,ITFG,Mezzogiorno,NEET_I,Incidenza dei giovani Neet di 15-34 anni (non occupati e non in istruzione),2,Femmine,Y18-29,18-29 anni,99,Totale,2023,31.805363,,
A,Annuale,ITFG,Mezzogiorno,NEET_I,Incidenza dei giovani Neet di 15-34 anni (non occupati e non in istruzione),2,Femmine,Y18-29,18-29 anni,99,Totale,2024,29.88484,,
A,Annuale,ITFG,Mezzogiorno,NEET_I,Incidenza dei giovani Neet di 15-34 anni (non occupati e non in istruzione),2,Femmine,Y15-29,15-29 anni,13,'Nessun titolo di studio, licenza di scuola elementare e media',2023,26.33645,,
A,Annuale,ITFG,Mezzogiorno,NEET_I,Incidenza dei giovani Neet di 15-34 anni (non occupati e non in istruzione),2,Femmine,Y15-29,15-29 anni,13,'Nessun titolo di studio, licenza di scuola elementare e media',2024,23.082407,,
A,Annuale,ITFG,Mezzogiorno,NEET_I,Incidenza dei giovani Neet di 15-34 anni (non occupati e non in istruzione),2,Femmine,Y15-29,15-29 anni,7,Diploma,2023,28.313241,,
A,Annuale,ITFG,Mezzogiorno,NEET_I,Incidenza dei giovani Neet di 15-34 anni (non occupati e non in istruzione),2,Femmine,Y15-29,15-29 anni,7,Diploma,2024,27.497053,,
A,Annuale,ITFG,Mezzogiorno,NEET_I,Incidenza dei giovani Neet di 15-34 anni (non occupati e non in istruzione),2,Femmine,Y15-29,15-29 anni,11,Laurea e post-laurea,2023,20.164974,,
A,Annuale,ITFG,Mezzogiorno,NEET_I,Incidenza dei giovani Neet di 15-34 anni (non occupati e non in istruzione),2,Femmine,Y15-29,15-29 anni,11,Laurea e post-laurea,2024,18.853879,,
A,Annuale,ITFG,Mezzogiorno,NEET_I,Incidenza dei giovani Neet di 15-34 anni (non occupati e non in istruzione),2,Femmine,Y15-29,15-29 anni,99,Totale,2023,26.312917,,
A,Annuale,ITFG,Mezzogiorno,NEET_I,Incidenza dei giovani Neet di 15-34 anni (non occupati e non in istruzione),2,Femmine,Y15-29,15-29 anni,99,Totale,2024,24.521964,,
A,Annuale,ITFG,Mezzogiorno,NEET_I,Incidenza dei giovani Neet di 15-34 anni (non occupati e non in istruzione),2,Femmine,Y15-34,15-34 anni,13,'Nessun titolo di studio, licenza di scuola elementare e media',2023,36.251644,,
A,Annuale,ITFG,Mezzogiorno,NEET_I,Incidenza dei giovani Neet di 15-34 anni (non occupati e non in istruzione),2,Femmine,Y15-34,15-34 anni,13,'Nessun titolo di studio, licenza di scuola elementare e media',2024,33.63601,,
A,Annuale,ITFG,Mezzogiorno,NEET_I,Incidenza dei giovani Neet di 15-34 anni (non occupati e non in istruzione),2,Femmine,Y15-34,15-34 anni,7,Diploma,2023,34.381632,,
A,Annuale,ITFG,Mezzogiorno,NEET_I,Incidenza dei giovani Neet di 15-34 anni (non occupati e non in istruzione),2,Femmine,Y15-34,15-34 anni,7,Diploma,2024,33.264381,,
A,Annuale,ITFG,Mezzogiorno,NEET_I,Incidenza dei giovani Neet di 15-34 anni (non occupati e non in istruzione),2,Femmine,Y15-34,15-34 anni,11,Laurea e post-laurea,2023,21.715548,,
A,Annuale,ITFG,Mezzogiorno,NEET_I,Incidenza dei giovani Neet di 15-34 anni (non occupati e non in istruzione),2,Femmine,Y15-34,15-34 anni,11,Laurea e post-laurea,2024,20.463911,,
A,Annuale,ITFG,Mezzogiorno,NEET_I,Incidenza dei giovani Neet di 15-34 anni (non occupati e non in istruzione),2,Femmine,Y15-34,15-34 anni,99,Totale,2023,32.634815,,
A,Annuale,ITFG,Mezzogiorno,NEET_I,Incidenza dei giovani Neet di 15-34 anni (non occupati e non in istruzione),2,Femmine,Y15-34,15-34 anni,99,Totale,2024,30.969321,,
A,Annuale,ITFG,Mezzogiorno,NEET_I,Incidenza dei giovani Neet di 15-34 anni (non occupati e non in istruzione),9,Totale,Y15-24,15-24 anni,13,'Nessun titolo di studio, licenza di scuola elementare e media',2023,15.969149,,
A,Annuale,ITFG,Mezzogiorno,NEET_I,Incidenza dei giovani Neet di 15-34 anni (non occupati e non in istruzione),9,Totale,Y15-24,15-24 anni,13,'Nessun titolo di studio, licenza di scuola elementare e media',2024,13.546457,,
A,Annuale,ITFG,Mezzogiorno,NEET_I,Incidenza dei giovani Neet di 15-34 anni (non occupati e non in istruzione),9,Totale,Y15-24,15-24 anni,7,Diploma,2023,24.187121,,
A,Annuale,ITFG,Mezzogiorno,NEET_I,Incidenza dei giovani Neet di 15-34 anni (non occupati e non in istruzione),9,Totale,Y15-24,15-24 anni,7,Diploma,2024,22.955055,,
A,Annuale,ITFG,Mezzogiorno,NEET_I,Incidenza dei giovani Neet di 15-34 anni (non occupati e non in istruzione),9,Totale,Y15-24,15-24 anni,11,Laurea e post-laurea,2023,12.008458,,
A,Annuale,ITFG,Mezzogiorno,NEET_I,Incidenza dei giovani Neet di 15-34 anni (non occupati e non in istruzione),9,Totale,Y15-24,15-24 anni,11,Laurea e post-laurea,2024,13.363289,,
A,Annuale,ITFG,Mezzogiorno,NEET_I,Incidenza dei giovani Neet di 15-34 anni (non occupati e non in istruzione),9,Totale,Y15-24,15-24 anni,99,Totale,2023,19.40019,,
A,Annuale,ITFG,Mezzogiorno,NEET_I,Incidenza dei giovani Neet di 15-34 anni (non occupati e non in istruzione),9,Totale,Y15-24,15-24 anni,99,Totale,2024,17.825676,,
A,Annuale,ITFG,Mezzogiorno,NEET_I,Incidenza dei giovani Neet di 15-34 anni (non occupati e non in istruzione),9,Totale,Y18-29,18-29 anni,13,'Nessun titolo di studio, licenza di scuola elementare e media',2023,41.92966,,
A,Annuale,ITFG,Mezzogiorno,NEET_I,Incidenza dei giovani Neet di 15-34 anni (non occupati e non in istruzione),9,Totale,Y18-29,18-29 anni,13,'Nessun titolo di studio, licenza di scuola elementare e media',2024,38.183493,,
A,Annuale,ITFG,Mezzogiorno,NEET_I,Incidenza dei giovani Neet di 15-34 anni (non occupati e non in istruzione),9,Totale,Y18-29,18-29 anni,7,Diploma,2023,27.44863,,
A,Annuale,ITFG,Mezzogiorno,NEET_I,Incidenza dei giovani Neet di 15-34 anni (non occupati e non in istruzione),9,Totale,Y18-29,18-29 anni,7,Diploma,2024,26.838838,,
A,Annuale,ITFG,Mezzogiorno,NEET_I,Incidenza dei giovani Neet di 15-34 anni (non occupati e non in istruzione),9,Totale,Y18-29,18-29 anni,11,Laurea e post-laurea,2023,18.194901,,
A,Annuale,ITFG,Mezzogiorno,NEET_I,Incidenza dei giovani Neet di 15-34 anni (non occupati e non in istruzione),9,Totale,Y18-29,18-29 anni,11,Laurea e post-laurea,2024,17.713169,,
A,Annuale,ITFG,Mezzogiorno,NEET_I,Incidenza dei giovani Neet di 15-34 anni (non occupati e non in istruzione),9,Totale,Y18-29,18-29 anni,99,Totale,2023,29.862887,,
A,Annuale,ITFG,Mezzogiorno,NEET_I,Incidenza dei giovani Neet di 15-34 anni (non occupati e non in istruzione),9,Totale,Y18-29,18-29 anni,99,Totale,2024,28.31033,,
A,Annuale,ITFG,Mezzogiorno,NEET_I,Incidenza dei giovani Neet di 15-34 anni (non occupati e non in istruzione),9,Totale,Y15-29,15-29 anni,13,'Nessun titolo di studio, licenza di scuola elementare e media',2023,23.636722,,
A,Annuale,ITFG,Mezzogiorno,NEET_I,Incidenza dei giovani Neet di 15-34 anni (non occupati e non in istruzione),9,Totale,Y15-29,15-29 anni,13,'Nessun titolo di studio, licenza di scuola elementare e media',2024,20.968198,,
A,Annuale,ITFG,Mezzogiorno,NEET_I,Incidenza dei giovani Neet di 15-34 anni (non occupati e non in istruzione),9,Totale,Y15-29,15-29 anni,7,Diploma,2023,27.42986,,
A,Annuale,ITFG,Mezzogiorno,NEET_I,Incidenza dei giovani Neet di 15-34 anni (non occupati e non in istruzione),9,Totale,Y15-29,15-29 anni,7,Diploma,2024,26.839493,,
A,Annuale,ITFG,Mezzogiorno,NEET_I,Incidenza dei giovani Neet di 15-34 anni (non occupati e non in istruzione),9,Totale,Y15-29,15-29 anni,11,Laurea e post-laurea,2023,18.194901,,
A,Annuale,ITFG,Mezzogiorno,NEET_I,Incidenza dei giovani Neet di 15-34 anni (non occupati e non in istruzione),9,Totale,Y15-29,15-29 anni,11,Laurea e post-laurea,2024,17.713169,,
A,Annuale,ITFG,Mezzogiorno,NEET_I,Incidenza dei giovani Neet di 15-34 anni (non occupati e non in istruzione),9,Totale,Y15-29,15-29 anni,99,Totale,2023,24.723709,,
A,Annuale,ITFG,Mezzogiorno,NEET_I,Incidenza dei giovani Neet di 15-34 anni (non occupati e non in istruzione),9,Totale,Y15-29,15-29 anni,99,Totale,2024,23.343489,,
A,Annuale,ITFG,Mezzogiorno,NEET_I,Incidenza dei giovani Neet di 15-34 anni (non occupati e non in istruzione),9,Totale,Y15-34,15-34 anni,13,'Nessun titolo di studio, licenza di scuola elementare e media',2023,30.302236,,
A,Annuale,ITFG,Mezzogiorno,NEET_I,Incidenza dei giovani Neet di 15-34 anni (non occupati e non in istruzione),9,Totale,Y15-34,15-34 anni,13,'Nessun titolo di studio, licenza di scuola elementare e media',2024,28.062017,,
A,Annuale,ITFG,Mezzogiorno,NEET_I,Incidenza dei giovani Neet di 15-34 anni (non occupati e non in istruzione),9,Totale,Y15-34,15-34 anni,7,Diploma,2023,29.952057,,
A,Annuale,ITFG,Mezzogiorno,NEET_I,Incidenza dei giovani Neet di 15-34 anni (non occupati e non in istruzione),9,Totale,Y15-34,15-34 anni,7,Diploma,2024,29.498046,,
A,Annuale,ITFG,Mezzogiorno,NEET_I,Incidenza dei giovani Neet di 15-34 anni (non occupati e non in istruzione),9,Totale,Y15-34,15-34 anni,11,Laurea e post-laurea,2023,19.056675,,
A,Annuale,ITFG,Mezzogiorno,NEET_I,Incidenza dei giovani Neet di 15-34 anni (non occupati e non in istruzione),9,Totale,Y15-34,15-34 anni,11,Laurea e post-laurea,2024,18.336575,,
A,Annuale,ITFG,Mezzogiorno,NEET_I,Incidenza dei giovani Neet di 15-34 anni (non occupati e non in istruzione),9,Totale,Y15-34,15-34 anni,99,Totale,2023,28.399019,,
A,Annuale,ITFG,Mezzogiorno,NEET_I,Incidenza dei giovani Neet di 15-34 anni (non occupati e non in istruzione),9,Totale,Y15-34,15-34 anni,99,Totale,2024,27.216921,,
Q,Trimestrale,IT,Italia,NEET_I,Incidenza dei giovani Neet di 15-34 anni (non occupati e non in istruzione),1,Maschi,Y15-24,15-24 anni,13,'Nessun titolo di studio, licenza di scuola elementare e media',2022-Q2,16.028562,,
Q,Trimestrale,IT,Italia,NEET_I,Incidenza dei giovani Neet di 15-34 anni (non occupati e non in istruzione),1,Maschi,Y15-24,15-24 anni,13,'Nessun titolo di studio, licenza di scuola elementare e media',2022-Q3,10.763401,,
Q,Trimestrale,IT,Italia,NEET_I,Incidenza dei giovani Neet di 15-34 anni (non occupati e non in istruzione),1,Maschi,Y15-24,15-24 anni,13,'Nessun titolo di studio, licenza di scuola elementare e media',2022-Q4,9.86327,,
Q,Trimestrale,IT,Italia,NEET_I,Incidenza dei giovani Neet di 15-34 anni (non occupati e non in istruzione),1,Maschi,Y15-24,15-24 anni,13,'Nessun titolo di studio, licenza di scuola elementare e media',2023-Q1,10.635747,,
Q,Trimestrale,IT,Italia,NEET_I,Incidenza dei giovani Neet di 15-34 anni (non occupati e non in istruzione),1,Maschi,Y15-24,15-24 anni,13,'Nessun titolo di studio, licenza di scuola elementare e media',2023-Q2,10.345207,,
Q,Trimestrale,IT,Italia,NEET_I,Incidenza dei giovani Neet di 15-34 anni (non occupati e non in istruzione),1,Maschi,Y15-24,15-24 anni,13,'Nessun titolo di studio, licenza di scuola elementare e media',2023-Q3,9.596287,,
Q,Trimestrale,IT,Italia,NEET_I,Incidenza dei giovani Neet di 15-34 anni (non occupati e non in istruzione),1,Maschi,Y15-24,15-24 anni,13,'Nessun titolo di studio, licenza di scuola elementare e media',2023-Q4,8.349704,,
Q,Trimestrale,IT,Italia,NEET_I,Incidenza dei giovani Neet di 15-34 anni (non occupati e non in istruzione),1,Maschi,Y15-24,15-24 anni,13,'Nessun titolo di studio, licenza di scuola elementare e media',2024-Q1,9.16175,,
Q,Trimestrale,IT,Italia,NEET_I,Incidenza dei giovani Neet di 15-34 anni (non occupati e non in istruzione),1,Maschi,Y15-24,15-24 anni,13,'Nessun titolo di studio, licenza di scuola elementare e media',2024-Q2,8.184336,,
Q,Trimestrale,IT,Italia,NEET_I,Incidenza dei giovani Neet di 15-34 anni (non occupati e non in istruzione),1,Maschi,Y15-24,15-24 anni,13,'Nessun titolo di studio, licenza di scuola elementare e media',2024-Q3,9.191016,,
Q,Trimestrale,IT,Italia,NEET_I,Incidenza dei giovani Neet di 15-34 anni (non occupati e non in istruzione),1,Maschi,Y15-24,15-24 anni,13,'Nessun titolo di studio, licenza di scuola elementare e media',2024-Q4,8.399075,,
Q,Trimestrale,IT,Italia,NEET_I,Incidenza dei giovani Neet di 15-34 anni (non occupati e non in istruzione),1,Maschi,Y15-24,15-24 anni,13,'Nessun titolo di studio, licenza di scuola elementare e media',2025-Q1,7.937434,,
Q,Trimestrale,IT,Italia,NEET_I,Incidenza dei giovani Neet di 15-34 anni (non occupati e non in istruzione),1,Maschi,Y15-24,15-24 anni,13,'Nessun titolo di studio, licenza di scuola elementare e media',2025-Q2,6.694086,,
Q,Trimestrale,IT,Italia,NEET_I,Incidenza dei giovani Neet di 15-34 anni (non occupati e non in istruzione),1,Maschi,Y15-24,15-24 anni,7,Diploma,2022-Q2,18.902002,,
Q,Trimestrale,IT,Italia,NEET_I,Incidenza dei giovani Neet di 15-34 anni (non occupati e non in istruzione),1,Maschi,Y15-24,15-24 anni,7,Diploma,2022-Q3,19.09771,,
Q,Trimestrale,IT,Italia,NEET_I,Incidenza dei giovani Neet di 15-34 anni (non occupati e non in istruzione),1,Maschi,Y15-24,15-24 anni,7,Diploma,2022-Q4,19.381164,,
Q,Trimestrale,IT,Italia,NEET_I,Incidenza dei giovani Neet di 15-34 anni (non occupati e non in istruzione),1,Maschi,Y15-24,15-24 anni,7,Diploma,2023-Q1,17.57826,,
Q,Trimestrale,IT,Italia,NEET_I,Incidenza dei giovani Neet di 15-34 anni (non occupati e non in istruzione),1,Maschi,Y15-24,15-24 anni,7,Diploma,2023-Q2,17.169744,,
Q,Trimestrale,IT,Italia,NEET_I,Incidenza dei giovani Neet di 15-34 anni (non occupati e non in istruzione),1,Maschi,Y15-24,15-24 anni,7,Diploma,2023-Q3,17.153109,,
Q,Trimestrale,IT,Italia,NEET_I,Incidenza dei giovani Neet di 15-34 anni (non occupati e non in istruzione),1,Maschi,Y15-24,15-24 anni,7,Diploma,2023-Q4,17.011338,,
Q,Trimestrale,IT,Italia,NEET_I,Incidenza dei giovani Neet di 15-34 anni (non occupati e non in istruzione),1,Maschi,Y15-24,15-24 anni,7,Diploma,2024-Q1,15.25978,,
Q,Trimestrale,IT,Italia,NEET_I,Incidenza dei giovani Neet di 15-34 anni (non occupati e non in istruzione),1,Maschi,Y15-24,15-24 anni,7,Diploma,2024-Q2,15.786561,,
Q,Trimestrale,IT,Italia,NEET_I,Incidenza dei giovani Neet di 15-34 anni (non occupati e non in istruzione),1,Maschi,Y15-24,15-24 anni,7,Diploma,2024-Q3,17.640267,,
Q,Trimestrale,IT,Italia,NEET_I,Incidenza dei giovani Neet di 15-34 anni (non occupati e non in istruzione),1,Maschi,Y15-24,15-24 anni,7,Diploma,2024-Q4,16.876153,,
Q,Trimestrale,IT,Italia,NEET_I,Incidenza dei giovani Neet di 15-34 anni (non occupati e non in istruzione),1,Maschi,Y15-24,15-24 anni,7,Diploma,2025-Q1,14.251873,,
Q,Trimestrale,IT,Italia,NEET_I,Incidenza dei giovani Neet di 15-34 anni (non occupati e non in istruzione),1,Maschi,Y15-24,15-24 anni,7,Diploma,2025-Q2,12.28863,,
Q,Trimestrale,IT,Italia,NEET_I,Incidenza dei giovani Neet di 15-34 anni (non occupati e non in istruzione),1,Maschi,Y15-24,15-24 anni,11,Laurea e post-laurea,2022-Q2,9.785464,,
Q,Trimestrale,IT,Italia,NEET_I,Incidenza dei giovani Neet di 15-34 anni (non occupati e non in istruzione),1,Maschi,Y15-24,15-24 anni,11,Laurea e post-laurea,2022-Q3,7.760341,,
Q,Trimestrale,IT,Italia,NEET_I,Incidenza dei giovani Neet di 15-34 anni (non occupati e non in istruzione),1,Maschi,Y15-24,15-24 anni,11,Laurea e post-laurea,2022-Q4,9.404082,,
Q,Trimestrale,IT,Italia,NEET_I,Incidenza dei giovani Neet di 15-34 anni (non occupati e non in istruzione),1,Maschi,Y15-24,15-24 anni,11,Laurea e post-laurea,2023-Q1,6.15905,,
Q,Trimestrale,IT,Italia,NEET_I,Incidenza dei giovani Neet di 15-34 anni (non occupati e non in istruzione),1,Maschi,Y15-24,15-24 anni,11,Laurea e post-laurea,2023-Q2,9.400862,,
Q,Trimestrale,IT,Italia,NEET_I,Incidenza dei giovani Neet di 15-34 anni (non occupati e non in istruzione),1,Maschi,Y15-24,15-24 anni,11,Laurea e post-laurea,2023-Q3,7.580459,,
Q,Trimestrale,IT,Italia,NEET_I,Incidenza dei giovani Neet di 15-34 anni (non occupati e non in istruzione),1,Maschi,Y15-24,15-24 anni,11,Laurea e post-laurea,2023-Q4,10.016281,,
Q,Trimestrale,IT,Italia,NEET_I,Incidenza dei giovani Neet di 15-34 anni (non occupati e non in istruzione),1,Maschi,Y15-24,15-24 anni,11,Laurea e post-laurea,2024-Q1,9.308625,,
Q,Trimestrale,IT,Italia,NEET_I,Incidenza dei giovani Neet di 15-34 anni (non occupati e non in istruzione),1,Maschi,Y15-24,15-24 anni,11,Laurea e post-laurea,2024-Q2,14.285363,,
Q,Trimestrale,IT,Italia,NEET_I,Incidenza dei giovani Neet di 15-34 anni (non occupati e non in istruzione),1,Maschi,Y15-24,15-24 anni,11,Laurea e post-laurea,2024-Q3,12.603801,,
Q,Trimestrale,IT,Italia,NEET_I,Incidenza dei giovani Neet di 15-34 anni (non occupati e non in istruzione),1,Maschi,Y15-24,15-24 anni,11,Laurea e post-laurea,2024-Q4,7.439792,,
Q,Trimestrale,IT,Italia,NEET_I,Incidenza dei giovani Neet di 15-34 anni (non occupati e non in istruzione),1,Maschi,Y15-24,15-24 anni,11,Laurea e post-laurea,2025-Q1,8.403936,,
Q,Trimestrale,IT,Italia,NEET_I,Incidenza dei giovani Neet di 15-34 anni (non occupati e non in istruzione),1,Maschi,Y15-24,15-24 anni,11,Laurea e post-laurea,2025-Q2,6.410609,,
Q,Trimestrale,IT,Italia,NEET_I,Incidenza dei giovani Neet di 15-34 anni (non occupati e non in istruzione),1,Maschi,Y15-24,15-24 anni,99,Totale,2022-Q2,16.944878,,
Q,Trimestrale,IT,Italia,NEET_I,Incidenza dei giovani Neet di 15-34 anni (non occupati e non in istruzione),1,Maschi,Y15-24,15-24 anni,99,Totale,2022-Q3,14.603904,,
Q,Trimestrale,IT,Italia,NEET_I,Incidenza dei giovani Neet di 15-34 anni (non occupati e non in istruzione),1,Maschi,Y15-24,15-24 anni,99,Totale,2022-Q4,14.072356,,
Q,Trimestrale,IT,Italia,NEET_I,Incidenza dei giovani Neet di 15-34 anni (non occupati e non in istruzione),1,Maschi,Y15-24,15-24 anni,99,Totale,2023-Q1,13.414001,,
Q,Trimestrale,IT,Italia,NEET_I,Incidenza dei giovani Neet di 15-34 anni (non occupati e non in istruzione),1,Maschi,Y15-24,15-24 anni,99,Totale,2023-Q2,13.189735,,
Q,Trimestrale,IT,Italia,NEET_I,Incidenza dei giovani Neet di 15-34 anni (non occupati e non in istruzione),1,Maschi,Y15-24,15-24 anni,99,Totale,2023-Q3,13.080223,,
Q,Trimestrale,IT,Italia,NEET_I,Incidenza dei giovani Neet di 15-34 anni (non occupati e non in istruzione),1,Maschi,Y15-24,15-24 anni,99,Totale,2023-Q4,12.472852,,
Q,Trimestrale,IT,Italia,NEET_I,Incidenza dei giovani Neet di 15-34 anni (non occupati e non in istruzione),1,Maschi,Y15-24,15-24 anni,99,Totale,2024-Q1,11.870627,,
Q,Trimestrale,IT,Italia,NEET_I,Incidenza dei giovani Neet di 15-34 anni (non occupati e non in istruzione),1,Maschi,Y15-24,15-24 anni,99,Totale,2024-Q2,11.810257,,
Q,Trimestrale,IT,Italia,NEET_I,Incidenza dei giovani Neet di 15-34 anni (non occupati e non in istruzione),1,Maschi,Y15-24,15-24 anni,99,Totale,2024-Q3,13.328466,,
Q,Trimestrale,IT,Italia,NEET_I,Incidenza dei giovani Neet di 15-34 anni (non occupati e non in istruzione),1,Maschi,Y15-24,15-24 anni,99,Totale,2024-Q4,12.178549,,
Q,Trimestrale,IT,Italia,NEET_I,Incidenza dei giovani Neet di 15-34 anni (non occupati e non in istruzione),1,Maschi,Y15-24,15-24 anni,99,Totale,2025-Q1,10.715295,,
Q,Trimestrale,IT,Italia,NEET_I,Incidenza dei giovani Neet di 15-34 anni (non occupati e non in istruzione),1,Maschi,Y15-24,15-24 anni,99,Totale,2025-Q2,9.141908,,
Q,Trimestrale,IT,Italia,NEET_I,Incidenza dei giovani Neet di 15-34 anni (non occupati e non in istruzione),1,Maschi,Y18-29,18-29 anni,13,'Nessun titolo di studio, licenza di scuola elementare e media',2022-Q2,27.769485,,
Q,Trimestrale,IT,Italia,NEET_I,Incidenza dei giovani Neet di 15-34 anni (non occupati e non in istruzione),1,Maschi,Y18-29,18-29 anni,13,'Nessun titolo di studio, licenza di scuola elementare e media',2022-Q3,26.833237,,
Q,Trimestrale,IT,Italia,NEET_I,Incidenza dei giovani Neet di 15-34 anni (non occupati e non in istruzione),1,Maschi,Y18-29,18-29 anni,13,'Nessun titolo di studio, licenza di scuola elementare e media',2022-Q4,23.342747,,
Q,Trimestrale,IT,Italia,NEET_I,Incidenza dei giovani Neet di 15-34 anni (non occupati e non in istruzione),1,Maschi,Y18-29,18-29 anni,13,'Nessun titolo di studio, licenza di scuola elementare e media',2023-Q1,24.419759,,
Q,Trimestrale,IT,Italia,NEET_I,Incidenza dei giovani Neet di 15-34 anni (non occupati e non in istruzione),1,Maschi,Y18-29,18-29 anni,13,'Nessun titolo di studio, licenza di scuola elementare e media',2023-Q2,24.908499,,
Q,Trimestrale,IT,Italia,NEET_I,Incidenza dei giovani Neet di 15-34 anni (non occupati e non in istruzione),1,Maschi,Y18-29,18-29 anni,13,'Nessun titolo di studio, licenza di scuola elementare e media',2023-Q3,24.944479,,
Q,Trimestrale,IT,Italia,NEET_I,Incidenza dei giovani Neet di 15-34 anni (non occupati e non in istruzione),1,Maschi,Y18-29,18-29 anni,13,'Nessun titolo di studio, licenza di scuola elementare e media',2023-Q4,19.897658,,
Q,Trimestrale,IT,Italia,NEET_I,Incidenza dei giovani Neet di 15-34 anni (non occupati e non in istruzione),1,Maschi,Y18-29,18-29 anni,13,'Nessun titolo di studio, licenza di scuola elementare e media',2024-Q1,21.792935,,
Q,Trimestrale,IT,Italia,NEET_I,Incidenza dei giovani Neet di 15-34 anni (non occupati e non in istruzione),1,Maschi,Y18-29,18-29 anni,13,'Nessun titolo di studio, licenza di scuola elementare e media',2024-Q2,19.516717,,
Q,Trimestrale,IT,Italia,NEET_I,Incidenza dei giovani Neet di 15-34 anni (non occupati e non in istruzione),1,Maschi,Y18-29,18-29 anni,13,'Nessun titolo di studio, licenza di scuola elementare e media',2024-Q3,21.722382,,
Q,Trimestrale,IT,Italia,NEET_I,Incidenza dei giovani Neet di 15-34 anni (non occupati e non in istruzione),1,Maschi,Y18-29,18-29 anni,13,'Nessun titolo di studio, licenza di scuola elementare e media',2024-Q4,21.103186,,
Q,Trimestrale,IT,Italia,NEET_I,Incidenza dei giovani Neet di 15-34 anni (non occupati e non in istruzione),1,Maschi,Y18-29,18-29 anni,13,'Nessun titolo di studio, licenza di scuola elementare e media',2025-Q1,21.248874,,
Q,Trimestrale,IT,Italia,NEET_I,Incidenza dei giovani Neet di 15-34 anni (non occupati e non in istruzione),1,Maschi,Y18-29,18-29 anni,13,'Nessun titolo di studio, licenza di scuola elementare e media',2025-Q2,16.751383,,
Q,Trimestrale,IT,Italia,NEET_I,Incidenza dei giovani Neet di 15-34 anni (non occupati e non in istruzione),1,Maschi,Y18-29,18-29 anni,7,Diploma,2022-Q2,17.885799,,
Q,Trimestrale,IT,Italia,NEET_I,Incidenza dei giovani Neet di 15-34 anni (non occupati e non in istruzione),1,Maschi,Y18-29,18-29 anni,7,Diploma,2022-Q3,18.76403,,
Q,Trimestrale,IT,Italia,NEET_I,Incidenza dei giovani Neet di 15-34 anni (non occupati e non in istruzione),1,Maschi,Y18-29,18-29 anni,7,Diploma,2022-Q4,19.151287,,
Q,Trimestrale,IT,Italia,NEET_I,Incidenza dei giovani Neet di 15-34 anni (non occupati e non in istruzione),1,Maschi,Y18-29,18-29 anni,7,Diploma,2023-Q1,16.843383,,
Q,Trimestrale,IT,Italia,NEET_I,Incidenza dei giovani Neet di 15-34 anni (non occupati e non in istruzione),1,Maschi,Y18-29,18-29 anni,7,Diploma,2023-Q2,15.76562,,
Q,Trimestrale,IT,Italia,NEET_I,Incidenza dei giovani Neet di 15-34 anni (non occupati e non in istruzione),1,Maschi,Y18-29,18-29 anni,7,Diploma,2023-Q3,16.203157,,
Q,Trimestrale,IT,Italia,NEET_I,Incidenza dei giovani Neet di 15-34 anni (non occupati e non in istruzione),1,Maschi,Y18-29,18-29 anni,7,Diploma,2023-Q4,16.267108,,
Q,Trimestrale,IT,Italia,NEET_I,Incidenza dei giovani Neet di 15-34 anni (non occupati e non in istruzione),1,Maschi,Y18-29,18-29 anni,7,Diploma,2024-Q1,15.831902,,
Q,Trimestrale,IT,Italia,NEET_I,Incidenza dei giovani Neet di 15-34 anni (non occupati e non in istruzione),1,Maschi,Y18-29,18-29 anni,7,Diploma,2024-Q2,15.649542,,
Q,Trimestrale,IT,Italia,NEET_I,Incidenza dei giovani Neet di 15-34 anni (non occupati e non in istruzione),1,Maschi,Y18-29,18-29 anni,7,Diploma,2024-Q3,17.126145,,
Q,Trimestrale,IT,Italia,NEET_I,Incidenza dei giovani Neet di 15-34 anni (non occupati e non in istruzione),1,Maschi,Y18-29,18-29 anni,7,Diploma,2024-Q4,16.206285,,
Q,Trimestrale,IT,Italia,NEET_I,Incidenza dei giovani Neet di 15-34 anni (non occupati e non in istruzione),1,Maschi,Y18-29,18-29 anni,7,Diploma,2025-Q1,14.845505,,
Q,Trimestrale,IT,Italia,NEET_I,Incidenza dei giovani Neet di 15-34 anni (non occupati e non in istruzione),1,Maschi,Y18-29,18-29 anni,7,Diploma,2025-Q2,12.546178,,
Q,Trimestrale,IT,Italia,NEET_I,Incidenza dei giovani Neet di 15-34 anni (non occupati e non in istruzione),1,Maschi,Y18-29,18-29 anni,11,Laurea e post-laurea,2022-Q2,11.706917,,
Q,Trimestrale,IT,Italia,NEET_I,Incidenza dei giovani Neet di 15-34 anni (non occupati e non in istruzione),1,Maschi,Y18-29,18-29 anni,11,Laurea e post-laurea,2022-Q3,11.169777,,
Q,Trimestrale,IT,Italia,NEET_I,Incidenza dei giovani Neet di 15-34 anni (non occupati e non in istruzione),1,Maschi,Y18-29,18-29 anni,11,Laurea e post-laurea,2022-Q4,12.327163,,
Q,Trimestrale,IT,Italia,NEET_I,Incidenza dei giovani Neet di 15-34 anni (non occupati e non in istruzione),1,Maschi,Y18-29,18-29 anni,11,Laurea e post-laurea,2023-Q1,10.56722,,
Q,Trimestrale,IT,Italia,NEET_I,Incidenza dei giovani Neet di 15-34 anni (non occupati e non in istruzione),1,Maschi,Y18-29,18-29 anni,11,Laurea e post-laurea,2023-Q2,10.76044,,
Q,Trimestrale,IT,Italia,NEET_I,Incidenza dei giovani Neet di 15-34 anni (non occupati e non in istruzione),1,Maschi,Y18-29,18-29 anni,11,Laurea e post-laurea,2023-Q3,11.233136,,
Q,Trimestrale,IT,Italia,NEET_I,Incidenza dei giovani Neet di 15-34 anni (non occupati e non in istruzione),1,Maschi,Y18-29,18-29 anni,11,Laurea e post-laurea,2023-Q4,10.178416,,
Q,Trimestrale,IT,Italia,NEET_I,Incidenza dei giovani Neet di 15-34 anni (non occupati e non in istruzione),1,Maschi,Y18-29,18-29 anni,11,Laurea e post-laurea,2024-Q1,12.469681,,
Q,Trimestrale,IT,Italia,NEET_I,Incidenza dei giovani Neet di 15-34 anni (non occupati e non in istruzione),1,Maschi,Y18-29,18-29 anni,11,Laurea e post-laurea,2024-Q2,10.457952,,
Q,Trimestrale,IT,Italia,NEET_I,Incidenza dei giovani Neet di 15-34 anni (non occupati e non in istruzione),1,Maschi,Y18-29,18-29 anni,11,Laurea e post-laurea,2024-Q3,11.28829,,
Q,Trimestrale,IT,Italia,NEET_I,Incidenza dei giovani Neet di 15-34 anni (non occupati e non in istruzione),1,Maschi,Y18-29,18-29 anni,11,Laurea e post-laurea,2024-Q4,9.744855,,
Q,Trimestrale,IT,Italia,NEET_I,Incidenza dei giovani Neet di 15-34 anni (non occupati e non in istruzione),1,Maschi,Y18-29,18-29 anni,11,Laurea e post-laurea,2025-Q1,8.694441,,
Q,Trimestrale,IT,Italia,NEET_I,Incidenza dei giovani Neet di 15-34 anni (non occupati e non in istruzione),1,Maschi,Y18-29,18-29 anni,11,Laurea e post-laurea,2025-Q2,8.591365,,
Q,Trimestrale,IT,Italia,NEET_I,Incidenza dei giovani Neet di 15-34 anni (non occupati e non in istruzione),1,Maschi,Y18-29,18-29 anni,99,Totale,2022-Q2,19.753528,,
Q,Trimestrale,IT,Italia,NEET_I,Incidenza dei giovani Neet di 15-34 anni (non occupati e non in istruzione),1,Maschi,Y18-29,18-29 anni,99,Totale,2022-Q3,19.38739,,
Q,Trimestrale,IT,Italia,NEET_I,Incidenza dei giovani Neet di 15-34 anni (non occupati e non in istruzione),1,Maschi,Y18-29,18-29 anni,99,Totale,2022-Q4,19.308571,,
Q,Trimestrale,IT,Italia,NEET_I,Incidenza dei giovani Neet di 15-34 anni (non occupati e non in istruzione),1,Maschi,Y18-29,18-29 anni,99,Totale,2023-Q1,18.014875,,
Q,Trimestrale,IT,Italia,NEET_I,Incidenza dei giovani Neet di 15-34 anni (non occupati e non in istruzione),1,Maschi,Y18-29,18-29 anni,99,Totale,2023-Q2,17.544864,,
Q,Trimestrale,IT,Italia,NEET_I,Incidenza dei giovani Neet di 15-34 anni (non occupati e non in istruzione),1,Maschi,Y18-29,18-29 anni,99,Totale,2023-Q3,17.4852,,
Q,Trimestrale,IT,Italia,NEET_I,Incidenza dei giovani Neet di 15-34 anni (non occupati e non in istruzione),1,Maschi,Y18-29,18-29 anni,99,Totale,2023-Q4,16.189671,,
Q,Trimestrale,IT,Italia,NEET_I,Incidenza dei giovani Neet di 15-34 anni (non occupati e non in istruzione),1,Maschi,Y18-29,18-29 anni,99,Totale,2024-Q1,16.808613,,
Q,Trimestrale,IT,Italia,NEET_I,Incidenza dei giovani Neet di 15-34 anni (non occupati e non in istruzione),1,Maschi,Y18-29,18-29 anni,99,Totale,2024-Q2,15.858852,,
Q,Trimestrale,IT,Italia,NEET_I,Incidenza dei giovani Neet di 15-34 anni (non occupati e non in istruzione),1,Maschi,Y18-29,18-29 anni,99,Totale,2024-Q3,17.431571,,
Q,Trimestrale,IT,Italia,NEET_I,Incidenza dei giovani Neet di 15-34 anni (non occupati e non in istruzione),1,Maschi,Y18-29,18-29 anni,99,Totale,2024-Q4,16.591944,,
Q,Trimestrale,IT,Italia,NEET_I,Incidenza dei giovani Neet di 15-34 anni (non occupati e non in istruzione),1,Maschi,Y18-29,18-29 anni,99,Totale,2025-Q1,15.666365,,
Q,Trimestrale,IT,Italia,NEET_I,Incidenza dei giovani Neet di 15-34 anni (non occupati e non in istruzione),1,Maschi,Y18-29,18-29 anni,99,Totale,2025-Q2,13.075616,,
Q,Trimestrale,IT,Italia,NEET_I,Incidenza dei giovani Neet di 15-34 anni (non occupati e non in istruzione),1,Maschi,Y15-29,15-29 anni,13,'Nessun titolo di studio, licenza di scuola elementare e media',2022-Q2,19.098286,,
Q,Trimestrale,IT,Italia,NEET_I,Incidenza dei giovani Neet di 15-34 anni (non occupati e non in istruzione),1,Maschi,Y15-29,15-29 anni,13,'Nessun titolo di studio, licenza di scuola elementare e media',2022-Q3,14.666234,,
Q,Trimestrale,IT,Italia,NEET_I,Incidenza dei giovani Neet di 15-34 anni (non occupati e non in istruzione),1,Maschi,Y15-29,15-29 anni,13,'Nessun titolo di studio, licenza di scuola elementare e media',2022-Q4,13.656775,,
Q,Trimestrale,IT,Italia,NEET_I,Incidenza dei giovani Neet di 15-34 anni (non occupati e non in istruzione),1,Maschi,Y15-29,15-29 anni,13,'Nessun titolo di studio, licenza di scuola elementare e media',2023-Q1,14.207082,,
Q,Trimestrale,IT,Italia,NEET_I,Incidenza dei giovani Neet di 15-34 anni (non occupati e non in istruzione),1,Maschi,Y15-29,15-29 anni,13,'Nessun titolo di studio, licenza di scuola elementare e media',2023-Q2,14.097071,,
Q,Trimestrale,IT,Italia,NEET_I,Incidenza dei giovani Neet di 15-34 anni (non occupati e non in istruzione),1,Maschi,Y15-29,15-29 anni,13,'Nessun titolo di studio, licenza di scuola elementare e media',2023-Q3,13.228915,,
Q,Trimestrale,IT,Italia,NEET_I,Incidenza dei giovani Neet di 15-34 anni (non occupati e non in istruzione),1,Maschi,Y15-29,15-29 anni,13,'Nessun titolo di studio, licenza di scuola elementare e media',2023-Q4,10.912758,,
Q,Trimestrale,IT,Italia,NEET_I,Incidenza dei giovani Neet di 15-34 anni (non occupati e non in istruzione),1,Maschi,Y15-29,15-29 anni,13,'Nessun titolo di studio, licenza di scuola elementare e media',2024-Q1,12.151584,,
Q,Trimestrale,IT,Italia,NEET_I,Incidenza dei giovani Neet di 15-34 anni (non occupati e non in istruzione),1,Maschi,Y15-29,15-29 anni,13,'Nessun titolo di studio, licenza di scuola elementare e media',2024-Q2,11.090142,,
Q,Trimestrale,IT,Italia,NEET_I,Incidenza dei giovani Neet di 15-34 anni (non occupati e non in istruzione),1,Maschi,Y15-29,15-29 anni,13,'Nessun titolo di studio, licenza di scuola elementare e media',2024-Q3,11.828956,,
Q,Trimestrale,IT,Italia,NEET_I,Incidenza dei giovani Neet di 15-34 anni (non occupati e non in istruzione),1,Maschi,Y15-29,15-29 anni,13,'Nessun titolo di studio, licenza di scuola elementare e media',2024-Q4,11.910681,,
Q,Trimestrale,IT,Italia,NEET_I,Incidenza dei giovani Neet di 15-34 anni (non occupati e non in istruzione),1,Maschi,Y15-29,15-29 anni,13,'Nessun titolo di studio, licenza di scuola elementare e media',2025-Q1,11.91865,,
Q,Trimestrale,IT,Italia,NEET_I,Incidenza dei giovani Neet di 15-34 anni (non occupati e non in istruzione),1,Maschi,Y15-29,15-29 anni,13,'Nessun titolo di studio, licenza di scuola elementare e media',2025-Q2,9.265341,,
Q,Trimestrale,IT,Italia,NEET_I,Incidenza dei giovani Neet di 15-34 anni (non occupati e non in istruzione),1,Maschi,Y15-29,15-29 anni,7,Diploma,2022-Q2,17.957669,,
Q,Trimestrale,IT,Italia,NEET_I,Incidenza dei giovani Neet di 15-34 anni (non occupati e non in istruzione),1,Maschi,Y15-29,15-29 anni,7,Diploma,2022-Q3,18.728068,,
Q,Trimestrale,IT,Italia,NEET_I,Incidenza dei giovani Neet di 15-34 anni (non occupati e non in istruzione),1,Maschi,Y15-29,15-29 anni,7,Diploma,2022-Q4,19.151512,,
Q,Trimestrale,IT,Italia,NEET_I,Incidenza dei giovani Neet di 15-34 anni (non occupati e non in istruzione),1,Maschi,Y15-29,15-29 anni,7,Diploma,2023-Q1,16.818681,,
Q,Trimestrale,IT,Italia,NEET_I,Incidenza dei giovani Neet di 15-34 anni (non occupati e non in istruzione),1,Maschi,Y15-29,15-29 anni,7,Diploma,2023-Q2,15.794012,,
Q,Trimestrale,IT,Italia,NEET_I,Incidenza dei giovani Neet di 15-34 anni (non occupati e non in istruzione),1,Maschi,Y15-29,15-29 anni,7,Diploma,2023-Q3,16.409851,,
Q,Trimestrale,IT,Italia,NEET_I,Incidenza dei giovani Neet di 15-34 anni (non occupati e non in istruzione),1,Maschi,Y15-29,15-29 anni,7,Diploma,2023-Q4,16.353656,,
Q,Trimestrale,IT,Italia,NEET_I,Incidenza dei giovani Neet di 15-34 anni (non occupati e non in istruzione),1,Maschi,Y15-29,15-29 anni,7,Diploma,2024-Q1,15.930534,,
Q,Trimestrale,IT,Italia,NEET_I,Incidenza dei giovani Neet di 15-34 anni (non occupati e non in istruzione),1,Maschi,Y15-29,15-29 anni,7,Diploma,2024-Q2,15.658485,,
Q,Trimestrale,IT,Italia,NEET_I,Incidenza dei giovani Neet di 15-34 anni (non occupati e non in istruzione),1,Maschi,Y15-29,15-29 anni,7,Diploma,2024-Q3,17.152238,,
Q,Trimestrale,IT,Italia,NEET_I,Incidenza dei giovani Neet di 15-34 anni (non occupati e non in istruzione),1,Maschi,Y15-29,15-29 anni,7,Diploma,2024-Q4,16.251668,,
Q,Trimestrale,IT,Italia,NEET_I,Incidenza dei giovani Neet di 15-34 anni (non occupati e non in istruzione),1,Maschi,Y15-29,15-29 anni,7,Diploma,2025-Q1,14.953649,,
Q,Trimestrale,IT,Italia,NEET_I,Incidenza dei giovani Neet di 15-34 anni (non occupati e non in istruzione),1,Maschi,Y15-29,15-29 anni,7,Diploma,2025-Q2,12.532852,,
Q,Trimestrale,IT,Italia,NEET_I,Incidenza dei giovani Neet di 15-34 anni (non occupati e non in istruzione),1,Maschi,Y15-29,15-29 anni,11,Laurea e post-laurea,2022-Q2,11.706917,,
Q,Trimestrale,IT,Italia,NEET_I,Incidenza dei giovani Neet di 15-34 anni (non occupati e non in istruzione),1,Maschi,Y15-29,15-29 anni,11,Laurea e post-laurea,2022-Q3,11.169777,,
Q,Trimestrale,IT,Italia,NEET_I,Incidenza dei giovani Neet di 15-34 anni (non occupati e non in istruzione),1,Maschi,Y15-29,15-29 anni,11,Laurea e post-laurea,2022-Q4,12.327163,,
Q,Trimestrale,IT,Italia,NEET_I,Incidenza dei giovani Neet di 15-34 anni (non occupati e non in istruzione),1,Maschi,Y15-29,15-29 anni,11,Laurea e post-laurea,2023-Q1,10.56722,,
Q,Trimestrale,IT,Italia,NEET_I,Incidenza dei giovani Neet di 15-34 anni (non occupati e non in istruzione),1,Maschi,Y15-29,15-29 anni,11,Laurea e post-laurea,2023-Q2,10.76044,,
Q,Trimestrale,IT,Italia,NEET_I,Incidenza dei giovani Neet di 15-34 anni (non occupati e non in istruzione),1,Maschi,Y15-29,15-29 anni,11,Laurea e post-laurea,2023-Q3,11.233136,,
Q,Trimestrale,IT,Italia,NEET_I,Incidenza dei giovani Neet di 15-34 anni (non occupati e non in istruzione),1,Maschi,Y15-29,15-29 anni,11,Laurea e post-laurea,2023-Q4,10.178416,,
Q,Trimestrale,IT,Italia,NEET_I,Incidenza dei giovani Neet di 15-34 anni (non occupati e non in istruzione),1,Maschi,Y15-29,15-29 anni,11,Laurea e post-laurea,2024-Q1,12.469681,,
Q,Trimestrale,IT,Italia,NEET_I,Incidenza dei giovani Neet di 15-34 anni (non occupati e non in istruzione),1,Maschi,Y15-29,15-29 anni,11,Laurea e post-laurea,2024-Q2,10.457952,,
Q,Trimestrale,IT,Italia,NEET_I,Incidenza dei giovani Neet di 15-34 anni (non occupati e non in istruzione),1,Maschi,Y15-29,15-29 anni,11,Laurea e post-laurea,2024-Q3,11.28829,,
Q,Trimestrale,IT,Italia,NEET_I,Incidenza dei giovani Neet di 15-34 anni (non occupati e non in istruzione),1,Maschi,Y15-29,15-29 anni,11,Laurea e post-laurea,2024-Q4,9.744855,,
Q,Trimestrale,IT,Italia,NEET_I,Incidenza dei giovani Neet di 15-34 anni (non occupati e non in istruzione),1,Maschi,Y15-29,15-29 anni,11,Laurea e post-laurea,2025-Q1,8.694441,,
Q,Trimestrale,IT,Italia,NEET_I,Incidenza dei giovani Neet di 15-34 anni (non occupati e non in istruzione),1,Maschi,Y15-29,15-29 anni,11,Laurea e post-laurea,2025-Q2,8.591365,,
Q,Trimestrale,IT,Italia,NEET_I,Incidenza dei giovani Neet di 15-34 anni (non occupati e non in istruzione),1,Maschi,Y15-29,15-29 anni,99,Totale,2022-Q2,17.701686,,
Q,Trimestrale,IT,Italia,NEET_I,Incidenza dei giovani Neet di 15-34 anni (non occupati e non in istruzione),1,Maschi,Y15-29,15-29 anni,99,Totale,2022-Q3,16.231216,,
Q,Trimestrale,IT,Italia,NEET_I,Incidenza dei giovani Neet di 15-34 anni (non occupati e non in istruzione),1,Maschi,Y15-29,15-29 anni,99,Totale,2022-Q4,16.118838,,
Q,Trimestrale,IT,Italia,NEET_I,Incidenza dei giovani Neet di 15-34 anni (non occupati e non in istruzione),1,Maschi,Y15-29,15-29 anni,99,Totale,2023-Q1,14.987202,,
Q,Trimestrale,IT,Italia,NEET_I,Incidenza dei giovani Neet di 15-34 anni (non occupati e non in istruzione),1,Maschi,Y15-29,15-29 anni,99,Totale,2023-Q2,14.507029,,
Q,Trimestrale,IT,Italia,NEET_I,Incidenza dei giovani Neet di 15-34 anni (non occupati e non in istruzione),1,Maschi,Y15-29,15-29 anni,99,Totale,2023-Q3,14.545881,,
Q,Trimestrale,IT,Italia,NEET_I,Incidenza dei giovani Neet di 15-34 anni (non occupati e non in istruzione),1,Maschi,Y15-29,15-29 anni,99,Totale,2023-Q4,13.508647,,
Q,Trimestrale,IT,Italia,NEET_I,Incidenza dei giovani Neet di 15-34 anni (non occupati e non in istruzione),1,Maschi,Y15-29,15-29 anni,99,Totale,2024-Q1,13.985876,,
Q,Trimestrale,IT,Italia,NEET_I,Incidenza dei giovani Neet di 15-34 anni (non occupati e non in istruzione),1,Maschi,Y15-29,15-29 anni,99,Totale,2024-Q2,13.20091,,
Q,Trimestrale,IT,Italia,NEET_I,Incidenza dei giovani Neet di 15-34 anni (non occupati e non in istruzione),1,Maschi,Y15-29,15-29 anni,99,Totale,2024-Q3,14.415868,,
Q,Trimestrale,IT,Italia,NEET_I,Incidenza dei giovani Neet di 15-34 anni (non occupati e non in istruzione),1,Maschi,Y15-29,15-29 anni,99,Totale,2024-Q4,13.783773,,
Q,Trimestrale,IT,Italia,NEET_I,Incidenza dei giovani Neet di 15-34 anni (non occupati e non in istruzione),1,Maschi,Y15-29,15-29 anni,99,Totale,2025-Q1,12.99317,,
Q,Trimestrale,IT,Italia,NEET_I,Incidenza dei giovani Neet di 15-34 anni (non occupati e non in istruzione),1,Maschi,Y15-29,15-29 anni,99,Totale,2025-Q2,10.777611,,
Q,Trimestrale,IT,Italia,NEET_I,Incidenza dei giovani Neet di 15-34 anni (non occupati e non in istruzione),1,Maschi,Y15-34,15-34 anni,13,'Nessun titolo di studio, licenza di scuola elementare e media',2022-Q2,20.637094,,
Q,Trimestrale,IT,Italia,NEET_I,Incidenza dei giovani Neet di 15-34 anni (non occupati e non in istruzione),1,Maschi,Y15-34,15-34 anni,13,'Nessun titolo di studio, licenza di scuola elementare e media',2022-Q3,16.546848,,
Q,Trimestrale,IT,Italia,NEET_I,Incidenza dei giovani Neet di 15-34 anni (non occupati e non in istruzione),1,Maschi,Y15-34,15-34 anni,13,'Nessun titolo di studio, licenza di scuola elementare e media',2022-Q4,15.888586,,
Q,Trimestrale,IT,Italia,NEET_I,Incidenza dei giovani Neet di 15-34 anni (non occupati e non in istruzione),1,Maschi,Y15-34,15-34 anni,13,'Nessun titolo di studio, licenza di scuola elementare e media',2023-Q1,16.730851,,
Q,Trimestrale,IT,Italia,NEET_I,Incidenza dei giovani Neet di 15-34 anni (non occupati e non in istruzione),1,Maschi,Y15-34,15-34 anni,13,'Nessun titolo di studio, licenza di scuola elementare e media',2023-Q2,15.866907,,
Q,Trimestrale,IT,Italia,NEET_I,Incidenza dei giovani Neet di 15-34 anni (non occupati e non in istruzione),1,Maschi,Y15-34,15-34 anni,13,'Nessun titolo di studio, licenza di scuola elementare e media',2023-Q3,15.152294,,
Q,Trimestrale,IT,Italia,NEET_I,Incidenza dei giovani Neet di 15-34 anni (non occupati e non in istruzione),1,Maschi,Y15-34,15-34 anni,13,'Nessun titolo di studio, licenza di scuola elementare e media',2023-Q4,13.416483,,
Q,Trimestrale,IT,Italia,NEET_I,Incidenza dei giovani Neet di 15-34 anni (non occupati e non in istruzione),1,Maschi,Y15-34,15-34 anni,13,'Nessun titolo di studio, licenza di scuola elementare e media',2024-Q1,14.962378,,
Q,Trimestrale,IT,Italia,NEET_I,Incidenza dei giovani Neet di 15-34 anni (non occupati e non in istruzione),1,Maschi,Y15-34,15-34 anni,13,'Nessun titolo di studio, licenza di scuola elementare e media',2024-Q2,13.25507,,
Q,Trimestrale,IT,Italia,NEET_I,Incidenza dei giovani Neet di 15-34 anni (non occupati e non in istruzione),1,Maschi,Y15-34,15-34 anni,13,'Nessun titolo di studio, licenza di scuola elementare e media',2024-Q3,14.306916,,
Q,Trimestrale,IT,Italia,NEET_I,Incidenza dei giovani Neet di 15-34 anni (non occupati e non in istruzione),1,Maschi,Y15-34,15-34 anni,13,'Nessun titolo di studio, licenza di scuola elementare e media',2024-Q4,14.621512,,
Q,Trimestrale,IT,Italia,NEET_I,Incidenza dei giovani Neet di 15-34 anni (non occupati e non in istruzione),1,Maschi,Y15-34,15-34 anni,13,'Nessun titolo di studio, licenza di scuola elementare e media',2025-Q1,14.842377,,
Q,Trimestrale,IT,Italia,NEET_I,Incidenza dei giovani Neet di 15-34 anni (non occupati e non in istruzione),1,Maschi,Y15-34,15-34 anni,13,'Nessun titolo di studio, licenza di scuola elementare e media',2025-Q2,12.022407,,
Q,Trimestrale,IT,Italia,NEET_I,Incidenza dei giovani Neet di 15-34 anni (non occupati e non in istruzione),1,Maschi,Y15-34,15-34 anni,7,Diploma,2022-Q2,16.340445,,
Q,Trimestrale,IT,Italia,NEET_I,Incidenza dei giovani Neet di 15-34 anni (non occupati e non in istruzione),1,Maschi,Y15-34,15-34 anni,7,Diploma,2022-Q3,17.220248,,
Q,Trimestrale,IT,Italia,NEET_I,Incidenza dei giovani Neet di 15-34 anni (non occupati e non in istruzione),1,Maschi,Y15-34,15-34 anni,7,Diploma,2022-Q4,17.197803,,
Q,Trimestrale,IT,Italia,NEET_I,Incidenza dei giovani Neet di 15-34 anni (non occupati e non in istruzione),1,Maschi,Y15-34,15-34 anni,7,Diploma,2023-Q1,15.911477,,
Q,Trimestrale,IT,Italia,NEET_I,Incidenza dei giovani Neet di 15-34 anni (non occupati e non in istruzione),1,Maschi,Y15-34,15-34 anni,7,Diploma,2023-Q2,14.674567,,
Q,Trimestrale,IT,Italia,NEET_I,Incidenza dei giovani Neet di 15-34 anni (non occupati e non in istruzione),1,Maschi,Y15-34,15-34 anni,7,Diploma,2023-Q3,15.334322,,
Q,Trimestrale,IT,Italia,NEET_I,Incidenza dei giovani Neet di 15-34 anni (non occupati e non in istruzione),1,Maschi,Y15-34,15-34 anni,7,Diploma,2023-Q4,15.772706,,
Q,Trimestrale,IT,Italia,NEET_I,Incidenza dei giovani Neet di 15-34 anni (non occupati e non in istruzione),1,Maschi,Y15-34,15-34 anni,7,Diploma,2024-Q1,15.536194,,
Q,Trimestrale,IT,Italia,NEET_I,Incidenza dei giovani Neet di 15-34 anni (non occupati e non in istruzione),1,Maschi,Y15-34,15-34 anni,7,Diploma,2024-Q2,15.378428,,
Q,Trimestrale,IT,Italia,NEET_I,Incidenza dei giovani Neet di 15-34 anni (non occupati e non in istruzione),1,Maschi,Y15-34,15-34 anni,7,Diploma,2024-Q3,16.061212,,
Q,Trimestrale,IT,Italia,NEET_I,Incidenza dei giovani Neet di 15-34 anni (non occupati e non in istruzione),1,Maschi,Y15-34,15-34 anni,7,Diploma,2024-Q4,15.318913,,
Q,Trimestrale,IT,Italia,NEET_I,Incidenza dei giovani Neet di 15-34 anni (non occupati e non in istruzione),1,Maschi,Y15-34,15-34 anni,7,Diploma,2025-Q1,14.055287,,
Q,Trimestrale,IT,Italia,NEET_I,Incidenza dei giovani Neet di 15-34 anni (non occupati e non in istruzione),1,Maschi,Y15-34,15-34 anni,7,Diploma,2025-Q2,11.78146,,
Q,Trimestrale,IT,Italia,NEET_I,Incidenza dei giovani Neet di 15-34 anni (non occupati e non in istruzione),1,Maschi,Y15-34,15-34 anni,11,Laurea e post-laurea,2022-Q2,9.946807,,
Q,Trimestrale,IT,Italia,NEET_I,Incidenza dei giovani Neet di 15-34 anni (non occupati e non in istruzione),1,Maschi,Y15-34,15-34 anni,11,Laurea e post-laurea,2022-Q3,9.894956,,
Q,Trimestrale,IT,Italia,NEET_I,Incidenza dei giovani Neet di 15-34 anni (non occupati e non in istruzione),1,Maschi,Y15-34,15-34 anni,11,Laurea e post-laurea,2022-Q4,10.148588,,
Q,Trimestrale,IT,Italia,NEET_I,Incidenza dei giovani Neet di 15-34 anni (non occupati e non in istruzione),1,Maschi,Y15-34,15-34 anni,11,Laurea e post-laurea,2023-Q1,10.146825,,
Q,Trimestrale,IT,Italia,NEET_I,Incidenza dei giovani Neet di 15-34 anni (non occupati e non in istruzione),1,Maschi,Y15-34,15-34 anni,11,Laurea e post-laurea,2023-Q2,9.485449,,
Q,Trimestrale,IT,Italia,NEET_I,Incidenza dei giovani Neet di 15-34 anni (non occupati e non in istruzione),1,Maschi,Y15-34,15-34 anni,11,Laurea e post-laurea,2023-Q3,9.921206,,
Q,Trimestrale,IT,Italia,NEET_I,Incidenza dei giovani Neet di 15-34 anni (non occupati e non in istruzione),1,Maschi,Y15-34,15-34 anni,11,Laurea e post-laurea,2023-Q4,8.568472,,
Q,Trimestrale,IT,Italia,NEET_I,Incidenza dei giovani Neet di 15-34 anni (non occupati e non in istruzione),1,Maschi,Y15-34,15-34 anni,11,Laurea e post-laurea,2024-Q1,9.827083,,
Q,Trimestrale,IT,Italia,NEET_I,Incidenza dei giovani Neet di 15-34 anni (non occupati e non in istruzione),1,Maschi,Y15-34,15-34 anni,11,Laurea e post-laurea,2024-Q2,9.425774,,
Q,Trimestrale,IT,Italia,NEET_I,Incidenza dei giovani Neet di 15-34 anni (non occupati e non in istruzione),1,Maschi,Y15-34,15-34 anni,11,Laurea e post-laurea,2024-Q3,9.432481,,
Q,Trimestrale,IT,Italia,NEET_I,Incidenza dei giovani Neet di 15-34 anni (non occupati e non in istruzione),1,Maschi,Y15-34,15-34 anni,11,Laurea e post-laurea,2024-Q4,9.072729,,
Q,Trimestrale,IT,Italia,NEET_I,Incidenza dei giovani Neet di 15-34 anni (non occupati e non in istruzione),1,Maschi,Y15-34,15-34 anni,11,Laurea e post-laurea,2025-Q1,7.491814,,
Q,Trimestrale,IT,Italia,NEET_I,Incidenza dei giovani Neet di 15-34 anni (non occupati e non in istruzione),1,Maschi,Y15-34,15-34 anni,11,Laurea e post-laurea,2025-Q2,7.437629,,
Q,Trimestrale,IT,Italia,NEET_I,Incidenza dei giovani Neet di 15-34 anni (non occupati e non in istruzione),1,Maschi,Y15-34,15-34 anni,99,Totale,2022-Q2,17.123232,,
Q,Trimestrale,IT,Italia,NEET_I,Incidenza dei giovani Neet di 15-34 anni (non occupati e non in istruzione),1,Maschi,Y15-34,15-34 anni,99,Totale,2022-Q3,15.871712,,
Q,Trimestrale,IT,Italia,NEET_I,Incidenza dei giovani Neet di 15-34 anni (non occupati e non in istruzione),1,Maschi,Y15-34,15-34 anni,99,Totale,2022-Q4,15.708085,,
Q,Trimestrale,IT,Italia,NEET_I,Incidenza dei giovani Neet di 15-34 anni (non occupati e non in istruzione),1,Maschi,Y15-34,15-34 anni,99,Totale,2023-Q1,15.388342,,
Q,Trimestrale,IT,Italia,NEET_I,Incidenza dei giovani Neet di 15-34 anni (non occupati e non in istruzione),1,Maschi,Y15-34,15-34 anni,99,Totale,2023-Q2,14.396744,,
Q,Trimestrale,IT,Italia,NEET_I,Incidenza dei giovani Neet di 15-34 anni (non occupati e non in istruzione),1,Maschi,Y15-34,15-34 anni,99,Totale,2023-Q3,14.43949,,
Q,Trimestrale,IT,Italia,NEET_I,Incidenza dei giovani Neet di 15-34 anni (non occupati e non in istruzione),1,Maschi,Y15-34,15-34 anni,99,Totale,2023-Q4,13.860368,,
Q,Trimestrale,IT,Italia,NEET_I,Incidenza dei giovani Neet di 15-34 anni (non occupati e non in istruzione),1,Maschi,Y15-34,15-34 anni,99,Totale,2024-Q1,14.433082,,
Q,Trimestrale,IT,Italia,NEET_I,Incidenza dei giovani Neet di 15-34 anni (non occupati e non in istruzione),1,Maschi,Y15-34,15-34 anni,99,Totale,2024-Q2,13.690419,,
Q,Trimestrale,IT,Italia,NEET_I,Incidenza dei giovani Neet di 15-34 anni (non occupati e non in istruzione),1,Maschi,Y15-34,15-34 anni,99,Totale,2024-Q3,14.479954,,
Q,Trimestrale,IT,Italia,NEET_I,Incidenza dei giovani Neet di 15-34 anni (non occupati e non in istruzione),1,Maschi,Y15-34,15-34 anni,99,Totale,2024-Q4,14.176973,,
Q,Trimestrale,IT,Italia,NEET_I,Incidenza dei giovani Neet di 15-34 anni (non occupati e non in istruzione),1,Maschi,Y15-34,15-34 anni,99,Totale,2025-Q1,13.356556,,
Q,Trimestrale,IT,Italia,NEET_I,Incidenza dei giovani Neet di 15-34 anni (non occupati e non in istruzione),1,Maschi,Y15-34,15-34 anni,99,Totale,2025-Q2,11.229337,,
Q,Trimestrale,IT,Italia,NEET_I,Incidenza dei giovani Neet di 15-34 anni (non occupati e non in istruzione),2,Femmine,Y15-24,15-24 anni,13,'Nessun titolo di studio, licenza di scuola elementare e media',2022-Q2,14.146932,,
Q,Trimestrale,IT,Italia,NEET_I,Incidenza dei giovani Neet di 15-34 anni (non occupati e non in istruzione),2,Femmine,Y15-24,15-24 anni,13,'Nessun titolo di studio, licenza di scuola elementare e media',2022-Q3,12.476187,,
Q,Trimestrale,IT,Italia,NEET_I,Incidenza dei giovani Neet di 15-34 anni (non occupati e non in istruzione),2,Femmine,Y15-24,15-24 anni,13,'Nessun titolo di studio, licenza di scuola elementare e media',2022-Q4,12.014811,,
Q,Trimestrale,IT,Italia,NEET_I,Incidenza dei giovani Neet di 15-34 anni (non occupati e non in istruzione),2,Femmine,Y15-24,15-24 anni,13,'Nessun titolo di studio, licenza di scuola elementare e media',2023-Q1,10.73958,,
Q,Trimestrale,IT,Italia,NEET_I,Incidenza dei giovani Neet di 15-34 anni (non occupati e non in istruzione),2,Femmine,Y15-24,15-24 anni,13,'Nessun titolo di studio, licenza di scuola elementare e media',2023-Q2,7.783492,,
Q,Trimestrale,IT,Italia,NEET_I,Incidenza dei giovani Neet di 15-34 anni (non occupati e non in istruzione),2,Femmine,Y15-24,15-24 anni,13,'Nessun titolo di studio, licenza di scuola elementare e media',2023-Q3,9.905182,,
Q,Trimestrale,IT,Italia,NEET_I,Incidenza dei giovani Neet di 15-34 anni (non occupati e non in istruzione),2,Femmine,Y15-24,15-24 anni,13,'Nessun titolo di studio, licenza di scuola elementare e media',2023-Q4,9.227076,,
Q,Trimestrale,IT,Italia,NEET_I,Incidenza dei giovani Neet di 15-34 anni (non occupati e non in istruzione),2,Femmine,Y15-24,15-24 anni,13,'Nessun titolo di studio, licenza di scuola elementare e media',2024-Q1,8.361651,,
Q,Trimestrale,IT,Italia,NEET_I,Incidenza dei giovani Neet di 15-34 anni (non occupati e non in istruzione),2,Femmine,Y15-24,15-24 anni,13,'Nessun titolo di studio, licenza di scuola elementare e media',2024-Q2,8.344148,,
Q,Trimestrale,IT,Italia,NEET_I,Incidenza dei giovani Neet di 15-34 anni (non occupati e non in istruzione),2,Femmine,Y15-24,15-24 anni,13,'Nessun titolo di studio, licenza di scuola elementare e media',2024-Q3,8.816308,,
Q,Trimestrale,IT,Italia,NEET_I,Incidenza dei giovani Neet di 15-34 anni (non occupati e non in istruzione),2,Femmine,Y15-24,15-24 anni,13,'Nessun titolo di studio, licenza di scuola elementare e media',2024-Q4,7.791967,,
Q,Trimestrale,IT,Italia,NEET_I,Incidenza dei giovani Neet di 15-34 anni (non occupati e non in istruzione),2,Femmine,Y15-24,15-24 anni,13,'Nessun titolo di studio, licenza di scuola elementare e media',2025-Q1,7.24271,,
Q,Trimestrale,IT,Italia,NEET_I,Incidenza dei giovani Neet di 15-34 anni (non occupati e non in istruzione),2,Femmine,Y15-24,15-24 anni,13,'Nessun titolo di studio, licenza di scuola elementare e media',2025-Q2,6.583424,,
Q,Trimestrale,IT,Italia,NEET_I,Incidenza dei giovani Neet di 15-34 anni (non occupati e non in istruzione),2,Femmine,Y15-24,15-24 anni,7,Diploma,2022-Q2,19.261101,,
Q,Trimestrale,IT,Italia,NEET_I,Incidenza dei giovani Neet di 15-34 anni (non occupati e non in istruzione),2,Femmine,Y15-24,15-24 anni,7,Diploma,2022-Q3,13.955263,,
Q,Trimestrale,IT,Italia,NEET_I,Incidenza dei giovani Neet di 15-34 anni (non occupati e non in istruzione),2,Femmine,Y15-24,15-24 anni,7,Diploma,2022-Q4,15.509046,,
Q,Trimestrale,IT,Italia,NEET_I,Incidenza dei giovani Neet di 15-34 anni (non occupati e non in istruzione),2,Femmine,Y15-24,15-24 anni,7,Diploma,2023-Q1,14.89113,,
Q,Trimestrale,IT,Italia,NEET_I,Incidenza dei giovani Neet di 15-34 anni (non occupati e non in istruzione),2,Femmine,Y15-24,15-24 anni,7,Diploma,2023-Q2,15.874838,,
Q,Trimestrale,IT,Italia,NEET_I,Incidenza dei giovani Neet di 15-34 anni (non occupati e non in istruzione),2,Femmine,Y15-24,15-24 anni,7,Diploma,2023-Q3,15.255244,,
Q,Trimestrale,IT,Italia,NEET_I,Incidenza dei giovani Neet di 15-34 anni (non occupati e non in istruzione),2,Femmine,Y15-24,15-24 anni,7,Diploma,2023-Q4,16.397685,,
Q,Trimestrale,IT,Italia,NEET_I,Incidenza dei giovani Neet di 15-34 anni (non occupati e non in istruzione),2,Femmine,Y15-24,15-24 anni,7,Diploma,2024-Q1,16.232329,,
Q,Trimestrale,IT,Italia,NEET_I,Incidenza dei giovani Neet di 15-34 anni (non occupati e non in istruzione),2,Femmine,Y15-24,15-24 anni,7,Diploma,2024-Q2,13.615288,,
Q,Trimestrale,IT,Italia,NEET_I,Incidenza dei giovani Neet di 15-34 anni (non occupati e non in istruzione),2,Femmine,Y15-24,15-24 anni,7,Diploma,2024-Q3,16.553725,,
Q,Trimestrale,IT,Italia,NEET_I,Incidenza dei giovani Neet di 15-34 anni (non occupati e non in istruzione),2,Femmine,Y15-24,15-24 anni,7,Diploma,2024-Q4,14.190251,,
Q,Trimestrale,IT,Italia,NEET_I,Incidenza dei giovani Neet di 15-34 anni (non occupati e non in istruzione),2,Femmine,Y15-24,15-24 anni,7,Diploma,2025-Q1,13.892638,,
Q,Trimestrale,IT,Italia,NEET_I,Incidenza dei giovani Neet di 15-34 anni (non occupati e non in istruzione),2,Femmine,Y15-24,15-24 anni,7,Diploma,2025-Q2,12.066386,,
Q,Trimestrale,IT,Italia,NEET_I,Incidenza dei giovani Neet di 15-34 anni (non occupati e non in istruzione),2,Femmine,Y15-24,15-24 anni,11,Laurea e post-laurea,2022-Q2,15.939539,,
Q,Trimestrale,IT,Italia,NEET_I,Incidenza dei giovani Neet di 15-34 anni (non occupati e non in istruzione),2,Femmine,Y15-24,15-24 anni,11,Laurea e post-laurea,2022-Q3,14.068467,,
Q,Trimestrale,IT,Italia,NEET_I,Incidenza dei giovani Neet di 15-34 anni (non occupati e non in istruzione),2,Femmine,Y15-24,15-24 anni,11,Laurea e post-laurea,2022-Q4,10.762943,,
Q,Trimestrale,IT,Italia,NEET_I,Incidenza dei giovani Neet di 15-34 anni (non occupati e non in istruzione),2,Femmine,Y15-24,15-24 anni,11,Laurea e post-laurea,2023-Q1,7.369907,,
Q,Trimestrale,IT,Italia,NEET_I,Incidenza dei giovani Neet di 15-34 anni (non occupati e non in istruzione),2,Femmine,Y15-24,15-24 anni,11,Laurea e post-laurea,2023-Q2,10.5896,,
Q,Trimestrale,IT,Italia,NEET_I,Incidenza dei giovani Neet di 15-34 anni (non occupati e non in istruzione),2,Femmine,Y15-24,15-24 anni,11,Laurea e post-laurea,2023-Q3,13.247684,,
Q,Trimestrale,IT,Italia,NEET_I,Incidenza dei giovani Neet di 15-34 anni (non occupati e non in istruzione),2,Femmine,Y15-24,15-24 anni,11,Laurea e post-laurea,2023-Q4,8.531966,,
Q,Trimestrale,IT,Italia,NEET_I,Incidenza dei giovani Neet di 15-34 anni (non occupati e non in istruzione),2,Femmine,Y15-24,15-24 anni,11,Laurea e post-laurea,2024-Q1,7.227874,,
Q,Trimestrale,IT,Italia,NEET_I,Incidenza dei giovani Neet di 15-34 anni (non occupati e non in istruzione),2,Femmine,Y15-24,15-24 anni,11,Laurea e post-laurea,2024-Q2,9.99334,,
Q,Trimestrale,IT,Italia,NEET_I,Incidenza dei giovani Neet di 15-34 anni (non occupati e non in istruzione),2,Femmine,Y15-24,15-24 anni,11,Laurea e post-laurea,2024-Q3,13.49538,,
Q,Trimestrale,IT,Italia,NEET_I,Incidenza dei giovani Neet di 15-34 anni (non occupati e non in istruzione),2,Femmine,Y15-24,15-24 anni,11,Laurea e post-laurea,2024-Q4,11.316176,,
Q,Trimestrale,IT,Italia,NEET_I,Incidenza dei giovani Neet di 15-34 anni (non occupati e non in istruzione),2,Femmine,Y15-24,15-24 anni,11,Laurea e post-laurea,2025-Q1,11.883658,,
Q,Trimestrale,IT,Italia,NEET_I,Incidenza dei giovani Neet di 15-34 anni (non occupati e non in istruzione),2,Femmine,Y15-24,15-24 anni,11,Laurea e post-laurea,2025-Q2,7.423586,,
Q,Trimestrale,IT,Italia,NEET_I,Incidenza dei giovani Neet di 15-34 anni (non occupati e non in istruzione),2,Femmine,Y15-24,15-24 anni,99,Totale,2022-Q2,16.525539,,
Q,Trimestrale,IT,Italia,NEET_I,Incidenza dei giovani Neet di 15-34 anni (non occupati e non in istruzione),2,Femmine,Y15-24,15-24 anni,99,Totale,2022-Q3,13.319539,,
Q,Trimestrale,IT,Italia,NEET_I,Incidenza dei giovani Neet di 15-34 anni (non occupati e non in istruzione),2,Femmine,Y15-24,15-24 anni,99,Totale,2022-Q4,13.505605,,
Q,Trimestrale,IT,Italia,NEET_I,Incidenza dei giovani Neet di 15-34 anni (non occupati e non in istruzione),2,Femmine,Y15-24,15-24 anni,99,Totale,2023-Q1,12.298943,,
Q,Trimestrale,IT,Italia,NEET_I,Incidenza dei giovani Neet di 15-34 anni (non occupati e non in istruzione),2,Femmine,Y15-24,15-24 anni,99,Totale,2023-Q2,11.525679,,
Q,Trimestrale,IT,Italia,NEET_I,Incidenza dei giovani Neet di 15-34 anni (non occupati e non in istruzione),2,Femmine,Y15-24,15-24 anni,99,Totale,2023-Q3,12.740514,,
Q,Trimestrale,IT,Italia,NEET_I,Incidenza dei giovani Neet di 15-34 anni (non occupati e non in istruzione),2,Femmine,Y15-24,15-24 anni,99,Totale,2023-Q4,12.551126,,
Q,Trimestrale,IT,Italia,NEET_I,Incidenza dei giovani Neet di 15-34 anni (non occupati e non in istruzione),2,Femmine,Y15-24,15-24 anni,99,Totale,2024-Q1,11.732699,,
Q,Trimestrale,IT,Italia,NEET_I,Incidenza dei giovani Neet di 15-34 anni (non occupati e non in istruzione),2,Femmine,Y15-24,15-24 anni,99,Totale,2024-Q2,10.795241,,
Q,Trimestrale,IT,Italia,NEET_I,Incidenza dei giovani Neet di 15-34 anni (non occupati e non in istruzione),2,Femmine,Y15-24,15-24 anni,99,Totale,2024-Q3,12.851426,,
Q,Trimestrale,IT,Italia,NEET_I,Incidenza dei giovani Neet di 15-34 anni (non occupati e non in istruzione),2,Femmine,Y15-24,15-24 anni,99,Totale,2024-Q4,11.005498,,
Q,Trimestrale,IT,Italia,NEET_I,Incidenza dei giovani Neet di 15-34 anni (non occupati e non in istruzione),2,Femmine,Y15-24,15-24 anni,99,Totale,2025-Q1,10.551105,,
Q,Trimestrale,IT,Italia,NEET_I,Incidenza dei giovani Neet di 15-34 anni (non occupati e non in istruzione),2,Femmine,Y15-24,15-24 anni,99,Totale,2025-Q2,9.05745,,
Q,Trimestrale,IT,Italia,NEET_I,Incidenza dei giovani Neet di 15-34 anni (non occupati e non in istruzione),2,Femmine,Y18-29,18-29 anni,13,'Nessun titolo di studio, licenza di scuola elementare e media',2022-Q2,35.693579,,
Q,Trimestrale,IT,Italia,NEET_I,Incidenza dei giovani Neet di 15-34 anni (non occupati e non in istruzione),2,Femmine,Y18-29,18-29 anni,13,'Nessun titolo di studio, licenza di scuola elementare e media',2022-Q3,42.720519,,
Q,Trimestrale,IT,Italia,NEET_I,Incidenza dei giovani Neet di 15-34 anni (non occupati e non in istruzione),2,Femmine,Y18-29,18-29 anni,13,'Nessun titolo di studio, licenza di scuola elementare e media',2022-Q4,41.631123,,
Q,Trimestrale,IT,Italia,NEET_I,Incidenza dei giovani Neet di 15-34 anni (non occupati e non in istruzione),2,Femmine,Y18-29,18-29 anni,13,'Nessun titolo di studio, licenza di scuola elementare e media',2023-Q1,37.321384,,
Q,Trimestrale,IT,Italia,NEET_I,Incidenza dei giovani Neet di 15-34 anni (non occupati e non in istruzione),2,Femmine,Y18-29,18-29 anni,13,'Nessun titolo di studio, licenza di scuola elementare e media',2023-Q2,28.957711,,
Q,Trimestrale,IT,Italia,NEET_I,Incidenza dei giovani Neet di 15-34 anni (non occupati e non in istruzione),2,Femmine,Y18-29,18-29 anni,13,'Nessun titolo di studio, licenza di scuola elementare e media',2023-Q3,37.998759,,
Q,Trimestrale,IT,Italia,NEET_I,Incidenza dei giovani Neet di 15-34 anni (non occupati e non in istruzione),2,Femmine,Y18-29,18-29 anni,13,'Nessun titolo di studio, licenza di scuola elementare e media',2023-Q4,37.187736,,
Q,Trimestrale,IT,Italia,NEET_I,Incidenza dei giovani Neet di 15-34 anni (non occupati e non in istruzione),2,Femmine,Y18-29,18-29 anni,13,'Nessun titolo di studio, licenza di scuola elementare e media',2024-Q1,32.393712,,
Q,Trimestrale,IT,Italia,NEET_I,Incidenza dei giovani Neet di 15-34 anni (non occupati e non in istruzione),2,Femmine,Y18-29,18-29 anni,13,'Nessun titolo di studio, licenza di scuola elementare e media',2024-Q2,29.799089,,
Q,Trimestrale,IT,Italia,NEET_I,Incidenza dei giovani Neet di 15-34 anni (non occupati e non in istruzione),2,Femmine,Y18-29,18-29 anni,13,'Nessun titolo di studio, licenza di scuola elementare e media',2024-Q3,32.571312,,
Q,Trimestrale,IT,Italia,NEET_I,Incidenza dei giovani Neet di 15-34 anni (non occupati e non in istruzione),2,Femmine,Y18-29,18-29 anni,13,'Nessun titolo di studio, licenza di scuola elementare e media',2024-Q4,31.224278,,
Q,Trimestrale,IT,Italia,NEET_I,Incidenza dei giovani Neet di 15-34 anni (non occupati e non in istruzione),2,Femmine,Y18-29,18-29 anni,13,'Nessun titolo di studio, licenza di scuola elementare e media',2025-Q1,30.604873,,
Q,Trimestrale,IT,Italia,NEET_I,Incidenza dei giovani Neet di 15-34 anni (non occupati e non in istruzione),2,Femmine,Y18-29,18-29 anni,13,'Nessun titolo di studio, licenza di scuola elementare e media',2025-Q2,26.215456,,
Q,Trimestrale,IT,Italia,NEET_I,Incidenza dei giovani Neet di 15-34 anni (non occupati e non in istruzione),2,Femmine,Y18-29,18-29 anni,7,Diploma,2022-Q2,22.520136,,
Q,Trimestrale,IT,Italia,NEET_I,Incidenza dei giovani Neet di 15-34 anni (non occupati e non in istruzione),2,Femmine,Y18-29,18-29 anni,7,Diploma,2022-Q3,19.408974,,
Q,Trimestrale,IT,Italia,NEET_I,Incidenza dei giovani Neet di 15-34 anni (non occupati e non in istruzione),2,Femmine,Y18-29,18-29 anni,7,Diploma,2022-Q4,20.00702,,
Q,Trimestrale,IT,Italia,NEET_I,Incidenza dei giovani Neet di 15-34 anni (non occupati e non in istruzione),2,Femmine,Y18-29,18-29 anni,7,Diploma,2023-Q1,19.723562,,
Q,Trimestrale,IT,Italia,NEET_I,Incidenza dei giovani Neet di 15-34 anni (non occupati e non in istruzione),2,Femmine,Y18-29,18-29 anni,7,Diploma,2023-Q2,20.138168,,
Q,Trimestrale,IT,Italia,NEET_I,Incidenza dei giovani Neet di 15-34 anni (non occupati e non in istruzione),2,Femmine,Y18-29,18-29 anni,7,Diploma,2023-Q3,20.301861,,
Q,Trimestrale,IT,Italia,NEET_I,Incidenza dei giovani Neet di 15-34 anni (non occupati e non in istruzione),2,Femmine,Y18-29,18-29 anni,7,Diploma,2023-Q4,20.045479,,
Q,Trimestrale,IT,Italia,NEET_I,Incidenza dei giovani Neet di 15-34 anni (non occupati e non in istruzione),2,Femmine,Y18-29,18-29 anni,7,Diploma,2024-Q1,19.803858,,
Q,Trimestrale,IT,Italia,NEET_I,Incidenza dei giovani Neet di 15-34 anni (non occupati e non in istruzione),2,Femmine,Y18-29,18-29 anni,7,Diploma,2024-Q2,18.445904,,
Q,Trimestrale,IT,Italia,NEET_I,Incidenza dei giovani Neet di 15-34 anni (non occupati e non in istruzione),2,Femmine,Y18-29,18-29 anni,7,Diploma,2024-Q3,20.630845,,
Q,Trimestrale,IT,Italia,NEET_I,Incidenza dei giovani Neet di 15-34 anni (non occupati e non in istruzione),2,Femmine,Y18-29,18-29 anni,7,Diploma,2024-Q4,18.949169,,
Q,Trimestrale,IT,Italia,NEET_I,Incidenza dei giovani Neet di 15-34 anni (non occupati e non in istruzione),2,Femmine,Y18-29,18-29 anni,7,Diploma,2025-Q1,18.42188,,
Q,Trimestrale,IT,Italia,NEET_I,Incidenza dei giovani Neet di 15-34 anni (non occupati e non in istruzione),2,Femmine,Y18-29,18-29 anni,7,Diploma,2025-Q2,16.003877,,
Q,Trimestrale,IT,Italia,NEET_I,Incidenza dei giovani Neet di 15-34 anni (non occupati e non in istruzione),2,Femmine,Y18-29,18-29 anni,11,Laurea e post-laurea,2022-Q2,16.045261,,
Q,Trimestrale,IT,Italia,NEET_I,Incidenza dei giovani Neet di 15-34 anni (non occupati e non in istruzione),2,Femmine,Y18-29,18-29 anni,11,Laurea e post-laurea,2022-Q3,16.946398,,
Q,Trimestrale,IT,Italia,NEET_I,Incidenza dei giovani Neet di 15-34 anni (non occupati e non in istruzione),2,Femmine,Y18-29,18-29 anni,11,Laurea e post-laurea,2022-Q4,13.002356,,
Q,Trimestrale,IT,Italia,NEET_I,Incidenza dei giovani Neet di 15-34 anni (non occupati e non in istruzione),2,Femmine,Y18-29,18-29 anni,11,Laurea e post-laurea,2023-Q1,12.161227,,
Q,Trimestrale,IT,Italia,NEET_I,Incidenza dei giovani Neet di 15-34 anni (non occupati e non in istruzione),2,Femmine,Y18-29,18-29 anni,11,Laurea e post-laurea,2023-Q2,13.319134,,
Q,Trimestrale,IT,Italia,NEET_I,Incidenza dei giovani Neet di 15-34 anni (non occupati e non in istruzione),2,Femmine,Y18-29,18-29 anni,11,Laurea e post-laurea,2023-Q3,16.955086,,
Q,Trimestrale,IT,Italia,NEET_I,Incidenza dei giovani Neet di 15-34 anni (non occupati e non in istruzione),2,Femmine,Y18-29,18-29 anni,11,Laurea e post-laurea,2023-Q4,12.481447,,
Q,Trimestrale,IT,Italia,NEET_I,Incidenza dei giovani Neet di 15-34 anni (non occupati e non in istruzione),2,Femmine,Y18-29,18-29 anni,11,Laurea e post-laurea,2024-Q1,9.475552,,
Q,Trimestrale,IT,Italia,NEET_I,Incidenza dei giovani Neet di 15-34 anni (non occupati e non in istruzione),2,Femmine,Y18-29,18-29 anni,11,Laurea e post-laurea,2024-Q2,10.835249,,
Q,Trimestrale,IT,Italia,NEET_I,Incidenza dei giovani Neet di 15-34 anni (non occupati e non in istruzione),2,Femmine,Y18-29,18-29 anni,11,Laurea e post-laurea,2024-Q3,14.097276,,
Q,Trimestrale,IT,Italia,NEET_I,Incidenza dei giovani Neet di 15-34 anni (non occupati e non in istruzione),2,Femmine,Y18-29,18-29 anni,11,Laurea e post-laurea,2024-Q4,15.15591,,
Q,Trimestrale,IT,Italia,NEET_I,Incidenza dei giovani Neet di 15-34 anni (non occupati e non in istruzione),2,Femmine,Y18-29,18-29 anni,11,Laurea e post-laurea,2025-Q1,11.75284,,
Q,Trimestrale,IT,Italia,NEET_I,Incidenza dei giovani Neet di 15-34 anni (non occupati e non in istruzione),2,Femmine,Y18-29,18-29 anni,11,Laurea e post-laurea,2025-Q2,10.969434,,
Q,Trimestrale,IT,Italia,NEET_I,Incidenza dei giovani Neet di 15-34 anni (non occupati e non in istruzione),2,Femmine,Y18-29,18-29 anni,99,Totale,2022-Q2,24.150601,,
Q,Trimestrale,IT,Italia,NEET_I,Incidenza dei giovani Neet di 15-34 anni (non occupati e non in istruzione),2,Femmine,Y18-29,18-29 anni,99,Totale,2022-Q3,22.929783,,
Q,Trimestrale,IT,Italia,NEET_I,Incidenza dei giovani Neet di 15-34 anni (non occupati e non in istruzione),2,Femmine,Y18-29,18-29 anni,99,Totale,2022-Q4,23.256383,,
Q,Trimestrale,IT,Italia,NEET_I,Incidenza dei giovani Neet di 15-34 anni (non occupati e non in istruzione),2,Femmine,Y18-29,18-29 anni,99,Totale,2023-Q1,22.119082,,
Q,Trimestrale,IT,Italia,NEET_I,Incidenza dei giovani Neet di 15-34 anni (non occupati e non in istruzione),2,Femmine,Y18-29,18-29 anni,99,Totale,2023-Q2,20.656584,,
Q,Trimestrale,IT,Italia,NEET_I,Incidenza dei giovani Neet di 15-34 anni (non occupati e non in istruzione),2,Femmine,Y18-29,18-29 anni,99,Totale,2023-Q3,22.704638,,
Q,Trimestrale,IT,Italia,NEET_I,Incidenza dei giovani Neet di 15-34 anni (non occupati e non in istruzione),2,Femmine,Y18-29,18-29 anni,99,Totale,2023-Q4,21.440043,,
Q,Trimestrale,IT,Italia,NEET_I,Incidenza dei giovani Neet di 15-34 anni (non occupati e non in istruzione),2,Femmine,Y18-29,18-29 anni,99,Totale,2024-Q1,20.146311,,
Q,Trimestrale,IT,Italia,NEET_I,Incidenza dei giovani Neet di 15-34 anni (non occupati e non in istruzione),2,Femmine,Y18-29,18-29 anni,99,Totale,2024-Q2,19.25603,,
Q,Trimestrale,IT,Italia,NEET_I,Incidenza dei giovani Neet di 15-34 anni (non occupati e non in istruzione),2,Femmine,Y18-29,18-29 anni,99,Totale,2024-Q3,21.295843,,
Q,Trimestrale,IT,Italia,NEET_I,Incidenza dei giovani Neet di 15-34 anni (non occupati e non in istruzione),2,Femmine,Y18-29,18-29 anni,99,Totale,2024-Q4,20.545338,,
Q,Trimestrale,IT,Italia,NEET_I,Incidenza dei giovani Neet di 15-34 anni (non occupati e non in istruzione),2,Femmine,Y18-29,18-29 anni,99,Totale,2025-Q1,19.641048,,
Q,Trimestrale,IT,Italia,NEET_I,Incidenza dei giovani Neet di 15-34 anni (non occupati e non in istruzione),2,Femmine,Y18-29,18-29 anni,99,Totale,2025-Q2,17.237134,,
Q,Trimestrale,IT,Italia,NEET_I,Incidenza dei giovani Neet di 15-34 anni (non occupati e non in istruzione),2,Femmine,Y15-29,15-29 anni,13,'Nessun titolo di studio, licenza di scuola elementare e media',2022-Q2,21.783264,,
Q,Trimestrale,IT,Italia,NEET_I,Incidenza dei giovani Neet di 15-34 anni (non occupati e non in istruzione),2,Femmine,Y15-29,15-29 anni,13,'Nessun titolo di studio, licenza di scuola elementare e media',2022-Q3,19.753486,,
Q,Trimestrale,IT,Italia,NEET_I,Incidenza dei giovani Neet di 15-34 anni (non occupati e non in istruzione),2,Femmine,Y15-29,15-29 anni,13,'Nessun titolo di studio, licenza di scuola elementare e media',2022-Q4,21.124305,,
Q,Trimestrale,IT,Italia,NEET_I,Incidenza dei giovani Neet di 15-34 anni (non occupati e non in istruzione),2,Femmine,Y15-29,15-29 anni,13,'Nessun titolo di studio, licenza di scuola elementare e media',2023-Q1,18.902326,,
Q,Trimestrale,IT,Italia,NEET_I,Incidenza dei giovani Neet di 15-34 anni (non occupati e non in istruzione),2,Femmine,Y15-29,15-29 anni,13,'Nessun titolo di studio, licenza di scuola elementare e media',2023-Q2,14.846345,,
Q,Trimestrale,IT,Italia,NEET_I,Incidenza dei giovani Neet di 15-34 anni (non occupati e non in istruzione),2,Femmine,Y15-29,15-29 anni,13,'Nessun titolo di studio, licenza di scuola elementare e media',2023-Q3,17.342362,,
Q,Trimestrale,IT,Italia,NEET_I,Incidenza dei giovani Neet di 15-34 anni (non occupati e non in istruzione),2,Femmine,Y15-29,15-29 anni,13,'Nessun titolo di studio, licenza di scuola elementare e media',2023-Q4,16.850834,,
Q,Trimestrale,IT,Italia,NEET_I,Incidenza dei giovani Neet di 15-34 anni (non occupati e non in istruzione),2,Femmine,Y15-29,15-29 anni,13,'Nessun titolo di studio, licenza di scuola elementare e media',2024-Q1,15.769032,,
Q,Trimestrale,IT,Italia,NEET_I,Incidenza dei giovani Neet di 15-34 anni (non occupati e non in istruzione),2,Femmine,Y15-29,15-29 anni,13,'Nessun titolo di studio, licenza di scuola elementare e media',2024-Q2,14.812112,,
Q,Trimestrale,IT,Italia,NEET_I,Incidenza dei giovani Neet di 15-34 anni (non occupati e non in istruzione),2,Femmine,Y15-29,15-29 anni,13,'Nessun titolo di studio, licenza di scuola elementare e media',2024-Q3,15.192884,,
Q,Trimestrale,IT,Italia,NEET_I,Incidenza dei giovani Neet di 15-34 anni (non occupati e non in istruzione),2,Femmine,Y15-29,15-29 anni,13,'Nessun titolo di studio, licenza di scuola elementare e media',2024-Q4,14.654706,,
Q,Trimestrale,IT,Italia,NEET_I,Incidenza dei giovani Neet di 15-34 anni (non occupati e non in istruzione),2,Femmine,Y15-29,15-29 anni,13,'Nessun titolo di studio, licenza di scuola elementare e media',2025-Q1,14.653096,,
Q,Trimestrale,IT,Italia,NEET_I,Incidenza dei giovani Neet di 15-34 anni (non occupati e non in istruzione),2,Femmine,Y15-29,15-29 anni,13,'Nessun titolo di studio, licenza di scuola elementare e media',2025-Q2,13.168161,,
Q,Trimestrale,IT,Italia,NEET_I,Incidenza dei giovani Neet di 15-34 anni (non occupati e non in istruzione),2,Femmine,Y15-29,15-29 anni,7,Diploma,2022-Q2,22.553644,,
Q,Trimestrale,IT,Italia,NEET_I,Incidenza dei giovani Neet di 15-34 anni (non occupati e non in istruzione),2,Femmine,Y15-29,15-29 anni,7,Diploma,2022-Q3,19.468331,,
Q,Trimestrale,IT,Italia,NEET_I,Incidenza dei giovani Neet di 15-34 anni (non occupati e non in istruzione),2,Femmine,Y15-29,15-29 anni,7,Diploma,2022-Q4,20.009255,,
Q,Trimestrale,IT,Italia,NEET_I,Incidenza dei giovani Neet di 15-34 anni (non occupati e non in istruzione),2,Femmine,Y15-29,15-29 anni,7,Diploma,2023-Q1,19.700631,,
Q,Trimestrale,IT,Italia,NEET_I,Incidenza dei giovani Neet di 15-34 anni (non occupati e non in istruzione),2,Femmine,Y15-29,15-29 anni,7,Diploma,2023-Q2,20.236892,,
Q,Trimestrale,IT,Italia,NEET_I,Incidenza dei giovani Neet di 15-34 anni (non occupati e non in istruzione),2,Femmine,Y15-29,15-29 anni,7,Diploma,2023-Q3,20.322628,,
Q,Trimestrale,IT,Italia,NEET_I,Incidenza dei giovani Neet di 15-34 anni (non occupati e non in istruzione),2,Femmine,Y15-29,15-29 anni,7,Diploma,2023-Q4,20.086311,,
Q,Trimestrale,IT,Italia,NEET_I,Incidenza dei giovani Neet di 15-34 anni (non occupati e non in istruzione),2,Femmine,Y15-29,15-29 anni,7,Diploma,2024-Q1,19.803858,,
Q,Trimestrale,IT,Italia,NEET_I,Incidenza dei giovani Neet di 15-34 anni (non occupati e non in istruzione),2,Femmine,Y15-29,15-29 anni,7,Diploma,2024-Q2,18.449913,,
Q,Trimestrale,IT,Italia,NEET_I,Incidenza dei giovani Neet di 15-34 anni (non occupati e non in istruzione),2,Femmine,Y15-29,15-29 anni,7,Diploma,2024-Q3,20.682368,,
Q,Trimestrale,IT,Italia,NEET_I,Incidenza dei giovani Neet di 15-34 anni (non occupati e non in istruzione),2,Femmine,Y15-29,15-29 anni,7,Diploma,2024-Q4,18.954058,,
Q,Trimestrale,IT,Italia,NEET_I,Incidenza dei giovani Neet di 15-34 anni (non occupati e non in istruzione),2,Femmine,Y15-29,15-29 anni,7,Diploma,2025-Q1,18.495713,,
Q,Trimestrale,IT,Italia,NEET_I,Incidenza dei giovani Neet di 15-34 anni (non occupati e non in istruzione),2,Femmine,Y15-29,15-29 anni,7,Diploma,2025-Q2,15.984351,,
Q,Trimestrale,IT,Italia,NEET_I,Incidenza dei giovani Neet di 15-34 anni (non occupati e non in istruzione),2,Femmine,Y15-29,15-29 anni,11,Laurea e post-laurea,2022-Q2,16.045261,,
Q,Trimestrale,IT,Italia,NEET_I,Incidenza dei giovani Neet di 15-34 anni (non occupati e non in istruzione),2,Femmine,Y15-29,15-29 anni,11,Laurea e post-laurea,2022-Q3,16.946398,,
Q,Trimestrale,IT,Italia,NEET_I,Incidenza dei giovani Neet di 15-34 anni (non occupati e non in istruzione),2,Femmine,Y15-29,15-29 anni,11,Laurea e post-laurea,2022-Q4,13.002356,,
Q,Trimestrale,IT,Italia,NEET_I,Incidenza dei giovani Neet di 15-34 anni (non occupati e non in istruzione),2,Femmine,Y15-29,15-29 anni,11,Laurea e post-laurea,2023-Q1,12.161227,,
Q,Trimestrale,IT,Italia,NEET_I,Incidenza dei giovani Neet di 15-34 anni (non occupati e non in istruzione),2,Femmine,Y15-29,15-29 anni,11,Laurea e post-laurea,2023-Q2,13.319134,,
Q,Trimestrale,IT,Italia,NEET_I,Incidenza dei giovani Neet di 15-34 anni (non occupati e non in istruzione),2,Femmine,Y15-29,15-29 anni,11,Laurea e post-laurea,2023-Q3,16.955086,,
Q,Trimestrale,IT,Italia,NEET_I,Incidenza dei giovani Neet di 15-34 anni (non occupati e non in istruzione),2,Femmine,Y15-29,15-29 anni,11,Laurea e post-laurea,2023-Q4,12.481447,,
Q,Trimestrale,IT,Italia,NEET_I,Incidenza dei giovani Neet di 15-34 anni (non occupati e non in istruzione),2,Femmine,Y15-29,15-29 anni,11,Laurea e post-laurea,2024-Q1,9.475552,,
Q,Trimestrale,IT,Italia,NEET_I,Incidenza dei giovani Neet di 15-34 anni (non occupati e non in istruzione),2,Femmine,Y15-29,15-29 anni,11,Laurea e post-laurea,2024-Q2,10.835249,,
Q,Trimestrale,IT,Italia,NEET_I,Incidenza dei giovani Neet di 15-34 anni (non occupati e non in istruzione),2,Femmine,Y15-29,15-29 anni,11,Laurea e post-laurea,2024-Q3,14.097276,,
Q,Trimestrale,IT,Italia,NEET_I,Incidenza dei giovani Neet di 15-34 anni (non occupati e non in istruzione),2,Femmine,Y15-29,15-29 anni,11,Laurea e post-laurea,2024-Q4,15.15591,,
Q,Trimestrale,IT,Italia,NEET_I,Incidenza dei giovani Neet di 15-34 anni (non occupati e non in istruzione),2,Femmine,Y15-29,15-29 anni,11,Laurea e post-laurea,2025-Q1,11.75284,,
Q,Trimestrale,IT,Italia,NEET_I,Incidenza dei giovani Neet di 15-34 anni (non occupati e non in istruzione),2,Femmine,Y15-29,15-29 anni,11,Laurea e post-laurea,2025-Q2,10.969434,,
Q,Trimestrale,IT,Italia,NEET_I,Incidenza dei giovani Neet di 15-34 anni (non occupati e non in istruzione),2,Femmine,Y15-29,15-29 anni,99,Totale,2022-Q2,21.105859,,
Q,Trimestrale,IT,Italia,NEET_I,Incidenza dei giovani Neet di 15-34 anni (non occupati e non in istruzione),2,Femmine,Y15-29,15-29 anni,99,Totale,2022-Q3,19.107694,,
Q,Trimestrale,IT,Italia,NEET_I,Incidenza dei giovani Neet di 15-34 anni (non occupati e non in istruzione),2,Femmine,Y15-29,15-29 anni,99,Totale,2022-Q4,19.23671,,
Q,Trimestrale,IT,Italia,NEET_I,Incidenza dei giovani Neet di 15-34 anni (non occupati e non in istruzione),2,Femmine,Y15-29,15-29 anni,99,Totale,2023-Q1,18.142617,,
Q,Trimestrale,IT,Italia,NEET_I,Incidenza dei giovani Neet di 15-34 anni (non occupati e non in istruzione),2,Femmine,Y15-29,15-29 anni,99,Totale,2023-Q2,16.97955,,
Q,Trimestrale,IT,Italia,NEET_I,Incidenza dei giovani Neet di 15-34 anni (non occupati e non in istruzione),2,Femmine,Y15-29,15-29 anni,99,Totale,2023-Q3,18.684557,,
Q,Trimestrale,IT,Italia,NEET_I,Incidenza dei giovani Neet di 15-34 anni (non occupati e non in istruzione),2,Femmine,Y15-29,15-29 anni,99,Totale,2023-Q4,17.557952,,
Q,Trimestrale,IT,Italia,NEET_I,Incidenza dei giovani Neet di 15-34 anni (non occupati e non in istruzione),2,Femmine,Y15-29,15-29 anni,99,Totale,2024-Q1,16.445047,,
Q,Trimestrale,IT,Italia,NEET_I,Incidenza dei giovani Neet di 15-34 anni (non occupati e non in istruzione),2,Femmine,Y15-29,15-29 anni,99,Totale,2024-Q2,15.771577,,
Q,Trimestrale,IT,Italia,NEET_I,Incidenza dei giovani Neet di 15-34 anni (non occupati e non in istruzione),2,Femmine,Y15-29,15-29 anni,99,Totale,2024-Q3,17.580017,,
Q,Trimestrale,IT,Italia,NEET_I,Incidenza dei giovani Neet di 15-34 anni (non occupati e non in istruzione),2,Femmine,Y15-29,15-29 anni,99,Totale,2024-Q4,16.735697,,
Q,Trimestrale,IT,Italia,NEET_I,Incidenza dei giovani Neet di 15-34 anni (non occupati e non in istruzione),2,Femmine,Y15-29,15-29 anni,99,Totale,2025-Q1,15.938519,,
Q,Trimestrale,IT,Italia,NEET_I,Incidenza dei giovani Neet di 15-34 anni (non occupati e non in istruzione),2,Femmine,Y15-29,15-29 anni,99,Totale,2025-Q2,14.075515,,
Q,Trimestrale,IT,Italia,NEET_I,Incidenza dei giovani Neet di 15-34 anni (non occupati e non in istruzione),2,Femmine,Y15-34,15-34 anni,13,'Nessun titolo di studio, licenza di scuola elementare e media',2022-Q2,29.873666,,
Q,Trimestrale,IT,Italia,NEET_I,Incidenza dei giovani Neet di 15-34 anni (non occupati e non in istruzione),2,Femmine,Y15-34,15-34 anni,13,'Nessun titolo di studio, licenza di scuola elementare e media',2022-Q3,28.167048,,
Q,Trimestrale,IT,Italia,NEET_I,Incidenza dei giovani Neet di 15-34 anni (non occupati e non in istruzione),2,Femmine,Y15-34,15-34 anni,13,'Nessun titolo di studio, licenza di scuola elementare e media',2022-Q4,28.83273,,
Q,Trimestrale,IT,Italia,NEET_I,Incidenza dei giovani Neet di 15-34 anni (non occupati e non in istruzione),2,Femmine,Y15-34,15-34 anni,13,'Nessun titolo di studio, licenza di scuola elementare e media',2023-Q1,25.912729,,
Q,Trimestrale,IT,Italia,NEET_I,Incidenza dei giovani Neet di 15-34 anni (non occupati e non in istruzione),2,Femmine,Y15-34,15-34 anni,13,'Nessun titolo di studio, licenza di scuola elementare e media',2023-Q2,21.979372,,
Q,Trimestrale,IT,Italia,NEET_I,Incidenza dei giovani Neet di 15-34 anni (non occupati e non in istruzione),2,Femmine,Y15-34,15-34 anni,13,'Nessun titolo di studio, licenza di scuola elementare e media',2023-Q3,24.039003,,
Q,Trimestrale,IT,Italia,NEET_I,Incidenza dei giovani Neet di 15-34 anni (non occupati e non in istruzione),2,Femmine,Y15-34,15-34 anni,13,'Nessun titolo di studio, licenza di scuola elementare e media',2023-Q4,24.111284,,
Q,Trimestrale,IT,Italia,NEET_I,Incidenza dei giovani Neet di 15-34 anni (non occupati e non in istruzione),2,Femmine,Y15-34,15-34 anni,13,'Nessun titolo di studio, licenza di scuola elementare e media',2024-Q1,23.276665,,
Q,Trimestrale,IT,Italia,NEET_I,Incidenza dei giovani Neet di 15-34 anni (non occupati e non in istruzione),2,Femmine,Y15-34,15-34 anni,13,'Nessun titolo di studio, licenza di scuola elementare e media',2024-Q2,21.262037,,
Q,Trimestrale,IT,Italia,NEET_I,Incidenza dei giovani Neet di 15-34 anni (non occupati e non in istruzione),2,Femmine,Y15-34,15-34 anni,13,'Nessun titolo di studio, licenza di scuola elementare e media',2024-Q3,22.683056,,
Q,Trimestrale,IT,Italia,NEET_I,Incidenza dei giovani Neet di 15-34 anni (non occupati e non in istruzione),2,Femmine,Y15-34,15-34 anni,13,'Nessun titolo di studio, licenza di scuola elementare e media',2024-Q4,22.920722,,
Q,Trimestrale,IT,Italia,NEET_I,Incidenza dei giovani Neet di 15-34 anni (non occupati e non in istruzione),2,Femmine,Y15-34,15-34 anni,13,'Nessun titolo di studio, licenza di scuola elementare e media',2025-Q1,22.193233,,
Q,Trimestrale,IT,Italia,NEET_I,Incidenza dei giovani Neet di 15-34 anni (non occupati e non in istruzione),2,Femmine,Y15-34,15-34 anni,13,'Nessun titolo di studio, licenza di scuola elementare e media',2025-Q2,20.798185,,
Q,Trimestrale,IT,Italia,NEET_I,Incidenza dei giovani Neet di 15-34 anni (non occupati e non in istruzione),2,Femmine,Y15-34,15-34 anni,7,Diploma,2022-Q2,26.504647,,
Q,Trimestrale,IT,Italia,NEET_I,Incidenza dei giovani Neet di 15-34 anni (non occupati e non in istruzione),2,Femmine,Y15-34,15-34 anni,7,Diploma,2022-Q3,24.200179,,
Q,Trimestrale,IT,Italia,NEET_I,Incidenza dei giovani Neet di 15-34 anni (non occupati e non in istruzione),2,Femmine,Y15-34,15-34 anni,7,Diploma,2022-Q4,24.201185,,
Q,Trimestrale,IT,Italia,NEET_I,Incidenza dei giovani Neet di 15-34 anni (non occupati e non in istruzione),2,Femmine,Y15-34,15-34 anni,7,Diploma,2023-Q1,24.454846,,
Q,Trimestrale,IT,Italia,NEET_I,Incidenza dei giovani Neet di 15-34 anni (non occupati e non in istruzione),2,Femmine,Y15-34,15-34 anni,7,Diploma,2023-Q2,24.114429,,
Q,Trimestrale,IT,Italia,NEET_I,Incidenza dei giovani Neet di 15-34 anni (non occupati e non in istruzione),2,Femmine,Y15-34,15-34 anni,7,Diploma,2023-Q3,24.545268,,
Q,Trimestrale,IT,Italia,NEET_I,Incidenza dei giovani Neet di 15-34 anni (non occupati e non in istruzione),2,Femmine,Y15-34,15-34 anni,7,Diploma,2023-Q4,23.859766,,
Q,Trimestrale,IT,Italia,NEET_I,Incidenza dei giovani Neet di 15-34 anni (non occupati e non in istruzione),2,Femmine,Y15-34,15-34 anni,7,Diploma,2024-Q1,23.960892,,
Q,Trimestrale,IT,Italia,NEET_I,Incidenza dei giovani Neet di 15-34 anni (non occupati e non in istruzione),2,Femmine,Y15-34,15-34 anni,7,Diploma,2024-Q2,23.004709,,
Q,Trimestrale,IT,Italia,NEET_I,Incidenza dei giovani Neet di 15-34 anni (non occupati e non in istruzione),2,Femmine,Y15-34,15-34 anni,7,Diploma,2024-Q3,24.025574,,
Q,Trimestrale,IT,Italia,NEET_I,Incidenza dei giovani Neet di 15-34 anni (non occupati e non in istruzione),2,Femmine,Y15-34,15-34 anni,7,Diploma,2024-Q4,22.817611,,
Q,Trimestrale,IT,Italia,NEET_I,Incidenza dei giovani Neet di 15-34 anni (non occupati e non in istruzione),2,Femmine,Y15-34,15-34 anni,7,Diploma,2025-Q1,22.493618,,
Q,Trimestrale,IT,Italia,NEET_I,Incidenza dei giovani Neet di 15-34 anni (non occupati e non in istruzione),2,Femmine,Y15-34,15-34 anni,7,Diploma,2025-Q2,19.759838,,
Q,Trimestrale,IT,Italia,NEET_I,Incidenza dei giovani Neet di 15-34 anni (non occupati e non in istruzione),2,Femmine,Y15-34,15-34 anni,11,Laurea e post-laurea,2022-Q2,16.116626,,
Q,Trimestrale,IT,Italia,NEET_I,Incidenza dei giovani Neet di 15-34 anni (non occupati e non in istruzione),2,Femmine,Y15-34,15-34 anni,11,Laurea e post-laurea,2022-Q3,16.078749,,
Q,Trimestrale,IT,Italia,NEET_I,Incidenza dei giovani Neet di 15-34 anni (non occupati e non in istruzione),2,Femmine,Y15-34,15-34 anni,11,Laurea e post-laurea,2022-Q4,12.078158,,
Q,Trimestrale,IT,Italia,NEET_I,Incidenza dei giovani Neet di 15-34 anni (non occupati e non in istruzione),2,Femmine,Y15-34,15-34 anni,11,Laurea e post-laurea,2023-Q1,12.80179,,
Q,Trimestrale,IT,Italia,NEET_I,Incidenza dei giovani Neet di 15-34 anni (non occupati e non in istruzione),2,Femmine,Y15-34,15-34 anni,11,Laurea e post-laurea,2023-Q2,12.834788,,
Q,Trimestrale,IT,Italia,NEET_I,Incidenza dei giovani Neet di 15-34 anni (non occupati e non in istruzione),2,Femmine,Y15-34,15-34 anni,11,Laurea e post-laurea,2023-Q3,16.449735,,
Q,Trimestrale,IT,Italia,NEET_I,Incidenza dei giovani Neet di 15-34 anni (non occupati e non in istruzione),2,Femmine,Y15-34,15-34 anni,11,Laurea e post-laurea,2023-Q4,12.528981,,
Q,Trimestrale,IT,Italia,NEET_I,Incidenza dei giovani Neet di 15-34 anni (non occupati e non in istruzione),2,Femmine,Y15-34,15-34 anni,11,Laurea e post-laurea,2024-Q1,10.782938,,
Q,Trimestrale,IT,Italia,NEET_I,Incidenza dei giovani Neet di 15-34 anni (non occupati e non in istruzione),2,Femmine,Y15-34,15-34 anni,11,Laurea e post-laurea,2024-Q2,11.547279,,
Q,Trimestrale,IT,Italia,NEET_I,Incidenza dei giovani Neet di 15-34 anni (non occupati e non in istruzione),2,Femmine,Y15-34,15-34 anni,11,Laurea e post-laurea,2024-Q3,14.238652,,
Q,Trimestrale,IT,Italia,NEET_I,Incidenza dei giovani Neet di 15-34 anni (non occupati e non in istruzione),2,Femmine,Y15-34,15-34 anni,11,Laurea e post-laurea,2024-Q4,14.09888,,
Q,Trimestrale,IT,Italia,NEET_I,Incidenza dei giovani Neet di 15-34 anni (non occupati e non in istruzione),2,Femmine,Y15-34,15-34 anni,11,Laurea e post-laurea,2025-Q1,11.603793,,
Q,Trimestrale,IT,Italia,NEET_I,Incidenza dei giovani Neet di 15-34 anni (non occupati e non in istruzione),2,Femmine,Y15-34,15-34 anni,11,Laurea e post-laurea,2025-Q2,10.75769,,
Q,Trimestrale,IT,Italia,NEET_I,Incidenza dei giovani Neet di 15-34 anni (non occupati e non in istruzione),2,Femmine,Y15-34,15-34 anni,99,Totale,2022-Q2,25.347466,,
Q,Trimestrale,IT,Italia,NEET_I,Incidenza dei giovani Neet di 15-34 anni (non occupati e non in istruzione),2,Femmine,Y15-34,15-34 anni,99,Totale,2022-Q3,23.591755,,
Q,Trimestrale,IT,Italia,NEET_I,Incidenza dei giovani Neet di 15-34 anni (non occupati e non in istruzione),2,Femmine,Y15-34,15-34 anni,99,Totale,2022-Q4,23.092543,,
Q,Trimestrale,IT,Italia,NEET_I,Incidenza dei giovani Neet di 15-34 anni (non occupati e non in istruzione),2,Femmine,Y15-34,15-34 anni,99,Totale,2023-Q1,22.350226,,
Q,Trimestrale,IT,Italia,NEET_I,Incidenza dei giovani Neet di 15-34 anni (non occupati e non in istruzione),2,Femmine,Y15-34,15-34 anni,99,Totale,2023-Q2,20.871491,,
Q,Trimestrale,IT,Italia,NEET_I,Incidenza dei giovani Neet di 15-34 anni (non occupati e non in istruzione),2,Femmine,Y15-34,15-34 anni,99,Totale,2023-Q3,22.511996,,
Q,Trimestrale,IT,Italia,NEET_I,Incidenza dei giovani Neet di 15-34 anni (non occupati e non in istruzione),2,Femmine,Y15-34,15-34 anni,99,Totale,2023-Q4,21.283387,,
Q,Trimestrale,IT,Italia,NEET_I,Incidenza dei giovani Neet di 15-34 anni (non occupati e non in istruzione),2,Femmine,Y15-34,15-34 anni,99,Totale,2024-Q1,20.676244,,
Q,Trimestrale,IT,Italia,NEET_I,Incidenza dei giovani Neet di 15-34 anni (non occupati e non in istruzione),2,Femmine,Y15-34,15-34 anni,99,Totale,2024-Q2,19.834405,,
Q,Trimestrale,IT,Italia,NEET_I,Incidenza dei giovani Neet di 15-34 anni (non occupati e non in istruzione),2,Femmine,Y15-34,15-34 anni,99,Totale,2024-Q3,21.243368,,
Q,Trimestrale,IT,Italia,NEET_I,Incidenza dei giovani Neet di 15-34 anni (non occupati e non in istruzione),2,Femmine,Y15-34,15-34 anni,99,Totale,2024-Q4,20.837715,,
Q,Trimestrale,IT,Italia,NEET_I,Incidenza dei giovani Neet di 15-34 anni (non occupati e non in istruzione),2,Femmine,Y15-34,15-34 anni,99,Totale,2025-Q1,19.987938,,
Q,Trimestrale,IT,Italia,NEET_I,Incidenza dei giovani Neet di 15-34 anni (non occupati e non in istruzione),2,Femmine,Y15-34,15-34 anni,99,Totale,2025-Q2,18.072476,,
Q,Trimestrale,IT,Italia,NEET_I,Incidenza dei giovani Neet di 15-34 anni (non occupati e non in istruzione),9,Totale,Y15-24,15-24 anni,13,'Nessun titolo di studio, licenza di scuola elementare e media',2022-Q2,15.150456,,
Q,Trimestrale,IT,Italia,NEET_I,Incidenza dei giovani Neet di 15-34 anni (non occupati e non in istruzione),9,Totale,Y15-24,15-24 anni,13,'Nessun titolo di studio, licenza di scuola elementare e media',2022-Q3,11.559577,,
Q,Trimestrale,IT,Italia,NEET_I,Incidenza dei giovani Neet di 15-34 anni (non occupati e non in istruzione),9,Totale,Y15-24,15-24 anni,13,'Nessun titolo di studio, licenza di scuola elementare e media',2022-Q4,10.864369,,
Q,Trimestrale,IT,Italia,NEET_I,Incidenza dei giovani Neet di 15-34 anni (non occupati e non in istruzione),9,Totale,Y15-24,15-24 anni,13,'Nessun titolo di studio, licenza di scuola elementare e media',2023-Q1,10.683887,,
Q,Trimestrale,IT,Italia,NEET_I,Incidenza dei giovani Neet di 15-34 anni (non occupati e non in istruzione),9,Totale,Y15-24,15-24 anni,13,'Nessun titolo di studio, licenza di scuola elementare e media',2023-Q2,9.156545,,
Q,Trimestrale,IT,Italia,NEET_I,Incidenza dei giovani Neet di 15-34 anni (non occupati e non in istruzione),9,Totale,Y15-24,15-24 anni,13,'Nessun titolo di studio, licenza di scuola elementare e media',2023-Q3,9.739725,,
Q,Trimestrale,IT,Italia,NEET_I,Incidenza dei giovani Neet di 15-34 anni (non occupati e non in istruzione),9,Totale,Y15-24,15-24 anni,13,'Nessun titolo di studio, licenza di scuola elementare e media',2023-Q4,8.757024,,
Q,Trimestrale,IT,Italia,NEET_I,Incidenza dei giovani Neet di 15-34 anni (non occupati e non in istruzione),9,Totale,Y15-24,15-24 anni,13,'Nessun titolo di studio, licenza di scuola elementare e media',2024-Q1,8.784332,,
Q,Trimestrale,IT,Italia,NEET_I,Incidenza dei giovani Neet di 15-34 anni (non occupati e non in istruzione),9,Totale,Y15-24,15-24 anni,13,'Nessun titolo di studio, licenza di scuola elementare e media',2024-Q2,8.259125,,
Q,Trimestrale,IT,Italia,NEET_I,Incidenza dei giovani Neet di 15-34 anni (non occupati e non in istruzione),9,Totale,Y15-24,15-24 anni,13,'Nessun titolo di studio, licenza di scuola elementare e media',2024-Q3,9.01787,,
Q,Trimestrale,IT,Italia,NEET_I,Incidenza dei giovani Neet di 15-34 anni (non occupati e non in istruzione),9,Totale,Y15-24,15-24 anni,13,'Nessun titolo di studio, licenza di scuola elementare e media',2024-Q4,8.118734,,
Q,Trimestrale,IT,Italia,NEET_I,Incidenza dei giovani Neet di 15-34 anni (non occupati e non in istruzione),9,Totale,Y15-24,15-24 anni,13,'Nessun titolo di studio, licenza di scuola elementare e media',2025-Q1,7.616212,,
Q,Trimestrale,IT,Italia,NEET_I,Incidenza dei giovani Neet di 15-34 anni (non occupati e non in istruzione),9,Totale,Y15-24,15-24 anni,13,'Nessun titolo di studio, licenza di scuola elementare e media',2025-Q2,6.642356,,
Q,Trimestrale,IT,Italia,NEET_I,Incidenza dei giovani Neet di 15-34 anni (non occupati e non in istruzione),9,Totale,Y15-24,15-24 anni,7,Diploma,2022-Q2,19.07882,,
Q,Trimestrale,IT,Italia,NEET_I,Incidenza dei giovani Neet di 15-34 anni (non occupati e non in istruzione),9,Totale,Y15-24,15-24 anni,7,Diploma,2022-Q3,16.585548,,
Q,Trimestrale,IT,Italia,NEET_I,Incidenza dei giovani Neet di 15-34 anni (non occupati e non in istruzione),9,Totale,Y15-24,15-24 anni,7,Diploma,2022-Q4,17.497318,,
Q,Trimestrale,IT,Italia,NEET_I,Incidenza dei giovani Neet di 15-34 anni (non occupati e non in istruzione),9,Totale,Y15-24,15-24 anni,7,Diploma,2023-Q1,16.269844,,
Q,Trimestrale,IT,Italia,NEET_I,Incidenza dei giovani Neet di 15-34 anni (non occupati e non in istruzione),9,Totale,Y15-24,15-24 anni,7,Diploma,2023-Q2,16.534479,,
Q,Trimestrale,IT,Italia,NEET_I,Incidenza dei giovani Neet di 15-34 anni (non occupati e non in istruzione),9,Totale,Y15-24,15-24 anni,7,Diploma,2023-Q3,16.226595,,
Q,Trimestrale,IT,Italia,NEET_I,Incidenza dei giovani Neet di 15-34 anni (non occupati e non in istruzione),9,Totale,Y15-24,15-24 anni,7,Diploma,2023-Q4,16.713594,,
Q,Trimestrale,IT,Italia,NEET_I,Incidenza dei giovani Neet di 15-34 anni (non occupati e non in istruzione),9,Totale,Y15-24,15-24 anni,7,Diploma,2024-Q1,15.727133,,
Q,Trimestrale,IT,Italia,NEET_I,Incidenza dei giovani Neet di 15-34 anni (non occupati e non in istruzione),9,Totale,Y15-24,15-24 anni,7,Diploma,2024-Q2,14.741451,,
Q,Trimestrale,IT,Italia,NEET_I,Incidenza dei giovani Neet di 15-34 anni (non occupati e non in istruzione),9,Totale,Y15-24,15-24 anni,7,Diploma,2024-Q3,17.114195,,
Q,Trimestrale,IT,Italia,NEET_I,Incidenza dei giovani Neet di 15-34 anni (non occupati e non in istruzione),9,Totale,Y15-24,15-24 anni,7,Diploma,2024-Q4,15.562871,,
Q,Trimestrale,IT,Italia,NEET_I,Incidenza dei giovani Neet di 15-34 anni (non occupati e non in istruzione),9,Totale,Y15-24,15-24 anni,7,Diploma,2025-Q1,14.075609,,
Q,Trimestrale,IT,Italia,NEET_I,Incidenza dei giovani Neet di 15-34 anni (non occupati e non in istruzione),9,Totale,Y15-24,15-24 anni,7,Diploma,2025-Q2,12.18149,,
Q,Trimestrale,IT,Italia,NEET_I,Incidenza dei giovani Neet di 15-34 anni (non occupati e non in istruzione),9,Totale,Y15-24,15-24 anni,11,Laurea e post-laurea,2022-Q2,13.19642,,
Q,Trimestrale,IT,Italia,NEET_I,Incidenza dei giovani Neet di 15-34 anni (non occupati e non in istruzione),9,Totale,Y15-24,15-24 anni,11,Laurea e post-laurea,2022-Q3,11.370843,,
Q,Trimestrale,IT,Italia,NEET_I,Incidenza dei giovani Neet di 15-34 anni (non occupati e non in istruzione),9,Totale,Y15-24,15-24 anni,11,Laurea e post-laurea,2022-Q4,10.203758,,
Q,Trimestrale,IT,Italia,NEET_I,Incidenza dei giovani Neet di 15-34 anni (non occupati e non in istruzione),9,Totale,Y15-24,15-24 anni,11,Laurea e post-laurea,2023-Q1,6.904472,,
Q,Trimestrale,IT,Italia,NEET_I,Incidenza dei giovani Neet di 15-34 anni (non occupati e non in istruzione),9,Totale,Y15-24,15-24 anni,11,Laurea e post-laurea,2023-Q2,10.09425,,
Q,Trimestrale,IT,Italia,NEET_I,Incidenza dei giovani Neet di 15-34 anni (non occupati e non in istruzione),9,Totale,Y15-24,15-24 anni,11,Laurea e post-laurea,2023-Q3,10.883498,,
Q,Trimestrale,IT,Italia,NEET_I,Incidenza dei giovani Neet di 15-34 anni (non occupati e non in istruzione),9,Totale,Y15-24,15-24 anni,11,Laurea e post-laurea,2023-Q4,9.110846,,
Q,Trimestrale,IT,Italia,NEET_I,Incidenza dei giovani Neet di 15-34 anni (non occupati e non in istruzione),9,Totale,Y15-24,15-24 anni,11,Laurea e post-laurea,2024-Q1,8.092505,,
Q,Trimestrale,IT,Italia,NEET_I,Incidenza dei giovani Neet di 15-34 anni (non occupati e non in istruzione),9,Totale,Y15-24,15-24 anni,11,Laurea e post-laurea,2024-Q2,11.627624,,
Q,Trimestrale,IT,Italia,NEET_I,Incidenza dei giovani Neet di 15-34 anni (non occupati e non in istruzione),9,Totale,Y15-24,15-24 anni,11,Laurea e post-laurea,2024-Q3,13.172153,,
Q,Trimestrale,IT,Italia,NEET_I,Incidenza dei giovani Neet di 15-34 anni (non occupati e non in istruzione),9,Totale,Y15-24,15-24 anni,11,Laurea e post-laurea,2024-Q4,9.774155,,
Q,Trimestrale,IT,Italia,NEET_I,Incidenza dei giovani Neet di 15-34 anni (non occupati e non in istruzione),9,Totale,Y15-24,15-24 anni,11,Laurea e post-laurea,2025-Q1,10.417584,,
Q,Trimestrale,IT,Italia,NEET_I,Incidenza dei giovani Neet di 15-34 anni (non occupati e non in istruzione),9,Totale,Y15-24,15-24 anni,11,Laurea e post-laurea,2025-Q2,7.026099,,
Q,Trimestrale,IT,Italia,NEET_I,Incidenza dei giovani Neet di 15-34 anni (non occupati e non in istruzione),9,Totale,Y15-24,15-24 anni,99,Totale,2022-Q2,16.742418,,
Q,Trimestrale,IT,Italia,NEET_I,Incidenza dei giovani Neet di 15-34 anni (non occupati e non in istruzione),9,Totale,Y15-24,15-24 anni,99,Totale,2022-Q3,13.983487,,
Q,Trimestrale,IT,Italia,NEET_I,Incidenza dei giovani Neet di 15-34 anni (non occupati e non in istruzione),9,Totale,Y15-24,15-24 anni,99,Totale,2022-Q4,13.799137,,
Q,Trimestrale,IT,Italia,NEET_I,Incidenza dei giovani Neet di 15-34 anni (non occupati e non in istruzione),9,Totale,Y15-24,15-24 anni,99,Totale,2023-Q1,12.876123,,
Q,Trimestrale,IT,Italia,NEET_I,Incidenza dei giovani Neet di 15-34 anni (non occupati e non in istruzione),9,Totale,Y15-24,15-24 anni,99,Totale,2023-Q2,12.386595,,
Q,Trimestrale,IT,Italia,NEET_I,Incidenza dei giovani Neet di 15-34 anni (non occupati e non in istruzione),9,Totale,Y15-24,15-24 anni,99,Totale,2023-Q3,12.916133,,
Q,Trimestrale,IT,Italia,NEET_I,Incidenza dei giovani Neet di 15-34 anni (non occupati e non in istruzione),9,Totale,Y15-24,15-24 anni,99,Totale,2023-Q4,12.510643,,
Q,Trimestrale,IT,Italia,NEET_I,Incidenza dei giovani Neet di 15-34 anni (non occupati e non in istruzione),9,Totale,Y15-24,15-24 anni,99,Totale,2024-Q1,11.804052,,
Q,Trimestrale,IT,Italia,NEET_I,Incidenza dei giovani Neet di 15-34 anni (non occupati e non in istruzione),9,Totale,Y15-24,15-24 anni,99,Totale,2024-Q2,11.320786,,
Q,Trimestrale,IT,Italia,NEET_I,Incidenza dei giovani Neet di 15-34 anni (non occupati e non in istruzione),9,Totale,Y15-24,15-24 anni,99,Totale,2024-Q3,13.098535,,
Q,Trimestrale,IT,Italia,NEET_I,Incidenza dei giovani Neet di 15-34 anni (non occupati e non in istruzione),9,Totale,Y15-24,15-24 anni,99,Totale,2024-Q4,11.612962,,
Q,Trimestrale,IT,Italia,NEET_I,Incidenza dei giovani Neet di 15-34 anni (non occupati e non in istruzione),9,Totale,Y15-24,15-24 anni,99,Totale,2025-Q1,10.636306,,
Q,Trimestrale,IT,Italia,NEET_I,Incidenza dei giovani Neet di 15-34 anni (non occupati e non in istruzione),9,Totale,Y15-24,15-24 anni,99,Totale,2025-Q2,9.101283,,
Q,Trimestrale,IT,Italia,NEET_I,Incidenza dei giovani Neet di 15-34 anni (non occupati e non in istruzione),9,Totale,Y18-29,18-29 anni,13,'Nessun titolo di studio, licenza di scuola elementare e media',2022-Q2,31.236172,,
Q,Trimestrale,IT,Italia,NEET_I,Incidenza dei giovani Neet di 15-34 anni (non occupati e non in istruzione),9,Totale,Y18-29,18-29 anni,13,'Nessun titolo di studio, licenza di scuola elementare e media',2022-Q3,33.492215,,
Q,Trimestrale,IT,Italia,NEET_I,Incidenza dei giovani Neet di 15-34 anni (non occupati e non in istruzione),9,Totale,Y18-29,18-29 anni,13,'Nessun titolo di studio, licenza di scuola elementare e media',2022-Q4,31.270282,,
Q,Trimestrale,IT,Italia,NEET_I,Incidenza dei giovani Neet di 15-34 anni (non occupati e non in istruzione),9,Totale,Y18-29,18-29 anni,13,'Nessun titolo di studio, licenza di scuola elementare e media',2023-Q1,29.999298,,
Q,Trimestrale,IT,Italia,NEET_I,Incidenza dei giovani Neet di 15-34 anni (non occupati e non in istruzione),9,Totale,Y18-29,18-29 anni,13,'Nessun titolo di studio, licenza di scuola elementare e media',2023-Q2,26.680773,,
Q,Trimestrale,IT,Italia,NEET_I,Incidenza dei giovani Neet di 15-34 anni (non occupati e non in istruzione),9,Totale,Y18-29,18-29 anni,13,'Nessun titolo di studio, licenza di scuola elementare e media',2023-Q3,30.381453,,
Q,Trimestrale,IT,Italia,NEET_I,Incidenza dei giovani Neet di 15-34 anni (non occupati e non in istruzione),9,Totale,Y18-29,18-29 anni,13,'Nessun titolo di studio, licenza di scuola elementare e media',2023-Q4,27.207716,,
Q,Trimestrale,IT,Italia,NEET_I,Incidenza dei giovani Neet di 15-34 anni (non occupati e non in istruzione),9,Totale,Y18-29,18-29 anni,13,'Nessun titolo di studio, licenza di scuola elementare e media',2024-Q1,26.456656,,
Q,Trimestrale,IT,Italia,NEET_I,Incidenza dei giovani Neet di 15-34 anni (non occupati e non in istruzione),9,Totale,Y18-29,18-29 anni,13,'Nessun titolo di studio, licenza di scuola elementare e media',2024-Q2,24.062428,,
Q,Trimestrale,IT,Italia,NEET_I,Incidenza dei giovani Neet di 15-34 anni (non occupati e non in istruzione),9,Totale,Y18-29,18-29 anni,13,'Nessun titolo di studio, licenza di scuola elementare e media',2024-Q3,26.155243,,
Q,Trimestrale,IT,Italia,NEET_I,Incidenza dei giovani Neet di 15-34 anni (non occupati e non in istruzione),9,Totale,Y18-29,18-29 anni,13,'Nessun titolo di studio, licenza di scuola elementare e media',2024-Q4,25.316915,,
Q,Trimestrale,IT,Italia,NEET_I,Incidenza dei giovani Neet di 15-34 anni (non occupati e non in istruzione),9,Totale,Y18-29,18-29 anni,13,'Nessun titolo di studio, licenza di scuola elementare e media',2025-Q1,25.247881,,
Q,Trimestrale,IT,Italia,NEET_I,Incidenza dei giovani Neet di 15-34 anni (non occupati e non in istruzione),9,Totale,Y18-29,18-29 anni,13,'Nessun titolo di studio, licenza di scuola elementare e media',2025-Q2,20.982007,,
Q,Trimestrale,IT,Italia,NEET_I,Incidenza dei giovani Neet di 15-34 anni (non occupati e non in istruzione),9,Totale,Y18-29,18-29 anni,7,Diploma,2022-Q2,20.076872,,
Q,Trimestrale,IT,Italia,NEET_I,Incidenza dei giovani Neet di 15-34 anni (non occupati e non in istruzione),9,Totale,Y18-29,18-29 anni,7,Diploma,2022-Q3,19.073162,,
Q,Trimestrale,IT,Italia,NEET_I,Incidenza dei giovani Neet di 15-34 anni (non occupati e non in istruzione),9,Totale,Y18-29,18-29 anni,7,Diploma,2022-Q4,19.556814,,
Q,Trimestrale,IT,Italia,NEET_I,Incidenza dei giovani Neet di 15-34 anni (non occupati e non in istruzione),9,Totale,Y18-29,18-29 anni,7,Diploma,2023-Q1,18.223585,,
Q,Trimestrale,IT,Italia,NEET_I,Incidenza dei giovani Neet di 15-34 anni (non occupati e non in istruzione),9,Totale,Y18-29,18-29 anni,7,Diploma,2023-Q2,17.824683,,
Q,Trimestrale,IT,Italia,NEET_I,Incidenza dei giovani Neet di 15-34 anni (non occupati e non in istruzione),9,Totale,Y18-29,18-29 anni,7,Diploma,2023-Q3,18.150117,,
Q,Trimestrale,IT,Italia,NEET_I,Incidenza dei giovani Neet di 15-34 anni (non occupati e non in istruzione),9,Totale,Y18-29,18-29 anni,7,Diploma,2023-Q4,18.047211,,
Q,Trimestrale,IT,Italia,NEET_I,Incidenza dei giovani Neet di 15-34 anni (non occupati e non in istruzione),9,Totale,Y18-29,18-29 anni,7,Diploma,2024-Q1,17.69922,,
Q,Trimestrale,IT,Italia,NEET_I,Incidenza dei giovani Neet di 15-34 anni (non occupati e non in istruzione),9,Totale,Y18-29,18-29 anni,7,Diploma,2024-Q2,16.962605,,
Q,Trimestrale,IT,Italia,NEET_I,Incidenza dei giovani Neet di 15-34 anni (non occupati e non in istruzione),9,Totale,Y18-29,18-29 anni,7,Diploma,2024-Q3,18.771175,,
Q,Trimestrale,IT,Italia,NEET_I,Incidenza dei giovani Neet di 15-34 anni (non occupati e non in istruzione),9,Totale,Y18-29,18-29 anni,7,Diploma,2024-Q4,17.494167,,
Q,Trimestrale,IT,Italia,NEET_I,Incidenza dei giovani Neet di 15-34 anni (non occupati e non in istruzione),9,Totale,Y18-29,18-29 anni,7,Diploma,2025-Q1,16.537056,,
Q,Trimestrale,IT,Italia,NEET_I,Incidenza dei giovani Neet di 15-34 anni (non occupati e non in istruzione),9,Totale,Y18-29,18-29 anni,7,Diploma,2025-Q2,14.148429,,
Q,Trimestrale,IT,Italia,NEET_I,Incidenza dei giovani Neet di 15-34 anni (non occupati e non in istruzione),9,Totale,Y18-29,18-29 anni,11,Laurea e post-laurea,2022-Q2,14.249919,,
Q,Trimestrale,IT,Italia,NEET_I,Incidenza dei giovani Neet di 15-34 anni (non occupati e non in istruzione),9,Totale,Y18-29,18-29 anni,11,Laurea e post-laurea,2022-Q3,14.459373,,
Q,Trimestrale,IT,Italia,NEET_I,Incidenza dei giovani Neet di 15-34 anni (non occupati e non in istruzione),9,Totale,Y18-29,18-29 anni,11,Laurea e post-laurea,2022-Q4,12.721052,,
Q,Trimestrale,IT,Italia,NEET_I,Incidenza dei giovani Neet di 15-34 anni (non occupati e non in istruzione),9,Totale,Y18-29,18-29 anni,11,Laurea e post-laurea,2023-Q1,11.473932,,
Q,Trimestrale,IT,Italia,NEET_I,Incidenza dei giovani Neet di 15-34 anni (non occupati e non in istruzione),9,Totale,Y18-29,18-29 anni,11,Laurea e post-laurea,2023-Q2,12.260264,,
Q,Trimestrale,IT,Italia,NEET_I,Incidenza dei giovani Neet di 15-34 anni (non occupati e non in istruzione),9,Totale,Y18-29,18-29 anni,11,Laurea e post-laurea,2023-Q3,14.559642,,
Q,Trimestrale,IT,Italia,NEET_I,Incidenza dei giovani Neet di 15-34 anni (non occupati e non in istruzione),9,Totale,Y18-29,18-29 anni,11,Laurea e post-laurea,2023-Q4,11.530628,,
Q,Trimestrale,IT,Italia,NEET_I,Incidenza dei giovani Neet di 15-34 anni (non occupati e non in istruzione),9,Totale,Y18-29,18-29 anni,11,Laurea e post-laurea,2024-Q1,10.754361,,
Q,Trimestrale,IT,Italia,NEET_I,Incidenza dei giovani Neet di 15-34 anni (non occupati e non in istruzione),9,Totale,Y18-29,18-29 anni,11,Laurea e post-laurea,2024-Q2,10.67484,,
Q,Trimestrale,IT,Italia,NEET_I,Incidenza dei giovani Neet di 15-34 anni (non occupati e non in istruzione),9,Totale,Y18-29,18-29 anni,11,Laurea e post-laurea,2024-Q3,12.986465,,
Q,Trimestrale,IT,Italia,NEET_I,Incidenza dei giovani Neet di 15-34 anni (non occupati e non in istruzione),9,Totale,Y18-29,18-29 anni,11,Laurea e post-laurea,2024-Q4,13.010455,,
Q,Trimestrale,IT,Italia,NEET_I,Incidenza dei giovani Neet di 15-34 anni (non occupati e non in istruzione),9,Totale,Y18-29,18-29 anni,11,Laurea e post-laurea,2025-Q1,10.45306,,
Q,Trimestrale,IT,Italia,NEET_I,Incidenza dei giovani Neet di 15-34 anni (non occupati e non in istruzione),9,Totale,Y18-29,18-29 anni,11,Laurea e post-laurea,2025-Q2,9.978275,,
Q,Trimestrale,IT,Italia,NEET_I,Incidenza dei giovani Neet di 15-34 anni (non occupati e non in istruzione),9,Totale,Y18-29,18-29 anni,99,Totale,2022-Q2,21.883339,,
Q,Trimestrale,IT,Italia,NEET_I,Incidenza dei giovani Neet di 15-34 anni (non occupati e non in istruzione),9,Totale,Y18-29,18-29 anni,99,Totale,2022-Q3,21.103322,,
Q,Trimestrale,IT,Italia,NEET_I,Incidenza dei giovani Neet di 15-34 anni (non occupati e non in istruzione),9,Totale,Y18-29,18-29 anni,99,Totale,2022-Q4,21.216165,,
Q,Trimestrale,IT,Italia,NEET_I,Incidenza dei giovani Neet di 15-34 anni (non occupati e non in istruzione),9,Totale,Y18-29,18-29 anni,99,Totale,2023-Q1,19.998237,,
Q,Trimestrale,IT,Italia,NEET_I,Incidenza dei giovani Neet di 15-34 anni (non occupati e non in istruzione),9,Totale,Y18-29,18-29 anni,99,Totale,2023-Q2,19.048748,,
Q,Trimestrale,IT,Italia,NEET_I,Incidenza dei giovani Neet di 15-34 anni (non occupati e non in istruzione),9,Totale,Y18-29,18-29 anni,99,Totale,2023-Q3,20.00755,,
Q,Trimestrale,IT,Italia,NEET_I,Incidenza dei giovani Neet di 15-34 anni (non occupati e non in istruzione),9,Totale,Y18-29,18-29 anni,99,Totale,2023-Q4,18.726328,,
Q,Trimestrale,IT,Italia,NEET_I,Incidenza dei giovani Neet di 15-34 anni (non occupati e non in istruzione),9,Totale,Y18-29,18-29 anni,99,Totale,2024-Q1,18.419547,,
Q,Trimestrale,IT,Italia,NEET_I,Incidenza dei giovani Neet di 15-34 anni (non occupati e non in istruzione),9,Totale,Y18-29,18-29 anni,99,Totale,2024-Q2,17.497196,,
Q,Trimestrale,IT,Italia,NEET_I,Incidenza dei giovani Neet di 15-34 anni (non occupati e non in istruzione),9,Totale,Y18-29,18-29 anni,99,Totale,2024-Q3,19.290943,,
Q,Trimestrale,IT,Italia,NEET_I,Incidenza dei giovani Neet di 15-34 anni (non occupati e non in istruzione),9,Totale,Y18-29,18-29 anni,99,Totale,2024-Q4,18.494564,,
Q,Trimestrale,IT,Italia,NEET_I,Incidenza dei giovani Neet di 15-34 anni (non occupati e non in istruzione),9,Totale,Y18-29,18-29 anni,99,Totale,2025-Q1,17.573691,,
Q,Trimestrale,IT,Italia,NEET_I,Incidenza dei giovani Neet di 15-34 anni (non occupati e non in istruzione),9,Totale,Y18-29,18-29 anni,99,Totale,2025-Q2,15.074065,,
Q,Trimestrale,IT,Italia,NEET_I,Incidenza dei giovani Neet di 15-34 anni (non occupati e non in istruzione),9,Totale,Y15-29,15-29 anni,13,'Nessun titolo di studio, licenza di scuola elementare e media',2022-Q2,20.334506,,
Q,Trimestrale,IT,Italia,NEET_I,Incidenza dei giovani Neet di 15-34 anni (non occupati e non in istruzione),9,Totale,Y15-29,15-29 anni,13,'Nessun titolo di studio, licenza di scuola elementare e media',2022-Q3,16.983142,,
Q,Trimestrale,IT,Italia,NEET_I,Incidenza dei giovani Neet di 15-34 anni (non occupati e non in istruzione),9,Totale,Y15-29,15-29 anni,13,'Nessun titolo di studio, licenza di scuola elementare e media',2022-Q4,17.080635,,
Q,Trimestrale,IT,Italia,NEET_I,Incidenza dei giovani Neet di 15-34 anni (non occupati e non in istruzione),9,Totale,Y15-29,15-29 anni,13,'Nessun titolo di studio, licenza di scuola elementare e media',2023-Q1,16.358603,,
Q,Trimestrale,IT,Italia,NEET_I,Incidenza dei giovani Neet di 15-34 anni (non occupati e non in istruzione),9,Totale,Y15-29,15-29 anni,13,'Nessun titolo di studio, licenza di scuola elementare e media',2023-Q2,14.442531,,
Q,Trimestrale,IT,Italia,NEET_I,Incidenza dei giovani Neet di 15-34 anni (non occupati e non in istruzione),9,Totale,Y15-29,15-29 anni,13,'Nessun titolo di studio, licenza di scuola elementare e media',2023-Q3,15.096796,,
Q,Trimestrale,IT,Italia,NEET_I,Incidenza dei giovani Neet di 15-34 anni (non occupati e non in istruzione),9,Totale,Y15-29,15-29 anni,13,'Nessun titolo di studio, licenza di scuola elementare e media',2023-Q4,13.619694,,
Q,Trimestrale,IT,Italia,NEET_I,Incidenza dei giovani Neet di 15-34 anni (non occupati e non in istruzione),9,Totale,Y15-29,15-29 anni,13,'Nessun titolo di studio, licenza di scuola elementare e media',2024-Q1,13.826553,,
Q,Trimestrale,IT,Italia,NEET_I,Incidenza dei giovani Neet di 15-34 anni (non occupati e non in istruzione),9,Totale,Y15-29,15-29 anni,13,'Nessun titolo di studio, licenza di scuola elementare e media',2024-Q2,12.813329,,
Q,Trimestrale,IT,Italia,NEET_I,Incidenza dei giovani Neet di 15-34 anni (non occupati e non in istruzione),9,Totale,Y15-29,15-29 anni,13,'Nessun titolo di studio, licenza di scuola elementare e media',2024-Q3,13.343901,,
Q,Trimestrale,IT,Italia,NEET_I,Incidenza dei giovani Neet di 15-34 anni (non occupati e non in istruzione),9,Totale,Y15-29,15-29 anni,13,'Nessun titolo di studio, licenza di scuola elementare e media',2024-Q4,13.148721,,
Q,Trimestrale,IT,Italia,NEET_I,Incidenza dei giovani Neet di 15-34 anni (non occupati e non in istruzione),9,Totale,Y15-29,15-29 anni,13,'Nessun titolo di studio, licenza di scuola elementare e media',2025-Q1,13.165922,,
Q,Trimestrale,IT,Italia,NEET_I,Incidenza dei giovani Neet di 15-34 anni (non occupati e non in istruzione),9,Totale,Y15-29,15-29 anni,13,'Nessun titolo di studio, licenza di scuola elementare e media',2025-Q2,11.075829,,
Q,Trimestrale,IT,Italia,NEET_I,Incidenza dei giovani Neet di 15-34 anni (non occupati e non in istruzione),9,Totale,Y15-29,15-29 anni,7,Diploma,2022-Q2,20.129647,,
Q,Trimestrale,IT,Italia,NEET_I,Incidenza dei giovani Neet di 15-34 anni (non occupati e non in istruzione),9,Totale,Y15-29,15-29 anni,7,Diploma,2022-Q3,19.082342,,
Q,Trimestrale,IT,Italia,NEET_I,Incidenza dei giovani Neet di 15-34 anni (non occupati e non in istruzione),9,Totale,Y15-29,15-29 anni,7,Diploma,2022-Q4,19.558269,,
Q,Trimestrale,IT,Italia,NEET_I,Incidenza dei giovani Neet di 15-34 anni (non occupati e non in istruzione),9,Totale,Y15-29,15-29 anni,7,Diploma,2023-Q1,18.19895,,
Q,Trimestrale,IT,Italia,NEET_I,Incidenza dei giovani Neet di 15-34 anni (non occupati e non in istruzione),9,Totale,Y15-29,15-29 anni,7,Diploma,2023-Q2,17.884101,,
Q,Trimestrale,IT,Italia,NEET_I,Incidenza dei giovani Neet di 15-34 anni (non occupati e non in istruzione),9,Totale,Y15-29,15-29 anni,7,Diploma,2023-Q3,18.265073,,
Q,Trimestrale,IT,Italia,NEET_I,Incidenza dei giovani Neet di 15-34 anni (non occupati e non in istruzione),9,Totale,Y15-29,15-29 anni,7,Diploma,2023-Q4,18.111938,,
Q,Trimestrale,IT,Italia,NEET_I,Incidenza dei giovani Neet di 15-34 anni (non occupati e non in istruzione),9,Totale,Y15-29,15-29 anni,7,Diploma,2024-Q1,17.749921,,
Q,Trimestrale,IT,Italia,NEET_I,Incidenza dei giovani Neet di 15-34 anni (non occupati e non in istruzione),9,Totale,Y15-29,15-29 anni,7,Diploma,2024-Q2,16.969208,,
Q,Trimestrale,IT,Italia,NEET_I,Incidenza dei giovani Neet di 15-34 anni (non occupati e non in istruzione),9,Totale,Y15-29,15-29 anni,7,Diploma,2024-Q3,18.807213,,
Q,Trimestrale,IT,Italia,NEET_I,Incidenza dei giovani Neet di 15-34 anni (non occupati e non in istruzione),9,Totale,Y15-29,15-29 anni,7,Diploma,2024-Q4,17.520508,,
Q,Trimestrale,IT,Italia,NEET_I,Incidenza dei giovani Neet di 15-34 anni (non occupati e non in istruzione),9,Totale,Y15-29,15-29 anni,7,Diploma,2025-Q1,16.628353,,
Q,Trimestrale,IT,Italia,NEET_I,Incidenza dei giovani Neet di 15-34 anni (non occupati e non in istruzione),9,Totale,Y15-29,15-29 anni,7,Diploma,2025-Q2,14.132987,,
Q,Trimestrale,IT,Italia,NEET_I,Incidenza dei giovani Neet di 15-34 anni (non occupati e non in istruzione),9,Totale,Y15-29,15-29 anni,11,Laurea e post-laurea,2022-Q2,14.249919,,
Q,Trimestrale,IT,Italia,NEET_I,Incidenza dei giovani Neet di 15-34 anni (non occupati e non in istruzione),9,Totale,Y15-29,15-29 anni,11,Laurea e post-laurea,2022-Q3,14.459373,,
Q,Trimestrale,IT,Italia,NEET_I,Incidenza dei giovani Neet di 15-34 anni (non occupati e non in istruzione),9,Totale,Y15-29,15-29 anni,11,Laurea e post-laurea,2022-Q4,12.721052,,
Q,Trimestrale,IT,Italia,NEET_I,Incidenza dei giovani Neet di 15-34 anni (non occupati e non in istruzione),9,Totale,Y15-29,15-29 anni,11,Laurea e post-laurea,2023-Q1,11.473932,,
Q,Trimestrale,IT,Italia,NEET_I,Incidenza dei giovani Neet di 15-34 anni (non occupati e non in istruzione),9,Totale,Y15-29,15-29 anni,11,Laurea e post-laurea,2023-Q2,12.260264,,
Q,Trimestrale,IT,Italia,NEET_I,Incidenza dei giovani Neet di 15-34 anni (non occupati e non in istruzione),9,Totale,Y15-29,15-29 anni,11,Laurea e post-laurea,2023-Q3,14.559642,,
Q,Trimestrale,IT,Italia,NEET_I,Incidenza dei giovani Neet di 15-34 anni (non occupati e non in istruzione),9,Totale,Y15-29,15-29 anni,11,Laurea e post-laurea,2023-Q4,11.530628,,
Q,Trimestrale,IT,Italia,NEET_I,Incidenza dei giovani Neet di 15-34 anni (non occupati e non in istruzione),9,Totale,Y15-29,15-29 anni,11,Laurea e post-laurea,2024-Q1,10.754361,,
Q,Trimestrale,IT,Italia,NEET_I,Incidenza dei giovani Neet di 15-34 anni (non occupati e non in istruzione),9,Totale,Y15-29,15-29 anni,11,Laurea e post-laurea,2024-Q2,10.67484,,
Q,Trimestrale,IT,Italia,NEET_I,Incidenza dei giovani Neet di 15-34 anni (non occupati e non in istruzione),9,Totale,Y15-29,15-29 anni,11,Laurea e post-laurea,2024-Q3,12.986465,,
Q,Trimestrale,IT,Italia,NEET_I,Incidenza dei giovani Neet di 15-34 anni (non occupati e non in istruzione),9,Totale,Y15-29,15-29 anni,11,Laurea e post-laurea,2024-Q4,13.010455,,
Q,Trimestrale,IT,Italia,NEET_I,Incidenza dei giovani Neet di 15-34 anni (non occupati e non in istruzione),9,Totale,Y15-29,15-29 anni,11,Laurea e post-laurea,2025-Q1,10.45306,,
Q,Trimestrale,IT,Italia,NEET_I,Incidenza dei giovani Neet di 15-34 anni (non occupati e non in istruzione),9,Totale,Y15-29,15-29 anni,11,Laurea e post-laurea,2025-Q2,9.978275,,
Q,Trimestrale,IT,Italia,NEET_I,Incidenza dei giovani Neet di 15-34 anni (non occupati e non in istruzione),9,Totale,Y15-29,15-29 anni,99,Totale,2022-Q2,19.350483,,
Q,Trimestrale,IT,Italia,NEET_I,Incidenza dei giovani Neet di 15-34 anni (non occupati e non in istruzione),9,Totale,Y15-29,15-29 anni,99,Totale,2022-Q3,17.624353,,
Q,Trimestrale,IT,Italia,NEET_I,Incidenza dei giovani Neet di 15-34 anni (non occupati e non in istruzione),9,Totale,Y15-29,15-29 anni,99,Totale,2022-Q4,17.625952,,
Q,Trimestrale,IT,Italia,NEET_I,Incidenza dei giovani Neet di 15-34 anni (non occupati e non in istruzione),9,Totale,Y15-29,15-29 anni,99,Totale,2023-Q1,16.512547,,
Q,Trimestrale,IT,Italia,NEET_I,Incidenza dei giovani Neet di 15-34 anni (non occupati e non in istruzione),9,Totale,Y15-29,15-29 anni,99,Totale,2023-Q2,15.702338,,
Q,Trimestrale,IT,Italia,NEET_I,Incidenza dei giovani Neet di 15-34 anni (non occupati e non in istruzione),9,Totale,Y15-29,15-29 anni,99,Totale,2023-Q3,16.5466,,
Q,Trimestrale,IT,Italia,NEET_I,Incidenza dei giovani Neet di 15-34 anni (non occupati e non in istruzione),9,Totale,Y15-29,15-29 anni,99,Totale,2023-Q4,15.465704,,
Q,Trimestrale,IT,Italia,NEET_I,Incidenza dei giovani Neet di 15-34 anni (non occupati e non in istruzione),9,Totale,Y15-29,15-29 anni,99,Totale,2024-Q1,15.173447,,
Q,Trimestrale,IT,Italia,NEET_I,Incidenza dei giovani Neet di 15-34 anni (non occupati e non in istruzione),9,Totale,Y15-29,15-29 anni,99,Totale,2024-Q2,14.441099,,
Q,Trimestrale,IT,Italia,NEET_I,Incidenza dei giovani Neet di 15-34 anni (non occupati e non in istruzione),9,Totale,Y15-29,15-29 anni,99,Totale,2024-Q3,15.941046,,
Q,Trimestrale,IT,Italia,NEET_I,Incidenza dei giovani Neet di 15-34 anni (non occupati e non in istruzione),9,Totale,Y15-29,15-29 anni,99,Totale,2024-Q4,15.206048,,
Q,Trimestrale,IT,Italia,NEET_I,Incidenza dei giovani Neet di 15-34 anni (non occupati e non in istruzione),9,Totale,Y15-29,15-29 anni,99,Totale,2025-Q1,14.408945,,
Q,Trimestrale,IT,Italia,NEET_I,Incidenza dei giovani Neet di 15-34 anni (non occupati e non in istruzione),9,Totale,Y15-29,15-29 anni,99,Totale,2025-Q2,12.361843,,
Q,Trimestrale,IT,Italia,NEET_I,Incidenza dei giovani Neet di 15-34 anni (non occupati e non in istruzione),9,Totale,Y15-34,15-34 anni,13,'Nessun titolo di studio, licenza di scuola elementare e media',2022-Q2,24.828564,,
Q,Trimestrale,IT,Italia,NEET_I,Incidenza dei giovani Neet di 15-34 anni (non occupati e non in istruzione),9,Totale,Y15-34,15-34 anni,13,'Nessun titolo di studio, licenza di scuola elementare e media',2022-Q3,21.779003,,
Q,Trimestrale,IT,Italia,NEET_I,Incidenza dei giovani Neet di 15-34 anni (non occupati e non in istruzione),9,Totale,Y15-34,15-34 anni,13,'Nessun titolo di studio, licenza di scuola elementare e media',2022-Q4,21.758251,,
Q,Trimestrale,IT,Italia,NEET_I,Incidenza dei giovani Neet di 15-34 anni (non occupati e non in istruzione),9,Totale,Y15-34,15-34 anni,13,'Nessun titolo di studio, licenza di scuola elementare e media',2023-Q1,20.841211,,
Q,Trimestrale,IT,Italia,NEET_I,Incidenza dei giovani Neet di 15-34 anni (non occupati e non in istruzione),9,Totale,Y15-34,15-34 anni,13,'Nessun titolo di studio, licenza di scuola elementare e media',2023-Q2,18.620709,,
Q,Trimestrale,IT,Italia,NEET_I,Incidenza dei giovani Neet di 15-34 anni (non occupati e non in istruzione),9,Totale,Y15-34,15-34 anni,13,'Nessun titolo di studio, licenza di scuola elementare e media',2023-Q3,19.131404,,
Q,Trimestrale,IT,Italia,NEET_I,Incidenza dei giovani Neet di 15-34 anni (non occupati e non in istruzione),9,Totale,Y15-34,15-34 anni,13,'Nessun titolo di studio, licenza di scuola elementare e media',2023-Q4,18.185705,,
Q,Trimestrale,IT,Italia,NEET_I,Incidenza dei giovani Neet di 15-34 anni (non occupati e non in istruzione),9,Totale,Y15-34,15-34 anni,13,'Nessun titolo di studio, licenza di scuola elementare e media',2024-Q1,18.713396,,
Q,Trimestrale,IT,Italia,NEET_I,Incidenza dei giovani Neet di 15-34 anni (non occupati e non in istruzione),9,Totale,Y15-34,15-34 anni,13,'Nessun titolo di studio, licenza di scuola elementare e media',2024-Q2,16.847419,,
Q,Trimestrale,IT,Italia,NEET_I,Incidenza dei giovani Neet di 15-34 anni (non occupati e non in istruzione),9,Totale,Y15-34,15-34 anni,13,'Nessun titolo di studio, licenza di scuola elementare e media',2024-Q3,17.995591,,
Q,Trimestrale,IT,Italia,NEET_I,Incidenza dei giovani Neet di 15-34 anni (non occupati e non in istruzione),9,Totale,Y15-34,15-34 anni,13,'Nessun titolo di studio, licenza di scuola elementare e media',2024-Q4,18.30972,,
Q,Trimestrale,IT,Italia,NEET_I,Incidenza dei giovani Neet di 15-34 anni (non occupati e non in istruzione),9,Totale,Y15-34,15-34 anni,13,'Nessun titolo di studio, licenza di scuola elementare e media',2025-Q1,18.132647,,
Q,Trimestrale,IT,Italia,NEET_I,Incidenza dei giovani Neet di 15-34 anni (non occupati e non in istruzione),9,Totale,Y15-34,15-34 anni,13,'Nessun titolo di studio, licenza di scuola elementare e media',2025-Q2,16.021973,,
Q,Trimestrale,IT,Italia,NEET_I,Incidenza dei giovani Neet di 15-34 anni (non occupati e non in istruzione),9,Totale,Y15-34,15-34 anni,7,Diploma,2022-Q2,21.098769,,
Q,Trimestrale,IT,Italia,NEET_I,Incidenza dei giovani Neet di 15-34 anni (non occupati e non in istruzione),9,Totale,Y15-34,15-34 anni,7,Diploma,2022-Q3,20.538379,,
Q,Trimestrale,IT,Italia,NEET_I,Incidenza dei giovani Neet di 15-34 anni (non occupati e non in istruzione),9,Totale,Y15-34,15-34 anni,7,Diploma,2022-Q4,20.492707,,
Q,Trimestrale,IT,Italia,NEET_I,Incidenza dei giovani Neet di 15-34 anni (non occupati e non in istruzione),9,Totale,Y15-34,15-34 anni,7,Diploma,2023-Q1,19.962941,,
Q,Trimestrale,IT,Italia,NEET_I,Incidenza dei giovani Neet di 15-34 anni (non occupati e non in istruzione),9,Totale,Y15-34,15-34 anni,7,Diploma,2023-Q2,19.087911,,
Q,Trimestrale,IT,Italia,NEET_I,Incidenza dei giovani Neet di 15-34 anni (non occupati e non in istruzione),9,Totale,Y15-34,15-34 anni,7,Diploma,2023-Q3,19.669534,,
Q,Trimestrale,IT,Italia,NEET_I,Incidenza dei giovani Neet di 15-34 anni (non occupati e non in istruzione),9,Totale,Y15-34,15-34 anni,7,Diploma,2023-Q4,19.570523,,
Q,Trimestrale,IT,Italia,NEET_I,Incidenza dei giovani Neet di 15-34 anni (non occupati e non in istruzione),9,Totale,Y15-34,15-34 anni,7,Diploma,2024-Q1,19.492344,,
Q,Trimestrale,IT,Italia,NEET_I,Incidenza dei giovani Neet di 15-34 anni (non occupati e non in istruzione),9,Totale,Y15-34,15-34 anni,7,Diploma,2024-Q2,18.971949,,
Q,Trimestrale,IT,Italia,NEET_I,Incidenza dei giovani Neet di 15-34 anni (non occupati e non in istruzione),9,Totale,Y15-34,15-34 anni,7,Diploma,2024-Q3,19.750463,,
Q,Trimestrale,IT,Italia,NEET_I,Incidenza dei giovani Neet di 15-34 anni (non occupati e non in istruzione),9,Totale,Y15-34,15-34 anni,7,Diploma,2024-Q4,18.813339,,
Q,Trimestrale,IT,Italia,NEET_I,Incidenza dei giovani Neet di 15-34 anni (non occupati e non in istruzione),9,Totale,Y15-34,15-34 anni,7,Diploma,2025-Q1,18.037256,,
Q,Trimestrale,IT,Italia,NEET_I,Incidenza dei giovani Neet di 15-34 anni (non occupati e non in istruzione),9,Totale,Y15-34,15-34 anni,7,Diploma,2025-Q2,15.462632,,
Q,Trimestrale,IT,Italia,NEET_I,Incidenza dei giovani Neet di 15-34 anni (non occupati e non in istruzione),9,Totale,Y15-34,15-34 anni,11,Laurea e post-laurea,2022-Q2,13.671811,,
Q,Trimestrale,IT,Italia,NEET_I,Incidenza dei giovani Neet di 15-34 anni (non occupati e non in istruzione),9,Totale,Y15-34,15-34 anni,11,Laurea e post-laurea,2022-Q3,13.49327,,
Q,Trimestrale,IT,Italia,NEET_I,Incidenza dei giovani Neet di 15-34 anni (non occupati e non in istruzione),9,Totale,Y15-34,15-34 anni,11,Laurea e post-laurea,2022-Q4,11.290868,,
Q,Trimestrale,IT,Italia,NEET_I,Incidenza dei giovani Neet di 15-34 anni (non occupati e non in istruzione),9,Totale,Y15-34,15-34 anni,11,Laurea e post-laurea,2023-Q1,11.715999,,
Q,Trimestrale,IT,Italia,NEET_I,Incidenza dei giovani Neet di 15-34 anni (non occupati e non in istruzione),9,Totale,Y15-34,15-34 anni,11,Laurea e post-laurea,2023-Q2,11.502382,,
Q,Trimestrale,IT,Italia,NEET_I,Incidenza dei giovani Neet di 15-34 anni (non occupati e non in istruzione),9,Totale,Y15-34,15-34 anni,11,Laurea e post-laurea,2023-Q3,13.763474,,
Q,Trimestrale,IT,Italia,NEET_I,Incidenza dei giovani Neet di 15-34 anni (non occupati e non in istruzione),9,Totale,Y15-34,15-34 anni,11,Laurea e post-laurea,2023-Q4,10.919252,,
Q,Trimestrale,IT,Italia,NEET_I,Incidenza dei giovani Neet di 15-34 anni (non occupati e non in istruzione),9,Totale,Y15-34,15-34 anni,11,Laurea e post-laurea,2024-Q1,10.384905,,
Q,Trimestrale,IT,Italia,NEET_I,Incidenza dei giovani Neet di 15-34 anni (non occupati e non in istruzione),9,Totale,Y15-34,15-34 anni,11,Laurea e post-laurea,2024-Q2,10.666108,,
Q,Trimestrale,IT,Italia,NEET_I,Incidenza dei giovani Neet di 15-34 anni (non occupati e non in istruzione),9,Totale,Y15-34,15-34 anni,11,Laurea e post-laurea,2024-Q3,12.379011,,
Q,Trimestrale,IT,Italia,NEET_I,Incidenza dei giovani Neet di 15-34 anni (non occupati e non in istruzione),9,Totale,Y15-34,15-34 anni,11,Laurea e post-laurea,2024-Q4,12.106557,,
Q,Trimestrale,IT,Italia,NEET_I,Incidenza dei giovani Neet di 15-34 anni (non occupati e non in istruzione),9,Totale,Y15-34,15-34 anni,11,Laurea e post-laurea,2025-Q1,9.872903,,
Q,Trimestrale,IT,Italia,NEET_I,Incidenza dei giovani Neet di 15-34 anni (non occupati e non in istruzione),9,Totale,Y15-34,15-34 anni,11,Laurea e post-laurea,2025-Q2,9.389548,,
Q,Trimestrale,IT,Italia,NEET_I,Incidenza dei giovani Neet di 15-34 anni (non occupati e non in istruzione),9,Totale,Y15-34,15-34 anni,99,Totale,2022-Q2,21.129576,,
Q,Trimestrale,IT,Italia,NEET_I,Incidenza dei giovani Neet di 15-34 anni (non occupati e non in istruzione),9,Totale,Y15-34,15-34 anni,99,Totale,2022-Q3,19.631458,,
Q,Trimestrale,IT,Italia,NEET_I,Incidenza dei giovani Neet di 15-34 anni (non occupati e non in istruzione),9,Totale,Y15-34,15-34 anni,99,Totale,2022-Q4,19.297993,,
Q,Trimestrale,IT,Italia,NEET_I,Incidenza dei giovani Neet di 15-34 anni (non occupati e non in istruzione),9,Totale,Y15-34,15-34 anni,99,Totale,2023-Q1,18.772311,,
Q,Trimestrale,IT,Italia,NEET_I,Incidenza dei giovani Neet di 15-34 anni (non occupati e non in istruzione),9,Totale,Y15-34,15-34 anni,99,Totale,2023-Q2,17.543279,,
Q,Trimestrale,IT,Italia,NEET_I,Incidenza dei giovani Neet di 15-34 anni (non occupati e non in istruzione),9,Totale,Y15-34,15-34 anni,99,Totale,2023-Q3,18.361673,,
Q,Trimestrale,IT,Italia,NEET_I,Incidenza dei giovani Neet di 15-34 anni (non occupati e non in istruzione),9,Totale,Y15-34,15-34 anni,99,Totale,2023-Q4,17.465533,,
Q,Trimestrale,IT,Italia,NEET_I,Incidenza dei giovani Neet di 15-34 anni (non occupati e non in istruzione),9,Totale,Y15-34,15-34 anni,99,Totale,2024-Q1,17.463362,,
Q,Trimestrale,IT,Italia,NEET_I,Incidenza dei giovani Neet di 15-34 anni (non occupati e non in istruzione),9,Totale,Y15-34,15-34 anni,99,Totale,2024-Q2,16.670216,,
Q,Trimestrale,IT,Italia,NEET_I,Incidenza dei giovani Neet di 15-34 anni (non occupati e non in istruzione),9,Totale,Y15-34,15-34 anni,99,Totale,2024-Q3,17.757347,,
Q,Trimestrale,IT,Italia,NEET_I,Incidenza dei giovani Neet di 15-34 anni (non occupati e non in istruzione),9,Totale,Y15-34,15-34 anni,99,Totale,2024-Q4,17.40201,,
Q,Trimestrale,IT,Italia,NEET_I,Incidenza dei giovani Neet di 15-34 anni (non occupati e non in istruzione),9,Totale,Y15-34,15-34 anni,99,Totale,2025-Q1,16.56178,,
Q,Trimestrale,IT,Italia,NEET_I,Incidenza dei giovani Neet di 15-34 anni (non occupati e non in istruzione),9,Totale,Y15-34,15-34 anni,99,Totale,2025-Q2,14.533395,,
Q,Trimestrale,ITCD,Nord,NEET_I,Incidenza dei giovani Neet di 15-34 anni (non occupati e non in istruzione),1,Maschi,Y15-24,15-24 anni,99,Totale,2022-Q2,13.335689,,
Q,Trimestrale,ITCD,Nord,NEET_I,Incidenza dei giovani Neet di 15-34 anni (non occupati e non in istruzione),1,Maschi,Y15-24,15-24 anni,99,Totale,2022-Q3,11.102737,,
Q,Trimestrale,ITCD,Nord,NEET_I,Incidenza dei giovani Neet di 15-34 anni (non occupati e non in istruzione),1,Maschi,Y15-24,15-24 anni,99,Totale,2022-Q4,8.818358,,
Q,Trimestrale,ITCD,Nord,NEET_I,Incidenza dei giovani Neet di 15-34 anni (non occupati e non in istruzione),1,Maschi,Y15-24,15-24 anni,99,Totale,2023-Q1,8.146115,,
Q,Trimestrale,ITCD,Nord,NEET_I,Incidenza dei giovani Neet di 15-34 anni (non occupati e non in istruzione),1,Maschi,Y15-24,15-24 anni,99,Totale,2023-Q2,9.432202,,
Q,Trimestrale,ITCD,Nord,NEET_I,Incidenza dei giovani Neet di 15-34 anni (non occupati e non in istruzione),1,Maschi,Y15-24,15-24 anni,99,Totale,2023-Q3,9.444846,,
Q,Trimestrale,ITCD,Nord,NEET_I,Incidenza dei giovani Neet di 15-34 anni (non occupati e non in istruzione),1,Maschi,Y15-24,15-24 anni,99,Totale,2023-Q4,8.192057,,
Q,Trimestrale,ITCD,Nord,NEET_I,Incidenza dei giovani Neet di 15-34 anni (non occupati e non in istruzione),1,Maschi,Y15-24,15-24 anni,99,Totale,2024-Q1,6.915887,,
Q,Trimestrale,ITCD,Nord,NEET_I,Incidenza dei giovani Neet di 15-34 anni (non occupati e non in istruzione),1,Maschi,Y15-24,15-24 anni,99,Totale,2024-Q2,8.059198,,
Q,Trimestrale,ITCD,Nord,NEET_I,Incidenza dei giovani Neet di 15-34 anni (non occupati e non in istruzione),1,Maschi,Y15-24,15-24 anni,99,Totale,2024-Q3,9.083723,,
Q,Trimestrale,ITCD,Nord,NEET_I,Incidenza dei giovani Neet di 15-34 anni (non occupati e non in istruzione),1,Maschi,Y15-24,15-24 anni,99,Totale,2024-Q4,7.825588,,
Q,Trimestrale,ITCD,Nord,NEET_I,Incidenza dei giovani Neet di 15-34 anni (non occupati e non in istruzione),1,Maschi,Y15-24,15-24 anni,99,Totale,2025-Q1,6.423691,,
Q,Trimestrale,ITCD,Nord,NEET_I,Incidenza dei giovani Neet di 15-34 anni (non occupati e non in istruzione),1,Maschi,Y15-24,15-24 anni,99,Totale,2025-Q2,6.003012,,
Q,Trimestrale,ITCD,Nord,NEET_I,Incidenza dei giovani Neet di 15-34 anni (non occupati e non in istruzione),1,Maschi,Y18-29,18-29 anni,99,Totale,2022-Q2,13.591563,,
Q,Trimestrale,ITCD,Nord,NEET_I,Incidenza dei giovani Neet di 15-34 anni (non occupati e non in istruzione),1,Maschi,Y18-29,18-29 anni,99,Totale,2022-Q3,12.797951,,
Q,Trimestrale,ITCD,Nord,NEET_I,Incidenza dei giovani Neet di 15-34 anni (non occupati e non in istruzione),1,Maschi,Y18-29,18-29 anni,99,Totale,2022-Q4,11.497287,,
Q,Trimestrale,ITCD,Nord,NEET_I,Incidenza dei giovani Neet di 15-34 anni (non occupati e non in istruzione),1,Maschi,Y18-29,18-29 anni,99,Totale,2023-Q1,10.227863,,
Q,Trimestrale,ITCD,Nord,NEET_I,Incidenza dei giovani Neet di 15-34 anni (non occupati e non in istruzione),1,Maschi,Y18-29,18-29 anni,99,Totale,2023-Q2,10.872488,,
Q,Trimestrale,ITCD,Nord,NEET_I,Incidenza dei giovani Neet di 15-34 anni (non occupati e non in istruzione),1,Maschi,Y18-29,18-29 anni,99,Totale,2023-Q3,11.247145,,
Q,Trimestrale,ITCD,Nord,NEET_I,Incidenza dei giovani Neet di 15-34 anni (non occupati e non in istruzione),1,Maschi,Y18-29,18-29 anni,99,Totale,2023-Q4,9.132975,,
Q,Trimestrale,ITCD,Nord,NEET_I,Incidenza dei giovani Neet di 15-34 anni (non occupati e non in istruzione),1,Maschi,Y18-29,18-29 anni,99,Totale,2024-Q1,9.727616,,
Q,Trimestrale,ITCD,Nord,NEET_I,Incidenza dei giovani Neet di 15-34 anni (non occupati e non in istruzione),1,Maschi,Y18-29,18-29 anni,99,Totale,2024-Q2,9.360968,,
Q,Trimestrale,ITCD,Nord,NEET_I,Incidenza dei giovani Neet di 15-34 anni (non occupati e non in istruzione),1,Maschi,Y18-29,18-29 anni,99,Totale,2024-Q3,10.672463,,
Q,Trimestrale,ITCD,Nord,NEET_I,Incidenza dei giovani Neet di 15-34 anni (non occupati e non in istruzione),1,Maschi,Y18-29,18-29 anni,99,Totale,2024-Q4,9.386526,,
Q,Trimestrale,ITCD,Nord,NEET_I,Incidenza dei giovani Neet di 15-34 anni (non occupati e non in istruzione),1,Maschi,Y18-29,18-29 anni,99,Totale,2025-Q1,8.342089,,
Q,Trimestrale,ITCD,Nord,NEET_I,Incidenza dei giovani Neet di 15-34 anni (non occupati e non in istruzione),1,Maschi,Y18-29,18-29 anni,99,Totale,2025-Q2,7.312529,,
Q,Trimestrale,ITCD,Nord,NEET_I,Incidenza dei giovani Neet di 15-34 anni (non occupati e non in istruzione),1,Maschi,Y15-29,15-29 anni,99,Totale,2022-Q2,12.300727,,
Q,Trimestrale,ITCD,Nord,NEET_I,Incidenza dei giovani Neet di 15-34 anni (non occupati e non in istruzione),1,Maschi,Y15-29,15-29 anni,99,Totale,2022-Q3,10.916194,,
Q,Trimestrale,ITCD,Nord,NEET_I,Incidenza dei giovani Neet di 15-34 anni (non occupati e non in istruzione),1,Maschi,Y15-29,15-29 anni,99,Totale,2022-Q4,9.599866,,
Q,Trimestrale,ITCD,Nord,NEET_I,Incidenza dei giovani Neet di 15-34 anni (non occupati e non in istruzione),1,Maschi,Y15-29,15-29 anni,99,Totale,2023-Q1,8.636181,,
Q,Trimestrale,ITCD,Nord,NEET_I,Incidenza dei giovani Neet di 15-34 anni (non occupati e non in istruzione),1,Maschi,Y15-29,15-29 anni,99,Totale,2023-Q2,9.064489,,
Q,Trimestrale,ITCD,Nord,NEET_I,Incidenza dei giovani Neet di 15-34 anni (non occupati e non in istruzione),1,Maschi,Y15-29,15-29 anni,99,Totale,2023-Q3,9.54295,,
Q,Trimestrale,ITCD,Nord,NEET_I,Incidenza dei giovani Neet di 15-34 anni (non occupati e non in istruzione),1,Maschi,Y15-29,15-29 anni,99,Totale,2023-Q4,7.771305,,
Q,Trimestrale,ITCD,Nord,NEET_I,Incidenza dei giovani Neet di 15-34 anni (non occupati e non in istruzione),1,Maschi,Y15-29,15-29 anni,99,Totale,2024-Q1,8.239036,,
Q,Trimestrale,ITCD,Nord,NEET_I,Incidenza dei giovani Neet di 15-34 anni (non occupati e non in istruzione),1,Maschi,Y15-29,15-29 anni,99,Totale,2024-Q2,7.810684,,
Q,Trimestrale,ITCD,Nord,NEET_I,Incidenza dei giovani Neet di 15-34 anni (non occupati e non in istruzione),1,Maschi,Y15-29,15-29 anni,99,Totale,2024-Q3,8.859093,,
Q,Trimestrale,ITCD,Nord,NEET_I,Incidenza dei giovani Neet di 15-34 anni (non occupati e non in istruzione),1,Maschi,Y15-29,15-29 anni,99,Totale,2024-Q4,7.948719,,
Q,Trimestrale,ITCD,Nord,NEET_I,Incidenza dei giovani Neet di 15-34 anni (non occupati e non in istruzione),1,Maschi,Y15-29,15-29 anni,99,Totale,2025-Q1,7.004271,,
Q,Trimestrale,ITCD,Nord,NEET_I,Incidenza dei giovani Neet di 15-34 anni (non occupati e non in istruzione),1,Maschi,Y15-29,15-29 anni,99,Totale,2025-Q2,6.040626,,
Q,Trimestrale,ITCD,Nord,NEET_I,Incidenza dei giovani Neet di 15-34 anni (non occupati e non in istruzione),1,Maschi,Y15-34,15-34 anni,99,Totale,2022-Q2,11.14026,,
Q,Trimestrale,ITCD,Nord,NEET_I,Incidenza dei giovani Neet di 15-34 anni (non occupati e non in istruzione),1,Maschi,Y15-34,15-34 anni,99,Totale,2022-Q3,10.003066,,
Q,Trimestrale,ITCD,Nord,NEET_I,Incidenza dei giovani Neet di 15-34 anni (non occupati e non in istruzione),1,Maschi,Y15-34,15-34 anni,99,Totale,2022-Q4,8.664262,,
Q,Trimestrale,ITCD,Nord,NEET_I,Incidenza dei giovani Neet di 15-34 anni (non occupati e non in istruzione),1,Maschi,Y15-34,15-34 anni,99,Totale,2023-Q1,8.767859,,
Q,Trimestrale,ITCD,Nord,NEET_I,Incidenza dei giovani Neet di 15-34 anni (non occupati e non in istruzione),1,Maschi,Y15-34,15-34 anni,99,Totale,2023-Q2,8.400601,,
Q,Trimestrale,ITCD,Nord,NEET_I,Incidenza dei giovani Neet di 15-34 anni (non occupati e non in istruzione),1,Maschi,Y15-34,15-34 anni,99,Totale,2023-Q3,8.526141,,
Q,Trimestrale,ITCD,Nord,NEET_I,Incidenza dei giovani Neet di 15-34 anni (non occupati e non in istruzione),1,Maschi,Y15-34,15-34 anni,99,Totale,2023-Q4,7.596219,,
Q,Trimestrale,ITCD,Nord,NEET_I,Incidenza dei giovani Neet di 15-34 anni (non occupati e non in istruzione),1,Maschi,Y15-34,15-34 anni,99,Totale,2024-Q1,8.197818,,
Q,Trimestrale,ITCD,Nord,NEET_I,Incidenza dei giovani Neet di 15-34 anni (non occupati e non in istruzione),1,Maschi,Y15-34,15-34 anni,99,Totale,2024-Q2,7.298542,,
Q,Trimestrale,ITCD,Nord,NEET_I,Incidenza dei giovani Neet di 15-34 anni (non occupati e non in istruzione),1,Maschi,Y15-34,15-34 anni,99,Totale,2024-Q3,8.18,,
Q,Trimestrale,ITCD,Nord,NEET_I,Incidenza dei giovani Neet di 15-34 anni (non occupati e non in istruzione),1,Maschi,Y15-34,15-34 anni,99,Totale,2024-Q4,8.030319,,
Q,Trimestrale,ITCD,Nord,NEET_I,Incidenza dei giovani Neet di 15-34 anni (non occupati e non in istruzione),1,Maschi,Y15-34,15-34 anni,99,Totale,2025-Q1,6.787495,,
Q,Trimestrale,ITCD,Nord,NEET_I,Incidenza dei giovani Neet di 15-34 anni (non occupati e non in istruzione),1,Maschi,Y15-34,15-34 anni,99,Totale,2025-Q2,5.718885,,
Q,Trimestrale,ITCD,Nord,NEET_I,Incidenza dei giovani Neet di 15-34 anni (non occupati e non in istruzione),2,Femmine,Y15-24,15-24 anni,99,Totale,2022-Q2,12.519782,,
Q,Trimestrale,ITCD,Nord,NEET_I,Incidenza dei giovani Neet di 15-34 anni (non occupati e non in istruzione),2,Femmine,Y15-24,15-24 anni,99,Totale,2022-Q3,10.509001,,
Q,Trimestrale,ITCD,Nord,NEET_I,Incidenza dei giovani Neet di 15-34 anni (non occupati e non in istruzione),2,Femmine,Y15-24,15-24 anni,99,Totale,2022-Q4,8.824037,,
Q,Trimestrale,ITCD,Nord,NEET_I,Incidenza dei giovani Neet di 15-34 anni (non occupati e non in istruzione),2,Femmine,Y15-24,15-24 anni,99,Totale,2023-Q1,8.229514,,
Q,Trimestrale,ITCD,Nord,NEET_I,Incidenza dei giovani Neet di 15-34 anni (non occupati e non in istruzione),2,Femmine,Y15-24,15-24 anni,99,Totale,2023-Q2,8.558025,,
Q,Trimestrale,ITCD,Nord,NEET_I,Incidenza dei giovani Neet di 15-34 anni (non occupati e non in istruzione),2,Femmine,Y15-24,15-24 anni,99,Totale,2023-Q3,9.428682,,
Q,Trimestrale,ITCD,Nord,NEET_I,Incidenza dei giovani Neet di 15-34 anni (non occupati e non in istruzione),2,Femmine,Y15-24,15-24 anni,99,Totale,2023-Q4,8.862616,,
Q,Trimestrale,ITCD,Nord,NEET_I,Incidenza dei giovani Neet di 15-34 anni (non occupati e non in istruzione),2,Femmine,Y15-24,15-24 anni,99,Totale,2024-Q1,8.650907,,
Q,Trimestrale,ITCD,Nord,NEET_I,Incidenza dei giovani Neet di 15-34 anni (non occupati e non in istruzione),2,Femmine,Y15-24,15-24 anni,99,Totale,2024-Q2,8.498881,,
Q,Trimestrale,ITCD,Nord,NEET_I,Incidenza dei giovani Neet di 15-34 anni (non occupati e non in istruzione),2,Femmine,Y15-24,15-24 anni,99,Totale,2024-Q3,10.084182,,
Q,Trimestrale,ITCD,Nord,NEET_I,Incidenza dei giovani Neet di 15-34 anni (non occupati e non in istruzione),2,Femmine,Y15-24,15-24 anni,99,Totale,2024-Q4,7.523333,,
Q,Trimestrale,ITCD,Nord,NEET_I,Incidenza dei giovani Neet di 15-34 anni (non occupati e non in istruzione),2,Femmine,Y15-24,15-24 anni,99,Totale,2025-Q1,7.546414,,
Q,Trimestrale,ITCD,Nord,NEET_I,Incidenza dei giovani Neet di 15-34 anni (non occupati e non in istruzione),2,Femmine,Y15-24,15-24 anni,99,Totale,2025-Q2,6.960252,,
Q,Trimestrale,ITCD,Nord,NEET_I,Incidenza dei giovani Neet di 15-34 anni (non occupati e non in istruzione),2,Femmine,Y18-29,18-29 anni,99,Totale,2022-Q2,17.450123,,
Q,Trimestrale,ITCD,Nord,NEET_I,Incidenza dei giovani Neet di 15-34 anni (non occupati e non in istruzione),2,Femmine,Y18-29,18-29 anni,99,Totale,2022-Q3,16.929409,,
Q,Trimestrale,ITCD,Nord,NEET_I,Incidenza dei giovani Neet di 15-34 anni (non occupati e non in istruzione),2,Femmine,Y18-29,18-29 anni,99,Totale,2022-Q4,16.330702,,
Q,Trimestrale,ITCD,Nord,NEET_I,Incidenza dei giovani Neet di 15-34 anni (non occupati e non in istruzione),2,Femmine,Y18-29,18-29 anni,99,Totale,2023-Q1,15.66474,,
Q,Trimestrale,ITCD,Nord,NEET_I,Incidenza dei giovani Neet di 15-34 anni (non occupati e non in istruzione),2,Femmine,Y18-29,18-29 anni,99,Totale,2023-Q2,15.404374,,
Q,Trimestrale,ITCD,Nord,NEET_I,Incidenza dei giovani Neet di 15-34 anni (non occupati e non in istruzione),2,Femmine,Y18-29,18-29 anni,99,Totale,2023-Q3,16.892457,,
Q,Trimestrale,ITCD,Nord,NEET_I,Incidenza dei giovani Neet di 15-34 anni (non occupati e non in istruzione),2,Femmine,Y18-29,18-29 anni,99,Totale,2023-Q4,15.213865,,
Q,Trimestrale,ITCD,Nord,NEET_I,Incidenza dei giovani Neet di 15-34 anni (non occupati e non in istruzione),2,Femmine,Y18-29,18-29 anni,99,Totale,2024-Q1,14.343699,,
Q,Trimestrale,ITCD,Nord,NEET_I,Incidenza dei giovani Neet di 15-34 anni (non occupati e non in istruzione),2,Femmine,Y18-29,18-29 anni,99,Totale,2024-Q2,13.198855,,
Q,Trimestrale,ITCD,Nord,NEET_I,Incidenza dei giovani Neet di 15-34 anni (non occupati e non in istruzione),2,Femmine,Y18-29,18-29 anni,99,Totale,2024-Q3,14.515295,,
Q,Trimestrale,ITCD,Nord,NEET_I,Incidenza dei giovani Neet di 15-34 anni (non occupati e non in istruzione),2,Femmine,Y18-29,18-29 anni,99,Totale,2024-Q4,13.468261,,
Q,Trimestrale,ITCD,Nord,NEET_I,Incidenza dei giovani Neet di 15-34 anni (non occupati e non in istruzione),2,Femmine,Y18-29,18-29 anni,99,Totale,2025-Q1,13.70237,,
Q,Trimestrale,ITCD,Nord,NEET_I,Incidenza dei giovani Neet di 15-34 anni (non occupati e non in istruzione),2,Femmine,Y18-29,18-29 anni,99,Totale,2025-Q2,13.138997,,
Q,Trimestrale,ITCD,Nord,NEET_I,Incidenza dei giovani Neet di 15-34 anni (non occupati e non in istruzione),2,Femmine,Y15-29,15-29 anni,99,Totale,2022-Q2,15.677363,,
Q,Trimestrale,ITCD,Nord,NEET_I,Incidenza dei giovani Neet di 15-34 anni (non occupati e non in istruzione),2,Femmine,Y15-29,15-29 anni,99,Totale,2022-Q3,14.316543,,
Q,Trimestrale,ITCD,Nord,NEET_I,Incidenza dei giovani Neet di 15-34 anni (non occupati e non in istruzione),2,Femmine,Y15-29,15-29 anni,99,Totale,2022-Q4,13.379942,,
Q,Trimestrale,ITCD,Nord,NEET_I,Incidenza dei giovani Neet di 15-34 anni (non occupati e non in istruzione),2,Femmine,Y15-29,15-29 anni,99,Totale,2023-Q1,12.854611,,
Q,Trimestrale,ITCD,Nord,NEET_I,Incidenza dei giovani Neet di 15-34 anni (non occupati e non in istruzione),2,Femmine,Y15-29,15-29 anni,99,Totale,2023-Q2,12.822799,,
Q,Trimestrale,ITCD,Nord,NEET_I,Incidenza dei giovani Neet di 15-34 anni (non occupati e non in istruzione),2,Femmine,Y15-29,15-29 anni,99,Totale,2023-Q3,13.932586,,
Q,Trimestrale,ITCD,Nord,NEET_I,Incidenza dei giovani Neet di 15-34 anni (non occupati e non in istruzione),2,Femmine,Y15-29,15-29 anni,99,Totale,2023-Q4,12.383567,,
Q,Trimestrale,ITCD,Nord,NEET_I,Incidenza dei giovani Neet di 15-34 anni (non occupati e non in istruzione),2,Femmine,Y15-29,15-29 anni,99,Totale,2024-Q1,11.583259,,
Q,Trimestrale,ITCD,Nord,NEET_I,Incidenza dei giovani Neet di 15-34 anni (non occupati e non in istruzione),2,Femmine,Y15-29,15-29 anni,99,Totale,2024-Q2,11.110396,,
Q,Trimestrale,ITCD,Nord,NEET_I,Incidenza dei giovani Neet di 15-34 anni (non occupati e non in istruzione),2,Femmine,Y15-29,15-29 anni,99,Totale,2024-Q3,12.163988,,
Q,Trimestrale,ITCD,Nord,NEET_I,Incidenza dei giovani Neet di 15-34 anni (non occupati e non in istruzione),2,Femmine,Y15-29,15-29 anni,99,Totale,2024-Q4,11.006471,,
Q,Trimestrale,ITCD,Nord,NEET_I,Incidenza dei giovani Neet di 15-34 anni (non occupati e non in istruzione),2,Femmine,Y15-29,15-29 anni,99,Totale,2025-Q1,11.167634,,
Q,Trimestrale,ITCD,Nord,NEET_I,Incidenza dei giovani Neet di 15-34 anni (non occupati e non in istruzione),2,Femmine,Y15-29,15-29 anni,99,Totale,2025-Q2,10.675061,,
Q,Trimestrale,ITCD,Nord,NEET_I,Incidenza dei giovani Neet di 15-34 anni (non occupati e non in istruzione),2,Femmine,Y15-34,15-34 anni,99,Totale,2022-Q2,18.456134,,
Q,Trimestrale,ITCD,Nord,NEET_I,Incidenza dei giovani Neet di 15-34 anni (non occupati e non in istruzione),2,Femmine,Y15-34,15-34 anni,99,Totale,2022-Q3,17.297964,,
Q,Trimestrale,ITCD,Nord,NEET_I,Incidenza dei giovani Neet di 15-34 anni (non occupati e non in istruzione),2,Femmine,Y15-34,15-34 anni,99,Totale,2022-Q4,15.640941,,
Q,Trimestrale,ITCD,Nord,NEET_I,Incidenza dei giovani Neet di 15-34 anni (non occupati e non in istruzione),2,Femmine,Y15-34,15-34 anni,99,Totale,2023-Q1,15.005295,,
Q,Trimestrale,ITCD,Nord,NEET_I,Incidenza dei giovani Neet di 15-34 anni (non occupati e non in istruzione),2,Femmine,Y15-34,15-34 anni,99,Totale,2023-Q2,14.814195,,
Q,Trimestrale,ITCD,Nord,NEET_I,Incidenza dei giovani Neet di 15-34 anni (non occupati e non in istruzione),2,Femmine,Y15-34,15-34 anni,99,Totale,2023-Q3,16.681451,,
Q,Trimestrale,ITCD,Nord,NEET_I,Incidenza dei giovani Neet di 15-34 anni (non occupati e non in istruzione),2,Femmine,Y15-34,15-34 anni,99,Totale,2023-Q4,14.901517,,
Q,Trimestrale,ITCD,Nord,NEET_I,Incidenza dei giovani Neet di 15-34 anni (non occupati e non in istruzione),2,Femmine,Y15-34,15-34 anni,99,Totale,2024-Q1,14.312961,,
Q,Trimestrale,ITCD,Nord,NEET_I,Incidenza dei giovani Neet di 15-34 anni (non occupati e non in istruzione),2,Femmine,Y15-34,15-34 anni,99,Totale,2024-Q2,13.499466,,
Q,Trimestrale,ITCD,Nord,NEET_I,Incidenza dei giovani Neet di 15-34 anni (non occupati e non in istruzione),2,Femmine,Y15-34,15-34 anni,99,Totale,2024-Q3,14.60892,,
Q,Trimestrale,ITCD,Nord,NEET_I,Incidenza dei giovani Neet di 15-34 anni (non occupati e non in istruzione),2,Femmine,Y15-34,15-34 anni,99,Totale,2024-Q4,14.295887,,
Q,Trimestrale,ITCD,Nord,NEET_I,Incidenza dei giovani Neet di 15-34 anni (non occupati e non in istruzione),2,Femmine,Y15-34,15-34 anni,99,Totale,2025-Q1,14.125495,,
Q,Trimestrale,ITCD,Nord,NEET_I,Incidenza dei giovani Neet di 15-34 anni (non occupati e non in istruzione),2,Femmine,Y15-34,15-34 anni,99,Totale,2025-Q2,13.034276,,
Q,Trimestrale,ITCD,Nord,NEET_I,Incidenza dei giovani Neet di 15-34 anni (non occupati e non in istruzione),9,Totale,Y15-24,15-24 anni,99,Totale,2022-Q2,12.942512,,
Q,Trimestrale,ITCD,Nord,NEET_I,Incidenza dei giovani Neet di 15-34 anni (non occupati e non in istruzione),9,Totale,Y15-24,15-24 anni,99,Totale,2022-Q3,10.816523,,
Q,Trimestrale,ITCD,Nord,NEET_I,Incidenza dei giovani Neet di 15-34 anni (non occupati e non in istruzione),9,Totale,Y15-24,15-24 anni,99,Totale,2022-Q4,8.82109,,
Q,Trimestrale,ITCD,Nord,NEET_I,Incidenza dei giovani Neet di 15-34 anni (non occupati e non in istruzione),9,Totale,Y15-24,15-24 anni,99,Totale,2023-Q1,8.186262,,
Q,Trimestrale,ITCD,Nord,NEET_I,Incidenza dei giovani Neet di 15-34 anni (non occupati e non in istruzione),9,Totale,Y15-24,15-24 anni,99,Totale,2023-Q2,9.011057,,
Q,Trimestrale,ITCD,Nord,NEET_I,Incidenza dei giovani Neet di 15-34 anni (non occupati e non in istruzione),9,Totale,Y15-24,15-24 anni,99,Totale,2023-Q3,9.437015,,
Q,Trimestrale,ITCD,Nord,NEET_I,Incidenza dei giovani Neet di 15-34 anni (non occupati e non in istruzione),9,Totale,Y15-24,15-24 anni,99,Totale,2023-Q4,8.515323,,
Q,Trimestrale,ITCD,Nord,NEET_I,Incidenza dei giovani Neet di 15-34 anni (non occupati e non in istruzione),9,Totale,Y15-24,15-24 anni,99,Totale,2024-Q1,7.751603,,
Q,Trimestrale,ITCD,Nord,NEET_I,Incidenza dei giovani Neet di 15-34 anni (non occupati e non in istruzione),9,Totale,Y15-24,15-24 anni,99,Totale,2024-Q2,8.270754,,
Q,Trimestrale,ITCD,Nord,NEET_I,Incidenza dei giovani Neet di 15-34 anni (non occupati e non in istruzione),9,Totale,Y15-24,15-24 anni,99,Totale,2024-Q3,9.564772,,
Q,Trimestrale,ITCD,Nord,NEET_I,Incidenza dei giovani Neet di 15-34 anni (non occupati e non in istruzione),9,Totale,Y15-24,15-24 anni,99,Totale,2024-Q4,7.680201,,
Q,Trimestrale,ITCD,Nord,NEET_I,Incidenza dei giovani Neet di 15-34 anni (non occupati e non in istruzione),9,Totale,Y15-24,15-24 anni,99,Totale,2025-Q1,6.961991,,
Q,Trimestrale,ITCD,Nord,NEET_I,Incidenza dei giovani Neet di 15-34 anni (non occupati e non in istruzione),9,Totale,Y15-24,15-24 anni,99,Totale,2025-Q2,6.462107,,
Q,Trimestrale,ITCD,Nord,NEET_I,Incidenza dei giovani Neet di 15-34 anni (non occupati e non in istruzione),9,Totale,Y18-29,18-29 anni,99,Totale,2022-Q2,15.454228,,
Q,Trimestrale,ITCD,Nord,NEET_I,Incidenza dei giovani Neet di 15-34 anni (non occupati e non in istruzione),9,Totale,Y18-29,18-29 anni,99,Totale,2022-Q3,14.79271,,
Q,Trimestrale,ITCD,Nord,NEET_I,Incidenza dei giovani Neet di 15-34 anni (non occupati e non in istruzione),9,Totale,Y18-29,18-29 anni,99,Totale,2022-Q4,13.826461,,
Q,Trimestrale,ITCD,Nord,NEET_I,Incidenza dei giovani Neet di 15-34 anni (non occupati e non in istruzione),9,Totale,Y18-29,18-29 anni,99,Totale,2023-Q1,12.84862,,
Q,Trimestrale,ITCD,Nord,NEET_I,Incidenza dei giovani Neet di 15-34 anni (non occupati e non in istruzione),9,Totale,Y18-29,18-29 anni,99,Totale,2023-Q2,13.05774,,
Q,Trimestrale,ITCD,Nord,NEET_I,Incidenza dei giovani Neet di 15-34 anni (non occupati e non in istruzione),9,Totale,Y18-29,18-29 anni,99,Totale,2023-Q3,13.968603,,
Q,Trimestrale,ITCD,Nord,NEET_I,Incidenza dei giovani Neet di 15-34 anni (non occupati e non in istruzione),9,Totale,Y18-29,18-29 anni,99,Totale,2023-Q4,12.063315,,
Q,Trimestrale,ITCD,Nord,NEET_I,Incidenza dei giovani Neet di 15-34 anni (non occupati e non in istruzione),9,Totale,Y18-29,18-29 anni,99,Totale,2024-Q1,11.949437,,
Q,Trimestrale,ITCD,Nord,NEET_I,Incidenza dei giovani Neet di 15-34 anni (non occupati e non in istruzione),9,Totale,Y18-29,18-29 anni,99,Totale,2024-Q2,11.205665,,
Q,Trimestrale,ITCD,Nord,NEET_I,Incidenza dei giovani Neet di 15-34 anni (non occupati e non in istruzione),9,Totale,Y18-29,18-29 anni,99,Totale,2024-Q3,12.517288,,
Q,Trimestrale,ITCD,Nord,NEET_I,Incidenza dei giovani Neet di 15-34 anni (non occupati e non in istruzione),9,Totale,Y18-29,18-29 anni,99,Totale,2024-Q4,11.344756,,
Q,Trimestrale,ITCD,Nord,NEET_I,Incidenza dei giovani Neet di 15-34 anni (non occupati e non in istruzione),9,Totale,Y18-29,18-29 anni,99,Totale,2025-Q1,10.903383,,
Q,Trimestrale,ITCD,Nord,NEET_I,Incidenza dei giovani Neet di 15-34 anni (non occupati e non in istruzione),9,Totale,Y18-29,18-29 anni,99,Totale,2025-Q2,10.094733,,
Q,Trimestrale,ITCD,Nord,NEET_I,Incidenza dei giovani Neet di 15-34 anni (non occupati e non in istruzione),9,Totale,Y15-29,15-29 anni,99,Totale,2022-Q2,13.931661,,
Q,Trimestrale,ITCD,Nord,NEET_I,Incidenza dei giovani Neet di 15-34 anni (non occupati e non in istruzione),9,Totale,Y15-29,15-29 anni,99,Totale,2022-Q3,12.55853,,
Q,Trimestrale,ITCD,Nord,NEET_I,Incidenza dei giovani Neet di 15-34 anni (non occupati e non in istruzione),9,Totale,Y15-29,15-29 anni,99,Totale,2022-Q4,11.422816,,
Q,Trimestrale,ITCD,Nord,NEET_I,Incidenza dei giovani Neet di 15-34 anni (non occupati e non in istruzione),9,Totale,Y15-29,15-29 anni,99,Totale,2023-Q1,10.670916,,
Q,Trimestrale,ITCD,Nord,NEET_I,Incidenza dei giovani Neet di 15-34 anni (non occupati e non in istruzione),9,Totale,Y15-29,15-29 anni,99,Totale,2023-Q2,10.877645,,
Q,Trimestrale,ITCD,Nord,NEET_I,Incidenza dei giovani Neet di 15-34 anni (non occupati e non in istruzione),9,Totale,Y15-29,15-29 anni,99,Totale,2023-Q3,11.660353,,
Q,Trimestrale,ITCD,Nord,NEET_I,Incidenza dei giovani Neet di 15-34 anni (non occupati e non in istruzione),9,Totale,Y15-29,15-29 anni,99,Totale,2023-Q4,9.995141,,
Q,Trimestrale,ITCD,Nord,NEET_I,Incidenza dei giovani Neet di 15-34 anni (non occupati e non in istruzione),9,Totale,Y15-29,15-29 anni,99,Totale,2024-Q1,9.85003,,
Q,Trimestrale,ITCD,Nord,NEET_I,Incidenza dei giovani Neet di 15-34 anni (non occupati e non in istruzione),9,Totale,Y15-29,15-29 anni,99,Totale,2024-Q2,9.398536,,
Q,Trimestrale,ITCD,Nord,NEET_I,Incidenza dei giovani Neet di 15-34 anni (non occupati e non in istruzione),9,Totale,Y15-29,15-29 anni,99,Totale,2024-Q3,10.447731,,
Q,Trimestrale,ITCD,Nord,NEET_I,Incidenza dei giovani Neet di 15-34 anni (non occupati e non in istruzione),9,Totale,Y15-29,15-29 anni,99,Totale,2024-Q4,9.417877,,
Q,Trimestrale,ITCD,Nord,NEET_I,Incidenza dei giovani Neet di 15-34 anni (non occupati e non in istruzione),9,Totale,Y15-29,15-29 anni,99,Totale,2025-Q1,8.998445,,
Q,Trimestrale,ITCD,Nord,NEET_I,Incidenza dei giovani Neet di 15-34 anni (non occupati e non in istruzione),9,Totale,Y15-29,15-29 anni,99,Totale,2025-Q2,8.259155,,
Q,Trimestrale,ITCD,Nord,NEET_I,Incidenza dei giovani Neet di 15-34 anni (non occupati e non in istruzione),9,Totale,Y15-34,15-34 anni,99,Totale,2022-Q2,14.693277,,
Q,Trimestrale,ITCD,Nord,NEET_I,Incidenza dei giovani Neet di 15-34 anni (non occupati e non in istruzione),9,Totale,Y15-34,15-34 anni,99,Totale,2022-Q3,13.54476,,
Q,Trimestrale,ITCD,Nord,NEET_I,Incidenza dei giovani Neet di 15-34 anni (non occupati e non in istruzione),9,Totale,Y15-34,15-34 anni,99,Totale,2022-Q4,12.047652,,
Q,Trimestrale,ITCD,Nord,NEET_I,Incidenza dei giovani Neet di 15-34 anni (non occupati e non in istruzione),9,Totale,Y15-34,15-34 anni,99,Totale,2023-Q1,11.792284,,
Q,Trimestrale,ITCD,Nord,NEET_I,Incidenza dei giovani Neet di 15-34 anni (non occupati e non in istruzione),9,Totale,Y15-34,15-34 anni,99,Totale,2023-Q2,11.509613,,
Q,Trimestrale,ITCD,Nord,NEET_I,Incidenza dei giovani Neet di 15-34 anni (non occupati e non in istruzione),9,Totale,Y15-34,15-34 anni,99,Totale,2023-Q3,12.478161,,
Q,Trimestrale,ITCD,Nord,NEET_I,Incidenza dei giovani Neet di 15-34 anni (non occupati e non in istruzione),9,Totale,Y15-34,15-34 anni,99,Totale,2023-Q4,11.134492,,
Q,Trimestrale,ITCD,Nord,NEET_I,Incidenza dei giovani Neet di 15-34 anni (non occupati e non in istruzione),9,Totale,Y15-34,15-34 anni,99,Totale,2024-Q1,11.157815,,
Q,Trimestrale,ITCD,Nord,NEET_I,Incidenza dei giovani Neet di 15-34 anni (non occupati e non in istruzione),9,Totale,Y15-34,15-34 anni,99,Totale,2024-Q2,10.297704,,
Q,Trimestrale,ITCD,Nord,NEET_I,Incidenza dei giovani Neet di 15-34 anni (non occupati e non in istruzione),9,Totale,Y15-34,15-34 anni,99,Totale,2024-Q3,11.285987,,
Q,Trimestrale,ITCD,Nord,NEET_I,Incidenza dei giovani Neet di 15-34 anni (non occupati e non in istruzione),9,Totale,Y15-34,15-34 anni,99,Totale,2024-Q4,11.054922,,
Q,Trimestrale,ITCD,Nord,NEET_I,Incidenza dei giovani Neet di 15-34 anni (non occupati e non in istruzione),9,Totale,Y15-34,15-34 anni,99,Totale,2025-Q1,10.321748,,
Q,Trimestrale,ITCD,Nord,NEET_I,Incidenza dei giovani Neet di 15-34 anni (non occupati e non in istruzione),9,Totale,Y15-34,15-34 anni,99,Totale,2025-Q2,9.238166,,
Q,Trimestrale,ITC,Nord-ovest,NEET_I,Incidenza dei giovani Neet di 15-34 anni (non occupati e non in istruzione),1,Maschi,Y15-24,15-24 anni,99,Totale,2022-Q2,13.061489,,
Q,Trimestrale,ITC,Nord-ovest,NEET_I,Incidenza dei giovani Neet di 15-34 anni (non occupati e non in istruzione),1,Maschi,Y15-24,15-24 anni,99,Totale,2022-Q3,12.358357,,
Q,Trimestrale,ITC,Nord-ovest,NEET_I,Incidenza dei giovani Neet di 15-34 anni (non occupati e non in istruzione),1,Maschi,Y15-24,15-24 anni,99,Totale,2022-Q4,9.49756,,
Q,Trimestrale,ITC,Nord-ovest,NEET_I,Incidenza dei giovani Neet di 15-34 anni (non occupati e non in istruzione),1,Maschi,Y15-24,15-24 anni,99,Totale,2023-Q1,8.18802,,
Q,Trimestrale,ITC,Nord-ovest,NEET_I,Incidenza dei giovani Neet di 15-34 anni (non occupati e non in istruzione),1,Maschi,Y15-24,15-24 anni,99,Totale,2023-Q2,9.872437,,
Q,Trimestrale,ITC,Nord-ovest,NEET_I,Incidenza dei giovani Neet di 15-34 anni (non occupati e non in istruzione),1,Maschi,Y15-24,15-24 anni,99,Totale,2023-Q3,10.594121,,
Q,Trimestrale,ITC,Nord-ovest,NEET_I,Incidenza dei giovani Neet di 15-34 anni (non occupati e non in istruzione),1,Maschi,Y15-24,15-24 anni,99,Totale,2023-Q4,8.664726,,
Q,Trimestrale,ITC,Nord-ovest,NEET_I,Incidenza dei giovani Neet di 15-34 anni (non occupati e non in istruzione),1,Maschi,Y15-24,15-24 anni,99,Totale,2024-Q1,6.981611,,
Q,Trimestrale,ITC,Nord-ovest,NEET_I,Incidenza dei giovani Neet di 15-34 anni (non occupati e non in istruzione),1,Maschi,Y15-24,15-24 anni,99,Totale,2024-Q2,8.326709,,
Q,Trimestrale,ITC,Nord-ovest,NEET_I,Incidenza dei giovani Neet di 15-34 anni (non occupati e non in istruzione),1,Maschi,Y15-24,15-24 anni,99,Totale,2024-Q3,11.213588,,
Q,Trimestrale,ITC,Nord-ovest,NEET_I,Incidenza dei giovani Neet di 15-34 anni (non occupati e non in istruzione),1,Maschi,Y15-24,15-24 anni,99,Totale,2024-Q4,9.261094,,
Q,Trimestrale,ITC,Nord-ovest,NEET_I,Incidenza dei giovani Neet di 15-34 anni (non occupati e non in istruzione),1,Maschi,Y15-24,15-24 anni,99,Totale,2025-Q1,7.376317,,
Q,Trimestrale,ITC,Nord-ovest,NEET_I,Incidenza dei giovani Neet di 15-34 anni (non occupati e non in istruzione),1,Maschi,Y15-24,15-24 anni,99,Totale,2025-Q2,6.305556,,
Q,Trimestrale,ITC,Nord-ovest,NEET_I,Incidenza dei giovani Neet di 15-34 anni (non occupati e non in istruzione),1,Maschi,Y18-29,18-29 anni,99,Totale,2022-Q2,13.554566,,
Q,Trimestrale,ITC,Nord-ovest,NEET_I,Incidenza dei giovani Neet di 15-34 anni (non occupati e non in istruzione),1,Maschi,Y18-29,18-29 anni,99,Totale,2022-Q3,14.039293,,
Q,Trimestrale,ITC,Nord-ovest,NEET_I,Incidenza dei giovani Neet di 15-34 anni (non occupati e non in istruzione),1,Maschi,Y18-29,18-29 anni,99,Totale,2022-Q4,12.586008,,
Q,Trimestrale,ITC,Nord-ovest,NEET_I,Incidenza dei giovani Neet di 15-34 anni (non occupati e non in istruzione),1,Maschi,Y18-29,18-29 anni,99,Totale,2023-Q1,10.109724,,
Q,Trimestrale,ITC,Nord-ovest,NEET_I,Incidenza dei giovani Neet di 15-34 anni (non occupati e non in istruzione),1,Maschi,Y18-29,18-29 anni,99,Totale,2023-Q2,11.350557,,
Q,Trimestrale,ITC,Nord-ovest,NEET_I,Incidenza dei giovani Neet di 15-34 anni (non occupati e non in istruzione),1,Maschi,Y18-29,18-29 anni,99,Totale,2023-Q3,12.61324,,
Q,Trimestrale,ITC,Nord-ovest,NEET_I,Incidenza dei giovani Neet di 15-34 anni (non occupati e non in istruzione),1,Maschi,Y18-29,18-29 anni,99,Totale,2023-Q4,9.563123,,
Q,Trimestrale,ITC,Nord-ovest,NEET_I,Incidenza dei giovani Neet di 15-34 anni (non occupati e non in istruzione),1,Maschi,Y18-29,18-29 anni,99,Totale,2024-Q1,9.918468,,
Q,Trimestrale,ITC,Nord-ovest,NEET_I,Incidenza dei giovani Neet di 15-34 anni (non occupati e non in istruzione),1,Maschi,Y18-29,18-29 anni,99,Totale,2024-Q2,9.899158,,
Q,Trimestrale,ITC,Nord-ovest,NEET_I,Incidenza dei giovani Neet di 15-34 anni (non occupati e non in istruzione),1,Maschi,Y18-29,18-29 anni,99,Totale,2024-Q3,13.416432,,
Q,Trimestrale,ITC,Nord-ovest,NEET_I,Incidenza dei giovani Neet di 15-34 anni (non occupati e non in istruzione),1,Maschi,Y18-29,18-29 anni,99,Totale,2024-Q4,10.165645,,
Q,Trimestrale,ITC,Nord-ovest,NEET_I,Incidenza dei giovani Neet di 15-34 anni (non occupati e non in istruzione),1,Maschi,Y18-29,18-29 anni,99,Totale,2025-Q1,9.686972,,
Q,Trimestrale,ITC,Nord-ovest,NEET_I,Incidenza dei giovani Neet di 15-34 anni (non occupati e non in istruzione),1,Maschi,Y18-29,18-29 anni,99,Totale,2025-Q2,8.409282,,
Q,Trimestrale,ITC,Nord-ovest,NEET_I,Incidenza dei giovani Neet di 15-34 anni (non occupati e non in istruzione),1,Maschi,Y15-29,15-29 anni,99,Totale,2022-Q2,12.144443,,
Q,Trimestrale,ITC,Nord-ovest,NEET_I,Incidenza dei giovani Neet di 15-34 anni (non occupati e non in istruzione),1,Maschi,Y15-29,15-29 anni,99,Totale,2022-Q3,11.729552,,
Q,Trimestrale,ITC,Nord-ovest,NEET_I,Incidenza dei giovani Neet di 15-34 anni (non occupati e non in istruzione),1,Maschi,Y15-29,15-29 anni,99,Totale,2022-Q4,10.544874,,
Q,Trimestrale,ITC,Nord-ovest,NEET_I,Incidenza dei giovani Neet di 15-34 anni (non occupati e non in istruzione),1,Maschi,Y15-29,15-29 anni,99,Totale,2023-Q1,8.610287,,
Q,Trimestrale,ITC,Nord-ovest,NEET_I,Incidenza dei giovani Neet di 15-34 anni (non occupati e non in istruzione),1,Maschi,Y15-29,15-29 anni,99,Totale,2023-Q2,9.643732,,
Q,Trimestrale,ITC,Nord-ovest,NEET_I,Incidenza dei giovani Neet di 15-34 anni (non occupati e non in istruzione),1,Maschi,Y15-29,15-29 anni,99,Totale,2023-Q3,10.996028,,
Q,Trimestrale,ITC,Nord-ovest,NEET_I,Incidenza dei giovani Neet di 15-34 anni (non occupati e non in istruzione),1,Maschi,Y15-29,15-29 anni,99,Totale,2023-Q4,8.309702,,
Q,Trimestrale,ITC,Nord-ovest,NEET_I,Incidenza dei giovani Neet di 15-34 anni (non occupati e non in istruzione),1,Maschi,Y15-29,15-29 anni,99,Totale,2024-Q1,8.591596,,
Q,Trimestrale,ITC,Nord-ovest,NEET_I,Incidenza dei giovani Neet di 15-34 anni (non occupati e non in istruzione),1,Maschi,Y15-29,15-29 anni,99,Totale,2024-Q2,8.30531,,
Q,Trimestrale,ITC,Nord-ovest,NEET_I,Incidenza dei giovani Neet di 15-34 anni (non occupati e non in istruzione),1,Maschi,Y15-29,15-29 anni,99,Totale,2024-Q3,11.129022,,
Q,Trimestrale,ITC,Nord-ovest,NEET_I,Incidenza dei giovani Neet di 15-34 anni (non occupati e non in istruzione),1,Maschi,Y15-29,15-29 anni,99,Totale,2024-Q4,8.653797,,
Q,Trimestrale,ITC,Nord-ovest,NEET_I,Incidenza dei giovani Neet di 15-34 anni (non occupati e non in istruzione),1,Maschi,Y15-29,15-29 anni,99,Totale,2025-Q1,8.142226,,
Q,Trimestrale,ITC,Nord-ovest,NEET_I,Incidenza dei giovani Neet di 15-34 anni (non occupati e non in istruzione),1,Maschi,Y15-29,15-29 anni,99,Totale,2025-Q2,6.919066,,
Q,Trimestrale,ITC,Nord-ovest,NEET_I,Incidenza dei giovani Neet di 15-34 anni (non occupati e non in istruzione),1,Maschi,Y15-34,15-34 anni,99,Totale,2022-Q2,11.100271,,
Q,Trimestrale,ITC,Nord-ovest,NEET_I,Incidenza dei giovani Neet di 15-34 anni (non occupati e non in istruzione),1,Maschi,Y15-34,15-34 anni,99,Totale,2022-Q3,10.686183,,
Q,Trimestrale,ITC,Nord-ovest,NEET_I,Incidenza dei giovani Neet di 15-34 anni (non occupati e non in istruzione),1,Maschi,Y15-34,15-34 anni,99,Totale,2022-Q4,9.270078,,
Q,Trimestrale,ITC,Nord-ovest,NEET_I,Incidenza dei giovani Neet di 15-34 anni (non occupati e non in istruzione),1,Maschi,Y15-34,15-34 anni,99,Totale,2023-Q1,8.960676,,
Q,Trimestrale,ITC,Nord-ovest,NEET_I,Incidenza dei giovani Neet di 15-34 anni (non occupati e non in istruzione),1,Maschi,Y15-34,15-34 anni,99,Totale,2023-Q2,8.927654,,
Q,Trimestrale,ITC,Nord-ovest,NEET_I,Incidenza dei giovani Neet di 15-34 anni (non occupati e non in istruzione),1,Maschi,Y15-34,15-34 anni,99,Totale,2023-Q3,9.418916,,
Q,Trimestrale,ITC,Nord-ovest,NEET_I,Incidenza dei giovani Neet di 15-34 anni (non occupati e non in istruzione),1,Maschi,Y15-34,15-34 anni,99,Totale,2023-Q4,8.181656,,
Q,Trimestrale,ITC,Nord-ovest,NEET_I,Incidenza dei giovani Neet di 15-34 anni (non occupati e non in istruzione),1,Maschi,Y15-34,15-34 anni,99,Totale,2024-Q1,8.58087,,
Q,Trimestrale,ITC,Nord-ovest,NEET_I,Incidenza dei giovani Neet di 15-34 anni (non occupati e non in istruzione),1,Maschi,Y15-34,15-34 anni,99,Totale,2024-Q2,7.775621,,
Q,Trimestrale,ITC,Nord-ovest,NEET_I,Incidenza dei giovani Neet di 15-34 anni (non occupati e non in istruzione),1,Maschi,Y15-34,15-34 anni,99,Totale,2024-Q3,10.272902,,
Q,Trimestrale,ITC,Nord-ovest,NEET_I,Incidenza dei giovani Neet di 15-34 anni (non occupati e non in istruzione),1,Maschi,Y15-34,15-34 anni,99,Totale,2024-Q4,8.922394,,
Q,Trimestrale,ITC,Nord-ovest,NEET_I,Incidenza dei giovani Neet di 15-34 anni (non occupati e non in istruzione),1,Maschi,Y15-34,15-34 anni,99,Totale,2025-Q1,7.453946,,
Q,Trimestrale,ITC,Nord-ovest,NEET_I,Incidenza dei giovani Neet di 15-34 anni (non occupati e non in istruzione),1,Maschi,Y15-34,15-34 anni,99,Totale,2025-Q2,6.713072,,
Q,Trimestrale,ITC,Nord-ovest,NEET_I,Incidenza dei giovani Neet di 15-34 anni (non occupati e non in istruzione),2,Femmine,Y15-24,15-24 anni,99,Totale,2022-Q2,13.53617,,
Q,Trimestrale,ITC,Nord-ovest,NEET_I,Incidenza dei giovani Neet di 15-34 anni (non occupati e non in istruzione),2,Femmine,Y15-24,15-24 anni,99,Totale,2022-Q3,11.124306,,
Q,Trimestrale,ITC,Nord-ovest,NEET_I,Incidenza dei giovani Neet di 15-34 anni (non occupati e non in istruzione),2,Femmine,Y15-24,15-24 anni,99,Totale,2022-Q4,8.838181,,
Q,Trimestrale,ITC,Nord-ovest,NEET_I,Incidenza dei giovani Neet di 15-34 anni (non occupati e non in istruzione),2,Femmine,Y15-24,15-24 anni,99,Totale,2023-Q1,8.098946,,
Q,Trimestrale,ITC,Nord-ovest,NEET_I,Incidenza dei giovani Neet di 15-34 anni (non occupati e non in istruzione),2,Femmine,Y15-24,15-24 anni,99,Totale,2023-Q2,7.969648,,
Q,Trimestrale,ITC,Nord-ovest,NEET_I,Incidenza dei giovani Neet di 15-34 anni (non occupati e non in istruzione),2,Femmine,Y15-24,15-24 anni,99,Totale,2023-Q3,9.385721,,
Q,Trimestrale,ITC,Nord-ovest,NEET_I,Incidenza dei giovani Neet di 15-34 anni (non occupati e non in istruzione),2,Femmine,Y15-24,15-24 anni,99,Totale,2023-Q4,8.78059,,
Q,Trimestrale,ITC,Nord-ovest,NEET_I,Incidenza dei giovani Neet di 15-34 anni (non occupati e non in istruzione),2,Femmine,Y15-24,15-24 anni,99,Totale,2024-Q1,8.342622,,
Q,Trimestrale,ITC,Nord-ovest,NEET_I,Incidenza dei giovani Neet di 15-34 anni (non occupati e non in istruzione),2,Femmine,Y15-24,15-24 anni,99,Totale,2024-Q2,9.63559,,
Q,Trimestrale,ITC,Nord-ovest,NEET_I,Incidenza dei giovani Neet di 15-34 anni (non occupati e non in istruzione),2,Femmine,Y15-24,15-24 anni,99,Totale,2024-Q3,11.149909,,
Q,Trimestrale,ITC,Nord-ovest,NEET_I,Incidenza dei giovani Neet di 15-34 anni (non occupati e non in istruzione),2,Femmine,Y15-24,15-24 anni,99,Totale,2024-Q4,7.750384,,
Q,Trimestrale,ITC,Nord-ovest,NEET_I,Incidenza dei giovani Neet di 15-34 anni (non occupati e non in istruzione),2,Femmine,Y15-24,15-24 anni,99,Totale,2025-Q1,7.92759,,
Q,Trimestrale,ITC,Nord-ovest,NEET_I,Incidenza dei giovani Neet di 15-34 anni (non occupati e non in istruzione),2,Femmine,Y15-24,15-24 anni,99,Totale,2025-Q2,6.963617,,
Q,Trimestrale,ITC,Nord-ovest,NEET_I,Incidenza dei giovani Neet di 15-34 anni (non occupati e non in istruzione),2,Femmine,Y18-29,18-29 anni,99,Totale,2022-Q2,18.834066,,
Q,Trimestrale,ITC,Nord-ovest,NEET_I,Incidenza dei giovani Neet di 15-34 anni (non occupati e non in istruzione),2,Femmine,Y18-29,18-29 anni,99,Totale,2022-Q3,17.941149,,
Q,Trimestrale,ITC,Nord-ovest,NEET_I,Incidenza dei giovani Neet di 15-34 anni (non occupati e non in istruzione),2,Femmine,Y18-29,18-29 anni,99,Totale,2022-Q4,17.126132,,
Q,Trimestrale,ITC,Nord-ovest,NEET_I,Incidenza dei giovani Neet di 15-34 anni (non occupati e non in istruzione),2,Femmine,Y18-29,18-29 anni,99,Totale,2023-Q1,15.35783,,
Q,Trimestrale,ITC,Nord-ovest,NEET_I,Incidenza dei giovani Neet di 15-34 anni (non occupati e non in istruzione),2,Femmine,Y18-29,18-29 anni,99,Totale,2023-Q2,14.539708,,
Q,Trimestrale,ITC,Nord-ovest,NEET_I,Incidenza dei giovani Neet di 15-34 anni (non occupati e non in istruzione),2,Femmine,Y18-29,18-29 anni,99,Totale,2023-Q3,16.883363,,
Q,Trimestrale,ITC,Nord-ovest,NEET_I,Incidenza dei giovani Neet di 15-34 anni (non occupati e non in istruzione),2,Femmine,Y18-29,18-29 anni,99,Totale,2023-Q4,14.551081,,
Q,Trimestrale,ITC,Nord-ovest,NEET_I,Incidenza dei giovani Neet di 15-34 anni (non occupati e non in istruzione),2,Femmine,Y18-29,18-29 anni,99,Totale,2024-Q1,13.460255,,
Q,Trimestrale,ITC,Nord-ovest,NEET_I,Incidenza dei giovani Neet di 15-34 anni (non occupati e non in istruzione),2,Femmine,Y18-29,18-29 anni,99,Totale,2024-Q2,13.041508,,
Q,Trimestrale,ITC,Nord-ovest,NEET_I,Incidenza dei giovani Neet di 15-34 anni (non occupati e non in istruzione),2,Femmine,Y18-29,18-29 anni,99,Totale,2024-Q3,13.882848,,
Q,Trimestrale,ITC,Nord-ovest,NEET_I,Incidenza dei giovani Neet di 15-34 anni (non occupati e non in istruzione),2,Femmine,Y18-29,18-29 anni,99,Totale,2024-Q4,14.029949,,
Q,Trimestrale,ITC,Nord-ovest,NEET_I,Incidenza dei giovani Neet di 15-34 anni (non occupati e non in istruzione),2,Femmine,Y18-29,18-29 anni,99,Totale,2025-Q1,14.9328,,
Q,Trimestrale,ITC,Nord-ovest,NEET_I,Incidenza dei giovani Neet di 15-34 anni (non occupati e non in istruzione),2,Femmine,Y18-29,18-29 anni,99,Totale,2025-Q2,13.491832,,
Q,Trimestrale,ITC,Nord-ovest,NEET_I,Incidenza dei giovani Neet di 15-34 anni (non occupati e non in istruzione),2,Femmine,Y15-29,15-29 anni,99,Totale,2022-Q2,17.19423,,
Q,Trimestrale,ITC,Nord-ovest,NEET_I,Incidenza dei giovani Neet di 15-34 anni (non occupati e non in istruzione),2,Femmine,Y15-29,15-29 anni,99,Totale,2022-Q3,15.124266,,
Q,Trimestrale,ITC,Nord-ovest,NEET_I,Incidenza dei giovani Neet di 15-34 anni (non occupati e non in istruzione),2,Femmine,Y15-29,15-29 anni,99,Totale,2022-Q4,14.182848,,
Q,Trimestrale,ITC,Nord-ovest,NEET_I,Incidenza dei giovani Neet di 15-34 anni (non occupati e non in istruzione),2,Femmine,Y15-29,15-29 anni,99,Totale,2023-Q1,12.604964,,
Q,Trimestrale,ITC,Nord-ovest,NEET_I,Incidenza dei giovani Neet di 15-34 anni (non occupati e non in istruzione),2,Femmine,Y15-29,15-29 anni,99,Totale,2023-Q2,12.180661,,
Q,Trimestrale,ITC,Nord-ovest,NEET_I,Incidenza dei giovani Neet di 15-34 anni (non occupati e non in istruzione),2,Femmine,Y15-29,15-29 anni,99,Totale,2023-Q3,14.052265,,
Q,Trimestrale,ITC,Nord-ovest,NEET_I,Incidenza dei giovani Neet di 15-34 anni (non occupati e non in istruzione),2,Femmine,Y15-29,15-29 anni,99,Totale,2023-Q4,11.87422,,
Q,Trimestrale,ITC,Nord-ovest,NEET_I,Incidenza dei giovani Neet di 15-34 anni (non occupati e non in istruzione),2,Femmine,Y15-29,15-29 anni,99,Totale,2024-Q1,10.91364,,
Q,Trimestrale,ITC,Nord-ovest,NEET_I,Incidenza dei giovani Neet di 15-34 anni (non occupati e non in istruzione),2,Femmine,Y15-29,15-29 anni,99,Totale,2024-Q2,10.913676,,
Q,Trimestrale,ITC,Nord-ovest,NEET_I,Incidenza dei giovani Neet di 15-34 anni (non occupati e non in istruzione),2,Femmine,Y15-29,15-29 anni,99,Totale,2024-Q3,11.911376,,
Q,Trimestrale,ITC,Nord-ovest,NEET_I,Incidenza dei giovani Neet di 15-34 anni (non occupati e non in istruzione),2,Femmine,Y15-29,15-29 anni,99,Totale,2024-Q4,11.437968,,
Q,Trimestrale,ITC,Nord-ovest,NEET_I,Incidenza dei giovani Neet di 15-34 anni (non occupati e non in istruzione),2,Femmine,Y15-29,15-29 anni,99,Totale,2025-Q1,12.189164,,
Q,Trimestrale,ITC,Nord-ovest,NEET_I,Incidenza dei giovani Neet di 15-34 anni (non occupati e non in istruzione),2,Femmine,Y15-29,15-29 anni,99,Totale,2025-Q2,11.033713,,
Q,Trimestrale,ITC,Nord-ovest,NEET_I,Incidenza dei giovani Neet di 15-34 anni (non occupati e non in istruzione),2,Femmine,Y15-34,15-34 anni,99,Totale,2022-Q2,19.52466,,
Q,Trimestrale,ITC,Nord-ovest,NEET_I,Incidenza dei giovani Neet di 15-34 anni (non occupati e non in istruzione),2,Femmine,Y15-34,15-34 anni,99,Totale,2022-Q3,18.251716,,
Q,Trimestrale,ITC,Nord-ovest,NEET_I,Incidenza dei giovani Neet di 15-34 anni (non occupati e non in istruzione),2,Femmine,Y15-34,15-34 anni,99,Totale,2022-Q4,16.390394,,
Q,Trimestrale,ITC,Nord-ovest,NEET_I,Incidenza dei giovani Neet di 15-34 anni (non occupati e non in istruzione),2,Femmine,Y15-34,15-34 anni,99,Totale,2023-Q1,14.820022,,
Q,Trimestrale,ITC,Nord-ovest,NEET_I,Incidenza dei giovani Neet di 15-34 anni (non occupati e non in istruzione),2,Femmine,Y15-34,15-34 anni,99,Totale,2023-Q2,13.950198,,
Q,Trimestrale,ITC,Nord-ovest,NEET_I,Incidenza dei giovani Neet di 15-34 anni (non occupati e non in istruzione),2,Femmine,Y15-34,15-34 anni,99,Totale,2023-Q3,17.316751,,
Q,Trimestrale,ITC,Nord-ovest,NEET_I,Incidenza dei giovani Neet di 15-34 anni (non occupati e non in istruzione),2,Femmine,Y15-34,15-34 anni,99,Totale,2023-Q4,14.940735,,
Q,Trimestrale,ITC,Nord-ovest,NEET_I,Incidenza dei giovani Neet di 15-34 anni (non occupati e non in istruzione),2,Femmine,Y15-34,15-34 anni,99,Totale,2024-Q1,14.177183,,
Q,Trimestrale,ITC,Nord-ovest,NEET_I,Incidenza dei giovani Neet di 15-34 anni (non occupati e non in istruzione),2,Femmine,Y15-34,15-34 anni,99,Totale,2024-Q2,13.229164,,
Q,Trimestrale,ITC,Nord-ovest,NEET_I,Incidenza dei giovani Neet di 15-34 anni (non occupati e non in istruzione),2,Femmine,Y15-34,15-34 anni,99,Totale,2024-Q3,14.288898,,
Q,Trimestrale,ITC,Nord-ovest,NEET_I,Incidenza dei giovani Neet di 15-34 anni (non occupati e non in istruzione),2,Femmine,Y15-34,15-34 anni,99,Totale,2024-Q4,14.433011,,
Q,Trimestrale,ITC,Nord-ovest,NEET_I,Incidenza dei giovani Neet di 15-34 anni (non occupati e non in istruzione),2,Femmine,Y15-34,15-34 anni,99,Totale,2025-Q1,14.863525,,
Q,Trimestrale,ITC,Nord-ovest,NEET_I,Incidenza dei giovani Neet di 15-34 anni (non occupati e non in istruzione),2,Femmine,Y15-34,15-34 anni,99,Totale,2025-Q2,13.381483,,
Q,Trimestrale,ITC,Nord-ovest,NEET_I,Incidenza dei giovani Neet di 15-34 anni (non occupati e non in istruzione),9,Totale,Y15-24,15-24 anni,99,Totale,2022-Q2,13.290349,,
Q,Trimestrale,ITC,Nord-ovest,NEET_I,Incidenza dei giovani Neet di 15-34 anni (non occupati e non in istruzione),9,Totale,Y15-24,15-24 anni,99,Totale,2022-Q3,11.76322,,
Q,Trimestrale,ITC,Nord-ovest,NEET_I,Incidenza dei giovani Neet di 15-34 anni (non occupati e non in istruzione),9,Totale,Y15-24,15-24 anni,99,Totale,2022-Q4,9.180442,,
Q,Trimestrale,ITC,Nord-ovest,NEET_I,Incidenza dei giovani Neet di 15-34 anni (non occupati e non in istruzione),9,Totale,Y15-24,15-24 anni,99,Totale,2023-Q1,8.145072,,
Q,Trimestrale,ITC,Nord-ovest,NEET_I,Incidenza dei giovani Neet di 15-34 anni (non occupati e non in istruzione),9,Totale,Y15-24,15-24 anni,99,Totale,2023-Q2,8.956072,,
Q,Trimestrale,ITC,Nord-ovest,NEET_I,Incidenza dei giovani Neet di 15-34 anni (non occupati e non in istruzione),9,Totale,Y15-24,15-24 anni,99,Totale,2023-Q3,10.011738,,
Q,Trimestrale,ITC,Nord-ovest,NEET_I,Incidenza dei giovani Neet di 15-34 anni (non occupati e non in istruzione),9,Totale,Y15-24,15-24 anni,99,Totale,2023-Q4,8.720569,,
Q,Trimestrale,ITC,Nord-ovest,NEET_I,Incidenza dei giovani Neet di 15-34 anni (non occupati e non in istruzione),9,Totale,Y15-24,15-24 anni,99,Totale,2024-Q1,7.636929,,
Q,Trimestrale,ITC,Nord-ovest,NEET_I,Incidenza dei giovani Neet di 15-34 anni (non occupati e non in istruzione),9,Totale,Y15-24,15-24 anni,99,Totale,2024-Q2,8.956088,,
Q,Trimestrale,ITC,Nord-ovest,NEET_I,Incidenza dei giovani Neet di 15-34 anni (non occupati e non in istruzione),9,Totale,Y15-24,15-24 anni,99,Totale,2024-Q3,11.182994,,
Q,Trimestrale,ITC,Nord-ovest,NEET_I,Incidenza dei giovani Neet di 15-34 anni (non occupati e non in istruzione),9,Totale,Y15-24,15-24 anni,99,Totale,2024-Q4,8.534896,,
Q,Trimestrale,ITC,Nord-ovest,NEET_I,Incidenza dei giovani Neet di 15-34 anni (non occupati e non in istruzione),9,Totale,Y15-24,15-24 anni,99,Totale,2025-Q1,7.640378,,
Q,Trimestrale,ITC,Nord-ovest,NEET_I,Incidenza dei giovani Neet di 15-34 anni (non occupati e non in istruzione),9,Totale,Y15-24,15-24 anni,99,Totale,2025-Q2,6.620918,,
Q,Trimestrale,ITC,Nord-ovest,NEET_I,Incidenza dei giovani Neet di 15-34 anni (non occupati e non in istruzione),9,Totale,Y18-29,18-29 anni,99,Totale,2022-Q2,16.105981,,
Q,Trimestrale,ITC,Nord-ovest,NEET_I,Incidenza dei giovani Neet di 15-34 anni (non occupati e non in istruzione),9,Totale,Y18-29,18-29 anni,99,Totale,2022-Q3,15.925216,,
Q,Trimestrale,ITC,Nord-ovest,NEET_I,Incidenza dei giovani Neet di 15-34 anni (non occupati e non in istruzione),9,Totale,Y18-29,18-29 anni,99,Totale,2022-Q4,14.774704,,
Q,Trimestrale,ITC,Nord-ovest,NEET_I,Incidenza dei giovani Neet di 15-34 anni (non occupati e non in istruzione),9,Totale,Y18-29,18-29 anni,99,Totale,2023-Q1,12.640517,,
Q,Trimestrale,ITC,Nord-ovest,NEET_I,Incidenza dei giovani Neet di 15-34 anni (non occupati e non in istruzione),9,Totale,Y18-29,18-29 anni,99,Totale,2023-Q2,12.88872,,
Q,Trimestrale,ITC,Nord-ovest,NEET_I,Incidenza dei giovani Neet di 15-34 anni (non occupati e non in istruzione),9,Totale,Y18-29,18-29 anni,99,Totale,2023-Q3,14.672073,,
Q,Trimestrale,ITC,Nord-ovest,NEET_I,Incidenza dei giovani Neet di 15-34 anni (non occupati e non in istruzione),9,Totale,Y18-29,18-29 anni,99,Totale,2023-Q4,11.967347,,
Q,Trimestrale,ITC,Nord-ovest,NEET_I,Incidenza dei giovani Neet di 15-34 anni (non occupati e non in istruzione),9,Totale,Y18-29,18-29 anni,99,Totale,2024-Q1,11.623262,,
Q,Trimestrale,ITC,Nord-ovest,NEET_I,Incidenza dei giovani Neet di 15-34 anni (non occupati e non in istruzione),9,Totale,Y18-29,18-29 anni,99,Totale,2024-Q2,11.409318,,
Q,Trimestrale,ITC,Nord-ovest,NEET_I,Incidenza dei giovani Neet di 15-34 anni (non occupati e non in istruzione),9,Totale,Y18-29,18-29 anni,99,Totale,2024-Q3,13.640377,,
Q,Trimestrale,ITC,Nord-ovest,NEET_I,Incidenza dei giovani Neet di 15-34 anni (non occupati e non in istruzione),9,Totale,Y18-29,18-29 anni,99,Totale,2024-Q4,12.019193,,
Q,Trimestrale,ITC,Nord-ovest,NEET_I,Incidenza dei giovani Neet di 15-34 anni (non occupati e non in istruzione),9,Totale,Y18-29,18-29 anni,99,Totale,2025-Q1,12.19188,,
Q,Trimestrale,ITC,Nord-ovest,NEET_I,Incidenza dei giovani Neet di 15-34 anni (non occupati e non in istruzione),9,Totale,Y18-29,18-29 anni,99,Totale,2025-Q2,10.834113,,
Q,Trimestrale,ITC,Nord-ovest,NEET_I,Incidenza dei giovani Neet di 15-34 anni (non occupati e non in istruzione),9,Totale,Y15-29,15-29 anni,99,Totale,2022-Q2,14.585685,,
Q,Trimestrale,ITC,Nord-ovest,NEET_I,Incidenza dei giovani Neet di 15-34 anni (non occupati e non in istruzione),9,Totale,Y15-29,15-29 anni,99,Totale,2022-Q3,13.37066,,
Q,Trimestrale,ITC,Nord-ovest,NEET_I,Incidenza dei giovani Neet di 15-34 anni (non occupati e non in istruzione),9,Totale,Y15-29,15-29 anni,99,Totale,2022-Q4,12.299695,,
Q,Trimestrale,ITC,Nord-ovest,NEET_I,Incidenza dei giovani Neet di 15-34 anni (non occupati e non in istruzione),9,Totale,Y15-29,15-29 anni,99,Totale,2023-Q1,10.537734,,
Q,Trimestrale,ITC,Nord-ovest,NEET_I,Incidenza dei giovani Neet di 15-34 anni (non occupati e non in istruzione),9,Totale,Y15-29,15-29 anni,99,Totale,2023-Q2,10.867682,,
Q,Trimestrale,ITC,Nord-ovest,NEET_I,Incidenza dei giovani Neet di 15-34 anni (non occupati e non in istruzione),9,Totale,Y15-29,15-29 anni,99,Totale,2023-Q3,12.470236,,
Q,Trimestrale,ITC,Nord-ovest,NEET_I,Incidenza dei giovani Neet di 15-34 anni (non occupati e non in istruzione),9,Totale,Y15-29,15-29 anni,99,Totale,2023-Q4,10.028493,,
Q,Trimestrale,ITC,Nord-ovest,NEET_I,Incidenza dei giovani Neet di 15-34 anni (non occupati e non in istruzione),9,Totale,Y15-29,15-29 anni,99,Totale,2024-Q1,9.710075,,
Q,Trimestrale,ITC,Nord-ovest,NEET_I,Incidenza dei giovani Neet di 15-34 anni (non occupati e non in istruzione),9,Totale,Y15-29,15-29 anni,99,Totale,2024-Q2,9.560135,,
Q,Trimestrale,ITC,Nord-ovest,NEET_I,Incidenza dei giovani Neet di 15-34 anni (non occupati e non in istruzione),9,Totale,Y15-29,15-29 anni,99,Totale,2024-Q3,11.505011,,
Q,Trimestrale,ITC,Nord-ovest,NEET_I,Incidenza dei giovani Neet di 15-34 anni (non occupati e non in istruzione),9,Totale,Y15-29,15-29 anni,99,Totale,2024-Q4,9.991049,,
Q,Trimestrale,ITC,Nord-ovest,NEET_I,Incidenza dei giovani Neet di 15-34 anni (non occupati e non in istruzione),9,Totale,Y15-29,15-29 anni,99,Totale,2025-Q1,10.07926,,
Q,Trimestrale,ITC,Nord-ovest,NEET_I,Incidenza dei giovani Neet di 15-34 anni (non occupati e non in istruzione),9,Totale,Y15-29,15-29 anni,99,Totale,2025-Q2,8.887407,,
Q,Trimestrale,ITC,Nord-ovest,NEET_I,Incidenza dei giovani Neet di 15-34 anni (non occupati e non in istruzione),9,Totale,Y15-34,15-34 anni,99,Totale,2022-Q2,15.19492,,
Q,Trimestrale,ITC,Nord-ovest,NEET_I,Incidenza dei giovani Neet di 15-34 anni (non occupati e non in istruzione),9,Totale,Y15-34,15-34 anni,99,Totale,2022-Q3,14.362548,,
Q,Trimestrale,ITC,Nord-ovest,NEET_I,Incidenza dei giovani Neet di 15-34 anni (non occupati e non in istruzione),9,Totale,Y15-34,15-34 anni,99,Totale,2022-Q4,12.724066,,
Q,Trimestrale,ITC,Nord-ovest,NEET_I,Incidenza dei giovani Neet di 15-34 anni (non occupati e non in istruzione),9,Totale,Y15-34,15-34 anni,99,Totale,2023-Q1,11.802485,,
Q,Trimestrale,ITC,Nord-ovest,NEET_I,Incidenza dei giovani Neet di 15-34 anni (non occupati e non in istruzione),9,Totale,Y15-34,15-34 anni,99,Totale,2023-Q2,11.362555,,
Q,Trimestrale,ITC,Nord-ovest,NEET_I,Incidenza dei giovani Neet di 15-34 anni (non occupati e non in istruzione),9,Totale,Y15-34,15-34 anni,99,Totale,2023-Q3,13.246566,,
Q,Trimestrale,ITC,Nord-ovest,NEET_I,Incidenza dei giovani Neet di 15-34 anni (non occupati e non in istruzione),9,Totale,Y15-34,15-34 anni,99,Totale,2023-Q4,11.455713,,
Q,Trimestrale,ITC,Nord-ovest,NEET_I,Incidenza dei giovani Neet di 15-34 anni (non occupati e non in istruzione),9,Totale,Y15-34,15-34 anni,99,Totale,2024-Q1,11.289777,,
Q,Trimestrale,ITC,Nord-ovest,NEET_I,Incidenza dei giovani Neet di 15-34 anni (non occupati e non in istruzione),9,Totale,Y15-34,15-34 anni,99,Totale,2024-Q2,10.413318,,
Q,Trimestrale,ITC,Nord-ovest,NEET_I,Incidenza dei giovani Neet di 15-34 anni (non occupati e non in istruzione),9,Totale,Y15-34,15-34 anni,99,Totale,2024-Q3,12.213026,,
Q,Trimestrale,ITC,Nord-ovest,NEET_I,Incidenza dei giovani Neet di 15-34 anni (non occupati e non in istruzione),9,Totale,Y15-34,15-34 anni,99,Totale,2024-Q4,11.582358,,
Q,Trimestrale,ITC,Nord-ovest,NEET_I,Incidenza dei giovani Neet di 15-34 anni (non occupati e non in istruzione),9,Totale,Y15-34,15-34 anni,99,Totale,2025-Q1,11.022342,,
Q,Trimestrale,ITC,Nord-ovest,NEET_I,Incidenza dei giovani Neet di 15-34 anni (non occupati e non in istruzione),9,Totale,Y15-34,15-34 anni,99,Totale,2025-Q2,9.921019,,
Q,Trimestrale,ITD,Nord-est,NEET_I,Incidenza dei giovani Neet di 15-34 anni (non occupati e non in istruzione),1,Maschi,Y15-24,15-24 anni,99,Totale,2022-Q2,13.705537,,
Q,Trimestrale,ITD,Nord-est,NEET_I,Incidenza dei giovani Neet di 15-34 anni (non occupati e non in istruzione),1,Maschi,Y15-24,15-24 anni,99,Totale,2022-Q3,9.408531,,
Q,Trimestrale,ITD,Nord-est,NEET_I,Incidenza dei giovani Neet di 15-34 anni (non occupati e non in istruzione),1,Maschi,Y15-24,15-24 anni,99,Totale,2022-Q4,7.898643,,
Q,Trimestrale,ITD,Nord-est,NEET_I,Incidenza dei giovani Neet di 15-34 anni (non occupati e non in istruzione),1,Maschi,Y15-24,15-24 anni,99,Totale,2023-Q1,8.089409,,
Q,Trimestrale,ITD,Nord-est,NEET_I,Incidenza dei giovani Neet di 15-34 anni (non occupati e non in istruzione),1,Maschi,Y15-24,15-24 anni,99,Totale,2023-Q2,8.835807,,
Q,Trimestrale,ITD,Nord-est,NEET_I,Incidenza dei giovani Neet di 15-34 anni (non occupati e non in istruzione),1,Maschi,Y15-24,15-24 anni,99,Totale,2023-Q3,7.887505,,
Q,Trimestrale,ITD,Nord-est,NEET_I,Incidenza dei giovani Neet di 15-34 anni (non occupati e non in istruzione),1,Maschi,Y15-24,15-24 anni,99,Totale,2023-Q4,7.550713,,
Q,Trimestrale,ITD,Nord-est,NEET_I,Incidenza dei giovani Neet di 15-34 anni (non occupati e non in istruzione),1,Maschi,Y15-24,15-24 anni,99,Totale,2024-Q1,6.82661,,
Q,Trimestrale,ITD,Nord-est,NEET_I,Incidenza dei giovani Neet di 15-34 anni (non occupati e non in istruzione),1,Maschi,Y15-24,15-24 anni,99,Totale,2024-Q2,7.695579,,
Q,Trimestrale,ITD,Nord-est,NEET_I,Incidenza dei giovani Neet di 15-34 anni (non occupati e non in istruzione),1,Maschi,Y15-24,15-24 anni,99,Totale,2024-Q3,6.186676,,
Q,Trimestrale,ITD,Nord-est,NEET_I,Incidenza dei giovani Neet di 15-34 anni (non occupati e non in istruzione),1,Maschi,Y15-24,15-24 anni,99,Totale,2024-Q4,5.870891,,
Q,Trimestrale,ITD,Nord-est,NEET_I,Incidenza dei giovani Neet di 15-34 anni (non occupati e non in istruzione),1,Maschi,Y15-24,15-24 anni,99,Totale,2025-Q1,5.123485,,
Q,Trimestrale,ITD,Nord-est,NEET_I,Incidenza dei giovani Neet di 15-34 anni (non occupati e non in istruzione),1,Maschi,Y15-24,15-24 anni,99,Totale,2025-Q2,5.590156,,
Q,Trimestrale,ITD,Nord-est,NEET_I,Incidenza dei giovani Neet di 15-34 anni (non occupati e non in istruzione),1,Maschi,Y18-29,18-29 anni,99,Totale,2022-Q2,13.641352,,
Q,Trimestrale,ITD,Nord-est,NEET_I,Incidenza dei giovani Neet di 15-34 anni (non occupati e non in istruzione),1,Maschi,Y18-29,18-29 anni,99,Totale,2022-Q3,11.122431,,
Q,Trimestrale,ITD,Nord-est,NEET_I,Incidenza dei giovani Neet di 15-34 anni (non occupati e non in istruzione),1,Maschi,Y18-29,18-29 anni,99,Totale,2022-Q4,10.021614,,
Q,Trimestrale,ITD,Nord-est,NEET_I,Incidenza dei giovani Neet di 15-34 anni (non occupati e non in istruzione),1,Maschi,Y18-29,18-29 anni,99,Totale,2023-Q1,10.387736,,
Q,Trimestrale,ITD,Nord-est,NEET_I,Incidenza dei giovani Neet di 15-34 anni (non occupati e non in istruzione),1,Maschi,Y18-29,18-29 anni,99,Totale,2023-Q2,10.224361,,
Q,Trimestrale,ITD,Nord-est,NEET_I,Incidenza dei giovani Neet di 15-34 anni (non occupati e non in istruzione),1,Maschi,Y18-29,18-29 anni,99,Totale,2023-Q3,9.395309,,
Q,Trimestrale,ITD,Nord-est,NEET_I,Incidenza dei giovani Neet di 15-34 anni (non occupati e non in istruzione),1,Maschi,Y18-29,18-29 anni,99,Totale,2023-Q4,8.549624,,
Q,Trimestrale,ITD,Nord-est,NEET_I,Incidenza dei giovani Neet di 15-34 anni (non occupati e non in istruzione),1,Maschi,Y18-29,18-29 anni,99,Totale,2024-Q1,9.468265,,
Q,Trimestrale,ITD,Nord-est,NEET_I,Incidenza dei giovani Neet di 15-34 anni (non occupati e non in istruzione),1,Maschi,Y18-29,18-29 anni,99,Totale,2024-Q2,8.62831,,
Q,Trimestrale,ITD,Nord-est,NEET_I,Incidenza dei giovani Neet di 15-34 anni (non occupati e non in istruzione),1,Maschi,Y18-29,18-29 anni,99,Totale,2024-Q3,6.934112,,
Q,Trimestrale,ITD,Nord-est,NEET_I,Incidenza dei giovani Neet di 15-34 anni (non occupati e non in istruzione),1,Maschi,Y18-29,18-29 anni,99,Totale,2024-Q4,8.324782,,
Q,Trimestrale,ITD,Nord-est,NEET_I,Incidenza dei giovani Neet di 15-34 anni (non occupati e non in istruzione),1,Maschi,Y18-29,18-29 anni,99,Totale,2025-Q1,6.503383,,
Q,Trimestrale,ITD,Nord-est,NEET_I,Incidenza dei giovani Neet di 15-34 anni (non occupati e non in istruzione),1,Maschi,Y18-29,18-29 anni,99,Totale,2025-Q2,5.811928,,
Q,Trimestrale,ITD,Nord-est,NEET_I,Incidenza dei giovani Neet di 15-34 anni (non occupati e non in istruzione),1,Maschi,Y15-29,15-29 anni,99,Totale,2022-Q2,12.511811,,
Q,Trimestrale,ITD,Nord-est,NEET_I,Incidenza dei giovani Neet di 15-34 anni (non occupati e non in istruzione),1,Maschi,Y15-29,15-29 anni,99,Totale,2022-Q3,9.817748,,
Q,Trimestrale,ITD,Nord-est,NEET_I,Incidenza dei giovani Neet di 15-34 anni (non occupati e non in istruzione),1,Maschi,Y15-29,15-29 anni,99,Totale,2022-Q4,8.318329,,
Q,Trimestrale,ITD,Nord-est,NEET_I,Incidenza dei giovani Neet di 15-34 anni (non occupati e non in istruzione),1,Maschi,Y15-29,15-29 anni,99,Totale,2023-Q1,8.671403,,
Q,Trimestrale,ITD,Nord-est,NEET_I,Incidenza dei giovani Neet di 15-34 anni (non occupati e non in istruzione),1,Maschi,Y15-29,15-29 anni,99,Totale,2023-Q2,8.278326,,
Q,Trimestrale,ITD,Nord-est,NEET_I,Incidenza dei giovani Neet di 15-34 anni (non occupati e non in istruzione),1,Maschi,Y15-29,15-29 anni,99,Totale,2023-Q3,7.570385,,
Q,Trimestrale,ITD,Nord-est,NEET_I,Incidenza dei giovani Neet di 15-34 anni (non occupati e non in istruzione),1,Maschi,Y15-29,15-29 anni,99,Totale,2023-Q4,7.040148,,
Q,Trimestrale,ITD,Nord-est,NEET_I,Incidenza dei giovani Neet di 15-34 anni (non occupati e non in istruzione),1,Maschi,Y15-29,15-29 anni,99,Totale,2024-Q1,7.759449,,
Q,Trimestrale,ITD,Nord-est,NEET_I,Incidenza dei giovani Neet di 15-34 anni (non occupati e non in istruzione),1,Maschi,Y15-29,15-29 anni,99,Totale,2024-Q2,7.136847,,
Q,Trimestrale,ITD,Nord-est,NEET_I,Incidenza dei giovani Neet di 15-34 anni (non occupati e non in istruzione),1,Maschi,Y15-29,15-29 anni,99,Totale,2024-Q3,5.764981,,
Q,Trimestrale,ITD,Nord-est,NEET_I,Incidenza dei giovani Neet di 15-34 anni (non occupati e non in istruzione),1,Maschi,Y15-29,15-29 anni,99,Totale,2024-Q4,6.98701,,
Q,Trimestrale,ITD,Nord-est,NEET_I,Incidenza dei giovani Neet di 15-34 anni (non occupati e non in istruzione),1,Maschi,Y15-29,15-29 anni,99,Totale,2025-Q1,5.447562,,
Q,Trimestrale,ITD,Nord-est,NEET_I,Incidenza dei giovani Neet di 15-34 anni (non occupati e non in istruzione),1,Maschi,Y15-29,15-29 anni,99,Totale,2025-Q2,4.838863,,
Q,Trimestrale,ITD,Nord-est,NEET_I,Incidenza dei giovani Neet di 15-34 anni (non occupati e non in istruzione),1,Maschi,Y15-34,15-34 anni,99,Totale,2022-Q2,11.194537,,
Q,Trimestrale,ITD,Nord-est,NEET_I,Incidenza dei giovani Neet di 15-34 anni (non occupati e non in istruzione),1,Maschi,Y15-34,15-34 anni,99,Totale,2022-Q3,9.07626,,
Q,Trimestrale,ITD,Nord-est,NEET_I,Incidenza dei giovani Neet di 15-34 anni (non occupati e non in istruzione),1,Maschi,Y15-34,15-34 anni,99,Totale,2022-Q4,7.838516,,
Q,Trimestrale,ITD,Nord-est,NEET_I,Incidenza dei giovani Neet di 15-34 anni (non occupati e non in istruzione),1,Maschi,Y15-34,15-34 anni,99,Totale,2023-Q1,8.505247,,
Q,Trimestrale,ITD,Nord-est,NEET_I,Incidenza dei giovani Neet di 15-34 anni (non occupati e non in istruzione),1,Maschi,Y15-34,15-34 anni,99,Totale,2023-Q2,7.682057,,
Q,Trimestrale,ITD,Nord-est,NEET_I,Incidenza dei giovani Neet di 15-34 anni (non occupati e non in istruzione),1,Maschi,Y15-34,15-34 anni,99,Totale,2023-Q3,7.308894,,
Q,Trimestrale,ITD,Nord-est,NEET_I,Incidenza dei giovani Neet di 15-34 anni (non occupati e non in istruzione),1,Maschi,Y15-34,15-34 anni,99,Totale,2023-Q4,6.797771,,
Q,Trimestrale,ITD,Nord-est,NEET_I,Incidenza dei giovani Neet di 15-34 anni (non occupati e non in istruzione),1,Maschi,Y15-34,15-34 anni,99,Totale,2024-Q1,7.674595,,
Q,Trimestrale,ITD,Nord-est,NEET_I,Incidenza dei giovani Neet di 15-34 anni (non occupati e non in istruzione),1,Maschi,Y15-34,15-34 anni,99,Totale,2024-Q2,6.646029,,
Q,Trimestrale,ITD,Nord-est,NEET_I,Incidenza dei giovani Neet di 15-34 anni (non occupati e non in istruzione),1,Maschi,Y15-34,15-34 anni,99,Totale,2024-Q3,5.315925,,
Q,Trimestrale,ITD,Nord-est,NEET_I,Incidenza dei giovani Neet di 15-34 anni (non occupati e non in istruzione),1,Maschi,Y15-34,15-34 anni,99,Totale,2024-Q4,6.808991,,
Q,Trimestrale,ITD,Nord-est,NEET_I,Incidenza dei giovani Neet di 15-34 anni (non occupati e non in istruzione),1,Maschi,Y15-34,15-34 anni,99,Totale,2025-Q1,5.873074,,
Q,Trimestrale,ITD,Nord-est,NEET_I,Incidenza dei giovani Neet di 15-34 anni (non occupati e non in istruzione),1,Maschi,Y15-34,15-34 anni,99,Totale,2025-Q2,4.354785,,
Q,Trimestrale,ITD,Nord-est,NEET_I,Incidenza dei giovani Neet di 15-34 anni (non occupati e non in istruzione),2,Femmine,Y15-24,15-24 anni,99,Totale,2022-Q2,11.146851,,
Q,Trimestrale,ITD,Nord-est,NEET_I,Incidenza dei giovani Neet di 15-34 anni (non occupati e non in istruzione),2,Femmine,Y15-24,15-24 anni,99,Totale,2022-Q3,9.677811,,
Q,Trimestrale,ITD,Nord-est,NEET_I,Incidenza dei giovani Neet di 15-34 anni (non occupati e non in istruzione),2,Femmine,Y15-24,15-24 anni,99,Totale,2022-Q4,8.804889,,
Q,Trimestrale,ITD,Nord-est,NEET_I,Incidenza dei giovani Neet di 15-34 anni (non occupati e non in istruzione),2,Femmine,Y15-24,15-24 anni,99,Totale,2023-Q1,8.40614,,
Q,Trimestrale,ITD,Nord-est,NEET_I,Incidenza dei giovani Neet di 15-34 anni (non occupati e non in istruzione),2,Femmine,Y15-24,15-24 anni,99,Totale,2023-Q2,9.353804,,
Q,Trimestrale,ITD,Nord-est,NEET_I,Incidenza dei giovani Neet di 15-34 anni (non occupati e non in istruzione),2,Femmine,Y15-24,15-24 anni,99,Totale,2023-Q3,9.48681,,
Q,Trimestrale,ITD,Nord-est,NEET_I,Incidenza dei giovani Neet di 15-34 anni (non occupati e non in istruzione),2,Femmine,Y15-24,15-24 anni,99,Totale,2023-Q4,8.973738,,
Q,Trimestrale,ITD,Nord-est,NEET_I,Incidenza dei giovani Neet di 15-34 anni (non occupati e non in istruzione),2,Femmine,Y15-24,15-24 anni,99,Totale,2024-Q1,9.068766,,
Q,Trimestrale,ITD,Nord-est,NEET_I,Incidenza dei giovani Neet di 15-34 anni (non occupati e non in istruzione),2,Femmine,Y15-24,15-24 anni,99,Totale,2024-Q2,6.957115,,
Q,Trimestrale,ITD,Nord-est,NEET_I,Incidenza dei giovani Neet di 15-34 anni (non occupati e non in istruzione),2,Femmine,Y15-24,15-24 anni,99,Totale,2024-Q3,8.638393,,
Q,Trimestrale,ITD,Nord-est,NEET_I,Incidenza dei giovani Neet di 15-34 anni (non occupati e non in istruzione),2,Femmine,Y15-24,15-24 anni,99,Totale,2024-Q4,7.215225,,
Q,Trimestrale,ITD,Nord-est,NEET_I,Incidenza dei giovani Neet di 15-34 anni (non occupati e non in istruzione),2,Femmine,Y15-24,15-24 anni,99,Totale,2025-Q1,7.028377,,
Q,Trimestrale,ITD,Nord-est,NEET_I,Incidenza dei giovani Neet di 15-34 anni (non occupati e non in istruzione),2,Femmine,Y15-24,15-24 anni,99,Totale,2025-Q2,6.955673,,
Q,Trimestrale,ITD,Nord-est,NEET_I,Incidenza dei giovani Neet di 15-34 anni (non occupati e non in istruzione),2,Femmine,Y18-29,18-29 anni,99,Totale,2022-Q2,15.57307,,
Q,Trimestrale,ITD,Nord-est,NEET_I,Incidenza dei giovani Neet di 15-34 anni (non occupati e non in istruzione),2,Femmine,Y18-29,18-29 anni,99,Totale,2022-Q3,15.557089,,
Q,Trimestrale,ITD,Nord-est,NEET_I,Incidenza dei giovani Neet di 15-34 anni (non occupati e non in istruzione),2,Femmine,Y18-29,18-29 anni,99,Totale,2022-Q4,15.250737,,
Q,Trimestrale,ITD,Nord-est,NEET_I,Incidenza dei giovani Neet di 15-34 anni (non occupati e non in istruzione),2,Femmine,Y18-29,18-29 anni,99,Totale,2023-Q1,16.081214,,
Q,Trimestrale,ITD,Nord-est,NEET_I,Incidenza dei giovani Neet di 15-34 anni (non occupati e non in istruzione),2,Femmine,Y18-29,18-29 anni,99,Totale,2023-Q2,16.577612,,
Q,Trimestrale,ITD,Nord-est,NEET_I,Incidenza dei giovani Neet di 15-34 anni (non occupati e non in istruzione),2,Femmine,Y18-29,18-29 anni,99,Totale,2023-Q3,16.904975,,
Q,Trimestrale,ITD,Nord-est,NEET_I,Incidenza dei giovani Neet di 15-34 anni (non occupati e non in istruzione),2,Femmine,Y18-29,18-29 anni,99,Totale,2023-Q4,16.113671,,
Q,Trimestrale,ITD,Nord-est,NEET_I,Incidenza dei giovani Neet di 15-34 anni (non occupati e non in istruzione),2,Femmine,Y18-29,18-29 anni,99,Totale,2024-Q1,15.544164,,
Q,Trimestrale,ITD,Nord-est,NEET_I,Incidenza dei giovani Neet di 15-34 anni (non occupati e non in istruzione),2,Femmine,Y18-29,18-29 anni,99,Totale,2024-Q2,13.412914,,
Q,Trimestrale,ITD,Nord-est,NEET_I,Incidenza dei giovani Neet di 15-34 anni (non occupati e non in istruzione),2,Femmine,Y18-29,18-29 anni,99,Totale,2024-Q3,15.376298,,
Q,Trimestrale,ITD,Nord-est,NEET_I,Incidenza dei giovani Neet di 15-34 anni (non occupati e non in istruzione),2,Femmine,Y18-29,18-29 anni,99,Totale,2024-Q4,12.70368,,
Q,Trimestrale,ITD,Nord-est,NEET_I,Incidenza dei giovani Neet di 15-34 anni (non occupati e non in istruzione),2,Femmine,Y18-29,18-29 anni,99,Totale,2025-Q1,12.025286,,
Q,Trimestrale,ITD,Nord-est,NEET_I,Incidenza dei giovani Neet di 15-34 anni (non occupati e non in istruzione),2,Femmine,Y18-29,18-29 anni,99,Totale,2025-Q2,12.658141,,
Q,Trimestrale,ITD,Nord-est,NEET_I,Incidenza dei giovani Neet di 15-34 anni (non occupati e non in istruzione),2,Femmine,Y15-29,15-29 anni,99,Totale,2022-Q2,13.620149,,
Q,Trimestrale,ITD,Nord-est,NEET_I,Incidenza dei giovani Neet di 15-34 anni (non occupati e non in istruzione),2,Femmine,Y15-29,15-29 anni,99,Totale,2022-Q3,13.220929,,
Q,Trimestrale,ITD,Nord-est,NEET_I,Incidenza dei giovani Neet di 15-34 anni (non occupati e non in istruzione),2,Femmine,Y15-29,15-29 anni,99,Totale,2022-Q4,12.289811,,
Q,Trimestrale,ITD,Nord-est,NEET_I,Incidenza dei giovani Neet di 15-34 anni (non occupati e non in istruzione),2,Femmine,Y15-29,15-29 anni,99,Totale,2023-Q1,13.193481,,
Q,Trimestrale,ITD,Nord-est,NEET_I,Incidenza dei giovani Neet di 15-34 anni (non occupati e non in istruzione),2,Femmine,Y15-29,15-29 anni,99,Totale,2023-Q2,13.694458,,
Q,Trimestrale,ITD,Nord-est,NEET_I,Incidenza dei giovani Neet di 15-34 anni (non occupati e non in istruzione),2,Femmine,Y15-29,15-29 anni,99,Totale,2023-Q3,13.770129,,
Q,Trimestrale,ITD,Nord-est,NEET_I,Incidenza dei giovani Neet di 15-34 anni (non occupati e non in istruzione),2,Femmine,Y15-29,15-29 anni,99,Totale,2023-Q4,13.07543,,
Q,Trimestrale,ITD,Nord-est,NEET_I,Incidenza dei giovani Neet di 15-34 anni (non occupati e non in istruzione),2,Femmine,Y15-29,15-29 anni,99,Totale,2024-Q1,12.493471,,
Q,Trimestrale,ITD,Nord-est,NEET_I,Incidenza dei giovani Neet di 15-34 anni (non occupati e non in istruzione),2,Femmine,Y15-29,15-29 anni,99,Totale,2024-Q2,11.378041,,
Q,Trimestrale,ITD,Nord-est,NEET_I,Incidenza dei giovani Neet di 15-34 anni (non occupati e non in istruzione),2,Femmine,Y15-29,15-29 anni,99,Totale,2024-Q3,12.507917,,
Q,Trimestrale,ITD,Nord-est,NEET_I,Incidenza dei giovani Neet di 15-34 anni (non occupati e non in istruzione),2,Femmine,Y15-29,15-29 anni,99,Totale,2024-Q4,10.418829,,
Q,Trimestrale,ITD,Nord-est,NEET_I,Incidenza dei giovani Neet di 15-34 anni (non occupati e non in istruzione),2,Femmine,Y15-29,15-29 anni,99,Totale,2025-Q1,9.774684,,
Q,Trimestrale,ITD,Nord-est,NEET_I,Incidenza dei giovani Neet di 15-34 anni (non occupati e non in istruzione),2,Femmine,Y15-29,15-29 anni,99,Totale,2025-Q2,10.185913,,
Q,Trimestrale,ITD,Nord-est,NEET_I,Incidenza dei giovani Neet di 15-34 anni (non occupati e non in istruzione),2,Femmine,Y15-34,15-34 anni,99,Totale,2022-Q2,17.000535,,
Q,Trimestrale,ITD,Nord-est,NEET_I,Incidenza dei giovani Neet di 15-34 anni (non occupati e non in istruzione),2,Femmine,Y15-34,15-34 anni,99,Totale,2022-Q3,15.998638,,
Q,Trimestrale,ITD,Nord-est,NEET_I,Incidenza dei giovani Neet di 15-34 anni (non occupati e non in istruzione),2,Femmine,Y15-34,15-34 anni,99,Totale,2022-Q4,14.618137,,
Q,Trimestrale,ITD,Nord-est,NEET_I,Incidenza dei giovani Neet di 15-34 anni (non occupati e non in istruzione),2,Femmine,Y15-34,15-34 anni,99,Totale,2023-Q1,15.257837,,
Q,Trimestrale,ITD,Nord-est,NEET_I,Incidenza dei giovani Neet di 15-34 anni (non occupati e non in istruzione),2,Femmine,Y15-34,15-34 anni,99,Totale,2023-Q2,15.992573,,
Q,Trimestrale,ITD,Nord-est,NEET_I,Incidenza dei giovani Neet di 15-34 anni (non occupati e non in istruzione),2,Femmine,Y15-34,15-34 anni,99,Totale,2023-Q3,15.814859,,
Q,Trimestrale,ITD,Nord-est,NEET_I,Incidenza dei giovani Neet di 15-34 anni (non occupati e non in istruzione),2,Femmine,Y15-34,15-34 anni,99,Totale,2023-Q4,14.848099,,
Q,Trimestrale,ITD,Nord-est,NEET_I,Incidenza dei giovani Neet di 15-34 anni (non occupati e non in istruzione),2,Femmine,Y15-34,15-34 anni,99,Totale,2024-Q1,14.498439,,
Q,Trimestrale,ITD,Nord-est,NEET_I,Incidenza dei giovani Neet di 15-34 anni (non occupati e non in istruzione),2,Femmine,Y15-34,15-34 anni,99,Totale,2024-Q2,13.869054,,
Q,Trimestrale,ITD,Nord-est,NEET_I,Incidenza dei giovani Neet di 15-34 anni (non occupati e non in istruzione),2,Femmine,Y15-34,15-34 anni,99,Totale,2024-Q3,15.046764,,
Q,Trimestrale,ITD,Nord-est,NEET_I,Incidenza dei giovani Neet di 15-34 anni (non occupati e non in istruzione),2,Femmine,Y15-34,15-34 anni,99,Totale,2024-Q4,14.108217,,
Q,Trimestrale,ITD,Nord-est,NEET_I,Incidenza dei giovani Neet di 15-34 anni (non occupati e non in istruzione),2,Femmine,Y15-34,15-34 anni,99,Totale,2025-Q1,13.113285,,
Q,Trimestrale,ITD,Nord-est,NEET_I,Incidenza dei giovani Neet di 15-34 anni (non occupati e non in istruzione),2,Femmine,Y15-34,15-34 anni,99,Totale,2025-Q2,12.557931,,
Q,Trimestrale,ITD,Nord-est,NEET_I,Incidenza dei giovani Neet di 15-34 anni (non occupati e non in istruzione),9,Totale,Y15-24,15-24 anni,99,Totale,2022-Q2,12.472986,,
Q,Trimestrale,ITD,Nord-est,NEET_I,Incidenza dei giovani Neet di 15-34 anni (non occupati e non in istruzione),9,Totale,Y15-24,15-24 anni,99,Totale,2022-Q3,9.538226,,
Q,Trimestrale,ITD,Nord-est,NEET_I,Incidenza dei giovani Neet di 15-34 anni (non occupati e non in istruzione),9,Totale,Y15-24,15-24 anni,99,Totale,2022-Q4,8.334757,,
Q,Trimestrale,ITD,Nord-est,NEET_I,Incidenza dei giovani Neet di 15-34 anni (non occupati e non in istruzione),9,Totale,Y15-24,15-24 anni,99,Totale,2023-Q1,8.241904,,
Q,Trimestrale,ITD,Nord-est,NEET_I,Incidenza dei giovani Neet di 15-34 anni (non occupati e non in istruzione),9,Totale,Y15-24,15-24 anni,99,Totale,2023-Q2,9.085478,,
Q,Trimestrale,ITD,Nord-est,NEET_I,Incidenza dei giovani Neet di 15-34 anni (non occupati e non in istruzione),9,Totale,Y15-24,15-24 anni,99,Totale,2023-Q3,8.65884,,
Q,Trimestrale,ITD,Nord-est,NEET_I,Incidenza dei giovani Neet di 15-34 anni (non occupati e non in istruzione),9,Totale,Y15-24,15-24 anni,99,Totale,2023-Q4,8.237047,,
Q,Trimestrale,ITD,Nord-est,NEET_I,Incidenza dei giovani Neet di 15-34 anni (non occupati e non in istruzione),9,Totale,Y15-24,15-24 anni,99,Totale,2024-Q1,7.90721,,
Q,Trimestrale,ITD,Nord-est,NEET_I,Incidenza dei giovani Neet di 15-34 anni (non occupati e non in istruzione),9,Totale,Y15-24,15-24 anni,99,Totale,2024-Q2,7.339965,,
Q,Trimestrale,ITD,Nord-est,NEET_I,Incidenza dei giovani Neet di 15-34 anni (non occupati e non in istruzione),9,Totale,Y15-24,15-24 anni,99,Totale,2024-Q3,7.36646,,
Q,Trimestrale,ITD,Nord-est,NEET_I,Incidenza dei giovani Neet di 15-34 anni (non occupati e non in istruzione),9,Totale,Y15-24,15-24 anni,99,Totale,2024-Q4,6.518064,,
Q,Trimestrale,ITD,Nord-est,NEET_I,Incidenza dei giovani Neet di 15-34 anni (non occupati e non in istruzione),9,Totale,Y15-24,15-24 anni,99,Totale,2025-Q1,6.038006,,
Q,Trimestrale,ITD,Nord-est,NEET_I,Incidenza dei giovani Neet di 15-34 anni (non occupati e non in istruzione),9,Totale,Y15-24,15-24 anni,99,Totale,2025-Q2,6.245632,,
Q,Trimestrale,ITD,Nord-est,NEET_I,Incidenza dei giovani Neet di 15-34 anni (non occupati e non in istruzione),9,Totale,Y18-29,18-29 anni,99,Totale,2022-Q2,14.572485,,
Q,Trimestrale,ITD,Nord-est,NEET_I,Incidenza dei giovani Neet di 15-34 anni (non occupati e non in istruzione),9,Totale,Y18-29,18-29 anni,99,Totale,2022-Q3,13.260472,,
Q,Trimestrale,ITD,Nord-est,NEET_I,Incidenza dei giovani Neet di 15-34 anni (non occupati e non in istruzione),9,Totale,Y18-29,18-29 anni,99,Totale,2022-Q4,12.540154,,
Q,Trimestrale,ITD,Nord-est,NEET_I,Incidenza dei giovani Neet di 15-34 anni (non occupati e non in istruzione),9,Totale,Y18-29,18-29 anni,99,Totale,2023-Q1,13.130667,,
Q,Trimestrale,ITD,Nord-est,NEET_I,Incidenza dei giovani Neet di 15-34 anni (non occupati e non in istruzione),9,Totale,Y18-29,18-29 anni,99,Totale,2023-Q2,13.286952,,
Q,Trimestrale,ITD,Nord-est,NEET_I,Incidenza dei giovani Neet di 15-34 anni (non occupati e non in istruzione),9,Totale,Y18-29,18-29 anni,99,Totale,2023-Q3,13.01463,,
Q,Trimestrale,ITD,Nord-est,NEET_I,Incidenza dei giovani Neet di 15-34 anni (non occupati e non in istruzione),9,Totale,Y18-29,18-29 anni,99,Totale,2023-Q4,12.193528,,
Q,Trimestrale,ITD,Nord-est,NEET_I,Incidenza dei giovani Neet di 15-34 anni (non occupati e non in istruzione),9,Totale,Y18-29,18-29 anni,99,Totale,2024-Q1,12.392684,,
Q,Trimestrale,ITD,Nord-est,NEET_I,Incidenza dei giovani Neet di 15-34 anni (non occupati e non in istruzione),9,Totale,Y18-29,18-29 anni,99,Totale,2024-Q2,10.928515,,
Q,Trimestrale,ITD,Nord-est,NEET_I,Incidenza dei giovani Neet di 15-34 anni (non occupati e non in istruzione),9,Totale,Y18-29,18-29 anni,99,Totale,2024-Q3,10.987617,,
Q,Trimestrale,ITD,Nord-est,NEET_I,Incidenza dei giovani Neet di 15-34 anni (non occupati e non in istruzione),9,Totale,Y18-29,18-29 anni,99,Totale,2024-Q4,10.426065,,
Q,Trimestrale,ITD,Nord-est,NEET_I,Incidenza dei giovani Neet di 15-34 anni (non occupati e non in istruzione),9,Totale,Y18-29,18-29 anni,99,Totale,2025-Q1,9.144336,,
Q,Trimestrale,ITD,Nord-est,NEET_I,Incidenza dei giovani Neet di 15-34 anni (non occupati e non in istruzione),9,Totale,Y18-29,18-29 anni,99,Totale,2025-Q2,9.085002,,
Q,Trimestrale,ITD,Nord-est,NEET_I,Incidenza dei giovani Neet di 15-34 anni (non occupati e non in istruzione),9,Totale,Y15-29,15-29 anni,99,Totale,2022-Q2,13.046547,,
Q,Trimestrale,ITD,Nord-est,NEET_I,Incidenza dei giovani Neet di 15-34 anni (non occupati e non in istruzione),9,Totale,Y15-29,15-29 anni,99,Totale,2022-Q3,11.459367,,
Q,Trimestrale,ITD,Nord-est,NEET_I,Incidenza dei giovani Neet di 15-34 anni (non occupati e non in istruzione),9,Totale,Y15-29,15-29 anni,99,Totale,2022-Q4,10.232803,,
Q,Trimestrale,ITD,Nord-est,NEET_I,Incidenza dei giovani Neet di 15-34 anni (non occupati e non in istruzione),9,Totale,Y15-29,15-29 anni,99,Totale,2023-Q1,10.851564,,
Q,Trimestrale,ITD,Nord-est,NEET_I,Incidenza dei giovani Neet di 15-34 anni (non occupati e non in istruzione),9,Totale,Y15-29,15-29 anni,99,Totale,2023-Q2,10.891162,,
Q,Trimestrale,ITD,Nord-est,NEET_I,Incidenza dei giovani Neet di 15-34 anni (non occupati e non in istruzione),9,Totale,Y15-29,15-29 anni,99,Totale,2023-Q3,10.560961,,
Q,Trimestrale,ITD,Nord-est,NEET_I,Incidenza dei giovani Neet di 15-34 anni (non occupati e non in istruzione),9,Totale,Y15-29,15-29 anni,99,Totale,2023-Q4,9.94991,,
Q,Trimestrale,ITD,Nord-est,NEET_I,Incidenza dei giovani Neet di 15-34 anni (non occupati e non in istruzione),9,Totale,Y15-29,15-29 anni,99,Totale,2024-Q1,10.040415,,
Q,Trimestrale,ITD,Nord-est,NEET_I,Incidenza dei giovani Neet di 15-34 anni (non occupati e non in istruzione),9,Totale,Y15-29,15-29 anni,99,Totale,2024-Q2,9.178519,,
Q,Trimestrale,ITD,Nord-est,NEET_I,Incidenza dei giovani Neet di 15-34 anni (non occupati e non in istruzione),9,Totale,Y15-29,15-29 anni,99,Totale,2024-Q3,9.007416,,
Q,Trimestrale,ITD,Nord-est,NEET_I,Incidenza dei giovani Neet di 15-34 anni (non occupati e non in istruzione),9,Totale,Y15-29,15-29 anni,99,Totale,2024-Q4,8.636674,,
Q,Trimestrale,ITD,Nord-est,NEET_I,Incidenza dei giovani Neet di 15-34 anni (non occupati e non in istruzione),9,Totale,Y15-29,15-29 anni,99,Totale,2025-Q1,7.522185,,
Q,Trimestrale,ITD,Nord-est,NEET_I,Incidenza dei giovani Neet di 15-34 anni (non occupati e non in istruzione),9,Totale,Y15-29,15-29 anni,99,Totale,2025-Q2,7.400934,,
Q,Trimestrale,ITD,Nord-est,NEET_I,Incidenza dei giovani Neet di 15-34 anni (non occupati e non in istruzione),9,Totale,Y15-34,15-34 anni,99,Totale,2022-Q2,14.011175,,
Q,Trimestrale,ITD,Nord-est,NEET_I,Incidenza dei giovani Neet di 15-34 anni (non occupati e non in istruzione),9,Totale,Y15-34,15-34 anni,99,Totale,2022-Q3,12.433026,,
Q,Trimestrale,ITD,Nord-est,NEET_I,Incidenza dei giovani Neet di 15-34 anni (non occupati e non in istruzione),9,Totale,Y15-34,15-34 anni,99,Totale,2022-Q4,11.125121,,
Q,Trimestrale,ITD,Nord-est,NEET_I,Incidenza dei giovani Neet di 15-34 anni (non occupati e non in istruzione),9,Totale,Y15-34,15-34 anni,99,Totale,2023-Q1,11.778339,,
Q,Trimestrale,ITD,Nord-est,NEET_I,Incidenza dei giovani Neet di 15-34 anni (non occupati e non in istruzione),9,Totale,Y15-34,15-34 anni,99,Totale,2023-Q2,11.710142,,
Q,Trimestrale,ITD,Nord-est,NEET_I,Incidenza dei giovani Neet di 15-34 anni (non occupati e non in istruzione),9,Totale,Y15-34,15-34 anni,99,Totale,2023-Q3,11.430297,,
Q,Trimestrale,ITD,Nord-est,NEET_I,Incidenza dei giovani Neet di 15-34 anni (non occupati e non in istruzione),9,Totale,Y15-34,15-34 anni,99,Totale,2023-Q4,10.696236,,
Q,Trimestrale,ITD,Nord-est,NEET_I,Incidenza dei giovani Neet di 15-34 anni (non occupati e non in istruzione),9,Totale,Y15-34,15-34 anni,99,Totale,2024-Q1,10.977556,,
Q,Trimestrale,ITD,Nord-est,NEET_I,Incidenza dei giovani Neet di 15-34 anni (non occupati e non in istruzione),9,Totale,Y15-34,15-34 anni,99,Totale,2024-Q2,10.139618,,
Q,Trimestrale,ITD,Nord-est,NEET_I,Incidenza dei giovani Neet di 15-34 anni (non occupati e non in istruzione),9,Totale,Y15-34,15-34 anni,99,Totale,2024-Q3,10.017497,,
Q,Trimestrale,ITD,Nord-est,NEET_I,Incidenza dei giovani Neet di 15-34 anni (non occupati e non in istruzione),9,Totale,Y15-34,15-34 anni,99,Totale,2024-Q4,10.332937,,
Q,Trimestrale,ITD,Nord-est,NEET_I,Incidenza dei giovani Neet di 15-34 anni (non occupati e non in istruzione),9,Totale,Y15-34,15-34 anni,99,Totale,2025-Q1,9.360671,,
Q,Trimestrale,ITD,Nord-est,NEET_I,Incidenza dei giovani Neet di 15-34 anni (non occupati e non in istruzione),9,Totale,Y15-34,15-34 anni,99,Totale,2025-Q2,8.301297,,
Q,Trimestrale,ITE,Centro,NEET_I,Incidenza dei giovani Neet di 15-34 anni (non occupati e non in istruzione),1,Maschi,Y15-24,15-24 anni,99,Totale,2022-Q2,14.721213,,
Q,Trimestrale,ITE,Centro,NEET_I,Incidenza dei giovani Neet di 15-34 anni (non occupati e non in istruzione),1,Maschi,Y15-24,15-24 anni,99,Totale,2022-Q3,10.068642,,
Q,Trimestrale,ITE,Centro,NEET_I,Incidenza dei giovani Neet di 15-34 anni (non occupati e non in istruzione),1,Maschi,Y15-24,15-24 anni,99,Totale,2022-Q4,11.762542,,
Q,Trimestrale,ITE,Centro,NEET_I,Incidenza dei giovani Neet di 15-34 anni (non occupati e non in istruzione),1,Maschi,Y15-24,15-24 anni,99,Totale,2023-Q1,10.776337,,
Q,Trimestrale,ITE,Centro,NEET_I,Incidenza dei giovani Neet di 15-34 anni (non occupati e non in istruzione),1,Maschi,Y15-24,15-24 anni,99,Totale,2023-Q2,9.513732,,
Q,Trimestrale,ITE,Centro,NEET_I,Incidenza dei giovani Neet di 15-34 anni (non occupati e non in istruzione),1,Maschi,Y15-24,15-24 anni,99,Totale,2023-Q3,8.127538,,
Q,Trimestrale,ITE,Centro,NEET_I,Incidenza dei giovani Neet di 15-34 anni (non occupati e non in istruzione),1,Maschi,Y15-24,15-24 anni,99,Totale,2023-Q4,10.428137,,
Q,Trimestrale,ITE,Centro,NEET_I,Incidenza dei giovani Neet di 15-34 anni (non occupati e non in istruzione),1,Maschi,Y15-24,15-24 anni,99,Totale,2024-Q1,9.473771,,
Q,Trimestrale,ITE,Centro,NEET_I,Incidenza dei giovani Neet di 15-34 anni (non occupati e non in istruzione),1,Maschi,Y15-24,15-24 anni,99,Totale,2024-Q2,9.806675,,
Q,Trimestrale,ITE,Centro,NEET_I,Incidenza dei giovani Neet di 15-34 anni (non occupati e non in istruzione),1,Maschi,Y15-24,15-24 anni,99,Totale,2024-Q3,10.847464,,
Q,Trimestrale,ITE,Centro,NEET_I,Incidenza dei giovani Neet di 15-34 anni (non occupati e non in istruzione),1,Maschi,Y15-24,15-24 anni,99,Totale,2024-Q4,10.978361,,
Q,Trimestrale,ITE,Centro,NEET_I,Incidenza dei giovani Neet di 15-34 anni (non occupati e non in istruzione),1,Maschi,Y15-24,15-24 anni,99,Totale,2025-Q1,10.832263,,
Q,Trimestrale,ITE,Centro,NEET_I,Incidenza dei giovani Neet di 15-34 anni (non occupati e non in istruzione),1,Maschi,Y15-24,15-24 anni,99,Totale,2025-Q2,8.224922,,
Q,Trimestrale,ITE,Centro,NEET_I,Incidenza dei giovani Neet di 15-34 anni (non occupati e non in istruzione),1,Maschi,Y18-29,18-29 anni,99,Totale,2022-Q2,16.131883,,
Q,Trimestrale,ITE,Centro,NEET_I,Incidenza dei giovani Neet di 15-34 anni (non occupati e non in istruzione),1,Maschi,Y18-29,18-29 anni,99,Totale,2022-Q3,15.76986,,
Q,Trimestrale,ITE,Centro,NEET_I,Incidenza dei giovani Neet di 15-34 anni (non occupati e non in istruzione),1,Maschi,Y18-29,18-29 anni,99,Totale,2022-Q4,15.690989,,
Q,Trimestrale,ITE,Centro,NEET_I,Incidenza dei giovani Neet di 15-34 anni (non occupati e non in istruzione),1,Maschi,Y18-29,18-29 anni,99,Totale,2023-Q1,13.596002,,
Q,Trimestrale,ITE,Centro,NEET_I,Incidenza dei giovani Neet di 15-34 anni (non occupati e non in istruzione),1,Maschi,Y18-29,18-29 anni,99,Totale,2023-Q2,13.196362,,
Q,Trimestrale,ITE,Centro,NEET_I,Incidenza dei giovani Neet di 15-34 anni (non occupati e non in istruzione),1,Maschi,Y18-29,18-29 anni,99,Totale,2023-Q3,12.368582,,
Q,Trimestrale,ITE,Centro,NEET_I,Incidenza dei giovani Neet di 15-34 anni (non occupati e non in istruzione),1,Maschi,Y18-29,18-29 anni,99,Totale,2023-Q4,15.335582,,
Q,Trimestrale,ITE,Centro,NEET_I,Incidenza dei giovani Neet di 15-34 anni (non occupati e non in istruzione),1,Maschi,Y18-29,18-29 anni,99,Totale,2024-Q1,13.423047,,
Q,Trimestrale,ITE,Centro,NEET_I,Incidenza dei giovani Neet di 15-34 anni (non occupati e non in istruzione),1,Maschi,Y18-29,18-29 anni,99,Totale,2024-Q2,13.029008,,
Q,Trimestrale,ITE,Centro,NEET_I,Incidenza dei giovani Neet di 15-34 anni (non occupati e non in istruzione),1,Maschi,Y18-29,18-29 anni,99,Totale,2024-Q3,14.430658,,
Q,Trimestrale,ITE,Centro,NEET_I,Incidenza dei giovani Neet di 15-34 anni (non occupati e non in istruzione),1,Maschi,Y18-29,18-29 anni,99,Totale,2024-Q4,15.928501,,
Q,Trimestrale,ITE,Centro,NEET_I,Incidenza dei giovani Neet di 15-34 anni (non occupati e non in istruzione),1,Maschi,Y18-29,18-29 anni,99,Totale,2025-Q1,15.520229,,
Q,Trimestrale,ITE,Centro,NEET_I,Incidenza dei giovani Neet di 15-34 anni (non occupati e non in istruzione),1,Maschi,Y18-29,18-29 anni,99,Totale,2025-Q2,11.368446,,
Q,Trimestrale,ITE,Centro,NEET_I,Incidenza dei giovani Neet di 15-34 anni (non occupati e non in istruzione),1,Maschi,Y15-29,15-29 anni,99,Totale,2022-Q2,15.107527,,
Q,Trimestrale,ITE,Centro,NEET_I,Incidenza dei giovani Neet di 15-34 anni (non occupati e non in istruzione),1,Maschi,Y15-29,15-29 anni,99,Totale,2022-Q3,12.9963,,
Q,Trimestrale,ITE,Centro,NEET_I,Incidenza dei giovani Neet di 15-34 anni (non occupati e non in istruzione),1,Maschi,Y15-29,15-29 anni,99,Totale,2022-Q4,13.114677,,
Q,Trimestrale,ITE,Centro,NEET_I,Incidenza dei giovani Neet di 15-34 anni (non occupati e non in istruzione),1,Maschi,Y15-29,15-29 anni,99,Totale,2023-Q1,11.422656,,
Q,Trimestrale,ITE,Centro,NEET_I,Incidenza dei giovani Neet di 15-34 anni (non occupati e non in istruzione),1,Maschi,Y15-29,15-29 anni,99,Totale,2023-Q2,10.849252,,
Q,Trimestrale,ITE,Centro,NEET_I,Incidenza dei giovani Neet di 15-34 anni (non occupati e non in istruzione),1,Maschi,Y15-29,15-29 anni,99,Totale,2023-Q3,10.145429,,
Q,Trimestrale,ITE,Centro,NEET_I,Incidenza dei giovani Neet di 15-34 anni (non occupati e non in istruzione),1,Maschi,Y15-29,15-29 anni,99,Totale,2023-Q4,12.693604,,
Q,Trimestrale,ITE,Centro,NEET_I,Incidenza dei giovani Neet di 15-34 anni (non occupati e non in istruzione),1,Maschi,Y15-29,15-29 anni,99,Totale,2024-Q1,11.286689,,
Q,Trimestrale,ITE,Centro,NEET_I,Incidenza dei giovani Neet di 15-34 anni (non occupati e non in istruzione),1,Maschi,Y15-29,15-29 anni,99,Totale,2024-Q2,11.075009,,
Q,Trimestrale,ITE,Centro,NEET_I,Incidenza dei giovani Neet di 15-34 anni (non occupati e non in istruzione),1,Maschi,Y15-29,15-29 anni,99,Totale,2024-Q3,11.843538,,
Q,Trimestrale,ITE,Centro,NEET_I,Incidenza dei giovani Neet di 15-34 anni (non occupati e non in istruzione),1,Maschi,Y15-29,15-29 anni,99,Totale,2024-Q4,12.965122,,
Q,Trimestrale,ITE,Centro,NEET_I,Incidenza dei giovani Neet di 15-34 anni (non occupati e non in istruzione),1,Maschi,Y15-29,15-29 anni,99,Totale,2025-Q1,13.08034,,
Q,Trimestrale,ITE,Centro,NEET_I,Incidenza dei giovani Neet di 15-34 anni (non occupati e non in istruzione),1,Maschi,Y15-29,15-29 anni,99,Totale,2025-Q2,9.413167,,
Q,Trimestrale,ITE,Centro,NEET_I,Incidenza dei giovani Neet di 15-34 anni (non occupati e non in istruzione),1,Maschi,Y15-34,15-34 anni,99,Totale,2022-Q2,13.545706,,
Q,Trimestrale,ITE,Centro,NEET_I,Incidenza dei giovani Neet di 15-34 anni (non occupati e non in istruzione),1,Maschi,Y15-34,15-34 anni,99,Totale,2022-Q3,12.756963,,
Q,Trimestrale,ITE,Centro,NEET_I,Incidenza dei giovani Neet di 15-34 anni (non occupati e non in istruzione),1,Maschi,Y15-34,15-34 anni,99,Totale,2022-Q4,12.629341,,
Q,Trimestrale,ITE,Centro,NEET_I,Incidenza dei giovani Neet di 15-34 anni (non occupati e non in istruzione),1,Maschi,Y15-34,15-34 anni,99,Totale,2023-Q1,11.024095,,
Q,Trimestrale,ITE,Centro,NEET_I,Incidenza dei giovani Neet di 15-34 anni (non occupati e non in istruzione),1,Maschi,Y15-34,15-34 anni,99,Totale,2023-Q2,10.003125,,
Q,Trimestrale,ITE,Centro,NEET_I,Incidenza dei giovani Neet di 15-34 anni (non occupati e non in istruzione),1,Maschi,Y15-34,15-34 anni,99,Totale,2023-Q3,10.18386,,
Q,Trimestrale,ITE,Centro,NEET_I,Incidenza dei giovani Neet di 15-34 anni (non occupati e non in istruzione),1,Maschi,Y15-34,15-34 anni,99,Totale,2023-Q4,12.562388,,
Q,Trimestrale,ITE,Centro,NEET_I,Incidenza dei giovani Neet di 15-34 anni (non occupati e non in istruzione),1,Maschi,Y15-34,15-34 anni,99,Totale,2024-Q1,11.331635,,
Q,Trimestrale,ITE,Centro,NEET_I,Incidenza dei giovani Neet di 15-34 anni (non occupati e non in istruzione),1,Maschi,Y15-34,15-34 anni,99,Totale,2024-Q2,10.629904,,
Q,Trimestrale,ITE,Centro,NEET_I,Incidenza dei giovani Neet di 15-34 anni (non occupati e non in istruzione),1,Maschi,Y15-34,15-34 anni,99,Totale,2024-Q3,11.735617,,
Q,Trimestrale,ITE,Centro,NEET_I,Incidenza dei giovani Neet di 15-34 anni (non occupati e non in istruzione),1,Maschi,Y15-34,15-34 anni,99,Totale,2024-Q4,13.267087,,
Q,Trimestrale,ITE,Centro,NEET_I,Incidenza dei giovani Neet di 15-34 anni (non occupati e non in istruzione),1,Maschi,Y15-34,15-34 anni,99,Totale,2025-Q1,12.536738,,
Q,Trimestrale,ITE,Centro,NEET_I,Incidenza dei giovani Neet di 15-34 anni (non occupati e non in istruzione),1,Maschi,Y15-34,15-34 anni,99,Totale,2025-Q2,9.680553,,
Q,Trimestrale,ITE,Centro,NEET_I,Incidenza dei giovani Neet di 15-34 anni (non occupati e non in istruzione),2,Femmine,Y15-24,15-24 anni,99,Totale,2022-Q2,12.898314,,
Q,Trimestrale,ITE,Centro,NEET_I,Incidenza dei giovani Neet di 15-34 anni (non occupati e non in istruzione),2,Femmine,Y15-24,15-24 anni,99,Totale,2022-Q3,10.163066,,
Q,Trimestrale,ITE,Centro,NEET_I,Incidenza dei giovani Neet di 15-34 anni (non occupati e non in istruzione),2,Femmine,Y15-24,15-24 anni,99,Totale,2022-Q4,11.687462,,
Q,Trimestrale,ITE,Centro,NEET_I,Incidenza dei giovani Neet di 15-34 anni (non occupati e non in istruzione),2,Femmine,Y15-24,15-24 anni,99,Totale,2023-Q1,7.760891,,
Q,Trimestrale,ITE,Centro,NEET_I,Incidenza dei giovani Neet di 15-34 anni (non occupati e non in istruzione),2,Femmine,Y15-24,15-24 anni,99,Totale,2023-Q2,8.498755,,
Q,Trimestrale,ITE,Centro,NEET_I,Incidenza dei giovani Neet di 15-34 anni (non occupati e non in istruzione),2,Femmine,Y15-24,15-24 anni,99,Totale,2023-Q3,9.841462,,
Q,Trimestrale,ITE,Centro,NEET_I,Incidenza dei giovani Neet di 15-34 anni (non occupati e non in istruzione),2,Femmine,Y15-24,15-24 anni,99,Totale,2023-Q4,9.162283,,
Q,Trimestrale,ITE,Centro,NEET_I,Incidenza dei giovani Neet di 15-34 anni (non occupati e non in istruzione),2,Femmine,Y15-24,15-24 anni,99,Totale,2024-Q1,9.619071,,
Q,Trimestrale,ITE,Centro,NEET_I,Incidenza dei giovani Neet di 15-34 anni (non occupati e non in istruzione),2,Femmine,Y15-24,15-24 anni,99,Totale,2024-Q2,7.800304,,
Q,Trimestrale,ITE,Centro,NEET_I,Incidenza dei giovani Neet di 15-34 anni (non occupati e non in istruzione),2,Femmine,Y15-24,15-24 anni,99,Totale,2024-Q3,9.18101,,
Q,Trimestrale,ITE,Centro,NEET_I,Incidenza dei giovani Neet di 15-34 anni (non occupati e non in istruzione),2,Femmine,Y15-24,15-24 anni,99,Totale,2024-Q4,9.713788,,
Q,Trimestrale,ITE,Centro,NEET_I,Incidenza dei giovani Neet di 15-34 anni (non occupati e non in istruzione),2,Femmine,Y15-24,15-24 anni,99,Totale,2025-Q1,8.580865,,
Q,Trimestrale,ITE,Centro,NEET_I,Incidenza dei giovani Neet di 15-34 anni (non occupati e non in istruzione),2,Femmine,Y15-24,15-24 anni,99,Totale,2025-Q2,7.451589,,
Q,Trimestrale,ITE,Centro,NEET_I,Incidenza dei giovani Neet di 15-34 anni (non occupati e non in istruzione),2,Femmine,Y18-29,18-29 anni,99,Totale,2022-Q2,18.450412,,
Q,Trimestrale,ITE,Centro,NEET_I,Incidenza dei giovani Neet di 15-34 anni (non occupati e non in istruzione),2,Femmine,Y18-29,18-29 anni,99,Totale,2022-Q3,17.721114,,
Q,Trimestrale,ITE,Centro,NEET_I,Incidenza dei giovani Neet di 15-34 anni (non occupati e non in istruzione),2,Femmine,Y18-29,18-29 anni,99,Totale,2022-Q4,18.422097,,
Q,Trimestrale,ITE,Centro,NEET_I,Incidenza dei giovani Neet di 15-34 anni (non occupati e non in istruzione),2,Femmine,Y18-29,18-29 anni,99,Totale,2023-Q1,16.254543,,
Q,Trimestrale,ITE,Centro,NEET_I,Incidenza dei giovani Neet di 15-34 anni (non occupati e non in istruzione),2,Femmine,Y18-29,18-29 anni,99,Totale,2023-Q2,16.638361,,
Q,Trimestrale,ITE,Centro,NEET_I,Incidenza dei giovani Neet di 15-34 anni (non occupati e non in istruzione),2,Femmine,Y18-29,18-29 anni,99,Totale,2023-Q3,18.470238,,
Q,Trimestrale,ITE,Centro,NEET_I,Incidenza dei giovani Neet di 15-34 anni (non occupati e non in istruzione),2,Femmine,Y18-29,18-29 anni,99,Totale,2023-Q4,15.01306,,
Q,Trimestrale,ITE,Centro,NEET_I,Incidenza dei giovani Neet di 15-34 anni (non occupati e non in istruzione),2,Femmine,Y18-29,18-29 anni,99,Totale,2024-Q1,16.734948,,
Q,Trimestrale,ITE,Centro,NEET_I,Incidenza dei giovani Neet di 15-34 anni (non occupati e non in istruzione),2,Femmine,Y18-29,18-29 anni,99,Totale,2024-Q2,15.390582,,
Q,Trimestrale,ITE,Centro,NEET_I,Incidenza dei giovani Neet di 15-34 anni (non occupati e non in istruzione),2,Femmine,Y18-29,18-29 anni,99,Totale,2024-Q3,19.222576,,
Q,Trimestrale,ITE,Centro,NEET_I,Incidenza dei giovani Neet di 15-34 anni (non occupati e non in istruzione),2,Femmine,Y18-29,18-29 anni,99,Totale,2024-Q4,18.898344,,
Q,Trimestrale,ITE,Centro,NEET_I,Incidenza dei giovani Neet di 15-34 anni (non occupati e non in istruzione),2,Femmine,Y18-29,18-29 anni,99,Totale,2025-Q1,17.180946,,
Q,Trimestrale,ITE,Centro,NEET_I,Incidenza dei giovani Neet di 15-34 anni (non occupati e non in istruzione),2,Femmine,Y18-29,18-29 anni,99,Totale,2025-Q2,12.860149,,
Q,Trimestrale,ITE,Centro,NEET_I,Incidenza dei giovani Neet di 15-34 anni (non occupati e non in istruzione),2,Femmine,Y15-29,15-29 anni,99,Totale,2022-Q2,15.726262,,
Q,Trimestrale,ITE,Centro,NEET_I,Incidenza dei giovani Neet di 15-34 anni (non occupati e non in istruzione),2,Femmine,Y15-29,15-29 anni,99,Totale,2022-Q3,14.743174,,
Q,Trimestrale,ITE,Centro,NEET_I,Incidenza dei giovani Neet di 15-34 anni (non occupati e non in istruzione),2,Femmine,Y15-29,15-29 anni,99,Totale,2022-Q4,15.200861,,
Q,Trimestrale,ITE,Centro,NEET_I,Incidenza dei giovani Neet di 15-34 anni (non occupati e non in istruzione),2,Femmine,Y15-29,15-29 anni,99,Totale,2023-Q1,13.165122,,
Q,Trimestrale,ITE,Centro,NEET_I,Incidenza dei giovani Neet di 15-34 anni (non occupati e non in istruzione),2,Femmine,Y15-29,15-29 anni,99,Totale,2023-Q2,13.341943,,
Q,Trimestrale,ITE,Centro,NEET_I,Incidenza dei giovani Neet di 15-34 anni (non occupati e non in istruzione),2,Femmine,Y15-29,15-29 anni,99,Totale,2023-Q3,14.791078,,
Q,Trimestrale,ITE,Centro,NEET_I,Incidenza dei giovani Neet di 15-34 anni (non occupati e non in istruzione),2,Femmine,Y15-29,15-29 anni,99,Totale,2023-Q4,12.018297,,
Q,Trimestrale,ITE,Centro,NEET_I,Incidenza dei giovani Neet di 15-34 anni (non occupati e non in istruzione),2,Femmine,Y15-29,15-29 anni,99,Totale,2024-Q1,13.416658,,
Q,Trimestrale,ITE,Centro,NEET_I,Incidenza dei giovani Neet di 15-34 anni (non occupati e non in istruzione),2,Femmine,Y15-29,15-29 anni,99,Totale,2024-Q2,12.470519,,
Q,Trimestrale,ITE,Centro,NEET_I,Incidenza dei giovani Neet di 15-34 anni (non occupati e non in istruzione),2,Femmine,Y15-29,15-29 anni,99,Totale,2024-Q3,15.68547,,
Q,Trimestrale,ITE,Centro,NEET_I,Incidenza dei giovani Neet di 15-34 anni (non occupati e non in istruzione),2,Femmine,Y15-29,15-29 anni,99,Totale,2024-Q4,15.166319,,
Q,Trimestrale,ITE,Centro,NEET_I,Incidenza dei giovani Neet di 15-34 anni (non occupati e non in istruzione),2,Femmine,Y15-29,15-29 anni,99,Totale,2025-Q1,13.658793,,
Q,Trimestrale,ITE,Centro,NEET_I,Incidenza dei giovani Neet di 15-34 anni (non occupati e non in istruzione),2,Femmine,Y15-29,15-29 anni,99,Totale,2025-Q2,10.821786,,
Q,Trimestrale,ITE,Centro,NEET_I,Incidenza dei giovani Neet di 15-34 anni (non occupati e non in istruzione),2,Femmine,Y15-34,15-34 anni,99,Totale,2022-Q2,19.369929,,
Q,Trimestrale,ITE,Centro,NEET_I,Incidenza dei giovani Neet di 15-34 anni (non occupati e non in istruzione),2,Femmine,Y15-34,15-34 anni,99,Totale,2022-Q3,18.225165,,
Q,Trimestrale,ITE,Centro,NEET_I,Incidenza dei giovani Neet di 15-34 anni (non occupati e non in istruzione),2,Femmine,Y15-34,15-34 anni,99,Totale,2022-Q4,18.650974,,
Q,Trimestrale,ITE,Centro,NEET_I,Incidenza dei giovani Neet di 15-34 anni (non occupati e non in istruzione),2,Femmine,Y15-34,15-34 anni,99,Totale,2023-Q1,17.189359,,
Q,Trimestrale,ITE,Centro,NEET_I,Incidenza dei giovani Neet di 15-34 anni (non occupati e non in istruzione),2,Femmine,Y15-34,15-34 anni,99,Totale,2023-Q2,15.89611,,
Q,Trimestrale,ITE,Centro,NEET_I,Incidenza dei giovani Neet di 15-34 anni (non occupati e non in istruzione),2,Femmine,Y15-34,15-34 anni,99,Totale,2023-Q3,17.483556,,
Q,Trimestrale,ITE,Centro,NEET_I,Incidenza dei giovani Neet di 15-34 anni (non occupati e non in istruzione),2,Femmine,Y15-34,15-34 anni,99,Totale,2023-Q4,15.249492,,
Q,Trimestrale,ITE,Centro,NEET_I,Incidenza dei giovani Neet di 15-34 anni (non occupati e non in istruzione),2,Femmine,Y15-34,15-34 anni,99,Totale,2024-Q1,16.880643,,
Q,Trimestrale,ITE,Centro,NEET_I,Incidenza dei giovani Neet di 15-34 anni (non occupati e non in istruzione),2,Femmine,Y15-34,15-34 anni,99,Totale,2024-Q2,15.756763,,
Q,Trimestrale,ITE,Centro,NEET_I,Incidenza dei giovani Neet di 15-34 anni (non occupati e non in istruzione),2,Femmine,Y15-34,15-34 anni,99,Totale,2024-Q3,17.607301,,
Q,Trimestrale,ITE,Centro,NEET_I,Incidenza dei giovani Neet di 15-34 anni (non occupati e non in istruzione),2,Femmine,Y15-34,15-34 anni,99,Totale,2024-Q4,16.975596,,
Q,Trimestrale,ITE,Centro,NEET_I,Incidenza dei giovani Neet di 15-34 anni (non occupati e non in istruzione),2,Femmine,Y15-34,15-34 anni,99,Totale,2025-Q1,16.090567,,
Q,Trimestrale,ITE,Centro,NEET_I,Incidenza dei giovani Neet di 15-34 anni (non occupati e non in istruzione),2,Femmine,Y15-34,15-34 anni,99,Totale,2025-Q2,14.508193,,
Q,Trimestrale,ITE,Centro,NEET_I,Incidenza dei giovani Neet di 15-34 anni (non occupati e non in istruzione),9,Totale,Y15-24,15-24 anni,99,Totale,2022-Q2,13.842038,,
Q,Trimestrale,ITE,Centro,NEET_I,Incidenza dei giovani Neet di 15-34 anni (non occupati e non in istruzione),9,Totale,Y15-24,15-24 anni,99,Totale,2022-Q3,10.114211,,
Q,Trimestrale,ITE,Centro,NEET_I,Incidenza dei giovani Neet di 15-34 anni (non occupati e non in istruzione),9,Totale,Y15-24,15-24 anni,99,Totale,2022-Q4,11.726416,,
Q,Trimestrale,ITE,Centro,NEET_I,Incidenza dei giovani Neet di 15-34 anni (non occupati e non in istruzione),9,Totale,Y15-24,15-24 anni,99,Totale,2023-Q1,9.324089,,
Q,Trimestrale,ITE,Centro,NEET_I,Incidenza dei giovani Neet di 15-34 anni (non occupati e non in istruzione),9,Totale,Y15-24,15-24 anni,99,Totale,2023-Q2,9.024713,,
Q,Trimestrale,ITE,Centro,NEET_I,Incidenza dei giovani Neet di 15-34 anni (non occupati e non in istruzione),9,Totale,Y15-24,15-24 anni,99,Totale,2023-Q3,8.954067,,
Q,Trimestrale,ITE,Centro,NEET_I,Incidenza dei giovani Neet di 15-34 anni (non occupati e non in istruzione),9,Totale,Y15-24,15-24 anni,99,Totale,2023-Q4,9.817589,,
Q,Trimestrale,ITE,Centro,NEET_I,Incidenza dei giovani Neet di 15-34 anni (non occupati e non in istruzione),9,Totale,Y15-24,15-24 anni,99,Totale,2024-Q1,9.543701,,
Q,Trimestrale,ITE,Centro,NEET_I,Incidenza dei giovani Neet di 15-34 anni (non occupati e non in istruzione),9,Totale,Y15-24,15-24 anni,99,Totale,2024-Q2,8.840717,,
Q,Trimestrale,ITE,Centro,NEET_I,Incidenza dei giovani Neet di 15-34 anni (non occupati e non in istruzione),9,Totale,Y15-24,15-24 anni,99,Totale,2024-Q3,10.045664,,
Q,Trimestrale,ITE,Centro,NEET_I,Incidenza dei giovani Neet di 15-34 anni (non occupati e non in istruzione),9,Totale,Y15-24,15-24 anni,99,Totale,2024-Q4,10.369449,,
Q,Trimestrale,ITE,Centro,NEET_I,Incidenza dei giovani Neet di 15-34 anni (non occupati e non in istruzione),9,Totale,Y15-24,15-24 anni,99,Totale,2025-Q1,9.751003,,
Q,Trimestrale,ITE,Centro,NEET_I,Incidenza dei giovani Neet di 15-34 anni (non occupati e non in istruzione),9,Totale,Y15-24,15-24 anni,99,Totale,2025-Q2,7.85341,,
Q,Trimestrale,ITE,Centro,NEET_I,Incidenza dei giovani Neet di 15-34 anni (non occupati e non in istruzione),9,Totale,Y18-29,18-29 anni,99,Totale,2022-Q2,17.251848,,
Q,Trimestrale,ITE,Centro,NEET_I,Incidenza dei giovani Neet di 15-34 anni (non occupati e non in istruzione),9,Totale,Y18-29,18-29 anni,99,Totale,2022-Q3,16.712414,,
Q,Trimestrale,ITE,Centro,NEET_I,Incidenza dei giovani Neet di 15-34 anni (non occupati e non in istruzione),9,Totale,Y18-29,18-29 anni,99,Totale,2022-Q4,17.006454,,
Q,Trimestrale,ITE,Centro,NEET_I,Incidenza dei giovani Neet di 15-34 anni (non occupati e non in istruzione),9,Totale,Y18-29,18-29 anni,99,Totale,2023-Q1,14.876353,,
Q,Trimestrale,ITE,Centro,NEET_I,Incidenza dei giovani Neet di 15-34 anni (non occupati e non in istruzione),9,Totale,Y18-29,18-29 anni,99,Totale,2023-Q2,14.854541,,
Q,Trimestrale,ITE,Centro,NEET_I,Incidenza dei giovani Neet di 15-34 anni (non occupati e non in istruzione),9,Totale,Y18-29,18-29 anni,99,Totale,2023-Q3,15.308789,,
Q,Trimestrale,ITE,Centro,NEET_I,Incidenza dei giovani Neet di 15-34 anni (non occupati e non in istruzione),9,Totale,Y18-29,18-29 anni,99,Totale,2023-Q4,15.180159,,
Q,Trimestrale,ITE,Centro,NEET_I,Incidenza dei giovani Neet di 15-34 anni (non occupati e non in istruzione),9,Totale,Y18-29,18-29 anni,99,Totale,2024-Q1,15.017159,,
Q,Trimestrale,ITE,Centro,NEET_I,Incidenza dei giovani Neet di 15-34 anni (non occupati e non in istruzione),9,Totale,Y18-29,18-29 anni,99,Totale,2024-Q2,14.164126,,
Q,Trimestrale,ITE,Centro,NEET_I,Incidenza dei giovani Neet di 15-34 anni (non occupati e non in istruzione),9,Totale,Y18-29,18-29 anni,99,Totale,2024-Q3,16.73173,,
Q,Trimestrale,ITE,Centro,NEET_I,Incidenza dei giovani Neet di 15-34 anni (non occupati e non in istruzione),9,Totale,Y18-29,18-29 anni,99,Totale,2024-Q4,17.354301,,
Q,Trimestrale,ITE,Centro,NEET_I,Incidenza dei giovani Neet di 15-34 anni (non occupati e non in istruzione),9,Totale,Y18-29,18-29 anni,99,Totale,2025-Q1,16.314969,,
Q,Trimestrale,ITE,Centro,NEET_I,Incidenza dei giovani Neet di 15-34 anni (non occupati e non in istruzione),9,Totale,Y18-29,18-29 anni,99,Totale,2025-Q2,12.089201,,
Q,Trimestrale,ITE,Centro,NEET_I,Incidenza dei giovani Neet di 15-34 anni (non occupati e non in istruzione),9,Totale,Y15-29,15-29 anni,99,Totale,2022-Q2,15.406478,,
Q,Trimestrale,ITE,Centro,NEET_I,Incidenza dei giovani Neet di 15-34 anni (non occupati e non in istruzione),9,Totale,Y15-29,15-29 anni,99,Totale,2022-Q3,13.840549,,
Q,Trimestrale,ITE,Centro,NEET_I,Incidenza dei giovani Neet di 15-34 anni (non occupati e non in istruzione),9,Totale,Y15-29,15-29 anni,99,Totale,2022-Q4,14.1204,,
Q,Trimestrale,ITE,Centro,NEET_I,Incidenza dei giovani Neet di 15-34 anni (non occupati e non in istruzione),9,Totale,Y15-29,15-29 anni,99,Totale,2023-Q1,12.262707,,
Q,Trimestrale,ITE,Centro,NEET_I,Incidenza dei giovani Neet di 15-34 anni (non occupati e non in istruzione),9,Totale,Y15-29,15-29 anni,99,Totale,2023-Q2,12.051009,,
Q,Trimestrale,ITE,Centro,NEET_I,Incidenza dei giovani Neet di 15-34 anni (non occupati e non in istruzione),9,Totale,Y15-29,15-29 anni,99,Totale,2023-Q3,12.385783,,
Q,Trimestrale,ITE,Centro,NEET_I,Incidenza dei giovani Neet di 15-34 anni (non occupati e non in istruzione),9,Totale,Y15-29,15-29 anni,99,Totale,2023-Q4,12.367949,,
Q,Trimestrale,ITE,Centro,NEET_I,Incidenza dei giovani Neet di 15-34 anni (non occupati e non in istruzione),9,Totale,Y15-29,15-29 anni,99,Totale,2024-Q1,12.312824,,
Q,Trimestrale,ITE,Centro,NEET_I,Incidenza dei giovani Neet di 15-34 anni (non occupati e non in istruzione),9,Totale,Y15-29,15-29 anni,99,Totale,2024-Q2,11.746553,,
Q,Trimestrale,ITE,Centro,NEET_I,Incidenza dei giovani Neet di 15-34 anni (non occupati e non in istruzione),9,Totale,Y15-29,15-29 anni,99,Totale,2024-Q3,13.690614,,
Q,Trimestrale,ITE,Centro,NEET_I,Incidenza dei giovani Neet di 15-34 anni (non occupati e non in istruzione),9,Totale,Y15-29,15-29 anni,99,Totale,2024-Q4,14.023353,,
Q,Trimestrale,ITE,Centro,NEET_I,Incidenza dei giovani Neet di 15-34 anni (non occupati e non in istruzione),9,Totale,Y15-29,15-29 anni,99,Totale,2025-Q1,13.357751,,
Q,Trimestrale,ITE,Centro,NEET_I,Incidenza dei giovani Neet di 15-34 anni (non occupati e non in istruzione),9,Totale,Y15-29,15-29 anni,99,Totale,2025-Q2,10.088347,,
Q,Trimestrale,ITE,Centro,NEET_I,Incidenza dei giovani Neet di 15-34 anni (non occupati e non in istruzione),9,Totale,Y15-34,15-34 anni,99,Totale,2022-Q2,16.378099,,
Q,Trimestrale,ITE,Centro,NEET_I,Incidenza dei giovani Neet di 15-34 anni (non occupati e non in istruzione),9,Totale,Y15-34,15-34 anni,99,Totale,2022-Q3,15.415128,,
Q,Trimestrale,ITE,Centro,NEET_I,Incidenza dei giovani Neet di 15-34 anni (non occupati e non in istruzione),9,Totale,Y15-34,15-34 anni,99,Totale,2022-Q4,15.550834,,
Q,Trimestrale,ITE,Centro,NEET_I,Incidenza dei giovani Neet di 15-34 anni (non occupati e non in istruzione),9,Totale,Y15-34,15-34 anni,99,Totale,2023-Q1,14.015011,,
Q,Trimestrale,ITE,Centro,NEET_I,Incidenza dei giovani Neet di 15-34 anni (non occupati e non in istruzione),9,Totale,Y15-34,15-34 anni,99,Totale,2023-Q2,12.86126,,
Q,Trimestrale,ITE,Centro,NEET_I,Incidenza dei giovani Neet di 15-34 anni (non occupati e non in istruzione),9,Totale,Y15-34,15-34 anni,99,Totale,2023-Q3,13.723949,,
Q,Trimestrale,ITE,Centro,NEET_I,Incidenza dei giovani Neet di 15-34 anni (non occupati e non in istruzione),9,Totale,Y15-34,15-34 anni,99,Totale,2023-Q4,13.865002,,
Q,Trimestrale,ITE,Centro,NEET_I,Incidenza dei giovani Neet di 15-34 anni (non occupati e non in istruzione),9,Totale,Y15-34,15-34 anni,99,Totale,2024-Q1,14.019827,,
Q,Trimestrale,ITE,Centro,NEET_I,Incidenza dei giovani Neet di 15-34 anni (non occupati e non in istruzione),9,Totale,Y15-34,15-34 anni,99,Totale,2024-Q2,13.111634,,
Q,Trimestrale,ITE,Centro,NEET_I,Incidenza dei giovani Neet di 15-34 anni (non occupati e non in istruzione),9,Totale,Y15-34,15-34 anni,99,Totale,2024-Q3,14.575684,,
Q,Trimestrale,ITE,Centro,NEET_I,Incidenza dei giovani Neet di 15-34 anni (non occupati e non in istruzione),9,Totale,Y15-34,15-34 anni,99,Totale,2024-Q4,15.059657,,
Q,Trimestrale,ITE,Centro,NEET_I,Incidenza dei giovani Neet di 15-34 anni (non occupati e non in istruzione),9,Totale,Y15-34,15-34 anni,99,Totale,2025-Q1,14.251331,,
Q,Trimestrale,ITE,Centro,NEET_I,Incidenza dei giovani Neet di 15-34 anni (non occupati e non in istruzione),9,Totale,Y15-34,15-34 anni,99,Totale,2025-Q2,12.00728,,
Q,Trimestrale,ITFG,Mezzogiorno,NEET_I,Incidenza dei giovani Neet di 15-34 anni (non occupati e non in istruzione),1,Maschi,Y15-24,15-24 anni,99,Totale,2022-Q2,22.645803,,
Q,Trimestrale,ITFG,Mezzogiorno,NEET_I,Incidenza dei giovani Neet di 15-34 anni (non occupati e non in istruzione),1,Maschi,Y15-24,15-24 anni,99,Totale,2022-Q3,21.416453,,
Q,Trimestrale,ITFG,Mezzogiorno,NEET_I,Incidenza dei giovani Neet di 15-34 anni (non occupati e non in istruzione),1,Maschi,Y15-24,15-24 anni,99,Totale,2022-Q4,21.920175,,
Q,Trimestrale,ITFG,Mezzogiorno,NEET_I,Incidenza dei giovani Neet di 15-34 anni (non occupati e non in istruzione),1,Maschi,Y15-24,15-24 anni,99,Totale,2023-Q1,21.482536,,
Q,Trimestrale,ITFG,Mezzogiorno,NEET_I,Incidenza dei giovani Neet di 15-34 anni (non occupati e non in istruzione),1,Maschi,Y15-24,15-24 anni,99,Totale,2023-Q2,19.926944,,
Q,Trimestrale,ITFG,Mezzogiorno,NEET_I,Incidenza dei giovani Neet di 15-34 anni (non occupati e non in istruzione),1,Maschi,Y15-24,15-24 anni,99,Totale,2023-Q3,20.374846,,
Q,Trimestrale,ITFG,Mezzogiorno,NEET_I,Incidenza dei giovani Neet di 15-34 anni (non occupati e non in istruzione),1,Maschi,Y15-24,15-24 anni,99,Totale,2023-Q4,19.05767,,
Q,Trimestrale,ITFG,Mezzogiorno,NEET_I,Incidenza dei giovani Neet di 15-34 anni (non occupati e non in istruzione),1,Maschi,Y15-24,15-24 anni,99,Totale,2024-Q1,19.513147,,
Q,Trimestrale,ITFG,Mezzogiorno,NEET_I,Incidenza dei giovani Neet di 15-34 anni (non occupati e non in istruzione),1,Maschi,Y15-24,15-24 anni,99,Totale,2024-Q2,17.70003,,
Q,Trimestrale,ITFG,Mezzogiorno,NEET_I,Incidenza dei giovani Neet di 15-34 anni (non occupati e non in istruzione),1,Maschi,Y15-24,15-24 anni,99,Totale,2024-Q3,20.12264,,
Q,Trimestrale,ITFG,Mezzogiorno,NEET_I,Incidenza dei giovani Neet di 15-34 anni (non occupati e non in istruzione),1,Maschi,Y15-24,15-24 anni,99,Totale,2024-Q4,18.448531,,
Q,Trimestrale,ITFG,Mezzogiorno,NEET_I,Incidenza dei giovani Neet di 15-34 anni (non occupati e non in istruzione),1,Maschi,Y15-24,15-24 anni,99,Totale,2025-Q1,16.237921,,
Q,Trimestrale,ITFG,Mezzogiorno,NEET_I,Incidenza dei giovani Neet di 15-34 anni (non occupati e non in istruzione),1,Maschi,Y15-24,15-24 anni,99,Totale,2025-Q2,13.743579,,
Q,Trimestrale,ITFG,Mezzogiorno,NEET_I,Incidenza dei giovani Neet di 15-34 anni (non occupati e non in istruzione),1,Maschi,Y18-29,18-29 anni,99,Totale,2022-Q2,29.343058,,
Q,Trimestrale,ITFG,Mezzogiorno,NEET_I,Incidenza dei giovani Neet di 15-34 anni (non occupati e non in istruzione),1,Maschi,Y18-29,18-29 anni,99,Totale,2022-Q3,29.552863,,
Q,Trimestrale,ITFG,Mezzogiorno,NEET_I,Incidenza dei giovani Neet di 15-34 anni (non occupati e non in istruzione),1,Maschi,Y18-29,18-29 anni,99,Totale,2022-Q4,30.969249,,
Q,Trimestrale,ITFG,Mezzogiorno,NEET_I,Incidenza dei giovani Neet di 15-34 anni (non occupati e non in istruzione),1,Maschi,Y18-29,18-29 anni,99,Totale,2023-Q1,30.112907,,
Q,Trimestrale,ITFG,Mezzogiorno,NEET_I,Incidenza dei giovani Neet di 15-34 anni (non occupati e non in istruzione),1,Maschi,Y18-29,18-29 anni,99,Totale,2023-Q2,28.255562,,
Q,Trimestrale,ITFG,Mezzogiorno,NEET_I,Incidenza dei giovani Neet di 15-34 anni (non occupati e non in istruzione),1,Maschi,Y18-29,18-29 anni,99,Totale,2023-Q3,28.105132,,
Q,Trimestrale,ITFG,Mezzogiorno,NEET_I,Incidenza dei giovani Neet di 15-34 anni (non occupati e non in istruzione),1,Maschi,Y18-29,18-29 anni,99,Totale,2023-Q4,25.636253,,
Q,Trimestrale,ITFG,Mezzogiorno,NEET_I,Incidenza dei giovani Neet di 15-34 anni (non occupati e non in istruzione),1,Maschi,Y18-29,18-29 anni,99,Totale,2024-Q1,27.657039,,
Q,Trimestrale,ITFG,Mezzogiorno,NEET_I,Incidenza dei giovani Neet di 15-34 anni (non occupati e non in istruzione),1,Maschi,Y18-29,18-29 anni,99,Totale,2024-Q2,25.703666,,
Q,Trimestrale,ITFG,Mezzogiorno,NEET_I,Incidenza dei giovani Neet di 15-34 anni (non occupati e non in istruzione),1,Maschi,Y18-29,18-29 anni,99,Totale,2024-Q3,27.702631,,
Q,Trimestrale,ITFG,Mezzogiorno,NEET_I,Incidenza dei giovani Neet di 15-34 anni (non occupati e non in istruzione),1,Maschi,Y18-29,18-29 anni,99,Totale,2024-Q4,26.261777,,
Q,Trimestrale,ITFG,Mezzogiorno,NEET_I,Incidenza dei giovani Neet di 15-34 anni (non occupati e non in istruzione),1,Maschi,Y18-29,18-29 anni,99,Totale,2025-Q1,25.354261,,
Q,Trimestrale,ITFG,Mezzogiorno,NEET_I,Incidenza dei giovani Neet di 15-34 anni (non occupati e non in istruzione),1,Maschi,Y18-29,18-29 anni,99,Totale,2025-Q2,21.568428,,
Q,Trimestrale,ITFG,Mezzogiorno,NEET_I,Incidenza dei giovani Neet di 15-34 anni (non occupati e non in istruzione),1,Maschi,Y15-29,15-29 anni,99,Totale,2022-Q2,25.843963,,
Q,Trimestrale,ITFG,Mezzogiorno,NEET_I,Incidenza dei giovani Neet di 15-34 anni (non occupati e non in istruzione),1,Maschi,Y15-29,15-29 anni,99,Totale,2022-Q3,24.644145,,
Q,Trimestrale,ITFG,Mezzogiorno,NEET_I,Incidenza dei giovani Neet di 15-34 anni (non occupati e non in istruzione),1,Maschi,Y15-29,15-29 anni,99,Totale,2022-Q4,25.911173,,
Q,Trimestrale,ITFG,Mezzogiorno,NEET_I,Incidenza dei giovani Neet di 15-34 anni (non occupati e non in istruzione),1,Maschi,Y15-29,15-29 anni,99,Totale,2023-Q1,24.908359,,
Q,Trimestrale,ITFG,Mezzogiorno,NEET_I,Incidenza dei giovani Neet di 15-34 anni (non occupati e non in istruzione),1,Maschi,Y15-29,15-29 anni,99,Totale,2023-Q2,23.374751,,
Q,Trimestrale,ITFG,Mezzogiorno,NEET_I,Incidenza dei giovani Neet di 15-34 anni (non occupati e non in istruzione),1,Maschi,Y15-29,15-29 anni,99,Totale,2023-Q3,23.293281,,
Q,Trimestrale,ITFG,Mezzogiorno,NEET_I,Incidenza dei giovani Neet di 15-34 anni (non occupati e non in istruzione),1,Maschi,Y15-29,15-29 anni,99,Totale,2023-Q4,21.313363,,
Q,Trimestrale,ITFG,Mezzogiorno,NEET_I,Incidenza dei giovani Neet di 15-34 anni (non occupati e non in istruzione),1,Maschi,Y15-29,15-29 anni,99,Totale,2024-Q1,22.83244,,
Q,Trimestrale,ITFG,Mezzogiorno,NEET_I,Incidenza dei giovani Neet di 15-34 anni (non occupati e non in istruzione),1,Maschi,Y15-29,15-29 anni,99,Totale,2024-Q2,21.297986,,
Q,Trimestrale,ITFG,Mezzogiorno,NEET_I,Incidenza dei giovani Neet di 15-34 anni (non occupati e non in istruzione),1,Maschi,Y15-29,15-29 anni,99,Totale,2024-Q3,22.994668,,
Q,Trimestrale,ITFG,Mezzogiorno,NEET_I,Incidenza dei giovani Neet di 15-34 anni (non occupati e non in istruzione),1,Maschi,Y15-29,15-29 anni,99,Totale,2024-Q4,21.817953,,
Q,Trimestrale,ITFG,Mezzogiorno,NEET_I,Incidenza dei giovani Neet di 15-34 anni (non occupati e non in istruzione),1,Maschi,Y15-29,15-29 anni,99,Totale,2025-Q1,20.831578,,
Q,Trimestrale,ITFG,Mezzogiorno,NEET_I,Incidenza dei giovani Neet di 15-34 anni (non occupati e non in istruzione),1,Maschi,Y15-29,15-29 anni,99,Totale,2025-Q2,17.784424,,
Q,Trimestrale,ITFG,Mezzogiorno,NEET_I,Incidenza dei giovani Neet di 15-34 anni (non occupati e non in istruzione),1,Maschi,Y15-34,15-34 anni,99,Totale,2022-Q2,26.567427,,
Q,Trimestrale,ITFG,Mezzogiorno,NEET_I,Incidenza dei giovani Neet di 15-34 anni (non occupati e non in istruzione),1,Maschi,Y15-34,15-34 anni,99,Totale,2022-Q3,24.968312,,
Q,Trimestrale,ITFG,Mezzogiorno,NEET_I,Incidenza dei giovani Neet di 15-34 anni (non occupati e non in istruzione),1,Maschi,Y15-34,15-34 anni,99,Totale,2022-Q4,26.239862,,
Q,Trimestrale,ITFG,Mezzogiorno,NEET_I,Incidenza dei giovani Neet di 15-34 anni (non occupati e non in istruzione),1,Maschi,Y15-34,15-34 anni,99,Totale,2023-Q1,26.11211,,
Q,Trimestrale,ITFG,Mezzogiorno,NEET_I,Incidenza dei giovani Neet di 15-34 anni (non occupati e non in istruzione),1,Maschi,Y15-34,15-34 anni,99,Totale,2023-Q2,24.395974,,
Q,Trimestrale,ITFG,Mezzogiorno,NEET_I,Incidenza dei giovani Neet di 15-34 anni (non occupati e non in istruzione),1,Maschi,Y15-34,15-34 anni,99,Totale,2023-Q3,24.304961,,
Q,Trimestrale,ITFG,Mezzogiorno,NEET_I,Incidenza dei giovani Neet di 15-34 anni (non occupati e non in istruzione),1,Maschi,Y15-34,15-34 anni,99,Totale,2023-Q4,22.62486,,
Q,Trimestrale,ITFG,Mezzogiorno,NEET_I,Incidenza dei giovani Neet di 15-34 anni (non occupati e non in istruzione),1,Maschi,Y15-34,15-34 anni,99,Totale,2024-Q1,24.154246,,
Q,Trimestrale,ITFG,Mezzogiorno,NEET_I,Incidenza dei giovani Neet di 15-34 anni (non occupati e non in istruzione),1,Maschi,Y15-34,15-34 anni,99,Totale,2024-Q2,23.61475,,
Q,Trimestrale,ITFG,Mezzogiorno,NEET_I,Incidenza dei giovani Neet di 15-34 anni (non occupati e non in istruzione),1,Maschi,Y15-34,15-34 anni,99,Totale,2024-Q3,24.14946,,
Q,Trimestrale,ITFG,Mezzogiorno,NEET_I,Incidenza dei giovani Neet di 15-34 anni (non occupati e non in istruzione),1,Maschi,Y15-34,15-34 anni,99,Totale,2024-Q4,22.697417,,
Q,Trimestrale,ITFG,Mezzogiorno,NEET_I,Incidenza dei giovani Neet di 15-34 anni (non occupati e non in istruzione),1,Maschi,Y15-34,15-34 anni,99,Totale,2025-Q1,22.479259,,
Q,Trimestrale,ITFG,Mezzogiorno,NEET_I,Incidenza dei giovani Neet di 15-34 anni (non occupati e non in istruzione),1,Maschi,Y15-34,15-34 anni,99,Totale,2025-Q2,19.387863,,
Q,Trimestrale,ITFG,Mezzogiorno,NEET_I,Incidenza dei giovani Neet di 15-34 anni (non occupati e non in istruzione),2,Femmine,Y15-24,15-24 anni,99,Totale,2022-Q2,23.40205,,
Q,Trimestrale,ITFG,Mezzogiorno,NEET_I,Incidenza dei giovani Neet di 15-34 anni (non occupati e non in istruzione),2,Femmine,Y15-24,15-24 anni,99,Totale,2022-Q3,18.486569,,
Q,Trimestrale,ITFG,Mezzogiorno,NEET_I,Incidenza dei giovani Neet di 15-34 anni (non occupati e non in istruzione),2,Femmine,Y15-24,15-24 anni,99,Totale,2022-Q4,20.296414,,
Q,Trimestrale,ITFG,Mezzogiorno,NEET_I,Incidenza dei giovani Neet di 15-34 anni (non occupati e non in istruzione),2,Femmine,Y15-24,15-24 anni,99,Totale,2023-Q1,19.781591,,
Q,Trimestrale,ITFG,Mezzogiorno,NEET_I,Incidenza dei giovani Neet di 15-34 anni (non occupati e non in istruzione),2,Femmine,Y15-24,15-24 anni,99,Totale,2023-Q2,16.860514,,
Q,Trimestrale,ITFG,Mezzogiorno,NEET_I,Incidenza dei giovani Neet di 15-34 anni (non occupati e non in istruzione),2,Femmine,Y15-24,15-24 anni,99,Totale,2023-Q3,18.469162,,
Q,Trimestrale,ITFG,Mezzogiorno,NEET_I,Incidenza dei giovani Neet di 15-34 anni (non occupati e non in istruzione),2,Femmine,Y15-24,15-24 anni,99,Totale,2023-Q4,19.031814,,
Q,Trimestrale,ITFG,Mezzogiorno,NEET_I,Incidenza dei giovani Neet di 15-34 anni (non occupati e non in istruzione),2,Femmine,Y15-24,15-24 anni,99,Totale,2024-Q1,16.766937,,
Q,Trimestrale,ITFG,Mezzogiorno,NEET_I,Incidenza dei giovani Neet di 15-34 anni (non occupati e non in istruzione),2,Femmine,Y15-24,15-24 anni,99,Totale,2024-Q2,15.299802,,
Q,Trimestrale,ITFG,Mezzogiorno,NEET_I,Incidenza dei giovani Neet di 15-34 anni (non occupati e non in istruzione),2,Femmine,Y15-24,15-24 anni,99,Totale,2024-Q3,18.318382,,
Q,Trimestrale,ITFG,Mezzogiorno,NEET_I,Incidenza dei giovani Neet di 15-34 anni (non occupati e non in istruzione),2,Femmine,Y15-24,15-24 anni,99,Totale,2024-Q4,16.140296,,
Q,Trimestrale,ITFG,Mezzogiorno,NEET_I,Incidenza dei giovani Neet di 15-34 anni (non occupati e non in istruzione),2,Femmine,Y15-24,15-24 anni,99,Totale,2025-Q1,15.457717,,
Q,Trimestrale,ITFG,Mezzogiorno,NEET_I,Incidenza dei giovani Neet di 15-34 anni (non occupati e non in istruzione),2,Femmine,Y15-24,15-24 anni,99,Totale,2025-Q2,12.62367,,
Q,Trimestrale,ITFG,Mezzogiorno,NEET_I,Incidenza dei giovani Neet di 15-34 anni (non occupati e non in istruzione),2,Femmine,Y18-29,18-29 anni,99,Totale,2022-Q2,35.308698,,
Q,Trimestrale,ITFG,Mezzogiorno,NEET_I,Incidenza dei giovani Neet di 15-34 anni (non occupati e non in istruzione),2,Femmine,Y18-29,18-29 anni,99,Totale,2022-Q3,33.022732,,
Q,Trimestrale,ITFG,Mezzogiorno,NEET_I,Incidenza dei giovani Neet di 15-34 anni (non occupati e non in istruzione),2,Femmine,Y18-29,18-29 anni,99,Totale,2022-Q4,34.274871,,
Q,Trimestrale,ITFG,Mezzogiorno,NEET_I,Incidenza dei giovani Neet di 15-34 anni (non occupati e non in istruzione),2,Femmine,Y18-29,18-29 anni,99,Totale,2023-Q1,33.133353,,
Q,Trimestrale,ITFG,Mezzogiorno,NEET_I,Incidenza dei giovani Neet di 15-34 anni (non occupati e non in istruzione),2,Femmine,Y18-29,18-29 anni,99,Totale,2023-Q2,29.281672,,
Q,Trimestrale,ITFG,Mezzogiorno,NEET_I,Incidenza dei giovani Neet di 15-34 anni (non occupati e non in istruzione),2,Femmine,Y18-29,18-29 anni,99,Totale,2023-Q3,32.185566,,
Q,Trimestrale,ITFG,Mezzogiorno,NEET_I,Incidenza dei giovani Neet di 15-34 anni (non occupati e non in istruzione),2,Femmine,Y18-29,18-29 anni,99,Totale,2023-Q4,32.619961,,
Q,Trimestrale,ITFG,Mezzogiorno,NEET_I,Incidenza dei giovani Neet di 15-34 anni (non occupati e non in istruzione),2,Femmine,Y18-29,18-29 anni,99,Totale,2024-Q1,29.23751,,
Q,Trimestrale,ITFG,Mezzogiorno,NEET_I,Incidenza dei giovani Neet di 15-34 anni (non occupati e non in istruzione),2,Femmine,Y18-29,18-29 anni,99,Totale,2024-Q2,28.909329,,
Q,Trimestrale,ITFG,Mezzogiorno,NEET_I,Incidenza dei giovani Neet di 15-34 anni (non occupati e non in istruzione),2,Femmine,Y18-29,18-29 anni,99,Totale,2024-Q3,30.98516,,
Q,Trimestrale,ITFG,Mezzogiorno,NEET_I,Incidenza dei giovani Neet di 15-34 anni (non occupati e non in istruzione),2,Femmine,Y18-29,18-29 anni,99,Totale,2024-Q4,30.412735,,
Q,Trimestrale,ITFG,Mezzogiorno,NEET_I,Incidenza dei giovani Neet di 15-34 anni (non occupati e non in istruzione),2,Femmine,Y18-29,18-29 anni,99,Totale,2025-Q1,28.563865,,
Q,Trimestrale,ITFG,Mezzogiorno,NEET_I,Incidenza dei giovani Neet di 15-34 anni (non occupati e non in istruzione),2,Femmine,Y18-29,18-29 anni,99,Totale,2025-Q2,24.874967,,
Q,Trimestrale,ITFG,Mezzogiorno,NEET_I,Incidenza dei giovani Neet di 15-34 anni (non occupati e non in istruzione),2,Femmine,Y15-29,15-29 anni,99,Totale,2022-Q2,30.616446,,
Q,Trimestrale,ITFG,Mezzogiorno,NEET_I,Incidenza dei giovani Neet di 15-34 anni (non occupati e non in istruzione),2,Femmine,Y15-29,15-29 anni,99,Totale,2022-Q3,27.342736,,
Q,Trimestrale,ITFG,Mezzogiorno,NEET_I,Incidenza dei giovani Neet di 15-34 anni (non occupati e non in istruzione),2,Femmine,Y15-29,15-29 anni,99,Totale,2022-Q4,28.614742,,
Q,Trimestrale,ITFG,Mezzogiorno,NEET_I,Incidenza dei giovani Neet di 15-34 anni (non occupati e non in istruzione),2,Femmine,Y15-29,15-29 anni,99,Totale,2023-Q1,27.348789,,
Q,Trimestrale,ITFG,Mezzogiorno,NEET_I,Incidenza dei giovani Neet di 15-34 anni (non occupati e non in istruzione),2,Femmine,Y15-29,15-29 anni,99,Totale,2023-Q2,24.113136,,
Q,Trimestrale,ITFG,Mezzogiorno,NEET_I,Incidenza dei giovani Neet di 15-34 anni (non occupati e non in istruzione),2,Femmine,Y15-29,15-29 anni,99,Totale,2023-Q3,26.741233,,
Q,Trimestrale,ITFG,Mezzogiorno,NEET_I,Incidenza dei giovani Neet di 15-34 anni (non occupati e non in istruzione),2,Femmine,Y15-29,15-29 anni,99,Totale,2023-Q4,27.048353,,
Q,Trimestrale,ITFG,Mezzogiorno,NEET_I,Incidenza dei giovani Neet di 15-34 anni (non occupati e non in istruzione),2,Femmine,Y15-29,15-29 anni,99,Totale,2024-Q1,24.224431,,
Q,Trimestrale,ITFG,Mezzogiorno,NEET_I,Incidenza dei giovani Neet di 15-34 anni (non occupati e non in istruzione),2,Femmine,Y15-29,15-29 anni,99,Totale,2024-Q2,23.451383,,
Q,Trimestrale,ITFG,Mezzogiorno,NEET_I,Incidenza dei giovani Neet di 15-34 anni (non occupati e non in istruzione),2,Femmine,Y15-29,15-29 anni,99,Totale,2024-Q3,25.494826,,
Q,Trimestrale,ITFG,Mezzogiorno,NEET_I,Incidenza dei giovani Neet di 15-34 anni (non occupati e non in istruzione),2,Femmine,Y15-29,15-29 anni,99,Totale,2024-Q4,24.918203,,
Q,Trimestrale,ITFG,Mezzogiorno,NEET_I,Incidenza dei giovani Neet di 15-34 anni (non occupati e non in istruzione),2,Femmine,Y15-29,15-29 anni,99,Totale,2025-Q1,23.327037,,
Q,Trimestrale,ITFG,Mezzogiorno,NEET_I,Incidenza dei giovani Neet di 15-34 anni (non occupati e non in istruzione),2,Femmine,Y15-29,15-29 anni,99,Totale,2025-Q2,20.240059,,
Q,Trimestrale,ITFG,Mezzogiorno,NEET_I,Incidenza dei giovani Neet di 15-34 anni (non occupati e non in istruzione),2,Femmine,Y15-34,15-34 anni,99,Totale,2022-Q2,37.042393,,
Q,Trimestrale,ITFG,Mezzogiorno,NEET_I,Incidenza dei giovani Neet di 15-34 anni (non occupati e non in istruzione),2,Femmine,Y15-34,15-34 anni,99,Totale,2022-Q3,34.267887,,
Q,Trimestrale,ITFG,Mezzogiorno,NEET_I,Incidenza dei giovani Neet di 15-34 anni (non occupati e non in istruzione),2,Femmine,Y15-34,15-34 anni,99,Totale,2022-Q4,34.713978,,
Q,Trimestrale,ITFG,Mezzogiorno,NEET_I,Incidenza dei giovani Neet di 15-34 anni (non occupati e non in istruzione),2,Femmine,Y15-34,15-34 anni,99,Totale,2023-Q1,34.266551,,
Q,Trimestrale,ITFG,Mezzogiorno,NEET_I,Incidenza dei giovani Neet di 15-34 anni (non occupati e non in istruzione),2,Femmine,Y15-34,15-34 anni,99,Totale,2023-Q2,31.12678,,
Q,Trimestrale,ITFG,Mezzogiorno,NEET_I,Incidenza dei giovani Neet di 15-34 anni (non occupati e non in istruzione),2,Femmine,Y15-34,15-34 anni,99,Totale,2023-Q3,32.552576,,
Q,Trimestrale,ITFG,Mezzogiorno,NEET_I,Incidenza dei giovani Neet di 15-34 anni (non occupati e non in istruzione),2,Femmine,Y15-34,15-34 anni,99,Totale,2023-Q4,32.588586,,
Q,Trimestrale,ITFG,Mezzogiorno,NEET_I,Incidenza dei giovani Neet di 15-34 anni (non occupati e non in istruzione),2,Femmine,Y15-34,15-34 anni,99,Totale,2024-Q1,30.795127,,
Q,Trimestrale,ITFG,Mezzogiorno,NEET_I,Incidenza dei giovani Neet di 15-34 anni (non occupati e non in istruzione),2,Femmine,Y15-34,15-34 anni,99,Totale,2024-Q2,30.09038,,
Q,Trimestrale,ITFG,Mezzogiorno,NEET_I,Incidenza dei giovani Neet di 15-34 anni (non occupati e non in istruzione),2,Femmine,Y15-34,15-34 anni,99,Totale,2024-Q3,31.674053,,
Q,Trimestrale,ITFG,Mezzogiorno,NEET_I,Incidenza dei giovani Neet di 15-34 anni (non occupati e non in istruzione),2,Femmine,Y15-34,15-34 anni,99,Totale,2024-Q4,31.319459,,
Q,Trimestrale,ITFG,Mezzogiorno,NEET_I,Incidenza dei giovani Neet di 15-34 anni (non occupati e non in istruzione),2,Femmine,Y15-34,15-34 anni,99,Totale,2025-Q1,29.687833,,
Q,Trimestrale,ITFG,Mezzogiorno,NEET_I,Incidenza dei giovani Neet di 15-34 anni (non occupati e non in istruzione),2,Femmine,Y15-34,15-34 anni,99,Totale,2025-Q2,26.558635,,
Q,Trimestrale,ITFG,Mezzogiorno,NEET_I,Incidenza dei giovani Neet di 15-34 anni (non occupati e non in istruzione),9,Totale,Y15-24,15-24 anni,99,Totale,2022-Q2,23.011998,,
Q,Trimestrale,ITFG,Mezzogiorno,NEET_I,Incidenza dei giovani Neet di 15-34 anni (non occupati e non in istruzione),9,Totale,Y15-24,15-24 anni,99,Totale,2022-Q3,19.99704,,
Q,Trimestrale,ITFG,Mezzogiorno,NEET_I,Incidenza dei giovani Neet di 15-34 anni (non occupati e non in istruzione),9,Totale,Y15-24,15-24 anni,99,Totale,2022-Q4,21.134547,,
Q,Trimestrale,ITFG,Mezzogiorno,NEET_I,Incidenza dei giovani Neet di 15-34 anni (non occupati e non in istruzione),9,Totale,Y15-24,15-24 anni,99,Totale,2023-Q1,20.65927,,
Q,Trimestrale,ITFG,Mezzogiorno,NEET_I,Incidenza dei giovani Neet di 15-34 anni (non occupati e non in istruzione),9,Totale,Y15-24,15-24 anni,99,Totale,2023-Q2,18.442193,,
Q,Trimestrale,ITFG,Mezzogiorno,NEET_I,Incidenza dei giovani Neet di 15-34 anni (non occupati e non in istruzione),9,Totale,Y15-24,15-24 anni,99,Totale,2023-Q3,19.451584,,
Q,Trimestrale,ITFG,Mezzogiorno,NEET_I,Incidenza dei giovani Neet di 15-34 anni (non occupati e non in istruzione),9,Totale,Y15-24,15-24 anni,99,Totale,2023-Q4,19.045138,,
Q,Trimestrale,ITFG,Mezzogiorno,NEET_I,Incidenza dei giovani Neet di 15-34 anni (non occupati e non in istruzione),9,Totale,Y15-24,15-24 anni,99,Totale,2024-Q1,18.182997,,
Q,Trimestrale,ITFG,Mezzogiorno,NEET_I,Incidenza dei giovani Neet di 15-34 anni (non occupati e non in istruzione),9,Totale,Y15-24,15-24 anni,99,Totale,2024-Q2,16.538268,,
Q,Trimestrale,ITFG,Mezzogiorno,NEET_I,Incidenza dei giovani Neet di 15-34 anni (non occupati e non in istruzione),9,Totale,Y15-24,15-24 anni,99,Totale,2024-Q3,19.24948,,
Q,Trimestrale,ITFG,Mezzogiorno,NEET_I,Incidenza dei giovani Neet di 15-34 anni (non occupati e non in istruzione),9,Totale,Y15-24,15-24 anni,99,Totale,2024-Q4,17.331429,,
Q,Trimestrale,ITFG,Mezzogiorno,NEET_I,Incidenza dei giovani Neet di 15-34 anni (non occupati e non in istruzione),9,Totale,Y15-24,15-24 anni,99,Totale,2025-Q1,15.860782,,
Q,Trimestrale,ITFG,Mezzogiorno,NEET_I,Incidenza dei giovani Neet di 15-34 anni (non occupati e non in istruzione),9,Totale,Y15-24,15-24 anni,99,Totale,2025-Q2,13.202434,,
Q,Trimestrale,ITFG,Mezzogiorno,NEET_I,Incidenza dei giovani Neet di 15-34 anni (non occupati e non in istruzione),9,Totale,Y18-29,18-29 anni,99,Totale,2022-Q2,32.24889,,
Q,Trimestrale,ITFG,Mezzogiorno,NEET_I,Incidenza dei giovani Neet di 15-34 anni (non occupati e non in istruzione),9,Totale,Y18-29,18-29 anni,99,Totale,2022-Q3,31.242871,,
Q,Trimestrale,ITFG,Mezzogiorno,NEET_I,Incidenza dei giovani Neet di 15-34 anni (non occupati e non in istruzione),9,Totale,Y18-29,18-29 anni,99,Totale,2022-Q4,32.574539,,
Q,Trimestrale,ITFG,Mezzogiorno,NEET_I,Incidenza dei giovani Neet di 15-34 anni (non occupati e non in istruzione),9,Totale,Y18-29,18-29 anni,99,Totale,2023-Q1,31.579718,,
Q,Trimestrale,ITFG,Mezzogiorno,NEET_I,Incidenza dei giovani Neet di 15-34 anni (non occupati e non in istruzione),9,Totale,Y18-29,18-29 anni,99,Totale,2023-Q2,28.753709,,
Q,Trimestrale,ITFG,Mezzogiorno,NEET_I,Incidenza dei giovani Neet di 15-34 anni (non occupati e non in istruzione),9,Totale,Y18-29,18-29 anni,99,Totale,2023-Q3,30.086154,,
Q,Trimestrale,ITFG,Mezzogiorno,NEET_I,Incidenza dei giovani Neet di 15-34 anni (non occupati e non in istruzione),9,Totale,Y18-29,18-29 anni,99,Totale,2023-Q4,29.025865,,
Q,Trimestrale,ITFG,Mezzogiorno,NEET_I,Incidenza dei giovani Neet di 15-34 anni (non occupati e non in istruzione),9,Totale,Y18-29,18-29 anni,99,Totale,2024-Q1,28.42362,,
Q,Trimestrale,ITFG,Mezzogiorno,NEET_I,Incidenza dei giovani Neet di 15-34 anni (non occupati e non in istruzione),9,Totale,Y18-29,18-29 anni,99,Totale,2024-Q2,27.258893,,
Q,Trimestrale,ITFG,Mezzogiorno,NEET_I,Incidenza dei giovani Neet di 15-34 anni (non occupati e non in istruzione),9,Totale,Y18-29,18-29 anni,99,Totale,2024-Q3,29.288384,,
Q,Trimestrale,ITFG,Mezzogiorno,NEET_I,Incidenza dei giovani Neet di 15-34 anni (non occupati e non in istruzione),9,Totale,Y18-29,18-29 anni,99,Totale,2024-Q4,28.270164,,
Q,Trimestrale,ITFG,Mezzogiorno,NEET_I,Incidenza dei giovani Neet di 15-34 anni (non occupati e non in istruzione),9,Totale,Y18-29,18-29 anni,99,Totale,2025-Q1,26.905205,,
Q,Trimestrale,ITFG,Mezzogiorno,NEET_I,Incidenza dei giovani Neet di 15-34 anni (non occupati e non in istruzione),9,Totale,Y18-29,18-29 anni,99,Totale,2025-Q2,23.162734,,
Q,Trimestrale,ITFG,Mezzogiorno,NEET_I,Incidenza dei giovani Neet di 15-34 anni (non occupati e non in istruzione),9,Totale,Y15-29,15-29 anni,99,Totale,2022-Q2,28.166181,,
Q,Trimestrale,ITFG,Mezzogiorno,NEET_I,Incidenza dei giovani Neet di 15-34 anni (non occupati e non in istruzione),9,Totale,Y15-29,15-29 anni,99,Totale,2022-Q3,25.957131,,
Q,Trimestrale,ITFG,Mezzogiorno,NEET_I,Incidenza dei giovani Neet di 15-34 anni (non occupati e non in istruzione),9,Totale,Y15-29,15-29 anni,99,Totale,2022-Q4,27.223678,,
Q,Trimestrale,ITFG,Mezzogiorno,NEET_I,Incidenza dei giovani Neet di 15-34 anni (non occupati e non in istruzione),9,Totale,Y15-29,15-29 anni,99,Totale,2023-Q1,26.093001,,
Q,Trimestrale,ITFG,Mezzogiorno,NEET_I,Incidenza dei giovani Neet di 15-34 anni (non occupati e non in istruzione),9,Totale,Y15-29,15-29 anni,99,Totale,2023-Q2,23.733163,,
Q,Trimestrale,ITFG,Mezzogiorno,NEET_I,Incidenza dei giovani Neet di 15-34 anni (non occupati e non in istruzione),9,Totale,Y15-29,15-29 anni,99,Totale,2023-Q3,24.966867,,
Q,Trimestrale,ITFG,Mezzogiorno,NEET_I,Incidenza dei giovani Neet di 15-34 anni (non occupati e non in istruzione),9,Totale,Y15-29,15-29 anni,99,Totale,2023-Q4,24.096798,,
Q,Trimestrale,ITFG,Mezzogiorno,NEET_I,Incidenza dei giovani Neet di 15-34 anni (non occupati e non in istruzione),9,Totale,Y15-29,15-29 anni,99,Totale,2024-Q1,23.507629,,
Q,Trimestrale,ITFG,Mezzogiorno,NEET_I,Incidenza dei giovani Neet di 15-34 anni (non occupati e non in istruzione),9,Totale,Y15-29,15-29 anni,99,Totale,2024-Q2,22.341661,,
Q,Trimestrale,ITFG,Mezzogiorno,NEET_I,Incidenza dei giovani Neet di 15-34 anni (non occupati e non in istruzione),9,Totale,Y15-29,15-29 anni,99,Totale,2024-Q3,24.205701,,
Q,Trimestrale,ITFG,Mezzogiorno,NEET_I,Incidenza dei giovani Neet di 15-34 anni (non occupati e non in istruzione),9,Totale,Y15-29,15-29 anni,99,Totale,2024-Q4,23.318859,,
Q,Trimestrale,ITFG,Mezzogiorno,NEET_I,Incidenza dei giovani Neet di 15-34 anni (non occupati e non in istruzione),9,Totale,Y15-29,15-29 anni,99,Totale,2025-Q1,22.038097,,
Q,Trimestrale,ITFG,Mezzogiorno,NEET_I,Incidenza dei giovani Neet di 15-34 anni (non occupati e non in istruzione),9,Totale,Y15-29,15-29 anni,99,Totale,2025-Q2,18.970813,,
Q,Trimestrale,ITFG,Mezzogiorno,NEET_I,Incidenza dei giovani Neet di 15-34 anni (non occupati e non in istruzione),9,Totale,Y15-34,15-34 anni,99,Totale,2022-Q2,31.694137,,
Q,Trimestrale,ITFG,Mezzogiorno,NEET_I,Incidenza dei giovani Neet di 15-34 anni (non occupati e non in istruzione),9,Totale,Y15-34,15-34 anni,99,Totale,2022-Q3,29.519367,,
Q,Trimestrale,ITFG,Mezzogiorno,NEET_I,Incidenza dei giovani Neet di 15-34 anni (non occupati e non in istruzione),9,Totale,Y15-34,15-34 anni,99,Totale,2022-Q4,30.376462,,
Q,Trimestrale,ITFG,Mezzogiorno,NEET_I,Incidenza dei giovani Neet di 15-34 anni (non occupati e non in istruzione),9,Totale,Y15-34,15-34 anni,99,Totale,2023-Q1,30.092062,,
Q,Trimestrale,ITFG,Mezzogiorno,NEET_I,Incidenza dei giovani Neet di 15-34 anni (non occupati e non in istruzione),9,Totale,Y15-34,15-34 anni,99,Totale,2023-Q2,27.680755,,
Q,Trimestrale,ITFG,Mezzogiorno,NEET_I,Incidenza dei giovani Neet di 15-34 anni (non occupati e non in istruzione),9,Totale,Y15-34,15-34 anni,99,Totale,2023-Q3,28.329542,,
Q,Trimestrale,ITFG,Mezzogiorno,NEET_I,Incidenza dei giovani Neet di 15-34 anni (non occupati e non in istruzione),9,Totale,Y15-34,15-34 anni,99,Totale,2023-Q4,27.485771,,
Q,Trimestrale,ITFG,Mezzogiorno,NEET_I,Incidenza dei giovani Neet di 15-34 anni (non occupati e non in istruzione),9,Totale,Y15-34,15-34 anni,99,Totale,2024-Q1,27.392227,,
Q,Trimestrale,ITFG,Mezzogiorno,NEET_I,Incidenza dei giovani Neet di 15-34 anni (non occupati e non in istruzione),9,Totale,Y15-34,15-34 anni,99,Totale,2024-Q2,26.76967,,
Q,Trimestrale,ITFG,Mezzogiorno,NEET_I,Incidenza dei giovani Neet di 15-34 anni (non occupati e non in istruzione),9,Totale,Y15-34,15-34 anni,99,Totale,2024-Q3,27.813325,,
Q,Trimestrale,ITFG,Mezzogiorno,NEET_I,Incidenza dei giovani Neet di 15-34 anni (non occupati e non in istruzione),9,Totale,Y15-34,15-34 anni,99,Totale,2024-Q4,26.892129,,
Q,Trimestrale,ITFG,Mezzogiorno,NEET_I,Incidenza dei giovani Neet di 15-34 anni (non occupati e non in istruzione),9,Totale,Y15-34,15-34 anni,99,Totale,2025-Q1,25.983016,,
Q,Trimestrale,ITFG,Mezzogiorno,NEET_I,Incidenza dei giovani Neet di 15-34 anni (non occupati e non in istruzione),9,Totale,Y15-34,15-34 anni,99,Totale,2025-Q2,22.869935,,
