DATAFLOW,REF_AREA,MEASURE,EDUCATION_LEV,EXP_SOURCE,EXP_DESTINATION,EXPENDITURE_TYPE,PRICE_BASE,UNIT_MEASURE,Q_SHEET,TIME_PERIOD,OBS_VALUE,OBS_STATUS,UNIT_MULT,DECIMALS,BASE_PER,Q_SHEET_ROW_ID
OECD.EDU.IMEP:DSD_EAG_UOE_FIN@DF_UOE_FIN_NATURE_CUR_CAP(3.1),DNK,EXP,ISCED11_1T8,_T,INST_EDU,CAP,Q,USD_PPP,NATURE,2015,,O,6,0,2020,A15
OECD.EDU.IMEP:DSD_EAG_UOE_FIN@DF_UOE_FIN_NATURE_CUR_CAP(3.1),ISL,EXP,ISCED11_1T8,_T,INST_EDU,CAP,Q,USD_PPP,NATURE,2015,,O,6,0,2020,A15
OECD.EDU.IMEP:DSD_EAG_UOE_FIN@DF_UOE_FIN_NATURE_CUR_CAP(3.1),IRL,EXP,ISCED11_1T8,_T,INST_EDU,CAP,Q,USD_PPP,NATURE,2015,,O,6,0,2020,A15
OECD.EDU.IMEP:DSD_EAG_UOE_FIN@DF_UOE_FIN_NATURE_CUR_CAP(3.1),MEX,EXP,ISCED11_1T8,_T,INST_EDU,CAP,Q,USD_PPP,NATURE,2015,,O,6,0,2020,A15
OECD.EDU.IMEP:DSD_EAG_UOE_FIN@DF_UOE_FIN_NATURE_CUR_CAP(3.1),CHN,EXP,ISCED11_1T8,_T,INST_EDU,CAP,Q,USD_PPP,NATURE,2015,,O,6,0,2020,A15
OECD.EDU.IMEP:DSD_EAG_UOE_FIN@DF_UOE_FIN_NATURE_CUR_CAP(3.1),IND,EXP,ISCED11_1T8,_T,INST_EDU,CAP,Q,USD_PPP,NATURE,2015,,O,6,0,2020,A15
OECD.EDU.IMEP:DSD_EAG_UOE_FIN@DF_UOE_FIN_NATURE_CUR_CAP(3.1),PER,EXP,ISCED11_1T8,_T,INST_EDU,CAP,Q,USD_PPP,NATURE,2015,,O,6,0,2020,A15
OECD.EDU.IMEP:DSD_EAG_UOE_FIN@DF_UOE_FIN_NATURE_CUR_CAP(3.1),SAU,EXP,ISCED11_1T8,_T,INST_EDU,CAP,Q,USD_PPP,NATURE,2015,,O,6,0,2020,A15
OECD.EDU.IMEP:DSD_EAG_UOE_FIN@DF_UOE_FIN_NATURE_CUR_CAP(3.1),ZAF,EXP,ISCED11_1T8,_T,INST_EDU,CAP,Q,USD_PPP,NATURE,2015,,O,6,0,2020,A15
OECD.EDU.IMEP:DSD_EAG_UOE_FIN@DF_UOE_FIN_NATURE_CUR_CAP(3.1),AUS,EXP,ISCED11_1T8,_T,INST_EDU,CAP,Q,USD_PPP,NATURE,2016,,O,6,0,2020,A15
OECD.EDU.IMEP:DSD_EAG_UOE_FIN@DF_UOE_FIN_NATURE_CUR_CAP(3.1),MEX,EXP,ISCED11_1T8,_T,INST_EDU,CAP,Q,USD_PPP,NATURE,2016,,O,6,0,2020,A15
OECD.EDU.IMEP:DSD_EAG_UOE_FIN@DF_UOE_FIN_NATURE_CUR_CAP(3.1),SVK,EXP,ISCED11_1T8,_T,INST_EDU,CAP,Q,USD_PPP,NATURE,2016,,O,6,0,2020,A15
OECD.EDU.IMEP:DSD_EAG_UOE_FIN@DF_UOE_FIN_NATURE_CUR_CAP(3.1),CHN,EXP,ISCED11_1T8,_T,INST_EDU,CAP,Q,USD_PPP,NATURE,2016,,O,6,0,2020,A15
OECD.EDU.IMEP:DSD_EAG_UOE_FIN@DF_UOE_FIN_NATURE_CUR_CAP(3.1),IND,EXP,ISCED11_1T8,_T,INST_EDU,CAP,Q,USD_PPP,NATURE,2016,,O,6,0,2020,A15
OECD.EDU.IMEP:DSD_EAG_UOE_FIN@DF_UOE_FIN_NATURE_CUR_CAP(3.1),IDN,EXP,ISCED11_1T8,_T,INST_EDU,CAP,Q,USD_PPP,NATURE,2016,,O,6,0,2020,A15
OECD.EDU.IMEP:DSD_EAG_UOE_FIN@DF_UOE_FIN_NATURE_CUR_CAP(3.1),PER,EXP,ISCED11_1T8,_T,INST_EDU,CAP,Q,USD_PPP,NATURE,2016,,O,6,0,2020,A15
OECD.EDU.IMEP:DSD_EAG_UOE_FIN@DF_UOE_FIN_NATURE_CUR_CAP(3.1),SAU,EXP,ISCED11_1T8,_T,INST_EDU,CAP,Q,USD_PPP,NATURE,2016,,O,6,0,2020,A15
OECD.EDU.IMEP:DSD_EAG_UOE_FIN@DF_UOE_FIN_NATURE_CUR_CAP(3.1),ZAF,EXP,ISCED11_1T8,_T,INST_EDU,CAP,Q,USD_PPP,NATURE,2016,,O,6,0,2020,A15
OECD.EDU.IMEP:DSD_EAG_UOE_FIN@DF_UOE_FIN_NATURE_CUR_CAP(3.1),IRL,EXP,ISCED11_1T8,_T,INST_EDU,CAP,Q,USD_PPP,NATURE,2019,,O,6,0,2020,A15
OECD.EDU.IMEP:DSD_EAG_UOE_FIN@DF_UOE_FIN_NATURE_CUR_CAP(3.1),SVK,EXP,ISCED11_1T8,_T,INST_EDU,CAP,Q,USD_PPP,NATURE,2019,,O,6,0,2020,A15
OECD.EDU.IMEP:DSD_EAG_UOE_FIN@DF_UOE_FIN_NATURE_CUR_CAP(3.1),ARG,EXP,ISCED11_1T8,_T,INST_EDU,CAP,Q,USD_PPP,NATURE,2019,,O,6,0,2020,A15
OECD.EDU.IMEP:DSD_EAG_UOE_FIN@DF_UOE_FIN_NATURE_CUR_CAP(3.1),CHN,EXP,ISCED11_1T8,_T,INST_EDU,CAP,Q,USD_PPP,NATURE,2019,,O,6,0,2020,A15
OECD.EDU.IMEP:DSD_EAG_UOE_FIN@DF_UOE_FIN_NATURE_CUR_CAP(3.1),IND,EXP,ISCED11_1T8,_T,INST_EDU,CAP,Q,USD_PPP,NATURE,2019,,O,6,0,2020,A15
OECD.EDU.IMEP:DSD_EAG_UOE_FIN@DF_UOE_FIN_NATURE_CUR_CAP(3.1),IDN,EXP,ISCED11_1T8,_T,INST_EDU,CAP,Q,USD_PPP,NATURE,2019,,O,6,0,2020,A15
OECD.EDU.IMEP:DSD_EAG_UOE_FIN@DF_UOE_FIN_NATURE_CUR_CAP(3.1),PER,EXP,ISCED11_1T8,_T,INST_EDU,CAP,Q,USD_PPP,NATURE,2019,,O,6,0,2020,A15
OECD.EDU.IMEP:DSD_EAG_UOE_FIN@DF_UOE_FIN_NATURE_CUR_CAP(3.1),SAU,EXP,ISCED11_1T8,_T,INST_EDU,CAP,Q,USD_PPP,NATURE,2019,,O,6,0,2020,A15
OECD.EDU.IMEP:DSD_EAG_UOE_FIN@DF_UOE_FIN_NATURE_CUR_CAP(3.1),ZAF,EXP,ISCED11_1T8,_T,INST_EDU,CAP,Q,USD_PPP,NATURE,2019,,O,6,0,2020,A15
OECD.EDU.IMEP:DSD_EAG_UOE_FIN@DF_UOE_FIN_NATURE_CUR_CAP(3.1),IRL,EXP,ISCED11_1T8,_T,INST_EDU,CAP,Q,USD_PPP,NATURE,2018,,O,6,0,2020,A15
OECD.EDU.IMEP:DSD_EAG_UOE_FIN@DF_UOE_FIN_NATURE_CUR_CAP(3.1),SVK,EXP,ISCED11_1T8,_T,INST_EDU,CAP,Q,USD_PPP,NATURE,2018,,O,6,0,2020,A15
OECD.EDU.IMEP:DSD_EAG_UOE_FIN@DF_UOE_FIN_NATURE_CUR_CAP(3.1),CHN,EXP,ISCED11_1T8,_T,INST_EDU,CAP,Q,USD_PPP,NATURE,2018,,O,6,0,2020,A15
OECD.EDU.IMEP:DSD_EAG_UOE_FIN@DF_UOE_FIN_NATURE_CUR_CAP(3.1),IND,EXP,ISCED11_1T8,_T,INST_EDU,CAP,Q,USD_PPP,NATURE,2018,,O,6,0,2020,A15
OECD.EDU.IMEP:DSD_EAG_UOE_FIN@DF_UOE_FIN_NATURE_CUR_CAP(3.1),IDN,EXP,ISCED11_1T8,_T,INST_EDU,CAP,Q,USD_PPP,NATURE,2018,,O,6,0,2020,A15
OECD.EDU.IMEP:DSD_EAG_UOE_FIN@DF_UOE_FIN_NATURE_CUR_CAP(3.1),PER,EXP,ISCED11_1T8,_T,INST_EDU,CAP,Q,USD_PPP,NATURE,2018,,O,6,0,2020,A15
OECD.EDU.IMEP:DSD_EAG_UOE_FIN@DF_UOE_FIN_NATURE_CUR_CAP(3.1),SAU,EXP,ISCED11_1T8,_T,INST_EDU,CAP,Q,USD_PPP,NATURE,2018,,O,6,0,2020,A15
OECD.EDU.IMEP:DSD_EAG_UOE_FIN@DF_UOE_FIN_NATURE_CUR_CAP(3.1),ZAF,EXP,ISCED11_1T8,_T,INST_EDU,CAP,Q,USD_PPP,NATURE,2018,,O,6,0,2020,A15
OECD.EDU.IMEP:DSD_EAG_UOE_FIN@DF_UOE_FIN_NATURE_CUR_CAP(3.1),IRL,EXP,ISCED11_1T8,_T,INST_EDU,CAP,Q,USD_PPP,NATURE,2017,,O,6,0,2020,A15
OECD.EDU.IMEP:DSD_EAG_UOE_FIN@DF_UOE_FIN_NATURE_CUR_CAP(3.1),SVK,EXP,ISCED11_1T8,_T,INST_EDU,CAP,Q,USD_PPP,NATURE,2017,,O,6,0,2020,A15
OECD.EDU.IMEP:DSD_EAG_UOE_FIN@DF_UOE_FIN_NATURE_CUR_CAP(3.1),CHN,EXP,ISCED11_1T8,_T,INST_EDU,CAP,Q,USD_PPP,NATURE,2017,,O,6,0,2020,A15
OECD.EDU.IMEP:DSD_EAG_UOE_FIN@DF_UOE_FIN_NATURE_CUR_CAP(3.1),IND,EXP,ISCED11_1T8,_T,INST_EDU,CAP,Q,USD_PPP,NATURE,2017,,O,6,0,2020,A15
OECD.EDU.IMEP:DSD_EAG_UOE_FIN@DF_UOE_FIN_NATURE_CUR_CAP(3.1),IDN,EXP,ISCED11_1T8,_T,INST_EDU,CAP,Q,USD_PPP,NATURE,2017,,O,6,0,2020,A15
OECD.EDU.IMEP:DSD_EAG_UOE_FIN@DF_UOE_FIN_NATURE_CUR_CAP(3.1),PER,EXP,ISCED11_1T8,_T,INST_EDU,CAP,Q,USD_PPP,NATURE,2017,,O,6,0,2020,A15
OECD.EDU.IMEP:DSD_EAG_UOE_FIN@DF_UOE_FIN_NATURE_CUR_CAP(3.1),SAU,EXP,ISCED11_1T8,_T,INST_EDU,CAP,Q,USD_PPP,NATURE,2017,,O,6,0,2020,A15
OECD.EDU.IMEP:DSD_EAG_UOE_FIN@DF_UOE_FIN_NATURE_CUR_CAP(3.1),ZAF,EXP,ISCED11_1T8,_T,INST_EDU,CAP,Q,USD_PPP,NATURE,2017,,O,6,0,2020,A15
OECD.EDU.IMEP:DSD_EAG_UOE_FIN@DF_UOE_FIN_NATURE_CUR_CAP(3.1),IRL,EXP,ISCED11_1T8,_T,INST_EDU,CAP,Q,USD_PPP,NATURE,2022,,O,6,0,2020,A15
OECD.EDU.IMEP:DSD_EAG_UOE_FIN@DF_UOE_FIN_NATURE_CUR_CAP(3.1),ARG,EXP,ISCED11_1T8,_T,INST_EDU,CAP,Q,USD_PPP,NATURE,2022,,O,6,0,2020,A15
OECD.EDU.IMEP:DSD_EAG_UOE_FIN@DF_UOE_FIN_NATURE_CUR_CAP(3.1),CHN,EXP,ISCED11_1T8,_T,INST_EDU,CAP,Q,USD_PPP,NATURE,2022,,O,6,0,2020,A15
OECD.EDU.IMEP:DSD_EAG_UOE_FIN@DF_UOE_FIN_NATURE_CUR_CAP(3.1),ZAF,EXP,ISCED11_1T8,_T,INST_EDU,CAP,Q,USD_PPP,NATURE,2022,,O,6,0,2020,A15
OECD.EDU.IMEP:DSD_EAG_UOE_FIN@DF_UOE_FIN_NATURE_CUR_CAP(3.1),IRL,EXP,ISCED11_1T8,_T,INST_EDU,CAP,Q,USD_PPP,NATURE,2021,,O,6,0,2020,A15
OECD.EDU.IMEP:DSD_EAG_UOE_FIN@DF_UOE_FIN_NATURE_CUR_CAP(3.1),ARG,EXP,ISCED11_1T8,_T,INST_EDU,CAP,Q,USD_PPP,NATURE,2021,,O,6,0,2020,A15
OECD.EDU.IMEP:DSD_EAG_UOE_FIN@DF_UOE_FIN_NATURE_CUR_CAP(3.1),IND,EXP,ISCED11_1T8,_T,INST_EDU,CAP,Q,USD_PPP,NATURE,2021,,O,6,0,2020,A15
OECD.EDU.IMEP:DSD_EAG_UOE_FIN@DF_UOE_FIN_NATURE_CUR_CAP(3.1),PER,EXP,ISCED11_1T8,_T,INST_EDU,CAP,Q,USD_PPP,NATURE,2021,,O,6,0,2020,A15
OECD.EDU.IMEP:DSD_EAG_UOE_FIN@DF_UOE_FIN_NATURE_CUR_CAP(3.1),SAU,EXP,ISCED11_1T8,_T,INST_EDU,CAP,Q,USD_PPP,NATURE,2021,,O,6,0,2020,A15
OECD.EDU.IMEP:DSD_EAG_UOE_FIN@DF_UOE_FIN_NATURE_CUR_CAP(3.1),ZAF,EXP,ISCED11_1T8,_T,INST_EDU,CAP,Q,USD_PPP,NATURE,2021,,O,6,0,2020,A15
OECD.EDU.IMEP:DSD_EAG_UOE_FIN@DF_UOE_FIN_NATURE_CUR_CAP(3.1),IRL,EXP,ISCED11_1T8,_T,INST_EDU,CAP,Q,USD_PPP,NATURE,2020,,O,6,0,2020,A15
OECD.EDU.IMEP:DSD_EAG_UOE_FIN@DF_UOE_FIN_NATURE_CUR_CAP(3.1),SVK,EXP,ISCED11_1T8,_T,INST_EDU,CAP,Q,USD_PPP,NATURE,2020,,O,6,0,2020,A15
OECD.EDU.IMEP:DSD_EAG_UOE_FIN@DF_UOE_FIN_NATURE_CUR_CAP(3.1),ARG,EXP,ISCED11_1T8,_T,INST_EDU,CAP,Q,USD_PPP,NATURE,2020,,O,6,0,2020,A15
OECD.EDU.IMEP:DSD_EAG_UOE_FIN@DF_UOE_FIN_NATURE_CUR_CAP(3.1),IND,EXP,ISCED11_1T8,_T,INST_EDU,CAP,Q,USD_PPP,NATURE,2020,,O,6,0,2020,A15
OECD.EDU.IMEP:DSD_EAG_UOE_FIN@DF_UOE_FIN_NATURE_CUR_CAP(3.1),PER,EXP,ISCED11_1T8,_T,INST_EDU,CAP,Q,USD_PPP,NATURE,2020,,O,6,0,2020,A15
OECD.EDU.IMEP:DSD_EAG_UOE_FIN@DF_UOE_FIN_NATURE_CUR_CAP(3.1),ZAF,EXP,ISCED11_1T8,_T,INST_EDU,CAP,Q,USD_PPP,NATURE,2020,,O,6,0,2020,A15
OECD.EDU.IMEP:DSD_EAG_UOE_FIN@DF_UOE_FIN_NATURE_CUR_CAP(3.1),CHE,EXP,ISCED11_1T8,_T,INST_EDU,CAP,Q,USD_PPP,NATURE,2015,,O,6,0,2020,A15
OECD.EDU.IMEP:DSD_EAG_UOE_FIN@DF_UOE_FIN_NATURE_CUR_CAP(3.1),CHE,EXP,ISCED11_1T8,_T,INST_EDU,CAP,Q,USD_PPP,NATURE,2016,,O,6,0,2020,A15
OECD.EDU.IMEP:DSD_EAG_UOE_FIN@DF_UOE_FIN_NATURE_CUR_CAP(3.1),CHE,EXP,ISCED11_1T8,_T,INST_EDU,CAP,Q,USD_PPP,NATURE,2017,,O,6,0,2020,A15
OECD.EDU.IMEP:DSD_EAG_UOE_FIN@DF_UOE_FIN_NATURE_CUR_CAP(3.1),CHE,EXP,ISCED11_1T8,_T,INST_EDU,CAP,Q,USD_PPP,NATURE,2018,,O,6,0,2020,A15
OECD.EDU.IMEP:DSD_EAG_UOE_FIN@DF_UOE_FIN_NATURE_CUR_CAP(3.1),CHE,EXP,ISCED11_1T8,_T,INST_EDU,CAP,Q,USD_PPP,NATURE,2019,,O,6,0,2020,A15
OECD.EDU.IMEP:DSD_EAG_UOE_FIN@DF_UOE_FIN_NATURE_CUR_CAP(3.1),CHE,EXP,ISCED11_1T8,_T,INST_EDU,CAP,Q,USD_PPP,NATURE,2020,,O,6,0,2020,A15
OECD.EDU.IMEP:DSD_EAG_UOE_FIN@DF_UOE_FIN_NATURE_CUR_CAP(3.1),CHE,EXP,ISCED11_1T8,_T,INST_EDU,CAP,Q,USD_PPP,NATURE,2021,,O,6,0,2020,A15
OECD.EDU.IMEP:DSD_EAG_UOE_FIN@DF_UOE_FIN_NATURE_CUR_CAP(3.1),CHE,EXP,ISCED11_1T8,_T,INST_EDU,CAP,Q,USD_PPP,NATURE,2022,,O,6,0,2020,A15
OECD.EDU.IMEP:DSD_EAG_UOE_FIN@DF_UOE_FIN_NATURE_CUR_CAP(3.1),CRI,EXP,ISCED11_1T8,_T,INST_EDU,CAP,Q,USD_PPP,NATURE,2015,,O,6,0,2020,A15
OECD.EDU.IMEP:DSD_EAG_UOE_FIN@DF_UOE_FIN_NATURE_CUR_CAP(3.1),CRI,EXP,ISCED11_1T8,_T,INST_EDU,CAP,Q,USD_PPP,NATURE,2016,,O,6,0,2020,A15
OECD.EDU.IMEP:DSD_EAG_UOE_FIN@DF_UOE_FIN_NATURE_CUR_CAP(3.1),CRI,EXP,ISCED11_1T8,_T,INST_EDU,CAP,Q,USD_PPP,NATURE,2017,,O,6,0,2020,A15
OECD.EDU.IMEP:DSD_EAG_UOE_FIN@DF_UOE_FIN_NATURE_CUR_CAP(3.1),CRI,EXP,ISCED11_1T8,_T,INST_EDU,CAP,Q,USD_PPP,NATURE,2018,,O,6,0,2020,A15
OECD.EDU.IMEP:DSD_EAG_UOE_FIN@DF_UOE_FIN_NATURE_CUR_CAP(3.1),CRI,EXP,ISCED11_1T8,_T,INST_EDU,CAP,Q,USD_PPP,NATURE,2019,,O,6,0,2020,A15
OECD.EDU.IMEP:DSD_EAG_UOE_FIN@DF_UOE_FIN_NATURE_CUR_CAP(3.1),CRI,EXP,ISCED11_1T8,_T,INST_EDU,CAP,Q,USD_PPP,NATURE,2020,,O,6,0,2020,A15
OECD.EDU.IMEP:DSD_EAG_UOE_FIN@DF_UOE_FIN_NATURE_CUR_CAP(3.1),CRI,EXP,ISCED11_1T8,_T,INST_EDU,CAP,Q,USD_PPP,NATURE,2021,,O,6,0,2020,A15
OECD.EDU.IMEP:DSD_EAG_UOE_FIN@DF_UOE_FIN_NATURE_CUR_CAP(3.1),CRI,EXP,ISCED11_1T8,_T,INST_EDU,CAP,Q,USD_PPP,NATURE,2022,,O,6,0,2020,A15
OECD.EDU.IMEP:DSD_EAG_UOE_FIN@DF_UOE_FIN_NATURE_CUR_CAP(3.1),CRI,EXP,ISCED11_1T8,_T,INST_EDU,CAP,Q,USD_PPP,NATURE,2023,,O,6,0,2020,A15
OECD.EDU.IMEP:DSD_EAG_UOE_FIN@DF_UOE_FIN_NATURE_CUR_CAP(3.1),BRA,EXP,ISCED11_1T8,_T,INST_EDU,CAP,Q,USD_PPP,NATURE,2015,,O,6,0,2020,A15
OECD.EDU.IMEP:DSD_EAG_UOE_FIN@DF_UOE_FIN_NATURE_CUR_CAP(3.1),BRA,EXP,ISCED11_1T8,_T,INST_EDU,CAP,Q,USD_PPP,NATURE,2016,,O,6,0,2020,A15
OECD.EDU.IMEP:DSD_EAG_UOE_FIN@DF_UOE_FIN_NATURE_CUR_CAP(3.1),BRA,EXP,ISCED11_1T8,_T,INST_EDU,CAP,Q,USD_PPP,NATURE,2017,,O,6,0,2020,A15
OECD.EDU.IMEP:DSD_EAG_UOE_FIN@DF_UOE_FIN_NATURE_CUR_CAP(3.1),BRA,EXP,ISCED11_1T8,_T,INST_EDU,CAP,Q,USD_PPP,NATURE,2018,,O,6,0,2020,A15
OECD.EDU.IMEP:DSD_EAG_UOE_FIN@DF_UOE_FIN_NATURE_CUR_CAP(3.1),BRA,EXP,ISCED11_1T8,_T,INST_EDU,CAP,Q,USD_PPP,NATURE,2019,,O,6,0,2020,A15
OECD.EDU.IMEP:DSD_EAG_UOE_FIN@DF_UOE_FIN_NATURE_CUR_CAP(3.1),BRA,EXP,ISCED11_1T8,_T,INST_EDU,CAP,Q,USD_PPP,NATURE,2020,,O,6,0,2020,A15
OECD.EDU.IMEP:DSD_EAG_UOE_FIN@DF_UOE_FIN_NATURE_CUR_CAP(3.1),BRA,EXP,ISCED11_1T8,_T,INST_EDU,CAP,Q,USD_PPP,NATURE,2021,,O,6,0,2020,A15
OECD.EDU.IMEP:DSD_EAG_UOE_FIN@DF_UOE_FIN_NATURE_CUR_CAP(3.1),BRA,EXP,ISCED11_1T8,_T,INST_EDU,CAP,Q,USD_PPP,NATURE,2022,,O,6,0,2020,A15
OECD.EDU.IMEP:DSD_EAG_UOE_FIN@DF_UOE_FIN_NATURE_CUR_CAP(3.1),NZL,EXP,ISCED11_1T8,_T,INST_EDU,CAP,Q,USD_PPP,NATURE,2015,,O,6,0,2020,A15
OECD.EDU.IMEP:DSD_EAG_UOE_FIN@DF_UOE_FIN_NATURE_CUR_CAP(3.1),NZL,EXP,ISCED11_1T8,_T,INST_EDU,CAP,Q,USD_PPP,NATURE,2016,,O,6,0,2020,A15
OECD.EDU.IMEP:DSD_EAG_UOE_FIN@DF_UOE_FIN_NATURE_CUR_CAP(3.1),NZL,EXP,ISCED11_1T8,_T,INST_EDU,CAP,Q,USD_PPP,NATURE,2017,,O,6,0,2020,A15
OECD.EDU.IMEP:DSD_EAG_UOE_FIN@DF_UOE_FIN_NATURE_CUR_CAP(3.1),NZL,EXP,ISCED11_1T8,_T,INST_EDU,CAP,Q,USD_PPP,NATURE,2018,,O,6,0,2020,A15
OECD.EDU.IMEP:DSD_EAG_UOE_FIN@DF_UOE_FIN_NATURE_CUR_CAP(3.1),NZL,EXP,ISCED11_1T8,_T,INST_EDU,CAP,Q,USD_PPP,NATURE,2019,,O,6,0,2020,A15
OECD.EDU.IMEP:DSD_EAG_UOE_FIN@DF_UOE_FIN_NATURE_CUR_CAP(3.1),NZL,EXP,ISCED11_1T8,_T,INST_EDU,CAP,Q,USD_PPP,NATURE,2020,,O,6,0,2020,A15
OECD.EDU.IMEP:DSD_EAG_UOE_FIN@DF_UOE_FIN_NATURE_CUR_CAP(3.1),NZL,EXP,ISCED11_1T8,_T,INST_EDU,CAP,Q,USD_PPP,NATURE,2021,,O,6,0,2020,A15
OECD.EDU.IMEP:DSD_EAG_UOE_FIN@DF_UOE_FIN_NATURE_CUR_CAP(3.1),NZL,EXP,ISCED11_1T8,_T,INST_EDU,CAP,Q,USD_PPP,NATURE,2022,,O,6,0,2020,A15
OECD.EDU.IMEP:DSD_EAG_UOE_FIN@DF_UOE_FIN_NATURE_CUR_CAP(3.1),NZL,EXP,ISCED11_1T8,_T,INST_EDU,CAP,Q,USD_PPP,NATURE,2023,,O,6,0,2020,A15
OECD.EDU.IMEP:DSD_EAG_UOE_FIN@DF_UOE_FIN_NATURE_CUR_CAP(3.1),NZL,EXP,ISCED11_1T8,_T,INST_EDU,CUR,Q,USD_PPP,NATURE,2015,,O,6,0,2020,A14
OECD.EDU.IMEP:DSD_EAG_UOE_FIN@DF_UOE_FIN_NATURE_CUR_CAP(3.1),NZL,EXP,ISCED11_1T8,_T,INST_EDU,CUR,Q,USD_PPP,NATURE,2016,,O,6,0,2020,A14
OECD.EDU.IMEP:DSD_EAG_UOE_FIN@DF_UOE_FIN_NATURE_CUR_CAP(3.1),NZL,EXP,ISCED11_1T8,_T,INST_EDU,CUR,Q,USD_PPP,NATURE,2017,,O,6,0,2020,A14
OECD.EDU.IMEP:DSD_EAG_UOE_FIN@DF_UOE_FIN_NATURE_CUR_CAP(3.1),NZL,EXP,ISCED11_1T8,_T,INST_EDU,CUR,Q,USD_PPP,NATURE,2018,,O,6,0,2020,A14
OECD.EDU.IMEP:DSD_EAG_UOE_FIN@DF_UOE_FIN_NATURE_CUR_CAP(3.1),NZL,EXP,ISCED11_1T8,_T,INST_EDU,CUR,Q,USD_PPP,NATURE,2019,,O,6,0,2020,A14
OECD.EDU.IMEP:DSD_EAG_UOE_FIN@DF_UOE_FIN_NATURE_CUR_CAP(3.1),NZL,EXP,ISCED11_1T8,_T,INST_EDU,CUR,Q,USD_PPP,NATURE,2020,,O,6,0,2020,A14
OECD.EDU.IMEP:DSD_EAG_UOE_FIN@DF_UOE_FIN_NATURE_CUR_CAP(3.1),NZL,EXP,ISCED11_1T8,_T,INST_EDU,CUR,Q,USD_PPP,NATURE,2021,,O,6,0,2020,A14
OECD.EDU.IMEP:DSD_EAG_UOE_FIN@DF_UOE_FIN_NATURE_CUR_CAP(3.1),NZL,EXP,ISCED11_1T8,_T,INST_EDU,CUR,Q,USD_PPP,NATURE,2022,,O,6,0,2020,A14
OECD.EDU.IMEP:DSD_EAG_UOE_FIN@DF_UOE_FIN_NATURE_CUR_CAP(3.1),NZL,EXP,ISCED11_1T8,_T,INST_EDU,CUR,Q,USD_PPP,NATURE,2023,,O,6,0,2020,A14
OECD.EDU.IMEP:DSD_EAG_UOE_FIN@DF_UOE_FIN_NATURE_CUR_CAP(3.1),BRA,EXP,ISCED11_1T8,_T,INST_EDU,CUR,Q,USD_PPP,NATURE,2015,,O,6,0,2020,A14
OECD.EDU.IMEP:DSD_EAG_UOE_FIN@DF_UOE_FIN_NATURE_CUR_CAP(3.1),BRA,EXP,ISCED11_1T8,_T,INST_EDU,CUR,Q,USD_PPP,NATURE,2016,,O,6,0,2020,A14
OECD.EDU.IMEP:DSD_EAG_UOE_FIN@DF_UOE_FIN_NATURE_CUR_CAP(3.1),BRA,EXP,ISCED11_1T8,_T,INST_EDU,CUR,Q,USD_PPP,NATURE,2017,,O,6,0,2020,A14
OECD.EDU.IMEP:DSD_EAG_UOE_FIN@DF_UOE_FIN_NATURE_CUR_CAP(3.1),BRA,EXP,ISCED11_1T8,_T,INST_EDU,CUR,Q,USD_PPP,NATURE,2018,,O,6,0,2020,A14
OECD.EDU.IMEP:DSD_EAG_UOE_FIN@DF_UOE_FIN_NATURE_CUR_CAP(3.1),BRA,EXP,ISCED11_1T8,_T,INST_EDU,CUR,Q,USD_PPP,NATURE,2019,,O,6,0,2020,A14
OECD.EDU.IMEP:DSD_EAG_UOE_FIN@DF_UOE_FIN_NATURE_CUR_CAP(3.1),BRA,EXP,ISCED11_1T8,_T,INST_EDU,CUR,Q,USD_PPP,NATURE,2020,,O,6,0,2020,A14
OECD.EDU.IMEP:DSD_EAG_UOE_FIN@DF_UOE_FIN_NATURE_CUR_CAP(3.1),BRA,EXP,ISCED11_1T8,_T,INST_EDU,CUR,Q,USD_PPP,NATURE,2021,,O,6,0,2020,A14
OECD.EDU.IMEP:DSD_EAG_UOE_FIN@DF_UOE_FIN_NATURE_CUR_CAP(3.1),BRA,EXP,ISCED11_1T8,_T,INST_EDU,CUR,Q,USD_PPP,NATURE,2022,,O,6,0,2020,A14
OECD.EDU.IMEP:DSD_EAG_UOE_FIN@DF_UOE_FIN_NATURE_CUR_CAP(3.1),CRI,EXP,ISCED11_1T8,_T,INST_EDU,CUR,Q,USD_PPP,NATURE,2015,,O,6,0,2020,A14
OECD.EDU.IMEP:DSD_EAG_UOE_FIN@DF_UOE_FIN_NATURE_CUR_CAP(3.1),CRI,EXP,ISCED11_1T8,_T,INST_EDU,CUR,Q,USD_PPP,NATURE,2016,,O,6,0,2020,A14
OECD.EDU.IMEP:DSD_EAG_UOE_FIN@DF_UOE_FIN_NATURE_CUR_CAP(3.1),CRI,EXP,ISCED11_1T8,_T,INST_EDU,CUR,Q,USD_PPP,NATURE,2017,,O,6,0,2020,A14
OECD.EDU.IMEP:DSD_EAG_UOE_FIN@DF_UOE_FIN_NATURE_CUR_CAP(3.1),CRI,EXP,ISCED11_1T8,_T,INST_EDU,CUR,Q,USD_PPP,NATURE,2018,,O,6,0,2020,A14
OECD.EDU.IMEP:DSD_EAG_UOE_FIN@DF_UOE_FIN_NATURE_CUR_CAP(3.1),CRI,EXP,ISCED11_1T8,_T,INST_EDU,CUR,Q,USD_PPP,NATURE,2019,,O,6,0,2020,A14
OECD.EDU.IMEP:DSD_EAG_UOE_FIN@DF_UOE_FIN_NATURE_CUR_CAP(3.1),CRI,EXP,ISCED11_1T8,_T,INST_EDU,CUR,Q,USD_PPP,NATURE,2020,,O,6,0,2020,A14
OECD.EDU.IMEP:DSD_EAG_UOE_FIN@DF_UOE_FIN_NATURE_CUR_CAP(3.1),CRI,EXP,ISCED11_1T8,_T,INST_EDU,CUR,Q,USD_PPP,NATURE,2021,,O,6,0,2020,A14
OECD.EDU.IMEP:DSD_EAG_UOE_FIN@DF_UOE_FIN_NATURE_CUR_CAP(3.1),CRI,EXP,ISCED11_1T8,_T,INST_EDU,CUR,Q,USD_PPP,NATURE,2022,,O,6,0,2020,A14
OECD.EDU.IMEP:DSD_EAG_UOE_FIN@DF_UOE_FIN_NATURE_CUR_CAP(3.1),CRI,EXP,ISCED11_1T8,_T,INST_EDU,CUR,Q,USD_PPP,NATURE,2023,,O,6,0,2020,A14
OECD.EDU.IMEP:DSD_EAG_UOE_FIN@DF_UOE_FIN_NATURE_CUR_CAP(3.1),CHE,EXP,ISCED11_1T8,_T,INST_EDU,CUR,Q,USD_PPP,NATURE,2015,,O,6,0,2020,A14
OECD.EDU.IMEP:DSD_EAG_UOE_FIN@DF_UOE_FIN_NATURE_CUR_CAP(3.1),CHE,EXP,ISCED11_1T8,_T,INST_EDU,CUR,Q,USD_PPP,NATURE,2016,,O,6,0,2020,A14
OECD.EDU.IMEP:DSD_EAG_UOE_FIN@DF_UOE_FIN_NATURE_CUR_CAP(3.1),CHE,EXP,ISCED11_1T8,_T,INST_EDU,CUR,Q,USD_PPP,NATURE,2017,,O,6,0,2020,A14
OECD.EDU.IMEP:DSD_EAG_UOE_FIN@DF_UOE_FIN_NATURE_CUR_CAP(3.1),CHE,EXP,ISCED11_1T8,_T,INST_EDU,CUR,Q,USD_PPP,NATURE,2018,,O,6,0,2020,A14
OECD.EDU.IMEP:DSD_EAG_UOE_FIN@DF_UOE_FIN_NATURE_CUR_CAP(3.1),CHE,EXP,ISCED11_1T8,_T,INST_EDU,CUR,Q,USD_PPP,NATURE,2019,,O,6,0,2020,A14
OECD.EDU.IMEP:DSD_EAG_UOE_FIN@DF_UOE_FIN_NATURE_CUR_CAP(3.1),CHE,EXP,ISCED11_1T8,_T,INST_EDU,CUR,Q,USD_PPP,NATURE,2020,,O,6,0,2020,A14
OECD.EDU.IMEP:DSD_EAG_UOE_FIN@DF_UOE_FIN_NATURE_CUR_CAP(3.1),CHE,EXP,ISCED11_1T8,_T,INST_EDU,CUR,Q,USD_PPP,NATURE,2021,,O,6,0,2020,A14
OECD.EDU.IMEP:DSD_EAG_UOE_FIN@DF_UOE_FIN_NATURE_CUR_CAP(3.1),CHE,EXP,ISCED11_1T8,_T,INST_EDU,CUR,Q,USD_PPP,NATURE,2022,,O,6,0,2020,A14
OECD.EDU.IMEP:DSD_EAG_UOE_FIN@DF_UOE_FIN_NATURE_CUR_CAP(3.1),ZAF,EXP,ISCED11_1T8,_T,INST_EDU,CUR,Q,USD_PPP,NATURE,2015,,O,6,0,2020,A14
OECD.EDU.IMEP:DSD_EAG_UOE_FIN@DF_UOE_FIN_NATURE_CUR_CAP(3.1),ZAF,EXP,ISCED11_1T8,_T,INST_EDU,CUR,Q,USD_PPP,NATURE,2016,,O,6,0,2020,A14
OECD.EDU.IMEP:DSD_EAG_UOE_FIN@DF_UOE_FIN_NATURE_CUR_CAP(3.1),ZAF,EXP,ISCED11_1T8,_T,INST_EDU,CUR,Q,USD_PPP,NATURE,2017,,O,6,0,2020,A14
OECD.EDU.IMEP:DSD_EAG_UOE_FIN@DF_UOE_FIN_NATURE_CUR_CAP(3.1),ZAF,EXP,ISCED11_1T8,_T,INST_EDU,CUR,Q,USD_PPP,NATURE,2018,,O,6,0,2020,A14
OECD.EDU.IMEP:DSD_EAG_UOE_FIN@DF_UOE_FIN_NATURE_CUR_CAP(3.1),ZAF,EXP,ISCED11_1T8,_T,INST_EDU,CUR,Q,USD_PPP,NATURE,2019,,O,6,0,2020,A14
OECD.EDU.IMEP:DSD_EAG_UOE_FIN@DF_UOE_FIN_NATURE_CUR_CAP(3.1),ZAF,EXP,ISCED11_1T8,_T,INST_EDU,CUR,Q,USD_PPP,NATURE,2020,,O,6,0,2020,A14
OECD.EDU.IMEP:DSD_EAG_UOE_FIN@DF_UOE_FIN_NATURE_CUR_CAP(3.1),ZAF,EXP,ISCED11_1T8,_T,INST_EDU,CUR,Q,USD_PPP,NATURE,2021,,O,6,0,2020,A14
OECD.EDU.IMEP:DSD_EAG_UOE_FIN@DF_UOE_FIN_NATURE_CUR_CAP(3.1),ZAF,EXP,ISCED11_1T8,_T,INST_EDU,CUR,Q,USD_PPP,NATURE,2022,,O,6,0,2020,A14
OECD.EDU.IMEP:DSD_EAG_UOE_FIN@DF_UOE_FIN_NATURE_CUR_CAP(3.1),CHN,EXP,ISCED11_1T8,_T,INST_EDU,CUR,Q,USD_PPP,NATURE,2015,,O,6,0,2020,A14
OECD.EDU.IMEP:DSD_EAG_UOE_FIN@DF_UOE_FIN_NATURE_CUR_CAP(3.1),CHN,EXP,ISCED11_1T8,_T,INST_EDU,CUR,Q,USD_PPP,NATURE,2016,,O,6,0,2020,A14
OECD.EDU.IMEP:DSD_EAG_UOE_FIN@DF_UOE_FIN_NATURE_CUR_CAP(3.1),CHN,EXP,ISCED11_1T8,_T,INST_EDU,CUR,Q,USD_PPP,NATURE,2017,,O,6,0,2020,A14
OECD.EDU.IMEP:DSD_EAG_UOE_FIN@DF_UOE_FIN_NATURE_CUR_CAP(3.1),CHN,EXP,ISCED11_1T8,_T,INST_EDU,CUR,Q,USD_PPP,NATURE,2018,,O,6,0,2020,A14
OECD.EDU.IMEP:DSD_EAG_UOE_FIN@DF_UOE_FIN_NATURE_CUR_CAP(3.1),CHN,EXP,ISCED11_1T8,_T,INST_EDU,CUR,Q,USD_PPP,NATURE,2019,,O,6,0,2020,A14
OECD.EDU.IMEP:DSD_EAG_UOE_FIN@DF_UOE_FIN_NATURE_CUR_CAP(3.1),CHN,EXP,ISCED11_1T8,_T,INST_EDU,CUR,Q,USD_PPP,NATURE,2022,,O,6,0,2020,A14
OECD.EDU.IMEP:DSD_EAG_UOE_FIN@DF_UOE_FIN_NATURE_CUR_CAP(3.1),SAU,EXP,ISCED11_1T8,_T,INST_EDU,CUR,Q,USD_PPP,NATURE,2015,,O,6,0,2020,A14
OECD.EDU.IMEP:DSD_EAG_UOE_FIN@DF_UOE_FIN_NATURE_CUR_CAP(3.1),SAU,EXP,ISCED11_1T8,_T,INST_EDU,CUR,Q,USD_PPP,NATURE,2016,,O,6,0,2020,A14
OECD.EDU.IMEP:DSD_EAG_UOE_FIN@DF_UOE_FIN_NATURE_CUR_CAP(3.1),SAU,EXP,ISCED11_1T8,_T,INST_EDU,CUR,Q,USD_PPP,NATURE,2017,,O,6,0,2020,A14
OECD.EDU.IMEP:DSD_EAG_UOE_FIN@DF_UOE_FIN_NATURE_CUR_CAP(3.1),SAU,EXP,ISCED11_1T8,_T,INST_EDU,CUR,Q,USD_PPP,NATURE,2018,,O,6,0,2020,A14
OECD.EDU.IMEP:DSD_EAG_UOE_FIN@DF_UOE_FIN_NATURE_CUR_CAP(3.1),SAU,EXP,ISCED11_1T8,_T,INST_EDU,CUR,Q,USD_PPP,NATURE,2019,,O,6,0,2020,A14
OECD.EDU.IMEP:DSD_EAG_UOE_FIN@DF_UOE_FIN_NATURE_CUR_CAP(3.1),SAU,EXP,ISCED11_1T8,_T,INST_EDU,CUR,Q,USD_PPP,NATURE,2021,,O,6,0,2020,A14
OECD.EDU.IMEP:DSD_EAG_UOE_FIN@DF_UOE_FIN_NATURE_CUR_CAP(3.1),IND,EXP,ISCED11_1T8,_T,INST_EDU,CUR,Q,USD_PPP,NATURE,2015,,O,6,0,2020,A14
OECD.EDU.IMEP:DSD_EAG_UOE_FIN@DF_UOE_FIN_NATURE_CUR_CAP(3.1),IND,EXP,ISCED11_1T8,_T,INST_EDU,CUR,Q,USD_PPP,NATURE,2016,,O,6,0,2020,A14
OECD.EDU.IMEP:DSD_EAG_UOE_FIN@DF_UOE_FIN_NATURE_CUR_CAP(3.1),IND,EXP,ISCED11_1T8,_T,INST_EDU,CUR,Q,USD_PPP,NATURE,2017,,O,6,0,2020,A14
OECD.EDU.IMEP:DSD_EAG_UOE_FIN@DF_UOE_FIN_NATURE_CUR_CAP(3.1),IND,EXP,ISCED11_1T8,_T,INST_EDU,CUR,Q,USD_PPP,NATURE,2018,,O,6,0,2020,A14
OECD.EDU.IMEP:DSD_EAG_UOE_FIN@DF_UOE_FIN_NATURE_CUR_CAP(3.1),IND,EXP,ISCED11_1T8,_T,INST_EDU,CUR,Q,USD_PPP,NATURE,2019,,O,6,0,2020,A14
OECD.EDU.IMEP:DSD_EAG_UOE_FIN@DF_UOE_FIN_NATURE_CUR_CAP(3.1),IND,EXP,ISCED11_1T8,_T,INST_EDU,CUR,Q,USD_PPP,NATURE,2020,,O,6,0,2020,A14
OECD.EDU.IMEP:DSD_EAG_UOE_FIN@DF_UOE_FIN_NATURE_CUR_CAP(3.1),IND,EXP,ISCED11_1T8,_T,INST_EDU,CUR,Q,USD_PPP,NATURE,2021,,O,6,0,2020,A14
OECD.EDU.IMEP:DSD_EAG_UOE_FIN@DF_UOE_FIN_NATURE_CUR_CAP(3.1),PER,EXP,ISCED11_1T8,_T,INST_EDU,CUR,Q,USD_PPP,NATURE,2015,,O,6,0,2020,A14
OECD.EDU.IMEP:DSD_EAG_UOE_FIN@DF_UOE_FIN_NATURE_CUR_CAP(3.1),PER,EXP,ISCED11_1T8,_T,INST_EDU,CUR,Q,USD_PPP,NATURE,2016,,O,6,0,2020,A14
OECD.EDU.IMEP:DSD_EAG_UOE_FIN@DF_UOE_FIN_NATURE_CUR_CAP(3.1),PER,EXP,ISCED11_1T8,_T,INST_EDU,CUR,Q,USD_PPP,NATURE,2017,,O,6,0,2020,A14
OECD.EDU.IMEP:DSD_EAG_UOE_FIN@DF_UOE_FIN_NATURE_CUR_CAP(3.1),PER,EXP,ISCED11_1T8,_T,INST_EDU,CUR,Q,USD_PPP,NATURE,2018,,O,6,0,2020,A14
OECD.EDU.IMEP:DSD_EAG_UOE_FIN@DF_UOE_FIN_NATURE_CUR_CAP(3.1),PER,EXP,ISCED11_1T8,_T,INST_EDU,CUR,Q,USD_PPP,NATURE,2019,,O,6,0,2020,A14
OECD.EDU.IMEP:DSD_EAG_UOE_FIN@DF_UOE_FIN_NATURE_CUR_CAP(3.1),PER,EXP,ISCED11_1T8,_T,INST_EDU,CUR,Q,USD_PPP,NATURE,2020,,O,6,0,2020,A14
OECD.EDU.IMEP:DSD_EAG_UOE_FIN@DF_UOE_FIN_NATURE_CUR_CAP(3.1),PER,EXP,ISCED11_1T8,_T,INST_EDU,CUR,Q,USD_PPP,NATURE,2021,,O,6,0,2020,A14
OECD.EDU.IMEP:DSD_EAG_UOE_FIN@DF_UOE_FIN_NATURE_CUR_CAP(3.1),ARG,EXP,ISCED11_1T8,_T,INST_EDU,CUR,Q,USD_PPP,NATURE,2019,,O,6,0,2020,A14
OECD.EDU.IMEP:DSD_EAG_UOE_FIN@DF_UOE_FIN_NATURE_CUR_CAP(3.1),ARG,EXP,ISCED11_1T8,_T,INST_EDU,CUR,Q,USD_PPP,NATURE,2020,,O,6,0,2020,A14
OECD.EDU.IMEP:DSD_EAG_UOE_FIN@DF_UOE_FIN_NATURE_CUR_CAP(3.1),ARG,EXP,ISCED11_1T8,_T,INST_EDU,CUR,Q,USD_PPP,NATURE,2021,,O,6,0,2020,A14
OECD.EDU.IMEP:DSD_EAG_UOE_FIN@DF_UOE_FIN_NATURE_CUR_CAP(3.1),ARG,EXP,ISCED11_1T8,_T,INST_EDU,CUR,Q,USD_PPP,NATURE,2022,,O,6,0,2020,A14
OECD.EDU.IMEP:DSD_EAG_UOE_FIN@DF_UOE_FIN_NATURE_CUR_CAP(3.1),MEX,EXP,ISCED11_1T8,_T,INST_EDU,CUR,Q,USD_PPP,NATURE,2015,,O,6,0,2020,A14
OECD.EDU.IMEP:DSD_EAG_UOE_FIN@DF_UOE_FIN_NATURE_CUR_CAP(3.1),MEX,EXP,ISCED11_1T8,_T,INST_EDU,CUR,Q,USD_PPP,NATURE,2016,,O,6,0,2020,A14
OECD.EDU.IMEP:DSD_EAG_UOE_FIN@DF_UOE_FIN_NATURE_CUR_CAP(3.1),IDN,EXP,ISCED11_1T8,_T,INST_EDU,CUR,Q,USD_PPP,NATURE,2016,,O,6,0,2020,A14
OECD.EDU.IMEP:DSD_EAG_UOE_FIN@DF_UOE_FIN_NATURE_CUR_CAP(3.1),IDN,EXP,ISCED11_1T8,_T,INST_EDU,CUR,Q,USD_PPP,NATURE,2017,,O,6,0,2020,A14
OECD.EDU.IMEP:DSD_EAG_UOE_FIN@DF_UOE_FIN_NATURE_CUR_CAP(3.1),IDN,EXP,ISCED11_1T8,_T,INST_EDU,CUR,Q,USD_PPP,NATURE,2018,,O,6,0,2020,A14
OECD.EDU.IMEP:DSD_EAG_UOE_FIN@DF_UOE_FIN_NATURE_CUR_CAP(3.1),IDN,EXP,ISCED11_1T8,_T,INST_EDU,CUR,Q,USD_PPP,NATURE,2019,,O,6,0,2020,A14
OECD.EDU.IMEP:DSD_EAG_UOE_FIN@DF_UOE_FIN_NATURE_CUR_CAP(3.1),AUS,EXP,ISCED11_1T8,_T,INST_EDU,CUR,Q,USD_PPP,NATURE,2016,,O,6,0,2020,A14
OECD.EDU.IMEP:DSD_EAG_UOE_FIN@DF_UOE_FIN_NATURE_CUR_CAP(3.1),SVK,EXP,ISCED11_1T8,_T,INST_EDU,CUR,Q,USD_PPP,NATURE,2016,,O,6,0,2020,A14
OECD.EDU.IMEP:DSD_EAG_UOE_FIN@DF_UOE_FIN_NATURE_CUR_CAP(3.1),SVK,EXP,ISCED11_1T8,_T,INST_EDU,CUR,Q,USD_PPP,NATURE,2017,,O,6,0,2020,A14
OECD.EDU.IMEP:DSD_EAG_UOE_FIN@DF_UOE_FIN_NATURE_CUR_CAP(3.1),DNK,EXP,ISCED11_1T8,_T,INST_EDU,CUR,Q,USD_PPP,NATURE,2015,,O,6,0,2020,A14
OECD.EDU.IMEP:DSD_EAG_UOE_FIN@DF_UOE_FIN_NATURE_CUR_CAP(3.1),ISL,EXP,ISCED11_1T8,_T,INST_EDU,CUR,Q,USD_PPP,NATURE,2015,,O,6,0,2020,A14
OECD.EDU.IMEP:DSD_EAG_UOE_FIN@DF_UOE_FIN_NATURE_CUR_CAP(3.1),CHL,EXP,ISCED11_1T8,_T,INST_EDU,CUR,Q,USD_PPP,NATURE,2015,,K,6,0,2020,A14
OECD.EDU.IMEP:DSD_EAG_UOE_FIN@DF_UOE_FIN_NATURE_CUR_CAP(3.1),CZE,EXP,ISCED11_1T8,_T,INST_EDU,CUR,Q,USD_PPP,NATURE,2015,,K,6,0,2020,A14
OECD.EDU.IMEP:DSD_EAG_UOE_FIN@DF_UOE_FIN_NATURE_CUR_CAP(3.1),ISR,EXP,ISCED11_1T8,_T,INST_EDU,CUR,Q,USD_PPP,NATURE,2015,,K,6,0,2020,A14
OECD.EDU.IMEP:DSD_EAG_UOE_FIN@DF_UOE_FIN_NATURE_CUR_CAP(3.1),ISR,EXP,ISCED11_1T8,_T,INST_EDU,CUR,Q,USD_PPP,NATURE,2020,,K,6,0,2020,A14
OECD.EDU.IMEP:DSD_EAG_UOE_FIN@DF_UOE_FIN_NATURE_CUR_CAP(3.1),SVK,EXP,ISCED11_1T8,_T,INST_EDU,CUR,Q,USD_PPP,NATURE,2015,,K,6,0,2020,A14
OECD.EDU.IMEP:DSD_EAG_UOE_FIN@DF_UOE_FIN_NATURE_CUR_CAP(3.1),MEX,EXP,ISCED11_1T8,_T,INST_EDU,CUR,Q,USD_PPP,NATURE,2017,,K,6,0,2020,A14
OECD.EDU.IMEP:DSD_EAG_UOE_FIN@DF_UOE_FIN_NATURE_CUR_CAP(3.1),MEX,EXP,ISCED11_1T8,_T,INST_EDU,CUR,Q,USD_PPP,NATURE,2018,,K,6,0,2020,A14
OECD.EDU.IMEP:DSD_EAG_UOE_FIN@DF_UOE_FIN_NATURE_CUR_CAP(3.1),MEX,EXP,ISCED11_1T8,_T,INST_EDU,CUR,Q,USD_PPP,NATURE,2019,,K,6,0,2020,A14
OECD.EDU.IMEP:DSD_EAG_UOE_FIN@DF_UOE_FIN_NATURE_CUR_CAP(3.1),MEX,EXP,ISCED11_1T8,_T,INST_EDU,CUR,Q,USD_PPP,NATURE,2020,,K,6,0,2020,A14
OECD.EDU.IMEP:DSD_EAG_UOE_FIN@DF_UOE_FIN_NATURE_CUR_CAP(3.1),MEX,EXP,ISCED11_1T8,_T,INST_EDU,CUR,Q,USD_PPP,NATURE,2021,,K,6,0,2020,A14
OECD.EDU.IMEP:DSD_EAG_UOE_FIN@DF_UOE_FIN_NATURE_CUR_CAP(3.1),MEX,EXP,ISCED11_1T8,_T,INST_EDU,CUR,Q,USD_PPP,NATURE,2022,,K,6,0,2020,A14
OECD.EDU.IMEP:DSD_EAG_UOE_FIN@DF_UOE_FIN_NATURE_CUR_CAP(3.1),CHL,EXP,ISCED11_1T8,_T,INST_EDU,CAP,Q,USD_PPP,NATURE,2015,,K,6,0,2020,A15
OECD.EDU.IMEP:DSD_EAG_UOE_FIN@DF_UOE_FIN_NATURE_CUR_CAP(3.1),CZE,EXP,ISCED11_1T8,_T,INST_EDU,CAP,Q,USD_PPP,NATURE,2015,,K,6,0,2020,A15
OECD.EDU.IMEP:DSD_EAG_UOE_FIN@DF_UOE_FIN_NATURE_CUR_CAP(3.1),ISL,EXP,ISCED11_1T8,_T,INST_EDU,CAP,Q,USD_PPP,NATURE,2016,,K,6,0,2020,A15
OECD.EDU.IMEP:DSD_EAG_UOE_FIN@DF_UOE_FIN_NATURE_CUR_CAP(3.1),ISL,EXP,ISCED11_1T8,_T,INST_EDU,CAP,Q,USD_PPP,NATURE,2018,,K,6,0,2020,A15
OECD.EDU.IMEP:DSD_EAG_UOE_FIN@DF_UOE_FIN_NATURE_CUR_CAP(3.1),ISR,EXP,ISCED11_1T8,_T,INST_EDU,CAP,Q,USD_PPP,NATURE,2015,,K,6,0,2020,A15
OECD.EDU.IMEP:DSD_EAG_UOE_FIN@DF_UOE_FIN_NATURE_CUR_CAP(3.1),ISR,EXP,ISCED11_1T8,_T,INST_EDU,CAP,Q,USD_PPP,NATURE,2020,,K,6,0,2020,A15
OECD.EDU.IMEP:DSD_EAG_UOE_FIN@DF_UOE_FIN_NATURE_CUR_CAP(3.1),SVK,EXP,ISCED11_1T8,_T,INST_EDU,CAP,Q,USD_PPP,NATURE,2015,,K,6,0,2020,A15
OECD.EDU.IMEP:DSD_EAG_UOE_FIN@DF_UOE_FIN_NATURE_CUR_CAP(3.1),MEX,EXP,ISCED11_1T8,_T,INST_EDU,CAP,Q,USD_PPP,NATURE,2017,,K,6,0,2020,A15
OECD.EDU.IMEP:DSD_EAG_UOE_FIN@DF_UOE_FIN_NATURE_CUR_CAP(3.1),MEX,EXP,ISCED11_1T8,_T,INST_EDU,CAP,Q,USD_PPP,NATURE,2018,,K,6,0,2020,A15
OECD.EDU.IMEP:DSD_EAG_UOE_FIN@DF_UOE_FIN_NATURE_CUR_CAP(3.1),MEX,EXP,ISCED11_1T8,_T,INST_EDU,CAP,Q,USD_PPP,NATURE,2019,,K,6,0,2020,A15
OECD.EDU.IMEP:DSD_EAG_UOE_FIN@DF_UOE_FIN_NATURE_CUR_CAP(3.1),MEX,EXP,ISCED11_1T8,_T,INST_EDU,CAP,Q,USD_PPP,NATURE,2020,,K,6,0,2020,A15
OECD.EDU.IMEP:DSD_EAG_UOE_FIN@DF_UOE_FIN_NATURE_CUR_CAP(3.1),MEX,EXP,ISCED11_1T8,_T,INST_EDU,CAP,Q,USD_PPP,NATURE,2021,,K,6,0,2020,A15
OECD.EDU.IMEP:DSD_EAG_UOE_FIN@DF_UOE_FIN_NATURE_CUR_CAP(3.1),MEX,EXP,ISCED11_1T8,_T,INST_EDU,CAP,Q,USD_PPP,NATURE,2022,,K,6,0,2020,A15
OECD.EDU.IMEP:DSD_EAG_UOE_FIN@DF_UOE_FIN_NATURE_CUR_CAP(3.1),EU25,EXP,ISCED11_1T8,_T,INST_EDU,CUR,Q,USD_PPP,NATURE,2023,,O,6,0,2020,A14
OECD.EDU.IMEP:DSD_EAG_UOE_FIN@DF_UOE_FIN_NATURE_CUR_CAP(3.1),EU25,EXP,ISCED11_1T8,_T,INST_EDU,CAP,Q,USD_PPP,NATURE,2023,,O,6,0,2020,A15
OECD.EDU.IMEP:DSD_EAG_UOE_FIN@DF_UOE_FIN_NATURE_CUR_CAP(3.1),G20,EXP,ISCED11_1T8,_T,INST_EDU,CUR,Q,USD_PPP,NATURE,2015,,O,6,0,2020,A14
OECD.EDU.IMEP:DSD_EAG_UOE_FIN@DF_UOE_FIN_NATURE_CUR_CAP(3.1),G20,EXP,ISCED11_1T8,_T,INST_EDU,CUR,Q,USD_PPP,NATURE,2016,,O,6,0,2020,A14
OECD.EDU.IMEP:DSD_EAG_UOE_FIN@DF_UOE_FIN_NATURE_CUR_CAP(3.1),G20,EXP,ISCED11_1T8,_T,INST_EDU,CUR,Q,USD_PPP,NATURE,2017,,O,6,0,2020,A14
OECD.EDU.IMEP:DSD_EAG_UOE_FIN@DF_UOE_FIN_NATURE_CUR_CAP(3.1),G20,EXP,ISCED11_1T8,_T,INST_EDU,CUR,Q,USD_PPP,NATURE,2018,,O,6,0,2020,A14
OECD.EDU.IMEP:DSD_EAG_UOE_FIN@DF_UOE_FIN_NATURE_CUR_CAP(3.1),G20,EXP,ISCED11_1T8,_T,INST_EDU,CUR,Q,USD_PPP,NATURE,2019,,O,6,0,2020,A14
OECD.EDU.IMEP:DSD_EAG_UOE_FIN@DF_UOE_FIN_NATURE_CUR_CAP(3.1),G20,EXP,ISCED11_1T8,_T,INST_EDU,CUR,Q,USD_PPP,NATURE,2020,,O,6,0,2020,A14
OECD.EDU.IMEP:DSD_EAG_UOE_FIN@DF_UOE_FIN_NATURE_CUR_CAP(3.1),G20,EXP,ISCED11_1T8,_T,INST_EDU,CUR,Q,USD_PPP,NATURE,2021,,O,6,0,2020,A14
OECD.EDU.IMEP:DSD_EAG_UOE_FIN@DF_UOE_FIN_NATURE_CUR_CAP(3.1),G20,EXP,ISCED11_1T8,_T,INST_EDU,CUR,Q,USD_PPP,NATURE,2022,,O,6,0,2020,A14
OECD.EDU.IMEP:DSD_EAG_UOE_FIN@DF_UOE_FIN_NATURE_CUR_CAP(3.1),G20,EXP,ISCED11_1T8,_T,INST_EDU,CAP,Q,USD_PPP,NATURE,2015,,O,6,0,2020,A15
OECD.EDU.IMEP:DSD_EAG_UOE_FIN@DF_UOE_FIN_NATURE_CUR_CAP(3.1),G20,EXP,ISCED11_1T8,_T,INST_EDU,CAP,Q,USD_PPP,NATURE,2016,,O,6,0,2020,A15
OECD.EDU.IMEP:DSD_EAG_UOE_FIN@DF_UOE_FIN_NATURE_CUR_CAP(3.1),G20,EXP,ISCED11_1T8,_T,INST_EDU,CAP,Q,USD_PPP,NATURE,2017,,O,6,0,2020,A15
OECD.EDU.IMEP:DSD_EAG_UOE_FIN@DF_UOE_FIN_NATURE_CUR_CAP(3.1),G20,EXP,ISCED11_1T8,_T,INST_EDU,CAP,Q,USD_PPP,NATURE,2018,,O,6,0,2020,A15
OECD.EDU.IMEP:DSD_EAG_UOE_FIN@DF_UOE_FIN_NATURE_CUR_CAP(3.1),G20,EXP,ISCED11_1T8,_T,INST_EDU,CAP,Q,USD_PPP,NATURE,2019,,O,6,0,2020,A15
OECD.EDU.IMEP:DSD_EAG_UOE_FIN@DF_UOE_FIN_NATURE_CUR_CAP(3.1),G20,EXP,ISCED11_1T8,_T,INST_EDU,CAP,Q,USD_PPP,NATURE,2020,,O,6,0,2020,A15
OECD.EDU.IMEP:DSD_EAG_UOE_FIN@DF_UOE_FIN_NATURE_CUR_CAP(3.1),G20,EXP,ISCED11_1T8,_T,INST_EDU,CAP,Q,USD_PPP,NATURE,2021,,O,6,0,2020,A15
OECD.EDU.IMEP:DSD_EAG_UOE_FIN@DF_UOE_FIN_NATURE_CUR_CAP(3.1),G20,EXP,ISCED11_1T8,_T,INST_EDU,CAP,Q,USD_PPP,NATURE,2022,,O,6,0,2020,A15
OECD.EDU.IMEP:DSD_EAG_UOE_FIN@DF_UOE_FIN_NATURE_CUR_CAP(3.1),OECD,EXP,ISCED11_1T8,_T,INST_EDU,CUR,Q,USD_PPP,NATURE,2023,,O,6,0,2020,A14
OECD.EDU.IMEP:DSD_EAG_UOE_FIN@DF_UOE_FIN_NATURE_CUR_CAP(3.1),OECD,EXP,ISCED11_1T8,_T,INST_EDU,CAP,Q,USD_PPP,NATURE,2023,,O,6,0,2020,A15
OECD.EDU.IMEP:DSD_EAG_UOE_FIN@DF_UOE_FIN_NATURE_CUR_CAP(3.1),EU25,EXP,ISCED11_1T8,_T,INST_EDU,CAP,Q,USD_PPP,NATURE,2015,2918.34367092673,A,6,0,2020,A15
OECD.EDU.IMEP:DSD_EAG_UOE_FIN@DF_UOE_FIN_NATURE_CUR_CAP(3.1),EU25,EXP,ISCED11_1T8,_T,INST_EDU,CAP,Q,USD_PPP,NATURE,2016,2425.97791825996,A,6,0,2020,A15
OECD.EDU.IMEP:DSD_EAG_UOE_FIN@DF_UOE_FIN_NATURE_CUR_CAP(3.1),EU25,EXP,ISCED11_1T8,_T,INST_EDU,CAP,Q,USD_PPP,NATURE,2017,2460.24823223866,A,6,0,2020,A15
OECD.EDU.IMEP:DSD_EAG_UOE_FIN@DF_UOE_FIN_NATURE_CUR_CAP(3.1),EU25,EXP,ISCED11_1T8,_T,INST_EDU,CAP,Q,USD_PPP,NATURE,2018,2733.3717154608,A,6,0,2020,A15
OECD.EDU.IMEP:DSD_EAG_UOE_FIN@DF_UOE_FIN_NATURE_CUR_CAP(3.1),EU25,EXP,ISCED11_1T8,_T,INST_EDU,CAP,Q,USD_PPP,NATURE,2019,3014.68826414446,A,6,0,2020,A15
OECD.EDU.IMEP:DSD_EAG_UOE_FIN@DF_UOE_FIN_NATURE_CUR_CAP(3.1),EU25,EXP,ISCED11_1T8,_T,INST_EDU,CAP,Q,USD_PPP,NATURE,2020,3128.65881889289,A,6,0,2020,A15
OECD.EDU.IMEP:DSD_EAG_UOE_FIN@DF_UOE_FIN_NATURE_CUR_CAP(3.1),EU25,EXP,ISCED11_1T8,_T,INST_EDU,CAP,Q,USD_PPP,NATURE,2021,3348.96846224973,A,6,0,2020,A15
OECD.EDU.IMEP:DSD_EAG_UOE_FIN@DF_UOE_FIN_NATURE_CUR_CAP(3.1),EU25,EXP,ISCED11_1T8,_T,INST_EDU,CAP,Q,USD_PPP,NATURE,2022,3377.93401186798,A,6,0,2020,A15
OECD.EDU.IMEP:DSD_EAG_UOE_FIN@DF_UOE_FIN_NATURE_CUR_CAP(3.1),EU25,EXP,ISCED11_1T8,_T,INST_EDU,CUR,Q,USD_PPP,NATURE,2015,36831.9125881674,A,6,0,2020,A14
OECD.EDU.IMEP:DSD_EAG_UOE_FIN@DF_UOE_FIN_NATURE_CUR_CAP(3.1),EU25,EXP,ISCED11_1T8,_T,INST_EDU,CUR,Q,USD_PPP,NATURE,2016,35641.5192522578,A,6,0,2020,A14
OECD.EDU.IMEP:DSD_EAG_UOE_FIN@DF_UOE_FIN_NATURE_CUR_CAP(3.1),EU25,EXP,ISCED11_1T8,_T,INST_EDU,CUR,Q,USD_PPP,NATURE,2017,35656.0402682705,A,6,0,2020,A14
OECD.EDU.IMEP:DSD_EAG_UOE_FIN@DF_UOE_FIN_NATURE_CUR_CAP(3.1),EU25,EXP,ISCED11_1T8,_T,INST_EDU,CUR,Q,USD_PPP,NATURE,2018,35204.5176776797,A,6,0,2020,A14
OECD.EDU.IMEP:DSD_EAG_UOE_FIN@DF_UOE_FIN_NATURE_CUR_CAP(3.1),EU25,EXP,ISCED11_1T8,_T,INST_EDU,CUR,Q,USD_PPP,NATURE,2019,36172.8434624241,A,6,0,2020,A14
OECD.EDU.IMEP:DSD_EAG_UOE_FIN@DF_UOE_FIN_NATURE_CUR_CAP(3.1),EU25,EXP,ISCED11_1T8,_T,INST_EDU,CUR,Q,USD_PPP,NATURE,2020,36127.9568246322,A,6,0,2020,A14
OECD.EDU.IMEP:DSD_EAG_UOE_FIN@DF_UOE_FIN_NATURE_CUR_CAP(3.1),EU25,EXP,ISCED11_1T8,_T,INST_EDU,CUR,Q,USD_PPP,NATURE,2021,39076.259537229,A,6,0,2020,A14
OECD.EDU.IMEP:DSD_EAG_UOE_FIN@DF_UOE_FIN_NATURE_CUR_CAP(3.1),EU25,EXP,ISCED11_1T8,_T,INST_EDU,CUR,Q,USD_PPP,NATURE,2022,38056.894714812,A,6,0,2020,A14
OECD.EDU.IMEP:DSD_EAG_UOE_FIN@DF_UOE_FIN_NATURE_CUR_CAP(3.1),OECD,EXP,ISCED11_1T8,_T,INST_EDU,CAP,Q,USD_PPP,NATURE,2015,9439.87140961722,A,6,0,2020,A15
OECD.EDU.IMEP:DSD_EAG_UOE_FIN@DF_UOE_FIN_NATURE_CUR_CAP(3.1),OECD,EXP,ISCED11_1T8,_T,INST_EDU,CAP,Q,USD_PPP,NATURE,2016,8508.19534416499,A,6,0,2020,A15
OECD.EDU.IMEP:DSD_EAG_UOE_FIN@DF_UOE_FIN_NATURE_CUR_CAP(3.1),OECD,EXP,ISCED11_1T8,_T,INST_EDU,CAP,Q,USD_PPP,NATURE,2017,8898.34003339295,A,6,0,2020,A15
OECD.EDU.IMEP:DSD_EAG_UOE_FIN@DF_UOE_FIN_NATURE_CUR_CAP(3.1),OECD,EXP,ISCED11_1T8,_T,INST_EDU,CAP,Q,USD_PPP,NATURE,2018,9695.8616083642,A,6,0,2020,A15
OECD.EDU.IMEP:DSD_EAG_UOE_FIN@DF_UOE_FIN_NATURE_CUR_CAP(3.1),OECD,EXP,ISCED11_1T8,_T,INST_EDU,CAP,Q,USD_PPP,NATURE,2019,9649.3806073552,A,6,0,2020,A15
OECD.EDU.IMEP:DSD_EAG_UOE_FIN@DF_UOE_FIN_NATURE_CUR_CAP(3.1),OECD,EXP,ISCED11_1T8,_T,INST_EDU,CAP,Q,USD_PPP,NATURE,2020,10294.9468808164,A,6,0,2020,A15
OECD.EDU.IMEP:DSD_EAG_UOE_FIN@DF_UOE_FIN_NATURE_CUR_CAP(3.1),OECD,EXP,ISCED11_1T8,_T,INST_EDU,CAP,Q,USD_PPP,NATURE,2021,9570.28065113354,A,6,0,2020,A15
OECD.EDU.IMEP:DSD_EAG_UOE_FIN@DF_UOE_FIN_NATURE_CUR_CAP(3.1),OECD,EXP,ISCED11_1T8,_T,INST_EDU,CAP,Q,USD_PPP,NATURE,2022,5808.90311238493,A,6,0,2020,A15
OECD.EDU.IMEP:DSD_EAG_UOE_FIN@DF_UOE_FIN_NATURE_CUR_CAP(3.1),OECD,EXP,ISCED11_1T8,_T,INST_EDU,CUR,Q,USD_PPP,NATURE,2015,96319.8668959002,A,6,0,2020,A14
OECD.EDU.IMEP:DSD_EAG_UOE_FIN@DF_UOE_FIN_NATURE_CUR_CAP(3.1),OECD,EXP,ISCED11_1T8,_T,INST_EDU,CUR,Q,USD_PPP,NATURE,2016,89479.019354143,A,6,0,2020,A14
OECD.EDU.IMEP:DSD_EAG_UOE_FIN@DF_UOE_FIN_NATURE_CUR_CAP(3.1),OECD,EXP,ISCED11_1T8,_T,INST_EDU,CUR,Q,USD_PPP,NATURE,2017,88060.4727002598,A,6,0,2020,A14
OECD.EDU.IMEP:DSD_EAG_UOE_FIN@DF_UOE_FIN_NATURE_CUR_CAP(3.1),OECD,EXP,ISCED11_1T8,_T,INST_EDU,CUR,Q,USD_PPP,NATURE,2018,86667.8429021003,A,6,0,2020,A14
OECD.EDU.IMEP:DSD_EAG_UOE_FIN@DF_UOE_FIN_NATURE_CUR_CAP(3.1),OECD,EXP,ISCED11_1T8,_T,INST_EDU,CUR,Q,USD_PPP,NATURE,2019,88267.9116519454,A,6,0,2020,A14
OECD.EDU.IMEP:DSD_EAG_UOE_FIN@DF_UOE_FIN_NATURE_CUR_CAP(3.1),OECD,EXP,ISCED11_1T8,_T,INST_EDU,CUR,Q,USD_PPP,NATURE,2020,90650.0544911674,A,6,0,2020,A14
OECD.EDU.IMEP:DSD_EAG_UOE_FIN@DF_UOE_FIN_NATURE_CUR_CAP(3.1),OECD,EXP,ISCED11_1T8,_T,INST_EDU,CUR,Q,USD_PPP,NATURE,2021,90117.1012145316,A,6,0,2020,A14
OECD.EDU.IMEP:DSD_EAG_UOE_FIN@DF_UOE_FIN_NATURE_CUR_CAP(3.1),OECD,EXP,ISCED11_1T8,_T,INST_EDU,CUR,Q,USD_PPP,NATURE,2022,55272.8214301721,A,6,0,2020,A14
OECD.EDU.IMEP:DSD_EAG_UOE_FIN@DF_UOE_FIN_NATURE_CUR_CAP(3.1),AUS,EXP,ISCED11_1T8,_T,INST_EDU,CAP,Q,USD_PPP,NATURE,2022,10069.650316232,B,6,0,2020,A15
OECD.EDU.IMEP:DSD_EAG_UOE_FIN@DF_UOE_FIN_NATURE_CUR_CAP(3.1),AUS,EXP,ISCED11_1T8,_T,INST_EDU,CUR,Q,USD_PPP,NATURE,2022,69153.7874673484,B,6,0,2020,A14
OECD.EDU.IMEP:DSD_EAG_UOE_FIN@DF_UOE_FIN_NATURE_CUR_CAP(3.1),AUS,EXP,ISCED11_1T8,_T,INST_EDU,CUR,Q,USD_PPP,NATURE,2015,65031.8910977396,B,6,0,2020,A14
OECD.EDU.IMEP:DSD_EAG_UOE_FIN@DF_UOE_FIN_NATURE_CUR_CAP(3.1),AUS,EXP,ISCED11_1T8,_T,INST_EDU,CAP,Q,USD_PPP,NATURE,2015,6595.96289194141,B,6,0,2020,A15
OECD.EDU.IMEP:DSD_EAG_UOE_FIN@DF_UOE_FIN_NATURE_CUR_CAP(3.1),NOR,EXP,ISCED11_1T8,_T,INST_EDU,CAP,Q,USD_PPP,NATURE,2017,2705.33976832082,B,6,0,2020,A15
OECD.EDU.IMEP:DSD_EAG_UOE_FIN@DF_UOE_FIN_NATURE_CUR_CAP(3.1),NOR,EXP,ISCED11_1T8,_T,INST_EDU,CUR,Q,USD_PPP,NATURE,2017,17938.8583737342,B,6,0,2020,A14
OECD.EDU.IMEP:DSD_EAG_UOE_FIN@DF_UOE_FIN_NATURE_CUR_CAP(3.1),NOR,EXP,ISCED11_1T8,_T,INST_EDU,CUR,Q,USD_PPP,NATURE,2016,17230.9614718582,B,6,0,2020,A14
OECD.EDU.IMEP:DSD_EAG_UOE_FIN@DF_UOE_FIN_NATURE_CUR_CAP(3.1),NOR,EXP,ISCED11_1T8,_T,INST_EDU,CAP,Q,USD_PPP,NATURE,2016,2474.75268009799,B,6,0,2020,A15
OECD.EDU.IMEP:DSD_EAG_UOE_FIN@DF_UOE_FIN_NATURE_CUR_CAP(3.1),AUS,EXP,ISCED11_1T8,_T,INST_EDU,CAP,Q,USD_PPP,NATURE,2017,9226.06288840967,B,6,0,2020,A15
OECD.EDU.IMEP:DSD_EAG_UOE_FIN@DF_UOE_FIN_NATURE_CUR_CAP(3.1),AUS,EXP,ISCED11_1T8,_T,INST_EDU,CAP,Q,USD_PPP,NATURE,2018,10492.2996221246,B,6,0,2020,A15
OECD.EDU.IMEP:DSD_EAG_UOE_FIN@DF_UOE_FIN_NATURE_CUR_CAP(3.1),AUS,EXP,ISCED11_1T8,_T,INST_EDU,CAP,Q,USD_PPP,NATURE,2019,11009.2923682276,B,6,0,2020,A15
OECD.EDU.IMEP:DSD_EAG_UOE_FIN@DF_UOE_FIN_NATURE_CUR_CAP(3.1),AUS,EXP,ISCED11_1T8,_T,INST_EDU,CUR,Q,USD_PPP,NATURE,2017,67897.1593801412,B,6,0,2020,A14
OECD.EDU.IMEP:DSD_EAG_UOE_FIN@DF_UOE_FIN_NATURE_CUR_CAP(3.1),AUS,EXP,ISCED11_1T8,_T,INST_EDU,CUR,Q,USD_PPP,NATURE,2018,69464.7942030461,B,6,0,2020,A14
OECD.EDU.IMEP:DSD_EAG_UOE_FIN@DF_UOE_FIN_NATURE_CUR_CAP(3.1),AUS,EXP,ISCED11_1T8,_T,INST_EDU,CUR,Q,USD_PPP,NATURE,2019,70944.2195999978,B,6,0,2020,A14
OECD.EDU.IMEP:DSD_EAG_UOE_FIN@DF_UOE_FIN_NATURE_CUR_CAP(3.1),ISL,EXP,ISCED11_1T8,_T,INST_EDU,CUR,Q,USD_PPP,NATURE,2016,1043.46218997517,W,6,0,2020,A14
OECD.EDU.IMEP:DSD_EAG_UOE_FIN@DF_UOE_FIN_NATURE_CUR_CAP(3.1),ISL,EXP,ISCED11_1T8,_T,INST_EDU,CUR,Q,USD_PPP,NATURE,2017,1132.82275741355,W,6,0,2020,A14
OECD.EDU.IMEP:DSD_EAG_UOE_FIN@DF_UOE_FIN_NATURE_CUR_CAP(3.1),ISL,EXP,ISCED11_1T8,_T,INST_EDU,CUR,Q,USD_PPP,NATURE,2018,1172.04312103622,W,6,0,2020,A14
OECD.EDU.IMEP:DSD_EAG_UOE_FIN@DF_UOE_FIN_NATURE_CUR_CAP(3.1),ISL,EXP,ISCED11_1T8,_T,INST_EDU,CUR,Q,USD_PPP,NATURE,2019,1205.03974148806,W,6,0,2020,A14
OECD.EDU.IMEP:DSD_EAG_UOE_FIN@DF_UOE_FIN_NATURE_CUR_CAP(3.1),ISL,EXP,ISCED11_1T8,_T,INST_EDU,CUR,Q,USD_PPP,NATURE,2020,1242.81591121969,W,6,0,2020,A14
OECD.EDU.IMEP:DSD_EAG_UOE_FIN@DF_UOE_FIN_NATURE_CUR_CAP(3.1),ISL,EXP,ISCED11_1T8,_T,INST_EDU,CUR,Q,USD_PPP,NATURE,2021,1240.72773103448,W,6,0,2020,A14
OECD.EDU.IMEP:DSD_EAG_UOE_FIN@DF_UOE_FIN_NATURE_CUR_CAP(3.1),DEU,EXP,ISCED11_1T8,_T,INST_EDU,CAP,Q,USD_PPP,NATURE,2022,20430.7488978663,W,6,0,2020,A15
OECD.EDU.IMEP:DSD_EAG_UOE_FIN@DF_UOE_FIN_NATURE_CUR_CAP(3.1),DEU,EXP,ISCED11_1T8,_T,INST_EDU,CUR,Q,USD_PPP,NATURE,2022,204305.543237527,W,6,0,2020,A14
OECD.EDU.IMEP:DSD_EAG_UOE_FIN@DF_UOE_FIN_NATURE_CUR_CAP(3.1),DEU,EXP,ISCED11_1T8,_T,INST_EDU,CUR,Q,USD_PPP,NATURE,2021,207600.993753895,W,6,0,2020,A14
OECD.EDU.IMEP:DSD_EAG_UOE_FIN@DF_UOE_FIN_NATURE_CUR_CAP(3.1),DEU,EXP,ISCED11_1T8,_T,INST_EDU,CAP,Q,USD_PPP,NATURE,2021,20155.9045894718,W,6,0,2020,A15
OECD.EDU.IMEP:DSD_EAG_UOE_FIN@DF_UOE_FIN_NATURE_CUR_CAP(3.1),DEU,EXP,ISCED11_1T8,_T,INST_EDU,CAP,Q,USD_PPP,NATURE,2020,20908.0550509595,W,6,0,2020,A15
OECD.EDU.IMEP:DSD_EAG_UOE_FIN@DF_UOE_FIN_NATURE_CUR_CAP(3.1),DEU,EXP,ISCED11_1T8,_T,INST_EDU,CUR,Q,USD_PPP,NATURE,2020,200726.986175011,W,6,0,2020,A14
OECD.EDU.IMEP:DSD_EAG_UOE_FIN@DF_UOE_FIN_NATURE_CUR_CAP(3.1),DEU,EXP,ISCED11_1T8,_T,INST_EDU,CUR,Q,USD_PPP,NATURE,2019,198573.308167638,W,6,0,2020,A14
OECD.EDU.IMEP:DSD_EAG_UOE_FIN@DF_UOE_FIN_NATURE_CUR_CAP(3.1),DEU,EXP,ISCED11_1T8,_T,INST_EDU,CAP,Q,USD_PPP,NATURE,2019,18273.6923775884,W,6,0,2020,A15
OECD.EDU.IMEP:DSD_EAG_UOE_FIN@DF_UOE_FIN_NATURE_CUR_CAP(3.1),PRT,EXP,ISCED11_1T8,_T,INST_EDU,CAP,Q,USD_PPP,NATURE,2015,994.484378881336,W,6,0,2020,A15
OECD.EDU.IMEP:DSD_EAG_UOE_FIN@DF_UOE_FIN_NATURE_CUR_CAP(3.1),PRT,EXP,ISCED11_1T8,_T,INST_EDU,CUR,Q,USD_PPP,NATURE,2015,16189.2792230589,W,6,0,2020,A14
OECD.EDU.IMEP:DSD_EAG_UOE_FIN@DF_UOE_FIN_NATURE_CUR_CAP(3.1),PRT,EXP,ISCED11_1T8,_T,INST_EDU,CAP,Q,USD_PPP,NATURE,2019,937.05036050125,W,6,0,2020,A15
OECD.EDU.IMEP:DSD_EAG_UOE_FIN@DF_UOE_FIN_NATURE_CUR_CAP(3.1),PRT,EXP,ISCED11_1T8,_T,INST_EDU,CUR,Q,USD_PPP,NATURE,2019,17253.9101961209,W,6,0,2020,A14
OECD.EDU.IMEP:DSD_EAG_UOE_FIN@DF_UOE_FIN_NATURE_CUR_CAP(3.1),JPN,EXP,ISCED11_1T8,_T,INST_EDU,CAP,Q,USD_PPP,NATURE,2015,28317.7932047646,W,6,0,2020,A15
OECD.EDU.IMEP:DSD_EAG_UOE_FIN@DF_UOE_FIN_NATURE_CUR_CAP(3.1),JPN,EXP,ISCED11_1T8,_T,INST_EDU,CUR,Q,USD_PPP,NATURE,2015,183763.616512522,W,6,0,2020,A14
OECD.EDU.IMEP:DSD_EAG_UOE_FIN@DF_UOE_FIN_NATURE_CUR_CAP(3.1),JPN,EXP,ISCED11_1T8,_T,INST_EDU,CUR,Q,USD_PPP,NATURE,2016,183985.03949513,W,6,0,2020,A14
OECD.EDU.IMEP:DSD_EAG_UOE_FIN@DF_UOE_FIN_NATURE_CUR_CAP(3.1),JPN,EXP,ISCED11_1T8,_T,INST_EDU,CAP,Q,USD_PPP,NATURE,2016,25044.5033879016,W,6,0,2020,A15
OECD.EDU.IMEP:DSD_EAG_UOE_FIN@DF_UOE_FIN_NATURE_CUR_CAP(3.1),JPN,EXP,ISCED11_1T8,_T,INST_EDU,CAP,Q,USD_PPP,NATURE,2017,24332.5830174167,W,6,0,2020,A15
OECD.EDU.IMEP:DSD_EAG_UOE_FIN@DF_UOE_FIN_NATURE_CUR_CAP(3.1),JPN,EXP,ISCED11_1T8,_T,INST_EDU,CUR,Q,USD_PPP,NATURE,2017,185843.106421314,W,6,0,2020,A14
OECD.EDU.IMEP:DSD_EAG_UOE_FIN@DF_UOE_FIN_NATURE_CUR_CAP(3.1),JPN,EXP,ISCED11_1T8,_T,INST_EDU,CUR,Q,USD_PPP,NATURE,2018,187752.85853912,W,6,0,2020,A14
OECD.EDU.IMEP:DSD_EAG_UOE_FIN@DF_UOE_FIN_NATURE_CUR_CAP(3.1),JPN,EXP,ISCED11_1T8,_T,INST_EDU,CAP,Q,USD_PPP,NATURE,2018,22801.7039388277,W,6,0,2020,A15
OECD.EDU.IMEP:DSD_EAG_UOE_FIN@DF_UOE_FIN_NATURE_CUR_CAP(3.1),JPN,EXP,ISCED11_1T8,_T,INST_EDU,CAP,Q,USD_PPP,NATURE,2019,26897.2717427659,W,6,0,2020,A15
OECD.EDU.IMEP:DSD_EAG_UOE_FIN@DF_UOE_FIN_NATURE_CUR_CAP(3.1),JPN,EXP,ISCED11_1T8,_T,INST_EDU,CUR,Q,USD_PPP,NATURE,2019,186925.785271755,W,6,0,2020,A14
OECD.EDU.IMEP:DSD_EAG_UOE_FIN@DF_UOE_FIN_NATURE_CUR_CAP(3.1),JPN,EXP,ISCED11_1T8,_T,INST_EDU,CUR,Q,USD_PPP,NATURE,2020,189875.046778706,W,6,0,2020,A14
OECD.EDU.IMEP:DSD_EAG_UOE_FIN@DF_UOE_FIN_NATURE_CUR_CAP(3.1),JPN,EXP,ISCED11_1T8,_T,INST_EDU,CAP,Q,USD_PPP,NATURE,2020,30463.1540943063,W,6,0,2020,A15
OECD.EDU.IMEP:DSD_EAG_UOE_FIN@DF_UOE_FIN_NATURE_CUR_CAP(3.1),JPN,EXP,ISCED11_1T8,_T,INST_EDU,CAP,Q,USD_PPP,NATURE,2021,27185.6131169023,W,6,0,2020,A15
OECD.EDU.IMEP:DSD_EAG_UOE_FIN@DF_UOE_FIN_NATURE_CUR_CAP(3.1),JPN,EXP,ISCED11_1T8,_T,INST_EDU,CUR,Q,USD_PPP,NATURE,2021,190478.216403358,W,6,0,2020,A14
OECD.EDU.IMEP:DSD_EAG_UOE_FIN@DF_UOE_FIN_NATURE_CUR_CAP(3.1),JPN,EXP,ISCED11_1T8,_T,INST_EDU,CUR,Q,USD_PPP,NATURE,2022,193505.707343827,W,6,0,2020,A14
OECD.EDU.IMEP:DSD_EAG_UOE_FIN@DF_UOE_FIN_NATURE_CUR_CAP(3.1),JPN,EXP,ISCED11_1T8,_T,INST_EDU,CAP,Q,USD_PPP,NATURE,2022,25029.255539732,W,6,0,2020,A15
OECD.EDU.IMEP:DSD_EAG_UOE_FIN@DF_UOE_FIN_NATURE_CUR_CAP(3.1),DNK,EXP,ISCED11_1T8,_T,INST_EDU,CAP,Q,USD_PPP,NATURE,2023,1297.10891827321,A,6,0,2020,A15
OECD.EDU.IMEP:DSD_EAG_UOE_FIN@DF_UOE_FIN_NATURE_CUR_CAP(3.1),AUT,EXP,ISCED11_1T8,_T,INST_EDU,CAP,Q,USD_PPP,NATURE,2016,1459.11356403664,A,6,0,2020,A15
OECD.EDU.IMEP:DSD_EAG_UOE_FIN@DF_UOE_FIN_NATURE_CUR_CAP(3.1),BEL,EXP,ISCED11_1T8,_T,INST_EDU,CAP,Q,USD_PPP,NATURE,2016,1556.53965375113,A,6,0,2020,A15
OECD.EDU.IMEP:DSD_EAG_UOE_FIN@DF_UOE_FIN_NATURE_CUR_CAP(3.1),CAN,EXP,ISCED11_1T8,_T,INST_EDU,CAP,Q,USD_PPP,NATURE,2016,8096.71314604309,A,6,0,2020,A15
OECD.EDU.IMEP:DSD_EAG_UOE_FIN@DF_UOE_FIN_NATURE_CUR_CAP(3.1),CHL,EXP,ISCED11_1T8,_T,INST_EDU,CAP,Q,USD_PPP,NATURE,2016,2750.24363551504,A,6,0,2020,A15
OECD.EDU.IMEP:DSD_EAG_UOE_FIN@DF_UOE_FIN_NATURE_CUR_CAP(3.1),CZE,EXP,ISCED11_1T8,_T,INST_EDU,CAP,Q,USD_PPP,NATURE,2016,1126.11208406343,A,6,0,2020,A15
OECD.EDU.IMEP:DSD_EAG_UOE_FIN@DF_UOE_FIN_NATURE_CUR_CAP(3.1),DNK,EXP,ISCED11_1T8,_T,INST_EDU,CAP,Q,USD_PPP,NATURE,2016,1785.83077223006,A,6,0,2020,A15
OECD.EDU.IMEP:DSD_EAG_UOE_FIN@DF_UOE_FIN_NATURE_CUR_CAP(3.1),EST,EXP,ISCED11_1T8,_T,INST_EDU,CAP,Q,USD_PPP,NATURE,2016,121.012579465465,A,6,0,2020,A15
OECD.EDU.IMEP:DSD_EAG_UOE_FIN@DF_UOE_FIN_NATURE_CUR_CAP(3.1),FIN,EXP,ISCED11_1T8,_T,INST_EDU,CAP,Q,USD_PPP,NATURE,2016,1361.88158239599,A,6,0,2020,A15
OECD.EDU.IMEP:DSD_EAG_UOE_FIN@DF_UOE_FIN_NATURE_CUR_CAP(3.1),FRA,EXP,ISCED11_1T8,_T,INST_EDU,CAP,Q,USD_PPP,NATURE,2016,13148.5765379851,A,6,0,2020,A15
OECD.EDU.IMEP:DSD_EAG_UOE_FIN@DF_UOE_FIN_NATURE_CUR_CAP(3.1),DEU,EXP,ISCED11_1T8,_T,INST_EDU,CAP,Q,USD_PPP,NATURE,2016,15048.6700203282,A,6,0,2020,A15
OECD.EDU.IMEP:DSD_EAG_UOE_FIN@DF_UOE_FIN_NATURE_CUR_CAP(3.1),GRC,EXP,ISCED11_1T8,_T,INST_EDU,CAP,Q,USD_PPP,NATURE,2016,1413.87180232752,A,6,0,2020,A15
OECD.EDU.IMEP:DSD_EAG_UOE_FIN@DF_UOE_FIN_NATURE_CUR_CAP(3.1),HUN,EXP,ISCED11_1T8,_T,INST_EDU,CAP,Q,USD_PPP,NATURE,2016,752.947777805118,A,6,0,2020,A15
OECD.EDU.IMEP:DSD_EAG_UOE_FIN@DF_UOE_FIN_NATURE_CUR_CAP(3.1),ISR,EXP,ISCED11_1T8,_T,INST_EDU,CAP,Q,USD_PPP,NATURE,2016,1135.41879888907,A,6,0,2020,A15
OECD.EDU.IMEP:DSD_EAG_UOE_FIN@DF_UOE_FIN_NATURE_CUR_CAP(3.1),ITA,EXP,ISCED11_1T8,_T,INST_EDU,CAP,Q,USD_PPP,NATURE,2016,4172.17253701503,A,6,0,2020,A15
OECD.EDU.IMEP:DSD_EAG_UOE_FIN@DF_UOE_FIN_NATURE_CUR_CAP(3.1),KOR,EXP,ISCED11_1T8,_T,INST_EDU,CAP,Q,USD_PPP,NATURE,2016,13081.5395582604,A,6,0,2020,A15
OECD.EDU.IMEP:DSD_EAG_UOE_FIN@DF_UOE_FIN_NATURE_CUR_CAP(3.1),LVA,EXP,ISCED11_1T8,_T,INST_EDU,CAP,Q,USD_PPP,NATURE,2016,218.005589672661,A,6,0,2020,A15
OECD.EDU.IMEP:DSD_EAG_UOE_FIN@DF_UOE_FIN_NATURE_CUR_CAP(3.1),LTU,EXP,ISCED11_1T8,_T,INST_EDU,CAP,Q,USD_PPP,NATURE,2016,264.700553825012,A,6,0,2020,A15
OECD.EDU.IMEP:DSD_EAG_UOE_FIN@DF_UOE_FIN_NATURE_CUR_CAP(3.1),LUX,EXP,ISCED11_1T8,_T,INST_EDU,CAP,Q,USD_PPP,NATURE,2016,169.298561614818,A,6,0,2020,A15
OECD.EDU.IMEP:DSD_EAG_UOE_FIN@DF_UOE_FIN_NATURE_CUR_CAP(3.1),POL,EXP,ISCED11_1T8,_T,INST_EDU,CAP,Q,USD_PPP,NATURE,2016,3143.37555418209,A,6,0,2020,A15
OECD.EDU.IMEP:DSD_EAG_UOE_FIN@DF_UOE_FIN_NATURE_CUR_CAP(3.1),PRT,EXP,ISCED11_1T8,_T,INST_EDU,CAP,Q,USD_PPP,NATURE,2016,698.899428541908,A,6,0,2020,A15
OECD.EDU.IMEP:DSD_EAG_UOE_FIN@DF_UOE_FIN_NATURE_CUR_CAP(3.1),SVN,EXP,ISCED11_1T8,_T,INST_EDU,CAP,Q,USD_PPP,NATURE,2016,226.330404924975,A,6,0,2020,A15
OECD.EDU.IMEP:DSD_EAG_UOE_FIN@DF_UOE_FIN_NATURE_CUR_CAP(3.1),ESP,EXP,ISCED11_1T8,_T,INST_EDU,CAP,Q,USD_PPP,NATURE,2016,4028.2637522035,A,6,0,2020,A15
OECD.EDU.IMEP:DSD_EAG_UOE_FIN@DF_UOE_FIN_NATURE_CUR_CAP(3.1),SWE,EXP,ISCED11_1T8,_T,INST_EDU,CAP,Q,USD_PPP,NATURE,2016,1510.41250959281,A,6,0,2020,A15
OECD.EDU.IMEP:DSD_EAG_UOE_FIN@DF_UOE_FIN_NATURE_CUR_CAP(3.1),TUR,EXP,ISCED11_1T8,_T,INST_EDU,CAP,Q,USD_PPP,NATURE,2016,16602.6021870942,A,6,0,2020,A15
OECD.EDU.IMEP:DSD_EAG_UOE_FIN@DF_UOE_FIN_NATURE_CUR_CAP(3.1),GBR,EXP,ISCED11_1T8,_T,INST_EDU,CAP,Q,USD_PPP,NATURE,2016,8368.90964093586,A,6,0,2020,A15
OECD.EDU.IMEP:DSD_EAG_UOE_FIN@DF_UOE_FIN_NATURE_CUR_CAP(3.1),USA,EXP,ISCED11_1T8,_T,INST_EDU,CAP,Q,USD_PPP,NATURE,2016,108468.771335921,A,6,0,2020,A15
OECD.EDU.IMEP:DSD_EAG_UOE_FIN@DF_UOE_FIN_NATURE_CUR_CAP(3.1),ARG,EXP,ISCED11_1T8,_T,INST_EDU,CAP,Q,USD_PPP,NATURE,2016,21288.5491787221,A,6,0,2020,A15
OECD.EDU.IMEP:DSD_EAG_UOE_FIN@DF_UOE_FIN_NATURE_CUR_CAP(3.1),BGR,EXP,ISCED11_1T8,_T,INST_EDU,CAP,Q,USD_PPP,NATURE,2016,327.452305066139,A,6,0,2020,A15
OECD.EDU.IMEP:DSD_EAG_UOE_FIN@DF_UOE_FIN_NATURE_CUR_CAP(3.1),HRV,EXP,ISCED11_1T8,_T,INST_EDU,CAP,Q,USD_PPP,NATURE,2016,198.599377949745,A,6,0,2020,A15
OECD.EDU.IMEP:DSD_EAG_UOE_FIN@DF_UOE_FIN_NATURE_CUR_CAP(3.1),ROU,EXP,ISCED11_1T8,_T,INST_EDU,CAP,Q,USD_PPP,NATURE,2016,639.447252741875,A,6,0,2020,A15
OECD.EDU.IMEP:DSD_EAG_UOE_FIN@DF_UOE_FIN_NATURE_CUR_CAP(3.1),AUT,EXP,ISCED11_1T8,_T,INST_EDU,CAP,Q,USD_PPP,NATURE,2015,1272.71110995994,A,6,0,2020,A15
OECD.EDU.IMEP:DSD_EAG_UOE_FIN@DF_UOE_FIN_NATURE_CUR_CAP(3.1),BEL,EXP,ISCED11_1T8,_T,INST_EDU,CAP,Q,USD_PPP,NATURE,2015,1320.0692839349,A,6,0,2020,A15
OECD.EDU.IMEP:DSD_EAG_UOE_FIN@DF_UOE_FIN_NATURE_CUR_CAP(3.1),CAN,EXP,ISCED11_1T8,_T,INST_EDU,CAP,Q,USD_PPP,NATURE,2015,8331.9781478587,A,6,0,2020,A15
OECD.EDU.IMEP:DSD_EAG_UOE_FIN@DF_UOE_FIN_NATURE_CUR_CAP(3.1),EST,EXP,ISCED11_1T8,_T,INST_EDU,CAP,Q,USD_PPP,NATURE,2015,209.261799791919,A,6,0,2020,A15
OECD.EDU.IMEP:DSD_EAG_UOE_FIN@DF_UOE_FIN_NATURE_CUR_CAP(3.1),FIN,EXP,ISCED11_1T8,_T,INST_EDU,CAP,Q,USD_PPP,NATURE,2015,1366.13306423915,A,6,0,2020,A15
OECD.EDU.IMEP:DSD_EAG_UOE_FIN@DF_UOE_FIN_NATURE_CUR_CAP(3.1),FRA,EXP,ISCED11_1T8,_T,INST_EDU,CAP,Q,USD_PPP,NATURE,2015,13958.0950951574,A,6,0,2020,A15
OECD.EDU.IMEP:DSD_EAG_UOE_FIN@DF_UOE_FIN_NATURE_CUR_CAP(3.1),DEU,EXP,ISCED11_1T8,_T,INST_EDU,CAP,Q,USD_PPP,NATURE,2015,14976.2803506645,A,6,0,2020,A15
OECD.EDU.IMEP:DSD_EAG_UOE_FIN@DF_UOE_FIN_NATURE_CUR_CAP(3.1),GRC,EXP,ISCED11_1T8,_T,INST_EDU,CAP,Q,USD_PPP,NATURE,2015,1427.20728609709,A,6,0,2020,A15
OECD.EDU.IMEP:DSD_EAG_UOE_FIN@DF_UOE_FIN_NATURE_CUR_CAP(3.1),HUN,EXP,ISCED11_1T8,_T,INST_EDU,CAP,Q,USD_PPP,NATURE,2015,579.670958823532,A,6,0,2020,A15
OECD.EDU.IMEP:DSD_EAG_UOE_FIN@DF_UOE_FIN_NATURE_CUR_CAP(3.1),ITA,EXP,ISCED11_1T8,_T,INST_EDU,CAP,Q,USD_PPP,NATURE,2015,5924.66338820015,A,6,0,2020,A15
OECD.EDU.IMEP:DSD_EAG_UOE_FIN@DF_UOE_FIN_NATURE_CUR_CAP(3.1),KOR,EXP,ISCED11_1T8,_T,INST_EDU,CAP,Q,USD_PPP,NATURE,2015,12013.0579396426,A,6,0,2020,A15
OECD.EDU.IMEP:DSD_EAG_UOE_FIN@DF_UOE_FIN_NATURE_CUR_CAP(3.1),LVA,EXP,ISCED11_1T8,_T,INST_EDU,CAP,Q,USD_PPP,NATURE,2015,604.944160123202,A,6,0,2020,A15
OECD.EDU.IMEP:DSD_EAG_UOE_FIN@DF_UOE_FIN_NATURE_CUR_CAP(3.1),LTU,EXP,ISCED11_1T8,_T,INST_EDU,CAP,Q,USD_PPP,NATURE,2015,552.72761558851,A,6,0,2020,A15
OECD.EDU.IMEP:DSD_EAG_UOE_FIN@DF_UOE_FIN_NATURE_CUR_CAP(3.1),LUX,EXP,ISCED11_1T8,_T,INST_EDU,CAP,Q,USD_PPP,NATURE,2015,224.819413991874,A,6,0,2020,A15
OECD.EDU.IMEP:DSD_EAG_UOE_FIN@DF_UOE_FIN_NATURE_CUR_CAP(3.1),NLD,EXP,ISCED11_1T8,_T,INST_EDU,CAP,Q,USD_PPP,NATURE,2015,5667.52296096302,A,6,0,2020,A15
OECD.EDU.IMEP:DSD_EAG_UOE_FIN@DF_UOE_FIN_NATURE_CUR_CAP(3.1),NOR,EXP,ISCED11_1T8,_T,INST_EDU,CAP,Q,USD_PPP,NATURE,2015,2341.08713919537,A,6,0,2020,A15
OECD.EDU.IMEP:DSD_EAG_UOE_FIN@DF_UOE_FIN_NATURE_CUR_CAP(3.1),POL,EXP,ISCED11_1T8,_T,INST_EDU,CAP,Q,USD_PPP,NATURE,2015,4590.73396531311,A,6,0,2020,A15
OECD.EDU.IMEP:DSD_EAG_UOE_FIN@DF_UOE_FIN_NATURE_CUR_CAP(3.1),SVN,EXP,ISCED11_1T8,_T,INST_EDU,CAP,Q,USD_PPP,NATURE,2015,281.865387819625,A,6,0,2020,A15
OECD.EDU.IMEP:DSD_EAG_UOE_FIN@DF_UOE_FIN_NATURE_CUR_CAP(3.1),ESP,EXP,ISCED11_1T8,_T,INST_EDU,CAP,Q,USD_PPP,NATURE,2015,4516.52147749373,A,6,0,2020,A15
OECD.EDU.IMEP:DSD_EAG_UOE_FIN@DF_UOE_FIN_NATURE_CUR_CAP(3.1),SWE,EXP,ISCED11_1T8,_T,INST_EDU,CAP,Q,USD_PPP,NATURE,2015,1533.85044580691,A,6,0,2020,A15
OECD.EDU.IMEP:DSD_EAG_UOE_FIN@DF_UOE_FIN_NATURE_CUR_CAP(3.1),TUR,EXP,ISCED11_1T8,_T,INST_EDU,CAP,Q,USD_PPP,NATURE,2015,16506.1715970597,A,6,0,2020,A15
OECD.EDU.IMEP:DSD_EAG_UOE_FIN@DF_UOE_FIN_NATURE_CUR_CAP(3.1),GBR,EXP,ISCED11_1T8,_T,INST_EDU,CAP,Q,USD_PPP,NATURE,2015,6934.09193430634,A,6,0,2020,A15
OECD.EDU.IMEP:DSD_EAG_UOE_FIN@DF_UOE_FIN_NATURE_CUR_CAP(3.1),USA,EXP,ISCED11_1T8,_T,INST_EDU,CAP,Q,USD_PPP,NATURE,2015,104394.951652429,A,6,0,2020,A15
OECD.EDU.IMEP:DSD_EAG_UOE_FIN@DF_UOE_FIN_NATURE_CUR_CAP(3.1),ARG,EXP,ISCED11_1T8,_T,INST_EDU,CAP,Q,USD_PPP,NATURE,2015,22138.6078882799,A,6,0,2020,A15
OECD.EDU.IMEP:DSD_EAG_UOE_FIN@DF_UOE_FIN_NATURE_CUR_CAP(3.1),BGR,EXP,ISCED11_1T8,_T,INST_EDU,CAP,Q,USD_PPP,NATURE,2015,436.518926484002,A,6,0,2020,A15
OECD.EDU.IMEP:DSD_EAG_UOE_FIN@DF_UOE_FIN_NATURE_CUR_CAP(3.1),HRV,EXP,ISCED11_1T8,_T,INST_EDU,CAP,Q,USD_PPP,NATURE,2015,219.236858980136,A,6,0,2020,A15
OECD.EDU.IMEP:DSD_EAG_UOE_FIN@DF_UOE_FIN_NATURE_CUR_CAP(3.1),IDN,EXP,ISCED11_1T8,_T,INST_EDU,CAP,Q,USD_PPP,NATURE,2015,10567.3856450678,A,6,0,2020,A15
OECD.EDU.IMEP:DSD_EAG_UOE_FIN@DF_UOE_FIN_NATURE_CUR_CAP(3.1),ROU,EXP,ISCED11_1T8,_T,INST_EDU,CAP,Q,USD_PPP,NATURE,2015,627.899161147331,A,6,0,2020,A15
OECD.EDU.IMEP:DSD_EAG_UOE_FIN@DF_UOE_FIN_NATURE_CUR_CAP(3.1),AUT,EXP,ISCED11_1T8,_T,INST_EDU,CAP,Q,USD_PPP,NATURE,2018,1675.7272065954,A,6,0,2020,A15
OECD.EDU.IMEP:DSD_EAG_UOE_FIN@DF_UOE_FIN_NATURE_CUR_CAP(3.1),BEL,EXP,ISCED11_1T8,_T,INST_EDU,CAP,Q,USD_PPP,NATURE,2018,1574.30523965048,A,6,0,2020,A15
OECD.EDU.IMEP:DSD_EAG_UOE_FIN@DF_UOE_FIN_NATURE_CUR_CAP(3.1),CAN,EXP,ISCED11_1T8,_T,INST_EDU,CAP,Q,USD_PPP,NATURE,2018,9391.70660806228,A,6,0,2020,A15
OECD.EDU.IMEP:DSD_EAG_UOE_FIN@DF_UOE_FIN_NATURE_CUR_CAP(3.1),CHL,EXP,ISCED11_1T8,_T,INST_EDU,CAP,Q,USD_PPP,NATURE,2018,1516.47688912397,A,6,0,2020,A15
OECD.EDU.IMEP:DSD_EAG_UOE_FIN@DF_UOE_FIN_NATURE_CUR_CAP(3.1),CZE,EXP,ISCED11_1T8,_T,INST_EDU,CAP,Q,USD_PPP,NATURE,2018,1498.42520955606,A,6,0,2020,A15
OECD.EDU.IMEP:DSD_EAG_UOE_FIN@DF_UOE_FIN_NATURE_CUR_CAP(3.1),DNK,EXP,ISCED11_1T8,_T,INST_EDU,CAP,Q,USD_PPP,NATURE,2018,1319.92545306703,A,6,0,2020,A15
OECD.EDU.IMEP:DSD_EAG_UOE_FIN@DF_UOE_FIN_NATURE_CUR_CAP(3.1),EST,EXP,ISCED11_1T8,_T,INST_EDU,CAP,Q,USD_PPP,NATURE,2018,309.092627467136,A,6,0,2020,A15
OECD.EDU.IMEP:DSD_EAG_UOE_FIN@DF_UOE_FIN_NATURE_CUR_CAP(3.1),FIN,EXP,ISCED11_1T8,_T,INST_EDU,CAP,Q,USD_PPP,NATURE,2018,1287.61891600568,A,6,0,2020,A15
OECD.EDU.IMEP:DSD_EAG_UOE_FIN@DF_UOE_FIN_NATURE_CUR_CAP(3.1),FRA,EXP,ISCED11_1T8,_T,INST_EDU,CAP,Q,USD_PPP,NATURE,2018,14474.1915767955,A,6,0,2020,A15
OECD.EDU.IMEP:DSD_EAG_UOE_FIN@DF_UOE_FIN_NATURE_CUR_CAP(3.1),DEU,EXP,ISCED11_1T8,_T,INST_EDU,CAP,Q,USD_PPP,NATURE,2018,16386.8581234691,A,6,0,2020,A15
OECD.EDU.IMEP:DSD_EAG_UOE_FIN@DF_UOE_FIN_NATURE_CUR_CAP(3.1),GRC,EXP,ISCED11_1T8,_T,INST_EDU,CAP,Q,USD_PPP,NATURE,2018,1529.32961543913,A,6,0,2020,A15
OECD.EDU.IMEP:DSD_EAG_UOE_FIN@DF_UOE_FIN_NATURE_CUR_CAP(3.1),HUN,EXP,ISCED11_1T8,_T,INST_EDU,CAP,Q,USD_PPP,NATURE,2018,1358.41974672231,A,6,0,2020,A15
OECD.EDU.IMEP:DSD_EAG_UOE_FIN@DF_UOE_FIN_NATURE_CUR_CAP(3.1),ISR,EXP,ISCED11_1T8,_T,INST_EDU,CAP,Q,USD_PPP,NATURE,2018,2230.76070438193,A,6,0,2020,A15
OECD.EDU.IMEP:DSD_EAG_UOE_FIN@DF_UOE_FIN_NATURE_CUR_CAP(3.1),ITA,EXP,ISCED11_1T8,_T,INST_EDU,CAP,Q,USD_PPP,NATURE,2018,3558.08043897164,A,6,0,2020,A15
OECD.EDU.IMEP:DSD_EAG_UOE_FIN@DF_UOE_FIN_NATURE_CUR_CAP(3.1),KOR,EXP,ISCED11_1T8,_T,INST_EDU,CAP,Q,USD_PPP,NATURE,2018,15416.0911471949,A,6,0,2020,A15
OECD.EDU.IMEP:DSD_EAG_UOE_FIN@DF_UOE_FIN_NATURE_CUR_CAP(3.1),LVA,EXP,ISCED11_1T8,_T,INST_EDU,CAP,Q,USD_PPP,NATURE,2018,461.327863709496,A,6,0,2020,A15
OECD.EDU.IMEP:DSD_EAG_UOE_FIN@DF_UOE_FIN_NATURE_CUR_CAP(3.1),LTU,EXP,ISCED11_1T8,_T,INST_EDU,CAP,Q,USD_PPP,NATURE,2018,236.209023419225,A,6,0,2020,A15
OECD.EDU.IMEP:DSD_EAG_UOE_FIN@DF_UOE_FIN_NATURE_CUR_CAP(3.1),LUX,EXP,ISCED11_1T8,_T,INST_EDU,CAP,Q,USD_PPP,NATURE,2018,250.302553031842,A,6,0,2020,A15
OECD.EDU.IMEP:DSD_EAG_UOE_FIN@DF_UOE_FIN_NATURE_CUR_CAP(3.1),NOR,EXP,ISCED11_1T8,_T,INST_EDU,CAP,Q,USD_PPP,NATURE,2018,2662.80249101164,A,6,0,2020,A15
OECD.EDU.IMEP:DSD_EAG_UOE_FIN@DF_UOE_FIN_NATURE_CUR_CAP(3.1),POL,EXP,ISCED11_1T8,_T,INST_EDU,CAP,Q,USD_PPP,NATURE,2018,5519.57962873582,A,6,0,2020,A15
OECD.EDU.IMEP:DSD_EAG_UOE_FIN@DF_UOE_FIN_NATURE_CUR_CAP(3.1),PRT,EXP,ISCED11_1T8,_T,INST_EDU,CAP,Q,USD_PPP,NATURE,2018,1028.42169380555,A,6,0,2020,A15
OECD.EDU.IMEP:DSD_EAG_UOE_FIN@DF_UOE_FIN_NATURE_CUR_CAP(3.1),SVN,EXP,ISCED11_1T8,_T,INST_EDU,CAP,Q,USD_PPP,NATURE,2018,308.277391016054,A,6,0,2020,A15
OECD.EDU.IMEP:DSD_EAG_UOE_FIN@DF_UOE_FIN_NATURE_CUR_CAP(3.1),ESP,EXP,ISCED11_1T8,_T,INST_EDU,CAP,Q,USD_PPP,NATURE,2018,4603.41763868559,A,6,0,2020,A15
OECD.EDU.IMEP:DSD_EAG_UOE_FIN@DF_UOE_FIN_NATURE_CUR_CAP(3.1),SWE,EXP,ISCED11_1T8,_T,INST_EDU,CAP,Q,USD_PPP,NATURE,2018,1446.10424729595,A,6,0,2020,A15
OECD.EDU.IMEP:DSD_EAG_UOE_FIN@DF_UOE_FIN_NATURE_CUR_CAP(3.1),TUR,EXP,ISCED11_1T8,_T,INST_EDU,CAP,Q,USD_PPP,NATURE,2018,17475.0309354715,A,6,0,2020,A15
OECD.EDU.IMEP:DSD_EAG_UOE_FIN@DF_UOE_FIN_NATURE_CUR_CAP(3.1),GBR,EXP,ISCED11_1T8,_T,INST_EDU,CAP,Q,USD_PPP,NATURE,2018,19788.9759868583,A,6,0,2020,A15
OECD.EDU.IMEP:DSD_EAG_UOE_FIN@DF_UOE_FIN_NATURE_CUR_CAP(3.1),USA,EXP,ISCED11_1T8,_T,INST_EDU,CAP,Q,USD_PPP,NATURE,2018,120578.524126066,A,6,0,2020,A15
OECD.EDU.IMEP:DSD_EAG_UOE_FIN@DF_UOE_FIN_NATURE_CUR_CAP(3.1),ARG,EXP,ISCED11_1T8,_T,INST_EDU,CAP,Q,USD_PPP,NATURE,2018,1186.99200854604,A,6,0,2020,A15
OECD.EDU.IMEP:DSD_EAG_UOE_FIN@DF_UOE_FIN_NATURE_CUR_CAP(3.1),BGR,EXP,ISCED11_1T8,_T,INST_EDU,CAP,Q,USD_PPP,NATURE,2018,353.422795660716,A,6,0,2020,A15
OECD.EDU.IMEP:DSD_EAG_UOE_FIN@DF_UOE_FIN_NATURE_CUR_CAP(3.1),HRV,EXP,ISCED11_1T8,_T,INST_EDU,CAP,Q,USD_PPP,NATURE,2018,240.848962613041,A,6,0,2020,A15
OECD.EDU.IMEP:DSD_EAG_UOE_FIN@DF_UOE_FIN_NATURE_CUR_CAP(3.1),ROU,EXP,ISCED11_1T8,_T,INST_EDU,CAP,Q,USD_PPP,NATURE,2018,714.291788424745,A,6,0,2020,A15
OECD.EDU.IMEP:DSD_EAG_UOE_FIN@DF_UOE_FIN_NATURE_CUR_CAP(3.1),AUT,EXP,ISCED11_1T8,_T,INST_EDU,CAP,Q,USD_PPP,NATURE,2019,1577.47406084245,A,6,0,2020,A15
OECD.EDU.IMEP:DSD_EAG_UOE_FIN@DF_UOE_FIN_NATURE_CUR_CAP(3.1),BEL,EXP,ISCED11_1T8,_T,INST_EDU,CAP,Q,USD_PPP,NATURE,2019,1732.12525733154,A,6,0,2020,A15
OECD.EDU.IMEP:DSD_EAG_UOE_FIN@DF_UOE_FIN_NATURE_CUR_CAP(3.1),CAN,EXP,ISCED11_1T8,_T,INST_EDU,CAP,Q,USD_PPP,NATURE,2019,8143.24077587125,A,6,0,2020,A15
OECD.EDU.IMEP:DSD_EAG_UOE_FIN@DF_UOE_FIN_NATURE_CUR_CAP(3.1),CHL,EXP,ISCED11_1T8,_T,INST_EDU,CAP,Q,USD_PPP,NATURE,2019,2145.78799213327,A,6,0,2020,A15
OECD.EDU.IMEP:DSD_EAG_UOE_FIN@DF_UOE_FIN_NATURE_CUR_CAP(3.1),CZE,EXP,ISCED11_1T8,_T,INST_EDU,CAP,Q,USD_PPP,NATURE,2019,2368.17971310402,A,6,0,2020,A15
OECD.EDU.IMEP:DSD_EAG_UOE_FIN@DF_UOE_FIN_NATURE_CUR_CAP(3.1),DNK,EXP,ISCED11_1T8,_T,INST_EDU,CAP,Q,USD_PPP,NATURE,2019,1351.61345420714,A,6,0,2020,A15
OECD.EDU.IMEP:DSD_EAG_UOE_FIN@DF_UOE_FIN_NATURE_CUR_CAP(3.1),EST,EXP,ISCED11_1T8,_T,INST_EDU,CAP,Q,USD_PPP,NATURE,2019,300.230873918751,A,6,0,2020,A15
OECD.EDU.IMEP:DSD_EAG_UOE_FIN@DF_UOE_FIN_NATURE_CUR_CAP(3.1),FIN,EXP,ISCED11_1T8,_T,INST_EDU,CAP,Q,USD_PPP,NATURE,2019,1599.72305101899,A,6,0,2020,A15
OECD.EDU.IMEP:DSD_EAG_UOE_FIN@DF_UOE_FIN_NATURE_CUR_CAP(3.1),FRA,EXP,ISCED11_1T8,_T,INST_EDU,CAP,Q,USD_PPP,NATURE,2019,15869.6029551928,A,6,0,2020,A15
OECD.EDU.IMEP:DSD_EAG_UOE_FIN@DF_UOE_FIN_NATURE_CUR_CAP(3.1),GRC,EXP,ISCED11_1T8,_T,INST_EDU,CAP,Q,USD_PPP,NATURE,2019,1757.61270525556,A,6,0,2020,A15
OECD.EDU.IMEP:DSD_EAG_UOE_FIN@DF_UOE_FIN_NATURE_CUR_CAP(3.1),HUN,EXP,ISCED11_1T8,_T,INST_EDU,CAP,Q,USD_PPP,NATURE,2019,1281.58206608363,A,6,0,2020,A15
OECD.EDU.IMEP:DSD_EAG_UOE_FIN@DF_UOE_FIN_NATURE_CUR_CAP(3.1),ISL,EXP,ISCED11_1T8,_T,INST_EDU,CAP,Q,USD_PPP,NATURE,2019,65.3027705072613,A,6,0,2020,A15
OECD.EDU.IMEP:DSD_EAG_UOE_FIN@DF_UOE_FIN_NATURE_CUR_CAP(3.1),ISR,EXP,ISCED11_1T8,_T,INST_EDU,CAP,Q,USD_PPP,NATURE,2019,2087.65809246101,A,6,0,2020,A15
OECD.EDU.IMEP:DSD_EAG_UOE_FIN@DF_UOE_FIN_NATURE_CUR_CAP(3.1),ITA,EXP,ISCED11_1T8,_T,INST_EDU,CAP,Q,USD_PPP,NATURE,2019,4936.56229195344,A,6,0,2020,A15
OECD.EDU.IMEP:DSD_EAG_UOE_FIN@DF_UOE_FIN_NATURE_CUR_CAP(3.1),KOR,EXP,ISCED11_1T8,_T,INST_EDU,CAP,Q,USD_PPP,NATURE,2019,18603.1594392356,A,6,0,2020,A15
OECD.EDU.IMEP:DSD_EAG_UOE_FIN@DF_UOE_FIN_NATURE_CUR_CAP(3.1),LVA,EXP,ISCED11_1T8,_T,INST_EDU,CAP,Q,USD_PPP,NATURE,2019,485.985061114974,A,6,0,2020,A15
OECD.EDU.IMEP:DSD_EAG_UOE_FIN@DF_UOE_FIN_NATURE_CUR_CAP(3.1),LTU,EXP,ISCED11_1T8,_T,INST_EDU,CAP,Q,USD_PPP,NATURE,2019,242.832022746591,A,6,0,2020,A15
OECD.EDU.IMEP:DSD_EAG_UOE_FIN@DF_UOE_FIN_NATURE_CUR_CAP(3.1),LUX,EXP,ISCED11_1T8,_T,INST_EDU,CAP,Q,USD_PPP,NATURE,2019,273.69834637425,A,6,0,2020,A15
OECD.EDU.IMEP:DSD_EAG_UOE_FIN@DF_UOE_FIN_NATURE_CUR_CAP(3.1),NOR,EXP,ISCED11_1T8,_T,INST_EDU,CAP,Q,USD_PPP,NATURE,2019,2631.77548030015,A,6,0,2020,A15
OECD.EDU.IMEP:DSD_EAG_UOE_FIN@DF_UOE_FIN_NATURE_CUR_CAP(3.1),POL,EXP,ISCED11_1T8,_T,INST_EDU,CAP,Q,USD_PPP,NATURE,2019,4927.80257725667,A,6,0,2020,A15
OECD.EDU.IMEP:DSD_EAG_UOE_FIN@DF_UOE_FIN_NATURE_CUR_CAP(3.1),SVN,EXP,ISCED11_1T8,_T,INST_EDU,CAP,Q,USD_PPP,NATURE,2019,264.469533495623,A,6,0,2020,A15
OECD.EDU.IMEP:DSD_EAG_UOE_FIN@DF_UOE_FIN_NATURE_CUR_CAP(3.1),ESP,EXP,ISCED11_1T8,_T,INST_EDU,CAP,Q,USD_PPP,NATURE,2019,4830.36677173804,A,6,0,2020,A15
OECD.EDU.IMEP:DSD_EAG_UOE_FIN@DF_UOE_FIN_NATURE_CUR_CAP(3.1),SWE,EXP,ISCED11_1T8,_T,INST_EDU,CAP,Q,USD_PPP,NATURE,2019,1540.23478381425,A,6,0,2020,A15
OECD.EDU.IMEP:DSD_EAG_UOE_FIN@DF_UOE_FIN_NATURE_CUR_CAP(3.1),TUR,EXP,ISCED11_1T8,_T,INST_EDU,CAP,Q,USD_PPP,NATURE,2019,13408.6229343006,A,6,0,2020,A15
OECD.EDU.IMEP:DSD_EAG_UOE_FIN@DF_UOE_FIN_NATURE_CUR_CAP(3.1),GBR,EXP,ISCED11_1T8,_T,INST_EDU,CAP,Q,USD_PPP,NATURE,2019,16408.296272735,A,6,0,2020,A15
OECD.EDU.IMEP:DSD_EAG_UOE_FIN@DF_UOE_FIN_NATURE_CUR_CAP(3.1),USA,EXP,ISCED11_1T8,_T,INST_EDU,CAP,Q,USD_PPP,NATURE,2019,123530.17208858,A,6,0,2020,A15
OECD.EDU.IMEP:DSD_EAG_UOE_FIN@DF_UOE_FIN_NATURE_CUR_CAP(3.1),BGR,EXP,ISCED11_1T8,_T,INST_EDU,CAP,Q,USD_PPP,NATURE,2019,485.138536245867,A,6,0,2020,A15
OECD.EDU.IMEP:DSD_EAG_UOE_FIN@DF_UOE_FIN_NATURE_CUR_CAP(3.1),HRV,EXP,ISCED11_1T8,_T,INST_EDU,CAP,Q,USD_PPP,NATURE,2019,382.769564920621,A,6,0,2020,A15
OECD.EDU.IMEP:DSD_EAG_UOE_FIN@DF_UOE_FIN_NATURE_CUR_CAP(3.1),ROU,EXP,ISCED11_1T8,_T,INST_EDU,CAP,Q,USD_PPP,NATURE,2019,904.39544647328,A,6,0,2020,A15
OECD.EDU.IMEP:DSD_EAG_UOE_FIN@DF_UOE_FIN_NATURE_CUR_CAP(3.1),AUT,EXP,ISCED11_1T8,_T,INST_EDU,CAP,Q,USD_PPP,NATURE,2017,1525.31853489778,A,6,0,2020,A15
OECD.EDU.IMEP:DSD_EAG_UOE_FIN@DF_UOE_FIN_NATURE_CUR_CAP(3.1),BEL,EXP,ISCED11_1T8,_T,INST_EDU,CAP,Q,USD_PPP,NATURE,2017,1491.26993546144,A,6,0,2020,A15
OECD.EDU.IMEP:DSD_EAG_UOE_FIN@DF_UOE_FIN_NATURE_CUR_CAP(3.1),CAN,EXP,ISCED11_1T8,_T,INST_EDU,CAP,Q,USD_PPP,NATURE,2017,9712.32623283351,A,6,0,2020,A15
OECD.EDU.IMEP:DSD_EAG_UOE_FIN@DF_UOE_FIN_NATURE_CUR_CAP(3.1),CHL,EXP,ISCED11_1T8,_T,INST_EDU,CAP,Q,USD_PPP,NATURE,2017,2752.0167413953,A,6,0,2020,A15
OECD.EDU.IMEP:DSD_EAG_UOE_FIN@DF_UOE_FIN_NATURE_CUR_CAP(3.1),CZE,EXP,ISCED11_1T8,_T,INST_EDU,CAP,Q,USD_PPP,NATURE,2017,1005.69095563439,A,6,0,2020,A15
OECD.EDU.IMEP:DSD_EAG_UOE_FIN@DF_UOE_FIN_NATURE_CUR_CAP(3.1),DNK,EXP,ISCED11_1T8,_T,INST_EDU,CAP,Q,USD_PPP,NATURE,2017,1247.57230116885,A,6,0,2020,A15
OECD.EDU.IMEP:DSD_EAG_UOE_FIN@DF_UOE_FIN_NATURE_CUR_CAP(3.1),EST,EXP,ISCED11_1T8,_T,INST_EDU,CAP,Q,USD_PPP,NATURE,2017,184.570738209526,A,6,0,2020,A15
OECD.EDU.IMEP:DSD_EAG_UOE_FIN@DF_UOE_FIN_NATURE_CUR_CAP(3.1),FIN,EXP,ISCED11_1T8,_T,INST_EDU,CAP,Q,USD_PPP,NATURE,2017,1364.11044376515,A,6,0,2020,A15
OECD.EDU.IMEP:DSD_EAG_UOE_FIN@DF_UOE_FIN_NATURE_CUR_CAP(3.1),FRA,EXP,ISCED11_1T8,_T,INST_EDU,CAP,Q,USD_PPP,NATURE,2017,13938.5262614435,A,6,0,2020,A15
OECD.EDU.IMEP:DSD_EAG_UOE_FIN@DF_UOE_FIN_NATURE_CUR_CAP(3.1),DEU,EXP,ISCED11_1T8,_T,INST_EDU,CAP,Q,USD_PPP,NATURE,2017,15247.120081642,A,6,0,2020,A15
OECD.EDU.IMEP:DSD_EAG_UOE_FIN@DF_UOE_FIN_NATURE_CUR_CAP(3.1),GRC,EXP,ISCED11_1T8,_T,INST_EDU,CAP,Q,USD_PPP,NATURE,2017,1381.27769832822,A,6,0,2020,A15
OECD.EDU.IMEP:DSD_EAG_UOE_FIN@DF_UOE_FIN_NATURE_CUR_CAP(3.1),HUN,EXP,ISCED11_1T8,_T,INST_EDU,CAP,Q,USD_PPP,NATURE,2017,1039.22821010508,A,6,0,2020,A15
OECD.EDU.IMEP:DSD_EAG_UOE_FIN@DF_UOE_FIN_NATURE_CUR_CAP(3.1),ISL,EXP,ISCED11_1T8,_T,INST_EDU,CAP,Q,USD_PPP,NATURE,2017,48.1810190109625,A,6,0,2020,A15
OECD.EDU.IMEP:DSD_EAG_UOE_FIN@DF_UOE_FIN_NATURE_CUR_CAP(3.1),ISR,EXP,ISCED11_1T8,_T,INST_EDU,CAP,Q,USD_PPP,NATURE,2017,1868.80291255992,A,6,0,2020,A15
OECD.EDU.IMEP:DSD_EAG_UOE_FIN@DF_UOE_FIN_NATURE_CUR_CAP(3.1),ITA,EXP,ISCED11_1T8,_T,INST_EDU,CAP,Q,USD_PPP,NATURE,2017,2600.39508646557,A,6,0,2020,A15
OECD.EDU.IMEP:DSD_EAG_UOE_FIN@DF_UOE_FIN_NATURE_CUR_CAP(3.1),KOR,EXP,ISCED11_1T8,_T,INST_EDU,CAP,Q,USD_PPP,NATURE,2017,14626.7421561829,A,6,0,2020,A15
OECD.EDU.IMEP:DSD_EAG_UOE_FIN@DF_UOE_FIN_NATURE_CUR_CAP(3.1),LVA,EXP,ISCED11_1T8,_T,INST_EDU,CAP,Q,USD_PPP,NATURE,2017,286.607043307621,A,6,0,2020,A15
OECD.EDU.IMEP:DSD_EAG_UOE_FIN@DF_UOE_FIN_NATURE_CUR_CAP(3.1),LTU,EXP,ISCED11_1T8,_T,INST_EDU,CAP,Q,USD_PPP,NATURE,2017,206.345484159522,A,6,0,2020,A15
OECD.EDU.IMEP:DSD_EAG_UOE_FIN@DF_UOE_FIN_NATURE_CUR_CAP(3.1),LUX,EXP,ISCED11_1T8,_T,INST_EDU,CAP,Q,USD_PPP,NATURE,2017,202.072590313085,A,6,0,2020,A15
OECD.EDU.IMEP:DSD_EAG_UOE_FIN@DF_UOE_FIN_NATURE_CUR_CAP(3.1),POL,EXP,ISCED11_1T8,_T,INST_EDU,CAP,Q,USD_PPP,NATURE,2017,4146.44859146468,A,6,0,2020,A15
OECD.EDU.IMEP:DSD_EAG_UOE_FIN@DF_UOE_FIN_NATURE_CUR_CAP(3.1),PRT,EXP,ISCED11_1T8,_T,INST_EDU,CAP,Q,USD_PPP,NATURE,2017,971.784610688331,A,6,0,2020,A15
OECD.EDU.IMEP:DSD_EAG_UOE_FIN@DF_UOE_FIN_NATURE_CUR_CAP(3.1),SVN,EXP,ISCED11_1T8,_T,INST_EDU,CAP,Q,USD_PPP,NATURE,2017,252.437166765838,A,6,0,2020,A15
OECD.EDU.IMEP:DSD_EAG_UOE_FIN@DF_UOE_FIN_NATURE_CUR_CAP(3.1),ESP,EXP,ISCED11_1T8,_T,INST_EDU,CAP,Q,USD_PPP,NATURE,2017,4535.21775412194,A,6,0,2020,A15
OECD.EDU.IMEP:DSD_EAG_UOE_FIN@DF_UOE_FIN_NATURE_CUR_CAP(3.1),SWE,EXP,ISCED11_1T8,_T,INST_EDU,CAP,Q,USD_PPP,NATURE,2017,1350.02658043124,A,6,0,2020,A15
OECD.EDU.IMEP:DSD_EAG_UOE_FIN@DF_UOE_FIN_NATURE_CUR_CAP(3.1),TUR,EXP,ISCED11_1T8,_T,INST_EDU,CAP,Q,USD_PPP,NATURE,2017,16491.4950863565,A,6,0,2020,A15
OECD.EDU.IMEP:DSD_EAG_UOE_FIN@DF_UOE_FIN_NATURE_CUR_CAP(3.1),GBR,EXP,ISCED11_1T8,_T,INST_EDU,CAP,Q,USD_PPP,NATURE,2017,14050.2850923284,A,6,0,2020,A15
OECD.EDU.IMEP:DSD_EAG_UOE_FIN@DF_UOE_FIN_NATURE_CUR_CAP(3.1),USA,EXP,ISCED11_1T8,_T,INST_EDU,CAP,Q,USD_PPP,NATURE,2017,118160.3460186,A,6,0,2020,A15
OECD.EDU.IMEP:DSD_EAG_UOE_FIN@DF_UOE_FIN_NATURE_CUR_CAP(3.1),ARG,EXP,ISCED11_1T8,_T,INST_EDU,CAP,Q,USD_PPP,NATURE,2017,21217.284048924,A,6,0,2020,A15
OECD.EDU.IMEP:DSD_EAG_UOE_FIN@DF_UOE_FIN_NATURE_CUR_CAP(3.1),BGR,EXP,ISCED11_1T8,_T,INST_EDU,CAP,Q,USD_PPP,NATURE,2017,374.323011644539,A,6,0,2020,A15
OECD.EDU.IMEP:DSD_EAG_UOE_FIN@DF_UOE_FIN_NATURE_CUR_CAP(3.1),HRV,EXP,ISCED11_1T8,_T,INST_EDU,CAP,Q,USD_PPP,NATURE,2017,201.735184340967,A,6,0,2020,A15
OECD.EDU.IMEP:DSD_EAG_UOE_FIN@DF_UOE_FIN_NATURE_CUR_CAP(3.1),ROU,EXP,ISCED11_1T8,_T,INST_EDU,CAP,Q,USD_PPP,NATURE,2017,573.382844891232,A,6,0,2020,A15
OECD.EDU.IMEP:DSD_EAG_UOE_FIN@DF_UOE_FIN_NATURE_CUR_CAP(3.1),AUS,EXP,ISCED11_1T8,_T,INST_EDU,CAP,Q,USD_PPP,NATURE,2020,10859.6382633833,A,6,0,2020,A15
OECD.EDU.IMEP:DSD_EAG_UOE_FIN@DF_UOE_FIN_NATURE_CUR_CAP(3.1),AUT,EXP,ISCED11_1T8,_T,INST_EDU,CAP,Q,USD_PPP,NATURE,2020,1529.54929960112,A,6,0,2020,A15
OECD.EDU.IMEP:DSD_EAG_UOE_FIN@DF_UOE_FIN_NATURE_CUR_CAP(3.1),BEL,EXP,ISCED11_1T8,_T,INST_EDU,CAP,Q,USD_PPP,NATURE,2020,1655.57476279908,A,6,0,2020,A15
OECD.EDU.IMEP:DSD_EAG_UOE_FIN@DF_UOE_FIN_NATURE_CUR_CAP(3.1),CAN,EXP,ISCED11_1T8,_T,INST_EDU,CAP,Q,USD_PPP,NATURE,2020,9165.53284585279,A,6,0,2020,A15
OECD.EDU.IMEP:DSD_EAG_UOE_FIN@DF_UOE_FIN_NATURE_CUR_CAP(3.1),CHL,EXP,ISCED11_1T8,_T,INST_EDU,CAP,Q,USD_PPP,NATURE,2020,1475.81613719548,A,6,0,2020,A15
OECD.EDU.IMEP:DSD_EAG_UOE_FIN@DF_UOE_FIN_NATURE_CUR_CAP(3.1),CZE,EXP,ISCED11_1T8,_T,INST_EDU,CAP,Q,USD_PPP,NATURE,2020,1864.48297802838,A,6,0,2020,A15
OECD.EDU.IMEP:DSD_EAG_UOE_FIN@DF_UOE_FIN_NATURE_CUR_CAP(3.1),DNK,EXP,ISCED11_1T8,_T,INST_EDU,CAP,Q,USD_PPP,NATURE,2020,1415.09494730369,A,6,0,2020,A15
OECD.EDU.IMEP:DSD_EAG_UOE_FIN@DF_UOE_FIN_NATURE_CUR_CAP(3.1),EST,EXP,ISCED11_1T8,_T,INST_EDU,CAP,Q,USD_PPP,NATURE,2020,314.521294560192,A,6,0,2020,A15
OECD.EDU.IMEP:DSD_EAG_UOE_FIN@DF_UOE_FIN_NATURE_CUR_CAP(3.1),FIN,EXP,ISCED11_1T8,_T,INST_EDU,CAP,Q,USD_PPP,NATURE,2020,1797.2129827256,A,6,0,2020,A15
OECD.EDU.IMEP:DSD_EAG_UOE_FIN@DF_UOE_FIN_NATURE_CUR_CAP(3.1),FRA,EXP,ISCED11_1T8,_T,INST_EDU,CAP,Q,USD_PPP,NATURE,2020,14754.1598610205,A,6,0,2020,A15
OECD.EDU.IMEP:DSD_EAG_UOE_FIN@DF_UOE_FIN_NATURE_CUR_CAP(3.1),GRC,EXP,ISCED11_1T8,_T,INST_EDU,CAP,Q,USD_PPP,NATURE,2020,1885.20341439635,A,6,0,2020,A15
OECD.EDU.IMEP:DSD_EAG_UOE_FIN@DF_UOE_FIN_NATURE_CUR_CAP(3.1),HUN,EXP,ISCED11_1T8,_T,INST_EDU,CAP,Q,USD_PPP,NATURE,2020,1256.65486932368,A,6,0,2020,A15
OECD.EDU.IMEP:DSD_EAG_UOE_FIN@DF_UOE_FIN_NATURE_CUR_CAP(3.1),ISL,EXP,ISCED11_1T8,_T,INST_EDU,CAP,Q,USD_PPP,NATURE,2020,52.5312666270073,A,6,0,2020,A15
OECD.EDU.IMEP:DSD_EAG_UOE_FIN@DF_UOE_FIN_NATURE_CUR_CAP(3.1),ITA,EXP,ISCED11_1T8,_T,INST_EDU,CAP,Q,USD_PPP,NATURE,2020,5804.21909497511,A,6,0,2020,A15
OECD.EDU.IMEP:DSD_EAG_UOE_FIN@DF_UOE_FIN_NATURE_CUR_CAP(3.1),KOR,EXP,ISCED11_1T8,_T,INST_EDU,CAP,Q,USD_PPP,NATURE,2020,19013.8504734686,A,6,0,2020,A15
OECD.EDU.IMEP:DSD_EAG_UOE_FIN@DF_UOE_FIN_NATURE_CUR_CAP(3.1),LVA,EXP,ISCED11_1T8,_T,INST_EDU,CAP,Q,USD_PPP,NATURE,2020,444.441264893499,A,6,0,2020,A15
OECD.EDU.IMEP:DSD_EAG_UOE_FIN@DF_UOE_FIN_NATURE_CUR_CAP(3.1),LTU,EXP,ISCED11_1T8,_T,INST_EDU,CAP,Q,USD_PPP,NATURE,2020,543.349667321872,A,6,0,2020,A15
OECD.EDU.IMEP:DSD_EAG_UOE_FIN@DF_UOE_FIN_NATURE_CUR_CAP(3.1),LUX,EXP,ISCED11_1T8,_T,INST_EDU,CAP,Q,USD_PPP,NATURE,2020,261.963272016627,A,6,0,2020,A15
OECD.EDU.IMEP:DSD_EAG_UOE_FIN@DF_UOE_FIN_NATURE_CUR_CAP(3.1),NOR,EXP,ISCED11_1T8,_T,INST_EDU,CAP,Q,USD_PPP,NATURE,2020,2642.79763595807,A,6,0,2020,A15
OECD.EDU.IMEP:DSD_EAG_UOE_FIN@DF_UOE_FIN_NATURE_CUR_CAP(3.1),POL,EXP,ISCED11_1T8,_T,INST_EDU,CAP,Q,USD_PPP,NATURE,2020,4881.26899087496,A,6,0,2020,A15
OECD.EDU.IMEP:DSD_EAG_UOE_FIN@DF_UOE_FIN_NATURE_CUR_CAP(3.1),PRT,EXP,ISCED11_1T8,_T,INST_EDU,CAP,Q,USD_PPP,NATURE,2020,925.575288081575,A,6,0,2020,A15
OECD.EDU.IMEP:DSD_EAG_UOE_FIN@DF_UOE_FIN_NATURE_CUR_CAP(3.1),SVN,EXP,ISCED11_1T8,_T,INST_EDU,CAP,Q,USD_PPP,NATURE,2020,305.34839372709,A,6,0,2020,A15
OECD.EDU.IMEP:DSD_EAG_UOE_FIN@DF_UOE_FIN_NATURE_CUR_CAP(3.1),ESP,EXP,ISCED11_1T8,_T,INST_EDU,CAP,Q,USD_PPP,NATURE,2020,5036.64409715063,A,6,0,2020,A15
OECD.EDU.IMEP:DSD_EAG_UOE_FIN@DF_UOE_FIN_NATURE_CUR_CAP(3.1),SWE,EXP,ISCED11_1T8,_T,INST_EDU,CAP,Q,USD_PPP,NATURE,2020,1561.91746992751,A,6,0,2020,A15
OECD.EDU.IMEP:DSD_EAG_UOE_FIN@DF_UOE_FIN_NATURE_CUR_CAP(3.1),TUR,EXP,ISCED11_1T8,_T,INST_EDU,CAP,Q,USD_PPP,NATURE,2020,12955.850041007,A,6,0,2020,A15
OECD.EDU.IMEP:DSD_EAG_UOE_FIN@DF_UOE_FIN_NATURE_CUR_CAP(3.1),GBR,EXP,ISCED11_1T8,_T,INST_EDU,CAP,Q,USD_PPP,NATURE,2020,15913.3117861888,A,6,0,2020,A15
OECD.EDU.IMEP:DSD_EAG_UOE_FIN@DF_UOE_FIN_NATURE_CUR_CAP(3.1),USA,EXP,ISCED11_1T8,_T,INST_EDU,CAP,Q,USD_PPP,NATURE,2020,128865.74,A,6,0,2020,A15
OECD.EDU.IMEP:DSD_EAG_UOE_FIN@DF_UOE_FIN_NATURE_CUR_CAP(3.1),BGR,EXP,ISCED11_1T8,_T,INST_EDU,CAP,Q,USD_PPP,NATURE,2020,353.610872086221,A,6,0,2020,A15
OECD.EDU.IMEP:DSD_EAG_UOE_FIN@DF_UOE_FIN_NATURE_CUR_CAP(3.1),HRV,EXP,ISCED11_1T8,_T,INST_EDU,CAP,Q,USD_PPP,NATURE,2020,444.04046976709,A,6,0,2020,A15
OECD.EDU.IMEP:DSD_EAG_UOE_FIN@DF_UOE_FIN_NATURE_CUR_CAP(3.1),ROU,EXP,ISCED11_1T8,_T,INST_EDU,CAP,Q,USD_PPP,NATURE,2020,887.605674103233,A,6,0,2020,A15
OECD.EDU.IMEP:DSD_EAG_UOE_FIN@DF_UOE_FIN_NATURE_CUR_CAP(3.1),AUS,EXP,ISCED11_1T8,_T,INST_EDU,CAP,Q,USD_PPP,NATURE,2021,9981.99001725368,A,6,0,2020,A15
OECD.EDU.IMEP:DSD_EAG_UOE_FIN@DF_UOE_FIN_NATURE_CUR_CAP(3.1),AUT,EXP,ISCED11_1T8,_T,INST_EDU,CAP,Q,USD_PPP,NATURE,2021,1700.2660608491,A,6,0,2020,A15
OECD.EDU.IMEP:DSD_EAG_UOE_FIN@DF_UOE_FIN_NATURE_CUR_CAP(3.1),BEL,EXP,ISCED11_1T8,_T,INST_EDU,CAP,Q,USD_PPP,NATURE,2021,1579.70513956251,A,6,0,2020,A15
OECD.EDU.IMEP:DSD_EAG_UOE_FIN@DF_UOE_FIN_NATURE_CUR_CAP(3.1),CAN,EXP,ISCED11_1T8,_T,INST_EDU,CAP,Q,USD_PPP,NATURE,2021,9161.17950821482,A,6,0,2020,A15
OECD.EDU.IMEP:DSD_EAG_UOE_FIN@DF_UOE_FIN_NATURE_CUR_CAP(3.1),CHL,EXP,ISCED11_1T8,_T,INST_EDU,CAP,Q,USD_PPP,NATURE,2021,1583.99321818196,A,6,0,2020,A15
OECD.EDU.IMEP:DSD_EAG_UOE_FIN@DF_UOE_FIN_NATURE_CUR_CAP(3.1),CZE,EXP,ISCED11_1T8,_T,INST_EDU,CAP,Q,USD_PPP,NATURE,2021,2123.91359747804,A,6,0,2020,A15
OECD.EDU.IMEP:DSD_EAG_UOE_FIN@DF_UOE_FIN_NATURE_CUR_CAP(3.1),DNK,EXP,ISCED11_1T8,_T,INST_EDU,CAP,Q,USD_PPP,NATURE,2021,1268.70494459941,A,6,0,2020,A15
OECD.EDU.IMEP:DSD_EAG_UOE_FIN@DF_UOE_FIN_NATURE_CUR_CAP(3.1),EST,EXP,ISCED11_1T8,_T,INST_EDU,CAP,Q,USD_PPP,NATURE,2021,312.114811100705,A,6,0,2020,A15
OECD.EDU.IMEP:DSD_EAG_UOE_FIN@DF_UOE_FIN_NATURE_CUR_CAP(3.1),FIN,EXP,ISCED11_1T8,_T,INST_EDU,CAP,Q,USD_PPP,NATURE,2021,1624.44105548034,A,6,0,2020,A15
OECD.EDU.IMEP:DSD_EAG_UOE_FIN@DF_UOE_FIN_NATURE_CUR_CAP(3.1),FRA,EXP,ISCED11_1T8,_T,INST_EDU,CAP,Q,USD_PPP,NATURE,2021,16734.8485262068,A,6,0,2020,A15
OECD.EDU.IMEP:DSD_EAG_UOE_FIN@DF_UOE_FIN_NATURE_CUR_CAP(3.1),HUN,EXP,ISCED11_1T8,_T,INST_EDU,CAP,Q,USD_PPP,NATURE,2021,1955.03376176686,A,6,0,2020,A15
OECD.EDU.IMEP:DSD_EAG_UOE_FIN@DF_UOE_FIN_NATURE_CUR_CAP(3.1),ISL,EXP,ISCED11_1T8,_T,INST_EDU,CAP,Q,USD_PPP,NATURE,2021,59.6001591643822,A,6,0,2020,A15
OECD.EDU.IMEP:DSD_EAG_UOE_FIN@DF_UOE_FIN_NATURE_CUR_CAP(3.1),ISR,EXP,ISCED11_1T8,_T,INST_EDU,CAP,Q,USD_PPP,NATURE,2021,2231.02842820747,A,6,0,2020,A15
OECD.EDU.IMEP:DSD_EAG_UOE_FIN@DF_UOE_FIN_NATURE_CUR_CAP(3.1),ITA,EXP,ISCED11_1T8,_T,INST_EDU,CAP,Q,USD_PPP,NATURE,2021,6143.40779778909,A,6,0,2020,A15
OECD.EDU.IMEP:DSD_EAG_UOE_FIN@DF_UOE_FIN_NATURE_CUR_CAP(3.1),KOR,EXP,ISCED11_1T8,_T,INST_EDU,CAP,Q,USD_PPP,NATURE,2021,18300.4642093144,A,6,0,2020,A15
OECD.EDU.IMEP:DSD_EAG_UOE_FIN@DF_UOE_FIN_NATURE_CUR_CAP(3.1),LVA,EXP,ISCED11_1T8,_T,INST_EDU,CAP,Q,USD_PPP,NATURE,2021,355.98271455621,A,6,0,2020,A15
OECD.EDU.IMEP:DSD_EAG_UOE_FIN@DF_UOE_FIN_NATURE_CUR_CAP(3.1),LTU,EXP,ISCED11_1T8,_T,INST_EDU,CAP,Q,USD_PPP,NATURE,2021,388.855910418909,A,6,0,2020,A15
OECD.EDU.IMEP:DSD_EAG_UOE_FIN@DF_UOE_FIN_NATURE_CUR_CAP(3.1),LUX,EXP,ISCED11_1T8,_T,INST_EDU,CAP,Q,USD_PPP,NATURE,2021,274.968071259723,A,6,0,2020,A15
OECD.EDU.IMEP:DSD_EAG_UOE_FIN@DF_UOE_FIN_NATURE_CUR_CAP(3.1),NLD,EXP,ISCED11_1T8,_T,INST_EDU,CAP,Q,USD_PPP,NATURE,2021,6207.45878732712,A,6,0,2020,A15
OECD.EDU.IMEP:DSD_EAG_UOE_FIN@DF_UOE_FIN_NATURE_CUR_CAP(3.1),NOR,EXP,ISCED11_1T8,_T,INST_EDU,CAP,Q,USD_PPP,NATURE,2021,2424.95015077386,A,6,0,2020,A15
OECD.EDU.IMEP:DSD_EAG_UOE_FIN@DF_UOE_FIN_NATURE_CUR_CAP(3.1),POL,EXP,ISCED11_1T8,_T,INST_EDU,CAP,Q,USD_PPP,NATURE,2021,4790.45179289942,A,6,0,2020,A15
OECD.EDU.IMEP:DSD_EAG_UOE_FIN@DF_UOE_FIN_NATURE_CUR_CAP(3.1),PRT,EXP,ISCED11_1T8,_T,INST_EDU,CAP,Q,USD_PPP,NATURE,2021,999.133662706359,A,6,0,2020,A15
OECD.EDU.IMEP:DSD_EAG_UOE_FIN@DF_UOE_FIN_NATURE_CUR_CAP(3.1),SVK,EXP,ISCED11_1T8,_T,INST_EDU,CAP,Q,USD_PPP,NATURE,2021,467.946728676738,A,6,0,2020,A15
OECD.EDU.IMEP:DSD_EAG_UOE_FIN@DF_UOE_FIN_NATURE_CUR_CAP(3.1),SVN,EXP,ISCED11_1T8,_T,INST_EDU,CAP,Q,USD_PPP,NATURE,2021,331.315463122959,A,6,0,2020,A15
OECD.EDU.IMEP:DSD_EAG_UOE_FIN@DF_UOE_FIN_NATURE_CUR_CAP(3.1),ESP,EXP,ISCED11_1T8,_T,INST_EDU,CAP,Q,USD_PPP,NATURE,2021,5765.33063212253,A,6,0,2020,A15
OECD.EDU.IMEP:DSD_EAG_UOE_FIN@DF_UOE_FIN_NATURE_CUR_CAP(3.1),SWE,EXP,ISCED11_1T8,_T,INST_EDU,CAP,Q,USD_PPP,NATURE,2021,2056.79827002381,A,6,0,2020,A15
OECD.EDU.IMEP:DSD_EAG_UOE_FIN@DF_UOE_FIN_NATURE_CUR_CAP(3.1),TUR,EXP,ISCED11_1T8,_T,INST_EDU,CAP,Q,USD_PPP,NATURE,2021,14001.9719843785,A,6,0,2020,A15
OECD.EDU.IMEP:DSD_EAG_UOE_FIN@DF_UOE_FIN_NATURE_CUR_CAP(3.1),GBR,EXP,ISCED11_1T8,_T,INST_EDU,CAP,Q,USD_PPP,NATURE,2021,16220.2966560798,A,6,0,2020,A15
OECD.EDU.IMEP:DSD_EAG_UOE_FIN@DF_UOE_FIN_NATURE_CUR_CAP(3.1),USA,EXP,ISCED11_1T8,_T,INST_EDU,CAP,Q,USD_PPP,NATURE,2021,120291.03041925,A,6,0,2020,A15
OECD.EDU.IMEP:DSD_EAG_UOE_FIN@DF_UOE_FIN_NATURE_CUR_CAP(3.1),BGR,EXP,ISCED11_1T8,_T,INST_EDU,CAP,Q,USD_PPP,NATURE,2021,405.265306601016,A,6,0,2020,A15
OECD.EDU.IMEP:DSD_EAG_UOE_FIN@DF_UOE_FIN_NATURE_CUR_CAP(3.1),HRV,EXP,ISCED11_1T8,_T,INST_EDU,CAP,Q,USD_PPP,NATURE,2021,336.705932415461,A,6,0,2020,A15
OECD.EDU.IMEP:DSD_EAG_UOE_FIN@DF_UOE_FIN_NATURE_CUR_CAP(3.1),ROU,EXP,ISCED11_1T8,_T,INST_EDU,CAP,Q,USD_PPP,NATURE,2021,1047.72107530892,A,6,0,2020,A15
OECD.EDU.IMEP:DSD_EAG_UOE_FIN@DF_UOE_FIN_NATURE_CUR_CAP(3.1),AUT,EXP,ISCED11_1T8,_T,INST_EDU,CAP,Q,USD_PPP,NATURE,2022,1860.07467317285,A,6,0,2020,A15
OECD.EDU.IMEP:DSD_EAG_UOE_FIN@DF_UOE_FIN_NATURE_CUR_CAP(3.1),BEL,EXP,ISCED11_1T8,_T,INST_EDU,CAP,Q,USD_PPP,NATURE,2022,1565.46205815417,A,6,0,2020,A15
OECD.EDU.IMEP:DSD_EAG_UOE_FIN@DF_UOE_FIN_NATURE_CUR_CAP(3.1),CAN,EXP,ISCED11_1T8,_T,INST_EDU,CAP,Q,USD_PPP,NATURE,2022,10304.836260514,A,6,0,2020,A15
OECD.EDU.IMEP:DSD_EAG_UOE_FIN@DF_UOE_FIN_NATURE_CUR_CAP(3.1),CHL,EXP,ISCED11_1T8,_T,INST_EDU,CAP,Q,USD_PPP,NATURE,2022,1501.23113682786,A,6,0,2020,A15
OECD.EDU.IMEP:DSD_EAG_UOE_FIN@DF_UOE_FIN_NATURE_CUR_CAP(3.1),CZE,EXP,ISCED11_1T8,_T,INST_EDU,CAP,Q,USD_PPP,NATURE,2022,1802.38614151155,A,6,0,2020,A15
OECD.EDU.IMEP:DSD_EAG_UOE_FIN@DF_UOE_FIN_NATURE_CUR_CAP(3.1),DNK,EXP,ISCED11_1T8,_T,INST_EDU,CAP,Q,USD_PPP,NATURE,2022,1228.39513188634,A,6,0,2020,A15
OECD.EDU.IMEP:DSD_EAG_UOE_FIN@DF_UOE_FIN_NATURE_CUR_CAP(3.1),EST,EXP,ISCED11_1T8,_T,INST_EDU,CAP,Q,USD_PPP,NATURE,2022,297.478353434588,A,6,0,2020,A15
OECD.EDU.IMEP:DSD_EAG_UOE_FIN@DF_UOE_FIN_NATURE_CUR_CAP(3.1),FIN,EXP,ISCED11_1T8,_T,INST_EDU,CAP,Q,USD_PPP,NATURE,2022,1371.60029661883,A,6,0,2020,A15
OECD.EDU.IMEP:DSD_EAG_UOE_FIN@DF_UOE_FIN_NATURE_CUR_CAP(3.1),FRA,EXP,ISCED11_1T8,_T,INST_EDU,CAP,Q,USD_PPP,NATURE,2022,17641.30255082,A,6,0,2020,A15
OECD.EDU.IMEP:DSD_EAG_UOE_FIN@DF_UOE_FIN_NATURE_CUR_CAP(3.1),GRC,EXP,ISCED11_1T8,_T,INST_EDU,CAP,Q,USD_PPP,NATURE,2022,1950.75355111859,A,6,0,2020,A15
OECD.EDU.IMEP:DSD_EAG_UOE_FIN@DF_UOE_FIN_NATURE_CUR_CAP(3.1),HUN,EXP,ISCED11_1T8,_T,INST_EDU,CAP,Q,USD_PPP,NATURE,2022,1775.82741512274,A,6,0,2020,A15
OECD.EDU.IMEP:DSD_EAG_UOE_FIN@DF_UOE_FIN_NATURE_CUR_CAP(3.1),ISL,EXP,ISCED11_1T8,_T,INST_EDU,CAP,Q,USD_PPP,NATURE,2022,67.3542645159253,A,6,0,2020,A15
OECD.EDU.IMEP:DSD_EAG_UOE_FIN@DF_UOE_FIN_NATURE_CUR_CAP(3.1),ISR,EXP,ISCED11_1T8,_T,INST_EDU,CAP,Q,USD_PPP,NATURE,2022,2547.29123850613,A,6,0,2020,A15
OECD.EDU.IMEP:DSD_EAG_UOE_FIN@DF_UOE_FIN_NATURE_CUR_CAP(3.1),ITA,EXP,ISCED11_1T8,_T,INST_EDU,CAP,Q,USD_PPP,NATURE,2022,6056.99338960953,A,6,0,2020,A15
OECD.EDU.IMEP:DSD_EAG_UOE_FIN@DF_UOE_FIN_NATURE_CUR_CAP(3.1),KOR,EXP,ISCED11_1T8,_T,INST_EDU,CAP,Q,USD_PPP,NATURE,2022,19435.1869837418,A,6,0,2020,A15
OECD.EDU.IMEP:DSD_EAG_UOE_FIN@DF_UOE_FIN_NATURE_CUR_CAP(3.1),LVA,EXP,ISCED11_1T8,_T,INST_EDU,CAP,Q,USD_PPP,NATURE,2022,306.982939582226,A,6,0,2020,A15
OECD.EDU.IMEP:DSD_EAG_UOE_FIN@DF_UOE_FIN_NATURE_CUR_CAP(3.1),LTU,EXP,ISCED11_1T8,_T,INST_EDU,CAP,Q,USD_PPP,NATURE,2022,317.570121743692,A,6,0,2020,A15
OECD.EDU.IMEP:DSD_EAG_UOE_FIN@DF_UOE_FIN_NATURE_CUR_CAP(3.1),LUX,EXP,ISCED11_1T8,_T,INST_EDU,CAP,Q,USD_PPP,NATURE,2022,251.920335423409,A,6,0,2020,A15
OECD.EDU.IMEP:DSD_EAG_UOE_FIN@DF_UOE_FIN_NATURE_CUR_CAP(3.1),NLD,EXP,ISCED11_1T8,_T,INST_EDU,CAP,Q,USD_PPP,NATURE,2022,6411.74976960098,A,6,0,2020,A15
OECD.EDU.IMEP:DSD_EAG_UOE_FIN@DF_UOE_FIN_NATURE_CUR_CAP(3.1),NOR,EXP,ISCED11_1T8,_T,INST_EDU,CAP,Q,USD_PPP,NATURE,2022,2361.10347324301,A,6,0,2020,A15
OECD.EDU.IMEP:DSD_EAG_UOE_FIN@DF_UOE_FIN_NATURE_CUR_CAP(3.1),POL,EXP,ISCED11_1T8,_T,INST_EDU,CAP,Q,USD_PPP,NATURE,2022,5004.64758917629,A,6,0,2020,A15
OECD.EDU.IMEP:DSD_EAG_UOE_FIN@DF_UOE_FIN_NATURE_CUR_CAP(3.1),PRT,EXP,ISCED11_1T8,_T,INST_EDU,CAP,Q,USD_PPP,NATURE,2022,1161.82440017354,A,6,0,2020,A15
OECD.EDU.IMEP:DSD_EAG_UOE_FIN@DF_UOE_FIN_NATURE_CUR_CAP(3.1),SVK,EXP,ISCED11_1T8,_T,INST_EDU,CAP,Q,USD_PPP,NATURE,2022,579.055028598968,A,6,0,2020,A15
OECD.EDU.IMEP:DSD_EAG_UOE_FIN@DF_UOE_FIN_NATURE_CUR_CAP(3.1),SVN,EXP,ISCED11_1T8,_T,INST_EDU,CAP,Q,USD_PPP,NATURE,2022,420.282918187307,A,6,0,2020,A15
OECD.EDU.IMEP:DSD_EAG_UOE_FIN@DF_UOE_FIN_NATURE_CUR_CAP(3.1),ESP,EXP,ISCED11_1T8,_T,INST_EDU,CAP,Q,USD_PPP,NATURE,2022,6509.7510256604,A,6,0,2020,A15
OECD.EDU.IMEP:DSD_EAG_UOE_FIN@DF_UOE_FIN_NATURE_CUR_CAP(3.1),SWE,EXP,ISCED11_1T8,_T,INST_EDU,CAP,Q,USD_PPP,NATURE,2022,2267.60130210287,A,6,0,2020,A15
OECD.EDU.IMEP:DSD_EAG_UOE_FIN@DF_UOE_FIN_NATURE_CUR_CAP(3.1),TUR,EXP,ISCED11_1T8,_T,INST_EDU,CAP,Q,USD_PPP,NATURE,2022,14537.445244751,A,6,0,2020,A15
OECD.EDU.IMEP:DSD_EAG_UOE_FIN@DF_UOE_FIN_NATURE_CUR_CAP(3.1),GBR,EXP,ISCED11_1T8,_T,INST_EDU,CAP,Q,USD_PPP,NATURE,2022,15010.234136304,A,6,0,2020,A15
OECD.EDU.IMEP:DSD_EAG_UOE_FIN@DF_UOE_FIN_NATURE_CUR_CAP(3.1),BGR,EXP,ISCED11_1T8,_T,INST_EDU,CAP,Q,USD_PPP,NATURE,2022,529.402254428789,A,6,0,2020,A15
OECD.EDU.IMEP:DSD_EAG_UOE_FIN@DF_UOE_FIN_NATURE_CUR_CAP(3.1),HRV,EXP,ISCED11_1T8,_T,INST_EDU,CAP,Q,USD_PPP,NATURE,2022,319.63125401867,A,6,0,2020,A15
OECD.EDU.IMEP:DSD_EAG_UOE_FIN@DF_UOE_FIN_NATURE_CUR_CAP(3.1),PER,EXP,ISCED11_1T8,_T,INST_EDU,CAP,Q,USD_PPP,NATURE,2022,3244.06183343362,A,6,0,2020,A15
OECD.EDU.IMEP:DSD_EAG_UOE_FIN@DF_UOE_FIN_NATURE_CUR_CAP(3.1),ROU,EXP,ISCED11_1T8,_T,INST_EDU,CAP,Q,USD_PPP,NATURE,2022,1008.97488681897,A,6,0,2020,A15
OECD.EDU.IMEP:DSD_EAG_UOE_FIN@DF_UOE_FIN_NATURE_CUR_CAP(3.1),DNK,EXP,ISCED11_1T8,_T,INST_EDU,CUR,Q,USD_PPP,NATURE,2023,19715.8513622576,A,6,0,2020,A14
OECD.EDU.IMEP:DSD_EAG_UOE_FIN@DF_UOE_FIN_NATURE_CUR_CAP(3.1),AUT,EXP,ISCED11_1T8,_T,INST_EDU,CUR,Q,USD_PPP,NATURE,2016,24138.9703818676,A,6,0,2020,A14
OECD.EDU.IMEP:DSD_EAG_UOE_FIN@DF_UOE_FIN_NATURE_CUR_CAP(3.1),BEL,EXP,ISCED11_1T8,_T,INST_EDU,CUR,Q,USD_PPP,NATURE,2016,35128.4182986062,A,6,0,2020,A14
OECD.EDU.IMEP:DSD_EAG_UOE_FIN@DF_UOE_FIN_NATURE_CUR_CAP(3.1),CAN,EXP,ISCED11_1T8,_T,INST_EDU,CUR,Q,USD_PPP,NATURE,2016,97551.4903095238,A,6,0,2020,A14
OECD.EDU.IMEP:DSD_EAG_UOE_FIN@DF_UOE_FIN_NATURE_CUR_CAP(3.1),CHL,EXP,ISCED11_1T8,_T,INST_EDU,CUR,Q,USD_PPP,NATURE,2016,28458.8155009922,A,6,0,2020,A14
OECD.EDU.IMEP:DSD_EAG_UOE_FIN@DF_UOE_FIN_NATURE_CUR_CAP(3.1),CZE,EXP,ISCED11_1T8,_T,INST_EDU,CUR,Q,USD_PPP,NATURE,2016,14286.927364088,A,6,0,2020,A14
OECD.EDU.IMEP:DSD_EAG_UOE_FIN@DF_UOE_FIN_NATURE_CUR_CAP(3.1),DNK,EXP,ISCED11_1T8,_T,INST_EDU,CUR,Q,USD_PPP,NATURE,2016,18519.0990923212,A,6,0,2020,A14
OECD.EDU.IMEP:DSD_EAG_UOE_FIN@DF_UOE_FIN_NATURE_CUR_CAP(3.1),EST,EXP,ISCED11_1T8,_T,INST_EDU,CUR,Q,USD_PPP,NATURE,2016,2012.7487122149,A,6,0,2020,A14
OECD.EDU.IMEP:DSD_EAG_UOE_FIN@DF_UOE_FIN_NATURE_CUR_CAP(3.1),FIN,EXP,ISCED11_1T8,_T,INST_EDU,CUR,Q,USD_PPP,NATURE,2016,14495.3134237404,A,6,0,2020,A14
OECD.EDU.IMEP:DSD_EAG_UOE_FIN@DF_UOE_FIN_NATURE_CUR_CAP(3.1),FRA,EXP,ISCED11_1T8,_T,INST_EDU,CUR,Q,USD_PPP,NATURE,2016,163490.6533557,A,6,0,2020,A14
OECD.EDU.IMEP:DSD_EAG_UOE_FIN@DF_UOE_FIN_NATURE_CUR_CAP(3.1),DEU,EXP,ISCED11_1T8,_T,INST_EDU,CUR,Q,USD_PPP,NATURE,2016,185052.797061464,A,6,0,2020,A14
OECD.EDU.IMEP:DSD_EAG_UOE_FIN@DF_UOE_FIN_NATURE_CUR_CAP(3.1),GRC,EXP,ISCED11_1T8,_T,INST_EDU,CUR,Q,USD_PPP,NATURE,2016,10499.5992633959,A,6,0,2020,A14
OECD.EDU.IMEP:DSD_EAG_UOE_FIN@DF_UOE_FIN_NATURE_CUR_CAP(3.1),HUN,EXP,ISCED11_1T8,_T,INST_EDU,CUR,Q,USD_PPP,NATURE,2016,11508.6772981834,A,6,0,2020,A14
OECD.EDU.IMEP:DSD_EAG_UOE_FIN@DF_UOE_FIN_NATURE_CUR_CAP(3.1),ISR,EXP,ISCED11_1T8,_T,INST_EDU,CUR,Q,USD_PPP,NATURE,2016,15098.412779864,A,6,0,2020,A14
OECD.EDU.IMEP:DSD_EAG_UOE_FIN@DF_UOE_FIN_NATURE_CUR_CAP(3.1),ITA,EXP,ISCED11_1T8,_T,INST_EDU,CUR,Q,USD_PPP,NATURE,2016,97272.5003691768,A,6,0,2020,A14
OECD.EDU.IMEP:DSD_EAG_UOE_FIN@DF_UOE_FIN_NATURE_CUR_CAP(3.1),KOR,EXP,ISCED11_1T8,_T,INST_EDU,CUR,Q,USD_PPP,NATURE,2016,95590.1724876268,A,6,0,2020,A14
OECD.EDU.IMEP:DSD_EAG_UOE_FIN@DF_UOE_FIN_NATURE_CUR_CAP(3.1),LVA,EXP,ISCED11_1T8,_T,INST_EDU,CUR,Q,USD_PPP,NATURE,2016,2317.83016332978,A,6,0,2020,A14
OECD.EDU.IMEP:DSD_EAG_UOE_FIN@DF_UOE_FIN_NATURE_CUR_CAP(3.1),LTU,EXP,ISCED11_1T8,_T,INST_EDU,CUR,Q,USD_PPP,NATURE,2016,3306.96889723602,A,6,0,2020,A14
OECD.EDU.IMEP:DSD_EAG_UOE_FIN@DF_UOE_FIN_NATURE_CUR_CAP(3.1),LUX,EXP,ISCED11_1T8,_T,INST_EDU,CUR,Q,USD_PPP,NATURE,2016,2059.90498815403,A,6,0,2020,A14
OECD.EDU.IMEP:DSD_EAG_UOE_FIN@DF_UOE_FIN_NATURE_CUR_CAP(3.1),POL,EXP,ISCED11_1T8,_T,INST_EDU,CUR,Q,USD_PPP,NATURE,2016,50074.8534667375,A,6,0,2020,A14
OECD.EDU.IMEP:DSD_EAG_UOE_FIN@DF_UOE_FIN_NATURE_CUR_CAP(3.1),PRT,EXP,ISCED11_1T8,_T,INST_EDU,CUR,Q,USD_PPP,NATURE,2016,16604.8212303706,A,6,0,2020,A14
OECD.EDU.IMEP:DSD_EAG_UOE_FIN@DF_UOE_FIN_NATURE_CUR_CAP(3.1),SVN,EXP,ISCED11_1T8,_T,INST_EDU,CUR,Q,USD_PPP,NATURE,2016,3360.44625642548,A,6,0,2020,A14
OECD.EDU.IMEP:DSD_EAG_UOE_FIN@DF_UOE_FIN_NATURE_CUR_CAP(3.1),ESP,EXP,ISCED11_1T8,_T,INST_EDU,CUR,Q,USD_PPP,NATURE,2016,79022.8106653406,A,6,0,2020,A14
OECD.EDU.IMEP:DSD_EAG_UOE_FIN@DF_UOE_FIN_NATURE_CUR_CAP(3.1),SWE,EXP,ISCED11_1T8,_T,INST_EDU,CUR,Q,USD_PPP,NATURE,2016,29220.1694924438,A,6,0,2020,A14
OECD.EDU.IMEP:DSD_EAG_UOE_FIN@DF_UOE_FIN_NATURE_CUR_CAP(3.1),TUR,EXP,ISCED11_1T8,_T,INST_EDU,CUR,Q,USD_PPP,NATURE,2016,98755.130432251,A,6,0,2020,A14
OECD.EDU.IMEP:DSD_EAG_UOE_FIN@DF_UOE_FIN_NATURE_CUR_CAP(3.1),GBR,EXP,ISCED11_1T8,_T,INST_EDU,CUR,Q,USD_PPP,NATURE,2016,197626.144999859,A,6,0,2020,A14
OECD.EDU.IMEP:DSD_EAG_UOE_FIN@DF_UOE_FIN_NATURE_CUR_CAP(3.1),USA,EXP,ISCED11_1T8,_T,INST_EDU,CUR,Q,USD_PPP,NATURE,2016,1097178.42182227,A,6,0,2020,A14
OECD.EDU.IMEP:DSD_EAG_UOE_FIN@DF_UOE_FIN_NATURE_CUR_CAP(3.1),ARG,EXP,ISCED11_1T8,_T,INST_EDU,CUR,Q,USD_PPP,NATURE,2016,48998.3833660167,A,6,0,2020,A14
OECD.EDU.IMEP:DSD_EAG_UOE_FIN@DF_UOE_FIN_NATURE_CUR_CAP(3.1),BGR,EXP,ISCED11_1T8,_T,INST_EDU,CUR,Q,USD_PPP,NATURE,2016,4620.02972030195,A,6,0,2020,A14
OECD.EDU.IMEP:DSD_EAG_UOE_FIN@DF_UOE_FIN_NATURE_CUR_CAP(3.1),HRV,EXP,ISCED11_1T8,_T,INST_EDU,CUR,Q,USD_PPP,NATURE,2016,4518.11914917122,A,6,0,2020,A14
OECD.EDU.IMEP:DSD_EAG_UOE_FIN@DF_UOE_FIN_NATURE_CUR_CAP(3.1),ROU,EXP,ISCED11_1T8,_T,INST_EDU,CUR,Q,USD_PPP,NATURE,2016,12601.7648994012,A,6,0,2020,A14
OECD.EDU.IMEP:DSD_EAG_UOE_FIN@DF_UOE_FIN_NATURE_CUR_CAP(3.1),AUT,EXP,ISCED11_1T8,_T,INST_EDU,CUR,Q,USD_PPP,NATURE,2017,24175.4386130268,A,6,0,2020,A14
OECD.EDU.IMEP:DSD_EAG_UOE_FIN@DF_UOE_FIN_NATURE_CUR_CAP(3.1),BEL,EXP,ISCED11_1T8,_T,INST_EDU,CUR,Q,USD_PPP,NATURE,2017,35659.6522875938,A,6,0,2020,A14
OECD.EDU.IMEP:DSD_EAG_UOE_FIN@DF_UOE_FIN_NATURE_CUR_CAP(3.1),CAN,EXP,ISCED11_1T8,_T,INST_EDU,CUR,Q,USD_PPP,NATURE,2017,99025.5319095619,A,6,0,2020,A14
OECD.EDU.IMEP:DSD_EAG_UOE_FIN@DF_UOE_FIN_NATURE_CUR_CAP(3.1),CHL,EXP,ISCED11_1T8,_T,INST_EDU,CUR,Q,USD_PPP,NATURE,2017,30002.342877795,A,6,0,2020,A14
OECD.EDU.IMEP:DSD_EAG_UOE_FIN@DF_UOE_FIN_NATURE_CUR_CAP(3.1),CZE,EXP,ISCED11_1T8,_T,INST_EDU,CUR,Q,USD_PPP,NATURE,2017,11437.7366376312,A,6,0,2020,A14
OECD.EDU.IMEP:DSD_EAG_UOE_FIN@DF_UOE_FIN_NATURE_CUR_CAP(3.1),DNK,EXP,ISCED11_1T8,_T,INST_EDU,CUR,Q,USD_PPP,NATURE,2017,18605.7381333049,A,6,0,2020,A14
OECD.EDU.IMEP:DSD_EAG_UOE_FIN@DF_UOE_FIN_NATURE_CUR_CAP(3.1),EST,EXP,ISCED11_1T8,_T,INST_EDU,CUR,Q,USD_PPP,NATURE,2017,2031.74913425045,A,6,0,2020,A14
OECD.EDU.IMEP:DSD_EAG_UOE_FIN@DF_UOE_FIN_NATURE_CUR_CAP(3.1),FIN,EXP,ISCED11_1T8,_T,INST_EDU,CUR,Q,USD_PPP,NATURE,2017,14015.5903464645,A,6,0,2020,A14
OECD.EDU.IMEP:DSD_EAG_UOE_FIN@DF_UOE_FIN_NATURE_CUR_CAP(3.1),FRA,EXP,ISCED11_1T8,_T,INST_EDU,CUR,Q,USD_PPP,NATURE,2017,167912.528288548,A,6,0,2020,A14
OECD.EDU.IMEP:DSD_EAG_UOE_FIN@DF_UOE_FIN_NATURE_CUR_CAP(3.1),DEU,EXP,ISCED11_1T8,_T,INST_EDU,CUR,Q,USD_PPP,NATURE,2017,189669.685932141,A,6,0,2020,A14
OECD.EDU.IMEP:DSD_EAG_UOE_FIN@DF_UOE_FIN_NATURE_CUR_CAP(3.1),GRC,EXP,ISCED11_1T8,_T,INST_EDU,CUR,Q,USD_PPP,NATURE,2017,10412.4086890088,A,6,0,2020,A14
OECD.EDU.IMEP:DSD_EAG_UOE_FIN@DF_UOE_FIN_NATURE_CUR_CAP(3.1),HUN,EXP,ISCED11_1T8,_T,INST_EDU,CUR,Q,USD_PPP,NATURE,2017,11406.2012699346,A,6,0,2020,A14
OECD.EDU.IMEP:DSD_EAG_UOE_FIN@DF_UOE_FIN_NATURE_CUR_CAP(3.1),IRL,EXP,ISCED11_1T8,_T,INST_EDU,CUR,Q,USD_PPP,NATURE,2017,14628.2754214155,A,6,0,2020,A14
OECD.EDU.IMEP:DSD_EAG_UOE_FIN@DF_UOE_FIN_NATURE_CUR_CAP(3.1),ISR,EXP,ISCED11_1T8,_T,INST_EDU,CUR,Q,USD_PPP,NATURE,2017,18377.4845657811,A,6,0,2020,A14
OECD.EDU.IMEP:DSD_EAG_UOE_FIN@DF_UOE_FIN_NATURE_CUR_CAP(3.1),ITA,EXP,ISCED11_1T8,_T,INST_EDU,CUR,Q,USD_PPP,NATURE,2017,107130.630161803,A,6,0,2020,A14
OECD.EDU.IMEP:DSD_EAG_UOE_FIN@DF_UOE_FIN_NATURE_CUR_CAP(3.1),KOR,EXP,ISCED11_1T8,_T,INST_EDU,CUR,Q,USD_PPP,NATURE,2017,96641.7533377497,A,6,0,2020,A14
OECD.EDU.IMEP:DSD_EAG_UOE_FIN@DF_UOE_FIN_NATURE_CUR_CAP(3.1),LVA,EXP,ISCED11_1T8,_T,INST_EDU,CUR,Q,USD_PPP,NATURE,2017,2243.16756336681,A,6,0,2020,A14
OECD.EDU.IMEP:DSD_EAG_UOE_FIN@DF_UOE_FIN_NATURE_CUR_CAP(3.1),LTU,EXP,ISCED11_1T8,_T,INST_EDU,CUR,Q,USD_PPP,NATURE,2017,3313.88101280307,A,6,0,2020,A14
OECD.EDU.IMEP:DSD_EAG_UOE_FIN@DF_UOE_FIN_NATURE_CUR_CAP(3.1),LUX,EXP,ISCED11_1T8,_T,INST_EDU,CUR,Q,USD_PPP,NATURE,2017,2231.16804844971,A,6,0,2020,A14
OECD.EDU.IMEP:DSD_EAG_UOE_FIN@DF_UOE_FIN_NATURE_CUR_CAP(3.1),POL,EXP,ISCED11_1T8,_T,INST_EDU,CUR,Q,USD_PPP,NATURE,2017,50677.1482864217,A,6,0,2020,A14
OECD.EDU.IMEP:DSD_EAG_UOE_FIN@DF_UOE_FIN_NATURE_CUR_CAP(3.1),PRT,EXP,ISCED11_1T8,_T,INST_EDU,CUR,Q,USD_PPP,NATURE,2017,16871.615122373,A,6,0,2020,A14
OECD.EDU.IMEP:DSD_EAG_UOE_FIN@DF_UOE_FIN_NATURE_CUR_CAP(3.1),SVN,EXP,ISCED11_1T8,_T,INST_EDU,CUR,Q,USD_PPP,NATURE,2017,3435.32257087823,A,6,0,2020,A14
OECD.EDU.IMEP:DSD_EAG_UOE_FIN@DF_UOE_FIN_NATURE_CUR_CAP(3.1),ESP,EXP,ISCED11_1T8,_T,INST_EDU,CUR,Q,USD_PPP,NATURE,2017,80321.6145409793,A,6,0,2020,A14
OECD.EDU.IMEP:DSD_EAG_UOE_FIN@DF_UOE_FIN_NATURE_CUR_CAP(3.1),SWE,EXP,ISCED11_1T8,_T,INST_EDU,CUR,Q,USD_PPP,NATURE,2017,30473.0657822765,A,6,0,2020,A14
OECD.EDU.IMEP:DSD_EAG_UOE_FIN@DF_UOE_FIN_NATURE_CUR_CAP(3.1),TUR,EXP,ISCED11_1T8,_T,INST_EDU,CUR,Q,USD_PPP,NATURE,2017,100522.340120134,A,6,0,2020,A14
OECD.EDU.IMEP:DSD_EAG_UOE_FIN@DF_UOE_FIN_NATURE_CUR_CAP(3.1),GBR,EXP,ISCED11_1T8,_T,INST_EDU,CUR,Q,USD_PPP,NATURE,2017,198520.374504808,A,6,0,2020,A14
OECD.EDU.IMEP:DSD_EAG_UOE_FIN@DF_UOE_FIN_NATURE_CUR_CAP(3.1),USA,EXP,ISCED11_1T8,_T,INST_EDU,CUR,Q,USD_PPP,NATURE,2017,1117320.26161695,A,6,0,2020,A14
OECD.EDU.IMEP:DSD_EAG_UOE_FIN@DF_UOE_FIN_NATURE_CUR_CAP(3.1),ARG,EXP,ISCED11_1T8,_T,INST_EDU,CUR,Q,USD_PPP,NATURE,2017,49680.339671105,A,6,0,2020,A14
OECD.EDU.IMEP:DSD_EAG_UOE_FIN@DF_UOE_FIN_NATURE_CUR_CAP(3.1),BGR,EXP,ISCED11_1T8,_T,INST_EDU,CUR,Q,USD_PPP,NATURE,2017,4980.69115319685,A,6,0,2020,A14
OECD.EDU.IMEP:DSD_EAG_UOE_FIN@DF_UOE_FIN_NATURE_CUR_CAP(3.1),HRV,EXP,ISCED11_1T8,_T,INST_EDU,CUR,Q,USD_PPP,NATURE,2017,4567.41851111852,A,6,0,2020,A14
OECD.EDU.IMEP:DSD_EAG_UOE_FIN@DF_UOE_FIN_NATURE_CUR_CAP(3.1),ROU,EXP,ISCED11_1T8,_T,INST_EDU,CUR,Q,USD_PPP,NATURE,2017,13888.1986632353,A,6,0,2020,A14
OECD.EDU.IMEP:DSD_EAG_UOE_FIN@DF_UOE_FIN_NATURE_CUR_CAP(3.1),AUT,EXP,ISCED11_1T8,_T,INST_EDU,CUR,Q,USD_PPP,NATURE,2019,24584.5424068455,A,6,0,2020,A14
OECD.EDU.IMEP:DSD_EAG_UOE_FIN@DF_UOE_FIN_NATURE_CUR_CAP(3.1),BEL,EXP,ISCED11_1T8,_T,INST_EDU,CUR,Q,USD_PPP,NATURE,2019,36195.3310654183,A,6,0,2020,A14
OECD.EDU.IMEP:DSD_EAG_UOE_FIN@DF_UOE_FIN_NATURE_CUR_CAP(3.1),CAN,EXP,ISCED11_1T8,_T,INST_EDU,CUR,Q,USD_PPP,NATURE,2019,103131.510693617,A,6,0,2020,A14
OECD.EDU.IMEP:DSD_EAG_UOE_FIN@DF_UOE_FIN_NATURE_CUR_CAP(3.1),CHL,EXP,ISCED11_1T8,_T,INST_EDU,CUR,Q,USD_PPP,NATURE,2019,32255.496323718,A,6,0,2020,A14
OECD.EDU.IMEP:DSD_EAG_UOE_FIN@DF_UOE_FIN_NATURE_CUR_CAP(3.1),CZE,EXP,ISCED11_1T8,_T,INST_EDU,CUR,Q,USD_PPP,NATURE,2019,19289.0738470155,A,6,0,2020,A14
OECD.EDU.IMEP:DSD_EAG_UOE_FIN@DF_UOE_FIN_NATURE_CUR_CAP(3.1),DNK,EXP,ISCED11_1T8,_T,INST_EDU,CUR,Q,USD_PPP,NATURE,2019,19273.9431081152,A,6,0,2020,A14
OECD.EDU.IMEP:DSD_EAG_UOE_FIN@DF_UOE_FIN_NATURE_CUR_CAP(3.1),EST,EXP,ISCED11_1T8,_T,INST_EDU,CUR,Q,USD_PPP,NATURE,2019,2232.00435429257,A,6,0,2020,A14
OECD.EDU.IMEP:DSD_EAG_UOE_FIN@DF_UOE_FIN_NATURE_CUR_CAP(3.1),FIN,EXP,ISCED11_1T8,_T,INST_EDU,CUR,Q,USD_PPP,NATURE,2019,14335.2512174855,A,6,0,2020,A14
OECD.EDU.IMEP:DSD_EAG_UOE_FIN@DF_UOE_FIN_NATURE_CUR_CAP(3.1),FRA,EXP,ISCED11_1T8,_T,INST_EDU,CUR,Q,USD_PPP,NATURE,2019,170678.468328712,A,6,0,2020,A14
OECD.EDU.IMEP:DSD_EAG_UOE_FIN@DF_UOE_FIN_NATURE_CUR_CAP(3.1),GRC,EXP,ISCED11_1T8,_T,INST_EDU,CUR,Q,USD_PPP,NATURE,2019,11002.7211545744,A,6,0,2020,A14
OECD.EDU.IMEP:DSD_EAG_UOE_FIN@DF_UOE_FIN_NATURE_CUR_CAP(3.1),HUN,EXP,ISCED11_1T8,_T,INST_EDU,CUR,Q,USD_PPP,NATURE,2019,12242.6097731641,A,6,0,2020,A14
OECD.EDU.IMEP:DSD_EAG_UOE_FIN@DF_UOE_FIN_NATURE_CUR_CAP(3.1),IRL,EXP,ISCED11_1T8,_T,INST_EDU,CUR,Q,USD_PPP,NATURE,2019,15261.8669173678,A,6,0,2020,A14
OECD.EDU.IMEP:DSD_EAG_UOE_FIN@DF_UOE_FIN_NATURE_CUR_CAP(3.1),ISR,EXP,ISCED11_1T8,_T,INST_EDU,CUR,Q,USD_PPP,NATURE,2019,19965.1860028497,A,6,0,2020,A14
OECD.EDU.IMEP:DSD_EAG_UOE_FIN@DF_UOE_FIN_NATURE_CUR_CAP(3.1),ITA,EXP,ISCED11_1T8,_T,INST_EDU,CUR,Q,USD_PPP,NATURE,2019,106173.859905568,A,6,0,2020,A14
OECD.EDU.IMEP:DSD_EAG_UOE_FIN@DF_UOE_FIN_NATURE_CUR_CAP(3.1),KOR,EXP,ISCED11_1T8,_T,INST_EDU,CUR,Q,USD_PPP,NATURE,2019,103867.765140952,A,6,0,2020,A14
OECD.EDU.IMEP:DSD_EAG_UOE_FIN@DF_UOE_FIN_NATURE_CUR_CAP(3.1),LVA,EXP,ISCED11_1T8,_T,INST_EDU,CUR,Q,USD_PPP,NATURE,2019,2303.1038266323,A,6,0,2020,A14
OECD.EDU.IMEP:DSD_EAG_UOE_FIN@DF_UOE_FIN_NATURE_CUR_CAP(3.1),LTU,EXP,ISCED11_1T8,_T,INST_EDU,CUR,Q,USD_PPP,NATURE,2019,3641.37156217437,A,6,0,2020,A14
OECD.EDU.IMEP:DSD_EAG_UOE_FIN@DF_UOE_FIN_NATURE_CUR_CAP(3.1),LUX,EXP,ISCED11_1T8,_T,INST_EDU,CUR,Q,USD_PPP,NATURE,2019,2303.74006211815,A,6,0,2020,A14
OECD.EDU.IMEP:DSD_EAG_UOE_FIN@DF_UOE_FIN_NATURE_CUR_CAP(3.1),NOR,EXP,ISCED11_1T8,_T,INST_EDU,CUR,Q,USD_PPP,NATURE,2019,17945.1128270745,A,6,0,2020,A14
OECD.EDU.IMEP:DSD_EAG_UOE_FIN@DF_UOE_FIN_NATURE_CUR_CAP(3.1),POL,EXP,ISCED11_1T8,_T,INST_EDU,CUR,Q,USD_PPP,NATURE,2019,56797.5955697051,A,6,0,2020,A14
OECD.EDU.IMEP:DSD_EAG_UOE_FIN@DF_UOE_FIN_NATURE_CUR_CAP(3.1),SVK,EXP,ISCED11_1T8,_T,INST_EDU,CUR,Q,USD_PPP,NATURE,2019,7359.1207678301,A,6,0,2020,A14
OECD.EDU.IMEP:DSD_EAG_UOE_FIN@DF_UOE_FIN_NATURE_CUR_CAP(3.1),SVN,EXP,ISCED11_1T8,_T,INST_EDU,CUR,Q,USD_PPP,NATURE,2019,3634.37811526226,A,6,0,2020,A14
OECD.EDU.IMEP:DSD_EAG_UOE_FIN@DF_UOE_FIN_NATURE_CUR_CAP(3.1),ESP,EXP,ISCED11_1T8,_T,INST_EDU,CUR,Q,USD_PPP,NATURE,2019,84640.1444487108,A,6,0,2020,A14
OECD.EDU.IMEP:DSD_EAG_UOE_FIN@DF_UOE_FIN_NATURE_CUR_CAP(3.1),SWE,EXP,ISCED11_1T8,_T,INST_EDU,CUR,Q,USD_PPP,NATURE,2019,32035.2869739494,A,6,0,2020,A14
OECD.EDU.IMEP:DSD_EAG_UOE_FIN@DF_UOE_FIN_NATURE_CUR_CAP(3.1),TUR,EXP,ISCED11_1T8,_T,INST_EDU,CUR,Q,USD_PPP,NATURE,2019,106118.018565258,A,6,0,2020,A14
OECD.EDU.IMEP:DSD_EAG_UOE_FIN@DF_UOE_FIN_NATURE_CUR_CAP(3.1),GBR,EXP,ISCED11_1T8,_T,INST_EDU,CUR,Q,USD_PPP,NATURE,2019,191534.644929892,A,6,0,2020,A14
OECD.EDU.IMEP:DSD_EAG_UOE_FIN@DF_UOE_FIN_NATURE_CUR_CAP(3.1),USA,EXP,ISCED11_1T8,_T,INST_EDU,CUR,Q,USD_PPP,NATURE,2019,1150868.76199695,A,6,0,2020,A14
OECD.EDU.IMEP:DSD_EAG_UOE_FIN@DF_UOE_FIN_NATURE_CUR_CAP(3.1),BGR,EXP,ISCED11_1T8,_T,INST_EDU,CUR,Q,USD_PPP,NATURE,2019,5589.23833810587,A,6,0,2020,A14
OECD.EDU.IMEP:DSD_EAG_UOE_FIN@DF_UOE_FIN_NATURE_CUR_CAP(3.1),HRV,EXP,ISCED11_1T8,_T,INST_EDU,CUR,Q,USD_PPP,NATURE,2019,4885.80971815536,A,6,0,2020,A14
OECD.EDU.IMEP:DSD_EAG_UOE_FIN@DF_UOE_FIN_NATURE_CUR_CAP(3.1),ROU,EXP,ISCED11_1T8,_T,INST_EDU,CUR,Q,USD_PPP,NATURE,2019,17861.5632732167,A,6,0,2020,A14
OECD.EDU.IMEP:DSD_EAG_UOE_FIN@DF_UOE_FIN_NATURE_CUR_CAP(3.1),AUT,EXP,ISCED11_1T8,_T,INST_EDU,CUR,Q,USD_PPP,NATURE,2015,23777.38242879,A,6,0,2020,A14
OECD.EDU.IMEP:DSD_EAG_UOE_FIN@DF_UOE_FIN_NATURE_CUR_CAP(3.1),BEL,EXP,ISCED11_1T8,_T,INST_EDU,CUR,Q,USD_PPP,NATURE,2015,34622.8552444838,A,6,0,2020,A14
OECD.EDU.IMEP:DSD_EAG_UOE_FIN@DF_UOE_FIN_NATURE_CUR_CAP(3.1),CAN,EXP,ISCED11_1T8,_T,INST_EDU,CUR,Q,USD_PPP,NATURE,2015,94860.4565669968,A,6,0,2020,A14
OECD.EDU.IMEP:DSD_EAG_UOE_FIN@DF_UOE_FIN_NATURE_CUR_CAP(3.1),EST,EXP,ISCED11_1T8,_T,INST_EDU,CUR,Q,USD_PPP,NATURE,2015,1969.64312345472,A,6,0,2020,A14
OECD.EDU.IMEP:DSD_EAG_UOE_FIN@DF_UOE_FIN_NATURE_CUR_CAP(3.1),FIN,EXP,ISCED11_1T8,_T,INST_EDU,CUR,Q,USD_PPP,NATURE,2015,14520.7340239429,A,6,0,2020,A14
OECD.EDU.IMEP:DSD_EAG_UOE_FIN@DF_UOE_FIN_NATURE_CUR_CAP(3.1),FRA,EXP,ISCED11_1T8,_T,INST_EDU,CUR,Q,USD_PPP,NATURE,2015,162373.62791276,A,6,0,2020,A14
OECD.EDU.IMEP:DSD_EAG_UOE_FIN@DF_UOE_FIN_NATURE_CUR_CAP(3.1),DEU,EXP,ISCED11_1T8,_T,INST_EDU,CUR,Q,USD_PPP,NATURE,2015,182695.821580373,A,6,0,2020,A14
OECD.EDU.IMEP:DSD_EAG_UOE_FIN@DF_UOE_FIN_NATURE_CUR_CAP(3.1),GRC,EXP,ISCED11_1T8,_T,INST_EDU,CUR,Q,USD_PPP,NATURE,2015,10360.1939299791,A,6,0,2020,A14
OECD.EDU.IMEP:DSD_EAG_UOE_FIN@DF_UOE_FIN_NATURE_CUR_CAP(3.1),HUN,EXP,ISCED11_1T8,_T,INST_EDU,CUR,Q,USD_PPP,NATURE,2015,10642.8700239944,A,6,0,2020,A14
OECD.EDU.IMEP:DSD_EAG_UOE_FIN@DF_UOE_FIN_NATURE_CUR_CAP(3.1),IRL,EXP,ISCED11_1T8,_T,INST_EDU,CUR,Q,USD_PPP,NATURE,2015,14057.4011676105,A,6,0,2020,A14
OECD.EDU.IMEP:DSD_EAG_UOE_FIN@DF_UOE_FIN_NATURE_CUR_CAP(3.1),ITA,EXP,ISCED11_1T8,_T,INST_EDU,CUR,Q,USD_PPP,NATURE,2015,102786.860713622,A,6,0,2020,A14
OECD.EDU.IMEP:DSD_EAG_UOE_FIN@DF_UOE_FIN_NATURE_CUR_CAP(3.1),KOR,EXP,ISCED11_1T8,_T,INST_EDU,CUR,Q,USD_PPP,NATURE,2015,96185.6308195952,A,6,0,2020,A14
OECD.EDU.IMEP:DSD_EAG_UOE_FIN@DF_UOE_FIN_NATURE_CUR_CAP(3.1),LVA,EXP,ISCED11_1T8,_T,INST_EDU,CUR,Q,USD_PPP,NATURE,2015,2263.67149085147,A,6,0,2020,A14
OECD.EDU.IMEP:DSD_EAG_UOE_FIN@DF_UOE_FIN_NATURE_CUR_CAP(3.1),LTU,EXP,ISCED11_1T8,_T,INST_EDU,CUR,Q,USD_PPP,NATURE,2015,3338.85010702938,A,6,0,2020,A14
OECD.EDU.IMEP:DSD_EAG_UOE_FIN@DF_UOE_FIN_NATURE_CUR_CAP(3.1),LUX,EXP,ISCED11_1T8,_T,INST_EDU,CUR,Q,USD_PPP,NATURE,2015,2110.72969696137,A,6,0,2020,A14
OECD.EDU.IMEP:DSD_EAG_UOE_FIN@DF_UOE_FIN_NATURE_CUR_CAP(3.1),NLD,EXP,ISCED11_1T8,_T,INST_EDU,CUR,Q,USD_PPP,NATURE,2015,47617.9579147139,A,6,0,2020,A14
OECD.EDU.IMEP:DSD_EAG_UOE_FIN@DF_UOE_FIN_NATURE_CUR_CAP(3.1),NOR,EXP,ISCED11_1T8,_T,INST_EDU,CUR,Q,USD_PPP,NATURE,2015,16958.6125429903,A,6,0,2020,A14
OECD.EDU.IMEP:DSD_EAG_UOE_FIN@DF_UOE_FIN_NATURE_CUR_CAP(3.1),POL,EXP,ISCED11_1T8,_T,INST_EDU,CUR,Q,USD_PPP,NATURE,2015,50170.2073398161,A,6,0,2020,A14
OECD.EDU.IMEP:DSD_EAG_UOE_FIN@DF_UOE_FIN_NATURE_CUR_CAP(3.1),SVN,EXP,ISCED11_1T8,_T,INST_EDU,CUR,Q,USD_PPP,NATURE,2015,3277.79958016659,A,6,0,2020,A14
OECD.EDU.IMEP:DSD_EAG_UOE_FIN@DF_UOE_FIN_NATURE_CUR_CAP(3.1),ESP,EXP,ISCED11_1T8,_T,INST_EDU,CUR,Q,USD_PPP,NATURE,2015,77121.2775275687,A,6,0,2020,A14
OECD.EDU.IMEP:DSD_EAG_UOE_FIN@DF_UOE_FIN_NATURE_CUR_CAP(3.1),SWE,EXP,ISCED11_1T8,_T,INST_EDU,CUR,Q,USD_PPP,NATURE,2015,27587.1642015039,A,6,0,2020,A14
OECD.EDU.IMEP:DSD_EAG_UOE_FIN@DF_UOE_FIN_NATURE_CUR_CAP(3.1),TUR,EXP,ISCED11_1T8,_T,INST_EDU,CUR,Q,USD_PPP,NATURE,2015,89346.7850907435,A,6,0,2020,A14
OECD.EDU.IMEP:DSD_EAG_UOE_FIN@DF_UOE_FIN_NATURE_CUR_CAP(3.1),GBR,EXP,ISCED11_1T8,_T,INST_EDU,CUR,Q,USD_PPP,NATURE,2015,199396.613495408,A,6,0,2020,A14
OECD.EDU.IMEP:DSD_EAG_UOE_FIN@DF_UOE_FIN_NATURE_CUR_CAP(3.1),USA,EXP,ISCED11_1T8,_T,INST_EDU,CUR,Q,USD_PPP,NATURE,2015,1067608.47283263,A,6,0,2020,A14
OECD.EDU.IMEP:DSD_EAG_UOE_FIN@DF_UOE_FIN_NATURE_CUR_CAP(3.1),ARG,EXP,ISCED11_1T8,_T,INST_EDU,CUR,Q,USD_PPP,NATURE,2015,51850.8235669887,A,6,0,2020,A14
OECD.EDU.IMEP:DSD_EAG_UOE_FIN@DF_UOE_FIN_NATURE_CUR_CAP(3.1),BGR,EXP,ISCED11_1T8,_T,INST_EDU,CUR,Q,USD_PPP,NATURE,2015,4477.229667346,A,6,0,2020,A14
OECD.EDU.IMEP:DSD_EAG_UOE_FIN@DF_UOE_FIN_NATURE_CUR_CAP(3.1),HRV,EXP,ISCED11_1T8,_T,INST_EDU,CUR,Q,USD_PPP,NATURE,2015,4434.42009018694,A,6,0,2020,A14
OECD.EDU.IMEP:DSD_EAG_UOE_FIN@DF_UOE_FIN_NATURE_CUR_CAP(3.1),IDN,EXP,ISCED11_1T8,_T,INST_EDU,CUR,Q,USD_PPP,NATURE,2015,71315.5687752732,A,6,0,2020,A14
OECD.EDU.IMEP:DSD_EAG_UOE_FIN@DF_UOE_FIN_NATURE_CUR_CAP(3.1),ROU,EXP,ISCED11_1T8,_T,INST_EDU,CUR,Q,USD_PPP,NATURE,2015,13906.0999514697,A,6,0,2020,A14
OECD.EDU.IMEP:DSD_EAG_UOE_FIN@DF_UOE_FIN_NATURE_CUR_CAP(3.1),AUT,EXP,ISCED11_1T8,_T,INST_EDU,CUR,Q,USD_PPP,NATURE,2018,23959.6046140544,A,6,0,2020,A14
OECD.EDU.IMEP:DSD_EAG_UOE_FIN@DF_UOE_FIN_NATURE_CUR_CAP(3.1),BEL,EXP,ISCED11_1T8,_T,INST_EDU,CUR,Q,USD_PPP,NATURE,2018,35971.5283371897,A,6,0,2020,A14
OECD.EDU.IMEP:DSD_EAG_UOE_FIN@DF_UOE_FIN_NATURE_CUR_CAP(3.1),CAN,EXP,ISCED11_1T8,_T,INST_EDU,CUR,Q,USD_PPP,NATURE,2018,99767.416722659,A,6,0,2020,A14
OECD.EDU.IMEP:DSD_EAG_UOE_FIN@DF_UOE_FIN_NATURE_CUR_CAP(3.1),CHL,EXP,ISCED11_1T8,_T,INST_EDU,CUR,Q,USD_PPP,NATURE,2018,32982.8138844695,A,6,0,2020,A14
OECD.EDU.IMEP:DSD_EAG_UOE_FIN@DF_UOE_FIN_NATURE_CUR_CAP(3.1),CZE,EXP,ISCED11_1T8,_T,INST_EDU,CUR,Q,USD_PPP,NATURE,2018,12542.8595150283,A,6,0,2020,A14
OECD.EDU.IMEP:DSD_EAG_UOE_FIN@DF_UOE_FIN_NATURE_CUR_CAP(3.1),DNK,EXP,ISCED11_1T8,_T,INST_EDU,CUR,Q,USD_PPP,NATURE,2018,18899.1960061135,A,6,0,2020,A14
OECD.EDU.IMEP:DSD_EAG_UOE_FIN@DF_UOE_FIN_NATURE_CUR_CAP(3.1),EST,EXP,ISCED11_1T8,_T,INST_EDU,CUR,Q,USD_PPP,NATURE,2018,2161.50229638377,A,6,0,2020,A14
OECD.EDU.IMEP:DSD_EAG_UOE_FIN@DF_UOE_FIN_NATURE_CUR_CAP(3.1),FIN,EXP,ISCED11_1T8,_T,INST_EDU,CUR,Q,USD_PPP,NATURE,2018,14160.029680466,A,6,0,2020,A14
OECD.EDU.IMEP:DSD_EAG_UOE_FIN@DF_UOE_FIN_NATURE_CUR_CAP(3.1),FRA,EXP,ISCED11_1T8,_T,INST_EDU,CUR,Q,USD_PPP,NATURE,2018,169491.533479343,A,6,0,2020,A14
OECD.EDU.IMEP:DSD_EAG_UOE_FIN@DF_UOE_FIN_NATURE_CUR_CAP(3.1),DEU,EXP,ISCED11_1T8,_T,INST_EDU,CUR,Q,USD_PPP,NATURE,2018,193111.637915664,A,6,0,2020,A14
OECD.EDU.IMEP:DSD_EAG_UOE_FIN@DF_UOE_FIN_NATURE_CUR_CAP(3.1),GRC,EXP,ISCED11_1T8,_T,INST_EDU,CUR,Q,USD_PPP,NATURE,2018,10983.8825522145,A,6,0,2020,A14
OECD.EDU.IMEP:DSD_EAG_UOE_FIN@DF_UOE_FIN_NATURE_CUR_CAP(3.1),HUN,EXP,ISCED11_1T8,_T,INST_EDU,CUR,Q,USD_PPP,NATURE,2018,11533.7475983973,A,6,0,2020,A14
OECD.EDU.IMEP:DSD_EAG_UOE_FIN@DF_UOE_FIN_NATURE_CUR_CAP(3.1),IRL,EXP,ISCED11_1T8,_T,INST_EDU,CUR,Q,USD_PPP,NATURE,2018,15339.426870681,A,6,0,2020,A14
OECD.EDU.IMEP:DSD_EAG_UOE_FIN@DF_UOE_FIN_NATURE_CUR_CAP(3.1),ISR,EXP,ISCED11_1T8,_T,INST_EDU,CUR,Q,USD_PPP,NATURE,2018,19292.3003073602,A,6,0,2020,A14
OECD.EDU.IMEP:DSD_EAG_UOE_FIN@DF_UOE_FIN_NATURE_CUR_CAP(3.1),ITA,EXP,ISCED11_1T8,_T,INST_EDU,CUR,Q,USD_PPP,NATURE,2018,109245.713024475,A,6,0,2020,A14
OECD.EDU.IMEP:DSD_EAG_UOE_FIN@DF_UOE_FIN_NATURE_CUR_CAP(3.1),KOR,EXP,ISCED11_1T8,_T,INST_EDU,CUR,Q,USD_PPP,NATURE,2018,99631.3043868459,A,6,0,2020,A14
OECD.EDU.IMEP:DSD_EAG_UOE_FIN@DF_UOE_FIN_NATURE_CUR_CAP(3.1),LVA,EXP,ISCED11_1T8,_T,INST_EDU,CUR,Q,USD_PPP,NATURE,2018,2201.40700419055,A,6,0,2020,A14
OECD.EDU.IMEP:DSD_EAG_UOE_FIN@DF_UOE_FIN_NATURE_CUR_CAP(3.1),LTU,EXP,ISCED11_1T8,_T,INST_EDU,CUR,Q,USD_PPP,NATURE,2018,3387.29586305381,A,6,0,2020,A14
OECD.EDU.IMEP:DSD_EAG_UOE_FIN@DF_UOE_FIN_NATURE_CUR_CAP(3.1),LUX,EXP,ISCED11_1T8,_T,INST_EDU,CUR,Q,USD_PPP,NATURE,2018,2132.24252746348,A,6,0,2020,A14
OECD.EDU.IMEP:DSD_EAG_UOE_FIN@DF_UOE_FIN_NATURE_CUR_CAP(3.1),NOR,EXP,ISCED11_1T8,_T,INST_EDU,CUR,Q,USD_PPP,NATURE,2018,17586.9121768158,A,6,0,2020,A14
OECD.EDU.IMEP:DSD_EAG_UOE_FIN@DF_UOE_FIN_NATURE_CUR_CAP(3.1),POL,EXP,ISCED11_1T8,_T,INST_EDU,CUR,Q,USD_PPP,NATURE,2018,53521.5849080378,A,6,0,2020,A14
OECD.EDU.IMEP:DSD_EAG_UOE_FIN@DF_UOE_FIN_NATURE_CUR_CAP(3.1),PRT,EXP,ISCED11_1T8,_T,INST_EDU,CUR,Q,USD_PPP,NATURE,2018,16748.9633774954,A,6,0,2020,A14
OECD.EDU.IMEP:DSD_EAG_UOE_FIN@DF_UOE_FIN_NATURE_CUR_CAP(3.1),SVK,EXP,ISCED11_1T8,_T,INST_EDU,CUR,Q,USD_PPP,NATURE,2018,6758.42951379711,A,6,0,2020,A14
OECD.EDU.IMEP:DSD_EAG_UOE_FIN@DF_UOE_FIN_NATURE_CUR_CAP(3.1),SVN,EXP,ISCED11_1T8,_T,INST_EDU,CUR,Q,USD_PPP,NATURE,2018,3461.73132186024,A,6,0,2020,A14
OECD.EDU.IMEP:DSD_EAG_UOE_FIN@DF_UOE_FIN_NATURE_CUR_CAP(3.1),ESP,EXP,ISCED11_1T8,_T,INST_EDU,CUR,Q,USD_PPP,NATURE,2018,82499.2118145214,A,6,0,2020,A14
OECD.EDU.IMEP:DSD_EAG_UOE_FIN@DF_UOE_FIN_NATURE_CUR_CAP(3.1),SWE,EXP,ISCED11_1T8,_T,INST_EDU,CUR,Q,USD_PPP,NATURE,2018,31600.3650296833,A,6,0,2020,A14
OECD.EDU.IMEP:DSD_EAG_UOE_FIN@DF_UOE_FIN_NATURE_CUR_CAP(3.1),TUR,EXP,ISCED11_1T8,_T,INST_EDU,CUR,Q,USD_PPP,NATURE,2018,102195.656406087,A,6,0,2020,A14
OECD.EDU.IMEP:DSD_EAG_UOE_FIN@DF_UOE_FIN_NATURE_CUR_CAP(3.1),GBR,EXP,ISCED11_1T8,_T,INST_EDU,CUR,Q,USD_PPP,NATURE,2018,199098.152938345,A,6,0,2020,A14
OECD.EDU.IMEP:DSD_EAG_UOE_FIN@DF_UOE_FIN_NATURE_CUR_CAP(3.1),USA,EXP,ISCED11_1T8,_T,INST_EDU,CUR,Q,USD_PPP,NATURE,2018,1124714.82693131,A,6,0,2020,A14
OECD.EDU.IMEP:DSD_EAG_UOE_FIN@DF_UOE_FIN_NATURE_CUR_CAP(3.1),ARG,EXP,ISCED11_1T8,_T,INST_EDU,CUR,Q,USD_PPP,NATURE,2018,46731.6446170006,A,6,0,2020,A14
OECD.EDU.IMEP:DSD_EAG_UOE_FIN@DF_UOE_FIN_NATURE_CUR_CAP(3.1),BGR,EXP,ISCED11_1T8,_T,INST_EDU,CUR,Q,USD_PPP,NATURE,2018,5201.83179858673,A,6,0,2020,A14
OECD.EDU.IMEP:DSD_EAG_UOE_FIN@DF_UOE_FIN_NATURE_CUR_CAP(3.1),HRV,EXP,ISCED11_1T8,_T,INST_EDU,CUR,Q,USD_PPP,NATURE,2018,4773.38345513876,A,6,0,2020,A14
OECD.EDU.IMEP:DSD_EAG_UOE_FIN@DF_UOE_FIN_NATURE_CUR_CAP(3.1),ROU,EXP,ISCED11_1T8,_T,INST_EDU,CUR,Q,USD_PPP,NATURE,2018,15221.3157604742,A,6,0,2020,A14
OECD.EDU.IMEP:DSD_EAG_UOE_FIN@DF_UOE_FIN_NATURE_CUR_CAP(3.1),AUS,EXP,ISCED11_1T8,_T,INST_EDU,CUR,Q,USD_PPP,NATURE,2021,68737.3067742275,A,6,0,2020,A14
OECD.EDU.IMEP:DSD_EAG_UOE_FIN@DF_UOE_FIN_NATURE_CUR_CAP(3.1),AUT,EXP,ISCED11_1T8,_T,INST_EDU,CUR,Q,USD_PPP,NATURE,2021,25087.0553424587,A,6,0,2020,A14
OECD.EDU.IMEP:DSD_EAG_UOE_FIN@DF_UOE_FIN_NATURE_CUR_CAP(3.1),BEL,EXP,ISCED11_1T8,_T,INST_EDU,CUR,Q,USD_PPP,NATURE,2021,37230.8111550054,A,6,0,2020,A14
OECD.EDU.IMEP:DSD_EAG_UOE_FIN@DF_UOE_FIN_NATURE_CUR_CAP(3.1),CAN,EXP,ISCED11_1T8,_T,INST_EDU,CUR,Q,USD_PPP,NATURE,2021,99568.4942543413,A,6,0,2020,A14
OECD.EDU.IMEP:DSD_EAG_UOE_FIN@DF_UOE_FIN_NATURE_CUR_CAP(3.1),CHL,EXP,ISCED11_1T8,_T,INST_EDU,CUR,Q,USD_PPP,NATURE,2021,30601.6719001902,A,6,0,2020,A14
OECD.EDU.IMEP:DSD_EAG_UOE_FIN@DF_UOE_FIN_NATURE_CUR_CAP(3.1),CZE,EXP,ISCED11_1T8,_T,INST_EDU,CUR,Q,USD_PPP,NATURE,2021,19942.8671161409,A,6,0,2020,A14
OECD.EDU.IMEP:DSD_EAG_UOE_FIN@DF_UOE_FIN_NATURE_CUR_CAP(3.1),DNK,EXP,ISCED11_1T8,_T,INST_EDU,CUR,Q,USD_PPP,NATURE,2021,19294.0156757523,A,6,0,2020,A14
OECD.EDU.IMEP:DSD_EAG_UOE_FIN@DF_UOE_FIN_NATURE_CUR_CAP(3.1),EST,EXP,ISCED11_1T8,_T,INST_EDU,CUR,Q,USD_PPP,NATURE,2021,2282.16030397075,A,6,0,2020,A14
OECD.EDU.IMEP:DSD_EAG_UOE_FIN@DF_UOE_FIN_NATURE_CUR_CAP(3.1),FIN,EXP,ISCED11_1T8,_T,INST_EDU,CUR,Q,USD_PPP,NATURE,2021,14725.8679471589,A,6,0,2020,A14
OECD.EDU.IMEP:DSD_EAG_UOE_FIN@DF_UOE_FIN_NATURE_CUR_CAP(3.1),FRA,EXP,ISCED11_1T8,_T,INST_EDU,CUR,Q,USD_PPP,NATURE,2021,173615.999931129,A,6,0,2020,A14
OECD.EDU.IMEP:DSD_EAG_UOE_FIN@DF_UOE_FIN_NATURE_CUR_CAP(3.1),HUN,EXP,ISCED11_1T8,_T,INST_EDU,CUR,Q,USD_PPP,NATURE,2021,12945.7085022774,A,6,0,2020,A14
OECD.EDU.IMEP:DSD_EAG_UOE_FIN@DF_UOE_FIN_NATURE_CUR_CAP(3.1),IRL,EXP,ISCED11_1T8,_T,INST_EDU,CUR,Q,USD_PPP,NATURE,2021,16945.2596947471,A,6,0,2020,A14
OECD.EDU.IMEP:DSD_EAG_UOE_FIN@DF_UOE_FIN_NATURE_CUR_CAP(3.1),ISR,EXP,ISCED11_1T8,_T,INST_EDU,CUR,Q,USD_PPP,NATURE,2021,21445.8944817412,A,6,0,2020,A14
OECD.EDU.IMEP:DSD_EAG_UOE_FIN@DF_UOE_FIN_NATURE_CUR_CAP(3.1),ITA,EXP,ISCED11_1T8,_T,INST_EDU,CUR,Q,USD_PPP,NATURE,2021,109062.313779091,A,6,0,2020,A14
OECD.EDU.IMEP:DSD_EAG_UOE_FIN@DF_UOE_FIN_NATURE_CUR_CAP(3.1),KOR,EXP,ISCED11_1T8,_T,INST_EDU,CUR,Q,USD_PPP,NATURE,2021,103359.14440173,A,6,0,2020,A14
OECD.EDU.IMEP:DSD_EAG_UOE_FIN@DF_UOE_FIN_NATURE_CUR_CAP(3.1),LVA,EXP,ISCED11_1T8,_T,INST_EDU,CUR,Q,USD_PPP,NATURE,2021,2375.19155196874,A,6,0,2020,A14
OECD.EDU.IMEP:DSD_EAG_UOE_FIN@DF_UOE_FIN_NATURE_CUR_CAP(3.1),LTU,EXP,ISCED11_1T8,_T,INST_EDU,CUR,Q,USD_PPP,NATURE,2021,3938.31205376936,A,6,0,2020,A14
OECD.EDU.IMEP:DSD_EAG_UOE_FIN@DF_UOE_FIN_NATURE_CUR_CAP(3.1),LUX,EXP,ISCED11_1T8,_T,INST_EDU,CUR,Q,USD_PPP,NATURE,2021,2431.89765127368,A,6,0,2020,A14
OECD.EDU.IMEP:DSD_EAG_UOE_FIN@DF_UOE_FIN_NATURE_CUR_CAP(3.1),NLD,EXP,ISCED11_1T8,_T,INST_EDU,CUR,Q,USD_PPP,NATURE,2021,52575.5336275971,A,6,0,2020,A14
OECD.EDU.IMEP:DSD_EAG_UOE_FIN@DF_UOE_FIN_NATURE_CUR_CAP(3.1),NOR,EXP,ISCED11_1T8,_T,INST_EDU,CUR,Q,USD_PPP,NATURE,2021,19120.1071478508,A,6,0,2020,A14
OECD.EDU.IMEP:DSD_EAG_UOE_FIN@DF_UOE_FIN_NATURE_CUR_CAP(3.1),POL,EXP,ISCED11_1T8,_T,INST_EDU,CUR,Q,USD_PPP,NATURE,2021,58565.9244325391,A,6,0,2020,A14
OECD.EDU.IMEP:DSD_EAG_UOE_FIN@DF_UOE_FIN_NATURE_CUR_CAP(3.1),PRT,EXP,ISCED11_1T8,_T,INST_EDU,CUR,Q,USD_PPP,NATURE,2021,17312.0789864181,A,6,0,2020,A14
OECD.EDU.IMEP:DSD_EAG_UOE_FIN@DF_UOE_FIN_NATURE_CUR_CAP(3.1),SVK,EXP,ISCED11_1T8,_T,INST_EDU,CUR,Q,USD_PPP,NATURE,2021,8265.19184474657,A,6,0,2020,A14
OECD.EDU.IMEP:DSD_EAG_UOE_FIN@DF_UOE_FIN_NATURE_CUR_CAP(3.1),SVN,EXP,ISCED11_1T8,_T,INST_EDU,CUR,Q,USD_PPP,NATURE,2021,4044.00265213156,A,6,0,2020,A14
OECD.EDU.IMEP:DSD_EAG_UOE_FIN@DF_UOE_FIN_NATURE_CUR_CAP(3.1),ESP,EXP,ISCED11_1T8,_T,INST_EDU,CUR,Q,USD_PPP,NATURE,2021,89344.4335577621,A,6,0,2020,A14
OECD.EDU.IMEP:DSD_EAG_UOE_FIN@DF_UOE_FIN_NATURE_CUR_CAP(3.1),SWE,EXP,ISCED11_1T8,_T,INST_EDU,CUR,Q,USD_PPP,NATURE,2021,31933.8068989763,A,6,0,2020,A14
OECD.EDU.IMEP:DSD_EAG_UOE_FIN@DF_UOE_FIN_NATURE_CUR_CAP(3.1),TUR,EXP,ISCED11_1T8,_T,INST_EDU,CUR,Q,USD_PPP,NATURE,2021,98134.4849558174,A,6,0,2020,A14
OECD.EDU.IMEP:DSD_EAG_UOE_FIN@DF_UOE_FIN_NATURE_CUR_CAP(3.1),GBR,EXP,ISCED11_1T8,_T,INST_EDU,CUR,Q,USD_PPP,NATURE,2021,214307.064553922,A,6,0,2020,A14
OECD.EDU.IMEP:DSD_EAG_UOE_FIN@DF_UOE_FIN_NATURE_CUR_CAP(3.1),USA,EXP,ISCED11_1T8,_T,INST_EDU,CUR,Q,USD_PPP,NATURE,2021,1127234.69980199,A,6,0,2020,A14
OECD.EDU.IMEP:DSD_EAG_UOE_FIN@DF_UOE_FIN_NATURE_CUR_CAP(3.1),BGR,EXP,ISCED11_1T8,_T,INST_EDU,CUR,Q,USD_PPP,NATURE,2021,6394.54378449069,A,6,0,2020,A14
OECD.EDU.IMEP:DSD_EAG_UOE_FIN@DF_UOE_FIN_NATURE_CUR_CAP(3.1),HRV,EXP,ISCED11_1T8,_T,INST_EDU,CUR,Q,USD_PPP,NATURE,2021,5309.41610742537,A,6,0,2020,A14
OECD.EDU.IMEP:DSD_EAG_UOE_FIN@DF_UOE_FIN_NATURE_CUR_CAP(3.1),ROU,EXP,ISCED11_1T8,_T,INST_EDU,CUR,Q,USD_PPP,NATURE,2021,16606.8425427704,A,6,0,2020,A14
OECD.EDU.IMEP:DSD_EAG_UOE_FIN@DF_UOE_FIN_NATURE_CUR_CAP(3.1),AUS,EXP,ISCED11_1T8,_T,INST_EDU,CUR,Q,USD_PPP,NATURE,2020,70203.2066686639,A,6,0,2020,A14
OECD.EDU.IMEP:DSD_EAG_UOE_FIN@DF_UOE_FIN_NATURE_CUR_CAP(3.1),AUT,EXP,ISCED11_1T8,_T,INST_EDU,CUR,Q,USD_PPP,NATURE,2020,24134.3264741033,A,6,0,2020,A14
OECD.EDU.IMEP:DSD_EAG_UOE_FIN@DF_UOE_FIN_NATURE_CUR_CAP(3.1),BEL,EXP,ISCED11_1T8,_T,INST_EDU,CUR,Q,USD_PPP,NATURE,2020,37184.7297759595,A,6,0,2020,A14
OECD.EDU.IMEP:DSD_EAG_UOE_FIN@DF_UOE_FIN_NATURE_CUR_CAP(3.1),CAN,EXP,ISCED11_1T8,_T,INST_EDU,CUR,Q,USD_PPP,NATURE,2020,103449.727841397,A,6,0,2020,A14
OECD.EDU.IMEP:DSD_EAG_UOE_FIN@DF_UOE_FIN_NATURE_CUR_CAP(3.1),CHL,EXP,ISCED11_1T8,_T,INST_EDU,CUR,Q,USD_PPP,NATURE,2020,29998.2711621266,A,6,0,2020,A14
OECD.EDU.IMEP:DSD_EAG_UOE_FIN@DF_UOE_FIN_NATURE_CUR_CAP(3.1),CZE,EXP,ISCED11_1T8,_T,INST_EDU,CUR,Q,USD_PPP,NATURE,2020,19218.1719134238,A,6,0,2020,A14
OECD.EDU.IMEP:DSD_EAG_UOE_FIN@DF_UOE_FIN_NATURE_CUR_CAP(3.1),DNK,EXP,ISCED11_1T8,_T,INST_EDU,CUR,Q,USD_PPP,NATURE,2020,18654.7551734415,A,6,0,2020,A14
OECD.EDU.IMEP:DSD_EAG_UOE_FIN@DF_UOE_FIN_NATURE_CUR_CAP(3.1),EST,EXP,ISCED11_1T8,_T,INST_EDU,CUR,Q,USD_PPP,NATURE,2020,2236.65086703856,A,6,0,2020,A14
OECD.EDU.IMEP:DSD_EAG_UOE_FIN@DF_UOE_FIN_NATURE_CUR_CAP(3.1),FIN,EXP,ISCED11_1T8,_T,INST_EDU,CUR,Q,USD_PPP,NATURE,2020,14351.0669332961,A,6,0,2020,A14
OECD.EDU.IMEP:DSD_EAG_UOE_FIN@DF_UOE_FIN_NATURE_CUR_CAP(3.1),FRA,EXP,ISCED11_1T8,_T,INST_EDU,CUR,Q,USD_PPP,NATURE,2020,166129.52563444,A,6,0,2020,A14
OECD.EDU.IMEP:DSD_EAG_UOE_FIN@DF_UOE_FIN_NATURE_CUR_CAP(3.1),GRC,EXP,ISCED11_1T8,_T,INST_EDU,CUR,Q,USD_PPP,NATURE,2020,11775.5626184735,A,6,0,2020,A14
OECD.EDU.IMEP:DSD_EAG_UOE_FIN@DF_UOE_FIN_NATURE_CUR_CAP(3.1),HUN,EXP,ISCED11_1T8,_T,INST_EDU,CUR,Q,USD_PPP,NATURE,2020,11191.2493958355,A,6,0,2020,A14
OECD.EDU.IMEP:DSD_EAG_UOE_FIN@DF_UOE_FIN_NATURE_CUR_CAP(3.1),IRL,EXP,ISCED11_1T8,_T,INST_EDU,CUR,Q,USD_PPP,NATURE,2020,16322.6762405119,A,6,0,2020,A14
OECD.EDU.IMEP:DSD_EAG_UOE_FIN@DF_UOE_FIN_NATURE_CUR_CAP(3.1),ITA,EXP,ISCED11_1T8,_T,INST_EDU,CUR,Q,USD_PPP,NATURE,2020,104151.543906929,A,6,0,2020,A14
OECD.EDU.IMEP:DSD_EAG_UOE_FIN@DF_UOE_FIN_NATURE_CUR_CAP(3.1),KOR,EXP,ISCED11_1T8,_T,INST_EDU,CUR,Q,USD_PPP,NATURE,2020,100477.881381853,A,6,0,2020,A14
OECD.EDU.IMEP:DSD_EAG_UOE_FIN@DF_UOE_FIN_NATURE_CUR_CAP(3.1),LVA,EXP,ISCED11_1T8,_T,INST_EDU,CUR,Q,USD_PPP,NATURE,2020,2334.85589820895,A,6,0,2020,A14
OECD.EDU.IMEP:DSD_EAG_UOE_FIN@DF_UOE_FIN_NATURE_CUR_CAP(3.1),LTU,EXP,ISCED11_1T8,_T,INST_EDU,CUR,Q,USD_PPP,NATURE,2020,3778.61677878981,A,6,0,2020,A14
OECD.EDU.IMEP:DSD_EAG_UOE_FIN@DF_UOE_FIN_NATURE_CUR_CAP(3.1),LUX,EXP,ISCED11_1T8,_T,INST_EDU,CUR,Q,USD_PPP,NATURE,2020,2389.42280847855,A,6,0,2020,A14
OECD.EDU.IMEP:DSD_EAG_UOE_FIN@DF_UOE_FIN_NATURE_CUR_CAP(3.1),NOR,EXP,ISCED11_1T8,_T,INST_EDU,CUR,Q,USD_PPP,NATURE,2020,18444.4685014816,A,6,0,2020,A14
OECD.EDU.IMEP:DSD_EAG_UOE_FIN@DF_UOE_FIN_NATURE_CUR_CAP(3.1),POL,EXP,ISCED11_1T8,_T,INST_EDU,CUR,Q,USD_PPP,NATURE,2020,57603.1937646333,A,6,0,2020,A14
OECD.EDU.IMEP:DSD_EAG_UOE_FIN@DF_UOE_FIN_NATURE_CUR_CAP(3.1),PRT,EXP,ISCED11_1T8,_T,INST_EDU,CUR,Q,USD_PPP,NATURE,2020,16929.1211554581,A,6,0,2020,A14
OECD.EDU.IMEP:DSD_EAG_UOE_FIN@DF_UOE_FIN_NATURE_CUR_CAP(3.1),SVK,EXP,ISCED11_1T8,_T,INST_EDU,CUR,Q,USD_PPP,NATURE,2020,7903.88681019853,A,6,0,2020,A14
OECD.EDU.IMEP:DSD_EAG_UOE_FIN@DF_UOE_FIN_NATURE_CUR_CAP(3.1),SVN,EXP,ISCED11_1T8,_T,INST_EDU,CUR,Q,USD_PPP,NATURE,2020,3732.88787183635,A,6,0,2020,A14
OECD.EDU.IMEP:DSD_EAG_UOE_FIN@DF_UOE_FIN_NATURE_CUR_CAP(3.1),ESP,EXP,ISCED11_1T8,_T,INST_EDU,CUR,Q,USD_PPP,NATURE,2020,86091.169848666,A,6,0,2020,A14
OECD.EDU.IMEP:DSD_EAG_UOE_FIN@DF_UOE_FIN_NATURE_CUR_CAP(3.1),SWE,EXP,ISCED11_1T8,_T,INST_EDU,CUR,Q,USD_PPP,NATURE,2020,32180.5212565389,A,6,0,2020,A14
OECD.EDU.IMEP:DSD_EAG_UOE_FIN@DF_UOE_FIN_NATURE_CUR_CAP(3.1),TUR,EXP,ISCED11_1T8,_T,INST_EDU,CUR,Q,USD_PPP,NATURE,2020,100860.634703775,A,6,0,2020,A14
OECD.EDU.IMEP:DSD_EAG_UOE_FIN@DF_UOE_FIN_NATURE_CUR_CAP(3.1),GBR,EXP,ISCED11_1T8,_T,INST_EDU,CUR,Q,USD_PPP,NATURE,2020,192906.714975695,A,6,0,2020,A14
OECD.EDU.IMEP:DSD_EAG_UOE_FIN@DF_UOE_FIN_NATURE_CUR_CAP(3.1),USA,EXP,ISCED11_1T8,_T,INST_EDU,CUR,Q,USD_PPP,NATURE,2020,1163672.0,A,6,0,2020,A14
OECD.EDU.IMEP:DSD_EAG_UOE_FIN@DF_UOE_FIN_NATURE_CUR_CAP(3.1),BGR,EXP,ISCED11_1T8,_T,INST_EDU,CUR,Q,USD_PPP,NATURE,2020,5985.45017232008,A,6,0,2020,A14
OECD.EDU.IMEP:DSD_EAG_UOE_FIN@DF_UOE_FIN_NATURE_CUR_CAP(3.1),HRV,EXP,ISCED11_1T8,_T,INST_EDU,CUR,Q,USD_PPP,NATURE,2020,4946.35623435714,A,6,0,2020,A14
OECD.EDU.IMEP:DSD_EAG_UOE_FIN@DF_UOE_FIN_NATURE_CUR_CAP(3.1),ROU,EXP,ISCED11_1T8,_T,INST_EDU,CUR,Q,USD_PPP,NATURE,2020,17118.2360832238,A,6,0,2020,A14
OECD.EDU.IMEP:DSD_EAG_UOE_FIN@DF_UOE_FIN_NATURE_CUR_CAP(3.1),AUT,EXP,ISCED11_1T8,_T,INST_EDU,CUR,Q,USD_PPP,NATURE,2022,25132.3766295006,A,6,0,2020,A14
OECD.EDU.IMEP:DSD_EAG_UOE_FIN@DF_UOE_FIN_NATURE_CUR_CAP(3.1),BEL,EXP,ISCED11_1T8,_T,INST_EDU,CUR,Q,USD_PPP,NATURE,2022,38438.9638911533,A,6,0,2020,A14
OECD.EDU.IMEP:DSD_EAG_UOE_FIN@DF_UOE_FIN_NATURE_CUR_CAP(3.1),CAN,EXP,ISCED11_1T8,_T,INST_EDU,CUR,Q,USD_PPP,NATURE,2022,100882.503486779,A,6,0,2020,A14
OECD.EDU.IMEP:DSD_EAG_UOE_FIN@DF_UOE_FIN_NATURE_CUR_CAP(3.1),CHL,EXP,ISCED11_1T8,_T,INST_EDU,CUR,Q,USD_PPP,NATURE,2022,31577.8937433606,A,6,0,2020,A14
OECD.EDU.IMEP:DSD_EAG_UOE_FIN@DF_UOE_FIN_NATURE_CUR_CAP(3.1),CZE,EXP,ISCED11_1T8,_T,INST_EDU,CUR,Q,USD_PPP,NATURE,2022,19680.664464834,A,6,0,2020,A14
OECD.EDU.IMEP:DSD_EAG_UOE_FIN@DF_UOE_FIN_NATURE_CUR_CAP(3.1),DNK,EXP,ISCED11_1T8,_T,INST_EDU,CUR,Q,USD_PPP,NATURE,2022,18507.3634518291,A,6,0,2020,A14
OECD.EDU.IMEP:DSD_EAG_UOE_FIN@DF_UOE_FIN_NATURE_CUR_CAP(3.1),EST,EXP,ISCED11_1T8,_T,INST_EDU,CUR,Q,USD_PPP,NATURE,2022,2283.44462370537,A,6,0,2020,A14
OECD.EDU.IMEP:DSD_EAG_UOE_FIN@DF_UOE_FIN_NATURE_CUR_CAP(3.1),FIN,EXP,ISCED11_1T8,_T,INST_EDU,CUR,Q,USD_PPP,NATURE,2022,14468.1918557091,A,6,0,2020,A14
OECD.EDU.IMEP:DSD_EAG_UOE_FIN@DF_UOE_FIN_NATURE_CUR_CAP(3.1),FRA,EXP,ISCED11_1T8,_T,INST_EDU,CUR,Q,USD_PPP,NATURE,2022,178237.740213538,A,6,0,2020,A14
OECD.EDU.IMEP:DSD_EAG_UOE_FIN@DF_UOE_FIN_NATURE_CUR_CAP(3.1),GRC,EXP,ISCED11_1T8,_T,INST_EDU,CUR,Q,USD_PPP,NATURE,2022,12047.175227436,A,6,0,2020,A14
OECD.EDU.IMEP:DSD_EAG_UOE_FIN@DF_UOE_FIN_NATURE_CUR_CAP(3.1),HUN,EXP,ISCED11_1T8,_T,INST_EDU,CUR,Q,USD_PPP,NATURE,2022,11301.1072003807,A,6,0,2020,A14
OECD.EDU.IMEP:DSD_EAG_UOE_FIN@DF_UOE_FIN_NATURE_CUR_CAP(3.1),ISL,EXP,ISCED11_1T8,_T,INST_EDU,CUR,Q,USD_PPP,NATURE,2022,1252.38632957251,A,6,0,2020,A14
OECD.EDU.IMEP:DSD_EAG_UOE_FIN@DF_UOE_FIN_NATURE_CUR_CAP(3.1),IRL,EXP,ISCED11_1T8,_T,INST_EDU,CUR,Q,USD_PPP,NATURE,2022,18339.8018231311,A,6,0,2020,A14
OECD.EDU.IMEP:DSD_EAG_UOE_FIN@DF_UOE_FIN_NATURE_CUR_CAP(3.1),ISR,EXP,ISCED11_1T8,_T,INST_EDU,CUR,Q,USD_PPP,NATURE,2022,22623.5265780061,A,6,0,2020,A14
OECD.EDU.IMEP:DSD_EAG_UOE_FIN@DF_UOE_FIN_NATURE_CUR_CAP(3.1),ITA,EXP,ISCED11_1T8,_T,INST_EDU,CUR,Q,USD_PPP,NATURE,2022,110683.988596805,A,6,0,2020,A14
OECD.EDU.IMEP:DSD_EAG_UOE_FIN@DF_UOE_FIN_NATURE_CUR_CAP(3.1),KOR,EXP,ISCED11_1T8,_T,INST_EDU,CUR,Q,USD_PPP,NATURE,2022,109449.908163881,A,6,0,2020,A14
OECD.EDU.IMEP:DSD_EAG_UOE_FIN@DF_UOE_FIN_NATURE_CUR_CAP(3.1),LVA,EXP,ISCED11_1T8,_T,INST_EDU,CUR,Q,USD_PPP,NATURE,2022,2370.49098903785,A,6,0,2020,A14
OECD.EDU.IMEP:DSD_EAG_UOE_FIN@DF_UOE_FIN_NATURE_CUR_CAP(3.1),LTU,EXP,ISCED11_1T8,_T,INST_EDU,CUR,Q,USD_PPP,NATURE,2022,4223.12958240661,A,6,0,2020,A14
OECD.EDU.IMEP:DSD_EAG_UOE_FIN@DF_UOE_FIN_NATURE_CUR_CAP(3.1),LUX,EXP,ISCED11_1T8,_T,INST_EDU,CUR,Q,USD_PPP,NATURE,2022,2509.32542194915,A,6,0,2020,A14
OECD.EDU.IMEP:DSD_EAG_UOE_FIN@DF_UOE_FIN_NATURE_CUR_CAP(3.1),NLD,EXP,ISCED11_1T8,_T,INST_EDU,CUR,Q,USD_PPP,NATURE,2022,54342.9188864977,A,6,0,2020,A14
OECD.EDU.IMEP:DSD_EAG_UOE_FIN@DF_UOE_FIN_NATURE_CUR_CAP(3.1),NOR,EXP,ISCED11_1T8,_T,INST_EDU,CUR,Q,USD_PPP,NATURE,2022,18690.3219590416,A,6,0,2020,A14
OECD.EDU.IMEP:DSD_EAG_UOE_FIN@DF_UOE_FIN_NATURE_CUR_CAP(3.1),POL,EXP,ISCED11_1T8,_T,INST_EDU,CUR,Q,USD_PPP,NATURE,2022,56377.3162085901,A,6,0,2020,A14
OECD.EDU.IMEP:DSD_EAG_UOE_FIN@DF_UOE_FIN_NATURE_CUR_CAP(3.1),PRT,EXP,ISCED11_1T8,_T,INST_EDU,CUR,Q,USD_PPP,NATURE,2022,17268.5907347378,A,6,0,2020,A14
OECD.EDU.IMEP:DSD_EAG_UOE_FIN@DF_UOE_FIN_NATURE_CUR_CAP(3.1),SVK,EXP,ISCED11_1T8,_T,INST_EDU,CUR,Q,USD_PPP,NATURE,2022,7982.61940690775,A,6,0,2020,A14
OECD.EDU.IMEP:DSD_EAG_UOE_FIN@DF_UOE_FIN_NATURE_CUR_CAP(3.1),SVN,EXP,ISCED11_1T8,_T,INST_EDU,CUR,Q,USD_PPP,NATURE,2022,4013.4377492122,A,6,0,2020,A14
OECD.EDU.IMEP:DSD_EAG_UOE_FIN@DF_UOE_FIN_NATURE_CUR_CAP(3.1),ESP,EXP,ISCED11_1T8,_T,INST_EDU,CUR,Q,USD_PPP,NATURE,2022,88859.2228941438,A,6,0,2020,A14
OECD.EDU.IMEP:DSD_EAG_UOE_FIN@DF_UOE_FIN_NATURE_CUR_CAP(3.1),SWE,EXP,ISCED11_1T8,_T,INST_EDU,CUR,Q,USD_PPP,NATURE,2022,31648.7730896844,A,6,0,2020,A14
OECD.EDU.IMEP:DSD_EAG_UOE_FIN@DF_UOE_FIN_NATURE_CUR_CAP(3.1),TUR,EXP,ISCED11_1T8,_T,INST_EDU,CUR,Q,USD_PPP,NATURE,2022,88486.0776456448,A,6,0,2020,A14
OECD.EDU.IMEP:DSD_EAG_UOE_FIN@DF_UOE_FIN_NATURE_CUR_CAP(3.1),GBR,EXP,ISCED11_1T8,_T,INST_EDU,CUR,Q,USD_PPP,NATURE,2022,210085.986869328,A,6,0,2020,A14
OECD.EDU.IMEP:DSD_EAG_UOE_FIN@DF_UOE_FIN_NATURE_CUR_CAP(3.1),BGR,EXP,ISCED11_1T8,_T,INST_EDU,CUR,Q,USD_PPP,NATURE,2022,6160.52454072838,A,6,0,2020,A14
OECD.EDU.IMEP:DSD_EAG_UOE_FIN@DF_UOE_FIN_NATURE_CUR_CAP(3.1),HRV,EXP,ISCED11_1T8,_T,INST_EDU,CUR,Q,USD_PPP,NATURE,2022,5168.51340981208,A,6,0,2020,A14
OECD.EDU.IMEP:DSD_EAG_UOE_FIN@DF_UOE_FIN_NATURE_CUR_CAP(3.1),PER,EXP,ISCED11_1T8,_T,INST_EDU,CUR,Q,USD_PPP,NATURE,2022,11944.0166297884,A,6,0,2020,A14
OECD.EDU.IMEP:DSD_EAG_UOE_FIN@DF_UOE_FIN_NATURE_CUR_CAP(3.1),ROU,EXP,ISCED11_1T8,_T,INST_EDU,CUR,Q,USD_PPP,NATURE,2022,17071.1437410424,A,6,0,2020,A14
