DATAFLOW,REF_AREA,MEASURE,EDUCATION_LEV,EXP_SOURCE,EXP_DESTINATION,EXPENDITURE_TYPE,PRICE_BASE,UNIT_MEASURE,Q_SHEET,TIME_PERIOD,OBS_VALUE,OBS_STATUS,UNIT_MULT,DECIMALS,BASE_PER,Q_SHEET_ROW_ID
OECD.EDU.IMEP:DSD_EAG_UOE_FIN@DF_UOE_FIN_NATURE_STAFF(3.1),IND,EXP,ISCED11_1T8,_T,INST_EDU_PUB,CUR_LC,Q,USD_PPP,NATURE,2015,,K,6,0,2020,X7
OECD.EDU.IMEP:DSD_EAG_UOE_FIN@DF_UOE_FIN_NATURE_STAFF(3.1),IND,EXP,ISCED11_1T8,_T,INST_EDU_PUB,CUR_LC,Q,USD_PPP,NATURE,2016,,K,6,0,2020,X7
OECD.EDU.IMEP:DSD_EAG_UOE_FIN@DF_UOE_FIN_NATURE_STAFF(3.1),IND,EXP,ISCED11_1T8,_T,INST_EDU_PUB,CUR_LC,Q,USD_PPP,NATURE,2017,,K,6,0,2020,X7
OECD.EDU.IMEP:DSD_EAG_UOE_FIN@DF_UOE_FIN_NATURE_STAFF(3.1),IND,EXP,ISCED11_1T8,_T,INST_EDU_PUB,CUR_LC,Q,USD_PPP,NATURE,2018,,K,6,0,2020,X7
OECD.EDU.IMEP:DSD_EAG_UOE_FIN@DF_UOE_FIN_NATURE_STAFF(3.1),IND,EXP,ISCED11_1T8,_T,INST_EDU_PUB,CUR_LC,Q,USD_PPP,NATURE,2019,,K,6,0,2020,X7
OECD.EDU.IMEP:DSD_EAG_UOE_FIN@DF_UOE_FIN_NATURE_STAFF(3.1),IND,EXP,ISCED11_1T8,_T,INST_EDU_PUB,CUR_LC,Q,USD_PPP,NATURE,2020,,K,6,0,2020,X7
OECD.EDU.IMEP:DSD_EAG_UOE_FIN@DF_UOE_FIN_NATURE_STAFF(3.1),IND,EXP,ISCED11_1T8,_T,INST_EDU_PUB,CUR_LC,Q,USD_PPP,NATURE,2021,,K,6,0,2020,X7
OECD.EDU.IMEP:DSD_EAG_UOE_FIN@DF_UOE_FIN_NATURE_STAFF(3.1),SAU,EXP,ISCED11_1T8,_T,INST_EDU_PUB,CUR_LC,Q,USD_PPP,NATURE,2015,,K,6,0,2020,X7
OECD.EDU.IMEP:DSD_EAG_UOE_FIN@DF_UOE_FIN_NATURE_STAFF(3.1),SAU,EXP,ISCED11_1T8,_T,INST_EDU_PUB,CUR_LC,Q,USD_PPP,NATURE,2016,,K,6,0,2020,X7
OECD.EDU.IMEP:DSD_EAG_UOE_FIN@DF_UOE_FIN_NATURE_STAFF(3.1),SAU,EXP,ISCED11_1T8,_T,INST_EDU_PUB,CUR_LC,Q,USD_PPP,NATURE,2017,,K,6,0,2020,X7
OECD.EDU.IMEP:DSD_EAG_UOE_FIN@DF_UOE_FIN_NATURE_STAFF(3.1),SAU,EXP,ISCED11_1T8,_T,INST_EDU_PUB,CUR_LC,Q,USD_PPP,NATURE,2018,,K,6,0,2020,X7
OECD.EDU.IMEP:DSD_EAG_UOE_FIN@DF_UOE_FIN_NATURE_STAFF(3.1),SAU,EXP,ISCED11_1T8,_T,INST_EDU_PUB,CUR_LC,Q,USD_PPP,NATURE,2019,,K,6,0,2020,X7
OECD.EDU.IMEP:DSD_EAG_UOE_FIN@DF_UOE_FIN_NATURE_STAFF(3.1),SAU,EXP,ISCED11_1T8,_T,INST_EDU_PUB,CUR_LC,Q,USD_PPP,NATURE,2021,,K,6,0,2020,X7
OECD.EDU.IMEP:DSD_EAG_UOE_FIN@DF_UOE_FIN_NATURE_STAFF(3.1),CHN,EXP,ISCED11_1T8,_T,INST_EDU_PUB,CUR_LC,Q,USD_PPP,NATURE,2015,,K,6,0,2020,X7
OECD.EDU.IMEP:DSD_EAG_UOE_FIN@DF_UOE_FIN_NATURE_STAFF(3.1),CHN,EXP,ISCED11_1T8,_T,INST_EDU_PUB,CUR_LC,Q,USD_PPP,NATURE,2016,,K,6,0,2020,X7
OECD.EDU.IMEP:DSD_EAG_UOE_FIN@DF_UOE_FIN_NATURE_STAFF(3.1),CHN,EXP,ISCED11_1T8,_T,INST_EDU_PUB,CUR_LC,Q,USD_PPP,NATURE,2017,,K,6,0,2020,X7
OECD.EDU.IMEP:DSD_EAG_UOE_FIN@DF_UOE_FIN_NATURE_STAFF(3.1),CHN,EXP,ISCED11_1T8,_T,INST_EDU_PUB,CUR_LC,Q,USD_PPP,NATURE,2018,,K,6,0,2020,X7
OECD.EDU.IMEP:DSD_EAG_UOE_FIN@DF_UOE_FIN_NATURE_STAFF(3.1),CHN,EXP,ISCED11_1T8,_T,INST_EDU_PUB,CUR_LC,Q,USD_PPP,NATURE,2019,,K,6,0,2020,X7
OECD.EDU.IMEP:DSD_EAG_UOE_FIN@DF_UOE_FIN_NATURE_STAFF(3.1),CHN,EXP,ISCED11_1T8,_T,INST_EDU_PUB,CUR_LC,Q,USD_PPP,NATURE,2022,,K,6,0,2020,X7
OECD.EDU.IMEP:DSD_EAG_UOE_FIN@DF_UOE_FIN_NATURE_STAFF(3.1),IDN,EXP,ISCED11_1T8,_T,INST_EDU_PUB,CUR_LC,Q,USD_PPP,NATURE,2015,,K,6,0,2020,X7
OECD.EDU.IMEP:DSD_EAG_UOE_FIN@DF_UOE_FIN_NATURE_STAFF(3.1),IDN,EXP,ISCED11_1T8,_T,INST_EDU_PUB,CUR_LC,Q,USD_PPP,NATURE,2016,,K,6,0,2020,X7
OECD.EDU.IMEP:DSD_EAG_UOE_FIN@DF_UOE_FIN_NATURE_STAFF(3.1),IDN,EXP,ISCED11_1T8,_T,INST_EDU_PUB,CUR_LC,Q,USD_PPP,NATURE,2017,,K,6,0,2020,X7
OECD.EDU.IMEP:DSD_EAG_UOE_FIN@DF_UOE_FIN_NATURE_STAFF(3.1),IDN,EXP,ISCED11_1T8,_T,INST_EDU_PUB,CUR_LC,Q,USD_PPP,NATURE,2018,,K,6,0,2020,X7
OECD.EDU.IMEP:DSD_EAG_UOE_FIN@DF_UOE_FIN_NATURE_STAFF(3.1),IDN,EXP,ISCED11_1T8,_T,INST_EDU_PUB,CUR_LC,Q,USD_PPP,NATURE,2019,,K,6,0,2020,X7
OECD.EDU.IMEP:DSD_EAG_UOE_FIN@DF_UOE_FIN_NATURE_STAFF(3.1),PER,EXP,ISCED11_1T8,_T,INST_EDU_PUB,CUR_LC,Q,USD_PPP,NATURE,2015,,K,6,0,2020,X7
OECD.EDU.IMEP:DSD_EAG_UOE_FIN@DF_UOE_FIN_NATURE_STAFF(3.1),PER,EXP,ISCED11_1T8,_T,INST_EDU_PUB,CUR_LC,Q,USD_PPP,NATURE,2016,,K,6,0,2020,X7
OECD.EDU.IMEP:DSD_EAG_UOE_FIN@DF_UOE_FIN_NATURE_STAFF(3.1),PER,EXP,ISCED11_1T8,_T,INST_EDU_PUB,CUR_LC,Q,USD_PPP,NATURE,2017,,K,6,0,2020,X7
OECD.EDU.IMEP:DSD_EAG_UOE_FIN@DF_UOE_FIN_NATURE_STAFF(3.1),PER,EXP,ISCED11_1T8,_T,INST_EDU_PUB,CUR_LC,Q,USD_PPP,NATURE,2018,,K,6,0,2020,X7
OECD.EDU.IMEP:DSD_EAG_UOE_FIN@DF_UOE_FIN_NATURE_STAFF(3.1),PER,EXP,ISCED11_1T8,_T,INST_EDU_PUB,CUR_LC,Q,USD_PPP,NATURE,2019,,K,6,0,2020,X7
OECD.EDU.IMEP:DSD_EAG_UOE_FIN@DF_UOE_FIN_NATURE_STAFF(3.1),PER,EXP,ISCED11_1T8,_T,INST_EDU_PUB,CUR_LC,Q,USD_PPP,NATURE,2020,,K,6,0,2020,X7
OECD.EDU.IMEP:DSD_EAG_UOE_FIN@DF_UOE_FIN_NATURE_STAFF(3.1),PER,EXP,ISCED11_1T8,_T,INST_EDU_PUB,CUR_LC,Q,USD_PPP,NATURE,2021,,K,6,0,2020,X7
OECD.EDU.IMEP:DSD_EAG_UOE_FIN@DF_UOE_FIN_NATURE_STAFF(3.1),PER,EXP,ISCED11_1T8,_T,INST_EDU_PUB,CUR_LC,Q,USD_PPP,NATURE,2022,,K,6,0,2020,X7
OECD.EDU.IMEP:DSD_EAG_UOE_FIN@DF_UOE_FIN_NATURE_STAFF(3.1),HRV,EXP,ISCED11_1T8,_T,INST_EDU_PUB,CUR_LC,Q,USD_PPP,NATURE,2017,,K,6,0,2020,X7
OECD.EDU.IMEP:DSD_EAG_UOE_FIN@DF_UOE_FIN_NATURE_STAFF(3.1),HRV,EXP,ISCED11_1T8,_T,INST_EDU_PUB,CUR_LC,Q,USD_PPP,NATURE,2018,,K,6,0,2020,X7
OECD.EDU.IMEP:DSD_EAG_UOE_FIN@DF_UOE_FIN_NATURE_STAFF(3.1),ZAF,EXP,ISCED11_1T8,_T,INST_EDU_PUB,CUR_LC,Q,USD_PPP,NATURE,2015,,K,6,0,2020,X7
OECD.EDU.IMEP:DSD_EAG_UOE_FIN@DF_UOE_FIN_NATURE_STAFF(3.1),ZAF,EXP,ISCED11_1T8,_T,INST_EDU_PUB,CUR_LC,Q,USD_PPP,NATURE,2016,,K,6,0,2020,X7
OECD.EDU.IMEP:DSD_EAG_UOE_FIN@DF_UOE_FIN_NATURE_STAFF(3.1),ZAF,EXP,ISCED11_1T8,_T,INST_EDU_PUB,CUR_LC,Q,USD_PPP,NATURE,2017,,K,6,0,2020,X7
OECD.EDU.IMEP:DSD_EAG_UOE_FIN@DF_UOE_FIN_NATURE_STAFF(3.1),ZAF,EXP,ISCED11_1T8,_T,INST_EDU_PUB,CUR_LC,Q,USD_PPP,NATURE,2018,,K,6,0,2020,X7
OECD.EDU.IMEP:DSD_EAG_UOE_FIN@DF_UOE_FIN_NATURE_STAFF(3.1),ZAF,EXP,ISCED11_1T8,_T,INST_EDU_PUB,CUR_LC,Q,USD_PPP,NATURE,2019,,K,6,0,2020,X7
OECD.EDU.IMEP:DSD_EAG_UOE_FIN@DF_UOE_FIN_NATURE_STAFF(3.1),ZAF,EXP,ISCED11_1T8,_T,INST_EDU_PUB,CUR_LC,Q,USD_PPP,NATURE,2020,,K,6,0,2020,X7
OECD.EDU.IMEP:DSD_EAG_UOE_FIN@DF_UOE_FIN_NATURE_STAFF(3.1),ZAF,EXP,ISCED11_1T8,_T,INST_EDU_PUB,CUR_LC,Q,USD_PPP,NATURE,2021,,K,6,0,2020,X7
OECD.EDU.IMEP:DSD_EAG_UOE_FIN@DF_UOE_FIN_NATURE_STAFF(3.1),HRV,EXP,ISCED11_1T8,_T,INST_EDU_PUB,CUR_RET,Q,USD_PPP,NATURE,2017,,K,6,0,2020,X8
OECD.EDU.IMEP:DSD_EAG_UOE_FIN@DF_UOE_FIN_NATURE_STAFF(3.1),PER,EXP,ISCED11_1T8,_T,INST_EDU_PUB,CUR_RET,Q,USD_PPP,NATURE,2015,,K,6,0,2020,X8
OECD.EDU.IMEP:DSD_EAG_UOE_FIN@DF_UOE_FIN_NATURE_STAFF(3.1),PER,EXP,ISCED11_1T8,_T,INST_EDU_PUB,CUR_RET,Q,USD_PPP,NATURE,2016,,K,6,0,2020,X8
OECD.EDU.IMEP:DSD_EAG_UOE_FIN@DF_UOE_FIN_NATURE_STAFF(3.1),PER,EXP,ISCED11_1T8,_T,INST_EDU_PUB,CUR_RET,Q,USD_PPP,NATURE,2017,,K,6,0,2020,X8
OECD.EDU.IMEP:DSD_EAG_UOE_FIN@DF_UOE_FIN_NATURE_STAFF(3.1),PER,EXP,ISCED11_1T8,_T,INST_EDU_PUB,CUR_RET,Q,USD_PPP,NATURE,2018,,K,6,0,2020,X8
OECD.EDU.IMEP:DSD_EAG_UOE_FIN@DF_UOE_FIN_NATURE_STAFF(3.1),PER,EXP,ISCED11_1T8,_T,INST_EDU_PUB,CUR_RET,Q,USD_PPP,NATURE,2019,,K,6,0,2020,X8
OECD.EDU.IMEP:DSD_EAG_UOE_FIN@DF_UOE_FIN_NATURE_STAFF(3.1),PER,EXP,ISCED11_1T8,_T,INST_EDU_PUB,CUR_RET,Q,USD_PPP,NATURE,2020,,K,6,0,2020,X8
OECD.EDU.IMEP:DSD_EAG_UOE_FIN@DF_UOE_FIN_NATURE_STAFF(3.1),PER,EXP,ISCED11_1T8,_T,INST_EDU_PUB,CUR_RET,Q,USD_PPP,NATURE,2021,,K,6,0,2020,X8
OECD.EDU.IMEP:DSD_EAG_UOE_FIN@DF_UOE_FIN_NATURE_STAFF(3.1),PER,EXP,ISCED11_1T8,_T,INST_EDU_PUB,CUR_RET,Q,USD_PPP,NATURE,2022,,K,6,0,2020,X8
OECD.EDU.IMEP:DSD_EAG_UOE_FIN@DF_UOE_FIN_NATURE_STAFF(3.1),IDN,EXP,ISCED11_1T8,_T,INST_EDU_PUB,CUR_RET,Q,USD_PPP,NATURE,2015,,K,6,0,2020,X8
OECD.EDU.IMEP:DSD_EAG_UOE_FIN@DF_UOE_FIN_NATURE_STAFF(3.1),IDN,EXP,ISCED11_1T8,_T,INST_EDU_PUB,CUR_RET,Q,USD_PPP,NATURE,2016,,K,6,0,2020,X8
OECD.EDU.IMEP:DSD_EAG_UOE_FIN@DF_UOE_FIN_NATURE_STAFF(3.1),IDN,EXP,ISCED11_1T8,_T,INST_EDU_PUB,CUR_RET,Q,USD_PPP,NATURE,2017,,K,6,0,2020,X8
OECD.EDU.IMEP:DSD_EAG_UOE_FIN@DF_UOE_FIN_NATURE_STAFF(3.1),IDN,EXP,ISCED11_1T8,_T,INST_EDU_PUB,CUR_RET,Q,USD_PPP,NATURE,2018,,K,6,0,2020,X8
OECD.EDU.IMEP:DSD_EAG_UOE_FIN@DF_UOE_FIN_NATURE_STAFF(3.1),IDN,EXP,ISCED11_1T8,_T,INST_EDU_PUB,CUR_RET,Q,USD_PPP,NATURE,2019,,K,6,0,2020,X8
OECD.EDU.IMEP:DSD_EAG_UOE_FIN@DF_UOE_FIN_NATURE_STAFF(3.1),CHN,EXP,ISCED11_1T8,_T,INST_EDU_PUB,CUR_RET,Q,USD_PPP,NATURE,2015,,K,6,0,2020,X8
OECD.EDU.IMEP:DSD_EAG_UOE_FIN@DF_UOE_FIN_NATURE_STAFF(3.1),CHN,EXP,ISCED11_1T8,_T,INST_EDU_PUB,CUR_RET,Q,USD_PPP,NATURE,2016,,K,6,0,2020,X8
OECD.EDU.IMEP:DSD_EAG_UOE_FIN@DF_UOE_FIN_NATURE_STAFF(3.1),CHN,EXP,ISCED11_1T8,_T,INST_EDU_PUB,CUR_RET,Q,USD_PPP,NATURE,2017,,K,6,0,2020,X8
OECD.EDU.IMEP:DSD_EAG_UOE_FIN@DF_UOE_FIN_NATURE_STAFF(3.1),CHN,EXP,ISCED11_1T8,_T,INST_EDU_PUB,CUR_RET,Q,USD_PPP,NATURE,2018,,K,6,0,2020,X8
OECD.EDU.IMEP:DSD_EAG_UOE_FIN@DF_UOE_FIN_NATURE_STAFF(3.1),CHN,EXP,ISCED11_1T8,_T,INST_EDU_PUB,CUR_RET,Q,USD_PPP,NATURE,2019,,K,6,0,2020,X8
OECD.EDU.IMEP:DSD_EAG_UOE_FIN@DF_UOE_FIN_NATURE_STAFF(3.1),CHN,EXP,ISCED11_1T8,_T,INST_EDU_PUB,CUR_RET,Q,USD_PPP,NATURE,2022,,K,6,0,2020,X8
OECD.EDU.IMEP:DSD_EAG_UOE_FIN@DF_UOE_FIN_NATURE_STAFF(3.1),SAU,EXP,ISCED11_1T8,_T,INST_EDU_PUB,CUR_RET,Q,USD_PPP,NATURE,2015,,K,6,0,2020,X8
OECD.EDU.IMEP:DSD_EAG_UOE_FIN@DF_UOE_FIN_NATURE_STAFF(3.1),SAU,EXP,ISCED11_1T8,_T,INST_EDU_PUB,CUR_RET,Q,USD_PPP,NATURE,2016,,K,6,0,2020,X8
OECD.EDU.IMEP:DSD_EAG_UOE_FIN@DF_UOE_FIN_NATURE_STAFF(3.1),SAU,EXP,ISCED11_1T8,_T,INST_EDU_PUB,CUR_RET,Q,USD_PPP,NATURE,2017,,K,6,0,2020,X8
OECD.EDU.IMEP:DSD_EAG_UOE_FIN@DF_UOE_FIN_NATURE_STAFF(3.1),SAU,EXP,ISCED11_1T8,_T,INST_EDU_PUB,CUR_RET,Q,USD_PPP,NATURE,2018,,K,6,0,2020,X8
OECD.EDU.IMEP:DSD_EAG_UOE_FIN@DF_UOE_FIN_NATURE_STAFF(3.1),SAU,EXP,ISCED11_1T8,_T,INST_EDU_PUB,CUR_RET,Q,USD_PPP,NATURE,2019,,K,6,0,2020,X8
OECD.EDU.IMEP:DSD_EAG_UOE_FIN@DF_UOE_FIN_NATURE_STAFF(3.1),SAU,EXP,ISCED11_1T8,_T,INST_EDU_PUB,CUR_RET,Q,USD_PPP,NATURE,2021,,K,6,0,2020,X8
OECD.EDU.IMEP:DSD_EAG_UOE_FIN@DF_UOE_FIN_NATURE_STAFF(3.1),IND,EXP,ISCED11_1T8,_T,INST_EDU_PUB,CUR_RET,Q,USD_PPP,NATURE,2015,,K,6,0,2020,X8
OECD.EDU.IMEP:DSD_EAG_UOE_FIN@DF_UOE_FIN_NATURE_STAFF(3.1),IND,EXP,ISCED11_1T8,_T,INST_EDU_PUB,CUR_RET,Q,USD_PPP,NATURE,2016,,K,6,0,2020,X8
OECD.EDU.IMEP:DSD_EAG_UOE_FIN@DF_UOE_FIN_NATURE_STAFF(3.1),IND,EXP,ISCED11_1T8,_T,INST_EDU_PUB,CUR_RET,Q,USD_PPP,NATURE,2017,,K,6,0,2020,X8
OECD.EDU.IMEP:DSD_EAG_UOE_FIN@DF_UOE_FIN_NATURE_STAFF(3.1),IND,EXP,ISCED11_1T8,_T,INST_EDU_PUB,CUR_RET,Q,USD_PPP,NATURE,2018,,K,6,0,2020,X8
OECD.EDU.IMEP:DSD_EAG_UOE_FIN@DF_UOE_FIN_NATURE_STAFF(3.1),IND,EXP,ISCED11_1T8,_T,INST_EDU_PUB,CUR_RET,Q,USD_PPP,NATURE,2019,,K,6,0,2020,X8
OECD.EDU.IMEP:DSD_EAG_UOE_FIN@DF_UOE_FIN_NATURE_STAFF(3.1),IND,EXP,ISCED11_1T8,_T,INST_EDU_PUB,CUR_RET,Q,USD_PPP,NATURE,2020,,K,6,0,2020,X8
OECD.EDU.IMEP:DSD_EAG_UOE_FIN@DF_UOE_FIN_NATURE_STAFF(3.1),IND,EXP,ISCED11_1T8,_T,INST_EDU_PUB,CUR_RET,Q,USD_PPP,NATURE,2021,,K,6,0,2020,X8
OECD.EDU.IMEP:DSD_EAG_UOE_FIN@DF_UOE_FIN_NATURE_STAFF(3.1),ZAF,EXP,ISCED11_1T8,_T,INST_EDU_PUB,CUR_RET,Q,USD_PPP,NATURE,2015,,K,6,0,2020,X8
OECD.EDU.IMEP:DSD_EAG_UOE_FIN@DF_UOE_FIN_NATURE_STAFF(3.1),ZAF,EXP,ISCED11_1T8,_T,INST_EDU_PUB,CUR_RET,Q,USD_PPP,NATURE,2016,,K,6,0,2020,X8
OECD.EDU.IMEP:DSD_EAG_UOE_FIN@DF_UOE_FIN_NATURE_STAFF(3.1),ZAF,EXP,ISCED11_1T8,_T,INST_EDU_PUB,CUR_RET,Q,USD_PPP,NATURE,2017,,K,6,0,2020,X8
OECD.EDU.IMEP:DSD_EAG_UOE_FIN@DF_UOE_FIN_NATURE_STAFF(3.1),ZAF,EXP,ISCED11_1T8,_T,INST_EDU_PUB,CUR_RET,Q,USD_PPP,NATURE,2018,,K,6,0,2020,X8
OECD.EDU.IMEP:DSD_EAG_UOE_FIN@DF_UOE_FIN_NATURE_STAFF(3.1),ZAF,EXP,ISCED11_1T8,_T,INST_EDU_PUB,CUR_RET,Q,USD_PPP,NATURE,2019,,K,6,0,2020,X8
OECD.EDU.IMEP:DSD_EAG_UOE_FIN@DF_UOE_FIN_NATURE_STAFF(3.1),ZAF,EXP,ISCED11_1T8,_T,INST_EDU_PUB,CUR_RET,Q,USD_PPP,NATURE,2020,,K,6,0,2020,X8
OECD.EDU.IMEP:DSD_EAG_UOE_FIN@DF_UOE_FIN_NATURE_STAFF(3.1),ZAF,EXP,ISCED11_1T8,_T,INST_EDU_PUB,CUR_RET,Q,USD_PPP,NATURE,2021,,K,6,0,2020,X8
OECD.EDU.IMEP:DSD_EAG_UOE_FIN@DF_UOE_FIN_NATURE_STAFF(3.1),IND,EXP,ISCED11_1T8,_T,INST_EDU_PUB,CUR_NLC,Q,USD_PPP,NATURE,2015,,K,6,0,2020,X9
OECD.EDU.IMEP:DSD_EAG_UOE_FIN@DF_UOE_FIN_NATURE_STAFF(3.1),IND,EXP,ISCED11_1T8,_T,INST_EDU_PUB,CUR_NLC,Q,USD_PPP,NATURE,2016,,K,6,0,2020,X9
OECD.EDU.IMEP:DSD_EAG_UOE_FIN@DF_UOE_FIN_NATURE_STAFF(3.1),IND,EXP,ISCED11_1T8,_T,INST_EDU_PUB,CUR_NLC,Q,USD_PPP,NATURE,2017,,K,6,0,2020,X9
OECD.EDU.IMEP:DSD_EAG_UOE_FIN@DF_UOE_FIN_NATURE_STAFF(3.1),IND,EXP,ISCED11_1T8,_T,INST_EDU_PUB,CUR_NLC,Q,USD_PPP,NATURE,2018,,K,6,0,2020,X9
OECD.EDU.IMEP:DSD_EAG_UOE_FIN@DF_UOE_FIN_NATURE_STAFF(3.1),IND,EXP,ISCED11_1T8,_T,INST_EDU_PUB,CUR_NLC,Q,USD_PPP,NATURE,2019,,K,6,0,2020,X9
OECD.EDU.IMEP:DSD_EAG_UOE_FIN@DF_UOE_FIN_NATURE_STAFF(3.1),IND,EXP,ISCED11_1T8,_T,INST_EDU_PUB,CUR_NLC,Q,USD_PPP,NATURE,2020,,K,6,0,2020,X9
OECD.EDU.IMEP:DSD_EAG_UOE_FIN@DF_UOE_FIN_NATURE_STAFF(3.1),IND,EXP,ISCED11_1T8,_T,INST_EDU_PUB,CUR_NLC,Q,USD_PPP,NATURE,2021,,K,6,0,2020,X9
OECD.EDU.IMEP:DSD_EAG_UOE_FIN@DF_UOE_FIN_NATURE_STAFF(3.1),SAU,EXP,ISCED11_1T8,_T,INST_EDU_PUB,CUR_NLC,Q,USD_PPP,NATURE,2015,,K,6,0,2020,X9
OECD.EDU.IMEP:DSD_EAG_UOE_FIN@DF_UOE_FIN_NATURE_STAFF(3.1),SAU,EXP,ISCED11_1T8,_T,INST_EDU_PUB,CUR_NLC,Q,USD_PPP,NATURE,2016,,K,6,0,2020,X9
OECD.EDU.IMEP:DSD_EAG_UOE_FIN@DF_UOE_FIN_NATURE_STAFF(3.1),SAU,EXP,ISCED11_1T8,_T,INST_EDU_PUB,CUR_NLC,Q,USD_PPP,NATURE,2017,,K,6,0,2020,X9
OECD.EDU.IMEP:DSD_EAG_UOE_FIN@DF_UOE_FIN_NATURE_STAFF(3.1),SAU,EXP,ISCED11_1T8,_T,INST_EDU_PUB,CUR_NLC,Q,USD_PPP,NATURE,2018,,K,6,0,2020,X9
OECD.EDU.IMEP:DSD_EAG_UOE_FIN@DF_UOE_FIN_NATURE_STAFF(3.1),SAU,EXP,ISCED11_1T8,_T,INST_EDU_PUB,CUR_NLC,Q,USD_PPP,NATURE,2019,,K,6,0,2020,X9
OECD.EDU.IMEP:DSD_EAG_UOE_FIN@DF_UOE_FIN_NATURE_STAFF(3.1),SAU,EXP,ISCED11_1T8,_T,INST_EDU_PUB,CUR_NLC,Q,USD_PPP,NATURE,2021,,K,6,0,2020,X9
OECD.EDU.IMEP:DSD_EAG_UOE_FIN@DF_UOE_FIN_NATURE_STAFF(3.1),CHN,EXP,ISCED11_1T8,_T,INST_EDU_PUB,CUR_NLC,Q,USD_PPP,NATURE,2015,,K,6,0,2020,X9
OECD.EDU.IMEP:DSD_EAG_UOE_FIN@DF_UOE_FIN_NATURE_STAFF(3.1),CHN,EXP,ISCED11_1T8,_T,INST_EDU_PUB,CUR_NLC,Q,USD_PPP,NATURE,2016,,K,6,0,2020,X9
OECD.EDU.IMEP:DSD_EAG_UOE_FIN@DF_UOE_FIN_NATURE_STAFF(3.1),CHN,EXP,ISCED11_1T8,_T,INST_EDU_PUB,CUR_NLC,Q,USD_PPP,NATURE,2017,,K,6,0,2020,X9
OECD.EDU.IMEP:DSD_EAG_UOE_FIN@DF_UOE_FIN_NATURE_STAFF(3.1),CHN,EXP,ISCED11_1T8,_T,INST_EDU_PUB,CUR_NLC,Q,USD_PPP,NATURE,2018,,K,6,0,2020,X9
OECD.EDU.IMEP:DSD_EAG_UOE_FIN@DF_UOE_FIN_NATURE_STAFF(3.1),CHN,EXP,ISCED11_1T8,_T,INST_EDU_PUB,CUR_NLC,Q,USD_PPP,NATURE,2019,,K,6,0,2020,X9
OECD.EDU.IMEP:DSD_EAG_UOE_FIN@DF_UOE_FIN_NATURE_STAFF(3.1),CHN,EXP,ISCED11_1T8,_T,INST_EDU_PUB,CUR_NLC,Q,USD_PPP,NATURE,2022,,K,6,0,2020,X9
OECD.EDU.IMEP:DSD_EAG_UOE_FIN@DF_UOE_FIN_NATURE_STAFF(3.1),IDN,EXP,ISCED11_1T8,_T,INST_EDU_PUB,CUR_NLC,Q,USD_PPP,NATURE,2015,,K,6,0,2020,X9
OECD.EDU.IMEP:DSD_EAG_UOE_FIN@DF_UOE_FIN_NATURE_STAFF(3.1),IDN,EXP,ISCED11_1T8,_T,INST_EDU_PUB,CUR_NLC,Q,USD_PPP,NATURE,2016,,K,6,0,2020,X9
OECD.EDU.IMEP:DSD_EAG_UOE_FIN@DF_UOE_FIN_NATURE_STAFF(3.1),IDN,EXP,ISCED11_1T8,_T,INST_EDU_PUB,CUR_NLC,Q,USD_PPP,NATURE,2017,,K,6,0,2020,X9
OECD.EDU.IMEP:DSD_EAG_UOE_FIN@DF_UOE_FIN_NATURE_STAFF(3.1),IDN,EXP,ISCED11_1T8,_T,INST_EDU_PUB,CUR_NLC,Q,USD_PPP,NATURE,2018,,K,6,0,2020,X9
OECD.EDU.IMEP:DSD_EAG_UOE_FIN@DF_UOE_FIN_NATURE_STAFF(3.1),IDN,EXP,ISCED11_1T8,_T,INST_EDU_PUB,CUR_NLC,Q,USD_PPP,NATURE,2019,,K,6,0,2020,X9
OECD.EDU.IMEP:DSD_EAG_UOE_FIN@DF_UOE_FIN_NATURE_STAFF(3.1),PER,EXP,ISCED11_1T8,_T,INST_EDU_PUB,CUR_NLC,Q,USD_PPP,NATURE,2015,,K,6,0,2020,X9
OECD.EDU.IMEP:DSD_EAG_UOE_FIN@DF_UOE_FIN_NATURE_STAFF(3.1),PER,EXP,ISCED11_1T8,_T,INST_EDU_PUB,CUR_NLC,Q,USD_PPP,NATURE,2016,,K,6,0,2020,X9
OECD.EDU.IMEP:DSD_EAG_UOE_FIN@DF_UOE_FIN_NATURE_STAFF(3.1),PER,EXP,ISCED11_1T8,_T,INST_EDU_PUB,CUR_NLC,Q,USD_PPP,NATURE,2017,,K,6,0,2020,X9
OECD.EDU.IMEP:DSD_EAG_UOE_FIN@DF_UOE_FIN_NATURE_STAFF(3.1),PER,EXP,ISCED11_1T8,_T,INST_EDU_PUB,CUR_NLC,Q,USD_PPP,NATURE,2018,,K,6,0,2020,X9
OECD.EDU.IMEP:DSD_EAG_UOE_FIN@DF_UOE_FIN_NATURE_STAFF(3.1),PER,EXP,ISCED11_1T8,_T,INST_EDU_PUB,CUR_NLC,Q,USD_PPP,NATURE,2019,,K,6,0,2020,X9
OECD.EDU.IMEP:DSD_EAG_UOE_FIN@DF_UOE_FIN_NATURE_STAFF(3.1),PER,EXP,ISCED11_1T8,_T,INST_EDU_PUB,CUR_NLC,Q,USD_PPP,NATURE,2020,,K,6,0,2020,X9
OECD.EDU.IMEP:DSD_EAG_UOE_FIN@DF_UOE_FIN_NATURE_STAFF(3.1),PER,EXP,ISCED11_1T8,_T,INST_EDU_PUB,CUR_NLC,Q,USD_PPP,NATURE,2021,,K,6,0,2020,X9
OECD.EDU.IMEP:DSD_EAG_UOE_FIN@DF_UOE_FIN_NATURE_STAFF(3.1),PER,EXP,ISCED11_1T8,_T,INST_EDU_PUB,CUR_NLC,Q,USD_PPP,NATURE,2022,,K,6,0,2020,X9
OECD.EDU.IMEP:DSD_EAG_UOE_FIN@DF_UOE_FIN_NATURE_STAFF(3.1),HRV,EXP,ISCED11_1T8,_T,INST_EDU_PUB,CUR_NLC,Q,USD_PPP,NATURE,2017,,K,6,0,2020,X9
OECD.EDU.IMEP:DSD_EAG_UOE_FIN@DF_UOE_FIN_NATURE_STAFF(3.1),HRV,EXP,ISCED11_1T8,_T,INST_EDU_PUB,CUR_NLC,Q,USD_PPP,NATURE,2018,,K,6,0,2020,X9
OECD.EDU.IMEP:DSD_EAG_UOE_FIN@DF_UOE_FIN_NATURE_STAFF(3.1),ZAF,EXP,ISCED11_1T8,_T,INST_EDU_PUB,CUR_NLC,Q,USD_PPP,NATURE,2015,,K,6,0,2020,X9
OECD.EDU.IMEP:DSD_EAG_UOE_FIN@DF_UOE_FIN_NATURE_STAFF(3.1),ZAF,EXP,ISCED11_1T8,_T,INST_EDU_PUB,CUR_NLC,Q,USD_PPP,NATURE,2016,,K,6,0,2020,X9
OECD.EDU.IMEP:DSD_EAG_UOE_FIN@DF_UOE_FIN_NATURE_STAFF(3.1),ZAF,EXP,ISCED11_1T8,_T,INST_EDU_PUB,CUR_NLC,Q,USD_PPP,NATURE,2017,,K,6,0,2020,X9
OECD.EDU.IMEP:DSD_EAG_UOE_FIN@DF_UOE_FIN_NATURE_STAFF(3.1),ZAF,EXP,ISCED11_1T8,_T,INST_EDU_PUB,CUR_NLC,Q,USD_PPP,NATURE,2018,,K,6,0,2020,X9
OECD.EDU.IMEP:DSD_EAG_UOE_FIN@DF_UOE_FIN_NATURE_STAFF(3.1),ZAF,EXP,ISCED11_1T8,_T,INST_EDU_PUB,CUR_NLC,Q,USD_PPP,NATURE,2019,,K,6,0,2020,X9
OECD.EDU.IMEP:DSD_EAG_UOE_FIN@DF_UOE_FIN_NATURE_STAFF(3.1),ZAF,EXP,ISCED11_1T8,_T,INST_EDU_PUB,CUR_NLC,Q,USD_PPP,NATURE,2020,,K,6,0,2020,X9
OECD.EDU.IMEP:DSD_EAG_UOE_FIN@DF_UOE_FIN_NATURE_STAFF(3.1),ZAF,EXP,ISCED11_1T8,_T,INST_EDU_PUB,CUR_NLC,Q,USD_PPP,NATURE,2021,,K,6,0,2020,X9
OECD.EDU.IMEP:DSD_EAG_UOE_FIN@DF_UOE_FIN_NATURE_STAFF(3.1),HRV,EXP,ISCED11_1T8,_T,INST_EDU_PRIV_GOV,CUR_NLC,Q,USD_PPP,NATURE,2015,,K,6,0,2020,Y9
OECD.EDU.IMEP:DSD_EAG_UOE_FIN@DF_UOE_FIN_NATURE_STAFF(3.1),HRV,EXP,ISCED11_1T8,_T,INST_EDU_PRIV_GOV,CUR_NLC,Q,USD_PPP,NATURE,2016,,K,6,0,2020,Y9
OECD.EDU.IMEP:DSD_EAG_UOE_FIN@DF_UOE_FIN_NATURE_STAFF(3.1),HRV,EXP,ISCED11_1T8,_T,INST_EDU_PRIV_GOV,CUR_NLC,Q,USD_PPP,NATURE,2017,,K,6,0,2020,Y9
OECD.EDU.IMEP:DSD_EAG_UOE_FIN@DF_UOE_FIN_NATURE_STAFF(3.1),HRV,EXP,ISCED11_1T8,_T,INST_EDU_PRIV_GOV,CUR_NLC,Q,USD_PPP,NATURE,2018,,K,6,0,2020,Y9
OECD.EDU.IMEP:DSD_EAG_UOE_FIN@DF_UOE_FIN_NATURE_STAFF(3.1),HRV,EXP,ISCED11_1T8,_T,INST_EDU_PRIV_GOV,CUR_NLC,Q,USD_PPP,NATURE,2019,,K,6,0,2020,Y9
OECD.EDU.IMEP:DSD_EAG_UOE_FIN@DF_UOE_FIN_NATURE_STAFF(3.1),HRV,EXP,ISCED11_1T8,_T,INST_EDU_PRIV_GOV,CUR_NLC,Q,USD_PPP,NATURE,2020,,K,6,0,2020,Y9
OECD.EDU.IMEP:DSD_EAG_UOE_FIN@DF_UOE_FIN_NATURE_STAFF(3.1),HRV,EXP,ISCED11_1T8,_T,INST_EDU_PRIV_GOV,CUR_NLC,Q,USD_PPP,NATURE,2021,,K,6,0,2020,Y9
OECD.EDU.IMEP:DSD_EAG_UOE_FIN@DF_UOE_FIN_NATURE_STAFF(3.1),HRV,EXP,ISCED11_1T8,_T,INST_EDU_PRIV_GOV,CUR_RET,Q,USD_PPP,NATURE,2015,,K,6,0,2020,Y8
OECD.EDU.IMEP:DSD_EAG_UOE_FIN@DF_UOE_FIN_NATURE_STAFF(3.1),HRV,EXP,ISCED11_1T8,_T,INST_EDU_PRIV_GOV,CUR_RET,Q,USD_PPP,NATURE,2016,,K,6,0,2020,Y8
OECD.EDU.IMEP:DSD_EAG_UOE_FIN@DF_UOE_FIN_NATURE_STAFF(3.1),HRV,EXP,ISCED11_1T8,_T,INST_EDU_PRIV_GOV,CUR_RET,Q,USD_PPP,NATURE,2017,,K,6,0,2020,Y8
OECD.EDU.IMEP:DSD_EAG_UOE_FIN@DF_UOE_FIN_NATURE_STAFF(3.1),HRV,EXP,ISCED11_1T8,_T,INST_EDU_PRIV_GOV,CUR_RET,Q,USD_PPP,NATURE,2018,,K,6,0,2020,Y8
OECD.EDU.IMEP:DSD_EAG_UOE_FIN@DF_UOE_FIN_NATURE_STAFF(3.1),HRV,EXP,ISCED11_1T8,_T,INST_EDU_PRIV_GOV,CUR_RET,Q,USD_PPP,NATURE,2019,,K,6,0,2020,Y8
OECD.EDU.IMEP:DSD_EAG_UOE_FIN@DF_UOE_FIN_NATURE_STAFF(3.1),HRV,EXP,ISCED11_1T8,_T,INST_EDU_PRIV_GOV,CUR_RET,Q,USD_PPP,NATURE,2020,,K,6,0,2020,Y8
OECD.EDU.IMEP:DSD_EAG_UOE_FIN@DF_UOE_FIN_NATURE_STAFF(3.1),HRV,EXP,ISCED11_1T8,_T,INST_EDU_PRIV_GOV,CUR_RET,Q,USD_PPP,NATURE,2021,,K,6,0,2020,Y8
OECD.EDU.IMEP:DSD_EAG_UOE_FIN@DF_UOE_FIN_NATURE_STAFF(3.1),HRV,EXP,ISCED11_1T8,_T,INST_EDU_PRIV_GOV,CUR_LC,Q,USD_PPP,NATURE,2015,,K,6,0,2020,Y7
OECD.EDU.IMEP:DSD_EAG_UOE_FIN@DF_UOE_FIN_NATURE_STAFF(3.1),HRV,EXP,ISCED11_1T8,_T,INST_EDU_PRIV_GOV,CUR_LC,Q,USD_PPP,NATURE,2016,,K,6,0,2020,Y7
OECD.EDU.IMEP:DSD_EAG_UOE_FIN@DF_UOE_FIN_NATURE_STAFF(3.1),HRV,EXP,ISCED11_1T8,_T,INST_EDU_PRIV_GOV,CUR_LC,Q,USD_PPP,NATURE,2017,,K,6,0,2020,Y7
OECD.EDU.IMEP:DSD_EAG_UOE_FIN@DF_UOE_FIN_NATURE_STAFF(3.1),HRV,EXP,ISCED11_1T8,_T,INST_EDU_PRIV_GOV,CUR_LC,Q,USD_PPP,NATURE,2018,,K,6,0,2020,Y7
OECD.EDU.IMEP:DSD_EAG_UOE_FIN@DF_UOE_FIN_NATURE_STAFF(3.1),HRV,EXP,ISCED11_1T8,_T,INST_EDU_PRIV_GOV,CUR_LC,Q,USD_PPP,NATURE,2019,,K,6,0,2020,Y7
OECD.EDU.IMEP:DSD_EAG_UOE_FIN@DF_UOE_FIN_NATURE_STAFF(3.1),HRV,EXP,ISCED11_1T8,_T,INST_EDU_PRIV_GOV,CUR_LC,Q,USD_PPP,NATURE,2020,,K,6,0,2020,Y7
OECD.EDU.IMEP:DSD_EAG_UOE_FIN@DF_UOE_FIN_NATURE_STAFF(3.1),HRV,EXP,ISCED11_1T8,_T,INST_EDU_PRIV_GOV,CUR_LC,Q,USD_PPP,NATURE,2021,,K,6,0,2020,Y7
OECD.EDU.IMEP:DSD_EAG_UOE_FIN@DF_UOE_FIN_NATURE_STAFF(3.1),PER,EXP,ISCED11_1T8,_T,INST_EDU_PRIV_GOV,CUR_NLC,Q,USD_PPP,NATURE,2015,,K,6,0,2020,Y9
OECD.EDU.IMEP:DSD_EAG_UOE_FIN@DF_UOE_FIN_NATURE_STAFF(3.1),PER,EXP,ISCED11_1T8,_T,INST_EDU_PRIV_GOV,CUR_NLC,Q,USD_PPP,NATURE,2016,,K,6,0,2020,Y9
OECD.EDU.IMEP:DSD_EAG_UOE_FIN@DF_UOE_FIN_NATURE_STAFF(3.1),PER,EXP,ISCED11_1T8,_T,INST_EDU_PRIV_GOV,CUR_NLC,Q,USD_PPP,NATURE,2017,,K,6,0,2020,Y9
OECD.EDU.IMEP:DSD_EAG_UOE_FIN@DF_UOE_FIN_NATURE_STAFF(3.1),PER,EXP,ISCED11_1T8,_T,INST_EDU_PRIV_GOV,CUR_NLC,Q,USD_PPP,NATURE,2018,,K,6,0,2020,Y9
OECD.EDU.IMEP:DSD_EAG_UOE_FIN@DF_UOE_FIN_NATURE_STAFF(3.1),PER,EXP,ISCED11_1T8,_T,INST_EDU_PRIV_GOV,CUR_NLC,Q,USD_PPP,NATURE,2019,,K,6,0,2020,Y9
OECD.EDU.IMEP:DSD_EAG_UOE_FIN@DF_UOE_FIN_NATURE_STAFF(3.1),PER,EXP,ISCED11_1T8,_T,INST_EDU_PRIV_GOV,CUR_NLC,Q,USD_PPP,NATURE,2020,,K,6,0,2020,Y9
OECD.EDU.IMEP:DSD_EAG_UOE_FIN@DF_UOE_FIN_NATURE_STAFF(3.1),PER,EXP,ISCED11_1T8,_T,INST_EDU_PRIV_GOV,CUR_NLC,Q,USD_PPP,NATURE,2021,,K,6,0,2020,Y9
OECD.EDU.IMEP:DSD_EAG_UOE_FIN@DF_UOE_FIN_NATURE_STAFF(3.1),PER,EXP,ISCED11_1T8,_T,INST_EDU_PRIV_GOV,CUR_NLC,Q,USD_PPP,NATURE,2022,,K,6,0,2020,Y9
OECD.EDU.IMEP:DSD_EAG_UOE_FIN@DF_UOE_FIN_NATURE_STAFF(3.1),PER,EXP,ISCED11_1T8,_T,INST_EDU_PRIV_GOV,CUR_LC,Q,USD_PPP,NATURE,2015,,K,6,0,2020,Y7
OECD.EDU.IMEP:DSD_EAG_UOE_FIN@DF_UOE_FIN_NATURE_STAFF(3.1),PER,EXP,ISCED11_1T8,_T,INST_EDU_PRIV_GOV,CUR_LC,Q,USD_PPP,NATURE,2016,,K,6,0,2020,Y7
OECD.EDU.IMEP:DSD_EAG_UOE_FIN@DF_UOE_FIN_NATURE_STAFF(3.1),PER,EXP,ISCED11_1T8,_T,INST_EDU_PRIV_GOV,CUR_LC,Q,USD_PPP,NATURE,2017,,K,6,0,2020,Y7
OECD.EDU.IMEP:DSD_EAG_UOE_FIN@DF_UOE_FIN_NATURE_STAFF(3.1),PER,EXP,ISCED11_1T8,_T,INST_EDU_PRIV_GOV,CUR_LC,Q,USD_PPP,NATURE,2018,,K,6,0,2020,Y7
OECD.EDU.IMEP:DSD_EAG_UOE_FIN@DF_UOE_FIN_NATURE_STAFF(3.1),PER,EXP,ISCED11_1T8,_T,INST_EDU_PRIV_GOV,CUR_LC,Q,USD_PPP,NATURE,2019,,K,6,0,2020,Y7
OECD.EDU.IMEP:DSD_EAG_UOE_FIN@DF_UOE_FIN_NATURE_STAFF(3.1),PER,EXP,ISCED11_1T8,_T,INST_EDU_PRIV_GOV,CUR_LC,Q,USD_PPP,NATURE,2020,,K,6,0,2020,Y7
OECD.EDU.IMEP:DSD_EAG_UOE_FIN@DF_UOE_FIN_NATURE_STAFF(3.1),PER,EXP,ISCED11_1T8,_T,INST_EDU_PRIV_GOV,CUR_LC,Q,USD_PPP,NATURE,2021,,K,6,0,2020,Y7
OECD.EDU.IMEP:DSD_EAG_UOE_FIN@DF_UOE_FIN_NATURE_STAFF(3.1),PER,EXP,ISCED11_1T8,_T,INST_EDU_PRIV_GOV,CUR_LC,Q,USD_PPP,NATURE,2022,,K,6,0,2020,Y7
OECD.EDU.IMEP:DSD_EAG_UOE_FIN@DF_UOE_FIN_NATURE_STAFF(3.1),PER,EXP,ISCED11_1T8,_T,INST_EDU_PRIV_GOV,CUR_RET,Q,USD_PPP,NATURE,2015,,K,6,0,2020,Y8
OECD.EDU.IMEP:DSD_EAG_UOE_FIN@DF_UOE_FIN_NATURE_STAFF(3.1),PER,EXP,ISCED11_1T8,_T,INST_EDU_PRIV_GOV,CUR_RET,Q,USD_PPP,NATURE,2016,,K,6,0,2020,Y8
OECD.EDU.IMEP:DSD_EAG_UOE_FIN@DF_UOE_FIN_NATURE_STAFF(3.1),PER,EXP,ISCED11_1T8,_T,INST_EDU_PRIV_GOV,CUR_RET,Q,USD_PPP,NATURE,2017,,K,6,0,2020,Y8
OECD.EDU.IMEP:DSD_EAG_UOE_FIN@DF_UOE_FIN_NATURE_STAFF(3.1),PER,EXP,ISCED11_1T8,_T,INST_EDU_PRIV_GOV,CUR_RET,Q,USD_PPP,NATURE,2018,,K,6,0,2020,Y8
OECD.EDU.IMEP:DSD_EAG_UOE_FIN@DF_UOE_FIN_NATURE_STAFF(3.1),PER,EXP,ISCED11_1T8,_T,INST_EDU_PRIV_GOV,CUR_RET,Q,USD_PPP,NATURE,2019,,K,6,0,2020,Y8
OECD.EDU.IMEP:DSD_EAG_UOE_FIN@DF_UOE_FIN_NATURE_STAFF(3.1),PER,EXP,ISCED11_1T8,_T,INST_EDU_PRIV_GOV,CUR_RET,Q,USD_PPP,NATURE,2020,,K,6,0,2020,Y8
OECD.EDU.IMEP:DSD_EAG_UOE_FIN@DF_UOE_FIN_NATURE_STAFF(3.1),PER,EXP,ISCED11_1T8,_T,INST_EDU_PRIV_GOV,CUR_RET,Q,USD_PPP,NATURE,2021,,K,6,0,2020,Y8
OECD.EDU.IMEP:DSD_EAG_UOE_FIN@DF_UOE_FIN_NATURE_STAFF(3.1),PER,EXP,ISCED11_1T8,_T,INST_EDU_PRIV_GOV,CUR_RET,Q,USD_PPP,NATURE,2022,,K,6,0,2020,Y8
OECD.EDU.IMEP:DSD_EAG_UOE_FIN@DF_UOE_FIN_NATURE_STAFF(3.1),IDN,EXP,ISCED11_1T8,_T,INST_EDU_PRIV_GOV,CUR_LC,Q,USD_PPP,NATURE,2015,,K,6,0,2020,Y7
OECD.EDU.IMEP:DSD_EAG_UOE_FIN@DF_UOE_FIN_NATURE_STAFF(3.1),IDN,EXP,ISCED11_1T8,_T,INST_EDU_PRIV_GOV,CUR_LC,Q,USD_PPP,NATURE,2016,,K,6,0,2020,Y7
OECD.EDU.IMEP:DSD_EAG_UOE_FIN@DF_UOE_FIN_NATURE_STAFF(3.1),IDN,EXP,ISCED11_1T8,_T,INST_EDU_PRIV_GOV,CUR_LC,Q,USD_PPP,NATURE,2017,,K,6,0,2020,Y7
OECD.EDU.IMEP:DSD_EAG_UOE_FIN@DF_UOE_FIN_NATURE_STAFF(3.1),IDN,EXP,ISCED11_1T8,_T,INST_EDU_PRIV_GOV,CUR_LC,Q,USD_PPP,NATURE,2018,,K,6,0,2020,Y7
OECD.EDU.IMEP:DSD_EAG_UOE_FIN@DF_UOE_FIN_NATURE_STAFF(3.1),IDN,EXP,ISCED11_1T8,_T,INST_EDU_PRIV_GOV,CUR_LC,Q,USD_PPP,NATURE,2019,,K,6,0,2020,Y7
OECD.EDU.IMEP:DSD_EAG_UOE_FIN@DF_UOE_FIN_NATURE_STAFF(3.1),IDN,EXP,ISCED11_1T8,_T,INST_EDU_PRIV_GOV,CUR_RET,Q,USD_PPP,NATURE,2015,,K,6,0,2020,Y8
OECD.EDU.IMEP:DSD_EAG_UOE_FIN@DF_UOE_FIN_NATURE_STAFF(3.1),IDN,EXP,ISCED11_1T8,_T,INST_EDU_PRIV_GOV,CUR_RET,Q,USD_PPP,NATURE,2016,,K,6,0,2020,Y8
OECD.EDU.IMEP:DSD_EAG_UOE_FIN@DF_UOE_FIN_NATURE_STAFF(3.1),IDN,EXP,ISCED11_1T8,_T,INST_EDU_PRIV_GOV,CUR_RET,Q,USD_PPP,NATURE,2017,,K,6,0,2020,Y8
OECD.EDU.IMEP:DSD_EAG_UOE_FIN@DF_UOE_FIN_NATURE_STAFF(3.1),IDN,EXP,ISCED11_1T8,_T,INST_EDU_PRIV_GOV,CUR_RET,Q,USD_PPP,NATURE,2018,,K,6,0,2020,Y8
OECD.EDU.IMEP:DSD_EAG_UOE_FIN@DF_UOE_FIN_NATURE_STAFF(3.1),IDN,EXP,ISCED11_1T8,_T,INST_EDU_PRIV_GOV,CUR_RET,Q,USD_PPP,NATURE,2019,,K,6,0,2020,Y8
OECD.EDU.IMEP:DSD_EAG_UOE_FIN@DF_UOE_FIN_NATURE_STAFF(3.1),IDN,EXP,ISCED11_1T8,_T,INST_EDU_PRIV_GOV,CUR_NLC,Q,USD_PPP,NATURE,2015,,K,6,0,2020,Y9
OECD.EDU.IMEP:DSD_EAG_UOE_FIN@DF_UOE_FIN_NATURE_STAFF(3.1),IDN,EXP,ISCED11_1T8,_T,INST_EDU_PRIV_GOV,CUR_NLC,Q,USD_PPP,NATURE,2016,,K,6,0,2020,Y9
OECD.EDU.IMEP:DSD_EAG_UOE_FIN@DF_UOE_FIN_NATURE_STAFF(3.1),IDN,EXP,ISCED11_1T8,_T,INST_EDU_PRIV_GOV,CUR_NLC,Q,USD_PPP,NATURE,2017,,K,6,0,2020,Y9
OECD.EDU.IMEP:DSD_EAG_UOE_FIN@DF_UOE_FIN_NATURE_STAFF(3.1),IDN,EXP,ISCED11_1T8,_T,INST_EDU_PRIV_GOV,CUR_NLC,Q,USD_PPP,NATURE,2018,,K,6,0,2020,Y9
OECD.EDU.IMEP:DSD_EAG_UOE_FIN@DF_UOE_FIN_NATURE_STAFF(3.1),IDN,EXP,ISCED11_1T8,_T,INST_EDU_PRIV_GOV,CUR_NLC,Q,USD_PPP,NATURE,2019,,K,6,0,2020,Y9
OECD.EDU.IMEP:DSD_EAG_UOE_FIN@DF_UOE_FIN_NATURE_STAFF(3.1),CHN,EXP,ISCED11_1T8,_T,INST_EDU_PRIV_GOV,CUR_NLC,Q,USD_PPP,NATURE,2015,,K,6,0,2020,Y9
OECD.EDU.IMEP:DSD_EAG_UOE_FIN@DF_UOE_FIN_NATURE_STAFF(3.1),CHN,EXP,ISCED11_1T8,_T,INST_EDU_PRIV_GOV,CUR_NLC,Q,USD_PPP,NATURE,2016,,K,6,0,2020,Y9
OECD.EDU.IMEP:DSD_EAG_UOE_FIN@DF_UOE_FIN_NATURE_STAFF(3.1),CHN,EXP,ISCED11_1T8,_T,INST_EDU_PRIV_GOV,CUR_NLC,Q,USD_PPP,NATURE,2017,,K,6,0,2020,Y9
OECD.EDU.IMEP:DSD_EAG_UOE_FIN@DF_UOE_FIN_NATURE_STAFF(3.1),CHN,EXP,ISCED11_1T8,_T,INST_EDU_PRIV_GOV,CUR_NLC,Q,USD_PPP,NATURE,2018,,K,6,0,2020,Y9
OECD.EDU.IMEP:DSD_EAG_UOE_FIN@DF_UOE_FIN_NATURE_STAFF(3.1),CHN,EXP,ISCED11_1T8,_T,INST_EDU_PRIV_GOV,CUR_NLC,Q,USD_PPP,NATURE,2019,,K,6,0,2020,Y9
OECD.EDU.IMEP:DSD_EAG_UOE_FIN@DF_UOE_FIN_NATURE_STAFF(3.1),CHN,EXP,ISCED11_1T8,_T,INST_EDU_PRIV_GOV,CUR_LC,Q,USD_PPP,NATURE,2015,,K,6,0,2020,Y7
OECD.EDU.IMEP:DSD_EAG_UOE_FIN@DF_UOE_FIN_NATURE_STAFF(3.1),CHN,EXP,ISCED11_1T8,_T,INST_EDU_PRIV_GOV,CUR_LC,Q,USD_PPP,NATURE,2016,,K,6,0,2020,Y7
OECD.EDU.IMEP:DSD_EAG_UOE_FIN@DF_UOE_FIN_NATURE_STAFF(3.1),CHN,EXP,ISCED11_1T8,_T,INST_EDU_PRIV_GOV,CUR_LC,Q,USD_PPP,NATURE,2017,,K,6,0,2020,Y7
OECD.EDU.IMEP:DSD_EAG_UOE_FIN@DF_UOE_FIN_NATURE_STAFF(3.1),CHN,EXP,ISCED11_1T8,_T,INST_EDU_PRIV_GOV,CUR_LC,Q,USD_PPP,NATURE,2018,,K,6,0,2020,Y7
OECD.EDU.IMEP:DSD_EAG_UOE_FIN@DF_UOE_FIN_NATURE_STAFF(3.1),CHN,EXP,ISCED11_1T8,_T,INST_EDU_PRIV_GOV,CUR_LC,Q,USD_PPP,NATURE,2019,,K,6,0,2020,Y7
OECD.EDU.IMEP:DSD_EAG_UOE_FIN@DF_UOE_FIN_NATURE_STAFF(3.1),CHN,EXP,ISCED11_1T8,_T,INST_EDU_PRIV_GOV,CUR_RET,Q,USD_PPP,NATURE,2015,,K,6,0,2020,Y8
OECD.EDU.IMEP:DSD_EAG_UOE_FIN@DF_UOE_FIN_NATURE_STAFF(3.1),CHN,EXP,ISCED11_1T8,_T,INST_EDU_PRIV_GOV,CUR_RET,Q,USD_PPP,NATURE,2016,,K,6,0,2020,Y8
OECD.EDU.IMEP:DSD_EAG_UOE_FIN@DF_UOE_FIN_NATURE_STAFF(3.1),CHN,EXP,ISCED11_1T8,_T,INST_EDU_PRIV_GOV,CUR_RET,Q,USD_PPP,NATURE,2017,,K,6,0,2020,Y8
OECD.EDU.IMEP:DSD_EAG_UOE_FIN@DF_UOE_FIN_NATURE_STAFF(3.1),CHN,EXP,ISCED11_1T8,_T,INST_EDU_PRIV_GOV,CUR_RET,Q,USD_PPP,NATURE,2018,,K,6,0,2020,Y8
OECD.EDU.IMEP:DSD_EAG_UOE_FIN@DF_UOE_FIN_NATURE_STAFF(3.1),CHN,EXP,ISCED11_1T8,_T,INST_EDU_PRIV_GOV,CUR_RET,Q,USD_PPP,NATURE,2019,,K,6,0,2020,Y8
OECD.EDU.IMEP:DSD_EAG_UOE_FIN@DF_UOE_FIN_NATURE_STAFF(3.1),SAU,EXP,ISCED11_1T8,_T,INST_EDU_PRIV_GOV,CUR_NLC,Q,USD_PPP,NATURE,2015,,K,6,0,2020,Y9
OECD.EDU.IMEP:DSD_EAG_UOE_FIN@DF_UOE_FIN_NATURE_STAFF(3.1),SAU,EXP,ISCED11_1T8,_T,INST_EDU_PRIV_GOV,CUR_NLC,Q,USD_PPP,NATURE,2016,,K,6,0,2020,Y9
OECD.EDU.IMEP:DSD_EAG_UOE_FIN@DF_UOE_FIN_NATURE_STAFF(3.1),SAU,EXP,ISCED11_1T8,_T,INST_EDU_PRIV_GOV,CUR_NLC,Q,USD_PPP,NATURE,2017,,K,6,0,2020,Y9
OECD.EDU.IMEP:DSD_EAG_UOE_FIN@DF_UOE_FIN_NATURE_STAFF(3.1),SAU,EXP,ISCED11_1T8,_T,INST_EDU_PRIV_GOV,CUR_NLC,Q,USD_PPP,NATURE,2018,,K,6,0,2020,Y9
OECD.EDU.IMEP:DSD_EAG_UOE_FIN@DF_UOE_FIN_NATURE_STAFF(3.1),SAU,EXP,ISCED11_1T8,_T,INST_EDU_PRIV_GOV,CUR_NLC,Q,USD_PPP,NATURE,2019,,K,6,0,2020,Y9
OECD.EDU.IMEP:DSD_EAG_UOE_FIN@DF_UOE_FIN_NATURE_STAFF(3.1),SAU,EXP,ISCED11_1T8,_T,INST_EDU_PRIV_GOV,CUR_NLC,Q,USD_PPP,NATURE,2021,,K,6,0,2020,Y9
OECD.EDU.IMEP:DSD_EAG_UOE_FIN@DF_UOE_FIN_NATURE_STAFF(3.1),SAU,EXP,ISCED11_1T8,_T,INST_EDU_PRIV_GOV,CUR_RET,Q,USD_PPP,NATURE,2015,,K,6,0,2020,Y8
OECD.EDU.IMEP:DSD_EAG_UOE_FIN@DF_UOE_FIN_NATURE_STAFF(3.1),SAU,EXP,ISCED11_1T8,_T,INST_EDU_PRIV_GOV,CUR_RET,Q,USD_PPP,NATURE,2016,,K,6,0,2020,Y8
OECD.EDU.IMEP:DSD_EAG_UOE_FIN@DF_UOE_FIN_NATURE_STAFF(3.1),SAU,EXP,ISCED11_1T8,_T,INST_EDU_PRIV_GOV,CUR_RET,Q,USD_PPP,NATURE,2017,,K,6,0,2020,Y8
OECD.EDU.IMEP:DSD_EAG_UOE_FIN@DF_UOE_FIN_NATURE_STAFF(3.1),SAU,EXP,ISCED11_1T8,_T,INST_EDU_PRIV_GOV,CUR_RET,Q,USD_PPP,NATURE,2018,,K,6,0,2020,Y8
OECD.EDU.IMEP:DSD_EAG_UOE_FIN@DF_UOE_FIN_NATURE_STAFF(3.1),SAU,EXP,ISCED11_1T8,_T,INST_EDU_PRIV_GOV,CUR_RET,Q,USD_PPP,NATURE,2019,,K,6,0,2020,Y8
OECD.EDU.IMEP:DSD_EAG_UOE_FIN@DF_UOE_FIN_NATURE_STAFF(3.1),SAU,EXP,ISCED11_1T8,_T,INST_EDU_PRIV_GOV,CUR_RET,Q,USD_PPP,NATURE,2021,,K,6,0,2020,Y8
OECD.EDU.IMEP:DSD_EAG_UOE_FIN@DF_UOE_FIN_NATURE_STAFF(3.1),SAU,EXP,ISCED11_1T8,_T,INST_EDU_PRIV_GOV,CUR_LC,Q,USD_PPP,NATURE,2015,,K,6,0,2020,Y7
OECD.EDU.IMEP:DSD_EAG_UOE_FIN@DF_UOE_FIN_NATURE_STAFF(3.1),SAU,EXP,ISCED11_1T8,_T,INST_EDU_PRIV_GOV,CUR_LC,Q,USD_PPP,NATURE,2016,,K,6,0,2020,Y7
OECD.EDU.IMEP:DSD_EAG_UOE_FIN@DF_UOE_FIN_NATURE_STAFF(3.1),SAU,EXP,ISCED11_1T8,_T,INST_EDU_PRIV_GOV,CUR_LC,Q,USD_PPP,NATURE,2017,,K,6,0,2020,Y7
OECD.EDU.IMEP:DSD_EAG_UOE_FIN@DF_UOE_FIN_NATURE_STAFF(3.1),SAU,EXP,ISCED11_1T8,_T,INST_EDU_PRIV_GOV,CUR_LC,Q,USD_PPP,NATURE,2018,,K,6,0,2020,Y7
OECD.EDU.IMEP:DSD_EAG_UOE_FIN@DF_UOE_FIN_NATURE_STAFF(3.1),SAU,EXP,ISCED11_1T8,_T,INST_EDU_PRIV_GOV,CUR_LC,Q,USD_PPP,NATURE,2019,,K,6,0,2020,Y7
OECD.EDU.IMEP:DSD_EAG_UOE_FIN@DF_UOE_FIN_NATURE_STAFF(3.1),SAU,EXP,ISCED11_1T8,_T,INST_EDU_PRIV_GOV,CUR_LC,Q,USD_PPP,NATURE,2021,,K,6,0,2020,Y7
OECD.EDU.IMEP:DSD_EAG_UOE_FIN@DF_UOE_FIN_NATURE_STAFF(3.1),IND,EXP,ISCED11_1T8,_T,INST_EDU_PRIV_GOV,CUR_NLC,Q,USD_PPP,NATURE,2015,,K,6,0,2020,Y9
OECD.EDU.IMEP:DSD_EAG_UOE_FIN@DF_UOE_FIN_NATURE_STAFF(3.1),IND,EXP,ISCED11_1T8,_T,INST_EDU_PRIV_GOV,CUR_NLC,Q,USD_PPP,NATURE,2016,,K,6,0,2020,Y9
OECD.EDU.IMEP:DSD_EAG_UOE_FIN@DF_UOE_FIN_NATURE_STAFF(3.1),IND,EXP,ISCED11_1T8,_T,INST_EDU_PRIV_GOV,CUR_NLC,Q,USD_PPP,NATURE,2017,,K,6,0,2020,Y9
OECD.EDU.IMEP:DSD_EAG_UOE_FIN@DF_UOE_FIN_NATURE_STAFF(3.1),IND,EXP,ISCED11_1T8,_T,INST_EDU_PRIV_GOV,CUR_NLC,Q,USD_PPP,NATURE,2018,,K,6,0,2020,Y9
OECD.EDU.IMEP:DSD_EAG_UOE_FIN@DF_UOE_FIN_NATURE_STAFF(3.1),IND,EXP,ISCED11_1T8,_T,INST_EDU_PRIV_GOV,CUR_NLC,Q,USD_PPP,NATURE,2019,,K,6,0,2020,Y9
OECD.EDU.IMEP:DSD_EAG_UOE_FIN@DF_UOE_FIN_NATURE_STAFF(3.1),IND,EXP,ISCED11_1T8,_T,INST_EDU_PRIV_GOV,CUR_NLC,Q,USD_PPP,NATURE,2020,,K,6,0,2020,Y9
OECD.EDU.IMEP:DSD_EAG_UOE_FIN@DF_UOE_FIN_NATURE_STAFF(3.1),IND,EXP,ISCED11_1T8,_T,INST_EDU_PRIV_GOV,CUR_NLC,Q,USD_PPP,NATURE,2021,,K,6,0,2020,Y9
OECD.EDU.IMEP:DSD_EAG_UOE_FIN@DF_UOE_FIN_NATURE_STAFF(3.1),IND,EXP,ISCED11_1T8,_T,INST_EDU_PRIV_GOV,CUR_RET,Q,USD_PPP,NATURE,2015,,K,6,0,2020,Y8
OECD.EDU.IMEP:DSD_EAG_UOE_FIN@DF_UOE_FIN_NATURE_STAFF(3.1),IND,EXP,ISCED11_1T8,_T,INST_EDU_PRIV_GOV,CUR_RET,Q,USD_PPP,NATURE,2016,,K,6,0,2020,Y8
OECD.EDU.IMEP:DSD_EAG_UOE_FIN@DF_UOE_FIN_NATURE_STAFF(3.1),IND,EXP,ISCED11_1T8,_T,INST_EDU_PRIV_GOV,CUR_RET,Q,USD_PPP,NATURE,2017,,K,6,0,2020,Y8
OECD.EDU.IMEP:DSD_EAG_UOE_FIN@DF_UOE_FIN_NATURE_STAFF(3.1),IND,EXP,ISCED11_1T8,_T,INST_EDU_PRIV_GOV,CUR_RET,Q,USD_PPP,NATURE,2018,,K,6,0,2020,Y8
OECD.EDU.IMEP:DSD_EAG_UOE_FIN@DF_UOE_FIN_NATURE_STAFF(3.1),IND,EXP,ISCED11_1T8,_T,INST_EDU_PRIV_GOV,CUR_RET,Q,USD_PPP,NATURE,2019,,K,6,0,2020,Y8
OECD.EDU.IMEP:DSD_EAG_UOE_FIN@DF_UOE_FIN_NATURE_STAFF(3.1),IND,EXP,ISCED11_1T8,_T,INST_EDU_PRIV_GOV,CUR_RET,Q,USD_PPP,NATURE,2020,,K,6,0,2020,Y8
OECD.EDU.IMEP:DSD_EAG_UOE_FIN@DF_UOE_FIN_NATURE_STAFF(3.1),IND,EXP,ISCED11_1T8,_T,INST_EDU_PRIV_GOV,CUR_RET,Q,USD_PPP,NATURE,2021,,K,6,0,2020,Y8
OECD.EDU.IMEP:DSD_EAG_UOE_FIN@DF_UOE_FIN_NATURE_STAFF(3.1),IND,EXP,ISCED11_1T8,_T,INST_EDU_PRIV_GOV,CUR_LC,Q,USD_PPP,NATURE,2015,,K,6,0,2020,Y7
OECD.EDU.IMEP:DSD_EAG_UOE_FIN@DF_UOE_FIN_NATURE_STAFF(3.1),IND,EXP,ISCED11_1T8,_T,INST_EDU_PRIV_GOV,CUR_LC,Q,USD_PPP,NATURE,2016,,K,6,0,2020,Y7
OECD.EDU.IMEP:DSD_EAG_UOE_FIN@DF_UOE_FIN_NATURE_STAFF(3.1),IND,EXP,ISCED11_1T8,_T,INST_EDU_PRIV_GOV,CUR_LC,Q,USD_PPP,NATURE,2017,,K,6,0,2020,Y7
OECD.EDU.IMEP:DSD_EAG_UOE_FIN@DF_UOE_FIN_NATURE_STAFF(3.1),IND,EXP,ISCED11_1T8,_T,INST_EDU_PRIV_GOV,CUR_LC,Q,USD_PPP,NATURE,2018,,K,6,0,2020,Y7
OECD.EDU.IMEP:DSD_EAG_UOE_FIN@DF_UOE_FIN_NATURE_STAFF(3.1),IND,EXP,ISCED11_1T8,_T,INST_EDU_PRIV_GOV,CUR_LC,Q,USD_PPP,NATURE,2019,,K,6,0,2020,Y7
OECD.EDU.IMEP:DSD_EAG_UOE_FIN@DF_UOE_FIN_NATURE_STAFF(3.1),IND,EXP,ISCED11_1T8,_T,INST_EDU_PRIV_GOV,CUR_LC,Q,USD_PPP,NATURE,2020,,K,6,0,2020,Y7
OECD.EDU.IMEP:DSD_EAG_UOE_FIN@DF_UOE_FIN_NATURE_STAFF(3.1),IND,EXP,ISCED11_1T8,_T,INST_EDU_PRIV_GOV,CUR_LC,Q,USD_PPP,NATURE,2021,,K,6,0,2020,Y7
OECD.EDU.IMEP:DSD_EAG_UOE_FIN@DF_UOE_FIN_NATURE_STAFF(3.1),ZAF,EXP,ISCED11_1T8,_T,INST_EDU_PRIV_GOV,CUR_RET,Q,USD_PPP,NATURE,2015,,K,6,0,2020,Y8
OECD.EDU.IMEP:DSD_EAG_UOE_FIN@DF_UOE_FIN_NATURE_STAFF(3.1),ZAF,EXP,ISCED11_1T8,_T,INST_EDU_PRIV_GOV,CUR_RET,Q,USD_PPP,NATURE,2016,,K,6,0,2020,Y8
OECD.EDU.IMEP:DSD_EAG_UOE_FIN@DF_UOE_FIN_NATURE_STAFF(3.1),ZAF,EXP,ISCED11_1T8,_T,INST_EDU_PRIV_GOV,CUR_RET,Q,USD_PPP,NATURE,2017,,K,6,0,2020,Y8
OECD.EDU.IMEP:DSD_EAG_UOE_FIN@DF_UOE_FIN_NATURE_STAFF(3.1),ZAF,EXP,ISCED11_1T8,_T,INST_EDU_PRIV_GOV,CUR_RET,Q,USD_PPP,NATURE,2018,,K,6,0,2020,Y8
OECD.EDU.IMEP:DSD_EAG_UOE_FIN@DF_UOE_FIN_NATURE_STAFF(3.1),ZAF,EXP,ISCED11_1T8,_T,INST_EDU_PRIV_GOV,CUR_RET,Q,USD_PPP,NATURE,2019,,K,6,0,2020,Y8
OECD.EDU.IMEP:DSD_EAG_UOE_FIN@DF_UOE_FIN_NATURE_STAFF(3.1),ZAF,EXP,ISCED11_1T8,_T,INST_EDU_PRIV_GOV,CUR_RET,Q,USD_PPP,NATURE,2020,,K,6,0,2020,Y8
OECD.EDU.IMEP:DSD_EAG_UOE_FIN@DF_UOE_FIN_NATURE_STAFF(3.1),ZAF,EXP,ISCED11_1T8,_T,INST_EDU_PRIV_GOV,CUR_RET,Q,USD_PPP,NATURE,2021,,K,6,0,2020,Y8
OECD.EDU.IMEP:DSD_EAG_UOE_FIN@DF_UOE_FIN_NATURE_STAFF(3.1),ZAF,EXP,ISCED11_1T8,_T,INST_EDU_PRIV_GOV,CUR_LC,Q,USD_PPP,NATURE,2015,,K,6,0,2020,Y7
OECD.EDU.IMEP:DSD_EAG_UOE_FIN@DF_UOE_FIN_NATURE_STAFF(3.1),ZAF,EXP,ISCED11_1T8,_T,INST_EDU_PRIV_GOV,CUR_LC,Q,USD_PPP,NATURE,2016,,K,6,0,2020,Y7
OECD.EDU.IMEP:DSD_EAG_UOE_FIN@DF_UOE_FIN_NATURE_STAFF(3.1),ZAF,EXP,ISCED11_1T8,_T,INST_EDU_PRIV_GOV,CUR_LC,Q,USD_PPP,NATURE,2017,,K,6,0,2020,Y7
OECD.EDU.IMEP:DSD_EAG_UOE_FIN@DF_UOE_FIN_NATURE_STAFF(3.1),ZAF,EXP,ISCED11_1T8,_T,INST_EDU_PRIV_GOV,CUR_LC,Q,USD_PPP,NATURE,2018,,K,6,0,2020,Y7
OECD.EDU.IMEP:DSD_EAG_UOE_FIN@DF_UOE_FIN_NATURE_STAFF(3.1),ZAF,EXP,ISCED11_1T8,_T,INST_EDU_PRIV_GOV,CUR_LC,Q,USD_PPP,NATURE,2019,,K,6,0,2020,Y7
OECD.EDU.IMEP:DSD_EAG_UOE_FIN@DF_UOE_FIN_NATURE_STAFF(3.1),ZAF,EXP,ISCED11_1T8,_T,INST_EDU_PRIV_GOV,CUR_LC,Q,USD_PPP,NATURE,2020,,K,6,0,2020,Y7
OECD.EDU.IMEP:DSD_EAG_UOE_FIN@DF_UOE_FIN_NATURE_STAFF(3.1),ZAF,EXP,ISCED11_1T8,_T,INST_EDU_PRIV_GOV,CUR_LC,Q,USD_PPP,NATURE,2021,,K,6,0,2020,Y7
OECD.EDU.IMEP:DSD_EAG_UOE_FIN@DF_UOE_FIN_NATURE_STAFF(3.1),ZAF,EXP,ISCED11_1T8,_T,INST_EDU_PRIV_GOV,CUR_NLC,Q,USD_PPP,NATURE,2015,,K,6,0,2020,Y9
OECD.EDU.IMEP:DSD_EAG_UOE_FIN@DF_UOE_FIN_NATURE_STAFF(3.1),ZAF,EXP,ISCED11_1T8,_T,INST_EDU_PRIV_GOV,CUR_NLC,Q,USD_PPP,NATURE,2016,,K,6,0,2020,Y9
OECD.EDU.IMEP:DSD_EAG_UOE_FIN@DF_UOE_FIN_NATURE_STAFF(3.1),ZAF,EXP,ISCED11_1T8,_T,INST_EDU_PRIV_GOV,CUR_NLC,Q,USD_PPP,NATURE,2017,,K,6,0,2020,Y9
OECD.EDU.IMEP:DSD_EAG_UOE_FIN@DF_UOE_FIN_NATURE_STAFF(3.1),ZAF,EXP,ISCED11_1T8,_T,INST_EDU_PRIV_GOV,CUR_NLC,Q,USD_PPP,NATURE,2018,,K,6,0,2020,Y9
OECD.EDU.IMEP:DSD_EAG_UOE_FIN@DF_UOE_FIN_NATURE_STAFF(3.1),ZAF,EXP,ISCED11_1T8,_T,INST_EDU_PRIV_GOV,CUR_NLC,Q,USD_PPP,NATURE,2019,,K,6,0,2020,Y9
OECD.EDU.IMEP:DSD_EAG_UOE_FIN@DF_UOE_FIN_NATURE_STAFF(3.1),ZAF,EXP,ISCED11_1T8,_T,INST_EDU_PRIV_GOV,CUR_NLC,Q,USD_PPP,NATURE,2020,,K,6,0,2020,Y9
OECD.EDU.IMEP:DSD_EAG_UOE_FIN@DF_UOE_FIN_NATURE_STAFF(3.1),ZAF,EXP,ISCED11_1T8,_T,INST_EDU_PRIV_GOV,CUR_NLC,Q,USD_PPP,NATURE,2021,,K,6,0,2020,Y9
OECD.EDU.IMEP:DSD_EAG_UOE_FIN@DF_UOE_FIN_NATURE_STAFF(3.1),ZAF,EXP,ISCED11_1T8,_T,INST_EDU_PUB,CUR_LC,Q,USD_PPP,NATURE,2022,,O,6,0,2020,X7
OECD.EDU.IMEP:DSD_EAG_UOE_FIN@DF_UOE_FIN_NATURE_STAFF(3.1),ZAF,EXP,ISCED11_1T8,_T,INST_EDU_PUB,CUR_NLC,Q,USD_PPP,NATURE,2022,,O,6,0,2020,X9
OECD.EDU.IMEP:DSD_EAG_UOE_FIN@DF_UOE_FIN_NATURE_STAFF(3.1),ZAF,EXP,ISCED11_1T8,_T,INST_EDU_PUB,CUR_RET,Q,USD_PPP,NATURE,2022,,O,6,0,2020,X8
OECD.EDU.IMEP:DSD_EAG_UOE_FIN@DF_UOE_FIN_NATURE_STAFF(3.1),ZAF,EXP,ISCED11_1T8,_T,INST_EDU_PRIV_GOV,CUR_NLC,Q,USD_PPP,NATURE,2022,,O,6,0,2020,Y9
OECD.EDU.IMEP:DSD_EAG_UOE_FIN@DF_UOE_FIN_NATURE_STAFF(3.1),ZAF,EXP,ISCED11_1T8,_T,INST_EDU_PRIV_GOV,CUR_LC,Q,USD_PPP,NATURE,2022,,O,6,0,2020,Y7
OECD.EDU.IMEP:DSD_EAG_UOE_FIN@DF_UOE_FIN_NATURE_STAFF(3.1),ZAF,EXP,ISCED11_1T8,_T,INST_EDU_PRIV_GOV,CUR_RET,Q,USD_PPP,NATURE,2022,,O,6,0,2020,Y8
OECD.EDU.IMEP:DSD_EAG_UOE_FIN@DF_UOE_FIN_NATURE_STAFF(3.1),CHN,EXP,ISCED11_1T8,_T,INST_EDU_PRIV_GOV,CUR_NLC,Q,USD_PPP,NATURE,2022,,O,6,0,2020,Y9
OECD.EDU.IMEP:DSD_EAG_UOE_FIN@DF_UOE_FIN_NATURE_STAFF(3.1),CHN,EXP,ISCED11_1T8,_T,INST_EDU_PRIV_GOV,CUR_RET,Q,USD_PPP,NATURE,2022,,O,6,0,2020,Y8
OECD.EDU.IMEP:DSD_EAG_UOE_FIN@DF_UOE_FIN_NATURE_STAFF(3.1),CHN,EXP,ISCED11_1T8,_T,INST_EDU_PRIV_GOV,CUR_LC,Q,USD_PPP,NATURE,2022,,O,6,0,2020,Y7
OECD.EDU.IMEP:DSD_EAG_UOE_FIN@DF_UOE_FIN_NATURE_STAFF(3.1),AUS,EXP,ISCED11_1T8,_T,INST_EDU_PRIV_GOV,CUR_RET,Q,USD_PPP,NATURE,2015,,O,6,0,2020,Y8
OECD.EDU.IMEP:DSD_EAG_UOE_FIN@DF_UOE_FIN_NATURE_STAFF(3.1),AUS,EXP,ISCED11_1T8,_T,INST_EDU_PRIV_GOV,CUR_NLC,Q,USD_PPP,NATURE,2015,,O,6,0,2020,Y9
OECD.EDU.IMEP:DSD_EAG_UOE_FIN@DF_UOE_FIN_NATURE_STAFF(3.1),AUS,EXP,ISCED11_1T8,_T,INST_EDU_PRIV_GOV,CUR_LC,Q,USD_PPP,NATURE,2015,,O,6,0,2020,Y7
OECD.EDU.IMEP:DSD_EAG_UOE_FIN@DF_UOE_FIN_NATURE_STAFF(3.1),ROU,EXP,ISCED11_1T8,_T,INST_EDU_PRIV_GOV,CUR_NLC,Q,USD_PPP,NATURE,2020,,M,6,0,2020,Y9
OECD.EDU.IMEP:DSD_EAG_UOE_FIN@DF_UOE_FIN_NATURE_STAFF(3.1),ROU,EXP,ISCED11_1T8,_T,INST_EDU_PRIV_GOV,CUR_LC,Q,USD_PPP,NATURE,2020,,M,6,0,2020,Y7
OECD.EDU.IMEP:DSD_EAG_UOE_FIN@DF_UOE_FIN_NATURE_STAFF(3.1),ROU,EXP,ISCED11_1T8,_T,INST_EDU_PRIV_GOV,CUR_RET,Q,USD_PPP,NATURE,2020,,M,6,0,2020,Y8
OECD.EDU.IMEP:DSD_EAG_UOE_FIN@DF_UOE_FIN_NATURE_STAFF(3.1),ROU,EXP,ISCED11_1T8,_T,INST_EDU_PRIV_GOV,CUR_RET,Q,USD_PPP,NATURE,2021,,M,6,0,2020,Y8
OECD.EDU.IMEP:DSD_EAG_UOE_FIN@DF_UOE_FIN_NATURE_STAFF(3.1),ROU,EXP,ISCED11_1T8,_T,INST_EDU_PRIV_GOV,CUR_LC,Q,USD_PPP,NATURE,2021,,M,6,0,2020,Y7
OECD.EDU.IMEP:DSD_EAG_UOE_FIN@DF_UOE_FIN_NATURE_STAFF(3.1),ROU,EXP,ISCED11_1T8,_T,INST_EDU_PRIV_GOV,CUR_NLC,Q,USD_PPP,NATURE,2021,,M,6,0,2020,Y9
OECD.EDU.IMEP:DSD_EAG_UOE_FIN@DF_UOE_FIN_NATURE_STAFF(3.1),ROU,EXP,ISCED11_1T8,_T,INST_EDU_PRIV_GOV,CUR_NLC,Q,USD_PPP,NATURE,2022,,M,6,0,2020,Y9
OECD.EDU.IMEP:DSD_EAG_UOE_FIN@DF_UOE_FIN_NATURE_STAFF(3.1),ROU,EXP,ISCED11_1T8,_T,INST_EDU_PRIV_GOV,CUR_LC,Q,USD_PPP,NATURE,2022,,M,6,0,2020,Y7
OECD.EDU.IMEP:DSD_EAG_UOE_FIN@DF_UOE_FIN_NATURE_STAFF(3.1),ROU,EXP,ISCED11_1T8,_T,INST_EDU_PRIV_GOV,CUR_RET,Q,USD_PPP,NATURE,2022,,M,6,0,2020,Y8
OECD.EDU.IMEP:DSD_EAG_UOE_FIN@DF_UOE_FIN_NATURE_STAFF(3.1),HRV,EXP,ISCED11_1T8,_T,INST_EDU_PRIV_GOV,CUR_LC,Q,USD_PPP,NATURE,2022,,M,6,0,2020,Y7
OECD.EDU.IMEP:DSD_EAG_UOE_FIN@DF_UOE_FIN_NATURE_STAFF(3.1),HRV,EXP,ISCED11_1T8,_T,INST_EDU_PRIV_GOV,CUR_RET,Q,USD_PPP,NATURE,2022,,M,6,0,2020,Y8
OECD.EDU.IMEP:DSD_EAG_UOE_FIN@DF_UOE_FIN_NATURE_STAFF(3.1),HRV,EXP,ISCED11_1T8,_T,INST_EDU_PRIV_GOV,CUR_NLC,Q,USD_PPP,NATURE,2022,,M,6,0,2020,Y9
OECD.EDU.IMEP:DSD_EAG_UOE_FIN@DF_UOE_FIN_NATURE_STAFF(3.1),BRA,EXP,ISCED11_1T8,_T,INST_EDU_PRIV_GOV,CUR_NLC,Q,USD_PPP,NATURE,2015,,M,6,0,2020,Y9
OECD.EDU.IMEP:DSD_EAG_UOE_FIN@DF_UOE_FIN_NATURE_STAFF(3.1),BRA,EXP,ISCED11_1T8,_T,INST_EDU_PRIV_GOV,CUR_NLC,Q,USD_PPP,NATURE,2016,,M,6,0,2020,Y9
OECD.EDU.IMEP:DSD_EAG_UOE_FIN@DF_UOE_FIN_NATURE_STAFF(3.1),BRA,EXP,ISCED11_1T8,_T,INST_EDU_PRIV_GOV,CUR_NLC,Q,USD_PPP,NATURE,2017,,M,6,0,2020,Y9
OECD.EDU.IMEP:DSD_EAG_UOE_FIN@DF_UOE_FIN_NATURE_STAFF(3.1),BRA,EXP,ISCED11_1T8,_T,INST_EDU_PRIV_GOV,CUR_NLC,Q,USD_PPP,NATURE,2018,,M,6,0,2020,Y9
OECD.EDU.IMEP:DSD_EAG_UOE_FIN@DF_UOE_FIN_NATURE_STAFF(3.1),BRA,EXP,ISCED11_1T8,_T,INST_EDU_PRIV_GOV,CUR_NLC,Q,USD_PPP,NATURE,2019,,M,6,0,2020,Y9
OECD.EDU.IMEP:DSD_EAG_UOE_FIN@DF_UOE_FIN_NATURE_STAFF(3.1),BRA,EXP,ISCED11_1T8,_T,INST_EDU_PRIV_GOV,CUR_NLC,Q,USD_PPP,NATURE,2020,,M,6,0,2020,Y9
OECD.EDU.IMEP:DSD_EAG_UOE_FIN@DF_UOE_FIN_NATURE_STAFF(3.1),BRA,EXP,ISCED11_1T8,_T,INST_EDU_PRIV_GOV,CUR_NLC,Q,USD_PPP,NATURE,2021,,M,6,0,2020,Y9
OECD.EDU.IMEP:DSD_EAG_UOE_FIN@DF_UOE_FIN_NATURE_STAFF(3.1),BRA,EXP,ISCED11_1T8,_T,INST_EDU_PRIV_GOV,CUR_NLC,Q,USD_PPP,NATURE,2022,,M,6,0,2020,Y9
OECD.EDU.IMEP:DSD_EAG_UOE_FIN@DF_UOE_FIN_NATURE_STAFF(3.1),BRA,EXP,ISCED11_1T8,_T,INST_EDU_PRIV_GOV,CUR_LC,Q,USD_PPP,NATURE,2015,,M,6,0,2020,Y7
OECD.EDU.IMEP:DSD_EAG_UOE_FIN@DF_UOE_FIN_NATURE_STAFF(3.1),BRA,EXP,ISCED11_1T8,_T,INST_EDU_PRIV_GOV,CUR_LC,Q,USD_PPP,NATURE,2016,,M,6,0,2020,Y7
OECD.EDU.IMEP:DSD_EAG_UOE_FIN@DF_UOE_FIN_NATURE_STAFF(3.1),BRA,EXP,ISCED11_1T8,_T,INST_EDU_PRIV_GOV,CUR_LC,Q,USD_PPP,NATURE,2017,,M,6,0,2020,Y7
OECD.EDU.IMEP:DSD_EAG_UOE_FIN@DF_UOE_FIN_NATURE_STAFF(3.1),BRA,EXP,ISCED11_1T8,_T,INST_EDU_PRIV_GOV,CUR_LC,Q,USD_PPP,NATURE,2018,,M,6,0,2020,Y7
OECD.EDU.IMEP:DSD_EAG_UOE_FIN@DF_UOE_FIN_NATURE_STAFF(3.1),BRA,EXP,ISCED11_1T8,_T,INST_EDU_PRIV_GOV,CUR_LC,Q,USD_PPP,NATURE,2019,,M,6,0,2020,Y7
OECD.EDU.IMEP:DSD_EAG_UOE_FIN@DF_UOE_FIN_NATURE_STAFF(3.1),BRA,EXP,ISCED11_1T8,_T,INST_EDU_PRIV_GOV,CUR_LC,Q,USD_PPP,NATURE,2020,,M,6,0,2020,Y7
OECD.EDU.IMEP:DSD_EAG_UOE_FIN@DF_UOE_FIN_NATURE_STAFF(3.1),BRA,EXP,ISCED11_1T8,_T,INST_EDU_PRIV_GOV,CUR_LC,Q,USD_PPP,NATURE,2021,,M,6,0,2020,Y7
OECD.EDU.IMEP:DSD_EAG_UOE_FIN@DF_UOE_FIN_NATURE_STAFF(3.1),BRA,EXP,ISCED11_1T8,_T,INST_EDU_PRIV_GOV,CUR_LC,Q,USD_PPP,NATURE,2022,,M,6,0,2020,Y7
OECD.EDU.IMEP:DSD_EAG_UOE_FIN@DF_UOE_FIN_NATURE_STAFF(3.1),BRA,EXP,ISCED11_1T8,_T,INST_EDU_PRIV_GOV,CUR_RET,Q,USD_PPP,NATURE,2015,,M,6,0,2020,Y8
OECD.EDU.IMEP:DSD_EAG_UOE_FIN@DF_UOE_FIN_NATURE_STAFF(3.1),BRA,EXP,ISCED11_1T8,_T,INST_EDU_PRIV_GOV,CUR_RET,Q,USD_PPP,NATURE,2016,,M,6,0,2020,Y8
OECD.EDU.IMEP:DSD_EAG_UOE_FIN@DF_UOE_FIN_NATURE_STAFF(3.1),BRA,EXP,ISCED11_1T8,_T,INST_EDU_PRIV_GOV,CUR_RET,Q,USD_PPP,NATURE,2017,,M,6,0,2020,Y8
OECD.EDU.IMEP:DSD_EAG_UOE_FIN@DF_UOE_FIN_NATURE_STAFF(3.1),BRA,EXP,ISCED11_1T8,_T,INST_EDU_PRIV_GOV,CUR_RET,Q,USD_PPP,NATURE,2018,,M,6,0,2020,Y8
OECD.EDU.IMEP:DSD_EAG_UOE_FIN@DF_UOE_FIN_NATURE_STAFF(3.1),BRA,EXP,ISCED11_1T8,_T,INST_EDU_PRIV_GOV,CUR_RET,Q,USD_PPP,NATURE,2019,,M,6,0,2020,Y8
OECD.EDU.IMEP:DSD_EAG_UOE_FIN@DF_UOE_FIN_NATURE_STAFF(3.1),BRA,EXP,ISCED11_1T8,_T,INST_EDU_PRIV_GOV,CUR_RET,Q,USD_PPP,NATURE,2020,,M,6,0,2020,Y8
OECD.EDU.IMEP:DSD_EAG_UOE_FIN@DF_UOE_FIN_NATURE_STAFF(3.1),BRA,EXP,ISCED11_1T8,_T,INST_EDU_PRIV_GOV,CUR_RET,Q,USD_PPP,NATURE,2021,,M,6,0,2020,Y8
OECD.EDU.IMEP:DSD_EAG_UOE_FIN@DF_UOE_FIN_NATURE_STAFF(3.1),BRA,EXP,ISCED11_1T8,_T,INST_EDU_PRIV_GOV,CUR_RET,Q,USD_PPP,NATURE,2022,,M,6,0,2020,Y8
OECD.EDU.IMEP:DSD_EAG_UOE_FIN@DF_UOE_FIN_NATURE_STAFF(3.1),BGR,EXP,ISCED11_1T8,_T,INST_EDU_PRIV_GOV,CUR_LC,Q,USD_PPP,NATURE,2015,,M,6,0,2020,Y7
OECD.EDU.IMEP:DSD_EAG_UOE_FIN@DF_UOE_FIN_NATURE_STAFF(3.1),BGR,EXP,ISCED11_1T8,_T,INST_EDU_PRIV_GOV,CUR_LC,Q,USD_PPP,NATURE,2016,,M,6,0,2020,Y7
OECD.EDU.IMEP:DSD_EAG_UOE_FIN@DF_UOE_FIN_NATURE_STAFF(3.1),BGR,EXP,ISCED11_1T8,_T,INST_EDU_PRIV_GOV,CUR_LC,Q,USD_PPP,NATURE,2017,,M,6,0,2020,Y7
OECD.EDU.IMEP:DSD_EAG_UOE_FIN@DF_UOE_FIN_NATURE_STAFF(3.1),BGR,EXP,ISCED11_1T8,_T,INST_EDU_PRIV_GOV,CUR_LC,Q,USD_PPP,NATURE,2018,,M,6,0,2020,Y7
OECD.EDU.IMEP:DSD_EAG_UOE_FIN@DF_UOE_FIN_NATURE_STAFF(3.1),BGR,EXP,ISCED11_1T8,_T,INST_EDU_PRIV_GOV,CUR_LC,Q,USD_PPP,NATURE,2019,,M,6,0,2020,Y7
OECD.EDU.IMEP:DSD_EAG_UOE_FIN@DF_UOE_FIN_NATURE_STAFF(3.1),BGR,EXP,ISCED11_1T8,_T,INST_EDU_PRIV_GOV,CUR_LC,Q,USD_PPP,NATURE,2020,,M,6,0,2020,Y7
OECD.EDU.IMEP:DSD_EAG_UOE_FIN@DF_UOE_FIN_NATURE_STAFF(3.1),BGR,EXP,ISCED11_1T8,_T,INST_EDU_PRIV_GOV,CUR_LC,Q,USD_PPP,NATURE,2021,,M,6,0,2020,Y7
OECD.EDU.IMEP:DSD_EAG_UOE_FIN@DF_UOE_FIN_NATURE_STAFF(3.1),BGR,EXP,ISCED11_1T8,_T,INST_EDU_PRIV_GOV,CUR_LC,Q,USD_PPP,NATURE,2022,,M,6,0,2020,Y7
OECD.EDU.IMEP:DSD_EAG_UOE_FIN@DF_UOE_FIN_NATURE_STAFF(3.1),BGR,EXP,ISCED11_1T8,_T,INST_EDU_PRIV_GOV,CUR_RET,Q,USD_PPP,NATURE,2015,,M,6,0,2020,Y8
OECD.EDU.IMEP:DSD_EAG_UOE_FIN@DF_UOE_FIN_NATURE_STAFF(3.1),BGR,EXP,ISCED11_1T8,_T,INST_EDU_PRIV_GOV,CUR_RET,Q,USD_PPP,NATURE,2016,,M,6,0,2020,Y8
OECD.EDU.IMEP:DSD_EAG_UOE_FIN@DF_UOE_FIN_NATURE_STAFF(3.1),BGR,EXP,ISCED11_1T8,_T,INST_EDU_PRIV_GOV,CUR_RET,Q,USD_PPP,NATURE,2017,,M,6,0,2020,Y8
OECD.EDU.IMEP:DSD_EAG_UOE_FIN@DF_UOE_FIN_NATURE_STAFF(3.1),BGR,EXP,ISCED11_1T8,_T,INST_EDU_PRIV_GOV,CUR_RET,Q,USD_PPP,NATURE,2018,,M,6,0,2020,Y8
OECD.EDU.IMEP:DSD_EAG_UOE_FIN@DF_UOE_FIN_NATURE_STAFF(3.1),BGR,EXP,ISCED11_1T8,_T,INST_EDU_PRIV_GOV,CUR_RET,Q,USD_PPP,NATURE,2019,,M,6,0,2020,Y8
OECD.EDU.IMEP:DSD_EAG_UOE_FIN@DF_UOE_FIN_NATURE_STAFF(3.1),BGR,EXP,ISCED11_1T8,_T,INST_EDU_PRIV_GOV,CUR_RET,Q,USD_PPP,NATURE,2020,,M,6,0,2020,Y8
OECD.EDU.IMEP:DSD_EAG_UOE_FIN@DF_UOE_FIN_NATURE_STAFF(3.1),BGR,EXP,ISCED11_1T8,_T,INST_EDU_PRIV_GOV,CUR_RET,Q,USD_PPP,NATURE,2021,,M,6,0,2020,Y8
OECD.EDU.IMEP:DSD_EAG_UOE_FIN@DF_UOE_FIN_NATURE_STAFF(3.1),BGR,EXP,ISCED11_1T8,_T,INST_EDU_PRIV_GOV,CUR_RET,Q,USD_PPP,NATURE,2022,,M,6,0,2020,Y8
OECD.EDU.IMEP:DSD_EAG_UOE_FIN@DF_UOE_FIN_NATURE_STAFF(3.1),BGR,EXP,ISCED11_1T8,_T,INST_EDU_PRIV_GOV,CUR_NLC,Q,USD_PPP,NATURE,2015,,M,6,0,2020,Y9
OECD.EDU.IMEP:DSD_EAG_UOE_FIN@DF_UOE_FIN_NATURE_STAFF(3.1),BGR,EXP,ISCED11_1T8,_T,INST_EDU_PRIV_GOV,CUR_NLC,Q,USD_PPP,NATURE,2016,,M,6,0,2020,Y9
OECD.EDU.IMEP:DSD_EAG_UOE_FIN@DF_UOE_FIN_NATURE_STAFF(3.1),BGR,EXP,ISCED11_1T8,_T,INST_EDU_PRIV_GOV,CUR_NLC,Q,USD_PPP,NATURE,2017,,M,6,0,2020,Y9
OECD.EDU.IMEP:DSD_EAG_UOE_FIN@DF_UOE_FIN_NATURE_STAFF(3.1),BGR,EXP,ISCED11_1T8,_T,INST_EDU_PRIV_GOV,CUR_NLC,Q,USD_PPP,NATURE,2018,,M,6,0,2020,Y9
OECD.EDU.IMEP:DSD_EAG_UOE_FIN@DF_UOE_FIN_NATURE_STAFF(3.1),BGR,EXP,ISCED11_1T8,_T,INST_EDU_PRIV_GOV,CUR_NLC,Q,USD_PPP,NATURE,2019,,M,6,0,2020,Y9
OECD.EDU.IMEP:DSD_EAG_UOE_FIN@DF_UOE_FIN_NATURE_STAFF(3.1),BGR,EXP,ISCED11_1T8,_T,INST_EDU_PRIV_GOV,CUR_NLC,Q,USD_PPP,NATURE,2020,,M,6,0,2020,Y9
OECD.EDU.IMEP:DSD_EAG_UOE_FIN@DF_UOE_FIN_NATURE_STAFF(3.1),BGR,EXP,ISCED11_1T8,_T,INST_EDU_PRIV_GOV,CUR_NLC,Q,USD_PPP,NATURE,2021,,M,6,0,2020,Y9
OECD.EDU.IMEP:DSD_EAG_UOE_FIN@DF_UOE_FIN_NATURE_STAFF(3.1),BGR,EXP,ISCED11_1T8,_T,INST_EDU_PRIV_GOV,CUR_NLC,Q,USD_PPP,NATURE,2022,,M,6,0,2020,Y9
OECD.EDU.IMEP:DSD_EAG_UOE_FIN@DF_UOE_FIN_NATURE_STAFF(3.1),AUS,EXP,ISCED11_1T8,_T,INST_EDU_PUB,CUR_LC,Q,USD_PPP,NATURE,2015,29124.9144608303,B,6,0,2020,X7
OECD.EDU.IMEP:DSD_EAG_UOE_FIN@DF_UOE_FIN_NATURE_STAFF(3.1),BRA,EXP,ISCED11_1T8,_T,INST_EDU_PUB,CUR_RET,Q,USD_PPP,NATURE,2015,18700.6631011851,A,6,0,2020,X8
OECD.EDU.IMEP:DSD_EAG_UOE_FIN@DF_UOE_FIN_NATURE_STAFF(3.1),BRA,EXP,ISCED11_1T8,_T,INST_EDU_PUB,CUR_RET,Q,USD_PPP,NATURE,2016,18328.160334621,A,6,0,2020,X8
OECD.EDU.IMEP:DSD_EAG_UOE_FIN@DF_UOE_FIN_NATURE_STAFF(3.1),BRA,EXP,ISCED11_1T8,_T,INST_EDU_PUB,CUR_RET,Q,USD_PPP,NATURE,2017,18687.5380381008,A,6,0,2020,X8
OECD.EDU.IMEP:DSD_EAG_UOE_FIN@DF_UOE_FIN_NATURE_STAFF(3.1),BRA,EXP,ISCED11_1T8,_T,INST_EDU_PUB,CUR_RET,Q,USD_PPP,NATURE,2018,18025.3026301299,A,6,0,2020,X8
OECD.EDU.IMEP:DSD_EAG_UOE_FIN@DF_UOE_FIN_NATURE_STAFF(3.1),BRA,EXP,ISCED11_1T8,_T,INST_EDU_PUB,CUR_RET,Q,USD_PPP,NATURE,2019,18145.0451120743,A,6,0,2020,X8
OECD.EDU.IMEP:DSD_EAG_UOE_FIN@DF_UOE_FIN_NATURE_STAFF(3.1),BRA,EXP,ISCED11_1T8,_T,INST_EDU_PUB,CUR_RET,Q,USD_PPP,NATURE,2020,16819.870626263,A,6,0,2020,X8
OECD.EDU.IMEP:DSD_EAG_UOE_FIN@DF_UOE_FIN_NATURE_STAFF(3.1),BRA,EXP,ISCED11_1T8,_T,INST_EDU_PUB,CUR_RET,Q,USD_PPP,NATURE,2021,16112.8500730949,A,6,0,2020,X8
OECD.EDU.IMEP:DSD_EAG_UOE_FIN@DF_UOE_FIN_NATURE_STAFF(3.1),BRA,EXP,ISCED11_1T8,_T,INST_EDU_PUB,CUR_RET,Q,USD_PPP,NATURE,2022,16195.8269177386,A,6,0,2020,X8
OECD.EDU.IMEP:DSD_EAG_UOE_FIN@DF_UOE_FIN_NATURE_STAFF(3.1),BRA,EXP,ISCED11_1T8,_T,INST_EDU_PUB,CUR_LC,Q,USD_PPP,NATURE,2015,93503.3137851571,A,6,0,2020,X7
OECD.EDU.IMEP:DSD_EAG_UOE_FIN@DF_UOE_FIN_NATURE_STAFF(3.1),BRA,EXP,ISCED11_1T8,_T,INST_EDU_PUB,CUR_LC,Q,USD_PPP,NATURE,2016,91640.8043260666,A,6,0,2020,X7
OECD.EDU.IMEP:DSD_EAG_UOE_FIN@DF_UOE_FIN_NATURE_STAFF(3.1),BRA,EXP,ISCED11_1T8,_T,INST_EDU_PUB,CUR_LC,Q,USD_PPP,NATURE,2017,93437.690190504,A,6,0,2020,X7
OECD.EDU.IMEP:DSD_EAG_UOE_FIN@DF_UOE_FIN_NATURE_STAFF(3.1),BRA,EXP,ISCED11_1T8,_T,INST_EDU_PUB,CUR_LC,Q,USD_PPP,NATURE,2018,90126.5107008804,A,6,0,2020,X7
OECD.EDU.IMEP:DSD_EAG_UOE_FIN@DF_UOE_FIN_NATURE_STAFF(3.1),BRA,EXP,ISCED11_1T8,_T,INST_EDU_PUB,CUR_LC,Q,USD_PPP,NATURE,2019,90727.6724086565,A,6,0,2020,X7
OECD.EDU.IMEP:DSD_EAG_UOE_FIN@DF_UOE_FIN_NATURE_STAFF(3.1),BRA,EXP,ISCED11_1T8,_T,INST_EDU_PUB,CUR_LC,Q,USD_PPP,NATURE,2020,84101.7461613282,A,6,0,2020,X7
OECD.EDU.IMEP:DSD_EAG_UOE_FIN@DF_UOE_FIN_NATURE_STAFF(3.1),BRA,EXP,ISCED11_1T8,_T,INST_EDU_PUB,CUR_LC,Q,USD_PPP,NATURE,2021,80571.2786887436,A,6,0,2020,X7
OECD.EDU.IMEP:DSD_EAG_UOE_FIN@DF_UOE_FIN_NATURE_STAFF(3.1),BRA,EXP,ISCED11_1T8,_T,INST_EDU_PUB,CUR_LC,Q,USD_PPP,NATURE,2022,83711.9864479343,A,6,0,2020,X7
OECD.EDU.IMEP:DSD_EAG_UOE_FIN@DF_UOE_FIN_NATURE_STAFF(3.1),BRA,EXP,ISCED11_1T8,_T,INST_EDU_PUB,CUR_NLC,Q,USD_PPP,NATURE,2015,16222.8754522977,A,6,0,2020,X9
OECD.EDU.IMEP:DSD_EAG_UOE_FIN@DF_UOE_FIN_NATURE_STAFF(3.1),BRA,EXP,ISCED11_1T8,_T,INST_EDU_PUB,CUR_NLC,Q,USD_PPP,NATURE,2016,15890.6217955382,A,6,0,2020,X9
OECD.EDU.IMEP:DSD_EAG_UOE_FIN@DF_UOE_FIN_NATURE_STAFF(3.1),BRA,EXP,ISCED11_1T8,_T,INST_EDU_PUB,CUR_NLC,Q,USD_PPP,NATURE,2017,16787.8087160684,A,6,0,2020,X9
OECD.EDU.IMEP:DSD_EAG_UOE_FIN@DF_UOE_FIN_NATURE_STAFF(3.1),BRA,EXP,ISCED11_1T8,_T,INST_EDU_PUB,CUR_NLC,Q,USD_PPP,NATURE,2018,16666.9317000725,A,6,0,2020,X9
OECD.EDU.IMEP:DSD_EAG_UOE_FIN@DF_UOE_FIN_NATURE_STAFF(3.1),BRA,EXP,ISCED11_1T8,_T,INST_EDU_PUB,CUR_NLC,Q,USD_PPP,NATURE,2019,16040.596224554,A,6,0,2020,X9
OECD.EDU.IMEP:DSD_EAG_UOE_FIN@DF_UOE_FIN_NATURE_STAFF(3.1),BRA,EXP,ISCED11_1T8,_T,INST_EDU_PUB,CUR_NLC,Q,USD_PPP,NATURE,2020,16631.1448882539,A,6,0,2020,X9
OECD.EDU.IMEP:DSD_EAG_UOE_FIN@DF_UOE_FIN_NATURE_STAFF(3.1),BRA,EXP,ISCED11_1T8,_T,INST_EDU_PUB,CUR_NLC,Q,USD_PPP,NATURE,2021,16311.7778680917,A,6,0,2020,X9
OECD.EDU.IMEP:DSD_EAG_UOE_FIN@DF_UOE_FIN_NATURE_STAFF(3.1),BRA,EXP,ISCED11_1T8,_T,INST_EDU_PUB,CUR_NLC,Q,USD_PPP,NATURE,2022,16962.8950732239,A,6,0,2020,X9
OECD.EDU.IMEP:DSD_EAG_UOE_FIN@DF_UOE_FIN_NATURE_STAFF(3.1),HRV,EXP,ISCED11_1T8,_T,INST_EDU_PUB,CUR_RET,Q,USD_PPP,NATURE,2015,20.5724136966532,A,6,0,2020,X8
OECD.EDU.IMEP:DSD_EAG_UOE_FIN@DF_UOE_FIN_NATURE_STAFF(3.1),HRV,EXP,ISCED11_1T8,_T,INST_EDU_PUB,CUR_RET,Q,USD_PPP,NATURE,2016,6.42203201676941,A,6,0,2020,X8
OECD.EDU.IMEP:DSD_EAG_UOE_FIN@DF_UOE_FIN_NATURE_STAFF(3.1),HRV,EXP,ISCED11_1T8,_T,INST_EDU_PUB,CUR_RET,Q,USD_PPP,NATURE,2018,7.42659375853917,A,6,0,2020,X8
OECD.EDU.IMEP:DSD_EAG_UOE_FIN@DF_UOE_FIN_NATURE_STAFF(3.1),HRV,EXP,ISCED11_1T8,_T,INST_EDU_PUB,CUR_RET,Q,USD_PPP,NATURE,2019,7.56215511251019,A,6,0,2020,X8
OECD.EDU.IMEP:DSD_EAG_UOE_FIN@DF_UOE_FIN_NATURE_STAFF(3.1),HRV,EXP,ISCED11_1T8,_T,INST_EDU_PUB,CUR_RET,Q,USD_PPP,NATURE,2020,8.94394062354538,A,6,0,2020,X8
OECD.EDU.IMEP:DSD_EAG_UOE_FIN@DF_UOE_FIN_NATURE_STAFF(3.1),HRV,EXP,ISCED11_1T8,_T,INST_EDU_PUB,CUR_RET,Q,USD_PPP,NATURE,2021,9.08773134286857,A,6,0,2020,X8
OECD.EDU.IMEP:DSD_EAG_UOE_FIN@DF_UOE_FIN_NATURE_STAFF(3.1),HRV,EXP,ISCED11_1T8,_T,INST_EDU_PUB,CUR_RET,Q,USD_PPP,NATURE,2022,7.7672518129832,A,6,0,2020,X8
OECD.EDU.IMEP:DSD_EAG_UOE_FIN@DF_UOE_FIN_NATURE_STAFF(3.1),HRV,EXP,ISCED11_1T8,_T,INST_EDU_PUB,CUR_LC,Q,USD_PPP,NATURE,2015,2687.76852106088,A,6,0,2020,X7
OECD.EDU.IMEP:DSD_EAG_UOE_FIN@DF_UOE_FIN_NATURE_STAFF(3.1),HRV,EXP,ISCED11_1T8,_T,INST_EDU_PUB,CUR_LC,Q,USD_PPP,NATURE,2016,2393.64663824482,A,6,0,2020,X7
OECD.EDU.IMEP:DSD_EAG_UOE_FIN@DF_UOE_FIN_NATURE_STAFF(3.1),HRV,EXP,ISCED11_1T8,_T,INST_EDU_PUB,CUR_LC,Q,USD_PPP,NATURE,2019,3556.64451974561,A,6,0,2020,X7
OECD.EDU.IMEP:DSD_EAG_UOE_FIN@DF_UOE_FIN_NATURE_STAFF(3.1),HRV,EXP,ISCED11_1T8,_T,INST_EDU_PUB,CUR_LC,Q,USD_PPP,NATURE,2020,3756.7680726048,A,6,0,2020,X7
OECD.EDU.IMEP:DSD_EAG_UOE_FIN@DF_UOE_FIN_NATURE_STAFF(3.1),HRV,EXP,ISCED11_1T8,_T,INST_EDU_PUB,CUR_LC,Q,USD_PPP,NATURE,2021,4028.47614846841,A,6,0,2020,X7
OECD.EDU.IMEP:DSD_EAG_UOE_FIN@DF_UOE_FIN_NATURE_STAFF(3.1),HRV,EXP,ISCED11_1T8,_T,INST_EDU_PUB,CUR_LC,Q,USD_PPP,NATURE,2022,3750.61146501464,A,6,0,2020,X7
OECD.EDU.IMEP:DSD_EAG_UOE_FIN@DF_UOE_FIN_NATURE_STAFF(3.1),HRV,EXP,ISCED11_1T8,_T,INST_EDU_PUB,CUR_NLC,Q,USD_PPP,NATURE,2015,521.571894906426,A,6,0,2020,X9
OECD.EDU.IMEP:DSD_EAG_UOE_FIN@DF_UOE_FIN_NATURE_STAFF(3.1),HRV,EXP,ISCED11_1T8,_T,INST_EDU_PUB,CUR_NLC,Q,USD_PPP,NATURE,2016,85.2158225003531,A,6,0,2020,X9
OECD.EDU.IMEP:DSD_EAG_UOE_FIN@DF_UOE_FIN_NATURE_STAFF(3.1),HRV,EXP,ISCED11_1T8,_T,INST_EDU_PUB,CUR_NLC,Q,USD_PPP,NATURE,2019,118.84620538159,A,6,0,2020,X9
OECD.EDU.IMEP:DSD_EAG_UOE_FIN@DF_UOE_FIN_NATURE_STAFF(3.1),HRV,EXP,ISCED11_1T8,_T,INST_EDU_PUB,CUR_NLC,Q,USD_PPP,NATURE,2020,138.098671560277,A,6,0,2020,X9
OECD.EDU.IMEP:DSD_EAG_UOE_FIN@DF_UOE_FIN_NATURE_STAFF(3.1),HRV,EXP,ISCED11_1T8,_T,INST_EDU_PUB,CUR_NLC,Q,USD_PPP,NATURE,2021,143.321632231775,A,6,0,2020,X9
OECD.EDU.IMEP:DSD_EAG_UOE_FIN@DF_UOE_FIN_NATURE_STAFF(3.1),HRV,EXP,ISCED11_1T8,_T,INST_EDU_PUB,CUR_NLC,Q,USD_PPP,NATURE,2022,140.803024485818,A,6,0,2020,X9
OECD.EDU.IMEP:DSD_EAG_UOE_FIN@DF_UOE_FIN_NATURE_STAFF(3.1),BGR,EXP,ISCED11_1T8,_T,INST_EDU_PUB,CUR_NLC,Q,USD_PPP,NATURE,2015,199.429382648433,A,6,0,2020,X9
OECD.EDU.IMEP:DSD_EAG_UOE_FIN@DF_UOE_FIN_NATURE_STAFF(3.1),BGR,EXP,ISCED11_1T8,_T,INST_EDU_PUB,CUR_NLC,Q,USD_PPP,NATURE,2016,201.745322220195,A,6,0,2020,X9
OECD.EDU.IMEP:DSD_EAG_UOE_FIN@DF_UOE_FIN_NATURE_STAFF(3.1),BGR,EXP,ISCED11_1T8,_T,INST_EDU_PUB,CUR_NLC,Q,USD_PPP,NATURE,2017,208.026553733111,A,6,0,2020,X9
OECD.EDU.IMEP:DSD_EAG_UOE_FIN@DF_UOE_FIN_NATURE_STAFF(3.1),BGR,EXP,ISCED11_1T8,_T,INST_EDU_PUB,CUR_NLC,Q,USD_PPP,NATURE,2018,221.935738098938,A,6,0,2020,X9
OECD.EDU.IMEP:DSD_EAG_UOE_FIN@DF_UOE_FIN_NATURE_STAFF(3.1),BGR,EXP,ISCED11_1T8,_T,INST_EDU_PUB,CUR_NLC,Q,USD_PPP,NATURE,2019,241.441168346357,A,6,0,2020,X9
OECD.EDU.IMEP:DSD_EAG_UOE_FIN@DF_UOE_FIN_NATURE_STAFF(3.1),BGR,EXP,ISCED11_1T8,_T,INST_EDU_PUB,CUR_NLC,Q,USD_PPP,NATURE,2020,252.866941055721,A,6,0,2020,X9
OECD.EDU.IMEP:DSD_EAG_UOE_FIN@DF_UOE_FIN_NATURE_STAFF(3.1),BGR,EXP,ISCED11_1T8,_T,INST_EDU_PUB,CUR_NLC,Q,USD_PPP,NATURE,2021,276.72129886327,A,6,0,2020,X9
OECD.EDU.IMEP:DSD_EAG_UOE_FIN@DF_UOE_FIN_NATURE_STAFF(3.1),BGR,EXP,ISCED11_1T8,_T,INST_EDU_PUB,CUR_NLC,Q,USD_PPP,NATURE,2022,272.647739067404,A,6,0,2020,X9
OECD.EDU.IMEP:DSD_EAG_UOE_FIN@DF_UOE_FIN_NATURE_STAFF(3.1),BGR,EXP,ISCED11_1T8,_T,INST_EDU_PUB,CUR_LC,Q,USD_PPP,NATURE,2015,2929.90949689565,A,6,0,2020,X7
OECD.EDU.IMEP:DSD_EAG_UOE_FIN@DF_UOE_FIN_NATURE_STAFF(3.1),BGR,EXP,ISCED11_1T8,_T,INST_EDU_PUB,CUR_LC,Q,USD_PPP,NATURE,2016,2996.49770979996,A,6,0,2020,X7
OECD.EDU.IMEP:DSD_EAG_UOE_FIN@DF_UOE_FIN_NATURE_STAFF(3.1),BGR,EXP,ISCED11_1T8,_T,INST_EDU_PUB,CUR_LC,Q,USD_PPP,NATURE,2017,3036.41252504258,A,6,0,2020,X7
OECD.EDU.IMEP:DSD_EAG_UOE_FIN@DF_UOE_FIN_NATURE_STAFF(3.1),BGR,EXP,ISCED11_1T8,_T,INST_EDU_PUB,CUR_LC,Q,USD_PPP,NATURE,2018,3170.80535986365,A,6,0,2020,X7
OECD.EDU.IMEP:DSD_EAG_UOE_FIN@DF_UOE_FIN_NATURE_STAFF(3.1),BGR,EXP,ISCED11_1T8,_T,INST_EDU_PUB,CUR_LC,Q,USD_PPP,NATURE,2019,3461.01320522262,A,6,0,2020,X7
OECD.EDU.IMEP:DSD_EAG_UOE_FIN@DF_UOE_FIN_NATURE_STAFF(3.1),BGR,EXP,ISCED11_1T8,_T,INST_EDU_PUB,CUR_LC,Q,USD_PPP,NATURE,2020,3640.86037112132,A,6,0,2020,X7
OECD.EDU.IMEP:DSD_EAG_UOE_FIN@DF_UOE_FIN_NATURE_STAFF(3.1),BGR,EXP,ISCED11_1T8,_T,INST_EDU_PUB,CUR_LC,Q,USD_PPP,NATURE,2021,4044.67375626659,A,6,0,2020,X7
OECD.EDU.IMEP:DSD_EAG_UOE_FIN@DF_UOE_FIN_NATURE_STAFF(3.1),BGR,EXP,ISCED11_1T8,_T,INST_EDU_PUB,CUR_LC,Q,USD_PPP,NATURE,2022,3897.27621295019,A,6,0,2020,X7
OECD.EDU.IMEP:DSD_EAG_UOE_FIN@DF_UOE_FIN_NATURE_STAFF(3.1),BGR,EXP,ISCED11_1T8,_T,INST_EDU_PUB,CUR_RET,Q,USD_PPP,NATURE,2015,347.980550363632,A,6,0,2020,X8
OECD.EDU.IMEP:DSD_EAG_UOE_FIN@DF_UOE_FIN_NATURE_STAFF(3.1),BGR,EXP,ISCED11_1T8,_T,INST_EDU_PUB,CUR_RET,Q,USD_PPP,NATURE,2016,354.696311258072,A,6,0,2020,X8
OECD.EDU.IMEP:DSD_EAG_UOE_FIN@DF_UOE_FIN_NATURE_STAFF(3.1),BGR,EXP,ISCED11_1T8,_T,INST_EDU_PUB,CUR_RET,Q,USD_PPP,NATURE,2017,378.437867312651,A,6,0,2020,X8
OECD.EDU.IMEP:DSD_EAG_UOE_FIN@DF_UOE_FIN_NATURE_STAFF(3.1),BGR,EXP,ISCED11_1T8,_T,INST_EDU_PUB,CUR_RET,Q,USD_PPP,NATURE,2018,410.004854381443,A,6,0,2020,X8
OECD.EDU.IMEP:DSD_EAG_UOE_FIN@DF_UOE_FIN_NATURE_STAFF(3.1),BGR,EXP,ISCED11_1T8,_T,INST_EDU_PUB,CUR_RET,Q,USD_PPP,NATURE,2019,446.265454218751,A,6,0,2020,X8
OECD.EDU.IMEP:DSD_EAG_UOE_FIN@DF_UOE_FIN_NATURE_STAFF(3.1),BGR,EXP,ISCED11_1T8,_T,INST_EDU_PUB,CUR_RET,Q,USD_PPP,NATURE,2020,472.294752494457,A,6,0,2020,X8
OECD.EDU.IMEP:DSD_EAG_UOE_FIN@DF_UOE_FIN_NATURE_STAFF(3.1),BGR,EXP,ISCED11_1T8,_T,INST_EDU_PUB,CUR_RET,Q,USD_PPP,NATURE,2021,525.385555796362,A,6,0,2020,X8
OECD.EDU.IMEP:DSD_EAG_UOE_FIN@DF_UOE_FIN_NATURE_STAFF(3.1),BGR,EXP,ISCED11_1T8,_T,INST_EDU_PUB,CUR_RET,Q,USD_PPP,NATURE,2022,499.586633644957,A,6,0,2020,X8
OECD.EDU.IMEP:DSD_EAG_UOE_FIN@DF_UOE_FIN_NATURE_STAFF(3.1),ROU,EXP,ISCED11_1T8,_T,INST_EDU_PUB,CUR_NLC,Q,USD_PPP,NATURE,2015,83.8593391670963,A,6,0,2020,X9
OECD.EDU.IMEP:DSD_EAG_UOE_FIN@DF_UOE_FIN_NATURE_STAFF(3.1),ROU,EXP,ISCED11_1T8,_T,INST_EDU_PUB,CUR_NLC,Q,USD_PPP,NATURE,2016,585.688187629249,A,6,0,2020,X9
OECD.EDU.IMEP:DSD_EAG_UOE_FIN@DF_UOE_FIN_NATURE_STAFF(3.1),ROU,EXP,ISCED11_1T8,_T,INST_EDU_PUB,CUR_NLC,Q,USD_PPP,NATURE,2017,644.84635117277,A,6,0,2020,X9
OECD.EDU.IMEP:DSD_EAG_UOE_FIN@DF_UOE_FIN_NATURE_STAFF(3.1),ROU,EXP,ISCED11_1T8,_T,INST_EDU_PUB,CUR_NLC,Q,USD_PPP,NATURE,2018,588.274451039371,A,6,0,2020,X9
OECD.EDU.IMEP:DSD_EAG_UOE_FIN@DF_UOE_FIN_NATURE_STAFF(3.1),ROU,EXP,ISCED11_1T8,_T,INST_EDU_PUB,CUR_NLC,Q,USD_PPP,NATURE,2019,615.41843909781,A,6,0,2020,X9
OECD.EDU.IMEP:DSD_EAG_UOE_FIN@DF_UOE_FIN_NATURE_STAFF(3.1),ROU,EXP,ISCED11_1T8,_T,INST_EDU_PUB,CUR_NLC,Q,USD_PPP,NATURE,2020,572.599338302055,A,6,0,2020,X9
OECD.EDU.IMEP:DSD_EAG_UOE_FIN@DF_UOE_FIN_NATURE_STAFF(3.1),ROU,EXP,ISCED11_1T8,_T,INST_EDU_PUB,CUR_NLC,Q,USD_PPP,NATURE,2021,307.753021520981,A,6,0,2020,X9
OECD.EDU.IMEP:DSD_EAG_UOE_FIN@DF_UOE_FIN_NATURE_STAFF(3.1),ROU,EXP,ISCED11_1T8,_T,INST_EDU_PUB,CUR_NLC,Q,USD_PPP,NATURE,2022,523.185804711956,A,6,0,2020,X9
OECD.EDU.IMEP:DSD_EAG_UOE_FIN@DF_UOE_FIN_NATURE_STAFF(3.1),ROU,EXP,ISCED11_1T8,_T,INST_EDU_PUB,CUR_RET,Q,USD_PPP,NATURE,2015,1266.24613906299,A,6,0,2020,X8
OECD.EDU.IMEP:DSD_EAG_UOE_FIN@DF_UOE_FIN_NATURE_STAFF(3.1),ROU,EXP,ISCED11_1T8,_T,INST_EDU_PUB,CUR_RET,Q,USD_PPP,NATURE,2016,1195.25513856662,A,6,0,2020,X8
OECD.EDU.IMEP:DSD_EAG_UOE_FIN@DF_UOE_FIN_NATURE_STAFF(3.1),ROU,EXP,ISCED11_1T8,_T,INST_EDU_PUB,CUR_RET,Q,USD_PPP,NATURE,2017,1306.79322551808,A,6,0,2020,X8
OECD.EDU.IMEP:DSD_EAG_UOE_FIN@DF_UOE_FIN_NATURE_STAFF(3.1),ROU,EXP,ISCED11_1T8,_T,INST_EDU_PUB,CUR_RET,Q,USD_PPP,NATURE,2018,130.321031091444,A,6,0,2020,X8
OECD.EDU.IMEP:DSD_EAG_UOE_FIN@DF_UOE_FIN_NATURE_STAFF(3.1),ROU,EXP,ISCED11_1T8,_T,INST_EDU_PUB,CUR_RET,Q,USD_PPP,NATURE,2020,47.9662412658225,A,6,0,2020,X8
OECD.EDU.IMEP:DSD_EAG_UOE_FIN@DF_UOE_FIN_NATURE_STAFF(3.1),ROU,EXP,ISCED11_1T8,_T,INST_EDU_PUB,CUR_RET,Q,USD_PPP,NATURE,2021,3.44235389529159,A,6,0,2020,X8
OECD.EDU.IMEP:DSD_EAG_UOE_FIN@DF_UOE_FIN_NATURE_STAFF(3.1),ROU,EXP,ISCED11_1T8,_T,INST_EDU_PUB,CUR_RET,Q,USD_PPP,NATURE,2022,1.42825439923166,A,6,0,2020,X8
OECD.EDU.IMEP:DSD_EAG_UOE_FIN@DF_UOE_FIN_NATURE_STAFF(3.1),ROU,EXP,ISCED11_1T8,_T,INST_EDU_PUB,CUR_LC,Q,USD_PPP,NATURE,2015,7349.33057002859,A,6,0,2020,X7
OECD.EDU.IMEP:DSD_EAG_UOE_FIN@DF_UOE_FIN_NATURE_STAFF(3.1),ROU,EXP,ISCED11_1T8,_T,INST_EDU_PUB,CUR_LC,Q,USD_PPP,NATURE,2016,7542.50928148299,A,6,0,2020,X7
OECD.EDU.IMEP:DSD_EAG_UOE_FIN@DF_UOE_FIN_NATURE_STAFF(3.1),ROU,EXP,ISCED11_1T8,_T,INST_EDU_PUB,CUR_LC,Q,USD_PPP,NATURE,2017,8320.03736764779,A,6,0,2020,X7
OECD.EDU.IMEP:DSD_EAG_UOE_FIN@DF_UOE_FIN_NATURE_STAFF(3.1),ROU,EXP,ISCED11_1T8,_T,INST_EDU_PUB,CUR_LC,Q,USD_PPP,NATURE,2018,10651.1543866404,A,6,0,2020,X7
OECD.EDU.IMEP:DSD_EAG_UOE_FIN@DF_UOE_FIN_NATURE_STAFF(3.1),ROU,EXP,ISCED11_1T8,_T,INST_EDU_PUB,CUR_LC,Q,USD_PPP,NATURE,2019,12719.2800686381,A,6,0,2020,X7
OECD.EDU.IMEP:DSD_EAG_UOE_FIN@DF_UOE_FIN_NATURE_STAFF(3.1),ROU,EXP,ISCED11_1T8,_T,INST_EDU_PUB,CUR_LC,Q,USD_PPP,NATURE,2020,12396.629824468,A,6,0,2020,X7
OECD.EDU.IMEP:DSD_EAG_UOE_FIN@DF_UOE_FIN_NATURE_STAFF(3.1),ROU,EXP,ISCED11_1T8,_T,INST_EDU_PUB,CUR_LC,Q,USD_PPP,NATURE,2021,11777.6590615806,A,6,0,2020,X7
OECD.EDU.IMEP:DSD_EAG_UOE_FIN@DF_UOE_FIN_NATURE_STAFF(3.1),ROU,EXP,ISCED11_1T8,_T,INST_EDU_PUB,CUR_LC,Q,USD_PPP,NATURE,2022,11137.3237688658,A,6,0,2020,X7
OECD.EDU.IMEP:DSD_EAG_UOE_FIN@DF_UOE_FIN_NATURE_STAFF(3.1),ROU,EXP,ISCED11_1T8,_T,INST_EDU_PUB,CUR_RET,Q,USD_PPP,NATURE,2019,0.0,A,6,0,2020,X8
OECD.EDU.IMEP:DSD_EAG_UOE_FIN@DF_UOE_FIN_NATURE_STAFF(3.1),ROU,EXP,ISCED11_1T8,_T,INST_EDU_PRIV_GOV,CUR_LC,Q,USD_PPP,NATURE,2015,0.0,A,6,0,2020,Y7
OECD.EDU.IMEP:DSD_EAG_UOE_FIN@DF_UOE_FIN_NATURE_STAFF(3.1),ROU,EXP,ISCED11_1T8,_T,INST_EDU_PRIV_GOV,CUR_LC,Q,USD_PPP,NATURE,2016,0.0,A,6,0,2020,Y7
OECD.EDU.IMEP:DSD_EAG_UOE_FIN@DF_UOE_FIN_NATURE_STAFF(3.1),ROU,EXP,ISCED11_1T8,_T,INST_EDU_PRIV_GOV,CUR_LC,Q,USD_PPP,NATURE,2017,0.0,A,6,0,2020,Y7
OECD.EDU.IMEP:DSD_EAG_UOE_FIN@DF_UOE_FIN_NATURE_STAFF(3.1),ROU,EXP,ISCED11_1T8,_T,INST_EDU_PRIV_GOV,CUR_LC,Q,USD_PPP,NATURE,2018,0.0,A,6,0,2020,Y7
OECD.EDU.IMEP:DSD_EAG_UOE_FIN@DF_UOE_FIN_NATURE_STAFF(3.1),ROU,EXP,ISCED11_1T8,_T,INST_EDU_PRIV_GOV,CUR_LC,Q,USD_PPP,NATURE,2019,0.0,A,6,0,2020,Y7
OECD.EDU.IMEP:DSD_EAG_UOE_FIN@DF_UOE_FIN_NATURE_STAFF(3.1),ROU,EXP,ISCED11_1T8,_T,INST_EDU_PRIV_GOV,CUR_RET,Q,USD_PPP,NATURE,2015,0.0,A,6,0,2020,Y8
OECD.EDU.IMEP:DSD_EAG_UOE_FIN@DF_UOE_FIN_NATURE_STAFF(3.1),ROU,EXP,ISCED11_1T8,_T,INST_EDU_PRIV_GOV,CUR_RET,Q,USD_PPP,NATURE,2016,0.0,A,6,0,2020,Y8
OECD.EDU.IMEP:DSD_EAG_UOE_FIN@DF_UOE_FIN_NATURE_STAFF(3.1),ROU,EXP,ISCED11_1T8,_T,INST_EDU_PRIV_GOV,CUR_RET,Q,USD_PPP,NATURE,2017,0.0,A,6,0,2020,Y8
OECD.EDU.IMEP:DSD_EAG_UOE_FIN@DF_UOE_FIN_NATURE_STAFF(3.1),ROU,EXP,ISCED11_1T8,_T,INST_EDU_PRIV_GOV,CUR_RET,Q,USD_PPP,NATURE,2018,0.0,A,6,0,2020,Y8
OECD.EDU.IMEP:DSD_EAG_UOE_FIN@DF_UOE_FIN_NATURE_STAFF(3.1),ROU,EXP,ISCED11_1T8,_T,INST_EDU_PRIV_GOV,CUR_RET,Q,USD_PPP,NATURE,2019,0.0,A,6,0,2020,Y8
OECD.EDU.IMEP:DSD_EAG_UOE_FIN@DF_UOE_FIN_NATURE_STAFF(3.1),ROU,EXP,ISCED11_1T8,_T,INST_EDU_PRIV_GOV,CUR_NLC,Q,USD_PPP,NATURE,2015,0.0,A,6,0,2020,Y9
OECD.EDU.IMEP:DSD_EAG_UOE_FIN@DF_UOE_FIN_NATURE_STAFF(3.1),ROU,EXP,ISCED11_1T8,_T,INST_EDU_PRIV_GOV,CUR_NLC,Q,USD_PPP,NATURE,2016,0.0,A,6,0,2020,Y9
OECD.EDU.IMEP:DSD_EAG_UOE_FIN@DF_UOE_FIN_NATURE_STAFF(3.1),ROU,EXP,ISCED11_1T8,_T,INST_EDU_PRIV_GOV,CUR_NLC,Q,USD_PPP,NATURE,2017,0.0,A,6,0,2020,Y9
OECD.EDU.IMEP:DSD_EAG_UOE_FIN@DF_UOE_FIN_NATURE_STAFF(3.1),ROU,EXP,ISCED11_1T8,_T,INST_EDU_PRIV_GOV,CUR_NLC,Q,USD_PPP,NATURE,2018,0.0,A,6,0,2020,Y9
OECD.EDU.IMEP:DSD_EAG_UOE_FIN@DF_UOE_FIN_NATURE_STAFF(3.1),ROU,EXP,ISCED11_1T8,_T,INST_EDU_PRIV_GOV,CUR_NLC,Q,USD_PPP,NATURE,2019,0.0,A,6,0,2020,Y9
OECD.EDU.IMEP:DSD_EAG_UOE_FIN@DF_UOE_FIN_NATURE_STAFF(3.1),OECD,EXP,ISCED11_1T8,_T,INST_EDU_PRIV_GOV,CUR_NLC,Q,USD_PPP,NATURE,2015,,O,6,0,2020,Y9
OECD.EDU.IMEP:DSD_EAG_UOE_FIN@DF_UOE_FIN_NATURE_STAFF(3.1),OECD,EXP,ISCED11_1T8,_T,INST_EDU_PRIV_GOV,CUR_NLC,Q,USD_PPP,NATURE,2016,,O,6,0,2020,Y9
OECD.EDU.IMEP:DSD_EAG_UOE_FIN@DF_UOE_FIN_NATURE_STAFF(3.1),OECD,EXP,ISCED11_1T8,_T,INST_EDU_PRIV_GOV,CUR_NLC,Q,USD_PPP,NATURE,2017,,O,6,0,2020,Y9
OECD.EDU.IMEP:DSD_EAG_UOE_FIN@DF_UOE_FIN_NATURE_STAFF(3.1),OECD,EXP,ISCED11_1T8,_T,INST_EDU_PRIV_GOV,CUR_NLC,Q,USD_PPP,NATURE,2018,,O,6,0,2020,Y9
OECD.EDU.IMEP:DSD_EAG_UOE_FIN@DF_UOE_FIN_NATURE_STAFF(3.1),OECD,EXP,ISCED11_1T8,_T,INST_EDU_PRIV_GOV,CUR_NLC,Q,USD_PPP,NATURE,2019,,O,6,0,2020,Y9
OECD.EDU.IMEP:DSD_EAG_UOE_FIN@DF_UOE_FIN_NATURE_STAFF(3.1),OECD,EXP,ISCED11_1T8,_T,INST_EDU_PRIV_GOV,CUR_NLC,Q,USD_PPP,NATURE,2020,,O,6,0,2020,Y9
OECD.EDU.IMEP:DSD_EAG_UOE_FIN@DF_UOE_FIN_NATURE_STAFF(3.1),OECD,EXP,ISCED11_1T8,_T,INST_EDU_PRIV_GOV,CUR_NLC,Q,USD_PPP,NATURE,2021,,O,6,0,2020,Y9
OECD.EDU.IMEP:DSD_EAG_UOE_FIN@DF_UOE_FIN_NATURE_STAFF(3.1),OECD,EXP,ISCED11_1T8,_T,INST_EDU_PRIV_GOV,CUR_NLC,Q,USD_PPP,NATURE,2022,,O,6,0,2020,Y9
OECD.EDU.IMEP:DSD_EAG_UOE_FIN@DF_UOE_FIN_NATURE_STAFF(3.1),OECD,EXP,ISCED11_1T8,_T,INST_EDU_PRIV_GOV,CUR_NLC,Q,USD_PPP,NATURE,2023,,O,6,0,2020,Y9
OECD.EDU.IMEP:DSD_EAG_UOE_FIN@DF_UOE_FIN_NATURE_STAFF(3.1),OECD,EXP,ISCED11_1T8,_T,INST_EDU_PRIV_GOV,CUR_RET,Q,USD_PPP,NATURE,2015,,O,6,0,2020,Y8
OECD.EDU.IMEP:DSD_EAG_UOE_FIN@DF_UOE_FIN_NATURE_STAFF(3.1),OECD,EXP,ISCED11_1T8,_T,INST_EDU_PRIV_GOV,CUR_RET,Q,USD_PPP,NATURE,2016,,O,6,0,2020,Y8
OECD.EDU.IMEP:DSD_EAG_UOE_FIN@DF_UOE_FIN_NATURE_STAFF(3.1),OECD,EXP,ISCED11_1T8,_T,INST_EDU_PRIV_GOV,CUR_RET,Q,USD_PPP,NATURE,2017,,O,6,0,2020,Y8
OECD.EDU.IMEP:DSD_EAG_UOE_FIN@DF_UOE_FIN_NATURE_STAFF(3.1),OECD,EXP,ISCED11_1T8,_T,INST_EDU_PRIV_GOV,CUR_RET,Q,USD_PPP,NATURE,2018,,O,6,0,2020,Y8
OECD.EDU.IMEP:DSD_EAG_UOE_FIN@DF_UOE_FIN_NATURE_STAFF(3.1),OECD,EXP,ISCED11_1T8,_T,INST_EDU_PRIV_GOV,CUR_RET,Q,USD_PPP,NATURE,2019,,O,6,0,2020,Y8
OECD.EDU.IMEP:DSD_EAG_UOE_FIN@DF_UOE_FIN_NATURE_STAFF(3.1),OECD,EXP,ISCED11_1T8,_T,INST_EDU_PRIV_GOV,CUR_RET,Q,USD_PPP,NATURE,2020,,O,6,0,2020,Y8
OECD.EDU.IMEP:DSD_EAG_UOE_FIN@DF_UOE_FIN_NATURE_STAFF(3.1),OECD,EXP,ISCED11_1T8,_T,INST_EDU_PRIV_GOV,CUR_RET,Q,USD_PPP,NATURE,2021,,O,6,0,2020,Y8
OECD.EDU.IMEP:DSD_EAG_UOE_FIN@DF_UOE_FIN_NATURE_STAFF(3.1),OECD,EXP,ISCED11_1T8,_T,INST_EDU_PRIV_GOV,CUR_RET,Q,USD_PPP,NATURE,2022,,O,6,0,2020,Y8
OECD.EDU.IMEP:DSD_EAG_UOE_FIN@DF_UOE_FIN_NATURE_STAFF(3.1),OECD,EXP,ISCED11_1T8,_T,INST_EDU_PRIV_GOV,CUR_RET,Q,USD_PPP,NATURE,2023,,O,6,0,2020,Y8
OECD.EDU.IMEP:DSD_EAG_UOE_FIN@DF_UOE_FIN_NATURE_STAFF(3.1),OECD,EXP,ISCED11_1T8,_T,INST_EDU_PRIV_GOV,CUR_LC,Q,USD_PPP,NATURE,2015,,O,6,0,2020,Y7
OECD.EDU.IMEP:DSD_EAG_UOE_FIN@DF_UOE_FIN_NATURE_STAFF(3.1),OECD,EXP,ISCED11_1T8,_T,INST_EDU_PRIV_GOV,CUR_LC,Q,USD_PPP,NATURE,2016,,O,6,0,2020,Y7
OECD.EDU.IMEP:DSD_EAG_UOE_FIN@DF_UOE_FIN_NATURE_STAFF(3.1),OECD,EXP,ISCED11_1T8,_T,INST_EDU_PRIV_GOV,CUR_LC,Q,USD_PPP,NATURE,2017,,O,6,0,2020,Y7
OECD.EDU.IMEP:DSD_EAG_UOE_FIN@DF_UOE_FIN_NATURE_STAFF(3.1),OECD,EXP,ISCED11_1T8,_T,INST_EDU_PRIV_GOV,CUR_LC,Q,USD_PPP,NATURE,2018,,O,6,0,2020,Y7
OECD.EDU.IMEP:DSD_EAG_UOE_FIN@DF_UOE_FIN_NATURE_STAFF(3.1),OECD,EXP,ISCED11_1T8,_T,INST_EDU_PRIV_GOV,CUR_LC,Q,USD_PPP,NATURE,2019,,O,6,0,2020,Y7
OECD.EDU.IMEP:DSD_EAG_UOE_FIN@DF_UOE_FIN_NATURE_STAFF(3.1),OECD,EXP,ISCED11_1T8,_T,INST_EDU_PRIV_GOV,CUR_LC,Q,USD_PPP,NATURE,2020,,O,6,0,2020,Y7
OECD.EDU.IMEP:DSD_EAG_UOE_FIN@DF_UOE_FIN_NATURE_STAFF(3.1),OECD,EXP,ISCED11_1T8,_T,INST_EDU_PRIV_GOV,CUR_LC,Q,USD_PPP,NATURE,2021,,O,6,0,2020,Y7
OECD.EDU.IMEP:DSD_EAG_UOE_FIN@DF_UOE_FIN_NATURE_STAFF(3.1),OECD,EXP,ISCED11_1T8,_T,INST_EDU_PRIV_GOV,CUR_LC,Q,USD_PPP,NATURE,2022,,O,6,0,2020,Y7
OECD.EDU.IMEP:DSD_EAG_UOE_FIN@DF_UOE_FIN_NATURE_STAFF(3.1),OECD,EXP,ISCED11_1T8,_T,INST_EDU_PRIV_GOV,CUR_LC,Q,USD_PPP,NATURE,2023,,O,6,0,2020,Y7
OECD.EDU.IMEP:DSD_EAG_UOE_FIN@DF_UOE_FIN_NATURE_STAFF(3.1),OECD,EXP,ISCED11_1T8,_T,INST_EDU_PUB,CUR_RET,Q,USD_PPP,NATURE,2023,,O,6,0,2020,X8
OECD.EDU.IMEP:DSD_EAG_UOE_FIN@DF_UOE_FIN_NATURE_STAFF(3.1),OECD,EXP,ISCED11_1T8,_T,INST_EDU_PUB,CUR_LC,Q,USD_PPP,NATURE,2023,,O,6,0,2020,X7
OECD.EDU.IMEP:DSD_EAG_UOE_FIN@DF_UOE_FIN_NATURE_STAFF(3.1),OECD,EXP,ISCED11_1T8,_T,INST_EDU_PUB,CUR_NLC,Q,USD_PPP,NATURE,2015,,O,6,0,2020,X9
OECD.EDU.IMEP:DSD_EAG_UOE_FIN@DF_UOE_FIN_NATURE_STAFF(3.1),OECD,EXP,ISCED11_1T8,_T,INST_EDU_PUB,CUR_NLC,Q,USD_PPP,NATURE,2016,,O,6,0,2020,X9
OECD.EDU.IMEP:DSD_EAG_UOE_FIN@DF_UOE_FIN_NATURE_STAFF(3.1),OECD,EXP,ISCED11_1T8,_T,INST_EDU_PUB,CUR_NLC,Q,USD_PPP,NATURE,2018,,O,6,0,2020,X9
OECD.EDU.IMEP:DSD_EAG_UOE_FIN@DF_UOE_FIN_NATURE_STAFF(3.1),OECD,EXP,ISCED11_1T8,_T,INST_EDU_PUB,CUR_NLC,Q,USD_PPP,NATURE,2019,,O,6,0,2020,X9
OECD.EDU.IMEP:DSD_EAG_UOE_FIN@DF_UOE_FIN_NATURE_STAFF(3.1),OECD,EXP,ISCED11_1T8,_T,INST_EDU_PUB,CUR_NLC,Q,USD_PPP,NATURE,2020,,O,6,0,2020,X9
OECD.EDU.IMEP:DSD_EAG_UOE_FIN@DF_UOE_FIN_NATURE_STAFF(3.1),OECD,EXP,ISCED11_1T8,_T,INST_EDU_PUB,CUR_NLC,Q,USD_PPP,NATURE,2021,,O,6,0,2020,X9
OECD.EDU.IMEP:DSD_EAG_UOE_FIN@DF_UOE_FIN_NATURE_STAFF(3.1),OECD,EXP,ISCED11_1T8,_T,INST_EDU_PUB,CUR_NLC,Q,USD_PPP,NATURE,2023,,O,6,0,2020,X9
OECD.EDU.IMEP:DSD_EAG_UOE_FIN@DF_UOE_FIN_NATURE_STAFF(3.1),G20,EXP,ISCED11_1T8,_T,INST_EDU_PUB,CUR_RET,Q,USD_PPP,NATURE,2015,,O,6,0,2020,X8
OECD.EDU.IMEP:DSD_EAG_UOE_FIN@DF_UOE_FIN_NATURE_STAFF(3.1),G20,EXP,ISCED11_1T8,_T,INST_EDU_PUB,CUR_RET,Q,USD_PPP,NATURE,2016,,O,6,0,2020,X8
OECD.EDU.IMEP:DSD_EAG_UOE_FIN@DF_UOE_FIN_NATURE_STAFF(3.1),G20,EXP,ISCED11_1T8,_T,INST_EDU_PUB,CUR_RET,Q,USD_PPP,NATURE,2017,,O,6,0,2020,X8
OECD.EDU.IMEP:DSD_EAG_UOE_FIN@DF_UOE_FIN_NATURE_STAFF(3.1),G20,EXP,ISCED11_1T8,_T,INST_EDU_PUB,CUR_RET,Q,USD_PPP,NATURE,2018,,O,6,0,2020,X8
OECD.EDU.IMEP:DSD_EAG_UOE_FIN@DF_UOE_FIN_NATURE_STAFF(3.1),G20,EXP,ISCED11_1T8,_T,INST_EDU_PUB,CUR_RET,Q,USD_PPP,NATURE,2019,,O,6,0,2020,X8
OECD.EDU.IMEP:DSD_EAG_UOE_FIN@DF_UOE_FIN_NATURE_STAFF(3.1),G20,EXP,ISCED11_1T8,_T,INST_EDU_PUB,CUR_RET,Q,USD_PPP,NATURE,2020,,O,6,0,2020,X8
OECD.EDU.IMEP:DSD_EAG_UOE_FIN@DF_UOE_FIN_NATURE_STAFF(3.1),G20,EXP,ISCED11_1T8,_T,INST_EDU_PUB,CUR_RET,Q,USD_PPP,NATURE,2021,,O,6,0,2020,X8
OECD.EDU.IMEP:DSD_EAG_UOE_FIN@DF_UOE_FIN_NATURE_STAFF(3.1),G20,EXP,ISCED11_1T8,_T,INST_EDU_PUB,CUR_RET,Q,USD_PPP,NATURE,2022,,O,6,0,2020,X8
OECD.EDU.IMEP:DSD_EAG_UOE_FIN@DF_UOE_FIN_NATURE_STAFF(3.1),G20,EXP,ISCED11_1T8,_T,INST_EDU_PUB,CUR_NLC,Q,USD_PPP,NATURE,2015,,O,6,0,2020,X9
OECD.EDU.IMEP:DSD_EAG_UOE_FIN@DF_UOE_FIN_NATURE_STAFF(3.1),G20,EXP,ISCED11_1T8,_T,INST_EDU_PUB,CUR_NLC,Q,USD_PPP,NATURE,2016,,O,6,0,2020,X9
OECD.EDU.IMEP:DSD_EAG_UOE_FIN@DF_UOE_FIN_NATURE_STAFF(3.1),G20,EXP,ISCED11_1T8,_T,INST_EDU_PUB,CUR_NLC,Q,USD_PPP,NATURE,2017,,O,6,0,2020,X9
OECD.EDU.IMEP:DSD_EAG_UOE_FIN@DF_UOE_FIN_NATURE_STAFF(3.1),G20,EXP,ISCED11_1T8,_T,INST_EDU_PUB,CUR_NLC,Q,USD_PPP,NATURE,2018,,O,6,0,2020,X9
OECD.EDU.IMEP:DSD_EAG_UOE_FIN@DF_UOE_FIN_NATURE_STAFF(3.1),G20,EXP,ISCED11_1T8,_T,INST_EDU_PUB,CUR_NLC,Q,USD_PPP,NATURE,2019,,O,6,0,2020,X9
OECD.EDU.IMEP:DSD_EAG_UOE_FIN@DF_UOE_FIN_NATURE_STAFF(3.1),G20,EXP,ISCED11_1T8,_T,INST_EDU_PUB,CUR_NLC,Q,USD_PPP,NATURE,2020,,O,6,0,2020,X9
OECD.EDU.IMEP:DSD_EAG_UOE_FIN@DF_UOE_FIN_NATURE_STAFF(3.1),G20,EXP,ISCED11_1T8,_T,INST_EDU_PUB,CUR_NLC,Q,USD_PPP,NATURE,2021,,O,6,0,2020,X9
OECD.EDU.IMEP:DSD_EAG_UOE_FIN@DF_UOE_FIN_NATURE_STAFF(3.1),G20,EXP,ISCED11_1T8,_T,INST_EDU_PUB,CUR_NLC,Q,USD_PPP,NATURE,2022,,O,6,0,2020,X9
OECD.EDU.IMEP:DSD_EAG_UOE_FIN@DF_UOE_FIN_NATURE_STAFF(3.1),G20,EXP,ISCED11_1T8,_T,INST_EDU_PUB,CUR_LC,Q,USD_PPP,NATURE,2015,,O,6,0,2020,X7
OECD.EDU.IMEP:DSD_EAG_UOE_FIN@DF_UOE_FIN_NATURE_STAFF(3.1),G20,EXP,ISCED11_1T8,_T,INST_EDU_PUB,CUR_LC,Q,USD_PPP,NATURE,2016,,O,6,0,2020,X7
OECD.EDU.IMEP:DSD_EAG_UOE_FIN@DF_UOE_FIN_NATURE_STAFF(3.1),G20,EXP,ISCED11_1T8,_T,INST_EDU_PUB,CUR_LC,Q,USD_PPP,NATURE,2017,,O,6,0,2020,X7
OECD.EDU.IMEP:DSD_EAG_UOE_FIN@DF_UOE_FIN_NATURE_STAFF(3.1),G20,EXP,ISCED11_1T8,_T,INST_EDU_PUB,CUR_LC,Q,USD_PPP,NATURE,2018,,O,6,0,2020,X7
OECD.EDU.IMEP:DSD_EAG_UOE_FIN@DF_UOE_FIN_NATURE_STAFF(3.1),G20,EXP,ISCED11_1T8,_T,INST_EDU_PUB,CUR_LC,Q,USD_PPP,NATURE,2019,,O,6,0,2020,X7
OECD.EDU.IMEP:DSD_EAG_UOE_FIN@DF_UOE_FIN_NATURE_STAFF(3.1),G20,EXP,ISCED11_1T8,_T,INST_EDU_PUB,CUR_LC,Q,USD_PPP,NATURE,2020,,O,6,0,2020,X7
OECD.EDU.IMEP:DSD_EAG_UOE_FIN@DF_UOE_FIN_NATURE_STAFF(3.1),G20,EXP,ISCED11_1T8,_T,INST_EDU_PUB,CUR_LC,Q,USD_PPP,NATURE,2021,,O,6,0,2020,X7
OECD.EDU.IMEP:DSD_EAG_UOE_FIN@DF_UOE_FIN_NATURE_STAFF(3.1),G20,EXP,ISCED11_1T8,_T,INST_EDU_PUB,CUR_LC,Q,USD_PPP,NATURE,2022,,O,6,0,2020,X7
OECD.EDU.IMEP:DSD_EAG_UOE_FIN@DF_UOE_FIN_NATURE_STAFF(3.1),G20,EXP,ISCED11_1T8,_T,INST_EDU_PRIV_GOV,CUR_LC,Q,USD_PPP,NATURE,2015,,O,6,0,2020,Y7
OECD.EDU.IMEP:DSD_EAG_UOE_FIN@DF_UOE_FIN_NATURE_STAFF(3.1),G20,EXP,ISCED11_1T8,_T,INST_EDU_PRIV_GOV,CUR_LC,Q,USD_PPP,NATURE,2016,,O,6,0,2020,Y7
OECD.EDU.IMEP:DSD_EAG_UOE_FIN@DF_UOE_FIN_NATURE_STAFF(3.1),G20,EXP,ISCED11_1T8,_T,INST_EDU_PRIV_GOV,CUR_LC,Q,USD_PPP,NATURE,2017,,O,6,0,2020,Y7
OECD.EDU.IMEP:DSD_EAG_UOE_FIN@DF_UOE_FIN_NATURE_STAFF(3.1),G20,EXP,ISCED11_1T8,_T,INST_EDU_PRIV_GOV,CUR_LC,Q,USD_PPP,NATURE,2018,,O,6,0,2020,Y7
OECD.EDU.IMEP:DSD_EAG_UOE_FIN@DF_UOE_FIN_NATURE_STAFF(3.1),G20,EXP,ISCED11_1T8,_T,INST_EDU_PRIV_GOV,CUR_LC,Q,USD_PPP,NATURE,2019,,O,6,0,2020,Y7
OECD.EDU.IMEP:DSD_EAG_UOE_FIN@DF_UOE_FIN_NATURE_STAFF(3.1),G20,EXP,ISCED11_1T8,_T,INST_EDU_PRIV_GOV,CUR_LC,Q,USD_PPP,NATURE,2020,,O,6,0,2020,Y7
OECD.EDU.IMEP:DSD_EAG_UOE_FIN@DF_UOE_FIN_NATURE_STAFF(3.1),G20,EXP,ISCED11_1T8,_T,INST_EDU_PRIV_GOV,CUR_LC,Q,USD_PPP,NATURE,2021,,O,6,0,2020,Y7
OECD.EDU.IMEP:DSD_EAG_UOE_FIN@DF_UOE_FIN_NATURE_STAFF(3.1),G20,EXP,ISCED11_1T8,_T,INST_EDU_PRIV_GOV,CUR_LC,Q,USD_PPP,NATURE,2022,,O,6,0,2020,Y7
OECD.EDU.IMEP:DSD_EAG_UOE_FIN@DF_UOE_FIN_NATURE_STAFF(3.1),G20,EXP,ISCED11_1T8,_T,INST_EDU_PRIV_GOV,CUR_RET,Q,USD_PPP,NATURE,2015,,O,6,0,2020,Y8
OECD.EDU.IMEP:DSD_EAG_UOE_FIN@DF_UOE_FIN_NATURE_STAFF(3.1),G20,EXP,ISCED11_1T8,_T,INST_EDU_PRIV_GOV,CUR_RET,Q,USD_PPP,NATURE,2016,,O,6,0,2020,Y8
OECD.EDU.IMEP:DSD_EAG_UOE_FIN@DF_UOE_FIN_NATURE_STAFF(3.1),G20,EXP,ISCED11_1T8,_T,INST_EDU_PRIV_GOV,CUR_RET,Q,USD_PPP,NATURE,2017,,O,6,0,2020,Y8
OECD.EDU.IMEP:DSD_EAG_UOE_FIN@DF_UOE_FIN_NATURE_STAFF(3.1),G20,EXP,ISCED11_1T8,_T,INST_EDU_PRIV_GOV,CUR_RET,Q,USD_PPP,NATURE,2018,,O,6,0,2020,Y8
OECD.EDU.IMEP:DSD_EAG_UOE_FIN@DF_UOE_FIN_NATURE_STAFF(3.1),G20,EXP,ISCED11_1T8,_T,INST_EDU_PRIV_GOV,CUR_RET,Q,USD_PPP,NATURE,2019,,O,6,0,2020,Y8
OECD.EDU.IMEP:DSD_EAG_UOE_FIN@DF_UOE_FIN_NATURE_STAFF(3.1),G20,EXP,ISCED11_1T8,_T,INST_EDU_PRIV_GOV,CUR_RET,Q,USD_PPP,NATURE,2020,,O,6,0,2020,Y8
OECD.EDU.IMEP:DSD_EAG_UOE_FIN@DF_UOE_FIN_NATURE_STAFF(3.1),G20,EXP,ISCED11_1T8,_T,INST_EDU_PRIV_GOV,CUR_RET,Q,USD_PPP,NATURE,2021,,O,6,0,2020,Y8
OECD.EDU.IMEP:DSD_EAG_UOE_FIN@DF_UOE_FIN_NATURE_STAFF(3.1),G20,EXP,ISCED11_1T8,_T,INST_EDU_PRIV_GOV,CUR_RET,Q,USD_PPP,NATURE,2022,,O,6,0,2020,Y8
OECD.EDU.IMEP:DSD_EAG_UOE_FIN@DF_UOE_FIN_NATURE_STAFF(3.1),G20,EXP,ISCED11_1T8,_T,INST_EDU_PRIV_GOV,CUR_NLC,Q,USD_PPP,NATURE,2015,,O,6,0,2020,Y9
OECD.EDU.IMEP:DSD_EAG_UOE_FIN@DF_UOE_FIN_NATURE_STAFF(3.1),G20,EXP,ISCED11_1T8,_T,INST_EDU_PRIV_GOV,CUR_NLC,Q,USD_PPP,NATURE,2016,,O,6,0,2020,Y9
OECD.EDU.IMEP:DSD_EAG_UOE_FIN@DF_UOE_FIN_NATURE_STAFF(3.1),G20,EXP,ISCED11_1T8,_T,INST_EDU_PRIV_GOV,CUR_NLC,Q,USD_PPP,NATURE,2017,,O,6,0,2020,Y9
OECD.EDU.IMEP:DSD_EAG_UOE_FIN@DF_UOE_FIN_NATURE_STAFF(3.1),G20,EXP,ISCED11_1T8,_T,INST_EDU_PRIV_GOV,CUR_NLC,Q,USD_PPP,NATURE,2018,,O,6,0,2020,Y9
OECD.EDU.IMEP:DSD_EAG_UOE_FIN@DF_UOE_FIN_NATURE_STAFF(3.1),G20,EXP,ISCED11_1T8,_T,INST_EDU_PRIV_GOV,CUR_NLC,Q,USD_PPP,NATURE,2019,,O,6,0,2020,Y9
OECD.EDU.IMEP:DSD_EAG_UOE_FIN@DF_UOE_FIN_NATURE_STAFF(3.1),G20,EXP,ISCED11_1T8,_T,INST_EDU_PRIV_GOV,CUR_NLC,Q,USD_PPP,NATURE,2020,,O,6,0,2020,Y9
OECD.EDU.IMEP:DSD_EAG_UOE_FIN@DF_UOE_FIN_NATURE_STAFF(3.1),G20,EXP,ISCED11_1T8,_T,INST_EDU_PRIV_GOV,CUR_NLC,Q,USD_PPP,NATURE,2021,,O,6,0,2020,Y9
OECD.EDU.IMEP:DSD_EAG_UOE_FIN@DF_UOE_FIN_NATURE_STAFF(3.1),G20,EXP,ISCED11_1T8,_T,INST_EDU_PRIV_GOV,CUR_NLC,Q,USD_PPP,NATURE,2022,,O,6,0,2020,Y9
OECD.EDU.IMEP:DSD_EAG_UOE_FIN@DF_UOE_FIN_NATURE_STAFF(3.1),EU25,EXP,ISCED11_1T8,_T,INST_EDU_PUB,CUR_RET,Q,USD_PPP,NATURE,2023,,O,6,0,2020,X8
OECD.EDU.IMEP:DSD_EAG_UOE_FIN@DF_UOE_FIN_NATURE_STAFF(3.1),EU25,EXP,ISCED11_1T8,_T,INST_EDU_PUB,CUR_LC,Q,USD_PPP,NATURE,2023,,O,6,0,2020,X7
OECD.EDU.IMEP:DSD_EAG_UOE_FIN@DF_UOE_FIN_NATURE_STAFF(3.1),EU25,EXP,ISCED11_1T8,_T,INST_EDU_PUB,CUR_NLC,Q,USD_PPP,NATURE,2023,,O,6,0,2020,X9
OECD.EDU.IMEP:DSD_EAG_UOE_FIN@DF_UOE_FIN_NATURE_STAFF(3.1),EU25,EXP,ISCED11_1T8,_T,INST_EDU_PRIV_GOV,CUR_RET,Q,USD_PPP,NATURE,2015,,O,6,0,2020,Y8
OECD.EDU.IMEP:DSD_EAG_UOE_FIN@DF_UOE_FIN_NATURE_STAFF(3.1),EU25,EXP,ISCED11_1T8,_T,INST_EDU_PRIV_GOV,CUR_RET,Q,USD_PPP,NATURE,2016,,O,6,0,2020,Y8
OECD.EDU.IMEP:DSD_EAG_UOE_FIN@DF_UOE_FIN_NATURE_STAFF(3.1),EU25,EXP,ISCED11_1T8,_T,INST_EDU_PRIV_GOV,CUR_RET,Q,USD_PPP,NATURE,2017,,O,6,0,2020,Y8
OECD.EDU.IMEP:DSD_EAG_UOE_FIN@DF_UOE_FIN_NATURE_STAFF(3.1),EU25,EXP,ISCED11_1T8,_T,INST_EDU_PRIV_GOV,CUR_RET,Q,USD_PPP,NATURE,2018,,O,6,0,2020,Y8
OECD.EDU.IMEP:DSD_EAG_UOE_FIN@DF_UOE_FIN_NATURE_STAFF(3.1),EU25,EXP,ISCED11_1T8,_T,INST_EDU_PRIV_GOV,CUR_RET,Q,USD_PPP,NATURE,2019,,O,6,0,2020,Y8
OECD.EDU.IMEP:DSD_EAG_UOE_FIN@DF_UOE_FIN_NATURE_STAFF(3.1),EU25,EXP,ISCED11_1T8,_T,INST_EDU_PRIV_GOV,CUR_RET,Q,USD_PPP,NATURE,2020,,O,6,0,2020,Y8
OECD.EDU.IMEP:DSD_EAG_UOE_FIN@DF_UOE_FIN_NATURE_STAFF(3.1),EU25,EXP,ISCED11_1T8,_T,INST_EDU_PRIV_GOV,CUR_RET,Q,USD_PPP,NATURE,2021,,O,6,0,2020,Y8
OECD.EDU.IMEP:DSD_EAG_UOE_FIN@DF_UOE_FIN_NATURE_STAFF(3.1),EU25,EXP,ISCED11_1T8,_T,INST_EDU_PRIV_GOV,CUR_RET,Q,USD_PPP,NATURE,2022,,O,6,0,2020,Y8
OECD.EDU.IMEP:DSD_EAG_UOE_FIN@DF_UOE_FIN_NATURE_STAFF(3.1),EU25,EXP,ISCED11_1T8,_T,INST_EDU_PRIV_GOV,CUR_RET,Q,USD_PPP,NATURE,2023,,O,6,0,2020,Y8
OECD.EDU.IMEP:DSD_EAG_UOE_FIN@DF_UOE_FIN_NATURE_STAFF(3.1),EU25,EXP,ISCED11_1T8,_T,INST_EDU_PRIV_GOV,CUR_NLC,Q,USD_PPP,NATURE,2015,,O,6,0,2020,Y9
OECD.EDU.IMEP:DSD_EAG_UOE_FIN@DF_UOE_FIN_NATURE_STAFF(3.1),EU25,EXP,ISCED11_1T8,_T,INST_EDU_PRIV_GOV,CUR_NLC,Q,USD_PPP,NATURE,2016,,O,6,0,2020,Y9
OECD.EDU.IMEP:DSD_EAG_UOE_FIN@DF_UOE_FIN_NATURE_STAFF(3.1),EU25,EXP,ISCED11_1T8,_T,INST_EDU_PRIV_GOV,CUR_NLC,Q,USD_PPP,NATURE,2017,,O,6,0,2020,Y9
OECD.EDU.IMEP:DSD_EAG_UOE_FIN@DF_UOE_FIN_NATURE_STAFF(3.1),EU25,EXP,ISCED11_1T8,_T,INST_EDU_PRIV_GOV,CUR_NLC,Q,USD_PPP,NATURE,2018,,O,6,0,2020,Y9
OECD.EDU.IMEP:DSD_EAG_UOE_FIN@DF_UOE_FIN_NATURE_STAFF(3.1),EU25,EXP,ISCED11_1T8,_T,INST_EDU_PRIV_GOV,CUR_NLC,Q,USD_PPP,NATURE,2019,,O,6,0,2020,Y9
OECD.EDU.IMEP:DSD_EAG_UOE_FIN@DF_UOE_FIN_NATURE_STAFF(3.1),EU25,EXP,ISCED11_1T8,_T,INST_EDU_PRIV_GOV,CUR_NLC,Q,USD_PPP,NATURE,2020,,O,6,0,2020,Y9
OECD.EDU.IMEP:DSD_EAG_UOE_FIN@DF_UOE_FIN_NATURE_STAFF(3.1),EU25,EXP,ISCED11_1T8,_T,INST_EDU_PRIV_GOV,CUR_NLC,Q,USD_PPP,NATURE,2021,,O,6,0,2020,Y9
OECD.EDU.IMEP:DSD_EAG_UOE_FIN@DF_UOE_FIN_NATURE_STAFF(3.1),EU25,EXP,ISCED11_1T8,_T,INST_EDU_PRIV_GOV,CUR_NLC,Q,USD_PPP,NATURE,2022,,O,6,0,2020,Y9
OECD.EDU.IMEP:DSD_EAG_UOE_FIN@DF_UOE_FIN_NATURE_STAFF(3.1),EU25,EXP,ISCED11_1T8,_T,INST_EDU_PRIV_GOV,CUR_NLC,Q,USD_PPP,NATURE,2023,,O,6,0,2020,Y9
OECD.EDU.IMEP:DSD_EAG_UOE_FIN@DF_UOE_FIN_NATURE_STAFF(3.1),EU25,EXP,ISCED11_1T8,_T,INST_EDU_PRIV_GOV,CUR_LC,Q,USD_PPP,NATURE,2015,,O,6,0,2020,Y7
OECD.EDU.IMEP:DSD_EAG_UOE_FIN@DF_UOE_FIN_NATURE_STAFF(3.1),EU25,EXP,ISCED11_1T8,_T,INST_EDU_PRIV_GOV,CUR_LC,Q,USD_PPP,NATURE,2016,,O,6,0,2020,Y7
OECD.EDU.IMEP:DSD_EAG_UOE_FIN@DF_UOE_FIN_NATURE_STAFF(3.1),EU25,EXP,ISCED11_1T8,_T,INST_EDU_PRIV_GOV,CUR_LC,Q,USD_PPP,NATURE,2017,,O,6,0,2020,Y7
OECD.EDU.IMEP:DSD_EAG_UOE_FIN@DF_UOE_FIN_NATURE_STAFF(3.1),EU25,EXP,ISCED11_1T8,_T,INST_EDU_PRIV_GOV,CUR_LC,Q,USD_PPP,NATURE,2018,,O,6,0,2020,Y7
OECD.EDU.IMEP:DSD_EAG_UOE_FIN@DF_UOE_FIN_NATURE_STAFF(3.1),EU25,EXP,ISCED11_1T8,_T,INST_EDU_PRIV_GOV,CUR_LC,Q,USD_PPP,NATURE,2019,,O,6,0,2020,Y7
OECD.EDU.IMEP:DSD_EAG_UOE_FIN@DF_UOE_FIN_NATURE_STAFF(3.1),EU25,EXP,ISCED11_1T8,_T,INST_EDU_PRIV_GOV,CUR_LC,Q,USD_PPP,NATURE,2020,,O,6,0,2020,Y7
OECD.EDU.IMEP:DSD_EAG_UOE_FIN@DF_UOE_FIN_NATURE_STAFF(3.1),EU25,EXP,ISCED11_1T8,_T,INST_EDU_PRIV_GOV,CUR_LC,Q,USD_PPP,NATURE,2021,,O,6,0,2020,Y7
OECD.EDU.IMEP:DSD_EAG_UOE_FIN@DF_UOE_FIN_NATURE_STAFF(3.1),EU25,EXP,ISCED11_1T8,_T,INST_EDU_PRIV_GOV,CUR_LC,Q,USD_PPP,NATURE,2022,,O,6,0,2020,Y7
OECD.EDU.IMEP:DSD_EAG_UOE_FIN@DF_UOE_FIN_NATURE_STAFF(3.1),EU25,EXP,ISCED11_1T8,_T,INST_EDU_PRIV_GOV,CUR_LC,Q,USD_PPP,NATURE,2023,,O,6,0,2020,Y7
OECD.EDU.IMEP:DSD_EAG_UOE_FIN@DF_UOE_FIN_NATURE_STAFF(3.1),ARG,EXP,ISCED11_1T8,_T,INST_EDU_PRIV_GOV,CUR_RET,Q,USD_PPP,NATURE,2022,,O,6,0,2020,Y8
OECD.EDU.IMEP:DSD_EAG_UOE_FIN@DF_UOE_FIN_NATURE_STAFF(3.1),ARG,EXP,ISCED11_1T8,_T,INST_EDU_PRIV_GOV,CUR_NLC,Q,USD_PPP,NATURE,2022,,O,6,0,2020,Y9
OECD.EDU.IMEP:DSD_EAG_UOE_FIN@DF_UOE_FIN_NATURE_STAFF(3.1),ARG,EXP,ISCED11_1T8,_T,INST_EDU_PRIV_GOV,CUR_LC,Q,USD_PPP,NATURE,2022,,O,6,0,2020,Y7
OECD.EDU.IMEP:DSD_EAG_UOE_FIN@DF_UOE_FIN_NATURE_STAFF(3.1),CHE,EXP,ISCED11_1T8,_T,INST_EDU_PUB,CUR_RET,Q,USD_PPP,NATURE,2016,,O,6,0,2020,X8
OECD.EDU.IMEP:DSD_EAG_UOE_FIN@DF_UOE_FIN_NATURE_STAFF(3.1),CHE,EXP,ISCED11_1T8,_T,INST_EDU_PUB,CUR_RET,Q,USD_PPP,NATURE,2017,,O,6,0,2020,X8
OECD.EDU.IMEP:DSD_EAG_UOE_FIN@DF_UOE_FIN_NATURE_STAFF(3.1),CHE,EXP,ISCED11_1T8,_T,INST_EDU_PUB,CUR_RET,Q,USD_PPP,NATURE,2018,,O,6,0,2020,X8
OECD.EDU.IMEP:DSD_EAG_UOE_FIN@DF_UOE_FIN_NATURE_STAFF(3.1),CHE,EXP,ISCED11_1T8,_T,INST_EDU_PUB,CUR_RET,Q,USD_PPP,NATURE,2019,,O,6,0,2020,X8
OECD.EDU.IMEP:DSD_EAG_UOE_FIN@DF_UOE_FIN_NATURE_STAFF(3.1),CHE,EXP,ISCED11_1T8,_T,INST_EDU_PUB,CUR_RET,Q,USD_PPP,NATURE,2020,,O,6,0,2020,X8
OECD.EDU.IMEP:DSD_EAG_UOE_FIN@DF_UOE_FIN_NATURE_STAFF(3.1),CHE,EXP,ISCED11_1T8,_T,INST_EDU_PUB,CUR_RET,Q,USD_PPP,NATURE,2021,,O,6,0,2020,X8
OECD.EDU.IMEP:DSD_EAG_UOE_FIN@DF_UOE_FIN_NATURE_STAFF(3.1),CHE,EXP,ISCED11_1T8,_T,INST_EDU_PUB,CUR_RET,Q,USD_PPP,NATURE,2022,,O,6,0,2020,X8
OECD.EDU.IMEP:DSD_EAG_UOE_FIN@DF_UOE_FIN_NATURE_STAFF(3.1),CHE,EXP,ISCED11_1T8,_T,INST_EDU_PUB,CUR_NLC,Q,USD_PPP,NATURE,2016,,O,6,0,2020,X9
OECD.EDU.IMEP:DSD_EAG_UOE_FIN@DF_UOE_FIN_NATURE_STAFF(3.1),CHE,EXP,ISCED11_1T8,_T,INST_EDU_PUB,CUR_NLC,Q,USD_PPP,NATURE,2017,,O,6,0,2020,X9
OECD.EDU.IMEP:DSD_EAG_UOE_FIN@DF_UOE_FIN_NATURE_STAFF(3.1),CHE,EXP,ISCED11_1T8,_T,INST_EDU_PUB,CUR_NLC,Q,USD_PPP,NATURE,2018,,O,6,0,2020,X9
OECD.EDU.IMEP:DSD_EAG_UOE_FIN@DF_UOE_FIN_NATURE_STAFF(3.1),CHE,EXP,ISCED11_1T8,_T,INST_EDU_PUB,CUR_NLC,Q,USD_PPP,NATURE,2019,,O,6,0,2020,X9
OECD.EDU.IMEP:DSD_EAG_UOE_FIN@DF_UOE_FIN_NATURE_STAFF(3.1),CHE,EXP,ISCED11_1T8,_T,INST_EDU_PUB,CUR_NLC,Q,USD_PPP,NATURE,2020,,O,6,0,2020,X9
OECD.EDU.IMEP:DSD_EAG_UOE_FIN@DF_UOE_FIN_NATURE_STAFF(3.1),CHE,EXP,ISCED11_1T8,_T,INST_EDU_PUB,CUR_NLC,Q,USD_PPP,NATURE,2021,,O,6,0,2020,X9
OECD.EDU.IMEP:DSD_EAG_UOE_FIN@DF_UOE_FIN_NATURE_STAFF(3.1),CHE,EXP,ISCED11_1T8,_T,INST_EDU_PUB,CUR_NLC,Q,USD_PPP,NATURE,2022,,O,6,0,2020,X9
OECD.EDU.IMEP:DSD_EAG_UOE_FIN@DF_UOE_FIN_NATURE_STAFF(3.1),CHE,EXP,ISCED11_1T8,_T,INST_EDU_PUB,CUR_LC,Q,USD_PPP,NATURE,2016,,O,6,0,2020,X7
OECD.EDU.IMEP:DSD_EAG_UOE_FIN@DF_UOE_FIN_NATURE_STAFF(3.1),CHE,EXP,ISCED11_1T8,_T,INST_EDU_PUB,CUR_LC,Q,USD_PPP,NATURE,2017,,O,6,0,2020,X7
OECD.EDU.IMEP:DSD_EAG_UOE_FIN@DF_UOE_FIN_NATURE_STAFF(3.1),CHE,EXP,ISCED11_1T8,_T,INST_EDU_PUB,CUR_LC,Q,USD_PPP,NATURE,2018,,O,6,0,2020,X7
OECD.EDU.IMEP:DSD_EAG_UOE_FIN@DF_UOE_FIN_NATURE_STAFF(3.1),CHE,EXP,ISCED11_1T8,_T,INST_EDU_PUB,CUR_LC,Q,USD_PPP,NATURE,2019,,O,6,0,2020,X7
OECD.EDU.IMEP:DSD_EAG_UOE_FIN@DF_UOE_FIN_NATURE_STAFF(3.1),CHE,EXP,ISCED11_1T8,_T,INST_EDU_PUB,CUR_LC,Q,USD_PPP,NATURE,2020,,O,6,0,2020,X7
OECD.EDU.IMEP:DSD_EAG_UOE_FIN@DF_UOE_FIN_NATURE_STAFF(3.1),CHE,EXP,ISCED11_1T8,_T,INST_EDU_PUB,CUR_LC,Q,USD_PPP,NATURE,2021,,O,6,0,2020,X7
OECD.EDU.IMEP:DSD_EAG_UOE_FIN@DF_UOE_FIN_NATURE_STAFF(3.1),CHE,EXP,ISCED11_1T8,_T,INST_EDU_PUB,CUR_LC,Q,USD_PPP,NATURE,2022,,O,6,0,2020,X7
OECD.EDU.IMEP:DSD_EAG_UOE_FIN@DF_UOE_FIN_NATURE_STAFF(3.1),CHE,EXP,ISCED11_1T8,_T,INST_EDU_PRIV_GOV,CUR_NLC,Q,USD_PPP,NATURE,2015,,O,6,0,2020,Y9
OECD.EDU.IMEP:DSD_EAG_UOE_FIN@DF_UOE_FIN_NATURE_STAFF(3.1),CHE,EXP,ISCED11_1T8,_T,INST_EDU_PRIV_GOV,CUR_NLC,Q,USD_PPP,NATURE,2016,,O,6,0,2020,Y9
OECD.EDU.IMEP:DSD_EAG_UOE_FIN@DF_UOE_FIN_NATURE_STAFF(3.1),CHE,EXP,ISCED11_1T8,_T,INST_EDU_PRIV_GOV,CUR_NLC,Q,USD_PPP,NATURE,2017,,O,6,0,2020,Y9
OECD.EDU.IMEP:DSD_EAG_UOE_FIN@DF_UOE_FIN_NATURE_STAFF(3.1),CHE,EXP,ISCED11_1T8,_T,INST_EDU_PRIV_GOV,CUR_NLC,Q,USD_PPP,NATURE,2018,,O,6,0,2020,Y9
OECD.EDU.IMEP:DSD_EAG_UOE_FIN@DF_UOE_FIN_NATURE_STAFF(3.1),CHE,EXP,ISCED11_1T8,_T,INST_EDU_PRIV_GOV,CUR_NLC,Q,USD_PPP,NATURE,2019,,O,6,0,2020,Y9
OECD.EDU.IMEP:DSD_EAG_UOE_FIN@DF_UOE_FIN_NATURE_STAFF(3.1),CHE,EXP,ISCED11_1T8,_T,INST_EDU_PRIV_GOV,CUR_NLC,Q,USD_PPP,NATURE,2020,,O,6,0,2020,Y9
OECD.EDU.IMEP:DSD_EAG_UOE_FIN@DF_UOE_FIN_NATURE_STAFF(3.1),CHE,EXP,ISCED11_1T8,_T,INST_EDU_PRIV_GOV,CUR_NLC,Q,USD_PPP,NATURE,2021,,O,6,0,2020,Y9
OECD.EDU.IMEP:DSD_EAG_UOE_FIN@DF_UOE_FIN_NATURE_STAFF(3.1),CHE,EXP,ISCED11_1T8,_T,INST_EDU_PRIV_GOV,CUR_NLC,Q,USD_PPP,NATURE,2022,,O,6,0,2020,Y9
OECD.EDU.IMEP:DSD_EAG_UOE_FIN@DF_UOE_FIN_NATURE_STAFF(3.1),CHE,EXP,ISCED11_1T8,_T,INST_EDU_PRIV_GOV,CUR_RET,Q,USD_PPP,NATURE,2015,,O,6,0,2020,Y8
OECD.EDU.IMEP:DSD_EAG_UOE_FIN@DF_UOE_FIN_NATURE_STAFF(3.1),CHE,EXP,ISCED11_1T8,_T,INST_EDU_PRIV_GOV,CUR_RET,Q,USD_PPP,NATURE,2016,,O,6,0,2020,Y8
OECD.EDU.IMEP:DSD_EAG_UOE_FIN@DF_UOE_FIN_NATURE_STAFF(3.1),CHE,EXP,ISCED11_1T8,_T,INST_EDU_PRIV_GOV,CUR_RET,Q,USD_PPP,NATURE,2017,,O,6,0,2020,Y8
OECD.EDU.IMEP:DSD_EAG_UOE_FIN@DF_UOE_FIN_NATURE_STAFF(3.1),CHE,EXP,ISCED11_1T8,_T,INST_EDU_PRIV_GOV,CUR_RET,Q,USD_PPP,NATURE,2018,,O,6,0,2020,Y8
OECD.EDU.IMEP:DSD_EAG_UOE_FIN@DF_UOE_FIN_NATURE_STAFF(3.1),CHE,EXP,ISCED11_1T8,_T,INST_EDU_PRIV_GOV,CUR_RET,Q,USD_PPP,NATURE,2019,,O,6,0,2020,Y8
OECD.EDU.IMEP:DSD_EAG_UOE_FIN@DF_UOE_FIN_NATURE_STAFF(3.1),CHE,EXP,ISCED11_1T8,_T,INST_EDU_PRIV_GOV,CUR_RET,Q,USD_PPP,NATURE,2020,,O,6,0,2020,Y8
OECD.EDU.IMEP:DSD_EAG_UOE_FIN@DF_UOE_FIN_NATURE_STAFF(3.1),CHE,EXP,ISCED11_1T8,_T,INST_EDU_PRIV_GOV,CUR_RET,Q,USD_PPP,NATURE,2021,,O,6,0,2020,Y8
OECD.EDU.IMEP:DSD_EAG_UOE_FIN@DF_UOE_FIN_NATURE_STAFF(3.1),CHE,EXP,ISCED11_1T8,_T,INST_EDU_PRIV_GOV,CUR_RET,Q,USD_PPP,NATURE,2022,,O,6,0,2020,Y8
OECD.EDU.IMEP:DSD_EAG_UOE_FIN@DF_UOE_FIN_NATURE_STAFF(3.1),CHE,EXP,ISCED11_1T8,_T,INST_EDU_PRIV_GOV,CUR_LC,Q,USD_PPP,NATURE,2015,,O,6,0,2020,Y7
OECD.EDU.IMEP:DSD_EAG_UOE_FIN@DF_UOE_FIN_NATURE_STAFF(3.1),CHE,EXP,ISCED11_1T8,_T,INST_EDU_PRIV_GOV,CUR_LC,Q,USD_PPP,NATURE,2016,,O,6,0,2020,Y7
OECD.EDU.IMEP:DSD_EAG_UOE_FIN@DF_UOE_FIN_NATURE_STAFF(3.1),CHE,EXP,ISCED11_1T8,_T,INST_EDU_PRIV_GOV,CUR_LC,Q,USD_PPP,NATURE,2017,,O,6,0,2020,Y7
OECD.EDU.IMEP:DSD_EAG_UOE_FIN@DF_UOE_FIN_NATURE_STAFF(3.1),CHE,EXP,ISCED11_1T8,_T,INST_EDU_PRIV_GOV,CUR_LC,Q,USD_PPP,NATURE,2018,,O,6,0,2020,Y7
OECD.EDU.IMEP:DSD_EAG_UOE_FIN@DF_UOE_FIN_NATURE_STAFF(3.1),CHE,EXP,ISCED11_1T8,_T,INST_EDU_PRIV_GOV,CUR_LC,Q,USD_PPP,NATURE,2019,,O,6,0,2020,Y7
OECD.EDU.IMEP:DSD_EAG_UOE_FIN@DF_UOE_FIN_NATURE_STAFF(3.1),CHE,EXP,ISCED11_1T8,_T,INST_EDU_PRIV_GOV,CUR_LC,Q,USD_PPP,NATURE,2020,,O,6,0,2020,Y7
OECD.EDU.IMEP:DSD_EAG_UOE_FIN@DF_UOE_FIN_NATURE_STAFF(3.1),CHE,EXP,ISCED11_1T8,_T,INST_EDU_PRIV_GOV,CUR_LC,Q,USD_PPP,NATURE,2021,,O,6,0,2020,Y7
OECD.EDU.IMEP:DSD_EAG_UOE_FIN@DF_UOE_FIN_NATURE_STAFF(3.1),CHE,EXP,ISCED11_1T8,_T,INST_EDU_PRIV_GOV,CUR_LC,Q,USD_PPP,NATURE,2022,,O,6,0,2020,Y7
OECD.EDU.IMEP:DSD_EAG_UOE_FIN@DF_UOE_FIN_NATURE_STAFF(3.1),ARG,EXP,ISCED11_1T8,_T,INST_EDU_PUB,CUR_RET,Q,USD_PPP,NATURE,2015,,K,6,0,2020,X8
OECD.EDU.IMEP:DSD_EAG_UOE_FIN@DF_UOE_FIN_NATURE_STAFF(3.1),ARG,EXP,ISCED11_1T8,_T,INST_EDU_PUB,CUR_RET,Q,USD_PPP,NATURE,2016,,K,6,0,2020,X8
OECD.EDU.IMEP:DSD_EAG_UOE_FIN@DF_UOE_FIN_NATURE_STAFF(3.1),ARG,EXP,ISCED11_1T8,_T,INST_EDU_PUB,CUR_RET,Q,USD_PPP,NATURE,2017,,K,6,0,2020,X8
OECD.EDU.IMEP:DSD_EAG_UOE_FIN@DF_UOE_FIN_NATURE_STAFF(3.1),ARG,EXP,ISCED11_1T8,_T,INST_EDU_PUB,CUR_RET,Q,USD_PPP,NATURE,2018,,K,6,0,2020,X8
OECD.EDU.IMEP:DSD_EAG_UOE_FIN@DF_UOE_FIN_NATURE_STAFF(3.1),ARG,EXP,ISCED11_1T8,_T,INST_EDU_PUB,CUR_RET,Q,USD_PPP,NATURE,2019,,K,6,0,2020,X8
OECD.EDU.IMEP:DSD_EAG_UOE_FIN@DF_UOE_FIN_NATURE_STAFF(3.1),ARG,EXP,ISCED11_1T8,_T,INST_EDU_PUB,CUR_RET,Q,USD_PPP,NATURE,2020,,K,6,0,2020,X8
OECD.EDU.IMEP:DSD_EAG_UOE_FIN@DF_UOE_FIN_NATURE_STAFF(3.1),ARG,EXP,ISCED11_1T8,_T,INST_EDU_PUB,CUR_RET,Q,USD_PPP,NATURE,2021,,K,6,0,2020,X8
OECD.EDU.IMEP:DSD_EAG_UOE_FIN@DF_UOE_FIN_NATURE_STAFF(3.1),ARG,EXP,ISCED11_1T8,_T,INST_EDU_PUB,CUR_RET,Q,USD_PPP,NATURE,2022,,K,6,0,2020,X8
OECD.EDU.IMEP:DSD_EAG_UOE_FIN@DF_UOE_FIN_NATURE_STAFF(3.1),ARG,EXP,ISCED11_1T8,_T,INST_EDU_PUB,CUR_LC,Q,USD_PPP,NATURE,2015,,K,6,0,2020,X7
OECD.EDU.IMEP:DSD_EAG_UOE_FIN@DF_UOE_FIN_NATURE_STAFF(3.1),ARG,EXP,ISCED11_1T8,_T,INST_EDU_PUB,CUR_LC,Q,USD_PPP,NATURE,2016,,K,6,0,2020,X7
OECD.EDU.IMEP:DSD_EAG_UOE_FIN@DF_UOE_FIN_NATURE_STAFF(3.1),ARG,EXP,ISCED11_1T8,_T,INST_EDU_PUB,CUR_LC,Q,USD_PPP,NATURE,2017,,K,6,0,2020,X7
OECD.EDU.IMEP:DSD_EAG_UOE_FIN@DF_UOE_FIN_NATURE_STAFF(3.1),ARG,EXP,ISCED11_1T8,_T,INST_EDU_PUB,CUR_LC,Q,USD_PPP,NATURE,2018,,K,6,0,2020,X7
OECD.EDU.IMEP:DSD_EAG_UOE_FIN@DF_UOE_FIN_NATURE_STAFF(3.1),ARG,EXP,ISCED11_1T8,_T,INST_EDU_PUB,CUR_LC,Q,USD_PPP,NATURE,2019,,K,6,0,2020,X7
OECD.EDU.IMEP:DSD_EAG_UOE_FIN@DF_UOE_FIN_NATURE_STAFF(3.1),ARG,EXP,ISCED11_1T8,_T,INST_EDU_PUB,CUR_LC,Q,USD_PPP,NATURE,2020,,K,6,0,2020,X7
OECD.EDU.IMEP:DSD_EAG_UOE_FIN@DF_UOE_FIN_NATURE_STAFF(3.1),ARG,EXP,ISCED11_1T8,_T,INST_EDU_PUB,CUR_LC,Q,USD_PPP,NATURE,2021,,K,6,0,2020,X7
OECD.EDU.IMEP:DSD_EAG_UOE_FIN@DF_UOE_FIN_NATURE_STAFF(3.1),ARG,EXP,ISCED11_1T8,_T,INST_EDU_PUB,CUR_LC,Q,USD_PPP,NATURE,2022,,K,6,0,2020,X7
OECD.EDU.IMEP:DSD_EAG_UOE_FIN@DF_UOE_FIN_NATURE_STAFF(3.1),ARG,EXP,ISCED11_1T8,_T,INST_EDU_PUB,CUR_NLC,Q,USD_PPP,NATURE,2015,,K,6,0,2020,X9
OECD.EDU.IMEP:DSD_EAG_UOE_FIN@DF_UOE_FIN_NATURE_STAFF(3.1),ARG,EXP,ISCED11_1T8,_T,INST_EDU_PUB,CUR_NLC,Q,USD_PPP,NATURE,2016,,K,6,0,2020,X9
OECD.EDU.IMEP:DSD_EAG_UOE_FIN@DF_UOE_FIN_NATURE_STAFF(3.1),ARG,EXP,ISCED11_1T8,_T,INST_EDU_PUB,CUR_NLC,Q,USD_PPP,NATURE,2017,,K,6,0,2020,X9
OECD.EDU.IMEP:DSD_EAG_UOE_FIN@DF_UOE_FIN_NATURE_STAFF(3.1),ARG,EXP,ISCED11_1T8,_T,INST_EDU_PUB,CUR_NLC,Q,USD_PPP,NATURE,2018,,K,6,0,2020,X9
OECD.EDU.IMEP:DSD_EAG_UOE_FIN@DF_UOE_FIN_NATURE_STAFF(3.1),ARG,EXP,ISCED11_1T8,_T,INST_EDU_PUB,CUR_NLC,Q,USD_PPP,NATURE,2019,,K,6,0,2020,X9
OECD.EDU.IMEP:DSD_EAG_UOE_FIN@DF_UOE_FIN_NATURE_STAFF(3.1),ARG,EXP,ISCED11_1T8,_T,INST_EDU_PUB,CUR_NLC,Q,USD_PPP,NATURE,2020,,K,6,0,2020,X9
OECD.EDU.IMEP:DSD_EAG_UOE_FIN@DF_UOE_FIN_NATURE_STAFF(3.1),ARG,EXP,ISCED11_1T8,_T,INST_EDU_PUB,CUR_NLC,Q,USD_PPP,NATURE,2021,,K,6,0,2020,X9
OECD.EDU.IMEP:DSD_EAG_UOE_FIN@DF_UOE_FIN_NATURE_STAFF(3.1),ARG,EXP,ISCED11_1T8,_T,INST_EDU_PUB,CUR_NLC,Q,USD_PPP,NATURE,2022,,K,6,0,2020,X9
OECD.EDU.IMEP:DSD_EAG_UOE_FIN@DF_UOE_FIN_NATURE_STAFF(3.1),ARG,EXP,ISCED11_1T8,_T,INST_EDU_PRIV_GOV,CUR_LC,Q,USD_PPP,NATURE,2015,,K,6,0,2020,Y7
OECD.EDU.IMEP:DSD_EAG_UOE_FIN@DF_UOE_FIN_NATURE_STAFF(3.1),ARG,EXP,ISCED11_1T8,_T,INST_EDU_PRIV_GOV,CUR_LC,Q,USD_PPP,NATURE,2016,,K,6,0,2020,Y7
OECD.EDU.IMEP:DSD_EAG_UOE_FIN@DF_UOE_FIN_NATURE_STAFF(3.1),ARG,EXP,ISCED11_1T8,_T,INST_EDU_PRIV_GOV,CUR_LC,Q,USD_PPP,NATURE,2017,,K,6,0,2020,Y7
OECD.EDU.IMEP:DSD_EAG_UOE_FIN@DF_UOE_FIN_NATURE_STAFF(3.1),ARG,EXP,ISCED11_1T8,_T,INST_EDU_PRIV_GOV,CUR_LC,Q,USD_PPP,NATURE,2018,,K,6,0,2020,Y7
OECD.EDU.IMEP:DSD_EAG_UOE_FIN@DF_UOE_FIN_NATURE_STAFF(3.1),ARG,EXP,ISCED11_1T8,_T,INST_EDU_PRIV_GOV,CUR_LC,Q,USD_PPP,NATURE,2019,,K,6,0,2020,Y7
OECD.EDU.IMEP:DSD_EAG_UOE_FIN@DF_UOE_FIN_NATURE_STAFF(3.1),ARG,EXP,ISCED11_1T8,_T,INST_EDU_PRIV_GOV,CUR_LC,Q,USD_PPP,NATURE,2020,,K,6,0,2020,Y7
OECD.EDU.IMEP:DSD_EAG_UOE_FIN@DF_UOE_FIN_NATURE_STAFF(3.1),ARG,EXP,ISCED11_1T8,_T,INST_EDU_PRIV_GOV,CUR_LC,Q,USD_PPP,NATURE,2021,,K,6,0,2020,Y7
OECD.EDU.IMEP:DSD_EAG_UOE_FIN@DF_UOE_FIN_NATURE_STAFF(3.1),ARG,EXP,ISCED11_1T8,_T,INST_EDU_PRIV_GOV,CUR_NLC,Q,USD_PPP,NATURE,2015,,K,6,0,2020,Y9
OECD.EDU.IMEP:DSD_EAG_UOE_FIN@DF_UOE_FIN_NATURE_STAFF(3.1),ARG,EXP,ISCED11_1T8,_T,INST_EDU_PRIV_GOV,CUR_NLC,Q,USD_PPP,NATURE,2016,,K,6,0,2020,Y9
OECD.EDU.IMEP:DSD_EAG_UOE_FIN@DF_UOE_FIN_NATURE_STAFF(3.1),ARG,EXP,ISCED11_1T8,_T,INST_EDU_PRIV_GOV,CUR_NLC,Q,USD_PPP,NATURE,2017,,K,6,0,2020,Y9
OECD.EDU.IMEP:DSD_EAG_UOE_FIN@DF_UOE_FIN_NATURE_STAFF(3.1),ARG,EXP,ISCED11_1T8,_T,INST_EDU_PRIV_GOV,CUR_NLC,Q,USD_PPP,NATURE,2018,,K,6,0,2020,Y9
OECD.EDU.IMEP:DSD_EAG_UOE_FIN@DF_UOE_FIN_NATURE_STAFF(3.1),ARG,EXP,ISCED11_1T8,_T,INST_EDU_PRIV_GOV,CUR_NLC,Q,USD_PPP,NATURE,2019,,K,6,0,2020,Y9
OECD.EDU.IMEP:DSD_EAG_UOE_FIN@DF_UOE_FIN_NATURE_STAFF(3.1),ARG,EXP,ISCED11_1T8,_T,INST_EDU_PRIV_GOV,CUR_NLC,Q,USD_PPP,NATURE,2020,,K,6,0,2020,Y9
OECD.EDU.IMEP:DSD_EAG_UOE_FIN@DF_UOE_FIN_NATURE_STAFF(3.1),ARG,EXP,ISCED11_1T8,_T,INST_EDU_PRIV_GOV,CUR_NLC,Q,USD_PPP,NATURE,2021,,K,6,0,2020,Y9
OECD.EDU.IMEP:DSD_EAG_UOE_FIN@DF_UOE_FIN_NATURE_STAFF(3.1),ARG,EXP,ISCED11_1T8,_T,INST_EDU_PRIV_GOV,CUR_RET,Q,USD_PPP,NATURE,2015,,K,6,0,2020,Y8
OECD.EDU.IMEP:DSD_EAG_UOE_FIN@DF_UOE_FIN_NATURE_STAFF(3.1),ARG,EXP,ISCED11_1T8,_T,INST_EDU_PRIV_GOV,CUR_RET,Q,USD_PPP,NATURE,2016,,K,6,0,2020,Y8
OECD.EDU.IMEP:DSD_EAG_UOE_FIN@DF_UOE_FIN_NATURE_STAFF(3.1),ARG,EXP,ISCED11_1T8,_T,INST_EDU_PRIV_GOV,CUR_RET,Q,USD_PPP,NATURE,2017,,K,6,0,2020,Y8
OECD.EDU.IMEP:DSD_EAG_UOE_FIN@DF_UOE_FIN_NATURE_STAFF(3.1),ARG,EXP,ISCED11_1T8,_T,INST_EDU_PRIV_GOV,CUR_RET,Q,USD_PPP,NATURE,2018,,K,6,0,2020,Y8
OECD.EDU.IMEP:DSD_EAG_UOE_FIN@DF_UOE_FIN_NATURE_STAFF(3.1),ARG,EXP,ISCED11_1T8,_T,INST_EDU_PRIV_GOV,CUR_RET,Q,USD_PPP,NATURE,2019,,K,6,0,2020,Y8
OECD.EDU.IMEP:DSD_EAG_UOE_FIN@DF_UOE_FIN_NATURE_STAFF(3.1),ARG,EXP,ISCED11_1T8,_T,INST_EDU_PRIV_GOV,CUR_RET,Q,USD_PPP,NATURE,2020,,K,6,0,2020,Y8
OECD.EDU.IMEP:DSD_EAG_UOE_FIN@DF_UOE_FIN_NATURE_STAFF(3.1),ARG,EXP,ISCED11_1T8,_T,INST_EDU_PRIV_GOV,CUR_RET,Q,USD_PPP,NATURE,2021,,K,6,0,2020,Y8
OECD.EDU.IMEP:DSD_EAG_UOE_FIN@DF_UOE_FIN_NATURE_STAFF(3.1),USA,EXP,ISCED11_1T8,_T,INST_EDU_PUB,CUR_LC,Q,USD_PPP,NATURE,2015,,K,6,0,2020,X7
OECD.EDU.IMEP:DSD_EAG_UOE_FIN@DF_UOE_FIN_NATURE_STAFF(3.1),USA,EXP,ISCED11_1T8,_T,INST_EDU_PUB,CUR_LC,Q,USD_PPP,NATURE,2021,,K,6,0,2020,X7
OECD.EDU.IMEP:DSD_EAG_UOE_FIN@DF_UOE_FIN_NATURE_STAFF(3.1),USA,EXP,ISCED11_1T8,_T,INST_EDU_PUB,CUR_RET,Q,USD_PPP,NATURE,2015,,K,6,0,2020,X8
OECD.EDU.IMEP:DSD_EAG_UOE_FIN@DF_UOE_FIN_NATURE_STAFF(3.1),USA,EXP,ISCED11_1T8,_T,INST_EDU_PUB,CUR_RET,Q,USD_PPP,NATURE,2016,,K,6,0,2020,X8
OECD.EDU.IMEP:DSD_EAG_UOE_FIN@DF_UOE_FIN_NATURE_STAFF(3.1),USA,EXP,ISCED11_1T8,_T,INST_EDU_PUB,CUR_RET,Q,USD_PPP,NATURE,2017,,K,6,0,2020,X8
OECD.EDU.IMEP:DSD_EAG_UOE_FIN@DF_UOE_FIN_NATURE_STAFF(3.1),USA,EXP,ISCED11_1T8,_T,INST_EDU_PUB,CUR_RET,Q,USD_PPP,NATURE,2018,,K,6,0,2020,X8
OECD.EDU.IMEP:DSD_EAG_UOE_FIN@DF_UOE_FIN_NATURE_STAFF(3.1),USA,EXP,ISCED11_1T8,_T,INST_EDU_PUB,CUR_RET,Q,USD_PPP,NATURE,2019,,K,6,0,2020,X8
OECD.EDU.IMEP:DSD_EAG_UOE_FIN@DF_UOE_FIN_NATURE_STAFF(3.1),USA,EXP,ISCED11_1T8,_T,INST_EDU_PUB,CUR_RET,Q,USD_PPP,NATURE,2020,,K,6,0,2020,X8
OECD.EDU.IMEP:DSD_EAG_UOE_FIN@DF_UOE_FIN_NATURE_STAFF(3.1),USA,EXP,ISCED11_1T8,_T,INST_EDU_PUB,CUR_RET,Q,USD_PPP,NATURE,2021,,K,6,0,2020,X8
OECD.EDU.IMEP:DSD_EAG_UOE_FIN@DF_UOE_FIN_NATURE_STAFF(3.1),USA,EXP,ISCED11_1T8,_T,INST_EDU_PUB,CUR_NLC,Q,USD_PPP,NATURE,2015,,K,6,0,2020,X9
OECD.EDU.IMEP:DSD_EAG_UOE_FIN@DF_UOE_FIN_NATURE_STAFF(3.1),USA,EXP,ISCED11_1T8,_T,INST_EDU_PUB,CUR_NLC,Q,USD_PPP,NATURE,2016,,K,6,0,2020,X9
OECD.EDU.IMEP:DSD_EAG_UOE_FIN@DF_UOE_FIN_NATURE_STAFF(3.1),USA,EXP,ISCED11_1T8,_T,INST_EDU_PUB,CUR_NLC,Q,USD_PPP,NATURE,2017,,K,6,0,2020,X9
OECD.EDU.IMEP:DSD_EAG_UOE_FIN@DF_UOE_FIN_NATURE_STAFF(3.1),USA,EXP,ISCED11_1T8,_T,INST_EDU_PUB,CUR_NLC,Q,USD_PPP,NATURE,2018,,K,6,0,2020,X9
OECD.EDU.IMEP:DSD_EAG_UOE_FIN@DF_UOE_FIN_NATURE_STAFF(3.1),USA,EXP,ISCED11_1T8,_T,INST_EDU_PUB,CUR_NLC,Q,USD_PPP,NATURE,2019,,K,6,0,2020,X9
OECD.EDU.IMEP:DSD_EAG_UOE_FIN@DF_UOE_FIN_NATURE_STAFF(3.1),USA,EXP,ISCED11_1T8,_T,INST_EDU_PUB,CUR_NLC,Q,USD_PPP,NATURE,2020,,K,6,0,2020,X9
OECD.EDU.IMEP:DSD_EAG_UOE_FIN@DF_UOE_FIN_NATURE_STAFF(3.1),USA,EXP,ISCED11_1T8,_T,INST_EDU_PUB,CUR_NLC,Q,USD_PPP,NATURE,2021,,K,6,0,2020,X9
OECD.EDU.IMEP:DSD_EAG_UOE_FIN@DF_UOE_FIN_NATURE_STAFF(3.1),USA,EXP,ISCED11_1T8,_T,INST_EDU_PRIV_GOV,CUR_NLC,Q,USD_PPP,NATURE,2015,,M,6,0,2020,Y9
OECD.EDU.IMEP:DSD_EAG_UOE_FIN@DF_UOE_FIN_NATURE_STAFF(3.1),USA,EXP,ISCED11_1T8,_T,INST_EDU_PRIV_GOV,CUR_NLC,Q,USD_PPP,NATURE,2016,,M,6,0,2020,Y9
OECD.EDU.IMEP:DSD_EAG_UOE_FIN@DF_UOE_FIN_NATURE_STAFF(3.1),USA,EXP,ISCED11_1T8,_T,INST_EDU_PRIV_GOV,CUR_NLC,Q,USD_PPP,NATURE,2017,,M,6,0,2020,Y9
OECD.EDU.IMEP:DSD_EAG_UOE_FIN@DF_UOE_FIN_NATURE_STAFF(3.1),USA,EXP,ISCED11_1T8,_T,INST_EDU_PRIV_GOV,CUR_NLC,Q,USD_PPP,NATURE,2018,,M,6,0,2020,Y9
OECD.EDU.IMEP:DSD_EAG_UOE_FIN@DF_UOE_FIN_NATURE_STAFF(3.1),USA,EXP,ISCED11_1T8,_T,INST_EDU_PRIV_GOV,CUR_NLC,Q,USD_PPP,NATURE,2019,,M,6,0,2020,Y9
OECD.EDU.IMEP:DSD_EAG_UOE_FIN@DF_UOE_FIN_NATURE_STAFF(3.1),USA,EXP,ISCED11_1T8,_T,INST_EDU_PRIV_GOV,CUR_NLC,Q,USD_PPP,NATURE,2020,,M,6,0,2020,Y9
OECD.EDU.IMEP:DSD_EAG_UOE_FIN@DF_UOE_FIN_NATURE_STAFF(3.1),USA,EXP,ISCED11_1T8,_T,INST_EDU_PRIV_GOV,CUR_NLC,Q,USD_PPP,NATURE,2021,,M,6,0,2020,Y9
OECD.EDU.IMEP:DSD_EAG_UOE_FIN@DF_UOE_FIN_NATURE_STAFF(3.1),USA,EXP,ISCED11_1T8,_T,INST_EDU_PRIV_GOV,CUR_LC,Q,USD_PPP,NATURE,2015,,M,6,0,2020,Y7
OECD.EDU.IMEP:DSD_EAG_UOE_FIN@DF_UOE_FIN_NATURE_STAFF(3.1),USA,EXP,ISCED11_1T8,_T,INST_EDU_PRIV_GOV,CUR_LC,Q,USD_PPP,NATURE,2016,,M,6,0,2020,Y7
OECD.EDU.IMEP:DSD_EAG_UOE_FIN@DF_UOE_FIN_NATURE_STAFF(3.1),USA,EXP,ISCED11_1T8,_T,INST_EDU_PRIV_GOV,CUR_LC,Q,USD_PPP,NATURE,2017,,M,6,0,2020,Y7
OECD.EDU.IMEP:DSD_EAG_UOE_FIN@DF_UOE_FIN_NATURE_STAFF(3.1),USA,EXP,ISCED11_1T8,_T,INST_EDU_PRIV_GOV,CUR_LC,Q,USD_PPP,NATURE,2018,,M,6,0,2020,Y7
OECD.EDU.IMEP:DSD_EAG_UOE_FIN@DF_UOE_FIN_NATURE_STAFF(3.1),USA,EXP,ISCED11_1T8,_T,INST_EDU_PRIV_GOV,CUR_LC,Q,USD_PPP,NATURE,2019,,M,6,0,2020,Y7
OECD.EDU.IMEP:DSD_EAG_UOE_FIN@DF_UOE_FIN_NATURE_STAFF(3.1),USA,EXP,ISCED11_1T8,_T,INST_EDU_PRIV_GOV,CUR_LC,Q,USD_PPP,NATURE,2020,,M,6,0,2020,Y7
OECD.EDU.IMEP:DSD_EAG_UOE_FIN@DF_UOE_FIN_NATURE_STAFF(3.1),USA,EXP,ISCED11_1T8,_T,INST_EDU_PRIV_GOV,CUR_LC,Q,USD_PPP,NATURE,2021,,M,6,0,2020,Y7
OECD.EDU.IMEP:DSD_EAG_UOE_FIN@DF_UOE_FIN_NATURE_STAFF(3.1),USA,EXP,ISCED11_1T8,_T,INST_EDU_PRIV_GOV,CUR_RET,Q,USD_PPP,NATURE,2015,,M,6,0,2020,Y8
OECD.EDU.IMEP:DSD_EAG_UOE_FIN@DF_UOE_FIN_NATURE_STAFF(3.1),USA,EXP,ISCED11_1T8,_T,INST_EDU_PRIV_GOV,CUR_RET,Q,USD_PPP,NATURE,2016,,M,6,0,2020,Y8
OECD.EDU.IMEP:DSD_EAG_UOE_FIN@DF_UOE_FIN_NATURE_STAFF(3.1),USA,EXP,ISCED11_1T8,_T,INST_EDU_PRIV_GOV,CUR_RET,Q,USD_PPP,NATURE,2017,,M,6,0,2020,Y8
OECD.EDU.IMEP:DSD_EAG_UOE_FIN@DF_UOE_FIN_NATURE_STAFF(3.1),USA,EXP,ISCED11_1T8,_T,INST_EDU_PRIV_GOV,CUR_RET,Q,USD_PPP,NATURE,2018,,M,6,0,2020,Y8
OECD.EDU.IMEP:DSD_EAG_UOE_FIN@DF_UOE_FIN_NATURE_STAFF(3.1),USA,EXP,ISCED11_1T8,_T,INST_EDU_PRIV_GOV,CUR_RET,Q,USD_PPP,NATURE,2019,,M,6,0,2020,Y8
OECD.EDU.IMEP:DSD_EAG_UOE_FIN@DF_UOE_FIN_NATURE_STAFF(3.1),USA,EXP,ISCED11_1T8,_T,INST_EDU_PRIV_GOV,CUR_RET,Q,USD_PPP,NATURE,2020,,M,6,0,2020,Y8
OECD.EDU.IMEP:DSD_EAG_UOE_FIN@DF_UOE_FIN_NATURE_STAFF(3.1),USA,EXP,ISCED11_1T8,_T,INST_EDU_PRIV_GOV,CUR_RET,Q,USD_PPP,NATURE,2021,,M,6,0,2020,Y8
OECD.EDU.IMEP:DSD_EAG_UOE_FIN@DF_UOE_FIN_NATURE_STAFF(3.1),TUR,EXP,ISCED11_1T8,_T,INST_EDU_PRIV_GOV,CUR_RET,Q,USD_PPP,NATURE,2015,,M,6,0,2020,Y8
OECD.EDU.IMEP:DSD_EAG_UOE_FIN@DF_UOE_FIN_NATURE_STAFF(3.1),TUR,EXP,ISCED11_1T8,_T,INST_EDU_PRIV_GOV,CUR_RET,Q,USD_PPP,NATURE,2016,,M,6,0,2020,Y8
OECD.EDU.IMEP:DSD_EAG_UOE_FIN@DF_UOE_FIN_NATURE_STAFF(3.1),TUR,EXP,ISCED11_1T8,_T,INST_EDU_PRIV_GOV,CUR_RET,Q,USD_PPP,NATURE,2017,,M,6,0,2020,Y8
OECD.EDU.IMEP:DSD_EAG_UOE_FIN@DF_UOE_FIN_NATURE_STAFF(3.1),TUR,EXP,ISCED11_1T8,_T,INST_EDU_PRIV_GOV,CUR_RET,Q,USD_PPP,NATURE,2018,,M,6,0,2020,Y8
OECD.EDU.IMEP:DSD_EAG_UOE_FIN@DF_UOE_FIN_NATURE_STAFF(3.1),TUR,EXP,ISCED11_1T8,_T,INST_EDU_PRIV_GOV,CUR_RET,Q,USD_PPP,NATURE,2019,,M,6,0,2020,Y8
OECD.EDU.IMEP:DSD_EAG_UOE_FIN@DF_UOE_FIN_NATURE_STAFF(3.1),TUR,EXP,ISCED11_1T8,_T,INST_EDU_PRIV_GOV,CUR_RET,Q,USD_PPP,NATURE,2020,,M,6,0,2020,Y8
OECD.EDU.IMEP:DSD_EAG_UOE_FIN@DF_UOE_FIN_NATURE_STAFF(3.1),TUR,EXP,ISCED11_1T8,_T,INST_EDU_PRIV_GOV,CUR_RET,Q,USD_PPP,NATURE,2021,,M,6,0,2020,Y8
OECD.EDU.IMEP:DSD_EAG_UOE_FIN@DF_UOE_FIN_NATURE_STAFF(3.1),TUR,EXP,ISCED11_1T8,_T,INST_EDU_PRIV_GOV,CUR_RET,Q,USD_PPP,NATURE,2022,,M,6,0,2020,Y8
OECD.EDU.IMEP:DSD_EAG_UOE_FIN@DF_UOE_FIN_NATURE_STAFF(3.1),TUR,EXP,ISCED11_1T8,_T,INST_EDU_PRIV_GOV,CUR_NLC,Q,USD_PPP,NATURE,2015,,M,6,0,2020,Y9
OECD.EDU.IMEP:DSD_EAG_UOE_FIN@DF_UOE_FIN_NATURE_STAFF(3.1),TUR,EXP,ISCED11_1T8,_T,INST_EDU_PRIV_GOV,CUR_NLC,Q,USD_PPP,NATURE,2016,,M,6,0,2020,Y9
OECD.EDU.IMEP:DSD_EAG_UOE_FIN@DF_UOE_FIN_NATURE_STAFF(3.1),TUR,EXP,ISCED11_1T8,_T,INST_EDU_PRIV_GOV,CUR_NLC,Q,USD_PPP,NATURE,2017,,M,6,0,2020,Y9
OECD.EDU.IMEP:DSD_EAG_UOE_FIN@DF_UOE_FIN_NATURE_STAFF(3.1),TUR,EXP,ISCED11_1T8,_T,INST_EDU_PRIV_GOV,CUR_NLC,Q,USD_PPP,NATURE,2018,,M,6,0,2020,Y9
OECD.EDU.IMEP:DSD_EAG_UOE_FIN@DF_UOE_FIN_NATURE_STAFF(3.1),TUR,EXP,ISCED11_1T8,_T,INST_EDU_PRIV_GOV,CUR_NLC,Q,USD_PPP,NATURE,2019,,M,6,0,2020,Y9
OECD.EDU.IMEP:DSD_EAG_UOE_FIN@DF_UOE_FIN_NATURE_STAFF(3.1),TUR,EXP,ISCED11_1T8,_T,INST_EDU_PRIV_GOV,CUR_NLC,Q,USD_PPP,NATURE,2020,,M,6,0,2020,Y9
OECD.EDU.IMEP:DSD_EAG_UOE_FIN@DF_UOE_FIN_NATURE_STAFF(3.1),TUR,EXP,ISCED11_1T8,_T,INST_EDU_PRIV_GOV,CUR_NLC,Q,USD_PPP,NATURE,2021,,M,6,0,2020,Y9
OECD.EDU.IMEP:DSD_EAG_UOE_FIN@DF_UOE_FIN_NATURE_STAFF(3.1),TUR,EXP,ISCED11_1T8,_T,INST_EDU_PRIV_GOV,CUR_NLC,Q,USD_PPP,NATURE,2022,,M,6,0,2020,Y9
OECD.EDU.IMEP:DSD_EAG_UOE_FIN@DF_UOE_FIN_NATURE_STAFF(3.1),TUR,EXP,ISCED11_1T8,_T,INST_EDU_PRIV_GOV,CUR_LC,Q,USD_PPP,NATURE,2015,,M,6,0,2020,Y7
OECD.EDU.IMEP:DSD_EAG_UOE_FIN@DF_UOE_FIN_NATURE_STAFF(3.1),TUR,EXP,ISCED11_1T8,_T,INST_EDU_PRIV_GOV,CUR_LC,Q,USD_PPP,NATURE,2016,,M,6,0,2020,Y7
OECD.EDU.IMEP:DSD_EAG_UOE_FIN@DF_UOE_FIN_NATURE_STAFF(3.1),TUR,EXP,ISCED11_1T8,_T,INST_EDU_PRIV_GOV,CUR_LC,Q,USD_PPP,NATURE,2017,,M,6,0,2020,Y7
OECD.EDU.IMEP:DSD_EAG_UOE_FIN@DF_UOE_FIN_NATURE_STAFF(3.1),TUR,EXP,ISCED11_1T8,_T,INST_EDU_PRIV_GOV,CUR_LC,Q,USD_PPP,NATURE,2018,,M,6,0,2020,Y7
OECD.EDU.IMEP:DSD_EAG_UOE_FIN@DF_UOE_FIN_NATURE_STAFF(3.1),TUR,EXP,ISCED11_1T8,_T,INST_EDU_PRIV_GOV,CUR_LC,Q,USD_PPP,NATURE,2019,,M,6,0,2020,Y7
OECD.EDU.IMEP:DSD_EAG_UOE_FIN@DF_UOE_FIN_NATURE_STAFF(3.1),TUR,EXP,ISCED11_1T8,_T,INST_EDU_PRIV_GOV,CUR_LC,Q,USD_PPP,NATURE,2020,,M,6,0,2020,Y7
OECD.EDU.IMEP:DSD_EAG_UOE_FIN@DF_UOE_FIN_NATURE_STAFF(3.1),TUR,EXP,ISCED11_1T8,_T,INST_EDU_PRIV_GOV,CUR_LC,Q,USD_PPP,NATURE,2021,,M,6,0,2020,Y7
OECD.EDU.IMEP:DSD_EAG_UOE_FIN@DF_UOE_FIN_NATURE_STAFF(3.1),TUR,EXP,ISCED11_1T8,_T,INST_EDU_PRIV_GOV,CUR_LC,Q,USD_PPP,NATURE,2022,,M,6,0,2020,Y7
OECD.EDU.IMEP:DSD_EAG_UOE_FIN@DF_UOE_FIN_NATURE_STAFF(3.1),OECD,EXP,ISCED11_1T8,_T,INST_EDU_PUB,CUR_LC,Q,USD_PPP,NATURE,2015,20652.5054119154,A,6,0,2020,X7
OECD.EDU.IMEP:DSD_EAG_UOE_FIN@DF_UOE_FIN_NATURE_STAFF(3.1),OECD,EXP,ISCED11_1T8,_T,INST_EDU_PUB,CUR_LC,Q,USD_PPP,NATURE,2016,24788.4770442304,A,6,0,2020,X7
OECD.EDU.IMEP:DSD_EAG_UOE_FIN@DF_UOE_FIN_NATURE_STAFF(3.1),OECD,EXP,ISCED11_1T8,_T,INST_EDU_PUB,CUR_LC,Q,USD_PPP,NATURE,2017,26026.2035603905,A,6,0,2020,X7
OECD.EDU.IMEP:DSD_EAG_UOE_FIN@DF_UOE_FIN_NATURE_STAFF(3.1),OECD,EXP,ISCED11_1T8,_T,INST_EDU_PUB,CUR_LC,Q,USD_PPP,NATURE,2018,26878.738272261,A,6,0,2020,X7
OECD.EDU.IMEP:DSD_EAG_UOE_FIN@DF_UOE_FIN_NATURE_STAFF(3.1),OECD,EXP,ISCED11_1T8,_T,INST_EDU_PUB,CUR_LC,Q,USD_PPP,NATURE,2019,27437.2280776208,A,6,0,2020,X7
OECD.EDU.IMEP:DSD_EAG_UOE_FIN@DF_UOE_FIN_NATURE_STAFF(3.1),OECD,EXP,ISCED11_1T8,_T,INST_EDU_PUB,CUR_LC,Q,USD_PPP,NATURE,2020,26551.0958068913,A,6,0,2020,X7
OECD.EDU.IMEP:DSD_EAG_UOE_FIN@DF_UOE_FIN_NATURE_STAFF(3.1),OECD,EXP,ISCED11_1T8,_T,INST_EDU_PUB,CUR_LC,Q,USD_PPP,NATURE,2021,28979.1889097002,A,6,0,2020,X7
OECD.EDU.IMEP:DSD_EAG_UOE_FIN@DF_UOE_FIN_NATURE_STAFF(3.1),OECD,EXP,ISCED11_1T8,_T,INST_EDU_PUB,CUR_LC,Q,USD_PPP,NATURE,2022,25431.8165924594,A,6,0,2020,X7
OECD.EDU.IMEP:DSD_EAG_UOE_FIN@DF_UOE_FIN_NATURE_STAFF(3.1),OECD,EXP,ISCED11_1T8,_T,INST_EDU_PUB,CUR_NLC,Q,USD_PPP,NATURE,2017,1503.10489556553,A,6,0,2020,X9
OECD.EDU.IMEP:DSD_EAG_UOE_FIN@DF_UOE_FIN_NATURE_STAFF(3.1),OECD,EXP,ISCED11_1T8,_T,INST_EDU_PUB,CUR_NLC,Q,USD_PPP,NATURE,2022,1625.52446836286,A,6,0,2020,X9
OECD.EDU.IMEP:DSD_EAG_UOE_FIN@DF_UOE_FIN_NATURE_STAFF(3.1),OECD,EXP,ISCED11_1T8,_T,INST_EDU_PUB,CUR_RET,Q,USD_PPP,NATURE,2015,3708.51859565182,A,6,0,2020,X8
OECD.EDU.IMEP:DSD_EAG_UOE_FIN@DF_UOE_FIN_NATURE_STAFF(3.1),OECD,EXP,ISCED11_1T8,_T,INST_EDU_PUB,CUR_RET,Q,USD_PPP,NATURE,2016,3887.83256780335,A,6,0,2020,X8
OECD.EDU.IMEP:DSD_EAG_UOE_FIN@DF_UOE_FIN_NATURE_STAFF(3.1),OECD,EXP,ISCED11_1T8,_T,INST_EDU_PUB,CUR_RET,Q,USD_PPP,NATURE,2017,4162.16701983672,A,6,0,2020,X8
OECD.EDU.IMEP:DSD_EAG_UOE_FIN@DF_UOE_FIN_NATURE_STAFF(3.1),OECD,EXP,ISCED11_1T8,_T,INST_EDU_PUB,CUR_RET,Q,USD_PPP,NATURE,2018,3770.58503314351,A,6,0,2020,X8
OECD.EDU.IMEP:DSD_EAG_UOE_FIN@DF_UOE_FIN_NATURE_STAFF(3.1),OECD,EXP,ISCED11_1T8,_T,INST_EDU_PUB,CUR_RET,Q,USD_PPP,NATURE,2019,4020.9356937411,A,6,0,2020,X8
OECD.EDU.IMEP:DSD_EAG_UOE_FIN@DF_UOE_FIN_NATURE_STAFF(3.1),OECD,EXP,ISCED11_1T8,_T,INST_EDU_PUB,CUR_RET,Q,USD_PPP,NATURE,2020,3966.99200410857,A,6,0,2020,X8
OECD.EDU.IMEP:DSD_EAG_UOE_FIN@DF_UOE_FIN_NATURE_STAFF(3.1),OECD,EXP,ISCED11_1T8,_T,INST_EDU_PUB,CUR_RET,Q,USD_PPP,NATURE,2021,4284.99520907824,A,6,0,2020,X8
OECD.EDU.IMEP:DSD_EAG_UOE_FIN@DF_UOE_FIN_NATURE_STAFF(3.1),OECD,EXP,ISCED11_1T8,_T,INST_EDU_PUB,CUR_RET,Q,USD_PPP,NATURE,2022,3866.70372599165,A,6,0,2020,X8
OECD.EDU.IMEP:DSD_EAG_UOE_FIN@DF_UOE_FIN_NATURE_STAFF(3.1),EU25,EXP,ISCED11_1T8,_T,INST_EDU_PUB,CUR_NLC,Q,USD_PPP,NATURE,2015,476.566142354641,A,6,0,2020,X9
OECD.EDU.IMEP:DSD_EAG_UOE_FIN@DF_UOE_FIN_NATURE_STAFF(3.1),EU25,EXP,ISCED11_1T8,_T,INST_EDU_PUB,CUR_NLC,Q,USD_PPP,NATURE,2016,501.789240869102,A,6,0,2020,X9
OECD.EDU.IMEP:DSD_EAG_UOE_FIN@DF_UOE_FIN_NATURE_STAFF(3.1),EU25,EXP,ISCED11_1T8,_T,INST_EDU_PUB,CUR_NLC,Q,USD_PPP,NATURE,2017,610.004782034004,A,6,0,2020,X9
OECD.EDU.IMEP:DSD_EAG_UOE_FIN@DF_UOE_FIN_NATURE_STAFF(3.1),EU25,EXP,ISCED11_1T8,_T,INST_EDU_PUB,CUR_NLC,Q,USD_PPP,NATURE,2018,628.125036520268,A,6,0,2020,X9
OECD.EDU.IMEP:DSD_EAG_UOE_FIN@DF_UOE_FIN_NATURE_STAFF(3.1),EU25,EXP,ISCED11_1T8,_T,INST_EDU_PUB,CUR_NLC,Q,USD_PPP,NATURE,2019,569.288834611277,A,6,0,2020,X9
OECD.EDU.IMEP:DSD_EAG_UOE_FIN@DF_UOE_FIN_NATURE_STAFF(3.1),EU25,EXP,ISCED11_1T8,_T,INST_EDU_PUB,CUR_NLC,Q,USD_PPP,NATURE,2020,583.300169801151,A,6,0,2020,X9
OECD.EDU.IMEP:DSD_EAG_UOE_FIN@DF_UOE_FIN_NATURE_STAFF(3.1),EU25,EXP,ISCED11_1T8,_T,INST_EDU_PUB,CUR_NLC,Q,USD_PPP,NATURE,2021,604.400591200497,A,6,0,2020,X9
OECD.EDU.IMEP:DSD_EAG_UOE_FIN@DF_UOE_FIN_NATURE_STAFF(3.1),EU25,EXP,ISCED11_1T8,_T,INST_EDU_PUB,CUR_NLC,Q,USD_PPP,NATURE,2022,594.652419213764,A,6,0,2020,X9
OECD.EDU.IMEP:DSD_EAG_UOE_FIN@DF_UOE_FIN_NATURE_STAFF(3.1),EU25,EXP,ISCED11_1T8,_T,INST_EDU_PUB,CUR_LC,Q,USD_PPP,NATURE,2015,5704.83335385671,A,6,0,2020,X7
OECD.EDU.IMEP:DSD_EAG_UOE_FIN@DF_UOE_FIN_NATURE_STAFF(3.1),EU25,EXP,ISCED11_1T8,_T,INST_EDU_PUB,CUR_LC,Q,USD_PPP,NATURE,2016,5800.01153143573,A,6,0,2020,X7
OECD.EDU.IMEP:DSD_EAG_UOE_FIN@DF_UOE_FIN_NATURE_STAFF(3.1),EU25,EXP,ISCED11_1T8,_T,INST_EDU_PUB,CUR_LC,Q,USD_PPP,NATURE,2017,8988.04181052034,A,6,0,2020,X7
OECD.EDU.IMEP:DSD_EAG_UOE_FIN@DF_UOE_FIN_NATURE_STAFF(3.1),EU25,EXP,ISCED11_1T8,_T,INST_EDU_PUB,CUR_LC,Q,USD_PPP,NATURE,2018,10511.4267022407,A,6,0,2020,X7
OECD.EDU.IMEP:DSD_EAG_UOE_FIN@DF_UOE_FIN_NATURE_STAFF(3.1),EU25,EXP,ISCED11_1T8,_T,INST_EDU_PUB,CUR_LC,Q,USD_PPP,NATURE,2019,10513.9595548412,A,6,0,2020,X7
OECD.EDU.IMEP:DSD_EAG_UOE_FIN@DF_UOE_FIN_NATURE_STAFF(3.1),EU25,EXP,ISCED11_1T8,_T,INST_EDU_PUB,CUR_LC,Q,USD_PPP,NATURE,2020,10071.144622113,A,6,0,2020,X7
OECD.EDU.IMEP:DSD_EAG_UOE_FIN@DF_UOE_FIN_NATURE_STAFF(3.1),EU25,EXP,ISCED11_1T8,_T,INST_EDU_PUB,CUR_LC,Q,USD_PPP,NATURE,2021,17618.5453643692,A,6,0,2020,X7
OECD.EDU.IMEP:DSD_EAG_UOE_FIN@DF_UOE_FIN_NATURE_STAFF(3.1),EU25,EXP,ISCED11_1T8,_T,INST_EDU_PUB,CUR_LC,Q,USD_PPP,NATURE,2022,15850.2590454098,A,6,0,2020,X7
OECD.EDU.IMEP:DSD_EAG_UOE_FIN@DF_UOE_FIN_NATURE_STAFF(3.1),EU25,EXP,ISCED11_1T8,_T,INST_EDU_PUB,CUR_RET,Q,USD_PPP,NATURE,2015,1791.33189938688,A,6,0,2020,X8
OECD.EDU.IMEP:DSD_EAG_UOE_FIN@DF_UOE_FIN_NATURE_STAFF(3.1),EU25,EXP,ISCED11_1T8,_T,INST_EDU_PUB,CUR_RET,Q,USD_PPP,NATURE,2016,1888.24800363747,A,6,0,2020,X8
OECD.EDU.IMEP:DSD_EAG_UOE_FIN@DF_UOE_FIN_NATURE_STAFF(3.1),EU25,EXP,ISCED11_1T8,_T,INST_EDU_PUB,CUR_RET,Q,USD_PPP,NATURE,2017,2562.93277518643,A,6,0,2020,X8
OECD.EDU.IMEP:DSD_EAG_UOE_FIN@DF_UOE_FIN_NATURE_STAFF(3.1),EU25,EXP,ISCED11_1T8,_T,INST_EDU_PUB,CUR_RET,Q,USD_PPP,NATURE,2018,1957.87491057239,A,6,0,2020,X8
OECD.EDU.IMEP:DSD_EAG_UOE_FIN@DF_UOE_FIN_NATURE_STAFF(3.1),EU25,EXP,ISCED11_1T8,_T,INST_EDU_PUB,CUR_RET,Q,USD_PPP,NATURE,2019,2113.31271725163,A,6,0,2020,X8
OECD.EDU.IMEP:DSD_EAG_UOE_FIN@DF_UOE_FIN_NATURE_STAFF(3.1),EU25,EXP,ISCED11_1T8,_T,INST_EDU_PUB,CUR_RET,Q,USD_PPP,NATURE,2020,2139.89435774626,A,6,0,2020,X8
OECD.EDU.IMEP:DSD_EAG_UOE_FIN@DF_UOE_FIN_NATURE_STAFF(3.1),EU25,EXP,ISCED11_1T8,_T,INST_EDU_PUB,CUR_RET,Q,USD_PPP,NATURE,2021,2261.67390049032,A,6,0,2020,X8
OECD.EDU.IMEP:DSD_EAG_UOE_FIN@DF_UOE_FIN_NATURE_STAFF(3.1),EU25,EXP,ISCED11_1T8,_T,INST_EDU_PUB,CUR_RET,Q,USD_PPP,NATURE,2022,2134.40322248343,A,6,0,2020,X8
OECD.EDU.IMEP:DSD_EAG_UOE_FIN@DF_UOE_FIN_NATURE_STAFF(3.1),CHE,EXP,ISCED11_1T8,_T,INST_EDU_PUB,CUR_LC,Q,USD_PPP,NATURE,2015,18030.1102602168,A,6,0,2020,X7
OECD.EDU.IMEP:DSD_EAG_UOE_FIN@DF_UOE_FIN_NATURE_STAFF(3.1),CHE,EXP,ISCED11_1T8,_T,INST_EDU_PUB,CUR_NLC,Q,USD_PPP,NATURE,2015,0.0,A,6,0,2020,X9
OECD.EDU.IMEP:DSD_EAG_UOE_FIN@DF_UOE_FIN_NATURE_STAFF(3.1),CHE,EXP,ISCED11_1T8,_T,INST_EDU_PUB,CUR_RET,Q,USD_PPP,NATURE,2015,0.0,A,6,0,2020,X8
OECD.EDU.IMEP:DSD_EAG_UOE_FIN@DF_UOE_FIN_NATURE_STAFF(3.1),TUR,EXP,ISCED11_1T8,_T,INST_EDU_PUB,CUR_RET,Q,USD_PPP,NATURE,2015,4335.45817175776,A,6,0,2020,X8
OECD.EDU.IMEP:DSD_EAG_UOE_FIN@DF_UOE_FIN_NATURE_STAFF(3.1),TUR,EXP,ISCED11_1T8,_T,INST_EDU_PUB,CUR_RET,Q,USD_PPP,NATURE,2016,4730.44011577114,A,6,0,2020,X8
OECD.EDU.IMEP:DSD_EAG_UOE_FIN@DF_UOE_FIN_NATURE_STAFF(3.1),TUR,EXP,ISCED11_1T8,_T,INST_EDU_PUB,CUR_RET,Q,USD_PPP,NATURE,2017,4817.70953286257,A,6,0,2020,X8
OECD.EDU.IMEP:DSD_EAG_UOE_FIN@DF_UOE_FIN_NATURE_STAFF(3.1),TUR,EXP,ISCED11_1T8,_T,INST_EDU_PUB,CUR_RET,Q,USD_PPP,NATURE,2018,5121.99221449009,A,6,0,2020,X8
OECD.EDU.IMEP:DSD_EAG_UOE_FIN@DF_UOE_FIN_NATURE_STAFF(3.1),TUR,EXP,ISCED11_1T8,_T,INST_EDU_PUB,CUR_RET,Q,USD_PPP,NATURE,2019,5407.34895166745,A,6,0,2020,X8
OECD.EDU.IMEP:DSD_EAG_UOE_FIN@DF_UOE_FIN_NATURE_STAFF(3.1),TUR,EXP,ISCED11_1T8,_T,INST_EDU_PUB,CUR_RET,Q,USD_PPP,NATURE,2020,5324.48754328933,A,6,0,2020,X8
OECD.EDU.IMEP:DSD_EAG_UOE_FIN@DF_UOE_FIN_NATURE_STAFF(3.1),TUR,EXP,ISCED11_1T8,_T,INST_EDU_PUB,CUR_RET,Q,USD_PPP,NATURE,2021,6852.37228966886,A,6,0,2020,X8
OECD.EDU.IMEP:DSD_EAG_UOE_FIN@DF_UOE_FIN_NATURE_STAFF(3.1),TUR,EXP,ISCED11_1T8,_T,INST_EDU_PUB,CUR_RET,Q,USD_PPP,NATURE,2022,4607.86540640966,A,6,0,2020,X8
OECD.EDU.IMEP:DSD_EAG_UOE_FIN@DF_UOE_FIN_NATURE_STAFF(3.1),TUR,EXP,ISCED11_1T8,_T,INST_EDU_PUB,CUR_NLC,Q,USD_PPP,NATURE,2015,3010.50982061403,A,6,0,2020,X9
OECD.EDU.IMEP:DSD_EAG_UOE_FIN@DF_UOE_FIN_NATURE_STAFF(3.1),TUR,EXP,ISCED11_1T8,_T,INST_EDU_PUB,CUR_NLC,Q,USD_PPP,NATURE,2016,3387.68191206911,A,6,0,2020,X9
OECD.EDU.IMEP:DSD_EAG_UOE_FIN@DF_UOE_FIN_NATURE_STAFF(3.1),TUR,EXP,ISCED11_1T8,_T,INST_EDU_PUB,CUR_NLC,Q,USD_PPP,NATURE,2017,3381.86687788701,A,6,0,2020,X9
OECD.EDU.IMEP:DSD_EAG_UOE_FIN@DF_UOE_FIN_NATURE_STAFF(3.1),TUR,EXP,ISCED11_1T8,_T,INST_EDU_PUB,CUR_NLC,Q,USD_PPP,NATURE,2018,3544.02146264665,A,6,0,2020,X9
OECD.EDU.IMEP:DSD_EAG_UOE_FIN@DF_UOE_FIN_NATURE_STAFF(3.1),TUR,EXP,ISCED11_1T8,_T,INST_EDU_PUB,CUR_NLC,Q,USD_PPP,NATURE,2019,3855.47137891334,A,6,0,2020,X9
OECD.EDU.IMEP:DSD_EAG_UOE_FIN@DF_UOE_FIN_NATURE_STAFF(3.1),TUR,EXP,ISCED11_1T8,_T,INST_EDU_PUB,CUR_NLC,Q,USD_PPP,NATURE,2020,3739.0189348889,A,6,0,2020,X9
OECD.EDU.IMEP:DSD_EAG_UOE_FIN@DF_UOE_FIN_NATURE_STAFF(3.1),TUR,EXP,ISCED11_1T8,_T,INST_EDU_PUB,CUR_NLC,Q,USD_PPP,NATURE,2021,4365.4962082118,A,6,0,2020,X9
OECD.EDU.IMEP:DSD_EAG_UOE_FIN@DF_UOE_FIN_NATURE_STAFF(3.1),TUR,EXP,ISCED11_1T8,_T,INST_EDU_PUB,CUR_NLC,Q,USD_PPP,NATURE,2022,3127.20481603607,A,6,0,2020,X9
OECD.EDU.IMEP:DSD_EAG_UOE_FIN@DF_UOE_FIN_NATURE_STAFF(3.1),TUR,EXP,ISCED11_1T8,_T,INST_EDU_PUB,CUR_LC,Q,USD_PPP,NATURE,2015,47584.3034361592,A,6,0,2020,X7
OECD.EDU.IMEP:DSD_EAG_UOE_FIN@DF_UOE_FIN_NATURE_STAFF(3.1),TUR,EXP,ISCED11_1T8,_T,INST_EDU_PUB,CUR_LC,Q,USD_PPP,NATURE,2016,53397.7847131752,A,6,0,2020,X7
OECD.EDU.IMEP:DSD_EAG_UOE_FIN@DF_UOE_FIN_NATURE_STAFF(3.1),TUR,EXP,ISCED11_1T8,_T,INST_EDU_PUB,CUR_LC,Q,USD_PPP,NATURE,2017,53175.6139535104,A,6,0,2020,X7
OECD.EDU.IMEP:DSD_EAG_UOE_FIN@DF_UOE_FIN_NATURE_STAFF(3.1),TUR,EXP,ISCED11_1T8,_T,INST_EDU_PUB,CUR_LC,Q,USD_PPP,NATURE,2018,55394.8423644828,A,6,0,2020,X7
OECD.EDU.IMEP:DSD_EAG_UOE_FIN@DF_UOE_FIN_NATURE_STAFF(3.1),TUR,EXP,ISCED11_1T8,_T,INST_EDU_PUB,CUR_LC,Q,USD_PPP,NATURE,2019,59595.9039936344,A,6,0,2020,X7
OECD.EDU.IMEP:DSD_EAG_UOE_FIN@DF_UOE_FIN_NATURE_STAFF(3.1),TUR,EXP,ISCED11_1T8,_T,INST_EDU_PUB,CUR_LC,Q,USD_PPP,NATURE,2020,59219.644034929,A,6,0,2020,X7
OECD.EDU.IMEP:DSD_EAG_UOE_FIN@DF_UOE_FIN_NATURE_STAFF(3.1),TUR,EXP,ISCED11_1T8,_T,INST_EDU_PUB,CUR_LC,Q,USD_PPP,NATURE,2021,56021.4938688445,A,6,0,2020,X7
OECD.EDU.IMEP:DSD_EAG_UOE_FIN@DF_UOE_FIN_NATURE_STAFF(3.1),TUR,EXP,ISCED11_1T8,_T,INST_EDU_PUB,CUR_LC,Q,USD_PPP,NATURE,2022,48313.6199526235,A,6,0,2020,X7
OECD.EDU.IMEP:DSD_EAG_UOE_FIN@DF_UOE_FIN_NATURE_STAFF(3.1),USA,EXP,ISCED11_1T8,_T,INST_EDU_PUB,CUR_LC,Q,USD_PPP,NATURE,2016,141897.337392915,A,6,0,2020,X7
OECD.EDU.IMEP:DSD_EAG_UOE_FIN@DF_UOE_FIN_NATURE_STAFF(3.1),USA,EXP,ISCED11_1T8,_T,INST_EDU_PUB,CUR_LC,Q,USD_PPP,NATURE,2017,144900.514679446,A,6,0,2020,X7
OECD.EDU.IMEP:DSD_EAG_UOE_FIN@DF_UOE_FIN_NATURE_STAFF(3.1),USA,EXP,ISCED11_1T8,_T,INST_EDU_PUB,CUR_LC,Q,USD_PPP,NATURE,2018,145687.700537602,A,6,0,2020,X7
OECD.EDU.IMEP:DSD_EAG_UOE_FIN@DF_UOE_FIN_NATURE_STAFF(3.1),USA,EXP,ISCED11_1T8,_T,INST_EDU_PUB,CUR_LC,Q,USD_PPP,NATURE,2019,147995.937605515,A,6,0,2020,X7
OECD.EDU.IMEP:DSD_EAG_UOE_FIN@DF_UOE_FIN_NATURE_STAFF(3.1),USA,EXP,ISCED11_1T8,_T,INST_EDU_PUB,CUR_LC,Q,USD_PPP,NATURE,2020,151515.34,A,6,0,2020,X7
OECD.EDU.IMEP:DSD_EAG_UOE_FIN@DF_UOE_FIN_NATURE_STAFF(3.1),GBR,EXP,ISCED11_1T8,_T,INST_EDU_PUB,CUR_NLC,Q,USD_PPP,NATURE,2015,1158.48145887979,A,6,0,2020,X9
OECD.EDU.IMEP:DSD_EAG_UOE_FIN@DF_UOE_FIN_NATURE_STAFF(3.1),GBR,EXP,ISCED11_1T8,_T,INST_EDU_PUB,CUR_NLC,Q,USD_PPP,NATURE,2016,1255.08334894077,A,6,0,2020,X9
OECD.EDU.IMEP:DSD_EAG_UOE_FIN@DF_UOE_FIN_NATURE_STAFF(3.1),GBR,EXP,ISCED11_1T8,_T,INST_EDU_PUB,CUR_NLC,Q,USD_PPP,NATURE,2017,1299.67941599321,A,6,0,2020,X9
OECD.EDU.IMEP:DSD_EAG_UOE_FIN@DF_UOE_FIN_NATURE_STAFF(3.1),GBR,EXP,ISCED11_1T8,_T,INST_EDU_PUB,CUR_NLC,Q,USD_PPP,NATURE,2018,1156.05781924516,A,6,0,2020,X9
OECD.EDU.IMEP:DSD_EAG_UOE_FIN@DF_UOE_FIN_NATURE_STAFF(3.1),GBR,EXP,ISCED11_1T8,_T,INST_EDU_PUB,CUR_NLC,Q,USD_PPP,NATURE,2019,1081.31289800271,A,6,0,2020,X9
OECD.EDU.IMEP:DSD_EAG_UOE_FIN@DF_UOE_FIN_NATURE_STAFF(3.1),GBR,EXP,ISCED11_1T8,_T,INST_EDU_PUB,CUR_NLC,Q,USD_PPP,NATURE,2020,800.025694260205,A,6,0,2020,X9
OECD.EDU.IMEP:DSD_EAG_UOE_FIN@DF_UOE_FIN_NATURE_STAFF(3.1),GBR,EXP,ISCED11_1T8,_T,INST_EDU_PUB,CUR_NLC,Q,USD_PPP,NATURE,2021,869.735759601027,A,6,0,2020,X9
OECD.EDU.IMEP:DSD_EAG_UOE_FIN@DF_UOE_FIN_NATURE_STAFF(3.1),GBR,EXP,ISCED11_1T8,_T,INST_EDU_PUB,CUR_NLC,Q,USD_PPP,NATURE,2022,850.931465601587,A,6,0,2020,X9
OECD.EDU.IMEP:DSD_EAG_UOE_FIN@DF_UOE_FIN_NATURE_STAFF(3.1),GBR,EXP,ISCED11_1T8,_T,INST_EDU_PUB,CUR_LC,Q,USD_PPP,NATURE,2015,44360.984594445,A,6,0,2020,X7
OECD.EDU.IMEP:DSD_EAG_UOE_FIN@DF_UOE_FIN_NATURE_STAFF(3.1),GBR,EXP,ISCED11_1T8,_T,INST_EDU_PUB,CUR_LC,Q,USD_PPP,NATURE,2016,35863.0880803663,A,6,0,2020,X7
OECD.EDU.IMEP:DSD_EAG_UOE_FIN@DF_UOE_FIN_NATURE_STAFF(3.1),GBR,EXP,ISCED11_1T8,_T,INST_EDU_PUB,CUR_LC,Q,USD_PPP,NATURE,2017,34065.5620104711,A,6,0,2020,X7
OECD.EDU.IMEP:DSD_EAG_UOE_FIN@DF_UOE_FIN_NATURE_STAFF(3.1),GBR,EXP,ISCED11_1T8,_T,INST_EDU_PUB,CUR_LC,Q,USD_PPP,NATURE,2018,31799.2755834769,A,6,0,2020,X7
OECD.EDU.IMEP:DSD_EAG_UOE_FIN@DF_UOE_FIN_NATURE_STAFF(3.1),GBR,EXP,ISCED11_1T8,_T,INST_EDU_PUB,CUR_LC,Q,USD_PPP,NATURE,2019,30741.0183825156,A,6,0,2020,X7
OECD.EDU.IMEP:DSD_EAG_UOE_FIN@DF_UOE_FIN_NATURE_STAFF(3.1),GBR,EXP,ISCED11_1T8,_T,INST_EDU_PUB,CUR_LC,Q,USD_PPP,NATURE,2020,30871.1150548211,A,6,0,2020,X7
OECD.EDU.IMEP:DSD_EAG_UOE_FIN@DF_UOE_FIN_NATURE_STAFF(3.1),GBR,EXP,ISCED11_1T8,_T,INST_EDU_PUB,CUR_LC,Q,USD_PPP,NATURE,2021,31231.8255900107,A,6,0,2020,X7
OECD.EDU.IMEP:DSD_EAG_UOE_FIN@DF_UOE_FIN_NATURE_STAFF(3.1),GBR,EXP,ISCED11_1T8,_T,INST_EDU_PUB,CUR_LC,Q,USD_PPP,NATURE,2022,29632.4331005211,A,6,0,2020,X7
OECD.EDU.IMEP:DSD_EAG_UOE_FIN@DF_UOE_FIN_NATURE_STAFF(3.1),GBR,EXP,ISCED11_1T8,_T,INST_EDU_PUB,CUR_RET,Q,USD_PPP,NATURE,2015,15982.3537446173,A,6,0,2020,X8
OECD.EDU.IMEP:DSD_EAG_UOE_FIN@DF_UOE_FIN_NATURE_STAFF(3.1),GBR,EXP,ISCED11_1T8,_T,INST_EDU_PUB,CUR_RET,Q,USD_PPP,NATURE,2016,16145.2079222362,A,6,0,2020,X8
OECD.EDU.IMEP:DSD_EAG_UOE_FIN@DF_UOE_FIN_NATURE_STAFF(3.1),GBR,EXP,ISCED11_1T8,_T,INST_EDU_PUB,CUR_RET,Q,USD_PPP,NATURE,2017,15901.440099714,A,6,0,2020,X8
OECD.EDU.IMEP:DSD_EAG_UOE_FIN@DF_UOE_FIN_NATURE_STAFF(3.1),GBR,EXP,ISCED11_1T8,_T,INST_EDU_PUB,CUR_RET,Q,USD_PPP,NATURE,2018,12620.8607846922,A,6,0,2020,X8
OECD.EDU.IMEP:DSD_EAG_UOE_FIN@DF_UOE_FIN_NATURE_STAFF(3.1),GBR,EXP,ISCED11_1T8,_T,INST_EDU_PUB,CUR_RET,Q,USD_PPP,NATURE,2019,13960.0911906235,A,6,0,2020,X8
OECD.EDU.IMEP:DSD_EAG_UOE_FIN@DF_UOE_FIN_NATURE_STAFF(3.1),GBR,EXP,ISCED11_1T8,_T,INST_EDU_PUB,CUR_RET,Q,USD_PPP,NATURE,2020,13943.2637016934,A,6,0,2020,X8
OECD.EDU.IMEP:DSD_EAG_UOE_FIN@DF_UOE_FIN_NATURE_STAFF(3.1),GBR,EXP,ISCED11_1T8,_T,INST_EDU_PUB,CUR_RET,Q,USD_PPP,NATURE,2021,13676.2009197393,A,6,0,2020,X8
OECD.EDU.IMEP:DSD_EAG_UOE_FIN@DF_UOE_FIN_NATURE_STAFF(3.1),GBR,EXP,ISCED11_1T8,_T,INST_EDU_PUB,CUR_RET,Q,USD_PPP,NATURE,2022,15005.9224709657,A,6,0,2020,X8
OECD.EDU.IMEP:DSD_EAG_UOE_FIN@DF_UOE_FIN_NATURE_STAFF(3.1),GBR,EXP,ISCED11_1T8,_T,INST_EDU_PRIV_GOV,CUR_RET,Q,USD_PPP,NATURE,2015,18664.4738273377,A,6,0,2020,Y8
OECD.EDU.IMEP:DSD_EAG_UOE_FIN@DF_UOE_FIN_NATURE_STAFF(3.1),GBR,EXP,ISCED11_1T8,_T,INST_EDU_PRIV_GOV,CUR_RET,Q,USD_PPP,NATURE,2016,24413.2347834751,A,6,0,2020,Y8
OECD.EDU.IMEP:DSD_EAG_UOE_FIN@DF_UOE_FIN_NATURE_STAFF(3.1),GBR,EXP,ISCED11_1T8,_T,INST_EDU_PRIV_GOV,CUR_RET,Q,USD_PPP,NATURE,2017,20029.6780595327,A,6,0,2020,Y8
OECD.EDU.IMEP:DSD_EAG_UOE_FIN@DF_UOE_FIN_NATURE_STAFF(3.1),GBR,EXP,ISCED11_1T8,_T,INST_EDU_PRIV_GOV,CUR_RET,Q,USD_PPP,NATURE,2018,30416.8234978183,A,6,0,2020,Y8
OECD.EDU.IMEP:DSD_EAG_UOE_FIN@DF_UOE_FIN_NATURE_STAFF(3.1),GBR,EXP,ISCED11_1T8,_T,INST_EDU_PRIV_GOV,CUR_RET,Q,USD_PPP,NATURE,2019,20739.6966370751,A,6,0,2020,Y8
OECD.EDU.IMEP:DSD_EAG_UOE_FIN@DF_UOE_FIN_NATURE_STAFF(3.1),GBR,EXP,ISCED11_1T8,_T,INST_EDU_PRIV_GOV,CUR_RET,Q,USD_PPP,NATURE,2020,27472.870087602,A,6,0,2020,Y8
OECD.EDU.IMEP:DSD_EAG_UOE_FIN@DF_UOE_FIN_NATURE_STAFF(3.1),GBR,EXP,ISCED11_1T8,_T,INST_EDU_PRIV_GOV,CUR_RET,Q,USD_PPP,NATURE,2021,38333.0835788366,A,6,0,2020,Y8
OECD.EDU.IMEP:DSD_EAG_UOE_FIN@DF_UOE_FIN_NATURE_STAFF(3.1),GBR,EXP,ISCED11_1T8,_T,INST_EDU_PRIV_GOV,CUR_RET,Q,USD_PPP,NATURE,2022,27655.984300712,A,6,0,2020,Y8
OECD.EDU.IMEP:DSD_EAG_UOE_FIN@DF_UOE_FIN_NATURE_STAFF(3.1),GBR,EXP,ISCED11_1T8,_T,INST_EDU_PRIV_GOV,CUR_NLC,Q,USD_PPP,NATURE,2015,1056.07533950748,A,6,0,2020,Y9
OECD.EDU.IMEP:DSD_EAG_UOE_FIN@DF_UOE_FIN_NATURE_STAFF(3.1),GBR,EXP,ISCED11_1T8,_T,INST_EDU_PRIV_GOV,CUR_NLC,Q,USD_PPP,NATURE,2016,1051.90788956275,A,6,0,2020,Y9
OECD.EDU.IMEP:DSD_EAG_UOE_FIN@DF_UOE_FIN_NATURE_STAFF(3.1),GBR,EXP,ISCED11_1T8,_T,INST_EDU_PRIV_GOV,CUR_NLC,Q,USD_PPP,NATURE,2017,743.130499906587,A,6,0,2020,Y9
OECD.EDU.IMEP:DSD_EAG_UOE_FIN@DF_UOE_FIN_NATURE_STAFF(3.1),GBR,EXP,ISCED11_1T8,_T,INST_EDU_PRIV_GOV,CUR_NLC,Q,USD_PPP,NATURE,2018,960.659674759169,A,6,0,2020,Y9
OECD.EDU.IMEP:DSD_EAG_UOE_FIN@DF_UOE_FIN_NATURE_STAFF(3.1),GBR,EXP,ISCED11_1T8,_T,INST_EDU_PRIV_GOV,CUR_NLC,Q,USD_PPP,NATURE,2019,764.492225119549,A,6,0,2020,Y9
OECD.EDU.IMEP:DSD_EAG_UOE_FIN@DF_UOE_FIN_NATURE_STAFF(3.1),GBR,EXP,ISCED11_1T8,_T,INST_EDU_PRIV_GOV,CUR_NLC,Q,USD_PPP,NATURE,2020,776.943794902359,A,6,0,2020,Y9
OECD.EDU.IMEP:DSD_EAG_UOE_FIN@DF_UOE_FIN_NATURE_STAFF(3.1),GBR,EXP,ISCED11_1T8,_T,INST_EDU_PRIV_GOV,CUR_NLC,Q,USD_PPP,NATURE,2021,835.223071362346,A,6,0,2020,Y9
OECD.EDU.IMEP:DSD_EAG_UOE_FIN@DF_UOE_FIN_NATURE_STAFF(3.1),GBR,EXP,ISCED11_1T8,_T,INST_EDU_PRIV_GOV,CUR_NLC,Q,USD_PPP,NATURE,2022,927.414734694776,A,6,0,2020,Y9
OECD.EDU.IMEP:DSD_EAG_UOE_FIN@DF_UOE_FIN_NATURE_STAFF(3.1),GBR,EXP,ISCED11_1T8,_T,INST_EDU_PRIV_GOV,CUR_LC,Q,USD_PPP,NATURE,2015,51992.37318688,A,6,0,2020,Y7
OECD.EDU.IMEP:DSD_EAG_UOE_FIN@DF_UOE_FIN_NATURE_STAFF(3.1),GBR,EXP,ISCED11_1T8,_T,INST_EDU_PRIV_GOV,CUR_LC,Q,USD_PPP,NATURE,2016,57360.0584180681,A,6,0,2020,Y7
OECD.EDU.IMEP:DSD_EAG_UOE_FIN@DF_UOE_FIN_NATURE_STAFF(3.1),GBR,EXP,ISCED11_1T8,_T,INST_EDU_PRIV_GOV,CUR_LC,Q,USD_PPP,NATURE,2017,60789.3143851305,A,6,0,2020,Y7
OECD.EDU.IMEP:DSD_EAG_UOE_FIN@DF_UOE_FIN_NATURE_STAFF(3.1),GBR,EXP,ISCED11_1T8,_T,INST_EDU_PRIV_GOV,CUR_LC,Q,USD_PPP,NATURE,2018,57382.9440710856,A,6,0,2020,Y7
OECD.EDU.IMEP:DSD_EAG_UOE_FIN@DF_UOE_FIN_NATURE_STAFF(3.1),GBR,EXP,ISCED11_1T8,_T,INST_EDU_PRIV_GOV,CUR_LC,Q,USD_PPP,NATURE,2019,60517.7985183751,A,6,0,2020,Y7
OECD.EDU.IMEP:DSD_EAG_UOE_FIN@DF_UOE_FIN_NATURE_STAFF(3.1),GBR,EXP,ISCED11_1T8,_T,INST_EDU_PRIV_GOV,CUR_LC,Q,USD_PPP,NATURE,2020,60052.6307826077,A,6,0,2020,Y7
OECD.EDU.IMEP:DSD_EAG_UOE_FIN@DF_UOE_FIN_NATURE_STAFF(3.1),GBR,EXP,ISCED11_1T8,_T,INST_EDU_PRIV_GOV,CUR_LC,Q,USD_PPP,NATURE,2021,62957.565349459,A,6,0,2020,Y7
OECD.EDU.IMEP:DSD_EAG_UOE_FIN@DF_UOE_FIN_NATURE_STAFF(3.1),GBR,EXP,ISCED11_1T8,_T,INST_EDU_PRIV_GOV,CUR_LC,Q,USD_PPP,NATURE,2022,63970.0856874483,A,6,0,2020,Y7
OECD.EDU.IMEP:DSD_EAG_UOE_FIN@DF_UOE_FIN_NATURE_STAFF(3.1),DNK,EXP,ISCED11_1T8,_T,INST_EDU_PUB,CUR_NLC,Q,USD_PPP,NATURE,2015,,O,6,0,2020,X9
OECD.EDU.IMEP:DSD_EAG_UOE_FIN@DF_UOE_FIN_NATURE_STAFF(3.1),FRA,EXP,ISCED11_1T8,_T,INST_EDU_PUB,CUR_NLC,Q,USD_PPP,NATURE,2015,,O,6,0,2020,X9
OECD.EDU.IMEP:DSD_EAG_UOE_FIN@DF_UOE_FIN_NATURE_STAFF(3.1),ISL,EXP,ISCED11_1T8,_T,INST_EDU_PUB,CUR_NLC,Q,USD_PPP,NATURE,2015,,O,6,0,2020,X9
OECD.EDU.IMEP:DSD_EAG_UOE_FIN@DF_UOE_FIN_NATURE_STAFF(3.1),CRI,EXP,ISCED11_1T8,_T,INST_EDU_PUB,CUR_NLC,Q,USD_PPP,NATURE,2015,,O,6,0,2020,X9
OECD.EDU.IMEP:DSD_EAG_UOE_FIN@DF_UOE_FIN_NATURE_STAFF(3.1),CRI,EXP,ISCED11_1T8,_T,INST_EDU_PUB,CUR_NLC,Q,USD_PPP,NATURE,2016,,O,6,0,2020,X9
OECD.EDU.IMEP:DSD_EAG_UOE_FIN@DF_UOE_FIN_NATURE_STAFF(3.1),CRI,EXP,ISCED11_1T8,_T,INST_EDU_PUB,CUR_NLC,Q,USD_PPP,NATURE,2017,,O,6,0,2020,X9
OECD.EDU.IMEP:DSD_EAG_UOE_FIN@DF_UOE_FIN_NATURE_STAFF(3.1),DNK,EXP,ISCED11_1T8,_T,INST_EDU_PUB,CUR_LC,Q,USD_PPP,NATURE,2015,,O,6,0,2020,X7
OECD.EDU.IMEP:DSD_EAG_UOE_FIN@DF_UOE_FIN_NATURE_STAFF(3.1),FRA,EXP,ISCED11_1T8,_T,INST_EDU_PUB,CUR_LC,Q,USD_PPP,NATURE,2015,,O,6,0,2020,X7
OECD.EDU.IMEP:DSD_EAG_UOE_FIN@DF_UOE_FIN_NATURE_STAFF(3.1),ISL,EXP,ISCED11_1T8,_T,INST_EDU_PUB,CUR_LC,Q,USD_PPP,NATURE,2015,,O,6,0,2020,X7
OECD.EDU.IMEP:DSD_EAG_UOE_FIN@DF_UOE_FIN_NATURE_STAFF(3.1),CRI,EXP,ISCED11_1T8,_T,INST_EDU_PUB,CUR_LC,Q,USD_PPP,NATURE,2015,,O,6,0,2020,X7
OECD.EDU.IMEP:DSD_EAG_UOE_FIN@DF_UOE_FIN_NATURE_STAFF(3.1),CRI,EXP,ISCED11_1T8,_T,INST_EDU_PUB,CUR_LC,Q,USD_PPP,NATURE,2016,,O,6,0,2020,X7
OECD.EDU.IMEP:DSD_EAG_UOE_FIN@DF_UOE_FIN_NATURE_STAFF(3.1),CRI,EXP,ISCED11_1T8,_T,INST_EDU_PUB,CUR_LC,Q,USD_PPP,NATURE,2017,,O,6,0,2020,X7
OECD.EDU.IMEP:DSD_EAG_UOE_FIN@DF_UOE_FIN_NATURE_STAFF(3.1),DNK,EXP,ISCED11_1T8,_T,INST_EDU_PUB,CUR_RET,Q,USD_PPP,NATURE,2015,,O,6,0,2020,X8
OECD.EDU.IMEP:DSD_EAG_UOE_FIN@DF_UOE_FIN_NATURE_STAFF(3.1),FRA,EXP,ISCED11_1T8,_T,INST_EDU_PUB,CUR_RET,Q,USD_PPP,NATURE,2015,,O,6,0,2020,X8
OECD.EDU.IMEP:DSD_EAG_UOE_FIN@DF_UOE_FIN_NATURE_STAFF(3.1),ISL,EXP,ISCED11_1T8,_T,INST_EDU_PUB,CUR_RET,Q,USD_PPP,NATURE,2015,,O,6,0,2020,X8
OECD.EDU.IMEP:DSD_EAG_UOE_FIN@DF_UOE_FIN_NATURE_STAFF(3.1),CRI,EXP,ISCED11_1T8,_T,INST_EDU_PUB,CUR_RET,Q,USD_PPP,NATURE,2015,,O,6,0,2020,X8
OECD.EDU.IMEP:DSD_EAG_UOE_FIN@DF_UOE_FIN_NATURE_STAFF(3.1),CRI,EXP,ISCED11_1T8,_T,INST_EDU_PUB,CUR_RET,Q,USD_PPP,NATURE,2016,,O,6,0,2020,X8
OECD.EDU.IMEP:DSD_EAG_UOE_FIN@DF_UOE_FIN_NATURE_STAFF(3.1),CRI,EXP,ISCED11_1T8,_T,INST_EDU_PUB,CUR_RET,Q,USD_PPP,NATURE,2017,,O,6,0,2020,X8
OECD.EDU.IMEP:DSD_EAG_UOE_FIN@DF_UOE_FIN_NATURE_STAFF(3.1),AUS,EXP,ISCED11_1T8,_T,INST_EDU_PRIV_GOV,CUR_LC,Q,USD_PPP,NATURE,2016,,O,6,0,2020,Y7
OECD.EDU.IMEP:DSD_EAG_UOE_FIN@DF_UOE_FIN_NATURE_STAFF(3.1),CRI,EXP,ISCED11_1T8,_T,INST_EDU_PRIV_GOV,CUR_LC,Q,USD_PPP,NATURE,2017,,O,6,0,2020,Y7
OECD.EDU.IMEP:DSD_EAG_UOE_FIN@DF_UOE_FIN_NATURE_STAFF(3.1),CRI,EXP,ISCED11_1T8,_T,INST_EDU_PRIV_GOV,CUR_LC,Q,USD_PPP,NATURE,2015,,O,6,0,2020,Y7
OECD.EDU.IMEP:DSD_EAG_UOE_FIN@DF_UOE_FIN_NATURE_STAFF(3.1),DNK,EXP,ISCED11_1T8,_T,INST_EDU_PRIV_GOV,CUR_LC,Q,USD_PPP,NATURE,2015,,O,6,0,2020,Y7
OECD.EDU.IMEP:DSD_EAG_UOE_FIN@DF_UOE_FIN_NATURE_STAFF(3.1),FRA,EXP,ISCED11_1T8,_T,INST_EDU_PRIV_GOV,CUR_LC,Q,USD_PPP,NATURE,2015,,O,6,0,2020,Y7
OECD.EDU.IMEP:DSD_EAG_UOE_FIN@DF_UOE_FIN_NATURE_STAFF(3.1),ISL,EXP,ISCED11_1T8,_T,INST_EDU_PRIV_GOV,CUR_LC,Q,USD_PPP,NATURE,2015,,O,6,0,2020,Y7
OECD.EDU.IMEP:DSD_EAG_UOE_FIN@DF_UOE_FIN_NATURE_STAFF(3.1),JPN,EXP,ISCED11_1T8,_T,INST_EDU_PRIV_GOV,CUR_LC,Q,USD_PPP,NATURE,2015,,O,6,0,2020,Y7
OECD.EDU.IMEP:DSD_EAG_UOE_FIN@DF_UOE_FIN_NATURE_STAFF(3.1),NZL,EXP,ISCED11_1T8,_T,INST_EDU_PRIV_GOV,CUR_LC,Q,USD_PPP,NATURE,2015,,O,6,0,2020,Y7
OECD.EDU.IMEP:DSD_EAG_UOE_FIN@DF_UOE_FIN_NATURE_STAFF(3.1),NZL,EXP,ISCED11_1T8,_T,INST_EDU_PRIV_GOV,CUR_LC,Q,USD_PPP,NATURE,2016,,O,6,0,2020,Y7
OECD.EDU.IMEP:DSD_EAG_UOE_FIN@DF_UOE_FIN_NATURE_STAFF(3.1),NZL,EXP,ISCED11_1T8,_T,INST_EDU_PRIV_GOV,CUR_LC,Q,USD_PPP,NATURE,2017,,O,6,0,2020,Y7
OECD.EDU.IMEP:DSD_EAG_UOE_FIN@DF_UOE_FIN_NATURE_STAFF(3.1),NZL,EXP,ISCED11_1T8,_T,INST_EDU_PRIV_GOV,CUR_LC,Q,USD_PPP,NATURE,2018,,O,6,0,2020,Y7
OECD.EDU.IMEP:DSD_EAG_UOE_FIN@DF_UOE_FIN_NATURE_STAFF(3.1),NZL,EXP,ISCED11_1T8,_T,INST_EDU_PRIV_GOV,CUR_LC,Q,USD_PPP,NATURE,2019,,O,6,0,2020,Y7
OECD.EDU.IMEP:DSD_EAG_UOE_FIN@DF_UOE_FIN_NATURE_STAFF(3.1),NZL,EXP,ISCED11_1T8,_T,INST_EDU_PRIV_GOV,CUR_LC,Q,USD_PPP,NATURE,2020,,O,6,0,2020,Y7
OECD.EDU.IMEP:DSD_EAG_UOE_FIN@DF_UOE_FIN_NATURE_STAFF(3.1),NZL,EXP,ISCED11_1T8,_T,INST_EDU_PRIV_GOV,CUR_LC,Q,USD_PPP,NATURE,2021,,O,6,0,2020,Y7
OECD.EDU.IMEP:DSD_EAG_UOE_FIN@DF_UOE_FIN_NATURE_STAFF(3.1),NZL,EXP,ISCED11_1T8,_T,INST_EDU_PRIV_GOV,CUR_LC,Q,USD_PPP,NATURE,2022,,O,6,0,2020,Y7
OECD.EDU.IMEP:DSD_EAG_UOE_FIN@DF_UOE_FIN_NATURE_STAFF(3.1),NZL,EXP,ISCED11_1T8,_T,INST_EDU_PRIV_GOV,CUR_LC,Q,USD_PPP,NATURE,2023,,O,6,0,2020,Y7
OECD.EDU.IMEP:DSD_EAG_UOE_FIN@DF_UOE_FIN_NATURE_STAFF(3.1),CRI,EXP,ISCED11_1T8,_T,INST_EDU_PRIV_GOV,CUR_RET,Q,USD_PPP,NATURE,2015,,O,6,0,2020,Y8
OECD.EDU.IMEP:DSD_EAG_UOE_FIN@DF_UOE_FIN_NATURE_STAFF(3.1),DNK,EXP,ISCED11_1T8,_T,INST_EDU_PRIV_GOV,CUR_RET,Q,USD_PPP,NATURE,2015,,O,6,0,2020,Y8
OECD.EDU.IMEP:DSD_EAG_UOE_FIN@DF_UOE_FIN_NATURE_STAFF(3.1),FRA,EXP,ISCED11_1T8,_T,INST_EDU_PRIV_GOV,CUR_RET,Q,USD_PPP,NATURE,2015,,O,6,0,2020,Y8
OECD.EDU.IMEP:DSD_EAG_UOE_FIN@DF_UOE_FIN_NATURE_STAFF(3.1),ISL,EXP,ISCED11_1T8,_T,INST_EDU_PRIV_GOV,CUR_RET,Q,USD_PPP,NATURE,2015,,O,6,0,2020,Y8
OECD.EDU.IMEP:DSD_EAG_UOE_FIN@DF_UOE_FIN_NATURE_STAFF(3.1),JPN,EXP,ISCED11_1T8,_T,INST_EDU_PRIV_GOV,CUR_RET,Q,USD_PPP,NATURE,2015,,O,6,0,2020,Y8
OECD.EDU.IMEP:DSD_EAG_UOE_FIN@DF_UOE_FIN_NATURE_STAFF(3.1),AUS,EXP,ISCED11_1T8,_T,INST_EDU_PRIV_GOV,CUR_RET,Q,USD_PPP,NATURE,2016,,O,6,0,2020,Y8
OECD.EDU.IMEP:DSD_EAG_UOE_FIN@DF_UOE_FIN_NATURE_STAFF(3.1),CRI,EXP,ISCED11_1T8,_T,INST_EDU_PRIV_GOV,CUR_RET,Q,USD_PPP,NATURE,2017,,O,6,0,2020,Y8
OECD.EDU.IMEP:DSD_EAG_UOE_FIN@DF_UOE_FIN_NATURE_STAFF(3.1),NZL,EXP,ISCED11_1T8,_T,INST_EDU_PRIV_GOV,CUR_RET,Q,USD_PPP,NATURE,2015,,O,6,0,2020,Y8
OECD.EDU.IMEP:DSD_EAG_UOE_FIN@DF_UOE_FIN_NATURE_STAFF(3.1),NZL,EXP,ISCED11_1T8,_T,INST_EDU_PRIV_GOV,CUR_RET,Q,USD_PPP,NATURE,2016,,O,6,0,2020,Y8
OECD.EDU.IMEP:DSD_EAG_UOE_FIN@DF_UOE_FIN_NATURE_STAFF(3.1),NZL,EXP,ISCED11_1T8,_T,INST_EDU_PRIV_GOV,CUR_RET,Q,USD_PPP,NATURE,2017,,O,6,0,2020,Y8
OECD.EDU.IMEP:DSD_EAG_UOE_FIN@DF_UOE_FIN_NATURE_STAFF(3.1),NZL,EXP,ISCED11_1T8,_T,INST_EDU_PRIV_GOV,CUR_RET,Q,USD_PPP,NATURE,2018,,O,6,0,2020,Y8
OECD.EDU.IMEP:DSD_EAG_UOE_FIN@DF_UOE_FIN_NATURE_STAFF(3.1),NZL,EXP,ISCED11_1T8,_T,INST_EDU_PRIV_GOV,CUR_RET,Q,USD_PPP,NATURE,2019,,O,6,0,2020,Y8
OECD.EDU.IMEP:DSD_EAG_UOE_FIN@DF_UOE_FIN_NATURE_STAFF(3.1),NZL,EXP,ISCED11_1T8,_T,INST_EDU_PRIV_GOV,CUR_RET,Q,USD_PPP,NATURE,2020,,O,6,0,2020,Y8
OECD.EDU.IMEP:DSD_EAG_UOE_FIN@DF_UOE_FIN_NATURE_STAFF(3.1),NZL,EXP,ISCED11_1T8,_T,INST_EDU_PRIV_GOV,CUR_RET,Q,USD_PPP,NATURE,2021,,O,6,0,2020,Y8
OECD.EDU.IMEP:DSD_EAG_UOE_FIN@DF_UOE_FIN_NATURE_STAFF(3.1),NZL,EXP,ISCED11_1T8,_T,INST_EDU_PRIV_GOV,CUR_RET,Q,USD_PPP,NATURE,2022,,O,6,0,2020,Y8
OECD.EDU.IMEP:DSD_EAG_UOE_FIN@DF_UOE_FIN_NATURE_STAFF(3.1),NZL,EXP,ISCED11_1T8,_T,INST_EDU_PRIV_GOV,CUR_RET,Q,USD_PPP,NATURE,2023,,O,6,0,2020,Y8
OECD.EDU.IMEP:DSD_EAG_UOE_FIN@DF_UOE_FIN_NATURE_STAFF(3.1),CRI,EXP,ISCED11_1T8,_T,INST_EDU_PRIV_GOV,CUR_NLC,Q,USD_PPP,NATURE,2015,,O,6,0,2020,Y9
OECD.EDU.IMEP:DSD_EAG_UOE_FIN@DF_UOE_FIN_NATURE_STAFF(3.1),DNK,EXP,ISCED11_1T8,_T,INST_EDU_PRIV_GOV,CUR_NLC,Q,USD_PPP,NATURE,2015,,O,6,0,2020,Y9
OECD.EDU.IMEP:DSD_EAG_UOE_FIN@DF_UOE_FIN_NATURE_STAFF(3.1),FRA,EXP,ISCED11_1T8,_T,INST_EDU_PRIV_GOV,CUR_NLC,Q,USD_PPP,NATURE,2015,,O,6,0,2020,Y9
OECD.EDU.IMEP:DSD_EAG_UOE_FIN@DF_UOE_FIN_NATURE_STAFF(3.1),ISL,EXP,ISCED11_1T8,_T,INST_EDU_PRIV_GOV,CUR_NLC,Q,USD_PPP,NATURE,2015,,O,6,0,2020,Y9
OECD.EDU.IMEP:DSD_EAG_UOE_FIN@DF_UOE_FIN_NATURE_STAFF(3.1),JPN,EXP,ISCED11_1T8,_T,INST_EDU_PRIV_GOV,CUR_NLC,Q,USD_PPP,NATURE,2015,,O,6,0,2020,Y9
OECD.EDU.IMEP:DSD_EAG_UOE_FIN@DF_UOE_FIN_NATURE_STAFF(3.1),AUS,EXP,ISCED11_1T8,_T,INST_EDU_PRIV_GOV,CUR_NLC,Q,USD_PPP,NATURE,2016,,O,6,0,2020,Y9
OECD.EDU.IMEP:DSD_EAG_UOE_FIN@DF_UOE_FIN_NATURE_STAFF(3.1),CRI,EXP,ISCED11_1T8,_T,INST_EDU_PRIV_GOV,CUR_NLC,Q,USD_PPP,NATURE,2017,,O,6,0,2020,Y9
OECD.EDU.IMEP:DSD_EAG_UOE_FIN@DF_UOE_FIN_NATURE_STAFF(3.1),NZL,EXP,ISCED11_1T8,_T,INST_EDU_PRIV_GOV,CUR_NLC,Q,USD_PPP,NATURE,2015,,O,6,0,2020,Y9
OECD.EDU.IMEP:DSD_EAG_UOE_FIN@DF_UOE_FIN_NATURE_STAFF(3.1),NZL,EXP,ISCED11_1T8,_T,INST_EDU_PRIV_GOV,CUR_NLC,Q,USD_PPP,NATURE,2016,,O,6,0,2020,Y9
OECD.EDU.IMEP:DSD_EAG_UOE_FIN@DF_UOE_FIN_NATURE_STAFF(3.1),NZL,EXP,ISCED11_1T8,_T,INST_EDU_PRIV_GOV,CUR_NLC,Q,USD_PPP,NATURE,2017,,O,6,0,2020,Y9
OECD.EDU.IMEP:DSD_EAG_UOE_FIN@DF_UOE_FIN_NATURE_STAFF(3.1),NZL,EXP,ISCED11_1T8,_T,INST_EDU_PRIV_GOV,CUR_NLC,Q,USD_PPP,NATURE,2018,,O,6,0,2020,Y9
OECD.EDU.IMEP:DSD_EAG_UOE_FIN@DF_UOE_FIN_NATURE_STAFF(3.1),NZL,EXP,ISCED11_1T8,_T,INST_EDU_PRIV_GOV,CUR_NLC,Q,USD_PPP,NATURE,2019,,O,6,0,2020,Y9
OECD.EDU.IMEP:DSD_EAG_UOE_FIN@DF_UOE_FIN_NATURE_STAFF(3.1),NZL,EXP,ISCED11_1T8,_T,INST_EDU_PRIV_GOV,CUR_NLC,Q,USD_PPP,NATURE,2020,,O,6,0,2020,Y9
OECD.EDU.IMEP:DSD_EAG_UOE_FIN@DF_UOE_FIN_NATURE_STAFF(3.1),NZL,EXP,ISCED11_1T8,_T,INST_EDU_PRIV_GOV,CUR_NLC,Q,USD_PPP,NATURE,2021,,O,6,0,2020,Y9
OECD.EDU.IMEP:DSD_EAG_UOE_FIN@DF_UOE_FIN_NATURE_STAFF(3.1),NZL,EXP,ISCED11_1T8,_T,INST_EDU_PRIV_GOV,CUR_NLC,Q,USD_PPP,NATURE,2022,,O,6,0,2020,Y9
OECD.EDU.IMEP:DSD_EAG_UOE_FIN@DF_UOE_FIN_NATURE_STAFF(3.1),NZL,EXP,ISCED11_1T8,_T,INST_EDU_PRIV_GOV,CUR_NLC,Q,USD_PPP,NATURE,2023,,O,6,0,2020,Y9
OECD.EDU.IMEP:DSD_EAG_UOE_FIN@DF_UOE_FIN_NATURE_STAFF(3.1),LUX,EXP,ISCED11_1T8,_T,INST_EDU_PRIV_GOV,CUR_LC,Q,USD_PPP,NATURE,2016,,K,6,0,2020,Y7
OECD.EDU.IMEP:DSD_EAG_UOE_FIN@DF_UOE_FIN_NATURE_STAFF(3.1),LUX,EXP,ISCED11_1T8,_T,INST_EDU_PRIV_GOV,CUR_LC,Q,USD_PPP,NATURE,2017,,K,6,0,2020,Y7
OECD.EDU.IMEP:DSD_EAG_UOE_FIN@DF_UOE_FIN_NATURE_STAFF(3.1),DNK,EXP,ISCED11_1T8,_T,INST_EDU_PRIV_GOV,CUR_LC,Q,USD_PPP,NATURE,2021,,K,6,0,2020,Y7
OECD.EDU.IMEP:DSD_EAG_UOE_FIN@DF_UOE_FIN_NATURE_STAFF(3.1),DNK,EXP,ISCED11_1T8,_T,INST_EDU_PRIV_GOV,CUR_LC,Q,USD_PPP,NATURE,2022,,K,6,0,2020,Y7
OECD.EDU.IMEP:DSD_EAG_UOE_FIN@DF_UOE_FIN_NATURE_STAFF(3.1),NLD,EXP,ISCED11_1T8,_T,INST_EDU_PRIV_GOV,CUR_LC,Q,USD_PPP,NATURE,2015,,K,6,0,2020,Y7
OECD.EDU.IMEP:DSD_EAG_UOE_FIN@DF_UOE_FIN_NATURE_STAFF(3.1),NLD,EXP,ISCED11_1T8,_T,INST_EDU_PRIV_GOV,CUR_LC,Q,USD_PPP,NATURE,2021,,K,6,0,2020,Y7
OECD.EDU.IMEP:DSD_EAG_UOE_FIN@DF_UOE_FIN_NATURE_STAFF(3.1),NLD,EXP,ISCED11_1T8,_T,INST_EDU_PRIV_GOV,CUR_LC,Q,USD_PPP,NATURE,2022,,K,6,0,2020,Y7
OECD.EDU.IMEP:DSD_EAG_UOE_FIN@DF_UOE_FIN_NATURE_STAFF(3.1),CHL,EXP,ISCED11_1T8,_T,INST_EDU_PRIV_GOV,CUR_LC,Q,USD_PPP,NATURE,2015,,K,6,0,2020,Y7
OECD.EDU.IMEP:DSD_EAG_UOE_FIN@DF_UOE_FIN_NATURE_STAFF(3.1),AUS,EXP,ISCED11_1T8,_T,INST_EDU_PRIV_GOV,CUR_LC,Q,USD_PPP,NATURE,2017,,K,6,0,2020,Y7
OECD.EDU.IMEP:DSD_EAG_UOE_FIN@DF_UOE_FIN_NATURE_STAFF(3.1),AUS,EXP,ISCED11_1T8,_T,INST_EDU_PRIV_GOV,CUR_LC,Q,USD_PPP,NATURE,2018,,K,6,0,2020,Y7
OECD.EDU.IMEP:DSD_EAG_UOE_FIN@DF_UOE_FIN_NATURE_STAFF(3.1),AUS,EXP,ISCED11_1T8,_T,INST_EDU_PRIV_GOV,CUR_LC,Q,USD_PPP,NATURE,2019,,K,6,0,2020,Y7
OECD.EDU.IMEP:DSD_EAG_UOE_FIN@DF_UOE_FIN_NATURE_STAFF(3.1),AUS,EXP,ISCED11_1T8,_T,INST_EDU_PRIV_GOV,CUR_LC,Q,USD_PPP,NATURE,2020,,K,6,0,2020,Y7
OECD.EDU.IMEP:DSD_EAG_UOE_FIN@DF_UOE_FIN_NATURE_STAFF(3.1),AUS,EXP,ISCED11_1T8,_T,INST_EDU_PRIV_GOV,CUR_LC,Q,USD_PPP,NATURE,2021,,K,6,0,2020,Y7
OECD.EDU.IMEP:DSD_EAG_UOE_FIN@DF_UOE_FIN_NATURE_STAFF(3.1),AUS,EXP,ISCED11_1T8,_T,INST_EDU_PRIV_GOV,CUR_LC,Q,USD_PPP,NATURE,2022,,K,6,0,2020,Y7
OECD.EDU.IMEP:DSD_EAG_UOE_FIN@DF_UOE_FIN_NATURE_STAFF(3.1),PRT,EXP,ISCED11_1T8,_T,INST_EDU_PRIV_GOV,CUR_LC,Q,USD_PPP,NATURE,2016,,K,6,0,2020,Y7
OECD.EDU.IMEP:DSD_EAG_UOE_FIN@DF_UOE_FIN_NATURE_STAFF(3.1),PRT,EXP,ISCED11_1T8,_T,INST_EDU_PRIV_GOV,CUR_LC,Q,USD_PPP,NATURE,2017,,K,6,0,2020,Y7
OECD.EDU.IMEP:DSD_EAG_UOE_FIN@DF_UOE_FIN_NATURE_STAFF(3.1),PRT,EXP,ISCED11_1T8,_T,INST_EDU_PRIV_GOV,CUR_LC,Q,USD_PPP,NATURE,2018,,K,6,0,2020,Y7
OECD.EDU.IMEP:DSD_EAG_UOE_FIN@DF_UOE_FIN_NATURE_STAFF(3.1),PRT,EXP,ISCED11_1T8,_T,INST_EDU_PRIV_GOV,CUR_LC,Q,USD_PPP,NATURE,2019,,K,6,0,2020,Y7
OECD.EDU.IMEP:DSD_EAG_UOE_FIN@DF_UOE_FIN_NATURE_STAFF(3.1),PRT,EXP,ISCED11_1T8,_T,INST_EDU_PRIV_GOV,CUR_LC,Q,USD_PPP,NATURE,2020,,K,6,0,2020,Y7
OECD.EDU.IMEP:DSD_EAG_UOE_FIN@DF_UOE_FIN_NATURE_STAFF(3.1),PRT,EXP,ISCED11_1T8,_T,INST_EDU_PRIV_GOV,CUR_LC,Q,USD_PPP,NATURE,2021,,K,6,0,2020,Y7
OECD.EDU.IMEP:DSD_EAG_UOE_FIN@DF_UOE_FIN_NATURE_STAFF(3.1),FRA,EXP,ISCED11_1T8,_T,INST_EDU_PRIV_GOV,CUR_LC,Q,USD_PPP,NATURE,2016,,K,6,0,2020,Y7
OECD.EDU.IMEP:DSD_EAG_UOE_FIN@DF_UOE_FIN_NATURE_STAFF(3.1),FRA,EXP,ISCED11_1T8,_T,INST_EDU_PRIV_GOV,CUR_LC,Q,USD_PPP,NATURE,2017,,K,6,0,2020,Y7
OECD.EDU.IMEP:DSD_EAG_UOE_FIN@DF_UOE_FIN_NATURE_STAFF(3.1),FRA,EXP,ISCED11_1T8,_T,INST_EDU_PRIV_GOV,CUR_LC,Q,USD_PPP,NATURE,2018,,K,6,0,2020,Y7
OECD.EDU.IMEP:DSD_EAG_UOE_FIN@DF_UOE_FIN_NATURE_STAFF(3.1),FRA,EXP,ISCED11_1T8,_T,INST_EDU_PRIV_GOV,CUR_LC,Q,USD_PPP,NATURE,2019,,K,6,0,2020,Y7
OECD.EDU.IMEP:DSD_EAG_UOE_FIN@DF_UOE_FIN_NATURE_STAFF(3.1),FRA,EXP,ISCED11_1T8,_T,INST_EDU_PRIV_GOV,CUR_LC,Q,USD_PPP,NATURE,2020,,K,6,0,2020,Y7
OECD.EDU.IMEP:DSD_EAG_UOE_FIN@DF_UOE_FIN_NATURE_STAFF(3.1),FRA,EXP,ISCED11_1T8,_T,INST_EDU_PRIV_GOV,CUR_LC,Q,USD_PPP,NATURE,2021,,K,6,0,2020,Y7
OECD.EDU.IMEP:DSD_EAG_UOE_FIN@DF_UOE_FIN_NATURE_STAFF(3.1),FRA,EXP,ISCED11_1T8,_T,INST_EDU_PRIV_GOV,CUR_LC,Q,USD_PPP,NATURE,2022,,K,6,0,2020,Y7
OECD.EDU.IMEP:DSD_EAG_UOE_FIN@DF_UOE_FIN_NATURE_STAFF(3.1),ISL,EXP,ISCED11_1T8,_T,INST_EDU_PRIV_GOV,CUR_LC,Q,USD_PPP,NATURE,2016,,K,6,0,2020,Y7
OECD.EDU.IMEP:DSD_EAG_UOE_FIN@DF_UOE_FIN_NATURE_STAFF(3.1),ISL,EXP,ISCED11_1T8,_T,INST_EDU_PRIV_GOV,CUR_LC,Q,USD_PPP,NATURE,2017,,K,6,0,2020,Y7
OECD.EDU.IMEP:DSD_EAG_UOE_FIN@DF_UOE_FIN_NATURE_STAFF(3.1),ISL,EXP,ISCED11_1T8,_T,INST_EDU_PRIV_GOV,CUR_LC,Q,USD_PPP,NATURE,2018,,K,6,0,2020,Y7
OECD.EDU.IMEP:DSD_EAG_UOE_FIN@DF_UOE_FIN_NATURE_STAFF(3.1),ISL,EXP,ISCED11_1T8,_T,INST_EDU_PRIV_GOV,CUR_LC,Q,USD_PPP,NATURE,2019,,K,6,0,2020,Y7
OECD.EDU.IMEP:DSD_EAG_UOE_FIN@DF_UOE_FIN_NATURE_STAFF(3.1),ISL,EXP,ISCED11_1T8,_T,INST_EDU_PRIV_GOV,CUR_LC,Q,USD_PPP,NATURE,2020,,K,6,0,2020,Y7
OECD.EDU.IMEP:DSD_EAG_UOE_FIN@DF_UOE_FIN_NATURE_STAFF(3.1),ISL,EXP,ISCED11_1T8,_T,INST_EDU_PRIV_GOV,CUR_LC,Q,USD_PPP,NATURE,2021,,K,6,0,2020,Y7
OECD.EDU.IMEP:DSD_EAG_UOE_FIN@DF_UOE_FIN_NATURE_STAFF(3.1),ISL,EXP,ISCED11_1T8,_T,INST_EDU_PRIV_GOV,CUR_LC,Q,USD_PPP,NATURE,2022,,K,6,0,2020,Y7
OECD.EDU.IMEP:DSD_EAG_UOE_FIN@DF_UOE_FIN_NATURE_STAFF(3.1),POL,EXP,ISCED11_1T8,_T,INST_EDU_PRIV_GOV,CUR_LC,Q,USD_PPP,NATURE,2015,,K,6,0,2020,Y7
OECD.EDU.IMEP:DSD_EAG_UOE_FIN@DF_UOE_FIN_NATURE_STAFF(3.1),POL,EXP,ISCED11_1T8,_T,INST_EDU_PRIV_GOV,CUR_LC,Q,USD_PPP,NATURE,2016,,K,6,0,2020,Y7
OECD.EDU.IMEP:DSD_EAG_UOE_FIN@DF_UOE_FIN_NATURE_STAFF(3.1),POL,EXP,ISCED11_1T8,_T,INST_EDU_PRIV_GOV,CUR_LC,Q,USD_PPP,NATURE,2017,,K,6,0,2020,Y7
OECD.EDU.IMEP:DSD_EAG_UOE_FIN@DF_UOE_FIN_NATURE_STAFF(3.1),POL,EXP,ISCED11_1T8,_T,INST_EDU_PRIV_GOV,CUR_LC,Q,USD_PPP,NATURE,2018,,K,6,0,2020,Y7
OECD.EDU.IMEP:DSD_EAG_UOE_FIN@DF_UOE_FIN_NATURE_STAFF(3.1),POL,EXP,ISCED11_1T8,_T,INST_EDU_PRIV_GOV,CUR_LC,Q,USD_PPP,NATURE,2019,,K,6,0,2020,Y7
OECD.EDU.IMEP:DSD_EAG_UOE_FIN@DF_UOE_FIN_NATURE_STAFF(3.1),POL,EXP,ISCED11_1T8,_T,INST_EDU_PRIV_GOV,CUR_LC,Q,USD_PPP,NATURE,2020,,K,6,0,2020,Y7
OECD.EDU.IMEP:DSD_EAG_UOE_FIN@DF_UOE_FIN_NATURE_STAFF(3.1),POL,EXP,ISCED11_1T8,_T,INST_EDU_PRIV_GOV,CUR_LC,Q,USD_PPP,NATURE,2021,,K,6,0,2020,Y7
OECD.EDU.IMEP:DSD_EAG_UOE_FIN@DF_UOE_FIN_NATURE_STAFF(3.1),POL,EXP,ISCED11_1T8,_T,INST_EDU_PRIV_GOV,CUR_LC,Q,USD_PPP,NATURE,2022,,K,6,0,2020,Y7
OECD.EDU.IMEP:DSD_EAG_UOE_FIN@DF_UOE_FIN_NATURE_STAFF(3.1),SVN,EXP,ISCED11_1T8,_T,INST_EDU_PRIV_GOV,CUR_LC,Q,USD_PPP,NATURE,2015,,K,6,0,2020,Y7
OECD.EDU.IMEP:DSD_EAG_UOE_FIN@DF_UOE_FIN_NATURE_STAFF(3.1),SVN,EXP,ISCED11_1T8,_T,INST_EDU_PRIV_GOV,CUR_LC,Q,USD_PPP,NATURE,2016,,K,6,0,2020,Y7
OECD.EDU.IMEP:DSD_EAG_UOE_FIN@DF_UOE_FIN_NATURE_STAFF(3.1),SVN,EXP,ISCED11_1T8,_T,INST_EDU_PRIV_GOV,CUR_LC,Q,USD_PPP,NATURE,2017,,K,6,0,2020,Y7
OECD.EDU.IMEP:DSD_EAG_UOE_FIN@DF_UOE_FIN_NATURE_STAFF(3.1),NOR,EXP,ISCED11_1T8,_T,INST_EDU_PRIV_GOV,CUR_LC,Q,USD_PPP,NATURE,2016,,K,6,0,2020,Y7
OECD.EDU.IMEP:DSD_EAG_UOE_FIN@DF_UOE_FIN_NATURE_STAFF(3.1),NOR,EXP,ISCED11_1T8,_T,INST_EDU_PRIV_GOV,CUR_LC,Q,USD_PPP,NATURE,2017,,K,6,0,2020,Y7
OECD.EDU.IMEP:DSD_EAG_UOE_FIN@DF_UOE_FIN_NATURE_STAFF(3.1),NOR,EXP,ISCED11_1T8,_T,INST_EDU_PRIV_GOV,CUR_LC,Q,USD_PPP,NATURE,2018,,K,6,0,2020,Y7
OECD.EDU.IMEP:DSD_EAG_UOE_FIN@DF_UOE_FIN_NATURE_STAFF(3.1),NOR,EXP,ISCED11_1T8,_T,INST_EDU_PRIV_GOV,CUR_LC,Q,USD_PPP,NATURE,2021,,K,6,0,2020,Y7
OECD.EDU.IMEP:DSD_EAG_UOE_FIN@DF_UOE_FIN_NATURE_STAFF(3.1),NOR,EXP,ISCED11_1T8,_T,INST_EDU_PRIV_GOV,CUR_LC,Q,USD_PPP,NATURE,2022,,K,6,0,2020,Y7
OECD.EDU.IMEP:DSD_EAG_UOE_FIN@DF_UOE_FIN_NATURE_STAFF(3.1),CRI,EXP,ISCED11_1T8,_T,INST_EDU_PRIV_GOV,CUR_LC,Q,USD_PPP,NATURE,2016,,K,6,0,2020,Y7
OECD.EDU.IMEP:DSD_EAG_UOE_FIN@DF_UOE_FIN_NATURE_STAFF(3.1),CRI,EXP,ISCED11_1T8,_T,INST_EDU_PRIV_GOV,CUR_LC,Q,USD_PPP,NATURE,2018,,K,6,0,2020,Y7
OECD.EDU.IMEP:DSD_EAG_UOE_FIN@DF_UOE_FIN_NATURE_STAFF(3.1),CRI,EXP,ISCED11_1T8,_T,INST_EDU_PRIV_GOV,CUR_LC,Q,USD_PPP,NATURE,2019,,K,6,0,2020,Y7
OECD.EDU.IMEP:DSD_EAG_UOE_FIN@DF_UOE_FIN_NATURE_STAFF(3.1),CRI,EXP,ISCED11_1T8,_T,INST_EDU_PRIV_GOV,CUR_LC,Q,USD_PPP,NATURE,2020,,K,6,0,2020,Y7
OECD.EDU.IMEP:DSD_EAG_UOE_FIN@DF_UOE_FIN_NATURE_STAFF(3.1),CRI,EXP,ISCED11_1T8,_T,INST_EDU_PRIV_GOV,CUR_LC,Q,USD_PPP,NATURE,2021,,K,6,0,2020,Y7
OECD.EDU.IMEP:DSD_EAG_UOE_FIN@DF_UOE_FIN_NATURE_STAFF(3.1),CRI,EXP,ISCED11_1T8,_T,INST_EDU_PRIV_GOV,CUR_LC,Q,USD_PPP,NATURE,2022,,K,6,0,2020,Y7
OECD.EDU.IMEP:DSD_EAG_UOE_FIN@DF_UOE_FIN_NATURE_STAFF(3.1),CRI,EXP,ISCED11_1T8,_T,INST_EDU_PRIV_GOV,CUR_LC,Q,USD_PPP,NATURE,2023,,K,6,0,2020,Y7
OECD.EDU.IMEP:DSD_EAG_UOE_FIN@DF_UOE_FIN_NATURE_STAFF(3.1),HUN,EXP,ISCED11_1T8,_T,INST_EDU_PRIV_GOV,CUR_LC,Q,USD_PPP,NATURE,2015,,K,6,0,2020,Y7
OECD.EDU.IMEP:DSD_EAG_UOE_FIN@DF_UOE_FIN_NATURE_STAFF(3.1),HUN,EXP,ISCED11_1T8,_T,INST_EDU_PRIV_GOV,CUR_LC,Q,USD_PPP,NATURE,2016,,K,6,0,2020,Y7
OECD.EDU.IMEP:DSD_EAG_UOE_FIN@DF_UOE_FIN_NATURE_STAFF(3.1),HUN,EXP,ISCED11_1T8,_T,INST_EDU_PRIV_GOV,CUR_LC,Q,USD_PPP,NATURE,2017,,K,6,0,2020,Y7
OECD.EDU.IMEP:DSD_EAG_UOE_FIN@DF_UOE_FIN_NATURE_STAFF(3.1),HUN,EXP,ISCED11_1T8,_T,INST_EDU_PRIV_GOV,CUR_LC,Q,USD_PPP,NATURE,2018,,K,6,0,2020,Y7
OECD.EDU.IMEP:DSD_EAG_UOE_FIN@DF_UOE_FIN_NATURE_STAFF(3.1),HUN,EXP,ISCED11_1T8,_T,INST_EDU_PRIV_GOV,CUR_LC,Q,USD_PPP,NATURE,2019,,K,6,0,2020,Y7
OECD.EDU.IMEP:DSD_EAG_UOE_FIN@DF_UOE_FIN_NATURE_STAFF(3.1),HUN,EXP,ISCED11_1T8,_T,INST_EDU_PRIV_GOV,CUR_LC,Q,USD_PPP,NATURE,2020,,K,6,0,2020,Y7
OECD.EDU.IMEP:DSD_EAG_UOE_FIN@DF_UOE_FIN_NATURE_STAFF(3.1),HUN,EXP,ISCED11_1T8,_T,INST_EDU_PRIV_GOV,CUR_LC,Q,USD_PPP,NATURE,2021,,K,6,0,2020,Y7
OECD.EDU.IMEP:DSD_EAG_UOE_FIN@DF_UOE_FIN_NATURE_STAFF(3.1),HUN,EXP,ISCED11_1T8,_T,INST_EDU_PRIV_GOV,CUR_LC,Q,USD_PPP,NATURE,2022,,K,6,0,2020,Y7
OECD.EDU.IMEP:DSD_EAG_UOE_FIN@DF_UOE_FIN_NATURE_STAFF(3.1),ESP,EXP,ISCED11_1T8,_T,INST_EDU_PRIV_GOV,CUR_LC,Q,USD_PPP,NATURE,2015,,K,6,0,2020,Y7
OECD.EDU.IMEP:DSD_EAG_UOE_FIN@DF_UOE_FIN_NATURE_STAFF(3.1),ESP,EXP,ISCED11_1T8,_T,INST_EDU_PRIV_GOV,CUR_LC,Q,USD_PPP,NATURE,2016,,K,6,0,2020,Y7
OECD.EDU.IMEP:DSD_EAG_UOE_FIN@DF_UOE_FIN_NATURE_STAFF(3.1),ESP,EXP,ISCED11_1T8,_T,INST_EDU_PRIV_GOV,CUR_LC,Q,USD_PPP,NATURE,2017,,K,6,0,2020,Y7
OECD.EDU.IMEP:DSD_EAG_UOE_FIN@DF_UOE_FIN_NATURE_STAFF(3.1),ESP,EXP,ISCED11_1T8,_T,INST_EDU_PRIV_GOV,CUR_LC,Q,USD_PPP,NATURE,2018,,K,6,0,2020,Y7
OECD.EDU.IMEP:DSD_EAG_UOE_FIN@DF_UOE_FIN_NATURE_STAFF(3.1),ESP,EXP,ISCED11_1T8,_T,INST_EDU_PRIV_GOV,CUR_LC,Q,USD_PPP,NATURE,2019,,K,6,0,2020,Y7
OECD.EDU.IMEP:DSD_EAG_UOE_FIN@DF_UOE_FIN_NATURE_STAFF(3.1),ESP,EXP,ISCED11_1T8,_T,INST_EDU_PRIV_GOV,CUR_LC,Q,USD_PPP,NATURE,2020,,K,6,0,2020,Y7
OECD.EDU.IMEP:DSD_EAG_UOE_FIN@DF_UOE_FIN_NATURE_STAFF(3.1),ESP,EXP,ISCED11_1T8,_T,INST_EDU_PRIV_GOV,CUR_LC,Q,USD_PPP,NATURE,2021,,K,6,0,2020,Y7
OECD.EDU.IMEP:DSD_EAG_UOE_FIN@DF_UOE_FIN_NATURE_STAFF(3.1),ESP,EXP,ISCED11_1T8,_T,INST_EDU_PRIV_GOV,CUR_LC,Q,USD_PPP,NATURE,2022,,K,6,0,2020,Y7
OECD.EDU.IMEP:DSD_EAG_UOE_FIN@DF_UOE_FIN_NATURE_STAFF(3.1),BEL,EXP,ISCED11_1T8,_T,INST_EDU_PRIV_GOV,CUR_LC,Q,USD_PPP,NATURE,2015,,K,6,0,2020,Y7
OECD.EDU.IMEP:DSD_EAG_UOE_FIN@DF_UOE_FIN_NATURE_STAFF(3.1),BEL,EXP,ISCED11_1T8,_T,INST_EDU_PRIV_GOV,CUR_LC,Q,USD_PPP,NATURE,2016,,K,6,0,2020,Y7
OECD.EDU.IMEP:DSD_EAG_UOE_FIN@DF_UOE_FIN_NATURE_STAFF(3.1),BEL,EXP,ISCED11_1T8,_T,INST_EDU_PRIV_GOV,CUR_LC,Q,USD_PPP,NATURE,2017,,K,6,0,2020,Y7
OECD.EDU.IMEP:DSD_EAG_UOE_FIN@DF_UOE_FIN_NATURE_STAFF(3.1),BEL,EXP,ISCED11_1T8,_T,INST_EDU_PRIV_GOV,CUR_LC,Q,USD_PPP,NATURE,2018,,K,6,0,2020,Y7
OECD.EDU.IMEP:DSD_EAG_UOE_FIN@DF_UOE_FIN_NATURE_STAFF(3.1),BEL,EXP,ISCED11_1T8,_T,INST_EDU_PRIV_GOV,CUR_LC,Q,USD_PPP,NATURE,2019,,K,6,0,2020,Y7
OECD.EDU.IMEP:DSD_EAG_UOE_FIN@DF_UOE_FIN_NATURE_STAFF(3.1),BEL,EXP,ISCED11_1T8,_T,INST_EDU_PRIV_GOV,CUR_LC,Q,USD_PPP,NATURE,2020,,K,6,0,2020,Y7
OECD.EDU.IMEP:DSD_EAG_UOE_FIN@DF_UOE_FIN_NATURE_STAFF(3.1),BEL,EXP,ISCED11_1T8,_T,INST_EDU_PRIV_GOV,CUR_LC,Q,USD_PPP,NATURE,2021,,K,6,0,2020,Y7
OECD.EDU.IMEP:DSD_EAG_UOE_FIN@DF_UOE_FIN_NATURE_STAFF(3.1),BEL,EXP,ISCED11_1T8,_T,INST_EDU_PRIV_GOV,CUR_LC,Q,USD_PPP,NATURE,2022,,K,6,0,2020,Y7
OECD.EDU.IMEP:DSD_EAG_UOE_FIN@DF_UOE_FIN_NATURE_STAFF(3.1),DEU,EXP,ISCED11_1T8,_T,INST_EDU_PRIV_GOV,CUR_LC,Q,USD_PPP,NATURE,2015,,K,6,0,2020,Y7
OECD.EDU.IMEP:DSD_EAG_UOE_FIN@DF_UOE_FIN_NATURE_STAFF(3.1),DEU,EXP,ISCED11_1T8,_T,INST_EDU_PRIV_GOV,CUR_LC,Q,USD_PPP,NATURE,2016,,K,6,0,2020,Y7
OECD.EDU.IMEP:DSD_EAG_UOE_FIN@DF_UOE_FIN_NATURE_STAFF(3.1),DEU,EXP,ISCED11_1T8,_T,INST_EDU_PRIV_GOV,CUR_LC,Q,USD_PPP,NATURE,2017,,K,6,0,2020,Y7
OECD.EDU.IMEP:DSD_EAG_UOE_FIN@DF_UOE_FIN_NATURE_STAFF(3.1),DEU,EXP,ISCED11_1T8,_T,INST_EDU_PRIV_GOV,CUR_LC,Q,USD_PPP,NATURE,2018,,K,6,0,2020,Y7
OECD.EDU.IMEP:DSD_EAG_UOE_FIN@DF_UOE_FIN_NATURE_STAFF(3.1),DEU,EXP,ISCED11_1T8,_T,INST_EDU_PRIV_GOV,CUR_LC,Q,USD_PPP,NATURE,2019,,K,6,0,2020,Y7
OECD.EDU.IMEP:DSD_EAG_UOE_FIN@DF_UOE_FIN_NATURE_STAFF(3.1),DEU,EXP,ISCED11_1T8,_T,INST_EDU_PRIV_GOV,CUR_LC,Q,USD_PPP,NATURE,2020,,K,6,0,2020,Y7
OECD.EDU.IMEP:DSD_EAG_UOE_FIN@DF_UOE_FIN_NATURE_STAFF(3.1),DEU,EXP,ISCED11_1T8,_T,INST_EDU_PRIV_GOV,CUR_LC,Q,USD_PPP,NATURE,2021,,K,6,0,2020,Y7
OECD.EDU.IMEP:DSD_EAG_UOE_FIN@DF_UOE_FIN_NATURE_STAFF(3.1),DEU,EXP,ISCED11_1T8,_T,INST_EDU_PRIV_GOV,CUR_LC,Q,USD_PPP,NATURE,2022,,K,6,0,2020,Y7
OECD.EDU.IMEP:DSD_EAG_UOE_FIN@DF_UOE_FIN_NATURE_STAFF(3.1),ISR,EXP,ISCED11_1T8,_T,INST_EDU_PRIV_GOV,CUR_LC,Q,USD_PPP,NATURE,2015,,K,6,0,2020,Y7
OECD.EDU.IMEP:DSD_EAG_UOE_FIN@DF_UOE_FIN_NATURE_STAFF(3.1),ISR,EXP,ISCED11_1T8,_T,INST_EDU_PRIV_GOV,CUR_LC,Q,USD_PPP,NATURE,2016,,K,6,0,2020,Y7
OECD.EDU.IMEP:DSD_EAG_UOE_FIN@DF_UOE_FIN_NATURE_STAFF(3.1),ISR,EXP,ISCED11_1T8,_T,INST_EDU_PRIV_GOV,CUR_LC,Q,USD_PPP,NATURE,2017,,K,6,0,2020,Y7
OECD.EDU.IMEP:DSD_EAG_UOE_FIN@DF_UOE_FIN_NATURE_STAFF(3.1),ISR,EXP,ISCED11_1T8,_T,INST_EDU_PRIV_GOV,CUR_LC,Q,USD_PPP,NATURE,2018,,K,6,0,2020,Y7
OECD.EDU.IMEP:DSD_EAG_UOE_FIN@DF_UOE_FIN_NATURE_STAFF(3.1),ISR,EXP,ISCED11_1T8,_T,INST_EDU_PRIV_GOV,CUR_LC,Q,USD_PPP,NATURE,2019,,K,6,0,2020,Y7
OECD.EDU.IMEP:DSD_EAG_UOE_FIN@DF_UOE_FIN_NATURE_STAFF(3.1),ISR,EXP,ISCED11_1T8,_T,INST_EDU_PRIV_GOV,CUR_LC,Q,USD_PPP,NATURE,2020,,K,6,0,2020,Y7
OECD.EDU.IMEP:DSD_EAG_UOE_FIN@DF_UOE_FIN_NATURE_STAFF(3.1),ISR,EXP,ISCED11_1T8,_T,INST_EDU_PRIV_GOV,CUR_LC,Q,USD_PPP,NATURE,2021,,K,6,0,2020,Y7
OECD.EDU.IMEP:DSD_EAG_UOE_FIN@DF_UOE_FIN_NATURE_STAFF(3.1),ISR,EXP,ISCED11_1T8,_T,INST_EDU_PRIV_GOV,CUR_LC,Q,USD_PPP,NATURE,2022,,K,6,0,2020,Y7
OECD.EDU.IMEP:DSD_EAG_UOE_FIN@DF_UOE_FIN_NATURE_STAFF(3.1),AUT,EXP,ISCED11_1T8,_T,INST_EDU_PRIV_GOV,CUR_LC,Q,USD_PPP,NATURE,2015,,K,6,0,2020,Y7
OECD.EDU.IMEP:DSD_EAG_UOE_FIN@DF_UOE_FIN_NATURE_STAFF(3.1),AUT,EXP,ISCED11_1T8,_T,INST_EDU_PRIV_GOV,CUR_LC,Q,USD_PPP,NATURE,2016,,K,6,0,2020,Y7
OECD.EDU.IMEP:DSD_EAG_UOE_FIN@DF_UOE_FIN_NATURE_STAFF(3.1),AUT,EXP,ISCED11_1T8,_T,INST_EDU_PRIV_GOV,CUR_LC,Q,USD_PPP,NATURE,2017,,K,6,0,2020,Y7
OECD.EDU.IMEP:DSD_EAG_UOE_FIN@DF_UOE_FIN_NATURE_STAFF(3.1),AUT,EXP,ISCED11_1T8,_T,INST_EDU_PRIV_GOV,CUR_LC,Q,USD_PPP,NATURE,2018,,K,6,0,2020,Y7
OECD.EDU.IMEP:DSD_EAG_UOE_FIN@DF_UOE_FIN_NATURE_STAFF(3.1),AUT,EXP,ISCED11_1T8,_T,INST_EDU_PRIV_GOV,CUR_LC,Q,USD_PPP,NATURE,2019,,K,6,0,2020,Y7
OECD.EDU.IMEP:DSD_EAG_UOE_FIN@DF_UOE_FIN_NATURE_STAFF(3.1),AUT,EXP,ISCED11_1T8,_T,INST_EDU_PRIV_GOV,CUR_LC,Q,USD_PPP,NATURE,2020,,K,6,0,2020,Y7
OECD.EDU.IMEP:DSD_EAG_UOE_FIN@DF_UOE_FIN_NATURE_STAFF(3.1),AUT,EXP,ISCED11_1T8,_T,INST_EDU_PRIV_GOV,CUR_LC,Q,USD_PPP,NATURE,2021,,K,6,0,2020,Y7
OECD.EDU.IMEP:DSD_EAG_UOE_FIN@DF_UOE_FIN_NATURE_STAFF(3.1),AUT,EXP,ISCED11_1T8,_T,INST_EDU_PRIV_GOV,CUR_LC,Q,USD_PPP,NATURE,2022,,K,6,0,2020,Y7
OECD.EDU.IMEP:DSD_EAG_UOE_FIN@DF_UOE_FIN_NATURE_STAFF(3.1),ISR,EXP,ISCED11_1T8,_T,INST_EDU_PRIV_GOV,CUR_RET,Q,USD_PPP,NATURE,2015,,K,6,0,2020,Y8
OECD.EDU.IMEP:DSD_EAG_UOE_FIN@DF_UOE_FIN_NATURE_STAFF(3.1),ISR,EXP,ISCED11_1T8,_T,INST_EDU_PRIV_GOV,CUR_RET,Q,USD_PPP,NATURE,2016,,K,6,0,2020,Y8
OECD.EDU.IMEP:DSD_EAG_UOE_FIN@DF_UOE_FIN_NATURE_STAFF(3.1),ISR,EXP,ISCED11_1T8,_T,INST_EDU_PRIV_GOV,CUR_RET,Q,USD_PPP,NATURE,2017,,K,6,0,2020,Y8
OECD.EDU.IMEP:DSD_EAG_UOE_FIN@DF_UOE_FIN_NATURE_STAFF(3.1),ISR,EXP,ISCED11_1T8,_T,INST_EDU_PRIV_GOV,CUR_RET,Q,USD_PPP,NATURE,2018,,K,6,0,2020,Y8
OECD.EDU.IMEP:DSD_EAG_UOE_FIN@DF_UOE_FIN_NATURE_STAFF(3.1),ISR,EXP,ISCED11_1T8,_T,INST_EDU_PRIV_GOV,CUR_RET,Q,USD_PPP,NATURE,2019,,K,6,0,2020,Y8
OECD.EDU.IMEP:DSD_EAG_UOE_FIN@DF_UOE_FIN_NATURE_STAFF(3.1),ISR,EXP,ISCED11_1T8,_T,INST_EDU_PRIV_GOV,CUR_RET,Q,USD_PPP,NATURE,2020,,K,6,0,2020,Y8
OECD.EDU.IMEP:DSD_EAG_UOE_FIN@DF_UOE_FIN_NATURE_STAFF(3.1),ISR,EXP,ISCED11_1T8,_T,INST_EDU_PRIV_GOV,CUR_RET,Q,USD_PPP,NATURE,2021,,K,6,0,2020,Y8
OECD.EDU.IMEP:DSD_EAG_UOE_FIN@DF_UOE_FIN_NATURE_STAFF(3.1),ISR,EXP,ISCED11_1T8,_T,INST_EDU_PRIV_GOV,CUR_RET,Q,USD_PPP,NATURE,2022,,K,6,0,2020,Y8
OECD.EDU.IMEP:DSD_EAG_UOE_FIN@DF_UOE_FIN_NATURE_STAFF(3.1),DEU,EXP,ISCED11_1T8,_T,INST_EDU_PRIV_GOV,CUR_RET,Q,USD_PPP,NATURE,2015,,K,6,0,2020,Y8
OECD.EDU.IMEP:DSD_EAG_UOE_FIN@DF_UOE_FIN_NATURE_STAFF(3.1),DEU,EXP,ISCED11_1T8,_T,INST_EDU_PRIV_GOV,CUR_RET,Q,USD_PPP,NATURE,2016,,K,6,0,2020,Y8
OECD.EDU.IMEP:DSD_EAG_UOE_FIN@DF_UOE_FIN_NATURE_STAFF(3.1),DEU,EXP,ISCED11_1T8,_T,INST_EDU_PRIV_GOV,CUR_RET,Q,USD_PPP,NATURE,2017,,K,6,0,2020,Y8
OECD.EDU.IMEP:DSD_EAG_UOE_FIN@DF_UOE_FIN_NATURE_STAFF(3.1),DEU,EXP,ISCED11_1T8,_T,INST_EDU_PRIV_GOV,CUR_RET,Q,USD_PPP,NATURE,2018,,K,6,0,2020,Y8
OECD.EDU.IMEP:DSD_EAG_UOE_FIN@DF_UOE_FIN_NATURE_STAFF(3.1),DEU,EXP,ISCED11_1T8,_T,INST_EDU_PRIV_GOV,CUR_RET,Q,USD_PPP,NATURE,2019,,K,6,0,2020,Y8
OECD.EDU.IMEP:DSD_EAG_UOE_FIN@DF_UOE_FIN_NATURE_STAFF(3.1),DEU,EXP,ISCED11_1T8,_T,INST_EDU_PRIV_GOV,CUR_RET,Q,USD_PPP,NATURE,2020,,K,6,0,2020,Y8
OECD.EDU.IMEP:DSD_EAG_UOE_FIN@DF_UOE_FIN_NATURE_STAFF(3.1),DEU,EXP,ISCED11_1T8,_T,INST_EDU_PRIV_GOV,CUR_RET,Q,USD_PPP,NATURE,2021,,K,6,0,2020,Y8
OECD.EDU.IMEP:DSD_EAG_UOE_FIN@DF_UOE_FIN_NATURE_STAFF(3.1),DEU,EXP,ISCED11_1T8,_T,INST_EDU_PRIV_GOV,CUR_RET,Q,USD_PPP,NATURE,2022,,K,6,0,2020,Y8
OECD.EDU.IMEP:DSD_EAG_UOE_FIN@DF_UOE_FIN_NATURE_STAFF(3.1),BEL,EXP,ISCED11_1T8,_T,INST_EDU_PRIV_GOV,CUR_RET,Q,USD_PPP,NATURE,2015,,K,6,0,2020,Y8
OECD.EDU.IMEP:DSD_EAG_UOE_FIN@DF_UOE_FIN_NATURE_STAFF(3.1),BEL,EXP,ISCED11_1T8,_T,INST_EDU_PRIV_GOV,CUR_RET,Q,USD_PPP,NATURE,2016,,K,6,0,2020,Y8
OECD.EDU.IMEP:DSD_EAG_UOE_FIN@DF_UOE_FIN_NATURE_STAFF(3.1),BEL,EXP,ISCED11_1T8,_T,INST_EDU_PRIV_GOV,CUR_RET,Q,USD_PPP,NATURE,2017,,K,6,0,2020,Y8
OECD.EDU.IMEP:DSD_EAG_UOE_FIN@DF_UOE_FIN_NATURE_STAFF(3.1),BEL,EXP,ISCED11_1T8,_T,INST_EDU_PRIV_GOV,CUR_RET,Q,USD_PPP,NATURE,2018,,K,6,0,2020,Y8
OECD.EDU.IMEP:DSD_EAG_UOE_FIN@DF_UOE_FIN_NATURE_STAFF(3.1),BEL,EXP,ISCED11_1T8,_T,INST_EDU_PRIV_GOV,CUR_RET,Q,USD_PPP,NATURE,2019,,K,6,0,2020,Y8
OECD.EDU.IMEP:DSD_EAG_UOE_FIN@DF_UOE_FIN_NATURE_STAFF(3.1),BEL,EXP,ISCED11_1T8,_T,INST_EDU_PRIV_GOV,CUR_RET,Q,USD_PPP,NATURE,2020,,K,6,0,2020,Y8
OECD.EDU.IMEP:DSD_EAG_UOE_FIN@DF_UOE_FIN_NATURE_STAFF(3.1),BEL,EXP,ISCED11_1T8,_T,INST_EDU_PRIV_GOV,CUR_RET,Q,USD_PPP,NATURE,2021,,K,6,0,2020,Y8
OECD.EDU.IMEP:DSD_EAG_UOE_FIN@DF_UOE_FIN_NATURE_STAFF(3.1),BEL,EXP,ISCED11_1T8,_T,INST_EDU_PRIV_GOV,CUR_RET,Q,USD_PPP,NATURE,2022,,K,6,0,2020,Y8
OECD.EDU.IMEP:DSD_EAG_UOE_FIN@DF_UOE_FIN_NATURE_STAFF(3.1),ESP,EXP,ISCED11_1T8,_T,INST_EDU_PRIV_GOV,CUR_RET,Q,USD_PPP,NATURE,2015,,K,6,0,2020,Y8
OECD.EDU.IMEP:DSD_EAG_UOE_FIN@DF_UOE_FIN_NATURE_STAFF(3.1),ESP,EXP,ISCED11_1T8,_T,INST_EDU_PRIV_GOV,CUR_RET,Q,USD_PPP,NATURE,2016,,K,6,0,2020,Y8
OECD.EDU.IMEP:DSD_EAG_UOE_FIN@DF_UOE_FIN_NATURE_STAFF(3.1),ESP,EXP,ISCED11_1T8,_T,INST_EDU_PRIV_GOV,CUR_RET,Q,USD_PPP,NATURE,2017,,K,6,0,2020,Y8
OECD.EDU.IMEP:DSD_EAG_UOE_FIN@DF_UOE_FIN_NATURE_STAFF(3.1),ESP,EXP,ISCED11_1T8,_T,INST_EDU_PRIV_GOV,CUR_RET,Q,USD_PPP,NATURE,2018,,K,6,0,2020,Y8
OECD.EDU.IMEP:DSD_EAG_UOE_FIN@DF_UOE_FIN_NATURE_STAFF(3.1),ESP,EXP,ISCED11_1T8,_T,INST_EDU_PRIV_GOV,CUR_RET,Q,USD_PPP,NATURE,2019,,K,6,0,2020,Y8
OECD.EDU.IMEP:DSD_EAG_UOE_FIN@DF_UOE_FIN_NATURE_STAFF(3.1),ESP,EXP,ISCED11_1T8,_T,INST_EDU_PRIV_GOV,CUR_RET,Q,USD_PPP,NATURE,2020,,K,6,0,2020,Y8
OECD.EDU.IMEP:DSD_EAG_UOE_FIN@DF_UOE_FIN_NATURE_STAFF(3.1),ESP,EXP,ISCED11_1T8,_T,INST_EDU_PRIV_GOV,CUR_RET,Q,USD_PPP,NATURE,2021,,K,6,0,2020,Y8
OECD.EDU.IMEP:DSD_EAG_UOE_FIN@DF_UOE_FIN_NATURE_STAFF(3.1),ESP,EXP,ISCED11_1T8,_T,INST_EDU_PRIV_GOV,CUR_RET,Q,USD_PPP,NATURE,2022,,K,6,0,2020,Y8
OECD.EDU.IMEP:DSD_EAG_UOE_FIN@DF_UOE_FIN_NATURE_STAFF(3.1),HUN,EXP,ISCED11_1T8,_T,INST_EDU_PRIV_GOV,CUR_RET,Q,USD_PPP,NATURE,2015,,K,6,0,2020,Y8
OECD.EDU.IMEP:DSD_EAG_UOE_FIN@DF_UOE_FIN_NATURE_STAFF(3.1),HUN,EXP,ISCED11_1T8,_T,INST_EDU_PRIV_GOV,CUR_RET,Q,USD_PPP,NATURE,2016,,K,6,0,2020,Y8
OECD.EDU.IMEP:DSD_EAG_UOE_FIN@DF_UOE_FIN_NATURE_STAFF(3.1),HUN,EXP,ISCED11_1T8,_T,INST_EDU_PRIV_GOV,CUR_RET,Q,USD_PPP,NATURE,2017,,K,6,0,2020,Y8
OECD.EDU.IMEP:DSD_EAG_UOE_FIN@DF_UOE_FIN_NATURE_STAFF(3.1),HUN,EXP,ISCED11_1T8,_T,INST_EDU_PRIV_GOV,CUR_RET,Q,USD_PPP,NATURE,2018,,K,6,0,2020,Y8
OECD.EDU.IMEP:DSD_EAG_UOE_FIN@DF_UOE_FIN_NATURE_STAFF(3.1),HUN,EXP,ISCED11_1T8,_T,INST_EDU_PRIV_GOV,CUR_RET,Q,USD_PPP,NATURE,2019,,K,6,0,2020,Y8
OECD.EDU.IMEP:DSD_EAG_UOE_FIN@DF_UOE_FIN_NATURE_STAFF(3.1),HUN,EXP,ISCED11_1T8,_T,INST_EDU_PRIV_GOV,CUR_RET,Q,USD_PPP,NATURE,2020,,K,6,0,2020,Y8
OECD.EDU.IMEP:DSD_EAG_UOE_FIN@DF_UOE_FIN_NATURE_STAFF(3.1),HUN,EXP,ISCED11_1T8,_T,INST_EDU_PRIV_GOV,CUR_RET,Q,USD_PPP,NATURE,2021,,K,6,0,2020,Y8
OECD.EDU.IMEP:DSD_EAG_UOE_FIN@DF_UOE_FIN_NATURE_STAFF(3.1),HUN,EXP,ISCED11_1T8,_T,INST_EDU_PRIV_GOV,CUR_RET,Q,USD_PPP,NATURE,2022,,K,6,0,2020,Y8
OECD.EDU.IMEP:DSD_EAG_UOE_FIN@DF_UOE_FIN_NATURE_STAFF(3.1),CRI,EXP,ISCED11_1T8,_T,INST_EDU_PRIV_GOV,CUR_RET,Q,USD_PPP,NATURE,2016,,K,6,0,2020,Y8
OECD.EDU.IMEP:DSD_EAG_UOE_FIN@DF_UOE_FIN_NATURE_STAFF(3.1),CRI,EXP,ISCED11_1T8,_T,INST_EDU_PRIV_GOV,CUR_RET,Q,USD_PPP,NATURE,2018,,K,6,0,2020,Y8
OECD.EDU.IMEP:DSD_EAG_UOE_FIN@DF_UOE_FIN_NATURE_STAFF(3.1),CRI,EXP,ISCED11_1T8,_T,INST_EDU_PRIV_GOV,CUR_RET,Q,USD_PPP,NATURE,2019,,K,6,0,2020,Y8
OECD.EDU.IMEP:DSD_EAG_UOE_FIN@DF_UOE_FIN_NATURE_STAFF(3.1),CRI,EXP,ISCED11_1T8,_T,INST_EDU_PRIV_GOV,CUR_RET,Q,USD_PPP,NATURE,2020,,K,6,0,2020,Y8
OECD.EDU.IMEP:DSD_EAG_UOE_FIN@DF_UOE_FIN_NATURE_STAFF(3.1),CRI,EXP,ISCED11_1T8,_T,INST_EDU_PRIV_GOV,CUR_RET,Q,USD_PPP,NATURE,2021,,K,6,0,2020,Y8
OECD.EDU.IMEP:DSD_EAG_UOE_FIN@DF_UOE_FIN_NATURE_STAFF(3.1),CRI,EXP,ISCED11_1T8,_T,INST_EDU_PRIV_GOV,CUR_RET,Q,USD_PPP,NATURE,2022,,K,6,0,2020,Y8
OECD.EDU.IMEP:DSD_EAG_UOE_FIN@DF_UOE_FIN_NATURE_STAFF(3.1),CRI,EXP,ISCED11_1T8,_T,INST_EDU_PRIV_GOV,CUR_RET,Q,USD_PPP,NATURE,2023,,K,6,0,2020,Y8
OECD.EDU.IMEP:DSD_EAG_UOE_FIN@DF_UOE_FIN_NATURE_STAFF(3.1),NOR,EXP,ISCED11_1T8,_T,INST_EDU_PRIV_GOV,CUR_RET,Q,USD_PPP,NATURE,2016,,K,6,0,2020,Y8
OECD.EDU.IMEP:DSD_EAG_UOE_FIN@DF_UOE_FIN_NATURE_STAFF(3.1),NOR,EXP,ISCED11_1T8,_T,INST_EDU_PRIV_GOV,CUR_RET,Q,USD_PPP,NATURE,2017,,K,6,0,2020,Y8
OECD.EDU.IMEP:DSD_EAG_UOE_FIN@DF_UOE_FIN_NATURE_STAFF(3.1),NOR,EXP,ISCED11_1T8,_T,INST_EDU_PRIV_GOV,CUR_RET,Q,USD_PPP,NATURE,2018,,K,6,0,2020,Y8
OECD.EDU.IMEP:DSD_EAG_UOE_FIN@DF_UOE_FIN_NATURE_STAFF(3.1),NOR,EXP,ISCED11_1T8,_T,INST_EDU_PRIV_GOV,CUR_RET,Q,USD_PPP,NATURE,2021,,K,6,0,2020,Y8
OECD.EDU.IMEP:DSD_EAG_UOE_FIN@DF_UOE_FIN_NATURE_STAFF(3.1),NOR,EXP,ISCED11_1T8,_T,INST_EDU_PRIV_GOV,CUR_RET,Q,USD_PPP,NATURE,2022,,K,6,0,2020,Y8
OECD.EDU.IMEP:DSD_EAG_UOE_FIN@DF_UOE_FIN_NATURE_STAFF(3.1),SVN,EXP,ISCED11_1T8,_T,INST_EDU_PRIV_GOV,CUR_RET,Q,USD_PPP,NATURE,2015,,K,6,0,2020,Y8
OECD.EDU.IMEP:DSD_EAG_UOE_FIN@DF_UOE_FIN_NATURE_STAFF(3.1),SVN,EXP,ISCED11_1T8,_T,INST_EDU_PRIV_GOV,CUR_RET,Q,USD_PPP,NATURE,2016,,K,6,0,2020,Y8
OECD.EDU.IMEP:DSD_EAG_UOE_FIN@DF_UOE_FIN_NATURE_STAFF(3.1),SVN,EXP,ISCED11_1T8,_T,INST_EDU_PRIV_GOV,CUR_RET,Q,USD_PPP,NATURE,2017,,K,6,0,2020,Y8
OECD.EDU.IMEP:DSD_EAG_UOE_FIN@DF_UOE_FIN_NATURE_STAFF(3.1),POL,EXP,ISCED11_1T8,_T,INST_EDU_PRIV_GOV,CUR_RET,Q,USD_PPP,NATURE,2015,,K,6,0,2020,Y8
OECD.EDU.IMEP:DSD_EAG_UOE_FIN@DF_UOE_FIN_NATURE_STAFF(3.1),POL,EXP,ISCED11_1T8,_T,INST_EDU_PRIV_GOV,CUR_RET,Q,USD_PPP,NATURE,2016,,K,6,0,2020,Y8
OECD.EDU.IMEP:DSD_EAG_UOE_FIN@DF_UOE_FIN_NATURE_STAFF(3.1),POL,EXP,ISCED11_1T8,_T,INST_EDU_PRIV_GOV,CUR_RET,Q,USD_PPP,NATURE,2017,,K,6,0,2020,Y8
OECD.EDU.IMEP:DSD_EAG_UOE_FIN@DF_UOE_FIN_NATURE_STAFF(3.1),POL,EXP,ISCED11_1T8,_T,INST_EDU_PRIV_GOV,CUR_RET,Q,USD_PPP,NATURE,2018,,K,6,0,2020,Y8
OECD.EDU.IMEP:DSD_EAG_UOE_FIN@DF_UOE_FIN_NATURE_STAFF(3.1),POL,EXP,ISCED11_1T8,_T,INST_EDU_PRIV_GOV,CUR_RET,Q,USD_PPP,NATURE,2019,,K,6,0,2020,Y8
OECD.EDU.IMEP:DSD_EAG_UOE_FIN@DF_UOE_FIN_NATURE_STAFF(3.1),POL,EXP,ISCED11_1T8,_T,INST_EDU_PRIV_GOV,CUR_RET,Q,USD_PPP,NATURE,2020,,K,6,0,2020,Y8
OECD.EDU.IMEP:DSD_EAG_UOE_FIN@DF_UOE_FIN_NATURE_STAFF(3.1),POL,EXP,ISCED11_1T8,_T,INST_EDU_PRIV_GOV,CUR_RET,Q,USD_PPP,NATURE,2021,,K,6,0,2020,Y8
OECD.EDU.IMEP:DSD_EAG_UOE_FIN@DF_UOE_FIN_NATURE_STAFF(3.1),POL,EXP,ISCED11_1T8,_T,INST_EDU_PRIV_GOV,CUR_RET,Q,USD_PPP,NATURE,2022,,K,6,0,2020,Y8
OECD.EDU.IMEP:DSD_EAG_UOE_FIN@DF_UOE_FIN_NATURE_STAFF(3.1),ISL,EXP,ISCED11_1T8,_T,INST_EDU_PRIV_GOV,CUR_RET,Q,USD_PPP,NATURE,2016,,K,6,0,2020,Y8
OECD.EDU.IMEP:DSD_EAG_UOE_FIN@DF_UOE_FIN_NATURE_STAFF(3.1),ISL,EXP,ISCED11_1T8,_T,INST_EDU_PRIV_GOV,CUR_RET,Q,USD_PPP,NATURE,2017,,K,6,0,2020,Y8
OECD.EDU.IMEP:DSD_EAG_UOE_FIN@DF_UOE_FIN_NATURE_STAFF(3.1),ISL,EXP,ISCED11_1T8,_T,INST_EDU_PRIV_GOV,CUR_RET,Q,USD_PPP,NATURE,2018,,K,6,0,2020,Y8
OECD.EDU.IMEP:DSD_EAG_UOE_FIN@DF_UOE_FIN_NATURE_STAFF(3.1),ISL,EXP,ISCED11_1T8,_T,INST_EDU_PRIV_GOV,CUR_RET,Q,USD_PPP,NATURE,2019,,K,6,0,2020,Y8
OECD.EDU.IMEP:DSD_EAG_UOE_FIN@DF_UOE_FIN_NATURE_STAFF(3.1),ISL,EXP,ISCED11_1T8,_T,INST_EDU_PRIV_GOV,CUR_RET,Q,USD_PPP,NATURE,2020,,K,6,0,2020,Y8
OECD.EDU.IMEP:DSD_EAG_UOE_FIN@DF_UOE_FIN_NATURE_STAFF(3.1),ISL,EXP,ISCED11_1T8,_T,INST_EDU_PRIV_GOV,CUR_RET,Q,USD_PPP,NATURE,2021,,K,6,0,2020,Y8
OECD.EDU.IMEP:DSD_EAG_UOE_FIN@DF_UOE_FIN_NATURE_STAFF(3.1),ISL,EXP,ISCED11_1T8,_T,INST_EDU_PRIV_GOV,CUR_RET,Q,USD_PPP,NATURE,2022,,K,6,0,2020,Y8
OECD.EDU.IMEP:DSD_EAG_UOE_FIN@DF_UOE_FIN_NATURE_STAFF(3.1),FRA,EXP,ISCED11_1T8,_T,INST_EDU_PRIV_GOV,CUR_RET,Q,USD_PPP,NATURE,2016,,K,6,0,2020,Y8
OECD.EDU.IMEP:DSD_EAG_UOE_FIN@DF_UOE_FIN_NATURE_STAFF(3.1),FRA,EXP,ISCED11_1T8,_T,INST_EDU_PRIV_GOV,CUR_RET,Q,USD_PPP,NATURE,2017,,K,6,0,2020,Y8
OECD.EDU.IMEP:DSD_EAG_UOE_FIN@DF_UOE_FIN_NATURE_STAFF(3.1),FRA,EXP,ISCED11_1T8,_T,INST_EDU_PRIV_GOV,CUR_RET,Q,USD_PPP,NATURE,2018,,K,6,0,2020,Y8
OECD.EDU.IMEP:DSD_EAG_UOE_FIN@DF_UOE_FIN_NATURE_STAFF(3.1),FRA,EXP,ISCED11_1T8,_T,INST_EDU_PRIV_GOV,CUR_RET,Q,USD_PPP,NATURE,2019,,K,6,0,2020,Y8
OECD.EDU.IMEP:DSD_EAG_UOE_FIN@DF_UOE_FIN_NATURE_STAFF(3.1),FRA,EXP,ISCED11_1T8,_T,INST_EDU_PRIV_GOV,CUR_RET,Q,USD_PPP,NATURE,2020,,K,6,0,2020,Y8
OECD.EDU.IMEP:DSD_EAG_UOE_FIN@DF_UOE_FIN_NATURE_STAFF(3.1),FRA,EXP,ISCED11_1T8,_T,INST_EDU_PRIV_GOV,CUR_RET,Q,USD_PPP,NATURE,2021,,K,6,0,2020,Y8
OECD.EDU.IMEP:DSD_EAG_UOE_FIN@DF_UOE_FIN_NATURE_STAFF(3.1),FRA,EXP,ISCED11_1T8,_T,INST_EDU_PRIV_GOV,CUR_RET,Q,USD_PPP,NATURE,2022,,K,6,0,2020,Y8
OECD.EDU.IMEP:DSD_EAG_UOE_FIN@DF_UOE_FIN_NATURE_STAFF(3.1),PRT,EXP,ISCED11_1T8,_T,INST_EDU_PRIV_GOV,CUR_RET,Q,USD_PPP,NATURE,2016,,K,6,0,2020,Y8
OECD.EDU.IMEP:DSD_EAG_UOE_FIN@DF_UOE_FIN_NATURE_STAFF(3.1),PRT,EXP,ISCED11_1T8,_T,INST_EDU_PRIV_GOV,CUR_RET,Q,USD_PPP,NATURE,2017,,K,6,0,2020,Y8
OECD.EDU.IMEP:DSD_EAG_UOE_FIN@DF_UOE_FIN_NATURE_STAFF(3.1),PRT,EXP,ISCED11_1T8,_T,INST_EDU_PRIV_GOV,CUR_RET,Q,USD_PPP,NATURE,2018,,K,6,0,2020,Y8
OECD.EDU.IMEP:DSD_EAG_UOE_FIN@DF_UOE_FIN_NATURE_STAFF(3.1),PRT,EXP,ISCED11_1T8,_T,INST_EDU_PRIV_GOV,CUR_RET,Q,USD_PPP,NATURE,2019,,K,6,0,2020,Y8
OECD.EDU.IMEP:DSD_EAG_UOE_FIN@DF_UOE_FIN_NATURE_STAFF(3.1),PRT,EXP,ISCED11_1T8,_T,INST_EDU_PRIV_GOV,CUR_RET,Q,USD_PPP,NATURE,2020,,K,6,0,2020,Y8
OECD.EDU.IMEP:DSD_EAG_UOE_FIN@DF_UOE_FIN_NATURE_STAFF(3.1),PRT,EXP,ISCED11_1T8,_T,INST_EDU_PRIV_GOV,CUR_RET,Q,USD_PPP,NATURE,2021,,K,6,0,2020,Y8
OECD.EDU.IMEP:DSD_EAG_UOE_FIN@DF_UOE_FIN_NATURE_STAFF(3.1),AUS,EXP,ISCED11_1T8,_T,INST_EDU_PRIV_GOV,CUR_RET,Q,USD_PPP,NATURE,2017,,K,6,0,2020,Y8
OECD.EDU.IMEP:DSD_EAG_UOE_FIN@DF_UOE_FIN_NATURE_STAFF(3.1),AUS,EXP,ISCED11_1T8,_T,INST_EDU_PRIV_GOV,CUR_RET,Q,USD_PPP,NATURE,2018,,K,6,0,2020,Y8
OECD.EDU.IMEP:DSD_EAG_UOE_FIN@DF_UOE_FIN_NATURE_STAFF(3.1),AUS,EXP,ISCED11_1T8,_T,INST_EDU_PRIV_GOV,CUR_RET,Q,USD_PPP,NATURE,2019,,K,6,0,2020,Y8
OECD.EDU.IMEP:DSD_EAG_UOE_FIN@DF_UOE_FIN_NATURE_STAFF(3.1),AUS,EXP,ISCED11_1T8,_T,INST_EDU_PRIV_GOV,CUR_RET,Q,USD_PPP,NATURE,2020,,K,6,0,2020,Y8
OECD.EDU.IMEP:DSD_EAG_UOE_FIN@DF_UOE_FIN_NATURE_STAFF(3.1),AUS,EXP,ISCED11_1T8,_T,INST_EDU_PRIV_GOV,CUR_RET,Q,USD_PPP,NATURE,2021,,K,6,0,2020,Y8
OECD.EDU.IMEP:DSD_EAG_UOE_FIN@DF_UOE_FIN_NATURE_STAFF(3.1),AUS,EXP,ISCED11_1T8,_T,INST_EDU_PRIV_GOV,CUR_RET,Q,USD_PPP,NATURE,2022,,K,6,0,2020,Y8
OECD.EDU.IMEP:DSD_EAG_UOE_FIN@DF_UOE_FIN_NATURE_STAFF(3.1),CHL,EXP,ISCED11_1T8,_T,INST_EDU_PRIV_GOV,CUR_RET,Q,USD_PPP,NATURE,2015,,K,6,0,2020,Y8
OECD.EDU.IMEP:DSD_EAG_UOE_FIN@DF_UOE_FIN_NATURE_STAFF(3.1),CHL,EXP,ISCED11_1T8,_T,INST_EDU_PRIV_GOV,CUR_RET,Q,USD_PPP,NATURE,2018,,K,6,0,2020,Y8
OECD.EDU.IMEP:DSD_EAG_UOE_FIN@DF_UOE_FIN_NATURE_STAFF(3.1),CHL,EXP,ISCED11_1T8,_T,INST_EDU_PRIV_GOV,CUR_RET,Q,USD_PPP,NATURE,2019,,K,6,0,2020,Y8
OECD.EDU.IMEP:DSD_EAG_UOE_FIN@DF_UOE_FIN_NATURE_STAFF(3.1),CHL,EXP,ISCED11_1T8,_T,INST_EDU_PRIV_GOV,CUR_RET,Q,USD_PPP,NATURE,2020,,K,6,0,2020,Y8
OECD.EDU.IMEP:DSD_EAG_UOE_FIN@DF_UOE_FIN_NATURE_STAFF(3.1),NLD,EXP,ISCED11_1T8,_T,INST_EDU_PRIV_GOV,CUR_RET,Q,USD_PPP,NATURE,2015,,K,6,0,2020,Y8
OECD.EDU.IMEP:DSD_EAG_UOE_FIN@DF_UOE_FIN_NATURE_STAFF(3.1),NLD,EXP,ISCED11_1T8,_T,INST_EDU_PRIV_GOV,CUR_RET,Q,USD_PPP,NATURE,2021,,K,6,0,2020,Y8
OECD.EDU.IMEP:DSD_EAG_UOE_FIN@DF_UOE_FIN_NATURE_STAFF(3.1),NLD,EXP,ISCED11_1T8,_T,INST_EDU_PRIV_GOV,CUR_RET,Q,USD_PPP,NATURE,2022,,K,6,0,2020,Y8
OECD.EDU.IMEP:DSD_EAG_UOE_FIN@DF_UOE_FIN_NATURE_STAFF(3.1),DNK,EXP,ISCED11_1T8,_T,INST_EDU_PRIV_GOV,CUR_RET,Q,USD_PPP,NATURE,2021,,K,6,0,2020,Y8
OECD.EDU.IMEP:DSD_EAG_UOE_FIN@DF_UOE_FIN_NATURE_STAFF(3.1),DNK,EXP,ISCED11_1T8,_T,INST_EDU_PRIV_GOV,CUR_RET,Q,USD_PPP,NATURE,2022,,K,6,0,2020,Y8
OECD.EDU.IMEP:DSD_EAG_UOE_FIN@DF_UOE_FIN_NATURE_STAFF(3.1),LUX,EXP,ISCED11_1T8,_T,INST_EDU_PRIV_GOV,CUR_RET,Q,USD_PPP,NATURE,2016,,K,6,0,2020,Y8
OECD.EDU.IMEP:DSD_EAG_UOE_FIN@DF_UOE_FIN_NATURE_STAFF(3.1),LUX,EXP,ISCED11_1T8,_T,INST_EDU_PRIV_GOV,CUR_RET,Q,USD_PPP,NATURE,2017,,K,6,0,2020,Y8
OECD.EDU.IMEP:DSD_EAG_UOE_FIN@DF_UOE_FIN_NATURE_STAFF(3.1),AUT,EXP,ISCED11_1T8,_T,INST_EDU_PRIV_GOV,CUR_RET,Q,USD_PPP,NATURE,2015,,K,6,0,2020,Y8
OECD.EDU.IMEP:DSD_EAG_UOE_FIN@DF_UOE_FIN_NATURE_STAFF(3.1),AUT,EXP,ISCED11_1T8,_T,INST_EDU_PRIV_GOV,CUR_RET,Q,USD_PPP,NATURE,2016,,K,6,0,2020,Y8
OECD.EDU.IMEP:DSD_EAG_UOE_FIN@DF_UOE_FIN_NATURE_STAFF(3.1),AUT,EXP,ISCED11_1T8,_T,INST_EDU_PRIV_GOV,CUR_RET,Q,USD_PPP,NATURE,2017,,K,6,0,2020,Y8
OECD.EDU.IMEP:DSD_EAG_UOE_FIN@DF_UOE_FIN_NATURE_STAFF(3.1),AUT,EXP,ISCED11_1T8,_T,INST_EDU_PRIV_GOV,CUR_RET,Q,USD_PPP,NATURE,2018,,K,6,0,2020,Y8
OECD.EDU.IMEP:DSD_EAG_UOE_FIN@DF_UOE_FIN_NATURE_STAFF(3.1),AUT,EXP,ISCED11_1T8,_T,INST_EDU_PRIV_GOV,CUR_RET,Q,USD_PPP,NATURE,2019,,K,6,0,2020,Y8
OECD.EDU.IMEP:DSD_EAG_UOE_FIN@DF_UOE_FIN_NATURE_STAFF(3.1),AUT,EXP,ISCED11_1T8,_T,INST_EDU_PRIV_GOV,CUR_RET,Q,USD_PPP,NATURE,2020,,K,6,0,2020,Y8
OECD.EDU.IMEP:DSD_EAG_UOE_FIN@DF_UOE_FIN_NATURE_STAFF(3.1),AUT,EXP,ISCED11_1T8,_T,INST_EDU_PRIV_GOV,CUR_RET,Q,USD_PPP,NATURE,2021,,K,6,0,2020,Y8
OECD.EDU.IMEP:DSD_EAG_UOE_FIN@DF_UOE_FIN_NATURE_STAFF(3.1),AUT,EXP,ISCED11_1T8,_T,INST_EDU_PRIV_GOV,CUR_RET,Q,USD_PPP,NATURE,2022,,K,6,0,2020,Y8
OECD.EDU.IMEP:DSD_EAG_UOE_FIN@DF_UOE_FIN_NATURE_STAFF(3.1),ISR,EXP,ISCED11_1T8,_T,INST_EDU_PRIV_GOV,CUR_NLC,Q,USD_PPP,NATURE,2015,,K,6,0,2020,Y9
OECD.EDU.IMEP:DSD_EAG_UOE_FIN@DF_UOE_FIN_NATURE_STAFF(3.1),ISR,EXP,ISCED11_1T8,_T,INST_EDU_PRIV_GOV,CUR_NLC,Q,USD_PPP,NATURE,2016,,K,6,0,2020,Y9
OECD.EDU.IMEP:DSD_EAG_UOE_FIN@DF_UOE_FIN_NATURE_STAFF(3.1),ISR,EXP,ISCED11_1T8,_T,INST_EDU_PRIV_GOV,CUR_NLC,Q,USD_PPP,NATURE,2017,,K,6,0,2020,Y9
OECD.EDU.IMEP:DSD_EAG_UOE_FIN@DF_UOE_FIN_NATURE_STAFF(3.1),ISR,EXP,ISCED11_1T8,_T,INST_EDU_PRIV_GOV,CUR_NLC,Q,USD_PPP,NATURE,2018,,K,6,0,2020,Y9
OECD.EDU.IMEP:DSD_EAG_UOE_FIN@DF_UOE_FIN_NATURE_STAFF(3.1),ISR,EXP,ISCED11_1T8,_T,INST_EDU_PRIV_GOV,CUR_NLC,Q,USD_PPP,NATURE,2019,,K,6,0,2020,Y9
OECD.EDU.IMEP:DSD_EAG_UOE_FIN@DF_UOE_FIN_NATURE_STAFF(3.1),ISR,EXP,ISCED11_1T8,_T,INST_EDU_PRIV_GOV,CUR_NLC,Q,USD_PPP,NATURE,2020,,K,6,0,2020,Y9
OECD.EDU.IMEP:DSD_EAG_UOE_FIN@DF_UOE_FIN_NATURE_STAFF(3.1),ISR,EXP,ISCED11_1T8,_T,INST_EDU_PRIV_GOV,CUR_NLC,Q,USD_PPP,NATURE,2021,,K,6,0,2020,Y9
OECD.EDU.IMEP:DSD_EAG_UOE_FIN@DF_UOE_FIN_NATURE_STAFF(3.1),ISR,EXP,ISCED11_1T8,_T,INST_EDU_PRIV_GOV,CUR_NLC,Q,USD_PPP,NATURE,2022,,K,6,0,2020,Y9
OECD.EDU.IMEP:DSD_EAG_UOE_FIN@DF_UOE_FIN_NATURE_STAFF(3.1),DEU,EXP,ISCED11_1T8,_T,INST_EDU_PRIV_GOV,CUR_NLC,Q,USD_PPP,NATURE,2015,,K,6,0,2020,Y9
OECD.EDU.IMEP:DSD_EAG_UOE_FIN@DF_UOE_FIN_NATURE_STAFF(3.1),DEU,EXP,ISCED11_1T8,_T,INST_EDU_PRIV_GOV,CUR_NLC,Q,USD_PPP,NATURE,2016,,K,6,0,2020,Y9
OECD.EDU.IMEP:DSD_EAG_UOE_FIN@DF_UOE_FIN_NATURE_STAFF(3.1),DEU,EXP,ISCED11_1T8,_T,INST_EDU_PRIV_GOV,CUR_NLC,Q,USD_PPP,NATURE,2017,,K,6,0,2020,Y9
OECD.EDU.IMEP:DSD_EAG_UOE_FIN@DF_UOE_FIN_NATURE_STAFF(3.1),DEU,EXP,ISCED11_1T8,_T,INST_EDU_PRIV_GOV,CUR_NLC,Q,USD_PPP,NATURE,2018,,K,6,0,2020,Y9
OECD.EDU.IMEP:DSD_EAG_UOE_FIN@DF_UOE_FIN_NATURE_STAFF(3.1),DEU,EXP,ISCED11_1T8,_T,INST_EDU_PRIV_GOV,CUR_NLC,Q,USD_PPP,NATURE,2019,,K,6,0,2020,Y9
OECD.EDU.IMEP:DSD_EAG_UOE_FIN@DF_UOE_FIN_NATURE_STAFF(3.1),DEU,EXP,ISCED11_1T8,_T,INST_EDU_PRIV_GOV,CUR_NLC,Q,USD_PPP,NATURE,2020,,K,6,0,2020,Y9
OECD.EDU.IMEP:DSD_EAG_UOE_FIN@DF_UOE_FIN_NATURE_STAFF(3.1),DEU,EXP,ISCED11_1T8,_T,INST_EDU_PRIV_GOV,CUR_NLC,Q,USD_PPP,NATURE,2021,,K,6,0,2020,Y9
OECD.EDU.IMEP:DSD_EAG_UOE_FIN@DF_UOE_FIN_NATURE_STAFF(3.1),DEU,EXP,ISCED11_1T8,_T,INST_EDU_PRIV_GOV,CUR_NLC,Q,USD_PPP,NATURE,2022,,K,6,0,2020,Y9
OECD.EDU.IMEP:DSD_EAG_UOE_FIN@DF_UOE_FIN_NATURE_STAFF(3.1),BEL,EXP,ISCED11_1T8,_T,INST_EDU_PRIV_GOV,CUR_NLC,Q,USD_PPP,NATURE,2015,,K,6,0,2020,Y9
OECD.EDU.IMEP:DSD_EAG_UOE_FIN@DF_UOE_FIN_NATURE_STAFF(3.1),BEL,EXP,ISCED11_1T8,_T,INST_EDU_PRIV_GOV,CUR_NLC,Q,USD_PPP,NATURE,2016,,K,6,0,2020,Y9
OECD.EDU.IMEP:DSD_EAG_UOE_FIN@DF_UOE_FIN_NATURE_STAFF(3.1),BEL,EXP,ISCED11_1T8,_T,INST_EDU_PRIV_GOV,CUR_NLC,Q,USD_PPP,NATURE,2017,,K,6,0,2020,Y9
OECD.EDU.IMEP:DSD_EAG_UOE_FIN@DF_UOE_FIN_NATURE_STAFF(3.1),BEL,EXP,ISCED11_1T8,_T,INST_EDU_PRIV_GOV,CUR_NLC,Q,USD_PPP,NATURE,2018,,K,6,0,2020,Y9
OECD.EDU.IMEP:DSD_EAG_UOE_FIN@DF_UOE_FIN_NATURE_STAFF(3.1),BEL,EXP,ISCED11_1T8,_T,INST_EDU_PRIV_GOV,CUR_NLC,Q,USD_PPP,NATURE,2019,,K,6,0,2020,Y9
OECD.EDU.IMEP:DSD_EAG_UOE_FIN@DF_UOE_FIN_NATURE_STAFF(3.1),BEL,EXP,ISCED11_1T8,_T,INST_EDU_PRIV_GOV,CUR_NLC,Q,USD_PPP,NATURE,2020,,K,6,0,2020,Y9
OECD.EDU.IMEP:DSD_EAG_UOE_FIN@DF_UOE_FIN_NATURE_STAFF(3.1),BEL,EXP,ISCED11_1T8,_T,INST_EDU_PRIV_GOV,CUR_NLC,Q,USD_PPP,NATURE,2021,,K,6,0,2020,Y9
OECD.EDU.IMEP:DSD_EAG_UOE_FIN@DF_UOE_FIN_NATURE_STAFF(3.1),BEL,EXP,ISCED11_1T8,_T,INST_EDU_PRIV_GOV,CUR_NLC,Q,USD_PPP,NATURE,2022,,K,6,0,2020,Y9
OECD.EDU.IMEP:DSD_EAG_UOE_FIN@DF_UOE_FIN_NATURE_STAFF(3.1),ESP,EXP,ISCED11_1T8,_T,INST_EDU_PRIV_GOV,CUR_NLC,Q,USD_PPP,NATURE,2015,,K,6,0,2020,Y9
OECD.EDU.IMEP:DSD_EAG_UOE_FIN@DF_UOE_FIN_NATURE_STAFF(3.1),ESP,EXP,ISCED11_1T8,_T,INST_EDU_PRIV_GOV,CUR_NLC,Q,USD_PPP,NATURE,2016,,K,6,0,2020,Y9
OECD.EDU.IMEP:DSD_EAG_UOE_FIN@DF_UOE_FIN_NATURE_STAFF(3.1),ESP,EXP,ISCED11_1T8,_T,INST_EDU_PRIV_GOV,CUR_NLC,Q,USD_PPP,NATURE,2017,,K,6,0,2020,Y9
OECD.EDU.IMEP:DSD_EAG_UOE_FIN@DF_UOE_FIN_NATURE_STAFF(3.1),ESP,EXP,ISCED11_1T8,_T,INST_EDU_PRIV_GOV,CUR_NLC,Q,USD_PPP,NATURE,2018,,K,6,0,2020,Y9
OECD.EDU.IMEP:DSD_EAG_UOE_FIN@DF_UOE_FIN_NATURE_STAFF(3.1),ESP,EXP,ISCED11_1T8,_T,INST_EDU_PRIV_GOV,CUR_NLC,Q,USD_PPP,NATURE,2019,,K,6,0,2020,Y9
OECD.EDU.IMEP:DSD_EAG_UOE_FIN@DF_UOE_FIN_NATURE_STAFF(3.1),ESP,EXP,ISCED11_1T8,_T,INST_EDU_PRIV_GOV,CUR_NLC,Q,USD_PPP,NATURE,2020,,K,6,0,2020,Y9
OECD.EDU.IMEP:DSD_EAG_UOE_FIN@DF_UOE_FIN_NATURE_STAFF(3.1),ESP,EXP,ISCED11_1T8,_T,INST_EDU_PRIV_GOV,CUR_NLC,Q,USD_PPP,NATURE,2021,,K,6,0,2020,Y9
OECD.EDU.IMEP:DSD_EAG_UOE_FIN@DF_UOE_FIN_NATURE_STAFF(3.1),ESP,EXP,ISCED11_1T8,_T,INST_EDU_PRIV_GOV,CUR_NLC,Q,USD_PPP,NATURE,2022,,K,6,0,2020,Y9
OECD.EDU.IMEP:DSD_EAG_UOE_FIN@DF_UOE_FIN_NATURE_STAFF(3.1),HUN,EXP,ISCED11_1T8,_T,INST_EDU_PRIV_GOV,CUR_NLC,Q,USD_PPP,NATURE,2015,,K,6,0,2020,Y9
OECD.EDU.IMEP:DSD_EAG_UOE_FIN@DF_UOE_FIN_NATURE_STAFF(3.1),HUN,EXP,ISCED11_1T8,_T,INST_EDU_PRIV_GOV,CUR_NLC,Q,USD_PPP,NATURE,2016,,K,6,0,2020,Y9
OECD.EDU.IMEP:DSD_EAG_UOE_FIN@DF_UOE_FIN_NATURE_STAFF(3.1),HUN,EXP,ISCED11_1T8,_T,INST_EDU_PRIV_GOV,CUR_NLC,Q,USD_PPP,NATURE,2017,,K,6,0,2020,Y9
OECD.EDU.IMEP:DSD_EAG_UOE_FIN@DF_UOE_FIN_NATURE_STAFF(3.1),HUN,EXP,ISCED11_1T8,_T,INST_EDU_PRIV_GOV,CUR_NLC,Q,USD_PPP,NATURE,2018,,K,6,0,2020,Y9
OECD.EDU.IMEP:DSD_EAG_UOE_FIN@DF_UOE_FIN_NATURE_STAFF(3.1),HUN,EXP,ISCED11_1T8,_T,INST_EDU_PRIV_GOV,CUR_NLC,Q,USD_PPP,NATURE,2019,,K,6,0,2020,Y9
OECD.EDU.IMEP:DSD_EAG_UOE_FIN@DF_UOE_FIN_NATURE_STAFF(3.1),HUN,EXP,ISCED11_1T8,_T,INST_EDU_PRIV_GOV,CUR_NLC,Q,USD_PPP,NATURE,2020,,K,6,0,2020,Y9
OECD.EDU.IMEP:DSD_EAG_UOE_FIN@DF_UOE_FIN_NATURE_STAFF(3.1),HUN,EXP,ISCED11_1T8,_T,INST_EDU_PRIV_GOV,CUR_NLC,Q,USD_PPP,NATURE,2021,,K,6,0,2020,Y9
OECD.EDU.IMEP:DSD_EAG_UOE_FIN@DF_UOE_FIN_NATURE_STAFF(3.1),HUN,EXP,ISCED11_1T8,_T,INST_EDU_PRIV_GOV,CUR_NLC,Q,USD_PPP,NATURE,2022,,K,6,0,2020,Y9
OECD.EDU.IMEP:DSD_EAG_UOE_FIN@DF_UOE_FIN_NATURE_STAFF(3.1),CRI,EXP,ISCED11_1T8,_T,INST_EDU_PRIV_GOV,CUR_NLC,Q,USD_PPP,NATURE,2016,,K,6,0,2020,Y9
OECD.EDU.IMEP:DSD_EAG_UOE_FIN@DF_UOE_FIN_NATURE_STAFF(3.1),CRI,EXP,ISCED11_1T8,_T,INST_EDU_PRIV_GOV,CUR_NLC,Q,USD_PPP,NATURE,2018,,K,6,0,2020,Y9
OECD.EDU.IMEP:DSD_EAG_UOE_FIN@DF_UOE_FIN_NATURE_STAFF(3.1),CRI,EXP,ISCED11_1T8,_T,INST_EDU_PRIV_GOV,CUR_NLC,Q,USD_PPP,NATURE,2019,,K,6,0,2020,Y9
OECD.EDU.IMEP:DSD_EAG_UOE_FIN@DF_UOE_FIN_NATURE_STAFF(3.1),CRI,EXP,ISCED11_1T8,_T,INST_EDU_PRIV_GOV,CUR_NLC,Q,USD_PPP,NATURE,2020,,K,6,0,2020,Y9
OECD.EDU.IMEP:DSD_EAG_UOE_FIN@DF_UOE_FIN_NATURE_STAFF(3.1),CRI,EXP,ISCED11_1T8,_T,INST_EDU_PRIV_GOV,CUR_NLC,Q,USD_PPP,NATURE,2021,,K,6,0,2020,Y9
OECD.EDU.IMEP:DSD_EAG_UOE_FIN@DF_UOE_FIN_NATURE_STAFF(3.1),CRI,EXP,ISCED11_1T8,_T,INST_EDU_PRIV_GOV,CUR_NLC,Q,USD_PPP,NATURE,2022,,K,6,0,2020,Y9
OECD.EDU.IMEP:DSD_EAG_UOE_FIN@DF_UOE_FIN_NATURE_STAFF(3.1),CRI,EXP,ISCED11_1T8,_T,INST_EDU_PRIV_GOV,CUR_NLC,Q,USD_PPP,NATURE,2023,,K,6,0,2020,Y9
OECD.EDU.IMEP:DSD_EAG_UOE_FIN@DF_UOE_FIN_NATURE_STAFF(3.1),SVN,EXP,ISCED11_1T8,_T,INST_EDU_PRIV_GOV,CUR_NLC,Q,USD_PPP,NATURE,2015,,K,6,0,2020,Y9
OECD.EDU.IMEP:DSD_EAG_UOE_FIN@DF_UOE_FIN_NATURE_STAFF(3.1),SVN,EXP,ISCED11_1T8,_T,INST_EDU_PRIV_GOV,CUR_NLC,Q,USD_PPP,NATURE,2016,,K,6,0,2020,Y9
OECD.EDU.IMEP:DSD_EAG_UOE_FIN@DF_UOE_FIN_NATURE_STAFF(3.1),SVN,EXP,ISCED11_1T8,_T,INST_EDU_PRIV_GOV,CUR_NLC,Q,USD_PPP,NATURE,2017,,K,6,0,2020,Y9
OECD.EDU.IMEP:DSD_EAG_UOE_FIN@DF_UOE_FIN_NATURE_STAFF(3.1),NOR,EXP,ISCED11_1T8,_T,INST_EDU_PRIV_GOV,CUR_NLC,Q,USD_PPP,NATURE,2016,,K,6,0,2020,Y9
OECD.EDU.IMEP:DSD_EAG_UOE_FIN@DF_UOE_FIN_NATURE_STAFF(3.1),NOR,EXP,ISCED11_1T8,_T,INST_EDU_PRIV_GOV,CUR_NLC,Q,USD_PPP,NATURE,2017,,K,6,0,2020,Y9
OECD.EDU.IMEP:DSD_EAG_UOE_FIN@DF_UOE_FIN_NATURE_STAFF(3.1),NOR,EXP,ISCED11_1T8,_T,INST_EDU_PRIV_GOV,CUR_NLC,Q,USD_PPP,NATURE,2018,,K,6,0,2020,Y9
OECD.EDU.IMEP:DSD_EAG_UOE_FIN@DF_UOE_FIN_NATURE_STAFF(3.1),NOR,EXP,ISCED11_1T8,_T,INST_EDU_PRIV_GOV,CUR_NLC,Q,USD_PPP,NATURE,2019,,K,6,0,2020,Y9
OECD.EDU.IMEP:DSD_EAG_UOE_FIN@DF_UOE_FIN_NATURE_STAFF(3.1),NOR,EXP,ISCED11_1T8,_T,INST_EDU_PRIV_GOV,CUR_NLC,Q,USD_PPP,NATURE,2020,,K,6,0,2020,Y9
OECD.EDU.IMEP:DSD_EAG_UOE_FIN@DF_UOE_FIN_NATURE_STAFF(3.1),NOR,EXP,ISCED11_1T8,_T,INST_EDU_PRIV_GOV,CUR_NLC,Q,USD_PPP,NATURE,2021,,K,6,0,2020,Y9
OECD.EDU.IMEP:DSD_EAG_UOE_FIN@DF_UOE_FIN_NATURE_STAFF(3.1),NOR,EXP,ISCED11_1T8,_T,INST_EDU_PRIV_GOV,CUR_NLC,Q,USD_PPP,NATURE,2022,,K,6,0,2020,Y9
OECD.EDU.IMEP:DSD_EAG_UOE_FIN@DF_UOE_FIN_NATURE_STAFF(3.1),POL,EXP,ISCED11_1T8,_T,INST_EDU_PRIV_GOV,CUR_NLC,Q,USD_PPP,NATURE,2015,,K,6,0,2020,Y9
OECD.EDU.IMEP:DSD_EAG_UOE_FIN@DF_UOE_FIN_NATURE_STAFF(3.1),POL,EXP,ISCED11_1T8,_T,INST_EDU_PRIV_GOV,CUR_NLC,Q,USD_PPP,NATURE,2016,,K,6,0,2020,Y9
OECD.EDU.IMEP:DSD_EAG_UOE_FIN@DF_UOE_FIN_NATURE_STAFF(3.1),POL,EXP,ISCED11_1T8,_T,INST_EDU_PRIV_GOV,CUR_NLC,Q,USD_PPP,NATURE,2017,,K,6,0,2020,Y9
OECD.EDU.IMEP:DSD_EAG_UOE_FIN@DF_UOE_FIN_NATURE_STAFF(3.1),POL,EXP,ISCED11_1T8,_T,INST_EDU_PRIV_GOV,CUR_NLC,Q,USD_PPP,NATURE,2018,,K,6,0,2020,Y9
OECD.EDU.IMEP:DSD_EAG_UOE_FIN@DF_UOE_FIN_NATURE_STAFF(3.1),POL,EXP,ISCED11_1T8,_T,INST_EDU_PRIV_GOV,CUR_NLC,Q,USD_PPP,NATURE,2019,,K,6,0,2020,Y9
OECD.EDU.IMEP:DSD_EAG_UOE_FIN@DF_UOE_FIN_NATURE_STAFF(3.1),POL,EXP,ISCED11_1T8,_T,INST_EDU_PRIV_GOV,CUR_NLC,Q,USD_PPP,NATURE,2020,,K,6,0,2020,Y9
OECD.EDU.IMEP:DSD_EAG_UOE_FIN@DF_UOE_FIN_NATURE_STAFF(3.1),POL,EXP,ISCED11_1T8,_T,INST_EDU_PRIV_GOV,CUR_NLC,Q,USD_PPP,NATURE,2021,,K,6,0,2020,Y9
OECD.EDU.IMEP:DSD_EAG_UOE_FIN@DF_UOE_FIN_NATURE_STAFF(3.1),POL,EXP,ISCED11_1T8,_T,INST_EDU_PRIV_GOV,CUR_NLC,Q,USD_PPP,NATURE,2022,,K,6,0,2020,Y9
OECD.EDU.IMEP:DSD_EAG_UOE_FIN@DF_UOE_FIN_NATURE_STAFF(3.1),ISL,EXP,ISCED11_1T8,_T,INST_EDU_PRIV_GOV,CUR_NLC,Q,USD_PPP,NATURE,2016,,K,6,0,2020,Y9
OECD.EDU.IMEP:DSD_EAG_UOE_FIN@DF_UOE_FIN_NATURE_STAFF(3.1),ISL,EXP,ISCED11_1T8,_T,INST_EDU_PRIV_GOV,CUR_NLC,Q,USD_PPP,NATURE,2017,,K,6,0,2020,Y9
OECD.EDU.IMEP:DSD_EAG_UOE_FIN@DF_UOE_FIN_NATURE_STAFF(3.1),ISL,EXP,ISCED11_1T8,_T,INST_EDU_PRIV_GOV,CUR_NLC,Q,USD_PPP,NATURE,2018,,K,6,0,2020,Y9
OECD.EDU.IMEP:DSD_EAG_UOE_FIN@DF_UOE_FIN_NATURE_STAFF(3.1),ISL,EXP,ISCED11_1T8,_T,INST_EDU_PRIV_GOV,CUR_NLC,Q,USD_PPP,NATURE,2019,,K,6,0,2020,Y9
OECD.EDU.IMEP:DSD_EAG_UOE_FIN@DF_UOE_FIN_NATURE_STAFF(3.1),ISL,EXP,ISCED11_1T8,_T,INST_EDU_PRIV_GOV,CUR_NLC,Q,USD_PPP,NATURE,2020,,K,6,0,2020,Y9
OECD.EDU.IMEP:DSD_EAG_UOE_FIN@DF_UOE_FIN_NATURE_STAFF(3.1),ISL,EXP,ISCED11_1T8,_T,INST_EDU_PRIV_GOV,CUR_NLC,Q,USD_PPP,NATURE,2021,,K,6,0,2020,Y9
OECD.EDU.IMEP:DSD_EAG_UOE_FIN@DF_UOE_FIN_NATURE_STAFF(3.1),ISL,EXP,ISCED11_1T8,_T,INST_EDU_PRIV_GOV,CUR_NLC,Q,USD_PPP,NATURE,2022,,K,6,0,2020,Y9
OECD.EDU.IMEP:DSD_EAG_UOE_FIN@DF_UOE_FIN_NATURE_STAFF(3.1),FRA,EXP,ISCED11_1T8,_T,INST_EDU_PRIV_GOV,CUR_NLC,Q,USD_PPP,NATURE,2016,,K,6,0,2020,Y9
OECD.EDU.IMEP:DSD_EAG_UOE_FIN@DF_UOE_FIN_NATURE_STAFF(3.1),FRA,EXP,ISCED11_1T8,_T,INST_EDU_PRIV_GOV,CUR_NLC,Q,USD_PPP,NATURE,2017,,K,6,0,2020,Y9
OECD.EDU.IMEP:DSD_EAG_UOE_FIN@DF_UOE_FIN_NATURE_STAFF(3.1),FRA,EXP,ISCED11_1T8,_T,INST_EDU_PRIV_GOV,CUR_NLC,Q,USD_PPP,NATURE,2018,,K,6,0,2020,Y9
OECD.EDU.IMEP:DSD_EAG_UOE_FIN@DF_UOE_FIN_NATURE_STAFF(3.1),FRA,EXP,ISCED11_1T8,_T,INST_EDU_PRIV_GOV,CUR_NLC,Q,USD_PPP,NATURE,2019,,K,6,0,2020,Y9
OECD.EDU.IMEP:DSD_EAG_UOE_FIN@DF_UOE_FIN_NATURE_STAFF(3.1),FRA,EXP,ISCED11_1T8,_T,INST_EDU_PRIV_GOV,CUR_NLC,Q,USD_PPP,NATURE,2020,,K,6,0,2020,Y9
OECD.EDU.IMEP:DSD_EAG_UOE_FIN@DF_UOE_FIN_NATURE_STAFF(3.1),FRA,EXP,ISCED11_1T8,_T,INST_EDU_PRIV_GOV,CUR_NLC,Q,USD_PPP,NATURE,2021,,K,6,0,2020,Y9
OECD.EDU.IMEP:DSD_EAG_UOE_FIN@DF_UOE_FIN_NATURE_STAFF(3.1),FRA,EXP,ISCED11_1T8,_T,INST_EDU_PRIV_GOV,CUR_NLC,Q,USD_PPP,NATURE,2022,,K,6,0,2020,Y9
OECD.EDU.IMEP:DSD_EAG_UOE_FIN@DF_UOE_FIN_NATURE_STAFF(3.1),PRT,EXP,ISCED11_1T8,_T,INST_EDU_PRIV_GOV,CUR_NLC,Q,USD_PPP,NATURE,2016,,K,6,0,2020,Y9
OECD.EDU.IMEP:DSD_EAG_UOE_FIN@DF_UOE_FIN_NATURE_STAFF(3.1),PRT,EXP,ISCED11_1T8,_T,INST_EDU_PRIV_GOV,CUR_NLC,Q,USD_PPP,NATURE,2017,,K,6,0,2020,Y9
OECD.EDU.IMEP:DSD_EAG_UOE_FIN@DF_UOE_FIN_NATURE_STAFF(3.1),PRT,EXP,ISCED11_1T8,_T,INST_EDU_PRIV_GOV,CUR_NLC,Q,USD_PPP,NATURE,2018,,K,6,0,2020,Y9
OECD.EDU.IMEP:DSD_EAG_UOE_FIN@DF_UOE_FIN_NATURE_STAFF(3.1),PRT,EXP,ISCED11_1T8,_T,INST_EDU_PRIV_GOV,CUR_NLC,Q,USD_PPP,NATURE,2019,,K,6,0,2020,Y9
OECD.EDU.IMEP:DSD_EAG_UOE_FIN@DF_UOE_FIN_NATURE_STAFF(3.1),PRT,EXP,ISCED11_1T8,_T,INST_EDU_PRIV_GOV,CUR_NLC,Q,USD_PPP,NATURE,2020,,K,6,0,2020,Y9
OECD.EDU.IMEP:DSD_EAG_UOE_FIN@DF_UOE_FIN_NATURE_STAFF(3.1),PRT,EXP,ISCED11_1T8,_T,INST_EDU_PRIV_GOV,CUR_NLC,Q,USD_PPP,NATURE,2021,,K,6,0,2020,Y9
OECD.EDU.IMEP:DSD_EAG_UOE_FIN@DF_UOE_FIN_NATURE_STAFF(3.1),AUS,EXP,ISCED11_1T8,_T,INST_EDU_PRIV_GOV,CUR_NLC,Q,USD_PPP,NATURE,2017,,K,6,0,2020,Y9
OECD.EDU.IMEP:DSD_EAG_UOE_FIN@DF_UOE_FIN_NATURE_STAFF(3.1),AUS,EXP,ISCED11_1T8,_T,INST_EDU_PRIV_GOV,CUR_NLC,Q,USD_PPP,NATURE,2018,,K,6,0,2020,Y9
OECD.EDU.IMEP:DSD_EAG_UOE_FIN@DF_UOE_FIN_NATURE_STAFF(3.1),AUS,EXP,ISCED11_1T8,_T,INST_EDU_PRIV_GOV,CUR_NLC,Q,USD_PPP,NATURE,2019,,K,6,0,2020,Y9
OECD.EDU.IMEP:DSD_EAG_UOE_FIN@DF_UOE_FIN_NATURE_STAFF(3.1),AUS,EXP,ISCED11_1T8,_T,INST_EDU_PRIV_GOV,CUR_NLC,Q,USD_PPP,NATURE,2020,,K,6,0,2020,Y9
OECD.EDU.IMEP:DSD_EAG_UOE_FIN@DF_UOE_FIN_NATURE_STAFF(3.1),AUS,EXP,ISCED11_1T8,_T,INST_EDU_PRIV_GOV,CUR_NLC,Q,USD_PPP,NATURE,2021,,K,6,0,2020,Y9
OECD.EDU.IMEP:DSD_EAG_UOE_FIN@DF_UOE_FIN_NATURE_STAFF(3.1),AUS,EXP,ISCED11_1T8,_T,INST_EDU_PRIV_GOV,CUR_NLC,Q,USD_PPP,NATURE,2022,,K,6,0,2020,Y9
OECD.EDU.IMEP:DSD_EAG_UOE_FIN@DF_UOE_FIN_NATURE_STAFF(3.1),CHL,EXP,ISCED11_1T8,_T,INST_EDU_PRIV_GOV,CUR_NLC,Q,USD_PPP,NATURE,2015,,K,6,0,2020,Y9
OECD.EDU.IMEP:DSD_EAG_UOE_FIN@DF_UOE_FIN_NATURE_STAFF(3.1),CHL,EXP,ISCED11_1T8,_T,INST_EDU_PRIV_GOV,CUR_NLC,Q,USD_PPP,NATURE,2018,,K,6,0,2020,Y9
OECD.EDU.IMEP:DSD_EAG_UOE_FIN@DF_UOE_FIN_NATURE_STAFF(3.1),CHL,EXP,ISCED11_1T8,_T,INST_EDU_PRIV_GOV,CUR_NLC,Q,USD_PPP,NATURE,2019,,K,6,0,2020,Y9
OECD.EDU.IMEP:DSD_EAG_UOE_FIN@DF_UOE_FIN_NATURE_STAFF(3.1),CHL,EXP,ISCED11_1T8,_T,INST_EDU_PRIV_GOV,CUR_NLC,Q,USD_PPP,NATURE,2020,,K,6,0,2020,Y9
OECD.EDU.IMEP:DSD_EAG_UOE_FIN@DF_UOE_FIN_NATURE_STAFF(3.1),NLD,EXP,ISCED11_1T8,_T,INST_EDU_PRIV_GOV,CUR_NLC,Q,USD_PPP,NATURE,2015,,K,6,0,2020,Y9
OECD.EDU.IMEP:DSD_EAG_UOE_FIN@DF_UOE_FIN_NATURE_STAFF(3.1),NLD,EXP,ISCED11_1T8,_T,INST_EDU_PRIV_GOV,CUR_NLC,Q,USD_PPP,NATURE,2021,,K,6,0,2020,Y9
OECD.EDU.IMEP:DSD_EAG_UOE_FIN@DF_UOE_FIN_NATURE_STAFF(3.1),NLD,EXP,ISCED11_1T8,_T,INST_EDU_PRIV_GOV,CUR_NLC,Q,USD_PPP,NATURE,2022,,K,6,0,2020,Y9
OECD.EDU.IMEP:DSD_EAG_UOE_FIN@DF_UOE_FIN_NATURE_STAFF(3.1),DNK,EXP,ISCED11_1T8,_T,INST_EDU_PRIV_GOV,CUR_NLC,Q,USD_PPP,NATURE,2021,,K,6,0,2020,Y9
OECD.EDU.IMEP:DSD_EAG_UOE_FIN@DF_UOE_FIN_NATURE_STAFF(3.1),DNK,EXP,ISCED11_1T8,_T,INST_EDU_PRIV_GOV,CUR_NLC,Q,USD_PPP,NATURE,2022,,K,6,0,2020,Y9
OECD.EDU.IMEP:DSD_EAG_UOE_FIN@DF_UOE_FIN_NATURE_STAFF(3.1),LUX,EXP,ISCED11_1T8,_T,INST_EDU_PRIV_GOV,CUR_NLC,Q,USD_PPP,NATURE,2016,,K,6,0,2020,Y9
OECD.EDU.IMEP:DSD_EAG_UOE_FIN@DF_UOE_FIN_NATURE_STAFF(3.1),LUX,EXP,ISCED11_1T8,_T,INST_EDU_PRIV_GOV,CUR_NLC,Q,USD_PPP,NATURE,2017,,K,6,0,2020,Y9
OECD.EDU.IMEP:DSD_EAG_UOE_FIN@DF_UOE_FIN_NATURE_STAFF(3.1),AUT,EXP,ISCED11_1T8,_T,INST_EDU_PRIV_GOV,CUR_NLC,Q,USD_PPP,NATURE,2015,,K,6,0,2020,Y9
OECD.EDU.IMEP:DSD_EAG_UOE_FIN@DF_UOE_FIN_NATURE_STAFF(3.1),AUT,EXP,ISCED11_1T8,_T,INST_EDU_PRIV_GOV,CUR_NLC,Q,USD_PPP,NATURE,2016,,K,6,0,2020,Y9
OECD.EDU.IMEP:DSD_EAG_UOE_FIN@DF_UOE_FIN_NATURE_STAFF(3.1),AUT,EXP,ISCED11_1T8,_T,INST_EDU_PRIV_GOV,CUR_NLC,Q,USD_PPP,NATURE,2017,,K,6,0,2020,Y9
OECD.EDU.IMEP:DSD_EAG_UOE_FIN@DF_UOE_FIN_NATURE_STAFF(3.1),AUT,EXP,ISCED11_1T8,_T,INST_EDU_PRIV_GOV,CUR_NLC,Q,USD_PPP,NATURE,2018,,K,6,0,2020,Y9
OECD.EDU.IMEP:DSD_EAG_UOE_FIN@DF_UOE_FIN_NATURE_STAFF(3.1),AUT,EXP,ISCED11_1T8,_T,INST_EDU_PRIV_GOV,CUR_NLC,Q,USD_PPP,NATURE,2019,,K,6,0,2020,Y9
OECD.EDU.IMEP:DSD_EAG_UOE_FIN@DF_UOE_FIN_NATURE_STAFF(3.1),AUT,EXP,ISCED11_1T8,_T,INST_EDU_PRIV_GOV,CUR_NLC,Q,USD_PPP,NATURE,2020,,K,6,0,2020,Y9
OECD.EDU.IMEP:DSD_EAG_UOE_FIN@DF_UOE_FIN_NATURE_STAFF(3.1),AUT,EXP,ISCED11_1T8,_T,INST_EDU_PRIV_GOV,CUR_NLC,Q,USD_PPP,NATURE,2021,,K,6,0,2020,Y9
OECD.EDU.IMEP:DSD_EAG_UOE_FIN@DF_UOE_FIN_NATURE_STAFF(3.1),AUT,EXP,ISCED11_1T8,_T,INST_EDU_PRIV_GOV,CUR_NLC,Q,USD_PPP,NATURE,2022,,K,6,0,2020,Y9
OECD.EDU.IMEP:DSD_EAG_UOE_FIN@DF_UOE_FIN_NATURE_STAFF(3.1),FRA,EXP,ISCED11_1T8,_T,INST_EDU_PUB,CUR_RET,Q,USD_PPP,NATURE,2016,,K,6,0,2020,X8
OECD.EDU.IMEP:DSD_EAG_UOE_FIN@DF_UOE_FIN_NATURE_STAFF(3.1),FRA,EXP,ISCED11_1T8,_T,INST_EDU_PUB,CUR_RET,Q,USD_PPP,NATURE,2017,,K,6,0,2020,X8
OECD.EDU.IMEP:DSD_EAG_UOE_FIN@DF_UOE_FIN_NATURE_STAFF(3.1),FRA,EXP,ISCED11_1T8,_T,INST_EDU_PUB,CUR_RET,Q,USD_PPP,NATURE,2018,,K,6,0,2020,X8
OECD.EDU.IMEP:DSD_EAG_UOE_FIN@DF_UOE_FIN_NATURE_STAFF(3.1),FRA,EXP,ISCED11_1T8,_T,INST_EDU_PUB,CUR_RET,Q,USD_PPP,NATURE,2019,,K,6,0,2020,X8
OECD.EDU.IMEP:DSD_EAG_UOE_FIN@DF_UOE_FIN_NATURE_STAFF(3.1),FRA,EXP,ISCED11_1T8,_T,INST_EDU_PUB,CUR_RET,Q,USD_PPP,NATURE,2020,,K,6,0,2020,X8
OECD.EDU.IMEP:DSD_EAG_UOE_FIN@DF_UOE_FIN_NATURE_STAFF(3.1),FRA,EXP,ISCED11_1T8,_T,INST_EDU_PUB,CUR_RET,Q,USD_PPP,NATURE,2021,,K,6,0,2020,X8
OECD.EDU.IMEP:DSD_EAG_UOE_FIN@DF_UOE_FIN_NATURE_STAFF(3.1),FRA,EXP,ISCED11_1T8,_T,INST_EDU_PUB,CUR_RET,Q,USD_PPP,NATURE,2022,,K,6,0,2020,X8
OECD.EDU.IMEP:DSD_EAG_UOE_FIN@DF_UOE_FIN_NATURE_STAFF(3.1),ITA,EXP,ISCED11_1T8,_T,INST_EDU_PUB,CUR_RET,Q,USD_PPP,NATURE,2015,,K,6,0,2020,X8
OECD.EDU.IMEP:DSD_EAG_UOE_FIN@DF_UOE_FIN_NATURE_STAFF(3.1),ITA,EXP,ISCED11_1T8,_T,INST_EDU_PUB,CUR_RET,Q,USD_PPP,NATURE,2016,,K,6,0,2020,X8
OECD.EDU.IMEP:DSD_EAG_UOE_FIN@DF_UOE_FIN_NATURE_STAFF(3.1),CHL,EXP,ISCED11_1T8,_T,INST_EDU_PUB,CUR_RET,Q,USD_PPP,NATURE,2015,,K,6,0,2020,X8
OECD.EDU.IMEP:DSD_EAG_UOE_FIN@DF_UOE_FIN_NATURE_STAFF(3.1),CHL,EXP,ISCED11_1T8,_T,INST_EDU_PUB,CUR_RET,Q,USD_PPP,NATURE,2018,,K,6,0,2020,X8
OECD.EDU.IMEP:DSD_EAG_UOE_FIN@DF_UOE_FIN_NATURE_STAFF(3.1),CHL,EXP,ISCED11_1T8,_T,INST_EDU_PUB,CUR_RET,Q,USD_PPP,NATURE,2019,,K,6,0,2020,X8
OECD.EDU.IMEP:DSD_EAG_UOE_FIN@DF_UOE_FIN_NATURE_STAFF(3.1),CHL,EXP,ISCED11_1T8,_T,INST_EDU_PUB,CUR_RET,Q,USD_PPP,NATURE,2020,,K,6,0,2020,X8
OECD.EDU.IMEP:DSD_EAG_UOE_FIN@DF_UOE_FIN_NATURE_STAFF(3.1),LTU,EXP,ISCED11_1T8,_T,INST_EDU_PUB,CUR_RET,Q,USD_PPP,NATURE,2019,,K,6,0,2020,X8
OECD.EDU.IMEP:DSD_EAG_UOE_FIN@DF_UOE_FIN_NATURE_STAFF(3.1),LTU,EXP,ISCED11_1T8,_T,INST_EDU_PUB,CUR_RET,Q,USD_PPP,NATURE,2020,,K,6,0,2020,X8
OECD.EDU.IMEP:DSD_EAG_UOE_FIN@DF_UOE_FIN_NATURE_STAFF(3.1),LTU,EXP,ISCED11_1T8,_T,INST_EDU_PUB,CUR_RET,Q,USD_PPP,NATURE,2021,,K,6,0,2020,X8
OECD.EDU.IMEP:DSD_EAG_UOE_FIN@DF_UOE_FIN_NATURE_STAFF(3.1),DNK,EXP,ISCED11_1T8,_T,INST_EDU_PUB,CUR_RET,Q,USD_PPP,NATURE,2021,,K,6,0,2020,X8
OECD.EDU.IMEP:DSD_EAG_UOE_FIN@DF_UOE_FIN_NATURE_STAFF(3.1),DNK,EXP,ISCED11_1T8,_T,INST_EDU_PUB,CUR_RET,Q,USD_PPP,NATURE,2022,,K,6,0,2020,X8
OECD.EDU.IMEP:DSD_EAG_UOE_FIN@DF_UOE_FIN_NATURE_STAFF(3.1),NLD,EXP,ISCED11_1T8,_T,INST_EDU_PUB,CUR_RET,Q,USD_PPP,NATURE,2015,,K,6,0,2020,X8
OECD.EDU.IMEP:DSD_EAG_UOE_FIN@DF_UOE_FIN_NATURE_STAFF(3.1),NLD,EXP,ISCED11_1T8,_T,INST_EDU_PUB,CUR_RET,Q,USD_PPP,NATURE,2021,,K,6,0,2020,X8
OECD.EDU.IMEP:DSD_EAG_UOE_FIN@DF_UOE_FIN_NATURE_STAFF(3.1),NLD,EXP,ISCED11_1T8,_T,INST_EDU_PUB,CUR_RET,Q,USD_PPP,NATURE,2022,,K,6,0,2020,X8
OECD.EDU.IMEP:DSD_EAG_UOE_FIN@DF_UOE_FIN_NATURE_STAFF(3.1),PRT,EXP,ISCED11_1T8,_T,INST_EDU_PUB,CUR_RET,Q,USD_PPP,NATURE,2018,,K,6,0,2020,X8
OECD.EDU.IMEP:DSD_EAG_UOE_FIN@DF_UOE_FIN_NATURE_STAFF(3.1),PRT,EXP,ISCED11_1T8,_T,INST_EDU_PUB,CUR_RET,Q,USD_PPP,NATURE,2019,,K,6,0,2020,X8
OECD.EDU.IMEP:DSD_EAG_UOE_FIN@DF_UOE_FIN_NATURE_STAFF(3.1),PRT,EXP,ISCED11_1T8,_T,INST_EDU_PUB,CUR_RET,Q,USD_PPP,NATURE,2020,,K,6,0,2020,X8
OECD.EDU.IMEP:DSD_EAG_UOE_FIN@DF_UOE_FIN_NATURE_STAFF(3.1),PRT,EXP,ISCED11_1T8,_T,INST_EDU_PUB,CUR_RET,Q,USD_PPP,NATURE,2021,,K,6,0,2020,X8
OECD.EDU.IMEP:DSD_EAG_UOE_FIN@DF_UOE_FIN_NATURE_STAFF(3.1),CRI,EXP,ISCED11_1T8,_T,INST_EDU_PUB,CUR_RET,Q,USD_PPP,NATURE,2021,,K,6,0,2020,X8
OECD.EDU.IMEP:DSD_EAG_UOE_FIN@DF_UOE_FIN_NATURE_STAFF(3.1),ISL,EXP,ISCED11_1T8,_T,INST_EDU_PUB,CUR_RET,Q,USD_PPP,NATURE,2016,,K,6,0,2020,X8
OECD.EDU.IMEP:DSD_EAG_UOE_FIN@DF_UOE_FIN_NATURE_STAFF(3.1),ISL,EXP,ISCED11_1T8,_T,INST_EDU_PUB,CUR_RET,Q,USD_PPP,NATURE,2017,,K,6,0,2020,X8
OECD.EDU.IMEP:DSD_EAG_UOE_FIN@DF_UOE_FIN_NATURE_STAFF(3.1),ISL,EXP,ISCED11_1T8,_T,INST_EDU_PUB,CUR_RET,Q,USD_PPP,NATURE,2018,,K,6,0,2020,X8
OECD.EDU.IMEP:DSD_EAG_UOE_FIN@DF_UOE_FIN_NATURE_STAFF(3.1),ISL,EXP,ISCED11_1T8,_T,INST_EDU_PUB,CUR_RET,Q,USD_PPP,NATURE,2019,,K,6,0,2020,X8
OECD.EDU.IMEP:DSD_EAG_UOE_FIN@DF_UOE_FIN_NATURE_STAFF(3.1),ISL,EXP,ISCED11_1T8,_T,INST_EDU_PUB,CUR_RET,Q,USD_PPP,NATURE,2020,,K,6,0,2020,X8
OECD.EDU.IMEP:DSD_EAG_UOE_FIN@DF_UOE_FIN_NATURE_STAFF(3.1),ISL,EXP,ISCED11_1T8,_T,INST_EDU_PUB,CUR_RET,Q,USD_PPP,NATURE,2021,,K,6,0,2020,X8
OECD.EDU.IMEP:DSD_EAG_UOE_FIN@DF_UOE_FIN_NATURE_STAFF(3.1),ISL,EXP,ISCED11_1T8,_T,INST_EDU_PUB,CUR_RET,Q,USD_PPP,NATURE,2022,,K,6,0,2020,X8
OECD.EDU.IMEP:DSD_EAG_UOE_FIN@DF_UOE_FIN_NATURE_STAFF(3.1),BEL,EXP,ISCED11_1T8,_T,INST_EDU_PUB,CUR_RET,Q,USD_PPP,NATURE,2016,,K,6,0,2020,X8
OECD.EDU.IMEP:DSD_EAG_UOE_FIN@DF_UOE_FIN_NATURE_STAFF(3.1),BEL,EXP,ISCED11_1T8,_T,INST_EDU_PUB,CUR_RET,Q,USD_PPP,NATURE,2017,,K,6,0,2020,X8
OECD.EDU.IMEP:DSD_EAG_UOE_FIN@DF_UOE_FIN_NATURE_STAFF(3.1),BEL,EXP,ISCED11_1T8,_T,INST_EDU_PUB,CUR_RET,Q,USD_PPP,NATURE,2018,,K,6,0,2020,X8
OECD.EDU.IMEP:DSD_EAG_UOE_FIN@DF_UOE_FIN_NATURE_STAFF(3.1),BEL,EXP,ISCED11_1T8,_T,INST_EDU_PUB,CUR_RET,Q,USD_PPP,NATURE,2019,,K,6,0,2020,X8
OECD.EDU.IMEP:DSD_EAG_UOE_FIN@DF_UOE_FIN_NATURE_STAFF(3.1),BEL,EXP,ISCED11_1T8,_T,INST_EDU_PUB,CUR_RET,Q,USD_PPP,NATURE,2020,,K,6,0,2020,X8
OECD.EDU.IMEP:DSD_EAG_UOE_FIN@DF_UOE_FIN_NATURE_STAFF(3.1),BEL,EXP,ISCED11_1T8,_T,INST_EDU_PUB,CUR_RET,Q,USD_PPP,NATURE,2021,,K,6,0,2020,X8
OECD.EDU.IMEP:DSD_EAG_UOE_FIN@DF_UOE_FIN_NATURE_STAFF(3.1),BEL,EXP,ISCED11_1T8,_T,INST_EDU_PUB,CUR_RET,Q,USD_PPP,NATURE,2022,,K,6,0,2020,X8
OECD.EDU.IMEP:DSD_EAG_UOE_FIN@DF_UOE_FIN_NATURE_STAFF(3.1),ESP,EXP,ISCED11_1T8,_T,INST_EDU_PUB,CUR_RET,Q,USD_PPP,NATURE,2015,,K,6,0,2020,X8
OECD.EDU.IMEP:DSD_EAG_UOE_FIN@DF_UOE_FIN_NATURE_STAFF(3.1),ESP,EXP,ISCED11_1T8,_T,INST_EDU_PUB,CUR_RET,Q,USD_PPP,NATURE,2016,,K,6,0,2020,X8
OECD.EDU.IMEP:DSD_EAG_UOE_FIN@DF_UOE_FIN_NATURE_STAFF(3.1),ESP,EXP,ISCED11_1T8,_T,INST_EDU_PUB,CUR_RET,Q,USD_PPP,NATURE,2017,,K,6,0,2020,X8
OECD.EDU.IMEP:DSD_EAG_UOE_FIN@DF_UOE_FIN_NATURE_STAFF(3.1),ESP,EXP,ISCED11_1T8,_T,INST_EDU_PUB,CUR_RET,Q,USD_PPP,NATURE,2018,,K,6,0,2020,X8
OECD.EDU.IMEP:DSD_EAG_UOE_FIN@DF_UOE_FIN_NATURE_STAFF(3.1),ESP,EXP,ISCED11_1T8,_T,INST_EDU_PUB,CUR_RET,Q,USD_PPP,NATURE,2019,,K,6,0,2020,X8
OECD.EDU.IMEP:DSD_EAG_UOE_FIN@DF_UOE_FIN_NATURE_STAFF(3.1),ESP,EXP,ISCED11_1T8,_T,INST_EDU_PUB,CUR_RET,Q,USD_PPP,NATURE,2020,,K,6,0,2020,X8
OECD.EDU.IMEP:DSD_EAG_UOE_FIN@DF_UOE_FIN_NATURE_STAFF(3.1),ESP,EXP,ISCED11_1T8,_T,INST_EDU_PUB,CUR_RET,Q,USD_PPP,NATURE,2021,,K,6,0,2020,X8
OECD.EDU.IMEP:DSD_EAG_UOE_FIN@DF_UOE_FIN_NATURE_STAFF(3.1),ESP,EXP,ISCED11_1T8,_T,INST_EDU_PUB,CUR_RET,Q,USD_PPP,NATURE,2022,,K,6,0,2020,X8
OECD.EDU.IMEP:DSD_EAG_UOE_FIN@DF_UOE_FIN_NATURE_STAFF(3.1),ISR,EXP,ISCED11_1T8,_T,INST_EDU_PUB,CUR_RET,Q,USD_PPP,NATURE,2015,,K,6,0,2020,X8
OECD.EDU.IMEP:DSD_EAG_UOE_FIN@DF_UOE_FIN_NATURE_STAFF(3.1),ISR,EXP,ISCED11_1T8,_T,INST_EDU_PUB,CUR_RET,Q,USD_PPP,NATURE,2016,,K,6,0,2020,X8
OECD.EDU.IMEP:DSD_EAG_UOE_FIN@DF_UOE_FIN_NATURE_STAFF(3.1),ISR,EXP,ISCED11_1T8,_T,INST_EDU_PUB,CUR_RET,Q,USD_PPP,NATURE,2017,,K,6,0,2020,X8
OECD.EDU.IMEP:DSD_EAG_UOE_FIN@DF_UOE_FIN_NATURE_STAFF(3.1),ISR,EXP,ISCED11_1T8,_T,INST_EDU_PUB,CUR_RET,Q,USD_PPP,NATURE,2018,,K,6,0,2020,X8
OECD.EDU.IMEP:DSD_EAG_UOE_FIN@DF_UOE_FIN_NATURE_STAFF(3.1),ISR,EXP,ISCED11_1T8,_T,INST_EDU_PUB,CUR_RET,Q,USD_PPP,NATURE,2019,,K,6,0,2020,X8
OECD.EDU.IMEP:DSD_EAG_UOE_FIN@DF_UOE_FIN_NATURE_STAFF(3.1),ISR,EXP,ISCED11_1T8,_T,INST_EDU_PUB,CUR_RET,Q,USD_PPP,NATURE,2020,,K,6,0,2020,X8
OECD.EDU.IMEP:DSD_EAG_UOE_FIN@DF_UOE_FIN_NATURE_STAFF(3.1),ISR,EXP,ISCED11_1T8,_T,INST_EDU_PUB,CUR_RET,Q,USD_PPP,NATURE,2021,,K,6,0,2020,X8
OECD.EDU.IMEP:DSD_EAG_UOE_FIN@DF_UOE_FIN_NATURE_STAFF(3.1),ISR,EXP,ISCED11_1T8,_T,INST_EDU_PUB,CUR_RET,Q,USD_PPP,NATURE,2022,,K,6,0,2020,X8
OECD.EDU.IMEP:DSD_EAG_UOE_FIN@DF_UOE_FIN_NATURE_STAFF(3.1),NZL,EXP,ISCED11_1T8,_T,INST_EDU_PUB,CUR_RET,Q,USD_PPP,NATURE,2015,,K,6,0,2020,X8
OECD.EDU.IMEP:DSD_EAG_UOE_FIN@DF_UOE_FIN_NATURE_STAFF(3.1),NZL,EXP,ISCED11_1T8,_T,INST_EDU_PUB,CUR_RET,Q,USD_PPP,NATURE,2016,,K,6,0,2020,X8
OECD.EDU.IMEP:DSD_EAG_UOE_FIN@DF_UOE_FIN_NATURE_STAFF(3.1),NZL,EXP,ISCED11_1T8,_T,INST_EDU_PUB,CUR_RET,Q,USD_PPP,NATURE,2017,,K,6,0,2020,X8
OECD.EDU.IMEP:DSD_EAG_UOE_FIN@DF_UOE_FIN_NATURE_STAFF(3.1),NZL,EXP,ISCED11_1T8,_T,INST_EDU_PUB,CUR_RET,Q,USD_PPP,NATURE,2018,,K,6,0,2020,X8
OECD.EDU.IMEP:DSD_EAG_UOE_FIN@DF_UOE_FIN_NATURE_STAFF(3.1),NZL,EXP,ISCED11_1T8,_T,INST_EDU_PUB,CUR_RET,Q,USD_PPP,NATURE,2019,,K,6,0,2020,X8
OECD.EDU.IMEP:DSD_EAG_UOE_FIN@DF_UOE_FIN_NATURE_STAFF(3.1),NZL,EXP,ISCED11_1T8,_T,INST_EDU_PUB,CUR_RET,Q,USD_PPP,NATURE,2020,,K,6,0,2020,X8
OECD.EDU.IMEP:DSD_EAG_UOE_FIN@DF_UOE_FIN_NATURE_STAFF(3.1),NZL,EXP,ISCED11_1T8,_T,INST_EDU_PUB,CUR_RET,Q,USD_PPP,NATURE,2021,,K,6,0,2020,X8
OECD.EDU.IMEP:DSD_EAG_UOE_FIN@DF_UOE_FIN_NATURE_STAFF(3.1),NZL,EXP,ISCED11_1T8,_T,INST_EDU_PUB,CUR_RET,Q,USD_PPP,NATURE,2022,,K,6,0,2020,X8
OECD.EDU.IMEP:DSD_EAG_UOE_FIN@DF_UOE_FIN_NATURE_STAFF(3.1),NZL,EXP,ISCED11_1T8,_T,INST_EDU_PUB,CUR_RET,Q,USD_PPP,NATURE,2023,,K,6,0,2020,X8
OECD.EDU.IMEP:DSD_EAG_UOE_FIN@DF_UOE_FIN_NATURE_STAFF(3.1),ISR,EXP,ISCED11_1T8,_T,INST_EDU_PUB,CUR_LC,Q,USD_PPP,NATURE,2015,,K,6,0,2020,X7
OECD.EDU.IMEP:DSD_EAG_UOE_FIN@DF_UOE_FIN_NATURE_STAFF(3.1),ISR,EXP,ISCED11_1T8,_T,INST_EDU_PUB,CUR_LC,Q,USD_PPP,NATURE,2016,,K,6,0,2020,X7
OECD.EDU.IMEP:DSD_EAG_UOE_FIN@DF_UOE_FIN_NATURE_STAFF(3.1),ISR,EXP,ISCED11_1T8,_T,INST_EDU_PUB,CUR_LC,Q,USD_PPP,NATURE,2017,,K,6,0,2020,X7
OECD.EDU.IMEP:DSD_EAG_UOE_FIN@DF_UOE_FIN_NATURE_STAFF(3.1),ISR,EXP,ISCED11_1T8,_T,INST_EDU_PUB,CUR_LC,Q,USD_PPP,NATURE,2018,,K,6,0,2020,X7
OECD.EDU.IMEP:DSD_EAG_UOE_FIN@DF_UOE_FIN_NATURE_STAFF(3.1),ISR,EXP,ISCED11_1T8,_T,INST_EDU_PUB,CUR_LC,Q,USD_PPP,NATURE,2019,,K,6,0,2020,X7
OECD.EDU.IMEP:DSD_EAG_UOE_FIN@DF_UOE_FIN_NATURE_STAFF(3.1),ISR,EXP,ISCED11_1T8,_T,INST_EDU_PUB,CUR_LC,Q,USD_PPP,NATURE,2020,,K,6,0,2020,X7
OECD.EDU.IMEP:DSD_EAG_UOE_FIN@DF_UOE_FIN_NATURE_STAFF(3.1),ISR,EXP,ISCED11_1T8,_T,INST_EDU_PUB,CUR_LC,Q,USD_PPP,NATURE,2021,,K,6,0,2020,X7
OECD.EDU.IMEP:DSD_EAG_UOE_FIN@DF_UOE_FIN_NATURE_STAFF(3.1),ISR,EXP,ISCED11_1T8,_T,INST_EDU_PUB,CUR_LC,Q,USD_PPP,NATURE,2022,,K,6,0,2020,X7
OECD.EDU.IMEP:DSD_EAG_UOE_FIN@DF_UOE_FIN_NATURE_STAFF(3.1),ESP,EXP,ISCED11_1T8,_T,INST_EDU_PUB,CUR_LC,Q,USD_PPP,NATURE,2015,,K,6,0,2020,X7
OECD.EDU.IMEP:DSD_EAG_UOE_FIN@DF_UOE_FIN_NATURE_STAFF(3.1),ESP,EXP,ISCED11_1T8,_T,INST_EDU_PUB,CUR_LC,Q,USD_PPP,NATURE,2016,,K,6,0,2020,X7
OECD.EDU.IMEP:DSD_EAG_UOE_FIN@DF_UOE_FIN_NATURE_STAFF(3.1),ESP,EXP,ISCED11_1T8,_T,INST_EDU_PUB,CUR_LC,Q,USD_PPP,NATURE,2017,,K,6,0,2020,X7
OECD.EDU.IMEP:DSD_EAG_UOE_FIN@DF_UOE_FIN_NATURE_STAFF(3.1),ESP,EXP,ISCED11_1T8,_T,INST_EDU_PUB,CUR_LC,Q,USD_PPP,NATURE,2018,,K,6,0,2020,X7
OECD.EDU.IMEP:DSD_EAG_UOE_FIN@DF_UOE_FIN_NATURE_STAFF(3.1),ESP,EXP,ISCED11_1T8,_T,INST_EDU_PUB,CUR_LC,Q,USD_PPP,NATURE,2019,,K,6,0,2020,X7
OECD.EDU.IMEP:DSD_EAG_UOE_FIN@DF_UOE_FIN_NATURE_STAFF(3.1),ESP,EXP,ISCED11_1T8,_T,INST_EDU_PUB,CUR_LC,Q,USD_PPP,NATURE,2020,,K,6,0,2020,X7
OECD.EDU.IMEP:DSD_EAG_UOE_FIN@DF_UOE_FIN_NATURE_STAFF(3.1),ESP,EXP,ISCED11_1T8,_T,INST_EDU_PUB,CUR_LC,Q,USD_PPP,NATURE,2021,,K,6,0,2020,X7
OECD.EDU.IMEP:DSD_EAG_UOE_FIN@DF_UOE_FIN_NATURE_STAFF(3.1),ESP,EXP,ISCED11_1T8,_T,INST_EDU_PUB,CUR_LC,Q,USD_PPP,NATURE,2022,,K,6,0,2020,X7
OECD.EDU.IMEP:DSD_EAG_UOE_FIN@DF_UOE_FIN_NATURE_STAFF(3.1),DEU,EXP,ISCED11_1T8,_T,INST_EDU_PUB,CUR_LC,Q,USD_PPP,NATURE,2015,,K,6,0,2020,X7
OECD.EDU.IMEP:DSD_EAG_UOE_FIN@DF_UOE_FIN_NATURE_STAFF(3.1),DEU,EXP,ISCED11_1T8,_T,INST_EDU_PUB,CUR_LC,Q,USD_PPP,NATURE,2016,,K,6,0,2020,X7
OECD.EDU.IMEP:DSD_EAG_UOE_FIN@DF_UOE_FIN_NATURE_STAFF(3.1),DEU,EXP,ISCED11_1T8,_T,INST_EDU_PUB,CUR_LC,Q,USD_PPP,NATURE,2017,,K,6,0,2020,X7
OECD.EDU.IMEP:DSD_EAG_UOE_FIN@DF_UOE_FIN_NATURE_STAFF(3.1),DEU,EXP,ISCED11_1T8,_T,INST_EDU_PUB,CUR_LC,Q,USD_PPP,NATURE,2018,,K,6,0,2020,X7
OECD.EDU.IMEP:DSD_EAG_UOE_FIN@DF_UOE_FIN_NATURE_STAFF(3.1),DEU,EXP,ISCED11_1T8,_T,INST_EDU_PUB,CUR_LC,Q,USD_PPP,NATURE,2019,,K,6,0,2020,X7
OECD.EDU.IMEP:DSD_EAG_UOE_FIN@DF_UOE_FIN_NATURE_STAFF(3.1),DEU,EXP,ISCED11_1T8,_T,INST_EDU_PUB,CUR_LC,Q,USD_PPP,NATURE,2020,,K,6,0,2020,X7
OECD.EDU.IMEP:DSD_EAG_UOE_FIN@DF_UOE_FIN_NATURE_STAFF(3.1),BEL,EXP,ISCED11_1T8,_T,INST_EDU_PUB,CUR_LC,Q,USD_PPP,NATURE,2016,,K,6,0,2020,X7
OECD.EDU.IMEP:DSD_EAG_UOE_FIN@DF_UOE_FIN_NATURE_STAFF(3.1),BEL,EXP,ISCED11_1T8,_T,INST_EDU_PUB,CUR_LC,Q,USD_PPP,NATURE,2017,,K,6,0,2020,X7
OECD.EDU.IMEP:DSD_EAG_UOE_FIN@DF_UOE_FIN_NATURE_STAFF(3.1),BEL,EXP,ISCED11_1T8,_T,INST_EDU_PUB,CUR_LC,Q,USD_PPP,NATURE,2018,,K,6,0,2020,X7
OECD.EDU.IMEP:DSD_EAG_UOE_FIN@DF_UOE_FIN_NATURE_STAFF(3.1),BEL,EXP,ISCED11_1T8,_T,INST_EDU_PUB,CUR_LC,Q,USD_PPP,NATURE,2019,,K,6,0,2020,X7
OECD.EDU.IMEP:DSD_EAG_UOE_FIN@DF_UOE_FIN_NATURE_STAFF(3.1),BEL,EXP,ISCED11_1T8,_T,INST_EDU_PUB,CUR_LC,Q,USD_PPP,NATURE,2020,,K,6,0,2020,X7
OECD.EDU.IMEP:DSD_EAG_UOE_FIN@DF_UOE_FIN_NATURE_STAFF(3.1),BEL,EXP,ISCED11_1T8,_T,INST_EDU_PUB,CUR_LC,Q,USD_PPP,NATURE,2021,,K,6,0,2020,X7
OECD.EDU.IMEP:DSD_EAG_UOE_FIN@DF_UOE_FIN_NATURE_STAFF(3.1),BEL,EXP,ISCED11_1T8,_T,INST_EDU_PUB,CUR_LC,Q,USD_PPP,NATURE,2022,,K,6,0,2020,X7
OECD.EDU.IMEP:DSD_EAG_UOE_FIN@DF_UOE_FIN_NATURE_STAFF(3.1),ISL,EXP,ISCED11_1T8,_T,INST_EDU_PUB,CUR_LC,Q,USD_PPP,NATURE,2016,,K,6,0,2020,X7
OECD.EDU.IMEP:DSD_EAG_UOE_FIN@DF_UOE_FIN_NATURE_STAFF(3.1),ISL,EXP,ISCED11_1T8,_T,INST_EDU_PUB,CUR_LC,Q,USD_PPP,NATURE,2017,,K,6,0,2020,X7
OECD.EDU.IMEP:DSD_EAG_UOE_FIN@DF_UOE_FIN_NATURE_STAFF(3.1),ISL,EXP,ISCED11_1T8,_T,INST_EDU_PUB,CUR_LC,Q,USD_PPP,NATURE,2018,,K,6,0,2020,X7
OECD.EDU.IMEP:DSD_EAG_UOE_FIN@DF_UOE_FIN_NATURE_STAFF(3.1),ISL,EXP,ISCED11_1T8,_T,INST_EDU_PUB,CUR_LC,Q,USD_PPP,NATURE,2019,,K,6,0,2020,X7
OECD.EDU.IMEP:DSD_EAG_UOE_FIN@DF_UOE_FIN_NATURE_STAFF(3.1),ISL,EXP,ISCED11_1T8,_T,INST_EDU_PUB,CUR_LC,Q,USD_PPP,NATURE,2020,,K,6,0,2020,X7
OECD.EDU.IMEP:DSD_EAG_UOE_FIN@DF_UOE_FIN_NATURE_STAFF(3.1),ISL,EXP,ISCED11_1T8,_T,INST_EDU_PUB,CUR_LC,Q,USD_PPP,NATURE,2021,,K,6,0,2020,X7
OECD.EDU.IMEP:DSD_EAG_UOE_FIN@DF_UOE_FIN_NATURE_STAFF(3.1),ISL,EXP,ISCED11_1T8,_T,INST_EDU_PUB,CUR_LC,Q,USD_PPP,NATURE,2022,,K,6,0,2020,X7
OECD.EDU.IMEP:DSD_EAG_UOE_FIN@DF_UOE_FIN_NATURE_STAFF(3.1),IRL,EXP,ISCED11_1T8,_T,INST_EDU_PUB,CUR_LC,Q,USD_PPP,NATURE,2015,,K,6,0,2020,X7
OECD.EDU.IMEP:DSD_EAG_UOE_FIN@DF_UOE_FIN_NATURE_STAFF(3.1),IRL,EXP,ISCED11_1T8,_T,INST_EDU_PUB,CUR_LC,Q,USD_PPP,NATURE,2017,,K,6,0,2020,X7
OECD.EDU.IMEP:DSD_EAG_UOE_FIN@DF_UOE_FIN_NATURE_STAFF(3.1),IRL,EXP,ISCED11_1T8,_T,INST_EDU_PUB,CUR_LC,Q,USD_PPP,NATURE,2018,,K,6,0,2020,X7
OECD.EDU.IMEP:DSD_EAG_UOE_FIN@DF_UOE_FIN_NATURE_STAFF(3.1),IRL,EXP,ISCED11_1T8,_T,INST_EDU_PUB,CUR_LC,Q,USD_PPP,NATURE,2019,,K,6,0,2020,X7
OECD.EDU.IMEP:DSD_EAG_UOE_FIN@DF_UOE_FIN_NATURE_STAFF(3.1),IRL,EXP,ISCED11_1T8,_T,INST_EDU_PUB,CUR_LC,Q,USD_PPP,NATURE,2021,,K,6,0,2020,X7
OECD.EDU.IMEP:DSD_EAG_UOE_FIN@DF_UOE_FIN_NATURE_STAFF(3.1),IRL,EXP,ISCED11_1T8,_T,INST_EDU_PUB,CUR_LC,Q,USD_PPP,NATURE,2022,,K,6,0,2020,X7
OECD.EDU.IMEP:DSD_EAG_UOE_FIN@DF_UOE_FIN_NATURE_STAFF(3.1),CRI,EXP,ISCED11_1T8,_T,INST_EDU_PUB,CUR_LC,Q,USD_PPP,NATURE,2021,,K,6,0,2020,X7
OECD.EDU.IMEP:DSD_EAG_UOE_FIN@DF_UOE_FIN_NATURE_STAFF(3.1),PRT,EXP,ISCED11_1T8,_T,INST_EDU_PUB,CUR_LC,Q,USD_PPP,NATURE,2018,,K,6,0,2020,X7
OECD.EDU.IMEP:DSD_EAG_UOE_FIN@DF_UOE_FIN_NATURE_STAFF(3.1),PRT,EXP,ISCED11_1T8,_T,INST_EDU_PUB,CUR_LC,Q,USD_PPP,NATURE,2019,,K,6,0,2020,X7
OECD.EDU.IMEP:DSD_EAG_UOE_FIN@DF_UOE_FIN_NATURE_STAFF(3.1),PRT,EXP,ISCED11_1T8,_T,INST_EDU_PUB,CUR_LC,Q,USD_PPP,NATURE,2020,,K,6,0,2020,X7
OECD.EDU.IMEP:DSD_EAG_UOE_FIN@DF_UOE_FIN_NATURE_STAFF(3.1),PRT,EXP,ISCED11_1T8,_T,INST_EDU_PUB,CUR_LC,Q,USD_PPP,NATURE,2021,,K,6,0,2020,X7
OECD.EDU.IMEP:DSD_EAG_UOE_FIN@DF_UOE_FIN_NATURE_STAFF(3.1),FRA,EXP,ISCED11_1T8,_T,INST_EDU_PUB,CUR_LC,Q,USD_PPP,NATURE,2016,,K,6,0,2020,X7
OECD.EDU.IMEP:DSD_EAG_UOE_FIN@DF_UOE_FIN_NATURE_STAFF(3.1),FRA,EXP,ISCED11_1T8,_T,INST_EDU_PUB,CUR_LC,Q,USD_PPP,NATURE,2017,,K,6,0,2020,X7
OECD.EDU.IMEP:DSD_EAG_UOE_FIN@DF_UOE_FIN_NATURE_STAFF(3.1),FRA,EXP,ISCED11_1T8,_T,INST_EDU_PUB,CUR_LC,Q,USD_PPP,NATURE,2018,,K,6,0,2020,X7
OECD.EDU.IMEP:DSD_EAG_UOE_FIN@DF_UOE_FIN_NATURE_STAFF(3.1),FRA,EXP,ISCED11_1T8,_T,INST_EDU_PUB,CUR_LC,Q,USD_PPP,NATURE,2019,,K,6,0,2020,X7
OECD.EDU.IMEP:DSD_EAG_UOE_FIN@DF_UOE_FIN_NATURE_STAFF(3.1),FRA,EXP,ISCED11_1T8,_T,INST_EDU_PUB,CUR_LC,Q,USD_PPP,NATURE,2020,,K,6,0,2020,X7
OECD.EDU.IMEP:DSD_EAG_UOE_FIN@DF_UOE_FIN_NATURE_STAFF(3.1),FRA,EXP,ISCED11_1T8,_T,INST_EDU_PUB,CUR_LC,Q,USD_PPP,NATURE,2021,,K,6,0,2020,X7
OECD.EDU.IMEP:DSD_EAG_UOE_FIN@DF_UOE_FIN_NATURE_STAFF(3.1),FRA,EXP,ISCED11_1T8,_T,INST_EDU_PUB,CUR_LC,Q,USD_PPP,NATURE,2022,,K,6,0,2020,X7
OECD.EDU.IMEP:DSD_EAG_UOE_FIN@DF_UOE_FIN_NATURE_STAFF(3.1),ITA,EXP,ISCED11_1T8,_T,INST_EDU_PUB,CUR_LC,Q,USD_PPP,NATURE,2015,,K,6,0,2020,X7
OECD.EDU.IMEP:DSD_EAG_UOE_FIN@DF_UOE_FIN_NATURE_STAFF(3.1),ITA,EXP,ISCED11_1T8,_T,INST_EDU_PUB,CUR_LC,Q,USD_PPP,NATURE,2016,,K,6,0,2020,X7
OECD.EDU.IMEP:DSD_EAG_UOE_FIN@DF_UOE_FIN_NATURE_STAFF(3.1),DNK,EXP,ISCED11_1T8,_T,INST_EDU_PUB,CUR_LC,Q,USD_PPP,NATURE,2021,,K,6,0,2020,X7
OECD.EDU.IMEP:DSD_EAG_UOE_FIN@DF_UOE_FIN_NATURE_STAFF(3.1),DNK,EXP,ISCED11_1T8,_T,INST_EDU_PUB,CUR_LC,Q,USD_PPP,NATURE,2022,,K,6,0,2020,X7
OECD.EDU.IMEP:DSD_EAG_UOE_FIN@DF_UOE_FIN_NATURE_STAFF(3.1),CHL,EXP,ISCED11_1T8,_T,INST_EDU_PUB,CUR_LC,Q,USD_PPP,NATURE,2015,,K,6,0,2020,X7
OECD.EDU.IMEP:DSD_EAG_UOE_FIN@DF_UOE_FIN_NATURE_STAFF(3.1),NLD,EXP,ISCED11_1T8,_T,INST_EDU_PUB,CUR_LC,Q,USD_PPP,NATURE,2015,,K,6,0,2020,X7
OECD.EDU.IMEP:DSD_EAG_UOE_FIN@DF_UOE_FIN_NATURE_STAFF(3.1),NLD,EXP,ISCED11_1T8,_T,INST_EDU_PUB,CUR_LC,Q,USD_PPP,NATURE,2021,,K,6,0,2020,X7
OECD.EDU.IMEP:DSD_EAG_UOE_FIN@DF_UOE_FIN_NATURE_STAFF(3.1),NLD,EXP,ISCED11_1T8,_T,INST_EDU_PUB,CUR_LC,Q,USD_PPP,NATURE,2022,,K,6,0,2020,X7
OECD.EDU.IMEP:DSD_EAG_UOE_FIN@DF_UOE_FIN_NATURE_STAFF(3.1),NZL,EXP,ISCED11_1T8,_T,INST_EDU_PUB,CUR_LC,Q,USD_PPP,NATURE,2015,,K,6,0,2020,X7
OECD.EDU.IMEP:DSD_EAG_UOE_FIN@DF_UOE_FIN_NATURE_STAFF(3.1),NZL,EXP,ISCED11_1T8,_T,INST_EDU_PUB,CUR_LC,Q,USD_PPP,NATURE,2016,,K,6,0,2020,X7
OECD.EDU.IMEP:DSD_EAG_UOE_FIN@DF_UOE_FIN_NATURE_STAFF(3.1),NZL,EXP,ISCED11_1T8,_T,INST_EDU_PUB,CUR_LC,Q,USD_PPP,NATURE,2017,,K,6,0,2020,X7
OECD.EDU.IMEP:DSD_EAG_UOE_FIN@DF_UOE_FIN_NATURE_STAFF(3.1),NZL,EXP,ISCED11_1T8,_T,INST_EDU_PUB,CUR_LC,Q,USD_PPP,NATURE,2018,,K,6,0,2020,X7
OECD.EDU.IMEP:DSD_EAG_UOE_FIN@DF_UOE_FIN_NATURE_STAFF(3.1),NZL,EXP,ISCED11_1T8,_T,INST_EDU_PUB,CUR_LC,Q,USD_PPP,NATURE,2019,,K,6,0,2020,X7
OECD.EDU.IMEP:DSD_EAG_UOE_FIN@DF_UOE_FIN_NATURE_STAFF(3.1),NZL,EXP,ISCED11_1T8,_T,INST_EDU_PUB,CUR_LC,Q,USD_PPP,NATURE,2020,,K,6,0,2020,X7
OECD.EDU.IMEP:DSD_EAG_UOE_FIN@DF_UOE_FIN_NATURE_STAFF(3.1),NZL,EXP,ISCED11_1T8,_T,INST_EDU_PUB,CUR_LC,Q,USD_PPP,NATURE,2021,,K,6,0,2020,X7
OECD.EDU.IMEP:DSD_EAG_UOE_FIN@DF_UOE_FIN_NATURE_STAFF(3.1),NZL,EXP,ISCED11_1T8,_T,INST_EDU_PUB,CUR_LC,Q,USD_PPP,NATURE,2022,,K,6,0,2020,X7
OECD.EDU.IMEP:DSD_EAG_UOE_FIN@DF_UOE_FIN_NATURE_STAFF(3.1),NZL,EXP,ISCED11_1T8,_T,INST_EDU_PUB,CUR_LC,Q,USD_PPP,NATURE,2023,,K,6,0,2020,X7
OECD.EDU.IMEP:DSD_EAG_UOE_FIN@DF_UOE_FIN_NATURE_STAFF(3.1),AUT,EXP,ISCED11_1T8,_T,INST_EDU_PUB,CUR_NLC,Q,USD_PPP,NATURE,2015,,K,6,0,2020,X9
OECD.EDU.IMEP:DSD_EAG_UOE_FIN@DF_UOE_FIN_NATURE_STAFF(3.1),AUT,EXP,ISCED11_1T8,_T,INST_EDU_PUB,CUR_NLC,Q,USD_PPP,NATURE,2016,,K,6,0,2020,X9
OECD.EDU.IMEP:DSD_EAG_UOE_FIN@DF_UOE_FIN_NATURE_STAFF(3.1),AUT,EXP,ISCED11_1T8,_T,INST_EDU_PUB,CUR_NLC,Q,USD_PPP,NATURE,2017,,K,6,0,2020,X9
OECD.EDU.IMEP:DSD_EAG_UOE_FIN@DF_UOE_FIN_NATURE_STAFF(3.1),AUT,EXP,ISCED11_1T8,_T,INST_EDU_PUB,CUR_NLC,Q,USD_PPP,NATURE,2018,,K,6,0,2020,X9
OECD.EDU.IMEP:DSD_EAG_UOE_FIN@DF_UOE_FIN_NATURE_STAFF(3.1),AUT,EXP,ISCED11_1T8,_T,INST_EDU_PUB,CUR_NLC,Q,USD_PPP,NATURE,2019,,K,6,0,2020,X9
OECD.EDU.IMEP:DSD_EAG_UOE_FIN@DF_UOE_FIN_NATURE_STAFF(3.1),AUT,EXP,ISCED11_1T8,_T,INST_EDU_PUB,CUR_NLC,Q,USD_PPP,NATURE,2020,,K,6,0,2020,X9
OECD.EDU.IMEP:DSD_EAG_UOE_FIN@DF_UOE_FIN_NATURE_STAFF(3.1),AUT,EXP,ISCED11_1T8,_T,INST_EDU_PUB,CUR_NLC,Q,USD_PPP,NATURE,2021,,K,6,0,2020,X9
OECD.EDU.IMEP:DSD_EAG_UOE_FIN@DF_UOE_FIN_NATURE_STAFF(3.1),AUT,EXP,ISCED11_1T8,_T,INST_EDU_PUB,CUR_NLC,Q,USD_PPP,NATURE,2022,,K,6,0,2020,X9
OECD.EDU.IMEP:DSD_EAG_UOE_FIN@DF_UOE_FIN_NATURE_STAFF(3.1),ISR,EXP,ISCED11_1T8,_T,INST_EDU_PUB,CUR_NLC,Q,USD_PPP,NATURE,2015,,K,6,0,2020,X9
OECD.EDU.IMEP:DSD_EAG_UOE_FIN@DF_UOE_FIN_NATURE_STAFF(3.1),ISR,EXP,ISCED11_1T8,_T,INST_EDU_PUB,CUR_NLC,Q,USD_PPP,NATURE,2016,,K,6,0,2020,X9
OECD.EDU.IMEP:DSD_EAG_UOE_FIN@DF_UOE_FIN_NATURE_STAFF(3.1),ISR,EXP,ISCED11_1T8,_T,INST_EDU_PUB,CUR_NLC,Q,USD_PPP,NATURE,2017,,K,6,0,2020,X9
OECD.EDU.IMEP:DSD_EAG_UOE_FIN@DF_UOE_FIN_NATURE_STAFF(3.1),ISR,EXP,ISCED11_1T8,_T,INST_EDU_PUB,CUR_NLC,Q,USD_PPP,NATURE,2018,,K,6,0,2020,X9
OECD.EDU.IMEP:DSD_EAG_UOE_FIN@DF_UOE_FIN_NATURE_STAFF(3.1),ISR,EXP,ISCED11_1T8,_T,INST_EDU_PUB,CUR_NLC,Q,USD_PPP,NATURE,2019,,K,6,0,2020,X9
OECD.EDU.IMEP:DSD_EAG_UOE_FIN@DF_UOE_FIN_NATURE_STAFF(3.1),ISR,EXP,ISCED11_1T8,_T,INST_EDU_PUB,CUR_NLC,Q,USD_PPP,NATURE,2020,,K,6,0,2020,X9
OECD.EDU.IMEP:DSD_EAG_UOE_FIN@DF_UOE_FIN_NATURE_STAFF(3.1),ISR,EXP,ISCED11_1T8,_T,INST_EDU_PUB,CUR_NLC,Q,USD_PPP,NATURE,2021,,K,6,0,2020,X9
OECD.EDU.IMEP:DSD_EAG_UOE_FIN@DF_UOE_FIN_NATURE_STAFF(3.1),ISR,EXP,ISCED11_1T8,_T,INST_EDU_PUB,CUR_NLC,Q,USD_PPP,NATURE,2022,,K,6,0,2020,X9
OECD.EDU.IMEP:DSD_EAG_UOE_FIN@DF_UOE_FIN_NATURE_STAFF(3.1),JPN,EXP,ISCED11_1T8,_T,INST_EDU_PUB,CUR_NLC,Q,USD_PPP,NATURE,2015,,K,6,0,2020,X9
OECD.EDU.IMEP:DSD_EAG_UOE_FIN@DF_UOE_FIN_NATURE_STAFF(3.1),JPN,EXP,ISCED11_1T8,_T,INST_EDU_PUB,CUR_NLC,Q,USD_PPP,NATURE,2016,,K,6,0,2020,X9
OECD.EDU.IMEP:DSD_EAG_UOE_FIN@DF_UOE_FIN_NATURE_STAFF(3.1),JPN,EXP,ISCED11_1T8,_T,INST_EDU_PUB,CUR_NLC,Q,USD_PPP,NATURE,2017,,K,6,0,2020,X9
OECD.EDU.IMEP:DSD_EAG_UOE_FIN@DF_UOE_FIN_NATURE_STAFF(3.1),JPN,EXP,ISCED11_1T8,_T,INST_EDU_PUB,CUR_NLC,Q,USD_PPP,NATURE,2018,,K,6,0,2020,X9
OECD.EDU.IMEP:DSD_EAG_UOE_FIN@DF_UOE_FIN_NATURE_STAFF(3.1),JPN,EXP,ISCED11_1T8,_T,INST_EDU_PUB,CUR_NLC,Q,USD_PPP,NATURE,2019,,K,6,0,2020,X9
OECD.EDU.IMEP:DSD_EAG_UOE_FIN@DF_UOE_FIN_NATURE_STAFF(3.1),JPN,EXP,ISCED11_1T8,_T,INST_EDU_PUB,CUR_NLC,Q,USD_PPP,NATURE,2020,,K,6,0,2020,X9
OECD.EDU.IMEP:DSD_EAG_UOE_FIN@DF_UOE_FIN_NATURE_STAFF(3.1),JPN,EXP,ISCED11_1T8,_T,INST_EDU_PUB,CUR_NLC,Q,USD_PPP,NATURE,2021,,K,6,0,2020,X9
OECD.EDU.IMEP:DSD_EAG_UOE_FIN@DF_UOE_FIN_NATURE_STAFF(3.1),JPN,EXP,ISCED11_1T8,_T,INST_EDU_PUB,CUR_NLC,Q,USD_PPP,NATURE,2022,,K,6,0,2020,X9
OECD.EDU.IMEP:DSD_EAG_UOE_FIN@DF_UOE_FIN_NATURE_STAFF(3.1),DEU,EXP,ISCED11_1T8,_T,INST_EDU_PUB,CUR_NLC,Q,USD_PPP,NATURE,2015,,K,6,0,2020,X9
OECD.EDU.IMEP:DSD_EAG_UOE_FIN@DF_UOE_FIN_NATURE_STAFF(3.1),DEU,EXP,ISCED11_1T8,_T,INST_EDU_PUB,CUR_NLC,Q,USD_PPP,NATURE,2016,,K,6,0,2020,X9
OECD.EDU.IMEP:DSD_EAG_UOE_FIN@DF_UOE_FIN_NATURE_STAFF(3.1),DEU,EXP,ISCED11_1T8,_T,INST_EDU_PUB,CUR_NLC,Q,USD_PPP,NATURE,2017,,K,6,0,2020,X9
OECD.EDU.IMEP:DSD_EAG_UOE_FIN@DF_UOE_FIN_NATURE_STAFF(3.1),DEU,EXP,ISCED11_1T8,_T,INST_EDU_PUB,CUR_NLC,Q,USD_PPP,NATURE,2018,,K,6,0,2020,X9
OECD.EDU.IMEP:DSD_EAG_UOE_FIN@DF_UOE_FIN_NATURE_STAFF(3.1),DEU,EXP,ISCED11_1T8,_T,INST_EDU_PUB,CUR_NLC,Q,USD_PPP,NATURE,2019,,K,6,0,2020,X9
OECD.EDU.IMEP:DSD_EAG_UOE_FIN@DF_UOE_FIN_NATURE_STAFF(3.1),DEU,EXP,ISCED11_1T8,_T,INST_EDU_PUB,CUR_NLC,Q,USD_PPP,NATURE,2020,,K,6,0,2020,X9
OECD.EDU.IMEP:DSD_EAG_UOE_FIN@DF_UOE_FIN_NATURE_STAFF(3.1),DEU,EXP,ISCED11_1T8,_T,INST_EDU_PUB,CUR_NLC,Q,USD_PPP,NATURE,2021,,K,6,0,2020,X9
OECD.EDU.IMEP:DSD_EAG_UOE_FIN@DF_UOE_FIN_NATURE_STAFF(3.1),DEU,EXP,ISCED11_1T8,_T,INST_EDU_PUB,CUR_NLC,Q,USD_PPP,NATURE,2022,,K,6,0,2020,X9
OECD.EDU.IMEP:DSD_EAG_UOE_FIN@DF_UOE_FIN_NATURE_STAFF(3.1),ESP,EXP,ISCED11_1T8,_T,INST_EDU_PUB,CUR_NLC,Q,USD_PPP,NATURE,2015,,K,6,0,2020,X9
OECD.EDU.IMEP:DSD_EAG_UOE_FIN@DF_UOE_FIN_NATURE_STAFF(3.1),ESP,EXP,ISCED11_1T8,_T,INST_EDU_PUB,CUR_NLC,Q,USD_PPP,NATURE,2016,,K,6,0,2020,X9
OECD.EDU.IMEP:DSD_EAG_UOE_FIN@DF_UOE_FIN_NATURE_STAFF(3.1),ESP,EXP,ISCED11_1T8,_T,INST_EDU_PUB,CUR_NLC,Q,USD_PPP,NATURE,2017,,K,6,0,2020,X9
OECD.EDU.IMEP:DSD_EAG_UOE_FIN@DF_UOE_FIN_NATURE_STAFF(3.1),ESP,EXP,ISCED11_1T8,_T,INST_EDU_PUB,CUR_NLC,Q,USD_PPP,NATURE,2018,,K,6,0,2020,X9
OECD.EDU.IMEP:DSD_EAG_UOE_FIN@DF_UOE_FIN_NATURE_STAFF(3.1),ESP,EXP,ISCED11_1T8,_T,INST_EDU_PUB,CUR_NLC,Q,USD_PPP,NATURE,2019,,K,6,0,2020,X9
OECD.EDU.IMEP:DSD_EAG_UOE_FIN@DF_UOE_FIN_NATURE_STAFF(3.1),ESP,EXP,ISCED11_1T8,_T,INST_EDU_PUB,CUR_NLC,Q,USD_PPP,NATURE,2020,,K,6,0,2020,X9
OECD.EDU.IMEP:DSD_EAG_UOE_FIN@DF_UOE_FIN_NATURE_STAFF(3.1),ESP,EXP,ISCED11_1T8,_T,INST_EDU_PUB,CUR_NLC,Q,USD_PPP,NATURE,2021,,K,6,0,2020,X9
OECD.EDU.IMEP:DSD_EAG_UOE_FIN@DF_UOE_FIN_NATURE_STAFF(3.1),ESP,EXP,ISCED11_1T8,_T,INST_EDU_PUB,CUR_NLC,Q,USD_PPP,NATURE,2022,,K,6,0,2020,X9
OECD.EDU.IMEP:DSD_EAG_UOE_FIN@DF_UOE_FIN_NATURE_STAFF(3.1),BEL,EXP,ISCED11_1T8,_T,INST_EDU_PUB,CUR_NLC,Q,USD_PPP,NATURE,2016,,K,6,0,2020,X9
OECD.EDU.IMEP:DSD_EAG_UOE_FIN@DF_UOE_FIN_NATURE_STAFF(3.1),BEL,EXP,ISCED11_1T8,_T,INST_EDU_PUB,CUR_NLC,Q,USD_PPP,NATURE,2017,,K,6,0,2020,X9
OECD.EDU.IMEP:DSD_EAG_UOE_FIN@DF_UOE_FIN_NATURE_STAFF(3.1),BEL,EXP,ISCED11_1T8,_T,INST_EDU_PUB,CUR_NLC,Q,USD_PPP,NATURE,2018,,K,6,0,2020,X9
OECD.EDU.IMEP:DSD_EAG_UOE_FIN@DF_UOE_FIN_NATURE_STAFF(3.1),BEL,EXP,ISCED11_1T8,_T,INST_EDU_PUB,CUR_NLC,Q,USD_PPP,NATURE,2019,,K,6,0,2020,X9
OECD.EDU.IMEP:DSD_EAG_UOE_FIN@DF_UOE_FIN_NATURE_STAFF(3.1),BEL,EXP,ISCED11_1T8,_T,INST_EDU_PUB,CUR_NLC,Q,USD_PPP,NATURE,2020,,K,6,0,2020,X9
OECD.EDU.IMEP:DSD_EAG_UOE_FIN@DF_UOE_FIN_NATURE_STAFF(3.1),BEL,EXP,ISCED11_1T8,_T,INST_EDU_PUB,CUR_NLC,Q,USD_PPP,NATURE,2021,,K,6,0,2020,X9
OECD.EDU.IMEP:DSD_EAG_UOE_FIN@DF_UOE_FIN_NATURE_STAFF(3.1),BEL,EXP,ISCED11_1T8,_T,INST_EDU_PUB,CUR_NLC,Q,USD_PPP,NATURE,2022,,K,6,0,2020,X9
OECD.EDU.IMEP:DSD_EAG_UOE_FIN@DF_UOE_FIN_NATURE_STAFF(3.1),ISL,EXP,ISCED11_1T8,_T,INST_EDU_PUB,CUR_NLC,Q,USD_PPP,NATURE,2016,,K,6,0,2020,X9
OECD.EDU.IMEP:DSD_EAG_UOE_FIN@DF_UOE_FIN_NATURE_STAFF(3.1),ISL,EXP,ISCED11_1T8,_T,INST_EDU_PUB,CUR_NLC,Q,USD_PPP,NATURE,2017,,K,6,0,2020,X9
OECD.EDU.IMEP:DSD_EAG_UOE_FIN@DF_UOE_FIN_NATURE_STAFF(3.1),ISL,EXP,ISCED11_1T8,_T,INST_EDU_PUB,CUR_NLC,Q,USD_PPP,NATURE,2018,,K,6,0,2020,X9
OECD.EDU.IMEP:DSD_EAG_UOE_FIN@DF_UOE_FIN_NATURE_STAFF(3.1),ISL,EXP,ISCED11_1T8,_T,INST_EDU_PUB,CUR_NLC,Q,USD_PPP,NATURE,2019,,K,6,0,2020,X9
OECD.EDU.IMEP:DSD_EAG_UOE_FIN@DF_UOE_FIN_NATURE_STAFF(3.1),ISL,EXP,ISCED11_1T8,_T,INST_EDU_PUB,CUR_NLC,Q,USD_PPP,NATURE,2020,,K,6,0,2020,X9
OECD.EDU.IMEP:DSD_EAG_UOE_FIN@DF_UOE_FIN_NATURE_STAFF(3.1),ISL,EXP,ISCED11_1T8,_T,INST_EDU_PUB,CUR_NLC,Q,USD_PPP,NATURE,2021,,K,6,0,2020,X9
OECD.EDU.IMEP:DSD_EAG_UOE_FIN@DF_UOE_FIN_NATURE_STAFF(3.1),ISL,EXP,ISCED11_1T8,_T,INST_EDU_PUB,CUR_NLC,Q,USD_PPP,NATURE,2022,,K,6,0,2020,X9
OECD.EDU.IMEP:DSD_EAG_UOE_FIN@DF_UOE_FIN_NATURE_STAFF(3.1),IRL,EXP,ISCED11_1T8,_T,INST_EDU_PUB,CUR_NLC,Q,USD_PPP,NATURE,2015,,K,6,0,2020,X9
OECD.EDU.IMEP:DSD_EAG_UOE_FIN@DF_UOE_FIN_NATURE_STAFF(3.1),IRL,EXP,ISCED11_1T8,_T,INST_EDU_PUB,CUR_NLC,Q,USD_PPP,NATURE,2017,,K,6,0,2020,X9
OECD.EDU.IMEP:DSD_EAG_UOE_FIN@DF_UOE_FIN_NATURE_STAFF(3.1),IRL,EXP,ISCED11_1T8,_T,INST_EDU_PUB,CUR_NLC,Q,USD_PPP,NATURE,2018,,K,6,0,2020,X9
OECD.EDU.IMEP:DSD_EAG_UOE_FIN@DF_UOE_FIN_NATURE_STAFF(3.1),IRL,EXP,ISCED11_1T8,_T,INST_EDU_PUB,CUR_NLC,Q,USD_PPP,NATURE,2019,,K,6,0,2020,X9
OECD.EDU.IMEP:DSD_EAG_UOE_FIN@DF_UOE_FIN_NATURE_STAFF(3.1),IRL,EXP,ISCED11_1T8,_T,INST_EDU_PUB,CUR_NLC,Q,USD_PPP,NATURE,2020,,K,6,0,2020,X9
OECD.EDU.IMEP:DSD_EAG_UOE_FIN@DF_UOE_FIN_NATURE_STAFF(3.1),IRL,EXP,ISCED11_1T8,_T,INST_EDU_PUB,CUR_NLC,Q,USD_PPP,NATURE,2021,,K,6,0,2020,X9
OECD.EDU.IMEP:DSD_EAG_UOE_FIN@DF_UOE_FIN_NATURE_STAFF(3.1),IRL,EXP,ISCED11_1T8,_T,INST_EDU_PUB,CUR_NLC,Q,USD_PPP,NATURE,2022,,K,6,0,2020,X9
OECD.EDU.IMEP:DSD_EAG_UOE_FIN@DF_UOE_FIN_NATURE_STAFF(3.1),CRI,EXP,ISCED11_1T8,_T,INST_EDU_PUB,CUR_NLC,Q,USD_PPP,NATURE,2021,,K,6,0,2020,X9
OECD.EDU.IMEP:DSD_EAG_UOE_FIN@DF_UOE_FIN_NATURE_STAFF(3.1),PRT,EXP,ISCED11_1T8,_T,INST_EDU_PUB,CUR_NLC,Q,USD_PPP,NATURE,2018,,K,6,0,2020,X9
OECD.EDU.IMEP:DSD_EAG_UOE_FIN@DF_UOE_FIN_NATURE_STAFF(3.1),PRT,EXP,ISCED11_1T8,_T,INST_EDU_PUB,CUR_NLC,Q,USD_PPP,NATURE,2019,,K,6,0,2020,X9
OECD.EDU.IMEP:DSD_EAG_UOE_FIN@DF_UOE_FIN_NATURE_STAFF(3.1),PRT,EXP,ISCED11_1T8,_T,INST_EDU_PUB,CUR_NLC,Q,USD_PPP,NATURE,2020,,K,6,0,2020,X9
OECD.EDU.IMEP:DSD_EAG_UOE_FIN@DF_UOE_FIN_NATURE_STAFF(3.1),PRT,EXP,ISCED11_1T8,_T,INST_EDU_PUB,CUR_NLC,Q,USD_PPP,NATURE,2021,,K,6,0,2020,X9
OECD.EDU.IMEP:DSD_EAG_UOE_FIN@DF_UOE_FIN_NATURE_STAFF(3.1),FRA,EXP,ISCED11_1T8,_T,INST_EDU_PUB,CUR_NLC,Q,USD_PPP,NATURE,2016,,K,6,0,2020,X9
OECD.EDU.IMEP:DSD_EAG_UOE_FIN@DF_UOE_FIN_NATURE_STAFF(3.1),FRA,EXP,ISCED11_1T8,_T,INST_EDU_PUB,CUR_NLC,Q,USD_PPP,NATURE,2017,,K,6,0,2020,X9
OECD.EDU.IMEP:DSD_EAG_UOE_FIN@DF_UOE_FIN_NATURE_STAFF(3.1),FRA,EXP,ISCED11_1T8,_T,INST_EDU_PUB,CUR_NLC,Q,USD_PPP,NATURE,2018,,K,6,0,2020,X9
OECD.EDU.IMEP:DSD_EAG_UOE_FIN@DF_UOE_FIN_NATURE_STAFF(3.1),FRA,EXP,ISCED11_1T8,_T,INST_EDU_PUB,CUR_NLC,Q,USD_PPP,NATURE,2019,,K,6,0,2020,X9
OECD.EDU.IMEP:DSD_EAG_UOE_FIN@DF_UOE_FIN_NATURE_STAFF(3.1),FRA,EXP,ISCED11_1T8,_T,INST_EDU_PUB,CUR_NLC,Q,USD_PPP,NATURE,2020,,K,6,0,2020,X9
OECD.EDU.IMEP:DSD_EAG_UOE_FIN@DF_UOE_FIN_NATURE_STAFF(3.1),FRA,EXP,ISCED11_1T8,_T,INST_EDU_PUB,CUR_NLC,Q,USD_PPP,NATURE,2021,,K,6,0,2020,X9
OECD.EDU.IMEP:DSD_EAG_UOE_FIN@DF_UOE_FIN_NATURE_STAFF(3.1),FRA,EXP,ISCED11_1T8,_T,INST_EDU_PUB,CUR_NLC,Q,USD_PPP,NATURE,2022,,K,6,0,2020,X9
OECD.EDU.IMEP:DSD_EAG_UOE_FIN@DF_UOE_FIN_NATURE_STAFF(3.1),ITA,EXP,ISCED11_1T8,_T,INST_EDU_PUB,CUR_NLC,Q,USD_PPP,NATURE,2015,,K,6,0,2020,X9
OECD.EDU.IMEP:DSD_EAG_UOE_FIN@DF_UOE_FIN_NATURE_STAFF(3.1),ITA,EXP,ISCED11_1T8,_T,INST_EDU_PUB,CUR_NLC,Q,USD_PPP,NATURE,2016,,K,6,0,2020,X9
OECD.EDU.IMEP:DSD_EAG_UOE_FIN@DF_UOE_FIN_NATURE_STAFF(3.1),CHL,EXP,ISCED11_1T8,_T,INST_EDU_PUB,CUR_NLC,Q,USD_PPP,NATURE,2015,,K,6,0,2020,X9
OECD.EDU.IMEP:DSD_EAG_UOE_FIN@DF_UOE_FIN_NATURE_STAFF(3.1),CHL,EXP,ISCED11_1T8,_T,INST_EDU_PUB,CUR_NLC,Q,USD_PPP,NATURE,2018,,K,6,0,2020,X9
OECD.EDU.IMEP:DSD_EAG_UOE_FIN@DF_UOE_FIN_NATURE_STAFF(3.1),CHL,EXP,ISCED11_1T8,_T,INST_EDU_PUB,CUR_NLC,Q,USD_PPP,NATURE,2019,,K,6,0,2020,X9
OECD.EDU.IMEP:DSD_EAG_UOE_FIN@DF_UOE_FIN_NATURE_STAFF(3.1),CHL,EXP,ISCED11_1T8,_T,INST_EDU_PUB,CUR_NLC,Q,USD_PPP,NATURE,2020,,K,6,0,2020,X9
OECD.EDU.IMEP:DSD_EAG_UOE_FIN@DF_UOE_FIN_NATURE_STAFF(3.1),NLD,EXP,ISCED11_1T8,_T,INST_EDU_PUB,CUR_NLC,Q,USD_PPP,NATURE,2015,,K,6,0,2020,X9
OECD.EDU.IMEP:DSD_EAG_UOE_FIN@DF_UOE_FIN_NATURE_STAFF(3.1),NLD,EXP,ISCED11_1T8,_T,INST_EDU_PUB,CUR_NLC,Q,USD_PPP,NATURE,2021,,K,6,0,2020,X9
OECD.EDU.IMEP:DSD_EAG_UOE_FIN@DF_UOE_FIN_NATURE_STAFF(3.1),NLD,EXP,ISCED11_1T8,_T,INST_EDU_PUB,CUR_NLC,Q,USD_PPP,NATURE,2022,,K,6,0,2020,X9
OECD.EDU.IMEP:DSD_EAG_UOE_FIN@DF_UOE_FIN_NATURE_STAFF(3.1),DNK,EXP,ISCED11_1T8,_T,INST_EDU_PUB,CUR_NLC,Q,USD_PPP,NATURE,2021,,K,6,0,2020,X9
OECD.EDU.IMEP:DSD_EAG_UOE_FIN@DF_UOE_FIN_NATURE_STAFF(3.1),DNK,EXP,ISCED11_1T8,_T,INST_EDU_PUB,CUR_NLC,Q,USD_PPP,NATURE,2022,,K,6,0,2020,X9
OECD.EDU.IMEP:DSD_EAG_UOE_FIN@DF_UOE_FIN_NATURE_STAFF(3.1),NZL,EXP,ISCED11_1T8,_T,INST_EDU_PUB,CUR_NLC,Q,USD_PPP,NATURE,2015,,K,6,0,2020,X9
OECD.EDU.IMEP:DSD_EAG_UOE_FIN@DF_UOE_FIN_NATURE_STAFF(3.1),NZL,EXP,ISCED11_1T8,_T,INST_EDU_PUB,CUR_NLC,Q,USD_PPP,NATURE,2016,,K,6,0,2020,X9
OECD.EDU.IMEP:DSD_EAG_UOE_FIN@DF_UOE_FIN_NATURE_STAFF(3.1),NZL,EXP,ISCED11_1T8,_T,INST_EDU_PUB,CUR_NLC,Q,USD_PPP,NATURE,2017,,K,6,0,2020,X9
OECD.EDU.IMEP:DSD_EAG_UOE_FIN@DF_UOE_FIN_NATURE_STAFF(3.1),NZL,EXP,ISCED11_1T8,_T,INST_EDU_PUB,CUR_NLC,Q,USD_PPP,NATURE,2018,,K,6,0,2020,X9
OECD.EDU.IMEP:DSD_EAG_UOE_FIN@DF_UOE_FIN_NATURE_STAFF(3.1),NZL,EXP,ISCED11_1T8,_T,INST_EDU_PUB,CUR_NLC,Q,USD_PPP,NATURE,2019,,K,6,0,2020,X9
OECD.EDU.IMEP:DSD_EAG_UOE_FIN@DF_UOE_FIN_NATURE_STAFF(3.1),NZL,EXP,ISCED11_1T8,_T,INST_EDU_PUB,CUR_NLC,Q,USD_PPP,NATURE,2020,,K,6,0,2020,X9
OECD.EDU.IMEP:DSD_EAG_UOE_FIN@DF_UOE_FIN_NATURE_STAFF(3.1),NZL,EXP,ISCED11_1T8,_T,INST_EDU_PUB,CUR_NLC,Q,USD_PPP,NATURE,2021,,K,6,0,2020,X9
OECD.EDU.IMEP:DSD_EAG_UOE_FIN@DF_UOE_FIN_NATURE_STAFF(3.1),NZL,EXP,ISCED11_1T8,_T,INST_EDU_PUB,CUR_NLC,Q,USD_PPP,NATURE,2022,,K,6,0,2020,X9
OECD.EDU.IMEP:DSD_EAG_UOE_FIN@DF_UOE_FIN_NATURE_STAFF(3.1),NZL,EXP,ISCED11_1T8,_T,INST_EDU_PUB,CUR_NLC,Q,USD_PPP,NATURE,2023,,K,6,0,2020,X9
OECD.EDU.IMEP:DSD_EAG_UOE_FIN@DF_UOE_FIN_NATURE_STAFF(3.1),LTU,EXP,ISCED11_1T8,_T,INST_EDU_PUB,CUR_RET,Q,USD_PPP,NATURE,2022,,M,6,0,2020,X8
OECD.EDU.IMEP:DSD_EAG_UOE_FIN@DF_UOE_FIN_NATURE_STAFF(3.1),LTU,EXP,ISCED11_1T8,_T,INST_EDU_PRIV_GOV,CUR_LC,Q,USD_PPP,NATURE,2015,,M,6,0,2020,Y7
OECD.EDU.IMEP:DSD_EAG_UOE_FIN@DF_UOE_FIN_NATURE_STAFF(3.1),LTU,EXP,ISCED11_1T8,_T,INST_EDU_PRIV_GOV,CUR_LC,Q,USD_PPP,NATURE,2016,,M,6,0,2020,Y7
OECD.EDU.IMEP:DSD_EAG_UOE_FIN@DF_UOE_FIN_NATURE_STAFF(3.1),LTU,EXP,ISCED11_1T8,_T,INST_EDU_PRIV_GOV,CUR_LC,Q,USD_PPP,NATURE,2017,,M,6,0,2020,Y7
OECD.EDU.IMEP:DSD_EAG_UOE_FIN@DF_UOE_FIN_NATURE_STAFF(3.1),LTU,EXP,ISCED11_1T8,_T,INST_EDU_PRIV_GOV,CUR_LC,Q,USD_PPP,NATURE,2018,,M,6,0,2020,Y7
OECD.EDU.IMEP:DSD_EAG_UOE_FIN@DF_UOE_FIN_NATURE_STAFF(3.1),LTU,EXP,ISCED11_1T8,_T,INST_EDU_PRIV_GOV,CUR_LC,Q,USD_PPP,NATURE,2019,,M,6,0,2020,Y7
OECD.EDU.IMEP:DSD_EAG_UOE_FIN@DF_UOE_FIN_NATURE_STAFF(3.1),LTU,EXP,ISCED11_1T8,_T,INST_EDU_PRIV_GOV,CUR_LC,Q,USD_PPP,NATURE,2020,,M,6,0,2020,Y7
OECD.EDU.IMEP:DSD_EAG_UOE_FIN@DF_UOE_FIN_NATURE_STAFF(3.1),LTU,EXP,ISCED11_1T8,_T,INST_EDU_PRIV_GOV,CUR_LC,Q,USD_PPP,NATURE,2021,,M,6,0,2020,Y7
OECD.EDU.IMEP:DSD_EAG_UOE_FIN@DF_UOE_FIN_NATURE_STAFF(3.1),LTU,EXP,ISCED11_1T8,_T,INST_EDU_PRIV_GOV,CUR_LC,Q,USD_PPP,NATURE,2022,,M,6,0,2020,Y7
OECD.EDU.IMEP:DSD_EAG_UOE_FIN@DF_UOE_FIN_NATURE_STAFF(3.1),GRC,EXP,ISCED11_1T8,_T,INST_EDU_PRIV_GOV,CUR_LC,Q,USD_PPP,NATURE,2015,,M,6,0,2020,Y7
OECD.EDU.IMEP:DSD_EAG_UOE_FIN@DF_UOE_FIN_NATURE_STAFF(3.1),GRC,EXP,ISCED11_1T8,_T,INST_EDU_PRIV_GOV,CUR_LC,Q,USD_PPP,NATURE,2016,,M,6,0,2020,Y7
OECD.EDU.IMEP:DSD_EAG_UOE_FIN@DF_UOE_FIN_NATURE_STAFF(3.1),GRC,EXP,ISCED11_1T8,_T,INST_EDU_PRIV_GOV,CUR_LC,Q,USD_PPP,NATURE,2017,,M,6,0,2020,Y7
OECD.EDU.IMEP:DSD_EAG_UOE_FIN@DF_UOE_FIN_NATURE_STAFF(3.1),GRC,EXP,ISCED11_1T8,_T,INST_EDU_PRIV_GOV,CUR_LC,Q,USD_PPP,NATURE,2018,,M,6,0,2020,Y7
OECD.EDU.IMEP:DSD_EAG_UOE_FIN@DF_UOE_FIN_NATURE_STAFF(3.1),GRC,EXP,ISCED11_1T8,_T,INST_EDU_PRIV_GOV,CUR_LC,Q,USD_PPP,NATURE,2019,,M,6,0,2020,Y7
OECD.EDU.IMEP:DSD_EAG_UOE_FIN@DF_UOE_FIN_NATURE_STAFF(3.1),GRC,EXP,ISCED11_1T8,_T,INST_EDU_PRIV_GOV,CUR_LC,Q,USD_PPP,NATURE,2020,,M,6,0,2020,Y7
OECD.EDU.IMEP:DSD_EAG_UOE_FIN@DF_UOE_FIN_NATURE_STAFF(3.1),GRC,EXP,ISCED11_1T8,_T,INST_EDU_PRIV_GOV,CUR_LC,Q,USD_PPP,NATURE,2022,,M,6,0,2020,Y7
OECD.EDU.IMEP:DSD_EAG_UOE_FIN@DF_UOE_FIN_NATURE_STAFF(3.1),MEX,EXP,ISCED11_1T8,_T,INST_EDU_PRIV_GOV,CUR_LC,Q,USD_PPP,NATURE,2015,,M,6,0,2020,Y7
OECD.EDU.IMEP:DSD_EAG_UOE_FIN@DF_UOE_FIN_NATURE_STAFF(3.1),MEX,EXP,ISCED11_1T8,_T,INST_EDU_PRIV_GOV,CUR_LC,Q,USD_PPP,NATURE,2016,,M,6,0,2020,Y7
OECD.EDU.IMEP:DSD_EAG_UOE_FIN@DF_UOE_FIN_NATURE_STAFF(3.1),MEX,EXP,ISCED11_1T8,_T,INST_EDU_PRIV_GOV,CUR_LC,Q,USD_PPP,NATURE,2017,,M,6,0,2020,Y7
OECD.EDU.IMEP:DSD_EAG_UOE_FIN@DF_UOE_FIN_NATURE_STAFF(3.1),MEX,EXP,ISCED11_1T8,_T,INST_EDU_PRIV_GOV,CUR_LC,Q,USD_PPP,NATURE,2018,,M,6,0,2020,Y7
OECD.EDU.IMEP:DSD_EAG_UOE_FIN@DF_UOE_FIN_NATURE_STAFF(3.1),MEX,EXP,ISCED11_1T8,_T,INST_EDU_PRIV_GOV,CUR_LC,Q,USD_PPP,NATURE,2019,,M,6,0,2020,Y7
OECD.EDU.IMEP:DSD_EAG_UOE_FIN@DF_UOE_FIN_NATURE_STAFF(3.1),MEX,EXP,ISCED11_1T8,_T,INST_EDU_PRIV_GOV,CUR_LC,Q,USD_PPP,NATURE,2020,,M,6,0,2020,Y7
OECD.EDU.IMEP:DSD_EAG_UOE_FIN@DF_UOE_FIN_NATURE_STAFF(3.1),MEX,EXP,ISCED11_1T8,_T,INST_EDU_PRIV_GOV,CUR_LC,Q,USD_PPP,NATURE,2021,,M,6,0,2020,Y7
OECD.EDU.IMEP:DSD_EAG_UOE_FIN@DF_UOE_FIN_NATURE_STAFF(3.1),MEX,EXP,ISCED11_1T8,_T,INST_EDU_PRIV_GOV,CUR_LC,Q,USD_PPP,NATURE,2022,,M,6,0,2020,Y7
OECD.EDU.IMEP:DSD_EAG_UOE_FIN@DF_UOE_FIN_NATURE_STAFF(3.1),JPN,EXP,ISCED11_1T8,_T,INST_EDU_PRIV_GOV,CUR_LC,Q,USD_PPP,NATURE,2016,,M,6,0,2020,Y7
OECD.EDU.IMEP:DSD_EAG_UOE_FIN@DF_UOE_FIN_NATURE_STAFF(3.1),JPN,EXP,ISCED11_1T8,_T,INST_EDU_PRIV_GOV,CUR_LC,Q,USD_PPP,NATURE,2017,,M,6,0,2020,Y7
OECD.EDU.IMEP:DSD_EAG_UOE_FIN@DF_UOE_FIN_NATURE_STAFF(3.1),JPN,EXP,ISCED11_1T8,_T,INST_EDU_PRIV_GOV,CUR_LC,Q,USD_PPP,NATURE,2018,,M,6,0,2020,Y7
OECD.EDU.IMEP:DSD_EAG_UOE_FIN@DF_UOE_FIN_NATURE_STAFF(3.1),JPN,EXP,ISCED11_1T8,_T,INST_EDU_PRIV_GOV,CUR_LC,Q,USD_PPP,NATURE,2019,,M,6,0,2020,Y7
OECD.EDU.IMEP:DSD_EAG_UOE_FIN@DF_UOE_FIN_NATURE_STAFF(3.1),JPN,EXP,ISCED11_1T8,_T,INST_EDU_PRIV_GOV,CUR_LC,Q,USD_PPP,NATURE,2020,,M,6,0,2020,Y7
OECD.EDU.IMEP:DSD_EAG_UOE_FIN@DF_UOE_FIN_NATURE_STAFF(3.1),JPN,EXP,ISCED11_1T8,_T,INST_EDU_PRIV_GOV,CUR_LC,Q,USD_PPP,NATURE,2021,,M,6,0,2020,Y7
OECD.EDU.IMEP:DSD_EAG_UOE_FIN@DF_UOE_FIN_NATURE_STAFF(3.1),JPN,EXP,ISCED11_1T8,_T,INST_EDU_PRIV_GOV,CUR_LC,Q,USD_PPP,NATURE,2022,,M,6,0,2020,Y7
OECD.EDU.IMEP:DSD_EAG_UOE_FIN@DF_UOE_FIN_NATURE_STAFF(3.1),IRL,EXP,ISCED11_1T8,_T,INST_EDU_PRIV_GOV,CUR_LC,Q,USD_PPP,NATURE,2015,,M,6,0,2020,Y7
OECD.EDU.IMEP:DSD_EAG_UOE_FIN@DF_UOE_FIN_NATURE_STAFF(3.1),IRL,EXP,ISCED11_1T8,_T,INST_EDU_PRIV_GOV,CUR_LC,Q,USD_PPP,NATURE,2017,,M,6,0,2020,Y7
OECD.EDU.IMEP:DSD_EAG_UOE_FIN@DF_UOE_FIN_NATURE_STAFF(3.1),IRL,EXP,ISCED11_1T8,_T,INST_EDU_PRIV_GOV,CUR_LC,Q,USD_PPP,NATURE,2018,,M,6,0,2020,Y7
OECD.EDU.IMEP:DSD_EAG_UOE_FIN@DF_UOE_FIN_NATURE_STAFF(3.1),IRL,EXP,ISCED11_1T8,_T,INST_EDU_PRIV_GOV,CUR_LC,Q,USD_PPP,NATURE,2019,,M,6,0,2020,Y7
OECD.EDU.IMEP:DSD_EAG_UOE_FIN@DF_UOE_FIN_NATURE_STAFF(3.1),IRL,EXP,ISCED11_1T8,_T,INST_EDU_PRIV_GOV,CUR_LC,Q,USD_PPP,NATURE,2020,,M,6,0,2020,Y7
OECD.EDU.IMEP:DSD_EAG_UOE_FIN@DF_UOE_FIN_NATURE_STAFF(3.1),IRL,EXP,ISCED11_1T8,_T,INST_EDU_PRIV_GOV,CUR_LC,Q,USD_PPP,NATURE,2021,,M,6,0,2020,Y7
OECD.EDU.IMEP:DSD_EAG_UOE_FIN@DF_UOE_FIN_NATURE_STAFF(3.1),IRL,EXP,ISCED11_1T8,_T,INST_EDU_PRIV_GOV,CUR_LC,Q,USD_PPP,NATURE,2022,,M,6,0,2020,Y7
OECD.EDU.IMEP:DSD_EAG_UOE_FIN@DF_UOE_FIN_NATURE_STAFF(3.1),ITA,EXP,ISCED11_1T8,_T,INST_EDU_PRIV_GOV,CUR_LC,Q,USD_PPP,NATURE,2022,,M,6,0,2020,Y7
OECD.EDU.IMEP:DSD_EAG_UOE_FIN@DF_UOE_FIN_NATURE_STAFF(3.1),GRC,EXP,ISCED11_1T8,_T,INST_EDU_PRIV_GOV,CUR_RET,Q,USD_PPP,NATURE,2015,,M,6,0,2020,Y8
OECD.EDU.IMEP:DSD_EAG_UOE_FIN@DF_UOE_FIN_NATURE_STAFF(3.1),GRC,EXP,ISCED11_1T8,_T,INST_EDU_PRIV_GOV,CUR_RET,Q,USD_PPP,NATURE,2016,,M,6,0,2020,Y8
OECD.EDU.IMEP:DSD_EAG_UOE_FIN@DF_UOE_FIN_NATURE_STAFF(3.1),GRC,EXP,ISCED11_1T8,_T,INST_EDU_PRIV_GOV,CUR_RET,Q,USD_PPP,NATURE,2017,,M,6,0,2020,Y8
OECD.EDU.IMEP:DSD_EAG_UOE_FIN@DF_UOE_FIN_NATURE_STAFF(3.1),GRC,EXP,ISCED11_1T8,_T,INST_EDU_PRIV_GOV,CUR_RET,Q,USD_PPP,NATURE,2018,,M,6,0,2020,Y8
OECD.EDU.IMEP:DSD_EAG_UOE_FIN@DF_UOE_FIN_NATURE_STAFF(3.1),GRC,EXP,ISCED11_1T8,_T,INST_EDU_PRIV_GOV,CUR_RET,Q,USD_PPP,NATURE,2019,,M,6,0,2020,Y8
OECD.EDU.IMEP:DSD_EAG_UOE_FIN@DF_UOE_FIN_NATURE_STAFF(3.1),GRC,EXP,ISCED11_1T8,_T,INST_EDU_PRIV_GOV,CUR_RET,Q,USD_PPP,NATURE,2020,,M,6,0,2020,Y8
OECD.EDU.IMEP:DSD_EAG_UOE_FIN@DF_UOE_FIN_NATURE_STAFF(3.1),GRC,EXP,ISCED11_1T8,_T,INST_EDU_PRIV_GOV,CUR_RET,Q,USD_PPP,NATURE,2022,,M,6,0,2020,Y8
OECD.EDU.IMEP:DSD_EAG_UOE_FIN@DF_UOE_FIN_NATURE_STAFF(3.1),MEX,EXP,ISCED11_1T8,_T,INST_EDU_PRIV_GOV,CUR_RET,Q,USD_PPP,NATURE,2015,,M,6,0,2020,Y8
OECD.EDU.IMEP:DSD_EAG_UOE_FIN@DF_UOE_FIN_NATURE_STAFF(3.1),MEX,EXP,ISCED11_1T8,_T,INST_EDU_PRIV_GOV,CUR_RET,Q,USD_PPP,NATURE,2016,,M,6,0,2020,Y8
OECD.EDU.IMEP:DSD_EAG_UOE_FIN@DF_UOE_FIN_NATURE_STAFF(3.1),MEX,EXP,ISCED11_1T8,_T,INST_EDU_PRIV_GOV,CUR_RET,Q,USD_PPP,NATURE,2017,,M,6,0,2020,Y8
OECD.EDU.IMEP:DSD_EAG_UOE_FIN@DF_UOE_FIN_NATURE_STAFF(3.1),MEX,EXP,ISCED11_1T8,_T,INST_EDU_PRIV_GOV,CUR_RET,Q,USD_PPP,NATURE,2018,,M,6,0,2020,Y8
OECD.EDU.IMEP:DSD_EAG_UOE_FIN@DF_UOE_FIN_NATURE_STAFF(3.1),MEX,EXP,ISCED11_1T8,_T,INST_EDU_PRIV_GOV,CUR_RET,Q,USD_PPP,NATURE,2019,,M,6,0,2020,Y8
OECD.EDU.IMEP:DSD_EAG_UOE_FIN@DF_UOE_FIN_NATURE_STAFF(3.1),MEX,EXP,ISCED11_1T8,_T,INST_EDU_PRIV_GOV,CUR_RET,Q,USD_PPP,NATURE,2020,,M,6,0,2020,Y8
OECD.EDU.IMEP:DSD_EAG_UOE_FIN@DF_UOE_FIN_NATURE_STAFF(3.1),MEX,EXP,ISCED11_1T8,_T,INST_EDU_PRIV_GOV,CUR_RET,Q,USD_PPP,NATURE,2021,,M,6,0,2020,Y8
OECD.EDU.IMEP:DSD_EAG_UOE_FIN@DF_UOE_FIN_NATURE_STAFF(3.1),MEX,EXP,ISCED11_1T8,_T,INST_EDU_PRIV_GOV,CUR_RET,Q,USD_PPP,NATURE,2022,,M,6,0,2020,Y8
OECD.EDU.IMEP:DSD_EAG_UOE_FIN@DF_UOE_FIN_NATURE_STAFF(3.1),JPN,EXP,ISCED11_1T8,_T,INST_EDU_PRIV_GOV,CUR_RET,Q,USD_PPP,NATURE,2016,,M,6,0,2020,Y8
OECD.EDU.IMEP:DSD_EAG_UOE_FIN@DF_UOE_FIN_NATURE_STAFF(3.1),JPN,EXP,ISCED11_1T8,_T,INST_EDU_PRIV_GOV,CUR_RET,Q,USD_PPP,NATURE,2017,,M,6,0,2020,Y8
OECD.EDU.IMEP:DSD_EAG_UOE_FIN@DF_UOE_FIN_NATURE_STAFF(3.1),JPN,EXP,ISCED11_1T8,_T,INST_EDU_PRIV_GOV,CUR_RET,Q,USD_PPP,NATURE,2018,,M,6,0,2020,Y8
OECD.EDU.IMEP:DSD_EAG_UOE_FIN@DF_UOE_FIN_NATURE_STAFF(3.1),JPN,EXP,ISCED11_1T8,_T,INST_EDU_PRIV_GOV,CUR_RET,Q,USD_PPP,NATURE,2019,,M,6,0,2020,Y8
OECD.EDU.IMEP:DSD_EAG_UOE_FIN@DF_UOE_FIN_NATURE_STAFF(3.1),JPN,EXP,ISCED11_1T8,_T,INST_EDU_PRIV_GOV,CUR_RET,Q,USD_PPP,NATURE,2020,,M,6,0,2020,Y8
OECD.EDU.IMEP:DSD_EAG_UOE_FIN@DF_UOE_FIN_NATURE_STAFF(3.1),JPN,EXP,ISCED11_1T8,_T,INST_EDU_PRIV_GOV,CUR_RET,Q,USD_PPP,NATURE,2021,,M,6,0,2020,Y8
OECD.EDU.IMEP:DSD_EAG_UOE_FIN@DF_UOE_FIN_NATURE_STAFF(3.1),JPN,EXP,ISCED11_1T8,_T,INST_EDU_PRIV_GOV,CUR_RET,Q,USD_PPP,NATURE,2022,,M,6,0,2020,Y8
OECD.EDU.IMEP:DSD_EAG_UOE_FIN@DF_UOE_FIN_NATURE_STAFF(3.1),IRL,EXP,ISCED11_1T8,_T,INST_EDU_PRIV_GOV,CUR_RET,Q,USD_PPP,NATURE,2015,,M,6,0,2020,Y8
OECD.EDU.IMEP:DSD_EAG_UOE_FIN@DF_UOE_FIN_NATURE_STAFF(3.1),IRL,EXP,ISCED11_1T8,_T,INST_EDU_PRIV_GOV,CUR_RET,Q,USD_PPP,NATURE,2017,,M,6,0,2020,Y8
OECD.EDU.IMEP:DSD_EAG_UOE_FIN@DF_UOE_FIN_NATURE_STAFF(3.1),IRL,EXP,ISCED11_1T8,_T,INST_EDU_PRIV_GOV,CUR_RET,Q,USD_PPP,NATURE,2018,,M,6,0,2020,Y8
OECD.EDU.IMEP:DSD_EAG_UOE_FIN@DF_UOE_FIN_NATURE_STAFF(3.1),IRL,EXP,ISCED11_1T8,_T,INST_EDU_PRIV_GOV,CUR_RET,Q,USD_PPP,NATURE,2019,,M,6,0,2020,Y8
OECD.EDU.IMEP:DSD_EAG_UOE_FIN@DF_UOE_FIN_NATURE_STAFF(3.1),IRL,EXP,ISCED11_1T8,_T,INST_EDU_PRIV_GOV,CUR_RET,Q,USD_PPP,NATURE,2020,,M,6,0,2020,Y8
OECD.EDU.IMEP:DSD_EAG_UOE_FIN@DF_UOE_FIN_NATURE_STAFF(3.1),IRL,EXP,ISCED11_1T8,_T,INST_EDU_PRIV_GOV,CUR_RET,Q,USD_PPP,NATURE,2021,,M,6,0,2020,Y8
OECD.EDU.IMEP:DSD_EAG_UOE_FIN@DF_UOE_FIN_NATURE_STAFF(3.1),IRL,EXP,ISCED11_1T8,_T,INST_EDU_PRIV_GOV,CUR_RET,Q,USD_PPP,NATURE,2022,,M,6,0,2020,Y8
OECD.EDU.IMEP:DSD_EAG_UOE_FIN@DF_UOE_FIN_NATURE_STAFF(3.1),ITA,EXP,ISCED11_1T8,_T,INST_EDU_PRIV_GOV,CUR_RET,Q,USD_PPP,NATURE,2022,,M,6,0,2020,Y8
OECD.EDU.IMEP:DSD_EAG_UOE_FIN@DF_UOE_FIN_NATURE_STAFF(3.1),LTU,EXP,ISCED11_1T8,_T,INST_EDU_PRIV_GOV,CUR_RET,Q,USD_PPP,NATURE,2015,,M,6,0,2020,Y8
OECD.EDU.IMEP:DSD_EAG_UOE_FIN@DF_UOE_FIN_NATURE_STAFF(3.1),LTU,EXP,ISCED11_1T8,_T,INST_EDU_PRIV_GOV,CUR_RET,Q,USD_PPP,NATURE,2016,,M,6,0,2020,Y8
OECD.EDU.IMEP:DSD_EAG_UOE_FIN@DF_UOE_FIN_NATURE_STAFF(3.1),LTU,EXP,ISCED11_1T8,_T,INST_EDU_PRIV_GOV,CUR_RET,Q,USD_PPP,NATURE,2017,,M,6,0,2020,Y8
OECD.EDU.IMEP:DSD_EAG_UOE_FIN@DF_UOE_FIN_NATURE_STAFF(3.1),LTU,EXP,ISCED11_1T8,_T,INST_EDU_PRIV_GOV,CUR_RET,Q,USD_PPP,NATURE,2018,,M,6,0,2020,Y8
OECD.EDU.IMEP:DSD_EAG_UOE_FIN@DF_UOE_FIN_NATURE_STAFF(3.1),LTU,EXP,ISCED11_1T8,_T,INST_EDU_PRIV_GOV,CUR_RET,Q,USD_PPP,NATURE,2019,,M,6,0,2020,Y8
OECD.EDU.IMEP:DSD_EAG_UOE_FIN@DF_UOE_FIN_NATURE_STAFF(3.1),LTU,EXP,ISCED11_1T8,_T,INST_EDU_PRIV_GOV,CUR_RET,Q,USD_PPP,NATURE,2020,,M,6,0,2020,Y8
OECD.EDU.IMEP:DSD_EAG_UOE_FIN@DF_UOE_FIN_NATURE_STAFF(3.1),LTU,EXP,ISCED11_1T8,_T,INST_EDU_PRIV_GOV,CUR_RET,Q,USD_PPP,NATURE,2021,,M,6,0,2020,Y8
OECD.EDU.IMEP:DSD_EAG_UOE_FIN@DF_UOE_FIN_NATURE_STAFF(3.1),LTU,EXP,ISCED11_1T8,_T,INST_EDU_PRIV_GOV,CUR_RET,Q,USD_PPP,NATURE,2022,,M,6,0,2020,Y8
OECD.EDU.IMEP:DSD_EAG_UOE_FIN@DF_UOE_FIN_NATURE_STAFF(3.1),ITA,EXP,ISCED11_1T8,_T,INST_EDU_PRIV_GOV,CUR_NLC,Q,USD_PPP,NATURE,2022,,M,6,0,2020,Y9
OECD.EDU.IMEP:DSD_EAG_UOE_FIN@DF_UOE_FIN_NATURE_STAFF(3.1),IRL,EXP,ISCED11_1T8,_T,INST_EDU_PRIV_GOV,CUR_NLC,Q,USD_PPP,NATURE,2015,,M,6,0,2020,Y9
OECD.EDU.IMEP:DSD_EAG_UOE_FIN@DF_UOE_FIN_NATURE_STAFF(3.1),IRL,EXP,ISCED11_1T8,_T,INST_EDU_PRIV_GOV,CUR_NLC,Q,USD_PPP,NATURE,2017,,M,6,0,2020,Y9
OECD.EDU.IMEP:DSD_EAG_UOE_FIN@DF_UOE_FIN_NATURE_STAFF(3.1),IRL,EXP,ISCED11_1T8,_T,INST_EDU_PRIV_GOV,CUR_NLC,Q,USD_PPP,NATURE,2018,,M,6,0,2020,Y9
OECD.EDU.IMEP:DSD_EAG_UOE_FIN@DF_UOE_FIN_NATURE_STAFF(3.1),IRL,EXP,ISCED11_1T8,_T,INST_EDU_PRIV_GOV,CUR_NLC,Q,USD_PPP,NATURE,2019,,M,6,0,2020,Y9
OECD.EDU.IMEP:DSD_EAG_UOE_FIN@DF_UOE_FIN_NATURE_STAFF(3.1),IRL,EXP,ISCED11_1T8,_T,INST_EDU_PRIV_GOV,CUR_NLC,Q,USD_PPP,NATURE,2020,,M,6,0,2020,Y9
OECD.EDU.IMEP:DSD_EAG_UOE_FIN@DF_UOE_FIN_NATURE_STAFF(3.1),IRL,EXP,ISCED11_1T8,_T,INST_EDU_PRIV_GOV,CUR_NLC,Q,USD_PPP,NATURE,2021,,M,6,0,2020,Y9
OECD.EDU.IMEP:DSD_EAG_UOE_FIN@DF_UOE_FIN_NATURE_STAFF(3.1),IRL,EXP,ISCED11_1T8,_T,INST_EDU_PRIV_GOV,CUR_NLC,Q,USD_PPP,NATURE,2022,,M,6,0,2020,Y9
OECD.EDU.IMEP:DSD_EAG_UOE_FIN@DF_UOE_FIN_NATURE_STAFF(3.1),JPN,EXP,ISCED11_1T8,_T,INST_EDU_PRIV_GOV,CUR_NLC,Q,USD_PPP,NATURE,2016,,M,6,0,2020,Y9
OECD.EDU.IMEP:DSD_EAG_UOE_FIN@DF_UOE_FIN_NATURE_STAFF(3.1),JPN,EXP,ISCED11_1T8,_T,INST_EDU_PRIV_GOV,CUR_NLC,Q,USD_PPP,NATURE,2017,,M,6,0,2020,Y9
OECD.EDU.IMEP:DSD_EAG_UOE_FIN@DF_UOE_FIN_NATURE_STAFF(3.1),JPN,EXP,ISCED11_1T8,_T,INST_EDU_PRIV_GOV,CUR_NLC,Q,USD_PPP,NATURE,2018,,M,6,0,2020,Y9
OECD.EDU.IMEP:DSD_EAG_UOE_FIN@DF_UOE_FIN_NATURE_STAFF(3.1),JPN,EXP,ISCED11_1T8,_T,INST_EDU_PRIV_GOV,CUR_NLC,Q,USD_PPP,NATURE,2019,,M,6,0,2020,Y9
OECD.EDU.IMEP:DSD_EAG_UOE_FIN@DF_UOE_FIN_NATURE_STAFF(3.1),JPN,EXP,ISCED11_1T8,_T,INST_EDU_PRIV_GOV,CUR_NLC,Q,USD_PPP,NATURE,2020,,M,6,0,2020,Y9
OECD.EDU.IMEP:DSD_EAG_UOE_FIN@DF_UOE_FIN_NATURE_STAFF(3.1),JPN,EXP,ISCED11_1T8,_T,INST_EDU_PRIV_GOV,CUR_NLC,Q,USD_PPP,NATURE,2021,,M,6,0,2020,Y9
OECD.EDU.IMEP:DSD_EAG_UOE_FIN@DF_UOE_FIN_NATURE_STAFF(3.1),JPN,EXP,ISCED11_1T8,_T,INST_EDU_PRIV_GOV,CUR_NLC,Q,USD_PPP,NATURE,2022,,M,6,0,2020,Y9
OECD.EDU.IMEP:DSD_EAG_UOE_FIN@DF_UOE_FIN_NATURE_STAFF(3.1),MEX,EXP,ISCED11_1T8,_T,INST_EDU_PRIV_GOV,CUR_NLC,Q,USD_PPP,NATURE,2015,,M,6,0,2020,Y9
OECD.EDU.IMEP:DSD_EAG_UOE_FIN@DF_UOE_FIN_NATURE_STAFF(3.1),MEX,EXP,ISCED11_1T8,_T,INST_EDU_PRIV_GOV,CUR_NLC,Q,USD_PPP,NATURE,2016,,M,6,0,2020,Y9
OECD.EDU.IMEP:DSD_EAG_UOE_FIN@DF_UOE_FIN_NATURE_STAFF(3.1),MEX,EXP,ISCED11_1T8,_T,INST_EDU_PRIV_GOV,CUR_NLC,Q,USD_PPP,NATURE,2017,,M,6,0,2020,Y9
OECD.EDU.IMEP:DSD_EAG_UOE_FIN@DF_UOE_FIN_NATURE_STAFF(3.1),MEX,EXP,ISCED11_1T8,_T,INST_EDU_PRIV_GOV,CUR_NLC,Q,USD_PPP,NATURE,2018,,M,6,0,2020,Y9
OECD.EDU.IMEP:DSD_EAG_UOE_FIN@DF_UOE_FIN_NATURE_STAFF(3.1),MEX,EXP,ISCED11_1T8,_T,INST_EDU_PRIV_GOV,CUR_NLC,Q,USD_PPP,NATURE,2019,,M,6,0,2020,Y9
OECD.EDU.IMEP:DSD_EAG_UOE_FIN@DF_UOE_FIN_NATURE_STAFF(3.1),MEX,EXP,ISCED11_1T8,_T,INST_EDU_PRIV_GOV,CUR_NLC,Q,USD_PPP,NATURE,2020,,M,6,0,2020,Y9
OECD.EDU.IMEP:DSD_EAG_UOE_FIN@DF_UOE_FIN_NATURE_STAFF(3.1),MEX,EXP,ISCED11_1T8,_T,INST_EDU_PRIV_GOV,CUR_NLC,Q,USD_PPP,NATURE,2021,,M,6,0,2020,Y9
OECD.EDU.IMEP:DSD_EAG_UOE_FIN@DF_UOE_FIN_NATURE_STAFF(3.1),MEX,EXP,ISCED11_1T8,_T,INST_EDU_PRIV_GOV,CUR_NLC,Q,USD_PPP,NATURE,2022,,M,6,0,2020,Y9
OECD.EDU.IMEP:DSD_EAG_UOE_FIN@DF_UOE_FIN_NATURE_STAFF(3.1),GRC,EXP,ISCED11_1T8,_T,INST_EDU_PRIV_GOV,CUR_NLC,Q,USD_PPP,NATURE,2015,,M,6,0,2020,Y9
OECD.EDU.IMEP:DSD_EAG_UOE_FIN@DF_UOE_FIN_NATURE_STAFF(3.1),GRC,EXP,ISCED11_1T8,_T,INST_EDU_PRIV_GOV,CUR_NLC,Q,USD_PPP,NATURE,2016,,M,6,0,2020,Y9
OECD.EDU.IMEP:DSD_EAG_UOE_FIN@DF_UOE_FIN_NATURE_STAFF(3.1),GRC,EXP,ISCED11_1T8,_T,INST_EDU_PRIV_GOV,CUR_NLC,Q,USD_PPP,NATURE,2017,,M,6,0,2020,Y9
OECD.EDU.IMEP:DSD_EAG_UOE_FIN@DF_UOE_FIN_NATURE_STAFF(3.1),GRC,EXP,ISCED11_1T8,_T,INST_EDU_PRIV_GOV,CUR_NLC,Q,USD_PPP,NATURE,2018,,M,6,0,2020,Y9
OECD.EDU.IMEP:DSD_EAG_UOE_FIN@DF_UOE_FIN_NATURE_STAFF(3.1),GRC,EXP,ISCED11_1T8,_T,INST_EDU_PRIV_GOV,CUR_NLC,Q,USD_PPP,NATURE,2019,,M,6,0,2020,Y9
OECD.EDU.IMEP:DSD_EAG_UOE_FIN@DF_UOE_FIN_NATURE_STAFF(3.1),GRC,EXP,ISCED11_1T8,_T,INST_EDU_PRIV_GOV,CUR_NLC,Q,USD_PPP,NATURE,2020,,M,6,0,2020,Y9
OECD.EDU.IMEP:DSD_EAG_UOE_FIN@DF_UOE_FIN_NATURE_STAFF(3.1),GRC,EXP,ISCED11_1T8,_T,INST_EDU_PRIV_GOV,CUR_NLC,Q,USD_PPP,NATURE,2022,,M,6,0,2020,Y9
OECD.EDU.IMEP:DSD_EAG_UOE_FIN@DF_UOE_FIN_NATURE_STAFF(3.1),LTU,EXP,ISCED11_1T8,_T,INST_EDU_PRIV_GOV,CUR_NLC,Q,USD_PPP,NATURE,2015,,M,6,0,2020,Y9
OECD.EDU.IMEP:DSD_EAG_UOE_FIN@DF_UOE_FIN_NATURE_STAFF(3.1),LTU,EXP,ISCED11_1T8,_T,INST_EDU_PRIV_GOV,CUR_NLC,Q,USD_PPP,NATURE,2016,,M,6,0,2020,Y9
OECD.EDU.IMEP:DSD_EAG_UOE_FIN@DF_UOE_FIN_NATURE_STAFF(3.1),LTU,EXP,ISCED11_1T8,_T,INST_EDU_PRIV_GOV,CUR_NLC,Q,USD_PPP,NATURE,2017,,M,6,0,2020,Y9
OECD.EDU.IMEP:DSD_EAG_UOE_FIN@DF_UOE_FIN_NATURE_STAFF(3.1),LTU,EXP,ISCED11_1T8,_T,INST_EDU_PRIV_GOV,CUR_NLC,Q,USD_PPP,NATURE,2018,,M,6,0,2020,Y9
OECD.EDU.IMEP:DSD_EAG_UOE_FIN@DF_UOE_FIN_NATURE_STAFF(3.1),LTU,EXP,ISCED11_1T8,_T,INST_EDU_PRIV_GOV,CUR_NLC,Q,USD_PPP,NATURE,2019,,M,6,0,2020,Y9
OECD.EDU.IMEP:DSD_EAG_UOE_FIN@DF_UOE_FIN_NATURE_STAFF(3.1),LTU,EXP,ISCED11_1T8,_T,INST_EDU_PRIV_GOV,CUR_NLC,Q,USD_PPP,NATURE,2020,,M,6,0,2020,Y9
OECD.EDU.IMEP:DSD_EAG_UOE_FIN@DF_UOE_FIN_NATURE_STAFF(3.1),LTU,EXP,ISCED11_1T8,_T,INST_EDU_PRIV_GOV,CUR_NLC,Q,USD_PPP,NATURE,2021,,M,6,0,2020,Y9
OECD.EDU.IMEP:DSD_EAG_UOE_FIN@DF_UOE_FIN_NATURE_STAFF(3.1),LTU,EXP,ISCED11_1T8,_T,INST_EDU_PRIV_GOV,CUR_NLC,Q,USD_PPP,NATURE,2022,,M,6,0,2020,Y9
OECD.EDU.IMEP:DSD_EAG_UOE_FIN@DF_UOE_FIN_NATURE_STAFF(3.1),NOR,EXP,ISCED11_1T8,_T,INST_EDU_PUB,CUR_RET,Q,USD_PPP,NATURE,2016,2681.72740846315,B,6,0,2020,X8
OECD.EDU.IMEP:DSD_EAG_UOE_FIN@DF_UOE_FIN_NATURE_STAFF(3.1),NOR,EXP,ISCED11_1T8,_T,INST_EDU_PUB,CUR_RET,Q,USD_PPP,NATURE,2017,2723.37987680341,B,6,0,2020,X8
OECD.EDU.IMEP:DSD_EAG_UOE_FIN@DF_UOE_FIN_NATURE_STAFF(3.1),NOR,EXP,ISCED11_1T8,_T,INST_EDU_PUB,CUR_LC,Q,USD_PPP,NATURE,2016,9899.01072039195,B,6,0,2020,X7
OECD.EDU.IMEP:DSD_EAG_UOE_FIN@DF_UOE_FIN_NATURE_STAFF(3.1),NOR,EXP,ISCED11_1T8,_T,INST_EDU_PUB,CUR_LC,Q,USD_PPP,NATURE,2017,10155.5663195976,B,6,0,2020,X7
OECD.EDU.IMEP:DSD_EAG_UOE_FIN@DF_UOE_FIN_NATURE_STAFF(3.1),NOR,EXP,ISCED11_1T8,_T,INST_EDU_PUB,CUR_NLC,Q,USD_PPP,NATURE,2016,0.0,B,6,0,2020,X9
OECD.EDU.IMEP:DSD_EAG_UOE_FIN@DF_UOE_FIN_NATURE_STAFF(3.1),NOR,EXP,ISCED11_1T8,_T,INST_EDU_PUB,CUR_NLC,Q,USD_PPP,NATURE,2017,0.0,B,6,0,2020,X9
OECD.EDU.IMEP:DSD_EAG_UOE_FIN@DF_UOE_FIN_NATURE_STAFF(3.1),AUS,EXP,ISCED11_1T8,_T,INST_EDU_PUB,CUR_LC,Q,USD_PPP,NATURE,2017,29134.918772792,B,6,0,2020,X7
OECD.EDU.IMEP:DSD_EAG_UOE_FIN@DF_UOE_FIN_NATURE_STAFF(3.1),AUS,EXP,ISCED11_1T8,_T,INST_EDU_PUB,CUR_NLC,Q,USD_PPP,NATURE,2017,1992.20112432503,B,6,0,2020,X9
OECD.EDU.IMEP:DSD_EAG_UOE_FIN@DF_UOE_FIN_NATURE_STAFF(3.1),AUS,EXP,ISCED11_1T8,_T,INST_EDU_PUB,CUR_RET,Q,USD_PPP,NATURE,2017,3773.49252243903,B,6,0,2020,X8
OECD.EDU.IMEP:DSD_EAG_UOE_FIN@DF_UOE_FIN_NATURE_STAFF(3.1),AUS,EXP,ISCED11_1T8,_T,INST_EDU_PUB,CUR_RET,Q,USD_PPP,NATURE,2018,3804.68155558955,B,6,0,2020,X8
OECD.EDU.IMEP:DSD_EAG_UOE_FIN@DF_UOE_FIN_NATURE_STAFF(3.1),AUS,EXP,ISCED11_1T8,_T,INST_EDU_PUB,CUR_NLC,Q,USD_PPP,NATURE,2018,2055.52861454986,B,6,0,2020,X9
OECD.EDU.IMEP:DSD_EAG_UOE_FIN@DF_UOE_FIN_NATURE_STAFF(3.1),AUS,EXP,ISCED11_1T8,_T,INST_EDU_PUB,CUR_LC,Q,USD_PPP,NATURE,2018,29696.3122441194,B,6,0,2020,X7
OECD.EDU.IMEP:DSD_EAG_UOE_FIN@DF_UOE_FIN_NATURE_STAFF(3.1),AUS,EXP,ISCED11_1T8,_T,INST_EDU_PUB,CUR_LC,Q,USD_PPP,NATURE,2019,30861.6109431461,B,6,0,2020,X7
OECD.EDU.IMEP:DSD_EAG_UOE_FIN@DF_UOE_FIN_NATURE_STAFF(3.1),AUS,EXP,ISCED11_1T8,_T,INST_EDU_PUB,CUR_NLC,Q,USD_PPP,NATURE,2019,2123.22549671066,B,6,0,2020,X9
OECD.EDU.IMEP:DSD_EAG_UOE_FIN@DF_UOE_FIN_NATURE_STAFF(3.1),AUS,EXP,ISCED11_1T8,_T,INST_EDU_PUB,CUR_RET,Q,USD_PPP,NATURE,2019,3937.21611460697,B,6,0,2020,X8
OECD.EDU.IMEP:DSD_EAG_UOE_FIN@DF_UOE_FIN_NATURE_STAFF(3.1),AUS,EXP,ISCED11_1T8,_T,INST_EDU_PUB,CUR_RET,Q,USD_PPP,NATURE,2016,3837.21137102353,B,6,0,2020,X8
OECD.EDU.IMEP:DSD_EAG_UOE_FIN@DF_UOE_FIN_NATURE_STAFF(3.1),AUS,EXP,ISCED11_1T8,_T,INST_EDU_PUB,CUR_NLC,Q,USD_PPP,NATURE,2016,2006.00840369876,B,6,0,2020,X9
OECD.EDU.IMEP:DSD_EAG_UOE_FIN@DF_UOE_FIN_NATURE_STAFF(3.1),AUS,EXP,ISCED11_1T8,_T,INST_EDU_PUB,CUR_LC,Q,USD_PPP,NATURE,2016,29468.251848204,B,6,0,2020,X7
OECD.EDU.IMEP:DSD_EAG_UOE_FIN@DF_UOE_FIN_NATURE_STAFF(3.1),AUS,EXP,ISCED11_1T8,_T,INST_EDU_PUB,CUR_RET,Q,USD_PPP,NATURE,2022,3939.52380169463,B,6,0,2020,X8
OECD.EDU.IMEP:DSD_EAG_UOE_FIN@DF_UOE_FIN_NATURE_STAFF(3.1),AUS,EXP,ISCED11_1T8,_T,INST_EDU_PUB,CUR_NLC,Q,USD_PPP,NATURE,2022,2118.29360811085,B,6,0,2020,X9
OECD.EDU.IMEP:DSD_EAG_UOE_FIN@DF_UOE_FIN_NATURE_STAFF(3.1),AUS,EXP,ISCED11_1T8,_T,INST_EDU_PUB,CUR_LC,Q,USD_PPP,NATURE,2022,30082.4730708372,B,6,0,2020,X7
OECD.EDU.IMEP:DSD_EAG_UOE_FIN@DF_UOE_FIN_NATURE_STAFF(3.1),AUS,EXP,ISCED11_1T8,_T,INST_EDU_PUB,CUR_NLC,Q,USD_PPP,NATURE,2015,2108.16196611101,B,6,0,2020,X9
OECD.EDU.IMEP:DSD_EAG_UOE_FIN@DF_UOE_FIN_NATURE_STAFF(3.1),AUS,EXP,ISCED11_1T8,_T,INST_EDU_PUB,CUR_RET,Q,USD_PPP,NATURE,2015,3781.36835880548,B,6,0,2020,X8
OECD.EDU.IMEP:DSD_EAG_UOE_FIN@DF_UOE_FIN_NATURE_STAFF(3.1),EST,EXP,ISCED11_1T8,_T,INST_EDU_PRIV_GOV,CUR_NLC,Q,USD_PPP,NATURE,2022,8.82811476555904,W,6,0,2020,Y9
OECD.EDU.IMEP:DSD_EAG_UOE_FIN@DF_UOE_FIN_NATURE_STAFF(3.1),EST,EXP,ISCED11_1T8,_T,INST_EDU_PRIV_GOV,CUR_RET,Q,USD_PPP,NATURE,2022,13.2175126098873,W,6,0,2020,Y8
OECD.EDU.IMEP:DSD_EAG_UOE_FIN@DF_UOE_FIN_NATURE_STAFF(3.1),EST,EXP,ISCED11_1T8,_T,INST_EDU_PRIV_GOV,CUR_LC,Q,USD_PPP,NATURE,2022,44.2805763686799,W,6,0,2020,Y7
OECD.EDU.IMEP:DSD_EAG_UOE_FIN@DF_UOE_FIN_NATURE_STAFF(3.1),CHL,EXP,ISCED11_1T8,_T,INST_EDU_PRIV_GOV,CUR_LC,Q,USD_PPP,NATURE,2016,1667.41270984563,W,6,0,2020,Y7
OECD.EDU.IMEP:DSD_EAG_UOE_FIN@DF_UOE_FIN_NATURE_STAFF(3.1),CHL,EXP,ISCED11_1T8,_T,INST_EDU_PRIV_GOV,CUR_LC,Q,USD_PPP,NATURE,2017,1704.97868492233,W,6,0,2020,Y7
OECD.EDU.IMEP:DSD_EAG_UOE_FIN@DF_UOE_FIN_NATURE_STAFF(3.1),CHL,EXP,ISCED11_1T8,_T,INST_EDU_PRIV_GOV,CUR_LC,Q,USD_PPP,NATURE,2018,5565.53729416915,W,6,0,2020,Y7
OECD.EDU.IMEP:DSD_EAG_UOE_FIN@DF_UOE_FIN_NATURE_STAFF(3.1),CHL,EXP,ISCED11_1T8,_T,INST_EDU_PRIV_GOV,CUR_LC,Q,USD_PPP,NATURE,2019,6168.68048621186,W,6,0,2020,Y7
OECD.EDU.IMEP:DSD_EAG_UOE_FIN@DF_UOE_FIN_NATURE_STAFF(3.1),CHL,EXP,ISCED11_1T8,_T,INST_EDU_PRIV_GOV,CUR_LC,Q,USD_PPP,NATURE,2020,5863.75471695742,W,6,0,2020,Y7
OECD.EDU.IMEP:DSD_EAG_UOE_FIN@DF_UOE_FIN_NATURE_STAFF(3.1),MEX,EXP,ISCED11_1T8,_T,INST_EDU_PUB,CUR_NLC,Q,USD_PPP,NATURE,2015,10029.7539248709,W,6,0,2020,X9
OECD.EDU.IMEP:DSD_EAG_UOE_FIN@DF_UOE_FIN_NATURE_STAFF(3.1),MEX,EXP,ISCED11_1T8,_T,INST_EDU_PUB,CUR_NLC,Q,USD_PPP,NATURE,2016,8508.29835948243,W,6,0,2020,X9
OECD.EDU.IMEP:DSD_EAG_UOE_FIN@DF_UOE_FIN_NATURE_STAFF(3.1),PRT,EXP,ISCED11_1T8,_T,INST_EDU_PUB,CUR_NLC,Q,USD_PPP,NATURE,2015,41.5992546089147,W,6,0,2020,X9
OECD.EDU.IMEP:DSD_EAG_UOE_FIN@DF_UOE_FIN_NATURE_STAFF(3.1),CAN,EXP,ISCED11_1T8,_T,INST_EDU_PUB,CUR_NLC,Q,USD_PPP,NATURE,2018,10327.6540723512,W,6,0,2020,X9
OECD.EDU.IMEP:DSD_EAG_UOE_FIN@DF_UOE_FIN_NATURE_STAFF(3.1),DEU,EXP,ISCED11_1T8,_T,INST_EDU_PUB,CUR_RET,Q,USD_PPP,NATURE,2019,19629.1969132225,W,6,0,2020,X8
OECD.EDU.IMEP:DSD_EAG_UOE_FIN@DF_UOE_FIN_NATURE_STAFF(3.1),DEU,EXP,ISCED11_1T8,_T,INST_EDU_PUB,CUR_RET,Q,USD_PPP,NATURE,2020,19957.4130349897,W,6,0,2020,X8
OECD.EDU.IMEP:DSD_EAG_UOE_FIN@DF_UOE_FIN_NATURE_STAFF(3.1),DEU,EXP,ISCED11_1T8,_T,INST_EDU_PUB,CUR_RET,Q,USD_PPP,NATURE,2021,20019.5111984084,W,6,0,2020,X8
OECD.EDU.IMEP:DSD_EAG_UOE_FIN@DF_UOE_FIN_NATURE_STAFF(3.1),DEU,EXP,ISCED11_1T8,_T,INST_EDU_PUB,CUR_RET,Q,USD_PPP,NATURE,2022,19872.865999571,W,6,0,2020,X8
OECD.EDU.IMEP:DSD_EAG_UOE_FIN@DF_UOE_FIN_NATURE_STAFF(3.1),MEX,EXP,ISCED11_1T8,_T,INST_EDU_PUB,CUR_RET,Q,USD_PPP,NATURE,2015,1850.65562183305,W,6,0,2020,X8
OECD.EDU.IMEP:DSD_EAG_UOE_FIN@DF_UOE_FIN_NATURE_STAFF(3.1),MEX,EXP,ISCED11_1T8,_T,INST_EDU_PUB,CUR_RET,Q,USD_PPP,NATURE,2016,1769.28156716854,W,6,0,2020,X8
OECD.EDU.IMEP:DSD_EAG_UOE_FIN@DF_UOE_FIN_NATURE_STAFF(3.1),PRT,EXP,ISCED11_1T8,_T,INST_EDU_PUB,CUR_RET,Q,USD_PPP,NATURE,2015,474.555080779241,W,6,0,2020,X8
OECD.EDU.IMEP:DSD_EAG_UOE_FIN@DF_UOE_FIN_NATURE_STAFF(3.1),JPN,EXP,ISCED11_1T8,_T,INST_EDU_PUB,CUR_RET,Q,USD_PPP,NATURE,2015,25417.1196894184,W,6,0,2020,X8
OECD.EDU.IMEP:DSD_EAG_UOE_FIN@DF_UOE_FIN_NATURE_STAFF(3.1),JPN,EXP,ISCED11_1T8,_T,INST_EDU_PUB,CUR_RET,Q,USD_PPP,NATURE,2016,25494.8665577125,W,6,0,2020,X8
OECD.EDU.IMEP:DSD_EAG_UOE_FIN@DF_UOE_FIN_NATURE_STAFF(3.1),JPN,EXP,ISCED11_1T8,_T,INST_EDU_PUB,CUR_RET,Q,USD_PPP,NATURE,2017,25384.1864101968,W,6,0,2020,X8
OECD.EDU.IMEP:DSD_EAG_UOE_FIN@DF_UOE_FIN_NATURE_STAFF(3.1),JPN,EXP,ISCED11_1T8,_T,INST_EDU_PUB,CUR_RET,Q,USD_PPP,NATURE,2018,25170.0016017766,W,6,0,2020,X8
OECD.EDU.IMEP:DSD_EAG_UOE_FIN@DF_UOE_FIN_NATURE_STAFF(3.1),JPN,EXP,ISCED11_1T8,_T,INST_EDU_PUB,CUR_RET,Q,USD_PPP,NATURE,2019,24743.6218922718,W,6,0,2020,X8
OECD.EDU.IMEP:DSD_EAG_UOE_FIN@DF_UOE_FIN_NATURE_STAFF(3.1),JPN,EXP,ISCED11_1T8,_T,INST_EDU_PUB,CUR_RET,Q,USD_PPP,NATURE,2020,23774.314762789,W,6,0,2020,X8
OECD.EDU.IMEP:DSD_EAG_UOE_FIN@DF_UOE_FIN_NATURE_STAFF(3.1),JPN,EXP,ISCED11_1T8,_T,INST_EDU_PUB,CUR_RET,Q,USD_PPP,NATURE,2021,23485.9855473148,W,6,0,2020,X8
OECD.EDU.IMEP:DSD_EAG_UOE_FIN@DF_UOE_FIN_NATURE_STAFF(3.1),JPN,EXP,ISCED11_1T8,_T,INST_EDU_PUB,CUR_RET,Q,USD_PPP,NATURE,2022,23456.6774905104,W,6,0,2020,X8
OECD.EDU.IMEP:DSD_EAG_UOE_FIN@DF_UOE_FIN_NATURE_STAFF(3.1),CHL,EXP,ISCED11_1T8,_T,INST_EDU_PUB,CUR_LC,Q,USD_PPP,NATURE,2016,2032.58027974035,W,6,0,2020,X7
OECD.EDU.IMEP:DSD_EAG_UOE_FIN@DF_UOE_FIN_NATURE_STAFF(3.1),CHL,EXP,ISCED11_1T8,_T,INST_EDU_PUB,CUR_LC,Q,USD_PPP,NATURE,2017,2079.31448615157,W,6,0,2020,X7
OECD.EDU.IMEP:DSD_EAG_UOE_FIN@DF_UOE_FIN_NATURE_STAFF(3.1),CHL,EXP,ISCED11_1T8,_T,INST_EDU_PUB,CUR_LC,Q,USD_PPP,NATURE,2018,7133.85187504796,W,6,0,2020,X7
OECD.EDU.IMEP:DSD_EAG_UOE_FIN@DF_UOE_FIN_NATURE_STAFF(3.1),CHL,EXP,ISCED11_1T8,_T,INST_EDU_PUB,CUR_LC,Q,USD_PPP,NATURE,2019,7563.65804872004,W,6,0,2020,X7
OECD.EDU.IMEP:DSD_EAG_UOE_FIN@DF_UOE_FIN_NATURE_STAFF(3.1),CHL,EXP,ISCED11_1T8,_T,INST_EDU_PUB,CUR_LC,Q,USD_PPP,NATURE,2020,7116.49935840485,W,6,0,2020,X7
OECD.EDU.IMEP:DSD_EAG_UOE_FIN@DF_UOE_FIN_NATURE_STAFF(3.1),MEX,EXP,ISCED11_1T8,_T,INST_EDU_PUB,CUR_LC,Q,USD_PPP,NATURE,2015,80652.3715449483,W,6,0,2020,X7
OECD.EDU.IMEP:DSD_EAG_UOE_FIN@DF_UOE_FIN_NATURE_STAFF(3.1),MEX,EXP,ISCED11_1T8,_T,INST_EDU_PUB,CUR_LC,Q,USD_PPP,NATURE,2016,78186.4984317762,W,6,0,2020,X7
OECD.EDU.IMEP:DSD_EAG_UOE_FIN@DF_UOE_FIN_NATURE_STAFF(3.1),PRT,EXP,ISCED11_1T8,_T,INST_EDU_PUB,CUR_LC,Q,USD_PPP,NATURE,2015,1987.02364422871,W,6,0,2020,X7
OECD.EDU.IMEP:DSD_EAG_UOE_FIN@DF_UOE_FIN_NATURE_STAFF(3.1),DEU,EXP,ISCED11_1T8,_T,INST_EDU_PUB,CUR_LC,Q,USD_PPP,NATURE,2022,110091.538138216,W,6,0,2020,X7
OECD.EDU.IMEP:DSD_EAG_UOE_FIN@DF_UOE_FIN_NATURE_STAFF(3.1),DEU,EXP,ISCED11_1T8,_T,INST_EDU_PUB,CUR_LC,Q,USD_PPP,NATURE,2021,112716.992908382,W,6,0,2020,X7
OECD.EDU.IMEP:DSD_EAG_UOE_FIN@DF_UOE_FIN_NATURE_STAFF(3.1),JPN,EXP,ISCED11_1T8,_T,INST_EDU_PUB,CUR_LC,Q,USD_PPP,NATURE,2015,80812.0872851335,W,6,0,2020,X7
OECD.EDU.IMEP:DSD_EAG_UOE_FIN@DF_UOE_FIN_NATURE_STAFF(3.1),JPN,EXP,ISCED11_1T8,_T,INST_EDU_PUB,CUR_LC,Q,USD_PPP,NATURE,2016,80542.8825916462,W,6,0,2020,X7
OECD.EDU.IMEP:DSD_EAG_UOE_FIN@DF_UOE_FIN_NATURE_STAFF(3.1),JPN,EXP,ISCED11_1T8,_T,INST_EDU_PUB,CUR_LC,Q,USD_PPP,NATURE,2017,80719.9972262373,W,6,0,2020,X7
OECD.EDU.IMEP:DSD_EAG_UOE_FIN@DF_UOE_FIN_NATURE_STAFF(3.1),JPN,EXP,ISCED11_1T8,_T,INST_EDU_PUB,CUR_LC,Q,USD_PPP,NATURE,2018,80633.8413024708,W,6,0,2020,X7
OECD.EDU.IMEP:DSD_EAG_UOE_FIN@DF_UOE_FIN_NATURE_STAFF(3.1),JPN,EXP,ISCED11_1T8,_T,INST_EDU_PUB,CUR_LC,Q,USD_PPP,NATURE,2019,79915.0757323071,W,6,0,2020,X7
OECD.EDU.IMEP:DSD_EAG_UOE_FIN@DF_UOE_FIN_NATURE_STAFF(3.1),JPN,EXP,ISCED11_1T8,_T,INST_EDU_PUB,CUR_LC,Q,USD_PPP,NATURE,2020,78970.2924939545,W,6,0,2020,X7
OECD.EDU.IMEP:DSD_EAG_UOE_FIN@DF_UOE_FIN_NATURE_STAFF(3.1),JPN,EXP,ISCED11_1T8,_T,INST_EDU_PUB,CUR_LC,Q,USD_PPP,NATURE,2021,78409.9186663669,W,6,0,2020,X7
OECD.EDU.IMEP:DSD_EAG_UOE_FIN@DF_UOE_FIN_NATURE_STAFF(3.1),JPN,EXP,ISCED11_1T8,_T,INST_EDU_PUB,CUR_LC,Q,USD_PPP,NATURE,2022,77866.0236988329,W,6,0,2020,X7
OECD.EDU.IMEP:DSD_EAG_UOE_FIN@DF_UOE_FIN_NATURE_STAFF(3.1),LVA,EXP,ISCED11_1T8,_T,INST_EDU_PRIV_GOV,CUR_NLC,Q,USD_PPP,NATURE,2015,6.02838241558705,A,6,0,2020,Y9
OECD.EDU.IMEP:DSD_EAG_UOE_FIN@DF_UOE_FIN_NATURE_STAFF(3.1),LVA,EXP,ISCED11_1T8,_T,INST_EDU_PRIV_GOV,CUR_NLC,Q,USD_PPP,NATURE,2016,2.12869093327847,A,6,0,2020,Y9
OECD.EDU.IMEP:DSD_EAG_UOE_FIN@DF_UOE_FIN_NATURE_STAFF(3.1),LVA,EXP,ISCED11_1T8,_T,INST_EDU_PRIV_GOV,CUR_NLC,Q,USD_PPP,NATURE,2017,6.05897229838083,A,6,0,2020,Y9
OECD.EDU.IMEP:DSD_EAG_UOE_FIN@DF_UOE_FIN_NATURE_STAFF(3.1),LVA,EXP,ISCED11_1T8,_T,INST_EDU_PRIV_GOV,CUR_NLC,Q,USD_PPP,NATURE,2018,6.63296469954969,A,6,0,2020,Y9
OECD.EDU.IMEP:DSD_EAG_UOE_FIN@DF_UOE_FIN_NATURE_STAFF(3.1),LVA,EXP,ISCED11_1T8,_T,INST_EDU_PRIV_GOV,CUR_NLC,Q,USD_PPP,NATURE,2019,5.55074395583379,A,6,0,2020,Y9
OECD.EDU.IMEP:DSD_EAG_UOE_FIN@DF_UOE_FIN_NATURE_STAFF(3.1),LVA,EXP,ISCED11_1T8,_T,INST_EDU_PRIV_GOV,CUR_NLC,Q,USD_PPP,NATURE,2020,5.25290673411857,A,6,0,2020,Y9
OECD.EDU.IMEP:DSD_EAG_UOE_FIN@DF_UOE_FIN_NATURE_STAFF(3.1),LVA,EXP,ISCED11_1T8,_T,INST_EDU_PRIV_GOV,CUR_NLC,Q,USD_PPP,NATURE,2021,5.28877225017257,A,6,0,2020,Y9
OECD.EDU.IMEP:DSD_EAG_UOE_FIN@DF_UOE_FIN_NATURE_STAFF(3.1),LVA,EXP,ISCED11_1T8,_T,INST_EDU_PRIV_GOV,CUR_NLC,Q,USD_PPP,NATURE,2022,6.14181728253078,A,6,0,2020,Y9
OECD.EDU.IMEP:DSD_EAG_UOE_FIN@DF_UOE_FIN_NATURE_STAFF(3.1),CAN,EXP,ISCED11_1T8,_T,INST_EDU_PRIV_GOV,CUR_NLC,Q,USD_PPP,NATURE,2015,44.386832427206,A,6,0,2020,Y9
OECD.EDU.IMEP:DSD_EAG_UOE_FIN@DF_UOE_FIN_NATURE_STAFF(3.1),CAN,EXP,ISCED11_1T8,_T,INST_EDU_PRIV_GOV,CUR_NLC,Q,USD_PPP,NATURE,2016,44.272040810893,A,6,0,2020,Y9
OECD.EDU.IMEP:DSD_EAG_UOE_FIN@DF_UOE_FIN_NATURE_STAFF(3.1),CAN,EXP,ISCED11_1T8,_T,INST_EDU_PRIV_GOV,CUR_NLC,Q,USD_PPP,NATURE,2017,44.3477133864465,A,6,0,2020,Y9
OECD.EDU.IMEP:DSD_EAG_UOE_FIN@DF_UOE_FIN_NATURE_STAFF(3.1),CAN,EXP,ISCED11_1T8,_T,INST_EDU_PRIV_GOV,CUR_NLC,Q,USD_PPP,NATURE,2018,45.3443460780131,A,6,0,2020,Y9
OECD.EDU.IMEP:DSD_EAG_UOE_FIN@DF_UOE_FIN_NATURE_STAFF(3.1),CAN,EXP,ISCED11_1T8,_T,INST_EDU_PRIV_GOV,CUR_NLC,Q,USD_PPP,NATURE,2019,56.0323046564569,A,6,0,2020,Y9
OECD.EDU.IMEP:DSD_EAG_UOE_FIN@DF_UOE_FIN_NATURE_STAFF(3.1),CAN,EXP,ISCED11_1T8,_T,INST_EDU_PRIV_GOV,CUR_NLC,Q,USD_PPP,NATURE,2020,57.8976756881356,A,6,0,2020,Y9
OECD.EDU.IMEP:DSD_EAG_UOE_FIN@DF_UOE_FIN_NATURE_STAFF(3.1),CAN,EXP,ISCED11_1T8,_T,INST_EDU_PRIV_GOV,CUR_NLC,Q,USD_PPP,NATURE,2021,54.4455493911864,A,6,0,2020,Y9
OECD.EDU.IMEP:DSD_EAG_UOE_FIN@DF_UOE_FIN_NATURE_STAFF(3.1),CAN,EXP,ISCED11_1T8,_T,INST_EDU_PRIV_GOV,CUR_NLC,Q,USD_PPP,NATURE,2022,57.7097006423493,A,6,0,2020,Y9
OECD.EDU.IMEP:DSD_EAG_UOE_FIN@DF_UOE_FIN_NATURE_STAFF(3.1),SVN,EXP,ISCED11_1T8,_T,INST_EDU_PRIV_GOV,CUR_NLC,Q,USD_PPP,NATURE,2018,1.17631548729294,A,6,0,2020,Y9
OECD.EDU.IMEP:DSD_EAG_UOE_FIN@DF_UOE_FIN_NATURE_STAFF(3.1),SVN,EXP,ISCED11_1T8,_T,INST_EDU_PRIV_GOV,CUR_NLC,Q,USD_PPP,NATURE,2019,0.801573656618292,A,6,0,2020,Y9
OECD.EDU.IMEP:DSD_EAG_UOE_FIN@DF_UOE_FIN_NATURE_STAFF(3.1),SVN,EXP,ISCED11_1T8,_T,INST_EDU_PRIV_GOV,CUR_NLC,Q,USD_PPP,NATURE,2022,3.7753885131674,A,6,0,2020,Y9
OECD.EDU.IMEP:DSD_EAG_UOE_FIN@DF_UOE_FIN_NATURE_STAFF(3.1),SVN,EXP,ISCED11_1T8,_T,INST_EDU_PRIV_GOV,CUR_NLC,Q,USD_PPP,NATURE,2021,4.04531344822405,A,6,0,2020,Y9
OECD.EDU.IMEP:DSD_EAG_UOE_FIN@DF_UOE_FIN_NATURE_STAFF(3.1),SVN,EXP,ISCED11_1T8,_T,INST_EDU_PRIV_GOV,CUR_NLC,Q,USD_PPP,NATURE,2020,7.62877406966935,A,6,0,2020,Y9
OECD.EDU.IMEP:DSD_EAG_UOE_FIN@DF_UOE_FIN_NATURE_STAFF(3.1),EST,EXP,ISCED11_1T8,_T,INST_EDU_PRIV_GOV,CUR_NLC,Q,USD_PPP,NATURE,2015,40.536145565591,A,6,0,2020,Y9
OECD.EDU.IMEP:DSD_EAG_UOE_FIN@DF_UOE_FIN_NATURE_STAFF(3.1),EST,EXP,ISCED11_1T8,_T,INST_EDU_PRIV_GOV,CUR_NLC,Q,USD_PPP,NATURE,2016,39.4033478022234,A,6,0,2020,Y9
OECD.EDU.IMEP:DSD_EAG_UOE_FIN@DF_UOE_FIN_NATURE_STAFF(3.1),EST,EXP,ISCED11_1T8,_T,INST_EDU_PRIV_GOV,CUR_NLC,Q,USD_PPP,NATURE,2017,5.38804095002723,A,6,0,2020,Y9
OECD.EDU.IMEP:DSD_EAG_UOE_FIN@DF_UOE_FIN_NATURE_STAFF(3.1),EST,EXP,ISCED11_1T8,_T,INST_EDU_PRIV_GOV,CUR_NLC,Q,USD_PPP,NATURE,2018,6.35910342054765,A,6,0,2020,Y9
OECD.EDU.IMEP:DSD_EAG_UOE_FIN@DF_UOE_FIN_NATURE_STAFF(3.1),EST,EXP,ISCED11_1T8,_T,INST_EDU_PRIV_GOV,CUR_NLC,Q,USD_PPP,NATURE,2019,8.63205563646728,A,6,0,2020,Y9
OECD.EDU.IMEP:DSD_EAG_UOE_FIN@DF_UOE_FIN_NATURE_STAFF(3.1),EST,EXP,ISCED11_1T8,_T,INST_EDU_PRIV_GOV,CUR_NLC,Q,USD_PPP,NATURE,2020,8.77325786778778,A,6,0,2020,Y9
OECD.EDU.IMEP:DSD_EAG_UOE_FIN@DF_UOE_FIN_NATURE_STAFF(3.1),EST,EXP,ISCED11_1T8,_T,INST_EDU_PRIV_GOV,CUR_NLC,Q,USD_PPP,NATURE,2021,9.18434409704921,A,6,0,2020,Y9
OECD.EDU.IMEP:DSD_EAG_UOE_FIN@DF_UOE_FIN_NATURE_STAFF(3.1),KOR,EXP,ISCED11_1T8,_T,INST_EDU_PRIV_GOV,CUR_NLC,Q,USD_PPP,NATURE,2015,425.155668321975,A,6,0,2020,Y9
OECD.EDU.IMEP:DSD_EAG_UOE_FIN@DF_UOE_FIN_NATURE_STAFF(3.1),KOR,EXP,ISCED11_1T8,_T,INST_EDU_PRIV_GOV,CUR_NLC,Q,USD_PPP,NATURE,2016,443.240845632001,A,6,0,2020,Y9
OECD.EDU.IMEP:DSD_EAG_UOE_FIN@DF_UOE_FIN_NATURE_STAFF(3.1),KOR,EXP,ISCED11_1T8,_T,INST_EDU_PRIV_GOV,CUR_NLC,Q,USD_PPP,NATURE,2017,96.8487208946041,A,6,0,2020,Y9
OECD.EDU.IMEP:DSD_EAG_UOE_FIN@DF_UOE_FIN_NATURE_STAFF(3.1),KOR,EXP,ISCED11_1T8,_T,INST_EDU_PRIV_GOV,CUR_NLC,Q,USD_PPP,NATURE,2018,241.673982370301,A,6,0,2020,Y9
OECD.EDU.IMEP:DSD_EAG_UOE_FIN@DF_UOE_FIN_NATURE_STAFF(3.1),KOR,EXP,ISCED11_1T8,_T,INST_EDU_PRIV_GOV,CUR_NLC,Q,USD_PPP,NATURE,2019,207.603509427933,A,6,0,2020,Y9
OECD.EDU.IMEP:DSD_EAG_UOE_FIN@DF_UOE_FIN_NATURE_STAFF(3.1),KOR,EXP,ISCED11_1T8,_T,INST_EDU_PRIV_GOV,CUR_NLC,Q,USD_PPP,NATURE,2020,320.942908453352,A,6,0,2020,Y9
OECD.EDU.IMEP:DSD_EAG_UOE_FIN@DF_UOE_FIN_NATURE_STAFF(3.1),KOR,EXP,ISCED11_1T8,_T,INST_EDU_PRIV_GOV,CUR_NLC,Q,USD_PPP,NATURE,2021,221.943650125648,A,6,0,2020,Y9
OECD.EDU.IMEP:DSD_EAG_UOE_FIN@DF_UOE_FIN_NATURE_STAFF(3.1),KOR,EXP,ISCED11_1T8,_T,INST_EDU_PRIV_GOV,CUR_NLC,Q,USD_PPP,NATURE,2022,263.369553303763,A,6,0,2020,Y9
OECD.EDU.IMEP:DSD_EAG_UOE_FIN@DF_UOE_FIN_NATURE_STAFF(3.1),LUX,EXP,ISCED11_1T8,_T,INST_EDU_PRIV_GOV,CUR_NLC,Q,USD_PPP,NATURE,2015,0.730535448955877,A,6,0,2020,Y9
OECD.EDU.IMEP:DSD_EAG_UOE_FIN@DF_UOE_FIN_NATURE_STAFF(3.1),LUX,EXP,ISCED11_1T8,_T,INST_EDU_PRIV_GOV,CUR_NLC,Q,USD_PPP,NATURE,2018,1.27240078565269,A,6,0,2020,Y9
OECD.EDU.IMEP:DSD_EAG_UOE_FIN@DF_UOE_FIN_NATURE_STAFF(3.1),LUX,EXP,ISCED11_1T8,_T,INST_EDU_PRIV_GOV,CUR_NLC,Q,USD_PPP,NATURE,2019,3.15371116706564,A,6,0,2020,Y9
OECD.EDU.IMEP:DSD_EAG_UOE_FIN@DF_UOE_FIN_NATURE_STAFF(3.1),LUX,EXP,ISCED11_1T8,_T,INST_EDU_PRIV_GOV,CUR_NLC,Q,USD_PPP,NATURE,2020,3.27039903980376,A,6,0,2020,Y9
OECD.EDU.IMEP:DSD_EAG_UOE_FIN@DF_UOE_FIN_NATURE_STAFF(3.1),LUX,EXP,ISCED11_1T8,_T,INST_EDU_PRIV_GOV,CUR_NLC,Q,USD_PPP,NATURE,2021,3.08420262003319,A,6,0,2020,Y9
OECD.EDU.IMEP:DSD_EAG_UOE_FIN@DF_UOE_FIN_NATURE_STAFF(3.1),LUX,EXP,ISCED11_1T8,_T,INST_EDU_PRIV_GOV,CUR_NLC,Q,USD_PPP,NATURE,2022,3.03618306165381,A,6,0,2020,Y9
OECD.EDU.IMEP:DSD_EAG_UOE_FIN@DF_UOE_FIN_NATURE_STAFF(3.1),CHL,EXP,ISCED11_1T8,_T,INST_EDU_PRIV_GOV,CUR_NLC,Q,USD_PPP,NATURE,2016,243.799947622601,A,6,0,2020,Y9
OECD.EDU.IMEP:DSD_EAG_UOE_FIN@DF_UOE_FIN_NATURE_STAFF(3.1),CHL,EXP,ISCED11_1T8,_T,INST_EDU_PRIV_GOV,CUR_NLC,Q,USD_PPP,NATURE,2017,259.810213474223,A,6,0,2020,Y9
OECD.EDU.IMEP:DSD_EAG_UOE_FIN@DF_UOE_FIN_NATURE_STAFF(3.1),CHL,EXP,ISCED11_1T8,_T,INST_EDU_PRIV_GOV,CUR_NLC,Q,USD_PPP,NATURE,2021,256.886916671998,A,6,0,2020,Y9
OECD.EDU.IMEP:DSD_EAG_UOE_FIN@DF_UOE_FIN_NATURE_STAFF(3.1),CHL,EXP,ISCED11_1T8,_T,INST_EDU_PRIV_GOV,CUR_NLC,Q,USD_PPP,NATURE,2022,262.558227759197,A,6,0,2020,Y9
OECD.EDU.IMEP:DSD_EAG_UOE_FIN@DF_UOE_FIN_NATURE_STAFF(3.1),FIN,EXP,ISCED11_1T8,_T,INST_EDU_PRIV_GOV,CUR_NLC,Q,USD_PPP,NATURE,2015,60.0797520999282,A,6,0,2020,Y9
OECD.EDU.IMEP:DSD_EAG_UOE_FIN@DF_UOE_FIN_NATURE_STAFF(3.1),FIN,EXP,ISCED11_1T8,_T,INST_EDU_PRIV_GOV,CUR_NLC,Q,USD_PPP,NATURE,2016,68.4881469097365,A,6,0,2020,Y9
OECD.EDU.IMEP:DSD_EAG_UOE_FIN@DF_UOE_FIN_NATURE_STAFF(3.1),FIN,EXP,ISCED11_1T8,_T,INST_EDU_PRIV_GOV,CUR_NLC,Q,USD_PPP,NATURE,2017,49.2534739831609,A,6,0,2020,Y9
OECD.EDU.IMEP:DSD_EAG_UOE_FIN@DF_UOE_FIN_NATURE_STAFF(3.1),FIN,EXP,ISCED11_1T8,_T,INST_EDU_PRIV_GOV,CUR_NLC,Q,USD_PPP,NATURE,2018,41.0605526440148,A,6,0,2020,Y9
OECD.EDU.IMEP:DSD_EAG_UOE_FIN@DF_UOE_FIN_NATURE_STAFF(3.1),FIN,EXP,ISCED11_1T8,_T,INST_EDU_PRIV_GOV,CUR_NLC,Q,USD_PPP,NATURE,2019,39.9959558396897,A,6,0,2020,Y9
OECD.EDU.IMEP:DSD_EAG_UOE_FIN@DF_UOE_FIN_NATURE_STAFF(3.1),FIN,EXP,ISCED11_1T8,_T,INST_EDU_PRIV_GOV,CUR_NLC,Q,USD_PPP,NATURE,2020,40.7241744295061,A,6,0,2020,Y9
OECD.EDU.IMEP:DSD_EAG_UOE_FIN@DF_UOE_FIN_NATURE_STAFF(3.1),FIN,EXP,ISCED11_1T8,_T,INST_EDU_PRIV_GOV,CUR_NLC,Q,USD_PPP,NATURE,2021,57.2490821990886,A,6,0,2020,Y9
OECD.EDU.IMEP:DSD_EAG_UOE_FIN@DF_UOE_FIN_NATURE_STAFF(3.1),FIN,EXP,ISCED11_1T8,_T,INST_EDU_PRIV_GOV,CUR_NLC,Q,USD_PPP,NATURE,2022,45.949720994951,A,6,0,2020,Y9
OECD.EDU.IMEP:DSD_EAG_UOE_FIN@DF_UOE_FIN_NATURE_STAFF(3.1),SVK,EXP,ISCED11_1T8,_T,INST_EDU_PRIV_GOV,CUR_NLC,Q,USD_PPP,NATURE,2015,52.8258722827048,A,6,0,2020,Y9
OECD.EDU.IMEP:DSD_EAG_UOE_FIN@DF_UOE_FIN_NATURE_STAFF(3.1),SVK,EXP,ISCED11_1T8,_T,INST_EDU_PRIV_GOV,CUR_NLC,Q,USD_PPP,NATURE,2016,57.7854316387089,A,6,0,2020,Y9
OECD.EDU.IMEP:DSD_EAG_UOE_FIN@DF_UOE_FIN_NATURE_STAFF(3.1),SVK,EXP,ISCED11_1T8,_T,INST_EDU_PRIV_GOV,CUR_NLC,Q,USD_PPP,NATURE,2017,63.3885433163849,A,6,0,2020,Y9
OECD.EDU.IMEP:DSD_EAG_UOE_FIN@DF_UOE_FIN_NATURE_STAFF(3.1),SVK,EXP,ISCED11_1T8,_T,INST_EDU_PRIV_GOV,CUR_NLC,Q,USD_PPP,NATURE,2018,67.5692820042558,A,6,0,2020,Y9
OECD.EDU.IMEP:DSD_EAG_UOE_FIN@DF_UOE_FIN_NATURE_STAFF(3.1),SVK,EXP,ISCED11_1T8,_T,INST_EDU_PRIV_GOV,CUR_NLC,Q,USD_PPP,NATURE,2019,73.7290265354812,A,6,0,2020,Y9
OECD.EDU.IMEP:DSD_EAG_UOE_FIN@DF_UOE_FIN_NATURE_STAFF(3.1),SVK,EXP,ISCED11_1T8,_T,INST_EDU_PRIV_GOV,CUR_NLC,Q,USD_PPP,NATURE,2020,80.5925657854383,A,6,0,2020,Y9
OECD.EDU.IMEP:DSD_EAG_UOE_FIN@DF_UOE_FIN_NATURE_STAFF(3.1),SVK,EXP,ISCED11_1T8,_T,INST_EDU_PRIV_GOV,CUR_NLC,Q,USD_PPP,NATURE,2021,87.533740252038,A,6,0,2020,Y9
OECD.EDU.IMEP:DSD_EAG_UOE_FIN@DF_UOE_FIN_NATURE_STAFF(3.1),SVK,EXP,ISCED11_1T8,_T,INST_EDU_PRIV_GOV,CUR_NLC,Q,USD_PPP,NATURE,2022,88.1655579740699,A,6,0,2020,Y9
OECD.EDU.IMEP:DSD_EAG_UOE_FIN@DF_UOE_FIN_NATURE_STAFF(3.1),SWE,EXP,ISCED11_1T8,_T,INST_EDU_PRIV_GOV,CUR_NLC,Q,USD_PPP,NATURE,2015,299.259015467717,A,6,0,2020,Y9
OECD.EDU.IMEP:DSD_EAG_UOE_FIN@DF_UOE_FIN_NATURE_STAFF(3.1),SWE,EXP,ISCED11_1T8,_T,INST_EDU_PRIV_GOV,CUR_NLC,Q,USD_PPP,NATURE,2016,320.716748885507,A,6,0,2020,Y9
OECD.EDU.IMEP:DSD_EAG_UOE_FIN@DF_UOE_FIN_NATURE_STAFF(3.1),SWE,EXP,ISCED11_1T8,_T,INST_EDU_PRIV_GOV,CUR_NLC,Q,USD_PPP,NATURE,2017,344.877034647859,A,6,0,2020,Y9
OECD.EDU.IMEP:DSD_EAG_UOE_FIN@DF_UOE_FIN_NATURE_STAFF(3.1),SWE,EXP,ISCED11_1T8,_T,INST_EDU_PRIV_GOV,CUR_NLC,Q,USD_PPP,NATURE,2018,393.607240510692,A,6,0,2020,Y9
OECD.EDU.IMEP:DSD_EAG_UOE_FIN@DF_UOE_FIN_NATURE_STAFF(3.1),SWE,EXP,ISCED11_1T8,_T,INST_EDU_PRIV_GOV,CUR_NLC,Q,USD_PPP,NATURE,2019,396.808278098737,A,6,0,2020,Y9
OECD.EDU.IMEP:DSD_EAG_UOE_FIN@DF_UOE_FIN_NATURE_STAFF(3.1),SWE,EXP,ISCED11_1T8,_T,INST_EDU_PRIV_GOV,CUR_NLC,Q,USD_PPP,NATURE,2020,410.500584663882,A,6,0,2020,Y9
OECD.EDU.IMEP:DSD_EAG_UOE_FIN@DF_UOE_FIN_NATURE_STAFF(3.1),SWE,EXP,ISCED11_1T8,_T,INST_EDU_PRIV_GOV,CUR_NLC,Q,USD_PPP,NATURE,2021,421.34280127139,A,6,0,2020,Y9
OECD.EDU.IMEP:DSD_EAG_UOE_FIN@DF_UOE_FIN_NATURE_STAFF(3.1),SWE,EXP,ISCED11_1T8,_T,INST_EDU_PRIV_GOV,CUR_NLC,Q,USD_PPP,NATURE,2022,401.135300752368,A,6,0,2020,Y9
OECD.EDU.IMEP:DSD_EAG_UOE_FIN@DF_UOE_FIN_NATURE_STAFF(3.1),CZE,EXP,ISCED11_1T8,_T,INST_EDU_PRIV_GOV,CUR_NLC,Q,USD_PPP,NATURE,2015,40.4504768008141,A,6,0,2020,Y9
OECD.EDU.IMEP:DSD_EAG_UOE_FIN@DF_UOE_FIN_NATURE_STAFF(3.1),CZE,EXP,ISCED11_1T8,_T,INST_EDU_PRIV_GOV,CUR_NLC,Q,USD_PPP,NATURE,2016,42.3691635305706,A,6,0,2020,Y9
OECD.EDU.IMEP:DSD_EAG_UOE_FIN@DF_UOE_FIN_NATURE_STAFF(3.1),CZE,EXP,ISCED11_1T8,_T,INST_EDU_PRIV_GOV,CUR_NLC,Q,USD_PPP,NATURE,2017,46.4260807110795,A,6,0,2020,Y9
OECD.EDU.IMEP:DSD_EAG_UOE_FIN@DF_UOE_FIN_NATURE_STAFF(3.1),CZE,EXP,ISCED11_1T8,_T,INST_EDU_PRIV_GOV,CUR_NLC,Q,USD_PPP,NATURE,2018,52.0069281505033,A,6,0,2020,Y9
OECD.EDU.IMEP:DSD_EAG_UOE_FIN@DF_UOE_FIN_NATURE_STAFF(3.1),CZE,EXP,ISCED11_1T8,_T,INST_EDU_PRIV_GOV,CUR_NLC,Q,USD_PPP,NATURE,2019,57.0879200485164,A,6,0,2020,Y9
OECD.EDU.IMEP:DSD_EAG_UOE_FIN@DF_UOE_FIN_NATURE_STAFF(3.1),CZE,EXP,ISCED11_1T8,_T,INST_EDU_PRIV_GOV,CUR_NLC,Q,USD_PPP,NATURE,2020,61.7646509331853,A,6,0,2020,Y9
OECD.EDU.IMEP:DSD_EAG_UOE_FIN@DF_UOE_FIN_NATURE_STAFF(3.1),CZE,EXP,ISCED11_1T8,_T,INST_EDU_PRIV_GOV,CUR_NLC,Q,USD_PPP,NATURE,2021,68.8628391244875,A,6,0,2020,Y9
OECD.EDU.IMEP:DSD_EAG_UOE_FIN@DF_UOE_FIN_NATURE_STAFF(3.1),CZE,EXP,ISCED11_1T8,_T,INST_EDU_PRIV_GOV,CUR_NLC,Q,USD_PPP,NATURE,2022,72.5649908164342,A,6,0,2020,Y9
OECD.EDU.IMEP:DSD_EAG_UOE_FIN@DF_UOE_FIN_NATURE_STAFF(3.1),NOR,EXP,ISCED11_1T8,_T,INST_EDU_PRIV_GOV,CUR_RET,Q,USD_PPP,NATURE,2015,16.0825988938895,A,6,0,2020,Y8
OECD.EDU.IMEP:DSD_EAG_UOE_FIN@DF_UOE_FIN_NATURE_STAFF(3.1),NOR,EXP,ISCED11_1T8,_T,INST_EDU_PRIV_GOV,CUR_RET,Q,USD_PPP,NATURE,2019,19.8345404267539,A,6,0,2020,Y8
OECD.EDU.IMEP:DSD_EAG_UOE_FIN@DF_UOE_FIN_NATURE_STAFF(3.1),NOR,EXP,ISCED11_1T8,_T,INST_EDU_PRIV_GOV,CUR_RET,Q,USD_PPP,NATURE,2020,25.0069709784525,A,6,0,2020,Y8
OECD.EDU.IMEP:DSD_EAG_UOE_FIN@DF_UOE_FIN_NATURE_STAFF(3.1),LVA,EXP,ISCED11_1T8,_T,INST_EDU_PRIV_GOV,CUR_RET,Q,USD_PPP,NATURE,2015,65.9970423662541,A,6,0,2020,Y8
OECD.EDU.IMEP:DSD_EAG_UOE_FIN@DF_UOE_FIN_NATURE_STAFF(3.1),LVA,EXP,ISCED11_1T8,_T,INST_EDU_PRIV_GOV,CUR_RET,Q,USD_PPP,NATURE,2016,68.6414300252058,A,6,0,2020,Y8
OECD.EDU.IMEP:DSD_EAG_UOE_FIN@DF_UOE_FIN_NATURE_STAFF(3.1),LVA,EXP,ISCED11_1T8,_T,INST_EDU_PRIV_GOV,CUR_RET,Q,USD_PPP,NATURE,2017,54.5307436075692,A,6,0,2020,Y8
OECD.EDU.IMEP:DSD_EAG_UOE_FIN@DF_UOE_FIN_NATURE_STAFF(3.1),LVA,EXP,ISCED11_1T8,_T,INST_EDU_PRIV_GOV,CUR_RET,Q,USD_PPP,NATURE,2018,59.6966663763807,A,6,0,2020,Y8
OECD.EDU.IMEP:DSD_EAG_UOE_FIN@DF_UOE_FIN_NATURE_STAFF(3.1),LVA,EXP,ISCED11_1T8,_T,INST_EDU_PRIV_GOV,CUR_RET,Q,USD_PPP,NATURE,2019,72.5823817107561,A,6,0,2020,Y8
OECD.EDU.IMEP:DSD_EAG_UOE_FIN@DF_UOE_FIN_NATURE_STAFF(3.1),LVA,EXP,ISCED11_1T8,_T,INST_EDU_PRIV_GOV,CUR_RET,Q,USD_PPP,NATURE,2020,79.3863473772963,A,6,0,2020,Y8
OECD.EDU.IMEP:DSD_EAG_UOE_FIN@DF_UOE_FIN_NATURE_STAFF(3.1),LVA,EXP,ISCED11_1T8,_T,INST_EDU_PRIV_GOV,CUR_RET,Q,USD_PPP,NATURE,2021,75.1534364255072,A,6,0,2020,Y8
OECD.EDU.IMEP:DSD_EAG_UOE_FIN@DF_UOE_FIN_NATURE_STAFF(3.1),LVA,EXP,ISCED11_1T8,_T,INST_EDU_PRIV_GOV,CUR_RET,Q,USD_PPP,NATURE,2022,70.6011477969868,A,6,0,2020,Y8
OECD.EDU.IMEP:DSD_EAG_UOE_FIN@DF_UOE_FIN_NATURE_STAFF(3.1),KOR,EXP,ISCED11_1T8,_T,INST_EDU_PRIV_GOV,CUR_RET,Q,USD_PPP,NATURE,2015,49.8034300651166,A,6,0,2020,Y8
OECD.EDU.IMEP:DSD_EAG_UOE_FIN@DF_UOE_FIN_NATURE_STAFF(3.1),KOR,EXP,ISCED11_1T8,_T,INST_EDU_PRIV_GOV,CUR_RET,Q,USD_PPP,NATURE,2016,56.8750632005739,A,6,0,2020,Y8
OECD.EDU.IMEP:DSD_EAG_UOE_FIN@DF_UOE_FIN_NATURE_STAFF(3.1),KOR,EXP,ISCED11_1T8,_T,INST_EDU_PRIV_GOV,CUR_RET,Q,USD_PPP,NATURE,2017,416.602499418443,A,6,0,2020,Y8
OECD.EDU.IMEP:DSD_EAG_UOE_FIN@DF_UOE_FIN_NATURE_STAFF(3.1),KOR,EXP,ISCED11_1T8,_T,INST_EDU_PRIV_GOV,CUR_RET,Q,USD_PPP,NATURE,2018,291.155948998251,A,6,0,2020,Y8
OECD.EDU.IMEP:DSD_EAG_UOE_FIN@DF_UOE_FIN_NATURE_STAFF(3.1),KOR,EXP,ISCED11_1T8,_T,INST_EDU_PRIV_GOV,CUR_RET,Q,USD_PPP,NATURE,2019,344.301597360361,A,6,0,2020,Y8
OECD.EDU.IMEP:DSD_EAG_UOE_FIN@DF_UOE_FIN_NATURE_STAFF(3.1),KOR,EXP,ISCED11_1T8,_T,INST_EDU_PRIV_GOV,CUR_RET,Q,USD_PPP,NATURE,2020,319.739871154518,A,6,0,2020,Y8
OECD.EDU.IMEP:DSD_EAG_UOE_FIN@DF_UOE_FIN_NATURE_STAFF(3.1),KOR,EXP,ISCED11_1T8,_T,INST_EDU_PRIV_GOV,CUR_RET,Q,USD_PPP,NATURE,2021,399.382101047027,A,6,0,2020,Y8
OECD.EDU.IMEP:DSD_EAG_UOE_FIN@DF_UOE_FIN_NATURE_STAFF(3.1),KOR,EXP,ISCED11_1T8,_T,INST_EDU_PRIV_GOV,CUR_RET,Q,USD_PPP,NATURE,2022,361.309222635812,A,6,0,2020,Y8
OECD.EDU.IMEP:DSD_EAG_UOE_FIN@DF_UOE_FIN_NATURE_STAFF(3.1),EST,EXP,ISCED11_1T8,_T,INST_EDU_PRIV_GOV,CUR_RET,Q,USD_PPP,NATURE,2015,55.4199105882511,A,6,0,2020,Y8
OECD.EDU.IMEP:DSD_EAG_UOE_FIN@DF_UOE_FIN_NATURE_STAFF(3.1),EST,EXP,ISCED11_1T8,_T,INST_EDU_PRIV_GOV,CUR_RET,Q,USD_PPP,NATURE,2016,54.0896084728201,A,6,0,2020,Y8
OECD.EDU.IMEP:DSD_EAG_UOE_FIN@DF_UOE_FIN_NATURE_STAFF(3.1),EST,EXP,ISCED11_1T8,_T,INST_EDU_PRIV_GOV,CUR_RET,Q,USD_PPP,NATURE,2017,8.03203417797421,A,6,0,2020,Y8
OECD.EDU.IMEP:DSD_EAG_UOE_FIN@DF_UOE_FIN_NATURE_STAFF(3.1),EST,EXP,ISCED11_1T8,_T,INST_EDU_PRIV_GOV,CUR_RET,Q,USD_PPP,NATURE,2018,9.39652957544525,A,6,0,2020,Y8
OECD.EDU.IMEP:DSD_EAG_UOE_FIN@DF_UOE_FIN_NATURE_STAFF(3.1),EST,EXP,ISCED11_1T8,_T,INST_EDU_PRIV_GOV,CUR_RET,Q,USD_PPP,NATURE,2019,12.6566977977382,A,6,0,2020,Y8
OECD.EDU.IMEP:DSD_EAG_UOE_FIN@DF_UOE_FIN_NATURE_STAFF(3.1),EST,EXP,ISCED11_1T8,_T,INST_EDU_PRIV_GOV,CUR_RET,Q,USD_PPP,NATURE,2020,12.7231648945462,A,6,0,2020,Y8
OECD.EDU.IMEP:DSD_EAG_UOE_FIN@DF_UOE_FIN_NATURE_STAFF(3.1),EST,EXP,ISCED11_1T8,_T,INST_EDU_PRIV_GOV,CUR_RET,Q,USD_PPP,NATURE,2021,13.5296845954325,A,6,0,2020,Y8
OECD.EDU.IMEP:DSD_EAG_UOE_FIN@DF_UOE_FIN_NATURE_STAFF(3.1),SVN,EXP,ISCED11_1T8,_T,INST_EDU_PRIV_GOV,CUR_RET,Q,USD_PPP,NATURE,2018,0.365799414140165,A,6,0,2020,Y8
OECD.EDU.IMEP:DSD_EAG_UOE_FIN@DF_UOE_FIN_NATURE_STAFF(3.1),SVN,EXP,ISCED11_1T8,_T,INST_EDU_PRIV_GOV,CUR_RET,Q,USD_PPP,NATURE,2019,0.967111642117274,A,6,0,2020,Y8
OECD.EDU.IMEP:DSD_EAG_UOE_FIN@DF_UOE_FIN_NATURE_STAFF(3.1),SVN,EXP,ISCED11_1T8,_T,INST_EDU_PRIV_GOV,CUR_RET,Q,USD_PPP,NATURE,2020,8.6347884574557,A,6,0,2020,Y8
OECD.EDU.IMEP:DSD_EAG_UOE_FIN@DF_UOE_FIN_NATURE_STAFF(3.1),SVN,EXP,ISCED11_1T8,_T,INST_EDU_PRIV_GOV,CUR_RET,Q,USD_PPP,NATURE,2021,3.94946596875957,A,6,0,2020,Y8
OECD.EDU.IMEP:DSD_EAG_UOE_FIN@DF_UOE_FIN_NATURE_STAFF(3.1),SVN,EXP,ISCED11_1T8,_T,INST_EDU_PRIV_GOV,CUR_RET,Q,USD_PPP,NATURE,2022,4.0166375429507,A,6,0,2020,Y8
OECD.EDU.IMEP:DSD_EAG_UOE_FIN@DF_UOE_FIN_NATURE_STAFF(3.1),CHL,EXP,ISCED11_1T8,_T,INST_EDU_PRIV_GOV,CUR_RET,Q,USD_PPP,NATURE,2016,353.141397920715,A,6,0,2020,Y8
OECD.EDU.IMEP:DSD_EAG_UOE_FIN@DF_UOE_FIN_NATURE_STAFF(3.1),CHL,EXP,ISCED11_1T8,_T,INST_EDU_PRIV_GOV,CUR_RET,Q,USD_PPP,NATURE,2017,366.962432215465,A,6,0,2020,Y8
OECD.EDU.IMEP:DSD_EAG_UOE_FIN@DF_UOE_FIN_NATURE_STAFF(3.1),CHL,EXP,ISCED11_1T8,_T,INST_EDU_PRIV_GOV,CUR_RET,Q,USD_PPP,NATURE,2021,368.007011316328,A,6,0,2020,Y8
OECD.EDU.IMEP:DSD_EAG_UOE_FIN@DF_UOE_FIN_NATURE_STAFF(3.1),CHL,EXP,ISCED11_1T8,_T,INST_EDU_PRIV_GOV,CUR_RET,Q,USD_PPP,NATURE,2022,379.290457461487,A,6,0,2020,Y8
OECD.EDU.IMEP:DSD_EAG_UOE_FIN@DF_UOE_FIN_NATURE_STAFF(3.1),LUX,EXP,ISCED11_1T8,_T,INST_EDU_PRIV_GOV,CUR_RET,Q,USD_PPP,NATURE,2015,5.77081356915207,A,6,0,2020,Y8
OECD.EDU.IMEP:DSD_EAG_UOE_FIN@DF_UOE_FIN_NATURE_STAFF(3.1),LUX,EXP,ISCED11_1T8,_T,INST_EDU_PRIV_GOV,CUR_RET,Q,USD_PPP,NATURE,2018,6.7779293891136,A,6,0,2020,Y8
OECD.EDU.IMEP:DSD_EAG_UOE_FIN@DF_UOE_FIN_NATURE_STAFF(3.1),LUX,EXP,ISCED11_1T8,_T,INST_EDU_PRIV_GOV,CUR_RET,Q,USD_PPP,NATURE,2019,5.1333575290976,A,6,0,2020,Y8
OECD.EDU.IMEP:DSD_EAG_UOE_FIN@DF_UOE_FIN_NATURE_STAFF(3.1),LUX,EXP,ISCED11_1T8,_T,INST_EDU_PRIV_GOV,CUR_RET,Q,USD_PPP,NATURE,2020,5.1575832595608,A,6,0,2020,Y8
OECD.EDU.IMEP:DSD_EAG_UOE_FIN@DF_UOE_FIN_NATURE_STAFF(3.1),LUX,EXP,ISCED11_1T8,_T,INST_EDU_PRIV_GOV,CUR_RET,Q,USD_PPP,NATURE,2021,4.88455888822933,A,6,0,2020,Y8
OECD.EDU.IMEP:DSD_EAG_UOE_FIN@DF_UOE_FIN_NATURE_STAFF(3.1),LUX,EXP,ISCED11_1T8,_T,INST_EDU_PRIV_GOV,CUR_RET,Q,USD_PPP,NATURE,2022,4.99301985486304,A,6,0,2020,Y8
OECD.EDU.IMEP:DSD_EAG_UOE_FIN@DF_UOE_FIN_NATURE_STAFF(3.1),FIN,EXP,ISCED11_1T8,_T,INST_EDU_PRIV_GOV,CUR_RET,Q,USD_PPP,NATURE,2015,224.932934914769,A,6,0,2020,Y8
OECD.EDU.IMEP:DSD_EAG_UOE_FIN@DF_UOE_FIN_NATURE_STAFF(3.1),FIN,EXP,ISCED11_1T8,_T,INST_EDU_PRIV_GOV,CUR_RET,Q,USD_PPP,NATURE,2016,224.192699305088,A,6,0,2020,Y8
OECD.EDU.IMEP:DSD_EAG_UOE_FIN@DF_UOE_FIN_NATURE_STAFF(3.1),FIN,EXP,ISCED11_1T8,_T,INST_EDU_PRIV_GOV,CUR_RET,Q,USD_PPP,NATURE,2017,211.759238592505,A,6,0,2020,Y8
OECD.EDU.IMEP:DSD_EAG_UOE_FIN@DF_UOE_FIN_NATURE_STAFF(3.1),FIN,EXP,ISCED11_1T8,_T,INST_EDU_PRIV_GOV,CUR_RET,Q,USD_PPP,NATURE,2018,216.250568981738,A,6,0,2020,Y8
OECD.EDU.IMEP:DSD_EAG_UOE_FIN@DF_UOE_FIN_NATURE_STAFF(3.1),FIN,EXP,ISCED11_1T8,_T,INST_EDU_PRIV_GOV,CUR_RET,Q,USD_PPP,NATURE,2019,221.104800812161,A,6,0,2020,Y8
OECD.EDU.IMEP:DSD_EAG_UOE_FIN@DF_UOE_FIN_NATURE_STAFF(3.1),FIN,EXP,ISCED11_1T8,_T,INST_EDU_PRIV_GOV,CUR_RET,Q,USD_PPP,NATURE,2020,217.120763683875,A,6,0,2020,Y8
OECD.EDU.IMEP:DSD_EAG_UOE_FIN@DF_UOE_FIN_NATURE_STAFF(3.1),FIN,EXP,ISCED11_1T8,_T,INST_EDU_PRIV_GOV,CUR_RET,Q,USD_PPP,NATURE,2021,217.092676038097,A,6,0,2020,Y8
OECD.EDU.IMEP:DSD_EAG_UOE_FIN@DF_UOE_FIN_NATURE_STAFF(3.1),FIN,EXP,ISCED11_1T8,_T,INST_EDU_PRIV_GOV,CUR_RET,Q,USD_PPP,NATURE,2022,222.676802518206,A,6,0,2020,Y8
OECD.EDU.IMEP:DSD_EAG_UOE_FIN@DF_UOE_FIN_NATURE_STAFF(3.1),SVK,EXP,ISCED11_1T8,_T,INST_EDU_PRIV_GOV,CUR_RET,Q,USD_PPP,NATURE,2015,35.3012992951037,A,6,0,2020,Y8
OECD.EDU.IMEP:DSD_EAG_UOE_FIN@DF_UOE_FIN_NATURE_STAFF(3.1),SVK,EXP,ISCED11_1T8,_T,INST_EDU_PRIV_GOV,CUR_RET,Q,USD_PPP,NATURE,2016,38.6155610796577,A,6,0,2020,Y8
OECD.EDU.IMEP:DSD_EAG_UOE_FIN@DF_UOE_FIN_NATURE_STAFF(3.1),SVK,EXP,ISCED11_1T8,_T,INST_EDU_PRIV_GOV,CUR_RET,Q,USD_PPP,NATURE,2017,42.359884139077,A,6,0,2020,Y8
OECD.EDU.IMEP:DSD_EAG_UOE_FIN@DF_UOE_FIN_NATURE_STAFF(3.1),SVK,EXP,ISCED11_1T8,_T,INST_EDU_PRIV_GOV,CUR_RET,Q,USD_PPP,NATURE,2018,45.153691360017,A,6,0,2020,Y8
OECD.EDU.IMEP:DSD_EAG_UOE_FIN@DF_UOE_FIN_NATURE_STAFF(3.1),SVK,EXP,ISCED11_1T8,_T,INST_EDU_PRIV_GOV,CUR_RET,Q,USD_PPP,NATURE,2019,49.2699954153368,A,6,0,2020,Y8
OECD.EDU.IMEP:DSD_EAG_UOE_FIN@DF_UOE_FIN_NATURE_STAFF(3.1),SVK,EXP,ISCED11_1T8,_T,INST_EDU_PRIV_GOV,CUR_RET,Q,USD_PPP,NATURE,2020,53.8566071684148,A,6,0,2020,Y8
OECD.EDU.IMEP:DSD_EAG_UOE_FIN@DF_UOE_FIN_NATURE_STAFF(3.1),SVK,EXP,ISCED11_1T8,_T,INST_EDU_PRIV_GOV,CUR_RET,Q,USD_PPP,NATURE,2021,58.4951041059561,A,6,0,2020,Y8
OECD.EDU.IMEP:DSD_EAG_UOE_FIN@DF_UOE_FIN_NATURE_STAFF(3.1),SVK,EXP,ISCED11_1T8,_T,INST_EDU_PRIV_GOV,CUR_RET,Q,USD_PPP,NATURE,2022,58.9173182931481,A,6,0,2020,Y8
OECD.EDU.IMEP:DSD_EAG_UOE_FIN@DF_UOE_FIN_NATURE_STAFF(3.1),SWE,EXP,ISCED11_1T8,_T,INST_EDU_PRIV_GOV,CUR_RET,Q,USD_PPP,NATURE,2015,327.582868344378,A,6,0,2020,Y8
OECD.EDU.IMEP:DSD_EAG_UOE_FIN@DF_UOE_FIN_NATURE_STAFF(3.1),SWE,EXP,ISCED11_1T8,_T,INST_EDU_PRIV_GOV,CUR_RET,Q,USD_PPP,NATURE,2016,355.007816665914,A,6,0,2020,Y8
OECD.EDU.IMEP:DSD_EAG_UOE_FIN@DF_UOE_FIN_NATURE_STAFF(3.1),SWE,EXP,ISCED11_1T8,_T,INST_EDU_PRIV_GOV,CUR_RET,Q,USD_PPP,NATURE,2017,363.785735413571,A,6,0,2020,Y8
OECD.EDU.IMEP:DSD_EAG_UOE_FIN@DF_UOE_FIN_NATURE_STAFF(3.1),SWE,EXP,ISCED11_1T8,_T,INST_EDU_PRIV_GOV,CUR_RET,Q,USD_PPP,NATURE,2018,418.683120237539,A,6,0,2020,Y8
OECD.EDU.IMEP:DSD_EAG_UOE_FIN@DF_UOE_FIN_NATURE_STAFF(3.1),SWE,EXP,ISCED11_1T8,_T,INST_EDU_PRIV_GOV,CUR_RET,Q,USD_PPP,NATURE,2019,435.807862195075,A,6,0,2020,Y8
OECD.EDU.IMEP:DSD_EAG_UOE_FIN@DF_UOE_FIN_NATURE_STAFF(3.1),SWE,EXP,ISCED11_1T8,_T,INST_EDU_PRIV_GOV,CUR_RET,Q,USD_PPP,NATURE,2020,471.532357565826,A,6,0,2020,Y8
OECD.EDU.IMEP:DSD_EAG_UOE_FIN@DF_UOE_FIN_NATURE_STAFF(3.1),SWE,EXP,ISCED11_1T8,_T,INST_EDU_PRIV_GOV,CUR_RET,Q,USD_PPP,NATURE,2021,464.784053153342,A,6,0,2020,Y8
OECD.EDU.IMEP:DSD_EAG_UOE_FIN@DF_UOE_FIN_NATURE_STAFF(3.1),SWE,EXP,ISCED11_1T8,_T,INST_EDU_PRIV_GOV,CUR_RET,Q,USD_PPP,NATURE,2022,607.768834034883,A,6,0,2020,Y8
OECD.EDU.IMEP:DSD_EAG_UOE_FIN@DF_UOE_FIN_NATURE_STAFF(3.1),CZE,EXP,ISCED11_1T8,_T,INST_EDU_PRIV_GOV,CUR_RET,Q,USD_PPP,NATURE,2015,64.4210630257734,A,6,0,2020,Y8
OECD.EDU.IMEP:DSD_EAG_UOE_FIN@DF_UOE_FIN_NATURE_STAFF(3.1),CZE,EXP,ISCED11_1T8,_T,INST_EDU_PRIV_GOV,CUR_RET,Q,USD_PPP,NATURE,2016,67.4767260685855,A,6,0,2020,Y8
OECD.EDU.IMEP:DSD_EAG_UOE_FIN@DF_UOE_FIN_NATURE_STAFF(3.1),CZE,EXP,ISCED11_1T8,_T,INST_EDU_PRIV_GOV,CUR_RET,Q,USD_PPP,NATURE,2017,73.9378730600133,A,6,0,2020,Y8
OECD.EDU.IMEP:DSD_EAG_UOE_FIN@DF_UOE_FIN_NATURE_STAFF(3.1),CZE,EXP,ISCED11_1T8,_T,INST_EDU_PRIV_GOV,CUR_RET,Q,USD_PPP,NATURE,2018,82.8258485359867,A,6,0,2020,Y8
OECD.EDU.IMEP:DSD_EAG_UOE_FIN@DF_UOE_FIN_NATURE_STAFF(3.1),CZE,EXP,ISCED11_1T8,_T,INST_EDU_PRIV_GOV,CUR_RET,Q,USD_PPP,NATURE,2019,90.9175755817487,A,6,0,2020,Y8
OECD.EDU.IMEP:DSD_EAG_UOE_FIN@DF_UOE_FIN_NATURE_STAFF(3.1),CZE,EXP,ISCED11_1T8,_T,INST_EDU_PRIV_GOV,CUR_RET,Q,USD_PPP,NATURE,2020,98.3659865252344,A,6,0,2020,Y8
OECD.EDU.IMEP:DSD_EAG_UOE_FIN@DF_UOE_FIN_NATURE_STAFF(3.1),CZE,EXP,ISCED11_1T8,_T,INST_EDU_PRIV_GOV,CUR_RET,Q,USD_PPP,NATURE,2021,109.670450424593,A,6,0,2020,Y8
OECD.EDU.IMEP:DSD_EAG_UOE_FIN@DF_UOE_FIN_NATURE_STAFF(3.1),CZE,EXP,ISCED11_1T8,_T,INST_EDU_PRIV_GOV,CUR_RET,Q,USD_PPP,NATURE,2022,115.566542350649,A,6,0,2020,Y8
OECD.EDU.IMEP:DSD_EAG_UOE_FIN@DF_UOE_FIN_NATURE_STAFF(3.1),SWE,EXP,ISCED11_1T8,_T,INST_EDU_PRIV_GOV,CUR_LC,Q,USD_PPP,NATURE,2015,1652.82161748472,A,6,0,2020,Y7
OECD.EDU.IMEP:DSD_EAG_UOE_FIN@DF_UOE_FIN_NATURE_STAFF(3.1),SWE,EXP,ISCED11_1T8,_T,INST_EDU_PRIV_GOV,CUR_LC,Q,USD_PPP,NATURE,2016,1778.62188178281,A,6,0,2020,Y7
OECD.EDU.IMEP:DSD_EAG_UOE_FIN@DF_UOE_FIN_NATURE_STAFF(3.1),SWE,EXP,ISCED11_1T8,_T,INST_EDU_PRIV_GOV,CUR_LC,Q,USD_PPP,NATURE,2017,1870.08170570108,A,6,0,2020,Y7
OECD.EDU.IMEP:DSD_EAG_UOE_FIN@DF_UOE_FIN_NATURE_STAFF(3.1),SWE,EXP,ISCED11_1T8,_T,INST_EDU_PRIV_GOV,CUR_LC,Q,USD_PPP,NATURE,2018,2075.92809188777,A,6,0,2020,Y7
OECD.EDU.IMEP:DSD_EAG_UOE_FIN@DF_UOE_FIN_NATURE_STAFF(3.1),SWE,EXP,ISCED11_1T8,_T,INST_EDU_PRIV_GOV,CUR_LC,Q,USD_PPP,NATURE,2019,2150.82557986289,A,6,0,2020,Y7
OECD.EDU.IMEP:DSD_EAG_UOE_FIN@DF_UOE_FIN_NATURE_STAFF(3.1),SWE,EXP,ISCED11_1T8,_T,INST_EDU_PRIV_GOV,CUR_LC,Q,USD_PPP,NATURE,2020,2222.92764393258,A,6,0,2020,Y7
OECD.EDU.IMEP:DSD_EAG_UOE_FIN@DF_UOE_FIN_NATURE_STAFF(3.1),SWE,EXP,ISCED11_1T8,_T,INST_EDU_PRIV_GOV,CUR_LC,Q,USD_PPP,NATURE,2021,2281.83504596647,A,6,0,2020,Y7
OECD.EDU.IMEP:DSD_EAG_UOE_FIN@DF_UOE_FIN_NATURE_STAFF(3.1),SWE,EXP,ISCED11_1T8,_T,INST_EDU_PRIV_GOV,CUR_LC,Q,USD_PPP,NATURE,2022,2229.16742599464,A,6,0,2020,Y7
OECD.EDU.IMEP:DSD_EAG_UOE_FIN@DF_UOE_FIN_NATURE_STAFF(3.1),SVK,EXP,ISCED11_1T8,_T,INST_EDU_PRIV_GOV,CUR_LC,Q,USD_PPP,NATURE,2015,252.15211953934,A,6,0,2020,Y7
OECD.EDU.IMEP:DSD_EAG_UOE_FIN@DF_UOE_FIN_NATURE_STAFF(3.1),SVK,EXP,ISCED11_1T8,_T,INST_EDU_PRIV_GOV,CUR_LC,Q,USD_PPP,NATURE,2016,275.825455270765,A,6,0,2020,Y7
OECD.EDU.IMEP:DSD_EAG_UOE_FIN@DF_UOE_FIN_NATURE_STAFF(3.1),SVK,EXP,ISCED11_1T8,_T,INST_EDU_PRIV_GOV,CUR_LC,Q,USD_PPP,NATURE,2017,302.570622886735,A,6,0,2020,Y7
OECD.EDU.IMEP:DSD_EAG_UOE_FIN@DF_UOE_FIN_NATURE_STAFF(3.1),SVK,EXP,ISCED11_1T8,_T,INST_EDU_PRIV_GOV,CUR_LC,Q,USD_PPP,NATURE,2018,322.526431180888,A,6,0,2020,Y7
OECD.EDU.IMEP:DSD_EAG_UOE_FIN@DF_UOE_FIN_NATURE_STAFF(3.1),SVK,EXP,ISCED11_1T8,_T,INST_EDU_PRIV_GOV,CUR_LC,Q,USD_PPP,NATURE,2019,351.928547654592,A,6,0,2020,Y7
OECD.EDU.IMEP:DSD_EAG_UOE_FIN@DF_UOE_FIN_NATURE_STAFF(3.1),SVK,EXP,ISCED11_1T8,_T,INST_EDU_PRIV_GOV,CUR_LC,Q,USD_PPP,NATURE,2020,384.690057044716,A,6,0,2020,Y7
OECD.EDU.IMEP:DSD_EAG_UOE_FIN@DF_UOE_FIN_NATURE_STAFF(3.1),SVK,EXP,ISCED11_1T8,_T,INST_EDU_PRIV_GOV,CUR_LC,Q,USD_PPP,NATURE,2021,417.822157044507,A,6,0,2020,Y7
OECD.EDU.IMEP:DSD_EAG_UOE_FIN@DF_UOE_FIN_NATURE_STAFF(3.1),SVK,EXP,ISCED11_1T8,_T,INST_EDU_PRIV_GOV,CUR_LC,Q,USD_PPP,NATURE,2022,420.837984353144,A,6,0,2020,Y7
OECD.EDU.IMEP:DSD_EAG_UOE_FIN@DF_UOE_FIN_NATURE_STAFF(3.1),FIN,EXP,ISCED11_1T8,_T,INST_EDU_PRIV_GOV,CUR_LC,Q,USD_PPP,NATURE,2015,1105.83564042181,A,6,0,2020,Y7
OECD.EDU.IMEP:DSD_EAG_UOE_FIN@DF_UOE_FIN_NATURE_STAFF(3.1),FIN,EXP,ISCED11_1T8,_T,INST_EDU_PRIV_GOV,CUR_LC,Q,USD_PPP,NATURE,2016,1114.9417659719,A,6,0,2020,Y7
OECD.EDU.IMEP:DSD_EAG_UOE_FIN@DF_UOE_FIN_NATURE_STAFF(3.1),FIN,EXP,ISCED11_1T8,_T,INST_EDU_PRIV_GOV,CUR_LC,Q,USD_PPP,NATURE,2017,1087.13652243013,A,6,0,2020,Y7
OECD.EDU.IMEP:DSD_EAG_UOE_FIN@DF_UOE_FIN_NATURE_STAFF(3.1),FIN,EXP,ISCED11_1T8,_T,INST_EDU_PRIV_GOV,CUR_LC,Q,USD_PPP,NATURE,2018,1125.97486258779,A,6,0,2020,Y7
OECD.EDU.IMEP:DSD_EAG_UOE_FIN@DF_UOE_FIN_NATURE_STAFF(3.1),FIN,EXP,ISCED11_1T8,_T,INST_EDU_PRIV_GOV,CUR_LC,Q,USD_PPP,NATURE,2019,1152.28299501603,A,6,0,2020,Y7
OECD.EDU.IMEP:DSD_EAG_UOE_FIN@DF_UOE_FIN_NATURE_STAFF(3.1),FIN,EXP,ISCED11_1T8,_T,INST_EDU_PRIV_GOV,CUR_LC,Q,USD_PPP,NATURE,2020,1193.6768680683,A,6,0,2020,Y7
OECD.EDU.IMEP:DSD_EAG_UOE_FIN@DF_UOE_FIN_NATURE_STAFF(3.1),FIN,EXP,ISCED11_1T8,_T,INST_EDU_PRIV_GOV,CUR_LC,Q,USD_PPP,NATURE,2021,1235.00830872279,A,6,0,2020,Y7
OECD.EDU.IMEP:DSD_EAG_UOE_FIN@DF_UOE_FIN_NATURE_STAFF(3.1),FIN,EXP,ISCED11_1T8,_T,INST_EDU_PRIV_GOV,CUR_LC,Q,USD_PPP,NATURE,2022,1228.57650964207,A,6,0,2020,Y7
OECD.EDU.IMEP:DSD_EAG_UOE_FIN@DF_UOE_FIN_NATURE_STAFF(3.1),LUX,EXP,ISCED11_1T8,_T,INST_EDU_PRIV_GOV,CUR_LC,Q,USD_PPP,NATURE,2015,57.3544676728242,A,6,0,2020,Y7
OECD.EDU.IMEP:DSD_EAG_UOE_FIN@DF_UOE_FIN_NATURE_STAFF(3.1),LUX,EXP,ISCED11_1T8,_T,INST_EDU_PRIV_GOV,CUR_LC,Q,USD_PPP,NATURE,2018,67.6555346533535,A,6,0,2020,Y7
OECD.EDU.IMEP:DSD_EAG_UOE_FIN@DF_UOE_FIN_NATURE_STAFF(3.1),LUX,EXP,ISCED11_1T8,_T,INST_EDU_PRIV_GOV,CUR_LC,Q,USD_PPP,NATURE,2019,70.6391336718034,A,6,0,2020,Y7
OECD.EDU.IMEP:DSD_EAG_UOE_FIN@DF_UOE_FIN_NATURE_STAFF(3.1),LUX,EXP,ISCED11_1T8,_T,INST_EDU_PRIV_GOV,CUR_LC,Q,USD_PPP,NATURE,2020,72.2690804402967,A,6,0,2020,Y7
OECD.EDU.IMEP:DSD_EAG_UOE_FIN@DF_UOE_FIN_NATURE_STAFF(3.1),LUX,EXP,ISCED11_1T8,_T,INST_EDU_PRIV_GOV,CUR_LC,Q,USD_PPP,NATURE,2021,67.7509540789267,A,6,0,2020,Y7
OECD.EDU.IMEP:DSD_EAG_UOE_FIN@DF_UOE_FIN_NATURE_STAFF(3.1),LUX,EXP,ISCED11_1T8,_T,INST_EDU_PRIV_GOV,CUR_LC,Q,USD_PPP,NATURE,2022,69.2224843419736,A,6,0,2020,Y7
OECD.EDU.IMEP:DSD_EAG_UOE_FIN@DF_UOE_FIN_NATURE_STAFF(3.1),CHL,EXP,ISCED11_1T8,_T,INST_EDU_PRIV_GOV,CUR_LC,Q,USD_PPP,NATURE,2021,5598.65717731694,A,6,0,2020,Y7
OECD.EDU.IMEP:DSD_EAG_UOE_FIN@DF_UOE_FIN_NATURE_STAFF(3.1),CHL,EXP,ISCED11_1T8,_T,INST_EDU_PRIV_GOV,CUR_LC,Q,USD_PPP,NATURE,2022,5824.26674965402,A,6,0,2020,Y7
OECD.EDU.IMEP:DSD_EAG_UOE_FIN@DF_UOE_FIN_NATURE_STAFF(3.1),SVN,EXP,ISCED11_1T8,_T,INST_EDU_PRIV_GOV,CUR_LC,Q,USD_PPP,NATURE,2018,9.45945866432856,A,6,0,2020,Y7
OECD.EDU.IMEP:DSD_EAG_UOE_FIN@DF_UOE_FIN_NATURE_STAFF(3.1),SVN,EXP,ISCED11_1T8,_T,INST_EDU_PRIV_GOV,CUR_LC,Q,USD_PPP,NATURE,2019,11.1397514298905,A,6,0,2020,Y7
OECD.EDU.IMEP:DSD_EAG_UOE_FIN@DF_UOE_FIN_NATURE_STAFF(3.1),SVN,EXP,ISCED11_1T8,_T,INST_EDU_PRIV_GOV,CUR_LC,Q,USD_PPP,NATURE,2020,103.813246232553,A,6,0,2020,Y7
OECD.EDU.IMEP:DSD_EAG_UOE_FIN@DF_UOE_FIN_NATURE_STAFF(3.1),SVN,EXP,ISCED11_1T8,_T,INST_EDU_PRIV_GOV,CUR_LC,Q,USD_PPP,NATURE,2021,50.9606239393685,A,6,0,2020,Y7
OECD.EDU.IMEP:DSD_EAG_UOE_FIN@DF_UOE_FIN_NATURE_STAFF(3.1),SVN,EXP,ISCED11_1T8,_T,INST_EDU_PRIV_GOV,CUR_LC,Q,USD_PPP,NATURE,2022,51.4347841733164,A,6,0,2020,Y7
OECD.EDU.IMEP:DSD_EAG_UOE_FIN@DF_UOE_FIN_NATURE_STAFF(3.1),EST,EXP,ISCED11_1T8,_T,INST_EDU_PRIV_GOV,CUR_LC,Q,USD_PPP,NATURE,2015,279.117537194214,A,6,0,2020,Y7
OECD.EDU.IMEP:DSD_EAG_UOE_FIN@DF_UOE_FIN_NATURE_STAFF(3.1),EST,EXP,ISCED11_1T8,_T,INST_EDU_PRIV_GOV,CUR_LC,Q,USD_PPP,NATURE,2016,273.599515142588,A,6,0,2020,Y7
OECD.EDU.IMEP:DSD_EAG_UOE_FIN@DF_UOE_FIN_NATURE_STAFF(3.1),EST,EXP,ISCED11_1T8,_T,INST_EDU_PRIV_GOV,CUR_LC,Q,USD_PPP,NATURE,2017,26.9082724647744,A,6,0,2020,Y7
OECD.EDU.IMEP:DSD_EAG_UOE_FIN@DF_UOE_FIN_NATURE_STAFF(3.1),EST,EXP,ISCED11_1T8,_T,INST_EDU_PRIV_GOV,CUR_LC,Q,USD_PPP,NATURE,2018,31.4747194206033,A,6,0,2020,Y7
OECD.EDU.IMEP:DSD_EAG_UOE_FIN@DF_UOE_FIN_NATURE_STAFF(3.1),EST,EXP,ISCED11_1T8,_T,INST_EDU_PRIV_GOV,CUR_LC,Q,USD_PPP,NATURE,2019,42.3995465007356,A,6,0,2020,Y7
OECD.EDU.IMEP:DSD_EAG_UOE_FIN@DF_UOE_FIN_NATURE_STAFF(3.1),EST,EXP,ISCED11_1T8,_T,INST_EDU_PRIV_GOV,CUR_LC,Q,USD_PPP,NATURE,2020,42.6259991226742,A,6,0,2020,Y7
OECD.EDU.IMEP:DSD_EAG_UOE_FIN@DF_UOE_FIN_NATURE_STAFF(3.1),EST,EXP,ISCED11_1T8,_T,INST_EDU_PRIV_GOV,CUR_LC,Q,USD_PPP,NATURE,2021,45.3212198483351,A,6,0,2020,Y7
OECD.EDU.IMEP:DSD_EAG_UOE_FIN@DF_UOE_FIN_NATURE_STAFF(3.1),KOR,EXP,ISCED11_1T8,_T,INST_EDU_PRIV_GOV,CUR_LC,Q,USD_PPP,NATURE,2015,7638.52911030047,A,6,0,2020,Y7
OECD.EDU.IMEP:DSD_EAG_UOE_FIN@DF_UOE_FIN_NATURE_STAFF(3.1),KOR,EXP,ISCED11_1T8,_T,INST_EDU_PRIV_GOV,CUR_LC,Q,USD_PPP,NATURE,2016,7613.72224312892,A,6,0,2020,Y7
OECD.EDU.IMEP:DSD_EAG_UOE_FIN@DF_UOE_FIN_NATURE_STAFF(3.1),KOR,EXP,ISCED11_1T8,_T,INST_EDU_PRIV_GOV,CUR_LC,Q,USD_PPP,NATURE,2017,7611.99001233795,A,6,0,2020,Y7
OECD.EDU.IMEP:DSD_EAG_UOE_FIN@DF_UOE_FIN_NATURE_STAFF(3.1),KOR,EXP,ISCED11_1T8,_T,INST_EDU_PRIV_GOV,CUR_LC,Q,USD_PPP,NATURE,2018,7722.51395428316,A,6,0,2020,Y7
OECD.EDU.IMEP:DSD_EAG_UOE_FIN@DF_UOE_FIN_NATURE_STAFF(3.1),KOR,EXP,ISCED11_1T8,_T,INST_EDU_PRIV_GOV,CUR_LC,Q,USD_PPP,NATURE,2019,7895.17509238057,A,6,0,2020,Y7
OECD.EDU.IMEP:DSD_EAG_UOE_FIN@DF_UOE_FIN_NATURE_STAFF(3.1),KOR,EXP,ISCED11_1T8,_T,INST_EDU_PRIV_GOV,CUR_LC,Q,USD_PPP,NATURE,2020,7690.2797131593,A,6,0,2020,Y7
OECD.EDU.IMEP:DSD_EAG_UOE_FIN@DF_UOE_FIN_NATURE_STAFF(3.1),KOR,EXP,ISCED11_1T8,_T,INST_EDU_PRIV_GOV,CUR_LC,Q,USD_PPP,NATURE,2021,7499.7335660513,A,6,0,2020,Y7
OECD.EDU.IMEP:DSD_EAG_UOE_FIN@DF_UOE_FIN_NATURE_STAFF(3.1),KOR,EXP,ISCED11_1T8,_T,INST_EDU_PRIV_GOV,CUR_LC,Q,USD_PPP,NATURE,2022,7420.53218727117,A,6,0,2020,Y7
OECD.EDU.IMEP:DSD_EAG_UOE_FIN@DF_UOE_FIN_NATURE_STAFF(3.1),CAN,EXP,ISCED11_1T8,_T,INST_EDU_PRIV_GOV,CUR_LC,Q,USD_PPP,NATURE,2015,511.277294536687,A,6,0,2020,Y7
OECD.EDU.IMEP:DSD_EAG_UOE_FIN@DF_UOE_FIN_NATURE_STAFF(3.1),CAN,EXP,ISCED11_1T8,_T,INST_EDU_PRIV_GOV,CUR_LC,Q,USD_PPP,NATURE,2016,509.937932779632,A,6,0,2020,Y7
OECD.EDU.IMEP:DSD_EAG_UOE_FIN@DF_UOE_FIN_NATURE_STAFF(3.1),CAN,EXP,ISCED11_1T8,_T,INST_EDU_PRIV_GOV,CUR_LC,Q,USD_PPP,NATURE,2017,510.817769643793,A,6,0,2020,Y7
OECD.EDU.IMEP:DSD_EAG_UOE_FIN@DF_UOE_FIN_NATURE_STAFF(3.1),CAN,EXP,ISCED11_1T8,_T,INST_EDU_PRIV_GOV,CUR_LC,Q,USD_PPP,NATURE,2018,522.301124097808,A,6,0,2020,Y7
OECD.EDU.IMEP:DSD_EAG_UOE_FIN@DF_UOE_FIN_NATURE_STAFF(3.1),CAN,EXP,ISCED11_1T8,_T,INST_EDU_PRIV_GOV,CUR_LC,Q,USD_PPP,NATURE,2019,645.406864807616,A,6,0,2020,Y7
OECD.EDU.IMEP:DSD_EAG_UOE_FIN@DF_UOE_FIN_NATURE_STAFF(3.1),CAN,EXP,ISCED11_1T8,_T,INST_EDU_PRIV_GOV,CUR_LC,Q,USD_PPP,NATURE,2020,666.893014748408,A,6,0,2020,Y7
OECD.EDU.IMEP:DSD_EAG_UOE_FIN@DF_UOE_FIN_NATURE_STAFF(3.1),CAN,EXP,ISCED11_1T8,_T,INST_EDU_PRIV_GOV,CUR_LC,Q,USD_PPP,NATURE,2021,627.12938240321,A,6,0,2020,Y7
OECD.EDU.IMEP:DSD_EAG_UOE_FIN@DF_UOE_FIN_NATURE_STAFF(3.1),CAN,EXP,ISCED11_1T8,_T,INST_EDU_PRIV_GOV,CUR_LC,Q,USD_PPP,NATURE,2022,664.727407973761,A,6,0,2020,Y7
OECD.EDU.IMEP:DSD_EAG_UOE_FIN@DF_UOE_FIN_NATURE_STAFF(3.1),LVA,EXP,ISCED11_1T8,_T,INST_EDU_PRIV_GOV,CUR_LC,Q,USD_PPP,NATURE,2015,282.550359882175,A,6,0,2020,Y7
OECD.EDU.IMEP:DSD_EAG_UOE_FIN@DF_UOE_FIN_NATURE_STAFF(3.1),LVA,EXP,ISCED11_1T8,_T,INST_EDU_PRIV_GOV,CUR_LC,Q,USD_PPP,NATURE,2016,276.730814840179,A,6,0,2020,Y7
OECD.EDU.IMEP:DSD_EAG_UOE_FIN@DF_UOE_FIN_NATURE_STAFF(3.1),LVA,EXP,ISCED11_1T8,_T,INST_EDU_PRIV_GOV,CUR_LC,Q,USD_PPP,NATURE,2017,248.901758532263,A,6,0,2020,Y7
OECD.EDU.IMEP:DSD_EAG_UOE_FIN@DF_UOE_FIN_NATURE_STAFF(3.1),LVA,EXP,ISCED11_1T8,_T,INST_EDU_PRIV_GOV,CUR_LC,Q,USD_PPP,NATURE,2018,265.094986299588,A,6,0,2020,Y7
OECD.EDU.IMEP:DSD_EAG_UOE_FIN@DF_UOE_FIN_NATURE_STAFF(3.1),LVA,EXP,ISCED11_1T8,_T,INST_EDU_PRIV_GOV,CUR_LC,Q,USD_PPP,NATURE,2019,310.176406192042,A,6,0,2020,Y7
OECD.EDU.IMEP:DSD_EAG_UOE_FIN@DF_UOE_FIN_NATURE_STAFF(3.1),LVA,EXP,ISCED11_1T8,_T,INST_EDU_PRIV_GOV,CUR_LC,Q,USD_PPP,NATURE,2020,341.337604435474,A,6,0,2020,Y7
OECD.EDU.IMEP:DSD_EAG_UOE_FIN@DF_UOE_FIN_NATURE_STAFF(3.1),LVA,EXP,ISCED11_1T8,_T,INST_EDU_PRIV_GOV,CUR_LC,Q,USD_PPP,NATURE,2021,332.218924965007,A,6,0,2020,Y7
OECD.EDU.IMEP:DSD_EAG_UOE_FIN@DF_UOE_FIN_NATURE_STAFF(3.1),LVA,EXP,ISCED11_1T8,_T,INST_EDU_PRIV_GOV,CUR_LC,Q,USD_PPP,NATURE,2022,315.854759355744,A,6,0,2020,Y7
OECD.EDU.IMEP:DSD_EAG_UOE_FIN@DF_UOE_FIN_NATURE_STAFF(3.1),NOR,EXP,ISCED11_1T8,_T,INST_EDU_PRIV_GOV,CUR_LC,Q,USD_PPP,NATURE,2015,60.8775998266618,A,6,0,2020,Y7
OECD.EDU.IMEP:DSD_EAG_UOE_FIN@DF_UOE_FIN_NATURE_STAFF(3.1),NOR,EXP,ISCED11_1T8,_T,INST_EDU_PRIV_GOV,CUR_LC,Q,USD_PPP,NATURE,2019,73.0822715346677,A,6,0,2020,Y7
OECD.EDU.IMEP:DSD_EAG_UOE_FIN@DF_UOE_FIN_NATURE_STAFF(3.1),NOR,EXP,ISCED11_1T8,_T,INST_EDU_PRIV_GOV,CUR_LC,Q,USD_PPP,NATURE,2020,90.6031471193506,A,6,0,2020,Y7
OECD.EDU.IMEP:DSD_EAG_UOE_FIN@DF_UOE_FIN_NATURE_STAFF(3.1),CZE,EXP,ISCED11_1T8,_T,INST_EDU_PRIV_GOV,CUR_LC,Q,USD_PPP,NATURE,2015,299.633038630067,A,6,0,2020,Y7
OECD.EDU.IMEP:DSD_EAG_UOE_FIN@DF_UOE_FIN_NATURE_STAFF(3.1),CZE,EXP,ISCED11_1T8,_T,INST_EDU_PRIV_GOV,CUR_LC,Q,USD_PPP,NATURE,2016,313.845092024278,A,6,0,2020,Y7
OECD.EDU.IMEP:DSD_EAG_UOE_FIN@DF_UOE_FIN_NATURE_STAFF(3.1),CZE,EXP,ISCED11_1T8,_T,INST_EDU_PRIV_GOV,CUR_LC,Q,USD_PPP,NATURE,2017,343.896761502706,A,6,0,2020,Y7
OECD.EDU.IMEP:DSD_EAG_UOE_FIN@DF_UOE_FIN_NATURE_STAFF(3.1),CZE,EXP,ISCED11_1T8,_T,INST_EDU_PRIV_GOV,CUR_LC,Q,USD_PPP,NATURE,2018,385.236683466523,A,6,0,2020,Y7
OECD.EDU.IMEP:DSD_EAG_UOE_FIN@DF_UOE_FIN_NATURE_STAFF(3.1),CZE,EXP,ISCED11_1T8,_T,INST_EDU_PRIV_GOV,CUR_LC,Q,USD_PPP,NATURE,2019,422.8728446579,A,6,0,2020,Y7
OECD.EDU.IMEP:DSD_EAG_UOE_FIN@DF_UOE_FIN_NATURE_STAFF(3.1),CZE,EXP,ISCED11_1T8,_T,INST_EDU_PRIV_GOV,CUR_LC,Q,USD_PPP,NATURE,2020,457.516118781587,A,6,0,2020,Y7
OECD.EDU.IMEP:DSD_EAG_UOE_FIN@DF_UOE_FIN_NATURE_STAFF(3.1),CZE,EXP,ISCED11_1T8,_T,INST_EDU_PRIV_GOV,CUR_LC,Q,USD_PPP,NATURE,2021,510.09533902892,A,6,0,2020,Y7
OECD.EDU.IMEP:DSD_EAG_UOE_FIN@DF_UOE_FIN_NATURE_STAFF(3.1),CZE,EXP,ISCED11_1T8,_T,INST_EDU_PRIV_GOV,CUR_LC,Q,USD_PPP,NATURE,2022,537.518593393064,A,6,0,2020,Y7
OECD.EDU.IMEP:DSD_EAG_UOE_FIN@DF_UOE_FIN_NATURE_STAFF(3.1),CRI,EXP,ISCED11_1T8,_T,INST_EDU_PUB,CUR_RET,Q,USD_PPP,NATURE,2023,409.295261359452,A,6,0,2020,X8
OECD.EDU.IMEP:DSD_EAG_UOE_FIN@DF_UOE_FIN_NATURE_STAFF(3.1),AUT,EXP,ISCED11_1T8,_T,INST_EDU_PUB,CUR_RET,Q,USD_PPP,NATURE,2016,691.44257149759,A,6,0,2020,X8
OECD.EDU.IMEP:DSD_EAG_UOE_FIN@DF_UOE_FIN_NATURE_STAFF(3.1),CAN,EXP,ISCED11_1T8,_T,INST_EDU_PUB,CUR_RET,Q,USD_PPP,NATURE,2016,3573.75977903944,A,6,0,2020,X8
OECD.EDU.IMEP:DSD_EAG_UOE_FIN@DF_UOE_FIN_NATURE_STAFF(3.1),CHL,EXP,ISCED11_1T8,_T,INST_EDU_PUB,CUR_RET,Q,USD_PPP,NATURE,2016,397.219815425457,A,6,0,2020,X8
OECD.EDU.IMEP:DSD_EAG_UOE_FIN@DF_UOE_FIN_NATURE_STAFF(3.1),CZE,EXP,ISCED11_1T8,_T,INST_EDU_PUB,CUR_RET,Q,USD_PPP,NATURE,2016,1324.9629782968,A,6,0,2020,X8
OECD.EDU.IMEP:DSD_EAG_UOE_FIN@DF_UOE_FIN_NATURE_STAFF(3.1),EST,EXP,ISCED11_1T8,_T,INST_EDU_PUB,CUR_RET,Q,USD_PPP,NATURE,2016,143.159018864675,A,6,0,2020,X8
OECD.EDU.IMEP:DSD_EAG_UOE_FIN@DF_UOE_FIN_NATURE_STAFF(3.1),FIN,EXP,ISCED11_1T8,_T,INST_EDU_PUB,CUR_RET,Q,USD_PPP,NATURE,2016,1206.50843981121,A,6,0,2020,X8
OECD.EDU.IMEP:DSD_EAG_UOE_FIN@DF_UOE_FIN_NATURE_STAFF(3.1),DEU,EXP,ISCED11_1T8,_T,INST_EDU_PUB,CUR_RET,Q,USD_PPP,NATURE,2016,18192.7813842658,A,6,0,2020,X8
OECD.EDU.IMEP:DSD_EAG_UOE_FIN@DF_UOE_FIN_NATURE_STAFF(3.1),GRC,EXP,ISCED11_1T8,_T,INST_EDU_PUB,CUR_RET,Q,USD_PPP,NATURE,2016,2698.18276033406,A,6,0,2020,X8
OECD.EDU.IMEP:DSD_EAG_UOE_FIN@DF_UOE_FIN_NATURE_STAFF(3.1),HUN,EXP,ISCED11_1T8,_T,INST_EDU_PUB,CUR_RET,Q,USD_PPP,NATURE,2016,1272.06460020481,A,6,0,2020,X8
OECD.EDU.IMEP:DSD_EAG_UOE_FIN@DF_UOE_FIN_NATURE_STAFF(3.1),KOR,EXP,ISCED11_1T8,_T,INST_EDU_PUB,CUR_RET,Q,USD_PPP,NATURE,2016,4245.76107097338,A,6,0,2020,X8
OECD.EDU.IMEP:DSD_EAG_UOE_FIN@DF_UOE_FIN_NATURE_STAFF(3.1),LVA,EXP,ISCED11_1T8,_T,INST_EDU_PUB,CUR_RET,Q,USD_PPP,NATURE,2016,230.109696473512,A,6,0,2020,X8
OECD.EDU.IMEP:DSD_EAG_UOE_FIN@DF_UOE_FIN_NATURE_STAFF(3.1),LTU,EXP,ISCED11_1T8,_T,INST_EDU_PUB,CUR_RET,Q,USD_PPP,NATURE,2016,134.839998572997,A,6,0,2020,X8
OECD.EDU.IMEP:DSD_EAG_UOE_FIN@DF_UOE_FIN_NATURE_STAFF(3.1),LUX,EXP,ISCED11_1T8,_T,INST_EDU_PUB,CUR_RET,Q,USD_PPP,NATURE,2016,108.387205141006,A,6,0,2020,X8
OECD.EDU.IMEP:DSD_EAG_UOE_FIN@DF_UOE_FIN_NATURE_STAFF(3.1),POL,EXP,ISCED11_1T8,_T,INST_EDU_PUB,CUR_RET,Q,USD_PPP,NATURE,2016,4713.60310934392,A,6,0,2020,X8
OECD.EDU.IMEP:DSD_EAG_UOE_FIN@DF_UOE_FIN_NATURE_STAFF(3.1),PRT,EXP,ISCED11_1T8,_T,INST_EDU_PUB,CUR_RET,Q,USD_PPP,NATURE,2016,486.380379879744,A,6,0,2020,X8
OECD.EDU.IMEP:DSD_EAG_UOE_FIN@DF_UOE_FIN_NATURE_STAFF(3.1),SVK,EXP,ISCED11_1T8,_T,INST_EDU_PUB,CUR_RET,Q,USD_PPP,NATURE,2016,412.594471085994,A,6,0,2020,X8
OECD.EDU.IMEP:DSD_EAG_UOE_FIN@DF_UOE_FIN_NATURE_STAFF(3.1),SVN,EXP,ISCED11_1T8,_T,INST_EDU_PUB,CUR_RET,Q,USD_PPP,NATURE,2016,180.667833863181,A,6,0,2020,X8
OECD.EDU.IMEP:DSD_EAG_UOE_FIN@DF_UOE_FIN_NATURE_STAFF(3.1),SWE,EXP,ISCED11_1T8,_T,INST_EDU_PUB,CUR_RET,Q,USD_PPP,NATURE,2016,2524.65413963512,A,6,0,2020,X8
OECD.EDU.IMEP:DSD_EAG_UOE_FIN@DF_UOE_FIN_NATURE_STAFF(3.1),AUS,EXP,ISCED11_1T8,_T,INST_EDU_PUB,CUR_RET,Q,USD_PPP,NATURE,2021,3970.55764469443,A,6,0,2020,X8
OECD.EDU.IMEP:DSD_EAG_UOE_FIN@DF_UOE_FIN_NATURE_STAFF(3.1),AUT,EXP,ISCED11_1T8,_T,INST_EDU_PUB,CUR_RET,Q,USD_PPP,NATURE,2021,417.418983095126,A,6,0,2020,X8
OECD.EDU.IMEP:DSD_EAG_UOE_FIN@DF_UOE_FIN_NATURE_STAFF(3.1),CAN,EXP,ISCED11_1T8,_T,INST_EDU_PUB,CUR_RET,Q,USD_PPP,NATURE,2021,2978.71087361579,A,6,0,2020,X8
OECD.EDU.IMEP:DSD_EAG_UOE_FIN@DF_UOE_FIN_NATURE_STAFF(3.1),CHL,EXP,ISCED11_1T8,_T,INST_EDU_PUB,CUR_RET,Q,USD_PPP,NATURE,2021,506.975538960281,A,6,0,2020,X8
OECD.EDU.IMEP:DSD_EAG_UOE_FIN@DF_UOE_FIN_NATURE_STAFF(3.1),CZE,EXP,ISCED11_1T8,_T,INST_EDU_PUB,CUR_RET,Q,USD_PPP,NATURE,2021,1972.26105322846,A,6,0,2020,X8
OECD.EDU.IMEP:DSD_EAG_UOE_FIN@DF_UOE_FIN_NATURE_STAFF(3.1),EST,EXP,ISCED11_1T8,_T,INST_EDU_PUB,CUR_RET,Q,USD_PPP,NATURE,2021,233.981573322017,A,6,0,2020,X8
OECD.EDU.IMEP:DSD_EAG_UOE_FIN@DF_UOE_FIN_NATURE_STAFF(3.1),FIN,EXP,ISCED11_1T8,_T,INST_EDU_PUB,CUR_RET,Q,USD_PPP,NATURE,2021,1142.58823850441,A,6,0,2020,X8
OECD.EDU.IMEP:DSD_EAG_UOE_FIN@DF_UOE_FIN_NATURE_STAFF(3.1),HUN,EXP,ISCED11_1T8,_T,INST_EDU_PUB,CUR_RET,Q,USD_PPP,NATURE,2021,679.330979851201,A,6,0,2020,X8
OECD.EDU.IMEP:DSD_EAG_UOE_FIN@DF_UOE_FIN_NATURE_STAFF(3.1),IRL,EXP,ISCED11_1T8,_T,INST_EDU_PUB,CUR_RET,Q,USD_PPP,NATURE,2021,354.507342318339,A,6,0,2020,X8
OECD.EDU.IMEP:DSD_EAG_UOE_FIN@DF_UOE_FIN_NATURE_STAFF(3.1),ITA,EXP,ISCED11_1T8,_T,INST_EDU_PUB,CUR_RET,Q,USD_PPP,NATURE,2021,3464.09309920502,A,6,0,2020,X8
OECD.EDU.IMEP:DSD_EAG_UOE_FIN@DF_UOE_FIN_NATURE_STAFF(3.1),KOR,EXP,ISCED11_1T8,_T,INST_EDU_PUB,CUR_RET,Q,USD_PPP,NATURE,2021,5067.41976479732,A,6,0,2020,X8
OECD.EDU.IMEP:DSD_EAG_UOE_FIN@DF_UOE_FIN_NATURE_STAFF(3.1),LVA,EXP,ISCED11_1T8,_T,INST_EDU_PUB,CUR_RET,Q,USD_PPP,NATURE,2021,239.114693311878,A,6,0,2020,X8
OECD.EDU.IMEP:DSD_EAG_UOE_FIN@DF_UOE_FIN_NATURE_STAFF(3.1),LUX,EXP,ISCED11_1T8,_T,INST_EDU_PUB,CUR_RET,Q,USD_PPP,NATURE,2021,126.918741144935,A,6,0,2020,X8
OECD.EDU.IMEP:DSD_EAG_UOE_FIN@DF_UOE_FIN_NATURE_STAFF(3.1),MEX,EXP,ISCED11_1T8,_T,INST_EDU_PUB,CUR_RET,Q,USD_PPP,NATURE,2021,1528.11182523016,A,6,0,2020,X8
OECD.EDU.IMEP:DSD_EAG_UOE_FIN@DF_UOE_FIN_NATURE_STAFF(3.1),NOR,EXP,ISCED11_1T8,_T,INST_EDU_PUB,CUR_RET,Q,USD_PPP,NATURE,2021,2578.0147374776,A,6,0,2020,X8
OECD.EDU.IMEP:DSD_EAG_UOE_FIN@DF_UOE_FIN_NATURE_STAFF(3.1),POL,EXP,ISCED11_1T8,_T,INST_EDU_PUB,CUR_RET,Q,USD_PPP,NATURE,2021,5508.21780947989,A,6,0,2020,X8
OECD.EDU.IMEP:DSD_EAG_UOE_FIN@DF_UOE_FIN_NATURE_STAFF(3.1),SVK,EXP,ISCED11_1T8,_T,INST_EDU_PUB,CUR_RET,Q,USD_PPP,NATURE,2021,535.133643591677,A,6,0,2020,X8
OECD.EDU.IMEP:DSD_EAG_UOE_FIN@DF_UOE_FIN_NATURE_STAFF(3.1),SVN,EXP,ISCED11_1T8,_T,INST_EDU_PUB,CUR_RET,Q,USD_PPP,NATURE,2021,257.267217611964,A,6,0,2020,X8
OECD.EDU.IMEP:DSD_EAG_UOE_FIN@DF_UOE_FIN_NATURE_STAFF(3.1),SWE,EXP,ISCED11_1T8,_T,INST_EDU_PUB,CUR_RET,Q,USD_PPP,NATURE,2021,2960.19609422758,A,6,0,2020,X8
OECD.EDU.IMEP:DSD_EAG_UOE_FIN@DF_UOE_FIN_NATURE_STAFF(3.1),AUT,EXP,ISCED11_1T8,_T,INST_EDU_PUB,CUR_RET,Q,USD_PPP,NATURE,2019,524.920468762419,A,6,0,2020,X8
OECD.EDU.IMEP:DSD_EAG_UOE_FIN@DF_UOE_FIN_NATURE_STAFF(3.1),CAN,EXP,ISCED11_1T8,_T,INST_EDU_PUB,CUR_RET,Q,USD_PPP,NATURE,2019,3485.78043841669,A,6,0,2020,X8
OECD.EDU.IMEP:DSD_EAG_UOE_FIN@DF_UOE_FIN_NATURE_STAFF(3.1),CRI,EXP,ISCED11_1T8,_T,INST_EDU_PUB,CUR_RET,Q,USD_PPP,NATURE,2019,132.699803883387,A,6,0,2020,X8
OECD.EDU.IMEP:DSD_EAG_UOE_FIN@DF_UOE_FIN_NATURE_STAFF(3.1),CZE,EXP,ISCED11_1T8,_T,INST_EDU_PUB,CUR_RET,Q,USD_PPP,NATURE,2019,1765.30634544187,A,6,0,2020,X8
OECD.EDU.IMEP:DSD_EAG_UOE_FIN@DF_UOE_FIN_NATURE_STAFF(3.1),EST,EXP,ISCED11_1T8,_T,INST_EDU_PUB,CUR_RET,Q,USD_PPP,NATURE,2019,223.312882914326,A,6,0,2020,X8
OECD.EDU.IMEP:DSD_EAG_UOE_FIN@DF_UOE_FIN_NATURE_STAFF(3.1),FIN,EXP,ISCED11_1T8,_T,INST_EDU_PUB,CUR_RET,Q,USD_PPP,NATURE,2019,1141.04796816404,A,6,0,2020,X8
OECD.EDU.IMEP:DSD_EAG_UOE_FIN@DF_UOE_FIN_NATURE_STAFF(3.1),GRC,EXP,ISCED11_1T8,_T,INST_EDU_PUB,CUR_RET,Q,USD_PPP,NATURE,2019,2576.46288998173,A,6,0,2020,X8
OECD.EDU.IMEP:DSD_EAG_UOE_FIN@DF_UOE_FIN_NATURE_STAFF(3.1),HUN,EXP,ISCED11_1T8,_T,INST_EDU_PUB,CUR_RET,Q,USD_PPP,NATURE,2019,921.4986035683,A,6,0,2020,X8
OECD.EDU.IMEP:DSD_EAG_UOE_FIN@DF_UOE_FIN_NATURE_STAFF(3.1),IRL,EXP,ISCED11_1T8,_T,INST_EDU_PUB,CUR_RET,Q,USD_PPP,NATURE,2019,481.503208958934,A,6,0,2020,X8
OECD.EDU.IMEP:DSD_EAG_UOE_FIN@DF_UOE_FIN_NATURE_STAFF(3.1),ITA,EXP,ISCED11_1T8,_T,INST_EDU_PUB,CUR_RET,Q,USD_PPP,NATURE,2019,3336.73988876154,A,6,0,2020,X8
OECD.EDU.IMEP:DSD_EAG_UOE_FIN@DF_UOE_FIN_NATURE_STAFF(3.1),KOR,EXP,ISCED11_1T8,_T,INST_EDU_PUB,CUR_RET,Q,USD_PPP,NATURE,2019,4753.16267269553,A,6,0,2020,X8
OECD.EDU.IMEP:DSD_EAG_UOE_FIN@DF_UOE_FIN_NATURE_STAFF(3.1),LVA,EXP,ISCED11_1T8,_T,INST_EDU_PUB,CUR_RET,Q,USD_PPP,NATURE,2019,228.599881188485,A,6,0,2020,X8
OECD.EDU.IMEP:DSD_EAG_UOE_FIN@DF_UOE_FIN_NATURE_STAFF(3.1),LUX,EXP,ISCED11_1T8,_T,INST_EDU_PUB,CUR_RET,Q,USD_PPP,NATURE,2019,118.867480180591,A,6,0,2020,X8
OECD.EDU.IMEP:DSD_EAG_UOE_FIN@DF_UOE_FIN_NATURE_STAFF(3.1),MEX,EXP,ISCED11_1T8,_T,INST_EDU_PUB,CUR_RET,Q,USD_PPP,NATURE,2019,1580.24034533887,A,6,0,2020,X8
OECD.EDU.IMEP:DSD_EAG_UOE_FIN@DF_UOE_FIN_NATURE_STAFF(3.1),NOR,EXP,ISCED11_1T8,_T,INST_EDU_PUB,CUR_RET,Q,USD_PPP,NATURE,2019,2824.11691557365,A,6,0,2020,X8
OECD.EDU.IMEP:DSD_EAG_UOE_FIN@DF_UOE_FIN_NATURE_STAFF(3.1),POL,EXP,ISCED11_1T8,_T,INST_EDU_PUB,CUR_RET,Q,USD_PPP,NATURE,2019,5226.14867243642,A,6,0,2020,X8
OECD.EDU.IMEP:DSD_EAG_UOE_FIN@DF_UOE_FIN_NATURE_STAFF(3.1),SVK,EXP,ISCED11_1T8,_T,INST_EDU_PUB,CUR_RET,Q,USD_PPP,NATURE,2019,484.362081848349,A,6,0,2020,X8
OECD.EDU.IMEP:DSD_EAG_UOE_FIN@DF_UOE_FIN_NATURE_STAFF(3.1),SVN,EXP,ISCED11_1T8,_T,INST_EDU_PUB,CUR_RET,Q,USD_PPP,NATURE,2019,223.721020890862,A,6,0,2020,X8
OECD.EDU.IMEP:DSD_EAG_UOE_FIN@DF_UOE_FIN_NATURE_STAFF(3.1),SWE,EXP,ISCED11_1T8,_T,INST_EDU_PUB,CUR_RET,Q,USD_PPP,NATURE,2019,2817.42571212929,A,6,0,2020,X8
OECD.EDU.IMEP:DSD_EAG_UOE_FIN@DF_UOE_FIN_NATURE_STAFF(3.1),AUT,EXP,ISCED11_1T8,_T,INST_EDU_PUB,CUR_RET,Q,USD_PPP,NATURE,2015,717.875196395442,A,6,0,2020,X8
OECD.EDU.IMEP:DSD_EAG_UOE_FIN@DF_UOE_FIN_NATURE_STAFF(3.1),CAN,EXP,ISCED11_1T8,_T,INST_EDU_PUB,CUR_RET,Q,USD_PPP,NATURE,2015,3509.6567052201,A,6,0,2020,X8
OECD.EDU.IMEP:DSD_EAG_UOE_FIN@DF_UOE_FIN_NATURE_STAFF(3.1),CZE,EXP,ISCED11_1T8,_T,INST_EDU_PUB,CUR_RET,Q,USD_PPP,NATURE,2015,1269.26386041506,A,6,0,2020,X8
OECD.EDU.IMEP:DSD_EAG_UOE_FIN@DF_UOE_FIN_NATURE_STAFF(3.1),EST,EXP,ISCED11_1T8,_T,INST_EDU_PUB,CUR_RET,Q,USD_PPP,NATURE,2015,136.27954418605,A,6,0,2020,X8
OECD.EDU.IMEP:DSD_EAG_UOE_FIN@DF_UOE_FIN_NATURE_STAFF(3.1),FIN,EXP,ISCED11_1T8,_T,INST_EDU_PUB,CUR_RET,Q,USD_PPP,NATURE,2015,1300.09923251993,A,6,0,2020,X8
OECD.EDU.IMEP:DSD_EAG_UOE_FIN@DF_UOE_FIN_NATURE_STAFF(3.1),DEU,EXP,ISCED11_1T8,_T,INST_EDU_PUB,CUR_RET,Q,USD_PPP,NATURE,2015,17786.4359545085,A,6,0,2020,X8
OECD.EDU.IMEP:DSD_EAG_UOE_FIN@DF_UOE_FIN_NATURE_STAFF(3.1),GRC,EXP,ISCED11_1T8,_T,INST_EDU_PUB,CUR_RET,Q,USD_PPP,NATURE,2015,2684.48702446896,A,6,0,2020,X8
OECD.EDU.IMEP:DSD_EAG_UOE_FIN@DF_UOE_FIN_NATURE_STAFF(3.1),HUN,EXP,ISCED11_1T8,_T,INST_EDU_PUB,CUR_RET,Q,USD_PPP,NATURE,2015,1255.37606909451,A,6,0,2020,X8
OECD.EDU.IMEP:DSD_EAG_UOE_FIN@DF_UOE_FIN_NATURE_STAFF(3.1),IRL,EXP,ISCED11_1T8,_T,INST_EDU_PUB,CUR_RET,Q,USD_PPP,NATURE,2015,370.15551860984,A,6,0,2020,X8
OECD.EDU.IMEP:DSD_EAG_UOE_FIN@DF_UOE_FIN_NATURE_STAFF(3.1),KOR,EXP,ISCED11_1T8,_T,INST_EDU_PUB,CUR_RET,Q,USD_PPP,NATURE,2015,4665.50731645463,A,6,0,2020,X8
OECD.EDU.IMEP:DSD_EAG_UOE_FIN@DF_UOE_FIN_NATURE_STAFF(3.1),LVA,EXP,ISCED11_1T8,_T,INST_EDU_PUB,CUR_RET,Q,USD_PPP,NATURE,2015,216.283074723559,A,6,0,2020,X8
OECD.EDU.IMEP:DSD_EAG_UOE_FIN@DF_UOE_FIN_NATURE_STAFF(3.1),LTU,EXP,ISCED11_1T8,_T,INST_EDU_PUB,CUR_RET,Q,USD_PPP,NATURE,2015,134.785752260985,A,6,0,2020,X8
OECD.EDU.IMEP:DSD_EAG_UOE_FIN@DF_UOE_FIN_NATURE_STAFF(3.1),LUX,EXP,ISCED11_1T8,_T,INST_EDU_PUB,CUR_RET,Q,USD_PPP,NATURE,2015,115.070364378343,A,6,0,2020,X8
OECD.EDU.IMEP:DSD_EAG_UOE_FIN@DF_UOE_FIN_NATURE_STAFF(3.1),NOR,EXP,ISCED11_1T8,_T,INST_EDU_PUB,CUR_RET,Q,USD_PPP,NATURE,2015,2687.52499422618,A,6,0,2020,X8
OECD.EDU.IMEP:DSD_EAG_UOE_FIN@DF_UOE_FIN_NATURE_STAFF(3.1),POL,EXP,ISCED11_1T8,_T,INST_EDU_PUB,CUR_RET,Q,USD_PPP,NATURE,2015,4782.48861100783,A,6,0,2020,X8
OECD.EDU.IMEP:DSD_EAG_UOE_FIN@DF_UOE_FIN_NATURE_STAFF(3.1),SVK,EXP,ISCED11_1T8,_T,INST_EDU_PUB,CUR_RET,Q,USD_PPP,NATURE,2015,388.748984490061,A,6,0,2020,X8
OECD.EDU.IMEP:DSD_EAG_UOE_FIN@DF_UOE_FIN_NATURE_STAFF(3.1),SVN,EXP,ISCED11_1T8,_T,INST_EDU_PUB,CUR_RET,Q,USD_PPP,NATURE,2015,174.63633202511,A,6,0,2020,X8
OECD.EDU.IMEP:DSD_EAG_UOE_FIN@DF_UOE_FIN_NATURE_STAFF(3.1),SWE,EXP,ISCED11_1T8,_T,INST_EDU_PUB,CUR_RET,Q,USD_PPP,NATURE,2015,2385.29828475095,A,6,0,2020,X8
OECD.EDU.IMEP:DSD_EAG_UOE_FIN@DF_UOE_FIN_NATURE_STAFF(3.1),AUT,EXP,ISCED11_1T8,_T,INST_EDU_PUB,CUR_RET,Q,USD_PPP,NATURE,2017,621.425308685234,A,6,0,2020,X8
OECD.EDU.IMEP:DSD_EAG_UOE_FIN@DF_UOE_FIN_NATURE_STAFF(3.1),CAN,EXP,ISCED11_1T8,_T,INST_EDU_PUB,CUR_RET,Q,USD_PPP,NATURE,2017,3579.92591768357,A,6,0,2020,X8
OECD.EDU.IMEP:DSD_EAG_UOE_FIN@DF_UOE_FIN_NATURE_STAFF(3.1),CHL,EXP,ISCED11_1T8,_T,INST_EDU_PUB,CUR_RET,Q,USD_PPP,NATURE,2017,447.849366246889,A,6,0,2020,X8
OECD.EDU.IMEP:DSD_EAG_UOE_FIN@DF_UOE_FIN_NATURE_STAFF(3.1),CZE,EXP,ISCED11_1T8,_T,INST_EDU_PUB,CUR_RET,Q,USD_PPP,NATURE,2017,1432.47005435205,A,6,0,2020,X8
OECD.EDU.IMEP:DSD_EAG_UOE_FIN@DF_UOE_FIN_NATURE_STAFF(3.1),EST,EXP,ISCED11_1T8,_T,INST_EDU_PUB,CUR_RET,Q,USD_PPP,NATURE,2017,199.504403663671,A,6,0,2020,X8
OECD.EDU.IMEP:DSD_EAG_UOE_FIN@DF_UOE_FIN_NATURE_STAFF(3.1),FIN,EXP,ISCED11_1T8,_T,INST_EDU_PUB,CUR_RET,Q,USD_PPP,NATURE,2017,1129.03744162894,A,6,0,2020,X8
OECD.EDU.IMEP:DSD_EAG_UOE_FIN@DF_UOE_FIN_NATURE_STAFF(3.1),DEU,EXP,ISCED11_1T8,_T,INST_EDU_PUB,CUR_RET,Q,USD_PPP,NATURE,2017,18697.567227208,A,6,0,2020,X8
OECD.EDU.IMEP:DSD_EAG_UOE_FIN@DF_UOE_FIN_NATURE_STAFF(3.1),GRC,EXP,ISCED11_1T8,_T,INST_EDU_PUB,CUR_RET,Q,USD_PPP,NATURE,2017,2656.61441368111,A,6,0,2020,X8
OECD.EDU.IMEP:DSD_EAG_UOE_FIN@DF_UOE_FIN_NATURE_STAFF(3.1),HUN,EXP,ISCED11_1T8,_T,INST_EDU_PUB,CUR_RET,Q,USD_PPP,NATURE,2017,969.143681948668,A,6,0,2020,X8
OECD.EDU.IMEP:DSD_EAG_UOE_FIN@DF_UOE_FIN_NATURE_STAFF(3.1),IRL,EXP,ISCED11_1T8,_T,INST_EDU_PUB,CUR_RET,Q,USD_PPP,NATURE,2017,392.970722737453,A,6,0,2020,X8
OECD.EDU.IMEP:DSD_EAG_UOE_FIN@DF_UOE_FIN_NATURE_STAFF(3.1),ITA,EXP,ISCED11_1T8,_T,INST_EDU_PUB,CUR_RET,Q,USD_PPP,NATURE,2017,14607.934463283,A,6,0,2020,X8
OECD.EDU.IMEP:DSD_EAG_UOE_FIN@DF_UOE_FIN_NATURE_STAFF(3.1),KOR,EXP,ISCED11_1T8,_T,INST_EDU_PUB,CUR_RET,Q,USD_PPP,NATURE,2017,4538.35837055099,A,6,0,2020,X8
OECD.EDU.IMEP:DSD_EAG_UOE_FIN@DF_UOE_FIN_NATURE_STAFF(3.1),LVA,EXP,ISCED11_1T8,_T,INST_EDU_PUB,CUR_RET,Q,USD_PPP,NATURE,2017,235.765876352762,A,6,0,2020,X8
OECD.EDU.IMEP:DSD_EAG_UOE_FIN@DF_UOE_FIN_NATURE_STAFF(3.1),LTU,EXP,ISCED11_1T8,_T,INST_EDU_PUB,CUR_RET,Q,USD_PPP,NATURE,2017,134.400441001326,A,6,0,2020,X8
OECD.EDU.IMEP:DSD_EAG_UOE_FIN@DF_UOE_FIN_NATURE_STAFF(3.1),LUX,EXP,ISCED11_1T8,_T,INST_EDU_PUB,CUR_RET,Q,USD_PPP,NATURE,2017,134.083799588291,A,6,0,2020,X8
OECD.EDU.IMEP:DSD_EAG_UOE_FIN@DF_UOE_FIN_NATURE_STAFF(3.1),MEX,EXP,ISCED11_1T8,_T,INST_EDU_PUB,CUR_RET,Q,USD_PPP,NATURE,2017,1638.7430281964,A,6,0,2020,X8
OECD.EDU.IMEP:DSD_EAG_UOE_FIN@DF_UOE_FIN_NATURE_STAFF(3.1),POL,EXP,ISCED11_1T8,_T,INST_EDU_PUB,CUR_RET,Q,USD_PPP,NATURE,2017,4657.63294389149,A,6,0,2020,X8
OECD.EDU.IMEP:DSD_EAG_UOE_FIN@DF_UOE_FIN_NATURE_STAFF(3.1),PRT,EXP,ISCED11_1T8,_T,INST_EDU_PUB,CUR_RET,Q,USD_PPP,NATURE,2017,490.228982488759,A,6,0,2020,X8
OECD.EDU.IMEP:DSD_EAG_UOE_FIN@DF_UOE_FIN_NATURE_STAFF(3.1),SVK,EXP,ISCED11_1T8,_T,INST_EDU_PUB,CUR_RET,Q,USD_PPP,NATURE,2017,427.48622060126,A,6,0,2020,X8
OECD.EDU.IMEP:DSD_EAG_UOE_FIN@DF_UOE_FIN_NATURE_STAFF(3.1),SVN,EXP,ISCED11_1T8,_T,INST_EDU_PUB,CUR_RET,Q,USD_PPP,NATURE,2017,193.117805472611,A,6,0,2020,X8
OECD.EDU.IMEP:DSD_EAG_UOE_FIN@DF_UOE_FIN_NATURE_STAFF(3.1),SWE,EXP,ISCED11_1T8,_T,INST_EDU_PUB,CUR_RET,Q,USD_PPP,NATURE,2017,2594.04062431324,A,6,0,2020,X8
OECD.EDU.IMEP:DSD_EAG_UOE_FIN@DF_UOE_FIN_NATURE_STAFF(3.1),AUT,EXP,ISCED11_1T8,_T,INST_EDU_PUB,CUR_RET,Q,USD_PPP,NATURE,2022,361.776093317698,A,6,0,2020,X8
OECD.EDU.IMEP:DSD_EAG_UOE_FIN@DF_UOE_FIN_NATURE_STAFF(3.1),CAN,EXP,ISCED11_1T8,_T,INST_EDU_PUB,CUR_RET,Q,USD_PPP,NATURE,2022,3051.86763066516,A,6,0,2020,X8
OECD.EDU.IMEP:DSD_EAG_UOE_FIN@DF_UOE_FIN_NATURE_STAFF(3.1),CHL,EXP,ISCED11_1T8,_T,INST_EDU_PUB,CUR_RET,Q,USD_PPP,NATURE,2022,515.602239847233,A,6,0,2020,X8
OECD.EDU.IMEP:DSD_EAG_UOE_FIN@DF_UOE_FIN_NATURE_STAFF(3.1),CRI,EXP,ISCED11_1T8,_T,INST_EDU_PUB,CUR_RET,Q,USD_PPP,NATURE,2022,431.369760652838,A,6,0,2020,X8
OECD.EDU.IMEP:DSD_EAG_UOE_FIN@DF_UOE_FIN_NATURE_STAFF(3.1),CZE,EXP,ISCED11_1T8,_T,INST_EDU_PUB,CUR_RET,Q,USD_PPP,NATURE,2022,1896.97540283868,A,6,0,2020,X8
OECD.EDU.IMEP:DSD_EAG_UOE_FIN@DF_UOE_FIN_NATURE_STAFF(3.1),EST,EXP,ISCED11_1T8,_T,INST_EDU_PUB,CUR_RET,Q,USD_PPP,NATURE,2022,231.343062246213,A,6,0,2020,X8
OECD.EDU.IMEP:DSD_EAG_UOE_FIN@DF_UOE_FIN_NATURE_STAFF(3.1),FIN,EXP,ISCED11_1T8,_T,INST_EDU_PUB,CUR_RET,Q,USD_PPP,NATURE,2022,1111.53843675968,A,6,0,2020,X8
OECD.EDU.IMEP:DSD_EAG_UOE_FIN@DF_UOE_FIN_NATURE_STAFF(3.1),GRC,EXP,ISCED11_1T8,_T,INST_EDU_PUB,CUR_RET,Q,USD_PPP,NATURE,2022,2366.14744672666,A,6,0,2020,X8
OECD.EDU.IMEP:DSD_EAG_UOE_FIN@DF_UOE_FIN_NATURE_STAFF(3.1),HUN,EXP,ISCED11_1T8,_T,INST_EDU_PUB,CUR_RET,Q,USD_PPP,NATURE,2022,470.714894068363,A,6,0,2020,X8
OECD.EDU.IMEP:DSD_EAG_UOE_FIN@DF_UOE_FIN_NATURE_STAFF(3.1),IRL,EXP,ISCED11_1T8,_T,INST_EDU_PUB,CUR_RET,Q,USD_PPP,NATURE,2022,381.43326168733,A,6,0,2020,X8
OECD.EDU.IMEP:DSD_EAG_UOE_FIN@DF_UOE_FIN_NATURE_STAFF(3.1),ITA,EXP,ISCED11_1T8,_T,INST_EDU_PUB,CUR_RET,Q,USD_PPP,NATURE,2022,3558.46136622842,A,6,0,2020,X8
OECD.EDU.IMEP:DSD_EAG_UOE_FIN@DF_UOE_FIN_NATURE_STAFF(3.1),KOR,EXP,ISCED11_1T8,_T,INST_EDU_PUB,CUR_RET,Q,USD_PPP,NATURE,2022,5436.10513525442,A,6,0,2020,X8
OECD.EDU.IMEP:DSD_EAG_UOE_FIN@DF_UOE_FIN_NATURE_STAFF(3.1),LVA,EXP,ISCED11_1T8,_T,INST_EDU_PUB,CUR_RET,Q,USD_PPP,NATURE,2022,225.610406258776,A,6,0,2020,X8
OECD.EDU.IMEP:DSD_EAG_UOE_FIN@DF_UOE_FIN_NATURE_STAFF(3.1),LUX,EXP,ISCED11_1T8,_T,INST_EDU_PUB,CUR_RET,Q,USD_PPP,NATURE,2022,129.003194133911,A,6,0,2020,X8
OECD.EDU.IMEP:DSD_EAG_UOE_FIN@DF_UOE_FIN_NATURE_STAFF(3.1),MEX,EXP,ISCED11_1T8,_T,INST_EDU_PUB,CUR_RET,Q,USD_PPP,NATURE,2022,1555.52791886617,A,6,0,2020,X8
OECD.EDU.IMEP:DSD_EAG_UOE_FIN@DF_UOE_FIN_NATURE_STAFF(3.1),NOR,EXP,ISCED11_1T8,_T,INST_EDU_PUB,CUR_RET,Q,USD_PPP,NATURE,2022,2488.95593358869,A,6,0,2020,X8
OECD.EDU.IMEP:DSD_EAG_UOE_FIN@DF_UOE_FIN_NATURE_STAFF(3.1),POL,EXP,ISCED11_1T8,_T,INST_EDU_PUB,CUR_RET,Q,USD_PPP,NATURE,2022,5197.87051023716,A,6,0,2020,X8
OECD.EDU.IMEP:DSD_EAG_UOE_FIN@DF_UOE_FIN_NATURE_STAFF(3.1),SVK,EXP,ISCED11_1T8,_T,INST_EDU_PUB,CUR_RET,Q,USD_PPP,NATURE,2022,516.175176716121,A,6,0,2020,X8
OECD.EDU.IMEP:DSD_EAG_UOE_FIN@DF_UOE_FIN_NATURE_STAFF(3.1),SVN,EXP,ISCED11_1T8,_T,INST_EDU_PUB,CUR_RET,Q,USD_PPP,NATURE,2022,239.909988783018,A,6,0,2020,X8
OECD.EDU.IMEP:DSD_EAG_UOE_FIN@DF_UOE_FIN_NATURE_STAFF(3.1),SWE,EXP,ISCED11_1T8,_T,INST_EDU_PUB,CUR_RET,Q,USD_PPP,NATURE,2022,3485.05384775503,A,6,0,2020,X8
OECD.EDU.IMEP:DSD_EAG_UOE_FIN@DF_UOE_FIN_NATURE_STAFF(3.1),AUS,EXP,ISCED11_1T8,_T,INST_EDU_PUB,CUR_RET,Q,USD_PPP,NATURE,2020,3934.95283426431,A,6,0,2020,X8
OECD.EDU.IMEP:DSD_EAG_UOE_FIN@DF_UOE_FIN_NATURE_STAFF(3.1),AUT,EXP,ISCED11_1T8,_T,INST_EDU_PUB,CUR_RET,Q,USD_PPP,NATURE,2020,468.715544340758,A,6,0,2020,X8
OECD.EDU.IMEP:DSD_EAG_UOE_FIN@DF_UOE_FIN_NATURE_STAFF(3.1),CAN,EXP,ISCED11_1T8,_T,INST_EDU_PUB,CUR_RET,Q,USD_PPP,NATURE,2020,3167.57580372293,A,6,0,2020,X8
OECD.EDU.IMEP:DSD_EAG_UOE_FIN@DF_UOE_FIN_NATURE_STAFF(3.1),CRI,EXP,ISCED11_1T8,_T,INST_EDU_PUB,CUR_RET,Q,USD_PPP,NATURE,2020,134.535919426759,A,6,0,2020,X8
OECD.EDU.IMEP:DSD_EAG_UOE_FIN@DF_UOE_FIN_NATURE_STAFF(3.1),CZE,EXP,ISCED11_1T8,_T,INST_EDU_PUB,CUR_RET,Q,USD_PPP,NATURE,2020,1879.67638900446,A,6,0,2020,X8
OECD.EDU.IMEP:DSD_EAG_UOE_FIN@DF_UOE_FIN_NATURE_STAFF(3.1),EST,EXP,ISCED11_1T8,_T,INST_EDU_PUB,CUR_RET,Q,USD_PPP,NATURE,2020,232.058493561749,A,6,0,2020,X8
OECD.EDU.IMEP:DSD_EAG_UOE_FIN@DF_UOE_FIN_NATURE_STAFF(3.1),FIN,EXP,ISCED11_1T8,_T,INST_EDU_PUB,CUR_RET,Q,USD_PPP,NATURE,2020,1142.69260402537,A,6,0,2020,X8
OECD.EDU.IMEP:DSD_EAG_UOE_FIN@DF_UOE_FIN_NATURE_STAFF(3.1),GRC,EXP,ISCED11_1T8,_T,INST_EDU_PUB,CUR_RET,Q,USD_PPP,NATURE,2020,2643.62134377978,A,6,0,2020,X8
OECD.EDU.IMEP:DSD_EAG_UOE_FIN@DF_UOE_FIN_NATURE_STAFF(3.1),HUN,EXP,ISCED11_1T8,_T,INST_EDU_PUB,CUR_RET,Q,USD_PPP,NATURE,2020,798.222146204588,A,6,0,2020,X8
OECD.EDU.IMEP:DSD_EAG_UOE_FIN@DF_UOE_FIN_NATURE_STAFF(3.1),IRL,EXP,ISCED11_1T8,_T,INST_EDU_PUB,CUR_RET,Q,USD_PPP,NATURE,2020,322.493274837964,A,6,0,2020,X8
OECD.EDU.IMEP:DSD_EAG_UOE_FIN@DF_UOE_FIN_NATURE_STAFF(3.1),ITA,EXP,ISCED11_1T8,_T,INST_EDU_PUB,CUR_RET,Q,USD_PPP,NATURE,2020,3225.07449089977,A,6,0,2020,X8
OECD.EDU.IMEP:DSD_EAG_UOE_FIN@DF_UOE_FIN_NATURE_STAFF(3.1),KOR,EXP,ISCED11_1T8,_T,INST_EDU_PUB,CUR_RET,Q,USD_PPP,NATURE,2020,4575.49032644249,A,6,0,2020,X8
OECD.EDU.IMEP:DSD_EAG_UOE_FIN@DF_UOE_FIN_NATURE_STAFF(3.1),LVA,EXP,ISCED11_1T8,_T,INST_EDU_PUB,CUR_RET,Q,USD_PPP,NATURE,2020,233.78680259247,A,6,0,2020,X8
OECD.EDU.IMEP:DSD_EAG_UOE_FIN@DF_UOE_FIN_NATURE_STAFF(3.1),LUX,EXP,ISCED11_1T8,_T,INST_EDU_PUB,CUR_RET,Q,USD_PPP,NATURE,2020,125.847020027155,A,6,0,2020,X8
OECD.EDU.IMEP:DSD_EAG_UOE_FIN@DF_UOE_FIN_NATURE_STAFF(3.1),MEX,EXP,ISCED11_1T8,_T,INST_EDU_PUB,CUR_RET,Q,USD_PPP,NATURE,2020,1528.36077068428,A,6,0,2020,X8
OECD.EDU.IMEP:DSD_EAG_UOE_FIN@DF_UOE_FIN_NATURE_STAFF(3.1),NOR,EXP,ISCED11_1T8,_T,INST_EDU_PUB,CUR_RET,Q,USD_PPP,NATURE,2020,2663.03057760668,A,6,0,2020,X8
OECD.EDU.IMEP:DSD_EAG_UOE_FIN@DF_UOE_FIN_NATURE_STAFF(3.1),POL,EXP,ISCED11_1T8,_T,INST_EDU_PUB,CUR_RET,Q,USD_PPP,NATURE,2020,5369.4269290018,A,6,0,2020,X8
OECD.EDU.IMEP:DSD_EAG_UOE_FIN@DF_UOE_FIN_NATURE_STAFF(3.1),SVK,EXP,ISCED11_1T8,_T,INST_EDU_PUB,CUR_RET,Q,USD_PPP,NATURE,2020,521.204768038602,A,6,0,2020,X8
OECD.EDU.IMEP:DSD_EAG_UOE_FIN@DF_UOE_FIN_NATURE_STAFF(3.1),SVN,EXP,ISCED11_1T8,_T,INST_EDU_PUB,CUR_RET,Q,USD_PPP,NATURE,2020,233.523204016105,A,6,0,2020,X8
OECD.EDU.IMEP:DSD_EAG_UOE_FIN@DF_UOE_FIN_NATURE_STAFF(3.1),SWE,EXP,ISCED11_1T8,_T,INST_EDU_PUB,CUR_RET,Q,USD_PPP,NATURE,2020,2975.03181747486,A,6,0,2020,X8
OECD.EDU.IMEP:DSD_EAG_UOE_FIN@DF_UOE_FIN_NATURE_STAFF(3.1),AUT,EXP,ISCED11_1T8,_T,INST_EDU_PUB,CUR_RET,Q,USD_PPP,NATURE,2018,573.219063551042,A,6,0,2020,X8
OECD.EDU.IMEP:DSD_EAG_UOE_FIN@DF_UOE_FIN_NATURE_STAFF(3.1),CAN,EXP,ISCED11_1T8,_T,INST_EDU_PUB,CUR_RET,Q,USD_PPP,NATURE,2018,3599.69984568654,A,6,0,2020,X8
OECD.EDU.IMEP:DSD_EAG_UOE_FIN@DF_UOE_FIN_NATURE_STAFF(3.1),CRI,EXP,ISCED11_1T8,_T,INST_EDU_PUB,CUR_RET,Q,USD_PPP,NATURE,2018,130.347277480688,A,6,0,2020,X8
OECD.EDU.IMEP:DSD_EAG_UOE_FIN@DF_UOE_FIN_NATURE_STAFF(3.1),CZE,EXP,ISCED11_1T8,_T,INST_EDU_PUB,CUR_RET,Q,USD_PPP,NATURE,2018,1584.96220191177,A,6,0,2020,X8
OECD.EDU.IMEP:DSD_EAG_UOE_FIN@DF_UOE_FIN_NATURE_STAFF(3.1),EST,EXP,ISCED11_1T8,_T,INST_EDU_PUB,CUR_RET,Q,USD_PPP,NATURE,2018,212.816776255282,A,6,0,2020,X8
OECD.EDU.IMEP:DSD_EAG_UOE_FIN@DF_UOE_FIN_NATURE_STAFF(3.1),FIN,EXP,ISCED11_1T8,_T,INST_EDU_PUB,CUR_RET,Q,USD_PPP,NATURE,2018,1110.53112226404,A,6,0,2020,X8
OECD.EDU.IMEP:DSD_EAG_UOE_FIN@DF_UOE_FIN_NATURE_STAFF(3.1),DEU,EXP,ISCED11_1T8,_T,INST_EDU_PUB,CUR_RET,Q,USD_PPP,NATURE,2018,18935.1579057525,A,6,0,2020,X8
OECD.EDU.IMEP:DSD_EAG_UOE_FIN@DF_UOE_FIN_NATURE_STAFF(3.1),GRC,EXP,ISCED11_1T8,_T,INST_EDU_PUB,CUR_RET,Q,USD_PPP,NATURE,2018,2768.66971633259,A,6,0,2020,X8
OECD.EDU.IMEP:DSD_EAG_UOE_FIN@DF_UOE_FIN_NATURE_STAFF(3.1),HUN,EXP,ISCED11_1T8,_T,INST_EDU_PUB,CUR_RET,Q,USD_PPP,NATURE,2018,805.343333807125,A,6,0,2020,X8
OECD.EDU.IMEP:DSD_EAG_UOE_FIN@DF_UOE_FIN_NATURE_STAFF(3.1),IRL,EXP,ISCED11_1T8,_T,INST_EDU_PUB,CUR_RET,Q,USD_PPP,NATURE,2018,399.119786428632,A,6,0,2020,X8
OECD.EDU.IMEP:DSD_EAG_UOE_FIN@DF_UOE_FIN_NATURE_STAFF(3.1),ITA,EXP,ISCED11_1T8,_T,INST_EDU_PUB,CUR_RET,Q,USD_PPP,NATURE,2018,3482.65942626339,A,6,0,2020,X8
OECD.EDU.IMEP:DSD_EAG_UOE_FIN@DF_UOE_FIN_NATURE_STAFF(3.1),KOR,EXP,ISCED11_1T8,_T,INST_EDU_PUB,CUR_RET,Q,USD_PPP,NATURE,2018,4667.31687685755,A,6,0,2020,X8
OECD.EDU.IMEP:DSD_EAG_UOE_FIN@DF_UOE_FIN_NATURE_STAFF(3.1),LVA,EXP,ISCED11_1T8,_T,INST_EDU_PUB,CUR_RET,Q,USD_PPP,NATURE,2018,229.12247434537,A,6,0,2020,X8
OECD.EDU.IMEP:DSD_EAG_UOE_FIN@DF_UOE_FIN_NATURE_STAFF(3.1),LTU,EXP,ISCED11_1T8,_T,INST_EDU_PUB,CUR_RET,Q,USD_PPP,NATURE,2018,135.54225225863,A,6,0,2020,X8
OECD.EDU.IMEP:DSD_EAG_UOE_FIN@DF_UOE_FIN_NATURE_STAFF(3.1),LUX,EXP,ISCED11_1T8,_T,INST_EDU_PUB,CUR_RET,Q,USD_PPP,NATURE,2018,110.471276287498,A,6,0,2020,X8
OECD.EDU.IMEP:DSD_EAG_UOE_FIN@DF_UOE_FIN_NATURE_STAFF(3.1),MEX,EXP,ISCED11_1T8,_T,INST_EDU_PUB,CUR_RET,Q,USD_PPP,NATURE,2018,1595.55496954342,A,6,0,2020,X8
OECD.EDU.IMEP:DSD_EAG_UOE_FIN@DF_UOE_FIN_NATURE_STAFF(3.1),NOR,EXP,ISCED11_1T8,_T,INST_EDU_PUB,CUR_RET,Q,USD_PPP,NATURE,2018,2715.01000339823,A,6,0,2020,X8
OECD.EDU.IMEP:DSD_EAG_UOE_FIN@DF_UOE_FIN_NATURE_STAFF(3.1),POL,EXP,ISCED11_1T8,_T,INST_EDU_PUB,CUR_RET,Q,USD_PPP,NATURE,2018,4884.78830660978,A,6,0,2020,X8
OECD.EDU.IMEP:DSD_EAG_UOE_FIN@DF_UOE_FIN_NATURE_STAFF(3.1),SVK,EXP,ISCED11_1T8,_T,INST_EDU_PUB,CUR_RET,Q,USD_PPP,NATURE,2018,439.513327491172,A,6,0,2020,X8
OECD.EDU.IMEP:DSD_EAG_UOE_FIN@DF_UOE_FIN_NATURE_STAFF(3.1),SVN,EXP,ISCED11_1T8,_T,INST_EDU_PUB,CUR_RET,Q,USD_PPP,NATURE,2018,213.890464129756,A,6,0,2020,X8
OECD.EDU.IMEP:DSD_EAG_UOE_FIN@DF_UOE_FIN_NATURE_STAFF(3.1),SWE,EXP,ISCED11_1T8,_T,INST_EDU_PUB,CUR_RET,Q,USD_PPP,NATURE,2018,2723.93829852777,A,6,0,2020,X8
OECD.EDU.IMEP:DSD_EAG_UOE_FIN@DF_UOE_FIN_NATURE_STAFF(3.1),PRT,EXP,ISCED11_1T8,_T,INST_EDU_PUB,CUR_NLC,Q,USD_PPP,NATURE,2016,40.379993179192,A,6,0,2020,X9
OECD.EDU.IMEP:DSD_EAG_UOE_FIN@DF_UOE_FIN_NATURE_STAFF(3.1),PRT,EXP,ISCED11_1T8,_T,INST_EDU_PUB,CUR_NLC,Q,USD_PPP,NATURE,2017,43.2230720212928,A,6,0,2020,X9
OECD.EDU.IMEP:DSD_EAG_UOE_FIN@DF_UOE_FIN_NATURE_STAFF(3.1),AUS,EXP,ISCED11_1T8,_T,INST_EDU_PUB,CUR_NLC,Q,USD_PPP,NATURE,2020,2431.95572413305,A,6,0,2020,X9
OECD.EDU.IMEP:DSD_EAG_UOE_FIN@DF_UOE_FIN_NATURE_STAFF(3.1),AUS,EXP,ISCED11_1T8,_T,INST_EDU_PUB,CUR_NLC,Q,USD_PPP,NATURE,2021,2428.33638422565,A,6,0,2020,X9
OECD.EDU.IMEP:DSD_EAG_UOE_FIN@DF_UOE_FIN_NATURE_STAFF(3.1),CRI,EXP,ISCED11_1T8,_T,INST_EDU_PUB,CUR_NLC,Q,USD_PPP,NATURE,2018,748.539853718265,A,6,0,2020,X9
OECD.EDU.IMEP:DSD_EAG_UOE_FIN@DF_UOE_FIN_NATURE_STAFF(3.1),CRI,EXP,ISCED11_1T8,_T,INST_EDU_PUB,CUR_NLC,Q,USD_PPP,NATURE,2019,758.890694408232,A,6,0,2020,X9
OECD.EDU.IMEP:DSD_EAG_UOE_FIN@DF_UOE_FIN_NATURE_STAFF(3.1),CRI,EXP,ISCED11_1T8,_T,INST_EDU_PUB,CUR_NLC,Q,USD_PPP,NATURE,2020,758.676454474823,A,6,0,2020,X9
OECD.EDU.IMEP:DSD_EAG_UOE_FIN@DF_UOE_FIN_NATURE_STAFF(3.1),CRI,EXP,ISCED11_1T8,_T,INST_EDU_PUB,CUR_NLC,Q,USD_PPP,NATURE,2022,2489.82919846157,A,6,0,2020,X9
OECD.EDU.IMEP:DSD_EAG_UOE_FIN@DF_UOE_FIN_NATURE_STAFF(3.1),CRI,EXP,ISCED11_1T8,_T,INST_EDU_PUB,CUR_NLC,Q,USD_PPP,NATURE,2023,2585.20172771015,A,6,0,2020,X9
OECD.EDU.IMEP:DSD_EAG_UOE_FIN@DF_UOE_FIN_NATURE_STAFF(3.1),CAN,EXP,ISCED11_1T8,_T,INST_EDU_PUB,CUR_NLC,Q,USD_PPP,NATURE,2015,9820.40774598692,A,6,0,2020,X9
OECD.EDU.IMEP:DSD_EAG_UOE_FIN@DF_UOE_FIN_NATURE_STAFF(3.1),CAN,EXP,ISCED11_1T8,_T,INST_EDU_PUB,CUR_NLC,Q,USD_PPP,NATURE,2016,9024.78552609095,A,6,0,2020,X9
OECD.EDU.IMEP:DSD_EAG_UOE_FIN@DF_UOE_FIN_NATURE_STAFF(3.1),CAN,EXP,ISCED11_1T8,_T,INST_EDU_PUB,CUR_NLC,Q,USD_PPP,NATURE,2017,9936.3614253259,A,6,0,2020,X9
OECD.EDU.IMEP:DSD_EAG_UOE_FIN@DF_UOE_FIN_NATURE_STAFF(3.1),CAN,EXP,ISCED11_1T8,_T,INST_EDU_PUB,CUR_NLC,Q,USD_PPP,NATURE,2019,10776.6018140137,A,6,0,2020,X9
OECD.EDU.IMEP:DSD_EAG_UOE_FIN@DF_UOE_FIN_NATURE_STAFF(3.1),CAN,EXP,ISCED11_1T8,_T,INST_EDU_PUB,CUR_NLC,Q,USD_PPP,NATURE,2020,11089.9991595163,A,6,0,2020,X9
OECD.EDU.IMEP:DSD_EAG_UOE_FIN@DF_UOE_FIN_NATURE_STAFF(3.1),CAN,EXP,ISCED11_1T8,_T,INST_EDU_PUB,CUR_NLC,Q,USD_PPP,NATURE,2021,10580.9147228633,A,6,0,2020,X9
OECD.EDU.IMEP:DSD_EAG_UOE_FIN@DF_UOE_FIN_NATURE_STAFF(3.1),CAN,EXP,ISCED11_1T8,_T,INST_EDU_PUB,CUR_NLC,Q,USD_PPP,NATURE,2022,10489.5314142844,A,6,0,2020,X9
OECD.EDU.IMEP:DSD_EAG_UOE_FIN@DF_UOE_FIN_NATURE_STAFF(3.1),ITA,EXP,ISCED11_1T8,_T,INST_EDU_PUB,CUR_NLC,Q,USD_PPP,NATURE,2017,1384.24243008481,A,6,0,2020,X9
OECD.EDU.IMEP:DSD_EAG_UOE_FIN@DF_UOE_FIN_NATURE_STAFF(3.1),ITA,EXP,ISCED11_1T8,_T,INST_EDU_PUB,CUR_NLC,Q,USD_PPP,NATURE,2018,763.152662429626,A,6,0,2020,X9
OECD.EDU.IMEP:DSD_EAG_UOE_FIN@DF_UOE_FIN_NATURE_STAFF(3.1),ITA,EXP,ISCED11_1T8,_T,INST_EDU_PUB,CUR_NLC,Q,USD_PPP,NATURE,2019,703.2713136229,A,6,0,2020,X9
OECD.EDU.IMEP:DSD_EAG_UOE_FIN@DF_UOE_FIN_NATURE_STAFF(3.1),ITA,EXP,ISCED11_1T8,_T,INST_EDU_PUB,CUR_NLC,Q,USD_PPP,NATURE,2020,537.163984361656,A,6,0,2020,X9
OECD.EDU.IMEP:DSD_EAG_UOE_FIN@DF_UOE_FIN_NATURE_STAFF(3.1),ITA,EXP,ISCED11_1T8,_T,INST_EDU_PUB,CUR_NLC,Q,USD_PPP,NATURE,2021,572.436005042088,A,6,0,2020,X9
OECD.EDU.IMEP:DSD_EAG_UOE_FIN@DF_UOE_FIN_NATURE_STAFF(3.1),ITA,EXP,ISCED11_1T8,_T,INST_EDU_PUB,CUR_NLC,Q,USD_PPP,NATURE,2022,693.990422070044,A,6,0,2020,X9
OECD.EDU.IMEP:DSD_EAG_UOE_FIN@DF_UOE_FIN_NATURE_STAFF(3.1),KOR,EXP,ISCED11_1T8,_T,INST_EDU_PUB,CUR_NLC,Q,USD_PPP,NATURE,2015,1683.75593559722,A,6,0,2020,X9
OECD.EDU.IMEP:DSD_EAG_UOE_FIN@DF_UOE_FIN_NATURE_STAFF(3.1),KOR,EXP,ISCED11_1T8,_T,INST_EDU_PUB,CUR_NLC,Q,USD_PPP,NATURE,2016,1783.08977172641,A,6,0,2020,X9
OECD.EDU.IMEP:DSD_EAG_UOE_FIN@DF_UOE_FIN_NATURE_STAFF(3.1),KOR,EXP,ISCED11_1T8,_T,INST_EDU_PUB,CUR_NLC,Q,USD_PPP,NATURE,2017,1893.19383630339,A,6,0,2020,X9
OECD.EDU.IMEP:DSD_EAG_UOE_FIN@DF_UOE_FIN_NATURE_STAFF(3.1),KOR,EXP,ISCED11_1T8,_T,INST_EDU_PUB,CUR_NLC,Q,USD_PPP,NATURE,2018,2110.32510233536,A,6,0,2020,X9
OECD.EDU.IMEP:DSD_EAG_UOE_FIN@DF_UOE_FIN_NATURE_STAFF(3.1),KOR,EXP,ISCED11_1T8,_T,INST_EDU_PUB,CUR_NLC,Q,USD_PPP,NATURE,2019,2338.89821520493,A,6,0,2020,X9
OECD.EDU.IMEP:DSD_EAG_UOE_FIN@DF_UOE_FIN_NATURE_STAFF(3.1),KOR,EXP,ISCED11_1T8,_T,INST_EDU_PUB,CUR_NLC,Q,USD_PPP,NATURE,2020,2335.17576028886,A,6,0,2020,X9
OECD.EDU.IMEP:DSD_EAG_UOE_FIN@DF_UOE_FIN_NATURE_STAFF(3.1),KOR,EXP,ISCED11_1T8,_T,INST_EDU_PUB,CUR_NLC,Q,USD_PPP,NATURE,2021,2449.05748818162,A,6,0,2020,X9
OECD.EDU.IMEP:DSD_EAG_UOE_FIN@DF_UOE_FIN_NATURE_STAFF(3.1),KOR,EXP,ISCED11_1T8,_T,INST_EDU_PUB,CUR_NLC,Q,USD_PPP,NATURE,2022,2844.7599945819,A,6,0,2020,X9
OECD.EDU.IMEP:DSD_EAG_UOE_FIN@DF_UOE_FIN_NATURE_STAFF(3.1),CHL,EXP,ISCED11_1T8,_T,INST_EDU_PUB,CUR_NLC,Q,USD_PPP,NATURE,2016,273.438111514897,A,6,0,2020,X9
OECD.EDU.IMEP:DSD_EAG_UOE_FIN@DF_UOE_FIN_NATURE_STAFF(3.1),CHL,EXP,ISCED11_1T8,_T,INST_EDU_PUB,CUR_NLC,Q,USD_PPP,NATURE,2017,304.007233404081,A,6,0,2020,X9
OECD.EDU.IMEP:DSD_EAG_UOE_FIN@DF_UOE_FIN_NATURE_STAFF(3.1),CHL,EXP,ISCED11_1T8,_T,INST_EDU_PUB,CUR_NLC,Q,USD_PPP,NATURE,2021,365.721384116568,A,6,0,2020,X9
OECD.EDU.IMEP:DSD_EAG_UOE_FIN@DF_UOE_FIN_NATURE_STAFF(3.1),CHL,EXP,ISCED11_1T8,_T,INST_EDU_PUB,CUR_NLC,Q,USD_PPP,NATURE,2022,366.780895706293,A,6,0,2020,X9
OECD.EDU.IMEP:DSD_EAG_UOE_FIN@DF_UOE_FIN_NATURE_STAFF(3.1),GRC,EXP,ISCED11_1T8,_T,INST_EDU_PUB,CUR_NLC,Q,USD_PPP,NATURE,2015,294.744669505946,A,6,0,2020,X9
OECD.EDU.IMEP:DSD_EAG_UOE_FIN@DF_UOE_FIN_NATURE_STAFF(3.1),GRC,EXP,ISCED11_1T8,_T,INST_EDU_PUB,CUR_NLC,Q,USD_PPP,NATURE,2016,301.763797123471,A,6,0,2020,X9
OECD.EDU.IMEP:DSD_EAG_UOE_FIN@DF_UOE_FIN_NATURE_STAFF(3.1),GRC,EXP,ISCED11_1T8,_T,INST_EDU_PUB,CUR_NLC,Q,USD_PPP,NATURE,2017,271.855226342388,A,6,0,2020,X9
OECD.EDU.IMEP:DSD_EAG_UOE_FIN@DF_UOE_FIN_NATURE_STAFF(3.1),GRC,EXP,ISCED11_1T8,_T,INST_EDU_PUB,CUR_NLC,Q,USD_PPP,NATURE,2018,285.577993564566,A,6,0,2020,X9
OECD.EDU.IMEP:DSD_EAG_UOE_FIN@DF_UOE_FIN_NATURE_STAFF(3.1),GRC,EXP,ISCED11_1T8,_T,INST_EDU_PUB,CUR_NLC,Q,USD_PPP,NATURE,2019,305.029116939885,A,6,0,2020,X9
OECD.EDU.IMEP:DSD_EAG_UOE_FIN@DF_UOE_FIN_NATURE_STAFF(3.1),GRC,EXP,ISCED11_1T8,_T,INST_EDU_PUB,CUR_NLC,Q,USD_PPP,NATURE,2020,773.766051374025,A,6,0,2020,X9
OECD.EDU.IMEP:DSD_EAG_UOE_FIN@DF_UOE_FIN_NATURE_STAFF(3.1),GRC,EXP,ISCED11_1T8,_T,INST_EDU_PUB,CUR_NLC,Q,USD_PPP,NATURE,2022,750.669450813553,A,6,0,2020,X9
OECD.EDU.IMEP:DSD_EAG_UOE_FIN@DF_UOE_FIN_NATURE_STAFF(3.1),FIN,EXP,ISCED11_1T8,_T,INST_EDU_PUB,CUR_NLC,Q,USD_PPP,NATURE,2015,336.572887348252,A,6,0,2020,X9
OECD.EDU.IMEP:DSD_EAG_UOE_FIN@DF_UOE_FIN_NATURE_STAFF(3.1),FIN,EXP,ISCED11_1T8,_T,INST_EDU_PUB,CUR_NLC,Q,USD_PPP,NATURE,2016,370.945446987522,A,6,0,2020,X9
OECD.EDU.IMEP:DSD_EAG_UOE_FIN@DF_UOE_FIN_NATURE_STAFF(3.1),FIN,EXP,ISCED11_1T8,_T,INST_EDU_PUB,CUR_NLC,Q,USD_PPP,NATURE,2017,265.055966434063,A,6,0,2020,X9
OECD.EDU.IMEP:DSD_EAG_UOE_FIN@DF_UOE_FIN_NATURE_STAFF(3.1),FIN,EXP,ISCED11_1T8,_T,INST_EDU_PUB,CUR_NLC,Q,USD_PPP,NATURE,2018,217.212907038606,A,6,0,2020,X9
OECD.EDU.IMEP:DSD_EAG_UOE_FIN@DF_UOE_FIN_NATURE_STAFF(3.1),FIN,EXP,ISCED11_1T8,_T,INST_EDU_PUB,CUR_NLC,Q,USD_PPP,NATURE,2019,200.740738096519,A,6,0,2020,X9
OECD.EDU.IMEP:DSD_EAG_UOE_FIN@DF_UOE_FIN_NATURE_STAFF(3.1),FIN,EXP,ISCED11_1T8,_T,INST_EDU_PUB,CUR_NLC,Q,USD_PPP,NATURE,2020,215.852250059842,A,6,0,2020,X9
OECD.EDU.IMEP:DSD_EAG_UOE_FIN@DF_UOE_FIN_NATURE_STAFF(3.1),FIN,EXP,ISCED11_1T8,_T,INST_EDU_PUB,CUR_NLC,Q,USD_PPP,NATURE,2021,252.464841752143,A,6,0,2020,X9
OECD.EDU.IMEP:DSD_EAG_UOE_FIN@DF_UOE_FIN_NATURE_STAFF(3.1),FIN,EXP,ISCED11_1T8,_T,INST_EDU_PUB,CUR_NLC,Q,USD_PPP,NATURE,2022,225.585065219502,A,6,0,2020,X9
OECD.EDU.IMEP:DSD_EAG_UOE_FIN@DF_UOE_FIN_NATURE_STAFF(3.1),MEX,EXP,ISCED11_1T8,_T,INST_EDU_PUB,CUR_NLC,Q,USD_PPP,NATURE,2017,6246.8942950963,A,6,0,2020,X9
OECD.EDU.IMEP:DSD_EAG_UOE_FIN@DF_UOE_FIN_NATURE_STAFF(3.1),MEX,EXP,ISCED11_1T8,_T,INST_EDU_PUB,CUR_NLC,Q,USD_PPP,NATURE,2018,6070.95561816292,A,6,0,2020,X9
OECD.EDU.IMEP:DSD_EAG_UOE_FIN@DF_UOE_FIN_NATURE_STAFF(3.1),MEX,EXP,ISCED11_1T8,_T,INST_EDU_PUB,CUR_NLC,Q,USD_PPP,NATURE,2019,6005.54745004841,A,6,0,2020,X9
OECD.EDU.IMEP:DSD_EAG_UOE_FIN@DF_UOE_FIN_NATURE_STAFF(3.1),MEX,EXP,ISCED11_1T8,_T,INST_EDU_PUB,CUR_NLC,Q,USD_PPP,NATURE,2020,5818.34751134135,A,6,0,2020,X9
OECD.EDU.IMEP:DSD_EAG_UOE_FIN@DF_UOE_FIN_NATURE_STAFF(3.1),MEX,EXP,ISCED11_1T8,_T,INST_EDU_PUB,CUR_NLC,Q,USD_PPP,NATURE,2021,5824.7705230301,A,6,0,2020,X9
OECD.EDU.IMEP:DSD_EAG_UOE_FIN@DF_UOE_FIN_NATURE_STAFF(3.1),MEX,EXP,ISCED11_1T8,_T,INST_EDU_PUB,CUR_NLC,Q,USD_PPP,NATURE,2022,5927.2768211943,A,6,0,2020,X9
OECD.EDU.IMEP:DSD_EAG_UOE_FIN@DF_UOE_FIN_NATURE_STAFF(3.1),EST,EXP,ISCED11_1T8,_T,INST_EDU_PUB,CUR_NLC,Q,USD_PPP,NATURE,2015,96.7750138887872,A,6,0,2020,X9
OECD.EDU.IMEP:DSD_EAG_UOE_FIN@DF_UOE_FIN_NATURE_STAFF(3.1),EST,EXP,ISCED11_1T8,_T,INST_EDU_PUB,CUR_NLC,Q,USD_PPP,NATURE,2016,101.273361740083,A,6,0,2020,X9
OECD.EDU.IMEP:DSD_EAG_UOE_FIN@DF_UOE_FIN_NATURE_STAFF(3.1),EST,EXP,ISCED11_1T8,_T,INST_EDU_PUB,CUR_NLC,Q,USD_PPP,NATURE,2017,142.941682193018,A,6,0,2020,X9
OECD.EDU.IMEP:DSD_EAG_UOE_FIN@DF_UOE_FIN_NATURE_STAFF(3.1),EST,EXP,ISCED11_1T8,_T,INST_EDU_PUB,CUR_NLC,Q,USD_PPP,NATURE,2018,152.330170252238,A,6,0,2020,X9
OECD.EDU.IMEP:DSD_EAG_UOE_FIN@DF_UOE_FIN_NATURE_STAFF(3.1),EST,EXP,ISCED11_1T8,_T,INST_EDU_PUB,CUR_NLC,Q,USD_PPP,NATURE,2019,160.052861226867,A,6,0,2020,X9
OECD.EDU.IMEP:DSD_EAG_UOE_FIN@DF_UOE_FIN_NATURE_STAFF(3.1),EST,EXP,ISCED11_1T8,_T,INST_EDU_PUB,CUR_NLC,Q,USD_PPP,NATURE,2020,164.426768529625,A,6,0,2020,X9
OECD.EDU.IMEP:DSD_EAG_UOE_FIN@DF_UOE_FIN_NATURE_STAFF(3.1),EST,EXP,ISCED11_1T8,_T,INST_EDU_PUB,CUR_NLC,Q,USD_PPP,NATURE,2021,166.224470781733,A,6,0,2020,X9
OECD.EDU.IMEP:DSD_EAG_UOE_FIN@DF_UOE_FIN_NATURE_STAFF(3.1),EST,EXP,ISCED11_1T8,_T,INST_EDU_PUB,CUR_NLC,Q,USD_PPP,NATURE,2022,166.233926045005,A,6,0,2020,X9
OECD.EDU.IMEP:DSD_EAG_UOE_FIN@DF_UOE_FIN_NATURE_STAFF(3.1),LUX,EXP,ISCED11_1T8,_T,INST_EDU_PUB,CUR_NLC,Q,USD_PPP,NATURE,2015,68.4381300844247,A,6,0,2020,X9
OECD.EDU.IMEP:DSD_EAG_UOE_FIN@DF_UOE_FIN_NATURE_STAFF(3.1),LUX,EXP,ISCED11_1T8,_T,INST_EDU_PUB,CUR_NLC,Q,USD_PPP,NATURE,2016,75.2350723447938,A,6,0,2020,X9
OECD.EDU.IMEP:DSD_EAG_UOE_FIN@DF_UOE_FIN_NATURE_STAFF(3.1),LUX,EXP,ISCED11_1T8,_T,INST_EDU_PUB,CUR_NLC,Q,USD_PPP,NATURE,2017,99.521992783517,A,6,0,2020,X9
OECD.EDU.IMEP:DSD_EAG_UOE_FIN@DF_UOE_FIN_NATURE_STAFF(3.1),LUX,EXP,ISCED11_1T8,_T,INST_EDU_PUB,CUR_NLC,Q,USD_PPP,NATURE,2018,74.121521328001,A,6,0,2020,X9
OECD.EDU.IMEP:DSD_EAG_UOE_FIN@DF_UOE_FIN_NATURE_STAFF(3.1),LUX,EXP,ISCED11_1T8,_T,INST_EDU_PUB,CUR_NLC,Q,USD_PPP,NATURE,2019,77.919757963392,A,6,0,2020,X9
OECD.EDU.IMEP:DSD_EAG_UOE_FIN@DF_UOE_FIN_NATURE_STAFF(3.1),LUX,EXP,ISCED11_1T8,_T,INST_EDU_PUB,CUR_NLC,Q,USD_PPP,NATURE,2020,80.7005674320716,A,6,0,2020,X9
OECD.EDU.IMEP:DSD_EAG_UOE_FIN@DF_UOE_FIN_NATURE_STAFF(3.1),LUX,EXP,ISCED11_1T8,_T,INST_EDU_PUB,CUR_NLC,Q,USD_PPP,NATURE,2021,81.9488015051604,A,6,0,2020,X9
OECD.EDU.IMEP:DSD_EAG_UOE_FIN@DF_UOE_FIN_NATURE_STAFF(3.1),LUX,EXP,ISCED11_1T8,_T,INST_EDU_PUB,CUR_NLC,Q,USD_PPP,NATURE,2022,85.1298739423379,A,6,0,2020,X9
OECD.EDU.IMEP:DSD_EAG_UOE_FIN@DF_UOE_FIN_NATURE_STAFF(3.1),LVA,EXP,ISCED11_1T8,_T,INST_EDU_PUB,CUR_NLC,Q,USD_PPP,NATURE,2015,15.5238075682267,A,6,0,2020,X9
OECD.EDU.IMEP:DSD_EAG_UOE_FIN@DF_UOE_FIN_NATURE_STAFF(3.1),LVA,EXP,ISCED11_1T8,_T,INST_EDU_PUB,CUR_NLC,Q,USD_PPP,NATURE,2016,18.7031478030917,A,6,0,2020,X9
OECD.EDU.IMEP:DSD_EAG_UOE_FIN@DF_UOE_FIN_NATURE_STAFF(3.1),LVA,EXP,ISCED11_1T8,_T,INST_EDU_PUB,CUR_NLC,Q,USD_PPP,NATURE,2017,22.171310953296,A,6,0,2020,X9
OECD.EDU.IMEP:DSD_EAG_UOE_FIN@DF_UOE_FIN_NATURE_STAFF(3.1),LVA,EXP,ISCED11_1T8,_T,INST_EDU_PUB,CUR_NLC,Q,USD_PPP,NATURE,2018,22.9654506257296,A,6,0,2020,X9
OECD.EDU.IMEP:DSD_EAG_UOE_FIN@DF_UOE_FIN_NATURE_STAFF(3.1),LVA,EXP,ISCED11_1T8,_T,INST_EDU_PUB,CUR_NLC,Q,USD_PPP,NATURE,2019,24.9878891027015,A,6,0,2020,X9
OECD.EDU.IMEP:DSD_EAG_UOE_FIN@DF_UOE_FIN_NATURE_STAFF(3.1),LVA,EXP,ISCED11_1T8,_T,INST_EDU_PUB,CUR_NLC,Q,USD_PPP,NATURE,2020,22.0802417878161,A,6,0,2020,X9
OECD.EDU.IMEP:DSD_EAG_UOE_FIN@DF_UOE_FIN_NATURE_STAFF(3.1),LVA,EXP,ISCED11_1T8,_T,INST_EDU_PUB,CUR_NLC,Q,USD_PPP,NATURE,2021,22.4872768161444,A,6,0,2020,X9
OECD.EDU.IMEP:DSD_EAG_UOE_FIN@DF_UOE_FIN_NATURE_STAFF(3.1),LVA,EXP,ISCED11_1T8,_T,INST_EDU_PUB,CUR_NLC,Q,USD_PPP,NATURE,2022,28.4181838210773,A,6,0,2020,X9
OECD.EDU.IMEP:DSD_EAG_UOE_FIN@DF_UOE_FIN_NATURE_STAFF(3.1),SVK,EXP,ISCED11_1T8,_T,INST_EDU_PUB,CUR_NLC,Q,USD_PPP,NATURE,2015,581.735087788469,A,6,0,2020,X9
OECD.EDU.IMEP:DSD_EAG_UOE_FIN@DF_UOE_FIN_NATURE_STAFF(3.1),SVK,EXP,ISCED11_1T8,_T,INST_EDU_PUB,CUR_NLC,Q,USD_PPP,NATURE,2016,617.418150357896,A,6,0,2020,X9
OECD.EDU.IMEP:DSD_EAG_UOE_FIN@DF_UOE_FIN_NATURE_STAFF(3.1),SVK,EXP,ISCED11_1T8,_T,INST_EDU_PUB,CUR_NLC,Q,USD_PPP,NATURE,2017,639.702599716693,A,6,0,2020,X9
OECD.EDU.IMEP:DSD_EAG_UOE_FIN@DF_UOE_FIN_NATURE_STAFF(3.1),SVK,EXP,ISCED11_1T8,_T,INST_EDU_PUB,CUR_NLC,Q,USD_PPP,NATURE,2018,657.700301853493,A,6,0,2020,X9
OECD.EDU.IMEP:DSD_EAG_UOE_FIN@DF_UOE_FIN_NATURE_STAFF(3.1),SVK,EXP,ISCED11_1T8,_T,INST_EDU_PUB,CUR_NLC,Q,USD_PPP,NATURE,2019,724.813262756081,A,6,0,2020,X9
OECD.EDU.IMEP:DSD_EAG_UOE_FIN@DF_UOE_FIN_NATURE_STAFF(3.1),SVK,EXP,ISCED11_1T8,_T,INST_EDU_PUB,CUR_NLC,Q,USD_PPP,NATURE,2020,779.945695066348,A,6,0,2020,X9
OECD.EDU.IMEP:DSD_EAG_UOE_FIN@DF_UOE_FIN_NATURE_STAFF(3.1),SVK,EXP,ISCED11_1T8,_T,INST_EDU_PUB,CUR_NLC,Q,USD_PPP,NATURE,2021,800.789276238658,A,6,0,2020,X9
OECD.EDU.IMEP:DSD_EAG_UOE_FIN@DF_UOE_FIN_NATURE_STAFF(3.1),SVK,EXP,ISCED11_1T8,_T,INST_EDU_PUB,CUR_NLC,Q,USD_PPP,NATURE,2022,772.419279695613,A,6,0,2020,X9
OECD.EDU.IMEP:DSD_EAG_UOE_FIN@DF_UOE_FIN_NATURE_STAFF(3.1),SWE,EXP,ISCED11_1T8,_T,INST_EDU_PUB,CUR_NLC,Q,USD_PPP,NATURE,2015,2333.37014761854,A,6,0,2020,X9
OECD.EDU.IMEP:DSD_EAG_UOE_FIN@DF_UOE_FIN_NATURE_STAFF(3.1),SWE,EXP,ISCED11_1T8,_T,INST_EDU_PUB,CUR_NLC,Q,USD_PPP,NATURE,2016,2458.50516172622,A,6,0,2020,X9
OECD.EDU.IMEP:DSD_EAG_UOE_FIN@DF_UOE_FIN_NATURE_STAFF(3.1),SWE,EXP,ISCED11_1T8,_T,INST_EDU_PUB,CUR_NLC,Q,USD_PPP,NATURE,2017,2624.96540750839,A,6,0,2020,X9
OECD.EDU.IMEP:DSD_EAG_UOE_FIN@DF_UOE_FIN_NATURE_STAFF(3.1),SWE,EXP,ISCED11_1T8,_T,INST_EDU_PUB,CUR_NLC,Q,USD_PPP,NATURE,2018,2743.23600267737,A,6,0,2020,X9
OECD.EDU.IMEP:DSD_EAG_UOE_FIN@DF_UOE_FIN_NATURE_STAFF(3.1),SWE,EXP,ISCED11_1T8,_T,INST_EDU_PUB,CUR_NLC,Q,USD_PPP,NATURE,2019,2720.78442305619,A,6,0,2020,X9
OECD.EDU.IMEP:DSD_EAG_UOE_FIN@DF_UOE_FIN_NATURE_STAFF(3.1),SWE,EXP,ISCED11_1T8,_T,INST_EDU_PUB,CUR_NLC,Q,USD_PPP,NATURE,2020,2751.60853694621,A,6,0,2020,X9
OECD.EDU.IMEP:DSD_EAG_UOE_FIN@DF_UOE_FIN_NATURE_STAFF(3.1),SWE,EXP,ISCED11_1T8,_T,INST_EDU_PUB,CUR_NLC,Q,USD_PPP,NATURE,2021,2779.75679032886,A,6,0,2020,X9
OECD.EDU.IMEP:DSD_EAG_UOE_FIN@DF_UOE_FIN_NATURE_STAFF(3.1),SWE,EXP,ISCED11_1T8,_T,INST_EDU_PUB,CUR_NLC,Q,USD_PPP,NATURE,2022,2610.20857452617,A,6,0,2020,X9
OECD.EDU.IMEP:DSD_EAG_UOE_FIN@DF_UOE_FIN_NATURE_STAFF(3.1),HUN,EXP,ISCED11_1T8,_T,INST_EDU_PUB,CUR_NLC,Q,USD_PPP,NATURE,2015,427.138540722943,A,6,0,2020,X9
OECD.EDU.IMEP:DSD_EAG_UOE_FIN@DF_UOE_FIN_NATURE_STAFF(3.1),HUN,EXP,ISCED11_1T8,_T,INST_EDU_PUB,CUR_NLC,Q,USD_PPP,NATURE,2016,468.189647338441,A,6,0,2020,X9
OECD.EDU.IMEP:DSD_EAG_UOE_FIN@DF_UOE_FIN_NATURE_STAFF(3.1),HUN,EXP,ISCED11_1T8,_T,INST_EDU_PUB,CUR_NLC,Q,USD_PPP,NATURE,2017,687.111416054299,A,6,0,2020,X9
OECD.EDU.IMEP:DSD_EAG_UOE_FIN@DF_UOE_FIN_NATURE_STAFF(3.1),HUN,EXP,ISCED11_1T8,_T,INST_EDU_PUB,CUR_NLC,Q,USD_PPP,NATURE,2018,811.045999270118,A,6,0,2020,X9
OECD.EDU.IMEP:DSD_EAG_UOE_FIN@DF_UOE_FIN_NATURE_STAFF(3.1),HUN,EXP,ISCED11_1T8,_T,INST_EDU_PUB,CUR_NLC,Q,USD_PPP,NATURE,2019,362.938059308885,A,6,0,2020,X9
OECD.EDU.IMEP:DSD_EAG_UOE_FIN@DF_UOE_FIN_NATURE_STAFF(3.1),HUN,EXP,ISCED11_1T8,_T,INST_EDU_PUB,CUR_NLC,Q,USD_PPP,NATURE,2020,323.226105815395,A,6,0,2020,X9
OECD.EDU.IMEP:DSD_EAG_UOE_FIN@DF_UOE_FIN_NATURE_STAFF(3.1),HUN,EXP,ISCED11_1T8,_T,INST_EDU_PUB,CUR_NLC,Q,USD_PPP,NATURE,2021,262.640574051498,A,6,0,2020,X9
OECD.EDU.IMEP:DSD_EAG_UOE_FIN@DF_UOE_FIN_NATURE_STAFF(3.1),HUN,EXP,ISCED11_1T8,_T,INST_EDU_PUB,CUR_NLC,Q,USD_PPP,NATURE,2022,236.578328145021,A,6,0,2020,X9
OECD.EDU.IMEP:DSD_EAG_UOE_FIN@DF_UOE_FIN_NATURE_STAFF(3.1),SVN,EXP,ISCED11_1T8,_T,INST_EDU_PUB,CUR_NLC,Q,USD_PPP,NATURE,2015,139.628308511087,A,6,0,2020,X9
OECD.EDU.IMEP:DSD_EAG_UOE_FIN@DF_UOE_FIN_NATURE_STAFF(3.1),SVN,EXP,ISCED11_1T8,_T,INST_EDU_PUB,CUR_NLC,Q,USD_PPP,NATURE,2016,143.493112094048,A,6,0,2020,X9
OECD.EDU.IMEP:DSD_EAG_UOE_FIN@DF_UOE_FIN_NATURE_STAFF(3.1),SVN,EXP,ISCED11_1T8,_T,INST_EDU_PUB,CUR_NLC,Q,USD_PPP,NATURE,2017,147.157648043765,A,6,0,2020,X9
OECD.EDU.IMEP:DSD_EAG_UOE_FIN@DF_UOE_FIN_NATURE_STAFF(3.1),SVN,EXP,ISCED11_1T8,_T,INST_EDU_PUB,CUR_NLC,Q,USD_PPP,NATURE,2018,148.286724757751,A,6,0,2020,X9
OECD.EDU.IMEP:DSD_EAG_UOE_FIN@DF_UOE_FIN_NATURE_STAFF(3.1),SVN,EXP,ISCED11_1T8,_T,INST_EDU_PUB,CUR_NLC,Q,USD_PPP,NATURE,2019,154.860558922916,A,6,0,2020,X9
OECD.EDU.IMEP:DSD_EAG_UOE_FIN@DF_UOE_FIN_NATURE_STAFF(3.1),SVN,EXP,ISCED11_1T8,_T,INST_EDU_PUB,CUR_NLC,Q,USD_PPP,NATURE,2020,164.728262850465,A,6,0,2020,X9
OECD.EDU.IMEP:DSD_EAG_UOE_FIN@DF_UOE_FIN_NATURE_STAFF(3.1),SVN,EXP,ISCED11_1T8,_T,INST_EDU_PUB,CUR_NLC,Q,USD_PPP,NATURE,2021,184.494595248469,A,6,0,2020,X9
OECD.EDU.IMEP:DSD_EAG_UOE_FIN@DF_UOE_FIN_NATURE_STAFF(3.1),SVN,EXP,ISCED11_1T8,_T,INST_EDU_PUB,CUR_NLC,Q,USD_PPP,NATURE,2022,169.120389976057,A,6,0,2020,X9
OECD.EDU.IMEP:DSD_EAG_UOE_FIN@DF_UOE_FIN_NATURE_STAFF(3.1),CZE,EXP,ISCED11_1T8,_T,INST_EDU_PUB,CUR_NLC,Q,USD_PPP,NATURE,2015,796.979745692313,A,6,0,2020,X9
OECD.EDU.IMEP:DSD_EAG_UOE_FIN@DF_UOE_FIN_NATURE_STAFF(3.1),CZE,EXP,ISCED11_1T8,_T,INST_EDU_PUB,CUR_NLC,Q,USD_PPP,NATURE,2016,831.953193962053,A,6,0,2020,X9
OECD.EDU.IMEP:DSD_EAG_UOE_FIN@DF_UOE_FIN_NATURE_STAFF(3.1),CZE,EXP,ISCED11_1T8,_T,INST_EDU_PUB,CUR_NLC,Q,USD_PPP,NATURE,2017,899.45786848948,A,6,0,2020,X9
OECD.EDU.IMEP:DSD_EAG_UOE_FIN@DF_UOE_FIN_NATURE_STAFF(3.1),CZE,EXP,ISCED11_1T8,_T,INST_EDU_PUB,CUR_NLC,Q,USD_PPP,NATURE,2018,995.208863924967,A,6,0,2020,X9
OECD.EDU.IMEP:DSD_EAG_UOE_FIN@DF_UOE_FIN_NATURE_STAFF(3.1),CZE,EXP,ISCED11_1T8,_T,INST_EDU_PUB,CUR_NLC,Q,USD_PPP,NATURE,2019,1108.44821840473,A,6,0,2020,X9
OECD.EDU.IMEP:DSD_EAG_UOE_FIN@DF_UOE_FIN_NATURE_STAFF(3.1),CZE,EXP,ISCED11_1T8,_T,INST_EDU_PUB,CUR_NLC,Q,USD_PPP,NATURE,2020,1180.2618823109,A,6,0,2020,X9
OECD.EDU.IMEP:DSD_EAG_UOE_FIN@DF_UOE_FIN_NATURE_STAFF(3.1),CZE,EXP,ISCED11_1T8,_T,INST_EDU_PUB,CUR_NLC,Q,USD_PPP,NATURE,2021,1238.39657279195,A,6,0,2020,X9
OECD.EDU.IMEP:DSD_EAG_UOE_FIN@DF_UOE_FIN_NATURE_STAFF(3.1),CZE,EXP,ISCED11_1T8,_T,INST_EDU_PUB,CUR_NLC,Q,USD_PPP,NATURE,2022,1191.12416633911,A,6,0,2020,X9
OECD.EDU.IMEP:DSD_EAG_UOE_FIN@DF_UOE_FIN_NATURE_STAFF(3.1),POL,EXP,ISCED11_1T8,_T,INST_EDU_PUB,CUR_NLC,Q,USD_PPP,NATURE,2015,1689.80742787971,A,6,0,2020,X9
OECD.EDU.IMEP:DSD_EAG_UOE_FIN@DF_UOE_FIN_NATURE_STAFF(3.1),POL,EXP,ISCED11_1T8,_T,INST_EDU_PUB,CUR_NLC,Q,USD_PPP,NATURE,2016,1758.85909667656,A,6,0,2020,X9
OECD.EDU.IMEP:DSD_EAG_UOE_FIN@DF_UOE_FIN_NATURE_STAFF(3.1),POL,EXP,ISCED11_1T8,_T,INST_EDU_PUB,CUR_NLC,Q,USD_PPP,NATURE,2017,1813.91390731579,A,6,0,2020,X9
OECD.EDU.IMEP:DSD_EAG_UOE_FIN@DF_UOE_FIN_NATURE_STAFF(3.1),POL,EXP,ISCED11_1T8,_T,INST_EDU_PUB,CUR_NLC,Q,USD_PPP,NATURE,2018,1892.39091654259,A,6,0,2020,X9
OECD.EDU.IMEP:DSD_EAG_UOE_FIN@DF_UOE_FIN_NATURE_STAFF(3.1),POL,EXP,ISCED11_1T8,_T,INST_EDU_PUB,CUR_NLC,Q,USD_PPP,NATURE,2019,2072.50430987338,A,6,0,2020,X9
OECD.EDU.IMEP:DSD_EAG_UOE_FIN@DF_UOE_FIN_NATURE_STAFF(3.1),POL,EXP,ISCED11_1T8,_T,INST_EDU_PUB,CUR_NLC,Q,USD_PPP,NATURE,2020,1870.72631705398,A,6,0,2020,X9
OECD.EDU.IMEP:DSD_EAG_UOE_FIN@DF_UOE_FIN_NATURE_STAFF(3.1),POL,EXP,ISCED11_1T8,_T,INST_EDU_PUB,CUR_NLC,Q,USD_PPP,NATURE,2021,1881.38113624462,A,6,0,2020,X9
OECD.EDU.IMEP:DSD_EAG_UOE_FIN@DF_UOE_FIN_NATURE_STAFF(3.1),POL,EXP,ISCED11_1T8,_T,INST_EDU_PUB,CUR_NLC,Q,USD_PPP,NATURE,2022,2131.33701100692,A,6,0,2020,X9
OECD.EDU.IMEP:DSD_EAG_UOE_FIN@DF_UOE_FIN_NATURE_STAFF(3.1),LTU,EXP,ISCED11_1T8,_T,INST_EDU_PUB,CUR_NLC,Q,USD_PPP,NATURE,2015,474.45078208933,A,6,0,2020,X9
OECD.EDU.IMEP:DSD_EAG_UOE_FIN@DF_UOE_FIN_NATURE_STAFF(3.1),LTU,EXP,ISCED11_1T8,_T,INST_EDU_PUB,CUR_NLC,Q,USD_PPP,NATURE,2016,471.048581091557,A,6,0,2020,X9
OECD.EDU.IMEP:DSD_EAG_UOE_FIN@DF_UOE_FIN_NATURE_STAFF(3.1),LTU,EXP,ISCED11_1T8,_T,INST_EDU_PUB,CUR_NLC,Q,USD_PPP,NATURE,2017,475.887861731386,A,6,0,2020,X9
OECD.EDU.IMEP:DSD_EAG_UOE_FIN@DF_UOE_FIN_NATURE_STAFF(3.1),LTU,EXP,ISCED11_1T8,_T,INST_EDU_PUB,CUR_NLC,Q,USD_PPP,NATURE,2018,476.560880920927,A,6,0,2020,X9
OECD.EDU.IMEP:DSD_EAG_UOE_FIN@DF_UOE_FIN_NATURE_STAFF(3.1),LTU,EXP,ISCED11_1T8,_T,INST_EDU_PUB,CUR_NLC,Q,USD_PPP,NATURE,2019,85.8538662915103,A,6,0,2020,X9
OECD.EDU.IMEP:DSD_EAG_UOE_FIN@DF_UOE_FIN_NATURE_STAFF(3.1),LTU,EXP,ISCED11_1T8,_T,INST_EDU_PUB,CUR_NLC,Q,USD_PPP,NATURE,2020,88.0512721131752,A,6,0,2020,X9
OECD.EDU.IMEP:DSD_EAG_UOE_FIN@DF_UOE_FIN_NATURE_STAFF(3.1),LTU,EXP,ISCED11_1T8,_T,INST_EDU_PUB,CUR_NLC,Q,USD_PPP,NATURE,2021,95.1925745901044,A,6,0,2020,X9
OECD.EDU.IMEP:DSD_EAG_UOE_FIN@DF_UOE_FIN_NATURE_STAFF(3.1),LTU,EXP,ISCED11_1T8,_T,INST_EDU_PUB,CUR_NLC,Q,USD_PPP,NATURE,2022,111.6398867684,A,6,0,2020,X9
OECD.EDU.IMEP:DSD_EAG_UOE_FIN@DF_UOE_FIN_NATURE_STAFF(3.1),AUT,EXP,ISCED11_1T8,_T,INST_EDU_PUB,CUR_LC,Q,USD_PPP,NATURE,2022,15224.0758748286,A,6,0,2020,X7
OECD.EDU.IMEP:DSD_EAG_UOE_FIN@DF_UOE_FIN_NATURE_STAFF(3.1),CAN,EXP,ISCED11_1T8,_T,INST_EDU_PUB,CUR_LC,Q,USD_PPP,NATURE,2022,57634.2531384418,A,6,0,2020,X7
OECD.EDU.IMEP:DSD_EAG_UOE_FIN@DF_UOE_FIN_NATURE_STAFF(3.1),CHL,EXP,ISCED11_1T8,_T,INST_EDU_PUB,CUR_LC,Q,USD_PPP,NATURE,2022,7357.74471778152,A,6,0,2020,X7
OECD.EDU.IMEP:DSD_EAG_UOE_FIN@DF_UOE_FIN_NATURE_STAFF(3.1),CRI,EXP,ISCED11_1T8,_T,INST_EDU_PUB,CUR_LC,Q,USD_PPP,NATURE,2022,1920.79756350452,A,6,0,2020,X7
OECD.EDU.IMEP:DSD_EAG_UOE_FIN@DF_UOE_FIN_NATURE_STAFF(3.1),CZE,EXP,ISCED11_1T8,_T,INST_EDU_PUB,CUR_LC,Q,USD_PPP,NATURE,2022,8823.14151182445,A,6,0,2020,X7
OECD.EDU.IMEP:DSD_EAG_UOE_FIN@DF_UOE_FIN_NATURE_STAFF(3.1),EST,EXP,ISCED11_1T8,_T,INST_EDU_PUB,CUR_LC,Q,USD_PPP,NATURE,2022,1143.98780751428,A,6,0,2020,X7
OECD.EDU.IMEP:DSD_EAG_UOE_FIN@DF_UOE_FIN_NATURE_STAFF(3.1),FIN,EXP,ISCED11_1T8,_T,INST_EDU_PUB,CUR_LC,Q,USD_PPP,NATURE,2022,6069.82835305653,A,6,0,2020,X7
OECD.EDU.IMEP:DSD_EAG_UOE_FIN@DF_UOE_FIN_NATURE_STAFF(3.1),GRC,EXP,ISCED11_1T8,_T,INST_EDU_PUB,CUR_LC,Q,USD_PPP,NATURE,2022,6694.02219962085,A,6,0,2020,X7
OECD.EDU.IMEP:DSD_EAG_UOE_FIN@DF_UOE_FIN_NATURE_STAFF(3.1),HUN,EXP,ISCED11_1T8,_T,INST_EDU_PUB,CUR_LC,Q,USD_PPP,NATURE,2022,3854.4232506709,A,6,0,2020,X7
OECD.EDU.IMEP:DSD_EAG_UOE_FIN@DF_UOE_FIN_NATURE_STAFF(3.1),ITA,EXP,ISCED11_1T8,_T,INST_EDU_PUB,CUR_LC,Q,USD_PPP,NATURE,2022,74123.6100780361,A,6,0,2020,X7
OECD.EDU.IMEP:DSD_EAG_UOE_FIN@DF_UOE_FIN_NATURE_STAFF(3.1),KOR,EXP,ISCED11_1T8,_T,INST_EDU_PUB,CUR_LC,Q,USD_PPP,NATURE,2022,45420.3287091708,A,6,0,2020,X7
OECD.EDU.IMEP:DSD_EAG_UOE_FIN@DF_UOE_FIN_NATURE_STAFF(3.1),LVA,EXP,ISCED11_1T8,_T,INST_EDU_PUB,CUR_LC,Q,USD_PPP,NATURE,2022,950.573980992384,A,6,0,2020,X7
OECD.EDU.IMEP:DSD_EAG_UOE_FIN@DF_UOE_FIN_NATURE_STAFF(3.1),LTU,EXP,ISCED11_1T8,_T,INST_EDU_PUB,CUR_LC,Q,USD_PPP,NATURE,2022,2865.77254713519,A,6,0,2020,X7
OECD.EDU.IMEP:DSD_EAG_UOE_FIN@DF_UOE_FIN_NATURE_STAFF(3.1),LUX,EXP,ISCED11_1T8,_T,INST_EDU_PUB,CUR_LC,Q,USD_PPP,NATURE,2022,1585.64912808593,A,6,0,2020,X7
OECD.EDU.IMEP:DSD_EAG_UOE_FIN@DF_UOE_FIN_NATURE_STAFF(3.1),MEX,EXP,ISCED11_1T8,_T,INST_EDU_PUB,CUR_LC,Q,USD_PPP,NATURE,2022,70293.5912032479,A,6,0,2020,X7
OECD.EDU.IMEP:DSD_EAG_UOE_FIN@DF_UOE_FIN_NATURE_STAFF(3.1),NOR,EXP,ISCED11_1T8,_T,INST_EDU_PUB,CUR_LC,Q,USD_PPP,NATURE,2022,10336.2558330278,A,6,0,2020,X7
OECD.EDU.IMEP:DSD_EAG_UOE_FIN@DF_UOE_FIN_NATURE_STAFF(3.1),POL,EXP,ISCED11_1T8,_T,INST_EDU_PUB,CUR_LC,Q,USD_PPP,NATURE,2022,32172.1484609434,A,6,0,2020,X7
OECD.EDU.IMEP:DSD_EAG_UOE_FIN@DF_UOE_FIN_NATURE_STAFF(3.1),SVK,EXP,ISCED11_1T8,_T,INST_EDU_PUB,CUR_LC,Q,USD_PPP,NATURE,2022,3686.96554611187,A,6,0,2020,X7
OECD.EDU.IMEP:DSD_EAG_UOE_FIN@DF_UOE_FIN_NATURE_STAFF(3.1),SVN,EXP,ISCED11_1T8,_T,INST_EDU_PUB,CUR_LC,Q,USD_PPP,NATURE,2022,2581.78158943242,A,6,0,2020,X7
OECD.EDU.IMEP:DSD_EAG_UOE_FIN@DF_UOE_FIN_NATURE_STAFF(3.1),SWE,EXP,ISCED11_1T8,_T,INST_EDU_PUB,CUR_LC,Q,USD_PPP,NATURE,2022,12502.1919494867,A,6,0,2020,X7
OECD.EDU.IMEP:DSD_EAG_UOE_FIN@DF_UOE_FIN_NATURE_STAFF(3.1),AUT,EXP,ISCED11_1T8,_T,INST_EDU_PUB,CUR_LC,Q,USD_PPP,NATURE,2018,14968.3214823396,A,6,0,2020,X7
OECD.EDU.IMEP:DSD_EAG_UOE_FIN@DF_UOE_FIN_NATURE_STAFF(3.1),CAN,EXP,ISCED11_1T8,_T,INST_EDU_PUB,CUR_LC,Q,USD_PPP,NATURE,2018,58908.3127091665,A,6,0,2020,X7
OECD.EDU.IMEP:DSD_EAG_UOE_FIN@DF_UOE_FIN_NATURE_STAFF(3.1),CRI,EXP,ISCED11_1T8,_T,INST_EDU_PUB,CUR_LC,Q,USD_PPP,NATURE,2018,413.289476478167,A,6,0,2020,X7
OECD.EDU.IMEP:DSD_EAG_UOE_FIN@DF_UOE_FIN_NATURE_STAFF(3.1),CZE,EXP,ISCED11_1T8,_T,INST_EDU_PUB,CUR_LC,Q,USD_PPP,NATURE,2018,7371.91739476495,A,6,0,2020,X7
OECD.EDU.IMEP:DSD_EAG_UOE_FIN@DF_UOE_FIN_NATURE_STAFF(3.1),EST,EXP,ISCED11_1T8,_T,INST_EDU_PUB,CUR_LC,Q,USD_PPP,NATURE,2018,1063.06463800785,A,6,0,2020,X7
OECD.EDU.IMEP:DSD_EAG_UOE_FIN@DF_UOE_FIN_NATURE_STAFF(3.1),FIN,EXP,ISCED11_1T8,_T,INST_EDU_PUB,CUR_LC,Q,USD_PPP,NATURE,2018,5980.80069624255,A,6,0,2020,X7
OECD.EDU.IMEP:DSD_EAG_UOE_FIN@DF_UOE_FIN_NATURE_STAFF(3.1),GRC,EXP,ISCED11_1T8,_T,INST_EDU_PUB,CUR_LC,Q,USD_PPP,NATURE,2018,6471.23839374315,A,6,0,2020,X7
OECD.EDU.IMEP:DSD_EAG_UOE_FIN@DF_UOE_FIN_NATURE_STAFF(3.1),HUN,EXP,ISCED11_1T8,_T,INST_EDU_PUB,CUR_LC,Q,USD_PPP,NATURE,2018,5065.05239707374,A,6,0,2020,X7
OECD.EDU.IMEP:DSD_EAG_UOE_FIN@DF_UOE_FIN_NATURE_STAFF(3.1),ITA,EXP,ISCED11_1T8,_T,INST_EDU_PUB,CUR_LC,Q,USD_PPP,NATURE,2018,71247.0032787778,A,6,0,2020,X7
OECD.EDU.IMEP:DSD_EAG_UOE_FIN@DF_UOE_FIN_NATURE_STAFF(3.1),KOR,EXP,ISCED11_1T8,_T,INST_EDU_PUB,CUR_LC,Q,USD_PPP,NATURE,2018,41894.4645198255,A,6,0,2020,X7
OECD.EDU.IMEP:DSD_EAG_UOE_FIN@DF_UOE_FIN_NATURE_STAFF(3.1),LVA,EXP,ISCED11_1T8,_T,INST_EDU_PUB,CUR_LC,Q,USD_PPP,NATURE,2018,953.812161151242,A,6,0,2020,X7
OECD.EDU.IMEP:DSD_EAG_UOE_FIN@DF_UOE_FIN_NATURE_STAFF(3.1),LTU,EXP,ISCED11_1T8,_T,INST_EDU_PUB,CUR_LC,Q,USD_PPP,NATURE,2018,1879.56212977614,A,6,0,2020,X7
OECD.EDU.IMEP:DSD_EAG_UOE_FIN@DF_UOE_FIN_NATURE_STAFF(3.1),LUX,EXP,ISCED11_1T8,_T,INST_EDU_PUB,CUR_LC,Q,USD_PPP,NATURE,2018,1364.24931325788,A,6,0,2020,X7
OECD.EDU.IMEP:DSD_EAG_UOE_FIN@DF_UOE_FIN_NATURE_STAFF(3.1),MEX,EXP,ISCED11_1T8,_T,INST_EDU_PUB,CUR_LC,Q,USD_PPP,NATURE,2018,72111.2396685981,A,6,0,2020,X7
OECD.EDU.IMEP:DSD_EAG_UOE_FIN@DF_UOE_FIN_NATURE_STAFF(3.1),NOR,EXP,ISCED11_1T8,_T,INST_EDU_PUB,CUR_LC,Q,USD_PPP,NATURE,2018,10301.7706059296,A,6,0,2020,X7
OECD.EDU.IMEP:DSD_EAG_UOE_FIN@DF_UOE_FIN_NATURE_STAFF(3.1),POL,EXP,ISCED11_1T8,_T,INST_EDU_PUB,CUR_LC,Q,USD_PPP,NATURE,2018,30276.7113533471,A,6,0,2020,X7
OECD.EDU.IMEP:DSD_EAG_UOE_FIN@DF_UOE_FIN_NATURE_STAFF(3.1),SVK,EXP,ISCED11_1T8,_T,INST_EDU_PUB,CUR_LC,Q,USD_PPP,NATURE,2018,3139.38091065123,A,6,0,2020,X7
OECD.EDU.IMEP:DSD_EAG_UOE_FIN@DF_UOE_FIN_NATURE_STAFF(3.1),SVN,EXP,ISCED11_1T8,_T,INST_EDU_PUB,CUR_LC,Q,USD_PPP,NATURE,2018,2249.90755898339,A,6,0,2020,X7
OECD.EDU.IMEP:DSD_EAG_UOE_FIN@DF_UOE_FIN_NATURE_STAFF(3.1),SWE,EXP,ISCED11_1T8,_T,INST_EDU_PUB,CUR_LC,Q,USD_PPP,NATURE,2018,12841.2724834719,A,6,0,2020,X7
OECD.EDU.IMEP:DSD_EAG_UOE_FIN@DF_UOE_FIN_NATURE_STAFF(3.1),AUS,EXP,ISCED11_1T8,_T,INST_EDU_PUB,CUR_LC,Q,USD_PPP,NATURE,2021,30615.6220065056,A,6,0,2020,X7
OECD.EDU.IMEP:DSD_EAG_UOE_FIN@DF_UOE_FIN_NATURE_STAFF(3.1),AUT,EXP,ISCED11_1T8,_T,INST_EDU_PUB,CUR_LC,Q,USD_PPP,NATURE,2021,15345.4034030875,A,6,0,2020,X7
OECD.EDU.IMEP:DSD_EAG_UOE_FIN@DF_UOE_FIN_NATURE_STAFF(3.1),CAN,EXP,ISCED11_1T8,_T,INST_EDU_PUB,CUR_LC,Q,USD_PPP,NATURE,2021,59202.5072480961,A,6,0,2020,X7
OECD.EDU.IMEP:DSD_EAG_UOE_FIN@DF_UOE_FIN_NATURE_STAFF(3.1),CHL,EXP,ISCED11_1T8,_T,INST_EDU_PUB,CUR_LC,Q,USD_PPP,NATURE,2021,7246.79829674903,A,6,0,2020,X7
OECD.EDU.IMEP:DSD_EAG_UOE_FIN@DF_UOE_FIN_NATURE_STAFF(3.1),CZE,EXP,ISCED11_1T8,_T,INST_EDU_PUB,CUR_LC,Q,USD_PPP,NATURE,2021,9173.30746901072,A,6,0,2020,X7
OECD.EDU.IMEP:DSD_EAG_UOE_FIN@DF_UOE_FIN_NATURE_STAFF(3.1),EST,EXP,ISCED11_1T8,_T,INST_EDU_PUB,CUR_LC,Q,USD_PPP,NATURE,2021,1156.44817902141,A,6,0,2020,X7
OECD.EDU.IMEP:DSD_EAG_UOE_FIN@DF_UOE_FIN_NATURE_STAFF(3.1),FIN,EXP,ISCED11_1T8,_T,INST_EDU_PUB,CUR_LC,Q,USD_PPP,NATURE,2021,6303.07837128388,A,6,0,2020,X7
OECD.EDU.IMEP:DSD_EAG_UOE_FIN@DF_UOE_FIN_NATURE_STAFF(3.1),HUN,EXP,ISCED11_1T8,_T,INST_EDU_PUB,CUR_LC,Q,USD_PPP,NATURE,2021,4677.52464849342,A,6,0,2020,X7
OECD.EDU.IMEP:DSD_EAG_UOE_FIN@DF_UOE_FIN_NATURE_STAFF(3.1),ITA,EXP,ISCED11_1T8,_T,INST_EDU_PUB,CUR_LC,Q,USD_PPP,NATURE,2021,71356.2144811656,A,6,0,2020,X7
OECD.EDU.IMEP:DSD_EAG_UOE_FIN@DF_UOE_FIN_NATURE_STAFF(3.1),KOR,EXP,ISCED11_1T8,_T,INST_EDU_PUB,CUR_LC,Q,USD_PPP,NATURE,2021,44631.9448047988,A,6,0,2020,X7
OECD.EDU.IMEP:DSD_EAG_UOE_FIN@DF_UOE_FIN_NATURE_STAFF(3.1),LVA,EXP,ISCED11_1T8,_T,INST_EDU_PUB,CUR_LC,Q,USD_PPP,NATURE,2021,1016.33729052935,A,6,0,2020,X7
OECD.EDU.IMEP:DSD_EAG_UOE_FIN@DF_UOE_FIN_NATURE_STAFF(3.1),LTU,EXP,ISCED11_1T8,_T,INST_EDU_PUB,CUR_LC,Q,USD_PPP,NATURE,2021,2827.58315463296,A,6,0,2020,X7
OECD.EDU.IMEP:DSD_EAG_UOE_FIN@DF_UOE_FIN_NATURE_STAFF(3.1),LUX,EXP,ISCED11_1T8,_T,INST_EDU_PUB,CUR_LC,Q,USD_PPP,NATURE,2021,1564.65536269768,A,6,0,2020,X7
OECD.EDU.IMEP:DSD_EAG_UOE_FIN@DF_UOE_FIN_NATURE_STAFF(3.1),MEX,EXP,ISCED11_1T8,_T,INST_EDU_PUB,CUR_LC,Q,USD_PPP,NATURE,2021,69052.7089132475,A,6,0,2020,X7
OECD.EDU.IMEP:DSD_EAG_UOE_FIN@DF_UOE_FIN_NATURE_STAFF(3.1),NOR,EXP,ISCED11_1T8,_T,INST_EDU_PUB,CUR_LC,Q,USD_PPP,NATURE,2021,10444.0633005239,A,6,0,2020,X7
OECD.EDU.IMEP:DSD_EAG_UOE_FIN@DF_UOE_FIN_NATURE_STAFF(3.1),POL,EXP,ISCED11_1T8,_T,INST_EDU_PUB,CUR_LC,Q,USD_PPP,NATURE,2021,33613.1232280121,A,6,0,2020,X7
OECD.EDU.IMEP:DSD_EAG_UOE_FIN@DF_UOE_FIN_NATURE_STAFF(3.1),SVK,EXP,ISCED11_1T8,_T,INST_EDU_PUB,CUR_LC,Q,USD_PPP,NATURE,2021,3822.38318508126,A,6,0,2020,X7
OECD.EDU.IMEP:DSD_EAG_UOE_FIN@DF_UOE_FIN_NATURE_STAFF(3.1),SVN,EXP,ISCED11_1T8,_T,INST_EDU_PUB,CUR_LC,Q,USD_PPP,NATURE,2021,2772.01840114694,A,6,0,2020,X7
OECD.EDU.IMEP:DSD_EAG_UOE_FIN@DF_UOE_FIN_NATURE_STAFF(3.1),SWE,EXP,ISCED11_1T8,_T,INST_EDU_PUB,CUR_LC,Q,USD_PPP,NATURE,2021,13319.3921454164,A,6,0,2020,X7
OECD.EDU.IMEP:DSD_EAG_UOE_FIN@DF_UOE_FIN_NATURE_STAFF(3.1),AUT,EXP,ISCED11_1T8,_T,INST_EDU_PUB,CUR_LC,Q,USD_PPP,NATURE,2019,15193.8779899539,A,6,0,2020,X7
OECD.EDU.IMEP:DSD_EAG_UOE_FIN@DF_UOE_FIN_NATURE_STAFF(3.1),CAN,EXP,ISCED11_1T8,_T,INST_EDU_PUB,CUR_LC,Q,USD_PPP,NATURE,2019,60585.272567709,A,6,0,2020,X7
OECD.EDU.IMEP:DSD_EAG_UOE_FIN@DF_UOE_FIN_NATURE_STAFF(3.1),CRI,EXP,ISCED11_1T8,_T,INST_EDU_PUB,CUR_LC,Q,USD_PPP,NATURE,2019,415.460112029824,A,6,0,2020,X7
OECD.EDU.IMEP:DSD_EAG_UOE_FIN@DF_UOE_FIN_NATURE_STAFF(3.1),CZE,EXP,ISCED11_1T8,_T,INST_EDU_PUB,CUR_LC,Q,USD_PPP,NATURE,2019,8210.7270180628,A,6,0,2020,X7
OECD.EDU.IMEP:DSD_EAG_UOE_FIN@DF_UOE_FIN_NATURE_STAFF(3.1),EST,EXP,ISCED11_1T8,_T,INST_EDU_PUB,CUR_LC,Q,USD_PPP,NATURE,2019,1114.82978988891,A,6,0,2020,X7
OECD.EDU.IMEP:DSD_EAG_UOE_FIN@DF_UOE_FIN_NATURE_STAFF(3.1),FIN,EXP,ISCED11_1T8,_T,INST_EDU_PUB,CUR_LC,Q,USD_PPP,NATURE,2019,6091.63224847036,A,6,0,2020,X7
OECD.EDU.IMEP:DSD_EAG_UOE_FIN@DF_UOE_FIN_NATURE_STAFF(3.1),GRC,EXP,ISCED11_1T8,_T,INST_EDU_PUB,CUR_LC,Q,USD_PPP,NATURE,2019,6708.34243720996,A,6,0,2020,X7
OECD.EDU.IMEP:DSD_EAG_UOE_FIN@DF_UOE_FIN_NATURE_STAFF(3.1),HUN,EXP,ISCED11_1T8,_T,INST_EDU_PUB,CUR_LC,Q,USD_PPP,NATURE,2019,5205.31803294318,A,6,0,2020,X7
OECD.EDU.IMEP:DSD_EAG_UOE_FIN@DF_UOE_FIN_NATURE_STAFF(3.1),ITA,EXP,ISCED11_1T8,_T,INST_EDU_PUB,CUR_LC,Q,USD_PPP,NATURE,2019,70815.5653255993,A,6,0,2020,X7
OECD.EDU.IMEP:DSD_EAG_UOE_FIN@DF_UOE_FIN_NATURE_STAFF(3.1),KOR,EXP,ISCED11_1T8,_T,INST_EDU_PUB,CUR_LC,Q,USD_PPP,NATURE,2019,44258.9225790225,A,6,0,2020,X7
OECD.EDU.IMEP:DSD_EAG_UOE_FIN@DF_UOE_FIN_NATURE_STAFF(3.1),LVA,EXP,ISCED11_1T8,_T,INST_EDU_PUB,CUR_LC,Q,USD_PPP,NATURE,2019,942.221624041838,A,6,0,2020,X7
OECD.EDU.IMEP:DSD_EAG_UOE_FIN@DF_UOE_FIN_NATURE_STAFF(3.1),LTU,EXP,ISCED11_1T8,_T,INST_EDU_PUB,CUR_LC,Q,USD_PPP,NATURE,2019,2613.66052763034,A,6,0,2020,X7
OECD.EDU.IMEP:DSD_EAG_UOE_FIN@DF_UOE_FIN_NATURE_STAFF(3.1),LUX,EXP,ISCED11_1T8,_T,INST_EDU_PUB,CUR_LC,Q,USD_PPP,NATURE,2019,1467.82994883618,A,6,0,2020,X7
OECD.EDU.IMEP:DSD_EAG_UOE_FIN@DF_UOE_FIN_NATURE_STAFF(3.1),MEX,EXP,ISCED11_1T8,_T,INST_EDU_PUB,CUR_LC,Q,USD_PPP,NATURE,2019,71426.2269133456,A,6,0,2020,X7
OECD.EDU.IMEP:DSD_EAG_UOE_FIN@DF_UOE_FIN_NATURE_STAFF(3.1),NOR,EXP,ISCED11_1T8,_T,INST_EDU_PUB,CUR_LC,Q,USD_PPP,NATURE,2019,10494.5089466615,A,6,0,2020,X7
OECD.EDU.IMEP:DSD_EAG_UOE_FIN@DF_UOE_FIN_NATURE_STAFF(3.1),POL,EXP,ISCED11_1T8,_T,INST_EDU_PUB,CUR_LC,Q,USD_PPP,NATURE,2019,32278.0460101028,A,6,0,2020,X7
OECD.EDU.IMEP:DSD_EAG_UOE_FIN@DF_UOE_FIN_NATURE_STAFF(3.1),SVK,EXP,ISCED11_1T8,_T,INST_EDU_PUB,CUR_LC,Q,USD_PPP,NATURE,2019,3459.72924579578,A,6,0,2020,X7
OECD.EDU.IMEP:DSD_EAG_UOE_FIN@DF_UOE_FIN_NATURE_STAFF(3.1),SVN,EXP,ISCED11_1T8,_T,INST_EDU_PUB,CUR_LC,Q,USD_PPP,NATURE,2019,2338.14955136007,A,6,0,2020,X7
OECD.EDU.IMEP:DSD_EAG_UOE_FIN@DF_UOE_FIN_NATURE_STAFF(3.1),SWE,EXP,ISCED11_1T8,_T,INST_EDU_PUB,CUR_LC,Q,USD_PPP,NATURE,2019,13074.4044436393,A,6,0,2020,X7
OECD.EDU.IMEP:DSD_EAG_UOE_FIN@DF_UOE_FIN_NATURE_STAFF(3.1),AUT,EXP,ISCED11_1T8,_T,INST_EDU_PUB,CUR_LC,Q,USD_PPP,NATURE,2017,15006.5070535451,A,6,0,2020,X7
OECD.EDU.IMEP:DSD_EAG_UOE_FIN@DF_UOE_FIN_NATURE_STAFF(3.1),CAN,EXP,ISCED11_1T8,_T,INST_EDU_PUB,CUR_LC,Q,USD_PPP,NATURE,2017,57995.4722814334,A,6,0,2020,X7
OECD.EDU.IMEP:DSD_EAG_UOE_FIN@DF_UOE_FIN_NATURE_STAFF(3.1),CZE,EXP,ISCED11_1T8,_T,INST_EDU_PUB,CUR_LC,Q,USD_PPP,NATURE,2017,6662.65085389026,A,6,0,2020,X7
OECD.EDU.IMEP:DSD_EAG_UOE_FIN@DF_UOE_FIN_NATURE_STAFF(3.1),EST,EXP,ISCED11_1T8,_T,INST_EDU_PUB,CUR_LC,Q,USD_PPP,NATURE,2017,995.625240567872,A,6,0,2020,X7
OECD.EDU.IMEP:DSD_EAG_UOE_FIN@DF_UOE_FIN_NATURE_STAFF(3.1),FIN,EXP,ISCED11_1T8,_T,INST_EDU_PUB,CUR_LC,Q,USD_PPP,NATURE,2017,6020.95212217772,A,6,0,2020,X7
OECD.EDU.IMEP:DSD_EAG_UOE_FIN@DF_UOE_FIN_NATURE_STAFF(3.1),GRC,EXP,ISCED11_1T8,_T,INST_EDU_PUB,CUR_LC,Q,USD_PPP,NATURE,2017,6212.20994079962,A,6,0,2020,X7
OECD.EDU.IMEP:DSD_EAG_UOE_FIN@DF_UOE_FIN_NATURE_STAFF(3.1),HUN,EXP,ISCED11_1T8,_T,INST_EDU_PUB,CUR_LC,Q,USD_PPP,NATURE,2017,4909.59675623486,A,6,0,2020,X7
OECD.EDU.IMEP:DSD_EAG_UOE_FIN@DF_UOE_FIN_NATURE_STAFF(3.1),ITA,EXP,ISCED11_1T8,_T,INST_EDU_PUB,CUR_LC,Q,USD_PPP,NATURE,2017,57621.5138525593,A,6,0,2020,X7
OECD.EDU.IMEP:DSD_EAG_UOE_FIN@DF_UOE_FIN_NATURE_STAFF(3.1),KOR,EXP,ISCED11_1T8,_T,INST_EDU_PUB,CUR_LC,Q,USD_PPP,NATURE,2017,39974.5144195493,A,6,0,2020,X7
OECD.EDU.IMEP:DSD_EAG_UOE_FIN@DF_UOE_FIN_NATURE_STAFF(3.1),LVA,EXP,ISCED11_1T8,_T,INST_EDU_PUB,CUR_LC,Q,USD_PPP,NATURE,2017,1004.76807129506,A,6,0,2020,X7
OECD.EDU.IMEP:DSD_EAG_UOE_FIN@DF_UOE_FIN_NATURE_STAFF(3.1),LTU,EXP,ISCED11_1T8,_T,INST_EDU_PUB,CUR_LC,Q,USD_PPP,NATURE,2017,1857.9432278738,A,6,0,2020,X7
OECD.EDU.IMEP:DSD_EAG_UOE_FIN@DF_UOE_FIN_NATURE_STAFF(3.1),LUX,EXP,ISCED11_1T8,_T,INST_EDU_PUB,CUR_LC,Q,USD_PPP,NATURE,2017,1401.53871314162,A,6,0,2020,X7
OECD.EDU.IMEP:DSD_EAG_UOE_FIN@DF_UOE_FIN_NATURE_STAFF(3.1),MEX,EXP,ISCED11_1T8,_T,INST_EDU_PUB,CUR_LC,Q,USD_PPP,NATURE,2017,74051.5157242897,A,6,0,2020,X7
OECD.EDU.IMEP:DSD_EAG_UOE_FIN@DF_UOE_FIN_NATURE_STAFF(3.1),POL,EXP,ISCED11_1T8,_T,INST_EDU_PUB,CUR_LC,Q,USD_PPP,NATURE,2017,28763.6171651125,A,6,0,2020,X7
OECD.EDU.IMEP:DSD_EAG_UOE_FIN@DF_UOE_FIN_NATURE_STAFF(3.1),PRT,EXP,ISCED11_1T8,_T,INST_EDU_PUB,CUR_LC,Q,USD_PPP,NATURE,2017,2064.3523190382,A,6,0,2020,X7
OECD.EDU.IMEP:DSD_EAG_UOE_FIN@DF_UOE_FIN_NATURE_STAFF(3.1),SVK,EXP,ISCED11_1T8,_T,INST_EDU_PUB,CUR_LC,Q,USD_PPP,NATURE,2017,3053.47309812326,A,6,0,2020,X7
OECD.EDU.IMEP:DSD_EAG_UOE_FIN@DF_UOE_FIN_NATURE_STAFF(3.1),SVN,EXP,ISCED11_1T8,_T,INST_EDU_PUB,CUR_LC,Q,USD_PPP,NATURE,2017,2223.20316068307,A,6,0,2020,X7
OECD.EDU.IMEP:DSD_EAG_UOE_FIN@DF_UOE_FIN_NATURE_STAFF(3.1),SWE,EXP,ISCED11_1T8,_T,INST_EDU_PUB,CUR_LC,Q,USD_PPP,NATURE,2017,12630.3511216335,A,6,0,2020,X7
OECD.EDU.IMEP:DSD_EAG_UOE_FIN@DF_UOE_FIN_NATURE_STAFF(3.1),AUT,EXP,ISCED11_1T8,_T,INST_EDU_PUB,CUR_LC,Q,USD_PPP,NATURE,2015,14619.4870033174,A,6,0,2020,X7
OECD.EDU.IMEP:DSD_EAG_UOE_FIN@DF_UOE_FIN_NATURE_STAFF(3.1),CAN,EXP,ISCED11_1T8,_T,INST_EDU_PUB,CUR_LC,Q,USD_PPP,NATURE,2015,56443.3356040045,A,6,0,2020,X7
OECD.EDU.IMEP:DSD_EAG_UOE_FIN@DF_UOE_FIN_NATURE_STAFF(3.1),CZE,EXP,ISCED11_1T8,_T,INST_EDU_PUB,CUR_LC,Q,USD_PPP,NATURE,2015,5903.55290305832,A,6,0,2020,X7
OECD.EDU.IMEP:DSD_EAG_UOE_FIN@DF_UOE_FIN_NATURE_STAFF(3.1),EST,EXP,ISCED11_1T8,_T,INST_EDU_PUB,CUR_LC,Q,USD_PPP,NATURE,2015,679.207800799236,A,6,0,2020,X7
OECD.EDU.IMEP:DSD_EAG_UOE_FIN@DF_UOE_FIN_NATURE_STAFF(3.1),FIN,EXP,ISCED11_1T8,_T,INST_EDU_PUB,CUR_LC,Q,USD_PPP,NATURE,2015,6246.43701127156,A,6,0,2020,X7
OECD.EDU.IMEP:DSD_EAG_UOE_FIN@DF_UOE_FIN_NATURE_STAFF(3.1),GRC,EXP,ISCED11_1T8,_T,INST_EDU_PUB,CUR_LC,Q,USD_PPP,NATURE,2015,6182.8144979654,A,6,0,2020,X7
OECD.EDU.IMEP:DSD_EAG_UOE_FIN@DF_UOE_FIN_NATURE_STAFF(3.1),HUN,EXP,ISCED11_1T8,_T,INST_EDU_PUB,CUR_LC,Q,USD_PPP,NATURE,2015,4773.22167337125,A,6,0,2020,X7
OECD.EDU.IMEP:DSD_EAG_UOE_FIN@DF_UOE_FIN_NATURE_STAFF(3.1),KOR,EXP,ISCED11_1T8,_T,INST_EDU_PUB,CUR_LC,Q,USD_PPP,NATURE,2015,39270.7189204477,A,6,0,2020,X7
OECD.EDU.IMEP:DSD_EAG_UOE_FIN@DF_UOE_FIN_NATURE_STAFF(3.1),LVA,EXP,ISCED11_1T8,_T,INST_EDU_PUB,CUR_LC,Q,USD_PPP,NATURE,2015,925.12036969311,A,6,0,2020,X7
OECD.EDU.IMEP:DSD_EAG_UOE_FIN@DF_UOE_FIN_NATURE_STAFF(3.1),LTU,EXP,ISCED11_1T8,_T,INST_EDU_PUB,CUR_LC,Q,USD_PPP,NATURE,2015,1874.54185173357,A,6,0,2020,X7
OECD.EDU.IMEP:DSD_EAG_UOE_FIN@DF_UOE_FIN_NATURE_STAFF(3.1),LUX,EXP,ISCED11_1T8,_T,INST_EDU_PUB,CUR_LC,Q,USD_PPP,NATURE,2015,1425.54461660001,A,6,0,2020,X7
OECD.EDU.IMEP:DSD_EAG_UOE_FIN@DF_UOE_FIN_NATURE_STAFF(3.1),NOR,EXP,ISCED11_1T8,_T,INST_EDU_PUB,CUR_LC,Q,USD_PPP,NATURE,2015,9661.31199834909,A,6,0,2020,X7
OECD.EDU.IMEP:DSD_EAG_UOE_FIN@DF_UOE_FIN_NATURE_STAFF(3.1),POL,EXP,ISCED11_1T8,_T,INST_EDU_PUB,CUR_LC,Q,USD_PPP,NATURE,2015,28805.2868659891,A,6,0,2020,X7
OECD.EDU.IMEP:DSD_EAG_UOE_FIN@DF_UOE_FIN_NATURE_STAFF(3.1),SVK,EXP,ISCED11_1T8,_T,INST_EDU_PUB,CUR_LC,Q,USD_PPP,NATURE,2015,2776.77846253462,A,6,0,2020,X7
OECD.EDU.IMEP:DSD_EAG_UOE_FIN@DF_UOE_FIN_NATURE_STAFF(3.1),SVN,EXP,ISCED11_1T8,_T,INST_EDU_PUB,CUR_LC,Q,USD_PPP,NATURE,2015,2112.57532279816,A,6,0,2020,X7
OECD.EDU.IMEP:DSD_EAG_UOE_FIN@DF_UOE_FIN_NATURE_STAFF(3.1),SWE,EXP,ISCED11_1T8,_T,INST_EDU_PUB,CUR_LC,Q,USD_PPP,NATURE,2015,11408.3997580753,A,6,0,2020,X7
OECD.EDU.IMEP:DSD_EAG_UOE_FIN@DF_UOE_FIN_NATURE_STAFF(3.1),AUT,EXP,ISCED11_1T8,_T,INST_EDU_PUB,CUR_LC,Q,USD_PPP,NATURE,2016,14805.7107045058,A,6,0,2020,X7
OECD.EDU.IMEP:DSD_EAG_UOE_FIN@DF_UOE_FIN_NATURE_STAFF(3.1),CAN,EXP,ISCED11_1T8,_T,INST_EDU_PUB,CUR_LC,Q,USD_PPP,NATURE,2016,57793.3174620706,A,6,0,2020,X7
OECD.EDU.IMEP:DSD_EAG_UOE_FIN@DF_UOE_FIN_NATURE_STAFF(3.1),CZE,EXP,ISCED11_1T8,_T,INST_EDU_PUB,CUR_LC,Q,USD_PPP,NATURE,2016,6162.61782179167,A,6,0,2020,X7
OECD.EDU.IMEP:DSD_EAG_UOE_FIN@DF_UOE_FIN_NATURE_STAFF(3.1),EST,EXP,ISCED11_1T8,_T,INST_EDU_PUB,CUR_LC,Q,USD_PPP,NATURE,2016,713.690431703964,A,6,0,2020,X7
OECD.EDU.IMEP:DSD_EAG_UOE_FIN@DF_UOE_FIN_NATURE_STAFF(3.1),FIN,EXP,ISCED11_1T8,_T,INST_EDU_PUB,CUR_LC,Q,USD_PPP,NATURE,2016,6155.16794171995,A,6,0,2020,X7
OECD.EDU.IMEP:DSD_EAG_UOE_FIN@DF_UOE_FIN_NATURE_STAFF(3.1),GRC,EXP,ISCED11_1T8,_T,INST_EDU_PUB,CUR_LC,Q,USD_PPP,NATURE,2016,6239.0166622578,A,6,0,2020,X7
OECD.EDU.IMEP:DSD_EAG_UOE_FIN@DF_UOE_FIN_NATURE_STAFF(3.1),HUN,EXP,ISCED11_1T8,_T,INST_EDU_PUB,CUR_LC,Q,USD_PPP,NATURE,2016,5041.25877930489,A,6,0,2020,X7
OECD.EDU.IMEP:DSD_EAG_UOE_FIN@DF_UOE_FIN_NATURE_STAFF(3.1),KOR,EXP,ISCED11_1T8,_T,INST_EDU_PUB,CUR_LC,Q,USD_PPP,NATURE,2016,39163.62064916,A,6,0,2020,X7
OECD.EDU.IMEP:DSD_EAG_UOE_FIN@DF_UOE_FIN_NATURE_STAFF(3.1),LVA,EXP,ISCED11_1T8,_T,INST_EDU_PUB,CUR_LC,Q,USD_PPP,NATURE,2016,975.420634555959,A,6,0,2020,X7
OECD.EDU.IMEP:DSD_EAG_UOE_FIN@DF_UOE_FIN_NATURE_STAFF(3.1),LTU,EXP,ISCED11_1T8,_T,INST_EDU_PUB,CUR_LC,Q,USD_PPP,NATURE,2016,1871.07520647254,A,6,0,2020,X7
OECD.EDU.IMEP:DSD_EAG_UOE_FIN@DF_UOE_FIN_NATURE_STAFF(3.1),LUX,EXP,ISCED11_1T8,_T,INST_EDU_PUB,CUR_LC,Q,USD_PPP,NATURE,2016,1344.14455112699,A,6,0,2020,X7
OECD.EDU.IMEP:DSD_EAG_UOE_FIN@DF_UOE_FIN_NATURE_STAFF(3.1),POL,EXP,ISCED11_1T8,_T,INST_EDU_PUB,CUR_LC,Q,USD_PPP,NATURE,2016,28954.5729217072,A,6,0,2020,X7
OECD.EDU.IMEP:DSD_EAG_UOE_FIN@DF_UOE_FIN_NATURE_STAFF(3.1),PRT,EXP,ISCED11_1T8,_T,INST_EDU_PUB,CUR_LC,Q,USD_PPP,NATURE,2016,2016.77830819096,A,6,0,2020,X7
OECD.EDU.IMEP:DSD_EAG_UOE_FIN@DF_UOE_FIN_NATURE_STAFF(3.1),SVK,EXP,ISCED11_1T8,_T,INST_EDU_PUB,CUR_LC,Q,USD_PPP,NATURE,2016,2947.10323831665,A,6,0,2020,X7
OECD.EDU.IMEP:DSD_EAG_UOE_FIN@DF_UOE_FIN_NATURE_STAFF(3.1),SVN,EXP,ISCED11_1T8,_T,INST_EDU_PUB,CUR_LC,Q,USD_PPP,NATURE,2016,2163.49276740662,A,6,0,2020,X7
OECD.EDU.IMEP:DSD_EAG_UOE_FIN@DF_UOE_FIN_NATURE_STAFF(3.1),SWE,EXP,ISCED11_1T8,_T,INST_EDU_PUB,CUR_LC,Q,USD_PPP,NATURE,2016,12077.5039672543,A,6,0,2020,X7
OECD.EDU.IMEP:DSD_EAG_UOE_FIN@DF_UOE_FIN_NATURE_STAFF(3.1),CRI,EXP,ISCED11_1T8,_T,INST_EDU_PUB,CUR_LC,Q,USD_PPP,NATURE,2023,1928.42641132507,A,6,0,2020,X7
OECD.EDU.IMEP:DSD_EAG_UOE_FIN@DF_UOE_FIN_NATURE_STAFF(3.1),AUS,EXP,ISCED11_1T8,_T,INST_EDU_PUB,CUR_LC,Q,USD_PPP,NATURE,2020,31166.9720055029,A,6,0,2020,X7
OECD.EDU.IMEP:DSD_EAG_UOE_FIN@DF_UOE_FIN_NATURE_STAFF(3.1),AUT,EXP,ISCED11_1T8,_T,INST_EDU_PUB,CUR_LC,Q,USD_PPP,NATURE,2020,15200.0661362049,A,6,0,2020,X7
OECD.EDU.IMEP:DSD_EAG_UOE_FIN@DF_UOE_FIN_NATURE_STAFF(3.1),CAN,EXP,ISCED11_1T8,_T,INST_EDU_PUB,CUR_LC,Q,USD_PPP,NATURE,2020,61992.8966646112,A,6,0,2020,X7
OECD.EDU.IMEP:DSD_EAG_UOE_FIN@DF_UOE_FIN_NATURE_STAFF(3.1),CRI,EXP,ISCED11_1T8,_T,INST_EDU_PUB,CUR_LC,Q,USD_PPP,NATURE,2020,417.383156113956,A,6,0,2020,X7
OECD.EDU.IMEP:DSD_EAG_UOE_FIN@DF_UOE_FIN_NATURE_STAFF(3.1),CZE,EXP,ISCED11_1T8,_T,INST_EDU_PUB,CUR_LC,Q,USD_PPP,NATURE,2020,8742.68112791266,A,6,0,2020,X7
OECD.EDU.IMEP:DSD_EAG_UOE_FIN@DF_UOE_FIN_NATURE_STAFF(3.1),EST,EXP,ISCED11_1T8,_T,INST_EDU_PUB,CUR_LC,Q,USD_PPP,NATURE,2020,1147.65858828188,A,6,0,2020,X7
OECD.EDU.IMEP:DSD_EAG_UOE_FIN@DF_UOE_FIN_NATURE_STAFF(3.1),FIN,EXP,ISCED11_1T8,_T,INST_EDU_PUB,CUR_LC,Q,USD_PPP,NATURE,2020,6267.21467824942,A,6,0,2020,X7
OECD.EDU.IMEP:DSD_EAG_UOE_FIN@DF_UOE_FIN_NATURE_STAFF(3.1),GRC,EXP,ISCED11_1T8,_T,INST_EDU_PUB,CUR_LC,Q,USD_PPP,NATURE,2020,6746.77010209454,A,6,0,2020,X7
OECD.EDU.IMEP:DSD_EAG_UOE_FIN@DF_UOE_FIN_NATURE_STAFF(3.1),HUN,EXP,ISCED11_1T8,_T,INST_EDU_PUB,CUR_LC,Q,USD_PPP,NATURE,2020,5067.98308935092,A,6,0,2020,X7
OECD.EDU.IMEP:DSD_EAG_UOE_FIN@DF_UOE_FIN_NATURE_STAFF(3.1),IRL,EXP,ISCED11_1T8,_T,INST_EDU_PUB,CUR_LC,Q,USD_PPP,NATURE,2020,183.746579387862,A,6,0,2020,X7
OECD.EDU.IMEP:DSD_EAG_UOE_FIN@DF_UOE_FIN_NATURE_STAFF(3.1),ITA,EXP,ISCED11_1T8,_T,INST_EDU_PUB,CUR_LC,Q,USD_PPP,NATURE,2020,70509.2662883604,A,6,0,2020,X7
OECD.EDU.IMEP:DSD_EAG_UOE_FIN@DF_UOE_FIN_NATURE_STAFF(3.1),KOR,EXP,ISCED11_1T8,_T,INST_EDU_PUB,CUR_LC,Q,USD_PPP,NATURE,2020,44634.8107301358,A,6,0,2020,X7
OECD.EDU.IMEP:DSD_EAG_UOE_FIN@DF_UOE_FIN_NATURE_STAFF(3.1),LVA,EXP,ISCED11_1T8,_T,INST_EDU_PUB,CUR_LC,Q,USD_PPP,NATURE,2020,971.628874013133,A,6,0,2020,X7
OECD.EDU.IMEP:DSD_EAG_UOE_FIN@DF_UOE_FIN_NATURE_STAFF(3.1),LTU,EXP,ISCED11_1T8,_T,INST_EDU_PUB,CUR_LC,Q,USD_PPP,NATURE,2020,2666.44518885597,A,6,0,2020,X7
OECD.EDU.IMEP:DSD_EAG_UOE_FIN@DF_UOE_FIN_NATURE_STAFF(3.1),LUX,EXP,ISCED11_1T8,_T,INST_EDU_PUB,CUR_LC,Q,USD_PPP,NATURE,2020,1550.7689444284,A,6,0,2020,X7
OECD.EDU.IMEP:DSD_EAG_UOE_FIN@DF_UOE_FIN_NATURE_STAFF(3.1),MEX,EXP,ISCED11_1T8,_T,INST_EDU_PUB,CUR_LC,Q,USD_PPP,NATURE,2020,69071.331474811,A,6,0,2020,X7
OECD.EDU.IMEP:DSD_EAG_UOE_FIN@DF_UOE_FIN_NATURE_STAFF(3.1),NOR,EXP,ISCED11_1T8,_T,INST_EDU_PUB,CUR_LC,Q,USD_PPP,NATURE,2020,10345.8122608289,A,6,0,2020,X7
OECD.EDU.IMEP:DSD_EAG_UOE_FIN@DF_UOE_FIN_NATURE_STAFF(3.1),POL,EXP,ISCED11_1T8,_T,INST_EDU_PUB,CUR_LC,Q,USD_PPP,NATURE,2020,33118.3169786077,A,6,0,2020,X7
OECD.EDU.IMEP:DSD_EAG_UOE_FIN@DF_UOE_FIN_NATURE_STAFF(3.1),SVK,EXP,ISCED11_1T8,_T,INST_EDU_PUB,CUR_LC,Q,USD_PPP,NATURE,2020,3722.89108344068,A,6,0,2020,X7
OECD.EDU.IMEP:DSD_EAG_UOE_FIN@DF_UOE_FIN_NATURE_STAFF(3.1),SVN,EXP,ISCED11_1T8,_T,INST_EDU_PUB,CUR_LC,Q,USD_PPP,NATURE,2020,2484.01486499943,A,6,0,2020,X7
OECD.EDU.IMEP:DSD_EAG_UOE_FIN@DF_UOE_FIN_NATURE_STAFF(3.1),SWE,EXP,ISCED11_1T8,_T,INST_EDU_PUB,CUR_LC,Q,USD_PPP,NATURE,2020,13178.0370277642,A,6,0,2020,X7
OECD.EDU.IMEP:DSD_EAG_UOE_FIN@DF_UOE_FIN_NATURE_STAFF(3.1),ITA,EXP,ISCED11_1T8,_T,INST_EDU_PRIV_GOV,CUR_NLC,Q,USD_PPP,NATURE,2015,0.0,A,6,0,2020,Y9
OECD.EDU.IMEP:DSD_EAG_UOE_FIN@DF_UOE_FIN_NATURE_STAFF(3.1),ITA,EXP,ISCED11_1T8,_T,INST_EDU_PRIV_GOV,CUR_LC,Q,USD_PPP,NATURE,2015,0.0,A,6,0,2020,Y7
OECD.EDU.IMEP:DSD_EAG_UOE_FIN@DF_UOE_FIN_NATURE_STAFF(3.1),ITA,EXP,ISCED11_1T8,_T,INST_EDU_PRIV_GOV,CUR_RET,Q,USD_PPP,NATURE,2015,0.0,A,6,0,2020,Y8
OECD.EDU.IMEP:DSD_EAG_UOE_FIN@DF_UOE_FIN_NATURE_STAFF(3.1),ITA,EXP,ISCED11_1T8,_T,INST_EDU_PRIV_GOV,CUR_RET,Q,USD_PPP,NATURE,2016,0.0,A,6,0,2020,Y8
OECD.EDU.IMEP:DSD_EAG_UOE_FIN@DF_UOE_FIN_NATURE_STAFF(3.1),ITA,EXP,ISCED11_1T8,_T,INST_EDU_PRIV_GOV,CUR_LC,Q,USD_PPP,NATURE,2016,0.0,A,6,0,2020,Y7
OECD.EDU.IMEP:DSD_EAG_UOE_FIN@DF_UOE_FIN_NATURE_STAFF(3.1),ITA,EXP,ISCED11_1T8,_T,INST_EDU_PRIV_GOV,CUR_NLC,Q,USD_PPP,NATURE,2016,0.0,A,6,0,2020,Y9
OECD.EDU.IMEP:DSD_EAG_UOE_FIN@DF_UOE_FIN_NATURE_STAFF(3.1),ITA,EXP,ISCED11_1T8,_T,INST_EDU_PRIV_GOV,CUR_NLC,Q,USD_PPP,NATURE,2017,0.0,A,6,0,2020,Y9
OECD.EDU.IMEP:DSD_EAG_UOE_FIN@DF_UOE_FIN_NATURE_STAFF(3.1),ITA,EXP,ISCED11_1T8,_T,INST_EDU_PRIV_GOV,CUR_LC,Q,USD_PPP,NATURE,2017,0.0,A,6,0,2020,Y7
OECD.EDU.IMEP:DSD_EAG_UOE_FIN@DF_UOE_FIN_NATURE_STAFF(3.1),ITA,EXP,ISCED11_1T8,_T,INST_EDU_PRIV_GOV,CUR_RET,Q,USD_PPP,NATURE,2017,0.0,A,6,0,2020,Y8
OECD.EDU.IMEP:DSD_EAG_UOE_FIN@DF_UOE_FIN_NATURE_STAFF(3.1),ITA,EXP,ISCED11_1T8,_T,INST_EDU_PRIV_GOV,CUR_RET,Q,USD_PPP,NATURE,2018,0.0,A,6,0,2020,Y8
OECD.EDU.IMEP:DSD_EAG_UOE_FIN@DF_UOE_FIN_NATURE_STAFF(3.1),ITA,EXP,ISCED11_1T8,_T,INST_EDU_PRIV_GOV,CUR_LC,Q,USD_PPP,NATURE,2018,0.0,A,6,0,2020,Y7
OECD.EDU.IMEP:DSD_EAG_UOE_FIN@DF_UOE_FIN_NATURE_STAFF(3.1),ITA,EXP,ISCED11_1T8,_T,INST_EDU_PRIV_GOV,CUR_NLC,Q,USD_PPP,NATURE,2018,0.0,A,6,0,2020,Y9
OECD.EDU.IMEP:DSD_EAG_UOE_FIN@DF_UOE_FIN_NATURE_STAFF(3.1),ITA,EXP,ISCED11_1T8,_T,INST_EDU_PRIV_GOV,CUR_NLC,Q,USD_PPP,NATURE,2019,0.0,A,6,0,2020,Y9
OECD.EDU.IMEP:DSD_EAG_UOE_FIN@DF_UOE_FIN_NATURE_STAFF(3.1),ITA,EXP,ISCED11_1T8,_T,INST_EDU_PRIV_GOV,CUR_LC,Q,USD_PPP,NATURE,2019,0.0,A,6,0,2020,Y7
OECD.EDU.IMEP:DSD_EAG_UOE_FIN@DF_UOE_FIN_NATURE_STAFF(3.1),ITA,EXP,ISCED11_1T8,_T,INST_EDU_PRIV_GOV,CUR_RET,Q,USD_PPP,NATURE,2019,0.0,A,6,0,2020,Y8
OECD.EDU.IMEP:DSD_EAG_UOE_FIN@DF_UOE_FIN_NATURE_STAFF(3.1),ITA,EXP,ISCED11_1T8,_T,INST_EDU_PRIV_GOV,CUR_RET,Q,USD_PPP,NATURE,2020,0.0,A,6,0,2020,Y8
OECD.EDU.IMEP:DSD_EAG_UOE_FIN@DF_UOE_FIN_NATURE_STAFF(3.1),ITA,EXP,ISCED11_1T8,_T,INST_EDU_PRIV_GOV,CUR_LC,Q,USD_PPP,NATURE,2020,0.0,A,6,0,2020,Y7
OECD.EDU.IMEP:DSD_EAG_UOE_FIN@DF_UOE_FIN_NATURE_STAFF(3.1),ITA,EXP,ISCED11_1T8,_T,INST_EDU_PRIV_GOV,CUR_NLC,Q,USD_PPP,NATURE,2020,0.0,A,6,0,2020,Y9
OECD.EDU.IMEP:DSD_EAG_UOE_FIN@DF_UOE_FIN_NATURE_STAFF(3.1),ITA,EXP,ISCED11_1T8,_T,INST_EDU_PRIV_GOV,CUR_NLC,Q,USD_PPP,NATURE,2021,0.0,A,6,0,2020,Y9
OECD.EDU.IMEP:DSD_EAG_UOE_FIN@DF_UOE_FIN_NATURE_STAFF(3.1),ITA,EXP,ISCED11_1T8,_T,INST_EDU_PRIV_GOV,CUR_LC,Q,USD_PPP,NATURE,2021,0.0,A,6,0,2020,Y7
OECD.EDU.IMEP:DSD_EAG_UOE_FIN@DF_UOE_FIN_NATURE_STAFF(3.1),ITA,EXP,ISCED11_1T8,_T,INST_EDU_PRIV_GOV,CUR_RET,Q,USD_PPP,NATURE,2021,0.0,A,6,0,2020,Y8
OECD.EDU.IMEP:DSD_EAG_UOE_FIN@DF_UOE_FIN_NATURE_STAFF(3.1),PRT,EXP,ISCED11_1T8,_T,INST_EDU_PRIV_GOV,CUR_LC,Q,USD_PPP,NATURE,2015,0.0,A,6,0,2020,Y7
OECD.EDU.IMEP:DSD_EAG_UOE_FIN@DF_UOE_FIN_NATURE_STAFF(3.1),PRT,EXP,ISCED11_1T8,_T,INST_EDU_PRIV_GOV,CUR_LC,Q,USD_PPP,NATURE,2022,0.0,A,6,0,2020,Y7
OECD.EDU.IMEP:DSD_EAG_UOE_FIN@DF_UOE_FIN_NATURE_STAFF(3.1),PRT,EXP,ISCED11_1T8,_T,INST_EDU_PRIV_GOV,CUR_RET,Q,USD_PPP,NATURE,2015,0.0,A,6,0,2020,Y8
OECD.EDU.IMEP:DSD_EAG_UOE_FIN@DF_UOE_FIN_NATURE_STAFF(3.1),PRT,EXP,ISCED11_1T8,_T,INST_EDU_PRIV_GOV,CUR_RET,Q,USD_PPP,NATURE,2022,0.0,A,6,0,2020,Y8
OECD.EDU.IMEP:DSD_EAG_UOE_FIN@DF_UOE_FIN_NATURE_STAFF(3.1),PRT,EXP,ISCED11_1T8,_T,INST_EDU_PRIV_GOV,CUR_NLC,Q,USD_PPP,NATURE,2015,0.0,A,6,0,2020,Y9
OECD.EDU.IMEP:DSD_EAG_UOE_FIN@DF_UOE_FIN_NATURE_STAFF(3.1),PRT,EXP,ISCED11_1T8,_T,INST_EDU_PRIV_GOV,CUR_NLC,Q,USD_PPP,NATURE,2022,0.0,A,6,0,2020,Y9
OECD.EDU.IMEP:DSD_EAG_UOE_FIN@DF_UOE_FIN_NATURE_STAFF(3.1),NOR,EXP,ISCED11_1T8,_T,INST_EDU_PRIV_GOV,CUR_NLC,Q,USD_PPP,NATURE,2015,0.0,A,6,0,2020,Y9
OECD.EDU.IMEP:DSD_EAG_UOE_FIN@DF_UOE_FIN_NATURE_STAFF(3.1),CAN,EXP,ISCED11_1T8,_T,INST_EDU_PRIV_GOV,CUR_RET,Q,USD_PPP,NATURE,2015,0.0,A,6,0,2020,Y8
OECD.EDU.IMEP:DSD_EAG_UOE_FIN@DF_UOE_FIN_NATURE_STAFF(3.1),CAN,EXP,ISCED11_1T8,_T,INST_EDU_PRIV_GOV,CUR_RET,Q,USD_PPP,NATURE,2016,0.0,A,6,0,2020,Y8
OECD.EDU.IMEP:DSD_EAG_UOE_FIN@DF_UOE_FIN_NATURE_STAFF(3.1),CAN,EXP,ISCED11_1T8,_T,INST_EDU_PRIV_GOV,CUR_RET,Q,USD_PPP,NATURE,2017,0.0,A,6,0,2020,Y8
OECD.EDU.IMEP:DSD_EAG_UOE_FIN@DF_UOE_FIN_NATURE_STAFF(3.1),CAN,EXP,ISCED11_1T8,_T,INST_EDU_PRIV_GOV,CUR_RET,Q,USD_PPP,NATURE,2018,0.0,A,6,0,2020,Y8
OECD.EDU.IMEP:DSD_EAG_UOE_FIN@DF_UOE_FIN_NATURE_STAFF(3.1),CAN,EXP,ISCED11_1T8,_T,INST_EDU_PRIV_GOV,CUR_RET,Q,USD_PPP,NATURE,2019,0.0,A,6,0,2020,Y8
OECD.EDU.IMEP:DSD_EAG_UOE_FIN@DF_UOE_FIN_NATURE_STAFF(3.1),CAN,EXP,ISCED11_1T8,_T,INST_EDU_PRIV_GOV,CUR_RET,Q,USD_PPP,NATURE,2020,0.0,A,6,0,2020,Y8
OECD.EDU.IMEP:DSD_EAG_UOE_FIN@DF_UOE_FIN_NATURE_STAFF(3.1),CAN,EXP,ISCED11_1T8,_T,INST_EDU_PRIV_GOV,CUR_RET,Q,USD_PPP,NATURE,2021,0.0,A,6,0,2020,Y8
OECD.EDU.IMEP:DSD_EAG_UOE_FIN@DF_UOE_FIN_NATURE_STAFF(3.1),CAN,EXP,ISCED11_1T8,_T,INST_EDU_PRIV_GOV,CUR_RET,Q,USD_PPP,NATURE,2022,0.0,A,6,0,2020,Y8
OECD.EDU.IMEP:DSD_EAG_UOE_FIN@DF_UOE_FIN_NATURE_STAFF(3.1),BEL,EXP,ISCED11_1T8,_T,INST_EDU_PUB,CUR_RET,Q,USD_PPP,NATURE,2015,0.0,A,6,0,2020,X8
OECD.EDU.IMEP:DSD_EAG_UOE_FIN@DF_UOE_FIN_NATURE_STAFF(3.1),BEL,EXP,ISCED11_1T8,_T,INST_EDU_PUB,CUR_LC,Q,USD_PPP,NATURE,2015,0.0,A,6,0,2020,X7
OECD.EDU.IMEP:DSD_EAG_UOE_FIN@DF_UOE_FIN_NATURE_STAFF(3.1),PRT,EXP,ISCED11_1T8,_T,INST_EDU_PUB,CUR_LC,Q,USD_PPP,NATURE,2022,0.0,A,6,0,2020,X7
OECD.EDU.IMEP:DSD_EAG_UOE_FIN@DF_UOE_FIN_NATURE_STAFF(3.1),PRT,EXP,ISCED11_1T8,_T,INST_EDU_PUB,CUR_RET,Q,USD_PPP,NATURE,2022,0.0,A,6,0,2020,X8
OECD.EDU.IMEP:DSD_EAG_UOE_FIN@DF_UOE_FIN_NATURE_STAFF(3.1),PRT,EXP,ISCED11_1T8,_T,INST_EDU_PUB,CUR_NLC,Q,USD_PPP,NATURE,2022,0.0,A,6,0,2020,X9
OECD.EDU.IMEP:DSD_EAG_UOE_FIN@DF_UOE_FIN_NATURE_STAFF(3.1),BEL,EXP,ISCED11_1T8,_T,INST_EDU_PUB,CUR_NLC,Q,USD_PPP,NATURE,2015,0.0,A,6,0,2020,X9
OECD.EDU.IMEP:DSD_EAG_UOE_FIN@DF_UOE_FIN_NATURE_STAFF(3.1),NOR,EXP,ISCED11_1T8,_T,INST_EDU_PUB,CUR_NLC,Q,USD_PPP,NATURE,2015,0.0,A,6,0,2020,X9
OECD.EDU.IMEP:DSD_EAG_UOE_FIN@DF_UOE_FIN_NATURE_STAFF(3.1),NOR,EXP,ISCED11_1T8,_T,INST_EDU_PUB,CUR_NLC,Q,USD_PPP,NATURE,2018,0.0,A,6,0,2020,X9
OECD.EDU.IMEP:DSD_EAG_UOE_FIN@DF_UOE_FIN_NATURE_STAFF(3.1),NOR,EXP,ISCED11_1T8,_T,INST_EDU_PUB,CUR_NLC,Q,USD_PPP,NATURE,2019,0.0,A,6,0,2020,X9
OECD.EDU.IMEP:DSD_EAG_UOE_FIN@DF_UOE_FIN_NATURE_STAFF(3.1),NOR,EXP,ISCED11_1T8,_T,INST_EDU_PUB,CUR_NLC,Q,USD_PPP,NATURE,2020,0.0,A,6,0,2020,X9
OECD.EDU.IMEP:DSD_EAG_UOE_FIN@DF_UOE_FIN_NATURE_STAFF(3.1),NOR,EXP,ISCED11_1T8,_T,INST_EDU_PUB,CUR_NLC,Q,USD_PPP,NATURE,2021,0.0,A,6,0,2020,X9
OECD.EDU.IMEP:DSD_EAG_UOE_FIN@DF_UOE_FIN_NATURE_STAFF(3.1),NOR,EXP,ISCED11_1T8,_T,INST_EDU_PUB,CUR_NLC,Q,USD_PPP,NATURE,2022,0.0,A,6,0,2020,X9
OECD.EDU.IMEP:DSD_EAG_UOE_FIN@DF_UOE_FIN_NATURE_STAFF(3.1),DNK,EXP,ISCED11_1T8,_T,INST_EDU_PUB,CUR_RET,Q,USD_PPP,NATURE,2016,0.0,A,6,0,2020,X8
OECD.EDU.IMEP:DSD_EAG_UOE_FIN@DF_UOE_FIN_NATURE_STAFF(3.1),DNK,EXP,ISCED11_1T8,_T,INST_EDU_PUB,CUR_RET,Q,USD_PPP,NATURE,2017,0.0,A,6,0,2020,X8
OECD.EDU.IMEP:DSD_EAG_UOE_FIN@DF_UOE_FIN_NATURE_STAFF(3.1),DNK,EXP,ISCED11_1T8,_T,INST_EDU_PUB,CUR_RET,Q,USD_PPP,NATURE,2018,0.0,A,6,0,2020,X8
OECD.EDU.IMEP:DSD_EAG_UOE_FIN@DF_UOE_FIN_NATURE_STAFF(3.1),DNK,EXP,ISCED11_1T8,_T,INST_EDU_PUB,CUR_RET,Q,USD_PPP,NATURE,2019,0.0,A,6,0,2020,X8
OECD.EDU.IMEP:DSD_EAG_UOE_FIN@DF_UOE_FIN_NATURE_STAFF(3.1),DNK,EXP,ISCED11_1T8,_T,INST_EDU_PUB,CUR_RET,Q,USD_PPP,NATURE,2020,0.0,A,6,0,2020,X8
OECD.EDU.IMEP:DSD_EAG_UOE_FIN@DF_UOE_FIN_NATURE_STAFF(3.1),DNK,EXP,ISCED11_1T8,_T,INST_EDU_PUB,CUR_RET,Q,USD_PPP,NATURE,2023,0.0,A,6,0,2020,X8
OECD.EDU.IMEP:DSD_EAG_UOE_FIN@DF_UOE_FIN_NATURE_STAFF(3.1),DNK,EXP,ISCED11_1T8,_T,INST_EDU_PUB,CUR_NLC,Q,USD_PPP,NATURE,2016,0.0,A,6,0,2020,X9
OECD.EDU.IMEP:DSD_EAG_UOE_FIN@DF_UOE_FIN_NATURE_STAFF(3.1),DNK,EXP,ISCED11_1T8,_T,INST_EDU_PUB,CUR_NLC,Q,USD_PPP,NATURE,2017,0.0,A,6,0,2020,X9
OECD.EDU.IMEP:DSD_EAG_UOE_FIN@DF_UOE_FIN_NATURE_STAFF(3.1),DNK,EXP,ISCED11_1T8,_T,INST_EDU_PUB,CUR_NLC,Q,USD_PPP,NATURE,2018,0.0,A,6,0,2020,X9
OECD.EDU.IMEP:DSD_EAG_UOE_FIN@DF_UOE_FIN_NATURE_STAFF(3.1),DNK,EXP,ISCED11_1T8,_T,INST_EDU_PUB,CUR_NLC,Q,USD_PPP,NATURE,2019,0.0,A,6,0,2020,X9
OECD.EDU.IMEP:DSD_EAG_UOE_FIN@DF_UOE_FIN_NATURE_STAFF(3.1),DNK,EXP,ISCED11_1T8,_T,INST_EDU_PUB,CUR_NLC,Q,USD_PPP,NATURE,2020,0.0,A,6,0,2020,X9
OECD.EDU.IMEP:DSD_EAG_UOE_FIN@DF_UOE_FIN_NATURE_STAFF(3.1),DNK,EXP,ISCED11_1T8,_T,INST_EDU_PUB,CUR_NLC,Q,USD_PPP,NATURE,2023,0.0,A,6,0,2020,X9
OECD.EDU.IMEP:DSD_EAG_UOE_FIN@DF_UOE_FIN_NATURE_STAFF(3.1),DNK,EXP,ISCED11_1T8,_T,INST_EDU_PUB,CUR_LC,Q,USD_PPP,NATURE,2016,0.0,A,6,0,2020,X7
OECD.EDU.IMEP:DSD_EAG_UOE_FIN@DF_UOE_FIN_NATURE_STAFF(3.1),DNK,EXP,ISCED11_1T8,_T,INST_EDU_PUB,CUR_LC,Q,USD_PPP,NATURE,2017,0.0,A,6,0,2020,X7
OECD.EDU.IMEP:DSD_EAG_UOE_FIN@DF_UOE_FIN_NATURE_STAFF(3.1),DNK,EXP,ISCED11_1T8,_T,INST_EDU_PUB,CUR_LC,Q,USD_PPP,NATURE,2018,0.0,A,6,0,2020,X7
OECD.EDU.IMEP:DSD_EAG_UOE_FIN@DF_UOE_FIN_NATURE_STAFF(3.1),DNK,EXP,ISCED11_1T8,_T,INST_EDU_PUB,CUR_LC,Q,USD_PPP,NATURE,2019,0.0,A,6,0,2020,X7
OECD.EDU.IMEP:DSD_EAG_UOE_FIN@DF_UOE_FIN_NATURE_STAFF(3.1),DNK,EXP,ISCED11_1T8,_T,INST_EDU_PUB,CUR_LC,Q,USD_PPP,NATURE,2020,0.0,A,6,0,2020,X7
OECD.EDU.IMEP:DSD_EAG_UOE_FIN@DF_UOE_FIN_NATURE_STAFF(3.1),DNK,EXP,ISCED11_1T8,_T,INST_EDU_PUB,CUR_LC,Q,USD_PPP,NATURE,2023,0.0,A,6,0,2020,X7
OECD.EDU.IMEP:DSD_EAG_UOE_FIN@DF_UOE_FIN_NATURE_STAFF(3.1),DNK,EXP,ISCED11_1T8,_T,INST_EDU_PRIV_GOV,CUR_NLC,Q,USD_PPP,NATURE,2016,0.0,A,6,0,2020,Y9
OECD.EDU.IMEP:DSD_EAG_UOE_FIN@DF_UOE_FIN_NATURE_STAFF(3.1),DNK,EXP,ISCED11_1T8,_T,INST_EDU_PRIV_GOV,CUR_NLC,Q,USD_PPP,NATURE,2017,0.0,A,6,0,2020,Y9
OECD.EDU.IMEP:DSD_EAG_UOE_FIN@DF_UOE_FIN_NATURE_STAFF(3.1),DNK,EXP,ISCED11_1T8,_T,INST_EDU_PRIV_GOV,CUR_NLC,Q,USD_PPP,NATURE,2018,0.0,A,6,0,2020,Y9
OECD.EDU.IMEP:DSD_EAG_UOE_FIN@DF_UOE_FIN_NATURE_STAFF(3.1),DNK,EXP,ISCED11_1T8,_T,INST_EDU_PRIV_GOV,CUR_NLC,Q,USD_PPP,NATURE,2019,0.0,A,6,0,2020,Y9
OECD.EDU.IMEP:DSD_EAG_UOE_FIN@DF_UOE_FIN_NATURE_STAFF(3.1),DNK,EXP,ISCED11_1T8,_T,INST_EDU_PRIV_GOV,CUR_NLC,Q,USD_PPP,NATURE,2020,0.0,A,6,0,2020,Y9
OECD.EDU.IMEP:DSD_EAG_UOE_FIN@DF_UOE_FIN_NATURE_STAFF(3.1),DNK,EXP,ISCED11_1T8,_T,INST_EDU_PRIV_GOV,CUR_NLC,Q,USD_PPP,NATURE,2023,0.0,A,6,0,2020,Y9
OECD.EDU.IMEP:DSD_EAG_UOE_FIN@DF_UOE_FIN_NATURE_STAFF(3.1),DNK,EXP,ISCED11_1T8,_T,INST_EDU_PRIV_GOV,CUR_LC,Q,USD_PPP,NATURE,2016,0.0,A,6,0,2020,Y7
OECD.EDU.IMEP:DSD_EAG_UOE_FIN@DF_UOE_FIN_NATURE_STAFF(3.1),DNK,EXP,ISCED11_1T8,_T,INST_EDU_PRIV_GOV,CUR_LC,Q,USD_PPP,NATURE,2017,0.0,A,6,0,2020,Y7
OECD.EDU.IMEP:DSD_EAG_UOE_FIN@DF_UOE_FIN_NATURE_STAFF(3.1),DNK,EXP,ISCED11_1T8,_T,INST_EDU_PRIV_GOV,CUR_LC,Q,USD_PPP,NATURE,2018,0.0,A,6,0,2020,Y7
OECD.EDU.IMEP:DSD_EAG_UOE_FIN@DF_UOE_FIN_NATURE_STAFF(3.1),DNK,EXP,ISCED11_1T8,_T,INST_EDU_PRIV_GOV,CUR_LC,Q,USD_PPP,NATURE,2019,0.0,A,6,0,2020,Y7
OECD.EDU.IMEP:DSD_EAG_UOE_FIN@DF_UOE_FIN_NATURE_STAFF(3.1),DNK,EXP,ISCED11_1T8,_T,INST_EDU_PRIV_GOV,CUR_LC,Q,USD_PPP,NATURE,2020,0.0,A,6,0,2020,Y7
OECD.EDU.IMEP:DSD_EAG_UOE_FIN@DF_UOE_FIN_NATURE_STAFF(3.1),DNK,EXP,ISCED11_1T8,_T,INST_EDU_PRIV_GOV,CUR_LC,Q,USD_PPP,NATURE,2023,0.0,A,6,0,2020,Y7
OECD.EDU.IMEP:DSD_EAG_UOE_FIN@DF_UOE_FIN_NATURE_STAFF(3.1),DNK,EXP,ISCED11_1T8,_T,INST_EDU_PRIV_GOV,CUR_RET,Q,USD_PPP,NATURE,2016,0.0,A,6,0,2020,Y8
OECD.EDU.IMEP:DSD_EAG_UOE_FIN@DF_UOE_FIN_NATURE_STAFF(3.1),DNK,EXP,ISCED11_1T8,_T,INST_EDU_PRIV_GOV,CUR_RET,Q,USD_PPP,NATURE,2017,0.0,A,6,0,2020,Y8
OECD.EDU.IMEP:DSD_EAG_UOE_FIN@DF_UOE_FIN_NATURE_STAFF(3.1),DNK,EXP,ISCED11_1T8,_T,INST_EDU_PRIV_GOV,CUR_RET,Q,USD_PPP,NATURE,2018,0.0,A,6,0,2020,Y8
OECD.EDU.IMEP:DSD_EAG_UOE_FIN@DF_UOE_FIN_NATURE_STAFF(3.1),DNK,EXP,ISCED11_1T8,_T,INST_EDU_PRIV_GOV,CUR_RET,Q,USD_PPP,NATURE,2019,0.0,A,6,0,2020,Y8
OECD.EDU.IMEP:DSD_EAG_UOE_FIN@DF_UOE_FIN_NATURE_STAFF(3.1),DNK,EXP,ISCED11_1T8,_T,INST_EDU_PRIV_GOV,CUR_RET,Q,USD_PPP,NATURE,2020,0.0,A,6,0,2020,Y8
OECD.EDU.IMEP:DSD_EAG_UOE_FIN@DF_UOE_FIN_NATURE_STAFF(3.1),DNK,EXP,ISCED11_1T8,_T,INST_EDU_PRIV_GOV,CUR_RET,Q,USD_PPP,NATURE,2023,0.0,A,6,0,2020,Y8
